"Time (s)","Linear Acceleration x (m/s^2)","Linear Acceleration y (m/s^2)","Linear Acceleration z (m/s^2)","Absolute acceleration (m/s^2)"
1.052545430E-1,0.000000000E0,0.000000000E0,0.000000000E0,0.000000000E0
1.152449070E-1,1.999999955E-2,-4.184770584E-2,3.237800598E-1,3.270852452E-1
1.252475120E-1,-9.333332628E-2,-8.326196671E-2,2.316212654E-1,2.632338798E-1
1.352462090E-1,-3.999999911E-2,-1.243038177E-1,1.892375946E-1,2.299180425E-1
1.452454280E-1,-8.735485673E-1,-2.122588158E-1,1.144480705E-1,9.062225252E-1
1.552535010E-1,-8.299608231E-1,-2.172057629E-1,2.666902542E-2,8.583265976E-1
1.652540220E-1,-8.245065212E-1,-2.258515358E-1,-6.193113327E-2,8.571204029E-1
1.752396990E-1,-1.330195546E0,-2.282154560E-1,-1.308422089E-1,1.355958026E0
1.852541780E-1,-1.210041761E0,-2.517971992E-1,-1.716594696E-1,1.247826057E0
1.952598030E-1,-1.098029375E0,-3.189787865E-1,-1.769342422E-1,1.157031417E0
2.052433970E-1,-9.597837329E-1,-9.887299538E-1,-1.221494675E-1,1.383362652E0
2.152607930E-1,-7.949536443E-1,-1.009206295E0,-2.765893936E-2,1.284995587E0
2.252402200E-1,-4.622465372E-2,-1.641319990E0,6.008110046E-1,1.748439845E0
2.352516780E-1,9.318443537E-1,-1.652456284E0,6.855368614E-1,2.017153057E0
2.452532410E-1,9.111040831E-1,-2.338629723E0,1.434949398E0,2.891086198E0
2.552511570E-1,8.951567411E-1,-2.291481495E0,1.453566551E0,2.857454943E0
2.652524590E-1,6.943147182E-1,-3.254425526E0,3.087234974E0,4.539204579E0
2.752514180E-1,-2.368262410E-1,-3.045245171E0,2.943696022E0,4.242045625E0
2.852389180E-1,-8.428569436E-1,-2.854982853E0,2.815511703E0,4.097370019E0
2.952376160E-1,-8.978028893E-1,-2.680936098E0,2.700486660E0,3.909743801E0
3.052394390E-1,-1.502070308E0,-2.520893574E0,2.596828461E0,3.918499416E0
3.152347510E-1,-1.509909391E0,-2.564332724E0,2.407401085E0,3.827689730E0
3.252254280E-1,-1.478210211E0,-2.419152260E0,2.326258659E0,3.667271797E0
3.352373550E-1,-1.446441412E0,-2.283986092E0,3.840835094E0,4.696892531E0
3.452357930E-1,-1.391200781E0,-2.157679081E0,3.712424278E0,4.513658455E0
3.552559490E-1,-1.306948423E0,-2.039246559E0,3.568230629E0,4.312645422E0
3.652541780E-1,-1.179558754E0,-2.120701790E0,3.416004181E0,4.190205186E0
3.752261050E-1,-5.324398279E-1,-2.008953571E0,3.281229019E0,3.884050785E0
3.852363660E-1,-4.249411821E-1,-1.903321743E0,3.133265495E0,3.690604467E0
3.952404800E-1,1.899445057E-1,-1.803214669E0,2.950912476E0,3.463458748E0
4.052399590E-1,2.635263205E-1,-1.708114147E0,1.443800926E0,2.252034897E0
4.152383970E-1,1.192591310E0,-1.811504722E0,1.322473526E0,2.540228260E0
4.252391780E-1,1.196338654E0,-1.719401598E0,1.302989006E0,2.466849890E0
4.352404800E-1,1.240884781E0,-1.593862772E0,1.305684090E0,2.405203633E0
4.452399590E-1,1.246266365E0,-1.511866450E0,1.289855003E0,2.345771930E0
4.552383970E-1,1.057680368E0,-1.627870083E0,1.178016663E0,2.270764635E0
4.652383970E-1,1.069534779E0,-1.547155380E0,1.167297363E0,2.213634466E0
4.752410010E-1,1.081796408E0,-2.717451572E0,-1.504764557E-1,2.928731753E0
4.852420430E-1,1.094435453E0,-2.761960983E0,-3.026638031E-1,2.986272394E0
4.952407410E-1,1.107425213E0,-3.480351448E0,-1.420028210E0,3.918637125E0
5.052376160E-1,9.253920913E-1,-3.427142620E0,-2.098897934E0,4.123958002E0
5.152404800E-1,9.434513450E-1,-3.344762802E0,-2.149819851E0,4.086473300E0
5.252386570E-1,9.615969062E-1,-3.199346542E0,-2.164402008E0,3.980593293E0
5.353113660E-1,9.798230529E-1,-2.435675144E0,-2.109547138E0,3.367900793E0
5.452342820E-1,9.981246591E-1,-2.230738640E0,-1.976206303E0,3.142902968E0
5.552640740E-1,8.206637502E-1,-1.007391095E0,-1.278843403E0,1.823119924E0
5.652376680E-1,8.430991173E-1,-9.476484060E-1,-1.132384777E0,1.700337880E0
5.752389180E-1,8.654371500E-1,4.565783739E-1,-3.730673790E-1,1.047198425E0
5.852364180E-1,8.876835108E-1,6.027066112E-1,-3.188033104E-1,1.119318018E0
5.952391780E-1,9.098433852E-1,1.482295990E0,-2.811994553E-1,1.761842649E0
6.052386570E-1,7.356954217E-1,1.531634450E0,-2.627849579E-1,1.719362607E0
6.152378760E-1,7.613306642E-1,1.595013499E0,-2.897801399E-1,1.790995526E0
6.252368340E-1,-9.231501818E-1,2.299250126E0,-1.048500538E0,2.690373724E0
6.352368340E-1,-1.011322737E0,2.358505249E0,-1.121550560E0,2.800570718E0
6.452404800E-1,-1.747313261E0,2.934408903E0,-1.216001511E0,3.625261220E0
6.552386570E-1,-1.811324596E0,2.904420853E0,-1.852418423E0,3.892044616E0
6.652378760E-1,-1.858258843E0,2.868474007E0,-1.660521030E0,3.799815673E0
6.752404800E-1,-1.851867318E0,2.808228254E0,-4.998240471E-1,3.400791462E0
6.852402200E-1,-1.799625635E0,2.732054710E0,-3.380546570E-1,3.288929357E0
6.952394390E-1,-1.708026171E0,2.632693768E0,5.712375641E-1,3.189787176E0
7.052386570E-1,-1.577876806E0,2.503915548E0,5.983438492E-1,3.019487316E0
7.153523550E-1,-7.454417944E-1,1.837831974E0,5.820302963E-1,2.066898425E0
7.252385010E-1,-6.189968586E-1,1.729588628E0,5.669898987E-1,1.922527367E0
7.352670950E-1,1.126616478E0,1.609246492E0,5.434169769E-1,2.038195519E0
7.452228760E-1,9.524014592E-1,9.751724005E-1,-4.107966423E-1,1.423651513E0
7.552380320E-1,9.780188203E-1,9.497743845E-1,-1.164237976E0,1.792775016E0
7.652363140E-1,1.003475666E0,9.408547878E-1,-1.271565437E0,1.873245794E0
7.752425640E-1,1.028778791E0,9.413452148E-1,-1.333121300E0,1.929178326E0
7.852417820E-1,1.053934693E0,9.693244696E-1,-1.292233467E0,1.928791227E0
7.952410010E-1,8.816890121E-1,1.016168475E0,-1.143661499E0,1.765767682E0
8.052407410E-1,9.488664865E-1,1.865429759E0,8.781433105E-3,2.092905375E0
8.152360530E-1,9.758551121E-1,1.838905454E0,1.734368324E0,2.709594057E0
8.252381370E-1,1.002662182E0,1.735815763E0,1.731584549E0,2.648919188E0
8.352378760E-1,8.318588138E-1,1.044760585E0,1.630410194E0,2.107546243E0
8.452376160E-1,1.892810583E0,9.150359631E-1,1.629518509E0,2.659953625E0
8.552363140E-1,1.962979555E0,4.970777035E-2,1.628899574E0,2.551288580E0
8.652355320E-1,2.588761330E0,-7.694745064E-2,2.306280136E-1,2.600152959E0
8.752342300E-1,2.611359835E0,-1.586555004E0,-6.288557053E-1,3.119585945E0
8.852386570E-1,2.617608547E0,-1.725512266E0,-1.650686264E0,3.543166977E0
8.953696990E-1,2.595210791E0,-1.665446520E0,-2.553006172E0,4.003332571E0
9.052475640E-1,2.514170170E0,-1.606323600E0,-3.468843937E0,4.575391285E0
9.152556890E-1,2.421338558E0,-1.548110604E0,-4.289422512E0,5.163203690E0
9.252394910E-1,2.318454027E0,-1.490775943E0,-5.116792679E0,5.811988412E0
9.352394910E-1,2.211877108E0,-2.623991966E0,-5.923858643E0,6.846154789E0
9.452391780E-1,2.097410440E0,-2.697134256E0,-6.619815350E0,7.449538175E0
9.552363140E-1,5.936519504E-1,-3.335603237E0,-6.665845394E0,7.477443842E0
9.652402200E-1,6.266887784E-1,-3.368279457E0,-7.621181011E0,8.355862932E0
9.752386570E-1,6.594421268E-1,-3.436013222E0,-7.498776913E0,8.274823621E0
9.852436050E-1,1.621892929E0,-4.245311260E0,-7.537725925E0,8.801733721E0
9.952438660E-1,1.696929336E0,-4.288154602E0,-7.418802738E0,8.735357642E0
1.005237876E0,2.332256556E0,-4.334649086E0,-7.301940441E0,8.806073901E0
1.015241782E0,2.394587994E0,-4.879527092E0,-7.187075138E0,9.010986924E0
1.025238918E0,3.209969282E0,-4.874664307E0,-7.272104740E0,9.324685638E0
1.035241001E0,4.128375530E0,-4.884166718E0,-7.159053326E0,9.599511111E0
1.045237876E0,5.300800800E0,-4.901299477E0,-7.047863007E0,1.008928137E1
1.055237355E0,6.593552589E0,-4.915362835E0,-6.938478470E0,1.076002839E1
1.065238657E0,7.881691456E0,-4.902514458E0,-6.830846310E0,1.152458978E1
1.075234907E0,9.884812355E0,-4.842118740E0,-6.922973633E0,1.300319934E1
1.085258397E0,9.809573174E0,-4.740631104E0,-4.996733665E0,1.198618607E1
1.095238189E0,1.140972710E1,-4.608541489E0,-4.091102600E0,1.296756136E1
1.105247564E0,1.280325890E1,-3.946307182E0,-3.254113197E0,1.378716909E1
1.115237147E0,1.405634499E1,-3.842649221E0,-3.065571547E0,1.489108849E1
1.125239959E0,1.509867764E1,-3.690308571E0,-2.013166428E0,1.567294748E1
1.135240480E0,1.589643669E1,-2.886402607E0,-1.906548500E0,1.626846479E1
1.145238657E0,1.645344543E1,-2.805630684E0,-1.821802616E0,1.679006834E1
1.155240220E0,1.643667030E1,-2.747220516E0,-1.770706654E0,1.675848302E1
1.165240480E0,1.713948441E1,-2.677048683E0,-1.867705822E0,1.744754540E1
1.175242043E0,1.700300789E1,-2.615710735E0,-2.712827682E0,1.741561523E1
1.185238657E0,1.682352448E1,-2.559839725E0,-3.403491497E0,1.735417845E1
1.195242824E0,1.658272171E1,-2.533102989E0,-4.120396614E0,1.727370656E1
1.205239439E0,1.566199589E1,-2.512230873E0,-4.769626617E0,1.656377847E1
1.215233762E0,1.541636181E1,-2.496486187E0,-4.873140335E0,1.635983348E1
1.225237095E0,1.454711914E1,-2.480360031E0,-6.422369480E0,1.609402656E1
1.235237876E0,1.430766010E1,-2.468801975E0,-6.329183102E0,1.583864513E1
1.245237095E0,1.326735783E1,-2.475833178E0,-6.237206459E0,1.486792783E1
1.255237199E0,1.300010490E1,-2.513606548E0,-6.146409512E0,1.459792092E1
1.265256834E0,1.169309044E1,-2.578045130E0,-7.793514252E0,1.428683118E1
1.275240793E0,1.143506718E1,-3.232162714E0,-7.864457130E0,1.424981835E1
1.285227772E0,1.025237846E1,-3.283811808E0,-8.743090630E0,1.386853698E1
1.295245168E0,1.002786827E1,-3.359641075E0,-8.799627304E0,1.375786215E1
1.305249074E0,9.038454056E0,-4.017629147E0,-9.535230637E0,1.373883616E1
1.315243866E0,8.878506660E0,-4.043390274E0,-9.533597946E0,1.364061491E1
1.325227459E0,8.692565918E0,-4.096130371E0,-9.518582344E0,1.352561999E1
1.335246730E0,6.938030243E0,-4.167408943E0,-9.457946777E0,1.244814517E1
1.345250897E0,6.925166130E0,-4.910149574E0,-9.205500603E0,1.252232950E1
1.355248553E0,6.793698788E0,-4.988117695E0,-7.951200485E0,1.158694310E1
1.365249074E0,5.677760124E0,-6.075988293E0,-5.527193069E0,9.985211915E0
1.375249595E0,4.443276405E0,-6.122352123E0,-5.446547031E0,9.321522156E0
1.385245168E0,3.558504105E0,-6.162158966E0,-3.507603168E0,7.933374728E0
1.395249074E0,3.377309799E0,-6.960507870E0,-2.406498909E0,8.102229834E0
1.405247251E0,3.494624376E0,-8.032118797E0,-3.604621887E0,9.472097490E0
1.415246730E0,4.665992737E0,-8.109726906E0,-5.377590656E0,1.079155410E1
1.425249855E0,4.777651310E0,-8.038761139E0,-6.439277172E0,1.135393866E1
1.435285532E0,6.585923195E0,-7.975210667E0,-7.402898788E0,1.271932703E1
1.445246053E0,6.559403419E0,-7.913325310E0,-8.849200249E0,1.356299509E1
1.455242095E0,6.434092522E0,-7.901696682E0,-1.023808670E1,1.444481832E1
1.465241157E0,7.809432030E0,-7.924046516E0,-1.134062195E1,1.588670664E1
1.475236626E0,8.435089111E0,-7.873632908E0,-1.229748917E1,1.686336453E1
1.485236887E0,7.586708069E0,-7.058544636E0,-1.113269615E1,1.520914578E1
1.495248032E0,6.305394173E0,-6.894990444E0,-9.600614548E0,1.339666707E1
1.505240220E0,6.183331013E0,-6.883741379E0,-8.593133926E0,1.262780379E1
1.515242043E0,6.161697388E0,-6.800242424E0,-8.398138046E0,1.243939445E1
1.525238657E0,4.453728676E0,-5.989071369E0,-7.638563633E0,1.067952852E1
1.535237095E0,4.368642330E0,-5.861715794E0,-7.522018433E0,1.048930451E1
1.545246209E0,4.223040581E0,-5.751315117E0,-7.419721603E0,1.029388003E1
1.555242824E0,3.412534952E0,-5.685006618E0,-7.290928841E0,9.855066637E0
1.565238137E0,3.346987486E0,-5.666854858E0,-6.476741791E0,9.233837417E0
1.575234751E0,3.258193970E0,-5.636991024E0,-6.367964745E0,9.107275703E0
1.585236834E0,3.144394875E0,-5.621364594E0,-6.244176388E0,8.970880547E0
1.595235012E0,2.514410734E0,-5.627905369E0,-6.102579117E0,8.673929447E0
1.605243866E0,2.454437494E0,-5.624489784E0,-5.994378090E0,8.578561501E0
1.615265220E0,2.385830641E0,-5.588068962E0,-5.954321384E0,8.507211395E0
1.625234126E0,2.324401379E0,-5.513247490E0,-5.939446926E0,8.430644664E0
1.635239751E0,2.240013599E0,-5.385606766E0,-5.975762367E0,8.350578245E0
1.645222251E0,2.155232668E0,-4.669597626E0,-6.662038803E0,8.416230204E0
1.655241053E0,2.070177794E0,-4.644585609E0,-6.755815983E0,8.455699922E0
1.665239959E0,1.329627991E0,-4.677979469E0,-7.620951176E0,9.040481145E0
1.675236574E0,1.179019690E0,-4.757291317E0,-7.642778873E0,9.079315889E0
1.685236834E0,2.980422974E-2,-5.547818184E0,-7.622149944E0,9.427425135E0
1.695236314E0,-6.396696568E-1,-5.628396034E0,-7.506116867E0,9.403712544E0
1.705242043E0,-7.879071236E-1,-6.384234428E0,-6.407874107E0,9.079652937E0
1.715236314E0,-6.626341343E-1,-6.372075081E0,-6.342784882E0,9.015173037E0
1.725236053E0,4.228384495E-1,-6.293651104E0,-6.452452660E0,9.023468396E0
1.735237876E0,1.316460609E0,-6.162534714E0,-7.457481384E0,9.763397525E0
1.745236053E0,2.264228106E0,-5.456223488E0,-7.573528290E0,9.604969257E0
1.755241001E0,3.353343964E0,-5.386985779E0,-8.558944702E0,1.065457958E1
1.765237095E0,4.256069183E0,-5.313318253E0,-8.671995163E0,1.102492521E1
1.775238657E0,5.846012115E0,-5.299282074E0,-9.977791786E0,1.272063588E1
1.785237095E0,5.733618736E0,-5.312766552E0,-1.062980652E1,1.319441772E1
1.795254803E0,5.721475124E0,-5.316057205E0,-1.055648422E1,1.313145464E1
1.805238814E0,4.678599834E0,-5.310495853E0,-1.034903717E1,1.253767255E1
1.815238970E0,3.730307579E0,-5.316768646E0,-9.361750603E0,1.139410364E1
1.825223814E0,3.618730068E0,-5.284564972E0,-9.286614418E0,1.128109222E1
1.835235584E0,2.948369026E0,-5.189641476E0,-9.254164696E0,1.101203082E1
1.845238137E0,2.855901718E0,-5.064610481E0,-9.254035950E0,1.092902719E1
1.855243084E0,2.739418030E0,-4.396634102E0,-9.286944389E0,1.063400859E1
1.865237095E0,1.986443996E0,-4.343947887E0,-9.309581757E0,1.046346766E1
1.875242824E0,1.833293438E0,-4.314818859E0,-9.274498940E0,1.039206222E1
1.885241522E0,8.947176933E-1,-4.390890121E0,-8.483013153E0,9.593849486E0
1.895238397E0,8.325972557E-1,-5.025422096E0,-8.290267944E0,9.730191572E0
1.905246470E0,8.072829247E-1,-5.109229088E0,-7.057372570E0,8.749996296E0
1.915237876E0,8.091444969E-1,-5.984611034E0,-6.257580757E0,8.696413110E0
1.925235272E0,8.102598190E-1,-6.766521454E0,-5.433666229E0,8.715908573E0
1.935236834E0,7.960858345E-1,-7.757257462E0,-4.736585140E0,9.123816897E0
1.945236314E0,7.344479561E-1,-8.726743698E0,-4.584731579E0,9.885101569E0
1.955241522E0,6.022434235E-1,-9.476932526E0,-3.923506498E0,1.027467033E1
1.965237876E0,-3.293037415E-2,-9.533048630E0,-3.754552841E0,1.024581708E1
1.975246470E0,-7.579326630E-3,-1.018175030E1,-2.808994532E0,1.056212795E1
1.985234803E0,-9.910583496E-3,-1.020301533E1,-2.755079985E0,1.056844765E1
1.995226991E0,-8.027410507E-2,-1.017144394E1,-2.701504707E0,1.052439278E1
2.005223970E0,-1.951842308E-1,-1.000605202E1,-2.648263454E0,1.035241388E1
2.015233501E0,-1.034551382E0,-8.682305336E0,-2.595351219E0,9.120776856E0
2.025237876E0,-1.108302116E0,-7.351092815E0,-2.741777897E0,7.923651002E0
2.035236834E0,-1.196271420E0,-7.295155525E0,-1.648161173E0,7.574087054E0
2.045239959E0,-2.087628365E0,-7.239667416E0,-1.638507366E0,7.710751122E0
2.055243866E0,-2.242358446E0,-7.184619904E0,-1.604730487E0,7.695589288E0
2.065234751E0,-4.245690823E0,-5.834000587E0,-1.593096137E0,7.389141271E0
2.075236574E0,-4.185567856E0,-5.124412060E0,-2.657327175E0,7.130214930E0
2.085241782E0,-3.009289265E0,-5.024436951E0,-2.665925741E0,6.434900823E0
2.095236314E0,-2.039131880E0,-4.876644611E0,-2.674697399E0,5.923995920E0
2.105244907E0,-1.773262501E0,-4.719013691E0,-2.679317713E0,5.708966064E0
2.115236834E0,-6.549367905E-1,-4.631986141E0,-2.876954317E0,5.491912595E0
2.125236314E0,-4.653191566E-1,-4.617124557E0,-2.873778343E0,5.458293054E0
2.135237355E0,-3.074545860E-1,-4.682209015E0,-2.865952969E0,5.498299373E0
2.145237355E0,-1.950037479E-1,-6.550021172E0,-2.856887341E0,7.148608892E0
2.155259491E0,-1.262099743E-1,-6.456310272E0,-2.846293688E0,7.057000712E0
2.165235324E0,-9.481954575E-2,-6.464193821E0,-3.034139395E0,7.141484045E0
2.175231262E0,-7.330107689E-2,-6.386991501E0,-3.023342848E0,7.066798105E0
2.185233605E0,-4.764556885E-2,-6.311961174E0,-3.010620117E0,6.993350946E0
2.195234022E0,-1.720595360E-2,-6.238248825E0,-2.996681213E0,6.920703920E0
2.205245168E0,1.076340675E-2,-6.167515278E0,-2.981808424E0,6.850513998E0
2.215238137E0,6.235027313E-2,-6.189326763E0,-3.169607878E0,6.953996508E0
2.225234491E0,1.148517132E-1,-6.113345146E0,-3.154710531E0,6.880289117E0
2.235233709E0,1.673946381E-1,-6.040293694E0,-3.137893200E0,6.808784224E0
2.245238918E0,2.262976170E-1,-5.950516701E0,-3.079361439E0,6.703903824E0
2.255243345E0,2.788062096E-1,-5.981907845E0,-3.259325027E0,6.817928864E0
2.265239439E0,3.158619404E-1,-5.915583611E0,-3.237498760E0,6.750947818E0
2.275236314E0,3.638563156E-1,-4.055399895E0,-3.213370800E0,5.186946271E0
2.285236834E0,4.085288048E-1,-3.857788801E0,-3.188128471E0,5.021313909E0
2.295236834E0,4.328510761E-1,-2.666465282E0,-3.161403418E0,4.158349279E0
2.305244126E0,4.537804127E-1,-2.487529278E0,-3.333264112E0,4.183822202E0
2.315235793E0,4.562942982E-1,-1.443518162E0,-3.303646803E0,3.634010370E0
2.325225168E0,4.335803986E-1,-1.304028511E0,-3.272799253E0,3.549605228E0
2.335258449E0,3.753232956E-1,-5.596809387E-1,-3.237850189E0,3.307232102E0
2.345236678E0,-2.862066031E-1,-5.037145615E-1,-3.201943398E0,3.253933635E0
2.355228553E0,-3.010735512E-1,-5.006074905E-1,-3.363822222E0,3.414169457E0
2.365225428E0,-3.292644024E-1,-5.179023743E-1,-3.324062347E0,3.380240880E0
2.375234282E0,-3.481183052E-1,-6.325788498E-1,-1.552956104E0,1.712604746E0
2.385233762E0,-3.619912863E-1,-1.615566254E0,-1.501865983E0,2.235328486E0
2.395236574E0,-3.447359800E-1,-2.423824787E0,-1.506694078E0,2.874699383E0
2.405242043E0,-2.887737751E-1,-3.271086216E0,-1.575487018E0,3.642190916E0
2.415236834E0,-1.723046303E-1,-4.090452194E0,-1.664770126E0,4.419609441E0
2.425242564E0,5.988798141E-1,-5.609892845E0,-1.864347458E0,5.941830207E0
2.435237095E0,6.700880527E-1,-5.583534241E0,-3.298463345E0,6.519565404E0
2.445237616E0,7.519547939E-1,-7.154919147E0,-3.486623764E0,7.994676309E0
2.455242824E0,8.387696743E-1,-8.912906647E0,-3.474669695E0,9.602956261E0
2.465236834E0,9.596927166E-1,-1.048079681E1,-3.462190390E0,1.107947987E1
2.475236314E0,1.079652429E0,-1.178167725E1,-3.448930502E0,1.232350152E1
2.485236834E0,1.176236510E0,-1.286539555E1,-3.434236050E0,1.336771903E1
2.495236314E0,1.230796456E0,-1.377510643E1,-3.615306616E0,1.429471437E1
2.505246991E0,1.235891342E0,-1.444064808E1,-5.232037067E0,1.540889212E1
2.515282147E0,1.285307646E0,-1.447892570E1,-5.318350792E0,1.547824798E1
2.525234803E0,1.345233440E0,-1.433917427E1,-5.918645859E0,1.557086833E1
2.535243918E0,1.428937316E0,-1.314268017E1,-5.915068626E0,1.448309155E1
2.545251626E0,1.507184267E0,-1.191031075E1,-5.874161720E0,1.336536129E1
2.555236157E0,1.577373266E0,-1.085562611E1,-5.805593491E0,1.241119013E1
2.565249334E0,1.645003915E0,-1.004903412E1,-5.689313889E0,1.166436527E1
2.575245949E0,1.669058561E0,-9.848901749E0,-5.533078671E0,1.141935119E1
2.585249334E0,1.669820189E0,-9.100920677E0,-4.770676136E0,1.041030295E1
2.595245168E0,1.614184380E0,-8.981339455E0,-4.680273533E0,1.025548682E1
2.605245428E0,1.219248772E-2,-8.900028229E0,-4.560007095E0,1.000021579E1
2.615246991E0,-1.367168188E0,-8.894292831E0,-4.444661140E0,1.003656348E1
2.625244647E0,-1.294043422E0,-8.941773415E0,-3.031711102E0,9.530012192E0
2.635248032E0,-3.347588301E0,-9.671835899E0,-3.160660982E0,1.071170084E1
2.645248032E0,-4.086379051E0,-9.733986855E0,-3.091650248E0,1.100033159E1
2.655250116E0,-4.143743038E0,-1.058833504E1,-3.024247408E0,1.176560741E1
2.665248814E0,-4.148194790E0,-1.064456367E1,-2.958054304E0,1.180103136E1
2.675247251E0,-4.085468292E0,-1.064580345E1,-2.893689156E0,1.176425175E1
2.685243866E0,-3.901230335E0,-1.057456970E1,-3.051638842E0,1.167705537E1
2.695265480E0,-3.016063452E0,-1.040530586E1,-3.008995056E0,1.124371291E1
2.705244543E0,-2.149790764E0,-9.253908157E0,-2.967134476E0,9.952904275E0
2.715243241E0,-6.281085610E-1,-8.263936043E0,-2.925149918E0,8.788837314E0
2.725228553E0,-4.826298952E-1,-7.304998398E0,-2.884308815E0,7.868619355E0
2.735236626E0,-5.476896167E-1,-6.286114216E0,-3.043273687E0,7.005477185E0
2.745237616E0,6.592135429E-1,-5.201991081E0,-1.920228839E0,5.584133997E0
2.755238657E0,1.555473089E0,-4.081721783E0,-1.219484329E0,4.535095509E0
2.765238137E0,1.650848389E0,-4.051037312E0,-1.128397822E0,4.517685840E0
2.775239699E0,1.687051415E0,-2.144517422E0,-1.025742769E0,2.915003547E0
2.785240480E0,1.696151853E0,-5.925354958E-1,-9.847345352E-1,2.048836627E0
2.795237095E0,1.576509237E0,1.787080765E-1,-1.091260195E0,1.925660085E0
2.805242303E0,7.502915859E-1,8.975095749E-1,-1.836627245E0,2.177535427E0
2.815235532E0,-3.778280616E-1,1.533192635E0,-1.994730830E0,2.544088203E0
2.825237616E0,-6.192364693E-1,1.625804663E0,-3.204917192E0,3.646668180E0
2.835236834E0,-1.760098577E0,2.401381969E0,-3.191801071E0,4.364879888E0
2.845238137E0,-2.618305206E0,2.443861723E0,-3.176625729E0,4.787372274E0
2.855238657E0,-3.460787773E0,2.506693125E0,-3.159222364E0,5.314249559E0
2.865237355E0,-3.736601591E0,3.174963713E0,-3.139069796E0,5.822056785E0
2.875232772E0,-4.801594257E0,3.176729202E0,-3.304304361E0,6.638173179E0
2.885253449E0,-4.933194160E0,3.197543859E0,-3.263150692E0,6.723752211E0
2.895239751E0,-5.026931286E0,3.208464622E0,-3.196517229E0,6.766240151E0
2.905223605E0,-5.029921055E0,3.197108984E0,-4.857104301E0,7.688502707E0
2.915234022E0,-4.441940308E0,3.142410994E0,-5.553012848E0,7.774415234E0
2.925240220E0,-4.330627441E0,3.021355629E0,-6.615120888E0,8.464203934E0
2.935237095E0,-3.311228752E0,2.013562202E0,-8.051357269E0,8.935492290E0
2.945236314E0,-3.222178936E0,1.176777840E0,-9.670295715E0,1.026069503E1
2.955237616E0,-2.622083664E0,2.188305855E-1,-1.122168064E1,1.152602820E1
2.965236053E0,-1.548337936E0,-2.415328026E0,-1.382728577E1,1.412179137E1
2.975237355E0,-4.182269573E-1,-4.387107372E0,-1.444007206E1,1.509759272E1
2.985237876E0,7.940092087E-1,-5.417059898E0,-1.432207012E1,1.533286278E1
2.995237355E0,2.030615330E0,-6.760987282E0,-1.406190681E1,1.573440723E1
3.005239959E0,3.109710217E0,-7.767376423E0,-1.303582191E1,1.548983819E1
3.015238137E0,4.155629158E0,-7.802589417E0,-1.143438148E1,1.445319118E1
3.025236574E0,5.118314743E0,-7.756175518E0,-1.108002090E1,1.446106039E1
3.035234491E0,5.210328579E0,-7.566960335E0,-1.074633694E1,1.413825202E1
3.045242824E0,5.729222298E0,-6.174690723E0,-1.044708157E1,1.341984750E1
3.055233241E0,5.516469002E0,-4.823876381E0,-8.722915649E0,1.139256209E1
3.065257199E0,4.181189060E0,-3.846185207E0,-7.598228931E0,9.487284411E0
3.075243918E0,2.516231060E0,-2.340911865E0,-6.031465530E0,6.941891929E0
3.085234282E0,6.428518295E-1,-2.235692501E0,-4.742405415E0,5.282233292E0
3.095236105E0,-1.286487699E0,-2.298453808E0,-3.483936787E0,4.367580112E0
3.105241001E0,-2.413789272E0,-3.940221310E0,-2.659770489E0,5.331613421E0
3.115237095E0,-4.816058159E0,-6.588249207E0,-1.596492767E0,8.315541651E0
3.125240741E0,-6.185640335E0,-9.280410767E0,4.942081273E-1,1.116388875E1
3.135240220E0,-7.312683105E0,-1.099678802E1,5.111976862E-1,1.321612667E1
3.145235793E0,-7.522244453E0,-1.109501839E1,5.566998720E-1,1.341616597E1
3.155236834E0,-7.461973190E0,-9.914827347E0,3.564710617E-1,1.241418208E1
3.165236834E0,-7.269217491E0,-7.912576675E0,3.349968791E-1,1.075000537E1
3.175237355E0,-6.091942787E0,-5.030613899E0,2.783324420E-1,7.905460902E0
3.185239699E0,-5.283989906E0,-1.463877678E0,2.276522517E-1,5.487742043E0
3.195237616E0,-5.054174423E0,1.432320595E0,1.779341102E-1,5.256223163E0
3.205236834E0,-4.812227249E0,2.871860266E0,-6.975550950E-2,5.604460573E0
3.215236366E0,-3.860754013E0,2.874191761E0,-1.161025167E-1,4.814548746E0
3.225236834E0,-3.614853621E0,1.460542202E0,-1.599681377E-1,3.902043058E0
3.235356730E0,-1.734997034E0,-5.668759346E-1,1.149414301E0,2.157015593E0
3.245241678E0,-1.608857393E0,-3.569602013E0,1.177530766E0,4.088650064E0
3.255251262E0,-5.488166809E-1,-4.615594387E0,1.187539816E0,4.797412022E0
3.265237928E0,4.366892576E-1,-6.024271488E0,1.179839730E0,6.154231573E0
3.275235584E0,1.345947981E0,-6.714279175E0,1.120829701E0,6.938975430E0
3.285234282E0,1.570779443E0,-6.662159443E0,9.775358438E-1,6.914281801E0
3.295236053E0,2.326046705E0,-5.788056374E0,-5.222173929E-1,6.259776423E0
3.305247512E0,2.248628855E0,-3.501950741E0,-7.430073619E-1,4.227534820E0
3.315238657E0,1.335273504E0,-3.487017632E0,-7.775438428E-1,3.814029591E0
3.325226730E0,-1.422429085E0,-4.768762589E-1,-7.686262727E-1,1.685675477E0
3.335237355E0,-1.406238794E0,2.205548286E-1,-7.964867353E-1,1.631117132E0
3.345238918E0,-2.816699505E0,2.638592720E-1,-1.021593690E0,3.007835016E0
3.355240220E0,-2.951443195E0,2.556390762E-1,-1.043784142E0,3.140995639E0
3.365237355E0,-3.024088383E0,2.026939392E-1,-1.063746333E0,3.212125720E0
3.375236574E0,-3.001989365E0,1.075859070E-1,-1.074013114E0,3.190144047E0
3.385238137E0,-2.854038715E0,-5.014896393E-3,-1.077325225E0,3.050605149E0
3.395237616E0,-1.586632371E0,-7.314109802E-1,-1.275101662E0,2.162925923E0
3.405238918E0,-1.510063410E0,-8.145031929E-1,-1.271258831E0,2.135370218E0
3.415361209E0,1.980241537E-1,-1.452851295E0,-1.267018795E0,1.937866631E0
3.425237772E0,3.357006311E-1,-1.565568447E0,-1.261646748E0,2.038492578E0
3.435424282E0,4.409744740E-1,-2.497104645E0,-1.255988240E0,2.829752030E0
3.445236626E0,4.966526031E-1,-3.583440304E0,-1.448626399E0,3.896950944E0
3.455235064E0,4.923801422E-1,-3.554153442E0,-1.441542864E0,3.866845061E0
3.465240220E0,4.299341440E-1,-3.525697231E0,-1.436544061E0,3.831323945E0
3.475240220E0,-1.192251921E0,-3.498078346E0,-2.897948980E0,4.696394899E0
3.485238137E0,-1.114863276E0,-4.522701263E0,-3.006376028E0,5.544009710E0
3.495235793E0,-1.236750484E0,-5.439370632E0,-3.101094723E0,6.382248280E0
3.505237616E0,-1.116872907E0,-6.403782845E0,-3.161737442E0,7.228583780E0
3.515236834E0,-1.039097548E0,-6.520364761E0,-3.160692453E0,7.320167834E0
3.525237095E0,5.621659756E-1,-7.392864704E0,-3.152146339E0,8.056457389E0
3.535236574E0,7.016266584E-1,-7.474599361E0,-3.161117077E0,8.145831864E0
3.545236834E0,1.704314709E0,-7.543378830E0,-3.222324371E0,8.377984671E0
3.555239439E0,1.798520803E0,-7.552226543E0,-3.904201746E0,8.689855817E0
3.565237095E0,1.900331259E0,-7.493684769E0,-3.988121510E0,8.698947263E0
3.575235793E0,2.484636307E0,-7.396346569E0,-4.076718330E0,8.803351208E0
3.585237095E0,2.474771500E0,-7.299164295E0,-4.721178055E0,9.038352483E0
3.595339126E0,2.444759846E0,-7.222496986E0,-4.735843658E0,8.976053062E0
3.605235480E0,2.367885828E0,-7.182226181E0,-4.742721558E0,8.926626686E0
3.615257616E0,2.283422232E0,-7.213768959E0,-4.703584671E0,8.909331537E0
3.625232459E0,2.162539482E0,-7.333226204E0,-4.582114697E0,8.913392096E0
3.635234543E0,1.332272053E0,-8.434786797E0,-3.714394808E0,9.312212729E0
3.645237876E0,6.325610876E-1,-9.097735405E0,-3.587981939E0,9.800129460E0
3.655236314E0,-1.276182175E0,-9.749471664E0,-3.490500689E0,1.043381204E1
3.665238918E0,-1.248997211E0,-9.882314682E0,-3.393959045E0,1.052326449E1
3.675236834E0,-2.938297749E0,-1.080226898E1,-2.772622824E0,1.153299814E1
3.685239439E0,-5.374768257E0,-1.092588425E1,-1.447514057E0,1.226207068E1
3.695235272E0,-5.490548134E0,-1.090247250E1,-1.403428078E0,1.228737709E1
3.705239178E0,-5.497136593E0,-1.082183361E1,-1.363123536E0,1.221428259E1
3.715238137E0,-5.341795921E0,-1.067195797E1,-1.325798750E0,1.200763144E1
3.725236314E0,-4.520044327E0,-9.578884125E0,-1.501748919E0,1.069771338E1
3.735236314E0,-3.544372559E0,-8.549264908E0,-1.478046894E0,9.372146495E0
3.745251418E0,-2.346148491E0,-7.476669788E0,-1.479369640E0,7.974555687E0
3.755246991E0,-7.261044979E-1,-6.423113346E0,-1.478690863E0,6.630998376E0
3.765246470E0,-5.914614797E-1,-5.498543262E0,-1.475115538E0,5.723615164E0
3.775371678E0,-6.632552743E-1,-4.620631695E0,-1.669353485E0,4.957508031E0
3.785244543E0,7.810304165E-1,-2.902476311E0,-2.175533772E-2,3.005802811E0
3.795254751E0,8.699978590E-1,-2.877692223E0,6.536539793E-1,3.076568271E0
3.805248762E0,9.325444698E-1,-1.619966030E0,7.852065563E-1,2.027431494E0
3.815244647E0,9.691699743E-1,-6.255102158E-1,1.586076021E0,1.961170725E0
3.825247512E0,9.826633930E-1,3.774089813E-1,1.552510977E0,1.875727916E0
3.835236314E0,9.702415466E-1,1.442264080E0,1.497990012E0,2.294660849E0
3.845246730E0,8.763213158E-1,2.483410358E0,1.359344244E0,2.963626635E0
3.855248032E0,7.208280563E-1,3.282319784E0,1.215426207E0,3.573580434E0
3.865250116E0,-6.043087244E-1,4.025329590E0,9.704403877E-1,4.184521704E0
3.875247251E0,-6.179896593E-1,3.986042738E0,1.037554741E-1,4.034998529E0
3.885254803E0,-6.416764855E-1,3.906839609E0,-6.294107437E-2,3.959685091E0
3.895244126E0,-2.646773815E0,3.811943054E0,-7.757902145E-1,4.705121883E0
3.905247512E0,-2.861102819E0,3.717751741E0,-9.161958694E-1,4.779853787E0
3.915243605E0,-3.875732183E0,3.663294792E0,-1.073673606E0,5.440018723E0
3.925250897E0,-4.055689335E0,3.686122417E0,-2.401268482E0,5.983494362E0
3.935245689E0,-4.882240295E0,3.774953604E0,-2.410629272E0,6.625532318E0
3.945244126E0,-5.002737999E0,4.658890724E0,-3.496937275E0,7.678621007E0
3.955233501E0,-5.086392403E0,4.726036549E0,-4.769255638E0,8.423337134E0
3.965248084E0,-5.067577362E0,4.791573524E0,-6.665163517E0,9.646964386E0
3.975248241E0,-5.088423252E0,4.790224552E0,-9.110954285E0,1.148249931E1
3.985250168E0,-5.127028942E0,4.583287716E0,-1.219901085E1,1.400388581E1
3.995236834E0,-5.054314137E0,2.071067333E0,-1.336608315E1,1.443909935E1
4.005237355E0,-4.245222092E0,-7.561001778E-1,-1.506066132E1,1.566579450E1
4.015234751E0,-2.831846237E0,-3.329102516E0,-1.617329979E1,1.675344450E1
4.025235793E0,-7.864067554E-1,-6.739580154E0,-1.669610786E1,1.802221945E1
4.035246991E0,-6.560391188E-1,-8.886894226E0,-1.642714882E1,1.868845886E1
4.045240480E0,2.591901064E0,-1.023109245E1,-1.452770042E1,1.795681719E1
4.055238137E0,4.255597115E0,-1.007803154E1,-1.300416374E1,1.699367827E1
4.065236574E0,5.454464436E0,-8.613872528E0,-1.025601768E1,1.446153107E1
4.075242303E0,5.473268986E0,-6.470423222E0,-8.531321526E0,1.202524416E1
4.085242824E0,5.293194294E0,-4.176795959E0,-5.900107861E0,8.959620700E0
4.095237616E0,3.847635746E0,-2.805617809E0,-3.631259918E0,5.988475659E0
4.105238918E0,2.287126303E0,-1.326071262E0,-1.756706238E0,3.174181552E0
4.115236834E0,6.976808310E-1,-1.453754902E0,-2.114119530E-1,1.626301593E0
4.125236574E0,-1.184928179E0,-2.976058006E0,1.242976427E0,3.435981147E0
4.135374074E0,-2.513009071E0,-6.258858681E0,1.368811250E0,6.882017932E0
4.145236001E0,-4.019798279E0,-8.421621323E0,3.777036190E0,1.006719853E1
4.155421366E0,-5.120215416E0,-9.666691780E0,3.853176832E0,1.159778029E1
4.165234022E0,-5.339577675E0,-9.736213684E0,3.722587585E0,1.171164399E1
4.175235845E0,-6.037696362E0,-9.627027512E0,3.487380505E0,1.188676823E1
4.185243866E0,-6.007072926E0,-8.253021240E0,2.644796848E0,1.054477288E1
4.195238657E0,-5.846053600E0,-6.192636967E0,2.494010448E0,8.873848287E0
4.205239439E0,-4.840167046E0,-2.876571655E0,2.471706867E0,6.149082562E0
4.215237616E0,-4.588337421E0,1.643166542E-1,2.256698370E0,5.115909283E0
4.225235793E0,-3.549930334E0,3.366260290E0,4.337967634E-1,4.911404417E0
4.235245689E0,-2.599376440E0,3.276843786E0,3.418614268E-1,4.196585792E0
4.245240220E0,-2.344166994E0,1.545222759E0,5.396577716E-2,2.808156794E0
4.255239699E0,-9.406752586E-1,-5.065555573E-1,-3.004793823E-2,1.068817736E0
4.265236314E0,-7.937594652E-1,-2.710990906E0,-9.674821794E-2,2.826461745E0
4.275235793E0,3.527702093E-1,-4.337744713E0,-1.617143750E-1,4.355069179E0
4.285241001E0,1.109113574E0,-5.440766335E0,-1.800608784E-1,5.555582161E0
4.295235272E0,1.272469759E0,-5.520926952E0,-3.973657489E-1,5.679587418E0
4.305241782E0,1.398595333E0,-5.428396225E0,-4.134470522E-1,5.620897877E0
4.315330272E0,1.400346994E0,-4.200668335E0,-4.273781180E-1,4.448509663E0
4.325691470E0,1.312440753E0,-2.612377167E0,-4.383231997E-1,2.956204056E0
4.335258397E0,-4.562323689E-1,-8.583278656E-1,-4.495238662E-1,1.070955837E0
4.345234803E0,-6.116867065E-1,5.827479362E-1,-6.590706110E-1,1.071508215E0
4.355236834E0,-5.675213337E-1,1.592294693E0,-6.667423844E-1,1.817148387E0
4.365236314E0,-2.301919460E0,1.701377392E0,-6.748055816E-1,2.940897959E0
4.375237876E0,-2.416989565E0,1.736702442E0,-6.819673181E-1,3.053367543E0
4.385246730E0,-2.493114948E0,1.673398495E0,-6.886250377E-1,3.080598823E0
4.395237355E0,-2.486459255E0,1.519912720E0,-8.869788647E-1,3.046201866E0
4.405237355E0,-1.522768021E0,2.411060333E-1,-8.460214734E-1,1.758609365E0
4.415235532E0,-3.716381788E-1,-7.411375046E-1,-8.438386917E-1,1.182989211E0
4.425239959E0,-3.082459569E-1,-8.681373596E-1,-8.402070403E-1,1.246846388E0
4.435244387E0,-4.452477098E-1,-2.723473072E0,-1.034678578E0,2.947220870E0
4.445236834E0,8.055478334E-1,-2.700535297E0,-1.029935360E0,3.000427478E0
4.455234751E0,8.866019845E-1,-2.677755833E0,-1.023383617E0,3.000625503E0
4.465236834E0,9.705893993E-1,-2.655203342E0,-1.016477704E0,3.004226272E0
4.475236314E0,1.058415532E0,-2.632876873E0,-1.009495139E0,3.011870599E0
4.485243084E0,1.144354343E0,-2.711346149E0,-2.709863186E0,4.000537875E0
4.495273241E0,1.247637153E0,-3.730953217E0,-2.839857578E0,4.851948210E0
4.505232616E0,1.875324845E0,-4.549613476E0,-3.492326736E0,6.034249919E0
4.515353918E0,1.926533341E0,-4.633244991E0,-3.565294266E0,6.155470174E0
4.525234543E0,2.020272255E0,-4.739798546E0,-3.595909595E0,6.283132663E0
4.535241522E0,2.889698267E0,-5.611324310E0,-3.588593960E0,7.260531881E0
4.545239699E0,2.959930897E0,-5.723371983E0,-3.576741457E0,7.369617169E0
4.555239439E0,3.588211060E0,-6.403657436E0,-3.551089287E0,8.154282451E0
4.565237355E0,3.604284525E0,-6.399653912E0,-3.597801208E0,8.178668025E0
4.575238137E0,3.633407354E0,-6.357862473E0,-3.672197819E0,8.192014468E0
4.585244647E0,4.222775459E0,-6.283448219E0,-4.595681667E0,8.856288393E0
4.595237616E0,4.136415958E0,-6.291459560E0,-4.621407509E0,8.834580225E0
4.605236834E0,3.954386711E0,-6.368587494E0,-4.635167122E0,8.813674329E0
4.615237095E0,3.115836859E0,-7.110074043E0,-4.612160683E0,9.029596801E0
4.625237616E0,2.131188869E0,-7.263217926E0,-4.515407085E0,8.813920909E0
4.635242824E0,8.647747040E-1,-8.559238434E0,-3.817275763E0,9.411694433E0
4.645239699E0,-1.130671978E0,-9.420555115E0,-3.051240683E0,9.966711970E0
4.655237095E0,-2.358717918E0,-1.027095413E1,-2.259496450E0,1.077781857E1
4.665238137E0,-4.031916142E0,-1.099624157E1,-2.131268263E0,1.190445214E1
4.675288762E0,-5.558664322E0,-1.111833763E1,-1.992390513E0,1.258911437E1
4.685259022E0,-6.824958801E0,-1.174966240E1,-7.856072783E-1,1.361072400E1
4.695313605E0,-7.598451138E0,-1.169358158E1,-7.224743366E-1,1.396417842E1
4.705241574E0,-7.523109436E0,-1.158588982E1,-6.839439869E-1,1.383104471E1
4.715236105E0,-7.219724178E0,-1.141821098E1,-6.658374667E-1,1.352565336E1
4.725234230E0,-5.511636257E0,-1.030685806E1,-8.479334712E-1,1.171872214E1
4.735243345E0,-3.937777519E0,-9.526317596E0,-8.279353976E-1,1.034129082E1
4.745239178E0,-2.299165964E0,-8.656440735E0,-8.325659633E-1,8.995181844E0
4.755240480E0,-1.712999940E-1,-7.724028111E0,-8.334982991E-1,7.770757579E0
4.765240741E0,1.663473248E0,-6.796467304E0,-9.910559058E-1,7.066916079E0
4.775237355E0,1.894987345E0,-5.621545315E0,4.926090837E-1,5.952765111E0
4.785246209E0,2.046856165E0,-4.747131824E0,1.342907190E0,5.341187175E0
4.795238137E0,2.076367378E0,-3.760596752E0,2.142613411E0,4.800435569E0
4.805243084E0,1.957371235E0,-2.066874504E0,2.257401943E0,3.633061505E0
4.815238397E0,2.505992055E-1,-1.081889153E0,2.868974686E0,3.076410221E0
4.825237355E0,3.141674995E-1,4.775266647E-1,2.817302227E0,2.874704293E0
4.835242043E0,-9.018249512E-1,2.167922497E0,2.677343369E0,3.561087433E0
4.845236574E0,-1.673683167E0,3.822578669E0,1.810148001E0,4.548621638E0
4.855253501E0,-1.835113168E0,5.396997929E0,1.037928939E0,5.794180137E0
4.865250897E0,-2.892254829E0,7.504170418E0,1.933227777E-1,8.044568687E0
4.875290168E0,-3.004634619E0,7.508395672E0,-1.586318016E0,8.241373648E0
4.885244959E0,-3.107803822E0,7.511826038E0,-1.632835627E0,8.291690250E0
4.895236105E0,-3.201083422E0,8.482136726E0,-1.678569436E0,9.220150426E0
4.905238918E0,-3.255903959E0,8.501308441E0,-1.725787997E0,9.265608454E0
4.915240220E0,-3.253409624E0,8.481606483E0,-2.955665112E0,9.552919919E0
4.925240220E0,-3.212859392E0,8.437700272E0,-3.066680193E0,9.535291225E0
4.935244907E0,-3.106339455E0,8.356116295E0,-3.112260342E0,9.442467303E0
4.945239699E0,-2.167058945E0,7.378920078E0,-3.278691769E0,8.360288614E0
4.955236834E0,-2.039998531E0,7.198422909E0,-4.633668900E0,8.800555315E0
4.965238137E0,-1.880019426E0,5.685041904E0,-6.143256187E0,8.578681197E0
4.975234751E0,-1.763848543E0,4.589674473E0,-8.046914101E0,9.430222691E0
4.985245949E0,-1.616470098E0,2.690582752E0,-1.009884834E1,1.057539356E1
4.995247512E0,6.556148529E-1,-1.164231300E-1,-1.150006771E1,1.151932908E1
5.005293866E0,5.359960198E-1,-2.560641766E0,-1.357013226E1,1.382000968E1
5.015246730E0,2.306457996E0,-6.523949623E0,-1.442837143E1,1.600186143E1
5.025247251E0,3.370573759E0,-9.179126740E0,-1.440665627E1,1.741174546E1
5.035260324E0,4.138664722E0,-1.102223396E1,-1.424472237E1,1.848053848E1
5.045254334E0,4.259794712E0,-1.196736717E1,-1.387971497E1,1.881515920E1
5.055275845E0,4.903894424E0,-1.193711853E1,-1.272944355E1,1.812682301E1
5.065252772E0,4.872984886E0,-1.089805984E1,-1.139162159E1,1.650099186E1
5.075237147E0,4.587993145E0,-8.629844666E0,-9.537505150E0,1.365605743E1
5.085244647E0,2.762148619E0,-5.793551922E0,-7.730558395E0,1.004769834E1
5.095247512E0,2.234641314E-1,-2.150980949E0,-5.899945259E0,6.283789408E0
5.105278762E0,-1.038816810E0,-2.250120640E0,-4.299198151E0,4.962387328E0
5.115251678E0,-2.671452761E0,-1.522192955E-1,-2.825473309E0,3.891417477E0
5.125248814E0,-4.843004227E0,-2.246871948E0,-1.166113734E0,5.464699876E0
5.135245428E0,-5.090032578E0,-4.009840488E0,1.592197895E0,6.672506764E0
5.145248814E0,-5.909559250E0,-6.016713619E0,1.497926593E0,8.565484072E0
5.155248553E0,-5.905568600E0,-7.358971119E0,3.340844870E0,1.000956747E1
5.165247772E0,-5.758308887E0,-7.471290112E0,3.374958277E0,1.001841507E1
5.175249595E0,-4.728284836E0,-7.436445713E0,3.418464661E0,9.452158641E0
5.185249855E0,-3.827734947E0,-6.673920631E0,3.468966246E0,8.439579269E0
5.195247251E0,-2.755872011E0,-4.966278553E0,4.757643700E0,7.409043581E0
5.205298032E0,-1.736112475E0,-2.148722172E0,4.773240089E0,5.514971845E0
5.215247251E0,1.022044346E-1,-1.196112633E-1,4.528198242E0,4.530930580E0
5.225229855E0,2.367890477E-1,1.766353130E0,3.622869968E0,4.037481795E0
5.235243501E0,3.656332493E-1,2.591253281E0,3.323004246E0,4.229732669E0
5.245236105E0,2.872191668E-1,2.538853645E0,3.062862635E0,3.988658948E0
5.255237876E0,1.782291293E0,1.385215282E0,2.821399450E0,3.613264243E0
5.265238397E0,1.901736259E0,-1.082139015E-1,2.573554039E0,3.201795034E0
5.275240741E0,2.540607214E0,-2.045619488E0,1.583354473E0,3.625776536E0
5.285240480E0,2.573172569E0,-2.020368576E0,1.307697058E0,3.523234004E0
5.295241522E0,2.521093607E0,-2.077497005E0,-3.007128835E-1,3.280599796E0
5.305260793E0,2.301021099E0,-2.055429459E0,-1.437752247E0,3.403912437E0
5.315238918E0,2.621346116E-1,-2.035933495E0,-2.448317528E0,3.194995848E0
5.325225428E0,2.470077574E-1,-9.112386703E-1,-3.298906803E0,3.431348837E0
5.335237355E0,-1.194746137E0,2.912144661E-1,-3.477635384E0,3.688654505E0
5.345237876E0,-2.325215101E0,1.258838654E0,-3.567715645E0,4.440708834E0
5.355238918E0,-3.180225134E0,1.394601345E0,-3.488001823E0,4.921879878E0
5.365238657E0,-3.318813086E0,2.017554760E0,-2.612591028E0,4.680884466E0
5.375238397E0,-3.373073578E0,1.994627953E0,-7.196170688E-1,3.984220721E0
5.385236314E0,-3.258562803E0,1.925110817E0,-8.721526861E-1,3.883932737E0
5.395246157E0,-2.171432018E0,1.825077057E0,-8.212580085E-1,2.953047238E0
5.405263449E0,8.350794762E-2,1.030514240E0,-7.678847909E-1,1.287858777E0
5.415243605E0,1.830455661E-1,9.206190109E-1,-7.143965960E-1,1.179579391E0
5.425235324E0,1.760671735E0,1.255989075E-1,-6.612814665E-1,1.884949130E0
5.435235064E0,2.762485981E0,-5.920410156E-3,-8.408759236E-1,2.887635047E0
5.445243866E0,2.974163532E0,-8.812870979E-1,2.444293499E-1,3.111601095E0
5.455238918E0,3.793854237E0,-9.941191673E-1,2.162327170E-1,3.927895044E0
5.465238137E0,3.812776327E0,-2.095533371E0,-7.859890461E-1,4.421120018E0
5.475238137E0,3.728213072E0,-2.071110249E0,-7.665662169E-1,4.333208296E0
5.485239178E0,2.739776611E0,-2.125775337E0,-9.076800346E-1,3.584575248E0
5.495239439E0,2.564066648E0,-3.737868309E0,-1.920869827E0,4.922990775E0
5.505257668E0,2.380611658E0,-3.858636379E0,-2.036075592E0,4.970109696E0
5.515238918E0,1.654536366E0,-4.728508472E0,-2.737661839E0,5.708859370E0
5.525236053E0,1.600652337E0,-4.834845066E0,-2.812073469E0,5.817694725E0
5.535236314E0,1.592445135E0,-5.695740700E0,-2.869790554E0,6.573662712E0
5.545238397E0,1.646232128E0,-5.828109741E0,-2.884508610E0,6.708005165E0
5.555239439E0,2.530590773E0,-6.692209244E0,-2.867902040E0,7.708074749E0
5.565249074E0,2.636755943E0,-6.725262165E0,-2.832609415E0,7.759208026E0
5.575235584E0,3.735119343E0,-6.722373486E0,-2.835351467E0,8.196379672E0
5.585226991E0,3.855948210E0,-6.686029911E0,-2.818709850E0,8.216839891E0
5.595243293E0,4.906508446E0,-6.652187824E0,-2.799062252E0,8.726979859E0
5.605255064E0,4.974783421E0,-6.669595718E0,-2.819100142E0,8.785175168E0
5.615236314E0,5.002356529E0,-6.727090359E0,-2.877154589E0,8.863144705E0
5.625240480E0,4.938544750E0,-6.790272236E0,-3.573426247E0,9.125042270E0
5.635239439E0,4.702475548E0,-6.870350361E0,-3.609791279E0,9.074446729E0
5.645239439E0,3.060686111E0,-7.525475025E0,-3.663374424E0,8.911839653E0
5.655238657E0,-5.987696052E-1,-7.666909695E0,-3.627978802E0,8.503073532E0
5.665236574E0,-2.232701302E0,-8.268474579E0,-3.528560638E0,9.263010695E0
5.675239959E0,-4.101449490E0,-8.275110245E0,-3.367747784E0,9.830618628E0
5.685241001E0,-5.732133389E0,-8.262724876E0,-2.508881807E0,1.036457734E1
5.695236834E0,-6.908069611E0,-8.244876862E0,-2.372856140E0,1.101498373E1
5.705261574E0,-7.068470001E0,-8.196670532E0,-1.599956870E0,1.094113970E1
5.715237095E0,-7.077598572E0,-8.128450394E0,-1.433610916E0,1.087287210E1
5.725237616E0,-6.850551128E0,-8.046751976E0,-1.354504228E0,1.065433948E1
5.735237876E0,-5.411474705E0,-7.950663567E0,-1.397278190E0,9.718513053E0
5.745238397E0,-4.059115410E0,-7.810129166E0,-1.524649024E0,8.933033647E0
5.755243397E0,-2.741409540E0,-6.813180923E0,-2.209971905E0,7.669337415E0
5.765230428E0,-1.529922485E0,-6.640847206E0,-2.149657249E0,7.145805813E0
5.775235064E0,-2.078213915E-2,-5.509424210E0,-3.202724159E-1,5.518764485E0
5.785234803E0,1.298584789E-1,-5.356577873E0,-3.025406897E-1,5.366686185E0
5.795237616E0,2.707211077E-1,-4.367842674E0,-2.868211269E-1,4.385613515E0
5.805257928E0,1.356333017E0,-4.203510284E0,-2.710803747E-1,4.425225704E0
5.815236834E0,1.415282845E0,-2.899549484E0,1.145831943E0,3.423936855E0
5.825237616E0,1.399901509E0,-1.578464508E0,1.807575107E0,2.778237248E0
5.835238397E0,1.365295887E0,4.865169525E-1,2.761180401E0,3.118468985E0
5.845237095E0,4.063841105E-1,1.751147747E0,2.697309494E0,3.241472657E0
5.855239699E0,2.206829339E-1,3.063910484E0,2.619602680E0,4.037148327E0
5.865236053E0,2.299960256E-1,4.298500538E0,2.542102098E0,4.999228753E0
5.875237616E0,2.329312116E-1,5.413659573E0,2.459936142E0,5.950903523E0
5.885240220E0,2.304132879E-1,6.291370392E0,2.369479895E0,6.726727783E0
5.895236574E0,2.163514793E-1,6.416440964E0,2.222565889E0,6.793917996E0
5.905259491E0,-1.008467674E0,8.025322914E0,2.020610332E0,8.337006720E0
5.915239439E0,-2.028342247E0,8.031821251E0,1.076454282E0,8.353626679E0
5.925237355E0,-2.247489929E0,8.036909103E0,8.488820791E-1,8.388308513E0
5.935247095E0,-3.374621153E0,8.040446281E0,-1.227569580E-1,8.720774828E0
5.945237772E0,-3.568881035E0,8.042470932E0,-3.672324419E-1,8.806424371E0
5.955229803E0,-4.396683693E0,7.843578815E0,-1.611546278E0,9.135077314E0
5.965235793E0,-4.559087753E0,7.843226910E0,-2.779370070E0,9.488223621E0
5.975239439E0,-4.689019680E0,7.844528198E0,-4.219708443E0,1.006625390E1
5.985239439E0,-4.752084732E0,7.854295254E0,-6.149878025E0,1.104958203E1
5.995243866E0,-4.864109993E0,6.675876617E0,-8.643951416E0,1.195595210E1
6.005262616E0,-5.479659557E0,5.202105999E0,-1.151282310E1,1.377075421E1
6.015239439E0,-5.280380249E0,3.107784271E0,-1.294869137E1,1.432512991E1
6.025239178E0,-2.185853004E0,-1.966941833E0,-1.542587852E1,1.570364740E1
6.035238397E0,3.418296576E-3,-5.776133060E0,-1.538782787E1,1.643620916E1
6.045237876E0,1.091210485E0,-7.930307388E0,-1.519151783E1,1.717156748E1
6.055236834E0,2.256726027E0,-9.370628357E0,-1.473344135E1,1.760612911E1
6.065236574E0,3.487746477E0,-1.005618668E1,-1.311230659E1,1.688857159E1
6.075237876E0,4.508418083E0,-9.987694740E0,-1.153949928E1,1.591351387E1
6.085238137E0,4.563297272E0,-8.488165855E0,-8.880492210E0,1.310480002E1
6.095237616E0,4.304282188E0,-6.496841908E0,-8.510914803E0,1.153999440E1
6.105266782E0,2.434813738E0,-4.371566296E0,-5.254080296E0,7.255637089E0
6.115247928E0,8.761722594E-2,-1.942869186E0,-3.191202641E0,3.737136838E0
6.125239803E0,-1.113541961E0,-1.987275124E0,-1.481057644E0,2.717125293E0
6.135267616E0,-2.666392088E0,-2.032924175E0,-5.306544304E-1,3.394704935E0
6.145237407E0,-3.864787817E0,-4.199357986E0,5.730631351E-1,5.735816744E0
6.155240220E0,-4.665072918E0,-5.915763378E0,2.676371813E0,7.995131503E0
6.165238657E0,-4.881065845E0,-6.968743801E0,4.047360897E0,9.421747406E0
6.175240220E0,-5.613311768E0,-7.019711018E0,4.750473022E0,1.016624836E1
6.185243084E0,-5.639067650E0,-6.926371098E0,4.681800365E0,1.008429250E1
6.195247512E0,-5.517039299E0,-5.903164387E0,4.614800453E0,9.304915670E0
6.205266522E0,-3.923233271E0,-1.965265751E0,5.860272408E0,7.320985006E0
6.215232668E0,-2.920651436E0,-1.791796684E-1,5.846007824E0,6.537439685E0
6.225251678E0,-2.026810884E0,1.822857857E0,5.605421066E0,6.233098624E0
6.235248032E0,-2.765811682E-1,2.777581215E0,4.681332588E0,5.450351305E0
6.245248293E0,-1.616352946E-1,2.759974003E0,3.827755928E0,4.721789693E0
6.255249074E0,-5.057636648E-2,1.551763535E0,3.552232027E0,3.876709998E0
6.265246209E0,1.525794864E0,-1.488914490E-1,2.783528805E0,3.177774573E0
6.275246991E0,1.737604856E0,-1.690254211E0,2.555252314E0,3.522150525E0
6.285247251E0,2.777435064E0,-3.248757362E0,9.136760235E-1,4.370740648E0
6.295258137E0,2.815347672E0,-4.022854805E0,8.207675815E-1,4.978273066E0
6.305288345E0,2.806818247E0,-4.040802002E0,7.275241017E-1,4.973489802E0
6.315294803E0,2.688428164E0,-3.923785210E0,6.353170872E-1,4.798683586E0
6.325242564E0,1.665152669E0,-2.672432899E0,5.482423306E-1,3.196122755E0
6.335248293E0,-2.321850657E-1,-1.653428078E0,2.827518582E-1,1.693423434E0
6.345252720E0,-2.575455010E-1,4.682750702E-1,-1.442036629E0,1.537881941E0
6.355248814E0,-1.597900629E0,1.992173672E0,-1.553063154E0,2.988987708E0
6.365250376E0,-2.932427406E0,3.062026024E0,-1.638483644E0,4.545301147E0
6.375252199E0,-3.972940683E0,3.167691231E0,-1.686705709E0,5.353830550E0
6.385247772E0,-4.204257011E0,3.124771595E0,-1.550660610E0,5.463014083E0
6.395247772E0,-4.130372524E0,2.962712765E0,4.486179724E-2,5.083272243E0
6.405291001E0,-3.369000673E0,1.814807892E0,4.927546158E-2,3.827025123E0
6.415243345E0,-2.233156204E0,1.078201294E0,5.473557115E-2,2.480423481E0
6.425246991E0,-3.364861012E-1,9.372329712E-1,-1.385884285E-1,1.005403049E0
6.435247251E0,-2.240457833E-1,1.154203415E-1,-1.309197247E-1,2.840041242E-1
6.445251157E0,1.514075041E0,5.145931244E-2,-1.228781417E-1,1.519924448E0
6.455246730E0,2.293876886E0,-9.880065918E-3,-1.144956127E-1,2.296753803E0
6.465246991E0,2.467109203E0,-9.347534180E-2,-1.076612025E-1,2.471225687E0
6.475269855E0,2.605268240E0,-1.692123413E0,-3.017102480E-1,3.121174990E0
6.485251053E0,2.619554996E0,-1.669063568E0,-2.993470132E-1,3.120488777E0
6.495307824E0,2.560901642E0,-1.646201134E0,-2.962827086E-1,3.058754458E0
6.505254699E0,2.385702610E0,-1.623478889E0,-2.954515219E-1,2.900784764E0
6.515236053E0,1.604720354E0,-3.020445824E0,-2.951129079E-1,3.432974223E0
6.525235272E0,1.464852333E0,-3.717262268E0,-4.934666157E-1,4.025834128E0
6.535236574E0,1.338341713E0,-4.433917046E0,-4.892990887E-1,4.657273076E0
6.545239178E0,1.264619708E0,-5.120909691E0,-1.517908335E0,5.488809049E0
6.555237616E0,1.279839873E0,-5.277437210E0,-1.588998318E0,5.658113578E0
6.565239439E0,3.013055325E0,-6.532856941E0,-1.717315674E0,7.396343375E0
6.575235272E0,4.024635792E0,-6.626864433E0,-2.472674847E0,8.138006290E0
6.585236574E0,4.961832047E0,-6.673796654E0,-2.645348549E0,8.726809725E0
6.595236834E0,5.728519440E0,-6.694160461E0,-3.654878139E0,9.538650506E0
6.605235793E0,5.805103779E0,-6.712853432E0,-3.755867958E0,9.636813540E0
6.615236834E0,6.424185753E0,-6.717718124E0,-4.481317997E0,1.031892002E1
6.625234230E0,6.300930023E0,-6.699117661E0,-4.562976837E0,1.026648208E1
6.635236834E0,5.470839977E0,-6.656449318E0,-4.640945911E0,9.786561528E0
6.645235272E0,4.279861927E0,-6.636215210E0,-4.630003452E0,9.153879090E0
6.655258762E0,2.766391754E0,-6.672582626E0,-4.495787144E0,8.508136358E0
6.665251001E0,1.098003030E0,-6.790892601E0,-3.480661392E0,7.709528954E0
6.675240741E0,-1.497715712E0,-7.725047112E0,-2.524508476E0,8.263936609E0
6.685238189E0,-1.546047330E0,-7.831801414E0,-1.766707897E0,8.176101304E0
6.695239959E0,-4.140012741E0,-8.579946518E0,-1.618144631E0,9.663000559E0
6.705237095E0,-5.829955101E0,-8.674262047E0,-1.460840344E0,1.055297366E1
6.715241001E0,-7.226598740E0,-8.760019302E0,-2.557871342E-1,1.135900940E1
6.725237355E0,-8.124578476E0,-8.796842575E0,-2.007555366E-1,1.197637330E1
6.735238918E0,-8.085058212E0,-8.755341530E0,-1.662440300E-1,1.191854893E1
6.745242043E0,-6.989211559E0,-8.530600548E0,-1.830779791E0,1.117908666E1
6.755236574E0,-5.731229305E0,-7.454064369E0,-1.915453076E0,9.595781649E0
6.765240741E0,-4.175900459E0,-6.736429214E0,-1.865031123E0,8.142233373E0
6.775240741E0,-2.461878777E0,-5.931527138E0,-1.203382254E0,6.533910785E0
6.785236314E0,-8.790927529E-1,-5.203294754E0,-1.418366134E-1,5.278939097E0
6.795237095E0,5.719384551E-1,-5.011790276E0,-1.142449528E-1,5.045612676E0
6.805236314E0,1.485974073E0,-3.771178246E0,8.334206343E-1,4.138175233E0
6.815239959E0,1.692289591E0,-2.864878654E0,1.752689004E0,3.760756906E0
6.825237876E0,1.809851766E0,-1.178980827E0,2.781298399E0,3.521530916E0
6.835287043E0,1.829190135E0,-1.155340195E0,3.609349728E0,4.208105627E0
6.845246887E0,1.738177896E0,6.407117844E-1,3.656224728E0,4.098750205E0
6.855320689E0,9.727624655E-1,2.037157059E0,3.643876076E0,4.286503068E0
6.865234022E0,7.850772142E-1,3.491167068E0,3.587922573E0,5.067324947E0
6.875238657E0,-5.828384757E-1,4.912034035E0,3.516596794E0,6.069121193E0
6.885235793E0,-5.916727781E-1,6.214958191E0,3.412347078E0,7.114765954E0
6.895240741E0,-1.757157445E0,7.279331684E0,3.264977932E0,8.169232091E0
6.905236834E0,-2.548405170E0,8.406580925E0,3.088371992E0,9.311445286E0
6.915236574E0,-3.308547258E0,8.408263206E0,2.869656563E0,9.480522343E0
6.925239439E0,-4.590018272E0,8.447835922E0,1.823831320E0,9.785732481E0
6.935235532E0,-4.741415501E0,8.449215889E0,7.967725992E-1,9.721374217E0
6.945241782E0,-5.498898029E0,8.249182701E0,-1.463545561E-1,9.915054938E0
6.955241522E0,-5.546038151E0,8.250875473E0,-1.439435720E0,1.004527055E1
6.965236314E0,-5.509758949E0,8.253775597E0,-3.137505531E0,1.040798714E1
6.975236053E0,-5.419760227E0,8.258585930E0,-5.637817383E0,1.137378685E1
6.985236574E0,-5.391113758E0,6.684463501E0,-8.212401390E0,1.188232706E1
6.995238137E0,-5.317183495E0,5.069538593E0,-1.151010704E1,1.365486089E1
7.005236834E0,-5.094912529E0,2.185342789E0,-1.296282768E1,1.409853745E1
7.015281782E0,-3.695732594E0,-1.622825623E0,-1.493327045E1,1.546914894E1
7.025236001E0,-2.251567841E0,-4.914706230E0,-1.607757950E1,1.696208883E1
7.035267199E0,6.706225872E-2,-7.615201950E0,-1.608217430E1,1.779415995E1
7.045236105E0,1.038076580E-1,-9.362600327E0,-1.588128471E1,1.843595034E1
7.055242564E0,3.442691267E-1,-1.026218700E1,-1.537999344E1,1.849257152E1
7.065238397E0,2.565491438E0,-1.027307224E1,-1.394514084E1,1.750956061E1
7.075238918E0,3.512229204E0,-1.011849022E1,-1.229563236E1,1.630650709E1
7.085243866E0,3.397862911E0,-8.050081253E0,-8.994872093E0,1.254021549E1
7.095242564E0,2.268825531E0,-5.666201591E0,-5.616534233E0,8.294508217E0
7.105238137E0,-9.444940090E-1,-2.857339859E0,-1.415880680E0,3.325834948E0
7.115237616E0,-2.791841984E0,-3.725963593E0,-1.027860403E0,4.767985252E0
7.125236834E0,-4.295150280E0,-5.640096664E0,9.337902069E-1,7.150592315E0
7.135237355E0,-5.345785141E0,-7.469491005E0,3.763938665E0,9.926628276E0
7.145237095E0,-5.521255016E0,-8.421756744E0,6.014720917E0,1.172975325E1
7.155236834E0,-5.599549770E0,-8.396060944E0,6.705946922E0,1.211686928E1
7.165236574E0,-5.584382057E0,-8.191685677E0,6.574436188E0,1.189589208E1
7.175235272E0,-5.425564289E0,-6.332765579E0,6.463192940E0,1.055052277E1
7.185236314E0,-4.153242588E0,-4.314652443E0,6.420277119E0,8.779841000E0
7.195309491E0,-2.998595476E0,-1.443179131E0,7.566705704E0,8.266158481E0
7.205237876E0,-1.923563600E0,1.743475914E0,7.247213364E0,7.698175545E0
7.215261209E0,-1.083685517E0,4.094724655E0,5.367278576E0,6.837311139E0
7.225237980E0,-8.268587589E-1,4.998950005E0,3.700441599E0,6.274270044E0
7.235236053E0,4.593506455E-1,4.894409180E0,2.532254696E0,5.529788249E0
7.245238137E0,5.766534805E-1,3.072708607E0,2.201336622E0,3.823604365E0
7.255236314E0,1.673542023E0,1.023561478E0,6.491858959E-1,2.066364762E0
7.265237876E0,1.792600155E0,-1.271788597E0,5.184880495E-1,2.258249634E0
7.275238397E0,2.539889574E0,-2.737029076E0,3.923260570E-1,3.754502223E0
7.285238918E0,2.615965366E0,-4.022085190E0,1.574750841E-1,4.800546060E0
7.295237355E0,2.516157627E0,-3.932717323E0,1.149912104E-1,4.670175342E0
7.305238137E0,1.720229626E0,-2.620328903E0,7.905830443E-2,3.135532449E0
7.315241782E0,4.743201137E-1,-1.187105179E0,-1.604525924E0,2.051512056E0
7.325225949E0,2.399360985E-1,1.328534603E0,-1.711265445E0,2.179679551E0
7.335237616E0,-1.069406271E0,3.203014374E0,-1.782727480E0,3.818513863E0
7.345240220E0,-2.041502953E0,4.486691475E0,-1.797436595E0,5.246800264E0
7.355236053E0,-2.809399366E0,4.632827759E0,-1.709266663E0,5.681321181E0
7.365235272E0,-2.957166910E0,4.680235863E0,-2.272824198E-2,5.536240641E0
7.375336522E0,-3.025802135E0,4.582720280E0,-2.068745196E-1,5.495416344E0
7.385233345E0,-2.934710026E0,3.618055344E0,-1.863802671E-1,4.662358310E0
7.395259178E0,-2.025753021E0,2.571166039E0,-1.643647552E-1,3.277435869E0
7.405234282E0,-1.101354480E0,1.516891003E0,8.718138337E-1,2.067365320E0
7.415238137E0,1.751527190E-1,5.188732147E-1,9.370800853E-1,1.085369510E0
7.425238397E0,5.019040406E-2,-2.541837692E-1,1.589060187E0,1.610043709E0
7.435237095E0,1.522096753E0,-1.317064285E0,1.635310411E0,2.593391023E0
7.445245949E0,1.682063103E0,-1.295287132E0,1.655752063E0,2.692326119E0
7.455236314E0,2.435890436E0,-1.275198936E0,1.555094719E0,3.158799476E0
7.465237616E0,2.441875219E0,-2.333166122E0,-4.912680984E-1,3.412881933E0
7.475244907E0,2.374724627E0,-3.212517738E0,-5.127333999E-1,4.027714341E0
7.485250897E0,2.244702101E0,-3.329268456E0,-5.330021381E-1,4.050531724E0
7.495245168E0,2.118185043E0,-4.307783127E0,-1.727738857E0,5.101841325E0
7.505246991E0,2.003752470E0,-4.437016487E0,-1.907703400E0,5.228907298E0
7.515243605E0,1.911982894E0,-5.188486099E0,-2.712248802E0,6.158925243E0
7.525246470E0,1.854089737E0,-5.244970322E0,-2.770099163E0,6.214564490E0
7.535245689E0,1.844476581E0,-5.348993301E0,-2.726524830E0,6.280745246E0
7.545247772E0,2.467351913E0,-6.250809669E0,-2.671901226E0,7.231839541E0
7.555373501E0,3.135023355E0,-6.337466240E0,-2.666779995E0,7.556690104E0
7.565242251E0,3.960945129E0,-6.399017334E0,-2.672255993E0,7.986079216E0
7.575251105E0,4.848330021E0,-6.436461449E0,-2.669875383E0,8.488967813E0
7.585240272E0,5.670153618E0,-6.480862617E0,-2.622224808E0,9.001571266E0
7.595237147E0,5.768454552E0,-6.547768593E0,-2.576689243E0,9.098772935E0
7.605246470E0,6.489042759E0,-7.131850243E0,-2.561097622E0,9.976481586E0
7.615243345E0,6.318964005E0,-7.162221909E0,-2.582795143E0,9.894319558E0
7.625248814E0,5.075868130E0,-7.205430031E0,-2.598380327E0,9.188810561E0
7.635249334E0,3.427525520E0,-7.273522377E0,-2.535715580E0,8.431008983E0
7.645250637E0,-1.296499014E0,-8.165147781E0,-2.294923544E0,8.580047905E0
7.655247512E0,-3.436594725E0,-8.233917236E0,-1.616905928E0,9.067632609E0
7.665248553E0,-5.783377647E0,-8.337129593E0,-1.551087260E0,1.026455350E1
7.675249074E0,-7.672694683E0,-8.998373985E0,-1.487538099E0,1.191863028E1
7.685250116E0,-8.858998299E0,-9.006784439E0,-1.430108309E0,1.271413491E1
7.695247772E0,-8.986146927E0,-8.978343010E0,-1.378667831E0,1.277740994E1
7.705249334E0,-8.898139000E0,-8.891041756E0,-1.396095991E0,1.265608886E1
7.715238918E0,-7.827917099E0,-8.757903099E0,-1.493229866E0,1.184089896E1
7.725234751E0,-6.556792736E0,-7.974095345E0,-2.316918373E0,1.058044603E1
7.735373032E0,-5.163049221E0,-7.806952477E0,-2.339264154E0,9.647680603E0
7.745239959E0,-3.709255457E0,-6.764813423E0,-2.250110149E0,8.036434059E0
7.755252459E0,-2.486061573E0,-6.565367699E0,-1.167247415E0,7.116672094E0
7.765247303E0,-7.280618548E-1,-5.382147789E0,-9.645710886E-2,5.432024748E0
7.775242303E0,-5.318766832E-1,-4.577611923E0,-5.744222179E-2,4.608765923E0
7.785238918E0,-3.456246555E-1,-3.600815773E0,1.748977065E0,4.017990967E0
7.795238397E0,-1.761651486E-1,-2.325269699E0,2.600426435E0,3.492868589E0
7.805245428E0,-2.762459219E-1,-8.194265366E-1,3.470225811E0,3.576344340E0
7.815237876E0,-2.213068902E-1,9.011964798E-1,3.572505474E0,3.691060443E0
7.825241522E0,-1.287553906E-1,4.267361164E0,3.646748781E0,5.614777460E0
7.835243866E0,-7.716695964E-2,5.821641445E0,3.590753078E0,6.840392644E0
7.845241001E0,-2.296947688E-1,7.116038322E0,3.523272276E0,7.943815747E0
7.855242824E0,-1.854004562E-1,8.904004097E0,3.422969341E0,9.541089110E0
7.865235793E0,-1.146827459E0,8.915408134E0,3.296435595E0,9.574246866E0
7.875236834E0,-2.072488785E0,8.925242424E0,3.122136831E0,9.680025851E0
7.885237355E0,-2.223345041E0,8.933533669E0,2.896845341E0,9.651062113E0
7.895236314E0,-3.215882778E0,8.740704536E0,2.045291662E0,9.535462014E0
7.905243866E0,-3.337278128E0,8.746030807E0,1.827284098E0,9.537790486E0
7.915361418E0,-4.046607494E0,8.749206543E0,7.519216537E-1,9.668972723E0
7.925243762E0,-4.126770020E0,8.750136375E0,-2.634755373E-1,9.678044056E0
7.935247564E0,-4.163354874E0,8.749433517E0,-1.315250874E0,9.778343190E0
7.945242147E0,-4.129934311E0,8.547452927E0,-3.752390623E0,1.020763167E1
7.955244647E0,-4.131873608E0,8.543579102E0,-6.588217735E0,1.155291030E1
7.965235532E0,-4.115235329E0,7.213688374E0,-9.226581573E0,1.241379351E1
7.975237095E0,-4.002504826E0,4.809499264E0,-1.154890442E1,1.313501128E1
7.985239178E0,-3.678723335E0,1.268911362E0,-1.396437454E1,1.449644431E1
7.995238397E0,-1.864271760E0,-2.686772346E0,-1.544957447E1,1.579188419E1
8.005243084E0,5.825620294E-1,-8.692611694E0,-1.638633156E1,1.855836034E1
8.015236314E0,7.899684310E-1,-1.018916607E1,-1.608462143E1,1.905671015E1
8.025241262E0,2.436060429E0,-1.080640697E1,-1.461734104E1,1.834065106E1
8.035237616E0,3.339105606E0,-1.068232822E1,-1.278160477E1,1.698914898E1
8.045238918E0,3.396503210E0,-8.840456963E0,-9.599803925E0,1.348503425E1
8.055241001E0,2.438938141E0,-6.309174538E0,-6.851566792E0,9.627983699E0
8.065238918E0,9.780625701E-1,-3.696249962E0,-3.803629160E0,5.393186902E0
8.075237876E0,-1.157413721E0,-1.141979218E0,-1.677452445E0,2.336144208E0
8.085236314E0,-2.804013014E0,-1.284425735E0,-4.856128693E-1,3.122188065E0
8.095233293E0,-3.974179268E0,-2.984495163E0,5.145292282E-1,4.996604103E0
8.105263762E0,-4.196784019E0,-5.007871628E0,2.491465092E0,6.992794338E0
8.115248605E0,-4.994473457E0,-6.713871956E0,5.188126564E0,9.845684283E0
8.125247564E0,-4.988509655E0,-7.578886986E0,6.464272499E0,1.114053749E1
8.135236105E0,-4.250893593E0,-7.551803589E0,6.416419983E0,1.078286971E1
8.145238137E0,-3.342565298E0,-6.811833382E0,6.263458252E0,9.838939275E0
8.155243084E0,-2.297325134E0,-5.482077599E0,6.185236931E0,8.578346779E0
8.165237616E0,-1.350852251E0,-3.479901314E0,6.788994789E0,7.747578022E0
8.175238657E0,-5.115580559E-1,-1.053030968E0,7.218399048E0,7.312718419E0
8.185237616E0,6.761314869E-1,3.788331509E0,4.656353951E0,6.040715315E0
8.195238657E0,7.729933858E-1,3.907926083E0,3.480585814E0,5.289979456E0
8.205245689E0,8.664125800E-1,3.782909870E0,3.129762650E0,4.985628555E0
8.215235897E0,9.273790121E-1,2.041554928E0,2.256675005E0,3.181282828E0
8.225239699E0,7.686299682E-1,3.302507401E-1,1.994764566E0,2.163086511E0
8.235236834E0,2.206108570E0,-1.007436752E0,4.491774440E-1,2.466496343E0
8.245237355E0,2.242954016E0,-2.298502922E0,3.187709749E-1,3.227316739E0
8.255244387E0,2.270718575E0,-2.439167023E0,2.176560760E-1,3.339621652E0
8.265235532E0,2.207167625E0,-2.489511490E0,1.529245824E-1,3.330561861E0
8.275358293E0,2.040278435E0,-2.376946449E0,-1.779257298E0,3.602550075E0
8.285242512E0,6.428424716E-1,-9.557161331E-1,-1.999076486E0,2.307151180E0
8.295247512E0,6.540595889E-1,5.740871429E-1,-3.020496130E0,3.143368713E0
8.305256522E0,-7.477858067E-1,2.227485657E0,-3.075838804E0,3.870614979E0
8.315238397E0,-1.768030763E0,3.558944702E0,-3.050143719E0,5.009530604E0
8.325233241E0,-2.657877207E0,4.356167793E0,-2.924394131E0,5.881546576E0
8.335238397E0,-2.812048435E0,4.403032780E0,-1.721975446E0,5.500864795E0
8.345236834E0,-2.890146971E0,4.368968010E0,-1.997119486E-1,5.242205247E0
8.355244387E0,-2.844997168E0,4.244579792E0,-1.705655456E-1,5.112686094E0
8.365237095E0,-9.937225580E-1,2.374413013E0,1.052560687E0,2.780864197E0
8.375240220E0,6.210901141E-1,1.406069756E0,1.701021791E0,2.292653532E0
8.385241522E0,1.752449989E0,4.294986725E-1,1.726685524E0,2.497397240E0
8.395233709E0,3.083058357E0,-9.922876358E-1,1.742551923E0,3.677821473E0
8.405244647E0,4.141973495E0,-9.750947952E-1,1.703940630E0,4.583684977E0
8.415237355E0,4.867721081E0,-1.059597969E0,1.530545712E0,5.211528236E0
8.425235793E0,4.970744610E0,-2.097524643E0,-4.523376226E-1,5.414103890E0
8.435236834E0,4.937392235E0,-2.126463890E0,-4.723214805E-1,5.396552449E0
8.445237876E0,4.777910709E0,-2.156889915E0,-1.674822450E0,5.503238600E0
8.455347668E0,3.935863733E0,-2.227765083E0,-1.893278122E0,4.902903491E0
8.465234022E0,3.635247231E0,-2.923523903E0,-2.887842894E0,5.486497154E0
8.475267355E0,2.742489815E0,-3.009322166E0,-3.003021002E0,5.059190194E0
8.485234074E0,2.569014788E0,-3.698123932E0,-3.111287594E0,5.473213689E0
8.495239178E0,2.449952364E0,-3.796432495E0,-3.155139923E0,5.510905026E0
8.505242564E0,2.434099436E0,-4.687669754E0,-3.175597429E0,6.163076084E0
8.515239178E0,3.378104925E0,-4.833976746E0,-3.147280931E0,6.684631727E0
8.525236053E0,4.080864429E0,-5.776847839E0,-3.135811090E0,7.736842809E0
8.535237616E0,4.747087479E0,-5.784075737E0,-3.129828691E0,8.110869207E0
8.545233970E0,5.473577976E0,-5.583690643E0,-3.715262175E0,8.656837187E0
8.555243084E0,5.407018185E0,-5.485383987E0,-3.692324638E0,8.541577394E0
8.565238137E0,5.255828857E0,-5.414889336E0,-3.661563635E0,8.387598688E0
8.575237355E0,4.401098251E0,-5.390082359E0,-3.579809189E0,7.825451264E0
8.585238918E0,3.018197775E0,-5.441224098E0,-3.429601431E0,7.104829588E0
8.595236834E0,1.311068416E0,-5.585033417E0,-2.699461699E0,6.340235967E0
8.605241782E0,-1.479172468E0,-6.782504082E0,-1.958764076E0,7.212979240E0
8.615236314E0,-2.659130573E0,-7.637896538E0,-1.761841774E0,8.277229329E0
8.625235272E0,-4.690273762E0,-8.357291222E0,-1.058964133E0,9.641804269E0
8.635307355E0,-6.441777229E0,-8.468231201E0,-9.452761412E-1,1.068180605E1
8.645241314E0,-7.715868473E0,-9.154311180E0,-8.379361033E-1,1.200159058E1
8.655252095E0,-8.478680611E0,-9.159883499E0,-7.700424194E-1,1.250537708E1
8.665242876E0,-8.489381790E0,-9.098346710E0,-7.772378922E-1,1.246810390E1
8.675238657E0,-8.278398514E0,-8.966425896E0,-8.912246823E-1,1.223613324E1
8.685238918E0,-7.166443825E0,-8.170689583E0,-1.916338682E0,1.103587057E1
8.695240480E0,-5.978494167E0,-8.010573387E0,-2.013386011E0,1.019634257E1
8.705251678E0,-4.695235252E0,-7.068908691E0,-2.057797432E0,8.732080762E0
8.715248293E0,-3.498800039E0,-6.885609627E0,-1.948987842E0,7.965662261E0
8.725252199E0,-6.320497990E-1,-4.937854767E0,5.278261900E-1,5.006046058E0
8.735251678E0,-4.392405152E-1,-4.180353165E0,5.546888113E-1,4.239807129E0
8.745254282E0,-4.563812613E-1,-3.305692673E0,3.818532228E-1,3.358824167E0
8.755246730E0,-2.845717967E-1,-2.316046715E0,2.203574657E0,3.209485124E0
8.765247251E0,-1.497231424E-1,-5.458106995E-1,2.933879852E0,2.987972109E0
8.775244647E0,-4.854727536E-2,-5.233697891E-1,3.056472778E0,3.101338198E0
8.785248032E0,9.312533736E-1,1.439416885E0,3.083526134E0,3.528071320E0
8.795247772E0,9.285384417E-1,2.834274292E0,3.072042942E0,4.281675167E0
8.805247512E0,-1.083568186E-1,4.172838688E0,3.058500528E0,5.174818779E0
8.815292772E0,-6.788268685E-2,5.443522453E0,3.031155109E0,6.230926581E0
8.825234699E0,-3.065651655E-2,6.599433899E0,2.980737209E0,7.241426788E0
8.835252564E0,-1.375141382E0,7.539278984E0,2.897237539E0,8.193029158E0
8.845243657E0,-2.139965534E0,9.091164589E0,2.799179077E0,9.750083568E0
8.855248814E0,-2.860772848E0,9.106557846E0,2.667730808E0,9.911115213E0
8.865236834E0,-3.030138731E0,9.120892525E0,2.497227669E0,9.930184651E0
8.875244647E0,-4.048095226E0,9.134143829E0,2.287503481E0,1.024950392E1
8.885245949E0,-4.159675121E0,9.146249771E0,1.321270823E0,1.013422610E1
8.895246991E0,-4.224712849E0,8.958201408E0,4.860362411E-1,9.916340169E0
8.905246991E0,-4.241126537E0,9.008955956E0,-2.171062946E0,1.019126862E1
8.915246730E0,-4.100292206E0,9.018177032E0,-4.464835167E0,1.086621674E1
8.925246209E0,-3.983426571E0,9.025448799E0,-7.298562527E0,1.227173289E1
8.935245689E0,-3.830762863E0,8.830451012E0,-9.690594673E0,1.365866883E1
8.945238918E0,-3.550822020E0,5.779263020E0,-1.178886127E1,1.360093630E1
8.955237876E0,-1.889018893E0,2.470569611E0,-1.345129585E1,1.380613873E1
8.965237355E0,-3.055810332E-1,-9.230298996E-1,-1.437188148E1,1.440473330E1
8.975235532E0,9.751121998E-1,-4.906829834E0,-1.436235619E1,1.520871783E1
8.985236834E0,2.450278282E0,-7.659066200E0,-1.416113377E1,1.628505045E1
8.995266939E0,3.356879711E0,-9.537591934E0,-1.367090321E1,1.700376122E1
9.005255949E0,4.294249058E0,-1.056460953E1,-1.192125797E1,1.649751318E1
9.015298293E0,5.060380459E0,-1.060467148E1,-1.048596954E1,1.574871629E1
9.025235324E0,5.004013538E0,-9.621913910E0,-8.410301208E0,1.372423204E1
9.035237095E0,3.794815779E0,-7.439559937E0,-5.748892307E0,1.013890732E1
9.045240220E0,1.181902528E0,-4.924362183E0,-3.305217743E0,6.047371397E0
9.055240741E0,-1.237217188E-1,-2.859229088E0,-1.616179705E0,3.286720992E0
9.065237095E0,-2.222576618E0,-1.170584679E0,-1.231104374E0,2.797451214E0
9.075240480E0,-4.070852280E0,-3.069056511E0,-2.173254490E-1,5.102761654E0
9.085240741E0,-6.020122051E0,-6.311177254E0,4.700492859E0,9.907949382E0
9.095238397E0,-6.116622448E0,-7.000015259E0,6.235597610E0,1.119356786E1
9.105236574E0,-6.097177029E0,-6.954233170E0,6.287667751E0,1.118354561E1
9.115234491E0,-5.253663063E0,-6.767170906E0,6.299872875E0,1.063409497E1
9.125236834E0,-4.047335625E0,-5.189702034E0,6.966234207E0,9.583441547E0
9.135236053E0,-2.466070652E0,-3.304531097E0,7.738506794E0,8.768461532E0
9.145236314E0,-7.364752293E-1,-1.022091866E0,8.279105186E0,8.374404470E0
9.155236834E0,1.220474005E0,2.122933388E0,7.161782742E0,7.568852952E0
9.165235793E0,1.372714162E0,3.797711849E0,5.531409264E0,6.848609195E0
9.175242043E0,2.625686169E0,3.880282402E0,4.349524975E0,6.392901288E0
9.185239126E0,2.851594448E0,3.093164444E0,3.974158764E0,5.787330564E0
9.195231053E0,3.581572533E0,1.380421162E0,2.864231825E0,4.789263862E0
9.205235584E0,3.632800102E0,-8.537864685E-1,2.594801426E0,4.545237327E0
9.215244647E0,3.623124123E0,-2.253471375E0,2.299260378E0,4.846829884E0
9.225238137E0,3.568121910E0,-3.300849915E0,6.352396607E-1,4.902105012E0
9.235238918E0,3.395522118E0,-3.367273331E0,5.122618675E-1,4.809419129E0
9.245238918E0,2.490699053E0,-3.304180145E0,4.187469780E-1,4.158910583E0
9.255242043E0,1.160182714E0,-6.869974136E-1,-1.721452951E0,2.186638891E0
9.265241522E0,-6.006202698E-1,8.298387527E-1,-1.961507559E0,2.212891540E0
9.275239959E0,-1.750964165E0,2.669723511E0,-2.794876814E0,4.243186955E0
9.285236834E0,-2.832515717E0,4.154671669E0,-2.747843504E0,5.730190737E0
9.295237876E0,-3.065474510E0,4.951999187E0,-1.860230684E0,6.113909398E0
9.305238137E0,-3.216369152E0,4.967812538E0,-8.710566163E-1,5.981883613E0
9.315237876E0,-3.157262564E0,4.858937263E0,7.173743844E-2,5.795060352E0
9.325226470E0,-2.104686975E0,3.902481556E0,1.287734151E0,4.617069287E0
9.335236574E0,-6.013841629E-1,2.960220337E0,2.115972996E0,3.688076609E0
9.345250116E0,7.838526368E-1,1.877436638E0,2.277442932E0,3.053840139E0
9.355239230E0,2.959572792E0,7.650403976E-1,3.019696236E0,4.296850390E0
9.365226626E0,4.554794312E0,-8.128347397E-1,3.001000166E0,5.514784994E0
9.375234126E0,5.700880051E0,-7.947902679E-1,2.895769596E0,6.443384706E0
9.385235845E0,5.852201939E0,-7.761297226E-1,2.156337023E0,6.284937091E0
9.395239178E0,5.908072472E0,-7.567787170E-1,1.946320653E0,6.266274686E0
9.405240220E0,5.797364235E0,-7.331066132E-1,9.446932673E-1,5.919402229E0
9.415239439E0,4.832993031E0,-8.020973206E-1,-2.303232849E-1,4.904511246E0
9.425239178E0,3.780101061E0,-7.706308365E-1,-2.792597115E-1,3.867948022E0
9.435240220E0,1.846884370E0,-7.230253220E-1,-1.700870752E0,2.612797123E0
9.445238657E0,1.561172009E0,-2.055003166E0,-2.558025360E0,3.633701941E0
9.455238137E0,1.338908911E0,-2.881511688E0,-2.709442616E0,4.175747354E0
9.465237876E0,1.201603174E0,-3.702053070E0,-2.824547291E0,4.809065868E0
9.475237095E0,1.163287401E0,-4.537467957E0,-2.879712105E0,5.498599353E0
9.485236314E0,1.820686936E0,-5.263664246E0,-2.900393724E0,6.279597596E0
9.495238918E0,1.891491771E0,-5.371830940E0,-2.869963169E0,6.377381701E0
9.505236314E0,2.977362156E0,-5.435991287E0,-2.847728252E0,6.820868191E0
9.515235793E0,3.642137051E0,-5.412015915E0,-2.811709881E0,7.103575931E0
9.525253501E0,4.272503853E0,-5.322134018E0,-2.766298294E0,7.364224734E0
9.535232668E0,4.325650692E0,-5.228515625E0,-2.713537216E0,7.308345488E0
9.545237668E0,4.873919487E0,-5.156011581E0,-2.700026035E0,7.591421947E0
9.555224855E0,4.796940327E0,-5.106757164E0,-2.732359886E0,7.520332159E0
9.565235376E0,4.594720840E0,-5.086754799E0,-3.325164795E0,7.618612400E0
9.575239178E0,3.374501228E0,-5.135936737E0,-3.222865582E0,6.939161856E0
9.585238918E0,2.142829895E0,-5.282282829E0,-3.049376011E0,6.464744844E0
9.595242303E0,6.816887856E-1,-6.555377007E0,-1.923284769E0,6.865616622E0
9.605239178E0,-1.356927395E0,-7.348010063E0,-1.736713767E0,7.671419592E0
9.615237355E0,-4.690507412E0,-8.206487656E0,-9.989868999E-1,9.505013112E0
9.625236574E0,-6.037844181E0,-9.079008102E0,-8.503521681E-1,1.093650078E1
9.635240741E0,-7.026885986E0,-9.116987228E0,6.176154613E-1,1.152727338E1
9.645237616E0,-7.120007515E0,-9.089241028E0,4.856360555E-1,1.155615212E1
9.655237095E0,-7.038278103E0,-8.985719681E0,5.439150929E-1,1.142700138E1
9.665236574E0,-6.166827202E0,-8.271227837E0,5.786115527E-1,1.033333242E1
9.675233970E0,-4.997479439E0,-8.091587067E0,-9.738186002E-1,9.560172837E0
9.685235532E0,-3.613934517E0,-6.955186844E0,-1.010269761E0,7.902897678E0
9.695236834E0,-2.334638357E0,-6.134730339E0,-9.394072294E-1,6.630832416E0
9.705261053E0,-7.169095278E-1,-5.282820702E0,5.192651749E-1,5.356471801E0
9.715234907E0,-5.328165889E-1,-4.495624542E0,5.493592024E-1,4.560299231E0
9.725240532E0,-3.580457270E-1,-3.721198082E0,5.427962542E-1,3.777583842E0
9.735225741E0,-1.924036294E-1,-2.838854790E0,5.379706025E-1,2.895777623E0
9.745232616E0,-2.566985190E-1,-1.748575211E0,1.925462842E0,2.613583087E0
9.755238657E0,-1.590753794E-1,-3.278188705E-1,2.049202204E0,2.081345685E0
9.765237876E0,-1.059104502E-1,7.433395386E-1,3.066239357E0,3.156832984E0
9.775241522E0,-5.507096648E-2,2.115554810E0,3.110132217E0,3.761851588E0
9.785240480E0,-5.626127124E-3,3.443615437E0,3.116622686E0,4.644551205E0
9.795241262E0,-1.183577999E-1,5.943249702E0,3.023453236E0,6.669145002E0
9.805240220E0,-7.348405570E-2,6.986739159E0,2.949340820E0,7.584097524E0
9.815236574E0,-1.586018562E0,7.753074646E0,2.842447281E0,8.408634128E0
9.825237355E0,-1.662221909E0,7.865540504E0,2.731898785E0,8.490758510E0
9.835241001E0,-1.771069050E0,9.306755066E0,2.604424238E0,9.825243053E0
9.845237876E0,-2.532829523E0,9.321126938E0,2.437351227E0,9.961893083E0
9.855241782E0,-2.620723248E0,9.334462166E0,2.254302979E0,9.954007042E0
9.865236053E0,-2.724067926E0,9.346689224E0,2.066053629E0,9.952372738E0
9.875236834E0,-3.439019918E0,9.357707977E0,1.170791268E0,1.003814270E1
9.885237459E0,-3.460420847E0,9.168291092E0,9.203383923E-1,9.842717955E0
9.895248137E0,-3.474674940E0,9.177202225E0,-8.178569674E-1,9.846994294E0
9.905243918E0,-3.459936142E0,9.184452057E0,-1.985253453E0,1.001331858E1
9.915251887E0,-3.429223061E0,9.189698219E0,-4.312707901E0,1.071492294E1
9.925239959E0,-4.115693569E0,9.192863464E0,-7.066545963E0,1.230381014E1
9.935235845E0,-4.035428524E0,6.021650791E0,-9.892172813E0,1.226376959E1
9.945248293E0,-3.739315510E0,2.686756134E0,-1.250318146E1,1.332406415E1
9.955250897E0,-1.879203796E0,-7.571821213E-1,-1.442832756E1,1.456987879E1
9.965246209E0,-2.406290174E-1,-4.768291473E0,-1.556529808E1,1.628106293E1
9.975251939E0,2.248390436E0,-9.034833908E0,-1.558192730E1,1.815158235E1
9.985246730E0,3.226171732E0,-9.139163971E0,-1.509234715E1,1.793631636E1
9.995248814E0,4.406506538E0,-9.078881264E0,-1.305739307E1,1.650269368E1
1.000524595E1,4.572080612E0,-7.596802711E0,-1.068608379E1,1.388552193E1
1.001524933E1,4.364525795E0,-5.114410400E0,-7.695035934E0,1.021860349E1
1.002524647E1,1.114647865E0,-2.431959152E0,-4.769598484E0,5.468631902E0
1.003524855E1,-1.392736435E-1,-8.454036713E-1,-2.896336794E0,3.020409134E0
1.004524699E1,-2.202624083E0,-8.980112076E-1,-2.440722466E0,3.408093768E0
1.005525142E1,-3.579555035E0,-9.542417526E-1,-2.041747808E0,4.229955754E0
1.006523501E1,-4.315122604E0,-4.439704895E0,-3.666141033E-1,6.202069699E0
1.007525355E1,-4.454172134E0,-6.773357391E0,1.740013599E0,8.291300687E0
1.008524288E1,-4.492435932E0,-8.229630470E0,3.070812941E0,9.866037219E0
1.009524860E1,-4.382478714E0,-8.301051140E0,4.392839909E0,1.036390912E1
1.010524053E1,-3.137471914E0,-8.181606293E0,4.391202927E0,9.801279237E0
1.011524803E1,-2.134830713E0,-6.591782570E0,5.046806812E0,8.572010186E0
1.012524933E1,-1.325817823E0,-4.123100281E0,6.328220367E0,7.668384566E0
1.013524595E1,-1.161396742E0,-9.551296234E-1,7.501971245E0,7.651188636E0
1.014525246E1,-1.023913980E0,2.601940155E0,7.363273621E0,7.876312006E0
1.015524907E1,-8.504223824E-1,6.315887928E0,5.210818291E0,8.232028049E0
1.016524621E1,-7.030719519E-1,6.301428795E0,4.329663754E0,7.677779838E0
1.017525480E1,8.131647110E-2,4.929266453E0,4.104933262E0,6.415197364E0
1.018523996E1,1.228576779E0,2.857623100E0,3.891825914E0,4.982140066E0
1.019523762E1,1.314346910E0,4.743661880E-1,3.668227434E0,3.925356492E0
1.020523371E1,1.397943258E0,-7.273273468E-1,2.838414192E0,3.246512829E0
1.021523866E1,2.950504303E0,-3.333694458E0,2.618369102E0,5.164770192E0
1.022524647E1,3.089911938E0,-4.251803398E0,1.374809146E0,5.432815854E0
1.023523579E1,3.152338028E0,-4.259098053E0,1.287197113E0,5.452891680E0
1.024523329E1,3.079936028E0,-3.538213730E0,1.204055190E0,4.843006425E0
1.025525699E1,2.922112465E0,-2.076664925E0,-3.248810768E-3,3.584869457E0
1.026523866E1,1.185659766E0,-6.552600861E-1,-7.987103462E-1,1.572607096E0
1.027523970E1,1.176269531E0,1.829817295E0,-9.822008014E-1,2.386746689E0
1.028524444E1,1.168084264E0,3.578727722E0,-1.083316565E0,3.917306184E0
1.029523736E1,-7.377265692E-1,4.742235184E0,-1.038434148E0,4.910334053E0
1.030523683E1,-9.382023811E-1,4.834840298E0,-3.599711061E-1,4.938166017E0
1.031523605E1,-1.714728355E0,4.826305866E0,5.642923713E-1,5.152858190E0
1.032523715E1,-1.718528628E0,4.674900055E0,5.751811266E-1,5.013867220E0
1.033524074E1,-8.839482069E-1,2.668092728E0,6.332889199E-1,2.881169570E0
1.034523814E1,-7.550715208E-1,1.884104252E0,6.517029405E-1,2.131829861E0
1.035524100E1,9.516186118E-1,1.723303318E0,4.696406722E-1,2.023836621E0
1.036524022E1,1.042814732E0,7.610521317E-1,4.897322357E-1,1.380760868E0
1.037524282E1,1.132825255E0,6.768016815E-1,5.100825429E-1,1.414757144E0
1.038523710E1,2.446322918E0,5.679702759E-1,5.289124250E-1,2.566482886E0
1.039523631E1,2.607817650E0,-6.172704697E-1,5.480334759E-1,2.735338447E0
1.040523631E1,3.500604153E0,-7.005720139E-1,3.631334901E-1,3.588439286E0
1.041523579E1,3.563106060E0,-6.728181839E-1,3.776497841E-1,3.645686281E0
1.042525131E1,4.268623829E0,-1.698764801E0,3.923081160E-1,4.610949674E0
1.043525543E1,4.322573185E0,-2.748059273E0,-8.060548306E-1,5.185189784E0
1.044524626E1,4.945309162E0,-3.826300621E0,-9.176501036E-1,6.319710505E0
1.045523428E1,4.941195965E0,-4.745661736E0,-1.027155995E0,6.927609422E0
1.046523610E1,5.474861145E0,-5.405945778E0,-1.650789738E0,7.869146146E0
1.047524569E1,5.366696835E0,-5.506568909E0,-1.710679650E0,7.877192452E0
1.048523689E1,5.201530933E0,-6.224885941E0,-1.803310633E0,8.310057657E0
1.049523944E1,5.017594337E0,-6.244124413E0,-1.935073137E0,8.240743332E0
1.050524126E1,4.791903019E0,-6.233139038E0,-2.742825031E0,8.326910950E0
1.051523814E1,4.607931614E0,-6.123941422E0,-2.767997265E0,8.148466184E0
1.052524282E1,4.408038139E0,-6.080305099E0,-2.687812090E0,7.976543372E0
1.053523710E1,4.166857719E0,-6.083588600E0,-2.575228691E0,7.810541359E0
1.054524074E1,3.335340500E0,-6.171200752E0,-2.459067106E0,7.433385905E0
1.055523657E1,2.300671339E0,-6.950730324E0,-2.331796408E0,7.683945284E0
1.056523762E1,8.820486069E-1,-7.097647667E0,-1.511319160E0,7.310177683E0
1.057524074E1,-1.107297778E0,-8.088827133E0,-1.318619013E0,8.270065832E0
1.058523501E1,-2.947527409E0,-8.188905716E0,-5.024421215E-1,8.717714307E0
1.059523605E1,-5.146169662E0,-8.300082207E0,-4.233992100E-1,9.775156967E0
1.060537381E1,-7.157402992E0,-8.984906197E0,-3.669009209E-1,1.149310982E1
1.061524637E1,-8.636346817E0,-8.984183311E0,-3.346914649E-1,1.246651734E1
1.062526074E1,-9.453271866E0,-8.890844345E0,-3.367434144E-1,1.298171246E1
1.063523486E1,-9.411289215E0,-8.124869347E0,-3.469868302E-1,1.243809738E1
1.064523506E1,-8.539908409E0,-7.950942993E0,-4.391605854E-1,1.167648886E1
1.065523710E1,-7.174255848E0,-6.999118805E0,-1.109564424E0,1.008408371E1
1.066524074E1,-5.576800346E0,-6.833917618E0,-1.202927351E0,8.902256249E0
1.067524881E1,-3.907026529E0,-5.879175186E0,-1.265329242E0,7.171514154E0
1.068523579E1,-2.326161623E0,-5.695777893E0,-1.212626934E0,6.270835493E0
1.069523683E1,-4.471269250E-1,-4.422026634E0,7.097243071E-1,4.500883317E0
1.070523605E1,-2.614558339E-1,-3.211529732E0,7.359202504E-1,3.305126470E0
1.071523892E1,-8.507221192E-2,-2.289793968E0,2.433538914E0,3.342529782E0
1.072524282E1,6.333129108E-2,-1.162064552E0,3.363586426E0,3.559230046E0
1.073523736E1,-3.545280918E-2,-1.930074692E-1,4.172272682E0,4.176884978E0
1.074523762E1,1.277944446E-2,1.640159607E0,4.306601048E0,4.608372753E0
1.075523866E1,6.053574011E-2,3.148736954E0,4.863216400E0,5.793883217E0
1.076523814E1,1.063252464E-1,4.661425591E0,4.748752594E0,6.655136722E0
1.077524178E1,1.516523957E-1,6.098505020E0,4.577271461E0,7.626675289E0
1.078536329E1,-6.279885769E-3,7.338562965E0,4.377739906E0,8.545124488E0
1.079524142E1,3.438271582E-2,8.301844597E0,4.173663616E0,9.292000531E0
1.080524730E1,7.333942503E-2,9.564808846E0,3.944449902E0,1.034647921E1
1.081524595E1,-1.442432284E0,9.581305504E0,3.075229645E0,1.016558230E1
1.082524183E1,-1.582864761E0,9.596146584E0,2.867449522E0,1.013971187E1
1.083523944E1,-2.612612247E0,9.409800529E0,2.620314121E0,1.011118860E1
1.084524256E1,-2.757860422E0,9.421663284E0,1.585239887E0,9.944170084E0
1.085524308E1,-3.717324018E0,9.431541443E0,1.325344801E0,1.022394301E1
1.086523683E1,-3.813075542E0,9.439203262E0,-6.401426792E-1,1.020038656E1
1.087524178E1,-3.862456560E0,9.286190033E0,-2.305501938E0,1.031829614E1
1.088523553E1,-3.755927563E0,9.291230202E0,-4.620947838E0,1.103571971E1
1.089523970E1,-3.642415762E0,9.293513298E0,-7.530986786E0,1.250409309E1
1.090523970E1,-3.460462570E0,7.929981232E0,-1.083609486E1,1.386651922E1
1.091523710E1,-2.161689520E0,5.116028786E0,-1.269787407E1,1.385938880E1
1.092524152E1,-5.036661625E-1,1.452278614E0,-1.450248909E1,1.458372321E1
1.093523579E1,8.448808789E-1,-2.225841522E0,-1.554006767E1,1.572138345E1
1.094523736E1,2.898495913E0,-5.313724518E0,-1.556581688E1,1.670124552E1
1.095523657E1,4.098180294E0,-7.513969421E0,-1.540124702E1,1.761968297E1
1.096535683E1,4.432518482E0,-8.784020424E0,-1.491201401E1,1.786545260E1
1.097526090E1,5.682739258E0,-8.926771164E0,-1.322417545E1,1.693692963E1
1.098525340E1,5.794486046E0,-8.884038925E0,-1.132120609E1,1.551360447E1
1.099523428E1,5.592209816E0,-7.110668182E0,-8.282712936E0,1.226530661E1
1.100523428E1,3.540187120E0,-4.711707115E0,-5.427332878E0,8.011806972E0
1.101524048E1,1.152279735E0,-2.504476547E0,-2.490439177E0,3.715163342E0
1.102524282E1,-1.560275912E0,-8.996887207E-1,-5.418167114E-1,1.880815266E0
1.103523736E1,-4.152857780E0,-9.799556732E-1,-1.615290642E-1,4.269968677E0
1.104523814E1,-6.245330334E0,-3.479724884E0,1.397514343E-1,7.150675962E0
1.105523996E1,-7.630008221E0,-7.403787613E0,5.434694290E0,1.194022607E1
1.106523710E1,-7.732019424E0,-7.531430244E0,6.868237495E0,1.279371925E1
1.107524439E1,-7.601529121E0,-7.494513512E0,6.787660599E0,1.265003218E1
1.108523579E1,-6.072866917E0,-7.283037186E0,6.601201057E0,1.155414206E1
1.109523631E1,-4.412823200E0,-5.550207138E0,6.545457363E0,9.649912951E0
1.110523918E1,-2.519202709E0,-3.305739403E0,8.013717651E0,9.027400838E0
1.111523631E1,-6.554490328E-1,-7.837553024E-1,9.253980637E0,9.310211782E0
1.112524256E1,1.161467552E0,3.021638870E0,8.840025902E0,9.414104646E0
1.113523397E1,1.343369484E0,4.840638161E0,6.602443695E0,8.296305329E0
1.114536465E1,1.516124964E0,4.950799465E0,4.836204052E0,7.085049039E0
1.115523798E1,3.272799969E0,4.780557156E0,3.509070873E0,6.773368789E0
1.116525189E1,3.456504822E0,2.710327625E0,1.338178515E0,4.591734221E0
1.117526084E1,4.319297791E0,6.946640015E-1,1.187834382E0,4.533193355E0
1.118523663E1,4.352782249E0,-5.637569427E-1,1.045698047E0,4.511986215E0
1.119524621E1,4.359851837E0,-2.642767906E0,9.104146361E-1,5.178936672E0
1.120524517E1,4.324417114E0,-3.558117867E0,-1.028095961E0,5.693660284E0
1.121523710E1,4.118780136E0,-3.596040726E0,-1.232294798E0,5.604855857E0
1.122524751E1,2.980110645E0,-3.478111267E0,-1.327692509E0,4.768761353E0
1.123525194E1,1.134708643E0,-4.009962082E-1,-2.066297531E0,2.391222940E0
1.124524751E1,-8.730121851E-1,1.801478386E0,-2.110463381E0,2.908870972E0
1.125524986E1,-2.215925694E0,3.776061535E0,-2.129282951E0,4.868553510E0
1.126524699E1,-3.380782366E0,5.148594856E0,-2.025148392E0,6.483744628E0
1.127525012E1,-4.237968445E0,5.926389217E0,-1.314570189E0,7.403415460E0
1.128524543E1,-4.379087448E0,5.954662323E0,-4.805271029E-1,7.407112565E0
1.129524777E1,-4.349834442E0,5.865148544E0,7.438020110E-1,7.339909301E0
1.130524439E1,-3.598889828E0,4.963729858E0,6.305403709E-1,6.163457087E0
1.131528501E1,-2.378473282E0,3.856395721E0,2.252453327E0,5.059888250E0
1.132562699E1,-8.656663895E-1,2.507238865E0,2.455901623E0,3.614841325E0
1.133525345E1,9.570335746E-1,1.079173088E0,3.360830545E0,3.657281746E0
1.134523579E1,2.328151703E0,-4.972400665E-1,3.422564983E0,4.169111308E0
1.135525558E1,3.697232485E0,-5.865497589E-1,3.386932611E0,5.048255261E0
1.136524496E1,4.585526943E0,-5.764198303E-1,3.267197132E0,5.659849315E0
1.137524699E1,4.761085510E0,-1.830405235E0,2.414482594E0,5.643407194E0
1.138524673E1,4.787982941E0,-1.834934235E0,6.576566696E-1,5.169552841E0
1.139524803E1,4.611629009E0,-1.793003082E0,6.091969609E-1,4.985288669E0
1.140525168E1,3.366865635E0,-1.727601051E0,3.605741262E-1,3.801368608E0
1.141526418E1,2.286255360E0,-1.750593185E0,-1.282817841E0,3.152326392E0
1.142523553E1,9.234896898E-1,-2.378617287E0,-1.453985929E0,2.936788805E0
1.143524439E1,8.326702714E-1,-3.032139778E0,-1.611362696E0,3.533228149E0
1.144523866E1,2.253247023E0,-3.743099213E0,-1.698360085E0,4.687466356E0
1.145524282E1,3.375576735E0,-4.481952667E0,-1.778060794E0,5.885908442E0
1.146523553E1,4.764898777E0,-5.234003067E0,-2.455996752E0,7.492060365E0
1.147523710E1,6.166732311E0,-5.896067619E0,-2.472386599E0,8.882842803E0
1.148523840E1,7.348151684E0,-5.980157852E0,-2.531897068E0,9.806534753E0
1.149523683E1,8.128142357E0,-6.024371147E0,-3.260059357E0,1.062956880E1
1.150538767E1,8.108530998E0,-6.014124870E0,-3.241435051E0,1.060305966E1
1.151527637E1,8.014666557E0,-5.956206322E0,-3.195896387E0,1.048451370E1
1.152524584E1,7.729207993E0,-5.883717537E0,-3.156620979E0,1.021386529E1
1.153523564E1,6.165528774E0,-5.812401772E0,-3.076025486E0,9.014415800E0
1.154523767E1,4.446033001E0,-5.772887230E0,-2.908313274E0,7.845490585E0
1.155524491E1,2.450846672E0,-5.799676895E0,-1.982479095E0,6.600994233E0
1.156523605E1,3.462834358E-1,-5.908270836E0,-1.228028536E0,6.044471075E0
1.157524074E1,-1.308568120E0,-6.751458168E0,-1.022966862E0,6.952769169E0
1.158523996E1,-3.933286190E0,-6.907814026E0,-2.182148099E-1,7.952122520E0
1.159523605E1,-7.325750828E0,-8.140497208E0,-9.916502237E-2,1.095190183E1
1.160524360E1,-8.498447418E0,-8.950734138E0,9.350509644E-1,1.237794694E1
1.161526366E1,-9.208887100E0,-8.937599182E0,9.841782451E-1,1.287062110E1
1.162524074E1,-9.210488319E0,-8.829430580E0,1.028408766E0,1.280037359E1
1.163523475E1,-9.023053169E0,-8.062431335E0,-1.468608975E-1,1.210123364E1
1.164523866E1,-7.820758343E0,-7.872035027E0,-2.555629015E-1,1.109948237E1
1.165524230E1,-6.363519192E0,-6.844568253E0,-3.594243526E-1,9.352629413E0
1.166523683E1,-4.740552902E0,-6.652049065E0,-4.316605926E-1,8.179787861E0
1.167523892E1,-3.002425909E0,-5.607316017E0,-3.983594775E-1,6.373009064E0
1.168536819E1,-1.391786575E0,-5.453357697E0,-2.485003471E-1,5.633642912E0
1.169524272E1,-2.287257612E-1,-4.634414673E0,7.828469872E-1,4.705631120E0
1.170525189E1,1.154686093E0,-4.489656448E0,1.834041715E0,4.985381030E0
1.171527611E1,1.435788512E0,-3.300059319E0,2.747102022E0,4.527521361E0
1.172523480E1,1.641779661E0,-2.231156349E0,3.418032169E0,4.399595779E0
1.173523944E1,1.736635685E0,-6.704044342E-2,3.523663521E0,3.928944201E0
1.174524022E1,1.709651351E0,-4.504585266E-2,4.420848370E0,4.740130502E0
1.175524543E1,1.502516389E0,2.522095680E0,4.378701210E0,5.271768812E0
1.176523762E1,2.926015854E-1,4.400710583E0,4.295570850E0,6.156606066E0
1.177524335E1,-1.061726093E0,7.928288460E0,4.175422668E0,9.023257431E0
1.178523814E1,-1.232822418E0,9.693313599E0,4.031956673E0,1.057056546E1
1.179524048E1,-2.177119017E0,9.711898804E0,3.841727734E0,1.066863148E1
1.180524308E1,-2.325214863E0,1.114286995E1,3.641772032E0,1.195126263E1
1.181526236E1,-3.039203644E0,1.123206329E1,3.407329798E0,1.212459900E1
1.182523683E1,-3.099555492E0,1.129936790E1,2.515903950E0,1.198385297E1
1.183523657E1,-3.182535887E0,1.134747791E1,2.285173416E0,1.200482433E1
1.184523736E1,-3.243525982E0,1.136335182E1,1.330714464E0,1.189188910E1
1.185524152E1,-3.873675585E0,1.134095860E1,3.793804646E-1,1.199027247E1
1.186536069E1,-3.845885992E0,1.127413273E1,-7.671427131E-1,1.193672551E1
1.187524204E1,-3.804545403E0,1.112897110E1,-2.982580662E0,1.213360420E1
1.188541220E1,-3.790779591E0,9.348055840E0,-5.905646801E0,1.168900432E1
1.189524079E1,-4.780146599E0,9.343072891E0,-8.833743095E0,1.371779245E1
1.190524803E1,-4.752229691E0,7.061602592E0,-1.109522915E1,1.398406336E1
1.191526626E1,-4.500596523E0,3.304673195E0,-1.411923695E1,1.518318431E1
1.192523970E1,-2.830583096E0,-5.992975235E-1,-1.590817547E1,1.616914979E1
1.193523788E1,-1.014075518E0,-4.844474792E0,-1.688027763E1,1.759093682E1
1.194524204E1,1.434185505E0,-7.710181236E0,-1.667236900E1,1.842475701E1
1.195524673E1,3.509233475E0,-1.059294605E1,-1.528742504E1,1.892698048E1
1.196524230E1,5.070797443E0,-1.065781307E1,-1.315734673E1,1.767534269E1
1.197524204E1,5.321211815E0,-1.048232937E1,-9.118235588E0,1.487739038E1
1.198524360E1,5.085536480E0,-7.670373917E0,-5.998308182E0,1.098530921E1
1.199524048E1,1.817626715E0,-4.989193916E0,-2.647047758E0,5.933185034E0
1.200524256E1,-8.447554111E-1,-3.285818100E0,-1.245120049E0,3.613936389E0
1.201526444E1,-3.828164101E0,-3.433378220E0,-1.685615540E0,5.411490195E0
1.202523683E1,-5.676023960E0,-5.124451637E0,-1.167862654E0,7.735706545E0
1.203523683E1,-6.650810719E0,-6.560320854E0,1.742317200E0,9.502987012E0
1.204533579E1,-6.797732830E0,-7.466571808E0,3.441334009E0,1.066778543E1
1.205523538E1,-6.789268494E0,-7.465724945E0,5.156776428E0,1.133241187E1
1.206540574E1,-5.748280525E0,-7.324800491E0,5.102550507E0,1.061750691E1
1.207523767E1,-4.328914642E0,-6.024804115E0,5.058094025E0,8.978979996E0
1.208523710E1,-2.665463924E0,-4.232844353E0,6.320615768E0,8.060511953E0
1.209523736E1,-8.511903286E-1,-7.229890823E-1,8.723857880E0,8.795051705E0
1.210524465E1,3.281079531E-1,2.045482635E0,9.356762886E0,9.583353575E0
1.211526366E1,1.426101327E0,4.413149834E0,8.244639397E0,9.459584305E0
1.212523892E1,1.542819738E0,5.465029716E0,6.654664516E0,8.748222812E0
1.213524022E1,2.960169554E0,3.981584072E0,4.486891747E0,6.689380618E0
1.214523605E1,4.048586845E0,1.949698448E0,3.538309574E0,5.719441767E0
1.215524881E1,4.773184299E0,-5.885314941E-1,3.219156265E0,5.787281291E0
1.216524126E1,5.484408855E0,-2.494639397E0,1.543285012E0,6.219621760E0
1.217523657E1,5.529538631E0,-4.147032738E0,1.415056467E0,7.055215291E0
1.218523683E1,5.440472603E0,-5.044159889E0,1.290086150E0,7.530379367E0
1.219523657E1,5.194014549E0,-5.013888359E0,1.166796565E0,7.312884372E0
1.220524282E1,3.631085634E0,-4.224051476E0,-3.256469369E-1,5.579734732E0
1.221525980E1,2.301550865E0,-2.657650948E0,-1.304342866E0,3.749874032E0
1.222536782E1,9.684461355E-1,-2.722787857E-1,-2.114674807E0,2.341767109E0
1.223523683E1,-6.364414692E-1,1.815006256E0,-2.251596212E0,2.961248209E0
1.224542387E1,-2.293295383E0,4.035761833E0,-2.328119755E0,5.192948958E0
1.225524704E1,-3.702568531E0,5.671065331E0,-2.307478666E0,7.155029944E0
1.226523527E1,-4.631645679E0,6.502530098E0,-2.176988125E0,8.274920946E0
1.227523788E1,-4.784145355E0,6.540713310E0,-8.359266520E-1,8.146640458E0
1.228523428E1,-4.759751320E0,6.491263390E0,7.518114448E-1,8.084364754E0
1.229523918E1,-3.775803089E0,6.310720444E0,8.249806166E-1,7.400167194E0
1.230524387E1,-2.423584700E0,4.766892433E0,2.402918100E0,5.862682122E0
1.231526600E1,6.089907289E-1,1.600384235E0,3.273705482E0,3.694488733E0
1.232522647E1,2.473236799E0,-3.412523270E-1,3.385138512E0,4.206247277E0
1.233524204E1,3.998714447E0,-3.282279968E-1,3.369777679E0,5.239546970E0
1.234523710E1,5.066921711E0,-2.077937126E0,3.228393793E0,6.357204166E0
1.235524282E1,5.276490211E0,-2.212925911E0,2.033338308E0,6.072302258E0
1.236523657E1,5.322769642E0,-2.286016464E0,5.811660290E-1,5.821984360E0
1.237523892E1,5.156709194E0,-2.302333832E0,5.260611773E-1,5.671783771E0
1.238523840E1,3.865944386E0,-2.287290573E0,-1.096320152E0,4.623758432E0
1.239523762E1,2.761010170E0,-2.274011612E0,-1.316286445E0,3.811419155E0
1.240525808E1,1.738449097E0,-2.288625717E0,-2.100474596E0,3.559776182E0
1.241528845E1,1.417582870E0,-2.327371597E0,-2.202606201E0,3.503951173E0
1.242523215E1,3.019007146E-1,-2.978838921E0,-2.230554819E0,3.733630962E0
1.243523366E1,2.041679621E-1,-3.726753235E0,-2.141246796E0,4.302942257E0
1.244523663E1,2.013402939E0,-4.819956779E0,-2.041351795E0,5.608287787E0
1.245524100E1,3.492569208E0,-5.830995560E0,-1.943670511E0,7.069399122E0
1.246524881E1,5.147639275E0,-5.958169937E0,-1.961262345E0,8.114464190E0
1.247524881E1,6.648674011E0,-6.559329987E0,-2.531247377E0,9.676615589E0
1.248524907E1,7.761787891E0,-6.571681023E0,-2.512958050E0,1.047603460E1
1.249524933E1,9.049167633E0,-6.672510147E0,-2.308698177E0,1.147780091E1
1.250524933E1,8.946736336E0,-6.729452133E0,-1.538453221E0,1.130028563E1
1.251528371E1,6.379576683E0,-6.766043663E0,-1.467392564E0,9.414435004E0
1.252524855E1,3.911919117E0,-6.787428856E0,-1.452526927E0,7.967567767E0
1.253525064E1,9.505678415E-1,-6.823209763E0,-1.470467806E0,7.044291750E0
1.254524647E1,-1.634357333E0,-6.895631790E0,-1.485941768E0,7.240779282E0
1.255524673E1,-5.045175552E0,-6.984827995E0,-1.478328943E0,8.742258000E0
1.256524725E1,-7.749190331E0,-7.049067497E0,-1.468751788E0,1.057811586E1
1.257525116E1,-1.000698566E1,-7.056785583E0,-1.468017340E0,1.233260150E1
1.258523564E1,-1.188429070E1,-6.975771904E0,-1.449996352E0,1.385641542E1
1.259526251E1,-1.188124847E1,-6.149117470E0,-1.377716780E0,1.344893358E1
1.260523871E1,-1.178947163E1,-5.989266396E0,-1.203681350E0,1.327824544E1
1.261524642E1,-1.020366192E1,-5.167001724E0,-1.596657038E-1,1.143844904E1
1.262524178E1,-8.252959251E0,-5.042723656E0,1.002280593E0,9.723423505E0
1.263523782E1,-5.964423180E0,-4.914525032E0,8.614597321E-1,7.776182420E0
1.264523475E1,-3.654215336E0,-4.794535637E0,9.187663198E-1,6.097949921E0
1.265523814E1,-9.330497980E-1,-4.691776276E0,9.764147401E-1,4.882287608E0
1.266523892E1,-6.979297400E-1,-4.620143890E0,1.003044963E0,4.779009802E0
1.267523918E1,1.167547703E0,-4.540925980E0,8.405553102E-1,4.763371665E0
1.268523710E1,1.388766766E0,-4.413710594E0,2.166908741E0,5.109306003E0
1.269523657E1,1.448678374E0,-3.217607498E0,2.265545368E0,4.193371300E0
1.270523840E1,1.319854021E0,-1.962933540E0,3.227159739E0,4.001210154E0
1.271526340E1,-1.648030430E-1,1.136236191E-1,3.317863703E0,3.323896797E0
1.272523631E1,-3.060686886E-1,1.485945702E0,3.913176060E0,4.196982195E0
1.273523631E1,-2.484980822E-1,3.539128304E0,3.848274469E0,5.234156746E0
1.274523631E1,-1.923562288E-1,5.658186913E0,3.707349777E0,6.767312792E0
1.275524334E1,-1.393343508E-1,7.708024979E0,3.569106817E0,8.495386195E0
1.276523387E1,-8.905924857E-2,9.901894569E0,3.441873074E0,1.048341251E1
1.277525991E1,-1.171748042E0,9.720930099E0,3.294333220E0,1.033063923E1
1.278523829E1,-1.199937582E0,1.136600304E1,3.078158379E0,1.183642405E1
1.279524840E1,-1.232362986E0,1.140098763E1,2.104171038E0,1.165884956E1
1.280523803E1,-1.262044549E0,1.135839558E1,1.876082540E0,1.158126039E1
1.281525975E1,-1.309132576E0,1.121367836E1,1.036134124E0,1.133728294E1
1.282523866E1,-1.396645546E0,9.583362579E0,8.476929665E-1,9.721627460E0
1.283523918E1,-2.061929226E0,9.595326424E0,6.405321956E-1,9.835248995E0
1.284524048E1,-2.088612556E0,9.606174469E0,-5.054301023E-1,9.843594360E0
1.285524152E1,-2.195953369E0,8.440990448E0,-5.089905262E-1,8.736795883E0
1.286523710E1,-2.199843168E0,8.357268333E0,-7.501830459E-1,8.674446297E0
1.287524074E1,-2.165029526E0,8.262611389E0,-2.470014334E0,8.891516779E0
1.288523840E1,-2.123167753E0,8.142308235E0,-3.955084324E0,9.297726427E0
1.289523683E1,-2.087465286E0,7.358540535E0,-5.849518776E0,9.629252309E0
1.290523683E1,-2.087596893E0,7.182893753E0,-7.631099701E0,1.068577120E1
1.291526288E1,-2.059248447E0,5.349733353E0,-9.330718040E0,1.095091093E1
1.292523762E1,-1.902382135E0,3.151486397E0,-1.055973244E1,1.118297248E1
1.293523605E1,-1.058873415E0,-3.709659576E-1,-1.234412289E1,1.239500700E1
1.294523553E1,6.871901155E-1,-2.264706612E0,-1.318743420E1,1.339811729E1
1.295524923E1,8.402169943E-1,-4.581582069E0,-1.311408424E1,1.391675481E1
1.296524887E1,7.939320207E-1,-6.322121620E0,-1.284492874E1,1.433847078E1
1.297524105E1,9.474503398E-1,-7.452851295E0,-1.240829849E1,1.450546539E1
1.298523689E1,2.159040213E0,-7.579978943E0,-1.192813587E1,1.429678148E1
1.299523579E1,2.208461285E0,-7.570655823E0,-1.138212872E1,1.384720134E1
1.300523996E1,1.147127628E0,-6.454216003E0,-9.666009903E0,1.167923600E1
1.301525819E1,-2.381590605E-1,-4.754387856E0,-7.295730591E0,8.711406802E0
1.302523736E1,-2.521116972E0,-3.236459732E0,-3.659575462E0,5.497562637E0
1.303523710E1,-8.870014191E0,-4.898788452E0,-3.240101576E0,1.063830523E1
1.304523631E1,-1.036615372E1,-7.924483299E0,-9.809551239E-1,1.308498572E1
1.305523918E1,-1.048980999E1,-1.025229645E1,2.667158604E0,1.490836782E1
1.306523762E1,-1.042168236E1,-1.143825054E1,6.299210548E0,1.670703720E1
1.307523683E1,-8.931073189E0,-1.143283558E1,8.716351509E0,1.692479191E1
1.308523657E1,-7.110977173E0,-1.126788330E1,9.747938156E0,1.650919407E1
1.309523683E1,-4.273117065E0,-9.610313416E0,1.064187431E1,1.496219042E1
1.310523736E1,-6.795426607E-1,-7.226571083E0,1.342092514E1,1.525799264E1
1.311526027E1,3.795158625E0,-2.679594994E0,1.464439392E1,1.536364968E1
1.312523673E1,7.055197716E0,2.092060089E0,1.291216660E1,1.486191698E1
1.313524944E1,8.780860901E0,5.494389534E0,1.068502712E1,1.488158725E1
1.314524720E1,9.035794258E0,7.114996910E0,7.864341259E0,1.393257415E1
1.315523558E1,9.128036499E0,7.134961605E0,5.393532276E0,1.277962902E1
1.316523506E1,8.984052658E0,5.674093246E0,3.193188906E0,1.109526889E1
1.317523605E1,7.922685623E0,3.420530319E0,1.441177964E0,8.749055325E0
1.318523944E1,6.825697422E0,8.606023788E-1,1.106116772E-1,6.880626185E0
1.319523866E1,5.455485344E0,-1.646045685E0,-1.627201438E-1,5.700724917E0
1.320523605E1,3.952721834E0,-3.796056747E0,-3.200643659E-1,5.489671933E0
1.321526111E1,8.527826667E-1,-5.284368515E0,6.069596410E-1,5.387038972E0
1.322523736E1,6.789399981E-1,-5.099391937E0,-5.883225799E-1,5.177922470E0
1.323523814E1,-1.468526363E0,-3.139107704E0,-2.370779514E0,4.198947769E0
1.324523579E1,-2.793724298E0,-2.032070160E-1,-3.542641878E0,4.516248446E0
1.325523683E1,-4.033221722E0,1.398939133E0,-4.250672340E0,6.024294440E0
1.326523683E1,-4.984159470E0,3.472402573E0,-4.228912830E0,7.401562603E0
1.327523605E1,-5.127299786E0,5.088536739E0,-4.074393272E0,8.293557125E0
1.328523553E1,-5.115688324E0,6.024730206E0,-2.725587845E0,8.360410886E0
1.329523762E1,-4.984377861E0,6.063583374E0,-1.455850124E0,7.983142588E0
1.330523501E1,-3.791989565E0,5.960518837E0,6.284329295E-1,7.092383070E0
1.331528897E1,-2.521937370E0,4.915424824E0,2.005424976E0,5.877354731E0
1.332557699E1,-1.162064791E0,3.742818356E0,3.593511581E0,5.317180579E0
1.333524491E1,5.477184653E-1,2.423045158E0,4.646484375E0,5.268867089E0
1.334523506E1,1.701065302E0,1.128644943E0,4.762299061E0,5.181404724E0
1.335523527E1,3.032028913E0,-3.381309509E-1,4.741552353E0,5.638248894E0
1.336523866E1,4.238191128E0,-3.241529465E-1,3.589362621E0,5.563349998E0
1.337524048E1,5.161799431E0,-3.017511368E-1,1.931599736E0,5.519629032E0
1.338524074E1,5.258744240E0,-1.790639877E0,8.312966824E-1,5.617102129E0
1.339523579E1,5.172874451E0,-1.970260620E0,-2.204719543E0,5.958300534E0
1.340523762E1,4.368476868E0,-2.798184395E0,-2.998383522E0,5.991972112E0
1.341526288E1,3.454441309E0,-2.855422020E0,-3.177097321E0,5.493682467E0
1.342524074E1,2.530075073E0,-2.926055908E0,-3.342790127E0,5.112467984E0
1.343523657E1,2.214194298E0,-3.523923874E0,-3.467271805E0,5.416887448E0
1.344523683E1,1.191673279E0,-3.601327896E0,-3.486021042E0,5.151891936E0
1.345523631E1,1.082300067E0,-4.251625061E0,-3.406347275E0,5.554357825E0
1.346523683E1,1.687309742E0,-4.313110352E0,-3.286238194E0,5.678846409E0
1.347523710E1,2.620366812E0,-4.345985413E0,-3.162034035E0,5.979328614E0
1.348523496E1,3.871217251E0,-4.332248688E0,-3.027042389E0,6.551159235E0
1.349524147E1,5.194576263E0,-4.307624817E0,-2.839131117E0,7.321196597E0
1.350525392E1,6.419825554E0,-4.297092438E0,-2.064925671E0,7.996441808E0
1.351524683E1,7.341898441E0,-4.333127022E0,-1.803086281E0,8.713815619E0
1.352523746E1,7.360480309E0,-4.453076363E0,-4.292339087E-1,8.613408223E0
1.353523454E1,7.243800163E0,-5.434471130E0,1.267705679E0,9.144025096E0
1.354523762E1,6.086764336E0,-6.235454559E0,1.375467300E0,8.821649729E0
1.355524048E1,4.187751293E0,-7.147552490E0,1.452763796E0,8.410427465E0
1.356524048E1,1.709671736E0,-8.073841095E0,1.520825863E0,8.391829287E0
1.357523944E1,-3.731292963E0,-9.582592010E0,1.382349491E0,1.037590993E1
1.358523657E1,-6.199409962E0,-9.657957077E0,1.349027395E0,1.155546164E1
1.359523918E1,-8.130113602E0,-9.647542953E0,1.315691352E0,1.268482857E1
1.360523527E1,-9.452503204E0,-9.542493820E0,1.282620788E0,1.349274328E1
1.361523657E1,-9.620257378E0,-8.700703621E0,1.251119018E0,1.303138114E1
1.362523736E1,-9.555288315E0,-7.916391373E0,1.021771550E0,1.245057445E1
1.363523683E1,-8.588859558E0,-7.045766830E0,-4.624153376E-1,1.111868547E1
1.364525897E1,-7.071757793E0,-6.152521133E0,-6.178653240E-1,9.393882698E0
1.365524673E1,-5.239192009E0,-5.229801178E0,-7.171998620E-1,7.437360346E0
1.366523610E1,-3.375220537E0,-4.459610939E0,-7.098550200E-1,5.637742239E0
1.367525939E1,-7.862159014E-1,-4.297302246E0,-6.420226693E-1,4.415556040E0
1.368523855E1,-5.528540611E-1,-3.521546364E0,7.638894916E-1,3.645608805E0
1.369524704E1,1.159755707E0,-3.418131828E0,7.638081908E-1,3.689452730E0
1.370523543E1,2.005710840E0,-2.689154625E0,2.264852762E0,4.047713750E0
1.371524621E1,2.231797457E0,-1.997578621E0,3.276000977E0,4.438853752E0
1.372524204E1,2.361041784E0,-1.101979256E0,4.212605476E0,4.953273815E0
1.373524595E1,2.340910196E0,1.260070801E-1,4.309408188E0,4.905786100E0
1.374524803E1,2.188154936E0,1.547430992E0,4.356884480E0,5.115174197E0
1.375525298E1,4.655406624E-2,4.909446239E0,4.367099762E0,6.570874370E0
1.376524777E1,-1.496707499E-1,6.649189949E0,4.236242771E0,7.885422064E0
1.377524855E1,-1.464269459E-1,8.234319687E0,4.038297653E0,9.172421136E0
1.378524803E1,-1.652794361E0,9.882523537E0,3.802979708E0,1.071721304E1
1.379525116E1,-1.833651781E0,9.897466660E0,2.986534357E0,1.049959583E1
1.380524777E1,-2.848783255E0,9.910487175E0,2.780774355E0,1.068016985E1
1.381524543E1,-3.013177872E0,1.106703949E1,2.519613028E0,1.174338340E1
1.382524699E1,-3.826107502E0,1.107322025E1,1.375270367E0,1.179604484E1
1.383524387E1,-3.918824911E0,1.107256126E1,5.321826935E-1,1.175763667E1
1.384523548E1,-4.537384510E0,1.106034660E1,-6.653265953E-1,1.197337816E1
1.385525725E1,-4.541201591E0,1.100466537E1,-2.042191744E0,1.207873003E1
1.386523506E1,-4.511147499E0,1.089736748E1,-3.931406736E0,1.243217715E1
1.387524584E1,-4.457510471E0,1.072851944E1,-6.479885101E0,1.330261027E1
1.388523730E1,-5.263760090E0,9.539544106E0,-8.979976654E0,1.411913782E1
1.389523683E1,-5.809880733E0,8.177620888E0,-1.100973701E1,1.489437836E1
1.390523866E1,-5.640077114E0,5.366134167E0,-1.297279167E1,1.512941471E1
1.391523866E1,-4.546690464E0,1.583206177E0,-1.446890450E1,1.524887318E1
1.392523736E1,-2.945955515E0,-2.403737068E0,-1.533850861E1,1.580273559E1
1.393523814E1,-1.018906832E-1,-7.857806206E0,-1.507248116E1,1.699809367E1
1.394523683E1,1.368865490E0,-9.128819466E0,-1.445618057E1,1.715197640E1
1.395523814E1,3.142826080E0,-9.284609795E0,-1.284164238E1,1.615515750E1
1.396523918E1,5.321350098E0,-9.277243614E0,-1.145886040E1,1.567448556E1
1.397523944E1,6.817576408E0,-7.578249931E0,-9.331963539E0,1.382008551E1
1.398523683E1,6.833210468E0,-4.959200859E0,-6.411724091E0,1.060172836E1
1.399523814E1,6.011045933E0,-2.281369209E0,-3.322487116E0,7.237143035E0
1.400523657E1,4.614996433E0,-7.396526337E-1,-7.143750191E-1,4.728171926E0
1.401524022E1,3.048215389E0,-8.025245667E-1,1.337693572E0,3.424191413E0
1.402523689E1,1.190832615E0,-8.674345016E-1,2.307508945E0,2.737722131E0
1.403525454E1,-3.799215555E-1,-3.940152168E0,3.774055481E0,5.469244397E0
1.404524288E1,-1.932742357E0,-6.093342781E0,6.212280273E0,8.913851326E0
1.405524262E1,-3.342812538E0,-7.524834633E0,7.422588825E0,1.108568251E1
1.406523131E1,-4.206614017E0,-7.602049828E0,7.311820507E0,1.135559255E1
1.407523944E1,-4.340068340E0,-7.526072502E0,6.236700535E0,1.069459649E1
1.408524074E1,-4.387266636E0,-7.242842674E0,5.239264488E0,9.957749290E0
1.409523840E1,-4.300043106E0,-5.065570831E0,4.943946838E0,8.282088438E0
1.410523657E1,-3.135762691E0,-2.130498886E0,4.893074036E0,6.189847064E0
1.411523814E1,-2.087468624E0,3.893611908E0,4.573493004E0,6.358818853E0
1.412523788E1,-1.944673538E0,5.444852829E0,2.594932795E0,6.337338062E0
1.413523996E1,-1.805744171E0,5.516683102E0,2.446437597E0,6.299171483E0
1.414524256E1,-1.656121850E0,5.346283913E0,2.105919600E0,5.979999048E0
1.415523683E1,-1.457893252E0,3.356864929E0,3.956699371E0,5.389755542E0
1.416523579E1,-3.283278942E-1,1.532488823E0,3.903515339E0,4.206394323E0
1.417523605E1,1.363820553E0,-3.432092667E-1,3.745672941E0,4.000982990E0
1.418523918E1,1.473938942E0,-1.793623924E0,3.475499630E0,4.179555056E0
1.419523892E1,2.854924440E0,-2.762338638E0,1.369559526E0,4.201999716E0
1.420525387E1,3.609408617E0,-2.827034950E0,1.283323646E0,4.760974349E0
1.421524048E1,3.764834881E0,-2.746200562E0,1.199981809E0,4.812021981E0
1.422524678E1,3.831547499E0,-1.762784958E0,-2.258627415E-1,4.223645466E0
1.423522590E1,3.757107258E0,-2.367181778E-1,-1.138075352E0,3.932824170E0
1.424523637E1,3.553899288E0,9.815320969E-1,-1.309323668E0,3.912535479E0
1.425524022E1,1.383074880E0,2.421503067E0,-1.377570271E0,3.110349350E0
1.426523579E1,1.373846054E0,3.532843590E0,-1.321224451E0,4.014233533E0
1.427524413E1,-2.937818766E-1,4.263267517E0,-5.760087371E-1,4.312023165E0
1.428523788E1,-1.072310925E0,4.362340450E0,-4.538831711E-1,4.515071966E0
1.429523996E1,-1.239294171E0,4.454319477E0,8.132755756E-1,4.694489238E0
1.430523657E1,-1.223281741E0,4.408576965E0,8.287808299E-1,4.649607160E0
1.431523970E1,-1.096549630E0,4.248908043E0,8.493410349E-1,4.469566069E0
1.432522543E1,1.257656336E0,2.831090927E0,2.087750435E0,3.735703036E0
1.433523631E1,1.075869918E0,1.704562664E0,2.156516314E0,2.951879497E0
1.434523996E1,2.486179352E0,-2.982873917E-1,2.204782963E0,3.336334973E0
1.435523657E1,3.666913509E0,-2.744436264E-1,2.159593344E0,4.264436352E0
1.436523657E1,4.654210567E0,-1.502918243E0,1.998495340E0,5.283410156E0
1.437523944E1,4.792133331E0,-2.192557335E0,7.700359821E-1,5.325861897E0
1.438527147E1,5.514723778E0,-2.339478493E0,5.883283615E-1,6.019258112E0
1.439523694E1,5.444841862E0,-3.282942772E0,-9.391090274E-1,6.426969885E0
1.440523168E1,5.246140003E0,-3.339493752E0,-1.114125729E0,6.317869862E0
1.441523355E1,4.403273582E0,-3.363040924E0,-2.011335850E0,5.894432492E0
1.442523819E1,4.105900288E0,-3.386260986E0,-2.127372026E0,5.731569801E0
1.443523392E1,3.805206299E0,-3.427610397E0,-2.234010696E0,5.587388639E0
1.444523762E1,3.544555902E0,-4.050774574E0,-2.306128263E0,5.855841422E0
1.445523657E1,3.379512548E0,-4.162726402E0,-2.343880653E0,5.851766629E0
1.446523814E1,3.333616972E0,-4.913871765E0,-2.318233252E0,6.374428857E0
1.447523736E1,5.130428314E0,-5.014834404E0,-2.219779253E0,7.509812163E0
1.448523762E1,5.715052128E0,-5.112309456E0,-2.140979767E0,7.961238795E0
1.449523710E1,5.677198410E0,-5.840907097E0,-2.055088282E0,8.400605058E0
1.450523631E1,5.540046215E0,-5.921379089E0,-1.947008133E0,8.339405438E0
1.451523814E1,5.245953560E0,-6.007635117E0,-1.835036755E0,8.184074067E0
1.452524361E1,3.538263559E0,-6.623779297E0,-1.722504497E0,7.704594923E0
1.453523397E1,1.684592843E0,-6.710206032E0,-1.587598085E0,7.098252300E0
1.454523449E1,-1.289777517E0,-7.369029999E0,-1.443002939E0,7.618949183E0
1.455523762E1,-2.829089403E0,-7.463198662E0,-1.314643383E0,8.088965839E0
1.456525376E1,-5.158463955E0,-7.553689003E0,-1.193501353E0,9.224554917E0
1.457523595E1,-7.092670918E0,-7.646133423E0,-1.087542176E0,1.048580398E1
1.458523168E1,-8.511309624E0,-7.715559959E0,-1.014869094E0,1.153265868E1
1.459523949E1,-9.332581520E0,-7.729526520E0,-9.844017029E-1,1.215778371E1
1.460523585E1,-9.362169266E0,-7.656725883E0,-9.542016983E-1,1.213203056E1
1.461523840E1,-9.131237984E0,-7.506641388E0,-9.795774221E-1,1.186122860E1
1.462523710E1,-7.698738575E0,-6.606003761E0,-1.051740885E0,1.019882445E1
1.463523918E1,-6.125568867E0,-6.429720879E0,-1.113164783E0,8.950030187E0
1.464523892E1,-4.443168640E0,-5.361660957E0,-1.142052293E0,7.056446643E0
1.465524100E1,-6.214661002E-1,-3.897211075E0,-2.429459095E-1,3.953921723E0
1.466523683E1,-6.148080230E-1,-3.734677315E0,1.265423179E0,3.990877018E0
1.467523892E1,8.647595644E-1,-2.788117409E0,1.307072043E0,3.198412906E0
1.468523840E1,1.124693871E0,-2.626404762E0,2.655413389E0,3.900533110E0
1.469523736E1,1.321169257E0,-1.453506470E0,3.488531590E0,4.003501207E0
1.470523631E1,1.423637271E0,1.657934189E-1,4.179118633E0,4.418061010E0
1.471523579E1,1.421765566E0,8.675384521E-2,4.290611267E0,4.520872548E0
1.472523736E1,1.352049112E0,1.779010773E0,4.898862839E0,5.384400918E0
1.473523553E1,1.201560140E0,3.207387447E0,4.819971561E0,5.912969378E0
1.474525480E1,-4.663246870E-2,4.686113358E0,4.665900230E0,6.613052090E0
1.475523585E1,-3.583563119E-2,6.128356934E0,4.509878635E0,7.609010987E0
1.476522543E1,-2.260422856E-1,7.413025856E0,4.344406605E0,8.595226361E0
1.477525600E1,-2.161770463E-1,8.459408760E0,4.157088757E0,9.428134281E0
1.478523402E1,-2.082694918E-1,9.883903503E0,3.931284428E0,1.063907524E1
1.479524387E1,-1.625850797E0,9.904839516E0,3.120071411E0,1.051114086E1
1.480523970E1,-1.751211882E0,9.923789978E0,2.899142504E0,1.048586562E1
1.481524230E1,-2.440664053E0,9.742471695E0,2.147111416E0,1.027047629E1
1.482523970E1,-2.560142994E0,9.759423256E0,1.920189619E0,1.027072552E1
1.483523657E1,-3.320618153E0,9.774642944E0,-7.110525668E-2,1.032352680E1
1.484523840E1,-3.462243080E0,9.827965736E0,-1.235914379E-1,1.042071555E1
1.485523736E1,-3.429390907E0,9.642024994E0,-2.935158014E0,1.064633836E1
1.486523683E1,-3.349506855E0,9.654671669E0,-5.545156479E0,1.162672102E1
1.487523788E1,-3.288958073E0,9.667316437E0,-8.164144516E0,1.307392473E1
1.488524829E1,-3.244503021E0,8.048197746E0,-1.031094933E1,1.347649668E1
1.489524777E1,-3.054166079E0,6.477048397E0,-1.175522327E1,1.376464168E1
1.490524621E1,-2.053797007E0,4.076996803E0,-1.317015648E1,1.393890264E1
1.491524413E1,-6.650066972E-1,1.108550072E0,-1.407510757E1,1.413434719E1
1.492524751E1,6.514648795E-1,-1.920718193E0,-1.400079155E1,1.414693355E1
1.493525444E1,2.212805986E0,-4.473260880E0,-1.365816498E1,1.454139071E1
1.494525673E1,3.309339285E0,-6.330867767E0,-1.244120026E1,1.434625655E1
1.495529725E1,4.678341866E0,-7.669933319E0,-1.096017456E1,1.417180956E1
1.496523610E1,5.972231865E0,-7.892623901E0,-9.256043434E0,1.355121417E1
1.497524751E1,6.001746178E0,-7.948552132E0,-7.549625874E0,1.249789138E1
1.498524491E1,4.954658031E0,-6.749383926E0,-4.216485023E0,9.374516817E0
1.499524569E1,2.826458216E0,-4.891179085E0,-1.490844965E0,5.842526645E0
1.500525194E1,7.929115295E-1,-3.536252975E0,-4.935202599E-1,3.657506808E0
1.501524595E1,-3.156875134E0,-3.723479271E0,-1.172090769E0,5.020354097E0
1.502525012E1,-6.724992752E0,-7.168853760E0,1.388769150E0,9.927067618E0
1.503524986E1,-7.683870316E0,-8.081892014E0,3.998885632E0,1.184693749E1
1.504524960E1,-7.765184879E0,-8.090125084E0,3.777243376E0,1.183282670E1
1.505525038E1,-7.686219692E0,-7.996201515E0,3.735349655E0,1.170342039E1
1.506524803E1,-6.178434372E0,-7.264901161E0,3.691969633E0,1.022655758E1
1.507524751E1,-4.472792149E0,-5.738809586E0,5.433008194E0,9.080604776E0
1.508524413E1,-2.316780090E0,-2.636907578E0,7.904749393E0,8.649035468E0
1.509524647E1,-1.004091263E0,1.219361305E0,9.059455872E0,9.196128639E0
1.510525871E1,-6.941720247E-1,4.331754684E0,8.743721962E0,9.782568538E0
1.511528022E1,2.324870825E-1,6.244227409E0,6.872817993E0,9.288705688E0
1.512523418E1,1.434953213E0,6.414680958E0,5.397542477E0,8.505332874E0
1.513525553E1,1.597180128E0,6.358268738E0,4.195070267E0,7.783134346E0
1.514523610E1,1.494470835E0,4.873226643E0,3.859030247E0,6.393269542E0
1.515524366E1,2.717974186E0,2.683713913E0,2.074144363E0,4.346467403E0
1.516523918E1,2.870640755E0,-3.997850418E-1,1.981420040E0,3.510901850E0
1.517524126E1,3.729097843E0,-1.812303543E0,1.891950846E0,4.557421734E0
1.518523657E1,3.797761917E0,-3.527056694E0,1.806178451E0,5.488661503E0
1.519523631E1,4.372669697E0,-4.619294167E0,1.523355126E0,6.540545063E0
1.520524439E1,4.103143692E0,-4.503785133E0,3.572992086E-1,6.103075570E0
1.521523814E1,2.685180187E0,-2.739704132E0,-5.564558506E-1,3.876314549E0
1.522524022E1,1.321138859E0,-1.631841660E-1,-1.493368506E0,2.000546538E0
1.523524126E1,1.067766666E0,1.340259552E0,-1.672323704E0,2.394386746E0
1.524523996E1,-6.445006132E-1,3.213383198E0,-1.762534857E0,3.721255398E0
1.525524048E1,-1.657787085E0,4.639792442E0,-1.698373199E0,5.211564395E0
1.526523631E1,-1.900045395E0,5.410075188E0,-5.986870527E-1,5.765198368E0
1.527523631E1,-2.761218309E0,5.446015835E0,1.287640214E0,6.240307071E0
1.528523814E1,-2.792794704E0,5.367963791E0,1.124396563E0,6.154592200E0
1.529531548E1,-2.131399870E0,4.583092213E0,2.526821613E0,5.650878436E0
1.530523689E1,-1.227341175E0,3.769302368E0,3.324634552E0,5.173702891E0
1.531526230E1,7.724548578E-1,2.829456329E0,3.475275755E0,4.547532430E0
1.532524288E1,8.016253114E-1,1.867068291E0,4.156585693E0,4.626635037E0
1.533523793E1,2.109826565E0,8.804845810E-1,4.111092567E0,4.704009282E0
1.534523944E1,2.983313560E0,-2.379589081E-1,3.972404242E0,4.973608318E0
1.535524335E1,3.119287014E0,-2.071990967E-1,2.787477970E0,4.188426480E0
1.536523788E1,3.771457672E0,-1.771459579E-1,1.008095860E0,3.907880618E0
1.537523657E1,3.722290039E0,-1.477813721E-1,9.619609714E-1,3.847421394E0
1.538523996E1,2.866644859E0,-1.735669136E0,-6.990804672E-1,3.423289879E0
1.539523631E1,2.694711685E0,-2.476900101E0,-1.481442928E0,3.948566617E0
1.540524334E1,2.552905560E0,-2.582033157E0,-1.651693106E0,3.989023958E0
1.541523710E1,2.497939348E0,-3.410482407E0,-1.821298003E0,4.603066114E0
1.542523736E1,3.055487633E0,-3.527177811E0,-1.907051802E0,5.041213600E0
1.543523657E1,3.829599380E0,-4.549463272E0,-1.927503824E0,6.251297343E0
1.544523657E1,4.750583172E0,-5.275684357E0,-1.854927778E0,7.337686486E0
1.545524152E1,5.707783699E0,-5.387996674E0,-1.822598815E0,8.057987922E0
1.546523397E1,6.519718170E0,-5.463477135E0,-1.832925320E0,8.701489680E0
1.547535913E1,6.547131538E0,-5.476248741E0,-2.406100273E0,8.868119879E0
1.548524246E1,6.526174545E0,-5.428924561E0,-2.417961597E0,8.826704615E0
1.549524746E1,6.373461246E0,-5.360548973E0,-2.438050747E0,8.677590967E0
1.550525840E1,6.048571587E0,-5.314218521E0,-2.406464577E0,8.403404577E0
1.551524360E1,4.417061806E0,-5.330888748E0,-2.319684029E0,7.301352192E0
1.552524439E1,2.874756098E0,-5.435096741E0,-2.168355703E0,6.519682942E0
1.553524282E1,1.044729710E0,-6.376959801E0,-1.241811395E0,6.580210635E0
1.554523710E1,-1.435198069E0,-7.175521851E0,-1.091476917E0,7.398596433E0
1.555524178E1,-3.183655262E0,-8.005471230E0,-9.731018543E-1,8.670072529E0
1.556524282E1,-6.998037338E0,-8.879316330E0,-9.074854851E-2,1.130588433E1
1.557523657E1,-8.601335526E0,-8.968214989E0,6.430375576E-2,1.242642297E1
1.558523657E1,-9.697371483E0,-8.947810173E0,1.192278504E0,1.324854138E1
1.559523736E1,-9.760313988E0,-8.789097786E0,1.241268516E0,1.319290402E1
1.560524335E1,-9.597672462E0,-7.625794411E0,1.284943938E0,1.232554818E1
1.561523710E1,-8.543379784E0,-6.778372765E0,1.124708056E0,1.096360541E1
1.562523710E1,-6.910920143E0,-5.938272476E0,1.140458107E0,9.182839535E0
1.563523631E1,-4.965034962E0,-5.106509209E0,1.153605223E0,7.215179380E0
1.564523736E1,-2.960941315E0,-4.342554092E0,1.135671496E0,5.377239000E0
1.565525215E1,-3.474736810E-1,-4.159843445E0,1.119480610E0,4.321836679E0
1.566525746E1,-3.037240505E-1,-3.149711609E0,9.054533243E-1,3.291318465E0
1.567523428E1,1.932393074E0,-3.005741119E0,2.018899918E0,4.104214851E0
1.568523517E1,2.211743116E0,-1.997105598E0,2.642771721E0,3.983024071E0
1.569523918E1,2.379549742E0,-1.118248940E0,3.323662996E0,4.237861887E0
1.570524335E1,2.394035339E0,2.706117630E-1,3.438564777E0,4.198614493E0
1.571523762E1,2.241776228E0,1.928787231E-1,4.230679035E0,4.791806335E0
1.572523840E1,2.731218934E-1,2.623775482E0,4.178743839E0,4.941729801E0
1.573523866E1,3.098453879E-1,4.128080845E0,4.051487923E0,5.792375162E0
1.574524126E1,3.850607872E-1,7.004492760E0,3.886659622E0,8.019807582E0
1.575524334E1,-1.603049636E0,8.241791725E0,3.726907492E0,9.186225472E0
1.576523710E1,-1.704801559E0,9.935139656E0,3.524474859E0,1.067872986E1
1.577523788E1,-1.798916578E0,9.952805519E0,3.310330868E0,1.064202655E1
1.578523657E1,-1.885488629E0,9.968940735E0,2.581548452E0,1.046896552E1
1.579524413E1,-1.971309662E0,9.983595848E0,2.397244215E0,1.045490448E1
1.580524230E1,-2.610710859E0,9.797174454E0,2.165065289E0,1.036763937E1
1.581523579E1,-2.661671162E0,9.809057236E0,1.143192410E0,1.022785345E1
1.582523631E1,-2.659153461E0,9.816852570E0,8.543879986E-1,1.020645239E1
1.583523840E1,-2.662335873E0,9.822098732E0,-5.770595074E-1,1.019287268E1
1.584524788E1,-2.649958372E0,9.824697495E0,-1.960303307E0,1.036290255E1
1.585524965E1,-2.622670889E0,9.626811981E0,-3.926453352E0,1.072245063E1
1.586523111E1,-3.196573734E0,9.626424789E0,-6.661563396E0,1.213517881E1
1.587523683E1,-3.191002369E0,8.423133850E0,-9.245843887E0,1.290803274E1
1.588523949E1,-3.103055477E0,6.069535255E0,-1.085242844E1,1.281574869E1
1.589524074E1,-2.804793835E0,2.604947090E0,-1.397376251E1,1.448856986E1
1.590524491E1,-1.097414255E0,-1.325819969E0,-1.539621735E1,1.549211494E1
1.591523892E1,1.365024567E0,-4.895347595E0,-1.612339211E1,1.690536877E1
1.592523892E1,1.603043795E0,-9.371554375E0,-1.589269066E1,1.851954095E1
1.593523762E1,3.709134579E0,-1.037836647E1,-1.521304989E1,1.878576740E1
1.594524204E1,4.858051300E0,-1.044471836E1,-1.251716232E1,1.701094226E1
1.595523918E1,4.963733673E0,-9.432614326E0,-8.668830872E0,1.373904996E1
1.596523605E1,4.665409088E0,-7.144495010E0,-5.263587952E0,1.002572736E1
1.597523840E1,1.671264887E0,-4.674038887E0,-2.615817547E0,5.610906101E0
1.598523605E1,1.588166714E0,-3.021387100E0,-1.049114704E0,3.570951579E0
1.599523866E1,-1.306223154E0,-3.110323906E0,-5.469465256E-1,3.417526039E0
1.600524256E1,-2.845037699E0,-4.169651985E0,2.186050892E0,5.500823183E0
1.601526418E1,-3.955222368E0,-5.352993965E0,5.076684952E0,8.370845744E0
1.602523272E1,-4.134249210E0,-6.057623863E0,6.968130112E0,1.011640552E1
1.603522517E1,-4.237914085E0,-6.058842659E0,7.051661015E0,1.021740736E1
1.604523751E1,-4.254980087E0,-5.915668488E0,7.033299446E0,1.012755105E1
1.605524730E1,-4.161571503E0,-4.594869614E0,7.867572784E0,1.001649668E1
1.606523710E1,-2.955361366E0,-2.758584976E0,8.618459702E0,9.519548283E0
1.607523637E1,-1.896798491E0,-4.517841339E-1,9.573932648E0,9.770472853E0
1.608524256E1,-8.986768723E-1,3.186732292E0,9.161205292E0,9.741178841E0
1.609523866E1,-1.272872686E-1,5.496614456E0,7.073666573E0,8.959114427E0
1.610524699E1,1.421739340E0,6.506507874E0,4.499511719E0,8.037511628E0
1.611524725E1,1.526169181E0,4.894289970E0,4.110334396E0,6.571005671E0
1.612524491E1,2.623890400E0,2.631089687E0,3.061920166E0,4.814850868E0
1.613524933E1,3.407989502E0,-2.956762314E-1,2.785537481E0,4.411466416E0
1.614524673E1,4.165606022E0,-1.955151558E0,1.319164991E0,4.786970589E0
1.615524673E1,4.325582504E0,-3.555818558E0,1.179497480E0,5.722387956E0
1.616525324E1,5.057594299E0,-4.374976158E0,1.055966854E0,6.770136075E0
1.617524777E1,4.981425285E0,-4.335293770E0,9.709916115E-1,6.674743040E0
1.618524699E1,4.760017395E0,-3.406414986E0,-5.629609227E-1,5.880336186E0
1.619527277E1,3.469489574E0,-1.751008034E0,-8.042433262E-1,3.968651455E0
1.620523626E1,2.317133427E0,-5.668449402E-2,-2.005956888E0,3.065319475E0
1.621522892E1,1.095326185E0,2.643801689E0,-2.104045391E0,3.551961969E0
1.622525194E1,-6.080274582E-1,4.244293213E0,-2.126487255E0,4.785986869E0
1.623523590E1,-1.951059103E0,5.139977455E0,-2.052891731E0,5.868591341E0
1.624524777E1,-2.867617130E0,5.199955940E0,-1.203130245E0,6.058901895E0
1.625524777E1,-3.054351330E0,5.160012722E0,-4.467238784E-1,6.012849205E0
1.626524907E1,-3.142051697E0,5.025088310E0,6.230486035E-1,5.959210598E0
1.627524569E1,-3.043653488E0,3.908217430E0,6.919139624E-1,5.001673217E0
1.628525324E1,4.964840114E-1,1.991272449E0,2.207093239E0,3.013788796E0
1.629524673E1,5.954236388E-1,1.024361610E0,2.294084549E0,2.581989531E0
1.630524855E1,2.409393311E0,-7.468318939E-2,2.367621660E0,3.378814293E0
1.631524647E1,3.385103703E0,-5.781745911E-2,2.324816465E0,4.106950393E0
1.632522517E1,3.565168858E0,-1.406650543E-1,2.181911469E0,4.182218705E0
1.633524725E1,3.688674688E0,-1.237440109E-1,5.799716115E-1,3.736040766E0
1.634524595E1,3.662187099E0,-1.010446548E-1,5.978218913E-1,3.712036555E0
1.635523710E1,3.568465233E0,-1.935879707E0,6.128490567E-1,4.105746988E0
1.636523605E1,3.351947308E0,-2.025754929E0,6.269922256E-1,3.966403035E0
1.637524256E1,2.505828619E0,-2.625616074E0,-1.308918953E0,3.858277551E0
1.638523657E1,2.339902639E0,-2.674481392E0,-1.449079037E0,3.837684866E0
1.639522850E1,2.228129864E0,-2.776313782E0,-2.161963463E0,4.164920998E0
1.640523100E1,2.217917204E0,-3.811087608E0,-2.206190586E0,4.930600611E0
1.641523506E1,3.153917551E0,-4.516633987E0,-2.243848562E0,5.948279992E0
1.642523496E1,3.968766212E0,-4.643927574E0,-2.323558331E0,6.535754882E0
1.643523532E1,4.810232162E0,-4.720705986E0,-2.962516546E0,7.362058323E0
1.644523736E1,5.469472885E0,-4.717668533E0,-3.006455660E0,7.823701532E0
1.645523814E1,5.497248650E0,-4.661762238E0,-3.589926243E0,8.052287893E0
1.646524152E1,6.045469761E0,-4.586179733E0,-3.542901039E0,8.374538611E0
1.647523918E1,5.788499832E0,-4.462233543E0,-3.474023342E0,8.092409819E0
1.648523631E1,4.543172359E0,-4.459506035E0,-3.298779011E0,7.170045476E0
1.649523892E1,3.161158800E0,-4.541489601E0,-2.302482128E0,5.993285969E0
1.650523475E1,1.501903772E0,-5.420323372E0,-1.391273737E0,5.794071367E0
1.651523683E1,-1.434755445E0,-6.456297874E0,-5.282900333E-1,6.634862153E0
1.652523866E1,-1.513144851E0,-7.486756325E0,-3.148463964E-1,7.644622676E0
1.653523736E1,-4.276752472E0,-8.454242706E0,1.216180921E0,9.552168731E0
1.654523579E1,-6.057334900E0,-9.134242058E0,1.313127160E0,1.103856816E1
1.655523762E1,-7.628514290E0,-9.204892159E0,1.399726391E0,1.203675637E1
1.656525423E1,-8.599367142E0,-9.190901756E0,1.255635142E0,1.264904779E1
1.657525866E1,-8.598634720E0,-9.059893608E0,1.281460166E0,1.255628653E1
1.658523683E1,-8.359441757E0,-7.967942238E0,1.300573349E0,1.162152576E1
1.659523584E1,-6.975996971E0,-6.949732780E0,1.786005497E-2,9.847011650E0
1.660523689E1,-5.410563469E0,-5.846708298E0,-6.897056103E-2,7.966363782E0
1.661524230E1,-3.681869745E0,-4.692862511E0,-6.322264671E-2,5.965158880E0
1.662523970E1,-9.894638658E-1,-3.555933952E0,-2.639675140E-2,3.691124734E0
1.663523866E1,-7.966339588E-1,-2.586622238E0,4.037249088E-2,2.706819204E0
1.664523892E1,1.007095337E0,-1.699795723E0,1.166190982E0,2.294242342E0
1.665524048E1,1.923680067E0,2.010889053E-1,2.840970516E0,3.436872884E0
1.666523996E1,2.007477283E0,2.308168411E-1,3.820437431E0,4.321918975E0
1.667524230E1,1.929697275E0,1.344127655E0,4.462224960E0,5.043992697E0
1.668523605E1,1.085094333E0,2.346013069E0,4.476302624E0,5.168993346E0
1.669524230E1,9.016730785E-1,3.430068016E0,4.469319820E0,5.705541218E0
1.670523762E1,-5.024838448E-1,4.632731438E0,4.439399242E0,6.436066829E0
1.671523501E1,-4.876916707E-1,5.838035583E0,4.327781200E0,7.283556326E0
1.672523683E1,-4.729862809E-1,6.983782768E0,4.132703781E0,8.128725504E0
1.673523631E1,-4.615286887E-1,7.999201775E0,3.877784014E0,8.901541811E0
1.674527819E1,-2.147975445E0,8.828994751E0,3.066887140E0,9.590137828E0
1.675524215E1,-2.279212475E0,9.878542900E0,2.882130146E0,1.053978622E1
1.676524762E1,-3.049844742E0,9.893177032E0,2.684496164E0,1.069499997E1
1.677522303E1,-3.135893822E0,9.908190727E0,2.459717989E0,1.067971377E1
1.678524105E1,-3.873877048E0,9.921127319E0,1.513282537E0,1.075758870E1
1.679524048E1,-3.978847980E0,9.931917191E0,6.711103916E-1,1.072028915E1
1.680523553E1,-4.722571373E0,9.741027832E0,-6.010112762E-1,1.084211779E1
1.681523501E1,-4.720616817E0,9.752516747E0,-1.657983899E0,1.096105454E1
1.682523683E1,-4.658925533E0,9.763751984E0,-3.453848124E0,1.135629811E1
1.683523944E1,-4.652935028E0,9.812779427E0,-8.328418732E0,1.368586873E1
1.684523657E1,-4.579490662E0,7.723883152E0,-1.073779583E1,1.399751281E1
1.685523814E1,-4.317094326E0,4.661804199E0,-1.264574432E1,1.415219316E1
1.686523814E1,-2.720906258E0,-1.113109589E-1,-1.416774559E1,1.442708342E1
1.687523631E1,-8.590623736E-1,-3.214053154E0,-1.497926331E1,1.534426456E1
1.688523501E1,7.766024470E-1,-6.397636414E0,-1.486694241E1,1.620366747E1
1.689523736E1,2.401557207E0,-8.509874344E0,-1.451552773E1,1.699664624E1
1.690523762E1,3.599255562E0,-9.629997253E0,-1.338446999E1,1.687707097E1
1.691524413E1,5.126368046E0,-9.752562523E0,-1.264114285E1,1.676873929E1
1.692530532E1,6.427846909E0,-9.622128487E0,-1.050796986E1,1.563073904E1
1.693523626E1,6.475116730E0,-6.836908340E0,-7.721957207E0,1.217781078E1
1.694526543E1,5.643152714E0,-3.839469910E0,-4.756754398E0,8.319459967E0
1.695523881E1,3.770112991E0,-4.756965637E-1,-1.820520163E0,4.213589070E0
1.696524048E1,1.020259142E0,8.482627869E-1,2.520701885E-1,1.350562050E0
1.697524100E1,-1.187985182E0,6.058263779E-1,-2.619678974E-1,1.359029643E0
1.698523918E1,-3.379176140E0,-2.336859703E0,1.340708733E-1,4.110683599E0
1.699524178E1,-4.883944511E0,-5.391128540E0,2.816204071E0,7.800524745E0
1.700523996E1,-5.867016315E0,-7.671146393E0,4.969654083E0,1.086120754E1
1.701523814E1,-6.060842991E0,-8.980743408E0,5.819571495E0,1.229857643E1
1.702524230E1,-5.935250282E0,-8.839076042E0,5.602929592E0,1.203117954E1
1.703523762E1,-4.535820007E0,-7.443769455E0,5.425620556E0,1.026745953E1
1.704523710E1,-2.551183939E0,-4.571393967E0,7.143830776E0,8.856664183E0
1.705523553E1,-8.265610933E-1,-4.345674515E-1,7.943168163E0,7.997873004E0
1.706523527E1,1.082384348E0,3.282362938E0,6.778030396E0,7.608361083E0
1.707523631E1,1.242323518E0,5.748037815E0,5.044095993E0,7.747658410E0
1.708523631E1,1.194051385E0,6.519124508E0,3.951381207E0,7.716097232E0
1.709523683E1,1.337609529E0,5.735089779E0,3.663845301E0,6.935720324E0
1.710535814E1,1.442756891E0,3.825557709E0,3.418590784E0,5.329465468E0
1.711523777E1,1.503188848E0,1.411124229E0,3.221631289E0,3.824886464E0
1.712524960E1,1.501368880E0,-1.662893295E-1,3.012158871E0,3.369697571E0
1.713523402E1,1.301098108E0,-2.536477089E0,2.780342102E0,3.982069125E0
1.714523892E1,2.348559856E0,-3.537376404E0,1.464903831E0,4.491626482E0
1.715523814E1,2.374655724E0,-3.592041016E0,1.391226888E0,4.525180739E0
1.716523866E1,2.328066349E0,-3.466996193E0,1.324243307E0,4.381047348E0
1.717523762E1,1.288675308E0,-2.022526741E0,-2.248648405E-1,2.408705599E0
1.718523814E1,1.088717103E0,-7.926750183E-2,-1.041619778E0,1.508827369E0
1.719524100E1,-3.257119656E-1,3.866702080E0,-1.324081421E0,4.100081081E0
1.720523579E1,-1.293584824E0,5.068738937E0,-1.352057219E0,5.403104185E0
1.721523611E1,-2.005154371E0,5.203823566E0,-1.255592585E0,5.716374419E0
1.722523762E1,-2.110877037E0,5.261644363E0,-1.582024693E-1,5.671484047E0
1.723523631E1,-2.135512829E0,5.214003563E0,8.817540407E-1,5.702958740E0
1.724523970E1,-2.033933878E0,5.061699390E0,9.362233281E-1,5.534817238E0
1.725523814E1,-8.107835054E-1,3.765862465E0,9.977374673E-1,3.979267527E0
1.726523683E1,1.122713208E0,2.629575253E0,2.656856537E0,3.903080529E0
1.727523683E1,1.001216054E0,1.527565002E0,2.693182945E0,3.254093238E0
1.728523361E1,3.177353859E0,-1.374101639E-1,2.721794128E0,4.186003150E0
1.729526048E1,4.216372967E0,-1.197814941E-1,2.676106691E0,4.995367416E0
1.730523439E1,4.945158005E0,-1.022119522E-1,2.572751999E0,5.575310558E0
1.731524277E1,5.045474529E0,-1.172273636E0,1.004819274E0,5.276428762E0
1.732523012E1,5.017090797E0,-1.224893570E0,8.203706741E-1,5.229203799E0
1.733523944E1,4.893677235E0,-1.268282890E0,-2.932257056E-1,5.063852257E0
1.734523892E1,3.983522415E0,-1.300101280E0,-1.149056911E0,4.345002412E0
1.735524699E1,3.652344465E0,-1.348240852E0,-1.312846780E0,4.108642130E0
1.736524855E1,2.578761578E0,-1.960583687E0,-1.986930251E0,3.800235715E0
1.737524803E1,2.427264929E0,-2.813013077E0,-2.040107489E0,4.238713976E0
1.738524699E1,2.430353642E0,-2.954528809E0,-2.036803246E0,4.334100456E0
1.739524699E1,3.552677393E0,-4.101156235E0,-1.954484344E0,5.767235748E0
1.740524543E1,4.355640411E0,-4.252251625E0,-1.830945969E0,6.356540759E0
1.741525428E1,5.217188358E0,-5.061459541E0,-1.733114719E0,7.472691194E0
1.742527616E1,5.984657288E0,-5.055260658E0,-1.664946318E0,8.008984294E0
1.743524855E1,5.995289326E0,-5.002050400E0,-1.689188719E0,7.988576896E0
1.744524699E1,6.568650723E0,-4.941634178E0,-2.421382904E0,8.569131568E0
1.745524360E1,6.420282841E0,-4.914331436E0,-2.503016949E0,8.463792239E0
1.746523491E1,6.126340389E0,-4.907631874E0,-3.132171392E0,8.451472937E0
1.747525610E1,4.595400333E0,-4.960433960E0,-3.047209740E0,7.416811747E0
1.748524277E1,3.109042645E0,-5.082281113E0,-2.865805626E0,6.611245674E0
1.749522715E1,1.143552899E0,-6.127395630E0,-1.708703399E0,6.463153854E0
1.750523689E1,-1.273498058E0,-6.299436569E0,-1.507483244E0,6.601303214E0
1.751524725E1,-3.583451748E0,-7.387684822E0,-4.534127712E-1,8.223417574E0
1.752527558E1,-5.803133488E0,-7.492936134E0,-3.275599480E-1,9.483024080E0
1.753524907E1,-7.694805622E0,-7.589473724E0,-1.969120502E-1,1.080966786E1
1.754524751E1,-9.143301010E0,-7.639107704E0,1.517242193E0,1.201074285E1
1.755524465E1,-1.008365631E1,-7.440493584E0,1.410725474E0,1.261075794E1
1.756524986E1,-9.801511765E0,-6.379469872E0,4.288522005E-1,1.170261436E1
1.757524907E1,-7.683436394E0,-6.221955299E0,-4.555264711E-1,9.897243401E0
1.758523449E1,-5.532598495E0,-5.482053757E0,-5.593570471E-1,7.808677213E0
1.759523788E1,-3.391303062E0,-5.352026939E0,-6.168274879E-1,6.365972429E0
1.760523683E1,-7.986589670E-1,-4.584155083E0,-5.408483744E-1,4.684533161E0
1.761523657E1,-5.679807067E-1,-4.467685699E0,1.202507019E-1,4.505250029E0
1.762526262E1,1.857799172E0,-4.356730461E0,2.189410925E-1,4.741355637E0
1.763524569E1,2.874030113E0,-4.249425888E0,1.421382904E0,5.323344703E0
1.764525663E1,3.096357822E0,-3.532752991E0,1.433478594E0,4.911480056E0
1.765523897E1,3.157658577E0,-3.413028717E0,2.468008518E0,5.264089547E0
1.766525225E1,3.024813414E0,-2.297518730E0,3.274526119E0,5.015038366E0
1.767522637E1,1.952766538E0,-1.154113770E0,4.014842987E0,4.611316510E0
1.768524053E1,1.142367244E0,3.219137192E-1,4.080657959E0,4.249753021E0
1.769523788E1,6.346165389E-2,1.949286461E0,4.087657928E0,4.529093996E0
1.770523449E1,-1.227072105E-1,3.848587990E0,4.054749489E0,5.591751067E0
1.771523683E1,-1.080837920E-1,5.814472198E0,3.978195190E0,7.045978004E0
1.772526053E1,-9.491653740E-2,7.636435509E0,3.849603176E0,8.552403232E0
1.773524178E1,-1.130209446E0,1.014875793E1,3.623110771E0,1.083520155E1
1.774523710E1,-1.202097654E0,9.971232414E0,3.373490095E0,1.059485489E1
1.775523579E1,-1.256369114E0,9.992513657E0,2.288663864E0,1.032796083E1
1.776523996E1,-1.343618870E0,1.001240826E1,2.067749023E0,1.031160593E1
1.777523683E1,-2.112469435E0,1.003103542E1,3.396751583E-1,1.025668455E1
1.778524621E1,-2.219862700E0,1.004847240E1,2.711911500E-1,1.029432527E1
1.779523710E1,-3.022476912E0,9.865249634E0,-1.272223890E-3,1.031787375E1
1.780523605E1,-3.099723339E0,9.881082535E0,-1.424174070E0,1.045334151E1
1.781523710E1,-3.763643980E0,9.895447731E0,-2.859722137E0,1.096644484E1
1.782530350E1,-3.776875734E0,9.909203529E0,-4.827396393E0,1.165164627E1
1.783523860E1,-4.391558647E0,8.475658417E0,-7.074052811E0,1.188127923E1
1.784524027E1,-4.389485836E0,7.692720413E0,-8.880688667E0,1.254241462E1
1.785522418E1,-4.287733555E0,6.214332581E0,-1.006075478E1,1.257860784E1
1.786523637E1,-3.975934982E0,4.016950130E0,-1.203354931E1,1.329474544E1
1.787523558E1,-2.262361526E0,1.444127083E0,-1.314926338E1,1.342039158E1
1.788524360E1,-7.478150129E-1,1.294231415E-2,-1.311626244E1,1.313756960E1
1.789523710E1,8.077291846E-1,-2.980354309E0,-1.288923359E1,1.325395340E1
1.790523736E1,2.200995922E0,-4.438917160E0,-1.242645741E1,1.337778802E1
1.791523631E1,5.200315952E0,-6.443733215E0,-1.166122913E1,1.430207148E1
1.792526418E1,5.431753635E0,-6.583663940E0,-9.090140343E0,1.246913108E1
1.793523944E1,5.346986771E0,-6.597241402E0,-7.341325283E0,1.122536942E1
1.794524100E1,3.745907307E0,-6.608641624E0,-5.179714680E0,9.194313995E0
1.795524022E1,1.070812702E0,-6.757541656E0,-4.819255829E0,8.368765490E0
1.796523553E1,-2.691486478E-1,-7.750864983E0,-4.430045128E0,8.931609531E0
1.797523814E1,-2.051506996E0,-7.971557617E0,-2.425964832E0,8.581358702E0
1.798524230E1,-3.471731901E0,-8.041405678E0,1.636295319E-1,8.760359712E0
1.799523683E1,-4.448825836E0,-7.896936417E0,2.277501106E0,9.345622899E0
1.800525558E1,-4.662629604E0,-6.289023399E0,4.240077019E0,8.903380441E0
1.801523772E1,-5.315906048E0,-4.759566307E0,4.300065517E0,8.330839813E0
1.802524517E1,-5.252407551E0,-2.606733322E0,5.332955360E0,7.926112324E0
1.803522631E1,-5.081099987E0,3.489007950E-1,7.223024368E0,8.838064826E0
1.804523767E1,-4.029949188E0,3.443486214E0,8.224621773E0,9.784809199E0
1.805523762E1,-3.801541805E0,5.686807632E0,8.042953491E0,1.055843748E1
1.806523710E1,-3.556570768E0,6.722134590E0,7.687986851E0,1.081394613E1
1.807523840E1,-2.458875895E0,6.709942341E0,6.573281288E0,9.709656213E0
1.808524699E1,-1.480933189E0,5.408788204E0,6.255789757E0,8.401372413E0
1.809523918E1,-2.477910519E-1,3.523936749E0,5.969904423E0,6.936806861E0
1.810523579E1,1.570879936E0,-4.533147812E-1,5.184539795E0,5.436231319E0
1.811523527E1,3.970994473E0,-3.209436417E0,4.996802330E0,7.144040365E0
1.812526236E1,5.213462830E0,-4.729303360E0,4.776519299E0,8.506564615E0
1.813524152E1,6.045121193E0,-5.465936661E0,4.503698349E0,9.311458137E0
1.814523840E1,6.122025490E0,-5.403441429E0,3.386766911E0,8.840054609E0
1.815523683E1,6.047267914E0,-4.469125748E0,2.068358660E0,7.798758986E0
1.816523710E1,5.861874580E0,-2.865804672E0,1.949163556E0,6.809820011E0
1.817524048E1,4.495848656E0,-1.926355362E-1,-1.046484709E-1,4.501190386E0
1.818524334E1,3.271380424E0,1.085395813E0,-1.037402272E0,3.599474604E0
1.819525626E1,1.233728528E0,2.843659878E0,-1.231329203E0,3.335364926E0
1.820525855E1,1.110702753E0,4.104548454E0,-1.331834912E0,4.455868361E0
1.821523626E1,-7.678863406E-1,4.854436398E0,-1.294954419E0,5.082529795E0
1.822525980E1,-1.778367996E0,4.942394733E0,-2.323638201E-1,5.257742042E0
1.823523923E1,-2.035120010E0,4.982447624E0,1.053238630E0,5.484141628E0
1.824523814E1,-2.244816303E0,4.926081657E0,1.056928873E0,5.515666721E0
1.825524465E1,-2.306485891E0,4.764341354E0,1.068859339E0,5.400119072E0
1.826524048E1,-2.175811768E0,3.452874184E0,2.033919811E0,4.559970041E0
1.827524048E1,-9.724035263E-1,2.530432701E0,2.008558512E0,3.373865078E0
1.828524334E1,5.393328667E-1,-3.212356567E-2,9.485923052E-1,1.091668093E0
1.829524621E1,2.159442902E0,-1.340007782E-2,9.655035138E-1,2.365495771E0
1.830523866E1,2.894840479E0,5.141258240E-3,9.808188677E-1,3.056490386E0
1.831523762E1,3.061981916E0,-1.138401985E0,7.969591618E-1,3.362563939E0
1.832524991E1,3.726845503E0,-1.132256508E0,8.135359287E-1,3.979098253E0
1.833524126E1,3.724894524E0,-1.097188950E0,-2.654626966E-1,3.892188748E0
1.834523683E1,3.706790447E0,-1.104596138E0,-4.187802672E-1,3.890476187E0
1.835523631E1,3.612614632E0,-1.173907280E0,-1.105659962E0,3.956201048E0
1.836523475E1,3.505208015E0,-1.896007538E0,-1.150296688E0,4.147831998E0
1.837529085E1,3.429776192E0,-2.005317688E0,-1.199278116E0,4.150052018E0
1.838523970E1,3.374352694E0,-2.891672134E0,-1.261163473E0,4.619367612E0
1.839535199E1,3.880027533E0,-3.579578400E0,-1.314770222E0,5.440277190E0
1.840523246E1,3.817591429E0,-4.411283493E0,-1.298498869E0,5.976581438E0
1.841523918E1,3.777032375E0,-5.136906624E0,-1.291665316E0,6.505550132E0
1.842526001E1,4.262062550E0,-5.218576431E0,-1.328764915E0,6.867629383E0
1.843524308E1,4.169209480E0,-5.211993217E0,-2.287174702E0,7.055377318E0
1.844524022E1,4.048542500E0,-5.086337090E0,-3.076084852E0,7.191927376E0
1.845523788E1,3.926480055E0,-4.142046928E0,-3.800921917E0,6.857171851E0
1.846524100E1,3.758186340E0,-3.338346481E0,-4.648494720E0,6.846679850E0
1.847523683E1,3.548887491E0,-3.314556122E0,-4.573469162E0,6.670645013E0
1.848524308E1,3.329115868E0,-3.354520798E0,-3.733149052E0,6.022642616E0
1.849523918E1,2.428509474E0,-4.065795898E0,-2.497930288E0,5.354251608E0
1.850523710E1,2.176416397E0,-5.131370544E0,-1.084966063E0,5.678459594E0
1.851523762E1,7.788450718E-1,-6.471288681E0,2.051329613E-1,6.521215866E0
1.852526288E1,-4.526840448E-1,-7.867788315E0,1.409948707E0,8.005933498E0
1.853523996E1,-1.634072661E0,-9.133804321E0,1.514045238E0,9.401537525E0
1.854524126E1,-3.360404491E0,-1.009763718E1,1.613351822E0,1.076371214E1
1.855531194E1,-4.805233002E0,-1.024882412E1,1.508862376E0,1.141951513E1
1.856523548E1,-6.091413975E0,-1.086839485E1,1.555121183E0,1.255570519E1
1.857537157E1,-6.927643299E0,-1.074914455E1,1.554788947E0,1.288230255E1
1.858524574E1,-6.966607094E0,-9.643885612E0,1.515938759E0,1.199317366E1
1.859524855E1,-6.881814957E0,-8.438371658E0,-4.178583622E-2,1.088885850E1
1.860523840E1,-6.663006783E0,-7.028940201E0,-2.391890287E-1,9.688078815E0
1.861524256E1,-5.412205219E0,-5.477654457E0,-3.117134571E-1,7.706739192E0
1.862529256E1,-4.104209423E0,-4.055105209E0,-2.999706268E-1,5.777403883E0
1.863524829E1,-2.682950974E0,-2.782416344E0,-2.642281055E-1,3.874259042E0
1.864524569E1,-9.633287787E-1,2.853870392E-1,1.019258380E0,1.431200805E0
1.865524777E1,-7.747844458E-1,3.213434219E-1,2.265767336E0,2.416041008E0
1.866524803E1,8.860316277E-1,3.534317017E-1,3.215020657E0,3.353553911E0
1.867524907E1,1.042444825E0,2.149247169E0,4.060941696E0,4.711390672E0
1.868524960E1,1.094143271E0,2.997949600E0,4.133111954E0,5.221825900E0
1.869524751E1,1.017173171E0,3.966073990E0,4.158424377E0,5.835827058E0
1.870524699E1,-4.026410580E-1,4.973693848E0,4.124956131E0,6.474180519E0
1.871524569E1,-3.429414034E-1,5.924371243E0,4.011047840E0,7.162701180E0
1.872529126E1,-2.855051756E-1,6.845651627E0,3.837187290E0,7.852927206E0
1.873537147E1,-1.919330359E0,7.691813469E0,3.652472496E0,8.728595465E0
1.874524491E1,-2.570321321E0,8.399893761E0,3.470398903E0,9.445021727E0
1.875523663E1,-2.707944393E0,9.056980133E0,3.286941767E0,1.000828847E1
1.876523376E1,-3.687619448E0,1.005385685E1,3.081885815E0,1.114345525E1
1.877525454E1,-3.794832468E0,1.006965733E1,2.856705904E0,1.113371100E1
1.878523548E1,-4.564864159E0,1.008382130E1,1.902599454E0,1.123126535E1
1.879524569E1,-4.638202190E0,1.136551666E1,1.639084816E0,1.238444539E1
1.880524543E1,-4.666996956E0,1.147018909E1,-4.112912714E-1,1.239012748E1
1.881523736E1,-4.648289680E0,1.213557816E1,-5.011950731E-1,1.300500099E1
1.882526522E1,-4.598214149E0,1.204663849E1,-4.835439205E0,1.377122161E1
1.883523788E1,-4.521372795E0,9.752630234E0,-7.822642326E0,1.329474864E1
1.884524152E1,-4.250751019E0,7.952341080E0,-1.061856651E1,1.393063414E1
1.885523449E1,-2.708356380E0,3.710055351E0,-1.309292984E1,1.387532042E1
1.886524751E1,-6.157758832E-1,-2.712440491E-2,-1.428513527E1,1.429842667E1
1.887523710E1,1.170062184E0,-5.099039078E0,-1.440879631E1,1.532914401E1
1.888523944E1,3.374304295E0,-8.134350777E0,-1.507338333E1,1.745739033E1
1.889523710E1,4.752355576E0,-1.002170181E1,-1.477509117E1,1.847492111E1
1.890523605E1,5.855132103E0,-1.093424034E1,-1.328699970E1,1.817648329E1
1.891524418E1,6.760416985E0,-1.088572693E1,-1.125036144E1,1.705206501E1
1.892529277E1,6.772937775E0,-8.526899338E0,-8.440751076E0,1.377777112E1
1.893523845E1,5.874693871E0,-5.046024323E0,-6.521355629E0,1.012435029E1
1.894524423E1,3.996988297E0,-1.291574478E0,-4.714319229E0,6.314181330E0
1.895524777E1,1.360776424E0,1.558065891E0,-2.896844625E0,3.559633490E0
1.896524387E1,-5.924668312E-1,3.128617287E0,-1.061999559E0,3.356651030E0
1.897523814E1,-2.540351391E0,3.063197613E0,5.819013119E-1,4.021837135E0
1.898523736E1,-4.122695923E0,1.569583416E0,8.606805801E-1,4.494550571E0
1.899523814E1,-5.044719219E0,-1.794137955E0,1.104577780E0,5.467011530E0
1.900524178E1,-5.336483955E0,-7.896014214E0,5.232411861E0,1.087213113E1
1.901524361E1,-5.297357082E0,-9.400754929E0,6.299919128E0,1.249500565E1
1.902526053E1,-4.482844353E0,-9.437945366E0,6.290505409E0,1.219594869E1
1.903524074E1,-3.212498665E0,-9.252066612E0,6.257500172E0,1.162227141E1
1.904523814E1,-1.806433916E0,-7.350787163E0,6.289848328E0,9.841720754E0
1.905524048E1,-3.276848793E-1,-4.486410141E0,7.993535519E0,9.172342308E0
1.906524439E1,1.365613818E0,-4.270944595E-1,8.598333359E0,8.716573141E0
1.907523762E1,1.322001576E0,3.043402195E0,7.444843769E0,8.150808784E0
1.908523736E1,1.468768835E0,5.280816555E0,5.913405418E0,8.063043409E0
1.909523512E1,1.606485009E0,5.466806889E0,4.750993729E0,7.418808061E0
1.910525881E1,1.685957432E0,5.353000641E0,4.449507713E0,7.162065848E0
1.911526215E1,1.709100485E0,3.194118977E0,4.216763020E0,5.559182572E0
1.912526027E1,2.921928883E0,-2.157411575E-1,4.015735626E0,4.970950137E0
1.913524173E1,2.939160585E0,-1.450201035E0,3.735280037E0,4.969312321E0
1.914524100E1,2.996054411E0,-3.144685745E0,2.731847763E0,5.131119047E0
1.915523553E1,3.572980404E0,-3.972613335E0,2.446361542E0,5.876438587E0
1.916524126E1,3.506267071E0,-3.961609840E0,1.343423843E0,5.458300919E0
1.917523996E1,3.288442135E0,-3.753577232E0,1.046727061E0,5.098904907E0
1.918523736E1,1.149999976E0,4.971027374E-2,-1.438912749E0,1.842672233E0
1.919523553E1,-2.018562555E-1,2.191493988E0,-1.710737944E0,2.787474872E0
1.920523944E1,-1.676486731E0,3.900555611E0,-1.864539862E0,4.636965681E0
1.921524256E1,-3.057302475E0,5.047360420E0,-1.926386595E0,6.207568844E0
1.922523657E1,-3.996834278E0,5.177105427E0,-1.858555198E0,6.799362637E0
1.923523762E1,-4.144112110E0,5.249239922E0,-9.369527102E-1,6.753226289E0
1.924523840E1,-4.115987778E0,5.233987331E0,7.759828568E-1,6.703590692E0
1.925523631E1,-3.340018272E0,5.144371510E0,8.587661982E-1,6.193364164E0
1.926524152E1,-2.059008360E0,4.981234550E0,2.127310991E0,5.794623812E0
1.927525532E1,-3.776738644E-1,3.897542953E0,2.892101288E0,4.868031274E0
1.928523532E1,9.864696860E-1,3.728784084E0,3.026099205E0,4.902471783E0
1.929524105E1,3.223540306E0,2.608439922E0,3.123763561E0,5.191634590E0
1.930523142E1,4.691573143E0,1.870079994E0,3.070328951E0,5.910581833E0
1.931524183E1,5.702145100E0,1.121999741E0,2.901039124E0,6.495334491E0
1.932522725E1,5.896842957E0,-1.123151779E-1,8.346047401E-1,5.956671606E0
1.933523840E1,5.934098244E0,-9.496212006E-2,8.521488309E-1,5.995723259E0
1.934524126E1,5.786178589E0,-6.842517853E-2,-9.794175029E-1,5.868884333E0
1.935523631E1,4.556159019E0,-1.518705368E0,-1.953677177E0,5.184776323E0
1.936524439E1,2.560553312E0,-2.318511009E0,-2.723022461E0,4.398497231E0
1.937523710E1,2.223425865E0,-3.151580811E0,-2.756671429E0,4.740814439E0
1.938524100E1,1.934048176E0,-3.217370033E0,-2.777975559E0,4.670027889E0
1.939524126E1,1.749674320E0,-3.852296829E0,-2.776198864E0,5.060516893E0
1.940524126E1,1.715733051E0,-3.950932503E0,-2.667842388E0,5.066654769E0
1.941524126E1,2.909931660E0,-4.603410721E0,-2.485054493E0,5.986199826E0
1.942523710E1,4.043293476E0,-4.624097824E0,-2.292492867E0,6.556372958E0
1.943523397E1,5.233677387E0,-4.625988960E0,-1.417526603E0,7.127449370E0
1.944523788E1,6.221985817E0,-4.648270607E0,-1.239316821E0,7.864822523E0
1.945525298E1,6.778706551E0,-4.722657204E0,-1.050642729E0,8.328157282E0
1.946523907E1,6.730710983E0,-5.411141396E0,-1.795501709E-1,8.638006703E0
1.947523923E1,6.550757408E0,-5.550472260E0,-4.470801353E-2,8.586161175E0
1.948524079E1,5.211496353E0,-6.635448456E0,7.196009159E-2,8.437656588E0
1.949522965E1,3.415144444E0,-7.300407410E0,1.306338310E-1,8.060783158E0
1.950523788E1,1.033453941E0,-7.963119507E0,1.595089436E-1,8.031484448E0
1.951524152E1,-1.294234872E0,-8.623415947E0,1.126205921E-1,8.720724161E0
1.952523657E1,-4.622191906E0,-8.748640060E0,3.213191032E-2,9.894664895E0
1.953523866E1,-7.250955105E0,-9.499000549E0,-4.798960686E-2,1.195029976E1
1.954523710E1,-1.129647827E1,-9.379259109E0,-2.128126621E-1,1.468421642E1
1.955524152E1,-1.131262684E1,-8.416942596E0,-3.021081686E-1,1.410360656E1
1.956524152E1,-1.124216938E1,-8.245513916E0,-9.415420294E-1,1.397359558E1
1.957523657E1,-9.602326393E0,-7.315816879E0,-1.030357480E0,1.211558853E1
1.958523762E1,-7.462525845E0,-7.173333168E0,-1.141784072E0,1.041391721E1
1.959523788E1,-4.964406490E0,-6.367994308E0,-1.165899634E0,8.158186396E0
1.960523683E1,-2.403020620E0,-6.205572128E0,-1.038964987E0,6.735212082E0
1.961524074E1,-3.342691362E-1,-5.366561890E0,1.307678342E0,5.533691807E0
1.962523762E1,1.792453885E0,-5.243746758E0,1.329723835E0,5.698941697E0
1.963526600E1,3.186066628E0,-4.284627914E0,2.389200211E0,5.849558493E0
1.964523465E1,3.500717878E0,-3.292087555E0,3.439786434E0,5.909737460E0
1.965522595E1,3.665777683E0,-1.953268051E0,4.309654236E0,5.985507642E0
1.966524777E1,3.658970833E0,3.652687073E-1,5.068269730E0,6.261696802E0
1.967523689E1,3.492825747E0,1.464041710E0,5.055891514E0,6.317063307E0
1.968523553E1,2.167083740E0,3.445607185E0,4.965331078E0,6.420511936E0
1.969523866E1,1.705004424E-1,5.472939968E0,4.738049984E0,7.240943305E0
1.970523840E1,1.506499946E-1,7.305529594E0,3.743300915E0,8.210101084E0
1.971524308E1,1.325566620E-1,8.762912750E0,3.525218010E0,9.446341787E0
1.972524230E1,-1.512560129E0,1.020691013E1,2.715173006E0,1.066963060E1
1.973524074E1,-2.530395031E0,1.002820873E1,2.580764771E0,1.065965366E1
1.974523631E1,-2.675553322E0,1.004791451E1,2.447141171E0,1.068211924E1
1.975523657E1,-2.755303383E0,1.006644344E1,2.303956747E0,1.068799312E1
1.976524230E1,-2.839141607E0,1.008391190E1,2.159161329E0,1.069616669E1
1.977523788E1,-2.916691780E0,1.010027981E1,1.962683678E0,1.069461876E1
1.978523683E1,-2.929587364E0,9.915882111E0,1.021520615E0,1.038993284E1
1.979523631E1,-2.926341772E0,9.930172920E0,-1.292097718E-1,1.035318818E1
1.980524803E1,-2.841063738E0,9.942563057E0,-1.409494877E0,1.043613334E1
1.981529881E1,-2.731512785E0,9.952896118E0,-3.874165058E0,1.102408536E1
1.982523600E1,-2.702272892E0,9.960926056E0,-6.553935528E0,1.222605405E1
1.983523116E1,-2.662666559E0,8.756616592E0,-8.985735893E0,1.282620664E1
1.984523137E1,-2.450978756E0,6.061747074E0,-1.028089428E1,1.218395919E1
1.985524105E1,-1.100004792E0,2.393069267E0,-1.309938049E1,1.336153286E1
1.986523637E1,1.028339624E0,-1.482316017E0,-1.407704735E1,1.419218113E1
1.987524465E1,2.188127995E0,-4.868919373E0,-1.407718945E1,1.505528288E1
1.988525116E1,3.479496002E0,-7.381784439E0,-1.385958195E1,1.608370746E1
1.989525038E1,4.477395535E0,-8.995601654E0,-1.333916759E1,1.670033868E1
1.990524881E1,6.577126503E0,-9.824639320E0,-1.047218990E1,1.579395113E1
1.991524673E1,6.387521744E0,-8.301105499E0,-8.284781456E0,1.335463928E1
1.992525480E1,4.271105766E0,-6.089208603E0,-4.424602509E0,8.654358049E0
1.993524699E1,1.000111103E0,-3.724359512E0,-1.981893539E0,4.335778822E0
1.994524647E1,-6.296757460E-1,-2.332878113E0,-1.461542845E0,2.823989965E0
1.995524465E1,-2.694372177E0,-2.530671120E0,-1.084760666E0,3.852355571E0
1.996524751E1,-4.057440281E0,-4.422014236E0,1.418752193E0,6.166837871E0
1.997524777E1,-5.002243042E0,-5.871059418E0,3.532930851E0,8.483712309E0
1.998524725E1,-5.235528946E0,-6.718966484E0,6.447995663E0,1.068325428E1
1.999526652E1,-5.328560829E0,-6.677407265E0,7.162873268E0,1.114845647E1
2.000524366E1,-5.144657135E0,-6.482659340E0,7.046029091E0,1.086917178E1
2.001522824E1,-3.697160721E0,-4.918107986E0,6.937280655E0,9.272682807E0
2.002523913E1,-2.547436476E0,-3.125406265E0,6.982212067E0,8.062808584E0
2.003524444E1,-1.589731336E0,-2.863054276E-1,8.487912178E0,8.640247083E0
2.004523741E1,-1.386783600E0,2.842313290E0,8.100570679E0,8.696042716E0
2.005524907E1,-1.244673252E0,5.079772949E0,6.015573502E0,7.971225080E0
2.006523970E1,-1.102289915E0,5.916085243E0,4.265987396E0,7.376568045E0
2.007523866E1,-9.462677240E-1,5.824363708E0,3.121318340E0,6.675422338E0
2.008524204E1,-2.647038698E-1,3.813100338E0,1.810158849E0,4.229240757E0
2.009523579E1,1.088487148E0,-8.667945862E-3,1.697359920E0,2.016410202E0
2.010524022E1,1.178626657E0,-2.152388573E0,1.548219800E0,2.901537853E0
2.011523788E1,2.163078785E0,-3.345074654E0,1.203874111E0,4.161459737E0
2.012523944E1,2.888886452E0,-3.474741936E0,1.122349620E0,4.656089037E0
2.013523736E1,2.987370253E0,-3.456255913E0,1.080462337E0,4.694409955E0
2.014523762E1,3.025311470E0,-2.678436279E0,1.080260873E0,4.182522438E0
2.015523892E1,2.948165417E0,-9.615993500E-1,1.084328413E0,3.285136335E0
2.016523736E1,2.766000032E0,4.907703400E-2,8.829544187E-1,2.903923766E0
2.017523631E1,9.952927232E-1,2.824105263E0,-2.558905482E-1,3.005271720E0
2.018525762E1,9.589402080E-1,4.166007042E0,-2.792187929E-1,4.284056971E0
2.019525824E1,-4.424892664E-1,4.971337318E0,-2.730870247E-1,4.998456563E0
2.020525137E1,-1.216307163E0,5.043818474E0,-2.216131091E-1,5.193132030E0
2.021524470E1,-1.362359762E0,5.037063122E0,7.192441225E-1,5.267384657E0
2.022523532E1,-1.445949674E0,4.926928997E0,7.308698893E-1,5.186479596E0
2.023523944E1,-1.445521355E0,3.975320816E0,7.523028851E-1,4.296355107E0
2.024524178E1,-7.911706567E-1,3.154489517E0,7.746739388E-1,3.343183338E0
2.025523475E1,7.060447335E-1,2.428983212E0,7.957267761E-1,2.651723913E0
2.026523944E1,5.348046422E-1,2.285696507E0,6.194787621E-1,2.427792920E0
2.027523970E1,1.975333214E0,1.300424576E0,6.831018925E-1,2.461640424E0
2.028523605E1,2.820272923E0,7.734203339E-2,7.068168521E-1,2.908523889E0
2.029524126E1,2.842765331E0,9.859752655E-2,7.308964729E-1,2.936876888E0
2.030523996E1,2.834279537E0,2.016830444E-2,5.543448329E-1,2.888052189E0
2.031523840E1,2.790687799E0,4.200553894E-2,-6.142444015E-1,2.857796187E0
2.032522647E1,2.684317589E0,6.616115570E-2,-7.688719034E-1,2.793045331E0
2.033523892E1,2.576143026E0,-1.712225914E0,-1.563421726E0,3.465907957E0
2.034523892E1,2.456492901E0,-2.418670654E0,-1.625803709E0,3.811504008E0
2.035523840E1,2.395353079E0,-2.557571411E0,-1.687475801E0,3.889275315E0
2.036525741E1,2.400059938E0,-3.466130257E0,-1.705991507E0,4.548049437E0
2.037525746E1,3.232295036E0,-3.569627762E0,-1.664165735E0,5.095038877E0
2.038527433E1,3.283152819E0,-4.324006081E0,-1.523668885E0,5.638943863E0
2.039523611E1,4.238023758E0,-4.389893532E0,-1.406320810E0,6.261768825E0
2.040523584E1,4.278046131E0,-4.409753799E0,-1.325852275E0,6.285339412E0
2.041524230E1,5.053475857E0,-4.348739624E0,-1.316724777E0,6.795801549E0
2.042523814E1,5.063570976E0,-4.202717781E0,-1.348273516E0,6.717174201E0
2.043524491E1,5.027643204E0,-3.213074684E0,-1.387604594E0,6.125887007E0
2.044523996E1,4.915878773E0,-3.135737419E0,-2.026650190E0,6.173007716E0
2.045524152E1,4.623821259E0,-3.101039886E0,-2.865085840E0,6.261380701E0
2.046523892E1,3.326508284E0,-3.188871384E0,-2.845920563E0,5.416070708E0
2.047524074E1,2.023981333E0,-3.932750702E0,-2.751219034E0,5.208861170E0
2.048523970E1,4.445914030E-1,-4.779542923E0,-2.046280861E0,5.218137353E0
2.049523814E1,-1.666947246E0,-5.755847931E0,-1.849843264E0,6.271396864E0
2.050523918E1,-3.305031300E0,-6.700779915E0,-8.774975538E-1,7.522877462E0
2.051523788E1,-5.154480934E0,-7.587926865E0,-7.494841814E-1,9.203642450E0
2.052523892E1,-6.745343685E0,-7.748747826E0,-5.856279135E-1,1.029007844E1
2.053523683E1,-7.990219116E0,-8.516211510E0,3.203046322E-1,1.168212545E1
2.054528142E1,-8.784370422E0,-8.494197845E0,1.318509221E0,1.229044455E1
2.055525001E1,-8.770472527E0,-8.408194542E0,1.393579721E0,1.222951300E1
2.056525772E1,-8.528448105E0,-8.244160652E0,1.433508277E0,1.194803573E1
2.057524027E1,-7.001689911E0,-7.292308807E0,1.467358589E0,1.021540849E1
2.058523439E1,-5.373126030E0,-7.129727364E0,3.411051035E-1,8.934195448E0
2.059523866E1,-3.699971437E0,-6.069911003E0,2.359840870E-1,7.112615322E0
2.060524074E1,-2.129524708E0,-5.243402481E0,2.475869656E-1,5.664754572E0
2.061524022E1,-7.696945071E-1,-4.386884689E0,1.315762997E0,4.644181217E0
2.062524152E1,5.351492167E-1,-3.654993057E0,1.320521474E0,3.922898915E0
2.063523866E1,1.513803959E0,-2.034260750E0,1.137126803E0,2.779006404E0
2.064523788E1,1.636905193E0,-9.758300781E-1,2.841532230E0,3.421404444E0
2.065523892E1,1.653271437E0,3.924093246E-1,3.527497768E0,3.915422331E0
2.066523762E1,1.579595566E0,1.494224548E0,3.634255886E0,4.235049586E0
2.067523579E1,8.155477047E-1,2.901924133E0,4.330784321E0,5.276549494E0
2.068524178E1,-3.898163438E-1,4.345600128E0,4.303182125E0,6.128097067E0
2.069523710E1,-3.660433888E-1,5.766120911E0,4.274782658E0,7.187204247E0
2.070523788E1,-3.440363407E-1,7.079213142E0,4.182136536E0,8.229452334E0
2.071523918E1,-3.245583177E-1,8.198700905E0,4.050288200E0,9.150348034E0
2.072532642E1,-3.070750833E-1,9.062215805E0,3.894852400E0,9.868532090E0
2.073523907E1,-1.996133685E0,1.002965355E1,3.689581394E0,1.087159192E1
2.074539683E1,-2.135186672E0,1.004775620E1,3.450876951E0,1.083628065E1
2.075523584E1,-2.978489399E0,1.006543064E1,2.553619385E0,1.080302111E1
2.076523522E1,-3.102680206E0,1.008135223E1,2.327742815E0,1.080179031E1
2.077523840E1,-4.008975506E0,1.009548950E1,1.471948147E0,1.096163420E1
2.078524152E1,-4.120668888E0,9.908228874E0,1.192409992E0,1.079697889E1
2.079524100E1,-4.825193405E0,9.918869972E0,-4.196474254E-1,1.103823251E1
2.080523996E1,-4.797729492E0,9.930115700E0,-5.129659772E-1,1.104031432E1
2.081523736E1,-4.648806572E0,9.981709480E0,-5.189033985E0,1.217259218E1
2.082524074E1,-4.557499886E0,8.141151428E0,-7.851944923E0,1.219435078E1
2.083524204E1,-4.351694584E0,6.127379417E0,-1.056247044E1,1.296332542E1
2.084524178E1,-3.229281187E0,3.034704208E0,-1.219023037E1,1.297071328E1
2.085523762E1,-1.597091317E0,5.230045319E-2,-1.373733711E1,1.382996265E1
2.086524178E1,7.075469494E-1,-3.627430916E0,-1.466722107E1,1.512568186E1
2.087523814E1,1.940212488E0,-6.069304466E0,-1.461861801E1,1.594693932E1
2.088524074E1,3.130832195E0,-7.636658669E0,-1.433119774E1,1.653795315E1
2.089523814E1,4.076235771E0,-8.346706390E0,-1.298322678E1,1.596394009E1
2.090534975E1,5.223167896E0,-8.311821938E0,-1.117356110E1,1.487334308E1
2.091523704E1,5.977166176E0,-6.702234268E0,-9.502984047E0,1.307490595E1
2.092542423E1,5.877701759E0,-4.172513962E0,-7.851100922E0,1.065819105E1
2.093523558E1,4.839926243E0,-1.353349686E0,-5.307144165E0,7.309050595E0
2.094524053E1,3.109103203E0,9.376096725E-1,-2.922636509E0,4.368917347E0
2.095524100E1,8.525990844E-1,2.193642139E0,-9.138796329E-1,2.524711274E0
2.096523918E1,-7.867496610E-1,2.089806557E0,3.181307316E-1,2.255542869E0
2.097523788E1,-2.349650860E0,-6.852798462E-1,4.891252518E-1,2.495938930E0
2.098523501E1,-3.514889956E0,-3.486686707E0,7.899124622E-1,5.013521446E0
2.099524282E1,-4.617874146E0,-8.773852348E0,5.318357468E0,1.125122984E1
2.100523683E1,-5.486077309E0,-9.834702492E0,6.074145317E0,1.279506384E1
2.101523944E1,-5.443210125E0,-9.795933723E0,5.953941345E0,1.269008556E1
2.102523944E1,-5.246853828E0,-8.902946472E0,5.820459366E0,1.186042487E1
2.103526392E1,-4.053366184E0,-7.023534775E0,5.825369358E0,9.984725650E0
2.104523736E1,-3.132707596E0,-3.441881180E0,7.382629871E0,8.727177479E0
2.105523579E1,-2.835638046E0,8.353738785E-1,7.244771957E0,7.824666981E0
2.106525246E1,-1.837435246E0,4.409851074E0,6.265239716E0,7.878844044E0
2.107524725E1,-1.612024665E0,6.601899624E0,4.812974453E0,8.327570189E0
2.108536553E1,-6.941167116E-1,6.749224663E0,4.445643425E0,8.111570564E0
2.109524855E1,-4.220126867E-1,6.574303150E0,4.186450005E0,7.805505766E0
2.110523991E1,1.447889566E0,4.265340328E0,3.983712673E0,6.013275229E0
2.111523319E1,1.390369058E0,1.868363380E0,3.809124708E0,4.464676795E0
2.112524595E1,2.615612984E0,-1.473112106E-1,3.577735901E0,4.434334905E0
2.113526001E1,3.462725163E0,-2.224340439E0,2.736229420E0,4.942176381E0
2.114524777E1,3.636179924E0,-3.338463783E0,1.555415630E0,5.175563994E0
2.115525012E1,4.412436008E0,-3.412720680E0,1.462830067E0,5.766812445E0
2.116524699E1,4.322564125E0,-3.295169830E0,1.178178072E0,5.561547302E0
2.117524647E1,2.816391706E0,3.961563110E-3,-1.324543953E0,3.112313387E0
2.118524673E1,1.399050474E0,1.720118523E0,-1.540132642E0,2.699658963E0
2.119525376E1,1.334517121E0,3.436858177E0,-1.655536175E0,4.041500972E0
2.120524751E1,-1.164827228E0,4.645833969E0,-1.608931065E0,5.052648307E0
2.121524022E1,-2.289536953E0,4.808041573E0,-7.946169376E-1,5.384297475E0
2.122525168E1,-2.513262510E0,5.412352562E0,8.571072221E-1,6.028655032E0
2.123528866E1,-2.656705379E0,5.346634388E0,8.685097098E-1,6.033149415E0
2.124524803E1,-2.661855936E0,4.656152725E0,1.921556711E0,5.697158539E0
2.125525038E1,-1.831035376E0,3.967944145E0,2.675619125E0,5.124081283E0
2.126523277E1,-6.593162417E-1,3.248697281E0,2.798142195E0,4.338010105E0
2.127525486E1,8.492155075E-1,2.411873341E0,3.462383747E0,4.304230617E0
2.128523512E1,2.301141739E0,1.618037224E0,3.407360077E0,4.418529218E0
2.129524183E1,3.596572399E0,4.632663727E-2,3.271513700E0,4.862127217E0
2.130523762E1,4.516289711E0,-3.377151489E-2,2.232076168E0,5.037874283E0
2.131524126E1,4.676545620E0,-1.454925537E-2,5.172293782E-1,4.705084149E0
2.132522907E1,4.800469875E0,4.056930542E-3,4.920385480E-1,4.825622179E0
2.133526418E1,4.802327156E0,2.962112427E-2,4.674037695E-1,4.825110342E0
2.134524282E1,4.613622665E0,6.626796722E-2,4.447585940E-1,4.635484414E0
2.135523892E1,4.240931988E0,-1.215644836E0,2.617718279E-1,4.419481981E0
2.136523683E1,3.938125610E0,-2.199511528E0,2.418365180E-1,4.517208119E0
2.137524178E1,3.159165382E0,-2.321763992E0,-7.749165893E-1,3.996424611E0
2.138523892E1,2.977490425E0,-3.296901703E0,-8.098253608E-1,4.515620354E0
2.139524048E1,2.829331398E0,-3.439920425E0,-8.729049563E-1,4.538736802E0
2.140523631E1,2.706350565E0,-4.286953926E0,-9.918397069E-1,5.165854561E0
2.141523710E1,2.623296022E0,-4.311646461E0,-1.901237249E0,5.393206867E0
2.142523762E1,2.560295820E0,-4.270570755E0,-2.025758743E0,5.375554645E0
2.143526105E1,2.528014660E0,-4.171456337E0,-2.809652090E0,5.629036415E0
2.144523845E1,3.027205467E0,-4.065910339E0,-2.801274300E0,5.791609235E0
2.145525710E1,2.952067852E0,-3.998263359E0,-2.756487370E0,5.683224183E0
2.146523860E1,2.891180754E0,-4.002987862E0,-2.697742939E0,5.626780157E0
2.147522782E1,2.840288639E0,-4.090205193E0,-2.620305538E0,5.626990242E0
2.148523637E1,2.757215023E0,-4.892792702E0,-2.498894930E0,6.147042458E0
2.149523762E1,2.607077360E0,-5.582304001E0,-2.393571377E0,6.609701525E0
2.150523657E1,1.624323010E0,-5.735875130E0,-2.233709335E0,6.366172016E0
2.151523970E1,4.919416904E-1,-6.802121162E0,-2.054812431E0,7.122718095E0
2.152524074E1,-1.336903453E0,-6.897747040E0,-1.368598461E0,7.158162251E0
2.153526366E1,-4.383085728E0,-7.727268219E0,-1.164176941E0,8.959766882E0
2.154523788E1,-6.198565006E0,-7.746804237E0,-9.914076924E-1,9.970861209E0
2.155523944E1,-7.813806534E0,-7.717695236E0,-2.061707973E-1,1.098457549E1
2.156523866E1,-8.983194351E0,-7.629849434E0,-8.538854122E-2,1.178641906E1
2.157524022E1,-9.046738625E0,-7.498527527E0,-5.530118942E-2,1.175050863E1
2.158523814E1,-8.929348946E0,-6.718807220E0,-9.757733345E-2,1.117520310E1
2.159523866E1,-8.595552444E0,-6.612297058E0,-1.996806860E-1,1.084646793E1
2.160523788E1,-6.609461784E0,-5.902738571E0,-8.470972776E-1,8.901959420E0
2.161523762E1,-4.727776527E0,-5.197256088E0,-8.061810732E-1,7.072006056E0
2.162523663E1,-2.649700403E0,-4.405272484E0,-6.529791355E-1,5.182057471E0
2.163528381E1,-3.947597146E-1,-3.670342445E0,1.091371536E0,3.849459797E0
2.164524288E1,1.289797425E0,-2.925615311E0,1.116351008E0,3.386597395E0
2.165523449E1,2.681902885E0,-2.139617920E0,1.138710737E0,3.614862386E0
2.166523897E1,3.603678465E0,-1.217937469E0,2.970116615E0,4.826122964E0
2.167523866E1,3.797723532E0,4.078893661E-1,3.925383568E0,5.477016881E0
2.168523480E1,3.858935356E0,3.260421753E-1,4.746110439E0,6.125622408E0
2.169524100E1,3.754922867E0,2.116787910E0,4.800004959E0,6.451378488E0
2.170523970E1,2.831037998E0,3.532812119E0,4.809283733E0,6.604903303E0
2.171523866E1,2.371918708E-1,6.308126450E0,4.759705067E0,7.905916241E0
2.172523683E1,-3.918066621E-3,7.482676983E0,4.622203827E0,8.795182681E0
2.173526079E1,-4.370401055E-2,8.416013718E0,4.436861515E0,9.514038945E0
2.174524022E1,-1.827552199E0,1.011784458E1,4.213047504E0,1.111127784E1
2.175523553E1,-2.067372322E0,1.013658810E1,3.428432703E0,1.089855942E1
2.176523762E1,-3.179090738E0,1.015264702E1,3.176434994E0,1.110281940E1
2.177523996E1,-3.336510658E0,9.967311859E0,2.301379919E0,1.075992373E1
2.178523631E1,-3.982851982E0,9.981389046E0,2.046266317E0,1.093976430E1
2.179523944E1,-4.019082069E0,9.993369102E0,1.074350834E0,1.082472523E1
2.180524892E1,-4.046559334E0,1.000288296E1,7.770174146E-1,1.081832085E1
2.181525413E1,-3.975620031E0,1.001128006E1,-5.070800185E-1,1.078371055E1
2.182524652E1,-3.831490517E0,9.818926811E0,-1.838458538E0,1.069913890E1
2.183524600E1,-3.575465441E0,9.824275970E0,-3.756452322E0,1.110906321E1
2.184523558E1,-3.389610767E0,9.828882217E0,-6.293606758E0,1.215343050E1
2.185523741E1,-3.230667830E0,7.712138176E0,-8.736685753E0,1.209313722E1
2.186524178E1,-2.950972080E0,5.179370880E0,-1.081018162E1,1.234480237E1
2.187523866E1,-1.433753610E0,1.667937279E0,-1.305983925E1,1.324375571E1
2.188523918E1,8.213693500E-1,-2.108017921E0,-1.432097244E1,1.449857368E1
2.189523631E1,2.224452972E0,-7.713252068E0,-1.495722389E1,1.697530545E1
2.190523788E1,2.512191296E0,-9.002433777E0,-1.461365318E1,1.734686653E1
2.191523944E1,3.627550602E0,-9.101190567E0,-1.339419746E1,1.659503898E1
2.192524022E1,3.858094454E0,-9.010843277E0,-1.175180244E1,1.530310590E1
2.193526157E1,3.745470524E0,-7.060604095E0,-8.555785179E0,1.170820822E1
2.194523762E1,2.445598125E0,-4.451242447E0,-6.415671349E0,8.182624785E0
2.195523840E1,1.254912257E0,-1.996822357E0,-4.179569244E0,4.799052341E0
2.196523970E1,-1.553882241E0,-3.410739899E-1,-3.057398319E0,3.446529554E0
2.197523918E1,-2.959024191E0,-4.224414825E-1,-2.563437939E0,3.937701745E0
2.198525845E1,-3.194868803E0,-3.010190964E0,-7.562205791E-1,4.454245825E0
2.199523991E1,-3.374937057E0,-5.086221695E0,1.859079123E0,6.380911099E0
2.200524105E1,-3.469052792E0,-6.550891876E0,3.840774059E0,8.348656001E0
2.201526095E1,-3.424516678E0,-6.689816475E0,5.666333675E0,9.412135585E0
2.202523715E1,-2.457585335E0,-6.708884239E0,5.747206688E0,9.169473165E0
2.203525902E1,-1.530495405E0,-6.521642685E0,5.839894295E0,8.886990766E0
2.204524361E1,-6.456463933E-1,-4.383295059E0,7.276267052E0,8.519049070E0
2.205523918E1,-4.712339044E-1,-1.638600349E0,8.327222824E0,8.499983086E0
2.206523814E1,-3.440265059E-1,1.764913559E0,8.222415924E0,8.416733199E0
2.207523762E1,-2.854225039E-1,6.158059120E0,6.075770378E0,8.655526779E0
2.208523970E1,-2.325922847E-1,6.303064346E0,4.762132168E0,7.903203281E0
2.209523736E1,-1.691402793E-1,6.220763206E0,3.872595072E0,7.329631361E0
2.210523892E1,-3.785777092E-2,4.499631405E0,3.612923384E0,5.770730575E0
2.211523840E1,1.001622200E0,2.416478157E0,3.402941465E0,4.292158470E0
2.212523762E1,1.066089630E0,-1.719589233E-1,3.186593294E0,3.364594150E0
2.213526105E1,2.190732956E0,-1.528300285E0,2.069658995E0,3.379127254E0
2.214523814E1,2.342013359E0,-2.883231163E0,1.965968370E0,4.202746738E0
2.215523866E1,3.174305916E0,-3.605364799E0,1.672811270E0,5.086567696E0
2.216525689E1,3.218115330E0,-3.592045784E0,1.610607386E0,5.084595888E0
2.217523538E1,3.165831566E0,-2.874501228E0,1.554202199E0,4.549812226E0
2.218523194E1,3.051298857E0,-1.393411636E0,1.501980066E0,3.675318329E0
2.219523256E1,2.201475620E0,5.407524109E-2,1.440810442E0,2.631606689E0
2.220523819E1,1.955960751E0,2.363437653E0,-1.512128115E-1,3.071560729E0
2.221523819E1,7.820147276E-1,3.825476646E0,-2.224195004E-1,3.910919207E0
2.222524022E1,7.479572892E-1,4.750758171E0,-2.382107973E-1,4.815172654E0
2.223526834E1,-4.459071755E-1,4.840211391E0,-2.250107527E-1,4.865913004E0
2.224523840E1,-1.303427696E0,4.872741222E0,-1.760537624E-1,5.047130443E0
2.225523710E1,-1.334949255E0,4.057304382E0,1.051102877E0,4.398707267E0
2.226523814E1,-1.267931223E0,3.367928505E0,1.068432570E0,3.753949941E0
2.227523918E1,5.381751657E-1,3.208018303E0,1.085693479E0,3.429248354E0
2.228523736E1,5.686415434E-1,2.256183147E0,1.101415396E0,2.574263288E0
2.229525168E1,3.996185660E-1,2.168115139E0,9.178862572E-1,2.388081539E0
2.230524777E1,2.143020391E0,2.066054344E0,9.365408421E-1,3.120613033E0
2.231524673E1,2.279858351E0,1.289703369E0,9.554469585E-1,2.788183597E0
2.232522543E1,3.185767412E0,1.205890656E0,9.728538990E-1,3.542559948E0
2.233529048E1,3.253031015E0,1.093697548E0,9.884644151E-1,3.571476867E0
2.234526574E1,3.317499876E0,-3.831863403E-2,8.028099537E-1,3.413470018E0
2.235524168E1,3.358950138E0,-1.536750793E-2,-5.580732226E-1,3.405029796E0
2.236524850E1,3.277395725E0,-1.591687202E0,-7.138088346E-1,3.712723252E0
2.237524585E1,3.131012201E0,-2.486778259E0,-1.553787470E0,4.289703838E0
2.238524079E1,2.891045094E0,-3.182980537E0,-1.653290987E0,4.606829487E0
2.239523918E1,2.649873972E0,-3.310585022E0,-1.706346869E0,4.570932607E0
2.240524647E1,1.917624354E0,-4.164771080E0,-1.698869467E0,4.889658350E0
2.241525064E1,1.804921031E0,-4.256151199E0,-1.667692661E0,4.914647675E0
2.242525168E1,1.741366029E0,-4.360316277E0,-1.598779202E0,4.959920222E0
2.243529465E1,2.848044157E0,-4.446594238E0,-1.584180117E0,5.513001223E0
2.244524725E1,3.615812778E0,-4.432177544E0,-1.553992152E0,5.927325825E0
2.245524621E1,4.425056458E0,-4.429794312E0,-1.524193406E0,6.444173169E0
2.246525741E1,5.062016964E0,-4.476524353E0,-1.542096496E0,6.931186596E0
2.247524465E1,5.072928905E0,-4.566410065E0,-2.121916056E0,7.147673489E0
2.248524334E1,5.009577751E0,-5.287661552E0,-2.155950785E0,7.596272620E0
2.249524647E1,4.774823666E0,-5.368618965E0,-2.178363800E0,7.507747963E0
2.250524647E1,3.066221237E0,-5.482373238E0,-2.131194592E0,6.633258579E0
2.251524986E1,1.099489331E0,-6.253456116E0,-2.004696846E0,6.658333097E0
2.252523605E1,-1.322394013E0,-6.323605537E0,-1.837048173E0,6.716506451E0
2.253527210E1,-3.563884735E0,-6.414258957E0,-9.676252604E-1,7.401370888E0
2.254525579E1,-5.783756256E0,-7.051136017E0,-8.617374897E-1,9.160401032E0
2.255526840E1,-7.597953320E0,-7.100583076E0,-7.705606222E-1,1.042789233E1
2.256524314E1,-8.835063934E0,-7.108256340E0,-6.553897858E-1,1.135848576E1
2.257523762E1,-9.024459839E0,-7.074405670E0,8.984446526E-2,1.146717764E1
2.258524126E1,-8.994604111E0,-7.007093430E0,1.346887350E-1,1.140264892E1
2.259523996E1,-8.675769806E0,-6.908048630E0,8.848989010E-2,1.109044400E1
2.260523605E1,-6.678019524E0,-6.774630547E0,-1.884961128E-2,9.512724063E0
2.261524621E1,-4.908190250E0,-5.899232864E0,-7.164758444E-1,7.707439105E0
2.262524204E1,-1.002594948E0,-4.491137505E0,-6.163674593E-1,4.642781662E0
2.263523683E1,-7.781249881E-1,-3.733446121E0,2.921217680E-1,3.824844254E0
2.264523657E1,8.495036364E-1,-3.572514534E0,4.054908752E-1,3.694447100E0
2.265523944E1,1.144305706E0,-2.518299103E0,1.505977273E0,3.149481460E0
2.266524543E1,1.953745961E0,-1.805740356E0,1.521115541E0,3.064574033E0
2.267523605E1,2.033694744E0,-9.578542709E-1,2.629954338E0,3.459777296E0
2.268523527E1,1.991513133E0,2.986545563E-1,3.390154600E0,3.943154488E0
2.269523527E1,1.909451246E0,3.203182220E-1,3.526823282E0,4.023318318E0
2.270523710E1,1.111630917E0,2.577885151E0,4.345545769E0,5.173488492E0
2.271527897E1,9.699633718E-1,3.992490768E0,4.320953369E0,5.962503627E0
2.272524308E1,-3.292492032E-1,5.419517994E0,4.313875675E0,6.934630752E0
2.273526220E1,-3.190546632E-1,6.717485428E0,4.308274269E0,7.986716067E0
2.274523480E1,-3.100147545E-1,7.870738983E0,4.297350407E0,8.972840231E0
2.275523558E1,-3.004402518E-1,8.792402267E0,4.255853176E0,9.772864894E0
2.276523897E1,-1.915301085E0,1.013479328E1,4.140960217E0,1.111440348E1
2.277523944E1,-2.059552431E0,9.957074165E0,3.953074455E0,1.090925661E1
2.278523579E1,-2.825280428E0,9.977572441E0,3.680048466E0,1.100349572E1
2.279524178E1,-2.909630775E0,9.998043060E0,2.529841661E0,1.071573213E1
2.280523736E1,-3.588808775E0,1.005687237E1,3.442907929E-1,1.068357461E1
2.281524282E1,-3.639963150E0,9.874620438E0,5.738809705E-2,1.052429351E1
2.282523553E1,-3.610443115E0,9.892917633E0,-1.689530373E0,1.066581603E1
2.283524308E1,-3.540170193E0,9.909258842E0,-3.459852457E0,1.107685853E1
2.284523762E1,-3.421202183E0,9.923850060E0,-5.604915619E0,1.189968502E1
2.285523423E1,-3.421988010E0,9.937076569E0,-7.970077038E0,1.319005764E1
2.286524256E1,-4.058415413E0,6.821313381E0,-1.023327923E1,1.295071642E1
2.287523605E1,-3.831499577E0,3.963675499E0,-1.205712032E1,1.325764922E1
2.288523762E1,-2.552928925E0,1.682186127E-2,-1.318806267E1,1.343289716E1
2.289527527E1,-1.176302195E0,-3.158748627E0,-1.322109413E1,1.364399904E1
2.290523512E1,8.725559115E-1,-6.080216408E0,-1.362449265E1,1.494513918E1
2.291525751E1,8.958104849E-1,-8.015196800E0,-1.324479485E1,1.550710955E1
2.292524116E1,1.123941183E0,-9.083367348E0,-1.265464878E1,1.561764841E1
2.293523610E1,3.479973316E0,-9.241312981E0,-1.083825588E1,1.466219187E1
2.294523605E1,4.487841129E0,-9.190553665E0,-7.846355915E0,1.289078337E1
2.295524022E1,4.445956230E0,-7.155731201E0,-6.020190239E0,1.035440517E1
2.296524751E1,2.907482386E0,-4.768596649E0,-3.465572834E0,6.572911295E0
2.297524178E1,1.234990358E0,-2.636597633E0,-1.779356718E0,3.412177984E0
2.298523683E1,-3.276559353E0,-2.489337921E0,-1.384588718E0,4.341627621E0
2.299523892E1,-4.801070690E0,-4.177131653E0,8.403561115E-1,6.419104845E0
2.300523866E1,-5.837246418E0,-5.690150261E0,3.657648087E0,8.934743715E0
2.301524230E1,-6.016397476E0,-6.497151375E0,5.097695351E0,1.021746116E1
2.302523631E1,-6.089995861E0,-6.451033592E0,5.928922176E0,1.067033280E1
2.303523736E1,-6.026827812E0,-5.678399086E0,6.555861473E0,1.056154294E1
2.304523579E1,-4.835292816E0,-4.403360367E0,7.819867134E0,1.019411404E1
2.305523683E1,-3.266716003E0,-2.472894669E0,9.984921455E0,1.079283549E1
2.306524152E1,-1.496424675E0,-4.203939438E-1,1.166416740E1,1.176727747E1
2.307533210E1,1.925306320E-1,2.720301628E0,1.146209145E1,1.178204776E1
2.308524683E1,1.642948270E0,4.516028404E0,1.029882431E1,1.136483936E1
2.309540683E1,3.101156712E0,4.670932293E0,8.711849213E0,1.036007230E1
2.310524366E1,4.162550926E0,4.587276936E0,7.205042839E0,9.501714698E0
2.311524647E1,5.031199932E0,2.855945587E0,5.594711304E0,8.047993074E0
2.312523553E1,5.232110977E0,8.196306229E-1,3.799942970E0,6.518155123E0
2.313523996E1,6.225503922E0,-1.271762848E-1,1.512795806E0,6.407934459E0
2.314523710E1,6.160534859E0,-2.409960747E0,1.333081722E0,6.748126216E0
2.315523710E1,5.950748444E0,-3.134828568E0,-9.110466242E-1,6.787382643E0
2.316524282E1,3.303168297E0,-2.973237038E0,-1.966375351E0,4.859803628E0
2.317523710E1,1.333952546E0,-1.390011787E0,-3.203871250E0,3.738496108E0
2.318523736E1,-1.477332115E-1,1.312828064E-1,-3.408213615E0,3.413939122E0
2.319523657E1,-1.842520714E0,2.250007153E0,-3.483783007E0,4.538078757E0
2.320523631E1,-3.444999695E0,4.006374836E0,-3.465650797E0,6.319002902E0
2.321524079E1,-4.664709091E0,5.131826878E0,-3.251863718E0,7.659619811E0
2.322523710E1,-4.917566299E0,5.228471756E0,-1.809577823E0,7.402293368E0
2.323523683E1,-4.980259895E0,5.223366737E0,-3.327826262E-1,7.224769406E0
2.324523605E1,-4.244433403E0,5.109884262E0,8.230162263E-1,6.693540752E0
2.325535725E1,-2.694144487E0,4.136619568E0,2.762108803E0,5.656790699E0
2.326525282E1,-7.555614710E-1,3.141218185E0,3.875536919E0,5.045583339E0
2.327524824E1,7.867179513E-1,2.063480854E0,4.098840714E0,4.655896645E0
2.328523428E1,3.259807587E0,1.063383102E0,4.771323204E0,5.875598203E0
2.329524048E1,4.890061378E0,-8.296298981E-2,4.774614334E0,6.834948806E0
2.330523762E1,6.061694145E0,-7.037639618E-2,4.668763638E0,7.651564719E0
2.331524413E1,6.299889088E0,-4.954910278E-2,3.801716328E0,7.358267776E0
2.332522517E1,6.337752342E0,-1.545906067E-2,2.931084394E0,6.982735815E0
2.333523683E1,6.145814419E0,2.884483337E-2,9.272270799E-1,6.215433770E0
2.334523579E1,4.000454903E0,-5.059242249E-3,-3.191433549E-1,4.013168014E0
2.335523710E1,2.637044907E0,3.484821320E-2,-1.117433548E0,2.864241256E0
2.336524282E1,1.471524000E0,-1.041009903E0,-1.301877618E0,2.223503954E0
2.337523710E1,2.022668719E-1,-1.719135284E0,-1.471014738E0,2.271612285E0
2.338523683E1,-1.312464327E-1,-2.485931396E0,-1.625899553E0,2.973319675E0
2.339523683E1,-2.571573257E-1,-3.260908127E0,-1.694184303E0,3.683736168E0
2.340523762E1,-3.753244877E-1,-4.077749252E0,-1.722175241E0,4.442386183E0
2.341524074E1,8.854364753E-1,-4.836951256E0,-1.669425726E0,5.192983483E0
2.342523657E1,1.710381031E0,-4.951139450E0,-1.546306729E0,5.461707574E0
2.343523527E1,2.523623943E0,-5.021185875E0,-1.411728144E0,5.794304251E0
2.344525668E1,3.312932730E0,-5.028139114E0,-1.302318096E0,6.160660569E0
2.345523584E1,4.072879791E0,-4.999249458E0,-1.199089646E0,6.558861252E0
2.346522402E1,4.171788216E0,-4.968199730E0,-1.102335215E0,6.580423117E0
2.347523918E1,4.880340099E0,-4.954662323E0,-1.016709208E0,7.028520174E0
2.348523558E1,4.835471630E0,-4.966556549E0,-9.805070162E-1,7.000704525E0
2.349524178E1,4.671166420E0,-5.008606911E0,-1.020499587E0,6.924403102E0
2.350523683E1,3.496596813E0,-5.092439651E0,-1.734960675E0,6.416324448E0
2.351525012E1,2.188800097E0,-5.742394447E0,-1.810705423E0,6.406605496E0
2.352524725E1,-1.341426730E0,-5.882555962E0,-1.838053465E0,6.307323589E0
2.353524491E1,-3.643784523E0,-5.957177162E0,-1.769294024E0,7.203854991E0
2.354524777E1,-5.720065117E0,-6.046102524E0,-1.677836895E0,8.490561661E0
2.355524517E1,-7.580896378E0,-6.122935295E0,-1.551866651E0,9.867553730E0
2.356524543E1,-9.055060387E0,-6.186602592E0,-7.328140736E-1,1.099114128E1
2.357524569E1,-9.818445206E0,-6.193336487E0,-5.392683744E-1,1.162110552E1
2.358524855E1,-9.744712830E0,-6.170431137E0,1.142019033E0,1.159042087E1
2.359524803E1,-8.775795937E0,-6.140458107E0,1.216005445E0,1.077954031E1
2.360524803E1,-7.284349918E0,-6.099229813E0,1.287965894E0,9.587555172E0
2.361528152E1,-5.456986427E0,-6.022336960E0,1.357671976E0,8.239570166E0
2.362523892E1,-3.615891457E0,-5.884361267E0,2.774685621E-1,6.912117429E0
2.363524418E1,-1.779513836E0,-4.974609375E0,1.239151478E0,5.426684468E0
2.364522053E1,-3.106498122E-1,-4.812284470E0,1.253805518E0,4.982631172E0
2.365523584E1,1.441025734E0,-3.738864899E0,1.238856435E0,4.194094797E0
2.366524803E1,2.357659340E0,-2.839113235E0,1.225254774E0,3.888492097E0
2.367524387E1,2.575892687E0,-1.740377426E0,3.186191082E0,4.451511017E0
2.368524725E1,2.666774273E0,3.550157547E-1,3.827311516E0,4.678251238E0
2.369524517E1,2.612732649E0,3.781557083E-1,3.907913923E0,4.716053951E0
2.370524569E1,1.811709642E0,4.062393188E0,4.533517838E0,6.351229348E0
2.371524829E1,1.639879227E0,5.483600616E0,4.415471077E0,7.228794120E0
2.372525142E1,5.182436854E-2,6.720403671E0,4.233097553E0,7.942646043E0
2.373525038E1,4.524135962E-2,7.646068573E0,4.059876442E0,8.657194010E0
2.374524933E1,3.970563412E-2,8.335820198E0,3.886067390E0,9.197227554E0
2.375523683E1,3.329515457E-2,8.437777519E0,3.670153618E0,9.201479534E0
2.376523657E1,-1.759700656E0,9.045269012E0,2.900428295E0,9.660534261E0
2.377523710E1,-1.934159279E0,9.058929443E0,2.700493813E0,9.648722278E0
2.378523683E1,-2.859613419E0,1.004948330E1,2.464384556E0,1.073511503E1
2.379526496E1,-2.963444710E0,1.006380844E1,1.586773396E0,1.061037675E1
2.380523418E1,-3.607627392E0,1.007639790E1,1.355762601E0,1.078827429E1
2.381522699E1,-3.638082504E0,9.887608528E0,-4.469141364E-1,1.054514955E1
2.382526303E1,-3.629081011E0,9.896937370E0,-5.403575301E-1,1.055516862E1
2.383524517E1,-3.495857954E0,9.906568527E0,-2.251607895E0,1.074387551E1
2.384524074E1,-3.280786276E0,9.914231300E0,-4.477176189E0,1.136224659E1
2.385524048E1,-2.475876808E0,9.919737816E0,-7.242898941E0,1.252959494E1
2.386523449E1,-2.371002197E0,8.513941765E0,-9.638371468E0,1.307696679E1
2.387523762E1,-2.161002398E0,6.371773720E0,-1.180016327E1,1.358356672E1
2.388524387E1,5.490217805E-1,-4.782676697E-3,-1.462607193E1,1.463637345E1
2.389523710E1,1.806729794E0,-3.488898277E0,-1.464902878E1,1.516676392E1
2.390523631E1,2.909505844E0,-6.033912659E0,-1.447498322E1,1.594987352E1
2.391523736E1,3.180983067E0,-7.649326324E0,-1.399521351E1,1.626335905E1
2.392523553E1,4.222521305E0,-8.543202400E0,-1.242375851E1,1.565777024E1
2.393523814E1,4.418465614E0,-8.606286049E0,-1.088543510E1,1.456309361E1
2.394523736E1,4.342301846E0,-7.858854294E0,-8.059768677E0,1.206553137E1
2.395523631E1,3.072504997E0,-6.215831757E0,-5.767719269E0,9.019059649E0
2.396523736E1,7.190816402E-1,-4.464498520E0,-3.524556398E0,5.733351833E0
2.397525220E1,-1.285610914E0,-3.368556976E0,-2.419794798E0,4.342278018E0
2.398524710E1,-3.265588522E0,-3.527464867E0,-2.127160549E0,5.256604301E0
2.399522491E1,-4.533335686E0,-5.043032646E0,-1.659054041E0,6.981100989E0
2.400523163E1,-4.758793831E0,-6.182465553E0,1.257758856E0,7.902591751E0
2.401523689E1,-4.931088448E0,-6.300003052E0,3.953844786E0,8.924043944E0
2.402523918E1,-4.979720592E0,-6.251767159E0,5.294991970E0,9.587447509E0
2.403523736E1,-4.811938286E0,-5.516551018E0,5.362465382E0,9.074311002E0
2.404523814E1,-3.625211477E0,-4.201247215E0,6.161521435E0,8.291983044E0
2.405523657E1,-2.812821865E0,-2.249530792E0,7.188372612E0,8.040214950E0
2.406523762E1,-1.894533277E0,3.397201538E0,9.896426201E0,1.063341367E1
2.407523683E1,-1.745236635E0,5.479451180E0,9.518233299E0,1.112056659E1
2.408523970E1,-1.615584493E0,6.359509945E0,7.689414978E0,1.010844116E1
2.409523683E1,-1.454593778E0,6.312449455E0,6.401555061E0,9.107292045E0
2.410523970E1,-7.092494369E-1,4.605630398E0,5.989063740E0,7.588395786E0
2.411523579E1,1.057862163E0,2.456143379E0,4.941198349E0,5.618465429E0
2.412523683E1,1.171989083E0,-1.475486755E-1,4.660737991E0,4.808098132E0
2.413523501E1,2.279095173E0,-1.833251953E0,3.679431677E0,4.700351582E0
2.414523527E1,3.237403870E0,-3.342812538E0,2.779082298E0,5.420191685E0
2.415523788E1,4.194932938E0,-4.278273582E0,1.532331347E0,6.184587824E0
2.416524308E1,4.363842010E0,-4.308032990E0,1.387325287E0,6.287045155E0
2.417522845E1,4.406159401E0,-4.143435478E0,1.248065948E0,6.175756378E0
2.418524845E1,4.309220791E0,-2.409959793E0,-5.926358700E-1,4.972776619E0
2.419523454E1,3.357472658E0,1.717185974E-2,-1.530514240E0,3.689903977E0
2.420523814E1,1.067213178E0,1.676643372E0,-1.769920826E0,2.661333630E0
2.421523605E1,1.027529597E0,3.370709419E0,-1.928402662E0,4.016993389E0
2.422523683E1,-1.030944347E0,4.566140175E0,-1.975716472E0,5.080938685E0
2.423524100E1,-2.419405460E0,4.727049351E0,-1.957993984E0,5.659704832E0
2.424523579E1,-3.338343382E0,5.400628090E0,-1.811832190E0,6.602579510E0
2.425524100E1,-3.492986917E0,5.206902504E0,-1.842724085E-1,6.272698591E0
2.426523840E1,-3.367810249E0,4.084504128E0,9.281122684E-1,5.374636009E0
2.427524178E1,-2.070331097E0,3.281291962E0,1.026396751E0,4.013307623E0
2.428523657E1,-7.166770697E-1,2.377826691E0,9.228220582E-1,2.649393580E0
2.429523657E1,8.673018813E-1,1.467369080E0,2.720734596E0,3.210573362E0
2.430523605E1,2.349970818E0,-2.621650696E-2,2.885897398E0,3.721754148E0
2.431524048E1,3.587173939E0,-1.611995697E-2,3.632981777E0,5.105549267E0
2.432522595E1,4.430527210E0,-1.616477966E-3,3.642785549E0,5.735805134E0
2.433523788E1,4.591638565E0,-8.667755127E-2,3.549176693E0,5.804077266E0
2.434525236E1,4.666065693E0,-6.876945496E-2,2.714641094E0,5.398719715E0
2.435525663E1,4.582653999E0,-3.469753265E-2,9.104279280E-1,4.672344231E0
2.436527538E1,4.342714310E0,-1.495135307E0,8.435261846E-1,4.669703801E0
2.437523558E1,3.150996685E0,-1.558767319E0,7.768446803E-1,3.600281006E0
2.438523829E1,2.328993320E0,-2.237902641E0,5.160145164E-1,3.270885064E0
2.439523788E1,2.056152821E0,-2.331003189E0,-1.388341665E0,3.404237487E0
2.440524126E1,4.882592261E-1,-3.132863998E0,-1.581877708E0,3.543384115E0
2.441524204E1,4.103856683E-1,-3.240345955E0,-1.732632875E0,3.697333497E0
2.442523892E1,3.373309970E-1,-4.140172958E0,-1.749649763E0,4.507338308E0
2.443523814E1,2.895986080E0,-4.346544266E0,-1.712627172E0,5.496569318E0
2.444523527E1,3.961870670E0,-4.404243469E0,-1.710877895E0,6.166107599E0
2.445523814E1,5.110447407E0,-4.442401886E0,-1.629770160E0,6.964751107E0
2.446524230E1,6.146315575E0,-4.520149231E0,-1.555607557E0,7.786453563E0
2.447523605E1,6.853405952E0,-5.204195023E0,-1.490151763E0,8.733462730E0
2.448523996E1,6.859430790E0,-5.253409386E0,-1.440785170E0,8.759335753E0
2.449524647E1,6.751311779E0,-5.296804428E0,-1.433754325E0,8.700114904E0
2.450523736E1,6.437379360E0,-5.322485924E0,-1.463510394E0,8.480010148E0
2.451523579E1,4.437036514E0,-5.354225159E0,-1.510962963E0,7.116040272E0
2.452526772E1,2.449983835E0,-5.408459663E0,-1.535157204E0,6.132745255E0
2.453524746E1,1.375305653E-1,-5.486703873E0,-1.475688696E0,5.683352107E0
2.454531887E1,-2.267693281E0,-5.584998131E0,-1.335208416E0,6.173930551E0
2.455523532E1,-4.595536709E0,-6.319919586E0,-5.699048042E-1,7.834866476E0
2.456523480E1,-6.682039261E0,-6.410923958E0,-4.528154135E-1,9.271172336E0
2.457523840E1,-8.250213623E0,-6.519592285E0,-3.490194082E-1,1.052107043E1
2.458523736E1,-9.045435905E0,-7.179867744E0,1.020927548E0,1.159364932E1
2.459524152E1,-8.991526604E0,-7.209025383E0,1.083024740E0,1.157542830E1
2.460524230E1,-7.757944584E0,-7.213029861E0,1.127145886E0,1.065288514E1
2.461523840E1,-4.653370857E0,-7.111733437E0,1.006503463E0,8.558251108E0
2.462523710E1,-2.697116613E0,-6.391263008E0,1.042157412E0,7.014896502E0
2.463524178E1,-8.347934484E-1,-6.192917824E0,1.034129858E0,6.333919469E0
2.464523866E1,9.617503881E-1,-5.080744743E0,1.027143598E0,5.271997243E0
2.465523657E1,2.105429649E0,-4.911803246E0,1.022495508E0,5.440968866E0
2.466523710E1,2.338519096E0,-3.704298019E0,2.996309996E0,5.307388150E0
2.467523501E1,2.482525826E0,-2.722377777E0,3.799105883E0,5.292209439E0
2.468523657E1,2.482987404E0,-1.621584892E0,4.547922611E0,5.429398133E0
2.469523657E1,1.815137386E0,4.368915558E-1,4.644400597E0,5.005602348E0
2.470529251E1,1.070701599E0,4.576120377E-1,4.666125298E0,4.809213655E0
2.471523350E1,-2.973140478E-1,2.564829350E0,4.617183208E0,5.290096976E0
2.472537694E1,-2.884432673E-1,4.150763512E0,4.465589046E0,6.103566398E0
2.473523736E1,-2.800031602E-1,5.604441643E0,4.288385391E0,7.062465374E0
2.474524048E1,-1.732302189E0,6.813284874E0,4.063481331E0,8.119950873E0
2.475523762E1,-1.904596686E0,7.740204334E0,3.243628502E0,8.605775824E0
2.476525194E1,-2.893558979E0,8.426691055E0,2.990135670E0,9.398016654E0
2.477525142E1,-3.038174868E0,8.531190872E0,2.132063150E0,9.303623891E0
2.478524751E1,-3.784934521E0,8.599630356E0,1.926844954E0,9.591251381E0
2.479525012E1,-3.938687325E0,8.696739197E0,1.607794762E0,9.681504764E0
2.480524751E1,-3.971482277E0,8.730677605E0,7.205009460E-1,9.618551062E0
2.481525012E1,-3.977895498E0,8.800272942E0,5.249396563E-1,9.671815656E0
2.482524673E1,-3.948945045E0,9.987657547E0,-7.597892880E-1,1.076683565E1
2.483524647E1,-3.884043694E0,9.996249199E0,-8.072451353E-1,1.075464728E1
2.484529308E1,-3.722698927E0,1.000275993E1,-2.261685848E0,1.091003742E1
2.485524673E1,-3.508610964E0,9.807097435E0,-4.283146858E0,1.126209829E1
2.486524673E1,-3.398360968E0,9.808636665E0,-6.814482689E0,1.241754343E1
2.487524855E1,-3.322780132E0,8.798622131E0,-9.019825935E0,1.303126545E1
2.488535913E1,-3.169301510E0,6.862491131E0,-1.091000175E1,1.327276892E1
2.489524433E1,-2.869436026E0,3.944200516E0,-1.310585785E1,1.398405845E1
2.490539689E1,-1.267717719E0,-1.039075851E-1,-1.442385483E1,1.447983056E1
2.491523486E1,2.782391310E-1,-2.550602913E0,-1.509396553E1,1.531047967E1
2.492524256E1,1.476038337E0,-5.021198273E0,-1.495375252E1,1.584316369E1
2.493523814E1,2.786730289E0,-6.763338089E0,-1.454168034E1,1.627787071E1
2.494527928E1,4.477200508E0,-7.802114487E0,-1.311326122E1,1.590207328E1
2.495524829E1,6.182733536E0,-7.838855743E0,-1.161784363E1,1.531822914E1
2.496524829E1,7.032368660E0,-6.979164124E0,-8.644111633E0,1.314852109E1
2.497525246E1,5.710989952E0,-3.315103531E0,-3.784844160E0,7.611199838E0
2.498523762E1,3.781137466E0,-1.935758591E0,-1.715378523E0,4.581122716E0
2.499524361E1,1.309240937E0,-2.014082909E0,-1.258672953E0,2.711991777E0
2.500523892E1,-1.116908789E-1,-4.211106300E0,-8.348817825E-1,4.294521943E0
2.501523814E1,-1.776280880E0,-6.986256599E0,1.948275805E0,7.467177087E0
2.502524334E1,-3.359019995E0,-9.148683548E0,4.449251175E0,1.071341505E1
2.503523553E1,-4.478986263E0,-1.005964088E1,5.859396935E0,1.247358109E1
2.504525897E1,-4.704145908E0,-9.971935272E0,5.737324715E0,1.242921464E1
2.505523944E1,-4.883495808E0,-8.691510201E0,4.687046051E0,1.101631887E1
2.506537241E1,-4.887561321E0,-6.659725189E0,4.551071644E0,9.431460564E0
2.507525902E1,-4.787165642E0,-3.376395226E0,4.565488815E0,7.427024150E0
2.508526444E1,-4.621413231E0,1.211452484E0,5.595565796E0,7.357678571E0
2.509523298E1,-4.413072586E0,5.760926723E0,4.292320251E0,8.431340315E0
2.510523970E1,-4.184351921E0,9.690338135E0,2.142155647E0,1.077034284E1
2.511523527E1,-3.968338966E0,9.723640442E0,2.008819103E0,1.069262605E1
2.512524360E1,-3.720131397E0,9.750689507E0,1.885636449E0,1.060523212E1
2.513523814E1,-2.473696709E0,7.876730442E0,1.803535461E0,8.450727662E0
2.514526079E1,-1.231036544E0,4.641704559E0,1.544956923E0,5.044577691E0
2.515523762E1,1.887526751E0,-1.840681076E0,3.059304237E0,4.038589664E0
2.516523710E1,3.245290756E0,-4.185410500E0,3.082671881E0,6.128004493E0
2.517524621E1,4.626339912E0,-5.558651924E0,3.807498932E0,8.173045963E0
2.518523788E1,5.662078857E0,-5.658433914E0,3.733253002E0,8.832564142E0
2.519523683E1,5.838107109E0,-5.522393227E0,3.502159119E0,8.766153094E0
2.520523605E1,5.896625519E0,-3.494853973E0,1.047553182E0,6.934087141E0
2.521523579E1,5.763248444E0,-1.134815216E-1,1.051232338E0,5.859436842E0
2.522524282E1,5.451671600E0,1.571387291E0,1.051861167E0,5.770302693E0
2.523523657E1,3.880792618E0,3.433636665E0,8.557214737E-1,5.251920728E0
2.524524881E1,2.807969093E0,4.686882973E0,8.602423072E-1,5.530965490E0
2.525524433E1,1.627373338E0,4.840330124E0,8.657974005E-1,5.179454105E0
2.526524538E1,1.506390452E0,4.899277687E0,8.727428317E-1,5.199405168E0
2.527524782E1,1.391750574E0,4.851137161E0,8.808511496E-1,5.123124063E0
2.528525017E1,1.090133429E0,4.698489189E0,6.955729723E-1,4.873193338E0
2.529523996E1,9.984326959E-1,3.527333736E0,7.185595036E-1,3.735676498E0
2.530523944E1,9.307808280E-1,3.375641823E0,7.417469025E-1,3.579315456E0
2.531523710E1,9.042305350E-1,2.366520882E0,7.643738389E-1,2.646189961E0
2.532523272E1,1.905706644E0,2.230547905E0,7.872916460E-1,3.037579613E0
2.533523788E1,2.740330458E0,1.156940460E0,6.507825851E-1,3.044903975E0
2.534525871E1,2.768502712E0,2.730846405E-2,6.760336161E-1,2.849977977E0
2.535523736E1,2.814916372E0,5.191802979E-2,7.014127970E-1,2.901453011E0
2.536523605E1,3.349575996E0,7.600021362E-2,7.264922261E-1,3.428297878E0
2.537524491E1,3.272083759E0,3.232955933E-4,-1.112826109E0,3.456141516E0
2.538524100E1,3.171745300E0,-1.862045288E0,-1.196577072E0,3.867683751E0
2.539523762E1,3.024539232E0,-2.011396408E0,-1.277637482E0,3.850442911E0
2.540523553E1,2.876813412E0,-2.951890945E0,-1.359757066E0,4.340351926E0
2.541523814E1,2.743299961E0,-3.040703773E0,-1.400688291E0,4.328221552E0
2.542525137E1,2.624993086E0,-3.778605461E0,-1.356948256E0,4.796848601E0
2.543525460E1,2.560343027E0,-3.890151024E0,-1.273931503E0,4.828201827E0
2.544527048E1,2.581744671E0,-4.585143089E0,-1.155048132E0,5.387307201E0
2.545523345E1,3.576318979E0,-4.594382286E0,-1.140705347E0,5.932926320E0
2.546523319E1,4.149789333E0,-4.553897858E0,-1.232186675E0,6.283074185E0
2.547524569E1,4.195929527E0,-4.484234810E0,-2.121052742E0,6.497157160E0
2.548523788E1,4.880029202E0,-4.438399315E0,-2.165316105E0,6.942814078E0
2.549524282E1,4.823556900E0,-4.437262535E0,-2.755745411E0,7.109861654E0
2.550523527E1,4.642086029E0,-4.479812622E0,-2.796689034E0,7.031298129E0
2.551523866E1,2.818928719E0,-5.294713020E0,-2.787983418E0,6.614619915E0
2.552524178E1,1.346689463E0,-5.418428421E0,-2.605615139E0,6.161344765E0
2.553523710E1,-1.324675202E0,-6.258677483E0,-1.467192411E0,6.563418453E0
2.554526079E1,-1.384859920E0,-6.372594833E0,-1.273465872E0,6.644510308E0
2.555523918E1,-4.075159073E0,-7.035956383E0,-5.699950457E-1,8.150858730E0
2.556523553E1,-5.830174446E0,-7.100171089E0,-4.840382338E-1,9.199872639E0
2.557524100E1,-7.205938816E0,-7.175557137E0,-3.765376806E-1,1.017624464E1
2.558523605E1,-8.297300339E0,-7.195849419E0,-2.970277071E-1,1.098697717E1
2.559523553E1,-8.940292358E0,-7.138949394E0,-2.616252899E-1,1.144385747E1
2.560523282E1,-8.827184677E0,-7.037570000E0,-3.136614561E-1,1.129358067E1
2.561526251E1,-8.591460228E0,-6.919420242E0,-4.240148067E-1,1.103953595E1
2.562525980E1,-7.122091770E0,-6.215455055E0,-1.100846291E0,9.516718725E0
2.563524860E1,-5.606956005E0,-6.069856644E0,-1.077601314E0,8.333207060E0
2.564525850E1,-3.947012186E0,-5.215870857E0,-9.251660109E-1,6.606068887E0
2.565523996E1,-2.301398754E0,-5.033359528E0,3.867447376E-1,5.548037117E0
2.566523657E1,-4.770264626E-1,-4.015986443E0,1.315255642E0,4.252716633E0
2.567524230E1,-2.696612179E-1,-3.845974922E0,1.345945716E0,4.083602594E0
2.568523657E1,1.667356849E0,-2.613262177E0,2.757300138E0,4.148725361E0
2.569523944E1,1.948182583E0,3.866147995E-1,4.287959099E0,4.725619495E0
2.570523710E1,2.023750305E0,3.081884384E-1,4.420687675E0,4.871655256E0
2.571523683E1,1.973788619E0,2.113812447E0,5.183284283E0,5.935526980E0
2.572524543E1,1.845755935E0,3.639883995E0,5.143455505E0,6.565874276E0
2.573523553E1,7.401081920E-2,5.245243549E0,5.073576450E0,7.297892538E0
2.574525819E1,6.419707835E-2,6.710670948E0,4.996699810E0,8.366853341E0
2.575523840E1,-1.448189318E-1,7.986673832E0,4.884580135E0,9.363068649E0
2.576523683E1,-1.522856057E-1,9.028147697E0,4.727473736E0,1.019213666E1
2.577524230E1,-1.951470375E0,1.009629440E1,4.488597393E0,1.122011158E1
2.578524001E1,-2.110109806E0,1.011733150E1,3.655596495E0,1.096249725E1
2.579524881E1,-2.882539272E0,1.013599491E1,3.395812511E0,1.107153865E1
2.580524887E1,-2.954920530E0,9.954312325E0,2.455066681E0,1.066992229E1
2.581522610E1,-3.041948318E0,9.970537186E0,2.165585041E0,1.064682206E1
2.582524392E1,-3.120496750E0,9.984556198E0,8.991814852E-1,1.049939950E1
2.583523637E1,-3.698870420E0,9.996094704E0,-2.601176798E-1,1.066167027E1
2.584525923E1,-3.628533840E0,1.000610638E1,-1.599106908E0,1.076315779E1
2.585523710E1,-3.529979944E0,9.814894676E0,-3.433691025E0,1.098103592E1
2.586524100E1,-3.457650423E0,9.820959091E0,-5.959317684E0,1.199666834E1
2.587524282E1,-3.347021103E0,7.300472260E0,-1.056176567E1,1.326839627E1
2.588523788E1,-2.209166765E0,3.745889664E0,-1.297002029E1,1.367967593E1
2.589523710E1,-6.432411075E-1,-3.147602081E-2,-1.425641251E1,1.427095117E1
2.590523683E1,6.125717759E-1,-4.352990150E0,-1.488321590E1,1.551882351E1
2.591523579E1,2.311410904E0,-7.394120216E0,-1.477695274E1,1.668454274E1
2.592524361E1,3.224392176E0,-9.413672447E0,-1.443128204E1,1.752928508E1
2.593523605E1,3.530237198E0,-1.056360435E1,-1.317179775E1,1.724959616E1
2.594525819E1,4.320651054E0,-1.060385704E1,-1.187471581E1,1.649602028E1
2.595523501E1,4.181708813E0,-9.536873817E0,-1.009642315E1,1.450435835E1
2.596525329E1,1.220213890E0,-7.563308716E0,-7.604158401E0,1.079424780E1
2.597524210E1,1.405746937E-1,-5.237968445E0,-5.587435722E0,7.659994297E0
2.598524027E1,-1.754870534E0,-3.522715569E0,-4.039493561E0,5.639734373E0
2.599522470E1,-3.055647612E0,-2.855475426E0,-2.454787016E0,4.849402182E0
2.600523631E1,-3.918785572E0,-3.046319962E0,-1.087615967E0,5.081324056E0
2.601525168E1,-4.013002872E0,-4.305447578E0,1.074820042E0,5.983001674E0
2.602525038E1,-4.001107216E0,-5.078268051E0,4.155376911E0,7.685364183E0
2.603524569E1,-3.273588419E0,-5.131444931E0,6.219016075E0,8.701969269E0
2.604528215E1,-2.388472557E0,-5.020710945E0,7.404034615E0,9.259161308E0
2.605524543E1,-5.922424197E-1,-2.510534286E0,9.373207092E0,9.721653392E0
2.606524907E1,-4.278745651E-1,-5.821647644E-1,1.028278446E1,1.030813508E1
2.607524673E1,1.177790165E0,1.253495216E0,1.109843636E1,1.123092736E1
2.608524907E1,1.074231029E0,3.006843090E0,1.079489803E1,1.125721552E1
2.609524569E1,1.170272589E0,4.057332993E0,9.220934868E0,1.014185036E1
2.610525350E1,1.264070034E0,4.158461571E0,7.411477566E0,8.591895914E0
2.611524595E1,1.326843977E0,4.088339806E0,5.656390667E0,7.104209504E0
2.612524699E1,1.390357256E0,2.656590939E0,4.072420120E0,5.057190361E0
2.613524595E1,1.205631137E0,1.384478569E0,2.004852772E0,2.718411665E0
2.614532616E1,1.220666170E0,-1.042346954E-1,1.809529066E0,2.185242827E0
2.615523314E1,1.233878851E0,-1.160987854E0,-8.467340469E-2,1.696325264E0
2.616523402E1,1.247055531E0,-2.029645920E0,-1.122114301E0,2.633201580E0
2.617523980E1,1.258509040E0,-2.111157417E0,-1.430993915E0,2.844041882E0
2.618523293E1,1.069700599E0,-2.081426620E0,-1.658215404E0,2.868148265E0
2.619523558E1,1.080354214E0,-1.369208336E0,-1.851640224E0,2.543711504E0
2.620523657E1,-5.505983829E-1,8.904361725E-2,-2.637238741E0,2.695573320E0
2.621523736E1,-1.497066498E0,1.471302986E0,-2.700304031E0,3.420172867E0
2.622523840E1,-2.313273430E0,2.967980862E0,-2.624494553E0,4.587822579E0
2.623524048E1,-3.134313583E0,4.971833229E0,-7.602348328E-1,5.926297689E0
2.624526340E1,-3.085865021E0,5.044823170E0,1.136775374E0,6.022047990E0
2.625525038E1,-2.152673483E0,5.037104607E0,1.254717112E0,5.619674454E0
2.626523501E1,-9.823395014E-1,4.918027401E0,3.257889748E0,5.980453998E0
2.627524048E1,1.025250196E0,3.981521606E0,4.088620186E0,5.798315901E0
2.628523762E1,1.126443982E0,3.064474583E0,4.235518456E0,5.347849764E0
2.629523814E1,3.478559971E0,2.186626434E0,4.245199203E0,5.907912568E0
2.630524178E1,4.501553059E0,1.436627388E0,4.081152439E0,6.243691490E0
2.631523710E1,4.708512306E0,-5.223464966E-2,2.985424519E0,5.575444032E0
2.632546553E1,5.379816055E0,-1.270761490E-1,1.216953993E0,5.517204560E0
2.633524538E1,5.280703545E0,-9.082412720E-2,1.158419490E0,5.407033814E0
2.634526892E1,4.513338089E0,-5.557060242E-2,1.100251675E0,4.645843577E0
2.635522605E1,3.637196541E0,-1.337957382E0,-2.888989449E-2,3.875585538E0
2.636524907E1,3.319737673E0,-1.439475060E0,-1.386396289E-1,3.621045099E0
2.637524074E1,2.270359993E0,-2.436603546E0,-2.069263458E-1,3.336823317E0
2.638524048E1,2.121367693E0,-3.080352783E0,-3.178824186E-1,3.753641351E0
2.639523892E1,2.076219559E0,-3.215004921E0,-4.035272598E-1,3.848347509E0
2.640524230E1,3.039973021E0,-4.292455673E0,-4.971254468E-1,5.283346040E0
2.641523788E1,5.193255901E0,-5.353757858E0,-5.936936736E-1,7.482319309E0
2.642523683E1,6.202401638E0,-5.402287483E0,-1.214143157E0,8.314363459E0
2.643523527E1,6.975255966E0,-5.411039352E0,-1.310249329E0,8.924701450E0
2.644526079E1,6.958387375E0,-5.385458946E0,-2.112431765E0,9.049016017E0
2.645524178E1,7.483056068E0,-5.330018044E0,-2.149615049E0,9.435362491E0
2.646523736E1,7.262248516E0,-5.262773514E0,-2.189805746E0,9.232133436E0
2.647523736E1,6.091635704E0,-5.203574181E0,-2.245629549E0,8.320340250E0
2.648523710E1,4.667798042E0,-5.172676086E0,-2.273116589E0,7.328845440E0
2.649523631E1,2.869819880E0,-5.204907417E0,-2.250883579E0,6.355580560E0
2.650527381E1,8.155121803E-1,-5.294969559E0,-2.175672293E0,5.782327617E0
2.651524137E1,-1.572277427E0,-5.427989006E0,-1.998225570E0,5.993999198E0
2.652522595E1,-3.365143299E0,-6.175670624E0,-1.271348715E0,7.146987102E0
2.653522277E1,-5.342703819E0,-6.274159431E0,-1.150821567E0,8.320694139E0
2.654525694E1,-6.965888977E0,-6.400670052E0,-1.042228460E0,9.517269909E0
2.655524699E1,-8.174934387E0,-7.135146141E0,-9.488185644E-1,1.089220452E1
2.656524126E1,-8.932044983E0,-7.183485031E0,-9.220743179E-1,1.149930893E1
2.657523866E1,-8.950184822E0,-7.183091164E0,-9.140309095E-1,1.151251751E1
2.658523814E1,-8.766153336E0,-7.179527283E0,-9.750921726E-1,1.137285633E1
2.659524204E1,-6.721858501E0,-7.213460922E0,-1.600697041E0,9.988975483E0
2.660524126E1,-5.259511471E0,-7.158327103E0,-1.528048158E0,9.013270161E0
2.661524126E1,-3.802391768E0,-7.057429314E0,-6.165621281E-1,8.040251273E0
2.662523683E1,-2.436865330E0,-6.344389915E0,5.059646368E-1,6.815100604E0
2.663523762E1,-5.384771228E-1,-5.492113113E0,1.587178707E0,5.742159899E0
2.664526392E1,-2.979454994E-1,-4.373412132E0,2.732286930E0,5.165355464E0
2.665524126E1,-2.696540356E-1,-2.870375633E0,3.689113617E0,4.682021877E0
2.666523579E1,1.042162657E0,-1.159314156E0,4.457673550E0,4.722389839E0
2.667523657E1,1.178923607E0,3.532438278E-1,4.598677635E0,4.760512374E0
2.668525975E1,1.254849315E0,2.560926914E0,5.328727722E0,6.043867355E0
2.669523444E1,1.228269815E0,4.454092026E0,5.249734402E0,6.993374994E0
2.670524887E1,1.148662567E0,6.281074524E0,5.094768047E0,8.168719871E0
2.671522480E1,5.368600786E-2,7.896616936E0,4.896842003E0,9.291851420E0
2.672523892E1,9.570836276E-2,1.012556458E1,4.703371048E0,1.116503100E1
2.673523532E1,1.378222853E-1,1.015213490E1,4.533932209E0,1.111941452E1
2.674525798E1,1.790852994E-1,1.017790508E1,4.354508400E0,1.107174633E1
2.675524595E1,-1.840881228E0,1.000209332E1,4.149033070E0,1.098386042E1
2.676523762E1,-2.528751612E0,1.002434444E1,3.911227465E0,1.105349567E1
2.677524204E1,-3.370629311E0,1.008485889E1,2.842967033E0,1.100672442E1
2.678523866E1,-4.232790947E0,1.010379696E1,1.590553522E0,1.106946669E1
2.679523762E1,-4.242292404E0,9.921420097E0,3.230450302E-2,1.079039690E1
2.680524413E1,-4.198658943E0,9.937025070E0,-1.198294282E0,1.085399066E1
2.681523996E1,-4.004508495E0,9.948898315E0,-3.482149601E0,1.127572755E1
2.682523605E1,-3.806420565E0,9.956751823E0,-6.238800049E0,1.235104734E1
2.683523449E1,-2.911921263E0,9.960672379E0,-8.883747101E0,1.366071895E1
2.684526183E1,-1.733612180E0,6.486806870E0,-1.142490959E1,1.325189170E1
2.685524178E1,8.193533421E-1,2.771869659E0,-1.341340542E1,1.372129900E1
2.686525871E1,2.127681732E0,-1.187425613E0,-1.449397373E1,1.469735635E1
2.687523183E1,3.927803278E0,-4.677658081E0,-1.454485321E1,1.577532499E1
2.688522803E1,5.349322796E0,-7.342889786E0,-1.443350220E1,1.705459675E1
2.689522189E1,6.228898525E0,-8.954997063E0,-1.405200768E1,1.778904351E1
2.690525767E1,7.092099190E0,-9.795359612E0,-1.338055611E1,1.803569302E1
2.691523501E1,7.142646790E0,-9.782520294E0,-1.118210697E1,1.648498173E1
2.692523710E1,6.887699127E0,-8.162834167E0,-7.870724201E0,1.326727404E1
2.693523918E1,4.707165241E0,-5.846712112E0,-5.077908993E0,9.062373137E0
2.694526105E1,2.003667116E0,-3.364334106E0,-2.177142859E0,4.480332233E0
2.695524595E1,-3.535680056E0,-1.374800682E0,-1.673762798E-1,3.797252321E0
2.696523710E1,-5.736542702E0,-2.499356270E0,9.980106354E-1,6.336460302E0
2.697523762E1,-7.207966805E0,-4.445988655E0,3.839805603E0,9.298693868E0
2.698523918E1,-8.014017105E0,-5.875718117E0,6.202835083E0,1.171425186E1
2.699523944E1,-8.137029648E0,-6.015703201E0,7.440787315E0,1.256046386E1
2.700524178E1,-8.018850327E0,-6.021290779E0,7.331942081E0,1.242237006E1
2.701523683E1,-6.466475487E0,-5.888773918E0,7.173851490E0,1.131181279E1
2.702523631E1,-4.871207237E0,-4.805909157E0,7.095124722E0,9.857292609E0
2.703524100E1,-2.949262142E0,-3.015739441E0,8.498495102E0,9.487742121E0
2.704529725E1,-1.287364483E0,-2.553224564E-1,9.309017181E0,9.401079606E0
2.705523710E1,-7.404184341E-2,2.476935387E0,8.257429123E0,8.621242766E0
2.706523168E1,1.362267494E0,4.049986839E0,6.344911098E0,7.649579268E0
2.707523110E1,1.566350818E0,4.129302979E0,4.910967827E0,6.604710665E0
2.708523480E1,1.559901357E0,3.951190948E0,3.978950262E0,5.820416423E0
2.709523970E1,2.965443134E0,1.952038765E0,3.600840807E0,5.056714629E0
2.710524262E1,3.113064289E0,-5.581855774E-2,1.450912118E0,3.435029979E0
2.711524335E1,3.828870535E0,-1.177733421E0,1.298579216E0,4.211129725E0
2.712523996E1,3.837621450E0,-2.098774910E0,1.157504559E0,4.524600681E0
2.713523996E1,3.800541878E0,-2.125451088E0,8.947962523E-1,4.445483239E0
2.714526288E1,3.522654295E0,-1.088006973E0,-6.404488087E-1,3.742061882E0
2.715525324E1,1.439542890E0,1.077556610E-1,-8.415217400E-1,1.670944000E0
2.716523631E1,1.377647877E0,2.514082909E0,-1.581951261E0,3.274308528E0
2.717523605E1,-1.010251045E-2,4.308791161E0,-1.625704885E0,4.605290403E0
2.718523788E1,-1.063825727E0,5.712613106E0,-1.589781165E0,6.024373646E0
2.719523788E1,-1.924770713E0,6.468909740E0,-9.211212397E-1,6.811754536E0
2.720524699E1,-2.098149300E0,6.498258591E0,7.169651985E-1,6.866122216E0
2.721523710E1,-2.178398132E0,6.409427643E0,7.465459704E-1,6.810544179E0
2.722526053E1,-2.066799164E0,5.470953941E0,5.804069042E-1,5.877062871E0
2.723523652E1,-8.778087497E-1,4.405328751E0,2.339943647E0,5.064859907E0
2.724526142E1,8.645259738E-1,3.160039425E0,2.445486069E0,4.088233902E0
2.725525381E1,9.354006052E-1,1.965847969E0,2.502404213E0,3.316859867E0
2.726524478E1,2.542028189E0,7.308387756E-2,2.502394199E0,3.567803988E0
2.727524270E1,3.462737799E0,-9.585380554E-3,2.417611361E0,4.223208452E0
2.728524681E1,3.598259449E0,7.762908936E-3,2.256773233E0,4.247417657E0
2.729525020E1,3.665436268E0,2.501678467E-2,5.946570039E-1,3.713443931E0
2.730524759E1,3.571696758E0,4.788303375E-2,6.253305078E-1,3.626340961E0
2.731524994E1,1.885865450E0,-1.785278320E-3,-7.145218253E-1,2.016688653E0
2.732522916E1,6.981762648E-1,2.757740021E-2,-7.947937846E-1,1.058256949E0
2.733525098E1,6.337175965E-1,-9.547386169E-1,-8.168976307E-1,1.407283041E0
2.734529264E1,5.734166503E-1,-2.095660210E0,-8.152207136E-1,2.320599746E0
2.735524994E1,5.174065232E-1,-2.807476997E0,-8.094322681E-1,2.967291222E0
2.736524837E1,1.709772348E0,-3.509929657E0,-7.836589813E-1,3.982091044E0
2.737524655E1,3.010909081E0,-4.190546036E0,-6.705694199E-1,5.203452019E0
2.738524837E1,4.623471737E0,-4.897685051E0,-5.299665928E-1,6.756084247E0
2.739524864E1,6.259967804E0,-5.021074295E0,-4.529801011E-1,8.037634911E0
2.740526296E1,7.654328823E0,-5.659887314E0,-4.434765577E-1,9.529939433E0
2.741524327E1,9.587094307E0,-5.670287132E0,-4.647862911E-1,1.114811911E1
2.742524452E1,9.508849144E0,-5.663791656E0,-5.030584931E-1,1.107925159E1
2.743524181E1,9.397673607E0,-5.678251266E0,-5.740042329E-1,1.099492099E1
2.744527186E1,9.224474907E0,-5.728727341E0,-1.349362373E0,1.094212196E1
2.745524343E1,6.515426159E0,-5.804190636E0,-1.439237833E0,8.843687721E0
2.746524186E1,4.504556656E0,-5.898174286E0,-2.203527451E0,7.741771360E0
2.747524108E1,2.179479599E0,-6.541045189E0,-2.205138683E0,7.238649052E0
2.748525306E1,-2.935079336E-1,-6.585029602E0,-2.127501011E0,6.926400387E0
2.749524108E1,-2.830970764E0,-6.615397453E0,-2.017344475E0,7.473122350E0
2.750524082E1,-6.857859612E0,-6.710361481E0,-1.227784276E0,9.672985262E0
2.751523848E1,-8.273013115E0,-6.798132896E0,-1.154764295E0,1.076990425E1
2.752524291E1,-9.157244682E0,-6.865971565E0,-1.078993201E0,1.149612639E1
2.753524473E1,-9.216096878E0,-6.880742073E0,-9.528905153E-1,1.154075619E1
2.754523978E1,-9.061159134E0,-6.863006592E0,-8.593816757E-1,1.139929828E1
2.755523614E1,-7.940847397E0,-6.827410698E0,-8.236085176E-1,1.050470967E1
2.756523926E1,-6.628986359E0,-6.774995804E0,-8.237411976E-1,9.514335386E0
2.757523718E1,-5.214103699E0,-6.678523064E0,-7.833019495E-1,8.509001683E0
2.758524447E1,-3.883671284E0,-6.517669678E0,-9.111678600E-2,7.587570292E0
2.759525848E1,-2.662000895E0,-5.442798615E0,1.344098687E0,6.206199062E0
2.760525879E1,-1.502608418E0,-5.270758629E0,1.196638107E0,5.609872667E0
2.761527259E1,-3.186733723E-1,-4.098180771E0,2.698946476E0,4.917412981E0
2.762523619E1,-9.483978152E-2,-3.046866417E0,2.869978428E0,4.186784652E0
2.763525160E1,8.318969607E-2,-1.737646103E0,3.917883873E0,4.286741017E0
2.764523900E1,2.191847861E-1,4.341602325E-1,4.020487309E0,4.049796943E0
2.765524160E1,1.201106608E-1,1.499015808E0,4.689680099E0,4.924893339E0
2.766524733E1,1.606563032E-1,3.302130699E0,4.595459461E0,5.661106364E0
2.767523848E1,2.006703764E-1,5.082101822E0,4.492175579E0,6.785843276E0
2.768524603E1,2.811504602E-1,8.225002289E0,4.403746605E0,9.333953739E0
2.769523900E1,1.225105673E-1,1.008600712E1,4.317943573E0,1.097210942E1
2.770524134E1,1.641440094E-1,1.010956192E1,4.213765144E0,1.095381222E1
2.771524108E1,-8.761321306E-1,1.013120842E1,4.088888168E0,1.096029188E1
2.772524291E1,-1.029250860E0,1.015112686E1,3.910118341E0,1.092674514E1
2.773524473E1,-2.147882938E0,1.016941071E1,3.686987638E0,1.102833592E1
2.774523874E1,-2.287133455E0,9.986500740E0,2.812122345E0,1.062399212E1
2.775523900E1,-3.279433966E0,1.000182724E1,2.511140108E0,1.082113949E1
2.776523713E1,-3.398223877E0,1.001515770E1,1.069390297E0,1.062990616E1
2.777525572E1,-4.166123867E0,1.002630901E1,-2.791007161E-1,1.086100169E1
2.778524702E1,-4.163545132E0,1.003390217E1,-1.930182576E0,1.103358081E1
2.779523999E1,-4.112432957E0,9.838873863E0,-4.579853535E0,1.160562804E1
2.780523692E1,-4.058494568E0,9.838608742E0,-7.678571224E0,1.312364493E1
2.781523718E1,-3.990361214E0,7.941811085E0,-1.064956093E1,1.387113888E1
2.782524442E1,-3.706927299E0,5.620526791E0,-1.262643147E1,1.430938164E1
2.783524442E1,-2.121195793E0,2.350504875E0,-1.464496517E1,1.498330236E1
2.784523999E1,-2.438852787E-1,-1.191840172E0,-1.584301472E1,1.588965319E1
2.785523999E1,1.322862387E0,-4.402480125E0,-1.573521137E1,1.639294583E1
2.786523843E1,3.993539810E0,-8.811969757E0,-1.520483685E1,1.802182662E1
2.787523921E1,5.112487316E0,-1.019371986E1,-1.289387226E1,1.721340736E1
2.788524494E1,5.346560478E0,-1.090142059E1,-1.035651779E1,1.595882642E1
2.789524338E1,5.215848923E0,-1.021343327E1,-6.847148895E0,1.335674912E1
2.790523843E1,3.272861481E0,-8.514243126E0,-3.383056164E0,9.728773165E0
2.791524155E1,1.492281795E0,-6.714178085E0,-1.292853594E0,6.998468599E0
2.792523869E1,-2.061588287E0,-5.516528130E0,-9.482619762E-1,5.965017154E0
2.793524259E1,-4.392105579E0,-5.502749443E0,-6.945676804E-1,7.074833363E0
2.794523765E1,-5.886957169E0,-5.508381844E0,6.002242565E-1,8.084479229E0
2.795528384E1,-6.794213772E0,-4.795620918E0,2.636094570E0,8.724007987E0
2.796523989E1,-6.946354866E0,-4.009639740E0,3.726572752E0,8.844003689E0
2.797525572E1,-6.990284443E0,-3.175601959E0,3.693517208E0,8.520011371E0
2.798524187E1,-6.181254387E0,-2.164811134E0,3.477864981E0,7.415514673E0
2.799523796E1,-4.893841267E0,-4.018182755E-1,4.552989006E0,6.696331022E0
2.800523947E1,-3.302818537E0,7.469644547E-1,6.523552895E0,7.350055003E0
2.801523973E1,-1.700225234E0,2.745119572E0,8.365967751E0,8.967489265E0
2.802523660E1,-3.286654949E-1,4.145713806E0,8.321699142E0,9.302990948E0
2.803524364E1,1.230202556E0,4.239160061E0,8.079030991E0,9.206227137E0
2.804523843E1,3.671849251E0,2.818223476E0,6.937339783E0,8.339756816E0
2.805523791E1,4.820331573E0,1.316230774E0,5.661243439E0,7.551009019E0
2.806523947E1,5.667542458E0,-1.776609421E-1,5.308482170E0,7.767405221E0
2.807523921E1,5.826017380E0,-1.851864815E0,4.029734612E0,7.321928902E0
2.808524416E1,6.597006321E0,-3.119763374E0,3.684531450E0,8.174912105E0
2.809523869E1,6.494208336E0,-3.743810654E0,1.814887524E0,7.712630994E0
2.810523895E1,6.192777634E0,-3.653848648E0,1.681287408E0,7.384296318E0
2.811523712E1,4.368290424E0,-2.651387215E0,1.552387357E0,5.340573181E0
2.812523895E1,2.775318861E0,-1.221315384E0,-5.631896257E-1,3.084021498E0
2.813534155E1,7.545479536E-1,1.035776138E-1,-1.801341295E0,1.955735513E0
2.814523791E1,-5.607143641E-1,1.981117249E0,-2.719712496E0,3.411167280E0
2.815526358E1,-2.174542665E0,3.444904327E0,-2.897351742E0,4.999064787E0
2.816523588E1,-3.638021231E0,4.620399475E0,-2.905233860E0,6.559243368E0
2.817524103E1,-4.766709328E0,5.320170403E0,-2.784721613E0,7.666838031E0
2.818524421E1,-4.993512154E0,5.359759808E0,-1.352355242E0,7.449231740E0
2.819523869E1,-5.045486450E0,5.313233376E0,8.874152303E-1,7.380710549E0
2.820523895E1,-4.860361099E0,4.632215500E0,9.113878608E-1,6.775777320E0
2.821523640E1,-3.127731562E0,3.656890869E0,2.875808001E0,5.605874348E0
2.822524025E1,2.190697789E-1,1.435944557E0,3.628043175E0,3.908020678E0
2.823524338E1,3.667508364E-1,9.531402588E-2,3.544629812E0,3.564826987E0
2.824523999E1,2.078255653E0,1.115779877E-1,2.799988747E0,3.488772447E0
2.825523791E1,2.255996466E0,1.269044876E-1,1.928105831E0,2.970390025E0
2.826524129E1,2.388570786E0,4.508781433E-2,6.170789599E-1,2.467405470E0
2.827523660E1,2.430233002E0,6.448173523E-2,5.918553472E-1,2.502095739E0
2.828524285E1,2.342031717E0,8.962345123E-2,5.676211715E-1,2.411501342E0
2.829523817E1,2.237474680E0,1.145324707E-1,5.437961221E-1,2.305455454E0
2.830523712E1,2.092552423E0,1.432867050E-1,5.230630636E-1,2.161689546E0
2.831538129E1,2.049981117E0,-1.484638214E0,3.054484129E-1,2.549484642E0
2.832565676E1,2.785686731E0,-2.577539444E0,2.905110717E-1,3.806331151E0
2.833525671E1,3.865032673E0,-3.706562996E0,3.270369768E-1,5.365075954E0
2.834523900E1,5.137472630E0,-4.871371269E0,3.648909032E-1,7.089219170E0
2.835525588E1,6.368375301E0,-5.857234955E0,4.019329548E-1,8.661694718E0
2.836524025E1,7.304887772E0,-6.001576424E0,-1.143967390E0,9.523075465E0
2.837524103E1,7.899049759E0,-6.606834412E0,-2.096186399E0,1.050900782E1
2.838524520E1,7.799817085E0,-6.494402885E0,-2.862696648E0,1.054558901E1
2.839523608E1,7.585279942E0,-5.558197021E0,-2.944337845E0,9.853890159E0
2.840523921E1,6.264264584E0,-4.599258423E0,-3.084702015E0,8.361194612E0
2.841523947E1,4.822518826E0,-4.555980682E0,-3.051415920E0,7.302382277E0
2.842523921E1,3.128743172E0,-4.565196991E0,-2.878838301E0,6.238410644E0
2.843524962E1,1.261781812E0,-4.673286438E0,-1.828077316E0,5.174317940E0
2.844525145E1,-7.201189995E-1,-5.677795410E0,-9.749302864E-1,5.805723138E0
2.845524780E1,-2.011869192E0,-6.641369820E0,-7.902120948E-1,6.984257003E0
2.846524728E1,-4.913489819E0,-7.641260147E0,-6.848954558E-1,9.110451175E0
2.847524650E1,-6.906636238E0,-8.638001442E0,-5.996930003E-1,1.107593449E1
2.848524858E1,-8.618702888E0,-9.465218544E0,-5.171566606E-1,1.281170764E1
2.849523765E1,-9.902798653E0,-9.572412491E0,-4.442273378E-1,1.378019739E1
2.850525515E1,-1.055106163E1,-9.604645729E0,-4.324121475E-1,1.427449128E1
2.851524452E1,-1.043056107E1,-9.523180962E0,-4.330142140E-1,1.413064334E1
2.852524624E1,-9.500679970E0,-9.302469254E0,-4.491160512E-1,1.330415572E1
2.853523582E1,-8.117858887E0,-7.897345543E0,-4.769586325E-1,1.133557185E1
2.854523452E1,-6.326327801E0,-6.883786201E0,-4.407244921E-1,9.359656724E0
2.855524884E1,-4.391900063E0,-5.770811081E0,9.025825858E-1,7.307920499E0
2.856524963E1,-2.473310947E0,-4.651752472E0,9.490395784E-1,5.353199438E0
2.857524989E1,-8.069594502E-1,-3.690113068E0,9.932832718E-1,3.905730362E0
2.858525041E1,7.884800434E-1,-1.686747551E0,2.182308197E0,2.868673412E0
2.859524728E1,1.652473927E0,4.107904434E-1,3.268294811E0,3.685263877E0
2.860524884E1,1.757480145E0,4.373044968E-1,4.008296967E0,4.398456122E0
2.861525093E1,1.731301904E0,2.590961456E0,4.651256561E0,5.598631543E0
2.862524937E1,9.690082669E-1,4.183322430E0,4.661030293E0,6.337536348E0
2.863524520E1,7.900199890E-1,5.738585949E0,4.615426064E0,7.406595576E0
2.864524962E1,-3.348942995E-1,7.174568176E0,4.540157795E0,8.497035690E0
2.865525093E1,-3.143116832E-1,8.452868462E0,4.401444912E0,9.535328750E0
2.866523895E1,-1.600695491E0,1.018860149E1,4.219747543E0,1.114343285E1
2.867523707E1,-1.745303154E0,1.020789242E1,4.007136822E0,1.110424677E1
2.868525676E1,-2.570092201E0,1.022514057E1,3.774158955E0,1.119835477E1
2.869524681E1,-2.680346489E0,1.004080868E1,2.928932667E0,1.079725626E1
2.870523338E1,-3.335230350E0,1.005451488E1,2.690443039E0,1.092957066E1
2.871523780E1,-3.411950350E0,1.006731319E1,1.839786172E0,1.078781782E1
2.872523921E1,-3.504929066E0,1.007761765E1,1.545447469E0,1.078106270E1
2.873523869E1,-4.113262653E0,1.008685780E1,-4.543527365E-1,1.090275498E1
2.874524259E1,-4.092201233E0,9.893918037E0,-7.680680752E-1,1.073432129E1
2.875524233E1,-4.021843433E0,9.898773193E0,-2.842773676E0,1.105632387E1
2.876523556E1,-4.633637428E0,9.943396568E0,-7.734011650E0,1.342224524E1
2.877523947E1,-4.545646667E0,7.938625336E0,-1.077222157E1,1.413242489E1
2.878523739E1,-4.267629623E0,4.803138256E0,-1.250807858E1,1.406182169E1
2.879523921E1,-2.472467422E0,1.860427856E-2,-1.428111172E1,1.449357075E1
2.880524025E1,-7.099409103E-1,-2.772697449E0,-1.526115608E1,1.552722616E1
2.881523791E1,9.402094483E-1,-5.778389931E0,-1.522525787E1,1.631202812E1
2.882523712E1,2.340647697E0,-7.818787575E0,-1.498983192E1,1.706772193E1
2.883523739E1,3.475755692E0,-9.010919571E0,-1.444606686E1,1.737718035E1
2.884523869E1,4.869181156E0,-9.123108864E0,-1.265022850E1,1.633916527E1
2.885526916E1,5.706551075E0,-9.036420822E0,-1.033193302E1,1.486507539E1
2.886523676E1,5.561443806E0,-6.909223557E0,-6.875654221E0,1.122237267E1
2.887523614E1,3.574358225E0,-4.440972328E0,-3.105195522E0,6.491572319E0
2.888523900E1,1.208437324E0,-2.479211807E0,-5.365095139E-1,2.809742766E0
2.889523973E1,-1.174535394E0,-1.868765831E0,2.858352661E-2,2.207404843E0
2.890523713E1,-3.257143974E0,-3.184725761E0,4.498763084E-1,4.577537956E0
2.891523843E1,-4.647916794E0,-5.035914421E0,3.778920412E0,7.825842067E0
2.892523973E1,-5.503070354E0,-6.452248573E0,5.372289658E0,1.003876442E1
2.893523791E1,-5.600092411E0,-6.523257256E0,6.881316185E0,1.101210392E1
2.894523687E1,-4.709096909E0,-6.286773682E0,6.696719170E0,1.032207172E1
2.895523921E1,-3.478188992E0,-4.509866714E0,6.535664558E0,8.669002691E0
2.896524103E1,-2.069278717E0,-2.379409790E0,6.529696465E0,7.251237224E0
2.897523765E1,-6.959569454E-1,-2.898340225E-1,8.235574722E0,8.270009120E0
2.898523895E1,1.293532968E0,3.496049404E0,7.920694828E0,8.754027389E0
2.899523869E1,1.448214173E0,5.060694218E0,6.715182304E0,8.532386749E0
2.900523739E1,1.594918728E0,5.136139393E0,6.301069736E0,8.284151944E0
2.901523687E1,1.734128237E0,4.419571877E0,5.115335941E0,6.979002658E0
2.902523843E1,2.768387556E0,2.764972210E0,4.802581787E0,6.194661638E0
2.903525978E1,2.886025429E0,-7.918643951E-2,3.837496281E0,4.802269356E0
2.904523890E1,3.613758326E0,-1.074954987E0,3.494579792E0,5.140706701E0
2.905523093E1,3.628614426E0,-2.473128319E0,1.270617247E0,4.571397436E0
2.906522395E1,3.608785629E0,-3.195011139E0,1.147153616E0,4.954532401E0
2.907523614E1,3.475615501E0,-3.154810905E0,-6.625831127E-1,4.740437885E0
2.908523895E1,1.362528563E0,-2.340945244E0,-2.101177454E0,3.428039587E0
2.909523712E1,1.346804857E0,-9.589319229E-1,-3.312871218E0,3.702505835E0
2.910524416E1,-6.695289612E-1,1.637983322E-1,-4.163636684E0,4.220304416E0
2.911523921E1,-2.262243986E0,2.934496880E0,-4.299120426E0,5.675513741E0
2.912524025E1,-4.737257957E0,6.161571503E0,-3.318776131E0,8.451085809E0
2.913523869E1,-4.895412445E0,6.863710403E0,-2.100840092E0,8.688447076E0
2.914524103E1,-4.927428246E0,6.862616539E0,-6.799070835E-1,8.475690445E0
2.915524025E1,-4.765944481E0,6.740924835E0,7.764918208E-1,8.291998190E0
2.916523843E1,-2.785611153E0,5.618991852E0,1.873768568E0,6.545510490E0
2.917523687E1,-7.973036766E-1,4.494917870E0,2.769084930E0,5.339270658E0
2.918523973E1,1.381829500E0,3.171915054E0,2.936249495E0,4.537847394E0
2.919523765E1,3.164482117E0,1.926690102E0,3.076900482E0,4.815952491E0
2.920523713E1,4.719952583E0,-1.255798340E-2,3.123610497E0,5.659951645E0
2.921523666E1,5.859655857E0,-1.085357666E-1,3.078997374E0,6.620239543E0
2.922525483E1,6.111916542E0,-1.013307571E-1,2.889063358E0,6.761100415E0
2.923525624E1,6.800994873E0,-8.078670502E-2,8.532136679E-1,6.854781639E0
2.924527160E1,6.691465855E0,-1.148568153E0,7.902188301E-1,6.835156903E0
2.925523692E1,6.410473347E0,-1.953450203E0,-3.905624151E-1,6.712873842E0
2.926524103E1,5.122812748E0,-2.009271622E0,-6.351238489E-1,5.539292843E0
2.927524025E1,4.754278660E0,-2.771561623E0,-1.574699879E0,5.724019489E0
2.928524338E1,3.748924732E0,-2.854846954E0,-1.713533640E0,5.014058767E0
2.929524338E1,3.479526520E0,-3.610217094E0,-1.837520838E0,5.340154970E0
2.930524025E1,3.260104656E0,-3.710897446E0,-1.804818630E0,5.258936443E0
2.931524338E1,3.784949303E0,-4.775358200E0,-1.683369398E0,6.321678550E0
2.932522780E1,4.323822498E0,-5.460079193E0,-1.702260375E0,7.169769604E0
2.933523634E1,4.967461109E0,-5.471511841E0,-1.745268583E0,7.593357237E0
2.934524129E1,5.555032730E0,-5.449481010E0,-2.363866568E0,8.132840652E0
2.935523713E1,5.522570610E0,-5.432129860E0,-2.341080189E0,8.092433343E0
2.936523843E1,6.064013481E0,-5.457789421E0,-2.370755672E0,8.495893556E0
2.937523660E1,5.862010956E0,-5.520318985E0,-3.034209490E0,8.604854523E0
2.938523582E1,4.773255348E0,-5.646125793E0,-3.026532650E0,7.988904992E0
2.939523791E1,3.214214563E0,-6.697749138E0,-2.973798752E0,8.002155821E0
2.940529088E1,9.942367077E-1,-7.395718575E0,-2.805182457E0,7.972089342E0
2.941524556E1,-1.443153024E0,-7.556544304E0,-1.676936626E0,7.873764596E0
2.942531713E1,-4.221707344E0,-8.416097641E0,-1.529277086E0,9.538983217E0
2.943524395E1,-6.758361340E0,-8.477367401E0,-1.426386118E0,1.093507126E1
2.944523744E1,-8.905529022E0,-8.525705338E0,-1.328236580E0,1.240001254E1
2.945523739E1,-1.030345345E1,-8.533041000E0,-1.219841242E0,1.343361285E1
2.946523817E1,-1.162649250E1,-8.449325562E0,-5.210880041E-1,1.438186229E1
2.947523582E1,-1.155796623E1,-7.621473312E0,-3.870974779E-1,1.385002828E1
2.948524077E1,-9.813547134E0,-7.417353630E0,-3.135355711E-1,1.230533002E1
2.949523843E1,-6.674102306E0,-6.296701431E0,-3.886862993E-1,9.183853633E0
2.950523556E1,-4.643923759E0,-6.163240433E0,-3.860150576E-1,7.726614274E0
2.951523765E1,-2.637379169E0,-5.503252983E0,-2.614663839E-1,6.108185242E0
2.952523843E1,-5.309433341E-1,-5.427826881E0,1.345654249E0,5.617293907E0
2.953523869E1,-2.871769667E-1,-5.334071159E0,1.380224466E0,5.517228047E0
2.954523608E1,1.711353660E0,-4.555200577E0,2.402413845E0,5.426801630E0
2.955523739E1,2.032747269E0,-3.559376717E0,3.270395517E0,5.243730629E0
2.956523765E1,2.890579939E0,-2.237174988E0,4.048914909E0,5.454733381E0
2.957523791E1,2.942931890E0,-6.552915573E-1,4.842931747E0,5.704756178E0
2.958537556E1,2.836103439E0,5.017824173E-1,5.477200985E0,6.188295318E0
2.959523770E1,1.848077416E0,2.947057724E0,5.482587337E0,6.493019581E0
2.960524874E1,8.083765209E-2,4.779262066E0,5.443790913E0,7.244497230E0
2.961524603E1,1.156470031E-1,6.514486790E0,5.373677731E0,8.445609789E0
2.962523900E1,-1.054856896E0,7.924889088E0,5.291516304E0,9.587321572E0
2.963523718E1,-1.883138776E0,8.975431442E0,5.181199551E0,1.053325258E1
2.964523947E1,-2.609589100E0,1.012896156E1,5.040436268E0,1.161084904E1
2.965524025E1,-2.765953064E0,1.014970112E1,4.860992908E0,1.158862292E1
2.966525119E1,-3.713432312E0,1.016816807E1,4.610600471E0,1.176600434E1
2.967524989E1,-3.899483442E0,1.180158710E1,2.984754086E0,1.278249531E1
2.968524676E1,-4.507712364E0,1.271920776E1,1.922952056E0,1.363068089E1
2.969525093E1,-4.458646774E0,1.274495888E1,-3.142824769E-1,1.350600908E1
2.970524624E1,-4.356666565E0,1.272932339E1,-4.336363375E-1,1.346121309E1
2.971525067E1,-4.185450554E0,1.261803722E1,-3.771100283E0,1.381861270E1
2.972524728E1,-3.975639343E0,1.172847748E1,-7.401646614E0,1.442730968E1
2.973524728E1,-3.836892605E0,9.805229187E0,-1.071228600E1,1.502056376E1
2.974524754E1,-3.635559797E0,8.112588882E0,-1.079558945E1,1.398485413E1
2.975525171E1,-2.500002384E0,4.497148514E0,-1.330698586E1,1.426710304E1
2.976527567E1,-6.653745174E-1,-2.404880524E-2,-1.432489109E1,1.434035587E1
2.977523957E1,1.804630995E0,-3.209462166E0,-1.442789745E1,1.489031784E1
2.978524655E1,3.199334145E0,-6.097920418E0,-1.428883743E1,1.586162815E1
2.979522166E1,4.448924065E0,-8.077941895E0,-1.374522018E1,1.655225509E1
2.980523806E1,5.493155479E0,-9.130261421E0,-1.130808258E1,1.553734734E1
2.981523848E1,6.623513222E0,-9.245536804E0,-1.061356544E1,1.555630578E1
2.982524780E1,6.769513607E0,-8.465938568E0,-9.854352951E0,1.464946082E1
2.983524728E1,6.475451469E0,-6.326877594E0,-7.776979446E0,1.193491773E1
2.984524884E1,4.391677856E0,-3.720120430E0,-5.711664200E0,8.108590404E0
2.985524702E1,-6.665036678E-1,-3.770275116E-1,-2.421758652E0,2.539939340E0
2.986524676E1,-3.053333759E0,-4.377975464E-1,-2.093466043E0,3.727883288E0
2.987525171E1,-4.832285881E0,-3.312225342E0,-1.639864206E0,6.083664863E0
2.988524624E1,-5.918421745E0,-5.953583717E0,1.483137608E0,8.524820948E0
2.989523973E1,-6.205491066E0,-7.816884995E0,4.071003914E0,1.077890919E1
2.990523791E1,-6.358978271E0,-8.554990768E0,6.132378578E0,1.229758264E1
2.991523791E1,-6.280280113E0,-8.488785744E0,6.194236755E0,1.224213914E1
2.992523817E1,-5.019845963E0,-7.462039948E0,6.196957111E0,1.092168353E1
2.993523817E1,-3.440423489E0,-5.858429909E0,7.173318386E0,9.879990458E0
2.994523765E1,-1.764983773E0,-3.074886322E0,9.208413124E0,9.867368741E0
2.995525567E1,-2.150418758E-1,7.012968063E-1,1.054723263E1,1.057270903E1
2.996525671E1,1.487436891E0,3.956288338E0,9.550271034E0,1.044377148E1
2.997524937E1,1.444610000E0,5.756120682E0,7.756980896E0,9.766809918E0
2.998523614E1,1.593784451E0,5.829402924E0,6.415982723E0,8.814018472E0
2.999524181E1,2.892024517E0,4.764339924E0,6.003741264E0,8.191925896E0
3.000524129E1,3.919626713E0,2.689775467E0,4.702837944E0,6.686931311E0
3.001523817E1,4.030957222E0,-1.260852814E-1,3.626418591E0,5.423598936E0
3.002523739E1,4.711952209E0,-1.634166718E0,1.894533992E0,5.335002674E0
3.003524051E1,4.667890549E0,-2.959953308E0,1.743865490E0,5.795825447E0
3.004523504E1,4.388454437E0,-3.524745941E0,-1.032351255E-1,5.629655743E0
3.005523765E1,2.771173954E0,-2.305925369E0,-9.271540642E-1,3.722406688E0
3.006523843E1,1.137973785E0,4.700756073E-2,-1.152761340E0,1.620510029E0
3.007524129E1,1.043125391E0,1.521490097E0,-1.352608800E0,2.287486232E0
3.008523713E1,-1.364205241E0,3.649174690E0,-1.452262759E0,4.157715597E0
3.009523817E1,-2.893471956E0,5.318938732E0,-1.457223296E0,6.227904056E0
3.010523556E1,-4.084665775E0,6.280723095E0,-1.300365567E0,7.604138853E0
3.011523660E1,-4.342523575E0,6.351120949E0,-2.723679543E-1,7.698599393E0
3.012523791E1,-4.489062309E0,6.320098400E0,1.197908282E0,7.844125729E0
3.013538442E1,-4.430752277E0,6.159663200E0,1.268483520E0,7.692988166E0
3.014523588E1,-3.592163801E0,4.941367149E0,1.347328901E0,6.255880853E0
3.015525067E1,-2.335659504E0,3.848361015E0,1.424744964E0,4.721767257E0
3.016523483E1,-8.274079561E-1,2.607698917E0,3.302186489E0,4.288255260E0
3.017523327E1,7.157775760E-1,1.452617645E0,3.377682924E0,3.745821338E0
3.018523686E1,2.380418301E0,-2.314567566E-3,3.326433659E0,4.090422659E0
3.019524520E1,3.748388290E0,1.548957825E-2,3.206664085E0,4.932884477E0
3.020524129E1,4.815029144E0,3.312587738E-2,2.465322018E0,5.409567047E0
3.021523640E1,5.000988483E0,-1.123744965E0,2.252619028E0,5.598837472E0
3.022524181E1,5.790360928E0,-1.931707382E0,1.109905124E0,6.204164929E0
3.023523869E1,5.633875370E0,-2.017555237E0,1.064528227E0,6.078182390E0
3.024524103E1,5.397513390E0,-2.832079887E0,1.017469883E0,6.179730758E0
3.025523843E1,5.110920906E0,-2.939298630E0,7.746776342E-1,5.946521200E0
3.026523739E1,4.864144325E0,-3.856033325E0,-2.460817099E-1,6.212040666E0
3.027523817E1,4.673980713E0,-3.979691505E0,-3.672634363E-1,6.149709149E0
3.028523895E1,4.581327438E0,-4.870726585E0,-5.003985763E-1,6.705440873E0
3.029523739E1,5.498459339E0,-4.948451996E0,-1.432765245E0,7.534789215E0
3.030523739E1,6.019845963E0,-5.014536858E0,-1.605925798E0,7.997694854E0
3.031523603E1,6.520397186E0,-5.045599937E0,-2.545273781E0,8.628561689E0
3.032561968E1,6.451188564E0,-5.036077499E0,-2.628889084E0,8.595985591E0
3.033524291E1,6.376568794E0,-5.007239342E0,-2.686714649E0,8.541165671E0
3.034522468E1,6.199338436E0,-4.988738060E0,-2.750122547E0,8.419173267E0
3.035523869E1,5.829119205E0,-5.014810562E0,-2.773347855E0,8.174253116E0
3.036523843E1,3.870764017E0,-5.120616913E0,-2.705170870E0,6.965736219E0
3.037523765E1,1.857196569E0,-5.986899376E0,-2.579061031E0,6.778178150E0
3.038524051E1,-5.219714642E-1,-6.710796356E0,-1.877539873E0,6.988018168E0
3.039523973E1,-2.099229574E0,-6.886730194E0,-1.736860752E0,7.406112532E0
3.040523895E1,-7.821343422E0,-8.001209259E0,-1.551281333E0,1.129598319E1
3.041524077E1,-9.582579613E0,-8.670026779E0,-1.410530567E0,1.299941510E1
3.042523687E1,-1.071605492E1,-8.697431564E0,-1.298287630E0,1.386234827E1
3.043523712E1,-1.083318901E1,-8.625268936E0,-1.216563940E0,1.390083725E1
3.044523921E1,-1.075592804E1,-7.912444115E0,-1.144011259E0,1.340169846E1
3.045526577E1,-1.040757942E1,-7.734330177E0,-1.142685890E0,1.301703898E1
3.046523921E1,-8.145904541E0,-6.755688667E0,-1.143920898E0,1.064441850E1
3.047523765E1,-5.991025925E0,-6.575463295E0,-1.123970866E0,8.966182001E0
3.048523765E1,-3.846412659E0,-5.662616730E0,-1.029027820E0,6.922356306E0
3.049523739E1,-1.175756693E0,-5.498965263E0,-1.186711788E-1,5.624509367E0
3.050524369E1,-9.015041590E-1,-4.599246025E0,1.213762999E0,4.841383518E0
3.051524171E1,1.379371047E0,-4.462395668E0,1.266793370E0,4.839463299E0
3.052526551E1,2.367966652E0,-3.494503021E0,2.632332325E0,4.974735259E0
3.053524603E1,2.576340199E0,-2.646483421E0,3.687265873E0,5.218939829E0
3.054523999E1,2.646840811E0,-1.634621620E0,4.628089428E0,5.576465356E0
3.055526265E1,2.527851343E0,4.156656265E-1,5.365913868E0,5.946077864E0
3.056523843E1,1.401586890E0,4.403934479E-1,5.440083504E0,5.634971227E0
3.057524442E1,-1.660630107E-1,2.557063103E0,5.432171345E0,6.006216293E0
3.058524155E1,-1.229350418E-1,4.207745552E0,5.363157272E0,6.817894952E0
3.059523895E1,-2.623293877E0,7.469347000E0,5.258454800E0,9.503902475E0
3.060523713E1,-3.323216677E0,8.885852814E0,5.058206558E0,1.075116751E1
3.061523921E1,-3.461578369E0,1.024886036E1,4.813343048E0,1.184018305E1
3.062524155E1,-4.326189041E0,1.026948071E1,3.983266354E0,1.183404227E1
3.063523817E1,-4.390240669E0,1.008834934E1,3.719102621E0,1.161381634E1
3.064523765E1,-4.429977894E0,1.195922089E1,2.671061039E0,1.303005124E1
3.065526160E1,-4.399215221E0,1.200776672E1,1.851676345E0,1.292161993E1
3.066523947E1,-4.324701786E0,1.203913689E1,7.985357046E-1,1.281723534E1
3.067523791E1,-4.189960957E0,1.202483845E1,-2.932698131E-1,1.273728855E1
3.068533291E1,-4.027761459E0,1.193524265E1,-2.526958704E0,1.284750559E1
3.069523489E1,-3.810622215E0,1.176473713E1,-5.279586315E0,1.344633456E1
3.070526754E1,-3.639269352E0,9.917465210E0,-8.476058960E0,1.354414904E1
3.071523640E1,-3.527174473E0,9.911247253E0,-1.061956310E1,1.494820733E1
3.072523483E1,-3.387483597E0,7.362639904E0,-1.286376381E1,1.520394458E1
3.073523562E1,-3.061959267E0,4.168292046E0,-1.441731644E1,1.531696009E1
3.074523947E1,-1.233881831E0,-5.486869812E-2,-1.529025650E1,1.534005928E1
3.075526499E1,1.621859312E0,-2.582565308E0,-1.521627808E1,1.551886561E1
3.076524442E1,1.879267097E0,-5.131868362E0,-1.472057629E1,1.570232734E1
3.077523712E1,5.372724533E0,-8.132443428E0,-1.171199894E1,1.523724792E1
3.078523843E1,6.870183468E0,-8.272014618E0,-9.979414940E0,1.467018641E1
3.079524051E1,7.691309929E0,-7.620902061E0,-8.222598076E0,1.359579037E1
3.080524155E1,7.419286728E0,-5.634327888E0,-5.927455902E0,1.104201973E1
3.081523739E1,5.165675163E0,-3.275961876E0,-3.755795002E0,7.177891209E0
3.082523712E1,1.634515762E0,-4.849033356E-1,-2.014960289E0,2.639476840E0
3.083524181E1,-9.642044306E-1,-5.567779541E-1,-1.645239115E0,1.986580887E0
3.084523869E1,-3.468255758E0,-1.931775093E0,-1.440481901E0,4.223214549E0
3.085525874E1,-5.043673515E0,-4.056946754E0,-1.299717426E-1,6.474129451E0
3.086523676E1,-5.951675415E0,-6.032396317E0,2.098138571E0,8.730087687E0
3.087525983E1,-6.163249016E0,-7.320308685E0,3.988980770E0,1.036747439E1
3.088524134E1,-6.262342453E0,-7.426125526E0,3.989483833E0,1.050144060E1
3.089522447E1,-6.140213966E0,-7.457141876E0,3.986908913E0,1.045019785E1
3.090523713E1,-4.625858784E0,-7.311923027E0,5.924946308E0,1.048655218E1
3.091525197E1,-2.848705530E0,-5.522868156E0,7.716848373E0,9.907923329E0
3.092524364E1,-1.456480145E0,-2.359940529E0,9.816467285E0,1.020067075E1
3.093524780E1,-6.125040054E-1,1.133269310E0,9.750448227E0,9.835176720E0
3.094525067E1,-4.231238365E-1,3.985038757E0,9.363491058E0,1.018501509E1
3.095529129E1,1.424503922E0,5.623236656E0,5.995217323E0,8.342219889E0
3.096524754E1,1.355270743E0,4.881422997E0,4.986127853E0,7.108200914E0
3.097524728E1,2.708280325E0,3.054574490E0,4.593634605E0,6.145460643E0
3.098524858E1,3.404139519E0,8.825664520E-1,2.510630369E0,4.320920533E0
3.099524598E1,3.582245827E0,-1.690292358E-1,2.369372129E0,4.298253172E0
3.100524780E1,4.618368149E0,-2.818611145E0,2.231877565E0,5.852791694E0
3.101524520E1,4.657820225E0,-3.824016571E0,1.899011254E0,6.318594442E0
3.102524546E1,4.572348595E0,-3.829238892E0,6.089767218E-1,5.995022503E0
3.103524546E1,3.705584526E0,-3.629990578E0,3.328264952E-1,5.197976698E0
3.104528218E1,2.410477400E0,-1.839260101E0,-9.001522064E-1,3.162839390E0
3.105529983E1,1.119521618E0,1.031150818E-1,-1.036107302E0,1.528881851E0
3.106522879E1,-3.472439647E-1,2.165901184E0,-1.099599481E0,2.453737013E0
3.107523405E1,-1.689174414E0,4.109954357E0,-1.045209527E0,4.564810837E0
3.108523952E1,-2.860218048E0,5.569797993E0,-4.571723938E-2,6.261436499E0
3.109524832E1,-3.122597933E0,6.355092049E0,1.373433232E0,7.212775585E0
3.110524051E1,-3.272109509E0,6.380023003E0,1.370545268E0,7.299985512E0
3.111523921E1,-3.241520643E0,6.266400814E0,2.944173813E0,7.644827970E0
3.112523869E1,-2.035523653E0,5.119719982E0,3.633686781E0,6.599891579E0
3.113523765E1,5.057244301E-1,2.720239162E0,3.700829506E0,4.620778866E0
3.114523895E1,2.365032673E0,1.599264145E0,3.616080284E0,4.607283578E0
3.115523921E1,3.550089359E0,1.302909851E-2,3.457771778E0,4.955753211E0
3.116524806E1,4.309974670E0,4.181289673E-2,2.434391022E0,4.950140364E0
3.117523765E1,4.399004459E0,6.935214996E-2,2.187035084E0,4.913163178E0
3.118523817E1,4.425287724E0,9.568214417E-2,8.466444612E-1,4.506565583E0
3.119523634E1,4.301785469E0,1.238231659E-1,7.890465260E-1,4.375303969E0
3.120523921E1,3.336067677E0,5.546474457E-2,5.316839218E-1,3.378625708E0
3.121524546E1,3.011935234E0,8.621597290E-2,4.752295315E-1,3.050414751E0
3.122523817E1,1.929308057E0,-9.575433731E-1,4.198911488E-1,2.194408227E0
3.123526489E1,1.741185665E0,-1.630981445E0,3.816484213E-1,2.416088474E0
3.124524551E1,1.619267583E0,-2.396564484E0,3.536596894E-1,2.913867534E0
3.125524343E1,1.579858303E0,-3.209261894E0,1.840276569E-1,3.581784519E0
3.126525332E1,2.295192957E0,-4.024633408E0,-1.305470228E0,4.813505717E0
3.127523614E1,2.916727304E0,-4.802007675E0,-1.324671984E0,5.772463230E0
3.128523973E1,3.655799866E0,-4.950232506E0,-1.383912086E0,6.307526233E0
3.129523843E1,4.411324501E0,-5.685735703E0,-1.517863274E0,7.354677644E0
3.130523765E1,4.983107567E0,-5.663884163E0,-2.664126635E0,8.000532205E0
3.131524416E1,4.983742237E0,-5.585636139E0,-2.781285286E0,7.985772699E0
3.132522702E1,5.021712303E0,-4.883614540E0,-2.869921446E0,7.569923021E0
3.133523843E1,4.852366924E0,-4.842053413E0,-2.845792532E0,7.422228854E0
3.134524233E1,4.011977673E0,-4.821757317E0,-2.804796696E0,6.871112935E0
3.135523817E1,2.659924030E0,-4.836927414E0,-2.721961021E0,6.154683945E0
3.136524390E1,9.441521168E-1,-4.923021317E0,-2.543460131E0,5.621098784E0
3.137523817E1,-1.851324797E0,-5.625630379E0,-1.687363267E0,6.158109731E0
3.138523895E1,-1.917229295E0,-5.767067909E0,-1.499458432E0,6.259649833E0
3.139523712E1,-4.921669006E0,-6.790057182E0,-1.341071129E0,8.492713001E0
3.140523660E1,-6.659724236E0,-6.950677872E0,-1.214881897E0,9.702566042E0
3.141532629E1,-8.066116333E0,-7.913043976E0,-1.057140827E0,1.134883449E1
3.142523890E1,-8.909925461E0,-7.970463753E0,-7.503306866E-2,1.195494434E1
3.143540249E1,-8.882881165E0,-8.000354767E0,4.480624199E-2,1.195463349E1
3.144523796E1,-8.602990150E0,-7.960988045E0,9.418416023E-2,1.172167398E1
3.145523666E1,-6.903263569E0,-7.869620323E0,2.375650406E-2,1.046835882E1
3.146524598E1,-5.507762432E0,-7.714944839E0,-6.081312895E-1,9.498718048E0
3.147523895E1,-4.036661148E0,-6.762876511E0,-6.103711128E-1,7.899600295E0
3.148523843E1,-2.574324846E0,-5.996764183E0,-4.741327763E-1,6.543174380E0
3.149523817E1,-1.322207808E0,-5.227057457E0,1.091418386E0,5.501050558E0
3.150523999E1,1.651111841E-1,-3.608434677E0,1.164445400E0,3.795259624E0
3.151524494E1,1.034870625E0,-2.600660324E0,1.180465460E0,3.037744234E0
3.152523921E1,1.166633487E0,-1.463637352E0,2.883646965E0,3.437831847E0
3.153523739E1,1.233578205E0,3.716707230E-1,3.812550545E0,4.024350379E0
3.154523895E1,1.232732773E0,3.977260590E-1,4.451375008E0,4.636006424E0
3.155523843E1,1.147708297E0,2.406864166E0,4.456212997E0,5.193078444E0
3.156524285E1,4.023721218E-1,3.836260796E0,4.422555447E0,5.868372593E0
3.157523791E1,2.467770576E-1,5.230285168E0,4.370300293E0,6.820286394E0
3.158523843E1,-8.748875856E-1,6.510963917E0,4.279546738E0,7.840446396E0
3.159524062E1,-8.510177135E-1,7.575586319E0,4.155538559E0,8.682294624E0
3.160525671E1,-2.479606390E0,8.432768822E0,3.994176626E0,9.654713086E0
3.161525567E1,-3.235476732E0,9.085435867E0,3.825515747E0,1.037535664E1
3.162524015E1,-3.936120033E0,1.019637966E1,3.649819613E0,1.152303703E1
3.163525629E1,-4.092113495E0,1.001143074E1,3.442504644E0,1.135010910E1
3.164523562E1,-4.960378647E0,1.002497864E1,2.609477758E0,1.148542238E1
3.165523739E1,-5.014252186E0,1.003991127E1,2.358879566E0,1.146764388E1
3.166524624E1,-5.079568863E0,1.005308342E1,1.181396604E0,1.132529046E1
3.167524025E1,-5.070861816E0,1.152025795E1,-2.894890904E-1,1.259022584E1
3.168523765E1,-4.870663643E0,1.159568596E1,-3.135980368E0,1.296216302E1
3.169524155E1,-4.658196926E0,1.155960369E1,-6.286582470E0,1.395866596E1
3.170523817E1,-4.442781925E0,1.136301994E1,-9.005960464E0,1.516455925E1
3.171524572E1,-3.581688881E0,8.771505356E0,-1.052826786E1,1.416376453E1
3.172524806E1,-2.132477045E0,5.287988663E0,-1.383525181E1,1.496410622E1
3.173523504E1,2.232464850E-1,1.135047913E0,-1.532431412E1,1.536791384E1
3.174524103E1,1.761480808E0,-2.822327614E0,-1.600119781E1,1.634339865E1
3.175523817E1,3.384005547E0,-6.045480728E0,-1.585982037E1,1.730702842E1
3.176524259E1,4.503325939E0,-8.335188866E0,-1.544369411E1,1.811802986E1
3.177523874E1,5.510541916E0,-9.700745583E0,-1.351661491E1,1.752624934E1
3.178526160E1,6.515597820E0,-9.816362381E0,-1.168079567E1,1.659080989E1
3.179524473E1,6.513495922E0,-9.126315117E0,-8.160440445E0,1.386751762E1
3.180522541E1,5.408493042E0,-7.057577133E0,-5.349209309E0,1.037666768E1
3.181523916E1,3.085183382E0,-4.515778542E0,-1.819939852E0,5.763921703E0
3.182523666E1,4.776965976E-1,-2.356440544E0,6.836457253E-1,2.499675490E0
3.183524442E1,-1.951343536E0,-4.986448288E-1,2.059684277E0,2.880744276E0
3.184524442E1,-4.403845310E0,-2.157081604E0,2.349643230E0,5.437616930E0
3.185523843E1,-6.126258850E0,-4.045484543E0,4.140207291E0,8.428422693E0
3.186524468E1,-7.320452690E0,-7.039950371E0,8.097739220E0,1.298935369E1
3.187523556E1,-7.363430977E0,-7.054503441E0,8.007926941E0,1.296584083E1
3.188523895E1,-6.445668697E0,-6.923521996E0,7.719935417E0,1.220979953E1
3.189523739E1,-5.169145107E0,-5.865347862E0,7.447251797E0,1.079740367E1
3.190523608E1,-3.720625639E0,-4.163856506E0,7.284653664E0,9.178612921E0
3.191524207E1,-1.990265250E0,-2.604398727E-1,8.583624840E0,8.815191438E0
3.192523713E1,-7.325552702E-1,2.124591827E0,8.219590187E0,8.521278689E0
3.193524077E1,-4.117834568E-1,4.630968094E0,6.112085819E0,7.679389570E0
3.194523660E1,1.016013622E0,5.716940880E0,4.327143669E0,7.241537754E0
3.195526629E1,1.192374825E0,5.626733780E0,3.272799730E0,6.617636196E0
3.196523937E1,1.135244131E0,3.724443436E0,2.936804771E0,4.876995018E0
3.197524733E1,1.227331161E0,1.620835304E0,2.604383469E0,3.303976712E0
3.198522926E1,2.590288162E0,3.387165070E-2,1.227828979E0,2.866758458E0
3.199523666E1,2.687348366E0,-2.098802567E0,1.072657347E0,3.574549935E0
3.200523660E1,2.740633011E0,-3.129176140E0,9.336446524E-1,4.263156689E0
3.201524546E1,2.732380390E0,-3.204718590E0,6.604189277E-1,4.262895377E0
3.202523687E1,2.585611820E0,-3.075824738E0,-1.067740440E0,4.157662318E0
3.203523817E1,1.063660622E0,-1.348770142E0,-1.837312222E0,2.515207946E0
3.204523869E1,-5.356364250E-1,3.143033504E0,-2.790165186E0,4.236813396E0
3.205523765E1,-1.681722283E0,5.166549683E0,-2.761536598E0,6.094875704E0
3.206524233E1,-2.662987947E0,6.563052177E0,-2.045253277E0,7.372124501E0
3.207523765E1,-2.839327812E0,6.716847420E0,-1.278331757E0,7.403509557E0
3.208523921E1,-2.936809063E0,6.762165546E0,6.516947746E-1,7.401110486E0
3.209524285E1,-2.902499914E0,6.632888317E0,7.426358461E-1,7.278133083E0
3.210523504E1,-1.976096511E0,5.359205246E0,1.715584278E0,5.963997628E0
3.211524806E1,-6.072040796E-1,3.908369064E0,1.895924568E0,4.386180058E0
3.212524624E1,9.148947001E-1,2.294364452E0,2.750526190E0,3.696827677E0
3.213526733E1,2.464997768E0,4.078388214E-2,2.876033306E0,3.788066116E0
3.214523957E1,3.803894997E0,5.769443512E-2,2.910614014E0,4.790054251E0
3.215524515E1,4.841764927E0,-1.315190315E0,2.930892229E0,5.810554400E0
3.216526473E1,5.025123596E0,-1.449351311E0,2.820790052E0,5.942166516E0
3.217525072E1,5.137094021E0,-1.531533241E0,2.588191032E0,5.952651667E0
3.218523697E1,5.076389790E0,-1.536355972E0,6.565097570E-1,5.344261224E0
3.219524962E1,4.827963352E0,-1.458638191E0,6.258779764E-1,5.082182478E0
3.220525067E1,3.564296961E0,-1.355730057E0,3.946952820E-1,3.833797227E0
3.221524228E1,2.660653114E0,-1.301826477E0,-6.980832815E-1,3.043213341E0
3.222525067E1,2.361455917E0,-1.324785233E0,-8.494354486E-1,2.837793252E0
3.223524962E1,1.499922872E0,-2.130295753E0,-1.746579885E0,3.136633532E0
3.224525015E1,1.403833985E0,-2.267640114E0,-1.765071869E0,3.198190152E0
3.225524884E1,1.363666415E0,-3.438402176E0,-1.740790606E0,4.088098280E0
3.226524910E1,2.038098812E0,-4.193191528E0,-1.714748383E0,4.967601431E0
3.227524728E1,2.075031757E0,-4.305903435E0,-1.677153707E0,5.065511400E0
3.228524858E1,2.963256359E0,-4.370098114E0,-1.681594849E0,5.541336212E0
3.229524520E1,3.010432005E0,-4.396877289E0,-1.687232137E0,5.589452838E0
3.230524598E1,3.896350384E0,-4.426283836E0,-1.670960307E0,6.129081763E0
3.231524806E1,3.930435181E0,-4.501037598E0,-1.662109852E0,6.202440594E0
3.232564056E1,4.561647892E0,-5.164390564E0,-1.646783233E0,7.084592889E0
3.233525067E1,4.523661613E0,-5.247630119E0,-1.625833273E0,7.116492823E0
3.234533848E1,4.373646736E0,-5.367310524E0,-1.570044756E0,7.099425932E0
3.235523692E1,3.512408733E0,-6.232010841E0,-1.469831586E0,7.303107498E0
3.236523999E1,2.263370514E0,-6.339693069E0,-1.358212352E0,6.867262562E0
3.237524285E1,5.615432262E-1,-7.083137512E0,-1.257305026E0,7.215745543E0
3.238523869E1,-1.205959678E0,-7.184326172E0,-1.162041783E0,7.376938552E0
3.239523817E1,-3.367013693E0,-7.844718933E0,-1.077870846E0,8.604545421E0
3.240524728E1,-5.252906799E0,-7.885260582E0,-9.929258823E-1,9.526608321E0
3.241523999E1,-7.773817062E0,-7.866783142E0,-8.450326920E-1,1.109200563E1
3.242523947E1,-7.842046738E0,-7.816704750E0,-8.178403378E-1,1.110258677E1
3.243523817E1,-7.710824013E0,-7.728034973E0,-8.051633835E-1,1.094658027E1
3.244523765E1,-6.485869884E0,-7.596325874E0,-8.180853128E-1,1.002197279E1
3.245525483E1,-5.173043728E0,-6.659803391E0,-7.419981956E-1,8.465454739E0
3.246523947E1,-3.726602554E0,-6.464490891E0,1.140385270E0,7.548356618E0
3.247523765E1,-2.272397757E0,-5.146291733E0,1.188728452E0,5.749885694E0
3.248523713E1,-7.165815234E-1,-4.209486961E0,2.136174202E0,4.774569067E0
3.249523765E1,-5.205578804E-1,-3.030095100E0,2.998140812E0,4.294334076E0
3.250531338E1,-3.347659409E-1,-1.634380341E0,3.154853106E0,3.568804485E0
3.251523697E1,-1.586043537E-1,4.433526993E-1,4.133874416E0,4.160605082E0
3.252526046E1,-2.545099705E-2,1.617083549E0,4.217911243E0,4.517342384E0
3.253524629E1,-1.358991116E-1,3.312614441E0,4.814791203E0,5.845861556E0
3.254523869E1,-9.085924923E-2,4.921546459E0,4.699971199E0,6.805850735E0
3.255524546E1,-4.643878713E-2,6.328989983E0,4.501272202E0,7.766577251E0
3.256523634E1,-3.575667739E-3,7.456500053E0,4.297261238E0,8.606152449E0
3.257523791E1,3.872926533E-2,8.287142754E0,3.502438784E0,8.996961287E0
3.258523999E1,-1.435374737E0,8.391939163E0,3.385229588E0,9.162135281E0
3.259524025E1,-2.536049128E0,8.511022568E0,3.273501396E0,9.464927983E0
3.260524468E1,-2.670113087E0,8.497930527E0,3.151022434E0,9.448453287E0
3.261523843E1,-3.608406305E0,8.458799362E0,2.995571852E0,9.671883655E0
3.262524051E1,-3.702214956E0,8.426167488E0,2.805150509E0,9.621619588E0
3.263523999E1,-3.786636829E0,8.418593407E0,2.006269455E0,9.446504674E0
3.264523817E1,-4.323008060E0,8.456965446E0,1.753908753E0,9.658408729E0
3.265524312E1,-4.249120712E0,8.539875031E0,-2.121817768E-1,9.540938815E0
3.266523687E1,-4.077040195E0,1.007509899E1,-2.812088728E-1,1.087239416E1
3.267523712E1,-3.850980520E0,9.882368088E0,-2.786094189E0,1.096601891E1
3.268535551E1,-3.674126863E0,9.885042191E0,-5.590116501E0,1.193577269E1
3.269523822E1,-3.583804846E0,9.883591652E0,-8.210781097E0,1.333963895E1
3.270525686E1,-3.371783018E0,6.771760941E0,-1.048921013E1,1.293248608E1
3.271524134E1,-2.220133781E0,3.611897469E0,-1.309523487E1,1.376444600E1
3.272523848E1,-6.576207876E-1,-4.487419128E-2,-1.449814129E1,1.451311750E1
3.273524129E1,1.374770880E0,-3.420934677E0,-1.525342274E1,1.569266371E1
3.274524077E1,1.598319769E0,-6.006069183E0,-1.519889832E1,1.642053602E1
3.275524494E1,3.460881472E0,-7.613317490E0,-1.494800854E1,1.712843434E1
3.276523765E1,5.126792431E0,-8.484114647E0,-1.353248215E1,1.677475112E1
3.277524338E1,7.013066769E0,-6.917760849E0,-8.777923584E0,1.319433451E1
3.278523660E1,6.753541946E0,-4.451668739E0,-4.659759521E0,9.334936646E0
3.279524207E1,4.758932590E0,-1.756404877E0,-1.180792332E0,5.208326797E0
3.280524572E1,2.469362736E0,-2.427492142E-1,1.303335190E0,2.802741893E0
3.281523791E1,-4.937744141E-2,1.132641792E0,2.944633484E0,3.155341806E0
3.282523791E1,-2.945117950E0,-4.999294281E-1,3.332815647E0,4.475635074E0
3.283523973E1,-5.210916519E0,-3.371785164E0,5.613973618E0,8.368947720E0
3.284524129E1,-6.681469440E0,-5.978985786E0,7.492316246E0,1.168439590E1
3.285524207E1,-6.895060539E0,-7.778965950E0,8.285057068E0,1.329271762E1
3.286523686E1,-6.907436848E0,-8.587084770E0,8.010164261E0,1.362400235E1
3.287525265E1,-5.792669773E0,-8.528051376E0,6.353065014E0,1.210967045E1
3.288523937E1,-4.212454796E0,-8.292970657E0,5.446081161E0,1.077858700E1
3.289522483E1,-2.280403852E0,-6.206566811E0,5.233236313E0,8.432584160E0
3.290524312E1,9.384205937E-1,-2.833971977E0,6.077856064E0,6.771437418E0
3.291523817E1,8.648665547E-1,1.126751900E0,5.706604958E0,5.880723097E0
3.292523426E1,2.470207691E0,4.174158096E0,3.627203941E0,6.056577440E0
3.293524259E1,2.630517006E0,5.897806168E0,1.853193521E0,6.718486700E0
3.294523973E1,2.740334988E0,5.966430187E0,1.687609076E0,6.779067002E0
3.295524546E1,2.577599525E0,3.522631645E0,1.375485659E0,4.576561353E0
3.296524129E1,2.412611008E0,1.640018463E0,1.250441551E0,3.173949670E0
3.297523739E1,9.852082729E-1,7.589054108E-2,1.158752441E0,1.522859789E0
3.298523687E1,9.419924617E-1,-9.214200974E-1,1.104603410E0,1.719451507E0
3.299523921E1,8.996301293E-1,-1.012320518E0,1.110949755E0,1.751666795E0
3.300524312E1,6.592667103E-1,-9.834003448E-1,9.188733101E-1,1.498678416E0
3.301523712E1,6.208389401E-1,1.085987091E-1,9.290288091E-1,1.122643843E0
3.302523817E1,-5.708125830E-1,1.241845131E0,9.397341609E-1,1.658646022E0
3.303523869E1,-7.475652695E-1,2.883066654E0,9.527394176E-1,3.127081637E0
3.304524009E1,-1.506569743E0,4.206990242E0,9.658293128E-1,4.571798940E0
3.305526176E1,-1.617075682E0,4.961382389E0,7.785272598E-1,5.276016837E0
3.306524577E1,-1.693525076E0,5.002839088E0,7.936728597E-1,5.341005779E0
3.307523879E1,-1.681344509E0,4.954372406E0,8.096035719E-1,5.294165018E0
3.308523785E1,-1.581974506E0,4.812734604E0,8.264320493E-1,5.133034934E0
3.309523895E1,-7.236590385E-1,3.702849388E0,2.122596979E0,4.328994564E0
3.310524442E1,4.531762600E-1,2.842243671E0,2.187825441E0,3.615286707E0
3.311523947E1,5.265128613E-1,2.037183762E0,2.251913071E0,3.081954891E0
3.312523843E1,1.674124479E0,1.260768890E0,2.295419931E0,3.108244461E0
3.313523608E1,2.534043789E0,9.800148010E-2,2.293647766E0,3.419327754E0
3.314523686E1,3.279091358E0,2.062034607E-2,2.087029457E0,3.886972767E0
3.315524442E1,3.289288044E0,-1.151110649E0,4.638859332E-1,3.515631056E0
3.316523817E1,3.283914804E0,-1.221787453E0,4.266935289E-1,3.529720724E0
3.317523791E1,3.224001646E0,-1.857333183E0,-7.762404680E-1,3.800844963E0
3.318523817E1,3.150466919E0,-1.965456009E0,-9.655058384E-1,3.836751315E0
3.319523687E1,3.107744217E0,-2.847949982E0,-1.685602069E0,4.539840036E0
3.320524390E1,3.590291262E0,-2.956969261E0,-1.809622169E0,4.990850724E0
3.321523712E1,3.554032803E0,-3.706665993E0,-1.942346573E0,5.490285252E0
3.322523848E1,4.198987961E0,-3.791675568E0,-2.017231703E0,6.006457129E0
3.323524978E1,4.194299221E0,-4.507452965E0,-2.099717379E0,6.505235680E0
3.324524838E1,4.902571201E0,-4.584856033E0,-2.706288576E0,7.237410247E0
3.325522801E1,4.874431610E0,-4.638362885E0,-2.663547277E0,7.236641339E0
3.326523754E1,4.841443539E0,-4.663277626E0,-2.575243235E0,7.198445073E0
3.327523895E1,4.785455227E0,-4.652357101E0,-2.481109142E0,7.120457212E0
3.328523973E1,4.645101070E0,-4.646694183E0,-2.391944408E0,6.992147656E0
3.329523869E1,4.426168919E0,-4.688208580E0,-2.252955914E0,6.829793652E0
3.330524390E1,3.541027546E0,-4.805405617E0,-1.480184674E0,6.149938690E0
3.331523817E1,1.161328435E0,-6.505264282E0,7.148398757E-1,6.646664063E0
3.332522676E1,-1.359754086E0,-6.667362213E0,8.057001829E-1,6.852138560E0
3.333524259E1,-1.621254325E0,-7.698747635E0,6.929259300E-1,7.898058437E0
3.334524338E1,-4.315067291E0,-7.826481819E0,7.763897777E-1,8.970864199E0
3.335524936E1,-6.167234421E0,-8.542738914E0,8.556344509E-1,1.057096395E1
3.336525093E1,-7.747881413E0,-8.565958977E0,9.264598489E-1,1.158721914E1
3.337524858E1,-8.797465324E0,-8.518028259E0,9.265004396E-1,1.228049692E1
3.338524806E1,-8.863490105E0,-8.362441063E0,7.272647023E-1,1.220740723E1
3.339524702E1,-8.723661423E0,-7.371247292E0,7.310484052E-1,1.144429932E1
3.340529390E1,-7.848797798E0,-7.233574867E0,-2.825862765E-1,1.067745697E1
3.341523723E1,-6.477182865E0,-6.523599625E0,-3.518748879E-1,9.199731837E0
3.342524577E1,-4.849772930E0,-6.375170708E0,7.579241395E-1,8.045964705E0
3.343522249E1,-3.094821215E0,-5.583887100E0,5.696261525E-1,6.409538786E0
3.344525379E1,-7.314428687E-1,-5.439519882E0,5.829092264E-1,5.519344924E0
3.345523431E1,-5.105352402E-1,-4.471968651E0,1.600060463E0,4.776959632E0
3.346524364E1,1.026407719E0,-3.604489326E0,1.727300882E0,4.126672321E0
3.347525067E1,1.278523684E0,-2.402806282E0,2.781834841E0,3.891876915E0
3.348524936E1,1.399754047E0,-8.613157272E-1,3.495707035E0,3.862789646E0
3.349524832E1,1.334437132E0,2.748475075E0,4.207087994E0,5.199464115E0
3.350524963E1,1.229454994E0,4.643261909E0,4.131327629E0,6.335559069E0
3.351524624E1,-6.603312492E-2,6.424552917E0,4.007630348E0,7.572340561E0
3.352524728E1,-2.601047754E-1,7.971713066E0,3.832909584E0,8.849127617E0
3.353524780E1,-2.538080215E-1,9.125454903E0,3.654996395E0,9.833480785E0
3.354524572E1,-2.474403232E-1,1.018758869E1,3.488433361E0,1.077113538E1
3.355524780E1,-2.286567926E0,1.020110416E1,3.319780827E0,1.096867648E1
3.356524754E1,-2.449252605E0,1.021317101E1,3.123206377E0,1.095728609E1
3.357524806E1,-3.393363953E0,1.002417755E1,2.369683981E0,1.084501990E1
3.358528478E1,-3.512724400E0,1.003498554E1,2.175129652E0,1.085225122E1
3.359523666E1,-4.300188541E0,1.004413986E1,1.931383133E0,1.109534172E1
3.360522645E1,-4.383656979E0,1.005131817E1,8.024865985E-1,1.099497295E1
3.361522108E1,-4.458481312E0,1.005660439E1,5.060361028E-1,1.101223955E1
3.362525197E1,-4.422174454E0,9.862315178E0,-1.013579369E0,1.085579250E1
3.363524650E1,-4.312471390E0,9.865461349E0,-2.488012791E0,1.105056310E1
3.364523843E1,-4.148097992E0,9.868589401E0,-4.643182755E0,1.166854403E1
3.365523712E1,-4.020747662E0,9.868461609E0,-7.334759712E0,1.293644643E1
3.366523921E1,-3.785871506E0,8.669498444E0,-1.109906387E1,1.458362936E1
3.367523999E1,-1.009711504E0,1.066119194E0,-1.443360710E1,1.450810606E1
3.368524285E1,7.591793537E-1,-3.139546394E0,-1.535199738E1,1.568811424E1
3.369523921E1,2.017602921E0,-6.586028099E0,-1.537989235E1,1.685193094E1
3.370523791E1,3.088840485E0,-9.077841759E0,-1.599147415E1,1.864605567E1
3.371523973E1,4.010034561E0,-1.062258434E1,-1.561289215E1,1.930497544E1
3.372523947E1,4.329113007E0,-1.162123203E1,-1.394087410E1,1.865856972E1
3.373524546E1,4.415863037E0,-1.156003094E1,-1.055013752E1,1.626159781E1
3.374523843E1,3.471191883E0,-9.720108986E0,-6.492970467E0,1.219378355E1
3.375523817E1,1.412491083E0,-7.458574295E0,-3.249923468E0,8.257570110E0
3.376526499E1,-1.116815567E0,-5.600624084E0,-1.299763680E0,5.856932027E0
3.377523926E1,-3.291345835E0,-5.533737183E0,6.929874420E-3,6.438575357E0
3.378522765E1,-4.798015118E0,-5.627808571E0,3.058345556E0,8.002915464E0
3.379525254E1,-5.611087799E0,-5.764326096E0,5.558653355E0,9.778056491E0
3.380523275E1,-5.700157642E0,-5.751969337E0,8.018378258E0,1.139611067E1
3.381523765E1,-5.649965286E0,-4.976481438E0,8.686917305E0,1.149565168E1
3.382524129E1,-4.380701542E0,-3.989224434E0,8.517964363E0,1.037594210E1
3.383524468E1,-3.077404022E0,-2.793865204E0,7.511103630E0,8.584449664E0
3.384524259E1,-1.701328516E0,-1.558408737E-1,7.145528316E0,7.346929972E0
3.385523869E1,-3.651428223E-1,3.732475281E0,5.183421135E0,6.397855552E0
3.386523791E1,-2.349687219E-1,5.143722057E0,2.301145077E0,5.639889677E0
3.387523947E1,-1.399679184E-1,5.225280762E0,2.078929663E0,5.625397639E0
3.388524624E1,-5.980765820E-2,5.079782009E0,1.877680779E0,5.416036126E0
3.389523791E1,4.218018055E-2,3.164992809E0,1.701036096E0,3.593394280E0
3.390523895E1,1.033278704E0,1.410045624E0,1.339486957E0,2.202298537E0
3.391523713E1,1.088164687E0,6.868267059E-2,1.182376146E0,1.608363469E0
3.392523921E1,1.138445020E0,-1.374951363E0,1.089929461E0,2.091529236E0
3.393524285E1,1.184827566E0,-2.119797707E0,1.097859621E0,2.665080567E0
3.394523765E1,2.540476084E0,-2.172109604E0,2.330966949E0,4.074982918E0
3.395525358E1,2.678550005E0,-2.089544296E0,2.371514559E0,4.143055249E0
3.396524593E1,3.412243843E0,-1.061959267E0,2.345691919E0,4.274743982E0
3.397525306E1,3.447210789E0,1.425819397E-1,2.216296673E0,4.100678331E0
3.398525749E1,3.461974859E0,1.814702034E0,9.475257397E-1,4.021966985E0
3.399523822E1,3.444347382E0,3.134683609E0,9.612360001E-1,4.755391137E0
3.400523921E1,3.295551538E0,4.070644379E0,7.767285705E-1,5.294725004E0
3.401523921E1,3.057190657E0,4.181888580E0,7.925216556E-1,5.240486369E0
3.402523947E1,1.896592855E0,4.258082390E0,-3.509987593E-1,4.674562036E0
3.403524598E1,1.646234155E0,4.279038906E0,-4.461123943E-1,4.606438659E0
3.404523869E1,4.143745899E-1,4.187594414E0,-4.914905429E-1,4.236651535E0
3.405523765E1,3.723753989E-1,3.527422428E0,-4.542692900E-1,3.575993989E0
3.406523869E1,3.313736618E-1,3.367265701E0,-3.759111762E-1,3.404349574E0
3.407523947E1,2.913065851E-1,2.155426025E0,7.826333046E-1,2.311544022E0
3.408524155E1,2.661784887E-1,1.409743309E0,8.113865256E-1,1.648203652E0
3.409523999E1,4.939246178E-2,7.985591888E-2,6.405724883E-1,6.474177136E-1
3.410523817E1,1.644853234E0,1.004352570E-1,6.691651344E-1,1.778598150E0
3.411523765E1,2.433148146E0,1.209306717E-1,6.977460980E-1,2.534104130E0
3.412523843E1,3.150874138E0,1.414365768E-1,7.250003219E-1,3.236299987E0
3.413526994E1,3.278241873E0,-1.375535011E0,-6.997500062E-1,3.623343265E0
3.414525728E1,4.007311821E0,-1.507199287E0,-8.294125795E-1,4.360977293E0
3.415526259E1,4.006399632E0,-2.378629684E0,-1.528004408E0,4.903459458E0
3.416523535E1,3.910127640E0,-2.454702377E0,-1.602120399E0,4.886865222E0
3.417523614E1,3.756803989E0,-2.546010971E0,-1.643121958E0,4.826551341E0
3.418524754E1,3.554950714E0,-3.305217743E0,-1.650281549E0,5.126945299E0
3.419523895E1,3.336071253E0,-3.399059296E0,-1.652572751E0,5.041227251E0
3.420523765E1,3.107298851E0,-3.496907234E0,-1.627753973E0,4.953105021E0
3.421523843E1,2.934828997E0,-3.542494774E0,-1.608386517E0,4.873335372E0
3.422524624E1,2.992571115E0,-3.437112808E0,-1.685963035E0,4.859186937E0
3.423524312E1,3.865454197E0,-3.396932602E0,-1.701997042E0,5.420118189E0
3.424524051E1,3.834574699E0,-3.427095413E0,-2.267747402E0,5.620642701E0
3.425523634E1,3.789888620E0,-3.557784081E0,-2.248973846E0,5.663829683E0
3.426523921E1,3.699707031E0,-4.564880371E0,-2.175359249E0,6.265632672E0
3.427523530E1,3.497276306E0,-5.337249756E0,-2.017687321E0,6.692401560E0
3.428524390E1,2.233652592E0,-6.195119858E0,-1.035813808E0,6.666455145E0
3.429523712E1,7.172645330E-1,-7.133075714E0,-8.485734463E-1,7.219093741E0
3.430523687E1,-1.767871022E0,-8.031289101E0,3.690862656E-2,8.223644862E0
3.431528124E1,-3.304905891E0,-8.194571495E0,1.120690107E-1,8.836626302E0
3.432563900E1,-5.325730801E0,-9.197353363E0,1.698942184E-1,1.062937352E1
3.433531879E1,-7.092412949E0,-9.217815399E0,2.331675291E-1,1.163291921E1
3.434523796E1,-8.452857018E0,-9.167764664E0,2.594279051E-1,1.247261013E1
3.435523562E1,-9.190854073E0,-9.040845871E0,2.600243092E-1,1.289481699E1
3.436524103E1,-9.171950340E0,-8.102169037E0,1.450893879E-1,1.223890792E1
3.437523843E1,-8.961915970E0,-7.907880783E0,-7.395104170E-1,1.197486501E1
3.438524442E1,-7.866688728E0,-6.715819359E0,-9.215863943E-1,1.038442789E1
3.439523739E1,-6.517861843E0,-5.900964737E0,-1.741209388E0,8.963019467E0
3.440523712E1,-3.948784351E0,-4.151499748E0,-1.611990213E0,5.952004743E0
3.441523895E1,-2.568876743E0,-3.951863289E0,-3.374292850E-1,4.725485128E0
3.442523895E1,-6.991419792E-1,-2.783595085E0,1.143496633E0,3.089463651E0
3.443524364E1,-4.594233632E-1,-2.012194633E0,1.167572141E0,2.371333332E0
3.444523843E1,-2.321013361E-1,-1.075548172E0,2.375723839E0,2.618155583E0
3.445524051E1,-5.182968080E-2,4.643449783E-1,3.415198565E0,3.447010851E0
3.446523999E1,8.510682732E-2,4.840993881E-1,4.397945881E0,4.425327486E0
3.447523973E1,-1.806912199E-2,2.644885063E0,5.135093212E0,5.776238031E0
3.448524312E1,2.479513735E-2,4.182731628E0,5.161136627E0,6.643281566E0
3.449531369E1,6.772329658E-2,5.807347298E0,5.126108170E0,7.746409107E0
3.450523832E1,1.095230803E-1,7.378776073E0,5.006066799E0,8.917344697E0
3.451526025E1,1.512535214E-1,8.726213455E0,4.819371700E0,9.969755387E0
3.452523666E1,-1.906931400E0,1.009973049E1,4.588343143E0,1.125583565E1
3.453523614E1,-2.613296270E0,1.012217236E1,3.693004608E0,1.108719864E1
3.454523817E1,-3.352632046E0,1.014290905E1,3.452762604E0,1.122676780E1
3.455524103E1,-4.029017925E0,1.171796608E1,2.506867886E0,1.264231391E1
3.456524103E1,-4.146139622E0,1.176765442E1,2.254207611E0,1.267870720E1
3.457523999E1,-4.898927212E0,1.181122208E1,1.151228666E0,1.283860515E1
3.458524936E1,-4.865107059E0,1.185465813E1,-3.451318666E-2,1.281418656E1
3.459524650E1,-4.683846951E0,1.178577042E1,-2.225898266E0,1.287623507E1
3.460525874E1,-4.385557175E0,1.162877274E1,-4.485402107E0,1.321288383E1
3.461524806E1,-3.404407501E0,9.843100548E0,-7.304424286E0,1.272129054E1
3.462524962E1,-3.142132521E0,8.774891853E0,-1.023953533E1,1.384629220E1
3.463524728E1,-1.901580215E0,5.449783325E0,-1.235033321E1,1.363256675E1
3.464524832E1,-8.161926270E-2,1.067655563E0,-1.396509266E1,1.400608307E1
3.465524858E1,1.630478621E0,-3.410286903E0,-1.479378033E1,1.526906853E1
3.466525067E1,3.924187660E0,-7.089351654E0,-1.474511814E1,1.682488231E1
3.467533650E1,5.486480713E0,-9.706166267E0,-1.449861240E1,1.828991241E1
3.468523577E1,6.660302162E0,-1.127195263E1,-1.388494301E1,1.908423913E1
3.469541718E1,7.899649620E0,-1.148837280E1,-1.124404144E1,1.791132719E1
3.470523447E1,8.927138329E0,-1.143404198E1,-8.085801125E0,1.660756739E1
3.471524390E1,8.765944481E0,-9.096876144E0,-5.364215374E0,1.372478578E1
3.472524364E1,7.032126427E0,-5.871970177E0,-2.345399380E0,9.456835310E0
3.473524364E1,4.598703384E0,-2.758287430E0,-3.670883179E-2,5.362608498E0
3.474524989E1,1.307416558E0,-3.476381302E-1,1.384591103E0,1.935789980E0
3.475524963E1,-8.381478786E-1,-3.947134018E-1,1.520352840E0,1.780382907E0
3.476525041E1,-3.676206589E0,-3.783608437E0,2.342326641E0,5.772060445E0
3.477524858E1,-4.576453686E0,-5.162445068E0,3.691952229E0,7.824658375E0
3.478525067E1,-4.795344353E0,-5.804189682E0,3.636340380E0,8.361035623E0
3.479524572E1,-4.863312244E0,-5.729156494E0,3.551240444E0,8.311819826E0
3.480524806E1,-4.137902737E0,-4.877408028E0,3.270527601E0,7.183849867E0
3.481524728E1,-3.240089417E0,-3.547719002E0,3.194101095E0,5.769468897E0
3.482523817E1,-2.180756807E0,-1.361175537E0,4.530243874E0,5.208801076E0
3.483523686E1,-1.963929772E0,1.889648438E0,6.050122261E0,6.635643958E0
3.484523869E1,-1.804270744E0,4.655080795E0,5.910726070E0,7.737044191E0
3.485533921E1,-1.678800464E0,6.251980782E0,5.638516426E0,8.584783176E0
3.486524775E1,-1.546217918E0,6.302885056E0,5.422573090E0,8.457035461E0
3.487540759E1,-1.378873825E0,5.381337166E0,5.344623566E0,7.708766683E0
3.488524004E1,-6.104981899E-1,3.416767597E0,5.301235199E0,6.336410931E0
3.489524259E1,1.384611130E-1,1.158523560E0,5.754068375E0,5.871171193E0
3.490524025E1,1.272086978E0,-7.906723022E-2,5.492884636E0,5.638815348E0
3.491523895E1,1.376921296E0,-2.717284203E0,4.442621231E0,5.386689994E0
3.492524051E1,2.951805115E0,-3.808840752E0,3.431245804E0,5.915561603E0
3.493523947E1,3.084663630E0,-3.856200218E0,2.448979378E0,5.512071282E0
3.494523791E1,2.969728947E0,-2.110058784E0,-4.718625546E-2,3.643331529E0
3.495523686E1,1.403794169E0,7.596778870E-2,-1.344012976E0,1.944937031E0
3.496523791E1,1.390295744E0,1.675018311E0,-1.653938055E0,2.733883627E0
3.497523712E1,-9.428653717E-1,3.394052029E0,-1.799192667E0,3.955461861E0
3.498523713E1,-2.293986559E0,4.779706955E0,-1.770312071E0,5.589452365E0
3.499523999E1,-3.202556849E0,5.507041931E0,-6.678348780E-1,6.405457409E0
3.500523739E1,-3.303914785E0,5.546875954E0,4.595075846E-1,6.472621801E0
3.501523973E1,-3.253583908E0,5.511533260E0,4.889104664E-1,6.418865988E0
3.502523947E1,-2.079915285E0,5.409946918E0,1.976194143E0,6.123635893E0
3.503537312E1,-6.618062258E-1,4.661401749E0,2.079024076E0,5.146746045E0
3.504523822E1,1.107308388E0,4.493635654E0,2.128949404E0,5.094243695E0
3.505524890E1,2.921778679E0,3.295501709E0,2.103181362E0,4.880624346E0
3.506524108E1,4.394820690E0,2.465189934E0,2.011067152E0,5.425495498E0
3.507523770E1,5.267238617E0,1.653133392E0,4.774629176E-1,5.541175281E0
3.508523473E1,5.385074139E0,6.325912476E-2,5.089456439E-1,5.409440901E0
3.509524207E1,5.413899899E0,-2.353668213E-2,3.406351805E-1,5.424656525E0
3.510524129E1,5.167162418E0,1.198768616E-2,3.751558065E-1,5.180777262E0
3.511523999E1,3.913308382E0,5.287837982E-2,-9.890511036E-1,4.036706665E0
3.512524077E1,2.234957218E0,-1.266092300E0,-1.796003699E0,3.134270692E0
3.513523817E1,1.944428802E0,-2.180267334E0,-1.837204337E0,3.451041696E0
3.514523895E1,1.710018039E0,-2.281563759E0,-1.860405922E0,3.404527144E0
3.515523895E1,1.560177922E0,-3.014844894E0,-1.881933331E0,3.881380933E0
3.516523895E1,1.504673839E0,-3.090717316E0,-1.884145498E0,3.920023105E0
3.517523686E1,2.186447144E0,-3.204635620E0,-1.828371644E0,4.288727485E0
3.518523869E1,2.236529112E0,-3.930552483E0,-1.781918287E0,4.860713741E0
3.519523791E1,3.193303585E0,-3.941384315E0,-1.730301619E0,5.359630752E0
3.520523713E1,3.223104239E0,-3.897789955E0,-1.680065155E0,5.329520278E0
3.521523770E1,3.978956223E0,-3.840823174E0,-1.611531258E0,5.760299321E0
3.522524462E1,3.976171970E0,-3.801257133E0,-1.533897638E0,5.710721609E0
3.523525160E1,3.993166685E0,-3.850202560E0,-1.433259726E0,5.729194828E0
3.524523405E1,4.001249313E0,-4.001143456E0,-1.317548990E0,5.809912251E0
3.525523593E1,3.945536375E0,-5.275811195E0,-1.156685948E0,6.688749019E0
3.526523765E1,3.840958357E0,-6.264287949E0,-2.315120697E-1,7.351725134E0
3.527524181E1,3.601142883E0,-7.386260033E0,-5.751991272E-2,8.217565082E0
3.528523973E1,2.332276821E0,-8.474306107E0,1.090626955E0,8.856796617E0
3.529523660E1,6.830086708E-1,-9.387424469E0,1.164210439E0,9.483966731E0
3.530523791E1,-3.526926041E0,-1.026385689E1,1.270982504E0,1.092709303E1
3.531523921E1,-5.748924255E0,-1.028828907E1,1.298120975E0,1.185681830E1
3.532522910E1,-7.646968842E0,-1.016875839E1,1.118160605E0,1.277223797E1
3.533523947E1,-9.081611633E0,-8.976123810E0,1.095804572E0,1.281589857E1
3.534523687E1,-9.875002861E0,-7.667470932E0,1.075612783E0,1.254841563E1
3.535524051E1,-9.826221466E0,-6.291721344E0,-7.200613022E-1,1.169011865E1
3.536523686E1,-8.975174904E0,-5.036840439E0,-1.463154078E0,1.039540023E1
3.537523739E1,-7.498727798E0,-3.939345360E0,-1.638919234E0,8.627596230E0
3.538523843E1,-5.694750786E0,-3.000732422E0,-2.393833876E0,6.867679536E0
3.539523593E1,-3.858083248E0,-2.825190544E0,-2.429999828E0,5.363898501E0
3.540525744E1,-2.179332256E0,-2.126610756E0,-2.354713440E0,3.849238597E0
3.541523926E1,-2.427269071E-1,-2.135745049E0,-1.217589855E0,2.470394365E0
3.542522619E1,-2.265641540E-1,-2.199527740E0,7.127175331E-1,2.323191744E0
3.543523640E1,-1.999357529E-2,-2.276586533E0,7.274401188E-1,2.390065922E0
3.544523634E1,1.786985546E-1,-2.281944275E0,2.705268145E0,3.543681501E0
3.545523947E1,3.196556866E-1,-2.164374352E0,3.966778278E0,4.530124281E0
3.546524103E1,4.097564220E-1,-9.479017258E-1,4.973288536E0,5.079371700E0
3.547523817E1,2.477474362E-1,4.356460571E-1,5.100601196E0,5.125163299E0
3.548524390E1,-6.906765699E-1,4.289332867E0,5.079265118E0,6.683886946E0
3.549523895E1,-1.435692787E0,6.388028622E0,4.852456093E0,8.149506340E0
3.550523817E1,-2.100167513E0,8.330327988E0,3.842098713E0,9.410993066E0
3.551523973E1,-2.233575344E0,1.013791943E1,3.596711874E0,1.098647375E1
3.552524233E1,-3.110258818E0,1.125247669E1,2.609387875E0,1.196247661E1
3.553523660E1,-3.190868378E0,1.218862343E1,2.347010136E0,1.281610856E1
3.554523582E1,-3.264371634E0,1.230240250E1,1.198683619E0,1.278444648E1
3.555523869E1,-3.290095329E0,1.299283981E1,9.165223837E-1,1.343423340E1
3.556523660E1,-3.240826368E0,1.295114803E1,-4.423435330E-1,1.335780142E1
3.557525489E1,-3.123005152E0,1.285235882E1,-5.316475630E-1,1.323702903E1
3.558524410E1,-2.934902668E0,1.268406868E1,-2.033689976E0,1.317706898E1
3.559525020E1,-2.153908253E0,1.164493179E1,-3.350209236E0,1.230721980E1
3.560523056E1,-1.882470489E0,1.143949604E1,-5.191250324E0,1.270255269E1
3.561524541E1,-1.623340845E0,9.745208740E0,-7.506941795E0,1.240800161E1
3.562523921E1,-1.393493652E0,8.735425949E0,-1.071925545E1,1.389791094E1
3.563523712E1,-5.057245493E-1,6.237502098E0,-1.227448845E1,1.377770868E1
3.564523869E1,3.654762506E-1,2.598169327E0,-1.390928459E1,1.415458423E1
3.565524207E1,1.882948637E0,-1.460609436E0,-1.466235065E1,1.485474342E1
3.566523869E1,3.788650036E0,-7.695620537E0,-1.447737694E1,1.682768218E1
3.567523791E1,4.718990326E0,-9.261827469E0,-1.393226719E1,1.738270367E1
3.568524025E1,5.669528008E0,-1.001652813E1,-1.180018234E1,1.648389174E1
3.569523921E1,6.656806946E0,-9.992587090E0,-9.612337112E0,1.538056892E1
3.570523634E1,6.676548004E0,-8.396625519E0,-7.971873283E0,1.336526756E1
3.571523660E1,6.474698544E0,-6.032199860E0,-4.272440910E0,9.826642749E0
3.572523973E1,5.119862556E0,-3.344323158E0,-1.755537271E0,6.362342422E0
3.573523608E1,3.265084743E0,-4.110069275E-1,4.590702057E-2,3.291171908E0
3.574523947E1,1.215232730E0,-4.719152451E-1,1.211474180E0,1.779652853E0
3.575526212E1,-1.338590980E-1,-6.249971390E-1,1.492800474E0,1.623882058E0
3.576523650E1,-1.501367569E0,-3.131773949E0,1.746600866E0,3.887509129E0
3.577523509E1,-2.756709814E0,-5.093951225E0,3.961237431E0,7.017064206E0
3.578525306E1,-3.754953384E0,-6.501816750E0,3.935296535E0,8.477019216E0
3.579523588E1,-3.970483303E0,-6.584194183E0,3.861898422E0,8.604104261E0
3.580523765E1,-4.083855152E0,-6.520865440E0,3.566177845E0,8.480399956E0
3.581523895E1,-4.059061050E0,-5.625839233E0,3.484295607E0,7.763141089E0
3.582524572E1,-3.942204952E0,-3.848807335E0,3.428348064E0,6.489057577E0
3.583525015E1,-3.755204916E0,-1.318165779E0,4.430814743E0,5.955774028E0
3.584525041E1,-2.874818802E0,4.405434608E0,5.287271023E0,7.458396081E0
3.585525718E1,-2.627984524E0,6.010549545E0,5.074269295E0,8.293444240E0
3.586524754E1,-1.610965490E0,6.102497101E0,4.928816795E0,8.008053177E0
3.587524494E1,-1.333070159E0,5.955604553E0,4.901243210E0,7.827418901E0
3.588525041E1,1.123330116E0,3.947543621E0,5.600675583E0,6.943524910E0
3.589524650E1,1.075203896E0,1.830815315E0,5.494358063E0,5.890324156E0
3.590524754E1,2.437396049E0,-1.841964722E-1,5.275014877E0,5.813829186E0
3.591524832E1,3.510619402E0,-2.109533310E0,4.415882111E0,6.022839379E0
3.592524780E1,4.328655720E0,-3.274964333E0,3.467033386E0,6.440727616E0
3.593528035E1,4.478984356E0,-3.352874756E0,1.861088037E0,5.896330950E0
3.594523431E1,4.482029438E0,-3.245801926E0,1.560394049E0,5.749665000E0
3.595523171E1,4.360376358E0,-2.040106773E0,1.901217699E-1,4.817786205E0
3.596522692E1,3.340866327E0,1.700019836E-2,-1.008620739E0,3.489841346E0
3.597524905E1,1.210561395E0,1.377630234E0,-1.263047218E0,2.226794159E0
3.598523582E1,1.163070321E0,2.923582554E0,-1.393992782E0,3.441407183E0
3.599524780E1,-6.763741970E-1,4.128746986E0,-1.404264688E0,4.413161344E0
3.600524728E1,-1.798043370E0,4.293544292E0,-1.301353693E0,4.833322251E0
3.601524910E1,-2.027053356E0,4.993984222E0,-4.285967946E-1,5.406710547E0
3.602524989E1,-2.652143478E0,4.831848621E0,1.085909247E0,5.617813189E0
3.603524676E1,-1.879159927E0,3.819431305E0,9.557550550E-1,4.362655757E0
3.604525041E1,-1.027264833E0,3.659790039E0,1.028494954E0,3.937910364E0
3.605524806E1,8.000539541E-1,2.590223312E0,1.099375725E0,2.925400848E0
3.606525015E1,8.939092755E-1,2.435561657E0,1.169477582E0,2.845823640E0
3.607523817E1,2.099138498E0,1.545983315E0,1.238926411E0,2.886413951E0
3.608523660E1,2.824268341E0,1.433752060E0,1.052979469E0,3.337799034E0
3.609523426E1,2.960380793E0,-3.597736359E-2,1.067249060E0,3.147089030E0
3.610524155E1,3.054579258E0,-1.872348785E-2,1.079990029E0,3.239935721E0
3.611526108E1,3.027246952E0,6.756782532E-3,1.094101310E0,3.218901589E0
3.612523332E1,2.944470882E0,3.320312500E-2,1.102000594E0,3.144108226E0
3.613523640E1,2.763418198E0,-1.372145653E0,-2.038014531E-1,3.092054149E0
3.614522739E1,2.540162802E0,-1.487605095E0,-3.783731461E-1,2.967922205E0
3.615524754E1,1.797245979E0,-2.464014053E0,-1.306087255E0,3.317728483E0
3.616523947E1,1.672222614E0,-2.591176033E0,-1.409844637E0,3.390897168E0
3.617523973E1,1.588466167E0,-3.409347534E0,-1.483106852E0,4.043078197E0
3.618524129E1,1.560599446E0,-3.459797859E0,-1.517857313E0,4.087733196E0
3.619523791E1,2.132909775E0,-3.527908325E0,-1.528442264E0,4.396768929E0
3.620523817E1,3.013093948E0,-4.229006767E0,-1.468021631E0,5.396139443E0
3.621523712E1,3.016832590E0,-4.196805000E0,-1.432077885E0,5.363329018E0
3.622523817E1,3.562417507E0,-4.110466003E0,-1.418797851E0,5.621364301E0
3.623523869E1,3.548374653E0,-4.000738144E0,-1.391588688E0,5.525702439E0
3.624523791E1,3.555634737E0,-3.909860611E0,-1.355118632E0,5.455812945E0
3.625523973E1,3.568164825E0,-3.874697685E0,-1.349385500E0,5.437455618E0
3.626523739E1,3.519040585E0,-3.884654999E0,-1.366460085E0,5.416770649E0
3.627523791E1,3.427026749E0,-3.947709084E0,-1.360449553E0,5.401827684E0
3.628523739E1,3.261031389E0,-4.088105202E0,-1.279428959E0,5.383666810E0
3.629525535E1,3.022947311E0,-5.319461823E0,-1.082647324E0,6.213453931E0
3.630523770E1,1.808995962E0,-6.206917763E0,2.147049904E-1,6.468724197E0
3.631522754E1,5.878275633E-1,-7.040289879E0,3.664587736E-1,7.074285466E0
3.632522379E1,-1.210999608E0,-7.767183304E0,1.332062960E0,7.973082732E0
3.633523562E1,-2.343868017E0,-7.872286797E0,1.393504739E0,8.331174716E0
3.634523817E1,-3.770361900E0,-7.948275566E0,1.453078032E0,8.916397765E0
3.635524025E1,-5.000642776E0,-7.964440346E0,1.510732532E0,9.524759891E0
3.636524207E1,-5.869434834E0,-7.871176720E0,1.516346812E0,9.935038796E0
3.637524103E1,-5.978875160E0,-7.133574486E0,1.284114361E0,9.395945020E0
3.638523765E1,-5.901270866E0,-6.377131462E0,1.257380605E0,8.779169067E0
3.639524025E1,-4.790247917E0,-4.851040840E0,-9.930002689E-2,6.818279316E0
3.640523791E1,-3.818649292E0,-4.652581215E0,-2.918106318E-1,6.026088932E0
3.641523713E1,-2.879924059E0,-3.609290123E0,-1.067652345E0,4.739284683E0
3.642523765E1,-2.563239813E0,-3.494146347E0,-1.109607935E0,4.473308261E0
3.643523921E1,-5.579376817E-1,-3.403470039E0,-1.036700964E0,3.601340258E0
3.644523843E1,-3.910760581E-1,-3.290250778E0,1.036329508E0,3.471695481E0
3.645523843E1,-2.327698618E-1,-2.521218300E0,1.035651445E0,2.735561632E0
3.646523791E1,-2.806408703E-1,-2.373544693E0,2.208703041E0,3.254357514E0
3.647523712E1,-1.601955593E-1,-1.178159714E0,3.286417484E0,3.494890958E0
3.648525088E1,-4.905103147E-2,4.320344925E-1,4.275202751E0,4.297257075E0
3.649524910E1,1.343760639E-3,4.533796310E-1,4.943531036E0,4.964277793E0
3.650527134E1,4.975016415E-2,2.761975288E0,4.950569630E0,5.669137697E0
3.651523666E1,-1.022646129E-1,4.450136185E0,4.850145817E0,6.583166758E0
3.652523921E1,-5.497150123E-2,6.072845459E0,4.656611443E0,7.652875535E0
3.653523739E1,-1.470992804E0,7.563044548E0,3.826341391E0,8.602578166E0
3.654523817E1,-1.538714647E0,8.769249916E0,3.633084059E0,9.615959995E0
3.655523739E1,-1.651557684E0,1.023698521E1,3.384046078E0,1.090757887E1
3.656523947E1,-2.540953159E0,1.005416775E1,2.274418592E0,1.061676561E1
3.657523869E1,-3.265671015E0,1.010987473E1,1.181710601E0,1.068974341E1
3.658523843E1,-3.312213659E0,1.012421608E1,9.738385081E-1,1.069667574E1
3.659523843E1,-3.320970774E0,1.013672733E1,-1.226022840E-1,1.066757326E1
3.660523843E1,-3.316532612E0,9.947729111E0,-4.057854414E-1,1.049387273E1
3.661524155E1,-3.243610382E0,9.956640244E0,-1.761195064E0,1.061873351E1
3.662523817E1,-3.072875500E0,9.964221954E0,-3.087859154E0,1.087488653E1
3.663523765E1,-2.872461557E0,9.969651222E0,-4.942023277E0,1.149210925E1
3.664523712E1,-2.674481392E0,7.979366779E0,-7.415721416E0,1.121677623E1
3.665523869E1,-2.398651600E0,6.029702187E0,-1.049415970E1,1.233848555E1
3.666525733E1,-1.004941225E0,2.791582108E0,-1.244121456E1,1.279009997E1
3.667525806E1,1.109142661E0,3.108787537E-2,-1.391474915E1,1.395891857E1
3.668528848E1,1.316006899E0,-4.373355865E0,-1.468458843E1,1.537840216E1
3.669523692E1,2.752073765E0,-6.827947617E0,-1.460126686E1,1.635211829E1
3.670524338E1,3.824925423E0,-8.391276360E0,-1.433426285E1,1.704449075E1
3.671524233E1,4.882491112E0,-9.125445366E0,-1.373726273E1,1.719955987E1
3.672523686E1,6.049008846E0,-9.104794502E0,-1.110481262E1,1.558219029E1
3.673524285E1,6.811907291E0,-7.429243088E0,-8.249665260E0,1.302508007E1
3.674523843E1,6.656094551E0,-4.760941505E0,-5.715734482E0,9.981972719E0
3.675524051E1,4.920610428E0,-1.662445068E-1,-1.430883646E0,5.127130994E0
3.676523791E1,3.351144314E0,8.679990768E-1,-3.209114075E-2,3.461881057E0
3.677524259E1,1.981911659E0,-2.477426529E-1,1.004043818E0,2.235498655E0
3.678523869E1,7.584075332E-1,-1.750853539E0,1.354606867E0,2.340006381E0
3.679524181E1,4.267276525E-1,-4.207576752E0,3.268725872E0,5.345125577E0
3.680523660E1,-1.448783517E0,-6.181549072E0,3.345100403E0,7.176365328E0
3.681523686E1,-2.547435284E0,-7.296612740E0,4.920804501E0,9.162112253E0
3.682523686E1,-3.348523378E0,-7.283705711E0,4.797564030E0,9.342462113E0
3.683523660E1,-3.541345358E0,-6.486675262E0,4.597594738E0,8.703789995E0
3.684528301E1,-4.272535801E0,-4.691130638E0,4.466555595E0,7.759599714E0
3.685524848E1,-4.351870060E0,-2.153024673E0,4.314060688E0,6.495029475E0
3.686525468E1,-5.157647610E0,1.085169792E0,4.287314892E0,6.794114462E0
3.687523718E1,-5.149464130E0,4.194105148E0,4.105641365E0,7.807931214E0
3.688523733E1,-5.090653896E0,6.362243176E0,3.809650421E0,8.994794697E0
3.689523973E1,-4.967281818E0,7.252396107E0,3.561413050E0,9.484450478E0
3.690524233E1,-4.740197182E0,7.144184113E0,3.507574081E0,9.263471913E0
3.691524207E1,-3.668107510E0,5.231024742E0,4.449995995E0,7.785955106E0
3.692524312E1,-2.340658665E0,3.035175800E0,5.198651314E0,6.458866046E0
3.693524546E1,9.766495824E-1,-1.175763130E0,5.177175522E0,5.398093157E0
3.694523713E1,1.169348001E0,-2.591502190E0,4.988671303E0,5.741959571E0
3.695524338E1,3.333503723E0,-3.376062393E0,4.732779026E0,6.701435791E0
3.696523614E1,4.425348282E0,-3.374149323E0,3.280747890E0,6.460023049E0
3.697524312E1,4.646564484E0,-2.647384644E0,1.305244923E0,5.504804380E0
3.698523660E1,4.744255066E0,-1.306744576E0,1.007246375E0,5.022955582E0
3.699523869E1,4.583890438E0,2.780342102E-2,-6.609489918E-1,4.631379724E0
3.700523895E1,3.391325712E0,1.760164261E0,-8.799489737E-1,3.920915519E0
3.701523660E1,1.396908760E0,2.953793049E0,-1.012948036E0,3.420864099E0
3.702528119E1,1.305043936E0,3.751214027E0,-1.105707169E0,4.122782397E0
3.703523535E1,-6.081843376E-1,3.873517990E0,-1.134588480E0,4.081828123E0
3.704533088E1,-8.884333968E-1,3.940892696E0,-1.035604358E0,4.170422704E0
3.705523640E1,-1.719414949E0,3.939355850E0,4.410552084E-1,4.320814967E0
3.706523718E1,-1.775304794E0,3.877393246E0,4.724538624E-1,4.290582495E0
3.707524858E1,-1.079151869E0,3.753220081E0,5.054757595E-1,3.937859251E0
3.708524338E1,5.796496868E-1,2.875688553E0,3.426092863E-1,2.953465682E0
3.709525353E1,6.019697785E-1,2.739416122E0,3.797985613E-1,2.830373695E0
3.710524598E1,1.965768576E0,1.808495522E0,4.168085456E-1,2.703448078E0
3.711524702E1,2.763884783E0,1.384639740E-1,4.919396639E-1,2.810735846E0
3.712525171E1,2.809339523E0,5.944538116E-2,3.258698583E-1,2.828800713E0
3.713525249E1,2.802531958E0,8.031654358E-2,3.597345054E-1,2.826666771E0
3.714524806E1,2.723459721E0,1.011905670E-1,3.937606514E-1,2.753637564E0
3.715524754E1,2.529488564E0,1.248254776E-1,-6.976573467E-1,2.626903037E0
3.716524754E1,1.705060005E0,1.489801407E-1,-1.345654249E0,2.177202348E0
3.717524650E1,1.548953295E0,7.202720642E-2,-1.357604146E0,2.060954450E0
3.718524702E1,1.427952051E0,-1.433134079E0,-1.328580379E0,2.420340095E0
3.719524754E1,1.378099680E0,-1.538949013E0,-1.288633466E0,2.434768778E0
3.720537405E1,1.405323863E0,-2.321722031E0,-1.239060760E0,2.983387322E0
3.721523780E1,2.330155611E0,-2.456870079E0,-1.169575810E0,3.582421434E0
3.722524879E1,2.999229670E0,-3.487538338E0,-1.038905621E0,4.715678865E0
3.723524629E1,3.621732235E0,-3.599370003E0,-9.079620242E-1,5.186212861E0
3.724523978E1,3.687175035E0,-3.638498306E0,-8.578174114E-1,5.250693324E0
3.725524728E1,4.468307495E0,-3.569882393E0,-8.973467946E-1,5.789219588E0
3.726524598E1,4.432482719E0,-3.465984344E0,-1.623319387E0,5.856203238E0
3.727524989E1,4.304173470E0,-3.383308411E0,-1.710597038E0,5.735749932E0
3.728525093E1,4.104698658E0,-3.353241920E0,-2.593146801E0,5.900609526E0
3.729523426E1,2.819950581E0,-3.466621399E0,-2.739321232E0,5.241513714E0
3.730523791E1,2.031236649E0,-4.183298111E0,-2.773491383E0,5.414624628E0
3.731524207E1,1.059321880E0,-4.989637375E0,-2.751648426E0,5.795706431E0
3.732522650E1,-1.164048910E-1,-5.943177223E0,-2.633129597E0,6.501405777E0
3.733523817E1,-1.359999657E0,-6.713889122E0,-2.451817274E0,7.275803334E0
3.734524364E1,-2.921149015E0,-6.843382835E0,-1.568686485E0,7.604326235E0
3.735523791E1,-4.480130196E0,-7.474034309E0,-1.384403944E0,8.823226717E0
3.736526265E1,-5.958590984E0,-7.471239090E0,-1.198191762E0,9.631193257E0
3.737523791E1,-7.234557152E0,-7.414770126E0,-1.037290096E0,1.041122490E1
3.738523614E1,-8.191220284E0,-7.304788589E0,-2.858935595E-1,1.097896904E1
3.739527067E1,-8.257804871E0,-6.498561859E0,-1.840877533E-1,1.050983044E1
3.740524030E1,-8.210928917E0,-6.363806725E0,-1.362504959E-1,1.038922297E1
3.741524041E1,-7.995126724E0,-5.646167755E0,-1.443433762E-1,9.788876170E0
3.742525223E1,-6.957283497E0,-5.517500877E0,-1.967803240E-1,8.881741501E0
3.743523588E1,-5.641329288E0,-4.838385582E0,-2.730263472E-1,7.437009787E0
3.744524650E1,-4.282571316E0,-4.744370461E0,-3.157088757E-1,6.399151525E0
3.745523713E1,-2.968165159E0,-4.629123688E0,-2.613408566E-1,5.505187515E0
3.746526473E1,-1.743276000E0,-3.834889412E0,-1.230173111E-1,4.214323347E0
3.747524103E1,-6.168453768E-2,-2.736373901E0,1.543409824E0,3.142238214E0
3.748523869E1,1.238247231E-1,-1.863385201E0,1.578737974E0,2.445393743E0
3.749524468E1,2.781260014E-1,-8.398542404E-1,1.613846540E0,1.840437414E0
3.750524051E1,1.900138706E-1,3.001222610E-1,3.142692089E0,3.162703307E0
3.751523999E1,2.651831508E-1,1.763786316E0,3.297456980E0,3.748931422E0
3.752523921E1,2.939519882E-1,3.264389515E0,4.102260113E0,5.250827050E0
3.753523660E1,3.228054941E-1,4.677083015E0,4.047308922E0,6.193546515E0
3.754524624E1,3.525956869E-1,6.083032608E0,3.942009211E0,7.257206490E0
3.755523765E1,1.826902479E-1,7.424866676E0,3.817695141E0,8.350857266E0
3.756529676E1,2.140245438E-1,8.503741264E0,3.639534473E0,9.252331229E0
3.757523525E1,-8.968034387E-1,1.007866478E1,2.915558100E0,1.053015760E1
3.758522806E1,-1.031289935E0,1.010177898E1,2.751607418E0,1.052049623E1
3.759524936E1,-2.001769066E0,1.012387562E1,1.975602388E0,1.050728041E1
3.760525562E1,-2.123541117E0,9.945580482E0,8.194576502E-1,1.020272066E1
3.761523765E1,-2.981785297E0,9.966579437E0,7.880830765E-1,1.043287229E1
3.762523791E1,-3.070883751E0,9.986984253E0,7.564906478E-1,1.047580353E1
3.763524598E1,-3.151056528E0,1.000679779E1,7.252352238E-1,1.051623152E1
3.764524546E1,-3.162067175E0,1.002491379E1,6.913296580E-1,1.053449106E1
3.765523999E1,-3.002740860E0,9.879004478E0,-3.106741905E0,1.078253344E1
3.766526395E1,-2.764900446E0,7.975926399E0,-5.046303749E0,9.834899996E0
3.767523817E1,-1.981071830E0,7.068259716E0,-7.260887623E0,1.032499056E1
3.768523765E1,-1.743602037E0,5.522716522E0,-9.140480042E0,1.082076343E1
3.769524520E1,-6.123694181E-1,3.169893265E0,-1.130670357E1,1.175860388E1
3.770523556E1,1.141762376E0,-2.007293701E-2,-1.257686710E1,1.262860287E1
3.771523895E1,1.346897125E0,-2.593916893E0,-1.311757469E1,1.343924486E1
3.772523608E1,3.455275059E0,-5.109436035E0,-1.292646599E1,1.432266684E1
3.773523687E1,4.526615143E0,-7.020771980E0,-1.253888607E1,1.506669001E1
3.774525327E1,5.398821831E0,-8.162619591E0,-1.119355774E1,1.486846901E1
3.775524265E1,6.223305702E0,-8.359158516E0,-9.449348450E0,1.406752470E1
3.776526400E1,6.267210960E0,-8.427400589E0,-6.854320526E0,1.254116118E1
3.777522088E1,6.187349319E0,-7.448821068E0,-5.258223057E0,1.101894444E1
3.778523692E1,5.870534897E0,-5.907408714E0,-3.219105721E0,8.928790474E0
3.779524082E1,4.523205757E0,-4.452129364E0,-1.568477631E0,6.537657705E0
3.780523713E1,3.133996010E0,-3.556826591E0,-4.157371521E-1,4.758758638E0
3.781523999E1,1.771774769E0,-3.563876152E0,9.033551216E-1,4.081231375E0
3.782523817E1,5.912365317E-1,-3.703288078E0,1.946030855E0,4.225037197E0
3.783523791E1,4.836963415E-1,-4.976802826E0,3.239017487E0,5.957664206E0
3.784524598E1,-2.162112474E0,-5.742377281E0,4.626399040E0,7.684607685E0
3.785524051E1,-3.081262112E0,-5.561273575E0,4.586109638E0,7.839281956E0
3.786526395E1,-3.914085150E0,-3.986151695E0,4.516672611E0,7.183996059E0
3.787524051E1,-4.082736492E0,-2.132904053E0,5.983367920E0,7.551073343E0
3.788524676E1,-4.843277454E0,-6.624689102E-1,5.910513401E0,7.670095842E0
3.789524312E1,-4.856650352E0,2.481528759E0,6.575789928E0,8.543187392E0
3.790523712E1,-4.736410141E0,4.826263428E0,6.453539848E0,9.347436882E0
3.791524077E1,-4.522912025E0,6.466327667E0,6.237874985E0,1.005888717E1
3.792523973E1,-3.307999611E0,6.603748322E0,5.980856895E0,9.503841461E0
3.793527556E1,-2.157932281E0,6.480893135E0,5.725434303E0,8.912869657E0
3.794524280E1,-7.940654755E-1,4.329845428E0,5.534135342E0,7.071404061E0
3.795526030E1,8.025808334E-1,1.838320732E0,5.340103149E0,5.704407134E0
3.796527989E1,2.010578632E0,-2.383317947E-1,5.100849152E0,5.487976909E0
3.797523817E1,3.253635883E0,-2.904858589E0,4.251580238E0,6.091000280E0
3.798524103E1,4.242876530E0,-4.447839737E0,3.924372196E0,7.292871636E0
3.799524233E1,4.440630436E0,-5.236619949E0,2.200582504E0,7.209989634E0
3.800524129E1,4.446872711E0,-5.146924019E0,2.081812382E0,7.113328796E0
3.801523817E1,4.280079842E0,-3.864689827E0,1.966366291E0,6.092742182E0
3.802523895E1,1.964900255E0,-3.350925446E-2,1.915562153E-2,1.965279324E0
3.803523843E1,7.928484082E-1,2.188227654E0,-1.774553061E-1,2.334189206E0
3.804524442E1,-1.310659409E0,3.758246899E0,-3.197568655E-1,3.993055508E0
3.805523556E1,-2.782427788E0,4.674988747E0,-3.441442251E-1,5.451225497E0
3.806526213E1,-3.762187004E0,4.755946159E0,-3.044177294E-1,6.071716815E0
3.807523712E1,-3.950317383E0,4.751246452E0,3.590255976E-1,6.189365852E0
3.808523739E1,-4.019848824E0,4.641868591E0,1.346930027E0,6.286521222E0
3.809524259E1,-3.359675884E0,3.799098492E0,1.393788218E0,5.259583348E0
3.810523739E1,-2.211366177E0,3.626438141E0,1.447614193E0,4.487402457E0
3.811535999E1,-7.316077948E-1,2.495223045E0,1.500755429E0,3.002274949E0
3.812523843E1,3.511936069E-1,2.355137348E0,1.353924632E0,2.739182504E0
3.813540728E1,2.018201113E0,1.584278107E0,1.406469703E0,2.925957942E0
3.814524525E1,2.802713871E0,1.494227409E0,1.414973617E0,3.477077930E0
3.815525041E1,2.969867229E0,1.375399590E0,1.423878312E0,3.569210675E0
3.816526134E1,3.083799124E0,2.580738068E-2,1.431165338E0,3.399811359E0
3.817523791E1,3.088206291E0,-5.231094360E-2,1.239288926E0,3.328001138E0
3.818523791E1,2.907668114E0,-2.140235901E-2,1.244057298E0,3.162699872E0
3.819524233E1,2.659501791E0,1.027774811E-2,1.245566010E0,2.936748218E0
3.820523791E1,1.773555756E0,-1.124363899E0,-2.764813900E-1,2.118050083E0
3.821523718E1,1.685436964E0,-1.249912262E0,-3.496682644E-1,2.127262635E0
3.822523634E1,1.661093473E0,-2.136403084E0,-4.071795940E-1,2.736648477E0
3.823523791E1,2.332285404E0,-2.255639076E0,-4.438459873E-1,3.274822455E0
3.824524442E1,2.356548071E0,-3.109283447E0,-4.443145990E-1,3.926624228E0
3.825524338E1,3.211454391E0,-3.222523689E0,-4.112831354E-1,4.568068744E0
3.826526160E1,3.234930277E0,-4.010984421E0,-3.041068316E-1,5.161903804E0
3.827523765E1,3.917490244E0,-4.054860115E0,-2.661164999E-1,5.644416565E0
3.828523739E1,3.891939402E0,-4.044145584E0,-3.151006699E-1,5.621529529E0
3.829526780E1,3.870184660E0,-3.980438232E0,-4.178320169E-1,5.567477114E0
3.830525989E1,3.829994678E0,-3.924969673E0,-1.163350105E0,5.606035109E0
3.831524187E1,3.716996193E0,-3.893716812E0,-1.211679459E0,5.517722213E0
3.832524832E1,3.572276354E0,-3.901728630E0,-1.296182156E0,5.446534020E0
3.833523640E1,3.346754074E0,-3.941236496E0,-2.017427921E0,5.550146247E0
3.834523843E1,2.445740938E0,-4.025797844E0,-2.077555656E0,5.148294331E0
3.835524285E1,1.664125800E0,-4.680884361E0,-2.133859873E0,5.406787497E0
3.836528869E1,5.989434719E-1,-4.804829597E0,-2.152048588E0,5.298720022E0
3.837524832E1,-1.512889862E0,-5.571735382E0,-2.069168806E0,6.133068600E0
3.838525067E1,-3.488121748E0,-5.674424171E0,-1.858953476E0,6.915330146E0
3.839524468E1,-4.924398422E0,-5.729769707E0,-1.187295914E0,7.647851483E0
3.840524884E1,-6.134145737E0,-5.788968086E0,-1.062367558E0,8.501089357E0
3.841524494E1,-7.038439274E0,-5.835452080E0,-8.832060099E-1,9.185433100E0
3.842524598E1,-7.118762016E0,-5.854802132E0,8.148765564E-2,9.217489945E0
3.843524624E1,-7.045594692E0,-5.858622551E0,1.877627373E-1,9.165103251E0
3.844524650E1,-6.845515728E0,-5.875159264E0,2.095799446E-1,9.023442010E0
3.845524702E1,-5.719152451E0,-5.871607780E0,1.622501612E-1,8.198219794E0
3.846528947E1,-4.601636410E0,-5.837741852E0,1.104006767E-1,7.434142579E0
3.847528192E1,-3.385209560E0,-5.738318443E0,1.155221462E-1,6.663429124E0
3.848523395E1,-2.188311338E0,-5.568677902E0,1.961616278E-1,5.986431281E0
3.849523874E1,-4.924270511E-1,-4.492980003E0,1.769762039E0,4.854009826E0
3.850523280E1,-5.045855641E-1,-4.343987465E0,1.587697148E0,4.652484919E0
3.851524030E1,-3.254654706E-1,-3.394198418E0,1.605642438E0,3.768898819E0
3.852524754E1,1.266261935E0,-2.694702148E0,1.624318123E0,3.391643897E0
3.853523744E1,1.396018386E0,-1.793349266E0,3.340154648E0,4.040000247E0
3.854523791E1,1.472893834E0,-7.533197403E-1,3.478976250E0,3.852295760E0
3.855523634E1,1.484963059E0,2.911882401E-1,4.413477898E0,4.665693200E0
3.856526187E1,1.345480323E0,3.083571911E0,4.428899288E0,5.561823616E0
3.857523712E1,-1.569038630E-2,4.428977013E0,4.390338898E0,6.236277672E0
3.858524702E1,-1.291901618E-2,5.749714851E0,4.299639702E0,7.179574454E0
3.859523739E1,-2.085902095E-1,6.954354763E0,4.193120956E0,8.123350503E0
3.860523634E1,-1.794337511E0,7.906140804E0,4.016085625E0,9.047411412E0
3.861523765E1,-1.978596568E0,8.649459839E0,3.784894228E0,9.646420279E0
3.862523869E1,-3.109843493E0,8.765117645E0,2.908979416E0,9.744771682E0
3.863524598E1,-3.277599335E0,1.014951229E1,2.685672760E0,1.099854969E1
3.864523739E1,-4.113648891E0,9.971463203E0,1.856430292E0,1.094525098E1
3.865523739E1,-4.180534840E0,9.992135048E0,1.640108228E0,1.095488883E1
3.866527785E1,-4.248138428E0,1.001157761E1,3.202843368E-1,1.088030093E1
3.867525202E1,-4.251431465E0,1.003057575E1,2.428477407E-1,1.089706816E1
3.868525791E1,-4.217011929E0,1.004767323E1,-1.027243853E0,1.094505170E1
3.869523535E1,-4.099717617E0,9.862926483E0,-2.243954897E0,1.091422636E1
3.870524259E1,-3.930750370E0,9.875459671E0,-4.087108135E0,1.138771070E1
3.871523765E1,-3.776038408E0,9.883960724E0,-6.564586639E0,1.245170444E1
3.872524155E1,-3.606772661E0,8.055491447E0,-9.939907074E0,1.329291180E1
3.873524572E1,-3.260749578E0,5.515437126E0,-1.130560112E1,1.299496638E1
3.874523843E1,-1.415997148E0,2.056890965E0,-1.292149258E1,1.316057821E1
3.875523843E1,1.267219305E0,-4.898194313E0,-1.379886723E1,1.469717282E1
3.876526864E1,3.517511606E0,-7.380512238E0,-1.363182831E1,1.589564695E1
3.877523817E1,4.814645767E0,-9.018783569E0,-1.324030972E1,1.672797275E1
3.878524416E1,6.215617657E0,-1.008627319E1,-1.164742947E1,1.661413323E1
3.879524051E1,7.101861954E0,-1.021289730E1,-7.917177677E0,1.474521674E1
3.880523687E1,6.913695335E0,-9.299917221E0,-5.183353424E0,1.269467590E1
3.881523791E1,5.168435097E0,-7.499166489E0,-2.205274105E0,9.370883270E0
3.882523843E1,3.000493526E0,-5.676393509E0,-4.498779774E-1,6.436365035E0
3.883524312E1,1.178061604E0,-4.722786903E0,-6.344342232E-2,4.867912319E0
3.884531957E1,-1.336415648E0,-4.839643478E0,1.095710278E0,5.138943159E0
3.885523478E1,-2.736190557E0,-5.013783455E0,3.983490467E0,6.963688649E0
3.886527520E1,-3.745265961E0,-5.103640556E0,5.494974136E0,8.382654997E0
3.887523900E1,-3.959437132E0,-5.010135651E0,6.583539963E0,9.171782819E0
3.888525853E1,-4.065593719E0,-4.085675240E0,6.498429298E0,8.686275255E0
3.889524572E1,-4.042453289E0,-2.730618477E0,6.449208260E0,8.086407919E0
3.890523739E1,-3.141752243E0,-4.699506760E-1,7.078410149E0,7.758566300E0
3.891524338E1,-2.132394314E0,1.036865234E0,8.099728584E0,8.439656282E0
3.892523973E1,-1.256384015E0,3.442785263E0,8.689516068E0,9.430745498E0
3.893524494E1,-3.299002647E-1,5.318460941E0,6.613227367E0,8.492916883E0
3.894523843E1,8.238908052E-1,5.235814095E0,5.097221375E0,7.353516916E0
3.895523713E1,9.366612434E-1,3.451285839E0,3.920746803E0,5.306690468E0
3.896526629E1,1.050162435E0,1.376838684E0,2.376101732E0,2.940133559E0
3.897523634E1,2.222212076E0,-1.452903748E-1,2.041373014E0,3.021016317E0
3.898524364E1,2.404164791E0,-2.351843834E0,1.910865545E0,3.868150061E0
3.899524025E1,3.246659279E0,-3.372583389E0,1.785502315E0,5.010302756E0
3.900523791E1,3.258783817E0,-3.461139679E0,3.252469301E-1,4.764970662E0
3.901523869E1,3.209604740E0,-3.420507431E0,1.670805216E-1,4.693543392E0
3.902523858E1,3.037576199E0,-2.538222313E0,7.448959351E-2,3.959165363E0
3.903526713E1,8.431482315E-1,5.721664429E-2,1.188647747E-2,8.451709727E-1
3.904523806E1,8.012445569E-1,1.131796837E0,-7.501769066E-2,1.388734882E0
3.905524614E1,-5.600628853E-1,2.986127853E0,-1.627790928E-1,3.042552715E0
3.906526994E1,-1.772618771E0,4.302916050E0,-2.362781763E-1,4.659730809E0
3.907523973E1,-2.801493883E0,4.444316387E0,-2.137211561E-1,5.257945688E0
3.908524233E1,-3.013086557E0,4.512213707E0,-1.480816603E-1,5.427770382E0
3.909523765E1,-3.154159784E0,4.471854210E0,-3.976178169E-2,5.472456945E0
3.910523895E1,-3.115131617E0,4.313526154E0,1.340123296E0,5.486937517E0
3.911523791E1,-1.380062342E0,2.314449310E0,1.243742108E0,2.967851430E0
3.912523634E1,5.435441136E-1,1.516057968E0,1.306344748E0,2.073742647E0
3.913524338E1,6.489335895E-1,1.357446671E0,1.368463635E0,2.033831111E0
3.914523869E1,2.780579567E0,2.559471130E-2,2.469690323E0,3.719092377E0
3.915523712E1,3.840163231E0,4.467201233E-2,2.484904051E0,4.574231889E0
3.916526265E1,4.048947811E0,-3.623867035E-2,2.507070541E0,4.762425256E0
3.917523895E1,4.775864124E0,-1.737499237E-2,2.525637150E0,5.402594103E0
3.918524285E1,4.715913773E0,9.322166443E-3,2.504524231E0,5.339716400E0
3.919523947E1,4.582102776E0,3.655910492E-2,2.388150215E0,5.167229806E0
3.920523895E1,3.673112869E0,7.498836517E-2,1.184045911E0,3.859967114E0
3.921525718E1,3.360341787E0,1.352405548E-2,9.381389022E-1,3.488865780E0
3.922524364E1,2.217145681E0,4.782962799E-2,-2.072739005E-1,2.227326899E0
3.923524838E1,1.969089746E0,7.844257355E-2,-4.443518519E-1,2.020127777E0
3.924523817E1,1.745074987E0,1.057987213E-1,-1.379583716E0,2.227045422E0
3.925523973E1,1.571726799E0,1.302881241E-1,-1.489109039E0,2.169042613E0
3.926526291E1,1.448359966E0,-1.794658661E0,-1.565557003E0,2.787384981E0
3.927524312E1,1.373701334E0,-2.494661331E0,-1.549167156E0,3.241960732E0
3.928524624E1,1.343261123E0,-2.643870354E0,-1.480199099E0,3.314421558E0
3.929524103E1,2.159819603E0,-3.673048019E0,-1.295945168E0,4.453714893E0
3.930523869E1,2.147455454E0,-3.700823784E0,-1.232931852E0,4.452839831E0
3.931523921E1,2.155670404E0,-3.676512718E0,-1.240772724E0,4.438826153E0
3.932522650E1,2.183114767E0,-3.659772873E0,-1.833439827E0,4.639119439E0
3.933524207E1,2.229915619E0,-3.703630447E0,-1.891753912E0,4.718912483E0
3.934523869E1,2.873413563E0,-3.810388565E0,-2.633675575E0,5.450854388E0
3.935523869E1,2.822089195E0,-4.710588455E0,-2.679798126E0,6.110249505E0
3.936526577E1,2.726709366E0,-4.848251343E0,-2.726052523E0,6.194501385E0
3.937523791E1,2.528504848E0,-5.832263947E0,-2.748729944E0,6.925615916E0
3.938525129E1,1.205845475E0,-5.983629227E0,-2.731320381E0,6.687151341E0
3.939526025E1,-1.435693502E-1,-7.009106636E0,-2.624733210E0,7.485814078E0
3.940524473E1,-1.329991817E0,-7.085777283E0,-2.449941158E0,7.614415908E0
3.941524212E1,-3.716091871E0,-7.128726959E0,-1.725968361E0,8.222350858E0
3.942523869E1,-5.534619331E0,-7.139792442E0,-1.587159753E0,9.172116623E0
3.943524598E1,-6.980242729E0,-7.108972549E0,-1.423858762E0,1.006422640E1
3.944524364E1,-7.899319649E0,-7.035414696E0,-4.982031584E-1,1.058983084E1
3.945523608E1,-7.954715252E0,-6.917731285E0,-3.451647758E-1,1.054758928E1
3.946526186E1,-7.802781105E0,-6.180132866E0,-2.147033215E-1,9.956080189E0
3.947523973E1,-4.834248543E0,-6.014122009E0,-1.677788496E-1,7.718016083E0
3.948524572E1,-2.828037024E0,-5.327758789E0,-1.529008150E-1,6.033753871E0
3.949524181E1,-8.005083203E-1,-5.174384117E0,-8.965468407E-2,5.236707222E0
3.950523765E1,7.237983942E-1,-4.134643555E0,1.626725197E0,4.501710376E0
3.951523791E1,2.028084040E0,-3.442177773E0,1.651007652E0,4.322908622E0
3.952523739E1,3.021888733E0,-2.757803917E0,1.675479650E0,4.420919137E0
3.953524989E1,3.248778105E0,-1.961829185E0,2.747272015E0,4.685171977E0
3.954524442E1,3.328541040E0,-1.073153496E0,3.615462780E0,5.030150594E0
3.955524702E1,3.265314579E0,3.043327332E-1,4.312705517E0,5.417963325E0
3.956530572E1,2.574422359E0,3.324136734E-1,4.390912056E0,5.100809545E0
3.957526212E1,2.342490673E0,2.036964417E0,5.104696274E0,5.974479947E0
3.958524452E1,1.101901412E0,3.086541176E0,5.076498508E0,6.042496194E0
3.959522499E1,-3.610323071E-1,4.042970181E0,5.014003754E0,6.451060831E0
3.960524546E1,-3.827559948E-1,4.912708282E0,4.943398952E0,6.979856590E0
3.961523718E1,-4.052103460E-1,5.639479160E0,4.869963646E0,7.462202526E0
3.962524312E1,-1.539908648E0,5.759881020E0,4.766637325E0,7.633372740E0
3.963524780E1,-2.722527504E0,6.458709717E0,4.599087238E0,8.383238673E0
3.964524832E1,-2.941612482E0,6.503927231E0,4.380918026E0,8.375356480E0
3.965524884E1,-4.168977261E0,6.643856049E0,3.007105589E0,8.400230867E0
3.966524468E1,-5.179859638E0,7.400036812E0,2.694457531E0,9.426112246E0
3.967524962E1,-5.286789417E0,7.500427723E0,1.423199654E0,9.286121667E0
3.968524884E1,-6.039682388E0,8.394479752E0,-1.060334072E-1,1.034196774E1
3.969524728E1,-6.014253616E0,9.986085892E0,-2.138403356E-1,1.165928324E1
3.970524806E1,-5.977598667E0,1.000013924E1,-1.479140878E0,1.174403373E1
3.971525119E1,-5.853340149E0,1.001161098E1,-2.788139820E0,1.192760114E1
3.972524442E1,-5.657790184E0,1.002122498E1,-4.546590328E0,1.237364228E1
3.973524520E1,-5.429972649E0,9.827172279E0,-6.873767853E0,1.316459656E1
3.974526421E1,-5.237495899E0,9.830773354E0,-9.069115639E0,1.436399410E1
3.975524718E1,-4.214730263E0,6.854748249E0,-1.044681358E1,1.318663865E1
3.976525035E1,-2.360626698E0,3.373390198E0,-1.293794346E1,1.357728621E1
3.977524874E1,-5.944609642E-2,1.603317261E-2,-1.404609489E1,1.404622984E1
3.978524603E1,1.500556588E0,-4.311168671E0,-1.401556492E1,1.474021388E1
3.979523895E1,4.557680130E0,-7.173583984E0,-1.381952858E1,1.622381353E1
3.980523843E1,6.369071007E0,-9.140361786E0,-1.338162804E1,1.741204319E1
3.981524390E1,8.102663994E0,-1.028047466E1,-1.186138916E1,1.766448063E1
3.982524937E1,9.672244072E0,-1.032063961E1,-1.026959324E1,1.747948662E1
3.983523687E1,9.597261429E0,-6.932725906E0,-8.003421783E0,1.429072691E1
3.984523660E1,8.183025360E0,-4.596201897E0,-4.757209778E0,1.052226310E1
3.985523686E1,6.170777321E0,-2.776779175E0,-2.917663813E0,7.368972619E0
3.986523947E1,3.980213165E0,-2.090984344E0,-2.477869272E0,5.133629174E0
3.987524181E1,2.043825388E0,-2.212799072E0,-1.186770439E0,3.237611160E0
3.988523504E1,5.358251929E-1,-3.899749756E0,-8.192973137E-1,4.020746807E0
3.989523869E1,-9.481583238E-1,-5.526247978E0,1.096126318E0,5.713135201E0
3.990523765E1,-2.305455685E0,-6.357626915E0,3.744598866E0,7.730237161E0
3.991524884E1,-3.478121519E0,-6.309393883E0,3.780751944E0,8.136329991E0
3.992526655E1,-4.393509388E0,-5.284279823E0,3.611195087E0,7.763199595E0
3.993524754E1,-4.575540066E0,-3.748571396E0,3.608402967E0,6.928775244E0
3.994524942E1,-4.640430927E0,-1.680931091E0,5.338808537E0,7.270626184E0
3.995522712E1,-4.612790108E0,6.681022644E-1,5.971972942E0,7.575529951E0
3.996523562E1,-4.485184669E0,3.428190708E0,6.732489586E0,8.786113423E0
3.997524702E1,-4.241539955E0,5.701694489E0,6.577183723E0,9.682939996E0
3.998523999E1,-3.008860350E0,6.767642021E0,5.741352081E0,9.371090804E0
3.999523999E1,-2.018013477E0,6.731720924E0,5.439337730E0,8.886778941E0
4.000524233E1,-8.187848330E-1,5.396821499E0,4.304993629E0,6.951910604E0
4.001523973E1,3.369500637E-1,1.260766029E0,4.022812843E0,4.229194900E0
4.002524702E1,2.295421600E0,-1.963977814E-1,3.835688353E0,4.474375660E0
4.003524051E1,2.541681051E0,-2.648303986E0,3.637166262E0,5.167459238E0
4.004523869E1,3.219425201E0,-3.918005943E0,2.301496267E0,5.568873698E0
4.005524051E1,3.209914446E0,-4.022720337E0,2.222213030E0,5.605716761E0
4.006523817E1,3.047725201E0,-3.966505051E0,1.945153832E0,5.367067602E0
4.007524155E1,6.532351971E-1,-3.147365570E0,1.872346044E0,3.719987360E0
4.008523817E1,6.680447459E-1,-1.613322258E0,3.607155085E-1,1.783033418E0
4.009523791E1,-4.701983333E-1,5.595302582E-2,1.358269453E-1,4.926115841E-1
4.010525848E1,-1.544545412E0,2.027336121E0,-6.596988440E-1,2.632663070E0
4.011523436E1,-2.560473680E0,3.512838364E0,-7.951898575E-1,4.419093317E0
4.012523535E1,-3.369106054E0,4.488573551E0,-9.065140486E-1,5.685062519E0
4.013522572E1,-3.489172697E0,4.573270798E0,-9.650775194E-1,5.832710049E0
4.014523483E1,-3.545752525E0,4.567650795E0,-9.690880775E-1,5.863013428E0
4.015524416E1,-3.496793747E0,4.460949421E0,-8.454871178E-1,5.730836301E0
4.016523999E1,-2.715338707E0,3.514866829E0,9.772419930E-2,4.442623452E0
4.017524806E1,-1.664902925E0,2.653244495E0,2.437536716E-1,3.141818575E0
4.018524025E1,-4.565142989E-1,1.784794807E0,1.432831764E0,2.333860466E0
4.019524129E1,1.903214931E0,1.000051498E0,1.532822847E0,2.640431017E0
4.020523947E1,2.839875937E0,-7.109165192E-2,1.392366409E0,3.163642454E0
4.021523666E1,3.045317411E0,-5.994319916E-2,1.444725752E0,3.371169504E0
4.022524572E1,3.820473671E0,-4.819488525E-2,1.491120577E0,4.101436625E0
4.023523843E1,3.836486340E0,-2.497482300E-2,1.489780426E0,4.115664818E0
4.024523869E1,3.747847795E0,4.900932312E-3,1.484102011E0,4.030998126E0
4.025523739E1,3.572639942E0,-6.044769287E-2,1.275547862E0,3.793999529E0
4.026523765E1,3.332398653E0,-2.424812317E-2,5.788075924E-2,3.332989489E0
4.027524233E1,2.452254295E0,1.075458527E-2,-1.168353558E-1,2.455059529E0
4.028525588E1,2.273838758E0,4.322528839E-2,-8.980904818E-1,2.445153909E0
4.029523296E1,2.103001118E0,-1.088947296E0,-9.636033773E-1,2.556746249E0
4.030523405E1,1.953753471E0,-1.163085938E0,-9.832406044E-1,2.477233055E0
4.031524447E1,1.843501449E0,-1.247866631E0,-9.722870588E-1,2.429199630E0
4.032523301E1,1.777575254E0,-1.969639778E0,-9.362195730E-1,2.813496353E0
4.033524155E1,1.760181904E0,-2.070318222E0,-8.217507601E-1,2.838966746E0
4.034523739E1,1.783406734E0,-2.840524673E0,-1.635026932E-1,3.357953712E0
4.035523895E1,2.501402617E0,-2.938576698E0,-1.093038321E-1,3.860595212E0
4.036524025E1,2.510543585E0,-3.023593903E0,-6.533586979E-2,3.930549320E0
4.037524416E1,3.244822979E0,-3.689887047E0,-9.165668488E-2,4.914523734E0
4.038523660E1,3.974437475E0,-3.766347885E0,-1.798137426E-1,5.478490907E0
4.039523895E1,3.996172905E0,-4.406820297E0,-1.072252750E0,6.044765420E0
4.040523947E1,3.998016357E0,-4.500298500E0,-1.211955309E0,6.140493226E0
4.041523660E1,3.979844093E0,-5.146149635E0,-2.113365173E0,6.840199371E0
4.042524285E1,3.856684923E0,-5.250004768E0,-2.208604336E0,6.878553756E0
4.043523765E1,3.594773769E0,-6.040678978E0,-2.832269907E0,7.578519235E0
4.044523817E1,1.839558482E0,-6.156199455E0,-2.886493206E0,7.043763921E0
4.045523713E1,-1.207705736E-1,-6.800728798E0,-2.923802853E0,7.403588376E0
4.046525848E1,-2.457881212E0,-6.837909698E0,-2.889673233E0,7.819744273E0
4.047524051E1,-4.996989250E0,-6.900167465E0,-2.764280558E0,8.956754971E0
4.048522801E1,-7.509368896E0,-6.962652206E0,-2.572537422E0,1.055874499E1
4.049522952E1,-9.709940910E0,-6.987483978E0,-1.646444917E0,1.207553998E1
4.050524265E1,-1.139303780E1,-6.934132576E0,-1.495357394E0,1.342086430E1
4.051523869E1,-1.135780716E1,-6.814762115E0,-8.182429075E-1,1.327065513E1
4.052524989E1,-1.125936604E1,-6.110386848E0,-7.506560087E-1,1.283252257E1
4.053524103E1,-1.108992386E1,-6.014413834E0,-7.365835905E-1,1.263733122E1
4.054523973E1,-8.904106140E0,-5.860574722E0,-7.477462292E-1,1.068590505E1
4.055524155E1,-4.499570847E0,-3.972913742E0,-7.230120897E-1,6.045901743E0
4.056523686E1,-2.169889688E0,-3.789709091E0,-3.819072247E-2,4.367124316E0
4.057524832E1,-2.890570760E-1,-2.827210426E0,1.762563229E0,3.344144423E0
4.058523895E1,1.545954943E0,-2.722287178E0,1.603563428E0,3.517419485E0
4.059523739E1,2.632503271E0,-1.935867310E0,1.642743707E0,3.657357324E0
4.060523869E1,2.939773083E0,-1.215067863E0,3.314035416E0,4.593635426E0
4.061523739E1,3.133092165E0,3.083753586E-1,3.468790293E0,4.684428244E0
4.062524650E1,3.194800138E0,3.276224136E-1,4.434522152E0,5.475314702E0
4.063523660E1,3.126447201E0,1.813752174E0,4.444427490E0,5.728638998E0
4.064524494E1,2.925401211E0,2.997129440E0,4.431738853E0,6.097627932E0
4.065524103E1,1.836213946E0,4.194888592E0,4.399425983E0,6.350096136E0
4.066523353E1,1.133729592E-1,5.325246334E0,4.319172859E0,6.857576550E0
4.067522608E1,6.917740405E-2,6.337701797E0,4.238656998E0,7.624792635E0
4.068523634E1,-1.722540855E-1,7.175491333E0,4.110809326E0,8.271402581E0
4.069523765E1,-1.319253564E0,7.327848434E0,3.966760635E0,8.436408156E0
4.070524077E1,-2.115303278E0,8.308334351E0,3.787765741E0,9.372838255E0
4.071523947E1,-2.902951956E0,8.407602310E0,3.549980640E0,9.576913345E0
4.072524312E1,-3.100487232E0,1.011580467E1,2.586043596E0,1.089174673E1
4.073523634E1,-4.140480042E0,9.977301598E0,1.640999794E0,1.092625290E1
4.074523712E1,-4.231274128E0,9.997761726E0,4.012894630E-1,1.086369889E1
4.075523634E1,-4.259076118E0,1.001808357E1,3.253808022E-1,1.089071166E1
4.076523895E1,-4.212307453E0,1.003741932E1,-1.436703920E0,1.097986516E1
4.077525770E1,-4.101320744E0,9.855448723E0,-3.568351507E0,1.125539132E1
4.078524806E1,-3.998065472E0,9.870957375E0,-6.513892651E0,1.248403478E1
4.079525379E1,-3.868981838E0,7.669033051E0,-9.867009163E0,1.308208539E1
4.080524989E1,-3.576279163E0,4.546763420E0,-1.210945892E1,1.342020215E1
4.081524702E1,-1.887331247E0,1.007328033E-1,-1.390012550E1,1.402803106E1
4.082528348E1,7.369780540E-1,-3.322203636E0,-1.501072693E1,1.539162423E1
4.083523884E1,9.808458686E-1,-6.465713501E0,-1.503957558E1,1.639988851E1
4.084524004E1,3.345350266E0,-8.572510719E0,-1.485429192E1,1.747367439E1
4.085522374E1,4.592608452E0,-9.705615044E0,-1.429490852E1,1.787835075E1
4.086523759E1,5.849596024E0,-9.844108582E0,-1.158762741E1,1.629102073E1
4.087523822E1,7.026932716E0,-9.720891953E0,-7.988021851E0,1.441117680E1
4.088523921E1,6.976877213E0,-6.981451035E0,-5.896796227E0,1.149737709E1
4.089524858E1,6.027371407E0,-3.988342285E0,-3.370273590E0,7.974636313E0
4.090524962E1,4.023974419E0,-2.998847961E-1,-1.238220692E0,4.220840141E0
4.091525015E1,9.148355722E-1,1.803616524E0,1.251155853E0,2.378097487E0
4.092524754E1,-1.567870736E0,1.596365452E0,1.515199661E0,2.702301115E0
4.093524702E1,-2.667976141E0,-5.231189728E-1,1.730018735E0,3.222532385E0
4.094524728E1,-2.962831020E0,-2.749132156E0,3.813902140E0,5.557152580E0
4.095524858E1,-3.786404371E0,-4.213074684E0,3.841825962E0,6.844449071E0
4.096524676E1,-3.827427149E0,-5.033553123E0,3.619302511E0,7.285959531E0
4.097524676E1,-2.927800417E0,-5.045669556E0,3.565011740E0,6.836673552E0
4.098524520E1,-2.200864553E0,-4.916389465E0,3.515490055E0,6.432212721E0
4.099524989E1,-1.346355081E0,-3.708185196E0,3.468414307E0,5.252923686E0
4.100527473E1,5.193134546E-1,-1.820544243E0,5.368097305E0,5.692146913E0
4.101525119E1,4.457204938E-1,9.205665588E-1,6.347303391E0,6.429181120E0
4.102524655E1,5.669960380E-1,3.281121254E0,6.202722549E0,7.039957970E0
4.103522962E1,6.833944917E-1,4.605543613E0,5.965409756E0,7.567309532E0
4.104523614E1,7.952022552E-1,4.682131290E0,5.717660904E0,7.432788592E0
4.105524598E1,8.752563000E-1,4.549608231E0,5.509320736E0,7.198445917E0
4.106523712E1,6.894599795E-1,2.794460297E0,4.700307846E0,5.511556700E0
4.107523973E1,2.567529678E0,1.031609535E0,4.474097729E0,5.260606179E0
4.108523999E1,2.661245108E0,-6.244277954E-2,3.625675201E0,4.497960125E0
4.109524077E1,2.743082523E0,-2.724444389E0,1.969354868E0,4.338831358E0
4.110524546E1,2.589939356E0,-2.704190254E0,4.375720024E-1,3.769867379E0
4.111523556E1,5.984355807E-1,-2.513842583E0,-5.295574665E-1,2.637794682E0
4.112523713E1,6.154114604E-1,6.875896454E-2,-1.373891950E0,1.506996400E0
4.113523895E1,-1.629181623E0,1.091527939E-1,-1.620709538E0,2.300618722E0
4.114523895E1,-3.160187006E0,2.222303391E0,-1.800121546E0,4.262141698E0
4.115524390E1,-4.537778378E0,3.570590496E0,-1.814418435E0,6.052492326E0
4.116523843E1,-5.484020710E0,4.378166199E0,-1.739991546E0,7.229826622E0
4.117523921E1,-5.566161156E0,4.467346191E0,-6.763904095E-1,7.169158667E0
4.118523884E1,-5.540539742E0,4.501768112E0,1.242305756E0,7.246159007E0
4.119525489E1,-4.747721195E0,4.466190338E0,1.318934560E0,6.650360972E0
4.120525827E1,-3.325627327E0,4.343404770E0,1.202343702E0,5.600945678E0
4.121524541E1,-1.552396297E0,3.485404015E0,3.039156437E0,4.877955233E0
4.122523645E1,8.022836447E-1,3.308253288E0,3.210946321E0,4.679569974E0
4.123524155E1,2.090464592E0,2.177131653E0,3.915857315E0,4.944075541E0
4.124523843E1,3.611060143E0,2.015295982E0,3.898277998E0,5.683110469E0
4.125524754E1,4.695820332E0,-8.558750153E-2,3.846988201E0,6.071027263E0
4.126523765E1,4.901684761E0,-5.974864960E-2,3.675852776E0,6.127150808E0
4.127523999E1,4.943652153E0,-3.888130188E-3,2.512163639E0,5.545329375E0
4.128523739E1,4.794926643E0,3.584289551E-2,2.256497383E0,5.299470414E0
4.129524285E1,4.515325069E0,-2.052211761E-2,7.908955216E-1,4.584113586E0
4.130524572E1,3.549224615E0,2.161788940E-2,7.244064212E-1,3.622461506E0
4.131523843E1,3.272366285E0,-9.785575867E-1,6.565760970E-1,3.478081113E0
4.132522780E1,3.009763002E0,-1.596232414E0,-5.430077314E-1,3.449853424E0
4.133523687E1,2.789728642E0,-1.676165581E0,-1.477948904E0,3.574416024E0
4.134523739E1,2.622356176E0,-1.774013519E0,-1.642641783E0,3.566812009E0
4.135524207E1,2.501934290E0,-2.572044373E0,-1.804651260E0,4.016447886E0
4.136524093E1,2.398432732E0,-2.685013771E0,-2.449967623E0,4.354781266E0
4.137526270E1,2.346835136E0,-3.464272499E0,-2.493209362E0,4.870822521E0
4.138524551E1,2.291293621E0,-3.532621384E0,-2.538777351E0,4.916790695E0
4.139522723E1,2.227545261E0,-3.559955597E0,-2.552840948E0,4.914492715E0
4.140524447E1,2.150996208E0,-3.551801682E0,-2.569189787E0,4.882910611E0
4.141523817E1,2.087672472E0,-3.516557693E0,-3.265188932E0,5.233164733E0
4.142523921E1,2.049605370E0,-3.515943527E0,-3.245854855E0,5.205604172E0
4.143523869E1,2.031471729E0,-3.537710190E0,-3.196908474E0,5.182904067E0
4.144523843E1,2.035688877E0,-3.592120171E0,-3.132869005E0,5.182878035E0
4.145524416E1,2.005590916E0,-4.524833679E0,-2.985652685E0,5.780193483E0
4.146523999E1,1.832490802E0,-5.272237778E0,-2.781832695E0,6.236433826E0
4.147523712E1,6.824082136E-1,-6.120059013E0,-1.643926263E0,6.373640785E0
4.148524233E1,-1.562513351E0,-6.956409454E0,-8.400642872E-1,7.179052060E0
4.149524051E1,-1.565345764E0,-7.668347359E0,-6.209656000E-1,7.851079980E0
4.150524259E1,-4.281809330E0,-7.826012611E0,1.942548752E-1,8.922897483E0
4.151523765E1,-6.183008671E0,-8.611447334E0,3.806078434E-1,1.060808577E1
4.152523817E1,-7.723459721E0,-8.607228279E0,1.692270041E0,1.168759969E1
4.153523895E1,-8.629610062E0,-8.502041817E0,1.557530999E0,1.221395872E1
4.154524999E1,-8.611703873E0,-7.622529030E0,1.593002796E0,1.161042852E1
4.155525093E1,-8.323004723E0,-7.437596321E0,1.622020960E0,1.127923750E1
4.156524655E1,-6.358317375E0,-6.315749168E0,3.902333975E-1,8.970460942E0
4.157522754E1,-4.373374939E0,-5.545398712E0,3.262863159E-1,7.069958840E0
4.158523978E1,-2.206767082E0,-4.617008209E0,3.355009556E-1,5.128269362E0
4.159524207E1,-8.781593442E-1,-3.729957581E0,4.040975571E-1,3.853185983E0
4.160524702E1,1.673616171E0,-3.022308350E0,1.459600687E0,3.750436376E0
4.161523817E1,2.985781908E0,-2.848875046E0,1.435360074E0,4.369352489E0
4.162523817E1,3.218001842E0,-1.848610878E0,1.419538617E0,3.973410112E0
4.163523712E1,3.159511566E0,3.247518539E-1,3.537991762E0,4.754509734E0
4.164523817E1,1.988228917E0,3.502578735E-1,4.218983173E0,4.677130939E0
4.165524364E1,8.629653454E-1,3.719568253E-1,4.254829884E0,4.357365994E0
4.166523895E1,-4.115411639E-1,2.328304291E0,4.216760635E0,4.834401437E0
4.167523791E1,-6.208792925E-1,3.547145367E0,4.145495415E0,5.491162316E0
4.168524181E1,-2.496472836E0,4.722592354E0,4.019193649E0,6.684996092E0
4.169523713E1,-3.291361332E0,5.893721581E0,3.831305981E0,7.761953298E0
4.170524233E1,-3.471595764E0,6.943650246E0,3.589133739E0,8.552668407E0
4.171523765E1,-4.318324089E0,7.812432289E0,2.646716356E0,9.310592284E0
4.172523588E1,-4.375081062E0,7.962031364E0,2.422301054E0,9.402277391E0
4.173525723E1,-4.388022900E0,8.925141335E0,1.546511889E0,1.006501822E1
4.174524629E1,-4.378888607E0,8.997925758E0,1.332434058E0,1.009518271E1
4.175524343E1,-4.311174393E0,1.007362747E1,2.109611332E-1,1.095941147E1
4.176523588E1,-4.220019341E0,1.009503746E1,1.377678066E-1,1.094245514E1
4.177524051E1,-4.106000900E0,9.914550781E0,-1.332572252E-1,1.073197643E1
4.178523895E1,-3.962635279E0,9.932491302E0,-1.748231649E-1,1.069520570E1
4.179524025E1,-3.789314985E0,9.947469711E0,-2.156106681E-1,1.064695025E1
4.180525822E1,-3.558295488E0,9.960027695E0,-2.430208445E0,1.085216714E1
4.181523947E1,-3.198575497E0,9.811195374E0,-5.688662052E0,1.178351882E1
4.182524155E1,-2.997944355E0,8.689620972E0,-8.025934219E0,1.220298337E1
4.183524077E1,-1.880422592E0,5.644896030E0,-1.002832031E1,1.166053380E1
4.184523921E1,-2.571234107E-1,1.643772125E0,-1.224394798E1,1.235647043E1
4.185524364E1,1.136297464E0,-2.557510376E0,-1.323647022E1,1.352908627E1
4.186523843E1,3.820456028E0,-6.070969582E0,-1.321341228E1,1.503485351E1
4.187523739E1,5.632587910E0,-8.576613426E0,-1.304871655E1,1.659979963E1
4.188523791E1,7.118857861E0,-1.009732914E1,-1.266454411E1,1.769250888E1
4.189523817E1,8.653107643E0,-1.029263878E1,-1.118070221E1,1.748778965E1
4.190526812E1,1.012553787E1,-1.026035786E1,-8.193305969E0,1.658106520E1
4.191524775E1,1.014266586E1,-8.163876534E0,-6.043672085E0,1.435439038E1
4.192524577E1,9.711648941E0,-5.367299080E0,-3.216759920E0,1.155298961E1
4.193522478E1,7.363447189E0,-2.590143204E0,-8.034739494E-1,7.846959074E0
4.194523614E1,4.739115715E0,-3.189926147E-1,9.881103039E-1,4.851529246E0
4.195524858E1,1.984414577E0,-3.808879852E-1,3.523280859E0,4.061586498E0
4.196523739E1,1.614044160E-1,-5.447740555E-1,2.668676138E0,2.728490881E0
4.197523556E1,-2.800366163E0,-2.803071976E0,3.782593250E0,5.477889634E0
4.198523791E1,-4.530500412E0,-4.664656639E0,3.746890068E0,7.504907776E0
4.199524155E1,-6.138540268E0,-5.919843674E0,4.909703255E0,9.840295310E0
4.200524832E1,-6.862985611E0,-5.777492523E0,4.603297234E0,1.008317097E1
4.201524989E1,-6.768812656E0,-4.555717468E0,3.214944363E0,8.769678083E0
4.202524780E1,-5.538173676E0,-3.018923759E0,3.078494787E0,7.018717723E0
4.203524624E1,-4.319192410E0,-1.802988052E-1,4.171526909E0,6.007459320E0
4.204524858E1,-3.332994223E0,2.300028324E0,4.135132790E0,5.787771935E0
4.205524858E1,-3.000408649E0,4.522767067E0,3.898801327E0,6.682703479E0
4.206524624E1,-1.857371807E0,5.568396568E0,3.625441790E0,6.899325948E0
4.207524676E1,-1.564179897E0,5.531270981E0,3.456452608E0,6.707360289E0
4.208524166E1,-5.029801726E-1,4.216038704E0,3.389218807E0,5.432750273E0
4.209525874E1,-2.326235175E-1,2.483587742E0,3.371383667E0,4.193870480E0
4.210525749E1,8.794113994E-1,-1.092281342E-1,3.340827703E0,3.456360071E0
4.211522660E1,1.027156591E0,-8.100509644E-2,3.253293276E0,3.412554707E0
4.212523535E1,1.132305622E0,-2.092037201E0,3.122092962E0,3.925073265E0
4.213523614E1,1.230251193E0,-2.194825172E0,2.986750603E0,3.905311089E0
4.214524676E1,1.288508058E0,-2.166800499E0,2.788403034E0,3.759051596E0
4.215524806E1,1.141502142E0,-1.286343575E0,1.314060926E0,2.164362042E0
4.216524676E1,1.151433587E0,-2.335548401E-3,1.260333300E0,1.707115926E0
4.217524702E1,1.196985602E0,3.104829788E0,1.246901989E0,3.553520384E0
4.218525223E1,-1.711726189E-1,4.157515526E0,1.197227597E0,4.329848650E0
4.219524676E1,-2.737306356E-1,4.305177689E0,9.507347941E-1,4.417395165E0
4.220524650E1,-3.709998131E-1,4.384179115E0,9.069852829E-1,4.492359033E0
4.221523572E1,-4.202110767E-1,4.364389420E0,9.165303707E-1,4.479341500E0
4.222524650E1,-3.777648211E-1,4.233428955E0,9.287323952E-1,4.350536845E0
4.223524754E1,1.068446994E0,3.313274860E0,9.461192489E-1,3.607563016E0
4.224523843E1,8.842977285E-1,3.171439648E0,7.653642297E-1,3.380206253E0
4.225523556E1,9.021329284E-1,2.342974186E0,7.869260311E-1,2.631088071E0
4.226523489E1,2.615281105E0,2.264378071E0,8.087412715E-1,3.552628006E0
4.227525910E1,2.728054047E0,2.166141033E0,8.308431506E-1,3.581165480E0
4.228524265E1,3.480581284E0,1.471220016E0,8.533214927E-1,3.873898808E0
4.229525265E1,3.496187687E0,1.375354767E0,6.766781807E-1,3.817436632E0
4.230524129E1,3.496652603E0,-1.338005066E-2,7.002883554E-1,3.566113043E0
4.231523582E1,3.477880001E0,9.788513184E-3,7.237724066E-1,3.552406454E0
4.232522884E1,3.362985134E0,3.849983215E-2,7.464290261E-1,3.445041007E0
4.233524129E1,3.249467373E0,6.607151031E-2,7.693116665E-1,3.339946720E0
4.234524103E1,3.113755703E0,-1.640125275E0,-3.353989720E-1,3.535247935E0
4.235523712E1,3.017050505E0,-3.156406403E0,-1.115710735E0,4.506695638E0
4.236523817E1,2.905659199E0,-3.254425049E0,-1.839093685E0,4.734596431E0
4.237523973E1,2.763286352E0,-3.908726692E0,-1.898047805E0,5.149415626E0
4.238523947E1,2.584496975E0,-3.975670815E0,-1.940552235E0,5.123604787E0
4.239523921E1,2.373557091E0,-4.049243927E0,-1.986166716E0,5.096568244E0
4.240523947E1,1.606347084E0,-4.072045326E0,-2.020638943E0,4.821295037E0
4.241523869E1,1.446434736E0,-4.010836601E0,-2.040111065E0,4.726630602E0
4.242523765E1,1.322902799E0,-3.869826317E0,-2.016234875E0,4.559696328E0
4.243523921E1,1.249517798E0,-3.081564903E0,-1.917358398E0,3.838437209E0
4.244523713E1,1.234792113E0,-3.062644958E0,-1.795341015E0,3.758690605E0
4.245525051E1,1.295826316E0,-3.091087341E0,-1.678373337E0,3.748456196E0
4.246523978E1,2.219354391E0,-3.185073853E0,-1.580399036E0,4.191406742E0
4.247524338E1,2.273825645E0,-3.975186348E0,-1.491950989E0,4.816462117E0
4.248524077E1,2.307805538E0,-4.142896652E0,-1.372192383E0,4.936848287E0
4.249523686E1,2.231176853E0,-5.324252129E0,-1.196129799E0,5.895467528E0
4.250523712E1,1.989689946E0,-6.016415596E0,-4.008241892E-1,6.349549806E0
4.251524025E1,1.489001513E-1,-6.165287971E0,-3.328682184E-1,6.176062522E0
4.252523713E1,-1.108616352E0,-7.247147560E0,-2.708641291E-1,7.336453186E0
4.253523712E1,-5.068534851E0,-8.124753952E0,-1.060612202E-1,9.576686342E0
4.254523765E1,-6.405189991E0,-8.131193161E0,1.461476088E0,1.045364402E1
4.255524077E1,-7.065191269E0,-8.090262413E0,1.493775964E0,1.084438289E1
4.256523921E1,-7.037897110E0,-8.026698112E0,1.522803903E0,1.078326528E1
4.257523869E1,-6.340602875E0,-7.936306953E0,-2.666603327E-1,1.016165934E1
4.258523713E1,-5.226651669E0,-7.790455818E0,-3.486276865E-1,9.387791582E0
4.259523999E1,-3.776594162E0,-6.690589905E0,-3.422908783E-1,7.690501920E0
4.260523817E1,-2.163948059E0,-5.842985153E0,-2.439461946E-1,6.235595918E0
4.261523843E1,-5.242735744E-1,-4.939278603E0,1.475331187E0,5.181499591E0
4.262524806E1,6.327601671E-1,-3.970511436E0,1.302646756E0,4.226373749E0
4.263524280E1,1.512645125E0,-2.951396942E0,1.327470422E0,3.572256557E0
4.264524916E1,1.718060732E0,-1.766298294E0,2.661444426E0,3.626958612E0
4.265522447E1,1.883879423E0,3.756217957E-1,3.548277855E0,4.034893945E0
4.266523744E1,1.950165033E0,4.010868073E-1,4.198873997E0,4.646994418E0
4.267524025E1,1.940206766E0,2.365357399E0,4.222299576E0,5.214128079E0
4.268523712E1,1.850407124E0,3.828839779E0,4.200119019E0,5.977041103E0
4.269523869E1,1.663254023E0,5.240128517E0,4.114789963E0,6.867085063E0
4.270523713E1,-1.866438985E-1,6.511906624E0,3.930627823E0,7.608521466E0
4.271523739E1,-3.538951874E-1,8.215192795E0,3.089069128E0,8.783904743E0
4.272523686E1,-1.776650190E0,8.298613548E0,2.930781126E0,8.978471514E0
4.273524077E1,-2.505153418E0,8.358208656E0,2.775652885E0,9.156401833E0
4.274523869E1,-2.714712620E0,8.377326012E0,2.617152691E0,9.186878900E0
4.275524077E1,-3.796244621E0,8.375606537E0,2.454797983E0,9.517788148E0
4.276523895E1,-3.875069857E0,8.358429909E0,2.303162098E0,9.496529502E0
4.277523713E1,-3.946976900E0,8.344959259E0,2.144104242E0,9.477033011E0
4.278524025E1,-4.003402710E0,8.359118462E0,1.981489539E0,9.477784314E0
4.279523660E1,-3.987365961E0,8.414141655E0,1.191798091E0,9.387078874E0
4.280526994E1,-3.916095495E0,1.003892136E1,-8.534330130E-2,1.077603960E1
4.281523551E1,-3.773633718E0,9.854140282E0,-3.359109759E-1,1.055733055E1
4.282523275E1,-3.520608425E0,9.867423058E0,-2.563249588E0,1.078568356E1
4.283524327E1,-3.326609135E0,9.877443314E0,-5.514087677E0,1.179132637E1
4.284523848E1,-3.207782745E0,9.883907318E0,-8.531822205E0,1.344520302E1
4.285523843E1,-2.971349955E0,6.592764378E0,-1.031247234E1,1.259525897E1
4.286524077E1,-1.489072800E0,3.632596016E0,-1.361758995E1,1.417222099E1
4.287524051E1,8.407550454E-1,-4.239463806E-2,-1.500860405E1,1.503219418E1
4.288524129E1,2.299365520E0,-2.882049561E0,-1.511651802E1,1.555964037E1
4.289523921E1,5.391057968E0,-7.225852966E0,-1.535299397E1,1.780423772E1
4.290523712E1,7.007445335E0,-8.460181236E0,-1.355415726E1,1.744689473E1
4.291523791E1,8.518030167E0,-8.569925308E0,-1.132099438E1,1.655793983E1
4.292524051E1,8.515828133E0,-8.455739021E0,-8.262707710E0,1.457021585E1
4.293523973E1,7.410464287E0,-6.469011307E0,-4.495257378E0,1.081528673E1
4.294523947E1,5.025243759E0,-4.746634483E0,-1.818033218E0,7.147647063E0
4.295523921E1,2.109776020E0,-3.561309814E0,-4.707129002E-1,4.166011652E0
4.296523843E1,-1.288692474E0,-3.677129745E0,-7.834694386E-1,3.974397542E0
4.297523895E1,-4.109483719E0,-5.096277237E0,-3.654954433E-1,6.556941744E0
4.298525666E1,-6.080978870E0,-6.217156410E0,2.030931711E0,8.930622681E0
4.299523822E1,-7.345595360E0,-6.311606407E0,3.993897200E0,1.047594203E1
4.300523098E1,-7.568285465E0,-6.232561111E0,3.767247438E0,1.050313840E1
4.301526030E1,-7.648246288E0,-5.399273872E0,4.807246685E0,1.052413656E1
4.302524082E1,-6.802392006E0,-4.113761902E0,4.860324860E0,9.317635522E0
4.303523712E1,-5.524577618E0,-2.393975258E0,6.192879200E0,8.637350761E0
4.304523869E1,-3.592938423E0,-3.833875656E-1,8.331730843E0,9.081515918E0
4.305524103E1,-1.948236704E0,3.038812637E0,9.418862343E0,1.008687148E1
4.306523921E1,-9.214886427E-1,5.106065750E0,9.160885811E0,1.052819441E1
4.307523973E1,-6.350683570E-1,5.303575993E0,7.820564270E0,9.470610098E0
4.308524051E1,6.585699320E-1,3.548242569E0,5.563991547E0,6.631873160E0
4.309523895E1,1.729407072E0,1.377527237E0,4.352386475E0,4.881772028E0
4.310523895E1,1.939777613E0,-1.843233109E-1,2.262630939E0,2.986002518E0
4.311524025E1,3.010300636E0,-2.798108101E0,2.124549866E0,4.626557143E0
4.312523713E1,3.144335270E0,-4.163950920E0,1.990118146E0,5.584433883E0
4.313523947E1,3.218667030E0,-4.843051910E0,1.859956980E0,6.105277162E0
4.314523817E1,3.190712929E0,-4.779048920E0,-8.448088169E-2,5.746920444E0
4.315523739E1,2.968240738E0,-3.667857170E0,-3.969976902E-1,4.735106806E0
4.316523739E1,6.262469888E-1,-1.824945450E0,-1.598114491E0,2.505310582E0
4.317525233E1,5.996755362E-1,1.037530899E-1,-1.728140116E0,1.832169128E0
4.318525692E1,-1.369484186E0,2.807814121E0,-1.814247131E0,3.612589062E0
4.319524124E1,-2.823723316E0,4.757914066E0,-1.788032770E0,5.814483710E0
4.320523640E1,-3.965114594E0,6.079896450E0,-1.673073888E0,7.448922796E0
4.321524098E1,-4.153229713E0,6.204231262E0,-5.392016172E-1,7.485488694E0
4.322524077E1,-4.247735500E0,6.227092266E0,-3.442250490E-1,7.545755486E0
4.323524051E1,-4.150943279E0,6.106282234E0,1.375053525E0,7.510511636E0
4.324525067E1,-3.007085800E0,4.955275536E0,1.263053775E0,5.932337270E0
4.325524858E1,-1.561294436E0,3.752497673E0,2.666535854E0,4.860997075E0
4.326525119E1,1.496965766E0,1.545349121E0,3.482503891E0,4.093512399E0
4.327528713E1,2.717272282E0,-4.081726074E-3,3.546407938E0,4.467728122E0
4.328524702E1,3.497675896E0,-8.509063721E-2,3.539839268E0,4.977091433E0
4.329524598E1,3.648489237E0,-6.568336487E-2,3.483948231E0,5.045164347E0
4.330524702E1,3.739707232E0,-3.959560394E-2,3.274012327E0,4.970526603E0
4.331525249E1,3.656621933E0,-6.618499756E-3,1.250778794E0,3.864631335E0
4.332522702E1,3.447252274E0,2.915287018E-2,1.193722367E0,3.648201093E0
4.333524572E1,2.322286606E0,-3.338050842E-2,9.367259145E-1,2.504313235E0
4.334524572E1,2.088351965E0,1.555442810E-3,-1.650820971E-1,2.094867167E0
4.335527832E1,1.869182110E0,-1.254463196E0,-9.273825884E-1,2.434657704E0
4.336524702E1,1.702624202E0,-2.145735741E0,-1.028642774E0,2.925955741E0
4.337536145E1,1.611854911E0,-2.918000221E0,-1.099192619E0,3.510131901E0
4.338523614E1,1.616037846E0,-3.654173851E0,-1.072078705E0,4.136897098E0
4.339524989E1,2.466397285E0,-4.409230232E0,-1.027908087E0,5.155678602E0
4.340524572E1,3.192175150E0,-5.154308319E0,-9.850863814E-1,6.142252975E0
4.341524728E1,4.044199467E0,-5.300868988E0,-9.621432424E-1,6.736503616E0
4.342525015E1,4.827097893E0,-6.041712761E0,-9.676755071E-1,7.793559074E0
4.343524937E1,5.464269161E0,-6.061762810E0,-1.011576533E0,8.223532873E0
4.344524780E1,5.580483913E0,-6.141429901E0,-1.728709936E0,8.476284562E0
4.345525015E1,5.455409527E0,-6.203680992E0,-1.716267586E0,8.437578171E0
4.346525535E1,5.146666527E0,-6.271189690E0,-1.723690391E0,8.293799191E0
4.347524676E1,3.332720995E0,-6.334782600E0,-1.751968861E0,7.369253335E0
4.348523791E1,1.381960392E0,-6.405472755E0,-1.747729063E0,6.781921013E0
4.349523686E1,-1.451443791E0,-6.492274284E0,-1.688278198E0,6.863424636E0
4.350523765E1,-3.589981556E0,-6.573499680E0,-1.611909389E0,7.661404407E0
4.351523973E1,-6.119341850E0,-7.210860252E0,-1.524418712E0,9.579493863E0
4.352523765E1,-8.337275505E0,-7.266669273E0,-1.424878597E0,1.115100552E1
4.353527364E1,-1.006091976E1,-7.314932823E0,-1.330566168E0,1.251002618E1
4.354523494E1,-1.161371040E1,-7.316659927E0,-1.216216326E0,1.378009303E1
4.355524942E1,-1.155342960E1,-7.242214203E0,-4.167047739E-1,1.364203229E1
4.356523405E1,-1.140493202E1,-7.111040115E0,-2.948474884E-1,1.344344826E1
4.357524103E1,-9.604837418E0,-6.405817032E0,-2.196714878E-1,1.154710566E1
4.358523869E1,-7.716961384E0,-6.300003052E0,-2.107123137E-1,9.964232591E0
4.359523713E1,-5.601763248E0,-6.149768829E0,-1.979361773E-1,8.320972712E0
4.360523843E1,-3.423459530E0,-5.303327560E0,-1.143530607E-1,6.313353704E0
4.361523843E1,-4.768825769E-1,-5.195266724E0,1.454537868E0,5.416077338E0
4.362524285E1,1.495515466E0,-4.313344002E0,2.441268444E0,5.176996678E0
4.363523686E1,2.399433136E0,-4.142340660E0,2.573867321E0,5.435168673E0
4.364523556E1,2.612240791E0,-2.632317543E0,3.517491102E0,5.111324804E0
4.365523895E1,2.693995953E0,-1.227572441E0,4.176120281E0,5.119035934E0
4.366524025E1,2.627880573E0,3.373708725E-1,4.265392780E0,5.021269858E0
4.367523739E1,1.876402736E0,2.281776428E0,4.884144306E0,5.708086939E0
4.368523765E1,1.090925694E0,4.191983223E0,4.810324192E0,6.473180134E0
4.369523791E1,-1.268498600E-3,6.043632507E0,4.723093987E0,7.670274591E0
4.370523765E1,-5.082465708E-3,7.728304863E0,4.622464180E0,9.005214988E0
4.371531254E1,-1.290254831E0,9.072389603E0,4.524971962E0,1.021999911E1
4.372523936E1,-1.449944854E0,1.008814144E1,4.423759937E0,1.111047208E1
4.373538009E1,-2.283225298E0,1.010972214E1,4.262155533E0,1.120649674E1
4.374524916E1,-2.438768864E0,1.012899685E1,4.046185493E0,1.117657317E1
4.375523692E1,-3.221195936E0,1.014672184E1,3.790808678E0,1.130054414E1
4.376523718E1,-3.298162937E0,9.963823318E0,2.758681536E0,1.085200340E1
4.377523921E1,-3.390278816E0,9.978886604E0,2.492011547E0,1.082969482E1
4.378523843E1,-4.026370049E0,9.992682457E0,1.292960763E0,1.085067307E1
4.379523739E1,-4.011276245E0,1.000437927E1,-3.297770917E-1,1.078363087E1
4.380523582E1,-4.686286926E0,9.853248596E0,-2.990010500E0,1.131317620E1
4.381523843E1,-4.636979580E0,9.858647346E0,-5.626217842E0,1.226168155E1
4.382524312E1,-5.499531746E0,9.862654686E0,-8.604312897E0,1.419686611E1
4.383523739E1,-5.450475216E0,7.144913673E0,-1.063914776E1,1.392655508E1
4.384523895E1,-5.174552917E0,4.011835098E0,-1.356909561E1,1.506622628E1
4.385523843E1,-3.551832199E0,-4.963397980E-2,-1.498202324E1,1.539736977E1
4.386523999E1,-1.690544844E0,-2.877317429E0,-1.565131092E1,1.600313816E1
4.387523452E1,1.194191456E0,-5.297205925E0,-1.554936790E1,1.647025580E1
4.388523765E1,1.448420048E0,-6.876760483E0,-1.528113270E1,1.681965433E1
4.389533718E1,4.008418560E0,-7.793365479E0,-1.467550373E1,1.709310898E1
4.390524124E1,6.335774422E0,-7.899325371E0,-1.234090328E1,1.596368606E1
4.391540582E1,7.788738251E0,-7.765434265E0,-8.586688042E0,1.395340906E1
4.392523588E1,7.735064507E0,-5.223010063E0,-5.870576859E0,1.102609313E1
4.393525666E1,5.852421284E0,-3.056820869E0,-2.923174620E0,7.220799026E0
4.394523999E1,3.596267939E0,-2.187647820E0,-2.395243883E0,4.843153862E0
4.395523660E1,1.511983275E0,-3.591834068E0,-2.189440250E0,4.470012753E0
4.396523999E1,-3.419059515E-1,-5.949901581E0,-1.119315147E0,6.063917455E0
4.397523817E1,-1.891358256E0,-7.719864845E0,1.360939264E0,8.063851745E0
4.398523921E1,-3.249597073E0,-8.598917007E0,4.567010880E0,1.026444559E1
4.399524077E1,-3.368000507E0,-7.872364998E0,4.540335655E0,9.691862872E0
4.400523686E1,-3.399255514E0,-6.457849503E0,4.480044365E0,8.563267820E0
4.401523713E1,-3.312001228E0,-4.149186134E0,5.441593170E0,7.602370285E0
4.402523660E1,-2.363578796E0,-2.806711197E-1,7.535881519E0,7.902834383E0
4.403523739E1,-2.165159702E0,3.624320030E0,7.504922867E0,8.610893070E0
4.404523739E1,-1.394382238E0,6.218780041E0,7.121073246E0,9.556527151E0
4.405523739E1,-1.230334044E0,7.109087944E0,5.310133934E0,8.958257400E0
4.406523843E1,-4.309388399E-1,6.981488228E0,4.217957497E0,8.168111875E0
4.407536140E1,3.667130470E-1,4.861043453E0,3.914189100E0,6.251807597E0
4.408524770E1,1.726729274E0,2.581390381E0,3.666489601E0,4.805030310E0
4.409542989E1,1.642062902E0,-2.031106949E-1,3.431333065E0,3.809418740E0
4.410524343E1,3.193917274E0,-1.507061958E0,1.658711195E0,3.901751675E0
4.411523947E1,3.395834923E0,-2.730026245E0,1.567281961E0,4.630454715E0
4.412523582E1,4.362613678E0,-2.857483864E0,1.481572270E0,5.421500579E0
4.413523817E1,4.364231586E0,-2.850421906E0,1.401509643E0,5.397745053E0
4.414523895E1,4.252183437E0,-2.650214195E0,1.131952405E0,5.136731988E0
4.415523817E1,3.481335163E0,-3.504753113E-2,1.075276017E0,3.643781190E0
4.416523869E1,1.530320048E0,2.631581306E0,-5.176926851E-1,3.087896588E0
4.417524233E1,1.461351991E0,3.952523232E0,-5.916056633E-1,4.255348023E0
4.418524077E1,-2.834969759E-1,4.750823021E0,-5.644788742E-1,4.792632503E0
4.419523843E1,-1.109047771E0,4.828368664E0,-4.780139923E-1,4.977110436E0
4.420524025E1,-1.287489653E0,4.846007347E0,9.778186083E-1,5.108575735E0
4.421523640E1,-1.417335153E0,4.791660309E0,9.919583797E-1,5.094391905E0
4.422523817E1,-1.422969222E0,4.652473927E0,1.014796853E0,4.969926327E0
4.423523791E1,-7.072432041E-1,3.593024254E0,2.320472717E0,4.335275063E0
4.424523739E1,8.492422700E-1,3.438334942E0,2.426988125E0,4.293440458E0
4.425535535E1,8.681687117E-1,2.375394344E0,3.066083431E0,3.974554417E0
4.426524494E1,1.931612968E0,2.217562675E0,3.057240009E0,4.242101997E0
4.427524838E1,2.775280714E0,1.187158585E0,3.010955811E0,4.263494276E0
4.428523900E1,3.418652773E0,1.043176651E0,2.926792622E0,4.619688232E0
4.429523765E1,3.505960226E0,-1.595783234E-2,2.743782520E0,4.452005647E0
4.430524103E1,3.548952103E0,1.067161560E-2,1.729173660E0,3.947811604E0
4.431523791E1,3.546921015E0,3.669834137E-2,6.219499111E-1,3.601224395E0
4.432522754E1,3.406651020E0,6.795787811E-2,5.879867673E-1,3.457689674E0
4.433523687E1,3.210277081E0,-1.132965088E-3,-7.639620900E-1,3.299927013E0
4.434523817E1,2.953127623E0,-2.754226685E0,-1.734177589E0,4.394780916E0
4.435523791E1,2.783237934E0,-3.476208687E0,-1.852576852E0,4.823119450E0
4.436523556E1,2.666939974E0,-3.600748062E0,-1.965313435E0,4.892894065E0
4.437523843E1,2.622158051E0,-4.545425415E0,-2.047113419E0,5.632697257E0
4.438524025E1,3.186099768E0,-4.653264046E0,-2.672673225E0,6.240775607E0
4.439523686E1,3.193608522E0,-5.349938393E0,-2.690069437E0,6.786563915E0
4.440523739E1,3.907783031E0,-5.352824211E0,-2.740097761E0,7.171584971E0
4.441523608E1,3.881721258E0,-5.244496346E0,-3.426164150E0,7.369606681E0
4.442523817E1,3.853953838E0,-4.239141464E0,-3.344535589E0,6.633942934E0
4.443523921E1,3.809355259E0,-3.534781456E0,-3.226885319E0,6.117079065E0
4.444525947E1,3.710191488E0,-3.437110901E0,-3.096481323E0,5.930214904E0
4.445523718E1,3.552901268E0,-3.360648155E0,-2.928406239E0,5.700230394E0
4.446525114E1,3.297599077E0,-3.338840485E0,-2.191745520E0,5.179359408E0
4.447524233E1,2.175724506E0,-3.395700455E0,-2.011989594E0,4.506956937E0
4.448523926E1,1.339429617E0,-3.535570145E0,-1.139748812E0,3.948842273E0
4.449524754E1,3.487088680E-1,-4.618980408E0,-9.154696465E-1,4.721722414E0
4.450525093E1,-1.531316161E0,-5.413962364E0,-4.742491245E-2,5.626559054E0
4.451525119E1,-1.572272062E0,-6.284032822E0,3.045845032E-2,6.477811024E0
4.452524962E1,-5.156378746E0,-7.885237694E0,2.058699131E-1,9.423778312E0
4.453524624E1,-6.327846527E0,-8.009440422E0,3.331813812E-1,1.021292257E1
4.454524650E1,-7.112474918E0,-8.621994972E0,1.432692170E0,1.126848276E1
4.455524858E1,-7.158587933E0,-8.609049797E0,1.457017422E0,1.129088213E1
4.456525119E1,-7.066907883E0,-8.559234619E0,1.280146837E0,1.117320277E1
4.457524624E1,-6.831254005E0,-8.477133751E0,1.299700737E0,1.096435360E1
4.458525223E1,-5.325990677E0,-8.328088760E0,1.315850139E0,9.972697763E0
4.459524728E1,-3.871169090E0,-7.357042313E0,1.327866077E0,8.418743970E0
4.460524702E1,-2.411513805E0,-7.152562141E0,1.309810877E0,7.660949586E0
4.461523530E1,-8.504487276E-1,-5.977653503E0,1.094418168E0,6.136233012E0
4.462525489E1,-6.513375640E-1,-5.266922951E0,1.082309723E0,5.416282150E0
4.463524030E1,1.168709874E0,-4.431446075E0,2.473528862E0,5.207873090E0
4.464522832E1,1.417776465E0,-3.398807526E0,3.150480032E0,4.846391145E0
4.465524598E1,1.597152233E0,-2.153157234E0,3.254510164E0,4.216493536E0
4.466525171E1,1.672066331E0,-6.861305237E-1,4.096734047E0,4.477701504E0
4.467524676E1,1.624874830E0,4.059715271E-1,4.098003864E0,4.427038148E0
4.468524937E1,1.505410433E0,2.694101810E0,4.042350292E0,5.085768479E0
4.469525041E1,-9.853870422E-2,4.398443222E0,3.867794991E0,5.857973262E0
4.470524754E1,-2.104659528E-1,7.423502922E0,2.841253281E0,7.951440860E0
4.471523843E1,-1.894106269E0,8.489133835E0,2.667147875E0,9.097621096E0
4.472523660E1,-2.602839708E0,1.016819286E1,2.481631041E0,1.078542597E1
4.473523556E1,-2.744587183E0,1.018592834E1,2.301320076E0,1.079731305E1
4.474523765E1,-3.658072233E0,1.020289612E1,2.143627405E0,1.104878817E1
4.475523739E1,-3.718142748E0,1.001964664E1,2.004356861E0,1.087360799E1
4.476524494E1,-3.758992434E0,1.118658447E1,1.855776072E0,1.194627980E1
4.477523713E1,-3.770312309E0,1.129544067E1,1.681058168E0,1.202614616E1
4.478523660E1,-3.688917160E0,1.214443588E1,-3.342691064E-2,1.269238158E1
4.479523692E1,-3.525248051E0,1.219533920E1,-7.491606474E-2,1.269485268E1
4.480526051E1,-3.286503315E0,1.221915340E1,-3.154577017E-1,1.265734283E1
4.481525551E1,-2.321522951E0,1.216866207E1,-3.015736580E0,1.274992049E1
4.482523447E1,-2.224398136E0,1.203824806E1,-6.087958336E0,1.367225659E1
4.483523629E1,-2.151762009E0,9.870688438E0,-8.810014725E0,1.340436233E1
4.484523947E1,-2.020814657E0,8.197907448E0,-1.025734234E1,1.328542247E1
4.485523686E1,-1.723979354E0,4.573969841E0,-1.337201214E1,1.423741597E1
4.486524676E1,-2.529267073E-1,-8.066940308E-2,-1.480493736E1,1.480731744E1
4.487523947E1,1.432674646E0,-3.192596436E0,-1.569567966E1,1.608103196E1
4.488523973E1,3.093150139E0,-7.948673248E0,-1.542601490E1,1.762699407E1
4.489523973E1,4.214156628E0,-9.087709427E0,-1.382081127E1,1.706928244E1
4.490523791E1,4.483859539E0,-9.214388847E0,-1.312452698E1,1.665122117E1
4.491524624E1,4.499532223E0,-9.213767052E0,-1.105001545E1,1.507455256E1
4.492523791E1,3.630986691E0,-7.847316742E0,-8.502250671E0,1.212652922E1
4.493523739E1,1.647034168E0,-6.623388290E0,-6.762987137E0,9.608329148E0
4.494523869E1,-3.517122269E-1,-6.683737755E0,-6.418675423E0,9.273372960E0
4.495523765E1,-1.752941728E0,-6.961615562E0,-4.309691429E0,8.373191515E0
4.496524338E1,-2.635138512E0,-8.184042931E0,-1.957386017E0,8.817815698E0
4.497523947E1,-2.795782566E0,-8.310036659E0,9.808678627E-1,8.822426605E0
4.498525765E1,-2.860899448E0,-8.278740883E0,4.503823280E0,9.849198973E0
4.499524343E1,-2.861213923E0,-7.110699654E0,6.924079895E0,1.032915665E1
4.500522687E1,-2.832087755E0,-5.667894363E0,8.489678383E0,1.059341242E1
4.501524030E1,-2.017073154E0,-3.658650398E0,9.974136353E0,1.081377376E1
4.502523843E1,-1.935689211E0,-7.906904221E-1,1.153545570E1,1.172343049E1
4.503523843E1,-1.954707503E0,2.549073696E0,1.210364342E1,1.252265316E1
4.504524025E1,-2.684184074E0,4.855870247E0,1.098438644E1,1.230613934E1
4.505524390E1,-2.730064869E0,5.840967178E0,8.940575600E0,1.102288727E1
4.506524624E1,-2.631311893E0,4.384161949E0,5.580215931E0,7.568585608E0
4.507523660E1,-1.589613080E0,2.868669033E0,4.203876019E0,5.331857589E0
4.508524259E1,-2.636914253E-1,1.203393936E0,2.866052151E0,3.119606556E0
4.509523843E1,1.564177275E0,-3.630924225E-1,2.694135427E0,3.136375672E0
4.510523947E1,2.700520277E0,-2.068047523E0,2.523951054E0,4.235558906E0
4.511524390E1,4.104213715E0,-3.315533638E0,2.353926182E0,5.777395779E0
4.512523765E1,5.148514271E0,-3.434230804E0,2.200048685E0,6.568207871E0
4.513523869E1,5.295627117E0,-3.410677910E0,1.901192546E0,6.579583837E0
4.514523791E1,5.295568466E0,-2.644325256E0,1.849552631E0,6.201318116E0
4.515524728E1,5.107247353E0,-1.225951195E0,1.829244971E0,5.561750535E0
4.516527442E1,4.012236118E0,-9.253215790E-2,1.803444505E0,4.399887834E0
4.517524291E1,3.137278080E0,1.981862068E0,1.782157660E0,4.116597737E0
4.518524504E1,1.289849281E0,3.543136120E0,1.564271808E0,4.082213985E0
4.519523608E1,1.178506374E0,4.760355949E0,1.547884583E0,5.142549244E0
4.520523869E1,1.072431684E0,4.918205738E0,1.533002853E0,5.262029565E0
4.521524390E1,9.714968204E-1,5.005474091E0,1.519701838E0,5.320532926E0
4.522523791E1,8.759630919E-1,4.981998920E0,1.508034945E0,5.278427226E0
4.523523817E1,5.947275758E-1,4.853768349E0,1.316264391E0,5.064120854E0
4.524523895E1,6.490483284E-1,2.711451054E0,1.361933589E0,3.102916958E0
4.525523686E1,6.653679609E-1,1.741828918E0,1.367992520E0,2.312592926E0
4.526524702E1,6.819292903E-1,3.379440308E-2,1.374234676E0,1.534500102E0
4.527523765E1,4.991845489E-1,-4.087257385E-2,1.181145549E0,1.282949956E0
4.528524077E1,5.184842348E-1,-1.589775085E-2,1.188218474E0,1.296511390E0
4.529523739E1,5.381426811E-1,8.816719055E-3,1.195537925E0,1.311101144E0
4.530523765E1,5.580757856E-1,3.327941895E-2,1.203111768E0,1.326662741E0
4.531524442E1,5.759423971E-1,5.812072754E-2,1.206546307E0,1.338223320E0
4.532522780E1,3.910176754E-1,-1.627349854E-2,-2.740991116E-2,3.923148639E-1
4.533523681E1,1.758558989E0,-1.102362633E0,-1.322367191E-1,2.079716240E0
4.534526108E1,1.835181713E0,-1.246715546E0,-1.929961443E-1,2.226979812E0
4.535524916E1,2.662734747E0,-2.333612442E0,-1.908246875E-1,3.545746385E0
4.536525666E1,2.788143158E0,-2.481223106E0,-1.532366276E-1,3.735464073E0
4.537523535E1,3.966660500E0,-3.535022736E0,8.096734285E-1,5.374602527E0
4.538523947E1,4.735122204E0,-3.664732933E0,8.136074543E-1,6.042648992E0
4.539523895E1,5.378945351E0,-4.655912399E0,8.193953037E-1,7.161143904E0
4.540523895E1,5.965531349E0,-4.746790886E0,-3.376195431E-1,7.631092644E0
4.541524442E1,5.968832493E0,-4.815499306E0,-1.345734119E0,7.786333875E0
4.542523791E1,6.620691299E0,-4.902232170E0,-1.527487040E0,8.378463474E0
4.543523843E1,6.421697140E0,-4.991930962E0,-1.514142394E0,8.273463366E0
4.544524077E1,6.147008896E0,-5.722870827E0,-1.433994174E0,8.520170665E0
4.545523869E1,5.147037506E0,-5.829899788E0,-1.296354413E0,7.884177915E0
4.546524624E1,3.722319603E0,-6.475405693E0,-6.291787028E-1,7.495492509E0
4.547523947E1,1.845448136E0,-6.533112526E0,-6.538124681E-1,6.820169268E0
4.548523895E1,-2.673624754E-1,-6.585739136E0,-7.129722238E-1,6.629613265E0
4.549523843E1,-1.576553583E0,-6.648239136E0,-1.319492340E0,6.958855139E0
4.550523791E1,-4.611772060E0,-6.710685730E0,-1.407047153E0,8.263263653E0
4.551523931E1,-6.650489330E0,-6.750610352E0,-2.182657719E0,9.724389090E0
4.552526077E1,-8.319554329E0,-6.781097412E0,-2.224782944E0,1.096120091E1
4.553524134E1,-9.362039566E0,-6.749786377E0,-2.238769770E0,1.175667857E1
4.554522343E1,-9.427173615E0,-6.675595284E0,-2.155028820E0,1.175071589E1
4.555523509E1,-9.343128204E0,-6.571949959E0,-1.256141663E0,1.149184332E1
4.556524572E1,-9.083489418E0,-6.467514992E0,-4.027374983E-1,1.115798941E1
4.557523686E1,-7.483242989E0,-6.359012604E0,-2.530610561E-1,9.823441699E0
4.558524468E1,-5.913910866E0,-6.220284462E0,1.078391671E0,8.650387801E0
4.559523739E1,-4.200005531E0,-5.458663940E0,1.117897630E0,6.977589382E0
4.560524338E1,-9.765232205E-1,-5.256862640E0,9.973364472E-1,5.439014838E0
4.561524416E1,-7.421299219E-1,-4.595891953E0,1.034071088E0,4.768886943E0
4.562524077E1,8.895505071E-1,-4.518176079E0,1.066730380E0,4.726851900E0
4.563523895E1,1.185051918E0,-4.393328667E0,2.491483450E0,5.187790917E0
4.564523921E1,1.373180032E0,-3.315845490E0,2.607837915E0,4.436358113E0
4.565523791E1,1.409653068E0,-2.340344429E0,3.554205656E0,4.482935608E0
4.566524390E1,1.287477374E0,-1.066855431E0,3.633239031E0,3.999525516E0
4.567523686E1,-1.639879942E-1,4.403858185E-1,4.298672676E0,4.324282427E0
4.568523973E1,-1.161598340E-1,2.365051270E0,4.293688297E0,4.903337619E0
4.569523973E1,-1.560719252E0,4.357854366E0,4.213784218E0,6.259609947E0
4.570525978E1,-1.704458237E0,6.307597160E0,4.108912468E0,7.718427397E0
4.571527494E1,-2.612758398E0,8.214838028E0,3.970923901E0,9.490959219E0
4.572523015E1,-2.677155018E0,1.018505001E1,3.827679873E0,1.120506742E1
4.573524499E1,-2.724394321E0,1.020318890E1,3.644145727E0,1.117171366E1
4.574525015E1,-2.757164240E0,1.174483013E1,3.402851820E0,1.253484703E1
4.575524416E1,-2.780617952E0,1.183986759E1,2.333000660E0,1.238374713E1
4.576525093E1,-2.736777306E0,1.190364933E1,2.104797840E0,1.239423218E1
4.577524754E1,-2.687762260E0,1.192471886E1,1.246970177E0,1.228730729E1
4.578524910E1,-2.623332262E0,1.192549706E1,-2.470309883E-1,1.221312313E1
4.579525249E1,-2.552074909E0,1.186298466E1,-5.258887410E-1,1.214578323E1
4.580524910E1,-2.489911795E0,1.179654312E1,-6.052169800E-1,1.207163526E1
4.581524650E1,-2.423015118E0,1.169397926E1,-2.210106611E0,1.214515230E1
4.582524520E1,-2.327970743E0,1.153851318E1,-3.453536034E0,1.226717756E1
4.583524832E1,-2.270116329E0,9.903402328E0,-5.262095451E0,1.144204765E1
4.584524989E1,-2.751577854E0,9.704319954E0,-7.128497124E0,1.235153746E1
4.585524806E1,-2.602984428E0,7.449940681E0,-8.809408188E0,1.182720663E1
4.586524780E1,-1.758697629E0,4.066441536E0,-1.058543015E1,1.147520350E1
4.587525832E1,-1.929484606E-1,-7.288265228E-2,-1.210911751E1,1.211087395E1
4.588524619E1,1.497503757E0,-3.855888367E0,-1.293471718E1,1.358003318E1
4.589524582E1,3.423749447E0,-6.945750237E0,-1.286153698E1,1.501281586E1
4.590522660E1,4.780521870E0,-9.154124260E0,-1.262357140E1,1.630968838E1
4.591523645E1,5.825620174E0,-1.052173901E1,-1.212835979E1,1.708045531E1
4.592524780E1,6.095855236E0,-1.064199734E1,-1.147121525E1,1.679286568E1
4.593525041E1,6.142642498E0,-9.947098732E0,-1.017270184E1,1.549711885E1
4.594524702E1,5.824184895E0,-7.497967720E0,-8.808433533E0,1.295102895E1
4.595524077E1,3.651557922E0,-4.435286522E0,-7.212104797E0,9.220634327E0
4.596523739E1,-1.589551091E0,-3.591508865E-1,-3.092782497E0,3.495849769E0
4.597523765E1,-4.708284855E0,9.951124191E-1,-1.473108292E0,5.032717262E0
4.598523817E1,-7.934385777E0,-6.133956909E-1,-1.236212730E0,8.053505686E0
4.599523712E1,-9.215686798E0,-2.965922356E0,-8.612997532E-1,9.719434955E0
4.600524390E1,-9.333511353E0,-5.389471054E0,1.492600918E0,1.088065669E1
4.601523817E1,-9.429137230E0,-6.939868927E0,4.272957325E0,1.246308846E1
4.602524025E1,-9.408520699E0,-7.072834969E0,6.040544033E0,1.323001997E1
4.603523791E1,-7.741120815E0,-7.078368187E0,7.294212341E0,1.277629764E1
4.604523895E1,-5.541867733E0,-6.946154594E0,8.222561836E0,1.210668761E1
4.605524916E1,-2.661818027E0,-5.559868813E0,9.653402328E0,1.145362794E1
4.606525452E1,1.176299095E0,-3.253847122E0,1.235522461E1,1.283054074E1
4.607524447E1,3.393314362E0,-5.370025635E-1,1.352470303E1,1.395423040E1
4.608522801E1,4.796764374E0,2.196146488E0,1.317453671E1,1.419156176E1
4.609523562E1,5.098032475E0,2.994187355E0,1.077702808E1,1.229225070E1
4.610524650E1,6.057642460E0,2.901344299E0,8.254407883E0,1.064180814E1
4.611524572E1,6.161296844E0,1.108145714E0,5.719138145E0,8.479275137E0
4.612524181E1,6.086634636E0,-2.208566666E-1,3.385781288E0,6.968458495E0
4.613524103E1,5.819143772E0,-2.180453300E0,1.900137782E0,6.498256261E0
4.614523921E1,3.928292751E0,-3.476852417E0,-1.910144210E0,5.582887924E0
4.615524494E1,2.618818283E0,-3.437521935E0,-2.273861647E0,4.883156053E0
4.616524129E1,1.047926664E0,-3.185287476E0,-2.537374735E0,4.205053762E0
4.617523895E1,-7.661367655E-1,-1.006575584E0,-2.736463070E0,3.014695687E0
4.618523947E1,-2.681914330E0,9.050273895E-2,-2.822036266E0,3.894193614E0
4.619523869E1,-4.435762882E0,3.175202847E0,-2.808010101E0,6.135374984E0
4.620524442E1,-5.794554234E0,4.966931343E0,-2.624950886E0,8.070788864E0
4.621523765E1,-6.063484192E0,6.158939362E0,-1.590110898E0,8.787879566E0
4.622523530E1,-6.712591648E0,6.279037952E0,-6.949871778E-1,9.217820318E0
4.623526608E1,-6.599631310E0,6.320326805E0,1.368487954E0,9.239828117E0
4.624524134E1,-5.125017166E0,6.224207401E0,1.493854761E0,8.199887851E0
4.625525749E1,-3.403173447E0,5.319311142E0,3.232624531E0,7.094118824E0
4.626524457E1,-1.366212487E0,4.213885784E0,4.623575687E0,6.403188432E0
4.627524910E1,5.083284378E-1,3.101585388E0,5.721304893E0,6.527753013E0
4.628523895E1,2.662442684E0,2.028601646E0,6.480275154E0,7.293681633E0
4.629523843E1,4.378925323E0,1.085377693E0,6.451195240E0,7.872163092E0
4.630524702E1,5.758303165E0,-1.083135605E-1,6.250286579E0,8.499168753E0
4.631524155E1,6.673125267E0,-6.717777252E-2,4.521205425E0,8.060794761E0
4.632522702E1,6.689975262E0,-1.596722603E0,1.264204025E0,6.993104024E0
4.633523739E1,6.394391537E0,-1.642105103E0,-2.283644676E-2,6.601914404E0
4.634524103E1,4.760736465E0,-1.720816612E0,-1.197702169E0,5.201952710E0
4.635524468E1,3.515427113E0,-2.556551933E0,-2.120110273E0,4.836223024E0
4.636524181E1,2.378514528E0,-2.626699448E0,-2.365530491E0,4.260588674E0
4.637523713E1,1.479677677E0,-2.721684456E0,-2.558857679E0,4.018054869E0
4.638523843E1,1.199970365E0,-3.520175934E0,-2.626626492E0,4.553101603E0
4.639523817E1,1.014394045E0,-3.640886307E0,-2.568337679E0,4.569617797E0
4.640524312E1,9.861019254E-1,-4.596287727E0,-2.440392971E0,5.296581514E0
4.641525848E1,2.234782696E0,-4.701157570E0,-2.288299084E0,5.686074999E0
4.642524358E1,3.392267227E0,-4.787488937E0,-2.171046257E0,6.256274380E0
4.643524265E1,4.586120129E0,-4.800297737E0,-2.083081961E0,6.958059115E0
4.644522520E1,5.604276657E0,-4.773178101E0,-2.016388655E0,7.632625317E0
4.645524395E1,6.245408535E0,-4.730157852E0,-1.970536709E0,8.078523132E0
4.646524077E1,6.237623215E0,-4.688167572E0,-1.940573215E0,8.040689209E0
4.647523817E1,6.126564026E0,-4.655820847E0,-1.943256617E0,7.936479118E0
4.648524520E1,5.153216362E0,-4.682603836E0,-1.938223600E0,7.227664096E0
4.649524129E1,3.457507133E0,-4.804417610E0,-1.907097101E0,6.218826538E0
4.650524780E1,-1.787648320E0,-6.445324898E0,-1.710544467E0,6.903901935E0
4.651523791E1,-3.792321205E0,-6.613876343E0,-1.581263781E0,7.786235004E0
4.652523817E1,-6.216700077E0,-7.700074196E0,-9.334806204E-1,9.940316320E0
4.653524077E1,-8.340471268E0,-7.826152802E0,-8.261778355E-1,1.146711378E1
4.654523843E1,-9.936912537E0,-8.445056915E0,-6.663230658E-1,1.305776411E1
4.655524181E1,-1.190313625E1,-8.411380768E0,1.919565201E-1,1.457644766E1
4.656523817E1,-1.185205936E1,-8.276779175E0,2.101618052E-1,1.445754311E1
4.657523817E1,-1.061674309E1,-7.355492592E0,1.232810020E-1,1.291641217E1
4.658523791E1,-8.558972359E0,-7.198341370E0,-6.974542141E-1,1.120529199E1
4.659526082E1,-6.654904842E0,-6.302903175E0,-7.670570612E-1,9.197973877E0
4.660525103E1,-4.608754635E0,-6.106957436E0,-7.589697838E-1,7.688405786E0
4.661522728E1,-2.652885437E0,-4.997605324E0,-6.446828842E-1,5.694688414E0
4.662525062E1,-7.543777823E-1,-4.829174995E0,1.365213275E0,5.074822584E0
4.663523874E1,7.527180314E-1,-3.882672310E0,1.395552039E0,4.193959250E0
4.664523973E1,1.815322995E0,-3.704041481E0,1.403879166E0,4.357315410E0
4.665524442E1,2.082910299E0,-2.335656166E0,2.513524055E0,4.013926783E0
4.666524051E1,2.224082232E0,-1.297318459E0,3.299399614E0,4.185166039E0
4.667524051E1,2.191931248E0,3.691244125E-1,3.978068590E0,4.556955687E0
4.668524155E1,1.202421904E0,2.797163963E0,4.806768417E0,5.689900464E0
4.669524025E1,1.010449886E0,4.459394455E0,4.766565800E0,6.605100862E0
4.670524598E1,-2.478642464E-1,6.090160370E0,4.695697784E0,7.694223008E0
4.671523973E1,-2.439755797E-1,7.448437691E0,4.608330250E0,8.762160453E0
4.672523686E1,-1.438856959E0,8.492524147E0,4.497795582E0,9.717172471E0
4.673523765E1,-1.607122898E0,1.019028187E1,4.359320641E0,1.119948057E1
4.674523791E1,-2.529809475E0,1.001110649E1,4.176472187E0,1.113845183E1
4.675524338E1,-2.675154448E0,1.002973270E1,3.952741623E0,1.110748197E1
4.676523791E1,-3.432141066E0,1.004644108E1,3.167881727E0,1.107908143E1
4.677524910E1,-3.525213718E0,1.006286526E1,2.927325249E0,1.105701687E1
4.678523718E1,-4.168687344E0,1.007749748E1,1.871396780E0,1.106508182E1
4.679522598E1,-4.193540573E0,9.892251968E0,8.853130341E-1,1.078082607E1
4.680522775E1,-4.198238850E0,9.905088425E0,-3.760076761E-1,1.076463506E1
4.681523770E1,-4.110879898E0,9.916548729E0,-2.291031361E0,1.097661591E1
4.682524103E1,-4.010419369E0,9.925422668E0,-5.337321281E0,1.196179239E1
4.683523869E1,-3.898623943E0,8.425916672E0,-8.561392784E0,1.262904536E1
4.684523973E1,-3.694888592E0,6.470714092E0,-1.062913990E1,1.298079187E1
4.685524858E1,-2.418119669E0,3.740282059E0,-1.329442596E1,1.402065527E1
4.686523895E1,4.866062701E-1,-1.336373329E0,-1.538756943E1,1.545315412E1
4.687523739E1,2.418406725E0,-2.974139214E0,-1.528990746E1,1.576310455E1
4.688523400E1,3.607918739E0,-3.980302811E0,-1.489782715E1,1.583682865E1
4.689523817E1,4.685005188E0,-4.084387779E0,-1.249967480E1,1.395970512E1
4.690524364E1,5.670013428E0,-4.057866096E0,-9.150285721E0,1.150404530E1
4.691523791E1,5.625011444E0,-2.980187416E0,-7.391597271E0,9.754895233E0
4.692523817E1,4.080728531E0,-1.546495438E0,-4.226770878E0,6.075325961E0
4.693523999E1,6.817595959E-1,-1.981811523E-1,-1.441101074E0,1.606500614E0
4.694523687E1,-1.382644176E0,-2.565755844E-1,-1.088566065E0,1.778345306E0
4.695529780E1,-3.406877518E0,-4.371985435E0,-2.416078568E0,6.046363098E0
4.696523759E1,-4.725634098E0,-8.182253838E0,-2.134272099E0,9.686899033E0
4.697524030E1,-5.607489586E0,-1.079775810E1,-6.325812340E-1,1.218341818E1
4.698524431E1,-5.824925423E0,-1.202059746E1,1.204362631E0,1.341174891E1
4.699523692E1,-5.875530720E0,-1.199541950E1,2.265640736E0,1.354788095E1
4.700523614E1,-5.696214199E0,-1.089968300E1,2.249577999E0,1.250242164E1
4.701525041E1,-4.114824772E0,-9.013975143E0,2.152053356E0,1.013976649E1
4.702525119E1,-2.694162607E0,-5.786632538E0,3.420714617E0,7.241886272E0
4.703524937E1,-2.493679047E0,-3.193426132E-1,6.466712952E0,6.938212399E0
4.704524937E1,-2.439777851E0,7.864982605E0,7.555611610E0,1.117576548E1
4.705524780E1,-2.381585836E0,9.582859039E0,6.596467972E0,1.187503803E1
4.706524858E1,-2.305819750E0,9.625693321E0,6.411632538E0,1.179321027E1
4.707524884E1,-2.184143066E0,7.727871895E0,6.251106262E0,1.017677820E1
4.708524936E1,-1.388789892E0,5.232757568E0,6.080434799E0,8.141386644E0
4.709524780E1,-2.907570004E-1,2.425646305E0,5.954293251E0,6.435985375E0
4.710524051E1,1.118337989E0,-1.215505600E-1,5.744194031E0,5.853308420E0
4.711524858E1,2.298884392E0,-2.522581100E0,5.434209824E0,6.417080431E0
4.712524702E1,3.534387112E0,-4.228106499E0,4.347141743E0,7.019004071E0
4.713528999E1,4.332840919E0,-5.047670364E0,3.290671349E0,7.421657798E0
4.714523541E1,4.452780247E0,-4.982681274E0,1.259915590E0,6.800128815E0
4.715522733E1,4.447545052E0,-3.812410355E0,1.106544852E0,5.961507461E0
4.716525119E1,4.225757122E0,-1.950150490E0,-1.668369532E0,4.944043596E0
4.717524265E1,2.598652601E0,3.102111816E-2,-3.078931570E0,4.029116189E0
4.718523640E1,1.112723112E0,2.053154945E0,-3.348373413E0,4.082303574E0
4.719523921E1,-1.253645420E-1,3.590680122E0,-3.436046124E0,4.971429671E0
4.720524025E1,-1.417376637E0,4.768415451E0,-2.798332453E0,5.707662128E0
4.721523535E1,-2.301826000E0,4.902402878E0,-1.793028355E0,5.704989710E0
4.722523765E1,-2.434809446E0,4.896170139E0,2.329337597E-1,5.473119514E0
4.723524858E1,-2.352935314E0,4.166847229E0,1.457211137E0,5.002237971E0
4.724523947E1,-9.889456630E-1,3.355413437E0,1.600245237E0,3.846764573E0
4.725523791E1,7.980236411E-1,2.571707249E0,2.282222986E0,3.529739603E0
4.726524129E1,6.669415832E-1,1.804579735E0,2.258798599E0,2.967067611E0
4.727523817E1,2.312319517E0,4.307746887E-2,2.149038315E0,3.157062384E0
4.728524572E1,3.055004597E0,6.068420410E-2,1.253886342E0,3.302872480E0
4.729523817E1,3.196599007E0,7.913112640E-2,2.039810717E-1,3.204077905E0
4.730523817E1,3.317586422E0,9.716129303E-2,1.875848919E-1,3.324305653E0
4.731523817E1,3.347301722E0,-9.643077850E-1,-1.023438692E0,3.630667305E0
4.732560239E1,3.329368114E0,-1.061287880E0,-1.233074069E0,3.705603280E0
4.733525009E1,3.216181517E0,-1.855946541E0,-2.252452612E0,4.343029344E0
4.734523728E1,3.061812878E0,-1.974116325E0,-2.394670963E0,4.359619523E0
4.735523640E1,2.924243689E0,-2.891839981E0,-2.541391373E0,4.834522700E0
4.736523541E1,2.821375370E0,-2.977039337E0,-3.187042713E0,5.194243299E0
4.737524312E1,2.765822411E0,-3.081460953E0,-3.187824011E0,5.225648011E0
4.738524728E1,3.365776777E0,-3.890249252E0,-3.119884491E0,6.016325440E0
4.739523791E1,3.335100651E0,-3.982560158E0,-3.044147968E0,6.020840358E0
4.740524025E1,3.955724716E0,-4.088971138E0,-2.949431896E0,6.408322051E0
4.741524025E1,4.026036263E0,-4.122382164E0,-2.981029272E0,6.487645044E0
4.742523686E1,4.504146099E0,-4.043769836E0,-2.869243145E0,6.698653805E0
4.743524442E1,4.353178501E0,-3.964485168E0,-2.720999002E0,6.486227045E0
4.744523947E1,4.137662411E0,-3.912345886E0,-2.543462276E0,6.236657832E0
4.745523921E1,3.177999973E0,-3.925700188E0,-2.358949900E0,5.574535893E0
4.746523843E1,2.234762669E0,-4.047478676E0,-1.597406864E0,4.891621051E0
4.747523947E1,1.000537157E0,-5.120092392E0,-1.402786732E0,5.402243175E0
4.748525666E1,-1.355088353E0,-6.238439560E0,-3.518773913E-1,6.393606986E0
4.749523739E1,-1.416924834E0,-7.327816010E0,-1.719835997E-1,7.465530243E0
4.750524259E1,-3.674809456E0,-8.283664703E0,-6.111347675E-2,9.062398155E0
4.751522952E1,-5.219633579E0,-9.073476791E0,1.382434368E-2,1.046770017E1
4.752523556E1,-6.449069977E0,-9.190746307E0,6.232523918E-2,1.122783174E1
4.753524343E1,-7.412203789E0,-9.246906281E0,1.171951294E-1,1.185157270E1
4.754523765E1,-7.518445969E0,-9.173648834E0,6.940913200E-2,1.186118377E1
4.755523739E1,-7.462043762E0,-8.959661484E0,-3.467166424E-2,1.166013864E1
4.756524103E1,-7.296162128E0,-7.477524757E0,-1.695438623E-1,1.044873693E1
4.757524312E1,-6.255018711E0,-6.529689789E0,-9.295759201E-1,9.089896545E0
4.758524494E1,-4.968000889E0,-5.661937714E0,-9.270071983E-1,7.589328946E0
4.759523921E1,-2.282148361E0,-4.729624748E0,9.700360894E-1,5.340273534E0
4.760524051E1,-8.168495297E-1,-3.765672684E0,9.883715510E-1,3.977990980E0
4.761523921E1,-6.127081513E-1,-3.609887123E0,1.006847739E0,3.797425271E0
4.762524494E1,-4.204838872E-1,-2.493677139E0,2.743078232E0,3.730912832E0
4.763524598E1,1.442885041E0,-1.583956718E0,3.546658516E0,4.143624350E0
4.764523869E1,1.532442451E0,3.791418076E-1,4.310169697E0,4.590173329E0
4.765523739E1,1.518705130E0,4.028530121E-1,4.390283585E0,4.662976064E0
4.766523817E1,8.352279663E-1,2.263141632E0,4.412959576E0,5.029277087E0
4.767523686E1,-1.401866972E-1,3.806654453E0,4.384027004E0,5.807750271E0
4.768526436E1,-9.840106964E-2,5.379154205E0,4.253520012E0,6.858382843E0
4.769525520E1,-1.328298926E0,6.786624908E0,4.058119774E0,8.018166361E0
4.770525869E1,-2.062116385E0,7.991953850E0,3.806183577E0,9.089041959E0
4.771523978E1,-2.219305277E0,8.897672653E0,2.919961214E0,9.623932047E0
4.772523640E1,-3.235009670E0,1.018232441E1,2.729180813E0,1.102694182E1
4.773524780E1,-3.351763248E0,1.019813919E1,2.549625397E0,1.103344685E1
4.774524207E1,-4.011178970E0,1.001304150E1,2.373568058E0,1.104465400E1
4.775523921E1,-4.070209026E0,1.002650166E1,2.164995670E0,1.103560344E1
4.776524103E1,-4.068385601E0,1.139263344E1,1.312943459E0,1.216830632E1
4.777524051E1,-4.121192455E0,1.156999397E1,-3.066906929E-1,1.228588812E1
4.778524338E1,-4.024963856E0,1.162147617E1,-5.545319319E-1,1.231123666E1
4.779523791E1,-3.882399797E0,1.159628105E1,-2.315491915E0,1.244621490E1
4.780523713E1,-3.737459898E0,1.149292374E1,-4.847550392E0,1.302131511E1
4.781523843E1,-3.609969616E0,9.896218300E0,-7.872049332E0,1.315052006E1
4.782523765E1,-3.332534313E0,7.054621696E0,-1.049297523E1,1.307577919E1
4.783524259E1,-1.619018078E0,2.722142220E0,-1.362806225E1,1.399126007E1
4.784523843E1,1.169903874E0,-1.980007172E0,-1.521290493E1,1.538575900E1
4.785523921E1,2.560110569E0,-5.927000046E0,-1.595465374E1,1.721146338E1
4.786525765E1,4.491174221E0,-8.806388855E0,-1.593187618E1,1.874960824E1
4.787525176E1,5.971243382E0,-1.062406921E1,-1.574798679E1,1.991295262E1
4.788525410E1,7.457498550E0,-1.162585735E1,-1.517420387E1,2.051904742E1
4.789523275E1,8.636151314E0,-1.162169552E1,-1.263394642E1,1.921623060E1
4.790523431E1,8.445728302E0,-9.859955788E0,-8.347672462E0,1.543478831E1
4.791523921E1,6.395064354E0,-7.013551712E0,-4.765241146E0,1.062046510E1
4.792524077E1,3.563807011E0,-3.945765495E0,-1.670768261E0,5.573262270E0
4.793524650E1,1.126006484E0,-1.861204147E0,-2.078704834E-1,2.185218895E0
4.794523895E1,-2.955996037E0,-1.814707756E0,-6.564733982E-1,3.530160638E0
4.795524312E1,-6.666041374E0,-4.119562149E0,3.361319304E0,8.526744242E0
4.796523765E1,-7.535759926E0,-5.059365273E0,4.617783546E0,1.018375076E1
4.797523973E1,-7.645840168E0,-5.100113869E0,5.529801369E0,1.072607741E1
4.798524728E1,-6.920162201E0,-5.047394753E0,5.446097374E0,1.015011405E1
4.799524468E1,-5.789040089E0,-4.889328003E0,5.359366417E0,9.281234932E0
4.800523791E1,-4.373988628E0,-3.516926765E0,5.469140053E0,7.836583651E0
4.801523687E1,-2.421698093E0,-1.686457634E0,8.354716301E0,8.860589454E0
4.802523765E1,-1.094480753E0,8.983182907E-1,9.455288887E0,9.560719210E0
4.803524259E1,-8.107906580E-1,2.971034050E0,9.105427742E0,9.612140198E0
4.804527338E1,4.375445843E-2,4.109664440E0,7.239665985E0,8.324903593E0
4.805523843E1,1.335091710E0,4.141920090E0,5.756714821E0,7.216490659E0
4.806525983E1,1.501911879E0,3.413764954E0,4.687018394E0,5.989797315E0
4.807523509E1,1.396417737E0,2.094841957E0,3.680925369E0,4.459546714E0
4.808526655E1,3.000368357E0,-5.999946594E-2,1.597589850E0,3.399721098E0
4.809524077E1,3.676749229E0,-1.812171936E-2,1.487432718E0,3.966266429E0
4.810523895E1,3.777290344E0,-1.881002426E0,2.547357082E-1,4.227408515E0
4.811524338E1,4.349427700E0,-1.996090889E0,-6.711424589E-1,4.832425101E0
4.812523739E1,4.252067566E0,-2.045706749E0,-9.017902613E-1,4.803979638E0
4.813524598E1,2.423963785E0,9.799289703E-2,-1.820709705E0,3.033180982E0
4.814523765E1,1.103386164E0,1.201101303E0,-1.867353916E0,2.479337818E0
4.815523895E1,-2.347682714E-1,2.900142670E0,-1.836056471E0,3.440500982E0
4.816524181E1,-1.460768938E0,4.352603912E0,-1.159095883E0,4.735241280E0
4.817523686E1,-2.417387962E0,5.326288223E0,-9.505013227E-1,5.925923014E0
4.818524754E1,-2.623132229E0,5.409412861E0,9.975070357E-1,6.094061903E0
4.819524806E1,-2.752126217E0,5.396286964E0,1.072365284E0,6.151754142E0
4.820524936E1,-2.740435600E0,5.249076366E0,1.149460196E0,6.031919158E0
4.821526265E1,-1.780903816E0,4.029825211E0,1.032412171E0,4.525150221E0
4.822531931E1,-6.384359598E-1,2.951983452E0,2.420017004E0,3.870179463E0
4.823523796E1,5.016980171E-1,1.956733227E0,2.530231714E0,3.237681014E0
4.824527551E1,1.809135199E0,1.169774055E0,2.568954468E0,3.352740456E0
4.825523431E1,2.839925528E0,7.498741150E-2,2.580401897E0,3.837873639E0
4.826524364E1,3.541901588E0,-3.026008606E-3,2.540281057E0,4.358681437E0
4.827524989E1,3.633395672E0,1.898574829E-2,2.429364204E0,4.370781967E0
4.828524025E1,3.664581776E0,4.610061646E-2,2.206493139E0,4.277837869E0
4.829525067E1,3.507771969E0,7.925796509E-2,8.967500925E-1,3.621450916E0
4.830524650E1,3.231389999E0,1.130208969E-1,8.385685682E-1,3.340337153E0
4.831525379E1,2.015308380E0,-9.994239807E-1,-4.224786758E-1,2.288843462E0
4.832522676E1,1.780386329E0,-1.108290672E0,-1.456294537E0,2.553209249E0
4.833525535E1,1.604131579E0,-2.029768944E0,-1.616371989E0,3.050550524E0
4.834525119E1,1.523660660E0,-2.151879311E0,-1.728539348E0,3.152772534E0
4.835524806E1,1.570603967E0,-3.013568878E0,-1.731525421E0,3.813997180E0
4.836525145E1,2.810058117E0,-3.145975113E0,-1.695262432E0,4.546152301E0
4.837524728E1,3.739778996E0,-4.046794891E0,-1.704258442E0,5.767754560E0
4.838528088E1,4.632813454E0,-4.144565582E0,-1.719929576E0,6.449693179E0
4.839524754E1,5.450777054E0,-4.251873970E0,-1.700416803E0,7.119046288E0
4.840536343E1,6.039863586E0,-5.002189636E0,-1.665631056E0,8.017242675E0
4.841524082E1,6.017529964E0,-5.065242767E0,-1.622011065E0,8.031081562E0
4.842539671E1,5.921283245E0,-5.170639038E0,-1.620340466E0,8.026369451E0
4.843523692E1,5.640007496E0,-5.925004005E0,-1.680094719E0,8.350932600E0
4.844523744E1,3.935724497E0,-5.996459007E0,-2.605803967E0,7.631360446E0
4.845523686E1,2.045691967E0,-6.090122223E0,-2.650226355E0,6.949686615E0
4.846524129E1,-2.153497934E-1,-6.178185463E0,-2.599073172E0,6.706081755E0
4.847524155E1,-1.828965187E0,-6.265102386E0,-2.485172987E0,6.983745868E0
4.848526916E1,-5.069001198E0,-6.326831818E0,-1.783402801E0,8.300849326E0
4.849524416E1,-8.621114731E0,-6.454216957E0,-1.561007500E0,1.088197042E1
4.850523895E1,-9.679079056E0,-6.515830994E0,-1.448383093E0,1.175748436E1
4.851523921E1,-9.771055222E0,-6.537624359E0,-8.111672401E-1,1.178439836E1
4.852523999E1,-9.674611092E0,-6.525646210E0,-6.913868785E-1,1.169017425E1
4.853523765E1,-8.736395836E0,-6.513334274E0,-6.220829487E-1,1.091490370E1
4.854523973E1,-7.259645462E0,-6.473082542E0,-5.798535347E-1,9.743689238E0
4.855523765E1,-5.502816200E0,-6.404348373E0,-5.805575848E-1,8.463670086E0
4.856523686E1,-3.806143761E0,-6.282238007E0,-5.569946766E-1,7.366375484E0
4.857523712E1,-2.265898705E0,-5.493314743E0,-4.320330620E-1,5.957974184E0
4.858539666E1,-6.619591117E-1,-5.311389923E0,1.208789349E0,5.487278421E0
4.859524343E1,-6.269805431E-1,-4.273406982E0,1.052801371E0,4.445616106E0
4.860525093E1,1.203559518E0,-4.102420807E0,1.097014785E0,4.413825260E0
4.861523463E1,1.432199478E0,-2.834595680E0,2.829519749E0,4.253505616E0
4.862524285E1,1.575430870E0,-1.861159325E0,2.977694750E0,3.848709197E0
4.863523843E1,1.616128087E0,-7.278909683E-1,4.001729965E0,4.376704008E0
4.864523791E1,1.526736736E0,3.696031570E-1,4.055549145E0,4.349139044E0
4.865523895E1,-1.707833707E-1,2.016806602E0,4.075565338E0,4.550484442E0
4.866523843E1,-1.372994184E-1,3.525752068E0,4.036012173E0,5.360892932E0
4.867523660E1,-1.499138594E0,6.464024544E0,4.079442978E0,7.789280123E0
4.868526343E1,-2.175687790E0,7.735257626E0,4.035019398E0,8.991618844E0
4.869524259E1,-2.329388380E0,8.734094620E0,3.966853380E0,9.871493544E0
4.870523973E1,-3.346456051E0,1.015037918E1,3.855884314E0,1.136207769E1
4.871523921E1,-3.443723679E0,1.016908455E1,3.681089878E0,1.134988705E1
4.872523791E1,-4.051548958E0,1.018694210E1,3.458269596E0,1.149558467E1
4.873523739E1,-4.077376842E0,1.000445366E1,2.474156857E0,1.108311992E1
4.874524207E1,-4.042087078E0,1.002144051E1,2.271928072E0,1.104216441E1
4.875523791E1,-3.992447853E0,1.003715324E1,1.226764202E0,1.087147807E1
4.876523645E1,-3.934589386E0,1.005095196E1,6.034594029E-3,1.079364004E1
4.877525921E1,-3.816487074E0,1.006129169E1,-5.681686103E-2,1.076096614E1
4.878525562E1,-3.661738873E0,9.868176460E0,-2.777855396E0,1.088603320E1
4.879523640E1,-3.467257977E0,9.869158745E0,-5.071998596E0,1.162528890E1
4.880523900E1,-3.360081911E0,9.866103172E0,-7.707327366E0,1.296275578E1
4.881523947E1,-3.256288528E0,7.747077942E0,-1.026411819E1,1.326547225E1
4.882523843E1,-2.997598171E0,5.041680336E0,-1.253105927E1,1.383588023E1
4.883523791E1,-1.584601521E0,1.360615730E0,-1.425431919E1,1.440652119E1
4.884524160E1,2.412819862E-1,-2.532444000E0,-1.517280197E1,1.538458349E1
4.885523947E1,3.396982193E0,-8.237200737E0,-1.497212029E1,1.742283989E1
4.886524312E1,4.640563488E0,-9.715820312E0,-1.441397953E1,1.799152022E1
4.887523713E1,6.042523384E0,-1.052740479E1,-1.265281105E1,1.753373799E1
4.888526759E1,7.059841633E0,-1.052633095E1,-1.065671349E1,1.655930401E1
4.889523869E1,6.989988327E0,-8.779575348E0,-7.602093220E0,1.355480363E1
4.890523843E1,5.982643604E0,-6.282793045E0,-4.456150055E0,9.753091113E0
4.891523817E1,4.238984108E0,-3.709688187E0,-1.694987535E0,5.882495683E0
4.892523791E1,1.269928098E0,-1.817425728E0,6.555082798E-1,2.312021789E0
4.893523817E1,1.043127775E0,-6.197862625E-1,3.770973444E0,3.961374923E0
4.894523494E1,-2.015946388E0,-1.865149498E0,4.064082623E0,4.905057599E0
4.895525989E1,-3.865576029E0,-3.611563683E0,6.843237877E0,8.649622819E0
4.896523900E1,-5.279988289E0,-5.184489250E0,8.983858109E0,1.163902537E1
4.897523744E1,-6.272080898E0,-6.012306213E0,1.009948921E1,1.332240621E1
4.898526968E1,-6.474009037E0,-5.976176262E0,9.999902725E0,1.332762283E1
4.899523973E1,-6.500884533E0,-5.754480362E0,9.751356125E0,1.305620505E1
4.900523869E1,-6.439184189E0,-4.285846710E0,9.488705635E0,1.224202229E1
4.901523869E1,-5.503433228E0,-2.682363510E0,9.110618591E0,1.097662163E1
4.902523947E1,-4.021413326E0,-2.795820236E-1,8.773326874E0,9.655112412E0
4.903523791E1,-1.673669577E0,4.817337036E0,6.213741302E0,8.038562492E0
4.904523582E1,-6.876534224E-1,5.809656620E0,4.499410629E0,7.380357260E0
4.905524285E1,1.113429427E0,5.759042740E0,3.397771358E0,6.778727652E0
4.906524494E1,1.085095644E0,4.168795586E0,2.984106302E0,5.240341555E0
4.907523791E1,1.254980564E0,2.472695351E0,1.404662848E0,3.108420214E0
4.908523765E1,1.388140798E0,-5.937576294E-3,1.186570406E0,1.826176185E0
4.909523843E1,2.835005522E0,3.040599823E-2,1.000977755E0,3.006682108E0
4.910523947E1,2.912801266E0,-1.249137878E0,8.768385053E-1,3.288404236E0
4.911523843E1,2.915422440E0,-1.308392525E0,6.123973131E-1,3.253707035E0
4.912524280E1,2.860027313E0,-1.238666534E0,5.817915201E-1,3.170572880E0
4.913526072E1,2.735529423E0,6.624889374E-2,5.572202802E-1,2.792490748E0
4.914524395E1,1.280263305E0,1.229656219E0,5.824905038E-1,1.868267576E0
4.915524541E1,1.266434431E0,2.435329914E0,-9.177702069E-1,2.894303044E0
4.916523530E1,1.053599238E0,2.595699787E0,-9.701325893E-1,2.964605535E0
4.917524077E1,1.041246533E0,2.661948681E0,-9.730271697E-1,3.019428256E0
4.918523582E1,1.029632449E0,2.636088371E0,-9.603418112E-1,2.988538318E0
4.919523921E1,1.017814755E0,2.510440826E0,-9.117392898E-1,2.858238715E0
4.920523947E1,1.002754211E0,1.531696320E0,-8.156901598E-1,2.004235530E0
4.921523509E1,1.868917704E0,5.555725098E-2,4.458147883E-1,1.922157854E0
4.922523869E1,1.963954210E0,8.003520966E-2,4.751154482E-1,2.022191006E0
4.923523869E1,2.871822357E0,1.040496826E-1,5.041418076E-1,2.917593006E0
4.924524181E1,2.917269230E0,1.275968552E-1,2.184663296E0,3.646847191E0
4.925524285E1,2.966589928E0,5.097961426E-2,2.231375694E0,3.712450971E0
4.926523687E1,3.004900455E0,1.538846970E0,2.221056700E0,4.041109947E0
4.927523817E1,2.968248367E0,1.564747810E0,2.100891590E0,3.958873521E0
4.928523843E1,2.872590065E0,1.552717209E0,4.254401624E-1,3.292977945E0
4.929523765E1,2.678732634E0,1.449830055E0,4.492576718E-1,3.078871249E0
4.930524884E1,2.448548317E0,5.701065063E-2,2.731242776E-1,2.464393626E0
4.931524890E1,1.648757815E0,7.858943939E-2,2.953045666E-1,1.676837327E0
4.932549499E1,1.477105498E0,-1.452264786E0,3.175537586E-1,2.095651224E0
4.933522384E1,1.322377205E0,-2.378849983E0,3.400127888E-1,2.742848412E0
4.934523483E1,1.177915335E0,-3.192214966E0,3.607098460E-1,3.421671012E0
4.935523973E1,1.062467098E0,-3.353549004E0,1.820405573E-1,3.522536873E0
4.936524025E1,1.021819115E0,-4.236966133E0,2.035785913E-1,4.363191557E0
4.937525041E1,1.056578875E0,-4.270658493E0,-7.981356978E-1,4.471230644E0
4.938523869E1,2.032309055E0,-4.260668755E0,-1.484362364E0,4.948424998E0
4.939523973E1,3.319680452E0,-4.154793739E0,-2.349800110E0,5.814133631E0
4.940523791E1,3.371433973E0,-4.100081444E0,-3.175098419E0,6.185344360E0
4.941523817E1,4.081568241E0,-4.061713219E0,-3.202365398E0,6.588767542E0
4.942524546E1,4.043325901E0,-4.061819077E0,-3.206634521E0,6.567294992E0
4.943525119E1,3.897700787E0,-4.123064995E0,-3.154028654E0,6.491504689E0
4.944524910E1,2.913010120E0,-4.253934860E0,-3.061692238E0,5.996294616E0
4.945524702E1,1.649036050E0,-5.326313972E0,-2.897315979E0,6.283580214E0
4.946524442E1,7.121801376E-3,-5.472099304E0,-2.048872471E0,5.843098486E0
4.947524468E1,-1.542548656E0,-6.316150665E0,-1.879884005E0,6.768100136E0
4.948527827E1,-3.894073486E0,-6.415590286E0,-1.765106201E0,7.709682674E0
4.949524265E1,-5.698077679E0,-7.075827599E0,-1.682656765E0,9.239413359E0
4.950524785E1,-7.253798008E0,-7.147232056E0,-1.585032225E0,1.030596132E1
4.951523004E1,-8.406826973E0,-7.223880768E0,-1.420733690E0,1.117486811E1
4.952523562E1,-8.551095963E0,-7.257105827E0,-5.913979411E-1,1.123105421E1
4.953525275E1,-8.538487434E0,-7.235533714E0,-4.809797406E-1,1.120223448E1
4.954524832E1,-8.336556435E0,-7.175998688E0,-4.296126962E-1,1.100807419E1
4.955524858E1,-7.097435951E0,-7.085926056E0,-4.175867438E-1,1.003784458E1
4.956524962E1,-5.775173664E0,-6.939298630E0,-3.737993240E-1,9.035829915E0
4.957524858E1,-3.148102760E0,-5.904286385E0,1.133269548E0,6.786416475E0
4.958524624E1,-9.911462069E-1,-4.855929375E0,9.816901088E-1,5.052339692E0
4.959524884E1,-7.779368758E-1,-4.142043114E0,1.028049827E0,4.338040270E0
4.960525353E1,-5.760005713E-1,-3.229492188E0,1.071492434E0,3.451013254E0
4.961524780E1,5.848242044E-1,-2.102779388E0,2.628649712E0,3.416650379E0
4.962524702E1,7.717935443E-1,-7.940111160E-1,3.434030056E0,3.608140983E0
4.963524962E1,8.799870610E-1,3.583536148E-1,4.107497215E0,4.215961090E0
4.964524754E1,8.691164851E-1,2.177686691E0,4.193066120E0,4.804111393E0
4.965525327E1,8.145307302E-1,3.791182995E0,4.244870663E0,5.749387424E0
4.966524884E1,-1.816057861E-1,5.375439167E0,4.256527901E0,6.859034675E0
4.967524822E1,-1.373446882E-1,6.809436321E0,4.221387863E0,8.012952144E0
4.968524525E1,-2.945404649E-1,7.970208645E0,4.185043335E0,9.006973279E0
4.969522504E1,-2.523394227E-1,8.797279358E0,4.112882137E0,9.714504556E0
4.970524343E1,-2.107049078E-1,8.930107117E0,4.000949860E0,9.787686624E0
4.971523822E1,-2.048065901E0,1.014266586E1,3.834517002E0,1.103502448E1
4.972524103E1,-2.174705505E0,1.016050529E1,3.639263153E0,1.100951626E1
4.973524155E1,-3.144131184E0,9.977525711E0,2.889122486E0,1.085281572E1
4.974523999E1,-3.280982733E0,9.993235588E0,2.658133745E0,1.084874556E1
4.975524494E1,-4.333643436E0,1.004743195E1,-7.521268725E-2,1.094244082E1
4.976523843E1,-4.396872044E0,1.006011868E1,-1.573200971E-1,1.098012847E1
4.977523791E1,-4.330894947E0,9.872430801E0,-2.253154516E0,1.101354830E1
4.978523973E1,-4.249636650E0,9.882260323E0,-4.762729645E0,1.176444110E1
4.979524051E1,-4.205597878E0,9.890331268E0,-7.561142445E0,1.314064615E1
4.980524312E1,-4.065157890E0,9.895213127E0,-1.043612480E1,1.494501430E1
4.981523712E1,-3.138061285E0,5.830648899E0,-1.280599117E1,1.441656357E1
4.982523765E1,-1.370607138E0,1.890738487E0,-1.458370972E1,1.476949712E1
4.983523817E1,8.699696064E-1,-2.142646790E0,-1.558695030E1,1.575756333E1
4.984526942E1,2.236178875E0,-5.490647316E0,-1.555812931E1,1.664941715E1
4.985524004E1,3.657253265E0,-7.908803940E0,-1.535093975E1,1.765151643E1
4.986524812E1,4.932740688E0,-9.442410469E0,-1.484070492E1,1.826848567E1
4.987522832E1,6.542356968E0,-1.026375198E1,-1.329117298E1,1.802227285E1
4.988523848E1,7.486666679E0,-1.021312046E1,-1.066027355E1,1.655292843E1
4.989523483E1,7.307659149E0,-7.996228218E0,-7.610913277E0,1.323886509E1
4.990524858E1,5.513003826E0,-5.415093422E0,-3.448316813E0,8.462111840E0
4.991523895E1,3.400160074E0,-2.966810226E0,-6.967897415E-1,4.566023149E0
4.992524155E1,1.001390815E0,-5.717258453E-1,1.279856205E0,1.722697278E0
4.993524051E1,-3.050395012E0,-3.702789307E0,1.622323275E0,5.064335217E0
4.994523817E1,-4.437520981E0,-5.479702950E0,4.190548420E0,8.202404095E0
4.995524546E1,-5.305784225E0,-6.552089691E0,5.785582542E0,1.022517437E1
4.996524129E1,-5.454926014E0,-6.585281372E0,5.716106415E0,1.028571928E1
4.997523843E1,-5.479889870E0,-6.467586517E0,5.435855865E0,1.007012400E1
4.998523843E1,-4.642570019E0,-5.418853760E0,3.795658350E0,8.082354531E0
4.999523739E1,-3.798665047E0,-3.771485329E0,3.716170311E0,6.516431501E0
5.000524832E1,-2.427994728E0,-3.414678574E-1,6.202466011E0,6.669508476E0
5.001523817E1,-1.482673645E0,2.456528664E0,6.741470814E0,7.326682943E0
5.002526968E1,-1.292871475E0,5.145216942E0,5.740099907E0,7.816234450E0
5.003523436E1,-1.137575984E0,6.627408981E0,4.468208313E0,8.073506949E0
5.004523119E1,-9.944248199E-1,6.691823483E0,4.125358582E0,7.923885768E0
5.005526338E1,-8.380800486E-1,5.690636635E0,3.875185490E0,6.935617208E0
5.006523562E1,-6.517282724E-1,3.646754265E0,3.751148701E0,5.272066292E0
5.007524181E1,1.329005599E0,1.263028145E0,3.659609318E0,4.093193904E0
5.008523947E1,1.410284042E0,-1.749496460E-1,3.537329197E0,3.812113102E0
5.009524259E1,1.488162637E0,-2.739960670E0,3.392158031E0,4.607466616E0
5.010524728E1,2.911883593E0,-3.911522865E0,3.219031811E0,5.843050828E0
5.011523999E1,3.740849257E0,-3.912261963E0,1.746070266E0,5.687574896E0
5.012524129E1,3.658894539E0,-2.444752693E0,1.678551793E0,4.709762319E0
5.013524207E1,3.491237640E0,-2.162456512E-2,1.310223341E-1,3.493762261E0
5.014524025E1,2.425891399E0,1.716732979E0,-8.143472672E-2,2.973004006E0
5.015524338E1,1.141124129E0,3.611525536E0,-2.104430199E-1,3.793358306E0
5.016523687E1,7.701206207E-2,4.973719120E0,-2.828499079E-1,4.982350531E0
5.017523739E1,-1.155748844E0,5.675379276E0,-2.711689472E-1,5.798208164E0
5.018523686E1,-1.968729019E0,5.716844559E0,1.200027823E0,6.164273877E0
5.019523895E1,-2.135478020E0,5.668366909E0,1.204380035E0,6.175854682E0
5.020527384E1,-2.223849297E0,5.515827656E0,1.016057134E0,6.033426267E0
5.021523650E1,-2.200570107E0,4.262433052E0,1.036146522E0,4.907590440E0
5.022522546E1,-1.366144538E0,3.284317017E0,2.613435745E0,4.413970498E0
5.023522390E1,-4.743612409E-1,2.360129833E0,2.630824566E0,3.566015888E0
5.024523535E1,8.481071591E-1,1.582894325E0,2.653092384E0,3.203707134E0
5.025524676E1,7.102178335E-1,1.413770676E0,2.645292997E0,3.082325735E0
5.026523739E1,2.288620472E0,-3.563213348E-2,2.563647985E0,3.436763639E0
5.027524129E1,2.425043106E0,-1.549339294E-2,2.399306774E0,3.411414239E0
5.028524520E1,3.055537224E0,4.487037659E-3,9.484524131E-1,3.199357723E0
5.029524207E1,3.092359304E0,-2.188417435E0,8.005273342E-1,3.872040928E0
5.030524312E1,3.121470213E0,-2.949229240E0,8.110333085E-1,4.370275098E0
5.031523921E1,3.632179976E0,-3.631286621E0,8.227787614E-1,5.201532350E0
5.032522520E1,3.634549141E0,-3.774070740E0,-8.032450080E-1,5.300826346E0
5.033524181E1,4.490195751E0,-4.853889465E0,-8.988453150E-1,6.673082026E0
5.034523634E1,5.058870792E0,-4.985926628E0,-9.895185232E-1,7.171525984E0
5.035524233E1,5.667674541E0,-5.877626419E0,-1.103228807E0,8.239304633E0
5.036523973E1,5.682715416E0,-5.912899971E0,-1.838982582E0,8.404611681E0
5.037523895E1,6.422265053E0,-5.889949799E0,-1.933105350E0,8.926023377E0
5.038526134E1,6.333621979E0,-5.831196785E0,-2.025613308E0,8.844248560E0
5.039523556E1,6.185676575E0,-5.772017479E0,-2.027233124E0,8.699911184E0
5.040525098E1,5.979855537E0,-5.728950500E0,-2.010835648E0,8.521913288E0
5.041522515E1,5.672792912E0,-5.711215019E0,-1.952991247E0,8.283280221E0
5.042523588E1,4.405172348E0,-5.732748032E0,-1.884196639E0,7.471287733E0
5.043524494E1,2.971810818E0,-5.819804192E0,-1.784881353E0,6.774037335E0
5.044524494E1,1.206215143E0,-5.951955795E0,-1.659076929E0,6.295495931E0
5.045524624E1,-1.638594747E0,-6.927853584E0,-1.497775435E0,7.274852527E0
5.046524207E1,-3.227608681E0,-7.073225975E0,-1.359277368E0,7.892757342E0
5.047524416E1,-7.862824440E0,-8.215490341E0,-5.554432869E-1,1.138537689E1
5.048523739E1,-9.865266800E0,-8.309886932E0,-4.735407829E-1,1.290743781E1
5.049523895E1,-1.174198341E1,-8.315014839E0,-3.997102976E-1,1.439351988E1
5.050525015E1,-1.169224930E1,-8.228962898E0,-3.503255844E-1,1.430200168E1
5.051524051E1,-1.154973030E1,-8.084641457E0,-3.549715281E-1,1.410261331E1
5.052523791E1,-9.986522675E0,-7.241459846E0,-4.005149603E-1,1.234219543E1
5.053523608E1,-8.228984833E0,-7.074796677E0,-4.771555662E-1,1.086262477E1
5.054523739E1,-6.127936363E0,-6.023649216E0,-4.818621874E-1,8.606285210E0
5.055524207E1,-3.924712896E0,-5.229898453E0,-3.758121729E-1,6.549537689E0
5.056526134E1,-1.818902135E0,-4.508646011E0,1.307514548E0,5.034469995E0
5.057523614E1,-3.569720984E-1,-4.329878807E0,1.330387950E0,4.543700217E0
5.058524421E1,1.302696109E0,-3.086414337E0,2.380595684E0,4.109769631E0
5.059522640E1,1.642368317E0,-2.086705208E0,3.226200581E0,4.178526355E0
5.060524473E1,2.458202362E0,-8.028163910E-1,3.908833504E0,4.686816870E0
5.061524181E1,2.510398388E0,4.208116531E-1,4.550987244E0,5.214467126E0
5.062523895E1,2.459298372E0,2.404441833E0,4.580163002E0,5.727772878E0
5.063524181E1,2.306593895E0,4.047034740E0,4.575032711E0,6.529149247E0
5.064523947E1,1.268378496E0,5.651479721E0,4.488369465E0,7.327582651E0
5.065524910E1,6.198067591E-2,8.377273560E0,4.390305519E0,9.458188857E0
5.066525015E1,6.258747727E-2,1.024617290E1,4.262602806E0,1.109764656E1
5.067525145E1,-1.149597883E0,1.006771946E1,4.116806507E0,1.093748811E1
5.068525015E1,-1.315163493E0,1.008715153E1,3.949847698E0,1.091245059E1
5.069524728E1,-2.284023046E0,1.010458374E1,3.734950542E0,1.101223090E1
5.070524728E1,-2.451495171E0,1.012010860E1,2.945990562E0,1.082151963E1
5.071524676E1,-3.413685083E0,1.013382912E1,2.683199167E0,1.102484903E1
5.072524650E1,-3.521121502E0,9.946766853E0,1.397282720E0,1.064372428E1
5.073524676E1,-4.164732456E0,9.957760811E0,-4.053324163E-1,1.080121712E1
5.074528353E1,-4.149578571E0,1.099377537E1,-5.046809316E-1,1.176166663E1
5.075524509E1,-4.099710941E0,1.096329689E1,-3.426656723E0,1.219604382E1
5.076524317E1,-4.056824684E0,9.973534584E0,-6.209209919E0,1.242913941E1
5.077524088E1,-4.056782246E0,9.777471542E0,-8.951066017E0,1.386282853E1
5.078524535E1,-3.899758577E0,7.309430122E0,-1.078987122E1,1.360357330E1
5.079523952E1,-2.908677816E0,3.329374313E0,-1.378282356E1,1.447450743E1
5.080525197E1,-1.165383101E0,-1.226309776E0,-1.500958824E1,1.510462488E1
5.081524832E1,8.957166076E-1,-5.364130020E0,-1.512499619E1,1.607301181E1
5.082524989E1,2.016032457E0,-8.416879654E0,-1.561098289E1,1.784967890E1
5.083524780E1,3.807703495E0,-1.119920444E1,-1.367134857E1,1.807834500E1
5.084524858E1,4.865992546E0,-1.114359283E1,-1.178852844E1,1.693596609E1
5.085524780E1,4.989182949E0,-8.995985031E0,-8.721273422E0,1.348630058E1
5.086524728E1,4.729604244E0,-5.725155830E0,-6.703238487E0,1.000399779E1
5.087525093E1,2.383803368E0,-2.115227699E0,-4.042767048E0,5.147880352E0
5.088525353E1,9.490566254E-1,8.300819397E-1,-1.491639853E0,1.953134392E0
5.089523869E1,-1.980507374E0,2.422349930E0,6.833596230E-1,3.202681535E0
5.090523765E1,-3.533815145E0,2.338179588E0,2.099096298E0,4.728756553E0
5.091523791E1,-4.407816887E0,-5.193929672E-1,2.415616512E0,5.053100226E0
5.092526733E1,-4.626325607E0,-2.076783180E0,4.614472389E0,6.856330829E0
5.093523494E1,-4.782731533E0,-4.429389954E0,6.323838234E0,9.082122345E0
5.094522650E1,-4.829823494E0,-6.067752838E0,6.461571693E0,1.009439093E1
5.095526077E1,-4.646452427E0,-6.753950119E0,6.348097801E0,1.036839949E1
5.096524134E1,-3.018392801E0,-6.689351082E0,6.059207916E0,9.516938246E0
5.097523999E1,-1.767205000E0,-5.837619781E0,5.160030842E0,7.989163693E0
5.098524259E1,-6.483632922E-1,-4.229687691E0,5.087233067E0,6.647599055E0
5.099524103E1,8.191558719E-1,-1.455824852E0,6.298484325E0,6.516237192E0
5.100524181E1,9.397122860E-1,1.399031639E0,6.012085915E0,6.243839024E0
5.101524259E1,8.968797326E-1,4.619287968E0,4.684826374E0,6.640016019E0
5.102523895E1,9.930086136E-1,4.635771751E0,4.466828823E0,6.513755105E0
5.103523765E1,1.045457125E0,3.718708038E0,4.323634148E0,5.797894645E0
5.104523739E1,1.047165036E0,2.375205994E0,4.143869877E0,4.889766424E0
5.105524051E1,2.096360207E0,-6.832790375E-2,3.881746054E0,4.412181688E0
5.106523765E1,2.158719778E0,-2.130317688E-2,2.865530491E0,3.587727679E0
5.107523608E1,2.756308794E0,-1.535376549E0,2.588470459E0,4.081029114E0
5.108523843E1,2.769777298E0,-1.638718605E0,1.342299819E0,3.486951928E0
5.109523739E1,2.732063532E0,-1.625304222E0,1.246448159E0,3.414588990E0
5.110525874E1,2.597359896E0,-1.441763878E0,-9.185266495E-2,2.972103366E0
5.111523546E1,6.469061971E-1,9.317111969E-2,-9.465134740E-1,1.150241819E0
5.112523509E1,6.099240184E-1,1.540662766E0,-1.165134907E0,2.025632843E0
5.113524629E1,-6.393705606E-1,2.934527874E0,-1.290964723E0,3.269073029E0
5.114524155E1,-1.940752506E0,4.118772507E0,-1.348119140E0,4.748497917E0
5.115523999E1,-3.030764341E0,4.841673374E0,-1.310343266E0,5.860403828E0
5.116523921E1,-3.250350475E0,4.919693470E0,-1.208897114E0,6.019102448E0
5.117523843E1,-4.019711971E0,4.946940899E0,5.711643100E-1,6.399729468E0
5.118524103E1,-3.961375952E0,4.913500309E0,5.948378444E-1,6.339465023E0
5.119523973E1,-2.150796413E0,3.965594769E0,4.614817500E-1,4.534846468E0
5.120523947E1,-8.769308329E-1,3.187349796E0,2.409828663E0,4.090902174E0
5.121523562E1,5.499876738E-1,2.322775841E0,2.458384991E0,3.426577127E0
5.122523973E1,1.767537117E0,1.435414314E0,2.445118904E0,3.341138753E0
5.123524077E1,2.741058350E0,8.308219910E-2,2.340037346E0,3.605007394E0
5.124523791E1,2.965434551E0,-3.391265869E-3,3.830382824E-1,2.990072224E0
5.125523817E1,3.728448153E0,9.425163269E-3,4.078834951E-1,3.750704388E0
5.126524702E1,3.740537643E0,2.646446228E-2,4.332229495E-1,3.765634655E0
5.127523765E1,3.644370556E0,-1.500407219E0,-8.510472775E-1,4.031989588E0
5.128525301E1,3.446130753E0,-1.625777245E0,-9.697284102E-1,3.931836976E0
5.129523452E1,2.697453022E0,-2.492160797E0,-1.075773358E0,3.826801087E0
5.130524265E1,2.568695784E0,-2.590271950E0,-1.145359039E0,3.823552554E0
5.131526166E1,2.510755539E0,-3.433815956E0,-1.200289130E0,4.419918483E0
5.132522843E1,3.239865065E0,-3.578586578E0,-1.263681412E0,4.989979784E0
5.133524025E1,3.958425999E0,-4.688441277E0,-1.347095847E0,6.282140178E0
5.134523739E1,4.871241093E0,-4.802788734E0,-1.979571700E0,7.121409518E0
5.135523634E1,5.806647778E0,-5.497716904E0,-2.010330915E0,8.245209516E0
5.136524155E1,6.600935459E0,-5.525119781E0,-2.041544914E0,8.846875334E0
5.137524077E1,7.409257889E0,-5.610330582E0,-2.076940536E0,9.522950892E0
5.138524259E1,7.239014626E0,-5.655777931E0,-2.021527052E0,9.406260063E0
5.139524338E1,6.937033176E0,-5.724153519E0,-1.940827847E0,9.200824720E0
5.140523530E1,5.562041283E0,-5.831157684E0,-1.831230521E0,8.263903944E0
5.141523843E1,4.050098896E0,-6.577746391E0,-1.702245474E0,7.909973977E0
5.142524103E1,2.207211971E0,-6.663856506E0,-1.557790041E0,7.190652129E0
5.143523921E1,1.110094786E-1,-6.770948410E0,-1.414877415E0,6.918088144E0
5.144523921E1,-1.808446765E0,-6.881061554E0,-1.292997718E0,7.231274501E0
5.145523765E1,-4.444443226E0,-7.569925308E0,-1.184692621E0,8.857784224E0
5.146526551E1,-6.645714760E0,-7.644290924E0,-1.059056997E0,1.018441506E1
5.147523463E1,-8.534347534E0,-7.694867134E0,-3.261142969E-1,1.149575655E1
5.148522728E1,-9.899854660E0,-7.674132347E0,-2.133790255E-1,1.252776757E1
5.149524598E1,-1.004108524E1,-7.583761215E0,-1.063715219E-1,1.258364581E1
5.150523942E1,-9.981787682E0,-7.450077057E0,-7.715642452E-2,1.245574914E1
5.151523765E1,-9.671615601E0,-6.663156509E0,-1.251461506E-1,1.174535928E1
5.152524338E1,-7.705045223E0,-6.528452873E0,-2.068035603E-1,1.010104878E1
5.153524051E1,-5.861630440E0,-5.711495399E0,-2.923637629E-1,8.189344765E0
5.154524025E1,-3.912585258E0,-5.505814552E0,-2.753212452E-1,6.760038393E0
5.155523817E1,-1.000281453E0,-4.292372704E0,1.144853115E0,4.553648544E0
5.156523765E1,5.207571983E-1,-3.447279930E0,1.172576189E0,3.678296059E0
5.157524077E1,8.292883635E-1,-2.720535278E0,2.415750980E0,3.731606114E0
5.158523713E1,1.070414305E0,-1.764135361E0,3.277395964E0,3.872890995E0
5.159523921E1,1.180876017E0,-6.189556122E-1,4.108425617E0,4.319344310E0
5.160524207E1,1.161520123E0,4.251775742E-1,4.250891685E0,4.427187040E0
5.161523895E1,1.030598402E0,2.168321609E0,4.820233822E0,5.385016784E0
5.162523739E1,-4.357860684E-1,3.790487289E0,4.740769386E0,6.085441460E0
5.163524025E1,-4.214230776E-1,5.460186481E0,4.595510483E0,7.149122353E0
5.164526812E1,-4.078491926E-1,6.974859715E0,4.445402622E0,8.281099774E0
5.165523598E1,-1.464269876E0,8.233795166E0,4.294005871E0,9.400955033E0
5.166522676E1,-2.504578352E0,1.022388649E1,4.125470638E0,1.130576294E1
5.167524426E1,-2.662871838E0,1.004204082E1,3.915428638E0,1.110243450E1
5.168523718E1,-3.506217241E0,1.005812550E1,3.687945366E0,1.127210667E1
5.169523666E1,-3.580211401E0,1.007449150E1,2.877134085E0,1.107209073E1
5.170523895E1,-3.684186697E0,1.008909130E1,2.650569201E0,1.106293415E1
5.171524077E1,-4.451646805E0,1.010185623E1,1.713147879E0,1.117137119E1
5.172523895E1,-4.467447281E0,9.914612770E0,8.070541620E-1,1.090453887E1
5.173524103E1,-4.441911697E0,9.966769218E0,-1.582063437E0,1.102587833E1
5.174523921E1,-4.272212982E0,9.977313995E0,-3.460414410E0,1.139179820E1
5.175523973E1,-4.134431839E0,9.986547470E0,-5.965486526E0,1.234551281E1
5.176524338E1,-4.051301003E0,9.793553352E0,-8.536840439E0,1.360898129E1
5.177523765E1,-3.866341352E0,7.552664757E0,-1.068415165E1,1.364340269E1
5.178523869E1,-2.994966984E0,4.404541969E0,-1.342091179E1,1.443920671E1
5.179523712E1,-1.530773163E0,3.467655182E-2,-1.472478199E1,1.480417757E1
5.180523713E1,8.820195198E-1,-3.367764473E0,-1.534217262E1,1.573219809E1
5.181523843E1,9.326898456E-1,-6.362247467E0,-1.520104122E1,1.650514336E1
5.182524364E1,2.638732910E0,-8.365290642E0,-1.484676075E1,1.724434121E1
5.183523900E1,3.819604397E0,-9.592601776E0,-1.369224358E1,1.714890436E1
5.184523301E1,5.030663967E0,-9.737810135E0,-1.242127037E1,1.656564167E1
5.185524874E1,5.177530289E0,-9.697034836E0,-1.010109138E1,1.492887644E1
5.186523640E1,4.961183548E0,-8.005803108E0,-7.766602516E0,1.220763451E1
5.187523947E1,3.210103512E0,-6.017592430E0,-4.588018417E0,8.219859866E0
5.188524025E1,1.294151664E0,-4.483574867E0,-3.137557268E0,5.623303098E0
5.189524546E1,2.007222176E-2,-4.455229759E0,-2.623353958E0,5.170247682E0
5.190524910E1,-1.308964014E0,-4.675764084E0,-9.904575348E-1,4.955518407E0
5.191525015E1,-2.427399397E0,-5.911906242E0,3.758994579E0,7.414374114E0
5.192524884E1,-3.201415300E0,-5.888310432E0,5.483785629E0,8.659859381E0
5.193524963E1,-3.252084017E0,-5.131537437E0,5.623213291E0,8.278239828E0
5.194525093E1,-3.233394861E0,-3.737709045E0,6.559787750E0,8.213167876E0
5.195525067E1,-3.125169516E0,-1.749624252E0,7.386569023E0,8.209096872E0
5.196524806E1,-2.972374678E0,6.802425385E-1,8.257223129E0,8.802242609E0
5.197524702E1,-2.141072273E0,3.322332859E0,8.826364517E0,9.670925328E0
5.198524754E1,-2.010511875E0,5.225503922E0,8.515860558E0,1.019156172E1
5.199524780E1,-1.871290207E0,5.998804092E0,7.268227577E0,9.608044010E0
5.200526056E1,-1.102461815E0,5.957676888E0,6.231910229E0,8.691722559E0
5.201523744E1,-2.436816692E-1,4.450956821E0,5.849928856E0,7.354730791E0
5.202523791E1,1.443517208E0,2.561664581E0,4.809698582E0,5.637292595E0
5.203523259E1,1.560670018E0,-1.278724670E-1,4.483071327E0,4.748680954E0
5.204524265E1,3.047170401E0,-1.542634964E0,3.402619600E0,4.821077704E0
5.205524962E1,4.009032726E0,-3.116415024E0,1.528472185E0,5.302887253E0
5.206524858E1,4.823719501E0,-4.062689781E0,1.374997258E0,6.454791673E0
5.207524468E1,4.940567970E0,-4.107549667E0,1.227242351E0,6.541200190E0
5.208524936E1,4.913899422E0,-3.989539146E0,1.091081381E0,6.422872310E0
5.209525197E1,3.821144581E0,-9.902582169E-1,-1.086167693E0,4.094083231E0
5.210524285E1,2.653301239E0,6.278991699E-2,-1.268321395E0,2.941528378E0
5.211523921E1,1.180887580E0,2.768580437E0,-1.330561161E0,3.290885309E0
5.212523947E1,-2.105648518E-1,4.225974560E0,-1.336708546E0,4.437340225E0
5.213524051E1,-1.504031181E0,5.090829849E0,-1.278901577E0,5.460242448E0
5.214524207E1,-2.385561943E0,5.188638210E0,-6.522288322E-1,5.747893067E0
5.215523895E1,-2.593564987E0,5.213013172E0,-5.493890047E-1,5.848411233E0
5.216524468E1,-2.739217758E0,5.145344734E0,7.305817604E-1,5.874660507E0
5.217523765E1,-2.728830814E0,4.441266537E0,8.026341200E-1,5.274048501E0
5.218523921E1,-1.920855999E0,3.664416790E0,8.772451282E-1,4.229325856E0
5.219525765E1,-8.151043653E-1,2.779212952E0,7.511162162E-1,2.992088790E0
5.220522869E1,5.262764096E-1,1.939811230E0,8.244549036E-1,2.172454914E0
5.221523983E1,1.681917667E0,1.202595711E0,8.971970677E-1,2.253895752E0
5.222523692E1,2.670357227E0,1.043856621E0,9.189188480E-1,3.010789965E0
5.223523796E1,2.868947506E0,7.955741882E-2,9.370803833E-1,3.019156972E0
5.224523869E1,3.698126316E0,-1.747131348E-3,7.557567358E-1,3.774560841E0
5.225523843E1,3.737526417E0,1.703262329E-2,7.726736069E-1,3.816597743E0
5.226524702E1,3.608942747E0,4.393482208E-2,7.889358997E-1,3.694430656E0
5.227523765E1,2.542682648E0,-9.713506699E-1,-9.720351100E-1,2.890261135E0
5.228523765E1,2.342041254E0,-1.632489204E0,-1.091874838E0,3.056528897E0
5.229526499E1,2.154789209E0,-1.733723640E0,-1.201295495E0,3.015298503E0
5.230524364E1,2.016044378E0,-2.438439369E0,-1.287288427E0,3.415777069E0
5.231524259E1,1.959290743E0,-2.511144638E0,-1.328127503E0,3.450882535E0
5.232522624E1,1.984280348E0,-3.166004181E0,-1.326213002E0,3.964819277E0
5.233523817E1,2.899873734E0,-3.282819748E0,-1.228516340E0,4.549222523E0
5.234523634E1,2.962498188E0,-4.000986099E0,-1.141829729E0,5.107647248E0
5.235523712E1,3.918785334E0,-4.013677597E0,-1.114273071E0,5.719098777E0
5.236526916E1,3.910671949E0,-3.976800919E0,-1.109265447E0,5.686718779E0
5.237523848E1,4.438413620E0,-3.915703773E0,-1.113579035E0,6.022649730E0
5.238522603E1,4.369731426E0,-3.877545357E0,-1.124843001E0,5.949385053E0
5.239524884E1,4.296864510E0,-3.893866539E0,-1.163667202E0,5.914335347E0
5.240523666E1,4.195703983E0,-3.972739220E0,-1.209698677E0,5.903385445E0
5.241524468E1,4.020553589E0,-4.739775658E0,-1.249828100E0,6.339747213E0
5.242523765E1,3.791790962E0,-5.476021767E0,-1.263989329E0,6.779539963E0
5.243523843E1,2.788786888E0,-6.177821159E0,-1.181459188E0,6.880309034E0
5.244523765E1,1.746323705E0,-6.325535774E0,-1.063608408E0,6.647805063E0
5.245523530E1,-1.476801634E0,-7.208748817E0,-8.528425694E-1,7.407721851E0
5.246524598E1,-3.286086559E0,-7.254690170E0,-1.392903328E-1,7.965443876E0
5.247523739E1,-5.182284832E0,-7.283451080E0,-7.178080082E-2,8.939233088E0
5.248523973E1,-6.857431889E0,-7.257665634E0,4.863619804E-3,9.984893901E0
5.249526681E1,-8.150961876E0,-7.162596703E0,9.470391273E-2,1.085126444E1
5.250523817E1,-8.854060173E0,-7.042837143E0,1.051568985E-1,1.131401761E1
5.251524364E1,-8.806422234E0,-6.409908295E0,4.625236988E-2,1.089229710E1
5.252524103E1,-8.551385880E0,-6.350502968E0,-5.139386654E-2,1.065165385E1
5.253523765E1,-6.997556686E0,-6.254055023E0,-1.381661892E-1,9.386058476E0
5.254523817E1,-5.575562477E0,-6.092768669E0,-1.846783161E-1,8.260922047E0
5.255524499E1,-4.043582916E0,-5.094425201E0,-1.624342203E-1,6.506159836E0
5.256525384E1,-2.518163919E0,-4.932045937E0,1.218089938E0,5.670094333E0
5.257522244E1,-6.970477700E-1,-4.056455612E0,1.043631911E0,4.246160065E0
5.258524108E1,-4.846922159E-1,-3.900507927E0,1.067766070E0,4.072961209E0
5.259526687E1,-2.826997042E-1,-2.775729179E0,2.721632481E0,3.897675584E0
5.260524338E1,1.288676500E0,-1.826215744E0,2.853992462E0,3.625055040E0
5.261524598E1,1.420778871E0,-7.242870331E-1,3.895851135E0,4.209615229E0
5.262523765E1,1.422453165E0,3.786163330E-1,3.950897694E0,4.216196855E0
5.263524077E1,1.378591537E0,1.926272392E0,3.993694067E0,4.643342789E0
5.264523973E1,1.042789221E-2,4.889544487E0,3.889743567E0,6.248028413E0
5.265524025E1,5.091743171E-2,6.251813889E0,3.768351793E0,7.299879774E0
5.266524572E1,-1.232139826E0,7.378038883E0,3.612730026E0,8.306951580E0
5.267523817E1,-1.394024491E0,8.167882919E0,3.428628206E0,8.967335560E0
5.268523791E1,-2.463040590E0,8.296618462E0,3.198086023E0,9.226494516E0
5.269526187E1,-2.586584568E0,9.098752022E0,2.275174379E0,9.729035232E0
5.270523895E1,-3.431418180E0,1.020079422E1,2.088375092E0,1.096321777E1
5.271524312E1,-3.505710602E0,1.001697063E1,1.877072096E0,1.077743509E1
5.272523843E1,-3.584310055E0,1.003197193E1,1.044175148E0,1.070411328E1
5.273524499E1,-3.623087168E0,1.004571915E1,-1.489851624E-1,1.068014187E1
5.274522936E1,-3.644088507E0,1.005799389E1,-2.175112963E-1,1.069999688E1
5.275523114E1,-3.613256931E0,1.006816769E1,-2.838783860E-1,1.070066415E1
5.276523874E1,-3.549895763E0,9.877777100E0,-1.844535828E0,1.065713624E1
5.277523405E1,-3.427215099E0,9.884099007E0,-3.057679653E0,1.089911104E1
5.278523973E1,-3.326955318E0,9.887325287E0,-5.047120094E0,1.158884180E1
5.279526369E1,-3.829636812E0,9.888761520E0,-7.705777645E0,1.310849845E1
5.280523869E1,-3.610578060E0,6.291686058E0,-1.033802414E1,1.262918566E1
5.281524754E1,-2.381803513E0,2.383266449E0,-1.264543343E1,1.308663186E1
5.282523895E1,1.315519333E0,-5.578351974E0,-1.402576256E1,1.515158794E1
5.283523921E1,2.944417238E0,-8.156041145E0,-1.457943916E1,1.696321451E1
5.284523739E1,4.431165218E0,-9.625092506E0,-1.431802177E1,1.781245010E1
5.285524390E1,5.757723808E0,-9.779900551E0,-1.376132202E1,1.783737150E1
5.286524624E1,7.009627342E0,-9.703083992E0,-1.150323296E1,1.660147833E1
5.287523947E1,7.110946178E0,-7.140587807E0,-8.115365982E0,1.293880654E1
5.288523791E1,6.906962872E0,-3.724803925E0,-7.521698475E0,1.086997002E1
5.289526030E1,5.629388332E0,-2.753267288E-1,-4.553762913E0,7.245866026E0
5.290524207E1,3.586457729E0,2.384738922E0,-2.369086981E0,4.915509322E0
5.291526973E1,1.028769135E0,3.331922531E0,-1.447591782E-1,3.490133079E0
5.292525093E1,-5.953789949E-1,3.146492481E0,1.803276777E0,3.675146013E0
5.293526884E1,-1.993238330E0,8.828983307E-1,2.121636391E0,3.042014049E0
5.294524864E1,-2.899631739E0,-2.614231110E0,3.136463165E0,5.007940665E0
5.295524259E1,-3.183202028E0,-5.851297379E0,4.145915031E0,7.845958680E0
5.296524338E1,-4.137531757E0,-8.105891228E0,5.768386364E0,1.077492102E1
5.297523713E1,-4.257955074E0,-9.287119865E0,5.786257744E0,1.174144606E1
5.298524181E1,-4.156032562E0,-9.229535103E0,5.582405090E0,1.155941917E1
5.299526551E1,-3.079178572E0,-8.239319801E0,5.256355762E0,1.024680474E1
5.300524077E1,-2.126487017E0,-3.751448631E0,5.406708241E0,6.915765168E0
5.301524728E1,-1.263489127E0,-3.745307922E-1,6.254693985E0,6.392016500E0
5.302524754E1,-1.106322885E0,3.114728451E0,5.990175247E0,6.841614074E0
5.303523791E1,-9.582689404E-1,5.236391068E0,4.973215103E0,7.284980387E0
5.304523817E1,-8.185896277E-1,6.076362610E0,4.668925285E0,7.706564401E0
5.305524025E1,-6.633573771E-1,6.022639751E0,4.458307266E0,7.522548522E0
5.306524207E1,8.447985649E-1,4.503715992E0,4.289149284E0,6.276459506E0
5.307523791E1,9.207597971E-1,2.628483772E0,4.086226940E0,4.945096172E0
5.308523791E1,1.001310110E0,-6.958198547E-2,3.825843096E0,3.955317811E0
5.309529400E1,2.117098331E0,-1.269369125E-1,1.883539557E0,2.836536548E0
5.310524973E1,2.899852753E0,-2.244178772E0,1.795284986E0,4.082711419E0
5.311533801E1,3.077858448E0,-2.893677711E0,1.708601713E0,4.556962051E0
5.312523535E1,3.865935802E0,-2.830423355E0,1.624783158E0,5.059315795E0
5.313523770E1,3.825183153E0,-1.872838020E0,1.542446375E0,4.529755979E0
5.314524598E1,3.671040535E0,5.512237549E-4,2.037830353E-1,3.676692323E0
5.315524806E1,2.316570520E0,1.105536461E0,-8.016097546E-1,2.689105435E0
5.316524962E1,7.320752740E-1,2.627529621E0,-8.604764938E-1,2.860116416E0
5.317524910E1,-4.984344840E-1,3.916333199E0,-9.141298532E-1,4.052374125E0
5.318524546E1,-2.937191486E0,4.883148193E0,-8.365751505E-1,5.759521516E0
5.319529259E1,-3.163585663E0,4.864592075E0,-1.468344927E-1,5.804661116E0
5.320525067E1,-3.919082642E0,4.724781513E0,1.786243916E-2,6.138655241E0
5.321523666E1,-3.907319546E0,3.696399689E0,1.144864678E0,5.499202835E0
5.322524676E1,-2.986597061E0,3.015217781E0,1.203937769E0,4.411435869E0
5.323524676E1,-1.855029821E0,2.841505051E0,2.253258705E0,4.073384512E0
5.324524754E1,-6.116558909E-1,1.743280411E0,2.334252834E0,2.976891972E0
5.325524728E1,6.278522015E-1,1.602722168E0,2.396594524E0,2.950691792E0
5.326524858E1,7.525078654E-1,8.392333984E-3,2.414870262E0,2.529414340E0
5.327530280E1,8.760830760E-1,2.579784393E-2,2.322731018E0,2.482592691E0
5.328523739E1,2.488959312E0,-5.717849731E-2,2.138088465E0,3.281708415E0
5.329535244E1,2.600638151E0,-4.028987885E-2,1.015491128E0,2.792161224E0
5.330523379E1,2.621426821E0,-1.854896545E-2,1.015538216E0,2.811323622E0
5.331523666E1,2.552952051E0,9.035110474E-3,-1.567523479E-1,2.557775813E0
5.332522963E1,2.486694813E0,-1.146280289E0,-2.408304811E-1,2.748746789E0
5.333524884E1,2.426544189E0,-1.286531448E0,-3.190549612E-1,2.764973045E0
5.334524233E1,2.328825474E0,-2.300385475E0,-3.991458416E-1,3.297653533E0
5.335523843E1,2.292343855E0,-2.429889679E0,-4.882540107E-1,3.376032609E0
5.336523895E1,3.001224518E0,-3.565635681E0,-5.708880424E-1,4.695425388E0
5.337523765E1,3.913838387E0,-4.513750076E0,-5.625784397E-1,6.000713722E0
5.338523973E1,3.957649708E0,-4.569574356E0,-5.462671518E-1,6.069794791E0
5.339524754E1,4.766427040E0,-4.607989311E0,-5.253650546E-1,6.650443644E0
5.340524025E1,4.742420673E0,-4.665184021E0,-5.083110332E-1,6.671797052E0
5.341523687E1,4.684614182E0,-5.355857849E0,-5.005800724E-1,7.133120197E0
5.342523739E1,4.596158028E0,-5.410124779E0,-4.855961800E-1,7.115470637E0
5.343523739E1,4.414726257E0,-5.478072166E0,-5.257307291E-1,7.055173661E0
5.344524338E1,4.139833927E0,-5.547664642E0,-1.181278229E0,7.022124051E0
5.345531827E1,2.753552437E0,-5.606303215E0,-1.317003965E0,6.383352270E0
5.346523629E1,1.415299773E0,-5.678277016E0,-2.414162159E0,6.330409327E0
5.347526874E1,-1.043696880E0,-6.281776428E0,-2.510076284E0,6.844742597E0
5.348523780E1,-1.129159689E0,-6.337151527E0,-2.551311731E0,6.924137682E0
5.349525723E1,-3.920402527E0,-6.395268440E0,-2.508488655E0,7.909584675E0
5.350524103E1,-6.027757645E0,-6.480108261E0,-2.419781923E0,9.175020973E0
5.351524207E1,-7.977556705E0,-6.541192055E0,-2.268655539E0,1.056292585E1
5.352524129E1,-9.409729004E0,-6.558983803E0,-1.186691880E0,1.153132716E1
5.353524181E1,-1.006845188E1,-6.526697159E0,-4.789648056E-1,1.200836818E1
5.354524858E1,-9.849412918E0,-6.368194580E0,1.088746071E0,1.177922769E1
5.355523660E1,-8.194523811E0,-5.595813751E0,1.148909569E0,9.989161388E0
5.356523582E1,-6.353343964E0,-5.417803764E0,1.008621931E0,8.410403994E0
5.357523817E1,-4.247541428E0,-4.343452454E0,1.066414595E0,6.168016495E0
5.358523687E1,-2.092991114E0,-4.217732430E0,1.099698544E0,4.835205842E0
5.359524233E1,-7.370329648E-2,-3.514738083E0,1.086426377E0,3.679556799E0
5.360523791E1,1.404043674E0,-3.391162872E0,1.074572444E0,3.824399326E0
5.361523765E1,2.421712399E0,-2.363857269E0,2.423351049E0,4.162348188E0
5.362523739E1,2.694049597E0,-1.408299446E0,2.424456596E0,3.888341593E0
5.363532140E1,2.865646362E0,3.698654175E-1,2.471471548E0,3.802223180E0
5.364524192E1,2.907743454E0,3.901271820E-1,3.261574745E0,4.386917030E0
5.365537327E1,2.841530323E0,2.727896690E0,3.263286114E0,5.115149186E0
5.366524369E1,2.667395592E0,4.209882736E0,3.241411448E0,5.945154335E0
5.367523431E1,1.779261827E0,5.613984108E0,3.152438164E0,6.679854534E0
5.368523634E1,1.570867777E0,6.818655014E0,3.072173357E0,7.641984749E0
5.369524728E1,2.920046151E-1,7.706576347E0,3.028513193E0,8.285437698E0
5.370524285E1,2.787784338E-1,7.839180946E0,2.966809034E0,8.386443297E0
5.371523921E1,6.688320637E-2,8.576751709E0,2.877767801E0,9.046916091E0
5.372523739E1,-1.937866688E0,8.556754112E0,2.730020761E0,9.188382970E0
5.373523973E1,-2.088486195E0,8.507745743E0,2.558915854E0,9.126421125E0
5.374524676E1,-2.804220438E0,8.456492424E0,2.342235565E0,9.212056438E0
5.375523739E1,-2.873342752E0,8.403231621E0,1.349410892E0,8.982834185E0
5.376523713E1,-2.942289114E0,8.357978821E0,1.131030083E0,8.932642624E0
5.377523947E1,-2.997766495E0,8.329319000E0,-3.093873858E-1,8.857758154E0
5.378523869E1,-2.989378929E0,8.285497665E0,-3.686797023E-1,8.815995841E0
5.379524233E1,-2.891940832E0,8.213013649E0,-2.693115234E0,9.114262704E0
5.380523869E1,-2.818434000E0,8.066273689E0,-4.947105408E0,9.873307114E0
5.381533504E1,-2.822458267E0,6.788020134E0,-7.639451981E0,1.060210897E1
5.382523598E1,-2.748634815E0,5.129448891E0,-1.050771618E1,1.201159184E1
5.383540838E1,-2.469338417E0,2.840152740E0,-1.282613850E1,1.336689674E1
5.384524030E1,-9.159197807E-1,5.311489105E-2,-1.458721161E1,1.461603478E1
5.385526004E1,8.592504263E-1,-2.352078438E0,-1.561851120E1,1.581797953E1
5.386524051E1,1.044084549E0,-4.252163887E0,-1.557820797E1,1.618182851E1
5.387524077E1,2.645669222E0,-5.395029068E0,-1.533605003E1,1.647119713E1
5.388523765E1,3.519181252E0,-5.537847519E0,-1.475016975E1,1.614372632E1
5.389524754E1,4.555991650E0,-5.613071442E0,-1.262396526E1,1.454744410E1
5.390524155E1,4.589793682E0,-4.258879662E0,-8.270700455E0,1.037346365E1
5.391523765E1,4.293865204E0,-3.149798393E0,-5.056798458E0,7.343685652E0
5.392523739E1,2.440192223E0,-2.330730438E0,-2.730228186E0,4.340620740E0
5.393523817E1,9.278709888E-1,-2.415790558E0,-9.570984840E-1,2.759171270E0
5.394524416E1,-9.379293323E-1,-3.658014297E0,-6.120839119E-1,3.825627628E0
5.395523686E1,-2.426713705E0,-5.894330978E0,-2.679011822E-1,6.379956750E0
5.396523765E1,-3.351513147E0,-7.330110550E0,1.620734215E0,8.221310142E0
5.397523739E1,-3.556536913E0,-7.390289307E0,3.944182158E0,9.100654028E0
5.398523817E1,-3.727974653E0,-7.211979866E0,3.952876091E0,9.029710848E0
5.399537713E1,-3.834940672E0,-5.587781906E0,3.716977596E0,7.729553612E0
5.400523785E1,-3.778551102E0,-4.040526390E0,3.688809633E0,6.649106590E0
5.401541020E1,-3.026553392E0,-2.183249474E0,4.915415764E0,6.171540799E0
5.402523666E1,-1.775872350E0,-4.103603363E-1,6.758914471E0,7.000360207E0
5.403524259E1,-5.897253156E-1,2.864073753E0,8.304323196E0,8.804117114E0
5.404524676E1,4.337723255E-1,4.472667217E0,8.255313873E0,9.399101958E0
5.405524233E1,5.329804420E-1,4.572176456E0,8.016086578E0,9.243728130E0
5.406523921E1,6.304360032E-1,4.469100475E0,6.909440517E0,8.252919294E0
5.407524051E1,7.305282950E-1,2.945681572E0,5.831230164E0,6.573732329E0
5.408523843E1,6.305652261E-1,-2.201623917E-1,3.725943565E0,3.785332143E0
5.409524624E1,6.525465846E-1,-1.521739960E-1,2.230734110E0,2.329194848E0
5.410523817E1,6.744977832E-1,-8.886146545E-2,2.078917742E0,2.187405449E0
5.411524155E1,6.948858500E-1,-2.998924255E-2,8.271355629E-1,1.080702983E0
5.412523791E1,7.153481245E-1,2.455234528E-2,5.910201073E-1,9.282405529E-1
5.413523660E1,5.347465277E-1,-2.470493317E-2,4.338023663E-1,6.890200836E-1
5.414524312E1,5.537856817E-1,1.671218872E-2,3.406176567E-1,6.503677933E-1
5.415523843E1,5.685757995E-1,1.357600212E0,2.706060410E-1,1.496524108E0
5.416523634E1,5.832385421E-1,2.175730705E0,2.270550728E-1,2.263962302E0
5.417535999E1,-6.328317523E-1,2.327683449E0,1.522537470E-1,2.416974859E0
5.418523989E1,-8.087648749E-1,3.116010666E0,9.331738949E-2,3.220610381E0
5.419525327E1,-1.876142144E0,3.161971569E0,2.222859859E-2,3.676746885E0
5.420523249E1,-2.003086329E0,3.200975418E0,-6.342911720E-2,3.776588635E0
5.421523483E1,-2.117597103E0,3.228358746E0,-1.077898741E-1,3.862400334E0
5.422523973E1,-2.182857752E0,3.221326351E0,-7.343280315E-2,3.891940879E0
5.423523687E1,-2.160429716E0,3.169721603E0,6.731390953E-2,3.836550894E0
5.424524364E1,-1.982365370E0,3.077009678E0,1.186697960E0,3.847858244E0
5.425524077E1,-7.661308050E-1,3.004341125E0,1.235165834E0,3.337462606E0
5.426524025E1,6.388789415E-1,2.236780167E0,2.840279102E0,3.671312735E0
5.427523713E1,2.078169346E0,2.087421894E0,3.462152004E0,4.545614864E0
5.428523895E1,2.836245298E0,1.044356346E0,3.439621449E0,4.578860478E0
5.429524884E1,3.015781403E0,-3.719711304E-2,3.269481182E0,4.448126380E0
5.430524077E1,3.988038540E0,-1.540470123E-2,1.199851274E0,4.164652660E0
5.431523843E1,4.001277924E0,1.038169861E-2,1.201127410E0,4.177683551E0
5.432522702E1,3.968179703E0,-6.361007690E-2,8.159291744E-2,3.969528158E0
5.433523843E1,3.795824051E0,-3.406906128E-2,-1.212620735E-1,3.797913298E0
5.434524806E1,3.538042545E0,-4.484176636E-3,-1.116172910E0,3.709933574E0
5.435523858E1,2.453119278E0,-1.484320641E0,-1.198371172E0,3.107586752E0
5.436525619E1,2.214929342E0,-1.513444901E0,-1.228857994E0,2.950681180E0
5.437523588E1,1.448347807E0,-1.593356133E0,-1.190392256E0,2.460392013E0
5.438523697E1,1.284070373E0,-2.331754684E0,-1.104405403E0,2.881948633E0
5.439523666E1,1.175464749E0,-2.459552765E0,-3.685170412E-1,2.750803881E0
5.440523744E1,1.135808587E0,-3.366854668E0,-3.647544980E-1,3.571948676E0
5.441525015E1,1.176471353E0,-3.457680702E0,-4.211021662E-1,3.676542903E0
5.442524572E1,2.122181654E0,-4.081253052E0,-5.178335905E-1,4.629085555E0
5.443524650E1,2.164155006E0,-4.150465965E0,-1.288043261E0,4.854790424E0
5.444524962E1,3.086483479E0,-4.963243484E0,-1.352975726E0,5.999225739E0
5.445524858E1,3.059162140E0,-5.068873405E0,-1.370499492E0,6.077023898E0
5.446525770E1,2.998253584E0,-5.800676346E0,-1.399835348E0,6.678091765E0
5.447524780E1,2.852521181E0,-5.862663269E0,-1.417476058E0,6.672101323E0
5.448525015E1,1.871623635E0,-5.974822998E0,-1.364879489E0,6.408149570E0
5.449524546E1,5.976217985E-1,-6.761257172E0,-1.197742820E0,6.892484183E0
5.450524858E1,-1.093884945E0,-6.816101074E0,-6.941950321E-2,6.903668387E0
5.451524728E1,-2.812551498E0,-6.803815842E0,8.608436584E-2,7.362728194E0
5.452524910E1,-4.487222672E0,-6.776887894E0,1.152857900E0,8.209169152E0
5.453536249E1,-5.862826347E0,-6.770678520E0,1.206009269E0,9.037105663E0
5.454524192E1,-6.969959259E0,-6.783123016E0,1.257646203E0,9.806771329E0
5.455524650E1,-7.705234528E0,-6.831315041E0,1.307742238E0,1.038015867E1
5.456524723E1,-7.718940258E0,-6.885325432E0,1.118568301E0,1.040389062E1
5.457523692E1,-7.564141273E0,-6.927622795E0,1.127623796E0,1.031890141E1
5.458524546E1,-6.515224457E0,-6.947533607E0,1.105547428E0,9.588462237E0
5.459523895E1,-5.259652138E0,-6.948506355E0,1.086806417E0,8.782188188E0
5.460523817E1,-3.888984919E0,-6.919508934E0,1.071519375E0,8.009491954E0
5.461524025E1,-2.604108810E0,-6.844594002E0,8.597545028E-1,7.373535621E0
5.462523921E1,-4.303248227E-1,-5.646535873E0,3.423310518E0,6.617220091E0
5.463523869E1,-2.616452575E-1,-4.725399017E0,3.463624716E0,5.864686717E0
5.464524963E1,-1.015013158E-1,-3.572865486E0,3.469036818E0,4.980952393E0
5.465523817E1,1.279056072E0,-2.365832329E0,3.429387569E0,4.358192991E0
5.466523634E1,1.385391951E0,-1.231556892E0,3.371082544E0,3.847108103E0
5.467523999E1,1.406286240E0,4.135808945E-1,3.238362312E0,3.554670253E0
5.468523817E1,1.350578785E0,4.380092621E-1,3.090694427E0,3.401221429E0
5.469524416E1,1.250462055E0,2.734640121E0,2.927186966E0,4.196467023E0
5.470523895E1,-7.724685222E-2,4.058725357E0,2.737630367E0,4.896308674E0
5.471534588E1,-4.234225675E-2,4.968914986E0,2.617974043E0,5.616555625E0
5.472523410E1,-8.020395413E-3,5.769027710E0,2.441432714E0,6.264370578E0
5.473526645E1,2.554346807E-2,5.914924145E0,1.661625147E0,6.143938333E0
5.474524395E1,5.893522501E-2,6.915739059E0,1.442025900E0,7.064726378E0
5.475522358E1,-1.076426283E-1,6.978820801E0,-2.759083509E-1,6.985102156E0
5.476523556E1,-1.634355664E0,7.622162342E0,-3.150808215E-1,7.801778844E0
5.477523843E1,-1.765026450E0,7.608851433E0,-3.519876897E-1,7.818812815E0
5.478523660E1,-1.868293285E0,7.559674263E0,-3.894225061E-1,7.796848379E0
5.479524728E1,-2.570785284E0,7.509725571E0,-2.268258810E0,8.255296067E0
5.480524338E1,-2.592213631E0,6.339221954E0,-3.920371056E0,7.891426722E0
5.481523817E1,-2.489409447E0,5.486580372E0,-4.598309517E0,7.579193492E0
5.482523895E1,-1.583819866E0,4.506515503E0,-4.725305080E0,6.719053166E0
5.483523791E1,1.889721602E-1,3.228861809E0,-5.979699135E0,6.798386632E0
5.484524312E1,9.209370613E-2,2.019531250E0,-7.294367790E0,7.569332149E0
5.485523634E1,1.461667061E0,1.715698242E-1,-8.571080208E0,8.696512101E0
5.486523791E1,2.986745358E0,1.924839020E-1,-9.989696503E0,1.042840995E1
5.487523739E1,4.657989025E0,-9.380607605E-1,-9.794015884E0,1.088575064E1
5.488524025E1,6.143849373E0,-1.687539101E0,-9.567463875E0,1.149482659E1
5.489528457E1,7.092626095E0,-1.816171646E0,-9.436248779E0,1.194347585E1
5.490523567E1,7.218683720E0,-2.579785347E0,-9.152865410E0,1.193899628E1
5.491537348E1,7.912124634E0,-2.651201248E0,-8.819878578E0,1.214169850E1
5.492523858E1,7.762701511E0,-2.729578018E0,-7.260075092E0,1.097355099E1
5.493523895E1,7.469409943E0,-2.847126007E0,-5.563440800E0,9.739100827E0
5.494524442E1,6.280532360E0,-2.990549088E0,-3.975704193E0,8.012159160E0
5.495523817E1,4.929467201E0,-3.140099525E0,-2.359996080E0,6.303130446E0
5.496523869E1,3.466706514E0,-3.274100304E0,-8.580999374E-1,4.845010047E0
5.497523973E1,2.410804033E0,-3.429818153E0,5.492558479E-1,4.228156884E0
5.498523869E1,2.164999008E0,-4.175374031E0,2.718480349E0,5.432412393E0
5.499524494E1,2.149600029E0,-4.289924622E0,2.839680672E0,5.575663177E0
5.500523817E1,3.261061907E0,-4.384045601E0,1.735089421E0,5.732793027E0
5.501523739E1,3.903533459E0,-4.478564262E0,1.589544058E0,6.149939969E0
5.502523739E1,4.470646858E0,-4.525526047E0,2.427439690E-1,6.366002982E0
5.503523843E1,4.479956627E0,-4.557301521E0,-1.094003916E0,6.483506235E0
5.504524312E1,4.992515564E0,-4.529359818E0,-2.632416248E0,7.236706939E0
5.505523869E1,4.850382328E0,-4.461121559E0,-4.010494232E0,7.714394226E0
5.506523895E1,4.616716385E0,-4.337878227E0,-4.206017494E0,7.604067389E0
5.507525463E1,3.407315016E0,-3.443811417E0,-4.208262920E0,6.417095098E0
5.508524952E1,3.143429995E0,-3.330397606E0,-4.124681473E0,6.163253816E0
5.509526619E1,2.231966972E0,-2.523801804E0,-3.385614157E0,4.776362144E0
5.510523759E1,2.211511612E0,-2.464757919E0,-2.572220802E0,4.193105659E0
5.511523817E1,3.183051109E0,-2.420734406E0,-1.315931082E0,4.209922094E0
5.512524181E1,4.485724926E0,-2.416305542E0,2.562837601E-1,5.101562697E0
5.513523843E1,6.745382786E0,-2.453804016E0,2.495749474E0,7.599349216E0
5.514524858E1,6.641899109E0,-2.532122612E0,2.549448967E0,7.551566641E0
5.515524051E1,1.018335152E1,-2.723089218E0,5.800415039E0,1.203165315E1
5.516523634E1,1.021046829E1,-2.834432602E0,6.551402092E0,1.245827196E1
5.517523973E1,1.012394905E1,-2.910906792E0,6.599758625E0,1.243078986E1
5.518524442E1,9.786619186E0,-2.950489044E0,6.511877060E0,1.211972952E1
5.519524520E1,8.007792473E0,-2.917602539E0,6.363193989E0,1.063613570E1
5.520523765E1,5.669250488E0,-2.833247185E0,6.081643105E0,8.783739156E0
5.521523660E1,3.663810253E0,-1.882950783E0,5.047775269E0,6.515293116E0
5.522523869E1,1.253893375E0,-1.782777786E0,4.681159973E0,5.163700604E0
5.523523817E1,-1.149227619E0,-7.506942749E-1,3.394016266E0,3.661094430E0
5.524526838E1,-3.305049419E0,-7.913341522E-1,3.077069283E0,4.584530159E0
5.525524843E1,-5.011576176E0,5.020637512E-1,1.166453242E0,5.169968756E0
5.526522718E1,-6.743046761E0,5.943355560E-1,1.040922046E0,6.848754126E0
5.527522093E1,-7.885772228E0,1.555882454E0,7.283874154E-1,8.070732437E0
5.528523588E1,-8.743453979E0,1.647487164E0,6.228359938E-1,8.919087740E0
5.529524702E1,-8.881113052E0,2.456600189E0,5.305525064E-1,9.229872128E0
5.530524676E1,-9.729051590E0,2.567854404E0,-5.687664747E-1,1.007828440E1
5.531523712E1,-9.716339111E0,2.688716888E0,-6.548602581E-1,1.010273657E1
5.532523353E1,-9.708543777E0,2.818665028E0,2.447813302E-1,1.011239896E1
5.533523739E1,-1.035111809E1,4.424922943E0,2.959571779E-1,1.126113579E1
5.534524207E1,-1.023307991E1,5.557946205E0,3.066734672E-1,1.164906602E1
5.535523843E1,-1.064681053E1,7.023405552E0,3.151074648E-1,1.275860857E1
5.536524025E1,-1.044945145E1,9.148669243E0,2.361361504E0,1.408776819E1
5.537523660E1,-1.023801231E1,9.264751434E0,2.472504377E0,1.402732309E1
5.538523791E1,-1.000567627E1,1.173048306E1,3.556853533E0,1.582305272E1
5.553916171E1,0.000000000E0,0.000000000E0,0.000000000E0,0.000000000E0
5.554910911E1,-3.915464878E-2,5.278587341E-4,1.000022888E-2,4.041496918E-2
5.555911197E1,-1.569983959E-1,1.181411743E-2,-1.280337334E0,1.289981301E0
5.556911145E1,-1.555479765E-1,8.667945862E-3,-1.124374390E0,1.135115886E0
5.557910989E1,-1.242146492E-1,-1.393175125E-2,-1.670946121E0,1.675614607E0
5.558911119E1,-5.114078522E-2,-5.621194839E-2,-1.524231911E0,1.526125185E0
5.559912994E1,4.330754280E-2,-1.016068459E-1,-2.009298325E0,2.012331795E0
5.560909906E1,1.117556453E0,-1.499962807E-1,-1.862222672E0,2.176994393E0
5.561913577E1,1.041800857E0,-1.878685951E-1,-1.778813839E0,2.069981234E0
5.562910442E1,9.834553003E-1,-2.308998108E-1,-2.301835537E0,2.513751358E0
5.563911067E1,9.381673932E-1,-2.556986809E-1,-2.164806843E0,2.373168460E0
5.564910317E1,9.029237032E-1,-2.748346329E-1,-2.073731899E0,2.278413764E0
5.565911275E1,6.898577809E-1,-2.756934166E-1,-1.996574402E0,2.130309827E0
5.566909947E1,6.812005639E-1,-2.661767006E-1,-1.935040951E0,2.068639100E0
5.567910208E1,6.761255264E-1,-2.435326576E-1,-1.872406483E0,2.005582190E0
5.568910364E1,6.740005016E-1,-2.054600716E-1,-1.818099499E0,1.949865714E0
5.569910104E1,6.743337512E-1,-1.592941284E-1,-1.761485577E0,1.892863456E0
5.570910104E1,4.872635603E-1,-1.064658165E-1,-1.707738876E0,1.779082015E0
5.571910859E1,5.009003282E-1,-6.214570999E-2,-1.647218227E0,1.722814882E0
5.572909895E1,5.151432157E-1,-1.096153259E-2,-1.576574326E0,1.658637782E0
5.573909895E1,5.299094319E-1,3.651237488E-2,-1.507065296E0,1.597930839E0
5.574910025E1,5.451307893E-1,9.019136429E-2,-1.438735962E0,1.541188901E0
5.575910077E1,3.690836430E-1,1.395850182E-1,-1.376329899E0,1.431778860E0
5.576910442E1,3.927203119E-1,1.852993965E-1,-1.300282955E0,1.370875951E0
5.577910911E1,4.160772264E-1,2.325649261E-1,-1.217721462E0,1.307689666E0
5.578909947E1,4.391854703E-1,2.716155052E-1,-1.125199795E0,1.238036122E0
5.579912817E1,4.620717168E-1,3.131399155E-1,-1.034002304E0,1.175043677E0
5.580909822E1,2.916554213E-1,3.472208977E-1,-9.536547661E-1,1.055974739E0
5.581910369E1,3.206002712E-1,3.749623299E-1,-8.732290268E-1,1.002950755E0
5.582909952E1,3.489679992E-1,4.115495682E-1,-8.024554253E-1,9.669986665E-1
5.583909947E1,3.768127263E-1,4.555878639E-1,-7.353076935E-1,9.435176397E-1
5.584910390E1,2.492594272E-1,5.767846107E-1,-6.629791260E-1,9.134287442E-1
5.585910494E1,2.809948921E-1,6.362824440E-1,-6.325297356E-1,9.401634668E-1
5.586910494E1,3.120783567E-1,7.042212486E-1,-6.096520424E-1,9.823421403E-1
5.587910077E1,3.425627053E-1,1.295279503E0,-5.933008194E-1,1.465299990E0
5.588910468E1,3.724952936E-1,1.293338299E0,-5.634675026E-1,1.459099834E0
5.589910051E1,2.070466727E-1,1.288321972E0,-5.222272873E-1,1.405476136E0
5.590909531E1,2.408705056E-1,1.290324688E0,-4.522299767E-1,1.388332940E0
5.591910416E1,2.740199864E-1,1.293592930E0,-3.482689857E-1,1.367392009E0
5.592909999E1,3.065433204E-1,1.297996998E0,4.306616783E-1,1.401511504E0
5.593909843E1,3.384841681E-1,1.308216095E0,5.302596092E-1,1.451611565E0
5.594910025E1,1.744277328E-1,1.323446274E0,1.277525902E0,1.847703305E0
5.595909947E1,2.096626759E-1,1.333398819E0,1.346124172E0,1.906295133E0
5.596913202E1,2.442352176E-1,1.343669891E0,1.401766777E0,1.957051281E0
5.597911093E1,2.781876624E-1,1.354249954E0,1.436666965E0,1.993838831E0
5.598909817E1,3.115587234E-1,1.355520725E0,1.429769993E0,1.994679801E0
5.599910416E1,1.484657079E-1,1.353666782E0,1.382307529E0,1.940420040E0
5.600910390E1,1.846964061E-1,1.334763050E0,1.290578842E0,1.865823923E0
5.601910624E1,2.202905864E-1,1.296504021E0,1.151461601E0,1.747945776E0
5.602910494E1,2.552849948E-1,1.222497940E0,4.062747955E-1,1.313290087E0
5.603910156E1,2.897135913E-1,1.132410049E0,3.508553505E-1,1.220404016E0
5.604909635E1,1.273114979E-1,1.028698921E0,3.362641335E-1,1.089726230E0
5.605909999E1,2.036095113E-1,3.576550484E-1,4.422483444E-1,6.041171781E-1
5.606910442E1,1.619120717E0,2.785825729E-1,5.483541489E-1,1.732008204E0
5.607910130E1,1.645093441E0,2.004194260E-1,1.271059990E0,2.088562633E0
5.608910494E1,1.664376974E0,1.279907227E-1,1.296243668E0,2.113475806E0
5.609909583E1,1.653799057E0,7.508563995E-2,1.305888653E0,2.108562152E0
5.610910051E1,1.607929587E0,3.424215317E-2,1.292529583E0,2.063308703E0
5.611910416E1,1.522136331E0,1.350021362E-2,1.240112305E0,1.963405153E0
5.612909869E1,1.397304535E0,5.271911621E-3,1.163828373E0,1.818511545E0
5.613909947E1,-6.416189671E-2,1.266288757E-2,1.057472229E0,1.059492620E0
5.614911859E1,-2.379018068E-2,1.417827606E-2,9.398822784E-1,9.402902177E-1
5.615911015E1,1.596421562E-2,5.797386169E-3,2.709321976E-1,2.714640336E-1
5.616910916E1,5.512892827E-2,-1.110172272E-2,2.503833771E-1,2.566208926E-1
5.617910442E1,9.372997284E-2,-4.015398026E-2,2.274222374E-1,2.492358802E-1
5.618910025E1,-6.530959159E-2,-7.481098175E-2,2.024183273E-1,2.254666383E-1
5.619909947E1,-2.494802326E-2,-1.142539978E-1,1.660208702E-1,2.030746395E-1
5.620910520E1,1.483997516E-2,-1.577739716E-1,1.198482513E-1,1.986868247E-1
5.621910343E1,5.407830700E-2,-2.047538757E-1,5.563259125E-2,2.189602661E-1
5.622909869E1,9.278956056E-2,-2.401432991E-1,-2.890491486E-2,2.590640862E-1
5.623909895E1,-2.684762701E-2,-2.717943192E-1,-7.356882095E-1,7.847484238E-1
5.624909895E1,1.297931373E-2,-2.730922699E-1,-8.077678680E-1,8.527817887E-1
5.625910364E1,5.229127035E-2,-2.592844963E-1,-8.930406570E-1,9.313884486E-1
5.626910650E1,9.110804647E-2,-2.372941971E-1,-1.483170986E0,1.504794134E0
5.627910130E1,-6.801989675E-2,-2.034235001E-1,-1.497226715E0,1.512513029E0
5.628909921E1,-2.766964957E-2,-1.738677025E-1,-1.497553349E0,1.507866579E0
5.629909973E1,1.217812207E-2,-1.383905411E-1,-1.486038208E0,1.492517941E0
5.630910182E1,5.154180154E-2,-1.026878357E-1,-1.474018574E0,1.478489805E0
5.631910494E1,9.043888748E-2,-6.198978424E-2,-1.456753254E0,1.460873700E0
5.632953296E1,-6.873299927E-2,-7.328510284E-3,-1.439843178E0,1.441501408E0
5.633911124E1,-2.839496359E-2,4.479598999E-2,-1.423282146E0,1.424269997E0
5.634909463E1,1.147009246E-2,9.951257706E-2,-1.402214527E0,1.405787998E0
5.635910077E1,5.087848008E-2,1.564073563E-1,-1.386992931E0,1.396710876E0
5.636910708E1,8.984576911E-2,2.296714783E-1,-1.376865387E0,1.398777875E0
5.637909765E1,-6.936597824E-2,3.073129654E-1,-1.380877972E0,1.416360431E0
5.638910208E1,-2.903968841E-2,3.838043213E-1,-1.377733231E0,1.430488698E0
5.639910312E1,1.083986741E-2,4.640688896E-1,-1.363564491E0,1.440411594E0
5.640910390E1,5.028725788E-2,1.054138660E0,-1.330182076E0,1.697975700E0
5.641910650E1,-6.897111237E-2,1.125185490E0,-1.220653534E0,1.661563857E0
5.642909999E1,-2.866615541E-2,1.175413609E0,-1.150084019E0,1.644722515E0
5.643910025E1,1.121578272E-2,1.236908436E0,-1.082738400E0,1.643894983E0
5.644910077E1,5.068778247E-2,1.298395634E0,-1.013415337E0,1.647850454E0
5.645910624E1,8.976239711E-2,1.364680290E0,-9.473223686E-1,1.663679432E0
5.646910572E1,-6.952812523E-2,1.435063839E0,-8.743958473E-1,1.681906799E0
5.647909999E1,-2.923284844E-2,1.489511013E0,-7.956380844E-1,1.688945700E0
5.648909635E1,1.066054590E-2,1.530110359E0,-7.119202614E-1,1.687655716E0
5.649910051E1,5.016387254E-2,1.558684826E0,-6.240000725E-1,1.679699643E0
5.650911833E1,8.928849548E-2,1.571967602E0,-1.060485840E-2,1.574537087E0
5.651911249E1,-7.003158331E-2,1.576859474E0,4.757308960E-2,1.579130591E0
5.652909838E1,-2.974556945E-2,1.574490547E0,1.270961761E-1,1.579891996E0
5.653909848E1,1.015768945E-2,1.556126595E0,2.104616165E-1,1.570327115E0
5.654909973E1,4.968892410E-2,1.538511276E0,2.873558998E-1,1.565905281E0
5.655910364E1,8.885847032E-2,1.521577835E0,3.488440514E-1,1.563581500E0
5.656910755E1,-7.048884779E-2,1.490683556E0,4.115004539E-1,1.548043528E0
5.657910182E1,-3.021167964E-2,1.442866802E0,4.751119614E-1,1.519377744E0
5.658910520E1,9.700136259E-3,1.375575542E0,5.346312523E-1,1.475849837E0
5.659910364E1,8.890632540E-2,1.176455021E0,6.540384293E-1,1.348968872E0
5.660909765E1,-7.047004253E-2,4.328742027E-1,7.177982330E-1,8.411779869E-1
5.661910911E1,-3.020508401E-2,3.604536057E-1,7.869610786E-1,8.661102056E-1
5.662910208E1,9.710475802E-3,2.632217407E-1,8.461608887E-1,8.862100359E-1
5.663909973E1,4.928559810E-2,1.737427711E-1,8.918046951E-1,9.099072672E-1
5.664910208E1,8.852893859E-2,8.621072769E-2,9.207882881E-1,9.290429129E-1
5.665910130E1,-7.087045908E-2,5.314350128E-3,9.352965355E-1,9.379927897E-1
5.666910650E1,-3.061320633E-2,-6.002044678E-2,9.323744774E-1,9.348057491E-1
5.667910833E1,9.309216402E-3,-1.166577339E-1,9.094705582E-1,9.169691296E-1
5.668913848E1,4.890504107E-2,-1.656966209E-1,8.887162209E-1,9.053527459E-1
5.669910265E1,8.818223327E-2,-2.129640579E-1,8.649868965E-1,8.951715631E-1
5.670909088E1,-7.123858482E-2,-2.586536407E-1,8.435692787E-1,8.852038013E-1
5.671909874E1,-3.098867834E-2,-3.078012466E-1,8.241834641E-1,8.803296474E-1
5.672910963E1,8.939803578E-3,-3.647775650E-1,8.017168045E-1,8.808475615E-1
5.673911197E1,4.855445027E-2,-4.382367134E-1,7.619991302E-1,8.803701643E-1
5.674910937E1,8.786261827E-2,-5.210776329E-1,7.024769783E-1,8.790424587E-1
5.675911301E1,-7.157817483E-2,-5.973920822E-1,6.258158684E-1,8.681280068E-1
5.676910781E1,-3.133526444E-2,-6.631107330E-1,5.197391510E-1,8.431052889E-1
5.677911301E1,4.829606041E-2,-7.868485451E-1,-2.706232071E-1,8.334866901E-1
5.678910755E1,8.763217926E-2,-8.312411308E-1,-3.514122963E-1,9.067148496E-1
5.679910729E1,-7.182776183E-2,-8.593215942E-1,-4.407420158E-1,9.684246766E-1
5.680910833E1,-3.159200028E-2,-8.683471680E-1,-1.060280323E0,1.370846170E0
5.681910729E1,8.346175775E-3,-8.510808945E-1,-1.074575901E0,1.370810605E0
5.682910885E1,4.799328372E-2,-8.061261177E-1,-1.095803738E0,1.361223165E0
5.683911510E1,8.735565096E-2,-7.420310974E-1,-1.108431816E0,1.336735670E0
5.684910937E1,-7.212172449E-2,-6.516237259E-1,-1.118455887E0,1.296440741E0
5.685911067E1,-3.189228475E-2,-5.481753349E-1,-1.135958195E0,1.261710876E0
5.686911661E1,8.050211705E-3,9.922456741E-2,-1.159949780E0,1.164213817E0
5.687910083E1,4.771183059E-2,1.288928986E-1,-1.179824829E0,1.187803193E0
5.688909150E1,8.709845692E-2,1.740508080E-1,-1.181499004E0,1.197422115E0
5.689909848E1,-7.239528000E-2,2.180180550E-1,-1.177106380E0,1.199313295E0
5.690911041E1,-3.217186034E-2,2.511730194E-1,-1.152836323E0,1.180319661E0
5.691909947E1,7.774519734E-3,2.749080658E-1,-1.111317158E0,1.144840912E0
5.692910364E1,4.744952172E-2,2.953124046E-1,-1.064590454E0,1.105809074E0
5.693909921E1,8.685864508E-2,3.079352379E-1,-1.003633499E0,1.053398659E0
5.694910546E1,-7.265046984E-2,3.235330582E-1,-9.401063919E-1,9.968709839E-1
5.695910468E1,7.300856989E-3,3.503737450E-1,-7.895274162E-1,8.638105143E-1
5.696910885E1,4.698966444E-2,3.599038124E-1,-7.088160515E-1,7.963409933E-1
5.697910286E1,8.642110229E-2,3.776555061E-1,-6.283555031E-1,7.381889504E-1
5.698910051E1,-7.310110331E-2,4.074177742E-1,-5.481743813E-1,6.868974933E-1
5.699909973E1,-3.288755193E-2,4.476008415E-1,-4.731721878E-1,6.521656413E-1
5.700909895E1,7.066855207E-3,5.065655708E-1,-3.978552818E-1,6.441641431E-1
5.701910468E1,4.676706344E-2,5.818195343E-1,-3.076972961E-1,6.598323687E-1
5.702909999E1,8.621790260E-2,1.178690910E0,-2.242007256E-1,1.202918016E0
5.703909817E1,-7.331804931E-2,1.213632107E0,-1.416816711E-1,1.224071944E0
5.704911551E1,-3.310981393E-2,1.262609959E0,4.835724831E-1,1.352450559E0
5.705910807E1,6.847387645E-3,1.323763847E0,5.124993324E-1,1.419525687E0
5.706910682E1,4.655820504E-2,1.390593052E0,5.519027710E-1,1.496834450E0
5.707909822E1,8.602717519E-2,1.462317944E0,6.150193214E-1,1.588717473E0
5.708909895E1,-7.352177054E-2,1.523627758E0,7.035937309E-1,1.679848545E0
5.709910104E1,-3.331860900E-2,1.575844288E0,7.898688316E-1,1.763033783E0
5.710909765E1,6.641141605E-3,1.605493069E0,1.381999016E0,2.118389336E0
5.711910833E1,4.636185244E-2,1.620376587E0,1.392966747E0,2.137317493E0
5.712910025E1,8.584779501E-2,1.612660885E0,1.382006645E0,2.125555772E0
5.713909973E1,-3.395130858E-2,1.493556976E0,1.331701756E0,2.001323237E0
5.714909843E1,1.084472537E0,1.378282070E0,1.287833214E0,2.175834675E0
5.715910077E1,1.162741661E0,5.995187759E-1,1.234141350E0,1.798470407E0
5.716910312E1,1.269046307E0,5.113744736E-1,1.201210499E0,1.820683675E0
5.717909921E1,2.046422720E0,4.001951218E-1,1.181488991E0,2.396647308E0
5.718909947E1,2.094080687E0,-3.043837547E-1,1.187911510E0,2.426717361E0
5.719910051E1,2.153629303E0,-3.583621979E-1,1.217079639E0,2.499565060E0
5.720909869E1,2.199101686E0,-4.245967865E-1,1.251389027E0,2.565600350E0
5.721910963E1,2.232305288E0,-4.770617485E-1,1.280396938E0,2.617286979E0
5.722910479E1,2.225548983E0,-5.223917961E-1,1.275506973E0,2.617800508E0
5.723911286E1,2.198670626E0,-5.517292023E-1,1.231371403E0,2.579696332E0
5.724910291E1,2.134792328E0,-5.573763847E-1,1.138482094E0,2.482770266E0
5.725909770E1,2.053401947E0,-5.472855568E-1,4.917812347E-1,2.181245016E0
5.726910572E1,1.961709499E0,-5.381450653E-1,3.767228127E-1,2.068773634E0
5.727909921E1,1.861116052E0,-5.200805664E-1,-4.018845558E-1,1.973764918E0
5.728909869E1,1.777242661E0,-5.089011192E-1,-4.887995720E-1,1.912196864E0
5.729910572E1,1.693340063E0,-5.037221909E-1,-5.934023857E-1,1.863669232E0
5.730909817E1,1.557469487E0,-5.391230583E-1,-1.331264973E0,2.118639021E0
5.731910624E1,1.500027418E0,-5.732927322E-1,-1.374226093E0,2.113585619E0
5.732908937E1,1.458840489E0,-6.173105240E-1,-1.425389290E0,2.130967500E0
5.733909739E1,1.417190909E0,-6.503558159E-1,-1.469024181E0,2.142294286E0
5.734910104E1,1.370287895E0,-6.738309860E-1,-1.506084442E0,2.144767461E0
5.735909999E1,1.294441700E0,-6.840839386E-1,-1.522763252E0,2.112429424E0
5.736910520E1,1.212972879E0,-6.877036095E-1,-1.502171993E0,2.049575604E0
5.737909869E1,1.131542206E0,-6.757879257E-1,-1.439392090E0,1.951647169E0
5.738910051E1,1.035553932E0,-6.649990082E-1,-1.344807625E0,1.822938061E0
5.739909869E1,-1.854206622E-1,-6.649618149E-1,-6.933326721E-1,9.783993211E-1
5.740910062E1,-1.446862221E-1,-6.645250320E-1,-6.208572388E-1,9.208644482E-1
5.741911312E1,-3.031551242E-1,-6.588611603E-1,-5.329775810E-1,9.000367546E-1
5.742910885E1,-2.618393600E-1,-6.535325050E-1,-4.366202354E-1,8.284333501E-1
5.743909900E1,-2.207356840E-1,-6.387376785E-1,-3.573465347E-1,7.644649175E-1
5.744909921E1,-1.798409522E-1,-6.010670662E-1,-2.978754044E-1,6.945172011E-1
5.745910286E1,-1.391520947E-1,-5.483832359E-1,-2.556810379E-1,6.208544693E-1
5.746910676E1,-2.976856530E-1,-4.777770042E-1,-2.334361076E-1,6.094095750E-1
5.747910468E1,-2.564286590E-1,-3.964881897E-1,-2.236933708E-1,5.224914027E-1
5.748910156E1,-1.755763292E-1,-2.277994156E-1,-2.133789062E-1,3.581203412E-1
5.749909999E1,-1.349245310E-1,4.173889160E-1,-2.010960579E-1,4.825533761E-1
5.750909869E1,-2.935134172E-1,4.563622475E-1,-1.756362915E-1,5.703198523E-1
5.751910676E1,-2.156307697E-1,5.113806725E-1,-1.470041275E-1,5.741228392E-1
5.752910025E1,-1.391814351E-1,5.682520866E-1,-1.066741943E-1,5.946942825E-1
5.753909947E1,-6.412018836E-2,6.359992027E-1,-5.079364777E-2,6.412381610E-1
5.754909973E1,9.526893497E-3,7.131185532E-1,1.866960526E-2,7.134265111E-1
5.755909765E1,-1.173133031E-1,7.974481583E-1,1.014013290E-1,8.123842722E-1
5.756910390E1,-4.408467934E-2,1.430510998E0,2.038631439E-1,1.445636661E0
5.757909921E1,2.761087753E-2,1.433991432E0,8.162498474E-1,1.650259859E0
5.758910932E1,9.787379205E-2,1.425506592E0,8.524904251E-1,1.663847423E0
5.759911234E1,1.667819321E-1,1.421496391E0,8.943119049E-1,1.687679468E0
5.760910005E1,3.534805775E-2,1.421153069E0,9.509968758E-1,1.710356860E0
5.761913124E1,1.026956663E-1,1.423792839E0,1.006191254E0,1.746468805E0
5.762910077E1,1.699876040E-1,1.424433231E0,1.070365906E0,1.789857254E0
5.763910051E1,2.367147803E-1,1.419768333E0,1.124665260E0,1.826649379E0
5.764909843E1,3.018153310E-1,1.400960445E0,1.156161785E0,1.841329068E0
5.765910390E1,1.662390381E-1,1.364655972E0,1.163217545E0,1.800832139E0
5.766910676E1,2.291381955E-1,1.313422680E0,1.148656845E0,1.759828400E0
5.767909999E1,3.304218948E-1,1.151642799E0,1.124958992E0,1.643469653E0
5.768909635E1,3.903353810E-1,4.606652260E-1,1.122592449E0,1.274671710E0
5.769909921E1,2.497673482E-1,3.889937401E-1,1.144638062E0,1.234461887E0
5.770909973E1,3.078864515E-1,2.970852852E-1,1.187761307E0,1.262470061E0
5.771910702E1,3.648104370E-1,2.069258690E-1,1.239682198E0,1.308708112E0
5.772910051E1,4.205397666E-1,1.289739609E-1,1.303170681E0,1.375406050E0
5.773909921E1,4.750921726E-1,5.253028870E-2,1.371157646E0,1.452083088E0
5.774909999E1,3.278762102E-1,-1.743507385E-2,1.413352966E0,1.450990489E0
5.775909921E1,3.805729449E-1,-7.122945786E-2,1.402314186E0,1.454783310E0
5.776912010E1,4.324094653E-1,-1.246995926E-1,1.344827175E0,1.418128367E0
5.777911156E1,4.834113121E-1,-1.721453667E-1,1.241158009E0,1.343053881E0
5.778909770E1,5.320844650E-1,-2.250366211E-1,1.093348026E0,1.236594220E0
5.779909999E1,3.809059858E-1,-2.826404572E-1,2.735013962E-1,5.475198734E-1
5.780910077E1,1.482766628E0,-3.396253586E-1,1.753411293E-1,1.531237006E0
5.781910676E1,1.510645390E0,-3.910455704E-1,4.775762558E-2,1.561168448E0
5.782910077E1,1.544694304E0,-4.473609924E-1,-6.416912079E-1,1.731467573E0
5.783909869E1,1.567869782E0,-4.968624115E-1,-7.052311897E-1,1.789535957E0
5.784910104E1,1.573144913E0,-5.322813988E-1,-7.773547173E-1,1.833681750E0
5.785910077E1,1.517881632E0,-6.165213585E-1,-9.303922653E-1,1.884062897E0
5.786910468E1,1.455351353E0,-6.337127686E-1,-1.021500111E0,1.887618052E0
5.787910546E1,1.387128472E0,-6.533455849E-1,-1.110143185E0,1.892988046E0
5.788910130E1,2.566255927E-1,-6.808652878E-1,-1.185857296E0,1.391291401E0
5.789909999E1,2.676203847E-1,-6.849918365E-1,-1.780128956E0,1.926056486E0
5.790910130E1,2.792750001E-1,-6.790633202E-1,-1.792171955E0,1.936750329E0
5.791910598E1,2.915164530E-1,-6.549777985E-1,-1.795950890E0,1.933757316E0
5.792911041E1,3.043093979E-1,-6.202998161E-1,-1.787288189E0,1.916187658E0
5.793911354E1,1.184317917E-1,-5.772213936E-1,-1.766941071E0,1.862603386E0
5.794910734E1,1.343782246E-1,-5.319156647E-1,-1.736173153E0,1.820793508E0
5.795912661E1,1.874548048E-1,-4.793806076E-1,-1.700632572E0,1.776821943E0
5.796909588E1,2.404499650E-1,-4.310340881E-1,-1.651062012E0,1.723256318E0
5.797910494E1,2.930433154E-1,-3.858289719E-1,-1.594961166E0,1.666925164E0
5.798911432E1,1.458643675E-1,-3.433251381E-1,-1.533251762E0,1.577976404E0
5.799911093E1,1.998173892E-1,-3.089299202E-1,-1.475479126E0,1.520658849E0
5.800910859E1,2.533370256E-1,-2.876486778E-1,-1.424845219E0,1.475501714E0
5.801910963E1,3.063484132E-1,-2.623662949E-1,-1.371471882E0,1.429552568E0
5.802911223E1,1.978551000E-1,-1.887054443E-1,-1.246821880E0,1.276448662E0
5.803910963E1,2.489302456E-1,-1.566553116E-1,-1.140570164E0,1.177882614E0
5.804910937E1,3.012040555E-1,-1.211509705E-1,-1.010347366E0,1.061227234E0
5.805910989E1,3.529423773E-1,-8.256483078E-2,-2.461228371E-1,4.381343674E-1
5.806911197E1,4.041618705E-1,-3.639698029E-2,-1.513500214E-1,4.331032056E-1
5.807910833E1,2.539572716E-1,2.160596848E-2,-2.736759186E-2,2.563398111E-1
5.808910859E1,1.811151028E0,8.057022095E-2,6.873745918E-1,1.938876849E0
5.809910963E1,1.877336502E0,1.456413269E-1,7.702279091E-1,2.034417551E0
5.810911301E1,1.943524837E0,7.503042221E-1,8.572154045E-1,2.252790152E0
5.811912812E1,2.006882906E0,7.954535484E-1,9.325895309E-1,2.351605532E0
5.812910671E1,2.045885086E0,8.591895103E-1,9.975128174E-1,2.432875710E0
5.813913140E1,2.050515890E0,9.396519661E-1,1.042985916E0,2.485031359E0
5.814908770E1,1.987113476E0,1.035368443E0,1.051097393E0,2.474957274E0
5.815910598E1,1.915014982E0,1.114529610E0,1.037155151E0,2.446456507E0
5.816911380E1,1.836181164E0,1.169805527E0,1.009936810E0,2.399995541E0
5.817909947E1,1.761825681E0,1.199075699E0,9.554166794E-1,2.335515637E0
5.818910234E1,1.707840443E0,1.188539982E0,9.093017578E-1,2.270721461E0
5.819909869E1,1.671348929E0,1.138503075E0,8.655242920E-1,2.199711071E0
5.820909635E1,1.719121933E0,9.468483925E-1,8.204631805E-1,2.127219295E0
5.821909770E1,1.746661425E0,2.167539597E-1,8.222980499E-1,1.942674058E0
5.822909973E1,1.776152730E0,1.730413437E-1,8.577885628E-1,1.980015920E0
5.823910104E1,1.793328285E0,1.251964569E-1,9.129848480E-1,2.016244485E0
5.824909791E1,1.804595351E0,7.908916473E-2,9.701838493E-1,2.050384398E0
5.825910260E1,1.811166286E0,2.946186066E-2,1.019505024E0,2.078600927E0
5.826909895E1,1.812046409E0,-1.860666275E-2,1.042772770E0,2.090749494E0
5.827909921E1,1.796799898E0,-5.850219727E-2,1.046139717E0,2.079980935E0
5.828909843E1,1.770393848E0,-8.061885834E-2,1.010507584E0,2.040078272E0
5.829912369E1,1.726629138E0,-1.026577950E-1,9.577612877E-1,1.977142758E0
5.830910458E1,1.672983170E0,-1.279821396E-1,8.688836098E-1,1.889500156E0
5.831912463E1,1.605928898E0,-1.573152542E-1,7.596683502E-1,1.783494243E0
5.832911218E1,1.528404951E0,-1.950950623E-1,6.425700188E-1,1.669425053E0
5.833909973E1,1.427659869E0,-2.352609634E-1,-6.427240372E-2,1.448340901E0
5.834909895E1,1.316611171E0,-2.726335526E-1,-1.292333603E-1,1.350738794E0
5.835909973E1,1.201622248E0,-3.124685287E-1,-2.123103142E-1,1.259606398E0
5.836910234E1,1.098018885E0,-3.495912552E-1,-3.013181686E-1,1.191071852E0
5.837909921E1,9.891717434E-1,-3.808445930E-1,-4.085502625E-1,1.135965078E0
5.838909921E1,8.296281099E-1,-4.267077446E-1,-1.075438499E0,1.423703012E0
5.839909921E1,7.480837703E-1,-4.380021095E-1,-1.134981632E0,1.428166125E0
5.840910051E1,6.861129999E-1,-4.425692558E-1,-1.191392422E0,1.444311081E0
5.841910077E1,6.318621039E-1,-4.415683746E-1,-1.254594326E0,1.472494235E0
5.842910156E1,5.842600465E-1,-4.260687828E-1,-1.323562145E0,1.508214561E0
5.843909999E1,5.233457685E-1,-4.034876823E-1,-1.387123585E0,1.536491114E0
5.844909921E1,4.537392855E-1,-3.752956390E-1,-1.429698467E0,1.546209515E0
5.845909869E1,3.785569072E-1,-3.425612450E-1,-1.469199657E0,1.555378144E0
5.846909921E1,2.789189219E-1,-3.113994598E-1,-1.500422955E0,1.557573251E0
5.847911822E1,-9.229353666E-1,-2.620291710E-1,-1.509696960E0,1.788757639E0
5.848909864E1,-8.896405101E-1,-1.969647408E-1,-1.514292240E0,1.767296335E0
5.849913067E1,-8.554931283E-1,-1.282787323E-1,-1.504703999E0,1.735643411E0
5.850909812E1,-1.019162774E0,-5.667543411E-2,-1.472836018E0,1.791968415E0
5.851909640E1,-9.807818532E-1,5.308032036E-1,-1.420949459E0,1.806317372E0
5.852910130E1,-9.400649071E-1,5.303001404E-1,-1.351682186E0,1.729735529E0
5.853910468E1,-8.956666589E-1,5.412168503E-1,-1.268097878E0,1.644143142E0
5.854909895E1,-8.063955307E-1,5.716152191E-1,-1.163165569E0,1.526424532E0
5.855910234E1,-9.177381396E-1,6.040349007E-1,-1.037829876E0,1.511354461E0
5.856909713E1,-7.864594460E-1,7.173061371E-1,-2.091622353E-1,1.084802007E0
5.857910104E1,-6.954478621E-1,7.634019852E-1,-7.949399948E-2,1.035736268E0
5.858909895E1,-6.062304378E-1,8.101944923E-1,6.188311577E-1,1.186120761E0
5.859910312E1,-7.178474665E-1,8.486990929E-1,7.074623108E-1,1.317610738E0
5.860909869E1,-6.308571696E-1,8.805818558E-1,8.303551674E-1,1.364879071E0
5.861909895E1,-5.433124304E-1,9.289469719E-1,1.478895664E0,1.829006085E0
5.862909791E1,-4.574809670E-1,9.845204353E-1,1.548491478E0,1.891135950E0
5.863910077E1,-3.732861280E-1,1.042099476E0,1.628579140E0,1.969158162E0
5.864912577E1,-4.901803136E-1,1.107898712E0,1.693912983E0,2.082560321E0
5.865911093E1,-4.073723853E-1,1.164934635E0,1.745254040E0,2.137507106E0
5.866910510E1,-3.264315724E-1,1.215240479E0,1.783353329E0,2.182593890E0
5.867911327E1,-2.460218370E-1,1.270346165E0,1.806476116E0,2.222085075E0
5.868910682E1,-1.691986322E-1,1.289752960E0,1.824836731E0,2.241008695E0
5.869909718E1,-2.935965657E-1,1.268336773E0,1.863278389E0,2.273033979E0
5.870909869E1,-2.182042599E-1,1.196672916E0,1.919147015E0,2.272171743E0
5.871910130E1,9.164466858E-1,5.723509789E-1,1.989376068E0,2.263863360E0
5.872910182E1,9.966160655E-1,4.909005165E-1,2.661422729E0,2.883989917E0
5.873909973E1,1.063512921E0,-1.402153969E-1,2.703537464E0,2.908579535E0
5.874913176E1,1.115453243E0,-3.090815544E-1,2.829315662E0,3.056925655E0
5.875910051E1,1.105415225E0,-9.115386009E-1,2.837990761E0,3.179156649E0
5.876909947E1,1.031976819E0,-9.259243011E-1,2.792675495E0,3.117907694E0
5.877909843E1,9.261586070E-1,-9.148616791E-1,2.652228832E0,2.954498170E0
5.878909895E1,-1.798030883E-1,-8.942966461E-1,1.902936459E0,2.110275529E0
5.879909947E1,-1.534430534E-1,-8.770356178E-1,1.707209587E0,1.925435229E0
5.880910182E1,-1.265689880E-1,-8.612103462E-1,6.887030602E-1,1.109961654E0
5.881910051E1,-9.925133735E-2,-8.512511253E-1,5.144138336E-1,9.995503482E-1
5.882910051E1,-7.257378101E-2,-8.324666023E-1,-2.556180954E-1,8.738467877E-1
5.883911770E1,-2.448348701E-1,-8.198986053E-1,-3.829555511E-1,9.374608210E-1
5.884913109E1,-2.134171426E-1,-8.032283783E-1,-5.132880211E-1,9.768251108E-1
5.885927176E1,-1.492913365E-1,-7.951183319E-1,-6.251058578E-1,1.022378794E0
5.886910395E1,-8.497899771E-2,-7.957911491E-1,-7.237458229E-1,1.079033363E0
5.887910051E1,-2.360254526E-2,-8.146724701E-1,-7.957630157E-1,1.139072909E0
5.888909973E1,-1.628254652E-1,-8.257107735E-1,-8.584547043E-1,1.202187545E0
5.889909869E1,-1.027560756E-1,-8.652167320E-1,-9.122509956E-1,1.261491452E0
5.890910104E1,-4.360362887E-2,-9.044327736E-1,-9.684700966E-1,1.325833416E0
5.891910260E1,1.449547149E-2,-9.297280312E-1,-1.020900726E0,1.380884725E0
5.892910025E1,-8.927319199E-2,-9.551978111E-1,-1.121149540E0,1.475584241E0
5.893909921E1,-3.377502784E-2,-9.396381378E-1,-1.172407150E0,1.502863636E0
5.894912395E1,2.257571928E-2,-9.115724564E-1,-1.225984573E0,1.527911051E0
5.895909869E1,7.818763703E-2,-8.671970367E-1,-1.272283077E0,1.541703031E0
5.896909921E1,1.331235021E-1,-7.994832993E-1,-1.311570644E0,1.541788886E0
5.897909973E1,-1.358380169E-2,-7.216434479E-1,-1.344325542E0,1.525832543E0
5.898909947E1,4.070692509E-2,-6.448702812E-1,-1.366356373E0,1.511437882E0
5.899910182E1,9.439545870E-2,-5.740141869E-1,-1.378964901E0,1.496645244E0
5.900909921E1,1.474928111E-1,-5.183057785E-1,-1.378280163E0,1.479882163E0
5.901911015E1,2.000207454E-1,-4.712400436E-1,-1.365699291E0,1.458495811E0
5.902909525E1,5.099883676E-2,-4.329185486E-1,-1.346495628E0,1.415298494E0
5.903912286E1,1.031788364E-1,-4.121279716E-1,-1.321333408E0,1.387954363E0
5.904911801E1,1.549097300E-1,-3.922586441E-1,-1.280910492E0,1.348553135E0
5.905909895E1,2.062324882E-1,-3.626680374E-1,-1.237680435E0,1.306105970E0
5.906910104E1,2.554818392E-1,-3.293313980E-1,-1.187315941E0,1.258351812E0
5.907910025E1,1.048885733E-1,-2.877430916E-1,-1.121003151E0,1.162086814E0
5.908910051E1,1.556016207E-1,-2.296710014E-1,-1.045119762E0,1.081312143E0
5.909910234E1,1.263960361E0,-1.663894653E-1,-9.713535309E-1,1.602750427E0
5.910909947E1,1.388222456E0,5.292639732E-1,-8.205456734E-1,1.697226309E0
5.911909947E1,1.466129541E0,5.462350845E-1,-7.222113609E-1,1.723223099E0
5.912910051E1,1.547523260E0,5.741844177E-1,-1.104259491E-1,1.654300419E0
5.913909869E1,1.633464098E0,6.115741730E-1,-4.039669037E-2,1.744666106E0
5.914912005E1,1.657420039E0,6.613101959E-1,5.601167679E-2,1.785359815E0
5.915910234E1,1.662418127E0,7.077574730E-1,7.371582985E-1,1.951398736E0
5.916910051E1,1.666558266E0,7.506890297E-1,8.665413857E-1,2.022830800E0
5.917910885E1,1.663742781E0,7.970223427E-1,1.573768616E0,2.424877793E0
5.918910807E1,1.670005798E0,8.521709442E-1,1.659896374E0,2.504070817E0
5.919914609E1,1.668640614E0,8.946685791E-1,1.740216255E0,2.571603776E0
5.920909947E1,1.651682854E0,9.314970970E-1,1.790503502E0,2.607996526E0
5.921920479E1,1.632743239E0,9.657731056E-1,1.796571732E0,2.612707057E0
5.922909864E1,1.626069784E0,9.773025513E-1,1.770708084E0,2.595116633E0
5.923909734E1,1.631642461E0,9.856600761E-1,1.699509621E0,2.553843350E0
5.924914218E1,1.641662121E0,9.747667313E-1,1.596377850E0,2.488703867E0
5.925911171E1,1.655669689E0,9.360342026E-1,1.486317158E0,2.413822869E0
5.926911067E1,1.667797565E0,8.739662170E-1,1.383960247E0,2.336816560E0
5.927911354E1,1.678907394E0,7.963581085E-1,1.288439751E0,2.261192886E0
5.928910911E1,1.740671873E0,1.286311150E-1,1.157914639E0,2.094576531E0
5.929910937E1,1.747546554E0,1.187806129E-1,1.098605156E0,2.067597901E0
5.930910728E1,1.748482347E0,1.016516685E-1,1.026198387E0,2.029927759E0
5.931911301E1,1.729363680E0,8.122682571E-2,9.541006088E-1,1.976766174E0
5.932908729E1,1.697425604E0,6.910181046E-2,8.662352562E-1,1.906932684E0
5.933910859E1,1.639340043E0,5.991125107E-2,7.641100883E-1,1.809665539E0
5.934914114E1,1.553771019E0,5.831670761E-2,6.739225388E-1,1.694631761E0
5.935910859E1,1.457252622E0,4.856681824E-2,5.797739029E-1,1.569102201E0
5.936910989E1,1.344712377E0,2.204608917E-2,4.965705872E-1,1.433638641E0
5.937914739E1,1.213368654E0,-9.612083435E-3,4.134469032E-1,1.281910381E0
5.938909723E1,5.367460251E-1,-4.580020905E-2,3.255720139E-1,6.294371222E-1
5.939911926E1,4.766024947E-1,-8.645439148E-2,2.242937088E-1,5.337901906E-1
5.940909729E1,4.060643911E-1,-1.266784668E-1,-4.179406166E-1,5.963305147E-1
5.941909666E1,3.266008496E-1,-1.617088318E-1,-4.772701263E-1,6.005036509E-1
5.942910833E1,2.459632158E-1,-1.870784760E-1,-5.972914696E-1,6.724978508E-1
5.943910051E1,1.556443572E-1,-1.989188194E-1,-1.430425644E0,1.452553402E0
5.944912864E1,6.278592348E-2,-1.892619133E-1,-1.551532745E0,1.564294091E0
5.945909973E1,-1.056150913E0,-1.632122993E-1,-2.365040302E0,2.595285849E0
5.946910025E1,-9.730952382E-1,-9.355211258E-2,-2.534807920E0,2.716784411E0
5.947909999E1,-9.287062287E-1,-4.219388962E-2,-2.606471062E0,2.767303196E0
5.948910650E1,-8.830838799E-1,1.452445984E-2,-2.646136045E0,2.789638699E0
5.949910390E1,-1.038251996E0,7.207679749E-2,-2.614726782E0,2.814242068E0
5.950909947E1,-9.913994074E-1,1.372342110E-1,-2.542966843E0,2.732834861E0
5.951909947E1,-9.115456343E-1,6.855993271E-1,-2.424748659E0,2.679620858E0
5.952909921E1,-8.314251900E-1,6.705451012E-1,-2.275786400E0,2.513981368E0
5.953910442E1,-7.520130277E-1,6.667375565E-1,-1.528623581E0,1.829413189E0
5.954912109E1,-8.727970123E-1,6.727557182E-1,-1.442316532E0,1.815117588E0
5.955910416E1,-7.926739454E-1,6.869750023E-1,-1.346007824E0,1.706459405E0
5.956909801E1,-7.132558227E-1,7.083630562E-1,-1.265151501E0,1.615896162E0
5.957912343E1,-6.326860785E-1,7.218618393E-1,-1.177897930E0,1.519480083E0
5.958910202E1,-5.549058914E-1,7.335262299E-1,-1.095181942E0,1.430176480E0
5.959909900E1,-6.755505800E-1,7.674818039E-1,-1.018219948E0,1.442972199E0
5.960910130E1,-5.957802534E-1,7.940831184E-1,-9.327507019E-1,1.362184268E0
5.961910104E1,-5.172239542E-1,8.242950439E-1,-8.350834846E-1,1.282321085E0
5.962910208E1,-4.396086037E-1,8.470816612E-1,-7.062964439E-1,1.187290079E0
5.963910807E1,-3.649301529E-1,8.590068817E-1,-8.567333221E-3,9.333489372E-1
5.964912786E1,-4.510423839E-1,8.854675293E-1,1.898384094E-1,1.011696891E0
5.965909895E1,-3.767245710E-1,8.673791885E-1,9.620118141E-1,1.348975459E0
5.966910650E1,-3.036236465E-1,8.445663452E-1,1.065650463E0,1.393230254E0
5.967910156E1,-2.316960841E-1,8.527884483E-1,1.186554432E0,1.479473769E0
5.968910442E1,-3.609431386E-1,8.900332451E-1,1.849839687E0,2.084309477E0
5.969910051E1,-2.899287939E-1,9.367780685E-1,1.891285896E0,2.130392968E0
5.970910051E1,-2.202735245E-1,9.832649231E-1,1.925569057E0,2.173280131E0
5.971909895E1,-1.508327425E-1,1.032515049E0,1.927779675E0,2.192070326E0
5.972909791E1,-8.289657533E-2,1.077167988E0,1.897368908E0,2.183385328E0
5.973911770E1,-2.173987627E-1,1.122751713E0,1.853155613E0,2.177617817E0
5.974912760E1,-1.506319046E-1,1.155086994E0,1.788927555E0,2.134754724E0
5.975911020E1,-8.534477651E-2,1.129738808E0,1.741600990E0,2.077683208E0
5.976909583E1,-2.146556973E-2,1.049041271E0,1.699363232E0,1.997193970E0
5.977909479E1,3.946746141E-2,3.807687759E-1,1.704650402E0,1.747104901E0
5.978910676E1,-1.003209800E-1,3.098344803E-1,1.731301785E0,1.761666136E0
5.979910025E1,-3.975825012E-2,2.050757408E-1,1.791802883E0,1.803938566E0
5.980910025E1,1.959876716E-2,-5.397300720E-1,1.867030144E0,1.943577686E0
5.981910260E1,7.776571810E-2,-5.971956253E-1,2.434346676E0,2.507734807E0
5.982909895E1,1.334257573E-1,-6.557908058E-1,2.409190655E0,2.500412691E0
5.983910312E1,2.780892700E-2,-7.559962273E-1,2.275334358E0,2.397801091E0
5.984912760E1,8.284784853E-2,-7.920670509E-1,1.580793858E0,1.770068699E0
5.985909895E1,1.369400471E-1,-8.240981102E-1,1.438643456E0,1.663606102E0
5.986910963E1,1.895481944E-1,-8.273334503E-1,6.157078743E-1,1.048573003E0
5.987909999E1,4.046943039E-2,-8.350305557E-1,4.771108627E-1,9.625739344E-1
5.988910963E1,9.226445109E-2,-8.416976929E-1,3.269867897E-1,9.076828167E-1
5.989909765E1,1.434031278E-1,-8.524503708E-1,-3.655252457E-1,9.385333222E-1
5.990909973E1,1.939190328E-1,-8.717308044E-1,-4.416389465E-1,9.962751356E-1
5.991909973E1,2.437775135E-1,-8.949699402E-1,-5.058207512E-1,1.056528893E0
5.992913182E1,9.200088680E-2,-9.126272202E-1,-5.833058357E-1,1.087013479E0
5.993912661E1,1.406723857E-1,-9.432840347E-1,-6.444115639E-1,1.151016835E0
5.994910380E1,1.888231933E-1,-9.738111496E-1,-7.129354477E-1,1.221572473E0
5.995910208E1,2.364611626E-1,-9.996743202E-1,-7.875695229E-1,1.294422026E0
5.996909504E1,2.817389071E-1,-1.036801815E0,-8.619518280E-1,1.377423598E0
5.997909817E1,1.271762550E-1,-1.063292027E0,-9.517498016E-1,1.432686783E0
5.998911119E1,1.738011539E-1,-1.075240135E0,-1.040597916E0,1.506383819E0
5.999910234E1,2.200640440E-1,-1.075013161E0,-1.118320465E0,1.566755291E0
6.000910077E1,2.659000456E-1,-1.054379940E0,-1.176516533E0,1.602064619E0
6.001910286E1,1.502303034E-1,-9.699926376E-1,-1.293723106E0,1.623937910E0
6.002909791E1,1.942836642E-1,-9.140172005E-1,-1.376908302E0,1.664046291E0
6.003910494E1,2.396172136E-1,-8.418326378E-1,-2.002168655E0,2.185126524E0
6.004912265E1,2.846215963E-1,-7.606410980E-1,-2.044833422E0,2.200210912E0
6.005909999E1,3.293159008E-1,-6.765093803E-1,-2.104216337E0,2.234690202E0
6.006909895E1,1.725993007E-1,-7.542228699E-2,-2.154057980E0,2.162277692E0
6.007910104E1,2.172659338E-1,-3.717613220E-2,-2.214707613E0,2.225649649E0
6.008910364E1,2.616603076E-1,3.430366516E-3,-2.274099827E0,2.289106355E0
6.009909999E1,3.057864308E-1,3.511476517E-2,-2.316477299E0,2.336836636E0
6.010922609E1,3.493942618E-1,5.200719833E-2,-2.292651176E0,2.319704834E0
6.011909145E1,1.916258782E-1,5.683851242E-2,-2.221786261E0,2.230758903E0
6.012909531E1,2.355906367E-1,5.014801025E-2,-2.078768969E0,2.092677279E0
6.013910682E1,2.793312371E-1,5.479001999E-2,-1.310771942E0,1.341324335E0
6.014912499E1,3.228538930E-1,5.950593948E-2,-1.169822693E0,1.215014702E0
6.015910468E1,3.644617796E-1,5.464315414E-2,-4.052586555E-1,5.477707924E-1
6.016910312E1,2.064108104E-1,5.133390427E-2,-2.616748810E-1,3.372155627E-1
6.017910234E1,2.499586642E-1,7.387828827E-2,-1.068820953E-1,2.817110533E-1
6.018910546E1,2.934838831E-1,1.268038750E-1,6.453585625E-1,7.202080856E-1
6.019910260E1,3.766937256E-1,8.775658607E-1,8.141746521E-1,1.254950344E0
6.020909921E1,2.186624259E-1,8.991975784E-1,9.108929634E-1,1.298497413E0
6.021909895E1,2.604612410E-1,9.239883423E-1,1.603219032E0,1.868664170E0
6.022910208E1,3.038052320E-1,9.564404488E-1,1.674235344E0,1.951957975E0
6.023910911E1,3.470669687E-1,9.984989166E-1,1.783350945E0,2.073112674E0
6.024912031E1,3.900519013E-1,1.030624390E0,2.754616261E0,2.966856562E0
6.025910182E1,2.317799777E-1,1.043881893E0,2.862307072E0,3.055521746E0
6.026909973E1,2.749299705E-1,1.047313213E0,4.101565361E0,4.242085556E0
6.027910182E1,3.178611398E-1,1.049231052E0,4.092969894E0,4.237254307E0
6.028911135E1,3.604464233E-1,1.033081055E0,4.084492683E0,4.228505477E0
6.029908947E1,4.027166963E-1,9.974598885E-1,4.074827194E0,4.214418540E0
6.030911848E1,2.453287691E-1,9.578051567E-1,3.944947720E0,4.066963171E0
6.031910734E1,2.876266837E-1,9.081535339E-1,3.915408134E0,4.029626882E0
6.032909223E1,3.298590183E-1,3.272032738E-1,3.863290310E0,3.891128496E0
6.033911041E1,3.717319965E-1,3.100957870E-1,3.815640450E0,3.846226217E0
6.034912369E1,4.133173227E-1,2.645816803E-1,3.772507668E0,3.804293466E0
6.035910312E1,2.551024556E-1,-3.450918198E-1,3.633646965E0,3.658900913E0
6.036910338E1,1.878971457E0,-3.515849113E-1,3.596105576E0,4.072606168E0
6.037910234E1,1.909118414E0,-4.415836334E-1,3.580100060E0,4.081279905E0
6.038911067E1,1.893646717E0,-4.487972260E-1,2.165327549E0,2.911350242E0
6.039909843E1,1.855087280E0,-4.491090775E-1,1.981184959E0,2.751025559E0
6.040909921E1,1.794966817E0,-4.430193901E-1,9.035711288E-1,2.057817494E0
6.041909973E1,1.672482133E0,-4.217486382E-1,1.670455933E-1,1.732908719E0
6.042910025E1,1.531900406E0,-3.914580345E-1,-5.604190826E-1,1.677506422E0
6.043911067E1,2.414182723E-1,-3.581113815E-1,-7.561802864E-1,8.708244193E-1
6.044914088E1,3.760191798E-2,-3.176074028E-1,-1.694896221E0,1.724807690E0
6.045910833E1,3.471523523E-2,-2.930302620E-1,-1.804467678E0,1.828435255E0
6.046909635E1,3.347218782E-2,-2.592844963E-1,-1.915709496E0,1.933466242E0
6.047911921E1,3.269398957E-2,-2.480630875E-1,-2.000856400E0,2.016440062E0
6.048912843E1,3.479490802E-2,-2.375040054E-1,-2.062000751E0,2.075925321E0
6.049909614E1,-1.592897773E-1,-2.434873581E-1,-2.096300602E0,2.116396830E0
6.050910520E1,-1.084002778E-1,-2.463102341E-1,-2.123874664E0,2.140855656E0
6.051910156E1,-5.909056589E-2,-2.647933960E-1,-2.134037018E0,2.151213897E0
6.052910885E1,-8.733995259E-3,-2.600975037E-1,-2.153728962E0,2.169395177E0
6.053911067E1,4.120149463E-2,-2.451996803E-1,-2.181482792E0,2.195606435E0
6.054915234E1,-1.073645651E-1,-2.273216248E-1,-2.220255852E0,2.234443626E0
6.055910989E1,-1.644651406E-2,-1.022481918E-1,-2.361565113E0,2.363834800E0
6.056910963E1,3.406549990E-2,5.222287178E-1,-2.418867111E0,2.474833609E0
6.057911015E1,8.425380290E-2,5.446391106E-1,-2.469655991E0,2.530401386E0
6.058911067E1,-6.540580094E-2,5.890879631E-1,-2.499462605E0,2.568777113E0
6.059910963E1,-1.540657505E-2,6.376652718E-1,-2.495845556E0,2.576062771E0
6.060911145E1,3.428068385E-2,6.888775826E-1,-2.462137222E0,2.556921428E0
6.061911067E1,8.363898098E-2,7.318024635E-1,-2.391584635E0,2.502440287E0
6.062911145E1,1.331788599E-1,7.600054741E-1,-2.262730598E0,2.390668252E0
6.063910911E1,-1.879419014E-2,7.724394798E-1,-2.098309040E0,2.236049373E0
6.064912041E1,3.059934825E-2,7.722005844E-1,-1.301617622E0,1.513749813E0
6.065911140E1,7.969065756E-2,7.657842636E-1,-1.172183514E0,1.402423021E0
6.066915093E1,1.284873188E-1,7.636494637E-1,-1.003248692E0,1.267350556E0
6.067909822E1,1.753376573E-1,7.557168007E-1,-1.846561432E-1,7.974641485E-1
6.068911301E1,2.242470533E-2,7.574996948E-1,-5.942869186E-2,7.601581575E-1
6.069909973E1,7.092154026E-2,7.742514610E-1,9.893035889E-2,7.837617021E-1
6.070910182E1,1.196085140E-1,8.137526512E-1,8.766798973E-1,1.202109486E0
6.071909895E1,1.680451930E-1,8.673453331E-1,9.695372581E-1,1.311689601E0
6.072910260E1,2.149441689E-1,9.412446022E-1,1.076158524E0,1.445772999E0
6.073910077E1,1.018788889E-1,1.644068241E0,1.777949810E0,2.423725483E0
6.074909973E1,1.501165777E-1,1.667352676E0,1.815212727E0,2.469331322E0
6.075909999E1,1.983647943E-1,1.695389271E0,1.833254337E0,2.504898169E0
6.076910156E1,2.461537868E-1,1.690157413E0,1.823801517E0,2.498694808E0
6.077910130E1,9.239992499E-2,1.666172981E0,1.784887314E0,2.443459202E0
6.078910025E1,1.404745579E-1,1.611332417E0,1.720182896E0,2.361176498E0
6.079910025E1,1.879527420E-1,1.534126282E0,1.628398418E0,2.245117166E0
6.080910104E1,2.348943055E-1,9.174332619E-1,1.523149014E0,1.793555698E0
6.081909999E1,2.812923789E-1,8.450174332E-1,1.425627232E0,1.680949990E0
6.082911499E1,1.262100190E-1,7.424268723E-1,1.344906807E0,1.541395779E0
6.083910416E1,1.722674370E-1,8.520603180E-3,1.288583755E0,1.300075677E0
6.084916786E1,2.178539336E-1,-3.638648987E-2,1.268135071E0,1.287226037E0
6.085909718E1,2.629875541E-1,-1.046533585E-1,1.264306068E0,1.295602028E0
6.086909723E1,3.061583936E-1,-1.836838722E-1,1.265328407E0,1.314735222E0
6.087910312E1,1.493461132E-1,-2.580714226E-1,1.261159897E0,1.295928010E0
6.088910104E1,1.936829090E-1,-8.955178261E-1,1.236995697E0,1.539358178E0
6.089910104E1,2.376556695E-1,-9.259490967E-1,1.189727306E0,1.526208705E0
6.090910130E1,2.811529338E-1,-9.675745964E-1,1.094697952E0,1.487820950E0
6.091910286E1,1.632864028E-1,-1.104163647E0,1.078543663E-1,1.121370756E0
6.092910338E1,2.052019536E-1,-1.164633274E0,6.511211395E-3,1.182590758E0
6.093910051E1,2.483631521E-1,-1.198696613E0,-1.098189354E-1,1.229072018E0
6.094910572E1,2.912019789E-1,-1.223755360E0,-2.396550179E-1,1.280550780E0
6.095910025E1,3.338075280E-1,-1.226750374E0,-9.028081894E-1,1.559296820E0
6.096909765E1,1.751907617E-1,-1.225693226E0,-9.572100639E-1,1.565013352E0
6.097910025E1,2.178303301E-1,-1.202209949E0,-1.011389732E0,1.586085750E0
6.098910077E1,2.599733174E-1,-1.172689915E0,-1.042916298E0,1.590742646E0
6.099909999E1,3.019141257E-1,-1.125037670E0,-1.071844101E0,1.582943990E0
6.100912213E1,3.436391950E-1,-1.081885815E0,-1.102694988E0,1.582561547E0
6.101909442E1,1.841357797E-1,-1.047699451E0,-1.130266666E0,1.552122052E0
6.102922640E1,2.258247435E-1,-1.018123627E0,-1.158939362E0,1.559074398E0
6.103909744E1,2.673554420E-1,-9.921741486E-1,-1.188313484E0,1.570979761E0
6.104909718E1,3.087140620E-1,-9.498667717E-1,-1.232934475E0,1.586719470E0
6.105910077E1,3.483765125E-1,-9.031438828E-1,-1.285965919E0,1.609578645E0
6.106910286E1,1.884485632E-1,-8.525614738E-1,-1.326705933E0,1.588245119E0
6.107909921E1,2.299852073E-1,-8.086037636E-1,-1.366249561E0,1.604173029E0
6.108910051E1,2.714028358E-1,-7.617135048E-1,-1.408709526E0,1.624293536E0
6.109910025E1,3.525642157E-1,-6.771125793E-1,-1.474964619E0,1.660814137E0
6.110910182E1,1.924250573E-1,-6.257195473E-1,-1.484641075E0,1.622563243E0
6.111910208E1,2.321643233E-1,-5.930433273E-1,-1.475527287E0,1.607103430E0
6.112910624E1,2.734241784E-1,-5.667295456E-1,-1.435431957E0,1.567293228E0
6.113910077E1,3.145222664E-1,-5.462880135E-1,-1.382750511E0,1.519655825E0
6.114910104E1,3.554441929E-1,-5.212345123E-1,-1.309254646E0,1.453331937E0
6.115910104E1,1.950501949E-1,-4.915456772E-1,-1.218250275E0,1.328079615E0
6.116909791E1,2.362231612E-1,-4.530386925E-1,-1.116628170E0,1.227967389E0
6.117909999E1,2.772236466E-1,-4.064950943E-1,-5.022535324E-1,7.031001513E-1
6.118911796E1,3.180648983E-1,-3.627281189E-1,-4.483447075E-1,6.585969515E-1
6.119909900E1,3.587564230E-1,-3.018088341E-1,-3.846292496E-1,6.064110842E-1
6.120929182E1,1.998135298E-1,-2.302250862E-1,-3.227362633E-1,4.439456416E-1
6.121910624E1,2.407367527E-1,4.100971222E-1,-2.583336830E-1,5.411747643E-1
6.122910072E1,2.815280259E-1,4.489936829E-1,-1.722879410E-1,5.572580113E-1
6.123910156E1,3.222795427E-1,5.080575943E-1,-8.781528473E-2,6.080280808E-1
6.124910051E1,3.628717065E-1,5.739021301E-1,6.047301292E-1,9.092513731E-1
6.125910416E1,2.038328201E-1,6.445903778E-1,6.748919487E-1,9.552610722E-1
6.126910520E1,2.446675301E-1,6.979231834E-1,8.024902344E-1,1.091306349E0
6.127909869E1,1.375757694E0,8.102889061E-1,1.700671673E0,2.332715474E0
6.128909869E1,1.418313861E0,8.265771866E-1,1.795792580E0,2.433046453E0
6.129909999E1,1.453538179E0,8.332157135E-1,1.851460934E0,2.496984031E0
6.130910182E1,1.459354162E0,8.193283081E-1,1.884641171E0,2.520493164E0
6.131910182E1,1.452525139E0,7.787003517E-1,1.872701168E0,2.494636884E0
6.132909119E1,1.397369742E0,7.332582474E-1,1.835962772E0,2.420964509E0
6.133910077E1,1.338417172E0,6.718435287E-1,1.776175499E0,2.323259275E0
6.134910025E1,1.301552296E0,5.870866776E-1,1.720491886E0,2.235799963E0
6.135909973E1,1.294689655E0,-1.323676109E-1,1.689385414E0,2.132549077E0
6.136910598E1,1.314705133E0,-1.702909470E-1,1.689943790E0,2.147873043E0
6.137910088E1,1.372908473E0,-2.259407043E-1,1.732472420E0,2.222023304E0
6.138915135E1,2.074698925E0,-2.921848297E-1,1.806762218E0,2.766611161E0
6.139909796E1,2.127758026E0,-3.625326157E-1,2.408216953E0,3.233928417E0
6.140910364E1,2.190570593E0,-9.440088272E-1,2.405351639E0,3.387546117E0
6.141910338E1,2.814010620E0,-9.432406425E-1,2.374348640E0,3.800774940E0
6.142909609E1,2.804145098E0,-9.252142906E-1,2.282504082E0,3.732167748E0
6.143910286E1,2.745750904E0,-8.930392265E-1,2.124157906E0,3.584510273E0
6.144909921E1,2.651279211E0,-8.481531143E-1,1.125334263E0,3.002502683E0
6.145910182E1,2.510326624E0,-7.884535789E-1,9.483776093E-1,2.796930263E0
6.146910312E1,1.435335875E0,-6.580891609E-1,-2.055168152E-1,1.592327723E0
6.147909817E1,1.280473232E0,-5.608391762E-1,-9.979777336E-1,1.717588960E0
6.148909869E1,1.099645376E0,-4.709305763E-1,-1.092856884E0,1.620287545E0
6.149909947E1,-7.268971205E-1,-3.828411102E-1,-1.177381039E0,1.435678533E0
6.150910104E1,-7.528064847E-1,-3.156499863E-1,-1.240104198E0,1.484658526E0
6.151909973E1,-7.763373256E-1,-2.560105324E-1,-1.283877373E0,1.522032241E0
6.152909869E1,-8.007749915E-1,-2.148981094E-1,-1.297217369E0,1.539543662E0
6.153910051E1,-9.904789925E-1,-1.879019737E-1,-1.308241844E0,1.651621176E0
6.154909609E1,-9.791927934E-1,-1.737737656E-1,-1.315099239E0,1.648787997E0
6.155911932E1,-9.631659985E-1,-1.498374939E-1,-1.327913761E0,1.647268943E0
6.156911010E1,-8.844728470E-1,-1.212067604E-1,-1.351253033E0,1.619527108E0
6.157909666E1,-8.070214391E-1,-8.434009552E-2,-1.383810997E0,1.604160132E0
6.158909702E1,-9.286611676E-1,-3.541183472E-2,-1.414778709E0,1.692709177E0
6.159909973E1,-8.514503837E-1,2.454328537E-2,-1.444537640E0,1.676979165E0
6.160910494E1,-7.738108635E-1,8.910322189E-2,-1.473293304E0,1.666528067E0
6.161910208E1,-6.972058415E-1,6.602854729E-1,-1.490013599E0,1.772628957E0
6.162910208E1,-6.234079599E-1,6.797842979E-1,-1.480990887E0,1.744728685E0
6.163911145E1,-7.501844168E-1,7.020578384E-1,-1.459290028E0,1.784709851E0
6.164910077E1,-6.364881396E-1,8.080534935E-1,-1.406419754E0,1.742436261E0
6.165910025E1,-5.638403893E-1,8.429021835E-1,-1.350875378E0,1.689160845E0
6.166910130E1,-4.908618927E-1,8.665328026E-1,-1.263370514E0,1.608704308E0
6.167910104E1,-6.201383471E-1,8.728914261E-1,-1.148241997E0,1.570022514E0
6.168909895E1,-5.488488078E-1,8.787355423E-1,-1.014039993E0,1.449720068E0
6.169911067E1,-4.786162972E-1,8.789043427E-1,-2.764978409E-1,1.038266565E0
6.170910911E1,-4.094243050E-1,8.790140152E-1,-1.801252365E-1,9.862753172E-1
6.171911015E1,-3.412734866E-1,8.596472740E-1,-5.722665787E-2,9.266800520E-1
6.172911223E1,-4.751638770E-1,8.440170288E-1,6.255002022E-1,1.152994344E0
6.173910635E1,-4.082414806E-1,8.326601982E-1,7.104177475E-1,1.168194114E0
6.174912338E1,-3.421832323E-1,8.159294128E-1,8.253026009E-1,1.209939897E0
6.175910369E1,-2.758154869E-1,8.169622421E-1,9.392685890E-1,1.275039988E0
6.176912114E1,-2.121884972E-1,8.167786598E-1,1.680809021E0,1.880763223E0
6.177911588E1,-3.490458131E-1,8.115949631E-1,1.739823818E0,1.951283240E0
6.178911458E1,-2.842662334E-1,8.330173492E-1,1.813704967E0,2.015998736E0
6.179910963E1,-2.205237448E-1,8.633255959E-1,1.904956818E0,2.103050709E0
6.180911067E1,-1.578801572E-1,8.960647583E-1,2.526020050E0,2.684890219E0
6.181911327E1,-2.565377355E-1,9.439849854E-1,2.505275726E0,2.689484286E0
6.182910885E1,-1.963633597E-1,9.579029083E-1,2.430258274E0,2.619597646E0
6.183910781E1,-1.356780976E-1,9.475808144E-1,2.312960148E0,2.503218447E0
6.184911145E1,-7.606269419E-2,9.163699150E-1,1.602363110E0,1.847454164E0
6.185910833E1,-1.761902869E-2,8.509144783E-1,1.497691154E0,1.722627259E0
6.186911093E1,-1.613018513E-1,7.603797913E-1,1.355998993E0,1.562987199E0
6.187911171E1,-1.044156328E-1,1.518535614E-2,5.237817764E-1,5.343038169E-1
6.188911067E1,-4.850480705E-2,-3.090620041E-2,4.596095085E-1,4.631941384E-1
6.189910963E1,6.429441273E-3,-8.961105347E-2,3.927373886E-1,4.028822843E-1
6.190913463E1,6.045846641E-2,-1.447296143E-1,3.383035660E-1,3.728956827E-1
6.191910051E1,-8.756110072E-2,-2.051692009E-1,2.980260849E-1,3.722645493E-1
6.192912656E1,-3.495017067E-2,-2.718400955E-1,2.572827339E-1,3.759161571E-1
6.193908583E1,1.674121432E-2,-3.392424583E-1,2.114439011E-1,4.000927856E-1
6.194910083E1,6.658403575E-2,-4.020428658E-1,1.706552505E-1,4.418089115E-1
6.195910234E1,1.143558994E-1,-4.655065536E-1,1.292114258E-1,4.964566605E-1
6.196910077E1,-3.788372874E-2,-5.195646286E-1,6.747817993E-2,5.252959975E-1
6.197910260E1,1.088411734E-2,-5.701174736E-1,-2.296447754E-3,5.702259827E-1
6.198909999E1,5.907236412E-2,-6.163978577E-1,-8.504438400E-2,6.250347273E-1
6.199910104E1,1.466721296E-1,-6.798195839E-1,-2.668838501E-1,7.449123235E-1
6.200909869E1,-7.188603282E-3,-6.885828972E-1,-8.882050514E-1,1.123880018E0
6.201910182E1,3.854258358E-2,-6.989736557E-1,-9.361371994E-1,1.168932230E0
6.202910312E1,8.550336957E-2,-7.014961243E-1,-9.984703064E-1,1.223254099E0
6.203909921E1,1.319178343E-1,-7.022981644E-1,-1.073143005E0,1.289286988E0
6.204909921E1,1.779075265E-1,-6.920733452E-1,-1.148538589E0,1.352685290E0
6.205909843E1,2.247123420E-2,-6.776576042E-1,-1.233884335E0,1.407904591E0
6.206910130E1,6.824474037E-2,-6.600809097E-1,-1.322518826E0,1.479668948E0
6.207909921E1,1.133646816E-1,-6.500778198E-1,-1.404962540E0,1.552215340E0
6.208911900E1,1.581952870E-1,-6.319398880E-1,-1.996336460E0,2.099936435E0
6.209909609E1,2.027442455E-1,-6.026268005E-1,-2.004920006E0,2.103323209E0
6.210924577E1,4.750628769E-2,-5.589981079E-1,-2.010248184E0,2.087063366E0
6.211909874E1,9.198556095E-2,-5.079236031E-1,-2.002812386E0,2.068261391E0
6.212909874E1,1.361877620E-1,-4.507303238E-1,-1.979012966E0,2.034255945E0
6.213910077E1,1.801238358E-1,-3.933963776E-1,-1.940670013E0,1.988317230E0
6.214910182E1,2.237934917E-1,-3.363442421E-1,-1.889281750E0,1.931992885E0
6.215909817E1,6.755203009E-2,-2.897310257E-1,-1.812437534E0,1.836691907E0
6.216909661E1,1.111268178E-1,-2.475414276E-1,-1.721913815E0,1.743161815E0
6.217910077E1,1.944190860E-1,-1.651415825E-1,-1.514803886E0,1.536131940E0
6.218910077E1,2.375283092E-1,-1.607294083E-1,-8.332681656E-1,8.812431425E-1
6.219909765E1,8.095377684E-2,-1.655297279E-1,-7.621903419E-1,7.841477681E-1
6.220909869E1,1.241934970E-1,-1.686429977E-1,-6.618375778E-1,6.941854686E-1
6.221909640E1,1.672661155E-1,-1.688995361E-1,-5.519180298E-1,6.009313757E-1
6.222909869E1,2.101732790E-1,-1.611332893E-1,-4.342808723E-1,5.086615970E-1
6.223909895E1,2.529079020E-1,-1.407351494E-1,1.921606064E-1,3.474111222E-1
6.224910104E1,9.443134069E-2,-9.695768356E-2,2.252397537E-1,2.627756023E-1
6.225910051E1,1.374987960E-1,-3.436851501E-2,2.640147209E-1,2.996512750E-1
6.226913333E1,1.803531647E-1,4.520130157E-2,3.267121315E-1,3.759138712E-1
6.227909525E1,2.229996026E-1,1.251735687E-1,3.953051567E-1,4.708114399E-1
6.228917671E1,2.654398382E-1,7.293958664E-1,4.785971642E-1,9.118837004E-1
6.229909692E1,1.083140522E-1,7.640380859E-1,1.091141701E0,1.336441672E0
6.230910702E1,1.509498656E-1,8.187174797E-1,1.147375584E0,1.417587706E0
6.231910338E1,1.933626086E-1,8.905105591E-1,1.225626469E0,1.527271552E0
6.232908963E1,2.355602682E-1,9.724464417E-1,1.308267117E0,1.647028710E0
6.233910234E1,2.776923776E-1,1.042095661E0,1.395840168E0,1.763929193E0
6.234909869E1,1.202035695E-1,1.124224663E0,1.440823555E0,1.831475500E0
6.235909869E1,2.023715377E-1,1.236619473E0,1.444932461E0,1.912592946E0
6.236909921E1,2.443144321E-1,1.255797863E0,1.388217449E0,1.887820304E0
6.237910130E1,2.860364318E-1,1.238591194E0,1.303372860E0,1.820633351E0
6.238910234E1,1.280340552E-1,1.163937092E0,1.200068474E0,1.676695147E0
6.239910364E1,1.315532684E0,1.053163052E0,5.916924477E-1,1.786023127E0
6.240910390E1,1.337473869E0,3.088955879E-1,5.597023964E-1,1.482403322E0
6.241910051E1,1.349877834E0,2.384309769E-1,5.362229347E-1,1.471922054E0
6.242909869E1,1.360306025E0,1.721806526E-1,5.055685043E-1,1.461395966E0
6.243910025E1,1.362543464E0,1.145811081E-1,4.636621475E-1,1.443826897E0
6.244910775E1,1.354182601E0,7.430171967E-2,4.169230461E-1,1.418857318E0
6.245911494E1,1.277614117E0,3.698968887E-2,3.524842262E-1,1.325862436E0
6.246909057E1,1.207113981E0,9.424209595E-3,2.908153534E-1,1.241686977E0
6.247909718E1,1.127119064E0,3.799915314E-3,1.997323036E-1,1.144685467E0
6.248910025E1,1.053807616E0,-4.456043243E-3,9.931898117E-2,1.058486943E0
6.249910624E1,-4.839758202E-2,-1.987123489E-2,-5.825600624E-1,5.849046232E-1
6.250910156E1,-4.143026844E-2,-4.686403275E-2,-6.197652817E-1,6.229138858E-1
6.251909895E1,-3.323067725E-2,-7.944536209E-2,-6.623525620E-1,6.679272114E-1
6.252910025E1,-2.376201749E-2,-1.182622910E-1,-7.181234360E-1,7.281839549E-1
6.253909869E1,-1.713381708E-1,-2.151775360E-1,-8.714084625E-1,9.137892806E-1
6.254910025E1,-1.566721797E-1,-2.630281448E-1,-9.616084099E-1,1.009168326E0
6.255910025E1,-1.057140455E-1,-3.173332214E-1,-1.583628178E0,1.618565426E0
6.256909843E1,-5.377581716E-2,-3.556742668E-1,-1.604821682E0,1.644642409E0
6.257910051E1,-2.019424886E-1,-3.849258423E-1,-1.626933098E0,1.684001181E0
6.258909817E1,-1.507153213E-1,-4.112672806E-1,-1.635022163E0,1.692676389E0
6.259910051E1,-9.853553027E-2,-4.353632927E-1,-1.635497093E0,1.695317430E0
6.260909947E1,-4.699803889E-2,-4.429469109E-1,-1.624269485E0,1.684239337E0
6.261910104E1,3.917194903E-3,-4.314813614E-1,-1.607466698E0,1.664373965E0
6.262909458E1,-1.473383307E-1,-4.044685364E-1,-1.570358276E0,1.628290053E0
6.263911640E1,-9.739077091E-2,-3.586688042E-1,-1.530155659E0,1.574644282E0
6.264912291E1,-4.784895852E-2,-3.014950752E-1,-1.492011547E0,1.522920635E0
6.265908718E1,1.313719898E-3,-2.387843132E-1,-1.470854759E0,1.490111874E0
6.266910390E1,4.847943783E-2,3.626303673E-1,-1.454654217E0,1.499956643E0
6.267909869E1,-1.041704789E-1,4.005575180E-1,-1.447859764E0,1.505853814E0
6.268910156E1,-5.551028997E-2,4.412317276E-1,-1.434353352E0,1.501711146E0
6.269909895E1,-7.093538530E-3,4.817643166E-1,-1.397712708E0,1.478427539E0
6.270909947E1,4.102219269E-2,5.281167030E-1,-1.322340965E0,1.424491383E0
6.271910182E1,-7.199135423E-2,6.159772873E-1,-4.783196449E-1,7.831988613E-1
6.272910051E1,-2.530665323E-2,6.318650246E-1,-3.533201218E-1,7.243817670E-1
6.273909895E1,2.274003252E-2,6.515574455E-1,-2.006006241E-1,6.821178962E-1
6.274909869E1,7.042019069E-2,6.598014832E-1,6.247296333E-1,9.113638764E-1
6.275909921E1,1.177534014E-1,6.731424332E-1,7.055301666E-1,9.822216730E-1
6.276909739E1,-3.640343994E-2,7.118563652E-1,7.392907143E-1,1.026944719E0
6.277910208E1,1.118628308E-2,7.763676643E-1,7.268576622E-1,1.063576017E0
6.278910051E1,5.838992447E-2,8.467669487E-1,6.917796135E-1,1.094980677E0
6.279909999E1,1.052356958E-1,1.464354038E0,6.312685013E-1,1.598094873E0
6.280909734E1,1.521333754E-1,1.498540878E0,5.496382713E-1,1.603393762E0
6.281911619E1,-2.689316869E-3,1.532045364E0,4.594831467E-1,1.599467097E0
6.282910046E1,4.377950728E-2,1.589013577E0,-1.505999565E-1,1.596734523E0
6.283909640E1,8.982928842E-2,1.656263351E0,-1.633958817E-1,1.666726074E0
6.284909999E1,1.354776025E-1,1.707879066E0,-1.383738518E-1,1.718822972E0
6.285909973E1,1.793573946E-1,1.711577415E0,-8.894014359E-2,1.723245970E0
6.286910025E1,2.340473235E-2,1.698027134E0,-2.433967590E-2,1.698362844E0
6.287910286E1,6.870625168E-2,1.661972046E0,8.579492569E-2,1.665602714E0
