"Time (s)","Linear Acceleration x (m/s^2)","Linear Acceleration y (m/s^2)","Linear Acceleration z (m/s^2)","Absolute acceleration (m/s^2)"
9.896042500E-2,0.000000000E0,0.000000000E0,0.000000000E0,0.000000000E0
1.089591230E-1,1.667690277E-2,-5.974149704E-2,1.725101471E-2,6.437983429E-2
1.189651120E-1,3.057432175E-2,-4.642701149E-1,6.433296204E-2,4.697023086E-1
1.289596440E-1,3.472423553E-2,-3.669261932E-1,1.186542511E-1,3.871943118E-1
1.389625080E-1,1.523804665E-2,-2.874678373E-1,1.292362213E-1,3.155502440E-1
1.489921960E-1,1.267671585E-3,-2.258446217E-1,5.720567703E-2,2.329804490E-1
1.589601650E-1,-1.340627670E-2,-1.223690510E-1,-8.471536636E-2,1.494342872E-1
1.689708940E-1,-5.901741982E-2,6.948682070E-1,-7.756180763E-1,1.043028418E0
1.789494870E-1,-1.119360924E-1,1.306079388E0,-6.999201775E-1,1.486021975E0
1.889570920E-1,-1.622655392E-1,1.824226618E0,-6.480455399E-1,1.942703240E0
1.989643310E-1,-2.063503265E-1,1.789360762E0,-6.319046021E-1,1.908846725E0
2.089599040E-1,-2.410652637E-1,2.390511990E0,-6.304750443E-1,2.483980438E0
2.189687580E-1,-2.501471043E-1,2.251194954E0,-6.271162033E-1,2.350261055E0
2.289614670E-1,-2.657065392E-1,2.129624605E0,-6.083869934E-1,2.230702951E0
2.389617270E-1,-3.048648834E-1,2.008414745E0,-5.770149231E-1,2.111780909E0
2.489578210E-1,-3.541932106E-1,1.901139498E0,-5.352282524E-1,2.006552641E0
2.589614670E-1,-4.257489443E-1,1.796105146E0,-5.079517365E-1,1.914489704E0
2.689739670E-1,-1.064374328E0,1.697656393E0,-4.973263741E-1,2.064524996E0
2.789604250E-1,-1.067107916E0,1.595534325E0,-5.051851273E-1,1.984857954E0
2.889604250E-1,-1.097928882E0,1.504551411E0,-5.191092491E-1,1.933545238E0
2.989575600E-1,-2.160343885E0,1.418403864E0,-5.007271767E-1,2.632429093E0
3.089575600E-1,-2.023964643E0,1.359944582E0,-4.460611343E-1,2.478881336E0
3.189640710E-1,-1.897705317E0,1.315474510E0,-3.658432961E-1,2.337862266E0
3.289659980E-1,-1.780300975E0,1.259408236E0,-2.972784042E-1,2.200898706E0
3.389845920E-1,-1.670688868E0,1.203222275E0,-2.527790070E-1,2.074329376E0
3.489643830E-1,-1.760277867E0,1.137701511E0,-2.191963196E-1,2.107365636E0
3.589666750E-1,-1.656563759E0,1.045632362E0,-2.515835762E-1,1.975055650E0
3.689651650E-1,-1.558829427E0,9.266915321E-1,-3.206663132E-1,1.841611594E0
3.789593830E-1,-2.122035027E-1,7.995648384E-1,-9.538602829E-1,1.262609875E0
3.889614670E-1,-1.003572941E-1,5.687808990E-2,-1.619239330E0,1.623343067E0
3.989604250E-1,-7.299482822E-2,1.372480392E-2,-1.602427483E0,1.604147890E0
4.089596440E-1,-4.956412315E-2,-3.244495392E-2,-1.535890579E0,1.537032579E0
4.189669350E-1,-5.809271336E-2,-9.536981583E-2,-1.389261723E0,1.393742551E0
4.289583420E-1,-1.271336079E-1,-1.485877037E-1,-4.979157448E-1,5.349405096E-1
4.389612060E-1,-2.332123518E-1,-2.029895782E-1,-3.681550026E-1,4.807607262E-1
4.489596440E-1,-1.529356956E0,-2.439827919E-1,4.701051712E-1,1.618474336E0
4.589596440E-1,-1.450163364E0,-2.687077522E-1,5.655775070E-1,1.579574486E0
4.689645920E-1,-1.374005318E0,-2.890892029E-1,1.224512100E0,1.863033296E0
4.789586020E-1,-1.300655127E0,-3.009569645E-1,1.261554718E0,1.836790451E0
4.889604250E-1,-1.425029516E0,-3.055484295E-1,1.299592972E0,1.952693232E0
4.989593830E-1,-2.405678749E0,-3.087201118E-1,1.300158024E0,2.751910107E0
5.090583420E-1,-2.371297836E0,-3.202702999E-1,1.331050396E0,2.738123746E0
5.189717790E-1,-2.293134451E0,-3.677444458E-1,1.397465229E0,2.710463181E0
5.291301650E-1,-2.182553291E0,-4.314904213E-1,1.965386391E0,2.968579882E0
5.389588100E-1,-1.180724502E0,-4.946684837E-1,1.922821045E0,2.309988751E0
5.489601650E-1,-1.116453648E0,-5.284559727E-1,1.862844467E0,2.235156364E0
5.589588620E-1,-1.054027557E0,-5.178070068E-1,1.730485439E0,2.091334034E0
5.689658940E-1,-9.933330417E-1,-4.498853683E-1,8.477253914E-1,1.381211684E0
5.789632900E-1,-9.342663884E-1,-3.714506626E-1,7.250084877E-1,1.239542894E0
5.889630290E-1,-1.072810173E0,-2.937664986E-1,-2.985811234E-2,1.112704781E0
5.989599040E-1,-9.740779400E-1,4.452819824E-1,-7.994194031E-1,1.336478679E0
6.089591230E-1,-9.167801738E-1,5.369920731E-1,-8.086900711E-1,1.335225076E0
6.189687580E-1,-8.608387709E-1,6.099033356E-1,-7.909755707E-1,1.318585538E0
6.289716230E-1,-1.002609491E0,6.280117035E-1,-7.212138176E-1,1.385559043E0
6.389703210E-1,5.236133337E-1,5.797181129E-1,-6.020245552E-1,9.862441781E-1
6.489700600E-1,6.104966402E-1,5.419182777E-1,-1.148700714E-3,8.163227836E-1
6.589698000E-1,6.840965152E-1,5.325107574E-1,3.278112411E-2,8.675427084E-1
6.689692790E-1,7.558181882E-1,5.330886841E-1,8.121109009E-2,9.284610492E-1
6.789684980E-1,8.065298200E-1,5.374493599E-1,1.179203987E-1,9.763438868E-1
6.889732900E-1,8.439236283E-1,5.402460098E-1,1.444864273E-1,1.012397733E0
6.989743830E-1,8.746415377E-1,5.465331078E-1,1.526246071E-1,1.042588379E0
7.089576650E-1,8.850964308E-1,5.703186989E-1,1.497111320E-1,1.063518939E0
7.189724560E-1,8.829298019E-1,5.946664810E-1,1.324539185E-1,1.072724242E0
7.289690190E-1,8.505836725E-1,6.243081093E-1,1.173596382E-1,1.061615036E0
7.389661540E-1,7.826255560E-1,6.536507607E-1,8.965539932E-2,1.023621106E0
7.489692790E-1,6.889140606E-1,6.875414848E-1,5.112218857E-2,9.746431934E-1
7.589695400E-1,5.779782534E-1,7.108159065E-1,2.264642715E-2,9.164229237E-1
7.689713620E-1,-1.143889070E0,7.692651749E-1,-5.100631714E-2,1.379439291E0
7.789679770E-1,-1.088557243E0,7.936367989E-1,-1.041150093E-1,1.351168448E0
7.889692790E-1,-1.034193516E0,8.231225014E-1,-1.594653130E-1,1.331358729E0
7.989711020E-1,-9.807584882E-1,8.569979668E-1,-2.311973572E-1,1.322794370E0
8.089677170E-1,-9.282150865E-1,8.801116943E-1,-2.976183891E-1,1.313299869E0
8.189476650E-1,-1.073896408E0,8.939180374E-1,-3.448457718E-1,1.439187812E0
8.289666750E-1,9.339112043E-2,9.142103195E-1,-3.851256371E-1,9.964056232E-1
8.389734460E-1,9.602226019E-1,9.497804642E-1,-4.048290253E-1,1.409963445E0
8.489716230E-1,1.034488440E0,9.936757088E-1,-4.261126518E-1,1.496372192E0
8.590065190E-1,1.131099701E0,1.044724941E0,-4.729652405E-1,1.610755368E0
8.689582900E-1,1.807295442E0,1.097062588E0,-5.467071533E-1,2.183747203E0
8.789602170E-1,1.814235806E0,1.150465965E0,-1.156449795E0,2.439754009E0
8.889483420E-1,1.798351884E0,1.219282150E0,-1.212657452E0,2.488223574E0
8.989555290E-1,1.738543391E0,1.791213036E0,-1.288688660E0,2.809216212E0
9.089664150E-1,1.660244465E0,1.778883457E0,-1.352697849E0,2.783995242E0
9.189619870E-1,1.575770855E0,1.751303673E0,-1.411101341E0,2.746147363E0
9.289445400E-1,1.490929365E0,1.734838963E0,-1.435508728E0,2.700596583E0
9.389617270E-1,1.381639838E0,1.723182201E0,-1.377146721E0,2.602848177E0
9.489552170E-1,7.048768997E-1,1.693607807E0,-3.854212761E-1,1.874488839E0
9.589645920E-1,6.844272614E-1,1.649389267E0,-2.432532310E-1,1.802247975E0
9.689599040E-1,6.804285049E-1,1.599346638E0,6.432423592E-1,1.853281779E0
9.789599040E-1,6.712698936E-1,1.563752174E0,7.339081764E-1,1.853252639E0
9.889606850E-1,6.625165939E-1,1.521309376E0,1.369390965E0,2.151404673E0
9.989599040E-1,6.395691633E-1,1.463294983E0,1.413358212E0,2.132571770E0
1.008963810E0,6.237833500E-1,1.387023449E0,1.425451279E0,2.084430633E0
1.018959644E0,5.996577740E-1,1.299896717E0,1.424510479E0,2.019542281E0
1.028960946E0,5.877660513E-1,1.218045712E0,1.388020515E0,1.937964199E0
1.038959540E0,6.010591984E-1,1.145722389E0,1.325650215E0,1.852376972E0
1.048975842E0,6.895868778E-1,1.057457924E0,1.255512238E0,1.780465754E0
1.058961675E0,7.557736635E-1,9.749174118E-1,1.173875809E0,1.702833581E0
1.068956415E0,7.588218451E-1,9.411544800E-1,3.666706085E-1,1.263340684E0
1.078959383E0,7.411727905E-1,9.254107475E-1,2.319750786E-1,1.208111996E0
1.088961727E0,7.299072742E-1,8.961553574E-1,-5.231719017E-1,1.268687468E0
1.098961987E0,7.096155882E-1,8.795242310E-1,-5.874238014E-1,1.273649826E0
1.108968498E0,6.475104094E-1,8.690023422E-1,-6.473269463E-1,1.262326018E0
1.118957040E0,5.492295027E-1,8.637938499E-1,-6.791062355E-1,1.228404714E0
1.128957300E0,-1.266627192E0,9.244494438E-1,-6.699352264E-1,1.705216827E0
1.138960425E0,-1.215475917E0,9.100217819E-1,-5.903720856E-1,1.629128769E0
1.148964331E0,-1.363084316E0,8.673815727E-1,-4.672799110E-1,1.681874003E0
1.158972404E0,-1.311270952E0,8.294982910E-1,2.532267570E-1,1.572139534E0
1.168960165E0,-1.260020852E0,7.909212112E-1,2.790923119E-1,1.513638474E0
1.178958342E0,-1.209318995E0,7.420606613E-1,2.963767052E-1,1.449463904E0
1.188957821E0,-1.159150958E0,6.940598488E-1,2.916135788E-1,1.382168042E0
1.198958602E0,-1.307779074E0,6.371278763E-1,2.580051422E-1,1.477425020E0
1.208964331E0,-1.256943226E0,5.773711205E-1,1.848139763E-1,1.395499871E0
1.219002092E0,-1.206630230E0,5.200881958E-1,9.680891037E-2,1.317505297E0
1.228963133E0,-1.156826615E0,4.844675064E-1,-3.967761993E-3,1.254181935E0
1.238957665E0,-1.107519627E0,4.579491615E-1,-6.386232376E-1,1.357997348E0
1.248957873E0,-1.257044315E0,4.539537430E-1,-6.560797691E-1,1.488850253E0
1.258965894E0,-1.207068443E0,4.841089249E-1,-6.754622459E-1,1.465477712E0
1.268959904E0,-1.157580137E0,5.390124321E-1,-6.916370392E-1,1.452201078E0
1.278961727E0,-1.108567476E0,6.250844002E-1,-7.293505669E-1,1.466834894E0
1.288961727E0,-1.060018897E0,1.278784752E0,-7.808651924E-1,1.835396674E0
1.298961727E0,-1.210336328E0,1.338424683E0,-8.297185898E-1,1.986133831E0
1.308964331E0,-1.121505499E0,2.048546314E0,-9.744105339E-1,2.530571571E0
1.318959383E0,-1.073121786E0,2.081551552E0,-1.054552078E0,2.568370557E0
1.328960685E0,-8.792710304E-2,2.122921944E0,-1.688994884E0,2.714264629E0
1.338960685E0,5.344028473E-1,2.171534061E0,-1.716336727E0,2.819035002E0
1.348960425E0,5.688898563E-1,2.211802006E0,-1.748279095E0,2.876140395E0
1.358965112E0,6.178091764E-1,2.249672890E0,-1.784201145E0,2.937020602E0
1.368954956E0,6.451405287E-1,2.285444736E0,-1.833299637E0,3.000075250E0
1.378959123E0,6.537034512E-1,2.309638500E0,-1.879204273E0,3.048469600E0
1.388975790E0,6.557016373E-1,2.318900585E0,-1.907698631E0,3.073525440E0
1.398958290E0,6.179090738E-1,2.334680557E0,-1.925929070E0,3.088971950E0
1.408961258E0,5.650677681E-1,2.351252079E0,-1.915758133E0,3.085095970E0
1.418945946E0,4.845874310E-1,2.383123875E0,-1.885805130E0,3.077395875E0
1.428956310E0,3.850340843E-1,2.413663864E0,-1.833830833E0,3.055643962E0
1.438960946E0,-1.226350069E0,2.457649231E0,-1.757905006E0,3.261012764E0
1.448960425E0,-1.177995443E0,2.498681545E0,-1.670982361E0,3.228508135E0
1.458965633E0,-1.130037427E0,2.542001247E0,-1.584325314E0,3.201381206E0
1.468960165E0,-1.082467794E0,2.577544689E0,-1.502847672E0,3.173960345E0
1.478958862E0,-1.194231749E0,2.638647556E0,-7.276577950E-1,2.986324876E0
1.488962769E0,-1.146379709E0,2.662278652E0,-6.007270813E-1,2.960200514E0
1.498961987E0,-1.098904252E0,2.641693115E0,-5.240402222E-1,2.908737050E0
1.508962508E0,-1.051797509E0,2.602199078E0,-5.349388123E-1,2.857250002E0
1.518958081E0,-1.005052090E0,2.595045567E0,-6.317052841E-1,2.853671803E0
1.528958862E0,-1.157336593E0,2.640388489E0,-1.421298981E0,3.214213769E0
1.538957300E0,-1.109985590E0,2.731342793E0,-1.551604271E0,3.331632824E0
1.548959123E0,-1.062992215E0,3.481015205E0,-2.473718166E0,4.400761397E0
1.558964852E0,-1.016349435E0,3.515748024E0,-3.182212830E0,4.849734924E0
1.568963550E0,1.003765106E0,4.536930561E0,-4.167382717E0,6.241663401E0
1.578971987E0,1.154891849E0,4.428360462E0,-4.300507545E0,6.280009292E0
1.588973237E0,1.974371791E0,4.420026302E0,-5.013848305E0,6.969465640E0
1.598968967E0,1.991519570E0,4.411925316E0,-4.951392174E0,6.924414751E0
1.608965112E0,1.941557527E0,4.404051304E0,-4.825117111E0,6.815208629E0
1.618961206E0,1.828410506E0,4.396401405E0,-4.062210083E0,6.258832244E0
1.628960425E0,1.002481937E0,4.289591312E0,-3.957568169E0,5.921816400E0
1.638962769E0,8.732081652E-1,3.251990795E0,-3.814895153E0,5.088355497E0
1.648959123E0,7.686889172E-2,2.528791904E0,-2.809131622E0,3.780465288E0
1.658971362E0,-1.045237303E0,2.365779400E0,-1.776803017E0,3.137907288E0
1.668961206E0,-1.197976947E0,2.255459785E0,-1.649022102E0,3.039987089E0
1.678961206E0,-1.151042819E0,1.558448315E0,-8.196659088E-1,2.103690311E0
1.688959904E0,-1.104429483E0,1.496903419E0,-6.928572655E-1,1.985078215E0
1.698959383E0,-1.058131099E0,1.413048267E0,9.647989273E-2,1.767952261E0
1.708965373E0,-2.583067417E0,1.363495827E0,1.727294922E-1,2.925951747E0
1.718959123E0,-2.659631729E0,1.348699093E0,2.145500183E-1,2.989759503E0
1.728958342E0,-2.734137535E0,1.354397297E0,2.312712669E-1,3.059965114E0
1.738960165E0,-2.792181015E0,1.382803917E0,2.115144730E-1,3.123004942E0
1.748991675E0,-2.821241856E0,1.435830116E0,1.210145950E-1,3.167910709E0
1.758978498E0,-2.781178474E0,1.490735054E0,-6.106295586E-1,3.214049341E0
1.768958654E0,-2.661499023E0,1.532609463E0,-7.451367378E-1,3.160331877E0
1.778956727E0,-1.021674037E0,1.577759743E0,-1.704014301E0,2.537086593E0
1.788959435E0,-9.761590362E-1,1.601345539E0,-1.816748619E0,2.611085894E0
1.798958342E0,-9.309290648E-1,1.596401215E0,-2.476696968E0,3.090170486E0
1.808964592E0,-8.859794736E-1,1.586155415E0,-2.515470505E0,3.102972847E0
1.818975165E0,-1.040200591E0,1.576187134E0,-2.532904148E0,3.159428204E0
1.828959123E0,-9.549535513E-1,1.527783394E0,-2.463737965E0,3.052222656E0
1.838959644E0,-9.099809527E-1,1.489244461E0,-2.372457743E0,2.945245345E0
1.848958342E0,-8.652783632E-1,1.454737663E0,-1.711449623E0,2.407078754E0
1.858970060E0,-1.019766092E0,1.443284512E0,-1.598005772E0,2.382564902E0
1.868969279E0,-9.745267630E-1,1.447027206E0,-9.511218071E-1,1.987013548E0
1.878972925E0,-9.295558333E-1,1.420079708E0,-8.956012726E-1,1.919062809E0
1.888966154E0,-8.848491907E-1,1.410361290E0,-8.418273926E-1,1.865676933E0
1.898968758E0,-8.404026628E-1,1.440050125E0,-7.944898605E-1,1.846952933E0
1.908966415E0,-9.951649308E-1,1.499145985E0,-7.527856827E-1,1.950507167E0
1.919012769E0,-9.501901269E-1,1.549645424E0,-7.257733345E-1,1.957296388E0
1.929722977E0,-9.054740667E-1,1.577995300E0,-7.310905457E-1,1.960725845E0
1.938964696E0,-8.610128164E-1,1.621216297E0,-7.499070168E-1,1.982938700E0
1.948949696E0,-8.168025613E-1,1.701766491E0,-7.853469849E-1,2.044491502E0
1.958959696E0,-9.718188643E-1,2.501059532E0,-8.254776001E-1,2.807337521E0
1.968959904E0,-9.270888567E-1,2.543220520E0,-8.891949654E-1,2.849233590E0
1.978975269E0,-8.826085925E-1,2.568614960E0,-9.782929420E-1,2.886838724E0
1.988971102E0,-8.383743763E-1,2.594048977E0,-1.614903927E0,3.168576397E0
1.998970842E0,-7.943825722E-1,2.658560753E0,-1.671989441E0,3.239527379E0
2.008970060E0,-9.098559022E-1,2.813408852E0,-1.845675945E0,3.485631481E0
2.018970321E0,-8.655709028E-1,2.856113434E0,-2.541954517E0,3.920220619E0
2.028970060E0,-8.215239644E-1,2.842788696E0,-2.578114033E0,3.924668287E0
2.038973446E0,-7.777116895E-1,2.814866543E0,-2.608081818E0,3.915405457E0
2.048972925E0,-9.331596494E-1,2.769374847E0,-2.632647753E0,3.933326603E0
2.058970060E0,-8.888449073E-1,2.713500023E0,-2.662268162E0,3.903946645E0
2.068968758E0,-8.447638750E-1,2.629093170E0,-2.691398144E0,3.856083618E0
2.078969540E0,-8.009133339E-1,2.563836098E0,-2.749386787E0,3.843676028E0
2.088973185E0,-7.488571405E-1,2.484068871E0,-2.763429880E0,3.790505227E0
2.099059644E0,-8.980298042E-1,2.418514252E0,-2.788188219E0,3.798639528E0
2.108959748E0,-8.464105725E-1,2.370254040E0,-3.335896015E0,4.178841621E0
2.118983290E0,-7.954552770E-1,2.356963158E0,-3.312174797E0,4.142285156E0
2.128956571E0,-7.451409101E-1,2.339956284E0,-3.265016556E0,4.085457562E0
2.138959696E0,-6.968876123E-1,2.286666393E0,-3.222869873E0,4.012653207E0
2.148958862E0,-8.482921720E-1,2.214981079E0,-3.183612347E0,3.970028761E0
2.158961467E0,-7.986529469E-1,2.127262115E0,-3.122545242E0,3.861784487E0
2.168960946E0,-7.499735355E-1,2.040345669E0,-3.056896687E0,3.751011611E0
2.178960685E0,-7.027696371E-1,2.010716438E0,-2.958378077E0,3.645389774E0
2.188960685E0,-8.166949153E-1,2.172745228E0,-2.795367241E0,3.633440576E0
2.198960425E0,-7.708448172E-1,3.195746422E0,-2.755373478E0,4.289414870E0
2.208958342E0,-7.243949175E-1,3.158588886E0,-2.742764473E0,4.245490396E0
2.218957821E0,-6.779366136E-1,3.123561382E0,-2.754254341E0,4.219259501E0
2.228958862E0,-6.315531731E-1,3.090646744E0,-3.341965199E0,4.595616182E0
2.238958602E0,-7.860518098E-1,2.959991455E0,-3.374726057E0,4.557214371E0
2.248961987E0,-7.392263412E-1,2.929956436E0,-4.967281342E0,5.814205382E0
2.258957560E0,-6.923119426E-1,1.412596703E0,-4.843244553E0,5.092321972E0
2.268958081E0,-6.455740929E-1,1.254067421E0,-4.722415447E0,4.928555434E0
2.278969435E0,-5.987787843E-1,5.012059212E-1,-4.604787350E0,4.670525660E0
2.288961154E0,-7.520405054E-1,3.950715065E-1,-4.688523769E0,4.764861126E0
2.298982821E0,-7.038819194E-1,2.637128830E-1,-4.556891918E0,4.618469248E0
2.308955790E0,-6.549197435E-1,1.349048615E-1,-4.426320553E0,4.476542508E0
2.318963810E0,-6.073901653E-1,-2.683210373E-2,-4.254088879E0,4.297314855E0
2.328961206E0,-5.604609847E-1,-7.225246429E-1,-4.102999687E0,4.203660882E0
2.338961467E0,-7.108280659E-1,-8.397111893E-1,-4.154709816E0,4.297907058E0
2.348959383E0,-6.597864628E-1,-1.009332180E0,-5.032265663E0,5.174723889E0
2.358960946E0,1.103344679E0,-1.657926559E0,-7.778290749E0,8.029190303E0
2.368960685E0,1.147181749E0,-1.047035217E0,-8.926283836E0,9.060400203E0
2.378960165E0,1.148307323E0,-4.115562439E-1,-9.679338455E0,9.755899814E0
2.388960165E0,1.103806138E0,5.341782570E-1,-9.705358505E0,9.782521051E0
2.398960425E0,9.839276671E-1,2.277059555E0,-9.602630615E0,9.917843949E0
2.408959383E0,-6.053922176E-1,2.245231152E0,-9.411703110E0,9.694726303E0
2.418959123E0,-6.145158410E-1,4.548406124E0,-9.109012604E0,1.019998719E1
2.428967977E0,-8.242113590E-1,5.694242477E0,-7.740787983E0,9.644870157E0
2.438956779E0,-2.433163166E0,6.368020058E0,-6.243585587E0,9.244150768E0
2.448957456E0,-2.597411871E0,6.314354420E0,-4.929901600E0,8.421493333E0
2.458976050E0,-2.711535215E0,6.194708824E0,-3.922941685E0,7.817692249E0
2.468963602E0,-2.749575138E0,5.449470520E0,-3.529901743E0,7.051035293E0
2.478956362E0,-2.662387848E0,4.391605377E0,-3.222092152E0,6.062704403E0
2.488964331E0,-2.572995901E0,3.176150322E0,-2.956890821E0,5.044942230E0
2.498959644E0,-2.468688011E0,1.528943062E0,-2.723494530E0,3.981144287E0
2.508960425E0,-2.288959026E0,1.521137238E0,-2.529519081E0,3.735191923E0
2.518960165E0,-5.539513826E-1,1.361770630E-1,-2.375335693E0,2.442872486E0
2.528959644E0,-6.416401863E-1,3.056526184E-2,-2.237494707E0,2.327878633E0
2.538964071E0,-4.951331913E-1,-4.472732544E-4,-2.171670914E0,2.227400196E0
2.548963550E0,-3.933243454E-1,7.368564606E-2,-2.175042152E0,2.211547417E0
2.558959644E0,-2.953236103E-1,1.532602310E-1,-2.218524933E0,2.243336268E0
2.568959644E0,-4.528205991E-1,2.298126221E-1,-2.251491308E0,2.308045374E0
2.578960165E0,-4.103684127E-1,2.816772461E-1,-2.815614462E0,2.859270729E0
2.588959644E0,-3.697035313E-1,2.828483582E-1,-2.794171095E0,2.832680004E0
2.598959904E0,-3.291004598E-1,2.251272202E-1,-2.760305405E0,2.788955952E0
2.608958081E0,-2.901255488E-1,7.219505310E-2,-2.720691442E0,2.737069032E0
2.618959383E0,-4.504397511E-1,-1.144997597E0,-2.646749973E0,2.918767015E0
2.629043081E0,-4.109702706E-1,-1.900555611E0,-2.512281179E0,3.176879745E0
2.638955217E0,-3.715853095E-1,-2.018808842E0,-1.724487185E0,2.680955209E0
2.648979071E0,-3.322526515E-1,-2.672006130E0,-1.617396235E0,3.141015627E0
2.658959175E0,-2.944172621E-1,-2.679088593E0,-1.563651681E0,3.115959530E0
2.668960946E0,-4.558194876E-1,-2.620367050E0,-1.517475009E0,3.062160232E0
2.678960165E0,-4.157703519E-1,-1.966578960E0,-1.478041053E0,2.494975580E0
2.688965373E0,-3.757296801E-1,-1.268643856E0,-1.411401510E0,1.934601832E0
2.698961206E0,-1.613475084E0,-5.079288483E-1,-1.376561999E0,2.180875168E0
2.708958862E0,-1.673212528E0,2.240524292E-1,-1.396598220E0,2.190964683E0
2.718959383E0,-1.757132053E0,1.459740639E0,-1.432922363E0,2.696594572E0
2.728959644E0,-1.696675777E0,1.474711418E0,-1.361109614E0,2.627946317E0
2.738961206E0,-1.625909328E0,1.489631653E0,-1.339704633E0,2.580192262E0
2.748962769E0,-1.484712362E0,1.444492340E-1,-1.379062772E0,2.031514339E0
2.758959383E0,-3.614847064E-1,-2.439498901E-3,-1.452487588E0,1.496795690E0
2.768958862E0,-2.763014436E-1,-8.660483360E-1,-2.026902914E0,2.221422434E0
2.778958602E0,-1.923714429E-1,1.464753151E0,-2.045220375E0,2.522981361E0
2.788959383E0,1.479430318E0,4.197967529E0,-2.004674911E0,4.881635683E0
2.798963810E0,2.399509907E0,6.931072235E0,-1.256523848E0,7.441522848E0
2.808978915E0,2.553578854E0,8.750105858E0,-1.077851534E0,9.178609994E0
2.819093654E0,3.322500944E0,9.720018387E0,3.062756956E-1,1.027674923E1
2.828962248E0,3.418808460E0,9.816687584E0,3.559736609E-1,1.040107320E1
2.838956310E0,3.485689878E0,1.049128151E1,4.042884111E-1,1.106257071E1
2.848960946E0,3.482802391E0,1.048158360E1,4.378244281E-1,1.105374133E1
2.858959644E0,3.369484901E0,8.481218338E0,2.586127520E-1,9.129697342E0
2.868957040E0,3.178771019E0,5.146369934E0,2.770863175E-1,6.055285750E0
2.878959644E0,2.308841705E0,2.617705345E0,-7.393928766E-1,3.567889169E0
2.888960685E0,1.344439268E0,1.251280785E0,-1.645886302E0,2.466204020E0
2.898960946E0,1.215049028E0,1.172252655E0,-1.720862746E0,2.410785976E0
2.908959383E0,1.152191281E0,1.193433762E0,-1.703814149E0,2.377984766E0
2.918962248E0,1.138879538E0,1.214590073E0,-1.626621246E0,2.327696785E0
2.928942873E0,1.164906025E0,1.236172676E0,-1.540124774E0,2.292839561E0
2.938983602E0,1.197651386E0,1.258534431E0,-1.466820598E0,2.273728309E0
2.948959383E0,1.786327839E0,1.181818962E0,-1.393017173E0,2.555026429E0
2.958957821E0,1.772126675E0,1.205278397E0,-1.311906338E0,2.512812608E0
2.968960685E0,1.773359895E0,1.228863716E0,-1.219619989E0,2.478383398E0
2.978990894E0,1.773491383E0,1.252551079E0,-1.117671728E0,2.441996311E0
2.988963706E0,1.753440380E0,1.276284218E0,-1.027028680E0,2.399633822E0
2.998967248E0,1.720718741E0,1.200383186E0,-9.707028866E-1,2.311721626E0
3.008948133E0,1.668843150E0,1.224977493E0,-9.461863041E-1,2.276153738E0
3.018958498E0,1.587385654E0,1.249749184E0,-9.449761510E-1,2.230391482E0
3.028959904E0,1.489867449E0,1.274681091E0,-9.648801088E-1,2.185294150E0
3.038988810E0,1.365500450E0,1.299433708E0,-1.018352509E0,2.142466166E0
3.048960165E0,1.227604747E0,1.224433899E0,-1.103409052E0,2.055179633E0
3.058959383E0,5.408521891E-1,1.249392509E0,-1.741328239E0,2.210368017E0
3.068958342E0,3.870329857E-1,1.294211388E0,-1.865910172E0,2.303562115E0
3.078959123E0,2.676117420E-1,1.318883896E0,-1.937504053E0,2.359023682E0
3.088958862E0,1.500003338E-1,1.243644714E0,-2.013753414E0,2.371572282E0
3.098971102E0,2.929008007E-2,1.268174171E0,-2.093798876E0,2.448084429E0
3.108972144E0,-7.718670368E-2,1.292118073E0,-2.159982920E0,2.518144776E0
3.118969279E0,-1.627470255E-1,1.312423706E0,-2.199275970E0,2.566273051E0
3.128969019E0,-2.370389700E-1,1.332407951E0,-2.247897387E0,2.623840903E0
3.139003133E0,-2.959891558E-1,1.252335548E0,-2.822325945E0,3.101850681E0
3.148967977E0,-3.458890915E-1,1.271876335E0,-2.818189383E0,3.111189495E0
3.159082560E0,-3.679003716E-1,1.291028976E0,-2.817667961E0,3.121115064E0
3.168960737E0,-3.798531294E-1,1.309806824E0,-2.820001125E0,3.132457288E0
3.178993758E0,-3.781039715E-1,1.328267097E0,-2.830002546E0,3.148995158E0
3.188960217E0,-3.640182018E-1,1.246696472E0,-2.851714611E0,3.133534357E0
3.198967196E0,-3.345590830E-1,1.264975548E0,-2.863523483E0,3.148310603E0
3.208967977E0,-2.916700840E-1,1.284849167E0,-2.853982210E0,3.143425405E0
3.218969019E0,-2.388083935E-1,1.305061340E0,-2.833615065E0,3.128831872E0
3.228973706E0,-1.916371584E-1,1.325516701E0,-2.794146299E0,3.098543669E0
3.239003915E0,-1.448638439E-1,1.246828079E0,-2.731069565E0,3.005712355E0
3.248967977E0,-2.569746971E-2,2.379492760E0,-2.602345467E0,3.526307996E0
3.258970060E0,4.564881325E-2,2.498850822E0,-2.460289955E0,3.507045182E0
3.268968498E0,1.317074299E-1,3.276828766E0,-2.325854540E0,4.020516503E0
3.278969019E0,7.458708286E-1,3.335576057E0,-2.188812256E0,4.058730099E0
3.288966675E0,7.851122618E-1,3.381783485E0,-2.049728870E0,4.031655894E0
3.298967456E0,8.568576574E-1,3.382940292E0,-1.913810492E0,3.980095560E0
3.308969540E0,9.477541447E-1,3.312920570E0,-1.280847907E0,3.676173552E0
3.318973185E0,1.556896329E0,2.664065361E0,-1.225161076E0,3.319968387E0
3.328969540E0,1.570481420E0,2.503200531E0,-1.197165489E0,3.188358511E0
3.339013706E0,1.553001285E0,1.243543625E0,-1.193604350E0,2.320108851E0
3.348965269E0,1.490721345E0,1.267000198E0,-1.200994492E0,2.295632244E0
3.358949487E0,1.368618608E0,1.290146828E0,-1.203522801E0,2.232949364E0
3.368957352E0,5.517783165E-1,2.242136002E-1,-1.229987264E0,1.366601521E0
3.378962769E0,3.840976954E-1,1.111354828E-1,-1.262555838E0,1.324359988E0
3.388961467E0,-8.271980286E-1,-5.990543365E-1,-1.339550138E0,1.684493172E0
3.398959904E0,-1.979553819E0,-6.303820610E-1,-1.419914722E0,2.516380870E0
3.408960685E0,-1.957097769E0,-6.587042809E-1,-1.490269423E0,2.546571412E0
3.418961987E0,-2.093657017E0,-7.053275108E-1,-1.580680609E0,2.716512063E0
3.428962769E0,-3.745685816E0,-6.962471008E-1,-1.604734302E0,4.134016743E0
3.438983081E0,-3.816725016E0,-6.679506302E-1,-1.606264472E0,4.194476540E0
3.448962508E0,-3.835912228E0,-6.237192154E-1,-1.594853044E0,4.200809982E0
3.458960685E0,-3.781487226E0,-5.768046379E-1,-1.552058458E0,4.128103038E0
3.468959383E0,-3.716320276E0,-5.354924202E-1,-1.517954946E0,4.049935277E0
3.478957821E0,-3.627120018E0,-4.844198227E-1,-1.496831417E0,3.953627003E0
3.488961206E0,-3.496116877E0,-4.202604294E-1,-1.487593532E0,3.822615147E0
3.498959383E0,-3.281031847E0,-3.592214584E-1,-1.495526791E0,3.623646012E0
3.508992196E0,-1.454000115E0,-2.810049057E-1,-1.521920085E0,2.123516150E0
3.518961467E0,-1.507740974E0,1.243610382E0,-1.564912677E0,2.503757439E0
3.528972717E0,-1.363431931E0,1.252372742E0,-2.169370174E0,2.851938125E0
3.538965894E0,-1.221250296E0,1.262294769E0,-2.181905031E0,2.800990884E0
3.548963550E0,-1.081675172E0,1.273518562E0,-2.203793049E0,2.765605631E0
3.558962248E0,-9.476427436E-1,1.286350250E0,-2.228892326E0,2.742386686E0
3.568960685E0,-1.071553230E0,1.206553459E0,-2.263043880E0,2.779454115E0
3.578960946E0,-9.911390543E-1,1.222634315E0,-2.318119526E0,2.801940298E0
3.588962508E0,8.707159758E-2,1.239752769E0,-2.371233463E0,2.677184441E0
3.598962769E0,1.495361924E-1,1.283080101E0,-2.967549801E0,3.236511616E0
3.608958862E0,1.671283245E-1,1.207139969E0,-2.980407953E0,3.219930178E0
3.618961467E0,-8.658720851E-1,1.231681824E0,-3.010249138E0,3.365765062E0
3.628958602E0,-7.975259423E-1,1.256731987E0,-3.049513578E0,3.393369414E0
3.638986987E0,-7.284651399E-1,1.282057762E0,-3.082374334E0,3.416923339E0
3.648958342E0,-6.607029438E-1,1.307917595E0,-3.099581718E0,3.428495828E0
3.658959123E0,-7.948794961E-1,1.239646912E0,-3.071651936E0,3.406406243E0
3.668958342E0,-7.304320931E-1,1.271553993E0,-3.010958672E0,3.349067441E0
3.678959644E0,-6.658460498E-1,1.303640366E0,-2.896887779E0,3.245733811E0
3.689080842E0,-6.021389365E-1,1.336073875E0,-2.731144190E0,3.099485971E0
3.698960269E0,-5.393519402E-1,1.368960381E0,-1.845233917E0,2.360051111E0
3.708973498E0,-6.771925092E-1,1.301678658E0,-1.634439707E0,2.196440342E0
3.718957404E0,-6.147925258E-1,2.384757996E0,-4.412298203E-1,2.501944104E0
3.728959123E0,1.059770226E0,3.180678368E0,-2.342300415E-1,3.360757582E0
3.738980998E0,1.187576532E0,3.932890892E0,7.201218605E-1,4.170916480E0
3.748957821E0,1.895687580E0,4.079165459E0,8.105678558E-1,4.570584480E0
3.758960165E0,1.957184315E0,4.763170242E0,8.539879322E-1,5.219928791E0
3.768960946E0,1.992029905E0,4.692040443E0,8.261599541E-1,5.163910043E0
3.778960165E0,1.919113874E0,3.180150032E0,7.099864483E-1,3.781591338E0
3.788958862E0,1.803207874E0,1.321401596E0,5.468978882E-1,2.301468687E0
3.798960685E0,1.626933336E0,1.218432426E0,3.980174065E-1,2.071209191E0
3.808972665E0,7.062280774E-1,1.217365265E0,2.964062691E-1,1.438260394E0
3.818947717E0,5.670528412E-1,1.218031883E0,2.657732964E-1,1.369593384E0
3.828960425E0,4.168227315E-1,-4.811964035E-1,3.022313118E-1,7.047233032E-1
3.838987248E0,-7.859688401E-1,-4.859046936E-1,9.858012199E-1,1.351167804E0
3.848958862E0,-9.901863933E-1,-4.414463043E-1,1.037344217E0,1.500475577E0
3.858960425E0,-9.979184270E-1,-3.530454636E-1,2.407931089E0,2.630325915E0
3.868996310E0,-1.000430584E0,1.169178963E0,2.405601501E0,2.855653933E0
3.878957040E0,-9.729124904E-1,1.178544044E0,2.405518055E0,2.849919629E0
3.889065998E0,-9.424372315E-1,1.188079834E0,2.406777620E0,2.844696845E0
3.898957612E0,-1.108542562E0,1.092833519E0,2.190268278E0,2.687085194E0
3.908963810E0,-1.036458135E0,1.093351364E0,2.173431873E0,2.644516738E0
3.918962769E0,-9.661754370E-1,1.084214211E0,2.114685059E0,2.565328113E0
3.928947508E0,-8.954277635E-1,1.076573372E0,2.057404757E0,2.488717629E0
3.938981258E0,-8.256011009E-1,1.070758820E0,2.002688408E0,2.416382107E0
3.948959644E0,-9.550526142E-1,9.668884277E-1,1.751454830E0,2.216888078E0
3.958962769E0,-8.457558751E-1,9.846391678E-1,1.742855072E0,2.173099421E0
3.968959904E0,6.250567436E-1,9.836683273E-1,1.695466638E0,2.057402836E0
3.978960685E0,7.718402147E-1,9.841690063E-1,1.650770426E0,2.071079175E0
3.988958342E0,1.664079428E0,8.862638474E-1,1.409192085E0,2.353815261E0
3.998958081E0,1.798937798E0,8.897256851E-1,1.370176792E0,2.430056262E0
4.008959644E0,2.515778780E0,8.943462372E-1,1.333716393E0,2.984593352E0
4.018960425E0,2.587599754E0,9.001722336E-1,1.299786687E0,3.032396407E0
4.028958081E0,2.598057270E0,9.108695984E-1,1.267614126E0,3.030912499E0
4.039006258E0,2.580002308E0,8.228502274E-1,1.036820531E0,2.899739854E0
4.048960321E0,2.475836992E0,8.387231827E-1,1.009550571E0,2.802216577E0
4.058948602E0,2.325788498E0,8.559331894E-1,9.845380783E-1,2.666688769E0
4.068946206E0,1.616333246E0,8.742876053E-1,9.617865682E-1,2.074113156E0
4.078957352E0,1.443352103E0,8.932733536E-1,9.397709370E-1,1.940198957E0
4.088963550E0,6.473666430E-1,8.132190704E-1,7.205035090E-1,1.264726901E0
4.098959383E0,4.983339310E-1,8.339128494E-1,7.049468160E-1,1.200290532E0
4.108958081E0,3.336971998E-1,8.551292419E-1,6.914759874E-1,1.149234042E0
4.118959123E0,-1.261002421E0,8.767528534E-1,6.799631119E-1,1.679634635E0
4.128961987E0,-1.428140879E0,8.188247681E-1,5.092899203E-1,1.723205325E0
4.138988550E0,-1.429481506E0,8.406047821E-1,5.006117821E-1,1.732237262E0
4.148960165E0,-1.403469443E0,8.586635590E-1,4.958274364E-1,1.718392980E0
4.158958602E0,-1.373579025E0,8.763818741E-1,4.927438200E-1,1.702222371E0
4.168960946E0,-1.339334965E0,8.936424255E-1,4.913083315E-1,1.683389084E0
4.178962248E0,-1.451780438E0,8.030643463E-1,2.915145755E-1,1.684505724E0
4.188961727E0,-1.366050124E0,8.132219315E-1,2.946025133E-1,1.616852959E0
4.198960425E0,-1.281638384E0,8.239393234E-1,2.992981374E-1,1.552756366E0
4.208958342E0,-1.198982358E0,8.352260590E-1,3.052524328E-1,1.492762644E0
4.218961519E0,-1.118003607E0,8.470335007E-1,3.124115467E-1,1.437010366E0
4.228979227E0,-1.238064051E0,7.595205307E-1,1.197194010E-1,1.457397257E0
4.238995112E0,-1.158759832E0,7.723684311E-1,1.298576295E-1,1.398620873E0
4.248945842E0,-1.081315517E0,7.856636047E-1,1.411550045E-1,1.344036935E0
4.258956258E0,-1.005618811E0,7.993564606E-1,1.535565257E-1,1.293761783E0
4.268961987E0,-9.331348538E-1,8.135700226E-1,1.655374169E-1,1.249015402E0
4.278960165E0,-1.061376095E0,7.283134460E-1,-2.098778635E-2,1.287400551E0
4.288959123E0,-9.896842837E-1,7.431993484E-1,-4.966456443E-3,1.237677227E0
4.298959383E0,-9.191442132E-1,7.583160400E-1,1.188825443E-2,1.191641990E0
4.308961206E0,-8.101099133E-1,7.936201096E-1,6.952475011E-2,1.136197448E0
4.318959383E0,-9.434937835E-1,7.095432281E-1,-1.129598990E-1,1.185914015E0
4.328959644E0,-8.786877990E-1,7.257003784E-1,-9.439960122E-2,1.143522878E0
4.339000269E0,-8.134805560E-1,7.418622971E-1,-7.352755964E-2,1.103411340E0
4.348970842E0,-7.492914796E-1,7.581548691E-1,-5.196848512E-2,1.067210031E0
4.358969800E0,-6.869292855E-1,7.746353149E-1,-2.949686348E-2,1.035761449E0
4.368970842E0,-8.264160156E-1,6.916007996E-1,-2.074049711E-1,1.097402350E0
4.378970060E0,-7.652016282E-1,7.084999084E-1,-1.831697524E-1,1.058799703E0
4.388969800E0,9.176044464E-1,7.255039215E-1,-1.582467109E-1,1.180421908E0
4.399087717E0,9.838543534E-1,7.425918579E-1,-1.326099038E-1,1.239757010E0
4.408960998E0,1.055813909E0,7.598524094E-1,-1.063496023E-1,1.305154754E0
4.418985321E0,1.119610786E0,6.773853302E-1,-2.790790200E-1,1.338007585E0
4.428957560E0,1.150268078E0,6.950407028E-1,-2.513318360E-1,1.367247571E0
4.438982352E0,1.158177137E0,7.127017975E-1,-2.231206596E-1,1.378078721E0
4.448969800E0,1.084377766E0,7.345685959E-1,-1.947877109E-1,1.324163288E0
4.458969540E0,9.695469141E-1,7.566509247E-1,-1.658879071E-1,1.240991796E0
4.468971362E0,8.296503425E-1,6.791057587E-1,-3.356108069E-1,1.123449570E0
4.478973967E0,-8.790875673E-1,7.015848160E-1,-3.048585653E-1,1.165313241E0
4.488970321E0,-8.390206695E-1,7.439870834E-1,-2.338400781E-1,1.145492753E0
4.498969800E0,-8.380346894E-1,7.664136887E-1,-2.021786720E-1,1.153502622E0
4.508969800E0,-1.034818769E0,6.890258789E-1,-3.697351217E-1,1.297039169E0
4.518968498E0,-1.031026840E0,7.116575241E-1,-3.365844190E-1,1.297213108E0
4.528971362E0,-1.023664713E0,7.339792252E-1,-3.032055497E-1,1.295588111E0
4.539003133E0,-9.596059918E-1,7.498817444E-1,-2.684912980E-1,1.247098179E0
4.548969800E0,-8.954697251E-1,7.657661438E-1,-2.334202677E-1,1.201144803E0
4.558974227E0,-1.032019496E0,6.820697784E-1,-3.990386128E-1,1.299813539E0
4.568979696E0,-9.693270922E-1,6.983919144E-1,-3.630596399E-1,1.248662717E0
4.578983290E0,-9.063462615E-1,7.146692276E-1,-3.267888725E-1,1.199586019E0
4.588974696E0,-8.442321420E-1,7.310228348E-1,-2.904263139E-1,1.153893296E0
4.598960060E0,-7.838482857E-1,1.989945412E0,-2.535020709E-1,2.153732615E0
4.608958133E0,-9.247004986E-1,2.075444221E0,-4.154616594E-1,2.309793956E0
4.618968498E0,-8.660515547E-1,2.724309921E0,-3.774820566E-1,2.883470573E0
4.628960946E0,-8.085343242E-1,2.812596321E0,-3.392116725E-1,2.946097483E0
4.638990373E0,-7.514366508E-1,2.918031693E0,-3.010373712E-1,3.028232075E0
4.648961467E0,-6.930035949E-1,3.569803238E0,-2.632555962E-1,3.645963885E0
4.658961727E0,-7.951089144E-1,3.567559242E0,-3.849110305E-1,3.675300482E0
4.668968237E0,3.598631024E-1,3.534236908E0,-1.563333154E0,3.881281042E0
4.678959383E0,4.328120947E-1,3.479445457E0,-1.672769666E0,3.884845603E0
4.688963290E0,5.125316978E-1,3.381507874E0,-2.446940899E0,4.205330427E0
4.698964852E0,6.021149158E-1,2.615554810E0,-2.545929909E0,3.699382169E0
4.708959383E0,6.991713047E-1,2.493526459E0,-3.197318077E0,4.114530058E0
4.718964331E0,7.943928242E-1,1.697835922E0,-3.236807346E0,3.740404868E0
4.728959383E0,8.524839282E-1,1.605631828E0,-3.236246586E0,3.711882862E0
4.738981779E0,1.487942696E0,6.398525238E-1,-3.150787115E0,3.542717059E0
4.748978394E0,1.503076673E0,5.595407486E-1,-3.019561768E0,3.419075694E0
4.758957404E0,1.560250759E0,5.791816711E-1,-2.306573153E0,2.844312491E0
4.768961519E0,2.179246902E0,5.996360779E-1,-2.140891552E0,3.113213312E0
4.778956415E0,2.216097355E0,6.208124161E-1,-1.985518694E0,3.039536153E0
4.788967769E0,2.284804583E0,6.427946091E-1,-1.852961659E0,3.011143271E0
4.798960946E0,2.960448265E0,5.677566528E-1,-1.750901341E0,3.486008757E0
4.808963550E0,2.942585945E0,5.936279297E-1,-1.659104824E0,3.429844746E0
4.818950321E0,2.888512135E0,2.262222290E0,-1.573104382E0,3.991968116E0
4.828960946E0,2.761543274E0,2.334773064E0,-1.513663650E0,3.920263276E0
4.838983342E0,1.749499202E0,2.454623222E0,-1.495391488E0,3.364835557E0
4.848957040E0,1.512097478E0,2.486302376E0,-1.478419304E0,3.264025417E0
4.858958602E0,2.145903111E-1,2.500618935E0,-1.463972211E0,2.905573729E0
4.868967196E0,-1.470219612E0,2.473885536E0,-1.442227244E0,3.218955542E0
4.878959123E0,-1.490741611E0,2.417007446E0,-1.444864988E0,3.186199990E0
4.888959644E0,-1.707265496E0,2.333763123E0,-1.478734970E0,3.247747358E0
4.898958602E0,-1.720694900E0,6.536397934E-1,-1.525154591E0,2.390425159E0
4.908958081E0,-3.434029102E0,6.830081940E-1,-2.100759506E0,4.083166243E0
4.918965894E0,-3.547360897E0,7.110767365E-1,-2.111472130E0,4.188999166E0
4.929924592E0,-3.608367205E0,7.311744690E-1,-2.116314650E0,4.246612495E0
4.939003967E0,-3.593680382E0,6.417360306E-1,-2.101910353E0,4.212409162E0
4.948970685E0,-3.559325457E0,6.528682709E-1,-2.085356474E0,4.176571119E0
4.958956050E0,-3.492263079E0,-1.391153336E0,-2.036208868E0,4.275202401E0
4.968964383E0,-3.394301414E0,-1.543511391E0,-1.962312698E0,4.213594740E0
4.978959123E0,-3.204727650E0,-2.444481850E0,-1.848949790E0,4.434454436E0
4.988960425E0,-2.994473934E0,-2.546303749E0,-1.710798979E0,4.286883492E0
4.998961987E0,-1.244620919E0,-2.643725395E0,-1.041711211E0,3.102181079E0
5.008959644E0,-1.111864805E0,-2.717776299E0,-9.236704111E-1,3.078265483E0
5.018965112E0,-9.467648864E-1,-2.771211624E0,-7.328065634E-1,3.018771783E0
5.028959383E0,-1.023105383E0,-2.760954380E0,-6.546562910E-1,3.016320370E0
5.038982821E0,2.499837875E-1,-2.740038872E0,-6.175634861E-1,2.819874035E0
5.048957300E0,1.130071163E0,-2.732555389E0,-6.546294689E-1,3.028606863E0
5.058963550E0,1.249700189E0,-2.739724636E0,-1.294113636E0,3.277586268E0
5.068969540E0,1.364010692E0,-2.769058704E0,-1.957730532E0,3.655259240E0
5.078957821E0,1.443874121E0,-2.807868958E0,-2.839801788E0,4.246572118E0
5.088959644E0,1.474345326E0,-2.830643654E0,-3.791705132E0,4.956134123E0
5.098956779E0,1.388876200E0,-2.801613808E0,-4.777172089E0,5.709587567E0
5.108991310E0,1.169762611E0,-2.668466568E0,-5.621815681E0,6.331972043E0
5.118961415E0,-8.811144829E-1,-1.477508068E0,-6.297404289E0,6.528146261E0
5.129060060E0,-1.100445628E0,-3.272895813E-1,-6.376342773E0,6.478876925E0
5.138989904E0,-2.152966022E0,7.841997147E-1,-8.156019211E0,8.471769665E0
5.148958342E0,-3.000819683E0,2.193309784E0,-8.007045746E0,8.827701182E0
5.158961467E0,-3.213130713E0,3.237711906E0,-7.822917938E0,9.055663004E0
5.168967717E0,-4.289320946E0,3.438981056E0,-6.590374470E0,8.582418105E0
5.178960685E0,-4.422628880E0,4.169381142E0,-5.509002686E0,8.203200345E0
5.188964592E0,-4.460115433E0,4.130932808E0,-4.656688690E0,7.657805501E0
5.198960946E0,-4.461870670E0,2.043432236E0,-3.000354767E0,5.752046063E0
5.208959123E0,-4.294619560E0,1.058780670E0,-1.981791496E0,4.846882628E0
5.218965894E0,-4.080001354E0,1.005580902E0,-9.633867741E-1,4.311115642E0
5.228961206E0,-3.139182806E0,7.229804993E-3,1.140260696E-2,3.139211840E0
5.238986206E0,-2.234437943E0,2.014160156E-2,8.602318764E-1,2.394392926E0
5.248959123E0,-3.604823649E-1,1.140557289E0,1.070701122E0,1.605372031E0
5.258959904E0,-1.977636367E-1,1.170055389E0,1.198862553E0,1.686834755E0
5.268964852E0,1.768475771E0,3.210297585E0,1.180940390E0,3.850732052E0
5.278961727E0,2.924079418E0,4.418600082E0,1.064069986E0,5.404304957E0
5.288959019E0,3.150083780E0,5.238733292E0,8.988974094E-1,6.178622086E0
5.298952196E0,4.026411057E0,5.275307655E0,1.186892986E-1,6.637389849E0
5.308977873E0,4.015656948E0,5.225684166E0,3.293943405E-2,6.590475001E0
5.318966467E0,3.958368301E0,5.042450905E0,-4.667639732E-2,6.410707404E0
5.328961467E0,3.754996061E0,3.446908951E0,-1.128909588E-1,5.098423394E0
5.338986987E0,2.646706581E0,1.930011749E0,-8.781814575E-2,3.276844993E0
5.348962769E0,1.816622615E0,9.267644882E-1,9.330604076E-1,2.242679617E0
5.358961727E0,1.598110914E0,-8.605365753E-1,1.767592907E0,2.533548179E0
5.368968237E0,1.330416918E0,-1.791569710E0,2.719751835E0,3.518064986E0
5.378958342E0,1.183032990E0,-1.873920441E0,2.694833755E0,3.489021903E0
5.388960165E0,1.037514329E0,-1.881268501E0,2.672768831E0,3.429183632E0
5.398960685E0,8.970896006E-1,-1.801942348E0,2.658473492E0,3.334553536E0
5.408959123E0,7.703389525E-1,-1.039829254E0,2.427891493E0,2.751240462E0
5.418965112E0,6.295575500E-1,-2.915487289E-1,2.384425879E0,2.483310319E0
5.428959644E0,-9.480938911E-1,8.261489868E-1,2.342580080E0,2.658775208E0
5.438982040E0,-9.528204203E-1,8.297090530E-1,2.300993443E0,2.625043750E0
5.448959644E0,-9.545729756E-1,8.342313766E-1,2.261014462E0,2.592168581E0
5.458977248E0,-1.152710080E0,2.125738144E0,2.021705389E0,3.151951120E0
5.468964748E0,-1.147871852E0,2.138533592E0,1.984018564E0,3.134846946E0
5.478967769E0,-1.137554765E0,2.112589836E0,1.942769766E0,3.087299957E0
5.488947560E0,-1.119303703E0,2.037082672E0,1.894457698E0,2.998585760E0
5.498958133E0,-1.046613216E0,1.928999901E0,1.849031925E0,2.869731504E0
5.508962248E0,-1.174578547E0,6.364097595E-1,3.403657675E-1,1.378586596E0
5.518964071E0,-1.102197528E0,6.379280090E-1,2.087191343E-1,1.290486425E0
5.528958081E0,-1.031332970E0,6.410713196E-1,5.956745148E-2,1.215799495E0
5.538986467E0,7.643263340E-1,6.453580856E-1,-9.642183781E-2,1.004977101E0
5.548959904E0,9.387177825E-1,5.708560944E-1,-7.793526649E-1,1.347018312E0
5.558960165E0,9.864110351E-1,5.775489807E-1,-7.946435213E-1,1.392130698E0
5.568970581E0,9.892157912E-1,5.920791626E-1,-7.265043259E-1,1.362686373E0
5.578980737E0,9.246641994E-1,6.071510315E-1,-6.310926676E-1,1.273543957E0
5.588972404E0,2.422651052E-1,6.290140152E-1,2.700555325E-2,6.745964071E-1
5.598967977E0,8.504641056E-2,5.511293411E-1,9.098887444E-2,5.650269178E-1
5.608972404E0,-1.079331517E0,5.732316971E-1,1.806437969E-1,1.235387908E0
5.618968758E0,-1.074166179E0,5.952997208E-1,1.314568996E0,1.798973703E0
5.628969800E0,-1.067495942E0,6.173038483E-1,1.346140027E0,1.825569664E0
5.639165269E0,-1.059365869E0,6.392297745E-1,1.377801538E0,1.851812038E0
5.648963081E0,-1.249356985E0,5.603828430E-1,1.203364253E0,1.822911773E0
5.658968290E0,-1.217099428E0,5.785074234E-1,1.227293491E0,1.822704356E0
5.668964383E0,-1.180339217E0,5.956487656E-1,1.248370767E0,1.818358515E0
5.678966935E0,-1.106337070E0,6.028585434E-1,1.229987383E0,1.760763783E0
5.688959383E0,-1.033769965E0,6.107521057E-1,1.212216854E0,1.706214575E0
5.698971623E0,-1.160616517E0,5.195579529E-1,9.971608520E-1,1.615952020E0
5.708971883E0,-1.088782310E0,5.291223526E-1,9.841353297E-1,1.560108884E0
5.718972144E0,-1.016759157E0,5.392274857E-1,9.730873108E-1,1.507137810E0
5.728970060E0,-9.060682058E-1,5.699214935E-1,1.003719926E0,1.467386722E0
5.738966935E0,-1.037824392E0,4.815120697E-1,7.952619195E-1,1.393332287E0
5.748969019E0,-9.706720114E-1,4.936447144E-1,7.885337472E-1,1.344497947E0
5.758969279E0,-9.032145739E-1,5.062866211E-1,7.851766348E-1,1.299471068E0
5.768973185E0,-8.369432092E-1,5.193939209E-1,7.834540009E-1,1.258588158E0
5.778966415E0,-7.718195915E-1,5.329275131E-1,7.833075523E-1,1.222001611E0
5.788969800E0,-9.087445140E-1,4.471120834E-1,5.835406780E-1,1.168865061E0
5.798967717E0,-8.451590538E-1,4.616270065E-1,5.868510008E-1,1.127735526E0
5.808959383E0,-7.826167941E-1,4.764661789E-1,5.915619135E-1,1.090621182E0
5.819030529E0,-7.211812735E-1,4.916105270E-1,5.977168083E-1,1.057850993E0
5.828977717E0,-6.607416868E-1,5.070247650E-1,6.051880121E-1,1.029517469E0
5.838972404E0,-8.006520867E-1,4.229164124E-1,4.143122435E-1,9.957693965E-1
5.848958394E0,-7.414190173E-1,4.390172958E-1,4.245746136E-1,9.605737597E-1
5.858962248E0,-6.831346750E-1,4.553232193E-1,4.360460043E-1,9.295850344E-1
5.868958862E0,-6.260641217E-1,4.718446732E-1,4.489696920E-1,9.034198716E-1
5.878959644E0,-5.697660446E-1,4.885168076E-1,4.629068971E-1,8.817963553E-1
5.888963550E0,-7.136347890E-1,4.055633545E-1,2.782319784E-1,8.667002252E-1
5.898962769E0,-6.581659317E-1,4.227228165E-1,2.944212556E-1,8.357995268E-1
5.908959644E0,-5.635258555E-1,4.599409103E-1,3.514228165E-1,8.078397284E-1
5.918957560E0,-5.095258355E-1,1.492285728E0,3.692368865E-1,1.619527447E0
5.928941154E0,-6.556139588E-1,2.205751419E0,1.882941574E-1,2.308814344E0
5.938959904E0,-6.025228500E-1,2.317629814E0,2.082885206E-1,2.403710850E0
5.948960425E0,-5.500787497E-1,3.158333778E0,2.290591598E-1,3.214051491E0
5.958963290E0,-4.981560409E-1,3.289166451E0,2.504651546E-1,3.336091751E0
5.968959383E0,-4.467101693E-1,4.174562454E0,2.724354267E-1,4.207225062E0
5.978958862E0,-5.956767797E-1,4.227514267E0,9.217748046E-2,4.270269827E0
5.988975529E0,-5.429370403E-1,4.242911339E0,1.131393537E-1,4.279004297E0
5.998955946E0,-4.907719791E-1,4.210951805E0,1.348026842E-1,4.241596870E0
6.008949279E0,-4.385013282E-1,4.113157272E0,-1.561973691E0,4.421550404E0
6.018949227E0,-3.866706491E-1,3.402591705E0,-1.679364443E0,3.814106637E0
6.028960737E0,-5.349935293E-1,3.253500938E0,-2.445137262E0,4.104897400E0
6.038962248E0,-4.836374223E-1,2.094995499E0,-2.528590202E0,3.319138398E0
6.048961467E0,6.396930218E-1,1.332674980E0,-2.616586924E0,3.005288155E0
6.058959383E0,7.531201839E-1,3.361082077E-1,-2.688828707E0,2.812464854E0
6.068962769E0,1.502748966E0,3.547754288E-1,-2.716949701E0,3.125049718E0
6.078961727E0,1.712581635E0,2.942533493E-1,-2.538388729E0,3.076188913E0
6.088960425E0,2.535239697E0,3.144521713E-1,-1.765342474E0,3.105278496E0
6.098963550E0,2.555967808E0,3.367366791E-1,-1.582837343E0,3.025183809E0
6.108958602E0,2.571487665E0,3.597202301E-1,-8.534176350E-1,2.733179305E0
6.118961467E0,2.530108690E0,2.849750519E-1,-7.322081327E-1,2.649299816E0
6.128958342E0,2.460318565E0,1.419987679E0,-6.300901175E-1,2.909732979E0
6.138959123E0,2.350059748E0,2.121134758E0,-5.544998050E-1,3.213948275E0
6.148961467E0,2.174693108E0,2.163878441E0,-5.180138946E-1,3.111269582E0
6.158958862E0,1.440438271E0,2.167820930E0,-5.158849359E-1,2.653384116E0
6.168956050E0,1.231990099E0,2.156044960E0,-5.538464189E-1,2.544223915E0
6.178974748E0,2.027710676E-1,2.131841660E0,-6.207775474E-1,2.229625469E0
6.188961779E0,-2.599966526E-2,2.101070404E0,-7.110752463E-1,2.218287815E0
6.198957144E0,-1.141342282E0,2.064604759E0,-1.310830951E0,2.698802104E0
6.208956675E0,-1.162744761E0,1.994036674E0,-1.319205403E0,2.658657656E0
6.218964071E0,-1.380473733E0,1.908379555E0,-1.326006174E0,2.702945176E0
6.228967717E0,-1.372722626E0,1.821006775E0,-1.336375952E0,2.643167374E0
6.238964852E0,-1.358889103E0,3.633947372E-1,-1.359742045E0,1.956408383E0
6.248962248E0,-2.402512074E0,3.821172714E-1,-1.391287088E0,2.802455644E0
6.258963290E0,-2.411423206E0,3.171854019E-1,-1.419532776E0,2.816139514E0
6.268959383E0,-2.354640961E0,3.325605392E-1,-1.424852371E0,2.772207576E0
6.278959904E0,-2.284824848E0,-7.434883118E-1,-1.426211834E0,2.794150972E0
6.288958602E0,-2.193520546E0,-8.797168732E-1,-1.439297080E0,2.767130327E0
6.298962769E0,-1.028366685E0,-1.847587109E0,-1.446791887E0,2.562093466E0
6.308959383E0,-1.147736311E0,-1.968760967E0,-1.429920912E0,2.690351687E0
6.318960425E0,-1.068595171E0,-2.762426853E0,-1.391148090E0,3.272337203E0
6.328960685E0,-9.905244112E-1,-2.858328342E0,-1.338716269E0,3.308072062E0
6.338963810E0,-9.133543968E-1,-3.479248524E0,-1.259714127E0,3.811333917E0
6.349049383E0,-8.398944736E-1,-3.539550781E0,-1.167667747E0,3.820640055E0
6.358955581E0,-9.667003751E-1,-3.610396862E0,-1.093487978E0,3.894251029E0
6.369119487E0,-8.984735608E-1,-3.674746037E0,-1.034732223E0,3.921948998E0
6.378955790E0,7.720687985E-1,-3.734210491E0,-1.013252020E0,3.945516174E0
6.388963081E0,8.311315179E-1,-3.773865223E0,-1.034740925E0,4.000440864E0
6.398961206E0,8.833740950E-1,-3.801539898E0,-1.106143355E0,4.056551307E0
6.408960685E0,9.131581783E-1,-3.813278198E0,-1.915113688E0,4.363783784E0
6.418961467E0,9.162874222E-1,-3.791952133E0,-1.980564356E0,4.375056433E0
6.428963029E0,8.266251087E-1,-3.712283134E0,-2.784241199E0,4.713422769E0
6.438962508E0,6.008947492E-1,-2.494119167E0,-3.826073170E0,4.606575824E0
6.448961206E0,-9.792304635E-1,-1.633583069E0,-4.475943089E0,4.864314183E0
6.458960685E0,-9.787794352E-1,-6.481304169E-1,-5.221223354E0,5.351565709E0
6.468962248E0,-9.778423309E-1,5.548353195E-1,-5.960358620E0,6.065467231E0
6.478962508E0,-9.766364694E-1,5.930700302E-1,-6.571685791E0,6.670277730E0
6.488958862E0,-2.537680626E0,2.573920250E0,-6.556901455E0,7.487178714E0
6.498959644E0,-2.702754259E0,3.457588196E0,-6.524619102E0,7.863234141E0
6.508958081E0,-3.584256887E0,3.634632111E0,-6.433777809E0,8.212852422E0
6.518958342E0,-3.609827518E0,4.358339310E0,-6.282791138E0,8.455734192E0
6.528976154E0,-3.620764494E0,4.371408463E0,-6.075028419E0,8.314151656E0
6.538975737E0,-3.594143152E0,4.317817688E0,-5.791056633E0,8.068317762E0
6.548982352E0,-3.514182091E0,3.438400269E0,-4.891238213E0,6.935148407E0
6.558957092E0,-3.335160255E0,2.628001213E0,-4.621226311E0,6.275780184E0
6.568957092E0,-3.103032112E0,8.198060989E-1,-3.685760736E0,4.887302174E0
6.578961987E0,-2.060770035E0,8.747396469E-1,-3.436374187E0,4.101293716E0
6.588961987E0,-1.821388125E0,9.293069839E-1,-2.503992319E0,3.232807403E0
6.598960946E0,-4.453248382E-1,8.834390640E-1,-2.254785061E0,2.462282368E0
6.608962508E0,-3.266079426E-1,9.351978302E-1,-1.085753441E0,1.469737481E0
6.618958081E0,1.905349016E0,2.558761597E0,-6.242585182E-2,3.190848284E0
6.628960946E0,2.745192051E0,3.673667908E0,2.525329590E-2,4.586126145E0
6.638960946E0,2.940419912E0,4.675365448E0,7.052898407E-2,5.523593547E0
6.648961206E0,3.671835899E0,4.808053970E0,1.320760250E-1,6.051215244E0
6.658960165E0,3.674905777E0,4.855304718E0,2.135703564E-1,6.092990126E0
6.668960425E0,3.580160379E0,4.780966759E0,9.774491787E-1,6.052321735E0
6.678958342E0,3.395792723E0,3.963445663E0,1.061824083E0,5.326141204E0
6.688959904E0,2.501511574E0,2.899238586E0,2.065897465E0,4.350985735E0
6.698961727E0,2.291899681E0,8.588123322E-1,3.554565430E0,4.315703670E0
6.708958029E0,1.409304857E0,8.612709045E-1,3.535977125E0,3.902699320E0
6.718953394E0,1.257080078E0,-1.275527000E0,4.999889374E0,5.310942779E0
6.728947352E0,1.152137518E0,-2.318038464E0,5.700534344E0,6.260735978E0
6.738959540E0,1.074392319E0,-3.021326065E0,5.727619171E0,6.564171800E0
6.748960946E0,1.010069370E0,-3.124961376E0,5.697543621E0,6.576292804E0
6.758960946E0,9.376202822E-1,-3.159845352E0,5.607653618E0,6.504577891E0
6.768959904E0,8.325883746E-1,-3.056466579E0,5.500929832E0,6.347867388E0
6.778959383E0,7.394224405E-1,-1.861032486E0,5.275210381E0,5.642520006E0
6.788960685E0,5.180441141E-1,6.315822601E-1,4.131081581E0,4.211068853E0
6.798958862E0,-1.080752611E0,6.103668213E-1,3.798728943E0,3.996362777E0
6.808971623E0,-1.075024128E0,2.297948837E0,2.246497869E0,3.388657317E0
6.818951727E0,-1.068740964E0,2.389584541E0,2.121355057E0,3.369342489E0
6.828969540E0,-1.259792686E0,2.424035072E0,6.009069681E-1,2.797161566E0
6.838970842E0,-1.248231411E0,2.364679337E0,-3.459374905E-1,2.696194126E0
6.848971102E0,-1.227365375E0,2.216293335E0,-6.344881058E-1,2.611696205E0
6.858969800E0,-1.201221704E0,4.331369400E-1,-8.516844511E-1,1.534896608E0
6.868970321E0,-1.120226264E0,4.300727844E-1,-1.006543875E0,1.566205623E0
6.879005217E0,-1.238970399E0,3.358020782E-1,-1.064005613E0,1.667308799E0
6.888957925E0,-1.157643199E0,3.425283432E-1,-1.054413676E0,1.602888531E0
6.898969852E0,5.212857723E-1,3.561429977E-1,-9.437592030E-1,1.135455030E0
6.908943862E0,6.404693127E-1,3.700761795E-1,-2.692830563E-2,7.401908218E-1
6.918971362E0,7.572141886E-1,3.843126297E-1,8.405613899E-2,8.533082440E-1
6.928943446E0,8.472942710E-1,2.990617752E-1,1.102758527E0,1.422470350E0
6.938958394E0,8.928827047E-1,3.142004013E-1,1.132731080E0,1.476157551E0
6.948969019E0,9.006268382E-1,3.295965195E-1,1.163059354E0,1.507471269E0
6.958969279E0,8.106437922E-1,3.506708145E-1,1.190537095E0,1.482393994E0
6.968967977E0,1.639360189E-2,2.914314270E-1,-1.261656284E-1,3.179918122E-1
6.978970581E0,-1.055075407E0,3.122072220E-1,-1.919450760E-1,1.116915564E0
6.988970060E0,-1.040948033E0,3.330116272E-1,-2.502652407E-1,1.121205709E0
6.998969279E0,-1.025807381E0,3.537931442E-1,-2.923609018E-1,1.123799479E0
7.008970581E0,-1.009749770E0,3.745555878E-1,-2.957553864E-1,1.116851707E0
7.018966154E0,-1.192172885E0,2.955083847E-1,-2.703434229E-1,1.257651366E0
7.028969800E0,-1.173102498E0,3.163566589E-1,-2.244572639E-1,1.235569533E0
7.038958602E0,-1.128349781E0,3.348588943E-1,-1.349067688E-1,1.184695549E0
7.048959383E0,-1.049301147E0,3.493824005E-1,1.101866245E0,1.561156681E0
7.058958550E0,-9.703422189E-1,3.640241623E-1,1.136191249E0,1.537858305E0
7.068980685E0,-1.092403889E0,2.791719437E-1,9.709102511E-1,1.487934792E0
7.078960269E0,-1.016060114E0,2.945899963E-1,1.005721927E0,1.459670516E0
7.088970842E0,-9.397923946E-1,3.101062775E-1,1.040581942E0,1.436031485E0
7.098964592E0,-8.651950359E-1,3.256177902E-1,1.073181152E0,1.416441732E0
7.108962248E0,-7.941166759E-1,3.370466232E-1,1.063490629E0,1.369391850E0
7.118962248E0,1.746385694E-1,2.493276596E-1,8.560881615E-1,9.085977394E-1
7.128959383E0,2.348670363E-1,2.620124817E-1,8.489736915E-1,9.190045670E-1
7.138962508E0,2.747871280E-1,2.750873566E-1,8.420896530E-1,9.275214300E-1
7.148961467E0,2.888424397E-1,3.087015152E-1,8.767564893E-1,9.733594002E-1
7.158957300E0,2.658356428E-1,2.228574753E-1,6.719435453E-1,7.562024672E-1
7.168962248E0,-8.044397831E-1,2.402000427E-1,6.683558822E-1,1.073088538E0
7.178959904E0,-7.766296864E-1,2.579059601E-1,6.680420041E-1,1.056385002E0
7.188960425E0,-7.483322024E-1,2.757997513E-1,6.692108512E-1,1.041109865E0
7.198961987E0,-7.195408344E-1,2.938594818E-1,6.717970967E-1,1.027328451E0
7.208960946E0,-8.898280859E-1,1.503377914E0,4.746667743E-1,1.810317023E0
7.218960425E0,-8.596909642E-1,1.570146561E0,4.804474413E-1,1.853445041E0
7.228961727E0,-8.293683529E-1,1.642683983E0,4.875358045E-1,1.903668483E0
7.239082612E0,-7.628852129E-1,1.731843948E0,4.962518513E-1,1.956410798E0
7.248959019E0,-6.958895922E-1,2.410356522E0,5.060184598E-1,2.559323264E0
7.258972873E0,-8.296970725E-1,2.473578453E0,3.174039125E-1,2.628256616E0
7.268966727E0,-7.598848939E-1,2.556743622E0,3.266154826E-1,2.687199411E0
7.278958342E0,-6.912559271E-1,3.221573830E0,3.369907439E-1,3.312089289E0
7.288961987E0,-6.239416003E-1,3.266315460E0,3.485216200E-1,3.343588959E0
7.298959904E0,-5.578078032E-1,3.333622932E0,-7.921322584E-1,3.471550794E0
7.308960685E0,-6.908886433E-1,3.420477867E0,-8.836802840E-1,3.599706488E0
7.318959644E0,-6.252409816E-1,3.495192528E0,-1.003087640E0,3.689645227E0
7.328960165E0,9.564120173E-1,3.463656425E0,-1.773736358E0,4.007216047E0
7.338959904E0,1.031838298E0,3.295617104E0,-1.906181335E0,3.944529078E0
7.348962248E0,1.143124342E0,2.050622940E0,-2.665072918E0,3.551675853E0
7.358965894E0,1.838037729E0,1.880256653E0,-2.692220211E0,3.763216369E0
7.368955217E0,1.925801754E0,1.146116257E-1,-2.706610203E0,3.323791060E0
7.378962248E0,2.055599689E0,1.340055466E-1,-2.708712578E0,3.403023861E0
7.388959383E0,2.840241432E0,1.567535400E-1,-2.635630846E0,3.877898016E0
7.398960685E0,2.891252279E0,8.008003235E-2,-2.516469479E0,3.833845483E0
7.408959383E0,2.963531733E0,1.598258972E0,-2.355770111E0,4.109331441E0
7.419047977E0,3.625436306E0,2.440857887E0,-1.490609646E0,4.617736756E0
7.428956779E0,3.600936413E0,3.293054581E0,-1.361097217E0,5.065919182E0
7.439115633E0,3.564505100E0,4.012409210E0,-1.242409229E0,5.508965871E0
7.448955529E0,3.469123602E0,4.128506660E0,-1.168104410E0,5.517594922E0
7.458959123E0,3.340236187E0,4.182068825E0,-1.127514958E0,5.469750216E0
7.468968237E0,3.132587910E0,4.137128830E0,-1.116653919E0,5.308093626E0
7.478962248E0,1.994791389E0,4.008249283E0,-1.154845238E0,4.623734694E0
7.488965894E0,1.064012408E0,2.912341118E0,-1.226943016E0,3.334552797E0
7.498965373E0,1.526916027E-2,2.108988762E0,-1.292339683E0,2.473501284E0
7.508961987E0,-1.418009639E0,1.510715485E-1,-1.387136698E0,1.989402465E0
7.518959904E0,-3.057893038E0,1.823024750E-1,-1.369666815E0,3.355582097E0
7.528958602E0,-3.258415222E0,2.132587433E-1,-1.342969418E0,3.530767042E0
7.538961727E0,-3.985555649E0,1.421413422E-1,-1.327506065E0,4.203228562E0
7.548960685E0,-3.984935284E0,1.664838791E-1,-1.308605671E0,4.197603471E0
7.558959123E0,-3.892857075E0,1.866912842E-1,-1.264024019E0,4.097187640E0
7.568959644E0,-3.177210331E0,2.004375458E-1,-1.228517890E0,3.412344781E0
7.578958862E0,-2.990731716E0,2.166309357E-1,-1.201194167E0,3.230212468E0
7.588959383E0,-1.417554617E0,-1.945051193E0,-1.172279477E0,2.677111206E0
7.598978342E0,-1.281262994E0,-2.683060169E0,-1.138335824E0,3.183748605E0
7.608962456E0,-1.147572875E0,-3.403159142E0,-1.085819483E0,3.751988752E0
7.619024019E0,-1.016705990E0,-3.559198856E0,-1.017065763E0,3.838751143E0
7.628957612E0,-8.886002302E-1,-4.523823738E0,-9.490280151E-1,4.706935920E0
7.638958654E0,-9.624375701E-1,-4.622369766E0,-8.968255520E-1,4.805921806E0
7.648959644E0,-8.894814849E-1,-4.712154388E0,-8.347483873E-1,4.867482015E0
7.658961467E0,-8.225697875E-1,-5.366260529E0,-7.526602745E-1,5.480864038E0
7.668961206E0,-7.594610453E-1,-5.394038200E0,-6.640505791E-1,5.487567071E0
7.678960946E0,-6.986635327E-1,-5.434854031E0,-5.835955143E-1,5.510567375E0
7.688962769E0,4.731390476E-1,-5.581810951E0,-5.981127024E-1,5.633667798E0
7.698960685E0,5.413773060E-1,-5.651162624E0,-6.772140265E-1,5.717284953E0
7.708957248E0,6.316716671E-1,-5.679467678E0,-1.644966245E0,5.946534802E0
7.718959383E0,6.991192102E-1,-5.666105747E0,-2.425576210E0,6.202978475E0
7.728958602E0,7.098073959E-1,-5.533805847E0,-3.334312201E0,6.499574720E0
7.738960425E0,5.777422786E-1,-4.211047649E0,-4.286769867E0,6.036812432E0
7.748959383E0,-7.953653336E-1,-2.494080544E0,-5.181471348E0,5.805229461E0
7.758958081E0,-7.907353044E-1,4.314422607E-1,-6.007137299E0,6.074298583E0
7.768959123E0,-1.952661276E0,1.842927933E0,-6.618467331E0,7.142365101E0
7.778973550E0,-2.138091087E0,3.728133202E0,-6.645194530E0,7.913849949E0
7.788975269E0,-3.150106907E0,5.115872383E0,-7.592974186E0,9.682385076E0
7.798958029E0,-3.244012356E0,6.023081779E0,-7.395279884E0,1.007428880E1
7.808956623E0,-3.276298046E0,6.123896599E0,-7.178646088E0,9.988453238E0
7.818953915E0,-3.155467510E0,6.070658684E0,-6.964936256E0,9.763206908E0
7.828958862E0,-2.405236483E0,4.814442635E0,-5.444112778E0,7.655219419E0
7.838962769E0,-2.137878180E0,3.433120728E0,-4.441274643E0,6.006809594E0
7.848964071E0,-6.605689526E-1,2.310005188E0,-3.443521738E0,4.198847136E0
7.858962508E0,4.269357920E-1,7.376766205E-1,-1.381029367E0,1.622862619E0
7.868968237E0,6.646244526E-1,6.950206757E-1,-2.574353218E-1,9.955161212E-1
7.878963290E0,1.803035975E0,7.508411407E-1,7.418944836E-1,2.089284224E0
7.888962508E0,1.984472990E0,2.710409164E0,9.761376381E-1,3.498184611E0
7.898962248E0,2.683365822E0,3.737121582E0,1.759364367E0,4.925636287E0
7.908959904E0,2.717014790E0,4.574119568E0,1.754336834E0,5.602002938E0
7.918960165E0,2.685680866E0,4.641990662E0,1.697553635E0,5.625179762E0
7.928935842E0,2.595829010E0,4.613199234E0,1.648744583E0,5.544212669E0
7.938959644E0,2.416352510E0,4.483206749E0,1.597967386E0,5.337733787E0
7.948971362E0,1.435890555E0,3.550128937E0,1.557472467E0,4.134116307E0
7.958955946E0,1.241715789E0,2.559482574E0,1.523162842E0,3.226892343E0
7.968947508E0,4.049540758E-1,5.735120773E-1,2.093403339E0,2.207994893E0
7.978947508E0,2.933829427E-1,5.656309128E-1,2.141275406E0,2.234070779E0
7.988978915E0,2.015513778E-1,-1.453045845E0,3.182944059E0,3.504725106E0
7.998961727E0,-8.144288659E-1,-2.509486198E0,3.136841059E0,4.098851935E0
8.008959123E0,-8.210113049E-1,-2.667667866E0,3.094397068E0,4.167229850E0
8.018962248E0,-1.012128592E0,-2.753491402E0,4.454030991E0,5.333339596E0
8.028964331E0,-1.000991821E0,-2.740228176E0,4.373643875E0,5.257337333E0
8.038970321E0,-9.271052480E-1,-1.170982361E0,2.770018816E0,3.147018918E0
8.048969279E0,-8.968715668E-1,4.978179932E-1,2.721936464E0,2.908803788E0
8.058972925E0,-1.033240795E0,3.926877975E-1,2.476753950E0,2.712213188E0
8.068969540E0,-9.703849554E-1,1.616019249E0,2.432928324E0,3.077711066E0
8.078969540E0,-9.067717791E-1,1.681702614E0,1.246159196E0,2.281068057E0
8.088971362E0,-8.436396122E-1,1.697714806E0,1.090628266E0,2.187106164E0
8.098968758E0,-7.809353471E-1,1.641101837E0,9.219416380E-1,2.037903737E0
8.108967456E0,-9.138165116E-1,1.493256569E0,7.528442144E-1,1.905688907E0
8.118970581E0,-8.458814621E-1,2.631874084E-1,6.109025478E-1,1.076097107E0
8.129007300E0,-7.788729072E-1,2.636842728E-1,5.063143969E-1,9.656742047E-1
8.138957977E0,-7.126981616E-1,2.657871246E-1,4.285669327E-1,8.730699176E-1
8.148958654E0,-6.467879415E-1,2.765989304E-1,4.023631811E-1,8.103935704E-1
8.158968758E0,-7.812933922E-1,1.886491776E-1,3.694005013E-1,8.845702952E-1
8.168971310E0,6.062953472E-1,2.017211914E-1,3.265767097E-1,7.175916906E-1
8.178969019E0,6.619376540E-1,2.156934738E-1,2.802137136E-1,7.504697581E-1
8.188967717E0,6.910892129E-1,2.304124832E-1,2.545825243E-1,7.716906597E-1
8.198969279E0,6.984091997E-1,2.454938889E-1,2.558286190E-1,7.832566259E-1
8.208969540E0,6.654391885E-1,1.611232758E-1,2.750163078E-1,7.378373758E-1
8.218968758E0,4.920272827E-1,1.995458603E-1,3.122068644E-1,6.159403571E-1
8.228970842E0,-6.239558458E-1,2.180891037E-1,3.159378767E-1,7.325984553E-1
8.238971362E0,-6.081609130E-1,2.367277145E-1,3.325061798E-1,7.324343428E-1
8.249010165E0,-7.909463644E-1,1.556825638E-1,3.700745106E-1,8.870109105E-1
8.258961467E0,-7.730206847E-1,1.746835709E-1,4.307775497E-1,9.020225198E-1
8.268963290E0,-7.542018890E-1,1.935234070E-1,4.861483574E-1,9.179390088E-1
8.278959123E0,-7.346204519E-1,2.122783661E-1,5.175939798E-1,9.233812003E-1
8.288959123E0,-7.111217976E-1,2.307138443E-1,5.233989954E-1,9.126168951E-1
8.298960946E0,-8.462488651E-1,1.460590363E-1,4.873918295E-1,9.874316074E-1
8.308956779E0,-7.825088501E-1,1.613082886E-1,4.380000830E-1,9.111446302E-1
8.318980425E0,-7.183473706E-1,1.762075424E-1,3.808240891E-1,8.319248943E-1
8.328957717E0,-6.552388668E-1,1.910400391E-1,3.175983429E-1,7.527967697E-1
8.338954904E0,-5.930563807E-1,2.060928345E-1,2.459276915E-1,6.742926342E-1
8.348983654E0,-7.297862172E-1,1.215085983E-1,1.670323610E-1,7.584537375E-1
8.358965894E0,-6.675831079E-1,1.371431351E-1,9.172749519E-2,6.876695274E-1
8.368961987E0,-6.064054966E-1,1.529808044E-1,1.964640617E-2,6.257129806E-1
8.378962769E0,-5.461080670E-1,1.689872742E-1,-5.556344986E-3,5.716831226E-1
8.388962769E0,-4.866847396E-1,1.851520538E-1,-4.448890686E-3,5.207332440E-1
8.398961727E0,-5.878216028E-1,1.222238541E-1,1.000572443E-1,6.086742638E-1
8.408965373E0,-5.297808051E-1,1.396942139E-1,1.841683388E-1,5.780139720E-1
8.418962769E0,-4.725767672E-1,1.572484970E-1,1.454063058E0,1.536995533E0
8.428954435E0,-4.161511064E-1,1.748752594E-1,1.482589722E0,1.549785592E0
8.438960425E0,-5.600265265E-1,9.282207489E-2,1.311866879E0,1.429419588E0
8.448961467E0,-5.046841502E-1,1.108322144E-1,1.341385484E0,1.437464743E0
8.458964071E0,-4.500003457E-1,1.320158005E0,1.371075749E0,1.955803206E0
8.468959123E0,-1.710049987E0,1.398586273E0,1.397423744E0,2.614021355E0
8.478958602E0,-1.740031838E0,1.479930878E0,1.379372478E0,2.668440487E0
8.489015581E0,-1.754928589E0,1.554799080E0,1.162333369E0,2.616905308E0
8.498965685E0,-1.735401154E0,2.212650299E0,1.147209525E0,3.037026211E0
8.508982248E0,-1.682439566E0,2.270533562E0,1.132469535E0,3.044406805E0
8.518957612E0,-1.574646950E0,2.368326187E0,1.114019752E0,3.054426616E0
8.528959956E0,-2.565094233E-1,3.077334404E0,1.096204996E0,3.276804772E0
8.538962248E0,-4.018849730E-1,3.153330803E0,8.810634613E-1,3.298678449E0
8.548960165E0,-3.479898274E-1,3.238206863E0,8.695973158E-1,3.370946470E0
8.558966415E0,-2.941374481E-1,3.899236679E0,-6.790384650E-1,3.968835693E0
8.568963550E0,1.095218658E0,3.930531502E0,-8.072736859E-1,4.159359638E0
8.578964071E0,1.296681523E0,3.810638428E0,-1.012411118E0,4.150581221E0
8.588959904E0,2.018588305E0,2.813858032E0,-1.771384239E0,3.889768360E0
8.598959904E0,2.068848848E0,1.941557884E0,-1.881677866E0,3.404481483E0
8.608965894E0,2.148841381E0,1.052690506E0,-1.984971762E0,3.108985281E0
8.618958081E0,2.209791422E0,-5.850791931E-3,-2.004334927E0,2.983382453E0
8.628958862E0,3.000720739E0,-8.274078369E-2,-1.967481613E0,3.589171895E0
8.638958081E0,3.041862488E0,-5.925941467E-2,-1.901569843E0,3.587813672E0
8.648959383E0,3.077538252E0,-3.428173065E-2,-1.799896002E0,3.565395146E0
8.658963290E0,3.707830429E0,-6.841659546E-3,-1.658227444E0,4.061744890E0
8.668961050E0,3.670153618E0,1.748870850E0,-8.994266391E-1,4.163837786E0
8.678949852E0,3.636340141E0,2.700872421E0,-8.164744973E-1,4.602641857E0
8.688959123E0,3.560851097E0,3.512304306E0,-7.745909691E-1,5.061218553E0
8.698976310E0,3.438992023E0,3.656105995E0,-7.881851196E-1,5.080847662E0
8.708966675E0,3.241936684E0,4.262419701E0,-8.357170820E-1,5.420036735E0
8.718960685E0,2.324646950E0,4.210101128E0,-8.747959137E-1,4.888169682E0
8.728961467E0,1.508089185E0,3.542902946E0,-9.351643324E-1,3.962452095E0
8.738962769E0,4.964132309E-1,2.785535812E0,-1.534440756E0,3.218717802E0
8.748961987E0,-1.329341292E0,1.192449570E0,-1.585228562E0,2.387893181E0
8.758969279E0,-2.802834511E0,1.041536331E0,-1.549761295E0,3.367853812E0
8.768958862E0,-3.607593536E0,-1.020336151E-2,-1.478244185E0,3.898723009E0
8.778958602E0,-3.755296946E0,2.038574219E-2,-1.399749517E0,4.007738694E0
8.788960685E0,-3.853425026E0,4.679298401E-2,-1.344141126E0,4.081395519E0
8.798959904E0,-3.860123634E0,7.009792328E-2,-1.266819596E0,4.063286857E0
8.808965112E0,-3.717413902E0,8.544254303E-2,-1.177145004E0,3.900273953E0
8.818966571E0,-2.937615156E0,2.400398254E-3,-1.072666287E0,3.127331375E0
8.828959383E0,-1.367530584E0,1.379489899E-2,-9.764655828E-1,1.680421147E0
8.838964644E0,-1.236270070E0,-1.018871307E0,-8.747335672E-1,1.825272922E0
8.848973394E0,-1.107619643E0,-1.166932106E0,-7.531827688E-1,1.776467308E0
8.858967665E0,-9.817087054E-1,-2.326406479E0,-6.401181221E-1,2.604931918E0
8.868952769E0,-1.058023810E0,-2.483025551E0,-5.253007412E-1,2.749685644E0
8.878957092E0,-9.368946552E-1,-3.626021385E0,-4.198393822E-1,3.768563093E0
8.888960946E0,-8.632925153E-1,-3.768283844E0,-3.132925034E-1,3.878580834E0
8.898958081E0,-7.921374440E-1,-4.715030670E0,-2.302720547E-1,4.786650308E0
8.908965373E0,-7.246211767E-1,-4.803348541E0,-1.576266289E-1,4.860255056E0
8.918959644E0,-8.576931953E-1,-5.475046158E0,-1.115649939E-1,5.542942792E0
8.928937352E0,-7.546924353E-1,-6.194200516E0,-1.271585226E-1,6.241301947E0
8.938959383E0,-6.964339614E-1,-6.248565197E0,-1.837556362E-1,6.289940653E0
8.948961206E0,-6.388361454E-1,-6.298400879E0,-8.757100105E-1,6.390996266E0
8.958963550E0,8.805269003E-1,-6.328313828E0,-1.000103951E0,6.467077503E0
8.968958602E0,9.218654037E-1,-6.292737007E0,-2.170450687E0,6.720061834E0
8.978959383E0,9.475997686E-1,-6.140469551E0,-3.000796318E0,6.899861605E0
8.988959123E0,9.070060849E-1,-4.731505394E0,-3.939542055E0,6.223326678E0
8.998959644E0,7.874990702E-1,-3.071117401E0,-5.010068893E0,5.928971850E0
9.008964592E0,-7.480448484E-1,-1.060900688E0,-6.007713318E0,6.146356699E0
9.019057144E0,-6.987741590E-1,2.441196442E-1,-7.762157440E0,7.797369290E0
9.028959383E0,-1.738998175E0,2.757701874E0,-7.647637367E0,8.313566718E0
9.039117248E0,-1.874931335E0,4.154678345E0,-7.482235432E0,8.761310788E0
9.048958915E0,-2.717219353E0,5.026618004E0,-7.288293839E0,9.261176850E0
9.058959071E0,-2.748332024E0,5.127048492E0,-7.174257278E0,9.236337080E0
9.068963290E0,-2.728926182E0,5.134333611E0,-6.944741249E0,9.057474855E0
9.078961987E0,-2.622753620E0,4.316989899E0,-5.335136414E0,7.347034700E0
9.088964331E0,-1.871342063E0,3.123373032E0,-4.249922276E0,5.596357705E0
9.098960946E0,-1.647456884E0,1.997788429E0,-3.247087240E0,4.153173286E0
9.108965373E0,-3.878655136E-1,5.584363937E-1,-1.884396076E0,2.003307124E0
9.118960165E0,-2.809385955E-1,6.215019226E-1,-1.601835728E0,1.740996506E0
9.128962248E0,1.337453842E0,6.826667786E-1,-2.647242546E-1,1.524760847E0
9.138963810E0,2.099263906E0,2.815644264E0,5.664472580E-1,3.557474395E0
9.148955998E0,2.853075504E0,4.089425087E0,7.033872604E-1,5.035691712E0
9.158964852E0,2.978216887E0,5.314236641E0,7.464685440E-1,6.137434495E0
9.168959123E0,3.070675135E0,5.970133781E0,7.668609619E-1,6.757190162E0
9.178959644E0,3.134496689E0,5.969597816E0,8.579113483E-1,6.796850702E0
9.188960165E0,3.082340240E0,5.829268456E0,1.709650993E0,6.812055388E0
9.198971362E0,2.941979408E0,4.589975357E0,1.795530796E0,5.739951869E0
9.208962092E0,2.704377890E0,3.263429642E0,2.634977818E0,4.990665376E0
9.218960685E0,1.635915399E0,5.516653061E-1,2.667085886E0,3.177090009E0
9.228958394E0,1.383762360E0,5.498847961E-1,3.656593084E0,3.948144443E0
9.238961727E0,3.262519836E-1,-2.303022861E0,3.623062372E0,4.305454170E0
9.248961987E0,-8.361757398E-1,-3.569770813E0,5.337938786E0,6.475804506E0
9.258972665E0,-8.698288202E-1,-3.742529392E0,5.952148438E0,7.084574754E0
9.268970581E0,-9.002339244E-1,-3.800732613E0,5.934984684E0,7.104930169E0
9.278969019E0,-8.677965403E-1,-2.447351456E0,5.899035454E0,6.445247805E0
9.288969540E0,-1.067990899E0,-1.083680153E0,5.665730476E0,5.866469898E0
9.298970060E0,-1.038860202E0,3.390235901E-1,4.553442478E0,4.682734876E0
9.308969540E0,-9.763775468E-1,1.388092995E0,2.648379326E0,3.145477441E0
9.318971102E0,-9.127693176E-1,2.089515686E0,2.537870646E0,3.411746040E0
9.328966415E0,-8.495615125E-1,2.124691010E0,2.429307222E0,3.337304336E0
9.338969019E0,-9.862591028E-1,2.079416275E0,2.307753563E-1,2.312992937E0
9.348966154E0,-9.218301177E-1,1.934638977E0,-7.041428089E-1,2.255751722E0
9.358969540E0,-8.538067341E-1,1.100769043E-1,-9.441514015E-1,1.277702913E0
9.369005998E0,-7.864707708E-1,1.011829376E-1,-1.069428802E0,1.331334752E0
9.378958081E0,-7.190379500E-1,1.058444977E-1,-1.011877179E0,1.245838696E0
9.388952144E0,-8.535283804E-1,1.215648651E-2,-1.207805872E-1,8.621174088E-1
9.398946310E0,8.123206496E-1,1.971340179E-2,-5.623972416E-2,8.145037523E-1
9.408958133E0,9.498223662E-1,-9.752235413E-1,1.524518728E0,2.043864192E0
9.418968758E0,1.061725855E0,3.990650177E-2,1.501219392E0,1.839161217E0
9.428970842E0,1.125116467E0,5.002975464E-2,1.480078220E0,1.859844504E0
9.438972144E0,1.152401805E0,-3.847789764E-2,1.264620543E0,1.711366584E0
9.448967456E0,1.080552220E0,-2.237701416E-2,1.250429630E0,1.652775875E0
9.458970581E0,8.277925849E-1,1.459312439E-2,1.278135061E0,1.522853492E0
9.468969800E0,-7.341899276E-1,3.193473816E-2,1.266406059E0,1.464185434E0
9.478970842E0,-9.325870872E-1,-5.019950867E-2,1.055436730E0,1.409320885E0
9.488969019E0,-9.294440746E-1,-3.190994263E-2,1.046293378E0,1.399862266E0
9.498970060E0,-9.249026179E-1,-1.322078705E-2,1.039027572E0,1.391113919E0
9.508969279E0,-9.189724922E-1,5.806922913E-3,1.033490062E0,1.382984407E0
9.518960425E0,-9.116497040E-1,2.512550354E-2,1.029568315E0,1.375408081E0
9.528959383E0,-1.099324346E0,-5.552196503E-2,8.261940479E-1,1.376296956E0
9.538959904E0,-1.026605010E0,-4.185771942E-2,8.269917369E-1,1.318933375E0
9.548957092E0,-9.551433325E-1,-2.776241302E-2,8.290598392E-1,1.265073023E0
9.558969956E0,-8.833604455E-1,-1.340866089E-2,8.324474692E-1,1.213867480E0
9.568968394E0,-8.129151464E-1,1.344680786E-3,8.371620774E-1,1.166907532E0
9.578962300E0,-9.417149425E-1,-8.341979980E-2,6.437047720E-1,1.143740237E0
9.588957612E0,-8.717431426E-1,-6.785106659E-2,6.513833404E-1,1.090339456E0
9.598963029E0,-8.029915690E-1,-5.197143555E-2,6.601863503E-1,1.040837407E0
9.608961467E0,-7.354440689E-1,-3.580570221E-2,6.700983047E-1,9.955861413E-1
9.618959644E0,-6.690149903E-1,-1.938343048E-2,6.810271144E-1,9.548584739E-1
9.628960946E0,-8.032033443E-1,-1.024751663E-1,4.934708476E-1,9.482353345E-1
9.638956779E0,-6.985383034E-1,-6.540679932E-2,5.467519760E-1,8.894782369E-1
9.648960425E0,-6.349256635E-1,-4.814147949E-2,5.609766841E-1,8.486124205E-1
9.658961467E0,-5.722975731E-1,-3.070163727E-2,5.760732889E-1,8.126054005E-1
9.668959383E0,-7.102046013E-1,-1.128444672E-1,3.925952315E-1,8.193018157E-1
9.678959123E0,-6.490664482E-1,-9.484481812E-2,4.099574387E-1,7.735295051E-1
9.688959383E0,-5.888597369E-1,-7.671260834E-2,4.281330109E-1,7.320781987E-1
9.698959644E0,-5.297229290E-1,-5.844783783E-2,4.472682476E-1,6.957524104E-1
9.708963029E0,-4.714193344E-1,1.526272774E0,4.671199322E-1,1.664315415E0
9.718958862E0,-6.150608063E-1,1.562552452E0,2.865762115E-1,1.703524548E0
9.729013654E0,-5.578462481E-1,1.622995377E0,3.083952069E-1,1.743678305E0
9.738965685E0,-5.014506578E-1,1.724115372E0,3.308983743E-1,1.825793064E0
9.748976779E0,-1.516969442E0,2.551077843E0,3.539519310E-1,2.989059454E0
9.758960217E0,-1.522167444E0,2.650104523E0,3.760240078E-1,3.079194986E0
9.768961727E0,-1.491902351E0,3.292571068E0,1.968151480E-1,3.620156497E0
9.778963029E0,-1.439200163E0,3.353874207E0,-8.904321194E-1,3.756679207E0
9.788958602E0,-4.077205956E-1,3.406328201E0,-1.022900581E0,3.579892945E0
9.798959644E0,-3.508126438E-1,3.450938225E0,-1.834182024E0,3.923807824E0
9.808960165E0,-2.963302732E-1,3.420301437E0,-1.937261701E0,3.941986358E0
9.818949175E0,1.357560396E0,2.382980347E0,-2.674517393E0,3.830745208E0
9.828960165E0,2.072974920E0,2.222031593E0,-2.758341789E0,4.104034460E0
9.838959123E0,2.785351992E0,1.347523689E0,-2.751839399E0,4.140848451E0
9.848959383E0,2.950071096E0,1.288995743E0,-2.680144548E0,4.188986071E0
9.858961206E0,3.915295362E0,1.287662506E0,-2.531146526E0,4.836767024E0
9.868959123E0,3.943907261E0,1.341782570E0,-1.828087091E0,4.549361204E0
9.878961987E0,3.920596361E0,1.478601456E0,-1.683528185E0,4.515706505E0
9.888959644E0,3.844520092E0,2.560324669E0,-1.546170115E0,4.870958753E0
9.898957560E0,3.711767673E0,2.693093300E0,-1.416737556E0,4.799699583E0
9.908964644E0,3.532885790E0,3.524473190E0,-1.358051181E0,5.171798167E0
9.918951050E0,2.755738735E0,3.564341545E0,-1.366376162E0,4.708036793E0
9.929171675E0,2.493904352E0,3.537226677E0,-1.394131422E0,4.546991742E0
9.938957873E0,1.306932211E0,3.441733360E0,-1.415059328E0,3.944108674E0
9.948960165E0,4.348312616E-1,2.632843971E0,-1.440031886E0,3.032266056E0
9.958960425E0,-1.408959031E0,2.498832703E0,-1.477550745E0,3.226838489E0
9.968964852E0,-1.462039948E0,1.574055672E0,-1.497092605E0,2.618491614E0
9.978961467E0,-1.509982228E0,1.509498596E0,-1.505887270E0,2.612724404E0
9.988961987E0,-3.484400749E0,1.368695259E0,-1.392478824E0,3.994167318E0
9.998958862E0,-3.546776295E0,1.347538948E0,-1.299682975E0,4.010568431E0
1.000896043E1,-3.541946411E0,1.320633888E0,-1.217959285E0,3.971508915E0
1.001895808E1,-3.427221060E0,1.254532814E0,-1.136785507E0,3.822561715E0
1.002895990E1,-3.250421047E0,1.163038254E0,-1.025261045E0,3.601257443E0
1.003896095E1,-1.293807864E0,-8.172798157E-2,-8.998991251E-1,1.578111748E0
1.004896042E1,-1.399108529E0,-1.640987396E-1,-7.723854780E-1,1.606552956E0
1.005895808E1,-1.306865335E0,-1.459999084E-1,-1.123937368E-1,1.319789880E0
1.006895886E1,-1.216816187E0,-1.620685577E0,-5.970442295E-2,2.027517692E0
1.007896089E1,-1.128983021E0,-2.368363380E0,-2.261638641E-2,2.623787199E0
1.008897339E1,-1.043301105E0,-3.071871758E0,-9.729743004E-3,3.244220701E0
1.009896777E1,-1.159417152E0,-3.222895622E0,-1.416456699E-2,3.425128459E0
1.010898214E1,-1.082628965E0,-4.254776001E0,-2.851331234E-2,4.390446140E0
1.011895574E1,1.182961464E-2,-4.347506523E0,-6.218290329E-2,4.347967298E0
1.012896095E1,1.445174813E-1,-4.978382111E0,-8.160042763E-2,4.981147696E0
1.013896381E1,8.598763943E-1,-5.038492203E0,-8.180761337E-2,5.111994090E0
1.014896095E1,9.146118760E-1,-5.117938995E0,-6.283104420E-2,5.199400175E0
1.015896147E1,9.621630311E-1,-5.716031075E0,-5.607962608E-2,5.796715783E0
1.016896147E1,9.880385399E-1,-5.801421642E0,-1.160180569E-1,5.886100018E0
1.017895938E1,9.974565506E-1,-5.830862522E0,-1.998879910E-1,5.918938463E0
1.018896251E1,9.640963078E-1,-5.845441818E0,-1.108181596E0,6.027166680E0
1.019896173E1,8.968209028E-1,-5.810513496E0,-1.765674829E0,6.138726450E0
1.020895938E1,7.803516388E-1,-5.663693905E0,-2.626207352E0,6.291529415E0
1.021896121E1,5.893073082E-1,-4.348435879E0,-3.701214552E0,5.740659096E0
1.022895834E1,-1.191615582E0,-2.918861389E0,-4.843410969E0,5.779128768E0
1.023895886E1,-1.409567952E0,-1.176911354E0,-5.937879086E0,6.215336691E0
1.024895990E1,-1.427712440E0,1.293745041E-1,-6.866767883E0,7.014813022E0
1.025908574E1,-2.793974876E0,2.151541710E0,-7.935615063E0,8.683859382E0
1.026896063E1,-2.968478680E0,3.468329430E0,-7.790038109E0,9.029167649E0
1.027913235E1,-3.693315983E0,4.377277374E0,-7.617555141E0,9.530387531E0
1.028895735E1,-3.745651245E0,4.486567497E0,-7.513013840E0,9.518643187E0
1.029895730E1,-3.649270773E0,4.464891434E0,-7.279514313E0,9.286751925E0
1.030896095E1,-3.476585388E0,3.600962639E0,-7.023145199E0,8.624276571E0
1.031895938E1,-2.542502403E0,2.328524590E0,-5.126398087E0,6.177888197E0
1.032896042E1,-2.263706684E0,4.471044540E-1,-4.073214531E0,4.681383018E0
1.033896042E1,-1.195016623E0,4.120836258E-1,-3.172147751E0,3.414732639E0
1.034896017E1,1.578752995E-1,4.971237183E-1,-2.155057907E0,2.217280132E0
1.035895834E1,9.537319541E-1,5.616931915E-1,-8.146882057E-1,1.374343754E0
1.036896043E1,1.838902712E0,6.253776550E-1,7.686853409E-3,1.942348960E0
1.037896095E1,2.686159611E0,2.962222099E0,1.764843464E-1,4.002669103E0
1.038896147E1,2.850403547E0,4.653523445E0,2.153418064E-1,5.461359989E0
1.039895990E1,2.949178219E0,5.942057610E0,2.053716183E-1,6.636857562E0
1.040895912E1,2.940539360E0,6.100523949E0,2.752995491E-1,6.777828120E0
1.041895912E1,2.834657431E0,6.139784813E0,9.297368526E-1,6.826173959E0
1.042895860E1,2.628929377E0,6.042682648E0,1.613099337E0,6.784347627E0
1.043897480E1,1.517673492E0,5.039134979E0,1.715303659E0,5.535203773E0
1.044897886E1,7.088353634E-1,3.545027733E0,2.687364578E0,4.504619582E0
1.045899871E1,-4.591321945E-2,1.555855751E0,3.802994013E0,4.109204133E0
1.046896464E1,-1.143463612E0,-5.401248932E-1,3.776727438E0,3.982827397E0
1.047896173E1,-1.371044874E0,-2.223934174E0,5.608031273E0,6.186732741E0
1.048896720E1,-1.395007730E0,-3.389982700E0,6.168079376E0,7.175181703E0
1.049896095E1,-1.414888740E0,-3.534394741E0,6.130079269E0,7.216074291E0
1.050896798E1,-1.401281476E0,-3.604613781E0,6.001739025E0,7.139867058E0
1.051897579E1,-1.350717664E0,-3.533949375E0,5.882236481E0,6.993850328E0
1.052897032E1,-1.435920000E0,-1.193051338E0,4.928761482E0,5.270476970E0
1.053897006E1,-1.363533378E0,2.770719528E-1,4.028679371E0,4.262188360E0
1.054896954E1,-1.290075302E0,2.513198853E-1,2.665048361E0,2.971521283E0
1.055897032E1,-1.217074275E0,2.039044380E0,2.555959225E0,3.488824922E0
1.056896746E1,-1.344063997E0,2.099035263E0,1.191667318E0,2.762703035E0
1.057896824E1,-1.269985914E0,2.079957962E0,3.843472004E-1,2.467146554E0
1.058897006E1,-1.196398616E0,1.967831612E0,1.045334339E-1,2.305354233E0
1.059896980E1,-1.117636561E0,1.247158051E0,-7.311174870E-1,1.827306068E0
1.060899115E1,-1.039039612E0,1.058416367E0,-8.224387169E-1,1.695952229E0
1.061895871E1,-1.157918572E0,-6.365299225E-2,-7.972701788E-1,1.407290610E0
1.062894892E1,-1.076879859E0,-5.952262878E-2,5.826592445E-3,1.078539347E0
1.063894350E1,-9.967379570E-1,-4.702186584E-2,1.158790588E-1,1.004552421E0
1.064896126E1,1.116297841E-1,-3.404426575E-2,1.649361610E0,1.653485392E0
1.065896824E1,8.280533552E-1,-2.048397064E-2,1.664661407E0,1.859351918E0
1.066896485E1,8.681701422E-1,-1.062765121E-1,1.481332064E0,1.720278691E0
1.067897318E1,8.648362756E-1,-9.155845642E-2,1.498919845E0,1.732941267E0
1.068897032E1,8.270432949E-1,-7.541465759E-2,1.522963524E0,1.734677456E0
1.069896980E1,-7.841518521E-1,-4.189205170E-2,1.547209501E0,1.735081068E0
1.070896954E1,-9.560004473E-1,-1.278324127E-1,1.332324743E0,1.644800049E0
1.071896928E1,-9.274600744E-1,-1.132535934E-1,1.319585204E0,1.616883940E0
1.072897032E1,-8.985518813E-1,-9.821796417E-2,1.308769822E0,1.590572444E0
1.073897371E1,-8.692505956E-1,-8.298969269E-2,1.298086166E0,1.564452486E0
1.074895860E1,-8.395522237E-1,-6.738471985E-2,1.289053321E0,1.539820477E0
1.075895938E1,-1.008937120E0,-1.513757706E-1,1.080529571E0,1.486072976E0
1.076896147E1,-9.396260977E-1,-1.383171082E-1,1.076074600E0,1.435257946E0
1.077895886E1,-8.714265227E-1,-1.247835159E-1,1.073049068E0,1.387944312E0
1.078898610E1,-8.027595282E-1,-1.109371185E-1,1.071466446E0,1.343417377E0
1.079897954E1,-7.352150679E-1,-9.666538239E-2,1.071274877E0,1.302887276E0
1.080896595E1,-8.682417870E-1,-1.819028854E-1,8.713735938E-1,1.243472718E0
1.081895704E1,-8.007837534E-1,-1.667356491E-1,8.744183779E-1,1.197356629E0
1.082895709E1,-7.344046235E-1,-1.512317657E-1,8.786491752E-1,1.155095481E0
1.083896798E1,-6.690867543E-1,-1.354112625E-1,8.840969205E-1,1.116978361E0
1.084895860E1,-6.063486934E-1,-1.193246841E-1,8.890932798E-1,1.082766816E0
1.085895938E1,-7.440617681E-1,-2.027120590E-1,6.958388686E-1,1.038706804E0
1.086896459E1,-6.811417937E-1,-1.858263016E-1,7.054349780E-1,9.980601514E-1
1.087896016E1,-5.792636275E-1,-1.487703323E-1,7.559844255E-1,9.639457524E-1
1.088896459E1,-5.198981762E-1,-1.314115524E-1,7.675908208E-1,9.363539811E-1
1.089895912E1,-6.608199477E-1,-2.137451172E-1,5.789756775E-1,9.042028608E-1
1.090896121E1,-6.025353074E-1,-1.959133148E-1,5.913013816E-1,8.666418796E-1
1.091896147E1,-5.450641513E-1,1.267384529E0,6.062848568E-1,1.506963769E0
1.092893438E1,-4.867390096E-1,1.299279213E0,6.220976710E-1,1.520541630E0
1.093896459E1,-4.307753444E-1,1.336463928E0,6.387057900E-1,1.542610876E0
1.094895938E1,-5.750645995E-1,1.353646278E0,4.552131295E-1,1.539570243E0
1.095895886E1,-5.199974179E-1,1.377991676E0,4.741461575E-1,1.547279210E0
1.096909668E1,-4.639858305E-1,1.432902336E0,4.938111007E-1,1.585036706E0
1.097895345E1,-4.067154229E-1,1.519232750E0,5.114755630E-1,1.653811608E0
1.098898516E1,-3.519349694E-1,2.273115158E0,5.301386714E-1,2.360499472E0
1.099896282E1,-4.958394170E-1,2.383404732E0,3.502401114E-1,2.459500555E0
1.100896022E1,-4.405610859E-1,3.256899834E0,3.711424172E-1,3.307451782E0
1.101895912E1,-3.860653937E-1,3.357639313E0,3.928355575E-1,3.402514955E0
1.102896329E1,-3.322837353E-1,3.976943016E0,-1.111368895E0,4.142659659E0
1.103897084E1,-2.783261538E-1,3.993420601E0,-1.214021802E0,4.183147437E0
1.104896068E1,6.678292751E-1,3.933204651E0,-1.337317824E0,4.207673197E0
1.105896537E1,1.727047920E0,2.618988991E0,-2.235393524E0,3.852113973E0
1.106896042E1,1.876762390E0,1.857576370E0,-2.336867332E0,3.526155976E0
1.107896225E1,2.871016026E0,1.704168320E0,-2.410815001E0,4.118124773E0
1.108896928E1,3.001051426E0,9.410390854E-1,-2.364483833E0,3.934799616E0
1.109896251E1,3.728505611E0,9.409322739E-1,-2.263558865E0,4.462152661E0
1.110895938E1,3.775861263E0,1.004973412E0,-2.113916159E0,4.442492697E0
1.111895886E1,3.804977894E0,1.697031021E0,-1.327423334E0,4.372622070E0
1.112895912E1,3.823983669E0,1.835661888E0,-1.199108839E0,4.407989074E0
1.113896563E1,3.793176174E0,2.676485062E0,-1.094856262E0,4.769745067E0
1.114897459E1,3.733329296E0,2.768832207E0,-1.047333598E0,4.764565782E0
1.115896480E1,3.601253748E0,2.818859100E0,-1.020414710E0,4.685748752E0
1.116895704E1,3.399372101E0,2.811013222E0,-1.016171694E0,4.526602581E0
1.117894621E1,2.532495022E0,2.726219177E0,-1.050419331E0,3.866417309E0
1.118896595E1,1.548610687E0,1.958149910E0,-1.111466527E0,2.732746598E0
1.119896095E1,4.407329559E-1,1.828745842E0,-1.723504782E0,2.551279214E0
1.120895990E1,-1.441470981E0,1.019718170E0,-1.706330776E0,2.455448727E0
1.121896121E1,-1.488598585E0,9.937410355E-1,-1.658892155E0,2.440362714E0
1.122896147E1,-3.521120071E0,9.905233383E-1,-1.461854815E0,3.939091589E0
1.123896589E1,-3.670906544E0,1.012906075E0,-1.351493120E0,4.040800320E0
1.124896121E1,-3.741533041E0,1.033879280E0,-1.233925343E0,4.073149594E0
1.125896043E1,-3.706902027E0,9.994678497E-1,-1.116315126E0,3.998276889E0
1.126896433E1,-3.531826973E0,8.974866867E-1,-1.010457516E0,3.781574872E0
1.127896329E1,-2.636637688E0,-2.276630402E-1,-9.239134789E-1,2.803088452E0
1.128896824E1,-1.480961204E0,-2.156572342E-1,-8.485380411E-1,1.720398482E0
1.129896016E1,-1.347423673E0,-1.474668503E0,-7.842850685E-1,2.145996462E0
1.130895860E1,-1.217671633E0,-2.337506294E0,-7.101923227E-1,2.729658040E0
1.131899220E1,-1.091719866E0,-3.100007057E0,-6.351319551E-1,3.347430152E0
1.132895694E1,-1.168706775E0,-3.791638851E0,-5.883243084E-1,4.011050510E0
1.133897714E1,-1.049631238E0,-3.916986465E0,-5.314517021E-1,4.089859364E0
1.134895048E1,-9.733747244E-1,-4.717077255E0,-4.712806940E-1,4.839460887E0
1.135895631E1,-8.999544382E-1,-4.780744553E0,-4.069432020E-1,4.881704542E0
1.136896043E1,1.194730401E-1,-4.852845192E0,-3.434236050E-1,4.866448401E0
1.137896329E1,2.121554613E-1,-4.932680130E0,-2.621473074E-1,4.944195022E0
1.138896615E1,3.061277270E-1,-5.584920883E0,-2.037248611E-1,5.597013425E0
1.139896173E1,3.778900504E-1,-5.609814167E0,-1.813362837E-1,5.625450980E0
1.140896251E1,5.198734999E-1,-5.741718292E0,-3.022710085E-1,5.773124385E0
1.141896173E1,5.594702959E-1,-5.800647259E0,-1.156353116E0,5.941184071E0
1.142896277E1,6.071971655E-1,-5.833789825E0,-1.272675872E0,6.001791066E0
1.143896746E1,6.169135571E-1,-5.805090427E0,-2.499176741E0,6.350239491E0
1.144896069E1,5.821087360E-1,-5.643036842E0,-3.468876600E0,6.649497744E0
1.145895912E1,4.560744762E-1,-4.205612183E0,-4.453654289E0,6.142492514E0
1.146896068E1,-1.154342771E0,-2.593369961E0,-5.464601517E0,6.157917239E0
1.147895964E1,-1.155413508E0,7.102203369E-2,-6.288208008E0,6.393870851E0
1.148896615E1,-1.156031370E0,1.383958817E0,-6.345445633E0,6.596698478E0
1.149895615E1,-1.156272411E0,3.152512550E0,-7.438020706E0,8.160848810E0
1.150897949E1,-3.114257336E0,4.509567261E0,-7.251857758E0,9.089787487E0
1.151895892E1,-3.229062080E0,5.348894119E0,-7.136616230E0,9.485188529E0
1.152896595E1,-3.307243824E0,5.418333054E0,-6.900258541E0,9.376020623E0
1.153897480E1,-3.231793642E0,5.349180222E0,-6.659194946E0,9.132529579E0
1.154896199E1,-3.069149017E0,4.004510880E0,-4.817701340E0,6.976104162E0
1.155896459E1,-2.141996145E0,2.665489197E0,-3.673233986E0,5.018528476E0
1.156896173E1,-1.094697595E0,1.530957222E0,-2.674788952E0,3.270579272E0
1.157895704E1,-9.985351562E-1,4.738445282E-1,-1.717648268E0,2.042527030E0
1.158896329E1,1.020789146E0,5.625410080E-1,2.163815498E-2,1.165731992E0
1.159896069E1,2.017590523E0,1.993439674E0,2.671773434E-1,2.848834321E0
1.160896511E1,3.079120636E0,3.364072800E0,3.958017826E-1,4.577622608E0
1.161896121E1,3.936556816E0,4.726827621E0,3.993809223E-1,6.164323487E0
1.162896121E1,4.051431656E0,5.707859993E0,3.584578037E-1,7.008727143E0
1.163896485E1,4.069881439E0,5.779932976E0,3.535454273E-1,7.077891953E0
1.164895938E1,3.992188931E0,5.724228859E0,4.100794792E-1,6.990889333E0
1.165895860E1,3.796131849E0,5.532938957E0,1.223178864E0,6.820571608E0
1.166895886E1,2.668434620E0,3.984975815E0,1.332280397E0,4.977504056E0
1.167903694E1,1.681664109E0,2.431529045E0,2.613492966E0,3.945969229E0
1.168896027E1,5.368615389E-1,4.907951355E-1,3.971044540E0,4.037114677E0
1.169898126E1,-1.262355804E0,-1.326525688E0,5.181310654E0,5.495379211E0
1.170896725E1,-1.501233816E0,-2.696465492E0,6.247062683E0,6.967813236E0
1.171895860E1,-1.536181927E0,-3.526237488E0,6.918876648E0,7.916126566E0
1.172895782E1,-1.566510201E0,-3.587304115E0,6.919235706E0,7.949750171E0
1.173896876E1,-1.588055730E0,-3.562842846E0,6.822199821E0,7.858637321E0
1.174897266E1,-1.587862849E0,-2.889482498E0,6.582014084E0,7.361611708E0
1.175897214E1,-1.709907532E0,-1.927257061E0,5.671931267E0,6.229679594E0
1.176896902E1,-1.592189550E0,2.676181793E-1,2.971098900E0,3.381436932E0
1.177896928E1,-1.513192415E0,2.330789566E-1,2.844765902E0,3.230599034E0
1.178897110E1,-1.434414744E0,1.251713753E0,1.440434456E0,2.387296462E0
1.179897319E1,-1.555407166E0,1.833888054E0,3.911199570E-1,2.436270032E0
1.180896876E1,-1.475217462E0,1.768499374E0,-5.229647160E-1,2.361641101E0
1.181894621E1,-1.392113209E0,1.648174286E0,-8.001439571E-1,2.301018908E0
1.182897084E1,-1.303926349E0,-2.425193787E-3,-9.963529110E-1,1.641020697E0
1.183897318E1,-1.215532303E0,-2.839088440E-3,-1.047478199E0,1.604598834E0
1.184897032E1,-1.329778075E0,-1.011800766E-1,-1.033252478E0,1.687055962E0
1.185897563E1,5.734336376E-2,-8.994388580E-2,-9.317337275E-1,9.378197603E-1
1.186897970E1,1.825556755E-1,-7.180404663E-2,-5.107045174E-2,2.027081321E-1
1.187897308E1,3.038671017E-1,-5.327701569E-2,6.223273277E-2,3.147166486E-1
1.188897532E1,3.986302614E-1,-3.460311890E-2,7.212952375E-1,8.248456103E-1
1.189897162E1,4.488953352E-1,-1.153602600E-1,8.120737076E-1,9.350287258E-1
1.190897605E1,4.665651321E-1,-9.598827362E-2,9.070895910E-1,1.024552730E0
1.191897032E1,3.897737265E-1,-7.196521759E-2,1.970959425E0,2.010418764E0
1.192894449E1,2.608242035E-1,-4.967403412E-2,2.009220362E0,2.026687750E0
1.193897214E1,-1.137618423E0,-1.121196747E-1,1.863221288E0,2.185941459E0
1.194896954E1,-1.108583093E0,-9.502220154E-2,1.874894261E0,2.180186731E0
1.195897345E1,-1.079246044E0,-7.834339142E-2,1.884343982E0,2.172938552E0
1.196897293E1,-1.050329089E0,-6.838607788E-2,7.945054770E-1,1.318751987E0
1.197896199E1,-1.020811558E0,-5.768013000E-2,6.790313721E-1,1.227382108E0
1.198896068E1,-1.190249324E0,-1.460800171E-1,5.627479553E-1,1.324657724E0
1.199895808E1,-1.110896230E0,-1.389999390E-1,4.424896240E-1,1.203830754E0
1.200895912E1,-1.033043623E0,-1.310434341E-1,3.323512077E-1,1.093073115E0
1.201895886E1,-9.549115896E-1,-1.224174500E-1,2.363650799E-1,9.913176217E-1
1.202898855E1,-8.781799674E-1,-1.130113602E-1,1.528543234E-1,8.985188183E-1
1.203898121E1,-1.001623869E0,-1.972637177E-1,1.077467203E-1,1.026534317E0
1.204896386E1,-9.249459505E-1,-1.810693741E-1,8.919596672E-2,9.467138164E-1
1.205895751E1,-8.496394157E-1,-1.643123627E-1,9.409618378E-2,8.704824990E-1
1.206895782E1,-7.756383419E-1,-1.469860077E-1,1.151047945E-1,7.977899709E-1
1.207896798E1,-7.044032812E-1,-1.290674210E-1,1.548731327E-1,7.326855185E-1
1.208896199E1,-8.338481784E-1,-2.107229233E-1,1.947518587E-1,8.818362782E-1
1.209896095E1,-7.628874779E-1,-1.923618317E-1,2.394144535E-1,8.223865628E-1
1.210896121E1,-6.932114959E-1,-1.738882065E-1,2.880717516E-1,7.705612373E-1
1.211896303E1,-5.848712921E-1,-1.353654861E-1,3.967571259E-1,7.195932602E-1
1.212896772E1,-7.188068032E-1,-2.164211273E-1,1.374376416E0,1.566024220E0
1.213896355E1,-6.537925005E-1,-1.974096298E-1,1.410746217E0,1.567360866E0
1.214896042E1,-5.881689191E-1,-1.786718369E-1,1.445374250E0,1.570660061E0
1.215896225E1,-5.233430862E-1,-1.601486206E-1,1.478077769E0,1.576150202E0
1.216896225E1,-4.596362710E-1,-1.418170929E-1,1.508893728E0,1.583710161E0
1.217896433E1,-5.981155038E-1,-2.234354019E-1,1.337724328E0,1.482286043E0
1.218896017E1,-5.364852548E-1,1.011365891E0,1.327845216E0,1.753239947E0
1.219895938E1,-4.757531285E-1,1.128340721E0,1.319701672E0,1.800307286E0
1.220909459E1,-4.158937037E-1,1.986083984E0,1.311524987E0,2.416111537E0
1.221895944E1,-3.569050431E-1,2.104425430E0,1.305018902E0,2.501811731E0
1.222897761E1,-4.981304407E-1,2.936627388E0,1.100574255E0,3.175402029E0
1.223895761E1,-4.400747418E-1,3.024851799E0,1.097666860E0,3.247809526E0
1.224896199E1,-3.811865747E-1,3.653075218E0,1.090060472E0,3.831252222E0
1.225896199E1,-3.231726885E-1,3.700648308E0,1.084038973E0,3.869674273E0
1.226895938E1,-2.650382519E-1,3.725801468E0,-3.362375498E-2,3.735367774E0
1.227896694E1,-4.063019156E-1,3.711834908E0,-1.801285148E-1,3.738348019E0
1.228896199E1,-3.486535251E-1,3.629973412E0,-9.237043858E-1,3.761847424E0
1.229895886E1,-2.522396743E-1,2.765765190E0,-1.699597239E0,3.256027137E0
1.230896068E1,1.289378285E0,1.540046692E0,-1.806802273E0,2.701624443E0
1.231895938E1,1.984764099E0,1.384266853E0,-1.910524607E0,3.083113284E0
1.232896746E1,2.686248779E0,-3.677902222E-1,-1.927570105E0,3.326669304E0
1.233895912E1,2.841030121E0,-3.465099335E-1,-1.883869648E0,3.426439279E0
1.234895938E1,3.753144026E0,-3.230686188E-1,-1.754859924E0,4.155718562E0
1.235895964E1,3.828536749E0,-2.993583679E-1,-1.017458439E0,3.972723341E0
1.236896147E1,3.833179474E0,1.454112053E0,-8.814945817E-1,4.193416201E0
1.237897058E1,3.791083813E0,1.597733498E0,-7.320860624E-1,4.178638392E0
1.238897751E1,3.687318325E0,2.581749916E0,-8.387959003E-2,4.502086721E0
1.239898089E1,3.542862892E0,2.668148041E0,-8.939576149E-2,4.436088710E0
1.240897162E1,3.306274176E0,2.737004280E0,-1.212255955E-1,4.293872029E0
1.241895996E1,2.341569662E0,2.759622574E0,-1.469453573E-1,3.622162085E0
1.242896589E1,1.518283129E0,2.716926575E0,-1.757944822E-1,3.117334979E0
1.243896147E1,5.843414068E-1,2.602329254E0,-2.572683096E-1,2.679507307E0
1.244895782E1,-1.162297845E0,1.758586884E0,-1.010499120E0,2.337663915E0
1.245895834E1,-1.217771173E0,1.695219994E0,-1.056804061E0,2.339566686E0
1.246895990E1,-1.428093553E0,1.600768089E0,-1.086436629E0,2.404631826E0
1.247896381E1,-3.263648272E0,1.600369453E0,-1.022204995E0,3.775908564E0
1.248895964E1,-3.331752539E0,1.597085953E0,-9.743211269E-1,3.821067937E0
1.249896147E1,-3.324941158E0,1.560799599E0,-9.404691458E-1,3.791544713E0
1.250895990E1,-3.208374977E0,1.478956223E0,-8.730340004E-1,3.639116633E0
1.251895886E1,-3.027053356E0,7.889404297E-1,-8.014314175E-1,3.229205992E0
1.252896355E1,-1.289976120E0,-2.876787186E-1,-7.219160795E-1,1.505974854E0
1.253896199E1,-1.198566794E0,-2.694892883E-1,-6.351916790E-1,1.382987819E0
1.254896042E1,-1.110015988E0,-1.405735970E0,-5.673092604E-1,1.878847761E0
1.255897449E1,-1.224150777E0,-2.284369469E0,-5.212802887E-1,2.643600222E0
1.256895522E1,-1.138959885E0,-3.072858334E0,-4.943490028E-1,3.314222216E0
1.257896282E1,-1.056651235E0,-3.229351044E0,-4.754412174E-1,3.430927622E0
1.258894777E1,-9.798082709E-1,-4.250713825E0,-4.461009502E-1,4.384928543E0
1.259896225E1,-9.084638953E-1,-4.356353760E0,-3.869748116E-1,4.466864027E0
1.260896095E1,-1.037796974E0,-5.064959049E0,-3.152714968E-1,5.179790425E0
1.261896355E1,1.766228676E-1,-5.131386757E0,-2.217953205E-1,5.139213836E0
1.262896772E1,2.459210753E-1,-5.210959435E0,-1.336662769E-1,5.218471239E0
1.263896225E1,3.304877281E-1,-5.846970081E0,-6.476676464E-2,5.856660824E0
1.264896147E1,5.101333261E-1,-5.941769123E0,-6.078386307E-2,5.963937542E0
1.265895886E1,6.023423672E-1,-5.987851143E0,-1.225187778E-1,6.019317942E0
1.266896303E1,1.161223173E0,-6.011494637E0,-9.370685816E-1,6.193916737E0
1.267896876E1,1.138429999E0,-5.999256611E0,-1.587378502E0,6.309268837E0
1.268895990E1,1.071550965E0,-5.896787643E0,-2.381233215E0,6.449077268E0
1.269895990E1,9.391092062E-1,-4.982891083E0,-3.280379772E0,6.039206992E0
1.270895834E1,8.810210228E-2,-3.779958725E0,-4.291835785E0,5.719764361E0
1.271895912E1,-1.134554982E0,-2.130990982E0,-5.259959221E0,5.787530439E0
1.272896355E1,-1.137522697E0,2.199363708E-2,-6.107112885E0,6.212187166E0
1.273908303E1,-2.359836578E0,1.576386452E0,-6.165724277E0,6.787486927E0
1.274895985E1,-3.138723373E0,3.146095276E0,-7.600507259E0,8.804385867E0
1.275897209E1,-3.315308571E0,4.319813728E0,-7.423850060E0,9.206824169E0
1.276895954E1,-4.107810497E0,4.512818336E0,-7.219883919E0,9.453378244E0
1.277895579E1,-4.116553307E0,4.638929367E0,-6.992712975E0,9.346855704E0
1.278895938E1,-3.999593735E0,4.621158600E0,-6.755069733E0,9.109490872E0
1.279896485E1,-3.789050579E0,3.633396149E0,-4.699617863E0,7.045912284E0
1.280896381E1,-2.548542976E0,2.338754654E0,-3.835696936E0,5.165018453E0
1.281896308E1,-9.255985618E-1,1.322805405E0,-3.527022362E0,3.878973263E0
1.282896798E1,-7.466907501E-1,4.060697556E-1,-2.348201036E0,2.497296104E0
1.283895886E1,7.377854586E-1,3.722391129E-1,-1.415196896E0,1.638801877E0
1.284896095E1,1.569210052E0,1.640647888E0,-1.163206816E0,2.550920575E0
1.285896277E1,2.388242483E0,2.636022568E0,-1.545228958E-1,3.560364372E0
1.286896043E1,2.554662704E0,3.888592720E0,7.934570312E-4,4.652682614E0
1.287896485E1,3.305286884E0,4.998816490E0,7.574748993E-2,5.993231630E0
1.288896016E1,3.312654495E0,5.153573036E0,1.642441750E-1,6.128619012E0
1.289896068E1,3.225242138E0,5.195829391E0,2.851157188E-1,6.122101019E0
1.290896017E1,3.058204889E0,5.114047050E0,1.381195068E0,6.116681633E0
1.291897975E1,2.200569153E0,4.195760727E0,2.124814749E0,5.192470548E0
1.292940496E1,1.990909338E0,2.959509850E0,2.766009808E0,4.513671321E0
1.293895839E1,9.542907476E-1,4.132232666E-1,4.033182144E0,4.165090936E0
1.294895892E1,7.592498064E-1,4.246511459E-1,4.028221130E0,4.121086548E0
1.295896251E1,5.835165977E-1,-2.019013405E0,5.142802238E0,5.555656722E0
1.296896407E1,4.479124546E-1,-3.322768211E0,5.966500282E0,6.844014887E0
1.297897084E1,3.369691372E-1,-4.074682236E0,6.526463032E0,7.701383202E0
1.298896720E1,2.331653833E-1,-4.157307625E0,6.465249062E0,7.690059701E0
1.299897214E1,5.991435051E-2,-3.220515251E0,6.401725292E0,7.166407393E0
1.300896668E1,-6.213009357E-2,-2.148480892E0,6.127071381E0,6.493137454E0
1.301896798E1,-1.294411421E0,-8.502836227E-1,4.998950481E0,5.233353522E0
1.302897006E1,-1.482443452E0,1.513528824E-1,2.929788828E0,3.286975640E0
1.303896824E1,-1.468185425E0,1.547809601E0,2.810271978E0,3.528301517E0
1.304897865E1,-1.451635242E0,2.225169182E0,2.692085743E0,3.782320506E0
1.305901016E1,-1.432024360E0,2.238687515E0,8.640017509E-1,2.794443519E0
1.306896928E1,-1.408692479E0,2.174162865E0,-3.699898720E-2,2.590900922E0
1.307897032E1,-1.573588133E0,2.023262024E0,-3.080816269E-1,2.581604756E0
1.308900678E1,-1.484270096E0,9.821920395E-1,-5.107820034E-1,1.851663354E0
1.309895313E1,-1.389345527E0,-9.041309357E-2,-5.736869574E-1,1.505846023E0
1.310895345E1,-1.295143008E0,-9.278202057E-2,-5.553293228E-1,1.412230354E0
1.311894553E1,-1.203290343E0,-9.301185608E-2,1.179337502E-1,1.212628230E0
1.312896016E1,3.387614489E-1,-1.805200577E-1,2.302029133E-1,4.475937798E-1
1.313895860E1,5.008531809E-1,-1.180298805E0,1.783635497E0,2.196659911E0
1.314896511E1,1.186251163E0,-1.238314629E0,1.810432076E0,2.493647779E0
1.315900912E1,1.235860348E0,-1.269168854E0,1.837541580E0,2.552390926E0
1.316897527E1,1.244219661E0,-1.265079498E0,1.871686578E0,2.579092737E0
1.317897032E1,1.064258099E0,-1.196228981E0,1.745392442E0,2.368544669E0
1.318897032E1,3.259481192E-1,-1.179690361E0,6.874401569E-1,1.403739824E0
1.319897501E1,1.922188997E-1,-1.163582802E0,5.315166712E-1,1.293593063E0
1.320896251E1,-1.122876883E0,-1.180086136E-1,-1.380844116E-1,1.137473442E0
1.321895808E1,-1.310684919E0,-2.016286850E-1,-1.987037659E-1,1.340907257E0
1.322895886E1,-1.297481418E0,-1.848640442E-1,-2.366834879E-1,1.331785199E0
1.323895808E1,-1.283296943E0,-1.677436829E-1,-2.693951130E-1,1.321954127E0
1.324896277E1,-1.268187165E0,-1.503047943E-1,-2.925124168E-1,1.310135005E0
1.325898334E1,-1.241753459E0,-1.284103394E-1,-2.774695158E-1,1.278839396E0
1.326895527E1,-1.405479550E0,-2.076768875E-1,-2.656600475E-1,1.445364216E0
1.327897886E1,-1.316137791E0,-1.905460358E-1,-2.516982555E-1,1.353469057E0
1.328896142E1,-1.228673220E0,-1.731014252E-1,-2.378858328E-1,1.263404786E0
1.329896246E1,-1.141437054E0,-1.555318832E-1,-2.191507816E-1,1.172644780E0
1.330896095E1,-1.056073189E0,-1.377115250E-1,-1.818953753E-1,1.080435547E0
1.331895964E1,-1.172104836E0,-2.193908691E-1,-1.186598539E-1,1.198349807E0
1.332895938E1,-1.087983251E0,-2.010030746E-1,-4.224693775E-2,1.107201243E0
1.333896068E1,-1.005722165E0,-1.824207306E-1,4.997146130E-2,1.023353088E0
1.334896459E1,-9.252824187E-1,-1.636829376E-1,1.557974815E-1,9.524770411E-1
1.335898490E1,-1.007632732E0,-2.245206833E-1,1.480933189E0,1.805241361E0
1.336895912E1,-9.314122796E-1,-2.055158615E-1,1.527185440E0,1.800572401E0
1.337895964E1,-8.553241491E-1,-1.868810654E-1,1.570483923E0,1.798033282E0
1.338896121E1,-7.808454633E-1,-1.686010361E-1,1.610198140E0,1.797465993E0
1.339896563E1,-7.079382539E-1,1.182808876E0,1.645883560E0,2.146892196E0
1.340895808E1,-8.385815620E-1,1.298980713E0,1.428559661E0,2.105077821E0
1.341895964E1,-7.688586712E-1,2.285805702E0,1.413291097E0,2.795253672E0
1.342895912E1,-7.004068494E-1,2.948464394E0,1.398339987E0,3.337568989E0
1.343896017E1,-6.330927610E-1,3.090690613E0,1.385399342E0,3.445650337E0
1.344900892E1,-5.669295788E-1,4.139433861E0,1.372569442E0,4.397757236E0
1.345897746E1,-7.000904083E-1,4.233692169E0,1.155797482E0,4.444113385E0
1.346906464E1,-6.327485442E-1,4.917037010E0,1.141034722E0,5.087198042E0
1.347895501E1,-5.648387074E-1,4.947379112E0,-6.127508879E-1,5.017077486E0
1.348896959E1,-4.972849786E-1,4.932612419E0,-7.950282097E-1,5.020958821E0
1.349896902E1,-4.327709675E-1,4.859312057E0,-1.790054798E0,5.196585472E0
1.350896225E1,9.918875098E-1,4.705285072E0,-1.948840857E0,5.188596065E0
1.351896433E1,1.719868898E0,3.646770477E0,-2.616227150E0,4.806404939E0
1.352896381E1,2.501461744E0,3.502340317E0,-2.667930841E0,5.063748960E0
1.353895860E1,3.394360781E0,2.650392532E0,-2.481531382E0,4.970338387E0
1.354896355E1,4.346630573E0,2.602560997E0,-1.609059811E0,5.315599172E0
1.355898907E1,4.402415752E0,2.569898605E0,-1.443742514E0,5.298116245E0
1.356896277E1,5.020301819E0,2.528050423E0,-6.623405218E-1,5.659784824E0
1.357895964E1,4.990518570E0,2.474122047E0,-5.805358887E-1,5.600319403E0
1.358895990E1,4.901072502E0,2.410269737E0,-5.646872520E-1,5.490790796E0
1.359896876E1,4.748476028E0,2.337288857E0,-5.939550400E-1,5.325760639E0
1.360895990E1,4.504128456E0,1.700729370E0,-6.555670500E-1,4.858952737E0
1.361896772E1,3.520964146E0,1.622790337E0,-1.313370347E0,4.093357871E0
1.362895996E1,2.664001465E0,9.808979034E-1,-1.310926795E0,3.126914384E0
1.363894876E1,1.531193495E0,9.314460754E-1,-1.301136851E0,2.214746580E0
1.364896272E1,2.451330423E-1,8.811893463E-1,-1.324335456E0,1.609487270E0
1.365898496E1,-1.697763085E0,8.399391174E-1,-1.307635546E0,2.301696751E0
1.366895709E1,-1.756015420E0,7.917823792E-1,-1.241406202E0,2.291636719E0
1.367897188E1,-3.405136347E0,7.384929657E-1,-1.124613404E0,3.661294950E0
1.368896043E1,-4.198808193E0,-2.072896957E-1,-9.844326973E-1,4.317646002E0
1.369896511E1,-4.348581791E0,-2.689876556E-1,-2.780964375E-1,4.365759451E0
1.370896016E1,-4.402220726E0,-2.250185013E-1,-2.581759691E-1,4.415522107E0
1.371895938E1,-4.236209869E0,-2.122774124E-1,-2.077014446E-1,4.246607546E0
1.372896095E1,-3.371675968E0,-1.914496422E0,-1.606667042E-1,3.880632574E0
1.373895860E1,-1.776546478E0,-2.045109749E0,-1.303164959E-1,2.712116086E0
1.374896563E1,-1.627769232E0,-2.932363987E0,-1.336430311E-1,3.356523750E0
1.375896121E1,-1.482386708E0,-3.066765785E0,-1.557807922E-1,3.409807970E0
1.376895990E1,-1.339999557E0,-3.868176460E0,-1.740167141E-1,4.097397925E0
1.377895860E1,-1.201355338E0,-3.965175629E0,-1.945711374E-1,4.147737979E0
1.378895886E1,-1.265314937E0,-4.599845886E0,-2.215375900E-1,4.775843692E0
1.379897871E1,-1.190606117E0,-4.676598549E0,-2.551774979E-1,4.832518233E0
1.380897881E1,-1.117531657E0,-4.776198387E0,-2.971471548E-1,4.914188078E0
1.381909767E1,-1.049632907E0,-5.519960880E0,-3.360364437E-1,5.628909117E0
1.382896386E1,-9.827597737E-1,-5.575505733E0,-3.857161999E-1,5.674579980E0
1.383895553E1,-1.118685484E0,-5.640147686E0,-4.546959400E-1,5.767969446E0
1.384896694E1,-1.055544019E0,-5.723344326E0,-1.230380535E0,5.948502308E0
1.385896069E1,-9.963268042E-1,-6.354328632E0,-1.294864535E0,6.561008584E0
1.386896069E1,-9.374502301E-1,-6.344484329E0,-2.121173382E0,6.755047805E0
1.387896095E1,-8.833484650E-1,-6.266733170E0,-2.816009283E0,6.926915433E0
1.388896095E1,-9.894530177E-1,-4.487217903E0,-4.708384514E0,6.578983699E0
1.389896459E1,-9.339869618E-1,-2.845988274E0,-5.761707306E0,6.493785643E0
1.390896042E1,-8.780381680E-1,-2.772998810E-2,-7.528012753E0,7.579095987E0
1.391895990E1,-8.220584989E-1,1.296329498E-2,-7.395288467E0,7.440849396E0
1.392893318E1,-9.666067362E-1,2.470497131E0,-7.326025009E0,7.791554857E0
1.393896017E1,-1.963426352E0,3.690991402E0,-7.125954628E0,8.261821223E0
1.394896563E1,-2.022001266E0,4.443991661E0,-6.899661064E0,8.452388645E0
1.395896016E1,-2.073894739E0,4.529905319E0,-6.654890060E0,8.313160849E0
1.396895990E1,-2.092132092E0,4.493795395E0,-6.409804344E0,8.102888711E0
1.397898522E1,-2.056444168E0,3.244101524E0,-6.205397606E0,7.297952916E0
1.398895980E1,-1.951447368E0,1.919676781E0,-4.103931427E0,4.933108445E0
1.399907022E1,-1.803483367E0,4.182348251E-1,-2.965594292E0,3.496029480E0
1.400895553E1,-5.610764623E-1,5.122261047E-1,-1.924297810E0,2.068841328E0
1.401896147E1,-4.875613451E-1,6.028242111E-1,-9.590415955E-1,1.233237153E0
1.402896251E1,4.764892459E-1,5.901088715E-1,7.828712463E-2,7.624954790E-1
1.403896095E1,1.541562796E0,6.738557816E-1,1.125407219E0,2.024114344E0
1.404896511E1,2.705978155E0,2.119183540E0,1.831546783E0,3.894588589E0
1.405896095E1,3.856191158E0,3.787078857E0,1.851815939E0,5.713265160E0
1.406896095E1,4.616429806E0,6.517155647E0,1.754717588E0,8.177027314E0
1.407896042E1,4.575964928E0,6.527033806E0,1.773386002E0,8.166181680E0
1.408895860E1,4.415192127E0,6.412846565E0,2.427777767E0,8.155527419E0
1.409896511E1,3.426119089E0,5.474986076E0,2.457416534E0,6.910329990E0
1.410895938E1,2.420386553E0,4.259674072E0,3.125129700E0,5.811155643E0
1.411895808E1,1.351516128E0,2.456709862E0,3.154016018E0,4.220170166E0
1.412895964E1,2.944449186E-1,3.859786987E-1,4.077901363E0,4.106696592E0
1.413895938E1,4.117977619E-2,-2.204166412E0,5.642288208E0,6.057677902E0
1.414899454E1,-1.243376493E0,-3.884535789E0,6.468724251E0,7.647221511E0
1.415895865E1,-1.294719338E0,-4.751192093E0,6.498841286E0,8.153837288E0
1.416894824E1,-1.541065335E0,-4.816851139E0,7.121748924E0,8.734772178E0
1.417895886E1,-1.552572131E0,-4.741615295E0,6.986368179E0,8.585029771E0
1.418895709E1,-1.537916422E0,-3.597411156E0,6.756350517E0,7.807357188E0
1.419897032E1,-1.501025558E0,-2.251720428E0,5.675391197E0,6.287558179E0
1.420897110E1,-1.458612442E0,2.084541321E-1,4.572122097E0,4.803676077E0
1.421896954E1,-1.575452685E0,7.737541199E-2,2.771953821E0,3.189320634E0
1.422896928E1,-1.493058324E0,1.757652283E0,2.660713911E0,3.521074157E0
1.423897136E1,-1.370138764E0,1.925634384E0,2.481791973E-1,2.376329297E0
1.424896824E1,-1.288067341E0,1.850414276E0,-4.818987846E-2,2.255099273E0
1.425896876E1,-1.406385303E0,1.674532890E0,-8.533375263E-1,2.347374055E0
1.426896954E1,-1.325242162E0,-1.243295670E-1,-9.330050945E-1,1.625491659E0
1.427897345E1,-1.242142320E0,-1.239986420E-1,-8.692576885E-1,1.521151582E0
1.428897032E1,-1.160251737E0,-1.221790314E-1,3.113150597E-2,1.167082250E0
1.429897162E1,1.850303411E-1,-1.095066071E-1,1.326600313E-1,2.526392844E-1
1.430896876E1,3.321864605E-1,-1.928730011E-1,9.109148979E-1,9.885918219E-1
1.431897397E1,1.038896322E0,-1.760330200E-1,9.785958529E-1,1.438034435E0
1.432895996E1,1.103168011E0,-1.590042114E-1,2.005258560E0,2.294193517E0
1.433897751E1,1.122838259E0,-1.418027878E-1,2.041723013E0,2.334417839E0
1.434896725E1,1.102171183E0,-1.241903305E-1,2.078630924E0,2.356037154E0
1.435895970E1,9.894948006E-1,-2.016124725E-1,1.914711595E0,2.164686592E0
1.436895735E1,3.014004230E-1,-1.847543716E-1,1.921968341E0,1.954210505E0
1.437897136E1,1.978714466E-1,-1.681728363E-1,1.927644730E0,1.945057690E0
1.438896615E1,-1.038028359E0,-1.579399109E-1,1.899106622E0,2.170035449E0
1.439896954E1,-1.013154268E0,-1.472148895E-1,1.871228218E0,2.132990586E0
1.440897188E1,-1.187201500E0,-2.355003357E-1,1.646087408E0,2.043162148E0
1.441896876E1,-1.120798469E0,-1.665203094E0,1.662933946E0,2.606614636E0
1.442895964E1,-1.093893886E0,-1.688889503E0,1.640468955E0,2.596168327E0
1.443896173E1,-1.063188910E0,-1.675479889E0,1.620141983E0,2.561730580E0
1.444896121E1,-1.185865045E0,-1.634367943E0,1.403263569E0,2.458980098E0
1.445895834E1,-1.109962940E0,-1.554589272E0,1.388244390E0,2.361353006E0
1.446895860E1,-1.033794284E0,-2.312297821E-1,1.375122547E0,1.735845573E0
1.447896485E1,-9.589554667E-1,-2.204322815E-1,1.363672733E0,1.681603194E0
1.448895990E1,-8.853990436E-1,-2.089672089E-1,2.452629805E-1,9.422062886E-1
1.449895886E1,-1.012577534E0,-2.966642380E-1,1.620419025E-1,1.067511363E0
1.450906563E1,-9.393782020E-1,-2.839479446E-1,8.539819717E-2,9.850638018E-1
1.451895938E1,-8.673746586E-1,-2.705240250E-1,3.093516827E-2,9.091089215E-1
1.452897761E1,-7.965561152E-1,-2.566318512E-1,1.414060593E-2,8.369955247E-1
1.453896204E1,-7.284607291E-1,-2.422037125E-1,3.012406826E-2,7.682611091E-1
1.454895787E1,-8.609537482E-1,-3.269844055E-1,9.557499290E-1,1.327259615E0
1.455896329E1,-7.929559350E-1,-3.115386963E-1,9.601373076E-1,1.283627331E0
1.456896147E1,-7.260181308E-1,-2.957639694E-1,9.656724930E-1,1.243825557E0
1.457896511E1,-6.601037979E-1,1.164540291E0,9.710285664E-1,1.653719320E0
1.458896199E1,-5.968102813E-1,1.226525307E0,9.774094820E-1,1.678057250E0
1.459895860E1,-6.940656304E-1,1.327623367E0,8.269264698E-1,1.711174536E0
1.460895964E1,-1.798650742E0,1.338291168E0,8.373763561E-1,2.393191781E0
1.461896043E1,-1.816496968E0,1.341872215E0,8.471953869E-1,2.412057690E0
1.462896459E1,-1.821897626E0,1.383078575E0,8.539670706E-1,2.441613618E0
1.463895730E1,-1.779999375E0,1.477064133E0,6.608957052E-1,2.405597506E0
1.464896042E1,-1.711594343E0,2.321328163E0,6.691295505E-1,2.960718493E0
1.465895912E1,-1.608818889E0,2.421688080E0,6.786709428E-1,2.985542768E0
1.466896017E1,-4.264755249E-1,3.194058418E0,-3.650126457E-1,3.243011684E0
1.467896459E1,-3.645812869E-1,3.289113998E0,-4.740203023E-1,3.343035396E0
1.468899126E1,-5.032590628E-1,3.380730629E0,-6.054415107E-1,3.471191250E0
1.469897178E1,-4.428898394E-1,3.420470238E0,-1.325240135E0,3.694865285E0
1.470902068E1,1.265351415E0,3.365783691E0,-1.410560608E0,3.862550361E0
1.471896100E1,1.368169069E0,3.189674377E0,-1.515806794E0,3.787291839E0
1.472896459E1,2.035206795E0,1.759006500E0,-2.190253496E0,3.468916393E0
1.473896251E1,2.149823904E0,8.086643219E-1,-2.209874153E0,3.187353852E0
1.474896329E1,2.809521675E0,-4.543008804E-1,-2.202370644E0,3.598643881E0
1.475895990E1,2.823760986E0,-4.301128387E-1,-2.145958424E0,3.572640581E0
1.476896121E1,2.838341475E0,-4.039001465E-1,-2.026774883E0,3.511001863E0
1.477896642E1,3.481349468E0,-4.558591843E-1,-1.785538912E0,3.939003798E0
1.478895964E1,3.450642824E0,9.306364059E-1,-1.022875786E0,3.717431222E0
1.479895912E1,3.401068926E0,1.808921814E0,-9.170060158E-1,3.959844441E0
1.480896068E1,3.346261978E0,2.584217072E0,-8.484922647E-1,4.312259990E0
1.481897329E1,3.272344351E0,2.716443062E0,-8.519860506E-1,4.337416361E0
1.482896381E1,3.137274504E0,3.330826759E0,-9.039103985E-1,4.664113230E0
1.483896017E1,2.928975582E0,3.319857597E0,-1.554526925E0,4.692217641E0
1.484895886E1,1.994666100E0,3.229186058E0,-1.537058830E0,4.094982942E0
1.485897449E1,1.066816807E0,2.387620926E0,-1.545064092E0,3.037442153E0
1.486896022E1,-2.654695511E-2,2.251253128E0,-1.535415530E0,2.725132334E0
1.487895256E1,-1.621707201E0,1.307515144E0,-1.508753896E0,2.572133048E0
1.488897178E1,-1.659611821E0,1.228504181E0,-1.447986960E0,2.521943726E0
1.489895813E1,-3.477558851E0,1.151372910E0,-1.313622713E0,3.891616601E0
1.490896095E1,-3.706459522E0,1.073647499E0,-6.623010635E-1,3.915252717E0
1.491896225E1,-4.616250515E0,-2.338752747E-1,-5.755310059E-1,4.657864575E0
1.492893860E1,-4.650091648E0,-3.087177277E-1,-5.075849295E-1,4.687888803E0
1.493896251E1,-4.577369690E0,-2.894878387E-1,-4.406870604E-1,4.607637309E0
1.494895912E1,-3.475816250E0,-2.569274902E-1,-3.753104210E-1,3.505448366E0
1.495896095E1,-3.184015751E0,-1.780552864E0,-3.197946548E-1,3.662047709E0
1.496896199E1,-1.504359007E0,-2.465002060E0,-2.717641592E-1,2.900549420E0
1.497896589E1,-1.353103757E0,-3.140087128E0,-2.192145586E-1,3.426235831E0
1.498896303E1,-1.205943227E0,-3.829627991E0,-1.784111261E-1,4.018977500E0
1.499896017E1,-1.062229156E0,-3.973554134E0,-1.420898438E-1,4.115537968E0
1.500895938E1,3.328441381E-1,-4.870674133E0,-9.478223324E-2,4.882953553E0
1.501895938E1,4.788416624E-1,-4.962106228E0,-4.397690296E-2,4.985350692E0
1.502896485E1,5.832751989E-1,-5.611742973E0,1.742231846E-2,5.642000770E0
1.503896985E1,6.732143164E-1,-5.671909809E0,5.553901196E-2,5.711992908E0
1.504896933E1,7.356060743E-1,-5.741244793E0,7.413041592E-2,5.788652986E0
1.505897324E1,7.734078765E-1,-5.818415642E0,6.642341614E-2,5.869968688E0
1.506894714E1,7.819156051E-1,-5.879227161E0,2.332448959E-2,5.931041060E0
1.507896954E1,7.846428156E-1,-5.928012848E0,-5.512797832E-2,5.979969880E0
1.508895761E1,7.927823663E-1,-5.947371483E0,-9.995423555E-1,6.082665235E0
1.509896407E1,7.984116077E-1,-5.896005630E0,-1.697458267E0,6.187221352E0
1.510896225E1,7.749840021E-1,-5.729743004E0,-2.613182068E0,6.345019749E0
1.511895704E1,7.153023481E-1,-4.287297249E0,-3.734585762E0,5.730593858E0
1.512896563E1,-1.658238173E-1,-6.412792206E-2,-6.158254623E0,6.160820557E0
1.513895990E1,-1.214907885E0,9.910640717E-1,-7.780162811E0,7.936569948E0
1.514895626E1,-1.229184628E0,2.715340614E0,-7.659814835E0,8.219290286E0
1.515896277E1,-1.442215443E0,4.062066078E0,-7.607704639E0,8.744000005E0
1.516896251E1,-2.911690712E0,4.909425735E0,-7.426054955E0,9.366253042E0
1.517896433E1,-3.017488480E0,5.010021210E0,-7.212489605E0,9.285771672E0
1.518896095E1,-3.079974413E0,4.985844612E0,-6.982908249E0,9.116243552E0
1.519896043E1,-3.052180290E0,3.944822311E0,-6.725659370E0,8.373286186E0
1.520895964E1,-2.898974657E0,2.574945450E0,-5.077821255E0,6.388948805E0
1.521908126E1,-2.685450792E0,1.297876358E0,-3.891572714E0,4.903107911E0
1.522898522E1,-1.183364153E0,3.536930084E-1,-2.830399990E0,3.088140794E0
1.523898746E1,-1.076516271E0,4.414958954E-1,-1.900013208E0,2.227971297E0
1.524896517E1,-9.753548503E-1,5.270681381E-1,-9.848031998E-1,1.482887470E0
1.525896147E1,5.956819057E-1,5.103397369E-1,7.183551788E-2,7.876826274E-1
1.526896303E1,1.567639828E0,2.226188660E0,1.069036961E0,2.925106938E0
1.527896824E1,2.600334883E0,3.899898529E0,1.236331463E0,4.847624730E0
1.528896355E1,3.419424534E0,5.635632515E0,1.305805922E0,6.719966301E0
1.529896147E1,3.531835079E0,6.736341476E0,1.362484932E0,7.727128878E0
1.530896303E1,3.514338017E0,6.701657295E0,2.327476501E0,7.917065685E0
1.531895886E1,3.335364342E0,5.681422234E0,4.238457203E0,7.833756018E0
1.532896433E1,2.187408447E0,4.244287491E0,4.188861847E0,6.351794675E0
1.533896459E1,1.313766718E0,2.333889008E0,4.134544849E0,4.926203609E0
1.534896355E1,4.475240707E-1,3.298473358E-1,3.882852316E0,3.922450658E0
1.535895938E1,-2.954815626E-1,-2.384621143E0,5.079430580E0,5.619105122E0
1.536896095E1,-1.383842826E0,-4.053414822E0,5.756125450E0,7.174829119E0
1.537896928E1,-1.410961628E0,-4.915032864E0,5.722389221E0,7.674249095E0
1.538895990E1,-1.434021711E0,-4.972530365E0,6.364130974E0,8.202721472E0
1.539897818E1,-1.643872976E0,-4.881643295E0,6.245915890E0,8.095938792E0
1.540897694E1,-1.632563353E0,-3.536880493E0,6.107855320E0,7.244355274E0
1.541900178E1,-1.603679419E0,-2.107095242E0,5.854442596E0,6.425428869E0
1.542896907E1,-1.552189946E0,1.330060959E-1,4.697545052E0,4.949132627E0
1.543895709E1,-1.468000531E0,1.045274734E-1,3.690711260E0,3.973323691E0
1.544896902E1,-1.584095359E0,1.957938194E0,2.376365662E0,3.462657049E0
1.545897657E1,-1.499593377E0,2.044158936E0,2.266143322E0,3.400407565E0
1.546897240E1,-1.416010141E0,2.043575287E0,4.132163525E-1,2.520323874E0
1.547896876E1,-1.333077550E0,1.932987213E0,-5.963945389E-1,2.422647677E0
1.548897058E1,-1.410645723E0,-1.858692169E-1,-8.790760040E-1,1.672496142E0
1.549896902E1,-1.328565955E0,-1.893062592E-1,-9.314264059E-1,1.633548134E0
1.550897006E1,-1.245355606E0,-1.842088699E-1,-8.823783398E-1,1.537346749E0
1.551896980E1,2.792536020E-1,-1.404494286E0,-2.339617014E-1,1.450973759E0
1.552896615E1,4.207459688E-1,-1.407317162E0,-1.477274895E-1,1.476276456E0
1.553897006E1,1.089902520E0,-1.359836578E0,-3.410232067E-2,1.743045034E0
1.554896928E1,1.157891989E0,-1.293564796E0,6.621989012E-1,1.858098793E0
1.555896876E1,1.180845857E0,-1.205954552E0,7.094110250E-1,1.830843336E0
1.556903412E1,1.153236628E0,-1.719198227E-1,1.769052029E0,2.118739301E0
1.557896220E1,1.034375429E0,-1.474771500E-1,1.813935518E0,2.093333252E0
1.558894839E1,3.067867756E-1,-2.224588394E-1,1.659103751E0,1.701831754E0
1.559894501E1,1.792744398E-1,-1.982059479E-1,1.700351477E0,1.721226326E0
1.560896152E1,-1.143996477E0,-1.784849167E-1,1.715563774E0,2.069720722E0
1.561896746E1,-1.125129104E0,-1.589012146E-1,1.730223894E0,2.069985464E0
1.562896303E1,-1.106168389E0,-1.452426910E-1,1.708788633E0,2.040750484E0
1.563896954E1,-1.286030889E0,-2.307405472E-1,1.489883304E0,1.981632889E0
1.564897371E1,-1.265124321E0,-2.157278061E-1,1.472835183E0,1.953540762E0
1.565896902E1,-1.192436576E0,-1.818828583E-1,1.496089697E0,1.921788423E0
1.566901225E1,-1.112364888E0,-1.731443405E-1,4.012734890E-1,1.195138076E0
1.567895938E1,-1.233137965E0,-2.634248734E-1,3.493911028E-1,1.308470882E0
1.568896537E1,-1.153730512E0,-2.531499863E-1,2.948086262E-1,1.217411654E0
1.569896355E1,-1.075802803E0,-2.421712875E-1,2.429587841E-1,1.129171189E0
1.570896042E1,-9.976817966E-1,-2.305459976E-1,1.901347637E-1,1.041475709E0
1.571895834E1,-9.209578633E-1,-2.183370590E-1,1.352993250E-1,9.561068793E-1
1.572895964E1,-1.046594262E0,-3.050317764E-1,9.497749805E-2,1.094269007E0
1.573895938E1,-9.715214968E-1,-2.873840332E-1,9.279644489E-2,1.017376421E0
1.574895605E1,-8.977921009E-1,-2.695589066E-1,9.090518951E-2,9.417836344E-1
1.575897501E1,-8.253358006E-1,-2.515430450E-1,8.956670761E-2,8.674533316E-1
1.576898902E1,-7.541489601E-1,-2.333583832E-1,1.033207178E-1,7.961607625E-1
1.577897553E1,-8.837133646E-1,-3.147983551E-1,1.397824287E-1,9.484653091E-1
1.578896251E1,-8.144890666E-1,-2.961273193E-1,1.098774195E0,1.399424367E0
1.579896042E1,-7.463681102E-1,-2.773418427E-1,1.136569500E0,1.387722624E0
1.580896173E1,-6.794170141E-1,9.484395981E-1,1.174207330E0,1.655266747E0
1.581896527E1,-6.135623455E-1,9.943714142E-1,1.211742401E0,1.683316045E0
1.582895938E1,-1.732249975E0,1.058450699E0,1.048979282E0,2.285030720E0
1.583896199E1,-1.870734096E0,1.810793877E0,1.089226723E0,2.822239425E0
1.584895938E1,-1.904972076E0,1.887827873E0,1.089206338E0,2.894681872E0
1.585895886E1,-1.905450106E0,2.566646576E0,1.085931659E0,3.376042405E0
1.586898204E1,-1.854312897E0,2.652567863E0,-6.787585616E-1,3.306857386E0
1.587896069E1,-1.722317219E0,3.305113792E0,-8.240703344E-1,3.816968129E0
1.588896016E1,-4.617691934E-1,3.366272926E0,-1.674125195E0,3.787838351E0
1.589896121E1,-3.603432477E-1,3.408580780E0,-1.802911758E0,3.872823389E0
1.590896147E1,1.020501733E0,3.395500183E0,-1.908075929E0,4.026363003E0
1.591895886E1,1.898737788E0,3.290009499E0,-2.002326012E0,4.294028079E0
1.593005235E1,2.652559757E0,2.479256630E0,-2.109318733E0,4.199048966E0
1.593895522E1,2.852364540E0,2.331758499E0,-2.144064426E0,4.262639257E0
1.594912063E1,3.811713934E0,1.458864212E0,-2.128479719E0,4.603028766E0
1.595895787E1,3.887590408E0,1.405280113E0,-2.017342806E0,4.599765578E0
1.596898881E1,3.893056870E0,1.404329300E0,-1.843606710E0,4.530664220E0
1.597895756E1,3.816346645E0,1.499031067E0,-1.034581542E0,4.228706046E0
1.598895735E1,3.716573238E0,2.357998848E0,-9.180454016E-1,4.496207576E0
1.599896407E1,3.555837631E0,3.053404808E0,-8.124461174E-1,4.756819407E0
1.600896147E1,3.372670174E0,3.185282707E0,-7.605634928E-1,4.700998495E0
1.601896277E1,2.386089563E0,3.327104568E0,-9.158518314E-1,4.195453824E0
1.602896173E1,2.136093378E0,3.293286324E0,-1.617095232E0,4.245424209E0
1.603895834E1,1.021989226E0,3.176970482E0,-1.647380948E0,3.721755958E0
1.604896095E1,1.431729794E-1,2.175289154E0,-1.717982173E0,2.775579967E0
1.605896017E1,-1.393564582E0,1.496024132E0,-1.796837211E0,2.721899044E0
1.606898126E1,-1.439027667E0,1.376686096E0,-1.843868136E0,2.714021912E0
1.607895834E1,-1.477347612E0,6.782217026E-1,-1.824361324E0,2.443529187E0
1.608896016E1,-2.827978373E0,-2.991247177E-1,-1.712093711E0,3.319367733E0
1.609895938E1,-2.941581726E0,-2.658128738E-1,-1.548332453E0,3.334800282E0
1.610898188E1,-2.999442577E0,-3.375597000E-1,-8.153142929E-1,3.126553969E0
1.611897527E1,-2.978882313E0,-3.122129440E-1,-7.319476604E-1,3.083336526E0
1.612899334E1,-2.852538824E0,-2.925872803E-1,-6.316320896E-1,2.936246610E0
1.613896100E1,-2.691737175E0,-2.724504471E-1,-5.247499943E-1,2.755910162E0
1.614896225E1,-1.277048349E0,-2.508487701E-1,-4.239584208E-1,1.368765259E0
1.615896068E1,-1.388432145E0,-1.517032623E0,-3.222115040E-1,2.081574417E0
1.616898543E1,-1.301862597E0,-1.675747871E0,-2.254258394E-1,2.133962033E0
1.617896068E1,-1.217224836E0,-2.853195190E0,-1.317111254E-1,3.104787741E0
1.618896016E1,-1.095940351E0,-3.681077003E0,-1.466977596E-2,3.840784863E0
1.619895990E1,-1.216155767E0,-4.714843750E0,5.675041676E-2,4.869497618E0
1.620896068E1,-1.136677980E0,-4.845522881E0,1.189630032E-1,4.978481798E0
1.621896329E1,-1.064292073E0,-5.793364048E0,1.740682125E-1,5.892884213E0
1.622895782E1,-9.936441779E-1,-5.889831066E0,2.075866461E-1,5.976665538E0
1.623895964E1,3.250638247E-1,-6.585568905E0,2.287940979E-1,6.597554928E0
1.624895990E1,4.258244634E-1,-6.633419037E0,2.324528694E-1,6.651135913E0
1.625896095E1,5.331653357E-1,-6.697223663E0,2.124985456E-1,6.721772512E0
1.626898308E1,1.163912296E0,-6.749065399E0,1.781558990E-1,6.851008329E0
1.627898282E1,1.225106597E0,-6.771843910E0,1.032058001E-1,6.882543684E0
1.628895824E1,1.280064344E0,-6.743072987E0,-7.273998260E-1,6.901935130E0
1.629897063E1,1.277163863E0,-6.626589775E0,-8.384475708E-1,6.800428950E0
1.630894522E1,1.230401993E0,-5.802756310E0,-2.008610725E0,6.262618214E0
1.631897292E1,1.125264168E0,-4.865925789E0,-3.016916037E0,5.834829526E0
1.632895990E1,9.086697102E-1,-3.619137764E0,-4.242851257E0,5.650276594E0
1.633896303E1,-1.685096025E-1,-2.141349792E0,-5.514427662E0,5.917996862E0
1.634896277E1,-1.418292999E0,1.727485657E-2,-7.509213448E0,7.641998433E0
1.635895990E1,-1.450384974E0,6.711101532E-2,-7.391515255E0,7.532769625E0
1.636898204E1,-2.887628317E0,3.430125237E0,-7.204041481E0,8.485421032E0
1.637896251E1,-3.026152611E0,4.203655243E0,-7.006665707E0,8.713304847E0
1.638896355E1,-3.125339031E0,4.328944206E0,-6.876718521E0,8.706133448E0
1.639896173E1,-3.093864441E0,4.377781868E0,-6.626001358E0,8.522961062E0
1.640895912E1,-2.941969872E0,4.351354599E0,-4.990056038E0,7.245007442E0
1.641896069E1,-1.327472210E0,3.589978218E0,-4.065299988E0,5.583618009E0
1.642895964E1,-1.204856634E0,3.534474373E0,-3.727570534E0,5.276264842E0
1.643895834E1,-1.288447261E0,2.981066704E0,-2.773458958E0,4.270705987E0
1.644895938E1,2.217205763E-1,3.022619247E0,-2.543429852E0,3.956567014E0
1.645895761E1,1.228235364E0,3.116923332E0,-1.695014477E0,3.754576840E0
1.646901058E1,2.221200943E0,3.275667191E0,-1.436605930E0,4.210411592E0
1.647897360E1,3.086627245E0,4.415530205E0,-2.321486473E-1,5.392408343E0
1.648897225E1,3.278602362E0,5.255501747E0,-5.321073532E-2,6.194543037E0
1.649896173E1,4.054421902E0,5.362809181E0,8.997142315E-1,6.782886183E0
1.650896016E1,4.018850327E0,5.404016495E0,1.670234680E0,6.938604767E0
1.651896068E1,3.892060041E0,5.313685417E0,2.679381609E0,7.110729209E0
1.652895860E1,3.084764957E0,4.425913811E0,4.665987015E0,7.132735992E0
1.653896225E1,2.282793522E0,3.328222275E0,4.448760033E0,6.006635964E0
1.654896042E1,6.757026911E-1,5.961446762E-1,5.896362305E0,5.964817770E0
1.655896095E1,4.491202831E-1,-1.642747879E0,6.579929829E0,6.796749677E0
1.656898438E1,-1.327424288E0,-3.108883381E0,7.117994308E0,7.879914599E0
1.657896016E1,-1.557352185E0,-4.033090591E0,7.056161880E0,8.275299755E0
1.658896095E1,-1.583502412E0,-4.138011932E0,6.979826450E0,8.267321206E0
1.659896303E1,-1.606217742E0,-4.123527527E0,6.869284630E0,8.171320947E0
1.660895938E1,-1.606652498E0,-3.334506512E0,6.672842026E0,7.630667509E0
1.661895990E1,-1.587733865E0,-2.183176994E0,6.388778687E0,6.935679759E0
1.662895990E1,-1.773995399E0,-7.883653641E-1,5.316872120E0,5.660186284E0
1.663907907E1,-1.698587894E0,1.642713547E-1,4.265316010E0,4.594029449E0
1.664896043E1,-1.623154759E0,1.784737587E0,2.748934031E0,3.657397699E0
1.665913126E1,-1.546231151E0,2.475791931E0,2.610319853E0,3.915883833E0
1.666898261E1,-1.469355583E0,2.479974747E0,8.058240414E-1,2.993097553E0
1.667897058E1,-1.592069387E0,2.397130966E0,-3.552753925E-1,2.899507270E0
1.668895964E1,-1.507759571E0,2.206639290E0,-1.299999714E0,2.971968226E0
1.669896199E1,-1.418530703E0,9.536380768E-1,-1.522387743E0,2.288955958E0
1.670896251E1,-1.329498887E0,-1.396760941E-1,-1.624212265E0,2.103602192E0
1.671897345E1,-1.242211819E0,-1.363639832E-1,-1.590088487E0,2.022391340E0
1.672897423E1,-2.417790890E-2,-2.010974884E-1,-7.462763786E-1,7.732743397E-1
1.673896902E1,1.029536724E-1,-1.794700623E-1,1.208438873E-1,2.396084452E-1
1.674897058E1,2.323625088E-1,-1.576585770E-1,2.599128485E-1,3.826267779E-1
1.675897084E1,3.244347572E-1,-1.356840134E-1,1.919195414E0,1.951148149E0
1.676901199E1,3.723222017E-1,-2.131681442E-1,1.788204193E0,1.838950439E0
1.677896772E1,3.831551075E-1,-1.905460358E-1,1.855956793E0,1.904649901E0
1.678896954E1,3.096830845E-1,-1.630640030E-1,1.921109676E0,1.952730363E0
1.679897345E1,1.864769459E-1,-1.416416168E-1,1.952679753E0,1.966670846E0
1.680896720E1,-1.043403983E0,-1.210327148E-1,1.980336308E0,2.241667389E0
1.681905131E1,-1.216202021E0,-2.107086182E-1,8.032956123E-1,1.472694577E0
1.682898251E1,-1.188559413E0,-1.995954514E-1,6.527795792E-1,1.370632336E0
1.683897392E1,-1.160391927E0,-1.877965927E-1,2.336502075E-4,1.175490127E0
1.684897975E1,-1.131582260E0,-1.753501892E-1,-6.389260292E-2,1.146868940E0
1.685895964E1,-1.102090836E0,-1.623449326E-1,-1.151136160E-1,1.119915725E0
1.686899714E1,-1.269991875E0,-2.487468719E-1,-1.499336958E-1,1.302779521E0
1.687896746E1,-1.188904285E0,-2.401895523E-1,-1.544135809E-1,1.222713366E0
1.688896850E1,-1.108703494E0,-2.253952026E-1,-1.055115461E-1,1.136291829E0
1.689897631E1,-9.880080819E-1,-1.875495911E-1,3.529155254E-2,1.006270497E0
1.690895990E1,-1.108371139E0,-2.692794800E-1,1.290655136E-1,1.147891949E0
1.691896381E1,-1.030312538E0,-2.508306503E-1,2.116557360E-1,1.081322381E0
1.692892600E1,-9.522780776E-1,-2.323455811E-1,2.845284939E-1,1.020673537E0
1.693896095E1,-8.757417202E-1,-2.136993408E-1,3.634866476E-1,9.719637399E-1
1.694896589E1,-8.007057309E-1,-1.949119568E-1,4.378733635E-1,9.331952748E-1
1.695896095E1,-9.282594919E-1,-2.760906219E-1,5.148894787E-1,1.096814885E0
1.696898334E1,-8.556112051E-1,-2.577762604E-1,1.499622107E0,1.745676258E0
1.697895782E1,-7.844215035E-1,-2.397766113E-1,1.534010291E0,1.739539448E0
1.698898490E1,-7.145392299E-1,-2.220277786E-1,1.565817237E0,1.735409538E0
1.699896923E1,-6.458323002E-1,-2.045526505E-1,1.594956994E0,1.732867265E0
1.700896516E1,-7.794830203E-1,1.548143387E0,1.421930790E0,2.241925266E0
1.701896016E1,-7.125864625E-1,1.676273346E0,1.446325779E0,2.325839645E0
1.702895579E1,-6.472883224E-1,2.477596283E0,1.431567550E0,2.933743541E0
1.703895605E1,-1.697749853E0,2.558154106E0,1.418796539E0,3.382231603E0
1.704896642E1,-1.742856383E0,3.195240021E0,1.406071782E0,3.901813043E0
1.705896407E1,-1.779671073E0,3.255092621E0,1.195749879E0,3.897778197E0
1.706898412E1,-1.794463515E0,3.324217796E0,1.178639531E0,3.957235703E0
1.707895990E1,-1.714207172E0,3.489734650E0,-5.122431517E-1,3.921625581E0
1.708896095E1,-1.535221219E0,3.545518875E0,-6.868910789E-1,3.924210448E0
1.709896928E1,-4.940801263E-1,3.581157684E0,-1.473207593E0,3.903734897E0
1.710896277E1,-3.924871981E-1,3.542657852E0,-1.568584561E0,3.894217301E0
1.711895964E1,1.362796307E0,3.400462151E0,-1.668003559E0,4.025244401E0
1.712896121E1,2.169464111E0,2.312868118E0,-1.781958103E0,3.637486515E0
1.713895782E1,2.925496340E0,1.552549362E0,-1.901696324E0,3.819081993E0
1.714896589E1,3.123345137E0,8.813610077E-1,-1.923852921E0,3.772703557E0
1.715895860E1,4.087204456E0,7.832708359E-1,-1.877887964E0,4.565656215E0
1.716898480E1,4.159605026E0,7.248077393E-1,-1.769192100E0,4.577958160E0
1.717898095E1,4.164536476E0,7.440376282E-1,-1.644197345E0,4.538759848E0
1.718896126E1,4.131350517E0,8.898897171E-1,-1.514460683E0,4.489270761E0
1.719896490E1,4.039482594E0,2.037051201E0,-1.393824458E0,4.733893095E0
1.720895584E1,3.890802622E0,2.804818153E0,-1.294202685E0,4.967928191E0
1.721896563E1,3.678379059E0,2.970392227E0,-1.247647643E0,4.889818721E0
1.722896251E1,3.441991329E0,3.772367477E0,-1.252345085E0,5.257987154E0
1.723896173E1,2.524281263E0,3.764783859E0,-1.267602563E0,4.706634643E0
1.724896954E1,2.277368546E0,3.681604385E0,-1.261678576E0,4.509151935E0
1.725895730E1,3.784861565E-1,1.887534142E0,-1.340605736E0,2.345902949E0
1.726896173E1,-1.247751236E0,1.094065666E0,-1.369184971E0,2.151401941E0
1.727896537E1,-1.300188303E0,9.541845322E-1,-1.366777897E0,2.114010304E0
1.728896251E1,-1.547075868E0,-3.697767258E-1,-1.298386693E0,2.053286773E0
1.729896668E1,-1.562513351E0,-3.354816437E-1,-1.176804781E0,1.984657502E0
1.730895964E1,-2.816991329E0,-3.021945953E-1,-1.063212156E0,3.026083576E0
1.731896068E1,-2.854841709E0,-2.746248245E-1,-9.750838280E-1,3.029245525E0
1.732896147E1,-2.813486576E0,-2.498512268E-1,-8.764876127E-1,2.957425043E0
1.733896850E1,-2.685980082E0,-3.310413361E-1,-7.628438473E-1,2.811762454E0
1.734909188E1,-2.519625664E0,-3.117647171E-1,-6.498463154E-1,2.620689024E0
1.735895537E1,-1.393866539E0,-2.905330658E-1,-5.267343521E-1,1.518131242E0
1.736913345E1,-1.305873752E0,-1.858807564E0,1.092489958E-1,2.274292672E0
1.737896074E1,-1.219953895E0,-2.001830101E0,1.801433563E-1,2.351183295E0
1.738895751E1,-1.334137440E0,-3.032626629E0,2.429568768E-1,3.322013700E0
1.739896589E1,-1.250279069E0,-3.167041779E0,2.929019928E-1,3.417476109E0
1.740896303E1,-1.168919206E0,-4.125267982E0,3.358906507E-1,4.300817430E0
1.741896121E1,-1.090659261E0,-4.230532169E0,3.520638943E-1,4.383022820E0
1.742896173E1,-1.019140244E0,-4.935483932E0,3.690819740E-1,5.053104985E0
1.743896329E1,3.721927404E-1,-5.679146767E0,3.493155241E-1,5.702039702E0
1.744896485E1,4.324167967E-1,-5.745198727E0,3.041417599E-1,5.769470938E0
1.745895886E1,5.046682358E-1,-5.834895134E0,2.470142841E-1,5.861885986E0
1.746896069E1,5.763107538E-1,-6.518764973E0,1.754655838E-1,6.546542525E0
1.747895938E1,6.630146503E-1,-6.543021202E0,-5.449573994E-1,6.599067619E0
1.748896407E1,7.468501329E-1,-6.555676937E0,-6.138556004E-1,6.626575580E0
1.749896381E1,7.863109112E-1,-6.519351006E0,-1.389587402E0,6.712017248E0
1.750895990E1,8.109555244E-1,-6.384829998E0,-2.126872301E0,6.778442944E0
1.751895834E1,7.888813019E-1,-5.227252007E0,-3.141901731E0,6.149637692E0
1.752898089E1,6.967301369E-1,-3.922654152E0,-4.331611633E0,5.885193949E0
1.753897964E1,5.232002735E-1,-2.221150875E0,-5.604516983E0,6.051269317E0
1.754897579E1,-1.317873359E0,1.072025299E-2,-7.456152439E0,7.571731262E0
1.755895761E1,-1.330991983E0,1.575598717E0,-7.347194672E0,7.631207016E0
1.756895657E1,-1.343166232E0,3.235016823E0,-7.204166412E0,8.010583191E0
1.757896303E1,-1.551235914E0,4.535299301E0,-7.132309914E0,8.593318178E0
1.758896303E1,-2.724646330E0,5.327098846E0,-6.931608200E0,9.156902969E0
1.759896928E1,-2.757307768E0,5.411452293E0,-6.730339050E0,9.065540568E0
1.760895938E1,-2.637025356E0,5.388889313E0,-6.424284458E0,8.790077449E0
1.761896121E1,-1.436454535E0,3.329154968E0,-4.064076900E0,5.446411248E0
1.762895860E1,-1.320818186E0,2.476005554E0,-3.166598082E0,4.231135497E0
1.763895912E1,1.150372028E-1,2.388130188E0,-2.845958233E0,3.716971565E0
1.764896537E1,8.643634319E-1,1.802080154E0,-1.692221165E0,2.618822158E0
1.765895782E1,1.654632568E0,1.956815720E0,-8.107953072E-1,2.687810582E0
1.766895860E1,2.441449881E0,3.222792625E0,6.242513657E-2,4.043632862E0
1.767896095E1,2.633312225E0,4.471937180E0,2.695064545E-1,5.196651724E0
1.768895886E1,3.447027206E0,5.574049950E0,1.120773554E0,6.648921925E0
1.769897475E1,3.420165062E0,5.717742920E0,1.257645845E0,6.780249717E0
1.770896324E1,3.334489822E0,5.741649628E0,2.280972958E0,7.020555566E0
1.771895162E1,3.170392990E0,5.620680809E0,3.104530334E0,7.161113954E0
1.772894579E1,2.217769384E0,4.530298233E0,4.335804462E0,6.651413644E0
1.773895657E1,1.986776352E0,3.055922508E0,4.316068172E0,5.649282000E0
1.774896876E1,8.193098307E-1,4.805831909E-1,4.279093266E0,4.383248564E0
1.775896303E1,6.949949265E-2,-9.277696609E-1,5.471078873E0,5.549620776E0
1.776896121E1,-1.245476007E-1,-2.708338737E0,6.155292034E0,6.725937172E0
1.777896147E1,-1.607427001E0,-3.926019669E0,6.692654610E0,7.923955939E0
1.778896147E1,-1.590413809E0,-4.106290817E0,7.261362076E0,8.492256447E0
1.779896615E1,-1.605329633E0,-4.030737877E0,7.102831364E0,8.323109061E0
1.780895886E1,-1.793264151E0,-2.849903107E0,6.850336075E0,7.633141448E0
1.781896907E1,-1.764400721E0,-1.608901978E0,5.717133522E0,6.195747831E0
1.782896147E1,-1.733466864E0,1.561899185E-1,4.647881508E0,4.963074165E0
1.783896225E1,-1.655150533E0,1.199645996E-1,2.882714510E0,3.326252807E0
1.784896642E1,-1.575493097E0,1.737987518E0,2.752226114E0,3.616286451E0
1.785895860E1,-1.695552945E0,1.784355164E0,1.158985257E0,2.720674542E0
1.786895860E1,-1.615901113E0,1.767895699E0,4.230237007E-2,2.395491828E0
1.787895824E1,-1.535008192E0,1.667301178E0,-8.277852535E-1,2.412751913E0
1.788897470E1,-1.445858240E0,1.475093842E0,-1.064838886E0,2.323852350E0
1.789898886E1,-1.356931686E0,-1.456317902E-1,-1.156322479E0,1.788729688E0
1.790897548E1,-1.467450857E0,-2.440671921E-1,-1.085533381E0,1.841565511E0
1.791895865E1,-6.101608276E-3,-2.409811020E-1,-1.746222973E-1,2.976609948E-1
1.792893975E1,1.207480431E-1,-2.275705338E-1,-4.299783707E-2,2.611843252E-1
1.793896746E1,7.905892134E-1,-2.135763168E-1,1.785235763E0,1.964106126E0
1.794897136E1,9.001420736E-1,-1.992502213E-1,1.813272715E0,2.034186408E0
1.795897423E1,9.826871157E-1,-2.841491699E-1,1.641998529E0,1.934573309E0
1.796897032E1,9.413766861E-1,-2.431421280E-1,1.709664464E0,1.966789450E0
1.797896850E1,8.395059109E-1,-2.217292786E-1,1.737774491E0,1.942625602E0
1.798897553E1,1.645690203E-1,-2.053947449E-1,1.716226459E0,1.736290074E0
1.799896876E1,2.726185322E-2,-2.884292603E-1,5.656404495E-1,6.355185009E-1
1.800897162E1,-1.386796594E0,-2.708501816E-1,4.209185839E-1,1.474359884E0
1.801896980E1,-1.381411552E0,-2.527923584E-1,3.044906855E-1,1.436981709E0
1.802896902E1,-1.374514103E0,-2.343187332E-1,2.275797129E-1,1.412793974E0
1.803896902E1,-1.366168261E0,-2.154769897E-1,1.706694365E-1,1.393547310E0
1.804897006E1,-1.555854321E0,-2.960920334E-1,1.165722609E-1,1.588062420E0
1.805908522E1,-1.519784808E0,-2.797756195E-1,8.702766895E-2,1.547770679E0
1.806896110E1,-1.478971720E0,-2.591724396E-1,1.045075655E-1,1.505141034E0
1.807897220E1,-1.387972236E0,-2.453012466E-1,1.288862228E-1,1.415362599E0
1.808895761E1,-1.298816800E0,-2.308673859E-1,1.463879347E-1,1.327273241E0
1.809895631E1,-1.409346700E0,-3.159780502E-1,1.571352482E-1,1.452856405E0
1.810897058E1,-1.321870685E0,-3.006753922E-1,1.569401026E-1,1.364689706E0
1.811897136E1,-2.225244045E-2,-2.850160599E-1,1.568583250E-1,3.260887297E-1
1.812897423E1,5.768287182E-2,-2.690372467E-1,1.716310978E-1,3.242924414E-1
1.813896199E1,1.457824707E-1,-2.527856827E-1,1.894454956E-1,3.479119514E-1
1.814895938E1,2.287935019E-1,-3.159179688E-1,2.455391884E-1,4.609122720E-1
1.815896016E1,2.559343576E-1,-2.988061905E-1,1.286951423E0,1.345745704E0
1.816896251E1,2.072862387E-1,-2.766780853E-1,1.324369311E0,1.368748487E0
1.817896746E1,1.181169748E-1,-2.545127869E-1,1.361369967E0,1.389984376E0
1.818895964E1,-1.464605331E-2,-3.322963715E-1,1.198044419E0,1.243360694E0
1.819896251E1,-1.177908301E0,-3.102750778E-1,1.233774781E0,1.733764344E0
1.820895834E1,-1.146920562E0,-2.884988785E-1,1.268264174E0,1.734114297E0
1.821896017E1,-1.116019249E0,1.228955269E0,1.264140725E0,2.086595742E0
1.822896433E1,-1.084751844E0,1.245353699E0,1.259994030E0,2.077300497E0
1.823899480E1,-1.252573729E0,1.249155045E0,1.056149960E0,2.060286875E0
1.824896626E1,-1.219089389E0,1.281219482E0,1.053968549E0,2.058774393E0
1.825895818E1,-1.180395007E0,1.347272873E0,1.053442359E0,2.078032091E0
1.826895449E1,-1.099553227E0,1.991269112E0,1.054960608E0,2.507411386E0
1.827896563E1,-1.014733315E0,2.101261139E0,1.050913215E0,2.559179685E0
1.828895683E1,-1.129980087E0,3.019453049E0,8.492496014E-1,3.333943100E0
1.829895964E1,-1.047389984E0,3.128535271E0,-3.679346442E-1,3.319658811E0
1.830895990E1,-9.649381638E-1,3.870369911E0,-5.039651990E-1,4.020553423E0
1.831895990E1,7.453566790E-1,3.902196884E0,-1.205537319E0,4.151628274E0
1.832896798E1,1.596036673E0,3.729921341E0,-1.433835745E0,4.302967722E0
1.833896042E1,2.559036732E0,2.593834877E0,-2.230246544E0,4.272077716E0
1.834896563E1,2.683220148E0,1.784529686E0,-2.290691376E0,3.953667101E0
1.835895964E1,3.330022097E0,1.105858803E0,-2.250168324E0,4.168360390E0
1.836895808E1,3.342165947E0,1.018099785E0,-2.150942326E0,4.102822599E0
1.837896980E1,3.324411154E0,9.898881912E-1,-2.002941370E0,4.005416618E0
1.838895860E1,3.308574200E0,1.059741974E0,-1.250463247E0,3.692339992E0
1.839895782E1,3.260369301E0,1.222994804E0,-1.142784238E0,3.664925659E0
1.840895990E1,3.211532354E0,2.292137146E0,-1.039718151E0,4.080299817E0
1.841896365E1,3.128160954E0,2.412514687E0,-9.556295872E-1,4.064338319E0
1.842896865E1,3.020424366E0,3.108110428E0,-9.281442165E-1,4.432241585E0
1.843896777E1,2.872386932E0,3.147914886E0,-9.648776054E-1,4.369320727E0
1.844895892E1,2.674970627E0,3.115846634E0,-1.027583480E0,4.233189803E0
1.845896016E1,1.812237620E0,3.001131058E0,-1.074678659E0,3.666868833E0
1.846896485E1,1.556284547E0,1.935112953E0,-1.111651301E0,2.720744815E0
1.847896668E1,1.224129200E-1,1.266427994E0,-1.155225873E0,1.718537635E0
1.848896485E1,-8.935532570E-1,1.137754440E0,-1.195500374E0,1.876737524E0
1.849896042E1,-1.979927778E0,-2.870397568E-1,-1.169995427E0,2.317627047E0
1.850895964E1,-3.428133965E0,-2.483825684E-1,-1.066428185E0,3.598758877E0
1.851895912E1,-3.572610855E0,-3.149967194E-1,-9.555618763E-1,3.711585881E0
1.852896642E1,-3.690363884E0,-2.829008102E-1,-8.487921953E-1,3.797270948E0
1.853895834E1,-3.719386339E0,-2.594442368E-1,-7.538781166E-1,3.803876742E0
1.854896485E1,-3.643611431E0,-2.422580719E-1,-6.520419121E-1,3.709413955E0
1.855895886E1,-3.483992577E0,-2.288112640E-1,-5.388174057E-1,3.532829329E0
1.856895808E1,-2.016099691E0,-3.146486282E-1,-4.462734461E-1,2.088736870E0
1.857896694E1,-1.908846140E0,-3.002681732E-1,-3.624167442E-1,1.966011307E0
1.858898407E1,-1.804056525E0,-1.719703674E0,-2.838799953E-1,2.508503244E0
1.859896996E1,-1.701622367E0,-1.886685371E0,-2.292958498E-1,2.551014888E0
1.860896542E1,-1.601567268E0,-3.067550182E0,-2.062503099E-1,3.466615212E0
1.861895428E1,-1.703956962E0,-3.229037285E0,-1.970161200E-1,3.656359729E0
1.862896277E1,-1.608260751E0,-4.299352169E0,-1.989201307E-1,4.594616517E0
1.863896173E1,-1.514800310E0,-4.430065632E0,-2.106778622E-1,4.686628494E0
1.864895938E1,-1.424639702E0,-5.359770298E0,-2.051999569E-1,5.549670526E0
1.865896068E1,-1.343296885E0,-5.463113308E0,-1.969293356E-1,5.629283676E0
1.866896016E1,-1.596947908E-1,-6.181449890E0,-2.012846470E-1,6.186787590E0
1.867897214E1,-5.093348026E-2,-6.348336220E0,-2.767195702E-1,6.354568490E0
1.868896016E1,2.730643749E-2,-6.418107986E0,-3.593270779E-1,6.428216838E0
1.869895860E1,8.735215664E-2,-6.456683159E0,-1.236064911E0,6.574514756E0
1.870896042E1,1.464214325E-1,-6.451541901E0,-1.323415995E0,6.587508029E0
1.871896277E1,1.383215189E-1,-6.364388466E0,-2.421121120E0,6.810756262E0
1.872896511E1,8.768987656E-2,-5.654080868E0,-3.311167717E0,6.552873539E0
1.873895886E1,-1.697349548E-2,-4.642871857E0,-4.332855225E0,6.350604820E0
1.874895938E1,-1.891598701E-1,-3.340489388E0,-5.377727985E0,6.333609483E0
1.875896042E1,-1.573888183E0,-1.893551826E0,-6.272481918E0,6.738448779E0
1.876908152E1,-1.571198821E0,-1.184082031E-2,-7.483958244E0,7.647119519E0
1.877897751E1,-1.568114638E0,1.066094398E0,-7.343861103E0,7.584710719E0
1.878896871E1,-1.560639024E0,2.366765976E0,-7.157592773E0,7.698591407E0
1.879895735E1,-1.544592977E0,3.455557823E0,-6.942600727E0,7.907360634E0
1.880895579E1,-1.716704965E0,4.188568115E0,-6.800222397E0,8.169100528E0
1.881897084E1,-1.671904564E0,4.292841911E0,-6.537401199E0,7.997585322E0
1.882896694E1,-1.558315754E0,4.300023079E0,-6.270797253E0,7.761536230E0
1.883896173E1,-1.431957006E0,4.226057053E0,-6.004071236E0,7.480570198E0
1.884895860E1,-1.309992671E0,3.254008293E0,-3.956459284E0,5.287553388E0
1.885896095E1,-1.354391932E0,2.537082672E0,-3.020786762E0,4.170889432E0
1.886895990E1,-2.053321600E-1,2.588783264E0,-2.735069275E0,3.771546635E0
1.887896563E1,1.074824691E0,2.751088142E0,-1.558355808E0,3.339492014E0
1.888896042E1,1.858148098E0,4.070529938E0,-6.299080849E-1,4.518706953E0
1.889896043E1,2.067614555E0,5.307881355E0,2.150468826E-1,5.700428018E0
1.890896121E1,3.028629780E0,6.494238853E0,4.149560928E-1,7.177738167E0
1.891896147E1,3.101385117E0,6.634933472E0,1.544639111E0,7.485108002E0
1.892894100E1,3.100672245E0,6.669339180E0,2.330855846E0,7.715383493E0
1.893895912E1,3.008916616E0,6.553938866E0,3.221179485E0,7.898334707E0
1.894905996E1,2.843806744E0,5.368160248E0,4.595280647E0,7.617150745E0
1.895895464E1,1.989191771E0,3.757946968E0,4.546881676E0,6.225205401E0
1.896898147E1,1.797985554E0,1.585656166E0,4.499248981E0,5.098068156E0
1.897896595E1,8.856133223E-1,-8.772315979E-1,5.408256531E0,5.550052697E0
1.898896147E1,7.307639122E-1,-3.247208595E0,5.428671837E0,6.367798479E0
1.899895782E1,5.854718685E-1,-4.925860405E0,6.324342728E0,8.037673107E0
1.900895860E1,4.430265427E-1,-5.835357666E0,6.262624741E0,8.571355800E0
1.901896017E1,-2.391954660E-1,-5.939180374E0,6.793377399E0,9.026685686E0
1.902896459E1,-3.467959166E-1,-5.901823997E0,6.669617653E0,8.912664783E0
1.903896017E1,-5.426703691E-1,-3.326879501E0,6.526895046E0,7.345949720E0
1.904896173E1,-6.510996819E-1,-1.432421684E0,6.227049828E0,6.422765155E0
1.905896173E1,-7.241340876E-1,1.624975204E-1,4.765059471E0,4.822506338E0
1.906895834E1,-7.851752043E-1,2.101641655E0,2.953255653E0,3.708789115E0
1.907896303E1,-8.298006058E-1,3.193721771E0,2.840026855E0,4.353639895E0
1.908896042E1,-1.934388399E0,3.281108856E0,1.270733476E0,4.015258070E0
1.909895886E1,-1.904345036E0,3.285031319E0,1.443862915E-1,3.799843178E0
1.910896095E1,-8.220837116E-1,3.141697884E0,-7.612287998E-1,3.335499439E0
1.911895860E1,-7.459406853E-1,2.111969948E0,-1.004736900E0,2.454860649E0
1.912903313E1,-6.846909523E-1,1.050792694E0,-1.123615503E0,1.683887997E0
1.913896579E1,-6.462887526E-1,-2.100734711E-1,-1.049351215E0,1.250183182E0
1.914907631E1,-5.857636929E-1,-2.089738846E-1,6.635534763E-2,6.254536118E-1
1.915896542E1,-4.950975180E-1,-1.989221573E-1,7.100278139E-1,8.881616258E-1
1.916894730E1,-3.892943859E-1,-1.882181168E-1,1.787064910E0,1.838634594E0
1.917896095E1,-2.954598665E-1,-1.767654419E-1,1.793144464E0,1.825899675E0
1.918897319E1,-2.425504923E-1,-2.642478943E-1,1.601220965E0,1.640904102E0
1.919897188E1,-2.245610952E-1,-2.496023178E-1,1.615211368E0,1.649738393E0
1.920897058E1,-2.501724958E-1,-2.322502136E-1,1.636581898E0,1.671803442E0
1.921896954E1,-4.405995607E-1,-2.001743317E-1,5.159199238E-1,7.073691425E-1
1.922897371E1,-1.719018459E0,-2.873439789E-1,3.629556894E-1,1.780260615E0
1.923896798E1,-1.673718333E0,-2.739963531E-1,2.154607773E-1,1.709628734E0
1.924897006E1,-1.628529310E0,-2.601728439E-1,8.753669262E-2,1.651502436E0
1.925897214E1,-1.583337665E0,-2.459440231E-1,-1.338291168E-2,1.602381267E0
1.926897423E1,-1.538139820E0,-2.313423157E-1,-8.075559139E-2,1.557534860E0
1.927901433E1,-1.692407846E0,-3.162031174E-1,-1.239401102E-1,1.726148858E0
1.928897267E1,-1.641419053E0,-2.966289520E-1,-9.704685211E-2,1.670827141E0
1.929897240E1,-1.547010422E0,-2.832412720E-1,-3.927183151E-2,1.573216177E0
1.930897636E1,-1.452785969E0,-2.691144943E-1,3.023803234E-2,1.477810550E0
1.931897621E1,-1.360532880E0,-2.544240952E-1,8.264672756E-2,1.386582785E0
1.932898668E1,-1.468140364E0,-3.392953873E-1,1.143707037E-1,1.511171117E0
1.933896152E1,-1.377735972E0,-3.237800598E-1,1.474441290E-1,1.422929973E0
1.934896902E1,-1.289036751E0,-3.078832626E-1,1.771584749E-1,1.337083757E0
1.935898126E1,-1.202192783E0,-2.916574478E-1,2.133792639E-1,1.255333528E0
1.936896355E1,-3.969788551E-2,-2.751274109E-1,2.503354549E-1,3.740840204E-1
1.937898308E1,1.628565788E-2,-3.582391739E-1,2.904167175E-1,4.614568216E-1
1.938896095E1,1.605629921E-2,-3.212871552E-1,1.372542739E0,1.409736433E0
1.939896277E1,-6.519317627E-3,-3.042249680E-1,1.411052227E0,1.443490118E0
1.940896876E1,-9.688521028E-1,-2.871093750E-1,1.448113799E0,1.765825520E0
1.941896069E1,-1.093969941E0,-3.695383072E-1,1.284314036E0,1.727075950E0
1.942896016E1,-1.020185590E0,1.026738167E0,1.319370270E0,1.958496313E0
1.943895990E1,-9.478069544E-1,1.103264809E0,1.352624536E0,1.986233721E0
1.944895860E1,-8.772873282E-1,1.174293518E0,1.347303987E0,1.990936050E0
1.945896433E1,-8.080853820E-1,1.240157127E0,1.341774464E0,1.997836429E0
1.946895704E1,-9.394493699E-1,1.321095467E0,1.136661887E0,1.979863277E0
1.947901407E1,-8.719838858E-1,2.028257370E0,1.132996798E0,2.481504705E0
1.948895740E1,-8.022516966E-1,2.084574699E0,1.125502348E0,2.501162729E0
1.949895527E1,-7.320421934E-1,2.181561470E0,1.119979858E0,2.559189540E0
1.950895074E1,-6.631228924E-1,2.942478180E0,1.116163731E0,3.216167173E0
1.951895787E1,-7.933778167E-1,3.021019936E0,9.145157933E-1,3.254588906E0
1.952895860E1,-7.249498963E-1,3.122608185E0,-1.101177931E-1,3.207547374E0
1.953895990E1,5.980535150E-1,3.868750572E0,-8.197868466E-1,3.999618666E0
1.954896173E1,7.587340474E-1,3.840167046E0,-9.049739838E-1,4.017653321E0
1.955896537E1,1.718995690E0,3.691288948E0,-1.028145075E0,4.199719345E0
1.956896068E1,2.679947853E0,1.670093536E0,-1.778286099E0,3.624035646E0
1.957898100E1,2.807351112E0,9.810342789E-1,-1.890845895E0,3.524052599E0
1.958895912E1,3.502915382E0,8.809022903E-1,-1.933646202E0,4.096998005E0
1.959896042E1,3.537240744E0,8.300962448E-1,-1.915241718E0,4.107223234E0
1.960896772E1,3.543346882E0,8.570890427E-1,-1.855686665E0,4.090657863E0
1.961896199E1,3.533915281E0,9.798784256E-1,-1.773301125E0,4.073489392E0
1.962895886E1,3.488903999E0,2.004222870E0,-1.629866481E0,4.341177856E0
1.963895756E1,3.421665192E0,2.699626923E0,-1.486161947E0,4.604829588E0
1.964895886E1,3.289378166E0,2.840298653E0,-1.385600209E0,4.561490228E0
1.965898277E1,3.127478600E0,3.539972305E0,-1.342424273E0,4.910664847E0
1.966896803E1,2.915360451E0,3.534131050E0,-1.305515409E0,4.763798833E0
1.967899537E1,2.072341442E0,3.447596550E0,-1.249806881E0,4.212189248E0
1.968895011E1,1.820209861E0,2.547611237E0,-1.187648654E0,3.348730547E0
1.969895813E1,5.486992598E-1,2.398435593E0,-1.157997847E0,2.719287256E0
1.970896876E1,-3.931764364E-1,1.306614876E0,-1.148655295E0,1.783602851E0
1.971896147E1,-1.876259446E0,1.206170082E0,-1.127799630E0,2.499425490E0
1.972896329E1,-1.909860969E0,-3.580064774E-1,-1.067871332E0,2.217225009E0
1.973896199E1,-3.096789360E0,-3.185720444E-1,-9.545899630E-1,3.256199393E0
1.974896329E1,-3.887483597E0,-3.653402328E-1,-7.683923244E-1,3.979501095E0
1.975896928E1,-3.877557993E0,-3.403787613E-1,-6.725862026E-1,3.950150110E0
1.976895990E1,-3.796525717E0,-3.190870285E-1,-5.517822504E-1,3.849660726E0
1.977898595E1,-3.618761301E0,-3.060388565E-1,1.147655249E-1,3.633492020E0
1.978895938E1,-1.745909452E0,-2.899646759E-1,1.971255541E-1,1.780768883E0
1.979895834E1,-1.845913768E0,-1.367186546E0,2.980331182E-1,2.316337719E0
1.980896433E1,-1.746719837E0,-2.054658890E0,3.962043524E-1,2.725734989E0
1.981896230E1,-1.649804473E0,-2.729960442E0,4.767243862E-1,3.225182933E0
1.982895730E1,-1.555762291E0,-3.418038368E0,5.157610178E-1,3.790698091E0
1.983895756E1,-1.464000702E0,-3.572357655E0,5.043575764E-1,3.893509193E0
1.984897740E1,-4.703211784E-1,-4.599773407E0,4.626507759E-1,4.646844429E0
1.985897923E1,-3.533867598E-1,-4.715404034E0,3.933223486E-1,4.744957310E0
1.986897011E1,-2.287378311E-1,-5.482614994E0,3.073326349E-1,5.495984126E0
1.987898235E1,4.348506927E-1,-5.554290295E0,2.158217430E-1,5.575465436E0
1.988895918E1,4.962325096E-1,-5.643651485E0,-4.029325247E-1,5.679736210E0
1.989896017E1,5.446196795E-1,-6.370569706E0,-4.405835867E-1,6.408968940E0
1.990896537E1,5.327852964E-1,-6.410407543E0,-5.016437769E-1,6.452040880E0
1.991895834E1,5.099329948E-1,-6.450026035E0,-5.870410204E-1,6.496728767E0
1.992892454E1,4.510715008E-1,-6.508873940E0,-1.413977504E0,6.675944715E0
1.993895886E1,3.881673813E-1,-6.469191551E0,-2.189622402E0,6.840727995E0
1.994895912E1,2.803608179E-1,-6.357079506E0,-2.299848080E0,6.766118771E0
1.995896668E1,1.261473894E-1,-5.405292511E0,-3.551930189E0,6.469104139E0
1.996895990E1,-1.635404825E0,-4.184201241E0,-4.520003319E0,6.372795224E0
1.997898360E1,-1.653171897E0,-2.558809757E0,-5.550490379E0,6.331542320E0
1.998896043E1,-1.869643211E0,-5.103397369E-2,-6.463048935E0,6.728236897E0
1.999896225E1,-1.885994196E0,3.466606140E-3,-7.492722988E0,7.726440571E0
2.000896407E1,-3.391306877E0,2.557612419E0,-7.318261147E0,8.461636357E0
2.001895923E1,-3.574774504E0,3.867743492E0,-7.146219254E0,8.877325165E0
2.002898027E1,-4.385631561E0,4.785367012E0,-6.930888176E0,9.495826059E0
2.003897897E1,-4.344165325E0,4.911920547E0,-6.791227818E0,9.440313083E0
2.004897246E1,-4.215723515E0,4.927857399E0,-6.546093941E0,9.214523817E0
2.005896537E1,-4.002543449E0,4.242900848E0,-6.273373604E0,8.566083005E0
2.006896225E1,-2.888636589E0,3.238728523E0,-4.920271397E0,6.560690086E0
2.007898256E1,-2.583812237E0,2.322693825E0,-3.690150261E0,5.068352911E0
2.008895938E1,-1.417932391E0,1.651236534E0,-3.414280415E0,4.049002977E0
2.009896095E1,-1.262327313E0,1.613657951E0,-2.461454391E0,3.202517752E0
2.010896772E1,1.518637896E0,1.808908463E0,-6.506862640E-1,2.449857853E0
2.011896042E1,2.465060472E0,3.316577911E0,3.451604843E-1,4.146727377E0
2.012895990E1,3.287312031E0,4.629381180E0,1.103761673E0,5.784105836E0
2.013895626E1,3.417024851E0,5.543602943E0,1.833821058E0,6.765389279E0
2.014896095E1,3.514308453E0,5.606411934E0,2.681197882E0,7.139400588E0
2.015896485E1,3.512437105E0,5.551161766E0,4.598136425E0,8.018445607E0
2.016896121E1,3.427281380E0,4.779606819E0,4.591235161E0,7.461255880E0
2.017898282E1,3.241109848E0,3.604142189E0,4.358145714E0,6.518287201E0
2.018895886E1,2.434846401E0,1.901909828E0,4.302658081E0,5.297037337E0
2.019908147E1,2.173960209E0,4.114933014E-1,5.272434711E0,5.717866518E0
2.020897923E1,1.040099621E0,-2.281960964E0,6.118904114E0,6.612876879E0
2.021898293E1,8.143190145E-1,-3.833693504E0,6.091775894E0,7.243621669E0
2.022896938E1,6.190323830E-2,-4.703349590E0,6.838701725E0,8.300191002E0
2.023895605E1,-8.824944496E-2,-4.781825066E0,6.718112946E0,8.246616304E0
2.024896589E1,-2.649044991E-1,-4.731665134E0,6.586875439E0,8.114539875E0
2.025896511E1,-1.897117019E0,-3.698674679E0,6.395950317E0,7.628068420E0
2.026895938E1,-1.928741336E0,-2.325453758E0,6.085799694E0,6.794463646E0
2.027898907E1,-2.116800547E0,7.652378082E-2,4.841976643E0,5.285020175E0
2.028896017E1,-2.040218115E0,2.113269806E0,2.616629124E0,3.933846362E0
2.029896042E1,-2.000988245E0,2.934443474E0,2.483622551E0,4.333969708E0
2.030896642E1,-1.958118558E0,2.957852364E0,4.804108143E-1,3.579652699E0
2.031896016E1,-2.058677435E0,2.867560387E0,-5.609030724E-1,3.574306591E0
2.032895964E1,-1.960396767E0,2.653851509E0,-8.610916138E-1,3.409921126E0
2.033895964E1,-1.861631989E0,1.158268929E0,-1.078905582E0,2.443623914E0
2.034896147E1,-1.755909443E0,-1.835098267E-1,-1.183877826E0,2.125667080E0
2.035896772E1,-1.651460886E0,-1.850233078E-1,-1.174314618E0,2.034839430E0
2.036897188E1,-1.749027371E0,-2.842464447E-1,-1.105321527E0,2.088451212E0
2.037902850E1,-1.645694852E0,-1.783441544E0,-1.895321608E-1,2.434111280E0
2.038896673E1,-1.544957161E0,-1.807750702E0,-6.906652451E-2,2.378996724E0
2.039894902E1,-1.134988070E-1,-1.794451714E0,1.662589431E0,2.448906398E0
2.040895709E1,-5.328750610E-2,-1.728540421E0,1.705966711E0,2.429200272E0
2.041897188E1,-3.605592251E-2,-1.614943504E0,1.556990504E0,2.243560113E0
2.042897162E1,-4.800307751E-2,-2.773780823E-1,1.607376814E0,1.631840408E0
2.043897058E1,-8.906972408E-2,-2.595767975E-1,1.657266021E0,1.679834573E0
2.044896850E1,-1.779035330E-1,-2.468328476E-1,1.640973330E0,1.668942656E0
2.045896772E1,-1.241592646E0,-2.334403992E-1,4.962391853E-1,1.357313540E0
2.046896746E1,-1.362296581E0,-2.994241714E-1,-2.714686394E-1,1.420986288E0
2.047900209E1,-1.322779536E0,-2.849340439E-1,-3.548603058E-1,1.398877746E0
2.048896798E1,-1.282993317E0,-2.700185776E-1,-4.115030766E-1,1.374160349E0
2.049897371E1,-1.243014097E0,-2.548112869E-1,-4.551410675E-1,1.348023082E0
2.050896928E1,-1.402308345E0,-3.391056061E-1,-4.727183580E-1,1.518197600E0
2.051896850E1,-1.319342375E0,-3.234901428E-1,-4.379488230E-1,1.427273396E0
2.052896876E1,-1.236843586E0,-3.041734695E-1,-3.712158203E-1,1.326689391E0
2.053896954E1,-1.153950214E0,-2.847471237E-1,-3.047543764E-1,1.227011512E0
2.054897214E1,-1.072555780E0,-2.651443481E-1,-2.445746660E-1,1.131589234E0
2.055897584E1,-1.191934824E0,-3.451423645E-1,-1.947522163E-1,1.256089289E0
2.056897168E1,-1.111167192E0,-3.251333237E-1,-1.392371655E-1,1.166100852E0
2.057898553E1,-1.031526566E0,-3.049516678E-1,-6.883251667E-2,1.077859216E0
2.058896949E1,-9.532562494E-1,-2.846517563E-1,4.292488098E-3,9.948580426E-1
2.059895834E1,-8.772932887E-1,-2.643041611E-1,8.359622955E-2,9.200481148E-1
2.060896173E1,-1.002033234E0,-3.438320160E-1,1.726803780E-1,1.073363671E0
2.061896251E1,-9.262498021E-1,-3.235511780E-1,1.514401793E0,1.804449183E0
2.062896251E1,-8.515386581E-1,-3.036603928E-1,1.563003540E0,1.805632240E0
2.063896095E1,-7.379513979E-1,1.054482460E0,1.649023533E0,2.091837502E0
2.064897058E1,-8.667069674E-1,1.108608246E0,1.492407322E0,2.051212525E0
2.065896121E1,-7.959439754E-1,1.145258904E0,1.532982707E0,2.072481785E0
2.066896407E1,-7.264317274E-1,1.183645248E0,1.521904588E0,2.060318593E0
2.067898412E1,-6.582614183E-1,1.225808144E0,1.510754704E0,2.053848455E0
2.068895964E1,-5.911077261E-1,1.295959473E0,8.617901802E-2,1.427005999E0
2.069896329E1,-7.234101295E-1,1.979309082E0,-8.670997620E-2,2.109147998E0
2.070895938E1,-6.546843648E-1,2.058337212E0,-9.212919474E-1,2.348221145E0
2.071895730E1,-5.864182711E-1,2.780021667E0,-1.027255535E0,3.021201879E0
2.072897865E1,-5.191334486E-1,2.882136345E0,-1.118514895E0,3.134850079E0
2.073895834E1,-4.525169134E-1,3.683357239E0,-1.191751003E0,3.897712478E0
2.074897584E1,-5.880760550E-1,3.716985703E0,-1.257682562E0,3.967818240E0
2.075894694E1,-5.206701756E-1,3.701023102E0,-1.271356821E0,3.947786418E0
2.076895631E1,1.183920026E0,3.608151436E0,-1.283040166E0,4.008318286E0
2.077898282E1,1.931913495E0,2.844132423E0,-1.259644508E0,3.661704969E0
2.078896485E1,2.626357317E0,2.725249290E0,-1.233997941E0,3.980890274E0
2.079897084E1,2.792506695E0,2.026929855E0,-1.201891184E0,3.653913066E0
2.080896173E1,3.784452677E0,1.997177124E0,-1.164752245E0,4.434799468E0
2.081896136E1,3.861839533E0,2.098279953E0,-1.135482430E0,4.539372610E0
2.082896329E1,3.812682152E0,2.861157417E0,-1.084583521E0,4.888669387E0
2.083896225E1,3.713847160E0,2.990488052E0,-1.012962222E0,4.874604803E0
2.084896720E1,3.579785347E0,3.744318008E0,-9.676661491E-1,5.269834746E0
2.085895990E1,3.363997936E0,3.770696640E0,-1.000005364E0,5.151179088E0
2.086896277E1,2.596066475E0,3.741480827E0,-1.050212741E0,4.673455544E0
2.087898022E1,2.371497393E0,3.643914223E0,-1.077124715E0,4.479096828E0
2.088896511E1,1.420131922E0,2.781391144E0,-1.088927746E0,3.307366778E0
2.089896433E1,1.156530380E0,2.647071838E0,-1.107316613E0,3.093655107E0
2.090895647E1,-6.728839874E-2,1.606056213E0,-1.111557245E0,1.954355085E0
2.091897829E1,-3.224469423E-1,1.482233047E0,-1.108522773E0,1.878778746E0
2.092910188E1,-1.517616272E0,6.963491440E-1,-1.075068712E0,1.985908864E0
2.093895699E1,-1.733561993E0,6.443376541E-1,-9.774850607E-1,2.091861668E0
2.094896282E1,-1.743026853E0,-3.781719208E-1,-8.657701015E-1,1.982602956E0
2.095896147E1,-1.722532511E0,-3.498134613E-1,-7.558995485E-1,1.913340491E0
2.096896121E1,-1.697338939E0,-3.223752975E-1,-1.054714918E-1,1.730898478E0
2.097898360E1,-1.638822317E0,-2.996816635E-1,-3.839778900E-2,1.666439941E0
2.098895938E1,-1.742158413E0,-3.820638657E-1,3.317153454E-2,1.783869133E0
2.099896902E1,-1.608574748E0,-2.200501442E0,1.773408651E-1,2.731514067E0
2.100896589E1,-1.520935059E0,-2.353137016E0,2.918844223E-1,2.817036348E0
2.101895990E1,-3.687801361E-1,-3.410202503E0,3.822741508E-1,3.451320534E0
2.102896329E1,-3.054716587E-1,-3.543787479E0,4.451117516E-1,3.584671129E0
2.103896095E1,-2.414492369E-1,-4.499338150E0,4.742350578E-1,4.530699771E0
2.104896537E1,-1.928387880E-1,-4.610729218E0,4.721175432E-1,4.638847453E0
2.105895834E1,-1.374576092E-1,-5.348477840E0,4.477386475E-1,5.368945865E0
2.106896068E1,-9.457337856E-2,-5.411055565E0,4.138274193E-1,5.427680866E0
2.107898100E1,-8.004355431E-2,-5.479158401E0,3.709504604E-1,5.492284407E0
2.108902490E1,-7.352054119E-2,-5.549381733E0,3.109483719E-1,5.558572818E0
2.109896829E1,-6.671345234E-2,-5.617908955E0,2.303982973E-1,5.623027217E0
2.110897912E1,-4.792845249E-2,-6.221103191E0,-4.212931395E-1,6.235536061E0
2.111896673E1,-2.628481388E-2,-6.211665630E0,-4.974335432E-1,6.231606609E0
2.112896147E1,9.914278984E-3,-6.184296608E0,-1.206803918E0,6.300952192E0
2.113895834E1,3.642797470E-2,-6.112932682E0,-1.343947172E0,6.259030833E0
2.114896876E1,5.468463898E-2,-5.963829041E0,-2.705663681E0,6.549111634E0
2.115896433E1,3.399169445E-2,-4.714078903E0,-3.794507265E0,6.051609763E0
2.116896069E1,-1.841771603E-2,-3.667160034E0,-4.915672302E0,6.132881550E0
2.117898673E1,-2.096068859E-1,-7.837772369E-2,-7.602112293E0,7.605405277E0
2.118896095E1,-1.691302180E0,-3.109931946E-2,-7.472376823E0,7.661454537E0
2.119896954E1,-1.682980299E0,1.519969940E0,-7.336363316E0,7.678864369E0
2.120896042E1,-1.667293787E0,2.513218880E0,-8.432090759E0,8.955238259E0
2.121896199E1,-1.840625644E0,2.710456848E0,-8.202997208E0,8.833099245E0
2.122896121E1,-1.801187515E0,2.855930328E0,-7.859131813E0,8.553745809E0
2.123895756E1,-1.743299484E0,2.912618637E0,-6.497632027E0,7.330870506E0
2.124896511E1,-1.677929759E0,2.860569954E0,-6.188732147E0,7.021304318E0
2.125896954E1,-1.545649529E0,1.778716087E0,-5.919334412E0,6.371136732E0
2.126895996E1,-1.618858457E0,3.997049332E-1,-4.598453999E0,4.891446199E0
2.127896647E1,-1.497073293E0,4.934530258E-1,-3.386705875E0,3.735572382E0
2.128897168E1,-1.381640792E0,5.854072571E-1,-3.047467709E0,3.396865080E0
2.129896334E1,-1.271735787E0,6.751718521E-1,-1.704774380E0,2.231462442E0
2.130895912E1,4.560484886E-1,7.624835968E-1,-7.028179169E-1,1.132834712E0
2.131896173E1,1.543664098E0,3.212352753E0,1.792469025E-1,3.568506481E0
2.132896121E1,2.577525139E0,5.264770508E0,3.383874893E-1,5.871622470E0
2.133896277E1,2.766419888E0,7.061269760E0,4.252448082E-1,7.595751626E0
2.134896746E1,3.427586555E0,8.189994812E0,1.812535763E0,9.061437552E0
2.135896199E1,3.397174835E0,8.051144600E0,2.709897757E0,9.149058535E0
2.136896095E1,3.269741774E0,6.704698563E0,3.528112650E0,8.251773928E0
2.137898126E1,2.440818310E0,4.924196243E0,4.826022148E0,7.314081790E0
2.138896824E1,1.578734279E0,2.470621109E0,4.776665211E0,5.604721324E0
2.139896694E1,7.380851507E-1,-4.605712891E-1,5.959802628E0,6.022967953E0
2.140895912E1,5.427856445E-1,-3.061980247E0,7.266300201E0,7.903762263E0
2.141895808E1,4.000631571E-1,-4.815755844E0,8.165537834E0,9.488285567E0
2.142895912E1,2.742800713E-1,-5.696464539E0,8.136212349E0,9.935939270E0
2.143895709E1,1.136449575E-1,-5.762051105E0,8.025776863E0,9.880649896E0
2.144899636E1,-6.252282858E-1,-5.666388512E0,7.874217033E0,9.721222303E0
2.145896074E1,-7.363408804E-1,-4.171586514E0,7.616003990E0,8.714806292E0
2.146896485E1,-8.426407576E-1,-2.657441139E0,6.556913376E0,7.124966658E0
2.147898418E1,-1.885623097E0,-9.270467758E-1,5.182699203E0,5.592437861E0
2.148896147E1,-1.868517876E0,1.752796173E-1,3.033164740E0,3.566815153E0
2.149896850E1,-1.848447680E0,2.187290192E0,2.885410309E0,4.065290870E0
2.150896589E1,-2.023615360E0,3.043900490E0,1.414754987E0,3.919423553E0
2.151895808E1,-1.973525763E0,3.059453011E0,2.727994919E-1,3.650955522E0
2.152896042E1,-1.878180742E0,2.811596870E0,-9.606192112E-1,3.515029037E0
2.153895912E1,-1.780332923E0,1.314990997E0,-1.182015896E0,2.509172815E0
2.154896485E1,-1.873029351E0,-1.726255417E-1,-1.230282307E0,2.247583832E0
2.155895964E1,-1.766665220E0,-1.789722443E-1,-1.194462657E0,2.140064976E0
2.156896016E1,-5.537042618E-1,-1.745624542E-1,-5.818002224E-1,8.219196790E-1
2.157898048E1,-4.251811504E-1,-1.385335922E0,-4.711123705E-1,1.523772127E0
2.158895834E1,-2.729601860E-1,-1.366505623E0,3.043295145E-1,1.426345447E0
2.159896954E1,-1.498517990E-1,-1.325313568E0,4.415552616E-1,1.404949346E0
2.160896902E1,-7.825839520E-2,-1.269268036E0,1.967393875E0,2.342606323E0
2.161902371E1,-5.636954308E-2,-1.202545166E0,2.028260231E0,2.358629256E0
2.162895709E1,-1.010266542E-1,-1.574335098E-1,2.086856842E0,2.095223896E0
2.163898350E1,-1.616449356E-1,-1.325893402E-1,2.144405842E0,2.154573144E0
2.164895709E1,-2.302197218E-1,-2.133245468E-1,1.973538995E0,1.998340473E0
2.165897292E1,-3.094340563E-1,-1.199185371E0,1.998930693E0,2.351492910E0
2.166896537E1,-1.384030581E0,-1.301440239E0,1.976174474E0,2.741268483E0
2.167900392E1,-1.346174955E0,-1.371397018E0,3.438557386E-1,1.952217601E0
2.168897266E1,-1.308484077E0,-1.417972565E0,2.547878027E-1,1.946199784E0
2.169896980E1,-1.470317245E0,-1.414734840E0,1.718020439E-1,2.047638496E0
2.170897032E1,-1.391207457E0,-1.297971725E0,1.098580360E-1,1.905848256E0
2.171896980E1,-1.348655939E0,-1.915473938E-1,9.851431847E-2,1.365748263E0
2.172897032E1,-1.266990304E0,-1.843843460E-1,1.042565107E-1,1.284574419E0
2.173897110E1,-1.383861899E0,-2.669754028E-1,1.922578812E-1,1.422431972E0
2.174896824E1,-1.300388575E0,-2.495689392E-1,2.847472429E-1,1.354391410E0
2.175896954E1,-1.218319774E0,9.274187088E-1,3.760833740E-1,1.576656981E0
2.176896980E1,-1.136027694E0,9.560861588E-1,4.565951824E-1,1.553428088E0
2.177901147E1,-1.051434755E0,9.302682877E-1,5.311781168E-1,1.501021094E0
2.178901537E1,-1.169546604E0,8.682470322E-1,5.914499760E-1,1.572102173E0
2.179896079E1,-1.087609649E0,7.835712433E-1,6.457654238E-1,1.487915194E0
2.180897089E1,-1.007292151E0,-2.624216080E-1,6.945055723E-1,1.251335514E0
2.181894860E1,-9.287312031E-1,-2.464551926E-1,1.729539514E0,1.978531966E0
2.182895704E1,-8.534924984E-1,-2.305440903E-1,1.755955577E0,1.965955241E0
2.183896199E1,-9.793639183E-1,-3.146038055E-1,1.580156326E0,1.885476930E0
2.184895834E1,-9.047894478E-1,-2.988882065E-1,1.602725267E0,1.864592821E0
2.185896017E1,-8.315674663E-1,-2.832412720E-1,1.623615503E0,1.846038291E0
2.186896121E1,-7.605936527E-1,-2.734823227E-1,1.605418801E0,1.797405022E0
2.187898386E1,-1.799785137E0,1.619607925E0,1.422721863E0,2.808290204E0
2.188896798E1,-1.819930792E0,2.326982498E0,1.402742505E0,3.270272492E0
2.189896251E1,-1.798864484E0,2.419158936E0,1.385194063E0,3.317680813E0
2.190896303E1,-1.727064848E0,3.215769768E0,1.368478417E0,3.898289544E0
2.191896147E1,-5.603989363E-1,3.309517860E0,1.353997827E0,3.619428898E0
2.192892496E1,-6.926115751E-1,3.980445862E0,1.137161970E0,4.197236877E0
2.193896668E1,-6.244582534E-1,4.017520905E0,-2.255941629E-1,4.072016092E0
2.194895964E1,-5.564718843E-1,4.028401375E0,-4.005763531E-1,4.086335768E0
2.195895782E1,1.013246059E0,3.987442970E0,-1.249217629E0,4.299641113E0
2.196895662E1,1.183936357E0,3.871665955E0,-1.382164598E0,4.278069838E0
2.197899772E1,2.127460718E0,2.910554886E0,-1.543850899E0,3.921848346E0
2.198898027E1,2.231950045E0,2.102724075E0,-2.366732359E0,3.873560584E0
2.199896282E1,2.357968807E0,1.342876434E0,-2.450360298E0,3.656172808E0
2.200895735E1,3.150911570E0,1.221763611E0,-2.426844835E0,4.160592013E0
2.201896459E1,3.161589861E0,1.138212204E0,-2.332205534E0,4.090276289E0
2.202895964E1,3.166683197E0,1.132116318E0,-2.149779320E0,3.991380833E0
2.203896850E1,3.129557133E0,1.212697029E0,-1.183416724E0,3.558825238E0
2.204895938E1,3.094037771E0,1.353370667E0,-1.053986907E0,3.537735192E0
2.205896173E1,3.058084965E0,2.380913734E0,-8.604902029E-1,3.970022324E0
2.206896225E1,2.950382233E0,2.480803490E0,-7.953640223E-1,3.935955437E0
2.207898543E1,2.811381340E0,2.545105934E0,-7.992467880E-1,3.875593462E0
2.208896615E1,2.640714407E0,2.533905029E0,-8.223013878E-1,3.751030105E0
2.209896068E1,2.413857937E0,2.446880341E0,-8.331925869E-1,3.536685373E0
2.210895782E1,1.256593585E0,1.718970299E0,-8.574346304E-1,2.295447771E0
2.211895860E1,4.337550402E-1,1.615422249E0,-8.963721991E-1,1.897686907E0
2.212895938E1,-4.649960995E-1,9.799833298E-1,-9.041019678E-1,1.412086778E0
2.213896980E1,-1.591672659E0,9.583721161E-1,-8.601713181E-1,2.047387033E0
2.214899089E1,-1.619472861E0,9.506006241E-1,-7.516374588E-1,2.022694432E0
2.215896912E1,-1.643664360E0,9.303836823E-1,-5.129468441E-2,1.889411937E0
2.216901454E1,-3.195178986E0,8.885250092E-1,2.938199043E-2,3.316550730E0
2.217898209E1,-3.260699749E0,8.084859848E-1,1.040037870E-1,3.361045853E0
2.218896485E1,-3.255609751E0,-3.535127640E-1,1.812336445E-1,3.279757881E0
2.219896147E1,-3.177205563E0,-3.339672089E-1,2.776378393E-1,3.206751012E0
2.220895964E1,-3.007618904E0,-3.199815750E-1,3.692699671E-1,3.047051032E0
2.221896381E1,-1.707758069E0,-4.087400436E-1,4.172068834E-1,1.804873300E0
2.222895860E1,-1.608951330E0,-2.042296410E0,4.321964979E-1,2.635620007E0
2.223896642E1,-1.472985864E0,-3.169705391E0,4.399784803E-1,3.522825667E0
2.224896016E1,-1.384276152E0,-3.282889366E0,4.016919136E-1,3.585378564E0
2.225896121E1,-1.497295976E0,-4.007112503E0,3.446710110E-1,4.291578259E0
2.226895808E1,-1.410324931E0,-4.086574554E0,2.886422873E-1,4.332715358E0
2.227898386E1,-1.325079799E0,-4.199174881E0,2.240024805E-1,4.408977576E0
2.228896433E1,6.063747406E-2,-5.069698334E0,1.741323471E-1,5.073050381E0
2.229896016E1,1.428065300E-1,-5.160692692E0,1.448187828E-1,5.164698950E0
2.230895860E1,2.225319147E-1,-5.863698959E0,9.929716587E-2,5.868760164E0
2.231897006E1,3.189256191E-1,-5.942444801E0,3.575909138E-2,5.951104308E0
2.232895423E1,4.159592390E-1,-6.559950829E0,-4.549348354E-2,6.573282789E0
2.233896178E1,5.157259703E-1,-6.613614082E0,-7.741761208E-1,6.678713437E0
2.234895892E1,5.546910763E-1,-6.671737671E0,-8.875149488E-1,6.753328700E0
2.235895918E1,5.742428303E-1,-6.693476200E0,-1.931543827E0,6.990224605E0
2.236895938E1,5.544500351E-1,-6.630403996E0,-2.875918150E0,7.248487924E0
2.237898490E1,4.914687872E-1,-5.902167320E0,-4.012890339E0,7.154048470E0
2.238896694E1,3.831259012E-1,-4.663857937E0,-5.205567837E0,6.999735196E0
2.239896069E1,2.259644270E-1,-2.995943069E0,-6.382785797E0,7.054550966E0
2.240895938E1,-1.532274604E0,9.454650879E-1,-8.073603630E0,8.271931169E0
2.241896433E1,-1.539072156E0,2.733682632E0,-7.916877747E0,8.515792217E0
2.242895938E1,-1.544266582E0,4.116813660E0,-8.812931061E0,9.848891707E0
2.243896772E1,-1.540453911E0,4.989082336E0,-8.559984207E0,1.002682754E1
2.244895912E1,-1.722088099E0,5.073874474E0,-7.298649788E0,9.054285081E0
2.245895938E1,-1.681952238E0,5.023241043E0,-7.013741970E0,8.789453358E0
2.246895990E1,-1.559690356E0,3.761468887E0,-6.683397293E0,7.826179245E0
2.247897996E1,-1.431354880E0,2.469067574E0,-4.863430500E0,5.638973994E0
2.248896459E1,-1.309765339E0,2.982177734E-1,-4.467205048E0,4.664797961E0
2.249895834E1,-1.394437909E0,2.864179611E-1,-3.136152506E0,3.444117430E0
2.250896642E1,-1.283460975E0,3.726568222E-1,-2.255148888E0,2.621419784E0
2.251896996E1,-1.178339362E0,4.566736221E-1,-1.267846107E0,1.790102847E0
2.252895876E1,4.072884321E-1,5.382127762E-1,-9.792613983E-2,6.820164135E-1
2.253896365E1,1.121485353E0,2.981985092E0,8.706164360E-1,3.302716679E0
2.254895886E1,1.323259354E0,4.870539665E0,9.809217453E-1,5.141534734E0
2.255895886E1,2.262152672E0,6.290789604E0,1.045279026E0,6.766385800E0
2.256895912E1,2.342342377E0,6.953047752E0,1.144334078E0,7.425694670E0
2.257898595E1,2.374399662E0,6.915417671E0,2.242543221E0,7.647860839E0
2.258897006E1,2.365458012E0,5.173501968E0,3.272228241E0,6.562620809E0
2.259896225E1,2.228102446E0,3.342442513E0,3.239105701E0,5.160248851E0
2.260895782E1,1.447926164E0,3.653192520E-1,4.154661179E0,4.414879142E0
2.261895782E1,1.259854913E0,-1.523980141E0,4.103530407E0,4.555075375E0
2.262896017E1,5.341770649E-1,-3.494207382E0,5.730848789E0,6.733309603E0
2.263896381E1,4.367572069E-1,-4.744102955E0,6.355269432E0,7.942714854E0
2.264896095E1,3.217620850E-1,-4.899317265E0,6.299519539E0,7.986913479E0
2.265895964E1,1.732690334E-1,-4.927180290E0,6.242012024E0,7.954234211E0
2.266895938E1,-1.503648162E0,-4.799176216E0,6.123834610E0,7.924291797E0
2.267900860E1,-1.507968426E0,-3.219252586E0,5.889041901E0,6.878834966E0
2.268898787E1,-1.717261672E0,-1.678889751E0,4.671525002E0,5.252694955E0
2.269895819E1,-1.702854872E0,8.953380585E-2,2.904710531E0,3.368244986E0
2.270895813E1,-1.686687827E0,1.219531059E0,2.800624371E0,3.489365085E0
2.271896433E1,-1.668020844E0,2.343138695E0,1.659469604E0,3.320607151E0
2.272896068E1,-1.645510793E0,2.470125198E0,8.058972359E-1,3.075499085E0
2.273896694E1,-1.764088392E0,3.013042450E0,-5.603551865E-2,3.491929644E0
2.274896251E1,-1.673618555E0,2.882785797E0,-3.396501541E-1,3.350644005E0
2.275895834E1,-1.535148382E0,1.000581741E0,-4.784152508E-1,1.893865235E0
2.276895990E1,-1.438767433E0,-1.172456741E-1,-4.956939220E-1,1.526273481E0
2.277898230E1,-1.543048739E0,-2.130155563E-1,-4.432997704E-1,1.619533799E0
2.278896303E1,-1.448709488E0,-2.024555206E-1,1.659541130E-1,1.472171249E0
2.279895886E1,4.383476973E-1,-1.903371811E-1,2.302812338E-1,5.304775140E-1
2.280895756E1,5.596883297E-1,-1.776819229E-1,3.101875782E-1,6.641070891E-1
2.281897042E1,6.583083868E-1,-1.643075943E-1,9.096188545E-1,1.134801030E0
2.282895756E1,7.135959864E-1,-2.502298355E-1,9.458706379E-1,1.210993586E0
2.283896902E1,7.208940983E-1,-2.335472107E-1,9.748470783E-1,1.234730508E0
2.284898996E1,7.009516954E-1,-2.166681290E-1,9.853000641E-1,1.228452105E0
2.285897048E1,5.873260498E-1,-1.929054260E-1,9.706233740E-1,1.150771101E0
2.286896454E1,4.607801437E-1,-1.697874069E-1,9.251633883E-1,1.047412717E0
2.287899865E1,-1.331466913E0,-2.507591248E-1,8.529114723E-1,1.600981655E0
2.288897037E1,-1.316915870E0,-1.241634369E0,7.724570036E-1,1.967895611E0
2.289896251E1,-1.301462770E0,-1.274706841E0,7.046140432E-1,1.953244434E0
2.290897006E1,-1.284959555E0,-1.278669357E0,6.480188370E-1,1.925109035E0
2.291896850E1,-1.267464876E0,-1.232760429E0,6.061649323E-1,1.869117817E0
2.292893115E1,-1.448033571E0,-2.428102493E-1,5.870307684E-1,1.581253668E0
2.293897110E1,-1.322740674E0,-2.114744186E-1,5.837628841E-1,1.461212998E0
2.294897006E1,-1.237468123E0,-1.994991302E-1,5.817868710E-1,1.381883940E0
2.295897214E1,-1.153742552E0,-1.868305206E-1,5.894262791E-1,1.308988486E0
2.296896824E1,-1.271096945E0,-2.734861374E-1,5.798543692E-1,1.423626777E0
2.297896720E1,-1.188479781E0,-2.598772049E-1,5.555354357E-1,1.337400453E0
2.298896954E1,-1.107396126E0,-2.458753586E-1,5.280182362E-1,1.251233043E0
2.299896902E1,-2.048075199E-2,-2.315292358E-1,4.928141832E-1,5.448771122E-1
2.300896980E1,6.044828892E-2,-2.168016434E-1,4.708482027E-1,5.218764013E-1
2.301896902E1,1.083832979E-1,-3.012981415E-1,4.558069706E-1,5.570345625E-1
2.302907355E1,1.189215183E-1,-2.855253220E-1,4.464800358E-1,5.431495736E-1
2.303895944E1,8.197325468E-2,-2.695112228E-1,4.567707777E-1,5.366520820E-1
2.304898194E1,-8.676365018E-1,-2.533464432E-1,5.033748150E-1,1.034583841E0
2.305896074E1,-7.982580066E-1,-2.368564606E-1,5.771669149E-1,1.013133000E0
2.306896016E1,-9.295708537E-1,-3.200111389E-1,1.553854823E0,1.838742481E0
2.307896277E1,-8.620416522E-1,-3.029670715E-1,1.579935670E0,1.825130565E0
2.308895704E1,-7.939688563E-1,1.104316711E0,1.606174946E0,2.104685226E0
2.309896068E1,-7.269955873E-1,1.122556686E0,1.631456733E0,2.109575116E0
2.310895964E1,-6.628349423E-1,1.176616669E0,1.653572321E0,2.134965659E0
2.311897214E1,-1.792124510E0,2.007328033E0,1.477297306E0,3.069769278E0
2.312895938E1,-1.768854380E0,2.112310410E0,1.462888598E0,3.119414069E0
2.313895990E1,-1.708885431E0,2.887990952E0,1.441771865E0,3.652326281E0
2.314896147E1,-5.564975142E-1,2.989603996E0,1.423190475E0,3.357512869E0
2.315895782E1,-6.911559105E-1,3.778159142E0,2.830630541E-1,3.851273515E0
2.316896642E1,-6.252837777E-1,3.836772919E0,1.448367834E-1,3.890087907E0
2.317896147E1,5.529998541E-1,3.827252388E0,1.673626900E-2,3.867033719E0
2.318896147E1,1.329943180E0,3.729348183E0,-8.969891071E-2,3.960408139E0
2.319896147E1,2.097873926E0,2.890800476E0,-2.187334299E-1,3.578497830E0
2.320895892E1,2.799776077E0,2.201822281E0,-3.483127356E-1,3.578839086E0
2.321894970E1,2.939465284E0,2.048040390E0,-4.580950737E-1,3.611755348E0
2.322895923E1,3.696134567E0,1.227675438E0,-5.167789459E-1,3.928824022E0
2.323895386E1,3.697908401E0,1.192205429E0,-5.751904845E-1,3.927686905E0
2.324896277E1,3.629173279E0,1.211753845E0,-6.432151198E-1,3.879815944E0
2.325896225E1,3.507318974E0,1.318941116E0,-7.053641081E-1,3.812929396E0
2.326896798E1,3.330124378E0,2.223983765E0,-7.566669583E-1,4.075337660E0
2.327896068E1,3.101894617E0,2.374899864E0,-7.965447903E-1,3.987026860E0
2.328895808E1,2.207544804E0,3.161642075E0,-1.541915774E0,4.152919325E0
2.329896173E1,2.015551090E0,3.122993469E0,-1.571224689E0,4.035378722E0
2.330895808E1,1.284840941E0,3.002467155E0,-1.568408966E0,3.622917602E0
2.331896954E1,1.081427097E0,2.018088341E0,-1.513114929E0,2.744390990E0
2.332895964E1,9.247803688E-2,1.874597549E0,-1.441066146E0,2.366292416E0
2.333895990E1,-1.501305103E-1,8.465433121E-1,-1.364651680E0,1.612900790E0
2.334895912E1,-1.651027322E0,7.390651703E-1,-1.297623277E0,2.226192874E0
2.335895652E1,-1.658873796E0,6.431922913E-1,-1.178098917E0,2.133887451E0
2.336896563E1,-1.661389709E0,-3.893804550E-1,-4.812861681E-1,1.772983158E0
2.337895464E1,-1.640220881E0,-3.601102829E-1,-3.852626085E-1,1.722913588E0
2.338897876E1,-1.615676761E0,-3.314094543E-1,-3.073563576E-1,1.677710211E0
2.339895506E1,-1.760203242E0,-4.075412750E-1,-2.500104904E-1,1.823982070E0
2.340895678E1,-1.705199242E0,-3.831424713E-1,-2.023509741E-1,1.759388679E0
2.341896360E1,-1.607414961E0,-3.659267426E-1,-1.586685181E-1,1.656158488E0
2.342896095E1,-1.511646271E0,-3.514699936E-1,-1.057536602E-1,1.555567241E0
2.343896173E1,-1.422710299E0,-3.355369568E-1,-3.683125973E-2,1.462205932E0
2.344896511E1,-1.535028219E0,-4.192533493E-1,4.728901386E-2,1.591955168E0
2.345896225E1,-1.447545528E0,-1.993590355E0,1.158317327E-1,2.466415932E0
2.346896720E1,-1.322465658E0,-2.873527527E0,1.682192087E-1,3.167707936E0
2.347895964E1,-1.239096880E0,-2.982450008E0,1.661195755E-1,3.233877679E0
2.348895860E1,-2.251920700E-1,-3.772709846E0,1.626938581E-1,3.782924840E0
2.349896147E1,4.888892174E-1,-3.883628845E0,1.572946310E-1,3.917438867E0
2.350896147E1,6.042581797E-1,-4.634614944E0,1.497300863E-1,4.676238096E0
2.351896381E1,7.266469002E-1,-4.730405807E0,1.301329136E-1,4.787660117E0
2.352896042E1,1.351862311E0,-5.421176910E0,1.040431261E-1,5.588158532E0
2.353896850E1,1.389178038E0,-5.505971909E0,5.617642403E-2,5.678793716E0
2.354895938E1,1.381259680E0,-5.603468895E0,-1.404559612E-2,5.771216444E0
2.355905293E1,1.333146811E0,-6.325021267E0,-6.506804228E-1,6.496657560E0
2.356895824E1,1.257442713E0,-6.323346615E0,-7.469415665E-1,6.490284762E0
2.357913011E1,1.139180064E0,-6.292737961E0,-1.690954328E0,6.614802250E0
2.358895704E1,9.760893583E-1,-6.205883980E0,-2.513488293E0,6.766340946E0
2.359895709E1,2.142983675E-1,-6.046360970E0,-3.454923153E0,6.967129879E0
2.360896121E1,4.929912090E-2,-4.837376595E0,-4.493741512E0,6.602753630E0
2.361897266E1,-1.584634662E0,-3.809245110E0,-5.460266113E0,6.843677472E0
2.362895860E1,-1.615215182E0,-2.494912148E0,-6.226534367E0,6.899509905E0
2.363896199E1,-1.843564630E0,-1.003561020E-1,-6.801034451E0,7.047188907E0
2.364895600E1,-1.830252409E0,1.832791328E0,-7.755217552E0,8.176328468E0
2.365896329E1,-1.821061492E0,2.895307541E0,-7.540091991E0,8.279617017E0
2.366896642E1,-1.797475576E0,3.094781876E0,-7.291265488E0,8.122262352E0
2.367895938E1,-1.892511845E0,3.743088722E0,-7.116837502E0,8.260852879E0
2.368895886E1,-1.771905303E0,3.728556633E0,-6.845593452E0,7.993993538E0
2.369896199E1,-1.651693940E0,2.977206230E0,-5.479043484E0,6.450718356E0
2.370896225E1,-1.524707198E0,2.263136864E0,-4.516480446E0,5.276847176E0
2.371896459E1,-1.403345108E0,2.150467873E0,-4.235514641E0,4.953127682E0
2.372895990E1,-1.487022758E0,3.263645172E-1,-3.946799755E0,4.230245712E0
2.373899938E1,-1.374446630E0,4.007472992E-1,-2.947272539E0,3.276601495E0
2.374895949E1,-1.266723037E0,2.084162712E0,-2.644252777E0,3.597275943E0
2.375905459E1,3.530122042E-1,3.308335304E0,-1.231287479E0,3.547642733E0
2.376896490E1,5.709602833E-1,4.844887733E0,-3.535146713E-1,4.891206949E0
2.377896303E1,1.593151927E0,6.284187317E0,-1.625485420E-1,6.485026239E0
2.378896147E1,1.692239046E0,7.083625793E0,7.822756767E-1,7.324846934E0
2.379896121E1,1.791121483E0,7.094585419E0,1.566750288E0,7.483045162E0
2.380896121E1,1.842164159E0,6.939252853E0,2.449918032E0,7.586098952E0
2.381896516E1,1.880374908E0,5.445957184E0,3.274479151E0,6.626950517E0
2.382896147E1,1.801674843E0,1.576240540E0,4.331666946E0,4.949131743E0
2.383895990E1,1.679073453E0,-9.043569565E-1,4.282275200E0,4.687753199E0
2.384896199E1,1.570235491E0,-3.160769939E0,5.827844620E0,6.813213560E0
2.385896095E1,1.524091959E0,-4.778685093E0,6.550313950E0,8.250169717E0
2.386896668E1,1.493479133E0,-5.667615891E0,6.525756836E0,8.771422466E0
2.387895886E1,1.426681280E0,-5.750423431E0,6.961897850E0,9.141707214E0
2.388895938E1,1.307208061E0,-5.661509514E0,6.823997021E0,8.962612244E0
2.389896433E1,1.141387463E0,-4.309521675E0,6.671591759E0,8.024018881E0
2.390895912E1,4.196190834E-1,-2.771746159E0,6.369716644E0,6.959306508E0
2.391898704E1,3.183130026E-1,-1.061069489E0,4.870991230E0,4.995372578E0
2.392936735E1,1.925308704E-1,9.827041626E-2,2.858531475E0,2.866692764E0
2.393896569E1,6.180047989E-3,2.088461876E0,2.735381365E0,3.441514552E0
2.394896438E1,-1.807570934E0,3.137720108E0,1.181753039E0,3.809086558E0
2.395895834E1,-1.829840422E0,3.233581543E0,2.498433590E-1,3.723813538E0
2.396896642E1,-2.046503305E0,3.231954575E0,-6.440501213E-1,3.879240481E0
2.397896016E1,-2.017613888E0,3.088497162E0,-9.628727436E-1,3.812703036E0
2.398896199E1,-1.968036652E0,1.987846375E0,-1.102478266E0,3.006685849E0
2.399895938E1,-1.874216676E0,-7.017993927E-2,-4.477316141E-1,1.928231565E0
2.400896068E1,-1.954154730E0,-1.689319611E-1,2.831432819E-1,1.981774163E0
2.401896720E1,-1.837509394E0,-1.646299362E-1,1.845008016E0,2.609137475E0
2.402896147E1,-1.722955704E0,-1.592559814E-1,1.866613269E0,2.545227675E0
2.403896381E1,-1.611981392E0,-1.526823044E-1,1.888689756E0,2.487759010E0
2.404896068E1,-1.504390836E0,-1.450109482E-1,1.911274910E0,2.436635332E0
2.405895990E1,-1.603874922E0,-2.343444824E-1,1.740788817E0,2.378587356E0
2.406896798E1,-4.450567961E-1,-2.212886810E-1,1.776962876E0,1.845167010E0
2.407897006E1,-3.387423754E-1,-2.178554535E-1,1.755239844E0,1.800853772E0
2.408900470E1,-2.479315996E-1,-2.133035660E-1,1.734114647E0,1.764687536E0
2.409895392E1,-1.888061762E-1,-2.076616287E-1,4.289972782E-2,2.839216632E-1
2.410895266E1,-1.737083197E-1,-3.006381989E-1,-1.046017408E-1,3.626285029E-1
2.411897558E1,-2.006753683E-1,-2.926883698E-1,-2.278416157E-1,4.217213382E-1
2.412895860E1,-1.213705301E0,-2.839555740E-1,-3.204041719E-1,1.287000451E0
2.413895709E1,-1.134112716E0,-2.745037079E-1,-3.861752748E-1,1.229103446E0
2.414897423E1,-1.055805445E0,-2.643890381E-1,-4.284126759E-1,1.169685480E0
2.415896642E1,-1.178209066E0,-3.531560898E-1,-4.333781004E-1,1.304113648E0
2.416896876E1,-1.100747347E0,-3.335857391E-1,-3.577396870E-1,1.204533873E0
2.417896954E1,-9.845622182E-1,-2.935829163E-1,-1.731919050E-1,1.041896888E0
2.418896876E1,-9.097875357E-1,-2.734727859E-1,1.491011977E0,1.767941583E0
2.419897032E1,-1.035826087E0,-3.530397415E-1,1.345928192E0,1.734674448E0
2.420896876E1,-9.616497755E-1,-3.326702118E-1,1.399964452E0,1.730705124E0
2.421897084E1,-8.888646960E-1,-3.121967316E-1,1.453282952E0,1.731929152E0
2.422896928E1,-8.157653213E-1,-2.917833328E-1,1.505861878E0,1.737305549E0
2.423896850E1,-7.440103292E-1,-2.718362808E-1,1.553993464E0,1.744231068E0
2.424896850E1,-8.756634593E-1,-3.598270416E-1,1.343217850E0,1.643318650E0
2.425896954E1,-8.068854809E-1,-3.473262787E-1,1.334314108E0,1.597527421E0
2.426900834E1,-7.391813993E-1,-3.344755173E-1,1.325533748E0,1.554124425E0
2.427896032E1,-6.725562811E-1,-3.210964203E-1,1.318390369E0,1.514459649E0
2.428896621E1,-6.070096493E-1,-3.074197769E-1,1.311219215E0,1.477248613E0
2.429896730E1,-7.418572903E-1,1.275904655E0,1.106195569E0,1.844438550E0
2.430895626E1,-6.776303649E-1,1.383740425E0,1.102781296E0,1.894741951E0
2.431895938E1,-6.144027114E-1,2.253828049E0,1.100785732E0,2.582433115E0
2.432895912E1,-5.521187782E-1,2.382331848E0,1.100190520E0,2.681559129E0
2.433896121E1,-4.906929135E-1,3.303332329E0,1.100916386E0,3.516361884E0
2.434896068E1,-6.267926693E-1,3.398118019E0,8.978897929E-1,3.570193440E0
2.435896798E1,-5.240134597E-1,4.185604095E0,-5.961757898E-1,4.260199212E0
2.436896147E1,-4.610007703E-1,4.238614082E0,-1.355538964E0,4.473908463E0
2.437896173E1,-3.990989923E-1,4.263782501E0,-1.533121586E0,4.548580330E0
2.438895886E1,7.810828686E-1,4.215488434E0,-2.483212948E0,4.954470681E0
2.439895886E1,8.922423124E-1,4.059379578E0,-2.612254143E0,4.909025423E0
2.440896720E1,1.577654123E0,2.896450996E0,-2.751116753E0,4.295004574E0
2.441896199E1,1.707375288E0,2.142020226E0,-2.854000568E0,3.955843812E0
2.442895886E1,2.536113262E0,1.995974541E0,-2.817128181E0,4.283922973E0
2.443895808E1,2.636523724E0,1.382487297E0,-2.662943840E0,3.994220621E0
2.444895714E1,2.705892563E0,1.444526672E0,-1.801770687E0,3.557371147E0
2.445899142E1,3.363493204E0,1.573491096E0,-1.572377563E0,4.032534186E0
2.446895865E1,3.375363350E0,2.388741493E0,-4.880822897E-1,4.163818919E0
2.447895709E1,3.428947449E0,2.449186325E0,-3.753925562E-1,4.230498060E0
2.448895761E1,4.083158493E0,2.504497528E0,-3.305822611E-1,4.801455590E0
2.449895964E1,3.976326942E0,2.539346695E0,-3.168574572E-1,4.728620966E0
2.450896459E1,3.778896570E0,2.531933784E0,-3.304482698E-1,4.560695565E0
2.451895912E1,2.704578876E0,2.463990211E0,-3.591492176E-1,3.676272953E0
2.452896068E1,1.819442272E0,1.774828911E0,-4.150412083E-1,2.575392601E0
2.453895938E1,-1.213166118E0,1.610593796E0,-5.110017061E-1,2.080121907E0
2.454896068E1,-1.256456733E0,1.611157417E0,-4.711515903E-1,2.096782193E0
2.455896668E1,-1.296763539E0,1.657016754E0,-3.464968204E-1,2.132454043E0
2.456896199E1,-2.513399124E0,1.707731247E0,1.401782393E0,3.346418242E0
2.457895912E1,-2.666192293E0,1.708786964E0,1.245194674E0,3.402799437E0
2.458895990E1,-2.714819431E0,1.632941246E0,1.286051154E0,3.419162065E0
2.459895938E1,-2.649998426E0,7.987661362E-1,1.327270746E0,3.069554794E0
2.460896355E1,-1.430086255E0,-4.191589355E-1,1.368759394E0,2.023448341E0
2.461895834E1,-1.336709738E0,-4.046297073E-1,1.409642577E0,1.984341281E0
2.462907610E1,-1.445914388E0,-2.216666222E0,1.199821591E0,2.905830244E0
2.463896720E1,-1.386702061E-1,-3.289203644E0,1.191062689E0,3.500959921E0
2.464897063E1,-1.604318619E-3,-4.216664791E0,1.182358861E0,4.379296406E0
2.465896063E1,1.512187719E-1,-4.992007256E0,1.173884273E0,5.130400359E0
2.466896069E1,8.669226170E-1,-5.153784275E0,1.169670105E0,5.355480868E0
2.467896043E1,9.416677952E-1,-6.132195473E0,9.704641700E-1,6.279519110E0
2.468896042E1,1.037668824E0,-6.199346066E0,9.721848369E-1,6.360329519E0
2.469896173E1,1.081064224E0,-6.255571365E0,-5.744430423E-1,6.374233897E0
2.470896537E1,1.105528116E0,-6.305690765E0,-6.465736032E-1,6.434437494E0
2.471896173E1,1.134242415E0,-6.361277580E0,-7.632700205E-1,6.506530522E0
2.472895886E1,1.076104641E0,-6.315197945E0,-8.610145450E-1,6.463827993E0
2.473896277E1,9.763215780E-1,-6.226450920E0,-9.731898904E-1,6.377224588E0
2.474896277E1,8.284256458E-1,-6.081496239E0,-1.775439978E0,6.389293597E0
2.475896407E1,6.393227577E-1,-5.111051559E0,-1.832426310E0,5.467116956E0
2.476895938E1,-2.818269730E-1,-4.962131023E0,-2.625423431E0,5.620944665E0
2.477895938E1,-4.607939720E-1,-3.959719658E0,-3.243722439E0,5.139401338E0
2.478896928E1,-1.750758052E0,-3.214483738E0,-4.030027866E0,5.444188099E0
2.479895886E1,-1.778997421E0,-2.299933434E0,-5.014016628E0,5.796109762E0
2.480904626E1,-1.806973338E0,-1.242532730E0,-6.014348984E0,6.401674307E0
2.481904282E1,-2.026366949E0,-1.670646667E-1,-6.915099144E0,7.207820044E0
2.482910558E1,-2.038696051E0,1.051503181E0,-8.325342178E0,8.635581215E0
2.483896673E1,-3.323921680E0,2.070487976E0,-8.158835411E0,9.049970777E0
2.484895605E1,-3.348568439E0,2.942952156E0,-7.969571114E0,9.131699827E0
2.485896642E1,-3.303097725E0,3.098031998E0,-9.012788773E0,1.008655632E1
2.486896095E1,-3.235017300E0,3.786124229E0,-8.811298370E0,1.012121794E1
2.487896121E1,-3.124447346E0,3.766091347E0,-8.503518105E0,9.810985445E0
2.488896303E1,-2.964300394E0,3.151190758E0,-6.989813805E0,8.220375724E0
2.489895704E1,-1.401860237E0,2.111474037E0,-5.382806301E0,5.949633468E0
2.490896668E1,-1.421454191E0,2.081513405E0,-4.147138119E0,4.853038703E0
2.491896095E1,-1.251718521E0,2.093614578E0,-2.916613817E0,3.802191134E0
2.492891855E1,3.279286623E-1,2.185470581E0,-1.855608225E0,2.885671629E0
2.493895990E1,1.349575877E0,2.414541245E0,-9.275150299E-1,2.917472982E0
2.494895964E1,2.255806208E0,4.002077103E0,-6.151890755E-1,4.635055596E0
2.495896563E1,2.441328049E0,5.082993507E0,2.412919998E-1,5.644034680E0
2.496895964E1,3.221256733E0,5.262961388E0,4.029312134E-1,6.183656772E0
2.497895964E1,3.288820744E0,5.337535858E0,1.197256565E0,6.382715269E0
2.498897938E1,3.248664856E0,5.285307884E0,1.348606348E0,6.348782707E0
2.499897459E1,3.122820377E0,4.533029556E0,2.460128307E0,6.029311350E0
2.500896308E1,2.392973900E0,3.233325958E0,3.179055214E0,5.127095951E0
2.501896022E1,2.174204826E0,1.553024292E0,4.190161705E0,4.969557947E0
2.502896042E1,1.237716317E0,3.649024963E-1,4.173655033E0,4.368580072E0
2.503896459E1,1.079722404E0,-2.254096985E0,5.438978195E0,5.985752876E0
2.504895990E1,9.410939217E-1,-3.738869667E0,6.073986053E0,7.194310998E0
2.505896928E1,8.217937946E-1,-4.624009609E0,6.073559761E0,7.677560685E0
2.506895990E1,6.398354769E-1,-4.700956821E0,6.768664360E0,8.265785002E0
2.507896043E1,4.615987539E-1,-3.962792397E0,6.655850410E0,7.759970469E0
2.508896042E1,-3.212293386E-1,-2.873324394E0,6.415793419E0,7.037157562E0
2.509896251E1,-4.040216208E-1,-1.522075653E0,5.449322701E0,5.672306908E0
2.510896668E1,-4.700503349E-1,9.888458252E-2,4.366223335E0,4.392565502E0
2.511895678E1,-5.410722494E-1,1.134675980E0,2.896669626E0,3.157680111E0
2.512895912E1,-6.552122831E-1,2.125612259E0,2.777884007E0,3.558675338E0
2.513895964E1,-1.695213914E0,2.235095978E0,1.102660418E0,3.014177208E0
2.514896017E1,-1.887380123E0,2.269065857E0,1.615455151E-1,2.955835000E0
2.515899897E1,-1.844321966E0,2.186141014E0,-1.310756207E-1,2.863200459E0
2.516895615E1,-1.789631009E0,2.008887291E0,-3.816525936E-1,2.717363796E0
2.517895813E1,-1.726701140E0,9.190435410E-1,-5.105091333E-1,2.021573010E0
2.518896506E1,-1.661915064E0,-1.376628876E-1,-5.065156221E-1,1.742834136E0
2.519897011E1,-1.794697165E0,-2.347259521E-1,-4.440364838E-1,1.863653022E0
2.520896928E1,-1.687765479E0,-2.272138596E-1,4.038840532E-1,1.750228779E0
2.521896485E1,-5.851129293E-1,-2.187414169E-1,4.536813498E-1,7.720309027E-1
2.522896095E1,8.401310444E-2,-2.093982697E-1,4.862483740E-1,5.360441383E-1
2.523895970E1,1.482629776E-1,-1.992626190E-1,4.989129305E-1,5.573164398E-1
2.524895938E1,1.267108917E-1,-2.664222717E-1,5.065444708E-1,5.861943175E-1
2.525896589E1,1.016664505E-1,-2.530870438E-1,4.970371723E-1,5.669524403E-1
2.526896147E1,-1.370906830E-3,-2.350254059E-1,4.749746323E-1,5.299431310E-1
2.527895834E1,-1.293692470E0,-2.152938843E-1,4.430263042E-1,1.384291865E0
2.528896537E1,-1.455815673E0,-2.953214645E-1,4.045476913E-1,1.539569055E0
2.529896121E1,-1.417841315E0,-1.267963409E0,3.897472620E-1,1.941625126E0
2.530897006E1,-1.379603624E0,-1.292838097E0,4.103045464E-1,1.934705746E0
2.531896902E1,-1.341170907E0,-1.294632912E0,4.567924738E-1,1.919237646E0
2.532896954E1,-1.302577138E0,-1.271523476E0,4.957302809E-1,1.886591546E0
2.533896819E1,-1.463389277E0,-2.852935791E-1,5.190820694E-1,1.578716820E0
2.534897850E1,-1.373130083E0,-2.720403671E-1,5.348793268E-1,1.498528639E0
2.535896558E1,-1.284830213E0,-2.583694458E-1,5.378146172E-1,1.416611453E0
2.536894865E1,-1.196675539E0,-2.445106506E-1,5.296390057E-1,1.331290832E0
2.537897032E1,-1.110426784E0,-2.303276062E-1,5.211228132E-1,1.248065477E0
2.538896277E1,-1.225588679E0,-3.157930374E-1,5.061557293E-1,1.363079776E0
2.539897084E1,-1.140927076E0,-3.012685776E-1,4.859441519E-1,1.276173604E0
2.540897371E1,-1.057858825E0,-2.864437103E-1,4.669102430E-1,1.191268428E0
2.541897240E1,-9.763802886E-1,-2.713489532E-1,4.635314941E-1,1.114365366E0
2.542897136E1,-1.057733417E0,-3.355836868E-1,4.933632612E-1,1.214423196E0
2.543896980E1,-9.806669354E-1,-3.195629120E-1,5.332173109E-1,1.161098098E0
2.544896876E1,-9.034336805E-1,-3.034543991E-1,1.582444668E0,1.847270450E0
2.545896980E1,-8.275914192E-1,7.565984726E-1,1.609200120E0,1.961344904E0
2.546897293E1,-7.532370687E-1,8.062582016E-1,1.636173964E0,1.973444605E0
2.547896928E1,-8.813763857E-1,8.638820648E-1,1.463701963E0,1.914560000E0
2.548900235E1,-8.091301918E-1,9.183073044E-1,1.490567446E0,1.928670859E0
2.549896876E1,-7.382957339E-1,9.845666885E-1,1.515632749E0,1.952330603E0
2.550896876E1,-6.693252325E-1,1.026303291E0,1.501384974E0,1.937898746E0
2.551908730E1,-5.990306139E-1,1.085278511E0,1.482205391E0,1.932252557E0
2.552896152E1,-7.312293649E-1,1.673829079E0,-3.310694695E-1,1.856342415E0
2.553897345E1,-6.629170775E-1,1.751271248E0,-4.820317030E-1,1.933588529E0
2.554896360E1,-5.958090425E-1,2.385437965E0,-1.203407884E0,2.737424563E0
2.555895787E1,-5.298150182E-1,2.453492165E0,-1.325156450E0,2.838374072E0
2.556896095E1,-4.665884376E-1,2.536334038E0,-1.454711080E0,2.960891664E0
2.557896355E1,-6.038587689E-1,2.602799416E0,-1.574643970E0,3.101405140E0
2.558898621E1,7.516293526E-1,2.664463043E0,-1.668552995E0,3.232395256E0
2.559896068E1,1.574112177E0,2.694532394E0,-1.664228320E0,3.536663664E0
2.560895912E1,3.083888531E0,2.638016701E0,-1.561593890E0,4.348341760E0
2.561895938E1,3.248422384E0,2.585699081E0,-1.428787827E0,4.390845292E0
2.562896095E1,4.142921448E0,2.574415207E0,-1.267061472E0,5.039529398E0
2.563895886E1,4.166773796E0,2.625054359E0,-4.260473251E-1,4.943119519E0
2.564895964E1,4.124330521E0,2.749076843E0,-3.120914698E-1,4.966379649E0
2.565896251E1,4.013575077E0,3.659296036E0,-2.051666975E-1,5.435193258E0
2.566895834E1,3.843583584E0,3.744194031E0,-1.681580544E-1,5.368463545E0
2.567895834E1,3.632098675E0,3.804985046E0,-1.971176863E-1,5.263925091E0
2.568898204E1,2.723041534E0,3.802677155E0,-2.527124882E-1,4.683927021E0
2.569898053E1,2.458885670E0,3.719838142E0,-3.176479340E-1,4.470370762E0
2.570897839E1,1.214084864E0,2.950433731E0,-3.796210289E-1,3.212969558E0
2.571898360E1,2.329870462E-1,2.278529167E0,-4.778717756E-1,2.339730660E0
2.572895813E1,-1.522633195E0,1.595562935E0,-1.196330428E0,2.509071426E0
2.573895860E1,-1.576663613E0,1.470689774E0,-1.244338989E0,2.489412798E0
2.574896225E1,-1.625298619E0,6.871576309E-1,-1.251795411E0,2.163509409E0
2.575895782E1,-1.642334700E0,6.469774246E-1,-1.208584547E0,2.139280174E0
2.576896251E1,-3.445402622E0,-4.116325378E-1,-1.133976102E0,3.650498921E0
2.577895938E1,-3.467407227E0,-3.915586472E-1,-1.068885922E0,3.649486014E0
2.578898855E1,-3.318910599E0,-3.561649323E-1,-8.773419857E-1,3.451340317E0
2.579895600E1,-1.527177572E0,-3.400630951E-1,-1.494791508E-1,1.571705527E0
2.580895990E1,-1.628246665E0,-4.219141006E-1,-4.289257526E-2,1.682569013E0
2.581896449E1,-1.530998230E0,-1.845302582E0,9.715330601E-2,2.399694973E0
2.582895938E1,-1.439259768E0,-2.548387527E0,1.701760530E0,3.385518656E0
2.583895886E1,-1.349654198E0,-2.704114914E0,1.773472667E0,3.504141724E0
2.584895964E1,-1.263258934E0,-3.702322006E0,1.840714335E0,4.323336748E0
2.585895886E1,-1.379330277E0,-3.806256294E0,7.609386444E-1,4.119364831E0
2.586897006E1,-1.295528293E0,-4.502657413E0,7.011824846E-1,4.737507173E0
2.587895834E1,1.969606876E-1,-4.577374458E0,6.206535101E-1,4.623457713E0
2.588899381E1,3.112015724E-1,-4.671475887E0,5.277045965E-1,4.711475939E0
2.589895740E1,4.588278532E-1,-5.343445778E0,4.296921492E-1,5.380294706E0
2.590895892E1,1.308709502E0,-5.395014763E0,3.542010784E-1,5.562765792E0
2.591896199E1,1.376124501E0,-5.471364498E0,2.835654020E-1,5.648889931E0
2.592891928E1,1.440976262E0,-6.102442265E0,2.027090788E-1,6.273540081E0
2.593896173E1,1.444767594E0,-6.127654076E0,-3.926547766E-1,6.307905805E0
2.594896069E1,1.430186272E0,-6.150833130E0,-4.409345388E-1,6.330292587E0
2.595896173E1,1.320899606E0,-6.129164219E0,-1.538711905E0,6.455932475E0
2.596895834E1,1.139736772E0,-6.015153885E0,-2.305474281E0,6.541887176E0
2.597896251E1,2.797005177E-1,-5.024504185E0,-3.297897100E0,6.016643580E0
2.598898751E1,5.776441097E-2,-3.868632793E0,-4.439210415E0,5.888653965E0
2.599895990E1,-1.695061803E0,-2.352918625E0,-5.590400696E0,6.297780602E0
2.600896068E1,-1.732553482E0,-9.782123566E-2,-6.559921265E0,6.785563909E0
2.601895938E1,-1.769119501E0,1.067490578E0,-7.704183102E0,7.976450163E0
2.602896147E1,-2.954056740E0,2.549706459E0,-7.561981201E0,8.509466137E0
2.603897006E1,-4.006371498E0,3.762998581E0,-7.388851166E0,9.209033198E0
2.604895709E1,-4.103165150E0,4.524947166E0,-7.282773018E0,9.505256121E0
2.605897642E1,-4.162989616E0,4.605467796E0,-7.045997143E0,9.390787608E0
2.606895907E1,-4.102155209E0,4.551917076E0,-6.789311886E0,9.145620936E0
2.607895626E1,-3.971168995E0,3.427305222E0,-5.035678864E0,7.271496812E0
2.608898730E1,-3.788980246E0,2.132549286E0,-4.682273865E0,6.389665586E0
2.609896173E1,-3.519843102E0,2.259912491E-1,-3.483464956E0,4.957307294E0
2.610896381E1,-2.529554844E0,2.912807465E-1,-3.194403410E0,4.085058791E0
2.611895938E1,-2.307893753E0,-1.094032288E0,-2.303329468E0,3.439274176E0
2.612895938E1,-1.047077537E0,-1.100644112E0,-2.060775757E0,2.560192483E0
2.613896277E1,2.131054401E-1,4.125995636E-1,-7.638597488E-2,4.706242085E-1
2.614895964E1,1.080303431E0,4.585018158E-1,1.255860329E0,1.718855603E0
2.615896355E1,1.900333643E0,3.509097099E0,2.348942995E0,4.630611580E0
2.616896016E1,2.131736994E0,5.564015388E0,2.560379267E0,6.485222575E0
2.617896173E1,3.054428577E0,7.046109200E0,4.601644039E0,8.952782620E0
2.618898412E1,3.111729622E0,7.794573784E0,4.458658695E0,9.503571911E0
2.619896121E1,3.097544193E0,7.765283585E0,4.480930805E0,9.485417759E0
2.620896121E1,3.010942936E0,6.999334335E0,4.461162567E0,8.829407112E0
2.621895886E1,2.858300447E0,5.580590248E0,4.365085125E0,7.639819181E0
2.622901204E1,2.679495096E0,3.577639580E0,4.241943836E0,6.162246866E0
2.623896089E1,1.942503333E0,2.113428116E-1,3.867319584E0,4.332914233E0
2.624905990E1,1.793908954E0,-1.408169746E0,3.703135014E0,4.349052805E0
2.625895787E1,1.687975407E0,-3.417215824E0,3.550330639E0,5.208788017E0
2.626896147E1,1.604944110E0,-4.809179306E0,3.407142878E0,6.108410086E0
2.627896407E1,1.517883658E0,-5.000979424E0,3.274571180E0,6.167380514E0
2.628898595E1,1.417711496E0,-5.069159508E0,4.636728287E0,7.014665581E0
2.629895990E1,1.293393135E0,-4.954335213E0,4.626662731E0,6.901036968E0
2.630895886E1,1.136355042E0,-3.609643936E0,5.232726097E0,6.457728280E0
2.631896199E1,2.518286705E-1,4.798507690E-2,4.411734581E0,4.419176650E0
2.632895808E1,-5.769495964E-1,-4.058361053E-2,2.542375565E0,2.607334152E0
2.633896095E1,-7.492761612E-1,2.056233406E0,2.502076387E0,3.324138510E0
2.634895938E1,-1.885601521E0,2.725760460E0,2.462981939E0,4.129351428E0
2.635895990E1,-1.900291920E0,2.749104500E0,2.425299406E0,4.129256851E0
2.636896016E1,-1.910448670E0,2.660482407E0,1.253220201E0,3.506927662E0
2.637896303E1,-2.077463388E0,1.755881310E0,3.278332949E-1,2.739789768E0
2.638898074E1,-2.039920807E0,-1.100358963E-1,2.322393656E-1,2.056044727E0
2.639899037E1,-1.972987413E0,-1.104478836E-1,2.026709318E-1,1.986442442E0
2.640895928E1,-1.902611017E0,-1.100425720E-1,2.301368713E-1,1.919635650E0
2.641894990E1,-1.794826150E0,-1.151313782E-1,8.113726377E-1,1.973064039E0
2.642896501E1,-7.359008789E-1,-2.179756165E-1,7.869377136E-1,1.099242666E0
2.643895996E1,1.924738884E-1,-2.127189636E-1,7.965774536E-1,8.466588420E-1
2.644896251E1,3.210233450E-1,-2.064800262E-1,8.027671576E-1,8.888898124E-1
2.645896433E1,4.237030745E-1,-1.993837357E-1,1.821858883E0,1.881076277E0
2.646895834E1,4.889763594E-1,-1.914472580E-1,1.835866809E0,1.909491260E0
2.647896303E1,4.723771811E-1,-2.766494751E-1,1.649922729E0,1.738367091E0
2.648898699E1,2.895485163E-1,-2.364034653E-1,6.885546446E-1,7.834745945E-1
2.649895938E1,-4.771312475E-1,-2.162008286E-1,6.013276577E-1,7.974910517E-1
2.650896121E1,-5.982102156E-1,-1.959428787E-1,5.233185291E-1,8.186032963E-1
2.651896017E1,-1.726908922E0,-2.754087448E-1,4.630968571E-1,1.809011637E0
2.652896068E1,-1.700693846E0,-2.548713684E-1,4.232951403E-1,1.771016021E0
2.653895938E1,-1.673779368E0,-2.343273163E-1,3.917254210E-1,1.734905032E0
2.654896876E1,-1.646200776E0,-2.137880325E-1,3.722908497E-1,1.701259179E0
2.655896928E1,-1.615667224E0,-1.936435699E-1,3.684597015E-1,1.668424695E0
2.656896772E1,-1.754523039E0,-2.777404785E-1,3.815715313E-1,1.816889568E0
2.657895605E1,-1.690111876E0,-2.619428635E-1,3.990943432E-1,1.756237031E0
2.658901433E1,-1.588835478E0,-2.518148422E-1,4.048562050E-1,1.658830141E0
2.659896256E1,-1.488288164E0,-2.412471771E-1,4.187054634E-1,1.564773506E0
2.660895933E1,-1.390028834E0,-2.300186157E-1,4.445509911E-1,1.477401201E0
2.661895376E1,-1.491825700E0,-3.181409836E-1,4.712431431E-1,1.596504840E0
2.662895860E1,-1.395877600E0,-3.056726456E-1,1.454564810E0,2.039036249E0
2.663896928E1,-1.302116632E0,-2.926511765E-1,1.483724713E0,1.995643120E0
2.664897345E1,-1.210430503E0,-2.792024612E-1,1.512479782E0,1.957215141E0
2.665896772E1,-1.120820761E0,-2.656049728E-1,1.539097905E0,1.922396302E0
2.666897345E1,-1.192809463E0,-3.315505981E-1,1.404949188E0,1.872592437E0
2.667897032E1,-1.107456088E0,-3.223524094E-1,1.392692566E0,1.808303804E0
2.668900626E1,-1.023926854E0,-3.125381470E-1,1.380588889E0,1.747035196E0
2.669897293E1,-9.421105981E-1,-3.019390106E-1,1.370249391E0,1.690065957E0
2.670897006E1,-1.061464787E0,-3.905591965E-1,1.160537601E0,1.620521984E0
2.671896902E1,-9.824312925E-1,-3.784923553E-1,1.152520299E0,1.561003122E0
2.672897032E1,-9.049723744E-1,-3.657894135E-1,1.146144986E0,1.505465118E0
2.673896902E1,-8.289777637E-1,1.351024628E0,1.141461134E0,1.953306222E0
2.674897058E1,-7.544422746E-1,1.455748558E0,-9.717464447E-3,1.639658940E0
2.675907324E1,-8.823549151E-1,2.256133080E0,-1.501090527E-1,2.427183429E0
2.676896001E1,-8.098517060E-1,2.356444359E0,-8.157507777E-1,2.621857954E0
2.677898860E1,-7.385619283E-1,3.120286942E0,-8.827302456E-1,3.325789682E0
2.678898115E1,-6.684611440E-1,3.191712379E0,-9.733847976E-1,3.403137696E0
2.679895918E1,-5.968732238E-1,3.257019997E0,-1.065589786E0,3.478493711E0
2.680896095E1,-7.261520624E-1,3.268852234E0,-1.132615566E0,3.534898834E0
2.681896579E1,-6.531164646E-1,3.182971001E0,-1.150769711E0,3.447047495E0
2.682896329E1,-5.812354088E-1,2.504364967E0,-1.172688484E0,2.825752426E0
2.683896355E1,-5.110531449E-1,2.364744186E0,-1.189104915E0,2.695767216E0
2.684896225E1,2.389062643E0,1.489476204E0,-1.270915985E0,3.088913582E0
2.685896199E1,2.566475391E0,1.473895073E0,-1.250363588E0,3.212875927E0
2.686895990E1,3.594767570E0,1.523880005E0,-1.194126844E0,4.082952740E0
2.687896277E1,3.688199043E0,1.645721436E0,-1.116974711E0,4.190327402E0
2.688898360E1,3.753791094E0,2.635245323E0,-1.050719976E0,4.705260668E0
2.689896017E1,3.706341743E0,2.756280899E0,-9.985692501E-1,4.725589282E0
2.690895938E1,3.592738867E0,3.382731438E0,-9.840178490E-1,5.031792491E0
2.691896147E1,3.402027607E0,3.372278214E0,-1.027059436E0,4.899071675E0
2.692891454E1,2.624436855E0,3.298166275E0,-1.072297335E0,4.349182815E0
2.693897860E1,2.380246639E0,2.570122719E0,-1.084416270E0,3.667023793E0
2.694896928E1,1.220211387E0,2.414933205E0,-1.083121657E0,2.914441754E0
2.695900568E1,2.675480843E-1,1.237140656E0,-1.088310599E0,1.669286955E0
2.696895631E1,-1.302785516E0,1.098143578E0,-1.100508571E0,2.028370906E0
2.697896147E1,-1.351171851E0,-4.165248871E-1,-1.104299545E0,1.794055696E0
2.698898490E1,-1.394559264E0,-3.805379868E-1,-1.066603899E0,1.796454446E0
2.699895964E1,-2.544400215E0,-4.472188950E-1,-9.702453613E-1,2.759592951E0
2.700896121E1,-3.329078197E0,-4.147930145E-1,-8.833103180E-1,3.469157247E0
2.701896095E1,-3.349323273E0,-3.908720016E-1,-8.179624081E-1,3.469842908E0
2.702896537E1,-3.138476372E0,-3.539905548E-1,-7.246735096E-1,3.240446720E0
2.703895756E1,-1.526282430E0,-4.344682693E-1,-6.312587261E-1,1.707860741E0
2.704896121E1,-1.435761333E0,-4.148101807E-1,-5.070147514E-1,1.578145129E0
2.705896069E1,-1.345707774E0,-3.949813843E-1,1.573395729E-1,1.411274406E0
2.706896068E1,-1.257942438E0,-1.676284790E0,2.349936962E-1,2.108926720E0
2.707895964E1,-1.171952128E0,-2.352700233E0,3.046132326E-1,2.646027098E0
2.708898516E1,-1.287521601E0,-2.505935192E0,3.466826677E-1,2.838593302E0
2.709895912E1,-1.549595594E-1,-3.547015190E0,3.688498735E-1,3.569506892E0
2.710897892E1,-8.513879776E-2,-3.654896259E0,3.767149448E-1,3.675245493E0
2.711895589E1,1.671159267E-2,-4.384414673E0,3.669208288E-1,4.399772971E0
2.712894772E1,1.367639303E-1,-4.475523949E0,3.461316824E-1,4.490971624E0
2.713894688E1,7.751135826E-1,-5.130159378E0,3.235996962E-1,5.198466416E0
2.714897162E1,8.528417349E-1,-5.204504967E0,2.927578688E-1,5.282037310E0
2.715894678E1,9.161517620E-1,-5.293578148E0,2.520048618E-1,5.378179070E0
2.716896147E1,9.792463779E-1,-5.959668159E0,2.080004215E-1,6.043164090E0
2.717896225E1,1.558935881E0,-5.990582943E0,1.269572973E-1,6.191403979E0
2.718898829E1,1.535581350E0,-6.025714874E0,-5.908653736E-1,6.246308647E0
2.719896095E1,1.504520893E0,-6.052939892E0,-1.719578505E0,6.469823389E0
2.720895886E1,1.406280875E0,-5.963575363E0,-2.558566093E0,6.639888363E0
2.721895652E1,1.239929795E0,-5.109709740E0,-3.588152885E0,6.365642203E0
2.722896068E1,2.532753944E-1,-3.961121559E0,-4.769315720E0,6.204917797E0
2.723896459E1,1.765251160E-3,-2.512315750E0,-5.943615913E0,6.452774881E0
2.724896147E1,-1.586288452E0,-1.027889252E-1,-7.813781738E0,7.973836070E0
2.725895808E1,-1.626586914E0,9.801244736E-1,-7.710641861E0,7.941059557E0
2.726896069E1,-2.979229927E0,2.611977577E0,-7.563076496E0,8.538053871E0
2.727896173E1,-3.180338860E0,3.940965652E0,-7.479244232E0,9.032433771E0
2.728899042E1,-3.926055431E0,4.847445488E0,-7.262771606E0,9.573896303E0
2.729897673E1,-3.953443050E0,4.963340759E0,-7.013064861E0,9.457671077E0
2.730896490E1,-3.923513174E0,4.947381020E0,-6.749400139E0,9.242561161E0
2.731895751E1,-3.771721840E0,3.977842331E0,-4.990038872E0,7.412799956E0
2.732895839E1,-3.552545786E0,2.756202698E0,-3.911811352E0,5.959824068E0
2.733895865E1,-2.543647528E0,1.494752884E0,-2.939731836E0,4.164907226E0
2.734896173E1,-1.358478785E0,2.944812775E-1,-2.630867004E0,2.975507524E0
2.735896277E1,-1.198856235E0,3.548383713E-1,-1.409944534E0,1.884438943E0
2.736896121E1,-1.047895551E0,4.148435593E-1,-3.953528404E-1,1.194355111E0
2.737896563E1,1.767536521E0,3.809146881E-1,7.842819691E-1,1.970882939E0
2.738896095E1,2.786408901E0,2.869658470E0,1.638196945E0,4.322349307E0
2.739896095E1,2.963914394E0,4.343124390E0,1.743602276E0,5.539645015E0
2.740896225E1,3.640537739E0,5.357530594E0,2.381607533E0,6.901355195E0
2.741897032E1,3.663066626E0,5.449166298E0,2.495933533E0,7.024325921E0
2.742895860E1,3.565135956E0,5.435138702E0,4.105934620E0,7.688278494E0
2.743896095E1,2.797064066E0,5.274580002E0,4.077720642E0,7.229976986E0
2.744895938E1,2.015226603E0,3.830714226E0,4.024905205E0,5.910615167E0
2.745895964E1,1.130444765E0,2.009881973E0,3.960335016E0,4.582770380E0
2.746905339E1,3.519690037E-1,1.667718887E-1,3.680515528E0,3.701066008E0
2.747895610E1,1.666631699E-1,-1.941112518E0,4.658121109E0,5.049137222E0
2.748898178E1,1.640617847E-2,-3.223335266E0,5.369697094E0,6.262891208E0
2.749896464E1,-1.006816626E-1,-3.396966934E0,5.285706520E0,6.283964876E0
2.750895839E1,-2.031397820E-1,-3.464934349E0,5.217261314E0,6.266326790E0
2.751896433E1,-2.409949303E-1,-3.375474453E0,5.144335747E0,6.157604779E0
2.752896068E1,-2.290695906E-1,-2.190511703E0,5.015990257E0,5.478227146E0
2.753896824E1,-1.881637573E-1,-1.429939270E-2,4.739516735E0,4.743271967E0
2.754896459E1,-1.495496035E-1,-3.399181366E-2,3.603616953E0,3.606878938E0
2.755896017E1,-1.576569080E-1,1.269814491E0,2.295452833E0,2.628000809E0
2.756895938E1,-2.211734056E-1,1.320717812E0,1.019154310E0,1.682821655E0
2.757895886E1,-2.898948193E-1,1.270351410E0,7.207150459E-1,1.489047309E0
2.758896459E1,-3.492401838E-1,1.107474327E0,-3.229367733E-1,1.205303385E0
2.759895834E1,-4.004497528E-1,-1.787443161E-1,-5.082732439E-1,6.713056126E-1
2.760895990E1,-4.479242563E-1,-2.759075165E-1,-5.985467434E-1,7.968809830E-1
2.761895886E1,-4.880303144E-1,-2.657489777E-1,-5.714437962E-1,7.970847628E-1
2.762896069E1,-4.931253195E-1,-1.759696960E0,-4.983907938E-1,1.894227905E0
2.763895938E1,-4.617551565E-1,-1.781669617E0,3.141965866E-1,1.867159324E0
2.764895959E1,-4.082624912E-1,-1.766021729E0,3.187959194E-1,1.840418932E0
2.765895464E1,-3.686801195E-1,-1.693585396E0,3.026477098E-1,1.759474967E0
2.766894381E1,-3.658424616E-1,-1.586160660E0,2.788386345E-1,1.651513648E0
2.767897188E1,-3.968173265E-1,-2.420816422E-1,2.726786137E-1,5.389073561E-1
2.768895918E1,-4.611709118E-1,-2.235145569E-1,2.865705490E-1,5.871627088E-1
2.769896043E1,-5.354692936E-1,-2.049894333E-1,2.934432030E-1,6.440938950E-1
2.770896095E1,-1.701533914E0,-2.862243652E-1,3.039917946E-1,1.752014000E0
2.771895912E1,-1.648004174E0,-2.676553726E-1,3.075250387E-1,1.697683365E0
2.772895964E1,-1.554320216E0,-2.292270660E-1,3.768094778E-1,1.615686159E0
2.773896069E1,-1.500824094E0,-2.108678818E-1,4.185506105E-1,1.572298584E0
2.774896199E1,-1.646691442E0,-2.923231125E-1,4.641857147E-1,1.735659495E0
2.775895912E1,-1.589789629E0,-2.743101120E-1,5.128029585E-1,1.692821307E0
2.776896902E1,-1.494152904E0,-2.620573044E-1,1.515529275E0,2.144293803E0
2.777896980E1,-1.399041653E0,-2.496767044E-1,1.546882391E0,2.100595424E0
2.778896772E1,-1.306027055E0,-2.370128632E-1,1.576583743E0,2.060945915E0
2.779897006E1,-1.414402962E0,-3.238897324E-1,1.405003428E0,2.019771010E0
2.780896928E1,-1.809582710E-1,-3.107442856E-1,1.431701303E0,1.476169545E0
2.781895428E1,-7.187044621E-2,-2.974348068E-1,1.456487536E0,1.488283834E0
2.782897839E1,3.983747959E-2,-2.885780334E-1,4.011936188E-1,4.958030112E-1
2.783896339E1,1.460930109E-1,-2.789201736E-1,3.326784372E-1,4.580552081E-1
2.784896053E1,2.310830355E-1,-3.681221008E-1,2.783553600E-1,5.161346306E-1
2.785895553E1,2.792314291E-1,-3.566703796E-1,2.464600801E-1,5.156806394E-1
2.786897527E1,2.689021826E-1,-3.403768539E-1,2.287567854E-1,4.904023382E-1
2.787897162E1,2.127213478E-1,-3.237037659E-1,1.224108100E0,1.283929570E0
2.788897110E1,1.118326187E-1,-3.066759109E-1,1.218911529E0,1.261864479E0
2.789896980E1,-1.196872234E0,1.051609039E0,1.017352939E0,1.890341694E0
2.790897162E1,-1.123138309E0,1.880819321E0,1.057182550E0,2.432397155E0
2.791896850E1,-1.089124680E0,1.904919624E0,1.058406830E0,2.436213529E0
2.792893063E1,-1.054881573E0,1.910571098E0,1.060916781E0,2.426644076E0
2.793896980E1,-2.372841597E0,1.875500679E0,8.634886742E-1,3.145392301E0
2.794897319E1,-2.400852680E0,1.848208427E0,8.644712567E-1,3.150758407E0
2.795896563E1,-2.354191065E0,1.828483582E0,8.673800826E-1,3.104499313E0
2.796896980E1,-2.260978222E0,1.848821640E0,8.681493402E-1,3.046940638E0
2.797896876E1,-2.120080233E0,1.909660339E0,8.707664013E-1,2.983249391E0
2.798896824E1,-1.012193084E0,1.991066933E0,-7.571318150E-1,2.358417044E0
2.799906746E1,-9.255580902E-1,2.644968033E0,-8.722233176E-1,2.934840232E0
2.800895579E1,-8.413239121E-1,2.670118332E0,-1.004188776E0,2.974181052E0
2.801898058E1,-7.609049678E-1,2.686280251E0,-1.751848698E0,3.296066112E0
2.802895959E1,1.147901773E0,2.625965118E0,-1.819669962E0,3.394785716E0
2.803898438E1,1.332581401E0,2.484318733E0,-1.898507118E0,3.398814799E0
2.804896303E1,2.321171999E0,1.428156853E0,-1.991633177E0,3.375510947E0
2.805896121E1,2.468661308E0,1.313453674E0,-2.009329319E0,3.443378214E0
2.806896095E1,3.311745644E0,1.237998962E0,-1.974394679E0,4.049510463E0
2.807896433E1,3.345135212E0,1.252225876E0,-1.836417437E0,4.016270438E0
2.808896251E1,3.481100559E0,2.403300285E0,-8.431734443E-1,4.313334536E0
2.809896042E1,3.471498251E0,2.572555542E0,-7.104077339E-1,4.378815053E0
2.810896095E1,3.447859764E0,3.514728546E0,-6.062179208E-1,4.960700946E0
2.811896121E1,3.370788813E0,3.601339340E0,-5.704295635E-1,4.965606927E0
2.812896121E1,3.237951279E0,3.654116631E0,-5.893987417E-1,4.917752303E0
2.813896068E1,3.061085463E0,3.638277054E0,-6.220709085E-1,4.795234754E0
2.814895938E1,2.821321487E0,3.530267715E0,-6.940439939E-1,4.572126654E0
2.815895860E1,1.651841164E0,2.512344360E0,-1.302505732E0,3.276732305E0
2.816897188E1,7.888379097E-1,1.793342590E0,-1.339667320E0,2.373405027E0
2.817895980E1,-1.525088549E-1,1.659030914E0,-1.390433192E0,2.170010827E0
2.818895069E1,-1.791684866E0,9.261932373E-1,-1.404100537E0,2.457532684E0
2.819896230E1,-1.823565960E0,8.998889923E-1,-1.351138473E0,2.441468448E0
2.820895803E1,-1.851415634E0,8.733510971E-1,-1.244986296E0,2.395928393E0
2.821896147E1,-3.168873310E0,8.368997574E-1,-1.138282061E0,3.469559815E0
2.822896173E1,-3.243002415E0,7.475528717E-1,-1.021795154E0,3.481374053E0
2.823896329E1,-3.272840023E0,-3.953304291E-1,-9.044662714E-1,3.418453920E0
2.824895912E1,-3.221658945E0,-3.746938705E-1,-2.617349625E-1,3.253918721E0
2.825895990E1,-2.963440418E0,-1.968391418E0,-1.171016693E-1,3.559530403E0
2.826895886E1,-1.873818040E0,-2.771974564E0,1.710891724E-3,3.345898976E0
2.827896511E1,-1.764339685E0,-3.583601952E0,1.227477789E-1,3.996268821E0
2.828896589E1,-1.658097506E0,-4.319660187E0,2.284882069E-1,4.632597363E0
2.829896407E1,-1.560494423E0,-4.447466850E0,2.921065092E-1,4.722333157E0
2.830895912E1,-1.464729309E0,-5.257167816E0,3.322587013E-1,5.467507772E0
2.831896121E1,-1.570902586E0,-5.317818642E0,3.554874659E-1,5.556374841E0
2.832895860E1,2.176920176E-1,-5.382499695E0,3.802834749E-1,5.400306315E0
2.833896069E1,3.336747885E-1,-5.446783543E0,3.833470345E-1,5.470442832E0
2.834899246E1,4.581426382E-1,-5.520203590E0,3.683731556E-1,5.551417939E0
2.835896584E1,1.095637441E0,-5.596576214E0,3.233573437E-1,5.711973975E0
2.836896777E1,1.151523590E0,-6.196079254E0,2.370862961E-1,6.306632589E0
2.837894876E1,1.207087755E0,-6.225417137E0,-4.772447348E-1,6.359295709E0
2.838895709E1,1.204375386E0,-6.225989342E0,-5.717970133E-1,6.367135555E0
2.839895938E1,1.187599182E0,-6.183556557E0,-1.542533636E0,6.482759715E0
2.840897006E1,1.132846594E0,-6.044595242E0,-2.456315041E0,6.622231997E0
2.841895912E1,1.003965497E0,-4.709338665E0,-3.586387634E0,6.003998138E0
2.842895886E1,8.225687742E-1,-3.176983833E0,-4.959283829E0,5.946792561E0
2.843896485E1,-2.314343452E-1,-1.164369583E-1,-8.060523987E0,8.064686377E0
2.844896173E1,-1.717352867E0,2.221156120E0,-7.964278221E0,8.444676605E0
2.845896355E1,-1.947422028E0,3.421124458E0,-9.311182976E0,1.010913812E1
2.846895964E1,-1.970606923E0,3.619102478E0,-9.274513245E0,1.014878270E1
2.847895964E1,-3.041924477E0,4.273795128E0,-9.138263702E0,1.053691097E1
2.848896277E1,-3.889976978E0,4.188005447E0,-8.835306168E0,1.052301979E1
2.849896043E1,-3.953402281E0,2.699549675E0,-6.988408089E0,8.470820837E0
2.850895834E1,-3.952479839E0,1.156136513E0,-6.774930954E0,7.928331347E0
2.851895938E1,-3.823888779E0,1.925811768E-1,-4.309308529E0,5.764490689E0
2.852896668E1,-3.621158123E0,-1.422972679E0,-2.860392809E0,4.829025204E0
2.853897985E1,-2.736036301E0,-1.481307030E0,-1.666545391E0,3.529523862E0
2.854896412E1,-1.370929956E0,-1.450869083E0,-4.508652687E-1,2.046399163E0
2.855897683E1,-1.407344103E0,-1.269315720E0,8.440566063E-1,2.074659339E0
2.856896355E1,7.178754807E-1,5.164375305E-1,1.896149158E0,2.092231957E0
2.857896381E1,2.060698032E0,2.496438026E0,1.987829924E0,3.798703332E0
2.858896147E1,3.140974760E0,4.774645805E0,1.896445751E0,6.021583803E0
2.859896225E1,3.336508512E0,6.482530594E0,1.142067671E0,7.379689053E0
2.860895808E1,3.447632551E0,7.354474068E0,1.079882383E0,8.193937087E0
2.861895938E1,3.413296700E0,7.248638153E0,1.835347176E0,8.219601492E0
2.862895964E1,3.204625130E0,5.937893867E0,1.807153702E0,6.985270954E0
2.863895886E1,2.150055885E0,4.068560600E0,1.752262115E0,4.924058102E0
2.864896277E1,1.905908346E0,1.526358604E0,2.635725975E0,3.592952634E0
2.865896459E1,9.637522697E-1,-1.087924004E0,3.893988132E0,4.156385527E0
2.866896121E1,8.529256582E-1,-3.067771912E0,3.825795174E0,4.977490873E0
2.867896095E1,7.553991079E-1,-4.355481148E0,4.856707573E0,6.567225616E0
2.868895990E1,6.355719566E-1,-4.514831066E0,5.518696785E0,7.158468095E0
2.869895964E1,5.016741753E-1,-4.554767132E0,5.457691193E0,7.126287516E0
2.870895704E1,3.602421284E-1,-4.439912796E0,5.353203773E0,6.964150391E0
2.871897792E1,-4.724062681E-1,-3.014101982E0,5.185464382E0,6.016395873E0
2.872898105E1,-5.961877108E-1,-1.564177513E0,4.997848988E0,5.270729132E0
2.873895709E1,-7.431931496E-1,2.043619156E-1,4.118040085E0,4.189552958E0
2.874895892E1,-1.995044708E0,1.374324799E0,2.832931042E0,3.727528716E0
2.875895964E1,-1.982465386E0,2.572913170E0,2.747667074E0,4.254377221E0
2.876896303E1,-1.966962337E0,3.389813423E0,2.664391279E0,4.739067078E0
2.877896303E1,-1.947259307E0,3.422957420E0,1.084285259E0,4.084621259E0
2.878896017E1,-1.885945320E0,3.330940247E0,2.583301067E-1,3.836494118E0
2.879896563E1,-1.972820520E0,1.715950966E0,-3.410816193E-2,2.614894241E0
2.880896095E1,-1.856944680E0,-9.091854095E-2,-1.593582630E-1,1.865986276E0
2.881896803E1,-1.742526293E0,-1.016569138E-1,-2.649135590E-1,1.765477613E0
2.882896225E1,-1.631076336E0,-1.096601486E-1,-3.284332752E-1,1.667424295E0
2.883895756E1,-1.720260262E0,-2.054004669E-1,-2.911953926E-1,1.756780999E0
2.884896329E1,5.001342297E-2,-1.558928490E0,-1.814441681E-1,1.570248823E0
2.885895964E1,1.991668940E-1,-1.579385757E0,5.920031071E-1,1.698409403E0
2.886895834E1,3.329496384E-1,-1.557774544E0,6.742970943E-1,1.729795815E0
2.887895964E1,4.368544817E-1,-1.535300255E0,7.577880621E-1,1.766983717E0
2.888906355E1,5.009945631E-1,-1.510222435E0,8.171322346E-1,1.788706920E0
2.889897069E1,5.220342875E-1,-1.487929344E0,8.507006168E-1,1.791687771E0
2.890912897E1,4.576311111E-1,-1.455990791E0,8.502922058E-1,1.747092514E0
2.891895892E1,3.467538357E-1,-1.434935570E0,8.165693283E-1,1.687028091E0
2.892891470E1,2.132873535E-1,-1.416498184E0,7.685009241E-1,1.625592898E0
2.893896407E1,-1.480048895E0,-1.385456085E0,7.284706831E-1,2.154229057E0
2.894895938E1,-1.457973957E0,-1.348035812E0,6.872169971E-1,2.101227216E0
2.895896121E1,-1.435339212E0,-1.300168991E0,6.498074532E-1,2.042764741E0
2.896896329E1,-1.412215948E0,-1.243198395E0,6.059740782E-1,1.976638742E0
2.897896303E1,-1.548071384E0,-1.856031418E-1,5.670160055E-1,1.659060182E0
2.898896095E1,-1.519002080E0,-1.651582718E-1,5.750008821E-1,1.632565646E0
2.899896068E1,-1.430071712E0,-1.531705856E-1,6.166218519E-1,1.564860645E0
2.900896980E1,-1.340778232E0,-1.408796310E-1,6.672364473E-1,1.504239945E0
2.901897084E1,-1.252776504E0,-1.282863617E-1,7.393063307E-1,1.460301410E0
2.902896928E1,-1.365368009E0,-2.152271271E-1,8.102558851E-1,1.602206951E0
2.903896954E1,-1.273551702E0,-2.038106918E-1,8.838765621E-1,1.563557007E0
2.904897553E1,-1.183701754E0,-1.918287277E-1,1.896640897E0,2.243923972E0
2.905897084E1,-1.095728517E0,-1.793508530E-1,1.917458773E0,2.215724680E0
2.906904371E1,-1.009735107E0,-1.667432785E-1,1.936709046E0,2.190481737E0
2.907896282E1,-1.126747727E0,-2.538661957E-1,1.753522396E0,2.099726001E0
2.908911365E1,-1.043909669E0,-2.412633896E-1,1.767774224E0,2.067119041E0
2.909896464E1,-9.629299641E-1,-2.288131714E-1,1.779112220E0,2.035885526E0
2.910895553E1,-8.844789863E-1,-2.226419449E-1,1.751693487E0,1.974918374E0
2.911897683E1,-8.090663552E-1,7.641019821E-1,1.724906206E0,2.052740029E0
2.912897136E1,-9.345464706E-1,8.256225586E-1,1.500935793E0,1.951368230E0
2.913897162E1,-8.597216606E-1,8.880996704E-1,1.479251981E0,1.927700387E0
2.914897032E1,-7.863036990E-1,9.613561630E-1,1.459713459E0,1.916570521E0
2.915897058E1,-6.742405891E-1,1.681664467E0,2.237366438E-1,1.825555761E0
2.916897240E1,-8.018636107E-1,1.788399696E0,8.346652985E-2,1.961714909E0
2.917897214E1,-7.307797670E-1,2.628177643E0,-5.843278170E-1,2.789766260E0
2.918897084E1,-6.593329310E-1,2.724904060E0,-7.227104902E-1,2.895191273E0
2.919896928E1,-5.891898870E-1,3.386067390E0,-8.819869757E-1,3.548309192E0
2.920896772E1,-5.189812779E-1,3.398235321E0,-1.554775834E0,3.772886529E0
2.921896876E1,-6.507896781E-1,3.363223076E0,-1.555240512E0,3.762123033E0
2.922896850E1,1.003558397E0,3.233751297E0,-1.553774714E0,3.725384916E0
2.923895964E1,1.172743082E0,2.267085075E0,-1.576866508E0,3.000251499E0
2.924897626E1,2.229200363E0,2.121263504E0,-1.558153629E0,3.449193506E0
2.925897808E1,2.399990082E0,1.371510506E0,-1.507108450E0,3.148391548E0
2.926897225E1,3.396812916E0,1.354570389E0,-1.407294035E0,3.918376631E0
2.927895839E1,3.511488914E0,1.424998283E0,-1.261139989E0,3.993951499E0
2.928895996E1,3.575530052E0,2.213692665E0,-5.633628368E-1,4.242903258E0
2.929896303E1,4.157689571E0,2.373603821E0,-4.796190262E-1,4.811487512E0
2.930896251E1,4.077036381E0,3.422960281E0,-4.143221378E-1,5.339526718E0
2.931896068E1,3.915143728E0,3.512589455E0,-4.018409252E-1,5.275235655E0
2.932896355E1,3.707380295E0,3.592186928E0,-4.625366926E-1,5.182896465E0
2.933896485E1,2.781166553E0,3.533485413E0,-6.189423800E-1,4.539107426E0
2.934896042E1,1.618344784E0,2.795522690E0,-6.491631269E-1,3.294753362E0
2.935896303E1,7.222311497E-1,2.074849129E0,-6.631654501E-1,2.294864953E0
2.936896251E1,-2.380195856E-1,1.947147369E0,-6.943156719E-1,2.080891745E0
2.937896225E1,-1.386029959E0,1.222082138E0,-7.110798359E-1,1.979949073E0
2.938895964E1,-1.423696876E0,1.200098991E0,-6.761319637E-1,1.980985819E0
2.939895860E1,-1.454897642E0,1.171905518E0,-5.568845272E-1,1.949412749E0
2.940895990E1,-2.897270679E0,1.118590355E0,1.228247881E-1,3.108135728E0
2.941896772E1,-2.960496664E0,1.023187637E0,1.737495661E-1,3.137139198E0
2.942895824E1,-2.934980631E0,-3.510541916E-1,2.030452490E-1,2.962866471E0
2.943895084E1,-2.819846153E0,-3.324213028E-1,2.110430002E-1,2.847204840E0
2.944895756E1,-1.438582182E0,-3.175153732E-1,2.328360081E-1,1.491491640E0
2.945895813E1,-1.542350054E0,-1.968679428E0,2.727823257E-1,2.515740960E0
2.946895990E1,-1.447713971E0,-2.841651917E0,3.154020309E-1,3.204737087E0
2.947896016E1,-1.354528546E0,-3.629827499E0,3.551131487E-1,3.890565590E0
2.948896589E1,-1.264187336E0,-3.775716782E0,3.736313581E-1,3.999225828E0
2.949895860E1,-1.181255221E0,-4.664968491E0,3.804117441E-1,4.827215348E0
2.950895990E1,-1.876146793E-1,-4.796762466E0,3.798975945E-1,4.815438880E0
2.951895938E1,-5.521059036E-2,-4.846808434E0,3.852704763E-1,4.862410260E0
2.952896277E1,7.078880072E-1,-4.883572102E0,3.925445080E-1,4.950199298E0
2.953895990E1,8.026896715E-1,-4.918287754E0,3.970973492E-1,4.999155073E0
2.954896746E1,9.004697800E-1,-4.951793671E0,3.727506399E-1,5.046786049E0
2.955896225E1,9.992066622E-1,-4.993144989E0,3.276796341E-1,5.102674277E0
2.956895860E1,1.030635715E0,-5.018645287E0,2.506520748E-1,5.129506502E0
2.957895938E1,1.021775365E0,-5.038238525E0,-4.685798883E-1,5.162115792E0
2.958895964E1,9.471625090E-1,-5.044659138E0,-5.631811619E-1,5.163610719E0
2.959897813E1,8.476374149E-1,-5.022453785E0,-1.443626046E0,5.294108742E0
2.960895761E1,7.354764938E-1,-4.955511570E0,-1.581679583E0,5.253544603E0
2.961894876E1,6.084624529E-1,-4.790692329E0,-2.746878624E0,5.555744930E0
2.962895454E1,4.706382751E-1,-3.333623409E0,-3.514654875E0,4.866964589E0
2.963896032E1,-2.338563204E-1,-1.909057617E0,-4.390563488E0,4.793353472E0
2.964895860E1,-3.710360527E-1,-1.518507004E-1,-5.387544632E0,5.402440518E0
2.965896225E1,-1.681556702E0,1.477233887E0,-6.278979301E0,6.665990846E0
2.966896199E1,-1.694248319E0,2.978585243E0,-7.819944382E0,8.537796996E0
2.967895886E1,-1.695368767E0,4.048813820E0,-7.692697525E0,8.856904867E0
2.968896121E1,-4.468122959E0,4.935750961E0,-7.572440147E0,1.008303576E1
2.969896017E1,-5.233963013E0,4.869362831E0,-7.355985165E0,1.025746464E1
2.970896147E1,-5.328643322E0,3.731812477E0,-5.286214828E0,8.382417982E0
2.971896485E1,-5.899232388E0,2.515212059E0,-4.295794487E0,7.718878464E0
2.972896147E1,-5.761876583E0,1.202327728E0,-3.263878584E0,6.730357876E0
2.973895964E1,-5.531122208E0,1.058635712E-1,-2.356450319E0,6.013100538E0
2.974895912E1,-4.099106312E0,1.592111588E-1,-2.069508076E0,4.594658249E0
2.975895938E1,-2.794943810E0,2.104892731E-1,-1.232793808E0,3.061992359E0
2.976895886E1,-8.003091812E-1,2.638025284E-1,-1.054518938E0,1.349850640E0
2.977895897E1,-6.072947383E-1,1.329454422E0,-8.759114742E-1,1.703959175E0
2.978898063E1,1.965316176E0,2.565260887E0,-7.167439461E-1,3.310098635E0
2.979896803E1,3.515538692E0,3.883337021E0,-6.310079098E-1,5.276124496E0
2.980895006E1,4.791956902E0,4.930955887E0,-5.777702332E-1,6.900072126E0
2.981897964E1,5.695815086E0,5.040081978E0,-5.328648090E-1,7.624216730E0
2.982896121E1,5.812647820E0,5.061566353E0,-4.363777637E-1,7.719893404E0
2.983896459E1,5.892299652E0,4.935817719E0,3.944611549E-1,7.696563606E0
2.984896121E1,5.821060658E0,3.646101952E0,5.529296398E-1,6.890902539E0
2.985895938E1,5.572118282E0,2.163475037E0,1.748887777E0,6.227979997E0
2.986895912E1,3.956392050E0,-1.515542984E0,3.982207537E0,5.814454872E0
2.987896121E1,3.007037640E0,-3.118829727E0,3.799978971E0,5.762743654E0
2.988895938E1,2.664680958E0,-4.171251774E0,5.538546562E0,7.428012116E0
2.989896121E1,1.447153091E0,-4.279672623E0,5.605208874E0,7.199181644E0
2.990896017E1,1.158239961E0,-4.301294804E0,6.248541832E0,7.673782107E0
2.991896850E1,1.792173386E-1,-4.188071251E0,6.192223549E0,7.477679596E0
2.992891308E1,-1.004033089E-1,-2.954109192E0,6.084588051E0,6.764543864E0
2.993895938E1,-1.957952261E0,-1.625293255E0,5.919214725E0,6.443000713E0
2.994896043E1,-2.010059595E0,2.468080521E-1,5.627639771E0,5.980934975E0
2.995895569E1,-2.054607391E0,2.372093201E-1,4.562001228E0,5.008945498E0
2.996897074E1,-2.059467077E0,2.308710098E0,4.286524773E0,5.286382656E0
2.997897027E1,-2.258071423E0,3.039887428E0,2.601211071E0,4.594137695E0
2.998896959E1,-2.225229740E0,3.054036140E0,2.493664742E0,4.527377606E0
2.999896433E1,-2.187434435E0,2.964771271E0,1.280538321E0,3.900578994E0
3.000896277E1,-2.072376490E0,2.756892204E0,2.911471128E-1,3.461208688E0
3.001895808E1,-1.958928943E0,1.430998802E0,3.992366791E-2,2.426263397E0
3.002896147E1,-2.046417236E0,-1.336812973E-1,-1.541708708E-1,2.056565791E0
3.003896225E1,-1.932113528E0,-1.396894455E-1,-2.444566488E-1,1.952520136E0
3.004896016E1,-2.719924450E-1,-1.293747902E0,-2.289000750E-1,1.341699955E0
3.005895964E1,-9.487545490E-2,-1.340753555E0,-1.228840351E-1,1.349711797E0
3.006895938E1,7.703328133E-2,-1.357046127E0,7.888988256E-1,1.571581902E0
3.007896303E1,2.168180943E-1,-1.346509933E0,1.796657205E0,2.255676439E0
3.008896043E1,3.098844290E-1,-1.317610741E0,1.844759583E0,2.288070004E0
3.009896147E1,3.604092598E-1,-1.272430420E0,1.892359495E0,2.308678944E0
3.010895860E1,3.122831583E-1,-1.219650269E0,1.937580228E0,2.310689224E0
3.011895756E1,2.109968662E-1,-1.165297508E0,1.789552569E0,2.145911545E0
3.012895886E1,-4.886758327E-1,-1.769857407E-1,1.805396438E0,1.878718797E0
3.013905777E1,-1.566333652E0,-1.640300751E-1,1.783929586E0,2.379645298E0
3.014895558E1,-1.540683508E0,-1.507949829E-1,1.762616634E0,2.345903280E0
3.015910777E1,-1.514521718E0,-1.370344162E-1,1.742973566E0,2.313117230E0
3.016897428E1,-1.687386990E0,-2.225332260E-1,1.525461316E0,2.285569539E0
3.017895782E1,-1.659439206E0,-2.076654434E-1,1.509360909E0,2.252783560E0
3.018895865E1,-1.625061512E0,-1.943922043E-1,1.487867236E0,2.211868477E0
3.019896173E1,-1.562597752E0,-1.849279404E-1,1.469394207E0,2.152911845E0
3.020895938E1,-1.461118579E0,-1.807994843E-1,1.454109311E0,2.069296944E0
3.021896043E1,-1.561498046E0,-2.752189636E-1,1.241177917E0,2.013589890E0
3.022896095E1,-1.422625065E0,-2.487993240E-1,1.270020962E0,1.923204727E0
3.023896850E1,-1.324311852E0,-2.415676117E-1,1.260542393E0,1.844213631E0
3.024896824E1,-1.228278399E0,-2.333278656E-1,1.252807975E0,1.769925857E0
3.025897084E1,-1.333963037E0,-3.239078522E-1,1.047247052E0,1.726586247E0
3.026897631E1,-1.241816759E0,-3.136367798E-1,1.043253422E0,1.651924512E0
3.027896798E1,-1.151760221E0,-3.025770187E-1,1.040796161E0,1.581569191E0
3.028897110E1,-1.063743114E0,-2.907943726E-1,1.039810181E0,1.515689939E0
3.029900444E1,-9.776696563E-1,8.897695541E-1,1.040275574E0,1.682171539E0
3.030896928E1,-1.094595909E0,9.077854156E-1,8.408349156E-1,1.652034479E0
3.031902548E1,-1.011619091E0,9.375391006E-1,8.444690108E-1,1.617244775E0
3.032895704E1,-9.304280877E-1,9.579982758E-1,8.493580222E-1,1.582676901E0
3.033909392E1,-8.509700298E-1,9.605779648E-1,8.554622531E-1,1.542295589E0
3.034896334E1,-7.747906446E-1,9.622573853E-1,8.609991074E-1,1.505841719E0
3.035895839E1,-8.957675695E-1,9.430437088E-1,-7.448526621E-1,1.498845043E0
3.036896954E1,-8.169170618E-1,9.159708023E-1,-8.621756434E-1,1.499900942E0
3.037896902E1,-7.398271561E-1,9.213256836E-1,-9.896671772E-1,1.541306705E0
3.038897110E1,-6.644969583E-1,9.842576981E-1,-1.666129112E0,2.046046344E0
3.039900183E1,-5.924499631E-1,1.097538948E0,-1.690050840E0,2.100442940E0
3.040896668E1,-6.815129519E-1,2.061310768E0,-1.614814520E0,2.705750898E0
3.041897293E1,-6.096755266E-1,2.152395248E0,-1.486604214E0,2.685982435E0
3.042896902E1,-5.392438173E-1,2.783341408E0,-8.278678060E-1,2.953495961E0
3.043896746E1,-4.702403545E-1,2.796454430E0,-7.314444184E-1,2.928531083E0
3.044896824E1,-6.035795808E-1,2.768178940E0,-6.202676892E-1,2.900319803E0
3.045897214E1,-5.349600911E-1,2.688696861E0,-5.425763726E-1,2.794577290E0
3.046896798E1,-4.677923620E-1,2.569721222E0,-5.316177607E-1,2.665504511E0
3.047896016E1,7.492443323E-1,1.879609108E0,-5.692329407E-1,2.101980877E0
3.048896199E1,8.516923189E-1,1.857454300E0,-6.311813593E-1,2.138669257E0
3.049901178E1,9.849736691E-1,1.891532898E0,-6.938605905E-1,2.242657431E0
3.050898011E1,1.832749605E0,1.979574203E0,-7.369835377E-1,2.796574669E0
3.051896095E1,1.926687121E0,2.788516045E0,-7.645961046E-1,3.474557842E0
3.052895787E1,2.047033787E0,2.922591209E0,-7.827073336E-1,3.653014847E0
3.053896407E1,2.698540688E0,3.833762169E0,-7.828042507E-1,4.753171226E0
3.054896277E1,2.697866917E0,3.908177376E0,-7.816306353E-1,4.812824820E0
3.055896433E1,2.695055008E0,3.938116074E0,-7.794791460E-1,4.835252573E0
3.056896068E1,2.626585960E0,3.887011528E0,-7.588623762E-1,4.752229428E0
3.057895938E1,2.503983736E0,3.744632721E0,-7.213971615E-1,4.562085338E0
3.058896251E1,1.190909147E0,2.001469612E0,-7.017848492E-1,2.432415914E0
3.059898699E1,3.850154281E-1,1.865688324E0,-7.406756878E-1,2.043925213E0
3.060895912E1,-8.446903825E-1,1.041260719E0,-7.875499725E-1,1.554979320E0
3.061896147E1,-8.712952733E-1,9.799222946E-1,-7.877107859E-1,1.529670369E0
3.062895678E1,-8.942206502E-1,9.172744751E-1,-7.424503565E-1,1.480626748E0
3.063896095E1,-2.217109680E0,8.681812286E-1,-6.866781712E-1,2.478072011E0
3.064896069E1,-2.323580265E0,8.114852905E-1,-6.258497238E-1,2.539531749E0
3.065895964E1,-2.355257034E0,7.052612305E-1,-5.587286949E-1,2.521270881E0
3.066896642E1,-2.285812378E0,-4.463481903E-1,-4.831423759E-1,2.378569211E0
3.067896022E1,-2.136097193E0,-4.269781113E-1,-3.633191586E-1,2.208443419E0
3.068896438E1,-1.082706928E0,-5.072937012E-1,1.171551466E0,1.673957595E0
3.069896647E1,-1.002454758E0,-2.233254433E0,1.226628900E0,2.738057589E0
3.070895605E1,-9.241881371E-1,-3.097010612E0,1.281069160E0,3.476598429E0
3.071895892E1,-8.480495214E-1,-3.935383797E0,1.334212422E0,4.241056048E0
3.072896016E1,-7.736676335E-1,-4.662273407E0,1.385045171E0,4.924805078E0
3.073896329E1,-9.025350213E-1,-4.801763535E0,1.236904979E0,5.039983773E0
3.074896459E1,-8.325807452E-1,-5.683218479E0,2.917187214E-1,5.751283578E0
3.075895990E1,6.602463722E-1,-5.823977947E0,1.910152435E-1,5.864395214E0
3.076896017E1,7.389563918E-1,-5.880016327E0,1.397793293E-1,5.927915891E0
3.077895912E1,8.299674392E-1,-5.916594982E0,9.429228306E-2,5.975268460E0
3.078896251E1,8.928105831E-1,-5.941070557E0,4.419791698E-2,6.007943371E0
3.079898360E1,9.516654015E-1,-5.950453281E0,-4.643249512E-2,6.026252340E0
3.080896069E1,9.555082917E-1,-5.932552338E0,-8.277744055E-1,6.065755007E0
3.081897204E1,9.407457709E-1,-5.898937702E0,-9.337897301E-1,6.046026123E0
3.082895834E1,8.946201801E-1,-5.836780548E0,-2.036708832E0,6.246321742E0
3.083895756E1,8.197394609E-1,-5.739634037E0,-2.790662050E0,6.434529225E0
3.084895662E1,7.156378031E-1,-4.944789886E0,-3.501339436E0,6.101021417E0
3.085897871E1,5.858618021E-1,-3.990552902E0,-4.207688332E0,5.828583671E0
3.086895782E1,4.506273270E-1,-2.505107880E0,-4.927415371E0,5.545994294E0
3.087895751E1,2.963856459E-1,-2.170457840E-1,-5.678518295E0,5.690388682E0
3.088896407E1,1.597589254E-1,1.230287552E0,-6.319502831E0,6.440127825E0
3.089898126E1,2.510416508E-2,2.883519173E0,-6.313718796E0,6.941063180E0
3.090896199E1,-1.280142903E0,4.157141685E0,-7.722195625E0,8.863007284E0
3.091895938E1,-1.278566480E0,4.930191994E0,-7.506114960E0,9.071013567E0
3.092891746E1,-1.449111223E0,5.008099556E0,-7.398961067E0,9.051276671E0
3.093896277E1,-1.359604836E0,3.617810249E0,-7.127234459E0,8.107684462E0
3.094896668E1,-1.296277761E0,2.006267548E0,-5.847801208E0,6.316820757E0
3.095896381E1,-1.230740428E0,1.438608170E-1,-4.523717880E0,4.690356212E0
3.096896121E1,-2.561315060E0,-1.084218979E0,-3.543452263E0,4.504655322E0
3.097896433E1,-2.513290405E0,-1.714452744E0,-2.545597792E0,3.966868411E0
3.098895834E1,-2.406864166E0,-1.639869213E0,-1.526745319E0,3.288330491E0
3.099898542E1,-9.871595502E-1,-7.333755493E-1,-3.672318459E-1,1.283426236E0
3.100895990E1,-8.902512193E-1,3.947830200E-1,8.168931007E-1,1.271107865E0
3.101895964E1,6.844992638E-1,2.685811043E0,1.081875801E0,2.975327788E0
3.102903839E1,2.094869852E0,4.861633301E0,1.175104141E0,5.422621856E0
3.103895824E1,3.224349022E0,6.548848152E0,1.189389944E0,7.395842560E0
3.104898574E1,4.093439102E0,7.239902496E0,1.278791428E0,8.414733469E0
3.105895813E1,4.224355698E0,7.185507774E0,1.294559240E0,8.435199266E0
3.106896074E1,4.338739395E0,6.275593758E0,1.315723181E0,7.742019377E0
3.107895964E1,4.304253101E0,4.841189384E0,1.313635349E0,6.609791770E0
3.108896069E1,4.093381882E0,2.995251656E0,1.308739901E0,5.238330635E0
3.109898517E1,2.972296238E0,2.572441101E-1,2.210193634E0,3.712906592E0
3.110896095E1,2.109621763E0,-1.632026672E0,3.825224638E0,4.663299108E0
3.111896068E1,1.119357228E0,-4.402909279E0,4.808176994E0,6.614917742E0
3.112896043E1,9.560728073E-1,-4.489080429E0,5.836838722E0,7.425267980E0
3.113895938E1,7.578008175E-1,-4.455616474E0,5.806695938E0,7.358294501E0
3.114896303E1,-7.061254978E-2,-3.719379425E0,5.722608566E0,6.825468353E0
3.115895990E1,-2.221226692E-1,-2.659305096E0,5.535312176E0,6.144991697E0
3.116895964E1,-3.658819199E-1,-1.448463440E0,4.713829041E0,4.944906484E0
3.117896043E1,-5.212739706E-1,1.586103439E-1,3.045944214E0,3.094294742E0
3.118896225E1,-1.772784114E0,1.482667923E-1,2.955477476E0,3.449578767E0
3.119898881E1,-1.768245697E0,1.705591202E0,2.866890192E0,3.775552088E0
3.120896282E1,-1.958269835E0,1.779876709E0,2.580827951E0,3.696411065E0
3.121895048E1,-1.919506669E0,1.764290810E0,1.275886059E0,2.902604546E0
3.122894751E1,-1.876938820E0,1.649280548E0,1.049444199E0,2.710047746E0
3.123895631E1,-1.820932865E0,-1.617336273E-2,3.070323467E-1,1.846707053E0
3.124896095E1,-1.760217786E0,-1.833724976E-2,1.911411285E-1,1.770660283E0
3.125895756E1,-1.854268432E0,-1.263437271E-1,1.001524925E-1,1.861264268E0
3.126895990E1,-1.750435829E0,-1.321086884E-1,1.979327202E-2,1.755525583E0
3.127896225E1,-1.647030234E0,-1.357278824E-1,-6.381762028E-2,1.653845017E0
3.128896121E1,-4.991221428E-2,-1.082096100E-1,-9.491348267E-2,1.523453905E-1
3.129899011E1,4.613685608E-2,-1.950597763E-1,-7.306408882E-2,2.133431201E-1
3.130896381E1,1.401321888E-1,-1.811237335E-1,-7.910132408E-3,2.291405843E-1
3.131896277E1,1.979990005E-1,-1.666889191E-1,8.421325684E-2,2.721776489E-1
3.132895912E1,2.335280180E-1,-1.517534256E-1,1.752891541E-1,3.290755611E-1
3.133896017E1,2.236276865E-1,-1.362037659E-1,2.359813452E-1,3.524883023E-1
3.134896121E1,1.319769621E-1,-2.128524780E-1,3.025029898E-1,3.927240185E-1
3.135895730E1,-1.379049301E0,-1.896581650E-1,3.514078856E-1,1.435700072E0
3.136895912E1,-1.345560670E0,-1.667337418E-1,3.988690376E-1,1.413304697E0
3.137899350E1,-1.311748743E0,-1.446590424E-1,4.568146467E-1,1.396528061E0
3.138897428E1,-1.277726889E0,-1.233530045E-1,5.090724230E-1,1.380926029E0
3.139899928E1,-1.442863464E0,-2.023134232E-1,5.719351768E-1,1.565214217E0
3.140894819E1,-1.407873869E0,-1.818170547E-1,6.141290665E-1,1.546712896E0
3.141895699E1,-1.369809270E0,-1.620893478E-1,6.584284306E-1,1.528456212E0
3.142896355E1,-1.276768208E0,-1.497936249E-1,6.914032698E-1,1.459662176E0
3.143896485E1,-1.185715199E0,-1.374778748E-1,7.266708612E-1,1.397451695E0
3.144896095E1,-1.294698238E0,-2.250146866E-1,7.591431141E-1,1.517620969E0
3.145895704E1,-1.205816507E0,-2.129001617E-1,7.720195055E-1,1.447526872E0
3.146896095E1,-1.054422855E-1,-1.808967590E-1,7.974182367E-1,8.244498513E-1
3.147897084E1,-1.966953278E-3,-1.686935425E-1,8.032917976E-1,8.208161136E-1
3.148896876E1,1.101555824E-1,-2.559652328E-1,8.192781210E-1,8.653722276E-1
3.149901173E1,2.261273265E-1,-2.431087494E-1,8.344006538E-1,8.980311147E-1
3.150897032E1,3.291095495E-1,-2.298536301E-1,8.592013121E-1,9.483526145E-1
3.151896980E1,3.975355625E-1,-2.163782120E-1,1.874298453E0,1.928172385E0
3.152897162E1,3.880586624E-1,-1.993379593E-1,1.888174295E0,1.937918295E0
3.153896824E1,3.329698443E-1,-2.818965912E-1,1.702186465E0,1.757206126E0
3.154897136E1,2.421194315E-1,-2.642812729E-1,1.715608239E0,1.752648864E0
3.155909970E1,1.305955648E-1,-2.465982437E-1,1.728340864E0,1.750722148E0
3.156896048E1,-9.308006763E-1,-2.290887833E-1,1.740049243E0,1.986615951E0
3.157897006E1,-8.996329904E-1,-2.173976898E-1,1.715970159E0,1.949655061E0
3.158897235E1,-1.067648292E0,-3.047828674E-1,1.494655967E0,1.861924255E0
3.159900183E1,-1.035357237E0,1.179260254E0,1.473922014E0,2.152920216E0
3.160897006E1,-1.002749205E0,1.254736900E0,1.455336571E0,2.167458233E0
3.161897058E1,-9.697708488E-1,2.044377327E0,1.437101960E0,2.680521628E0
3.162896876E1,-9.323497415E-1,2.173907280E0,1.420900345E0,2.759367082E0
3.163897110E1,-1.053061485E0,3.158398628E0,1.207891703E0,3.541669487E0
3.164896772E1,-9.301871657E-1,3.358130455E0,8.740222454E-2,3.485674607E0
3.165896954E1,-8.474891186E-1,3.399477959E0,-5.602896214E-2,3.503973094E0
3.166897267E1,-7.642392516E-1,3.350372314E0,-7.478867769E-1,3.516872319E0
3.167897006E1,-8.824258447E-1,3.222908974E0,-8.454287052E-1,3.446819885E0
3.168897006E1,3.179512024E-1,2.389834404E0,-9.703005552E-1,2.598823698E0
3.169900365E1,1.234304667E0,2.279042244E0,-1.101764560E0,2.816278876E0
3.170897318E1,1.424116611E0,2.189999580E0,-1.161912918E0,2.859064168E0
3.171895782E1,2.532692194E0,2.170555115E0,-1.171870470E0,3.535409404E0
3.172895756E1,2.696144819E0,2.236443520E0,-1.137874842E0,3.683155666E0
3.173897761E1,3.631110907E0,2.951165199E0,-1.054121852E0,4.796406502E0
3.174897662E1,3.707543850E0,3.102114677E0,-9.528782368E-1,4.927166915E0
3.175900772E1,4.292572021E0,3.835834503E0,-8.483743668E-1,5.818895081E0
3.176895709E1,4.250152588E0,3.855893135E0,-7.946212292E-1,5.793369640E0
3.177896095E1,4.130104065E0,3.836861610E0,-8.190789223E-1,5.696503918E0
3.178895990E1,3.954619884E0,3.737877846E0,-8.708679676E-1,5.510822102E0
3.179898490E1,3.116974354E0,2.830924034E0,-8.986632824E-1,4.305491343E0
3.180897761E1,2.255632162E0,2.143854141E0,-9.043594599E-1,3.240656270E0
3.181897251E1,1.704061031E-1,1.231404305E0,-1.006632566E0,1.599594925E0
3.182895886E1,-1.392250776E0,-4.503278732E-1,-1.078095555E0,1.817538842E0
3.183895912E1,-1.436523557E0,-4.149427414E-1,-1.089844823E0,1.850280829E0
3.184896068E1,-1.475997210E0,-3.796958923E-1,-1.025047898E0,1.836698104E0
3.185896615E1,-3.288331985E0,-3.446512222E-1,-9.718240499E-1,3.446208597E0
3.186895730E1,-3.399645805E0,-4.126377106E-1,-9.491622448E-1,3.553698137E0
3.187895782E1,-3.409732103E0,-3.846044540E-1,-9.418518543E-1,3.558269034E0
3.188895886E1,-3.310405731E0,-3.620672226E-1,-9.241449833E-1,3.455998080E0
3.189898438E1,-1.529486656E0,-3.443002701E-1,-8.522897959E-1,1.784452298E0
3.190899376E1,-1.435891271E0,-1.569393158E0,-7.514680624E-1,2.255988226E0
3.191895761E1,-1.543875575E0,-1.732582092E0,-6.404899359E-1,2.407409366E0
3.192916563E1,-1.452262044E0,-2.946634293E0,-5.156652927E-1,3.325301399E0
3.193896975E1,-3.601251841E-1,-3.692972660E0,1.903429031E-1,3.715369112E0
3.194897475E1,-2.691192627E-1,-3.822881222E0,2.350205183E-1,3.839541725E0
3.195896589E1,-1.870385408E-1,-4.621742725E0,2.521061897E-1,4.632391042E0
3.196896303E1,-1.263742447E-1,-4.674756050E0,2.527329922E-1,4.683288219E0
3.197896147E1,-8.100962639E-2,-4.738177776E0,2.510508299E-1,4.745515538E0
3.198895938E1,-8.297812939E-2,-4.823799133E0,2.377176285E-1,4.830365733E0
3.199898568E1,-1.150666475E-1,-5.497635841E0,2.218695879E-1,5.503314119E0
3.200896798E1,-1.808357239E-1,-5.510276794E0,1.758248806E-1,5.516046256E0
3.201896199E1,-2.095757723E-1,-5.551980972E0,1.273493767E-1,5.557394406E0
3.202896016E1,-2.127268314E-1,-5.615138054E0,6.321501732E-2,5.619521706E0
3.203896068E1,-2.082322836E-1,-5.672488213E0,-5.925719738E-1,5.707155574E0
3.204895860E1,-2.166967392E-1,-5.719780922E0,-6.617876291E-1,5.762014764E0
3.205896642E1,-2.497212887E-1,-5.722760677E0,-1.405918360E0,5.898216419E0
3.206895886E1,-3.013753891E-1,-5.634170055E0,-1.540749431E0,5.848812542E0
3.207895912E1,-3.835268021E-1,-4.783361435E0,-2.879911900E0,5.596564301E0
3.208895642E1,-1.366471529E0,-3.535017014E0,-3.905869961E0,5.442371714E0
3.209901204E1,-1.345971584E0,-1.845339775E0,-5.058535576E0,5.550288332E0
3.210895694E1,-1.522956610E0,-9.749412537E-2,-6.186206341E0,6.371659974E0
3.211897142E1,-1.499464512E0,1.903223991E0,-7.665760040E0,8.039560459E0
3.212895944E1,-1.474617600E0,3.488963127E0,-7.522701263E0,8.422493400E0
3.213896147E1,-1.445000887E0,4.661318779E0,-7.379192829E0,8.846943378E0
3.214896095E1,-1.402149558E0,5.363438606E0,-7.187645912E0,9.077155437E0
3.215896850E1,-2.887840271E0,5.406326294E0,-7.070533752E0,9.357373188E0
3.216896225E1,-2.786417007E0,5.291494370E0,-6.854438305E0,9.096557419E0
3.217896068E1,-2.682630539E0,2.022599220E0,-5.011093140E0,6.033114342E0
3.218896433E1,-2.577959538E0,2.455587387E-1,-3.922761679E0,4.700450368E0
3.219898855E1,-2.451929092E0,-9.027261734E-1,-2.910652876E0,3.911364338E0
3.220896459E1,-2.283002138E0,-1.584430695E0,-2.582035303E0,3.793339649E0
3.221896095E1,-8.814470172E-1,-1.569365025E0,-1.501776218E0,2.344181570E0
3.222895964E1,-7.349304557E-1,-1.407660484E0,-1.216416359E0,2.000324867E0
3.223895860E1,-5.999343395E-1,5.505838394E-1,-2.750849724E-1,8.594972472E-1
3.224896042E1,-6.759009957E-1,1.668563843E0,-4.857635498E-2,1.800918409E0
3.225896694E1,1.332934380E0,3.816707611E0,7.045500278E-1,4.103700987E0
3.226905068E1,1.545824289E0,5.753904343E0,7.419435978E-1,6.003954382E0
3.227895985E1,2.386456490E0,7.023980141E0,7.634480000E-1,7.457501220E0
3.228898813E1,2.465304375E0,7.118360519E0,8.576850891E-1,7.581847127E0
3.229898261E1,2.542347908E0,7.049122810E0,1.680426598E0,7.679680907E0
3.230896751E1,2.603524208E0,6.096237183E0,2.387925863E0,7.045894976E0
3.231896251E1,2.577763319E0,4.498688698E0,2.463653803E0,5.740440209E0
3.232896199E1,2.535846949E0,2.333170891E0,4.383266449E0,5.575592427E0
3.233896355E1,2.452196836E0,4.297561646E-1,4.347655296E0,5.009996633E0
3.234896068E1,2.379213572E0,-2.252802849E0,5.242697239E0,6.182366233E0
3.235896433E1,2.365444660E0,-4.699242592E0,5.969759464E0,7.957150083E0
3.236896381E1,2.315845490E0,-4.799445152E0,5.951414108E0,7.988563324E0
3.237896016E1,2.253638983E0,-4.818056107E0,5.828325272E0,7.890622839E0
3.238895834E1,2.134907246E0,-4.162436962E0,5.694761753E0,7.369804735E0
3.239898647E1,1.982086778E0,-3.114066601E0,5.487998009E0,6.613939895E0
3.240896459E1,1.794390321E0,-1.898444176E0,5.215463638E0,5.833094194E0
3.241895912E1,9.737700224E-1,1.370897293E-1,4.147117615E0,4.262112875E0
3.242896095E1,7.952233553E-1,1.235504150E-1,3.036325932E0,3.141165397E0
3.243896329E1,5.383670330E-2,1.533814430E0,2.723685026E0,3.126330952E0
3.244899787E1,-1.594666243E-1,2.241808891E0,2.612165689E0,3.445946357E0
3.245896365E1,-1.680354834E0,2.280454636E0,1.128560781E0,3.049215497E0
3.246896730E1,-1.715922356E0,2.233417511E0,8.224368095E-1,2.934100478E0
3.247895631E1,-1.732535481E0,2.082302094E0,-2.208530903E-1,2.717800083E0
3.248896173E1,-1.916186810E0,1.079403877E0,-3.970658779E-1,2.234848078E0
3.249898308E1,-1.887262344E0,9.132738113E-1,-4.873938560E-1,2.152528974E0
3.250896589E1,-1.831903934E0,-1.290149689E-1,-5.038709641E-1,1.904311644E0
3.251896016E1,-1.772008419E0,-1.251506805E-1,-4.444239140E-1,1.831171523E0
3.252896121E1,-1.658372402E0,-1.210479736E-1,5.508034229E-1,1.751638104E0
3.253896511E1,-1.707460165E0,-1.955614090E-1,1.757334471E0,2.458025411E0
3.254895834E1,-1.598114491E0,-1.891994476E-1,1.773841619E0,2.395053329E0
3.255896589E1,-1.491850972E0,-1.817893982E-1,1.790979385E0,2.338006387E0
3.256896147E1,-1.393641472E0,-1.715955734E-1,1.814902902E0,2.294679528E0
3.257895938E1,-1.497091293E0,-2.604951859E-1,1.639649630E0,2.235529242E0
3.258896068E1,-1.401251674E0,-2.498216629E-1,1.659716487E0,2.186452820E0
3.259898204E1,-2.898774147E-1,-2.452239990E-1,1.638899922E0,1.682306952E0
3.260896537E1,-1.880249977E-1,-1.340544701E0,1.618775845E0,2.110177417E0
3.261895990E1,-1.012446880E-1,-1.364922523E0,5.078011751E-1,1.459837668E0
3.262897980E1,-5.082607269E-2,-1.386538506E0,4.241420031E-1,1.450851045E0
3.263896381E1,-3.388679028E-2,-1.381002426E0,3.563245535E-1,1.426633521E0
3.264896657E1,-4.486191273E-2,-1.351927757E0,3.023103476E-1,1.386042134E0
3.265896360E1,-1.017415762E0,-1.302269936E0,2.899066210E-1,1.677822299E0
3.266896068E1,-9.393271804E-1,-2.685279846E-1,1.352095366E0,1.668114117E0
3.267896068E1,-1.062202930E0,-3.563985825E-1,1.145964503E0,1.602663301E0
3.268896563E1,-9.865350127E-1,-3.436784744E-1,1.141331315E0,1.547256732E0
3.269898438E1,-9.122862816E-1,-3.304090500E-1,1.138165951E0,1.495612962E0
3.270896777E1,-7.993938327E-1,-2.966938019E-1,1.176310062E0,1.452846542E0
3.271896876E1,-9.273473024E-1,-3.824234009E-1,9.747439027E-1,1.398694517E0
3.272897058E1,-8.566089869E-1,-3.675270081E-1,9.763095975E-1,1.349827948E0
3.273896980E1,-7.853894830E-1,-3.523683548E-1,-2.115982771E-2,8.610736529E-1
3.274896902E1,-7.154293060E-1,-3.368406296E-1,-6.669074297E-2,7.935668572E-1
3.275896902E1,-6.465873122E-1,-3.209819794E-1,-8.981740475E-2,7.274419218E-1
3.276897214E1,-7.783716321E-1,-4.045610428E-1,-1.225573421E-1,8.857495905E-1
3.277897162E1,-7.096489668E-1,-3.879594803E-1,-1.733660698E-1,8.271456997E-1
3.278897032E1,-6.420460343E-1,-3.709516525E-1,-2.186282277E-1,7.730630897E-1
3.279904949E1,-5.755305886E-1,1.128825188E0,-2.653094530E-1,1.294554313E0
3.280896022E1,-5.095580220E-1,1.209556580E0,-2.704694867E-1,1.340085908E0
3.281913017E1,-6.441178918E-1,1.313932419E0,-2.737638354E-1,1.488708466E0
3.282895292E1,-5.797279477E-1,2.049167633E0,-2.803573012E-1,2.147969436E0
3.283897376E1,-5.163449645E-1,2.109423637E0,-3.239175081E-1,2.195723743E0
3.284896876E1,-4.539405406E-1,2.210378647E0,-3.799268007E-1,2.288270122E0
3.285897084E1,-3.898200393E-1,2.941623688E0,-4.463203549E-1,3.000718488E0
3.286897553E1,-5.261514783E-1,2.993456841E0,-5.278422832E-1,3.084839819E0
3.287897318E1,-4.625568092E-1,3.062119484E0,-1.182417870E0,3.314912752E0
3.288897136E1,-3.603478670E-1,3.160224915E0,-1.333275318E0,3.448839685E0
3.289900990E1,-2.992762923E-1,3.147251129E0,-1.945762873E0,3.712243139E0
3.290896980E1,-4.379123449E-1,3.090931892E0,-1.958701015E0,3.685395074E0
3.291897345E1,1.264899492E0,3.001942635E0,-1.961327195E0,3.802424841E0
3.292892178E1,1.417059302E0,2.904116631E0,-1.949279785E0,3.773810031E0
3.293897266E1,2.349975109E0,2.835049629E0,-1.868092179E0,4.129123128E0
3.294897058E1,2.471063137E0,2.774484634E0,-1.733039618E0,4.099676125E0
3.295895964E1,3.255261183E0,2.731325150E0,-1.005935550E0,4.366780138E0
3.296895782E1,3.337697268E0,2.717666626E0,-8.927316666E-1,4.395782612E0
3.297897162E1,3.396316051E0,2.741288185E0,-7.717629671E-1,4.432295310E0
3.298896157E1,4.142389774E0,2.776632309E0,-6.783820391E-1,5.032820503E0
3.299900084E1,4.118674278E0,2.823662758E0,-6.187078953E-1,5.031833527E0
3.300896449E1,4.086707115E0,2.865317345E0,-6.280196905E-1,5.030469885E0
3.301895787E1,4.018733025E0,2.873925209E0,-6.736187935E-1,4.986323647E0
3.302896199E1,3.903745174E0,2.857874870E0,-7.476431131E-1,4.895471927E0
3.303895912E1,3.712446690E0,2.801065445E0,-8.156597614E-1,4.721602365E0
3.304895756E1,2.876878738E0,2.694291115E0,-8.638339043E-1,4.035076815E0
3.305895964E1,2.049868345E0,1.901359558E0,-9.143561125E-1,2.941628036E0
3.306896329E1,3.243829012E-1,1.717363358E0,-9.427411556E-1,1.985779961E0
3.307895730E1,-1.283271670E0,7.969722748E-1,-8.679900169E-1,1.742227785E0
3.308896199E1,-1.322341442E0,7.052240372E-1,-7.770626545E-1,1.688121501E0
3.309896277E1,-1.556545138E0,-4.535970688E-1,-6.837531328E-1,1.759574214E0
3.310896225E1,-1.586980939E0,-4.194326401E-1,-6.350088120E-1,1.760019441E0
3.311895912E1,-1.593302846E0,-3.881664276E-1,-6.021081209E-1,1.746946285E0
3.312895938E1,-1.569524050E0,-3.615436554E-1,-5.466852188E-1,1.700877505E0
3.313896199E1,-1.519606233E0,-2.128649712E0,-4.664688110E-1,2.656679478E0
3.314896095E1,-1.624433756E0,-2.288316250E0,-3.654943705E-1,2.829975693E0
3.315898115E1,-1.532055616E0,-3.401677132E0,-2.614085674E-1,3.739911250E0
3.316897037E1,-1.445773244E0,-4.065076828E0,-1.846457720E-1,4.318472409E0
3.317896464E1,-1.361086011E0,-4.204561710E0,-1.207685471E-1,4.421026956E0
3.318894792E1,-1.278034091E0,-5.128452778E0,-5.441999435E-2,5.285580438E0
3.319895970E1,-1.395285964E0,-5.199001789E0,7.603883743E-3,5.382982477E0
3.320896068E1,-1.320647001E0,-5.276740074E0,4.499626160E-2,5.439680044E0
3.321896095E1,-6.595826149E-2,-5.352894783E0,7.290911674E-2,5.353797604E0
3.322895990E1,6.096935272E-2,-5.411520004E0,1.033817530E-1,5.412850802E0
3.323896068E1,7.466878891E-1,-5.450443745E0,1.328346729E-1,5.502956012E0
3.324896199E1,9.557229280E-1,-5.480084896E0,1.602647305E-1,5.565107507E0
3.325895990E1,1.590484262E0,-5.441070080E0,1.489236355E-1,5.670719712E0
3.326895600E1,1.573482037E0,-5.375198841E0,8.869397640E-2,5.601470782E0
3.327895886E1,1.510997891E0,-5.270157814E0,-5.850509405E-1,5.513616111E0
3.328896016E1,1.371217370E0,-4.449927330E0,-7.061463594E-1,4.709642555E0
3.329895912E1,6.185151339E-1,-3.574386597E0,-1.839982271E0,4.067472836E0
3.330895860E1,4.211851358E-1,-2.382060528E0,-2.692589760E0,3.619619993E0
3.331895730E1,-1.468329787E0,-9.737110138E-2,-3.766531944E0,4.043789854E0
3.332895912E1,-1.487390280E0,-6.191158295E-2,-4.889944553E0,5.111528208E0
3.333895756E1,-1.705356956E0,1.796314240E0,-5.876617432E0,6.377273683E0
3.334897595E1,-1.716775060E0,2.957586288E0,-6.634644508E0,7.464123593E0
3.335896542E1,-1.721193194E0,3.797211647E0,-7.613356590E0,8.680122169E0
3.336897298E1,-1.712565780E0,3.918708801E0,-7.480206013E0,8.616417017E0
3.337895761E1,-1.679275513E0,3.934213638E0,-7.333373070E0,8.489779961E0
3.338895918E1,-1.763302922E0,3.816363335E0,-7.242401123E0,8.374141169E0
3.339895990E1,-1.637681365E0,2.540185928E0,-7.031188011E0,7.653244387E0
3.340895990E1,-1.513997316E0,1.508226395E0,-5.005413055E0,5.442526489E0
3.341896225E1,-1.395981312E0,1.261615753E-1,-4.698648930E0,4.903262417E0
3.342896147E1,-2.471086025E0,1.144361496E-1,-3.743459225E0,4.486964313E0
3.343896251E1,-2.451014519E0,-1.106759071E0,-2.921783447E0,3.971045999E0
3.344896694E1,-2.417469740E0,-9.981002808E-1,-2.650762320E0,3.723829345E0
3.345895938E1,-2.319974422E0,3.210630417E-1,-1.610733747E0,2.842503475E0
3.346896095E1,-2.139107704E0,3.880062103E-1,-7.125573158E-1,2.287808672E0
3.347895912E1,-1.123205423E0,1.920804024E0,4.539065361E-1,2.270927050E0
3.348896042E1,-1.035929441E0,3.417448044E0,1.789548397E0,3.994319016E0
3.349895938E1,6.348237395E-1,4.914178848E0,2.949743271E0,5.766553589E0
3.350896069E1,1.523037195E0,6.059505463E0,3.175083399E0,7.008452278E0
3.351908740E1,2.352715492E0,6.190531731E0,4.447296619E0,7.977242664E0
3.352896037E1,2.544010878E0,6.199655533E0,4.289266109E0,7.956476848E0
3.353896818E1,3.349670649E0,6.042781830E0,4.274683952E0,8.124557132E0
3.354895527E1,3.391592979E0,4.690782547E0,4.201174736E0,7.152357164E0
3.355895683E1,3.346120596E0,3.092133522E0,4.095292568E0,6.126110836E0
3.356897084E1,3.241489410E0,1.250448227E0,3.989804029E0,5.290501919E0
3.357896017E1,3.088940382E0,1.288013458E-1,3.654121876E0,4.786517435E0
3.358895990E1,2.870565891E0,-2.358757019E0,3.523820162E0,5.120663213E0
3.359896277E1,2.044609547E0,-3.591689587E0,3.400894880E0,5.352265714E0
3.360895964E1,1.765545249E0,-4.354119301E0,4.401982307E0,6.438396784E0
3.361895964E1,1.001582623E0,-4.324783325E0,4.380312443E0,6.236509894E0
3.362895834E1,8.267794847E-1,-3.585606098E0,4.995357513E0,6.204331720E0
3.363896016E1,6.310092211E-1,-2.694544792E0,4.934078217E0,5.657196490E0
3.364895964E1,4.180216789E-1,-1.655263901E0,4.842766762E0,5.134883700E0
3.365895964E1,-3.429180384E-1,6.227111816E-2,4.664345741E0,4.677348786E0
3.366895990E1,-4.639953375E-1,-3.293609619E-2,3.718613863E0,3.747594631E0
3.367895938E1,-5.792998075E-1,-2.682971954E-2,2.380514145E0,2.450133812E0
3.368896225E1,-6.865249872E-1,-2.380943298E-2,2.303079605E0,2.403343320E0
3.369906975E1,-8.015679121E-1,1.035001755E0,1.153314352E0,1.744670096E0
3.370895579E1,-9.113674164E-1,1.044703484E0,9.160991907E-1,1.661696020E0
3.371899136E1,-1.013323903E0,9.877777100E-1,1.291959286E-1,1.420993218E0
3.372895813E1,-2.166035891E0,-1.315727234E-1,-1.690328121E-2,2.170094141E0
3.373895761E1,-2.107334375E0,-1.345424652E-1,-1.306494474E-1,2.115662809E0
3.374896121E1,-2.045708656E0,-1.283903122E-1,-1.440163851E-1,2.054786777E0
3.375896017E1,-1.982255578E0,-1.215858459E-1,-1.008548737E-1,1.988540168E0
3.376895964E1,-2.114940166E0,-2.082386017E-1,5.406992435E-1,2.192872749E0
3.377896329E1,-2.041976929E0,-1.958789825E-1,1.518636465E0,2.552311710E0
3.378896173E1,-1.888662696E0,-1.711235046E-1,1.580791831E0,2.468852536E0
3.379895912E1,-1.776500821E0,-1.655769348E-1,1.603487134E0,2.398862622E0
3.380895912E1,-1.866431475E0,-2.587785721E-1,1.427110672E0,2.363721149E0
3.381897011E1,-1.758950114E0,-2.509841919E-1,1.451495290E0,2.294283580E0
3.382896069E1,-1.653591514E0,-2.480220795E-1,4.380460978E-1,1.728515036E0
3.383895938E1,-1.550668955E0,-1.300520897E0,3.420305252E-1,2.052538353E0
3.384896068E1,-1.450085759E0,-1.385663033E0,2.442103624E-1,2.020507226E0
3.385895860E1,-1.552878499E0,-1.440508842E0,1.548442841E-1,2.123787680E0
3.386895834E1,-1.456308842E0,-1.439929962E0,7.295691967E-2,2.049281935E0
3.387900089E1,-1.361852765E0,-1.405389786E0,2.755522728E-3,1.956980071E0
3.388895782E1,-1.269451976E0,-1.355861664E0,-4.738903046E-2,1.857986784E0
3.389906636E1,-1.178312778E0,-2.741708755E-1,-4.200077057E-2,1.210518376E0
3.390897063E1,-1.288735867E0,-3.587179184E-1,3.740668297E-3,1.337734156E0
3.391896095E1,-1.201104879E0,-3.426561356E-1,6.047141552E-2,1.250489085E0
3.392891183E1,-1.115400314E0,-3.262624741E-1,1.346502304E-1,1.169912709E0
3.393896147E1,-1.031492233E0,-3.095846176E-1,1.223466635E0,1.629935419E0
3.394896095E1,-9.494435191E-1,-2.926263809E-1,1.263227463E0,1.607114438E0
3.395896980E1,-1.068751693E0,-3.751468658E-1,1.103284478E0,1.581202704E0
3.396897032E1,-9.497648478E-1,-3.375015259E-1,1.182920694E0,1.554111294E0
3.397897240E1,-8.724875450E-1,-3.198881149E-1,1.220189214E0,1.533761598E0
3.398897058E1,-7.972239256E-1,-3.065948486E-1,1.217472076E0,1.487213719E0
3.399897371E1,-9.229754806E-1,-3.927021027E-1,1.015129805E0,1.427090466E0
3.400897058E1,-8.501456380E-1,6.793422699E-1,1.014285803E0,1.487625361E0
3.401896954E1,-7.786819935E-1,7.353887558E-1,1.014883041E0,1.475510033E0
3.402896902E1,-7.084687352E-1,8.031873703E-1,1.015220404E0,1.475706735E0
3.403896954E1,-6.395425797E-1,8.960876465E-1,1.016954184E0,1.498727324E0
3.404897162E1,-7.729906440E-1,1.718018532E0,8.187834620E-1,2.054144243E0
3.405900464E1,-7.058930993E-1,1.805794716E0,-8.913430572E-1,2.133933473E0
3.406896392E1,-6.375870705E-1,2.436333656E0,-1.013131857E0,2.714530368E0
3.407908964E1,-5.705300570E-1,2.499087334E0,-1.131872177E0,2.802155719E0
3.408895683E1,-5.063055158E-1,2.582334518E0,-1.228257060E0,2.904033789E0
3.409897110E1,-6.425864697E-1,3.191730499E0,-1.308277130E0,3.508796090E0
3.410897136E1,-5.768206120E-1,3.209115982E0,-1.380524874E0,3.540762112E0
3.411897136E1,-5.123190284E-1,3.213356018E0,-1.430784225E0,3.554612663E0
3.412897345E1,1.069976449E0,3.215491295E0,-1.390911341E0,3.663177340E0
3.413897267E1,1.855651617E0,3.207448959E0,-1.292464256E0,3.924491764E0
3.414897266E1,3.376858234E0,3.193028450E0,-3.439852595E-1,4.660142495E0
3.415896694E1,4.093631268E0,3.201176643E0,-2.414166331E-1,5.202271701E0
3.416897813E1,4.232345104E0,3.222260475E0,-1.592487097E-1,5.321754204E0
3.417897006E1,4.901922703E0,3.262015343E0,-1.148363352E-1,5.889208577E0
3.418896121E1,4.832956791E0,3.302750587E0,-8.883720636E-2,5.854359473E0
3.419896042E1,4.693007469E0,3.320583344E0,-7.894778252E-2,5.749506553E0
3.420896068E1,4.497480392E0,3.286834717E0,-1.662045717E-1,5.572991683E0
3.421895808E1,4.252694607E0,3.211539268E0,-9.357182980E-1,5.410634401E0
3.422896017E1,3.452241421E0,2.565244675E0,-1.076414824E0,4.433635071E0
3.423897511E1,3.237207174E0,2.458115578E0,-1.895635009E0,4.485005526E0
3.424896298E1,2.344826698E0,1.718274117E0,-1.918927789E0,3.483240164E0
3.425897261E1,1.539457321E0,1.653656960E0,-1.899814725E0,2.951915678E0
3.426896517E1,5.980082750E-1,1.579292297E0,-1.863143206E0,2.514573654E0
3.427896016E1,-4.465802908E-1,1.496327400E0,-1.825867772E0,2.402545060E0
3.428896303E1,-1.835736275E0,8.102836609E-1,-1.727218032E0,2.647596913E0
3.429895808E1,-1.876753211E0,7.482938766E-1,-1.607527971E0,2.581916443E0
3.430896251E1,-3.521221161E0,6.467447281E-1,-8.985362053E-1,3.691157612E0
3.431896095E1,-3.709555387E0,-3.635320663E-1,-7.919847965E-1,3.810537581E0
3.432896902E1,-4.556565762E0,-4.185495377E-1,-5.779647827E-1,4.612105652E0
3.433896068E1,-4.452505589E0,-1.899736404E0,1.113593578E-1,4.842128182E0
3.434896068E1,-3.666212559E0,-2.659149170E0,1.902604103E-1,4.533032965E0
3.435895990E1,-3.429600954E0,-3.371011734E0,1.296507716E0,4.980644042E0
3.436896017E1,-1.535827756E0,-3.540252686E0,1.358905315E0,4.091305370E0
3.437896329E1,-1.587049007E0,-4.590404034E0,1.221239328E0,5.008189218E0
3.438896042E1,-1.441454411E0,-4.699825287E0,1.279171586E0,5.079609088E0
3.439895834E1,-1.299533725E0,-5.344729424E0,1.313200355E0,5.655034543E0
3.440896876E1,2.981724739E-1,-5.396450520E0,1.351274014E0,5.571043573E0
3.441896214E1,4.637919664E-1,-5.453799725E0,2.798846960E-1,5.480635900E0
3.442895339E1,5.692952871E-1,-5.486675262E0,1.560248137E-1,5.518337277E0
3.443898157E1,6.620568037E-1,-5.504190445E0,-5.629352331E-1,5.572371824E0
3.444895813E1,7.109043598E-1,-5.502611160E0,-6.499065161E-1,5.586277210E0
3.445896225E1,7.177509069E-1,-5.489823818E0,-7.623641491E-1,5.588786184E0
3.446895782E1,6.327664852E-1,-5.466072559E0,-1.425507069E0,5.684224930E0
3.447895964E1,5.152033567E-1,-5.428024769E0,-1.514343023E0,5.658809255E0
3.448896147E1,3.674396276E-1,-5.349041462E0,-1.614860415E0,5.599556286E0
3.449896042E1,-1.196164489E0,-3.980447769E0,-2.687236309E0,4.949344695E0
3.450896251E1,-1.200181007E0,-2.939486504E0,-3.827528477E0,4.973026201E0
3.451896173E1,-1.403640866E0,-1.704602242E0,-4.709478855E0,5.201448603E0
3.452895756E1,-1.406417012E0,-2.353906631E-1,-5.576140404E0,5.755585060E0
3.453895912E1,-1.408964634E0,9.906749725E-1,-6.328047752E0,6.558262468E0
3.454895990E1,-1.405939698E0,2.070269585E0,-6.379252911E0,6.852557937E0
3.455896042E1,-1.329938054E0,2.907304764E0,-7.936976910E0,8.556679185E0
3.456896095E1,-1.448147178E0,3.045704842E0,-7.873051643E0,8.564951279E0
3.457896095E1,-1.357880712E0,3.142888069E0,-7.669457912E0,8.398938630E0
3.458897683E1,-1.261041760E0,3.149563789E0,-7.444936752E0,8.181507296E0
3.459895839E1,-1.158436298E0,3.044779778E0,-7.202246666E0,7.904746396E0
3.460895709E1,-1.054403186E0,1.915863991E0,-5.384346008E0,5.811495750E0
3.461896970E1,-1.154019475E0,1.140174866E0,-5.052505493E0,5.306559284E0
3.462895918E1,-1.057979107E0,5.127811432E-2,-4.040662766E0,4.177188626E0
3.463895735E1,-9.658567905E-1,1.243505478E-1,-3.722741842E0,3.848005876E0
3.464896043E1,-8.773272634E-1,1.963443756E-1,-2.481355667E0,2.639200672E0
3.465896329E1,-7.923231721E-1,2.669248581E-1,-1.566709518E0,1.775838845E0
3.466895990E1,-9.098944664E-1,1.740969658E0,-3.813481331E-1,2.001077132E0
3.467895990E1,1.083460569E0,4.231644630E0,1.946092129E0,4.782047434E0
3.468895886E1,1.842102051E0,5.510658264E0,2.172899008E0,6.203401048E0
3.469895990E1,2.002355814E0,6.199416161E0,4.123436928E0,7.710053284E0
3.470896199E1,2.894927025E0,6.204544067E0,3.965858936E0,7.912332568E0
3.471896225E1,2.979329348E0,6.055855751E0,3.973040104E0,7.831656268E0
3.472895990E1,3.000189066E0,4.715521812E0,3.940340281E0,6.838388840E0
3.473895912E1,2.959319592E0,3.203160286E0,3.860424519E0,5.824146781E0
3.474895964E1,2.853935003E0,1.351720810E0,3.781151533E0,4.926378088E0
3.475895990E1,2.701322556E0,5.322933197E-2,3.450419188E0,4.382393123E0
3.476897897E1,2.491878271E0,-2.787372589E0,3.327143431E0,5.004876290E0
3.477897136E1,2.306657314E0,-4.230365753E0,4.369138241E0,6.504308675E0
3.478897402E1,2.133259296E0,-5.037961960E0,4.355845451E0,6.993228548E0
3.479894704E1,1.383562446E0,-5.105035782E0,5.412413597E0,7.567685004E0
3.480895839E1,1.233520508E0,-5.041909218E0,5.439190865E0,7.518458530E0
3.481896168E1,1.044729829E0,-3.965393066E0,6.348120213E0,7.557409134E0
3.482896147E1,2.778856754E-1,-2.580893517E0,6.183598042E0,6.706348972E0
3.483896511E1,1.327530146E-1,-3.426265717E-2,4.864857197E0,4.866788760E0
3.484896016E1,-2.299749851E-2,-3.049278259E-2,3.505823135E0,3.506031168E0
3.485895912E1,-1.803416371E0,2.738163948E0,2.116232872E0,3.902344678E0
3.486896069E1,-1.801684737E0,2.779886246E0,2.440809011E-1,3.321657857E0
3.487895912E1,-1.794806480E0,2.716716766E0,-6.568163633E-1,3.321639358E0
3.488896199E1,-1.761768103E0,1.929902077E0,-1.510054708E0,3.018048060E0
3.489896095E1,-1.925367594E0,8.737087250E-1,-1.631616950E0,2.670689270E0
3.490895990E1,-1.879660010E0,-2.219915390E-1,-1.610460520E0,2.485152930E0
3.491895938E1,-1.809898734E0,-2.150325775E-1,-6.441841125E-1,1.933118105E0
3.492890709E1,-1.704891324E0,-1.261733055E0,-5.609239340E-1,2.193914399E0
3.493895730E1,-1.599028468E0,-1.351133347E0,1.990427971E-1,2.102872178E0
3.494895735E1,-5.023614168E-1,-1.380164146E0,2.351063490E-1,1.487445817E0
3.495897688E1,-3.432506323E-1,-1.356440544E0,2.483447790E-1,1.421065472E0
3.496895949E1,-2.237833738E-1,-1.296456337E0,2.657464743E-1,1.342199397E0
3.497895605E1,-1.340414286E-1,-2.308588028E-1,2.677588463E-1,3.780974625E-1
3.498895709E1,-5.736219883E-2,-2.141571045E-1,2.369143963E-1,3.244720611E-1
3.499896173E1,-1.580822468E-2,-2.989864349E-1,1.688457727E-1,3.437319933E-1
3.500895912E1,-4.843556881E-2,-2.784538269E-1,7.458710670E-2,2.923110920E-1
3.501895912E1,-1.193071604E-1,-2.574596405E-1,-5.728588104E-1,6.392862283E-1
3.502896068E1,-2.395319939E-1,-2.365274429E-1,-5.914065838E-1,6.805016934E-1
3.503896042E1,-1.436932206E0,-2.954978943E-1,-5.919337273E-1,1.581922472E0
3.504895990E1,-1.392974734E0,-2.745237350E-1,-5.583422184E-1,1.525610673E0
3.505895990E1,-1.349005818E0,-2.536296844E-1,-5.041935444E-1,1.462311815E0
3.506896485E1,-1.304822683E0,-2.322731018E-1,-4.334802628E-1,1.394423955E0
3.507895808E1,-1.260101914E0,-2.077960968E-1,-3.216420412E-1,1.317000249E0
3.508896016E1,-1.411330938E0,-2.837285995E-1,3.583993912E-1,1.483511732E0
3.509895938E1,-1.323170900E0,-2.647686005E-1,4.433470964E-1,1.420366252E0
3.510895834E1,-1.236619592E0,-2.455730438E-1,5.439575911E-1,1.373107423E0
3.511895938E1,-1.150290132E0,-2.263345718E-1,6.678720713E-1,1.349239722E0
3.512909418E1,-1.065695167E0,-2.068843842E-1,1.840131760E0,2.136490634E0
3.513896126E1,-1.182237029E0,-2.875976562E-1,1.693501234E0,2.085268145E0
3.514898516E1,-1.099653602E0,-2.726392746E-1,1.721030593E0,2.060465122E0
3.515895735E1,3.610849380E-4,-2.577590942E-1,1.746307135E0,1.765227603E0
3.516895683E1,1.037358642E-1,-2.429294586E-1,1.768774867E0,1.788390444E0
3.517896173E1,1.825256944E-1,-2.284851074E-1,1.787653685E0,1.811415681E0
3.518897214E1,2.273220420E-1,-3.196516037E-1,1.568925977E0,1.617214018E0
3.519897058E1,2.347340584E-1,-3.102493286E-1,1.550679207E0,1.598737229E0
3.520896980E1,1.625621915E-1,1.030398369E0,1.533736825E0,1.854857383E0
3.521896824E1,-8.302249312E-1,1.175234795E0,1.557037115E0,2.120097837E0
3.522897214E1,-9.960070252E-1,1.791631699E0,1.342672348E0,2.450457747E0
3.523896850E1,-9.614506364E-1,1.877506256E0,1.330064774E0,2.493689911E0
3.524897058E1,-9.266692400E-1,2.545091629E0,1.319231629E0,3.012736194E0
3.525897058E1,-8.874735236E-1,2.625056267E0,1.304316282E0,3.062641119E0
3.526896928E1,-8.479374051E-1,2.723101616E0,1.291516423E0,3.130861690E0
3.527896928E1,-9.704138637E-1,3.505146980E0,1.604670286E-1,3.640536786E0
3.528896928E1,-8.926963210E-1,3.548586845E0,3.194236755E-2,3.659288952E0
3.529897292E1,-8.150147200E-1,3.560444832E0,-1.233172417E-1,3.654616743E0
3.530909511E1,-7.374452353E-1,3.520095825E0,-9.547338486E-1,3.721077373E0
3.531895813E1,-6.617487669E-1,3.370951653E0,-1.081666350E0,3.601559186E0
3.532898558E1,-7.860127687E-1,2.222804070E0,-1.783167243E0,2.956071620E0
3.533895683E1,9.567993879E-1,1.449872971E0,-1.919310331E0,2.588696361E0
3.534897449E1,1.094566584E0,7.501735687E-1,-2.015007496E0,2.412693847E0
3.535897006E1,1.920830011E0,6.259222031E-1,-2.070504904E0,2.892811279E0
3.536896381E1,2.059738636E0,5.518684387E-1,-2.060114145E0,2.964987743E0
3.537897292E1,2.804255724E0,5.779600143E-1,-1.976671934E0,3.479241279E0
3.538897110E1,2.842352629E0,7.245101929E-1,-1.818583369E0,3.451250347E0
3.539896798E1,2.980373383E0,2.738581657E0,-9.934263229E-1,4.167655318E0
3.540901433E1,2.978402853E0,2.888113022E0,-8.518613577E-1,4.235297883E0
3.541895938E1,2.941855431E0,3.697639465E0,-7.922989130E-1,4.791115586E0
3.542896277E1,2.828523159E0,3.714306831E0,-7.851325274E-1,4.734242451E0
3.543895730E1,2.655147552E0,3.651807785E0,-7.895687819E-1,4.583549660E0
3.544895782E1,1.874680519E0,2.933362007E0,-8.135703802E-1,3.575043563E0
3.545895912E1,1.039986849E0,2.141505241E0,-8.316048384E-1,2.521742245E0
3.546897110E1,1.160857677E-1,1.319319725E0,-8.407539129E-1,1.568740764E0
3.547895834E1,-1.388622046E0,6.004104614E-1,-8.666734695E-1,1.743527118E0
3.548898777E1,-1.414712548E0,-4.121189117E-1,-8.828507662E-1,1.717754076E0
3.549895584E1,-2.864837170E0,-3.793725967E-1,-8.367047310E-1,3.008536253E0
3.550905589E1,-3.055079937E0,-3.469209671E-1,-7.362711430E-1,3.161639254E0
3.551896647E1,-3.801238060E0,-4.176721573E-1,-6.384139061E-1,3.877039223E0
3.552895839E1,-3.826641083E0,-3.917531967E-1,-5.387690067E-1,3.884189051E0
3.553896199E1,-3.760729790E0,-3.692188263E-1,-4.656100273E-1,3.807388054E0
3.554896251E1,-3.598738670E0,-3.526334763E-1,-4.104514122E-1,3.639195069E0
3.555895938E1,-2.623358965E0,-3.344039917E-1,-3.309383392E-1,2.665212651E0
3.556896954E1,-2.391949892E0,-1.553421021E0,-2.241969109E-1,2.860909892E0
3.557895938E1,-1.260971546E0,-2.852424145E0,4.640831947E-1,3.153053433E0
3.558895990E1,-1.142465830E0,-3.563030720E0,4.987061024E-1,3.774801168E0
3.559895834E1,-1.026759863E0,-3.697251797E0,5.146222115E-1,3.871529760E0
3.560896173E1,-1.113369942E0,-4.519502640E0,5.280705690E-1,4.684480255E0
3.561896407E1,-1.002694845E0,-4.584012508E0,5.332486629E-1,4.722596930E0
3.562895912E1,1.122593284E-1,-4.667501926E0,5.172854662E-1,4.697420637E0
3.563895912E1,2.303916216E-1,-5.268469334E0,4.968525171E-1,5.296858677E0
3.564896017E1,9.419602156E-1,-5.319688797E0,4.697427750E-1,5.422825483E0
3.565895704E1,9.907328486E-1,-5.391298771E0,4.203499556E-1,5.497667514E0
3.566899527E1,1.047562122E0,-5.476377487E0,3.537039757E-1,5.586877776E0
3.567897668E1,1.113988876E0,-6.098282814E0,-2.586203814E-1,6.204587738E0
3.568899407E1,1.149055362E0,-6.109710693E0,-3.399847746E-1,6.226112963E0
3.569895657E1,1.176793575E0,-6.116743565E0,-1.081454873E0,6.322099303E0
3.570895527E1,1.161466599E0,-6.067642689E0,-1.733756661E0,6.416479145E0
3.571896720E1,1.109178305E0,-5.903548717E0,-2.635756016E0,6.559677869E0
3.572895860E1,9.995027781E-1,-4.413889885E0,-3.797012806E0,5.907515211E0
3.573896121E1,8.177459240E-1,-2.814181805E0,-5.064638138E0,5.851400439E0
3.574895938E1,-1.565063000E-1,-9.739589691E-2,-6.139281750E0,6.142048566E0
3.575895886E1,-1.377556205E0,2.824744225E0,-7.811301708E0,8.419814452E0
3.576896459E1,-2.495517254E0,4.211384773E0,-7.659779549E0,9.090412026E0
3.577896068E1,-2.677008152E0,5.098781586E0,-7.475688934E0,9.436623938E0
3.578896251E1,-3.394565105E0,5.189945221E0,-7.258079529E0,9.546639309E0
3.579896329E1,-3.439985752E0,5.138870239E0,-7.119781017E0,9.430417331E0
3.580896121E1,-3.386322021E0,3.869474411E0,-5.517578602E0,7.542127198E0
3.581897584E1,-3.212555885E0,2.514599800E0,-4.420117378E0,6.015078146E0
3.582896043E1,-2.301903009E0,1.254958153E0,-3.469781876E0,4.348915232E0
3.583895782E1,-1.104726076E0,2.471609116E-1,-2.580345631E0,2.817745871E0
3.584897647E1,-1.158736825E0,2.140407562E-1,-1.612249136E0,1.996955621E0
3.585895110E1,6.063414812E-1,2.802181244E-1,-4.161591530E-1,7.869946821E-1
3.586898845E1,1.700231552E0,1.529608727E0,7.890400887E-1,2.419312805E0
3.587896152E1,2.867833853E0,3.285791397E0,1.027423620E0,4.480680239E0
3.588895787E1,3.972060680E0,4.998033524E0,1.159275532E0,6.488568787E0
3.589896095E1,4.146712303E0,6.118768692E0,1.875610590E0,7.625776571E0
3.590896016E1,4.790200710E0,6.185507774E0,1.974493504E0,8.068776479E0
3.591896407E1,4.662240028E0,6.111235619E0,2.816958666E0,8.186509573E0
3.592890444E1,4.431207180E0,5.236643791E0,2.859966278E0,7.432189609E0
3.593895912E1,2.492125034E0,1.674364090E0,3.792369604E0,4.836966974E0
3.594896199E1,1.406197667E0,-9.384479523E-1,3.730560780E0,4.095749036E0
3.595895938E1,2.828905582E-1,-3.268010139E0,4.913295746E0,5.907655409E0
3.596896824E1,1.706147194E-2,-4.855279922E0,5.689053535E0,7.479262286E0
3.597895912E1,-1.398802280E0,-5.555110931E0,6.247331619E0,8.476146391E0
3.598895782E1,-1.649531126E0,-5.538484097E0,6.176125526E0,8.458149061E0
3.599895834E1,-1.694913268E0,-4.607717514E0,6.060450554E0,7.799541819E0
3.600895704E1,-1.718593955E0,-3.262070656E0,5.875109673E0,6.936251424E0
3.601897318E1,-1.721335649E0,-1.585620880E0,4.965076447E0,5.489004838E0
3.602896938E1,-1.691803813E0,9.527397156E-2,3.977183342E0,4.323108211E0
3.603895022E1,-1.855641842E0,1.553215027E0,2.445654869E0,3.440510326E0
3.604893105E1,-1.771646619E0,2.492418289E0,2.339009047E0,3.849914803E0
3.605895918E1,-1.688032150E0,2.569903374E0,9.850010872E-1,3.228634856E0
3.606896485E1,-1.603344560E0,2.551073074E0,7.853794098E-2,3.014109457E0
3.607895938E1,-1.519162178E0,2.414373398E0,-1.927055120E-1,2.859053697E0
3.608895912E1,-1.626179576E0,1.429567337E0,-4.357089996E-1,2.208611581E0
3.609896433E1,-1.532248020E0,-2.492246628E-1,-5.421646833E-1,1.644335572E0
3.610896042E1,-4.300965071E-1,-2.251987457E-1,-4.060200453E-1,6.328900044E-1
3.611896355E1,-2.609622478E-1,-2.127704620E-1,2.655719519E-1,4.288368290E-1
3.612895964E1,7.117309570E-1,-2.985935211E-1,3.086198568E-1,8.312432027E-1
3.613896095E1,8.458465338E-1,-2.840270996E-1,3.606860638E-1,9.624043789E-1
3.614896173E1,9.407523870E-1,-2.689056396E-1,4.108223915E-1,1.061178747E0
3.615895834E1,9.880790710E-1,-2.534599304E-1,4.789936543E-1,1.126932610E0
3.616896511E1,9.572752714E-1,-2.334890366E-1,5.278294086E-1,1.117809000E0
3.617895886E1,8.768774271E-1,-3.127365112E-1,5.604047775E-1,1.086633177E0
3.618895964E1,1.994590759E-1,-2.879571915E-1,5.811389685E-1,6.785468059E-1
3.619897944E1,5.313980579E-2,-2.635526657E-1,5.821725130E-1,6.412555508E-1
3.620895709E1,-1.294733644E0,-2.395467758E-1,5.607876778E-1,1.431153620E0
3.621896855E1,-1.285106063E0,-2.160530090E-1,5.338177681E-1,1.408239293E0
3.622896938E1,-1.473765612E0,-1.300952911E0,5.120692253E-1,2.031422764E0
3.623895839E1,-1.461000204E0,-1.318216324E0,5.005919933E-1,2.030469950E0
3.624896173E1,-1.447176695E0,-1.322776794E0,4.941979647E-1,2.021952141E0
3.625895808E1,-1.409025311E0,-1.299983978E0,4.831203222E-1,1.977047273E0
3.626896746E1,-1.366457939E0,-1.251006126E0,4.577029943E-1,1.908327975E0
3.627896173E1,-1.473449826E0,-2.822694778E-1,4.309726954E-1,1.560918932E0
3.628896016E1,-1.340928435E0,-2.496118546E-1,3.801060915E-1,1.415936364E0
3.629896225E1,-1.250349998E0,-2.364645004E-1,3.710787296E-1,1.325514995E0
3.630895834E1,-1.161572337E0,-2.228784561E-1,3.720204830E-1,1.239888842E0
3.631896589E1,-1.274073720E0,-3.086071014E-1,3.818687201E-1,1.365403203E0
3.632896121E1,-1.186903000E0,-2.940673828E-1,4.045708179E-1,1.287979776E0
3.633895990E1,-1.101327538E0,-2.791500092E-1,4.481606483E-1,1.221349680E0
3.634896433E1,-1.017461300E0,-2.639026642E-1,1.507426620E0,1.837717913E0
3.635895886E1,-9.351916909E-1,-2.483253479E-1,1.537101030E0,1.816295283E0
3.636896615E1,-1.055605650E0,7.125864029E-1,1.367272496E0,1.868560074E0
3.637895683E1,-9.760323167E-1,1.456839561E0,1.397551417E0,2.242358258E0
3.638897584E1,-8.977351785E-1,1.486803055E0,1.427914977E0,2.248433445E0
3.639896595E1,-8.210871220E-1,1.497291565E0,1.456283569E0,2.244287844E0
3.640895829E1,-7.466515899E-1,1.480980873E0,1.446599126E0,2.200782128E0
3.641898126E1,-8.731469512E-1,1.475595474E0,1.239068747E0,2.115433516E0
3.642896068E1,-7.981835604E-1,1.508190155E0,1.227221847E0,2.101858226E0
3.643896642E1,-7.228957415E-1,1.584212303E0,-7.202064991E-2,1.742840741E0
3.644897188E1,-6.493459344E-1,2.248886108E0,-2.231165171E-1,2.351365529E0
3.645896980E1,-5.773795247E-1,2.331639290E0,-3.732700348E-1,2.430892719E0
3.646896772E1,-6.665796638E-1,3.121604919E0,-1.110450387E0,3.379622136E0
3.647896954E1,-5.972328186E-1,3.753430367E0,-1.206540585E0,3.987564011E0
3.648896980E1,-5.292139649E-1,3.719580650E0,-1.273848176E0,3.967119460E0
3.649897084E1,8.785501122E-1,3.604858398E0,-1.270575881E0,3.921889524E0
3.650897709E1,1.038156271E0,2.607100487E0,-1.253227830E0,3.073324159E0
3.651896746E1,1.992379665E0,2.441865921E0,-1.229073405E0,3.382736665E0
3.652897084E1,2.144412041E0,1.467554092E0,-1.182043433E0,2.854723225E0
3.653896850E1,3.125137806E0,1.410139084E0,-1.136132121E0,3.611893512E0
3.654896902E1,3.245244026E0,1.404331207E0,-1.071291566E0,3.694782882E0
3.655896168E1,3.309610844E0,1.479777336E0,-1.007214546E0,3.762678041E0
3.656897662E1,3.347240210E0,2.331733704E0,-9.387676716E-1,4.185962712E0
3.657896053E1,3.327161551E0,2.497151375E0,-8.668104410E-1,4.249368107E0
3.658895829E1,3.278997660E0,3.453438759E0,-8.407574892E-1,4.835797563E0
3.659896980E1,3.151570320E0,3.513903618E0,-8.746907711E-1,4.800520603E0
3.660896016E1,2.974209070E0,3.504287720E0,-9.259382486E-1,4.688636652E0
3.661896928E1,2.219350338E0,3.413518906E0,-9.636770487E-1,4.184053142E0
3.662897579E1,1.958496571E0,2.546497345E0,-9.795911312E-1,3.358564623E0
3.663897501E1,5.546659231E-1,1.816511154E0,-9.911253452E-1,2.142357699E0
3.664897345E1,-1.366338611E0,8.505239487E-1,-1.013114929E0,1.901755517E0
3.665897371E1,-1.401218772E0,-4.292078018E-1,-9.671007395E-1,1.755823802E0
3.666896095E1,-2.451105118E0,-3.948793411E-1,-8.556162119E-1,2.626009348E0
3.667896251E1,-3.380139589E0,-3.627405167E-1,-7.344025373E-1,3.477969438E0
3.668896017E1,-3.459561348E0,-3.317680359E-1,-6.314940453E-1,3.532339095E0
3.669896016E1,-3.430319309E0,-4.067554474E-1,-5.413098335E-1,3.496506384E0
3.670896746E1,-3.281904221E0,-3.889160156E-1,-4.653000832E-1,3.337462381E0
3.671896068E1,-2.524818897E0,-3.709583282E-1,-4.153014421E-1,2.585497212E0
3.672895964E1,-2.368807316E0,-3.510274887E-1,-3.531528711E-1,2.420575417E0
3.673907532E1,-1.172649145E0,-3.352308273E-1,-2.735395432E-1,1.249923840E0
3.674895490E1,-1.253720284E0,-2.185105324E0,-1.943849325E-1,2.526714334E0
3.675899579E1,-1.138072252E0,-2.875409603E0,-1.108840704E-1,3.094427914E0
3.676895787E1,-1.025136948E0,-3.550632477E0,-4.255032539E-2,3.695904122E0
3.677895709E1,-9.150173068E-1,-3.688735962E0,1.296401024E-2,3.800552293E0
3.678896095E1,-8.076761365E-1,-4.654737473E0,7.639336586E-2,4.724908214E0
3.679896329E1,-9.370896220E-1,-4.745103359E0,1.505483389E-1,4.839091614E0
3.680896642E1,-8.694327474E-1,-5.400166512E0,2.170578241E-1,5.474013679E0
3.681897027E1,-8.094959855E-1,-5.458690166E0,2.935472727E-1,5.526187844E0
3.682896251E1,9.355443120E-1,-6.279870510E0,3.787125349E-1,6.360459100E0
3.683896042E1,1.620976210E0,-6.324237347E0,3.723108768E-1,6.539278040E0
3.684896355E1,1.712326765E0,-6.379084587E0,3.143619299E-1,6.612382819E0
3.685896433E1,1.824754357E0,-6.414823532E0,-3.652957678E-1,6.679306132E0
3.686896147E1,2.535968781E0,-6.417975426E0,-4.775969982E-1,6.917343790E0
3.687895886E1,2.502708435E0,-6.349191666E0,-1.584491253E0,7.006168486E0
3.688896225E1,2.436932087E0,-6.167465210E0,-2.417466164E0,7.058357299E0
3.689896381E1,2.285954475E0,-4.538774490E0,-3.436734200E0,6.134916764E0
3.690896511E1,2.069400311E0,-2.947031498E0,-4.570098877E0,5.818351660E0
3.691898282E1,9.534558058E-1,-1.120995522E0,-5.700275421E0,5.887176642E0
3.692942517E1,9.596657753E-2,-1.662635803E-2,-7.487445354E0,7.488078789E0
3.693897902E1,-1.503460407E0,2.667643547E0,-7.478706360E0,8.081321928E0
3.694895787E1,-1.559237242E0,4.188329697E0,-7.319196224E0,8.575777504E0
3.695896720E1,-1.602006435E0,5.264060974E0,-7.138666153E0,9.013174635E0
3.696896068E1,-1.629771233E0,5.425164223E0,-6.932485580E0,8.952536927E0
3.697895860E1,-3.356097221E0,5.481023788E0,-6.716974735E0,9.296384239E0
3.698896173E1,-3.340926170E0,5.397732735E0,-6.516517639E0,9.097379210E0
3.699896042E1,-3.176358700E0,2.839585304E0,-4.075081825E0,5.895658672E0
3.700896668E1,-2.984494209E0,1.913153648E0,-3.166497946E0,4.753322186E0
3.701895808E1,-1.280400276E0,4.188137054E-1,-2.295320511E0,2.661451866E0
3.702896016E1,-1.356827259E0,3.977956772E-1,-1.392921925E0,1.984805557E0
3.703896173E1,-1.238619924E0,4.741353989E-1,-4.239783287E-1,1.392386913E0
3.704895938E1,7.261729240E-2,5.269317627E-1,5.262510777E-1,7.482449802E-1
3.705896459E1,8.411560059E-1,2.677026749E0,1.267110348E0,3.078893352E0
3.706895964E1,1.050969362E0,3.806179047E0,1.388132572E0,4.185504459E0
3.707895860E1,2.041928768E0,4.577719688E0,1.494422436E0,5.230515181E0
3.708898647E1,2.141401291E0,4.629197121E0,2.347979546E0,5.614986502E0
3.709895892E1,2.225131035E0,4.582526207E0,2.475201607E0,5.663689394E0
3.710897142E1,2.228573322E0,4.408059120E0,4.431147575E0,6.635705923E0
3.711894470E1,2.154639959E0,3.036164284E0,4.388571262E0,5.755026033E0
3.712895787E1,2.026014566E0,1.674501419E0,4.153237343E0,4.915086007E0
3.713896251E1,1.844362974E0,3.570699692E-1,4.116996765E0,4.525354805E0
3.714895912E1,1.001133442E0,-1.914564610E0,5.625529289E0,6.026143509E0
3.715896720E1,8.979045153E-1,-3.305165291E0,6.379367828E0,7.240627321E0
3.716895912E1,8.193488121E-1,-4.226663589E0,6.357625961E0,7.678243643E0
3.717896147E1,6.887577772E-1,-4.250728130E0,6.871006966E0,8.108872526E0
3.718895782E1,5.495355129E-1,-3.314237595E0,6.624133110E0,7.427334621E0
3.719896355E1,4.001847506E-1,-2.128649235E0,5.358793259E0,5.779961988E0
3.720897293E1,2.705746889E-1,1.729335785E-1,4.259608269E0,4.271695131E0
3.721896121E1,1.681972742E-1,5.222511292E-2,2.890363932E0,2.895724684E0
3.722895990E1,4.499936104E-2,1.782216072E0,2.771956921E0,3.295764591E0
3.723895886E1,-1.678904176E0,2.592881203E0,9.494221210E-1,3.231586998E0
3.724895860E1,-1.675109386E0,2.631139755E0,6.348905563E-1,3.183076167E0
3.725896511E1,-1.667456627E0,2.578754425E0,-4.303810596E-1,3.100905326E0
3.726895574E1,-1.841863513E0,2.406806946E0,-6.350266933E-1,3.096520592E0
3.727897558E1,-1.810454965E0,1.247326851E0,-7.198655605E-1,2.313390991E0
3.728896933E1,-1.774681330E0,-1.466407776E-1,-6.908621788E-1,1.910049185E0
3.729897115E1,-1.735416174E0,-1.389427185E-1,2.466654778E-2,1.741144111E0
3.730897032E1,-1.630784273E0,-1.291618347E-1,1.317007542E-1,1.641184089E0
3.731896042E1,-1.728101373E0,-1.313061714E0,8.611589670E-1,2.334964708E0
3.732896043E1,-1.626250148E0,-1.336132050E0,9.151463509E-1,2.295088504E0
3.733895990E1,-1.526703835E0,-1.326974869E0,9.326536655E-1,2.227449160E0
3.734896459E1,-1.572492123E-1,-1.289660454E0,1.971310616E0,2.360935608E0
3.735896928E1,-7.919287682E-2,-2.386913300E-1,9.072681665E-1,9.414778748E-1
3.736895964E1,-4.593622684E-2,-2.296438217E-1,8.315074444E-1,8.638582360E-1
3.737896121E1,-3.372800350E-2,-2.197093964E-1,7.286030054E-1,7.617559560E-1
3.738896199E1,-4.338026047E-2,-2.091417313E-1,6.023437977E-1,6.390932337E-1
3.739895990E1,-1.384587288E-1,-1.923542023E-1,-1.080682278E-1,2.604797508E-1
3.740896459E1,-1.366578698E0,-2.751531601E-1,-1.427780390E-1,1.401296603E0
3.741895886E1,-1.326950192E0,-2.577915192E-1,-1.405419111E-1,1.359045735E0
3.742895938E1,-1.287180185E0,-2.403144836E-1,-1.109783649E-1,1.314115702E0
3.743895834E1,-1.247197032E0,-2.227678299E-1,-5.763626099E-2,1.268245986E0
3.744899095E1,-1.207044601E0,-2.046022415E-1,5.010366440E-3,1.224272785E0
3.745896074E1,-1.366155744E0,-2.854785919E-1,8.181774616E-2,1.398060687E0
3.746897990E1,-1.321172595E0,-2.646770477E-1,1.557197571E-1,1.356392129E0
3.747895579E1,-1.233311892E0,-2.491407394E-1,2.213976383E-1,1.277554791E0
3.748898360E1,-1.145631790E0,-2.334537506E-1,2.887043953E-1,1.204293602E0
3.749895964E1,-1.059785843E0,-2.174615860E-1,3.474098444E-1,1.136278652E0
3.750896407E1,-1.175352812E0,-3.009109497E-1,3.986581564E-1,1.277078681E0
3.751896016E1,-1.091179013E0,-2.842130661E-1,4.435564280E-1,1.211689321E0
3.752896277E1,-1.008675456E0,-2.676715851E-1,4.901098013E-1,1.152944869E0
3.753895808E1,-8.879083395E-1,-2.313566208E-1,6.160218716E-1,1.105165169E0
3.754895964E1,-1.009980202E0,-3.147964478E-1,6.936624050E-1,1.265039266E0
3.755896902E1,-9.336693883E-1,-2.983293533E-1,1.668145537E0,1.934799334E0
3.756896199E1,-8.570511341E-1,9.304065704E-1,1.695600510E0,2.115479643E0
3.757896017E1,-7.820410728E-1,1.024345398E0,1.721314073E0,2.150300879E0
3.758896042E1,-7.085116506E-1,1.657649040E0,1.744694591E0,2.508734405E0
3.759895834E1,-2.066509724E0,1.705888748E0,1.566135645E0,3.103755744E0
3.760896511E1,-2.103568316E0,1.785640717E0,1.584501982E0,3.181848355E0
3.761900886E1,-2.143110275E0,2.493223190E0,1.565296769E0,3.641323592E0
3.762895808E1,-2.186418772E0,2.570984840E0,4.547578096E-1,3.405465425E0
3.763894892E1,-2.196489334E0,2.671782494E0,-3.108134270E-1,3.472692338E0
3.764894397E1,-2.160182714E0,3.392562866E0,-4.544767141E-1,4.047520382E0
3.765897194E1,-2.030883312E0,3.414862633E0,-1.149695754E0,4.136130336E0
3.766897032E1,-5.177108645E-1,3.432893753E0,-1.283724546E0,3.701450090E0
3.767896563E1,-4.494412243E-1,3.427334785E0,-1.407498956E0,3.732247909E0
3.768896615E1,7.016041279E-1,3.352867126E0,-1.507983327E0,3.742723612E0
3.769897032E1,1.746114016E0,3.207230568E0,-1.549415827E0,3.966854103E0
3.770897162E1,3.735269308E0,2.031874657E0,-1.565341234E0,4.531119575E0
3.771901199E1,4.545915604E0,1.936647415E0,-1.475017905E0,5.156707254E0
3.772897058E1,4.682623386E0,1.892962456E0,-1.331249952E0,5.223264791E0
3.773898074E1,5.330973625E0,1.925165176E0,-5.435121059E-1,5.693939423E0
3.774897267E1,5.273296833E0,2.048132896E0,-4.423421621E-1,5.674343525E0
3.775897032E1,5.149234772E0,2.963878632E0,-3.467725515E-1,5.951423904E0
3.776897657E1,4.934676170E0,3.088110924E0,-3.090467453E-1,5.829491219E0
3.777897371E1,4.098050117E0,3.747301102E0,-3.524460793E-1,5.564215897E0
3.778896798E1,3.812684536E0,3.749037743E0,-4.519877434E-1,5.366203526E0
3.779898907E1,2.649316788E0,3.675809860E0,-1.195350885E0,4.686077390E0
3.780897595E1,2.350501299E0,2.966440201E0,-1.213526487E0,3.974578010E0
3.781913235E1,9.464192390E-1,2.839742661E0,-1.237965941E0,3.239198578E0
3.782895178E1,2.836585045E-2,1.834222794E0,-1.248999357E0,2.219274042E0
3.783897037E1,-1.782408476E0,1.708275795E0,-1.228752255E0,2.757719759E0
3.784897058E1,-1.840162039E0,8.881282806E-1,-1.151842713E0,2.345572384E0
3.785897032E1,-1.887888432E0,8.364667892E-1,-1.015635252E0,2.301155011E0
3.786896615E1,-1.896714449E0,7.768898010E-1,-9.232914448E-2,2.051732959E0
3.787896850E1,-1.855006814E0,6.921386719E-1,-2.459347248E-2,1.980078549E0
3.788897214E1,-1.952221155E0,-3.717956543E-1,6.023657322E-2,1.988222294E0
3.789896017E1,-1.839866519E0,-3.617029190E-1,1.021425724E-1,1.877863391E0
3.790895808E1,-1.733561516E0,-3.495979309E-1,1.287633181E-1,1.773142474E0
3.791896251E1,-1.630315542E0,-2.483637810E0,1.283028126E-1,2.973692511E0
3.792890433E1,-1.729215503E0,-3.184925079E0,1.213779449E-1,3.626109020E0
3.793896069E1,-1.629652500E0,-3.867723942E0,8.956003189E-2,4.197984845E0
3.794896173E1,-1.537364841E0,-3.999082088E0,4.580593109E-2,4.284652423E0
3.795895860E1,-1.446931124E0,-4.764263153E0,-6.827712059E-3,4.979142465E0
3.796896068E1,-1.358492494E0,-4.818778515E0,-5.264675617E-2,5.006885250E0
3.797908345E1,-1.472916245E0,-4.869906425E0,-8.767461777E-2,5.088531979E0
3.798896959E1,-2.872639894E-1,-4.920468330E0,-9.785497189E-2,4.929817926E0
3.799897204E1,-1.658909321E-1,-4.976912498E0,-8.708155155E-2,4.980437834E0
3.800895475E1,5.146583319E-1,-5.047968864E0,-6.270372868E-2,5.074524077E0
3.801895938E1,5.543761253E-1,-5.117642403E0,-5.632007122E-2,5.147889723E0
3.802895990E1,5.818531513E-1,-5.722265244E0,-8.591699600E-2,5.752412914E0
3.803896303E1,6.028985977E-1,-5.749091148E0,-1.403836012E-1,5.782321619E0
3.804896173E1,5.901263952E-1,-5.774463177E0,-8.776268959E-1,5.870511316E0
3.805896225E1,5.587697029E-1,-5.784942627E0,-9.826508760E-1,5.894352172E0
3.806895990E1,4.785988331E-1,-5.585652351E0,-3.086246967E0,6.399491337E0
3.807896043E1,3.388237953E-1,-3.954812050E0,-4.304244995E0,5.855071724E0
3.808895808E1,-4.314898252E-1,-2.188551903E0,-5.553092480E0,5.984377912E0
3.809896303E1,-1.498003125E0,-1.137266159E-1,-6.656930447E0,6.824343930E0
3.810895938E1,-1.505385756E0,1.892531395E0,-7.671663761E0,8.043773133E0
3.811896095E1,-1.711537480E0,3.446606636E0,-7.655479431E0,8.568245046E0
3.812895964E1,-2.735888720E0,4.535447121E0,-7.490176201E0,9.173772789E0
3.813896016E1,-2.860105991E0,4.711731911E0,-7.293426514E0,9.141919612E0
3.814896095E1,-2.948635101E0,4.790362358E0,-7.064730644E0,9.030638934E0
3.815901871E1,-2.938147545E0,4.705698967E0,-6.811835766E0,8.785068028E0
3.816895813E1,-2.809035063E0,3.205020905E0,-5.558055878E0,7.003914771E0
3.817904407E1,-2.634659290E0,1.597097397E0,-4.262250900E0,5.259176020E0
3.818895761E1,-1.410759330E0,2.068643570E-1,-3.053678513E0,3.370161303E0
3.819895990E1,-1.293963909E0,2.836294174E-1,-1.995273113E0,2.394974539E0
3.820895834E1,-1.182963133E0,3.592758179E-1,-1.078159332E0,1.640398864E0
3.821896199E1,-1.272860646E0,3.333301544E-1,-1.988940239E-1,1.330729893E0
3.822896069E1,5.522552729E-1,3.907985687E-1,6.607475281E-1,9.456726197E-1
3.823896042E1,7.659558058E-1,1.947001457E0,8.619656563E-1,2.262849479E0
3.824896433E1,2.096555710E0,5.229589462E0,1.054641724E0,5.732052072E0
3.825895990E1,2.938555956E0,6.062237740E0,1.710924864E0,6.950762649E0
3.826896016E1,2.974476814E0,6.038953781E0,1.774869680E0,6.961798437E0
3.827896381E1,2.895735264E0,5.863534927E0,2.481947422E0,6.994739993E0
3.828896225E1,2.763903379E0,4.330819130E0,2.552165031E0,5.736610722E0
3.829895964E1,1.986594439E0,2.781608582E0,4.189803123E0,5.407250131E0
3.830896068E1,1.797306061E0,2.373628616E-1,3.950729370E0,4.346827896E0
3.831895990E1,9.190278053E-1,-1.249457359E0,3.894460201E0,4.191965656E0
3.832895886E1,7.722003460E-1,-3.154881477E0,5.087635994E0,6.036026053E0
3.833896464E1,6.827636957E-1,-4.395145893E0,5.637751102E0,7.181066159E0
3.834894845E1,6.835243702E-1,-4.503502846E0,5.647988796E0,7.255930050E0
3.835896147E1,7.120845318E-1,-4.498014450E0,6.122382164E0,7.630384115E0
3.836895735E1,7.294213772E-1,-3.705221176E0,5.959713936E0,7.055417047E0
3.837895683E1,6.976994276E-1,-2.581839561E0,5.772136688E0,6.361622589E0
3.838896277E1,6.500198841E-1,-1.334804535E0,4.962821007E0,5.180137193E0
3.839896251E1,5.491813421E-1,8.145904541E-2,4.662884712E0,4.695820435E0
3.840896355E1,3.990077972E-1,-3.269672394E-2,2.627132177E0,2.657461152E0
3.841895990E1,-6.748003960E-1,1.595968246E0,2.556746244E0,3.088595405E0
3.842896095E1,-1.796504498E0,1.505074501E0,1.225864053E0,2.644885695E0
3.843895886E1,-1.786226034E0,-4.752445221E-2,1.011208296E0,2.053144962E0
3.844896173E1,-1.964679480E0,-1.553020477E-1,8.181686401E-1,2.133889432E0
3.845896095E1,-1.942110538E0,-1.601152420E-1,6.940119267E-1,2.068594399E0
3.846895964E1,-1.916100383E0,-1.496562958E-1,6.996465921E-1,2.045322233E0
3.847896095E1,-6.878650188E-1,-1.506264687E0,1.876524329E0,2.502665609E0
3.848895912E1,-5.691958666E-1,-1.498515129E0,1.849822879E0,2.447728786E0
3.849896147E1,1.388164759E-1,-1.453031540E0,1.625780582E0,2.184887451E0
3.850896506E1,2.341187000E-1,-1.369431496E0,1.605387926E0,2.123069613E0
3.851896897E1,2.942742109E-1,-1.277194977E0,1.587255597E0,2.058447145E0
3.852896386E1,3.237096071E-1,-1.909208298E-1,1.569534063E0,1.613900818E0
3.853895501E1,3.410872221E-1,-1.810283661E-1,1.553984880E0,1.601243508E0
3.854895787E1,3.048975468E-1,-2.692890167E-1,1.956239939E-1,4.513843545E-1
3.855896095E1,1.935873032E-1,-2.523317337E-1,6.675767899E-2,3.249675914E-1
3.856895912E1,-4.947851896E-1,-2.350463867E-1,-5.443310738E-2,5.504744780E-1
3.857895808E1,-6.044194698E-1,-2.175245285E-1,-1.200740337E-1,6.534964343E-1
3.858895626E1,-1.760007381E0,-1.997537613E-1,-1.124089956E-1,1.774869947E0
3.859896199E1,-1.888413429E0,-2.615423203E-1,1.167935252E0,2.235750974E0
3.860896277E1,-1.856251240E0,-2.431612015E-1,1.166690111E0,2.205892529E0
3.861896121E1,-1.823678493E0,-2.245969772E-1,1.166829705E0,2.176634699E0
3.862895886E1,-1.764181733E0,-2.108964920E-1,1.167256594E0,2.125865112E0
3.863895808E1,-1.901101947E0,-2.972517014E-1,9.695135951E-1,2.154647024E0
3.864896147E1,-1.793609381E0,-2.909526825E-1,9.756407142E-1,2.062416756E0
3.865896069E1,-1.688606143E0,-2.836561203E-1,9.827318192E-1,1.974237404E0
3.866895912E1,-1.584438086E0,-2.758302689E-1,9.892647266E-1,1.888166064E0
3.867896016E1,-1.482685447E0,-2.670955658E-1,9.968191981E-1,1.806472997E0
3.868907459E1,-1.582669854E0,-3.574323654E-1,8.042180538E-1,1.810902659E0
3.869896303E1,-1.483350277E0,-3.471822739E-1,8.128691316E-1,1.726736749E0
3.870896808E1,-1.386297822E0,-3.361721039E-1,8.225165606E-1,1.646622855E0
3.871895834E1,-1.291447282E0,-3.244609833E-1,8.331252337E-1,1.570735072E0
3.872895657E1,-1.200185299E0,-3.120393753E-1,8.430715799E-1,1.499527596E0
3.873896095E1,-1.310429692E0,-3.987779617E-1,6.545109153E-1,1.518102230E0
3.874896199E1,-1.221068144E0,-3.850355148E-1,6.686053872E-1,1.444400541E0
3.875896043E1,-1.133664012E0,-3.707866669E-1,6.835181713E-1,1.374726858E0
3.876896277E1,-1.048032045E0,-3.560762405E-1,6.993518472E-1,1.309295407E0
3.877895938E1,-1.125330091E0,1.074759483E0,5.547152162E-1,1.652024434E0
3.878895730E1,-1.044350863E0,1.171394348E0,5.708568692E-1,1.669943415E0
3.879896355E1,-9.633994102E-1,1.914339066E0,5.894073844E-1,2.222663615E0
3.880895912E1,-8.841220140E-1,1.995650291E0,6.086083651E-1,2.265986753E0
3.881895584E1,-8.063791990E-1,2.635290146E0,6.284177899E-1,2.826642971E0
3.882895912E1,-9.269105196E-1,2.735144615E0,4.453349710E-1,2.922071596E0
3.883895756E1,-8.475734591E-1,3.454195023E0,4.647623599E-1,3.586899507E0
3.884896095E1,-7.699350715E-1,3.506299973E0,4.848610759E-1,3.622434233E0
3.885896016E1,-6.921448708E-1,3.520999908E0,-7.770962715E-1,3.671564175E0
3.886899428E1,5.125488043E-1,3.517929077E0,-8.878002167E-1,3.664248967E0
3.887896845E1,6.274629235E-1,3.440607071E0,-1.552692294E0,3.826531079E0
3.888903121E1,1.349442005E0,3.308386803E0,-1.639355659E0,3.931145372E0
3.889895735E1,1.513556480E0,2.462173462E0,-1.754675388E0,3.381129559E0
3.890895735E1,2.561881304E0,2.383918762E0,-1.826415539E0,3.947416649E0
3.891897136E1,2.719420195E0,2.305152893E0,-1.804779649E0,3.995773472E0
3.892891235E1,3.430667400E0,2.244657516E0,-1.648751736E0,4.418862802E0
3.893897397E1,3.442727089E0,2.232465744E0,-7.578494549E-1,4.172602174E0
3.894897058E1,3.492533207E0,2.236809731E0,-6.368273497E-1,4.196028485E0
3.895896876E1,4.215261936E0,2.282968521E0,-4.902982712E-1,4.818793506E0
3.896896876E1,4.105618477E0,2.245868683E0,-5.160428286E-1,4.708113149E0
3.897897032E1,3.901550055E0,2.138652802E0,-6.245106459E-1,4.492876827E0
3.898896980E1,3.677378178E0,1.340925217E0,-1.612035036E0,4.233184104E0
3.899897214E1,2.752481937E0,1.293965340E0,-1.699851990E0,3.484250264E0
3.900897006E1,2.481594563E0,1.254726410E0,-2.303571224E0,3.610968059E0
3.901896980E1,9.544651508E-1,1.217254639E0,-2.318613052E0,2.787235022E0
3.902896928E1,-1.533724070E-1,1.181236267E0,-2.334469318E0,2.620799346E0
3.903898542E1,-1.644567609E0,1.156194687E0,-2.297267675E0,3.052675473E0
3.904895912E1,-1.682324648E0,1.150539398E0,-2.164679766E0,2.973179378E0
3.905896334E1,-1.719908357E0,1.160367012E0,-1.237609863E0,2.415825849E0
3.906898371E1,-1.947426915E0,1.140490532E0,-1.049314022E0,2.488825056E0
3.907896360E1,-1.966513753E0,1.035840988E0,-2.484264374E-1,2.236483532E0
3.908895761E1,-1.934124231E0,-3.943891525E-1,-1.569885015E-1,1.980157755E0
3.909896954E1,-1.866661906E0,-3.732290268E-1,-4.316115379E-2,1.904098071E0
3.910896746E1,-1.755011439E0,-1.533261299E0,1.141844034E0,2.595142224E0
3.911897058E1,-1.844863653E0,-2.252223015E0,1.011741638E0,3.082150475E0
3.912895938E1,-1.698392868E0,-3.438613415E0,1.093560696E0,3.988041568E0
3.913896433E1,-6.114972830E-1,-3.576877117E0,1.133725882E0,3.801751335E0
3.914896355E1,-4.820289612E-1,-4.418643475E0,8.917820454E-2,4.445752448E0
3.915895990E1,-3.594883680E-1,-4.507812500E0,6.535649300E-3,4.522128717E0
3.916896537E1,-2.403266430E-1,-4.612621784E0,-7.167196274E-2,4.619434326E0
3.917895938E1,-1.402812004E-1,-5.287831306E0,-1.368248463E-1,5.291461025E0
3.918895938E1,-4.183697701E-2,-5.304626942E0,-1.925475597E-1,5.308285211E0
3.919895990E1,-2.064585686E-3,-5.316894531E0,-2.417367697E-1,5.322387470E0
3.920895964E1,3.320217133E-2,-5.339785099E0,-2.926175594E-1,5.347899805E0
3.921895845E1,4.573178291E-2,-5.351455688E0,-3.423415422E-1,5.362589590E0
3.922898037E1,3.640806675E-2,-5.348684788E0,-4.047001600E-1,5.364097009E0
3.923895865E1,1.276576519E-2,-5.328294277E0,-1.003902912E0,5.422057167E0
3.924895855E1,-4.647457600E-2,-5.252455235E0,-1.065289378E0,5.359597684E0
3.925896308E1,-1.283490658E-1,-5.099631786E0,-1.881356597E0,5.437115088E0
3.926895938E1,-2.427757978E-1,-3.920618057E0,-2.757780313E0,4.799535217E0
3.927896850E1,-1.633103848E0,-2.827221870E0,-3.759958982E0,4.979709151E0
3.928896436E1,-1.621116281E0,-1.431109428E0,-4.841682434E0,5.302639058E0
3.929896124E1,-1.609126568E0,-1.365137100E-1,-5.901062489E0,6.118044034E0
3.930896150E1,-3.101661921E0,2.253295898E0,-8.263481140E0,9.109487891E0
3.931896124E1,-3.993677616E0,3.049059868E0,-8.119792938E0,9.548678670E0
3.932896879E1,-4.061738491E0,3.179001808E0,-7.944512844E0,9.472014379E0
3.933896566E1,-4.046572685E0,3.257293701E0,-7.736256599E0,9.318496602E0
3.934895993E1,-3.956135273E0,3.238707542E0,-7.596643448E0,9.156922219E0
3.935896046E1,-3.790696144E0,2.585083008E0,-6.137881756E0,7.663264570E0
3.936896150E1,-3.510371685E0,1.802476883E0,-5.725255013E0,6.953429171E0
3.937897061E1,-2.311518669E0,1.709393501E0,-4.281841755E0,5.157452231E0
3.938895993E1,-9.935339093E-1,1.117486954E-1,-3.898822546E0,4.024973869E0
3.939901191E1,-1.036223054E0,8.390235901E-2,-2.635172367E0,2.832830956E0
3.940895769E1,-8.878681064E-1,1.564302444E-1,-2.334835291E0,2.502845587E0
3.941897790E1,-7.474881411E-1,1.292818069E0,-1.217742205E0,1.926918047E0
3.942896546E1,-6.142524481E-1,2.164507866E0,-3.797450066E-1,2.281798992E0
3.943895660E1,-4.995202422E-1,2.865017891E0,3.906381130E-1,2.934356168E0
3.944896358E1,-6.296560764E-1,3.617675781E0,5.884795189E-1,3.718918254E0
3.945896280E1,-5.625185966E-1,3.759138107E0,1.279251814E0,4.010490205E0
3.946896306E1,1.115442753E0,4.385228157E0,1.363962650E0,4.725974253E0
3.947896905E1,1.227954865E0,4.324776649E0,2.043903112E0,4.938532793E0
3.948896202E1,2.074634790E0,2.883107185E0,3.931423187E0,5.298349255E0
3.949896019E1,2.171091795E0,1.858314514E0,3.917631388E0,4.849206956E0
3.950896410E1,2.299458027E0,2.202224731E-1,3.884929419E0,4.519809923E0
3.951895967E1,3.174534798E0,2.164392471E-1,3.851828098E0,4.996108168E0
3.952896775E1,3.208700180E0,-1.621031761E0,4.821035385E0,6.013807696E0
3.953896228E1,3.205607891E0,-2.503738403E0,4.846225262E0,6.326968250E0
3.954896384E1,3.131814957E0,-2.689998150E0,5.379957199E0,6.781466982E0
3.955896228E1,3.008749723E0,-3.398117065E0,5.246953964E0,6.937600478E0
3.956897921E1,2.809825420E0,-3.404060364E0,5.072554588E0,6.724102610E0
3.957897238E1,1.788952589E0,-3.303304672E0,4.886907578E0,6.163930466E0
3.958895004E1,9.992511272E-1,-2.246078968E0,4.072861671E0,4.757265574E0
3.959896957E1,1.373528242E-1,-1.499366760E0,3.847019196E0,4.131164869E0
3.960895816E1,-1.306400895E0,-2.892589569E-2,2.663543701E0,2.966813957E0
3.961896202E1,-1.367816329E0,-2.548313141E-2,2.579617500E0,2.919931052E0
3.962896697E1,-1.426566482E0,-1.938533783E-2,2.497821093E0,2.876556610E0
3.963896905E1,-1.682082772E0,1.014678001E0,2.218790293E0,2.963444662E0
3.964895941E1,-1.700440884E0,1.920874596E0,6.588275433E-1,2.648643453E0
3.965896176E1,-1.613919139E0,1.885136604E0,4.738190174E-1,2.526455910E0
3.966896098E1,-3.280802965E-1,1.804958344E0,3.830075264E-1,1.874088063E0
3.967896775E1,3.996622562E-1,1.703921318E0,3.225294352E-1,1.779635641E0
3.968895915E1,6.061170101E-1,1.597482681E0,2.775151730E-1,1.730994921E0
3.969896254E1,1.582226276E0,1.492486000E0,2.794995308E-1,2.192960200E0
3.970896072E1,1.710245490E0,1.418505669E0,3.787506819E-1,2.254007553E0
3.971895993E1,1.815919399E0,1.352984428E0,1.828179955E0,2.910390365E0
3.972896644E1,1.856299639E0,1.290946960E0,1.650824189E0,2.799573701E0
3.973896228E1,1.841044903E0,1.210233688E0,1.673561811E0,2.766752799E0
3.974895999E1,1.800130844E0,-2.604389191E-1,1.696789145E0,2.487447063E0
3.975897743E1,1.712470770E0,-2.333707809E-1,1.719906807E0,2.438257059E0
3.976897999E1,1.603041410E0,-2.064399719E-1,1.739682555E0,2.374627259E0
3.977896676E1,1.491220951E0,-2.868032455E-1,1.512431622E0,2.143232474E0
3.978896025E1,1.354151368E0,-2.663574219E-1,1.488520384E0,2.029868256E0
3.979896098E1,1.200183034E0,-2.454042435E-1,1.466474056E0,1.910813627E0
3.980895967E1,4.583771229E-1,-2.237834930E-1,1.447608352E0,1.534848064E0
3.981897441E1,3.372471333E-1,-1.995162964E-1,1.436379552E0,1.488868227E0
3.982896775E1,1.970120668E-1,-2.746553421E-1,1.227434754E0,1.273124262E0
3.983896280E1,-5.436445475E-1,-2.296361923E-1,1.260255456E0,1.391591172E0
3.984895967E1,-6.759057045E-1,-2.049150467E-1,1.254794121E0,1.439912144E0
3.985895967E1,-7.917425632E-1,-1.807279587E-1,1.251087785E0,1.491556076E0
3.986896202E1,-8.660520315E-1,-2.612905502E-1,1.049992442E0,1.385930374E0
3.987896592E1,-9.296766520E-1,-2.421665192E-1,-1.503082514E-1,9.723866878E-1
3.988896072E1,-9.780111313E-1,-2.235460281E-1,-2.754122019E-1,1.040351133E0
3.989895863E1,-9.729300737E-1,1.205423355E0,-4.262641668E-1,1.606654765E0
3.990896019E1,-9.742296934E-1,1.288264275E0,-5.413752794E-1,1.703477481E0
3.991896228E1,-9.701114893E-1,1.300436020E0,-5.598967075E-1,1.716314210E0
3.993003280E1,-9.370917082E-1,1.251013756E0,-5.085517764E-1,1.643715668E0
3.993896764E1,-9.036142826E-1,1.152706146E0,-3.974034190E-1,1.517623046E0
3.994897561E1,-8.844327927E-1,1.046038628E0,9.260144234E-1,1.653457253E0
3.995895712E1,-8.587348461E-1,-2.487287521E-1,9.390194416E-1,1.296552752E0
3.996896150E1,-8.480144739E-1,-3.345403671E-1,7.532588840E-1,1.182558562E0
3.997896749E1,-1.874909759E0,-3.201732635E-1,7.682285309E-1,2.051334346E0
3.998896280E1,-1.806131124E0,-3.055467606E-1,7.838965654E-1,1.992476421E0
3.999896358E1,-1.738400340E0,-2.906255722E-1,8.002293706E-1,1.935682312E0
4.000896072E1,-1.671716571E0,-2.755336761E-1,8.156409264E-1,1.880379010E0
4.001896306E1,-1.765550733E0,-3.399829865E-1,6.721735597E-1,1.919524711E0
4.002896905E1,-1.699709892E0,1.471409798E0,6.894026399E-1,2.351454127E0
4.003896670E1,-1.598370314E0,1.577614784E0,7.061132193E-1,2.354198791E0
4.004896176E1,-1.497705102E0,2.401975632E0,7.234609127E-1,2.921643921E0
4.005896098E1,-1.598702312E0,2.524107933E0,-3.973657489E-1,3.014111723E0
4.006896462E1,-1.501711965E0,3.609174728E0,-4.060128927E-1,3.930156169E0
4.007896853E1,-1.405186653E0,3.726415634E0,5.846095085E-1,4.025231830E0
4.008896072E1,-1.302087665E0,4.460097313E0,6.020785570E-1,4.685125283E0
4.009896566E1,-1.201463103E0,4.459501266E0,6.203269362E-1,4.659986120E0
4.010896124E1,-1.301251292E0,4.407970428E0,4.370138049E-1,4.616756360E0
4.011895556E1,-1.202137351E0,4.307394981E0,4.562648237E-1,4.495215604E0
4.012896155E1,-1.102000713E0,3.587774277E0,4.749074578E-1,3.783129251E0
4.013896827E1,1.938577890E-1,3.460982323E0,4.947001338E-1,3.501529338E0
4.014897191E1,2.879679203E-1,2.596188545E0,5.140358806E-1,2.662208364E0
4.015897139E1,3.487707376E-1,2.431964874E0,3.349768519E-1,2.479577316E0
4.016897243E1,3.935296535E-1,1.188543320E0,3.584172428E-1,1.302291723E0
4.017897296E1,4.303780794E-1,-5.542764664E-1,3.826910853E-1,7.993123039E-1
4.018897238E1,3.039036989E-1,-5.130548477E-1,4.474422932E-1,7.455114625E-1
4.019897264E1,1.943284273E-1,-5.916576385E-1,2.720867395E-1,6.795980376E-1
4.020897394E1,-9.316439033E-1,-5.700597763E-1,2.983136177E-1,1.132218851E0
4.021896978E1,-8.964713812E-1,-5.484199524E-1,3.267059922E-1,1.100528140E0
4.022896847E1,-8.645820618E-1,-5.264930725E-1,3.565490842E-1,1.073230798E0
4.023897030E1,-8.374646306E-1,-5.041389465E-1,3.879465461E-1,1.051668012E0
4.024897238E1,-1.009514689E0,-5.816383362E-1,2.185042650E-1,1.185397476E0
4.025896900E1,-9.792086482E-1,-5.593423843E-1,2.507098019E-1,1.155235424E0
4.026897160E1,-9.448370337E-1,-5.374584198E-1,2.830415964E-1,1.123250248E0
4.027895946E1,-8.736559749E-1,-5.189447403E-1,3.156590760E-1,1.064057827E0
4.028897400E1,-8.020713925E-1,-5.004301071E-1,3.483456373E-1,1.007518483E0
4.029895837E1,-9.310957789E-1,-5.815753937E-1,1.800680012E-1,1.112471920E0
4.030896045E1,-8.612797856E-1,-5.625562668E-1,2.134213448E-1,1.050628903E0
4.031896795E1,-7.911493182E-1,-5.435361862E-1,2.467901707E-1,9.910873916E-1
4.032897186E1,-7.221117616E-1,-5.244073868E-1,2.802348137E-1,9.354036852E-1
4.033896691E1,-6.555915475E-1,-5.051088333E-1,3.122354150E-1,8.845485657E-1
4.034896952E1,-7.895807028E-1,-5.854768753E-1,1.448627710E-1,9.935824476E-1
4.035897160E1,-7.232093811E-1,-5.658292770E-1,1.791019738E-1,9.355597772E-1
4.036896327E1,-6.179121137E-1,-2.094072342E0,2.533227503E-1,2.197982432E0
4.037896222E1,-5.535590649E-1,-2.104646683E0,2.876317203E-1,2.195153139E0
4.038896222E1,-6.911882162E-1,-2.015370369E0,1.209735721E-1,2.134032211E0
4.039896066E1,-6.297387481E-1,-5.546932220E-1,1.544467509E-1,8.532931854E-1
4.040896196E1,-5.675877929E-1,-5.345964432E-1,1.895884275E-1,8.024294558E-1
4.041897160E1,-1.574314594E0,-5.144662857E-1,2.247998416E-1,1.671429619E0
4.042896040E1,-2.246584892E0,-4.942989349E-1,2.600814998E-1,2.314976782E0
4.043895936E1,-2.300549507E0,-5.738782883E-1,9.436462820E-2,2.372924147E0
4.044895858E1,-2.368150473E0,-5.534734726E-1,1.303412616E-1,2.435458559E0
4.045899733E1,-2.964594603E0,-5.330390930E-1,1.663769931E-1,3.016725565E0
4.046896884E1,-2.967016935E0,-5.125780106E-1,2.024690509E-1,3.017767292E0
4.047896155E1,-2.964963436E0,-2.149892807E0,2.386077493E-1,3.670147261E0
4.048896030E1,-2.912960052E0,-2.161867142E0,7.524634898E-2,3.628314735E0
4.049896327E1,-2.838729620E0,-2.103674889E0,1.350220442E0,3.782450150E0
4.050896144E1,-2.762587786E0,-1.988184929E0,1.384717703E0,3.674535849E0
4.051896978E1,-2.679308176E0,-4.979305267E-1,1.466374397E0,3.094653613E0
4.052895884E1,-2.578302860E0,-4.768533707E-1,1.564528942E0,3.053323695E0
4.053896379E1,-2.482812405E0,-5.544595718E-1,2.215107918E0,3.373201141E0
4.054895910E1,-2.367596626E0,-5.115184784E-1,2.203691483E0,3.274663508E0
4.055896066E1,-2.234288931E0,-4.874382019E-1,2.168784857E0,3.151709184E0
4.056896795E1,-2.084054232E0,-4.623231888E-1,2.154175758E0,3.032737702E0
4.057895936E1,-1.909885764E0,-1.639797211E0,2.127038956E0,3.295586935E0
4.058895988E1,-1.197607517E0,-1.699064255E0,2.051789761E0,2.920774611E0
4.059895988E1,-9.975134134E-1,-1.704317093E0,1.972803354E0,2.791358601E0
4.060896014E1,8.618927002E-1,-1.686891556E0,1.988955617E0,2.746708320E0
4.061896587E1,9.764731526E-1,-1.674166679E0,2.680312157E0,3.307628629E0
4.062896952E1,8.861609697E-1,-1.704838753E0,2.673207998E0,3.292081020E0
4.063896374E1,9.895996451E-1,-1.758857727E0,2.688174486E0,3.361423810E0
4.064894821E1,1.069495440E0,-1.839939117E0,3.257359982E0,3.890962670E0
4.065895603E1,1.143568635E0,-1.913973808E0,3.229112864E0,3.924055918E0
4.066896712E1,1.149034500E0,-1.968872070E0,3.237132549E0,3.959263145E0
4.067896014E1,-1.125370264E-1,-2.561558723E0,3.811132431E0,4.593362394E0
4.068895988E1,-2.678184509E-1,-2.595667362E0,3.677935839E0,4.509592865E0
4.069896222E1,-1.002929091E0,-2.612683296E0,3.537666321E0,4.510771970E0
4.070896066E1,-1.079290390E0,-2.562558651E0,3.464205265E0,4.442104535E0
4.071896717E1,-1.101679206E0,-1.464993477E0,3.484653473E0,3.937348446E0
4.072896170E1,-1.022698522E0,-1.309402466E0,3.348067760E0,3.737646962E0
4.073896170E1,-9.981817007E-2,-2.573032379E-1,3.135485888E0,3.147608676E0
4.074896170E1,9.872068763E-1,-2.101526260E-1,2.842405319E0,3.016290692E0
4.075896066E1,1.042763829E0,-1.621084213E-1,1.619005919E0,1.932567129E0
4.076896379E1,8.978827000E-1,-2.131567001E-1,7.899971008E-1,1.214794032E0
4.077896300E1,9.508635998E-1,-1.646070480E-1,-1.109902859E-1,9.713680606E-1
4.078895962E1,1.002597213E0,-1.162509918E-1,-3.609216213E-1,1.071904791E0
4.079895988E1,1.045134664E0,-1.389753342E0,-5.043005943E-1,1.810535806E0
4.080895780E1,1.047440648E0,-2.683063507E0,2.449264526E-1,2.890666128E0
4.081900118E1,8.501926064E-1,-3.804063797E0,1.295625687E0,4.107599635E0
4.082895868E1,8.550752997E-1,-4.728444099E0,2.414335728E0,5.377578858E0
4.083895821E1,8.599297404E-1,-5.432309151E0,3.649134636E0,6.600427672E0
4.084896014E1,-2.702198029E-1,-5.537191868E0,4.843615055E0,7.361665527E0
4.085896222E1,-4.117209911E-1,-6.201444626E0,6.928953171E0,9.307944008E0
4.086897030E1,-1.171684861E0,-6.188025951E0,6.773139000E0,9.248779514E0
4.087896040E1,-1.237948418E0,-6.103796959E0,6.704898834E0,9.151203308E0
4.088896170E1,-1.313274860E0,-5.921143055E0,6.531405449E0,8.913129814E0
4.089896483E1,-1.275827765E0,-5.167176247E0,5.137320518E0,7.397263613E0
4.090896014E1,-1.140652180E0,-5.022690296E0,4.078277588E0,6.569692024E0
4.091896926E1,-3.489058018E-1,-4.890436649E0,2.910716057E0,5.701786899E0
4.092890155E1,-1.978286505E-1,-4.784054756E0,1.793217659E0,5.112919485E0
4.093896457E1,9.220824242E-1,-4.705523491E0,7.661023140E-1,4.855831553E0
4.094896014E1,9.919550419E-1,-4.656220913E0,3.815970421E-1,4.775979931E0
4.095895988E1,8.612428308E-1,-4.608525753E0,-6.570506096E-1,4.734127621E0
4.096896483E1,9.292323589E-1,-5.108132839E0,-8.819680214E-1,5.266342324E0
4.097895988E1,9.951771498E-1,-5.035828590E0,-1.020139217E0,5.233605944E0
4.098906743E1,2.582222462E0,-4.981113434E0,-1.111619949E0,5.719708279E0
4.099895509E1,2.610409498E0,-4.937654495E0,-1.178269386E0,5.708151050E0
4.100912863E1,2.646662712E0,-4.882294655E0,-1.236276627E0,5.689464343E0
4.101896358E1,2.698537111E0,-4.818389893E0,-1.320960045E0,5.678372931E0
4.102895754E1,2.764794111E0,-4.769258499E0,-1.392105103E0,5.685760259E0
4.103895967E1,3.452581644E0,-4.725251198E0,-1.497290134E0,6.040711600E0
4.104895962E1,3.423713684E0,-4.683825493E0,-1.614497662E0,6.022178953E0
4.105896118E1,3.386037827E0,-4.640024185E0,-1.724098682E0,5.997298798E0
4.106896613E1,3.361804485E0,-4.603477478E0,-1.763323307E0,5.966828586E0
4.107896092E1,3.343883991E0,-4.578213692E0,-6.636419296E-1,5.708066342E0
4.108895988E1,3.161760807E0,-4.495388031E0,-9.688854218E-3,5.495938393E0
4.109896144E1,2.899930239E0,-4.364669800E0,4.528951645E-2,5.240418780E0
4.110896170E1,1.907592058E0,-3.623359919E0,6.569142342E-1,4.147189515E0
4.111896483E1,1.623080969E0,-3.453483105E0,6.205463409E-1,3.866007650E0
4.112896092E1,-2.149325013E-1,-2.667654991E0,5.740656853E-1,2.737175651E0
4.113896066E1,-3.044289351E-1,-2.486461163E0,4.479441643E-1,2.544763263E0
4.114896535E1,-5.873915553E-1,-2.273157597E0,2.556576729E-1,2.361701747E0
4.115895962E1,-6.653814316E-1,-1.523923874E0,-5.769557953E-1,1.760100683E0
4.116898931E1,-7.367344499E-1,-1.412879944E0,-7.556052208E-1,1.763504079E0
4.117896660E1,-7.585445642E-1,-1.312346458E0,-9.351921082E-1,1.781074777E0
4.118896415E1,-7.674571872E-1,-1.250876427E0,-1.665215015E0,2.219599833E0
4.119895837E1,-8.845182061E-1,-1.209985256E0,-1.721151829E0,2.282279649E0
4.120896196E1,-8.032234311E-1,-1.172833920E0,-1.755487919E0,2.258859251E0
4.121896639E1,-7.199546099E-1,-1.163453579E0,-1.718028069E0,2.196264855E0
4.122896092E1,-6.394327283E-1,-1.157151699E0,-1.623823643E0,2.093962151E0
4.123896118E1,-5.609545112E-1,-1.169485092E0,-7.895412445E-1,1.518466569E0
4.124896222E1,-6.417948604E-1,-1.240080833E0,9.480190277E-2,1.399531535E0
4.125896014E1,-5.645638108E-1,-1.282711983E0,1.853070259E-1,1.413655199E0
4.126897212E1,-4.891977608E-1,-1.323184013E0,8.637704849E-1,1.654155323E0
4.127895962E1,-4.155462980E-1,-1.361831665E0,9.273195267E-1,1.699172067E0
4.128896014E1,-5.426785946E-1,-1.390908241E0,9.736342430E-1,1.782439180E0
4.129896014E1,-4.711812437E-1,-1.410626888E0,9.991354942E-1,1.791689627E0
4.130895806E1,6.030114889E-1,-1.389651299E0,9.753384590E-1,1.801676635E0
4.131896561E1,7.163327932E-1,-1.354084015E0,8.992767334E-1,1.776337477E0
4.132896144E1,1.387347698E0,-1.280216694E0,7.734813690E-1,2.040088686E0
4.133897561E1,1.462708950E0,-1.177823067E0,6.032109261E-1,1.972472578E0
4.134898092E1,1.557239532E0,-1.052566528E0,-2.478103638E-1,1.895864245E0
4.135896800E1,1.665387392E0,-9.038834572E-1,-3.989119530E-1,1.936401615E0
4.136896785E1,1.720782518E0,-2.402629852E-1,-5.573101044E-1,1.824668005E0
4.137895941E1,1.752881527E0,-1.504950523E-1,-1.364629745E0,2.226534696E0
4.138897134E1,1.737678170E0,-6.707239151E-2,-1.448217392E0,2.263041702E0
4.139896847E1,1.712472081E0,1.406669617E-4,-1.513093948E0,2.285172629E0
4.140897238E1,1.672334433E0,2.168798447E-2,-1.520651817E0,2.260432430E0
4.141897056E1,1.633272409E0,-4.256439209E-2,-1.444277287E0,2.180671312E0
4.142896926E1,1.555019617E0,-1.054074764E0,-4.302506447E-1,1.927245505E0
4.143896978E1,1.465570927E0,-1.151451111E0,-3.348608017E-1,1.893639237E0
4.144897446E1,1.385636330E0,-1.786656857E0,-2.164130211E-1,2.271335589E0
4.145897134E1,1.305873632E0,-1.857825279E0,4.947395325E-1,2.324131648E0
4.146897186E1,1.241252899E0,-1.938676834E0,5.285892487E-1,2.361902458E0
4.147897056E1,1.189967155E0,-2.003455162E0,5.096950531E-1,2.385297353E0
4.148897004E1,1.151276350E0,-2.030735493E0,4.181108475E-1,2.371527052E0
4.149897030E1,1.130348206E0,-1.997133255E0,-3.289384842E-1,2.318281439E0
4.150896874E1,1.126310706E0,-1.916847706E0,-4.896736145E-1,2.276545889E0
4.151907342E1,1.106289268E0,-1.795667648E0,-1.491406441E0,2.583135966E0
4.152895670E1,1.054126740E0,-1.637945652E0,-1.639952183E0,2.546270273E0
4.153910165E1,9.648464918E-1,-8.053779602E-1,-2.375364304E0,2.687362645E0
4.154896462E1,8.390125036E-1,-6.550803185E-1,-2.444433689E0,2.666144832E0
4.155897446E1,6.868419647E-1,-4.994835854E-1,-2.491558552E0,2.632318323E0
4.156897030E1,-1.832032204E-1,2.023205757E-1,-2.509589672E0,2.524388512E0
4.157897030E1,-3.007965088E-1,2.744150162E-1,-2.514544964E0,2.547296315E0
4.158896821E1,-4.337215424E-1,2.925105095E-1,-2.473621845E0,2.528335778E0
4.159897108E1,-1.525559425E0,2.823519707E-1,-2.415444851E0,2.870788746E0
4.160896014E1,-1.482677102E0,2.356576920E-1,-2.399330139E0,2.830309357E0
4.161896014E1,-1.670031190E0,1.616649628E-1,-2.407293797E0,2.934314768E0
4.162896040E1,-1.619405746E0,9.381294250E-2,-2.428717136E0,2.920606575E0
4.163896014E1,-1.565744400E0,3.005409241E-2,-2.443694592E0,2.902430366E0
4.164895988E1,-1.508484364E0,-4.003334045E-2,-2.443315029E0,2.871744431E0
4.165896014E1,-1.408255339E0,-1.094303131E-1,-2.419933319E0,2.802005596E0
4.166896222E1,-1.509724498E0,-1.740889549E-1,-2.371357918E0,2.816542809E0
4.167896222E1,-1.411432862E0,-2.392292023E-1,-2.276823997E0,2.689479662E0
4.168897316E1,-1.315315127E0,-2.995553017E-1,-2.156743526E0,2.543880874E0
4.169896061E1,-1.219493032E0,-3.599553108E-1,-2.029825211E0,2.395187146E0
4.170894863E1,-1.125834823E0,-4.250078201E-1,-1.357916355E0,1.814406934E0
4.171893743E1,-1.265982389E-1,-4.789357185E-1,-1.313010216E0,1.403353969E0
4.172895837E1,-4.342174530E-2,-5.133500099E-1,-1.286458492E0,1.385781055E0
4.173896014E1,2.346575260E-2,-5.209145546E-1,-1.285746574E0,1.387460583E0
4.174895988E1,7.602369785E-2,-5.142126083E-1,-1.303198338E0,1.403039599E0
4.175896118E1,1.192141175E-1,-4.884333611E-1,-1.357313633E0,1.447438929E0
4.176896196E1,1.079915762E-1,-4.445276260E-1,-1.442689896E0,1.513479807E0
4.177896118E1,5.405968428E-2,-3.242759705E-1,-2.060507774E0,2.086568868E0
4.178896144E1,9.243130684E-3,-2.633543015E-1,-2.083017826E0,2.099620010E0
4.179896275E1,-9.296851754E-1,-2.010655403E-1,-2.091485023E0,2.297618654E0
4.180896066E1,-1.092534781E0,-1.622915268E-1,-2.092404842E0,2.366036519E0
4.181896327E1,-1.054994941E0,-1.305112839E-1,-2.075997829E0,2.332340993E0
4.182896222E1,-1.017115831E0,-1.051144600E-1,-2.029548645E0,2.272584733E0
4.183896014E1,-9.813780189E-1,-9.490871429E-2,-1.938992500E0,2.175270649E0
4.184895988E1,-9.444928765E-1,-9.509801865E-2,-1.821260929E0,2.053801792E0
4.185896066E1,-1.104861498E0,-1.043596268E-1,-1.689774513E0,2.021620085E0
4.186896124E1,-1.021543503E0,-1.092987061E-1,-9.833683968E-1,1.422150041E0
4.187897634E1,-9.397609830E-1,-1.122288704E-1,-9.300060272E-1,1.326897598E0
4.188897957E1,-8.576346040E-1,-1.133618355E-1,-8.655972481E-1,1.223783729E0
4.189896592E1,-7.769922018E-1,-1.127982140E-1,-7.963047028E-1,1.118276128E0
4.190896379E1,-8.970168233E-1,-1.132578850E-1,-7.151846886E-1,1.152803395E0
4.191896509E1,-8.163546920E-1,-1.188278198E-1,-6.197042465E-1,1.031788926E0
4.192890124E1,-7.351228595E-1,-1.001210213E-1,-5.248508453E-1,9.087894406E-1
4.193896249E1,-6.553478241E-1,-6.939506531E-2,1.021547318E-1,6.668823246E-1
4.194896353E1,-5.790821910E-1,-4.261445999E-2,1.398134232E-1,5.972436433E-1
4.195896092E1,-6.639717221E-1,4.771423340E-2,2.086429596E-1,6.976152094E-1
4.196896066E1,-5.884483457E-1,1.000385284E-1,2.310643196E-1,6.400545934E-1
4.197896222E1,-5.143539310E-1,1.567754745E-1,2.345552444E-1,5.866469794E-1
4.198895962E1,-4.403065443E-1,2.492580414E-1,2.001118660E-1,5.440994239E-1
4.199896092E1,-5.690041780E-1,3.259930611E-1,1.593799591E-1,6.748623577E-1
4.200896066E1,-4.973410368E-1,3.836193085E-1,9.867477417E-2,6.358054669E-1
4.201896144E1,-4.272157252E-1,4.041433334E-1,3.124141693E-2,5.889152197E-1
4.202896874E1,-3.586551547E-1,3.822112083E-1,-2.221012115E-2,5.246067263E-1
4.203895936E1,-2.914398909E-1,3.327517509E-1,-5.831432343E-2,4.461630846E-1
4.204897681E1,-4.268686771E-1,2.489523888E-1,-7.378530502E-2,4.996382998E-1
4.205898150E1,-3.618946671E-1,-4.344825745E-1,-5.823659897E-2,5.684490822E-1
4.206898514E1,-2.981909513E-1,-5.326881409E-1,-1.551389694E-2,6.106678147E-1
4.207895655E1,-2.358406484E-1,-1.159008503E0,3.205108643E-2,1.183194318E0
4.208895993E1,-1.763976365E-1,-1.228466988E0,9.299659729E-2,1.244546356E0
4.209896196E1,-3.174650073E-1,-1.303227901E0,1.509022713E-1,1.349799426E0
4.210896327E1,-2.578319311E-1,-1.382599354E0,1.914134026E-1,1.419400355E0
4.211896014E1,-1.992055178E-1,-1.455224991E0,2.061243057E-1,1.483189078E0
4.212896300E1,-1.422431767E-1,-1.495124817E0,1.632871628E-1,1.510726328E0
4.213896014E1,-2.479216009E-1,-1.486283779E0,-5.990881920E-1,1.621545946E0
4.214896535E1,-1.943315268E-1,-1.425899029E0,-7.495346069E-1,1.622576627E0
4.215896170E1,-1.395467520E-1,-1.338391304E0,-1.594429016E0,2.086376875E0
4.216896222E1,-8.545894176E-2,-1.226978779E0,-1.709202290E0,2.105742772E0
4.217896066E1,-3.191398084E-2,-1.100807190E0,-1.821870804E0,2.128851380E0
4.218895884E1,-1.802392006E-1,-9.821290970E-1,-1.927076817E0,2.170412124E0
4.219896066E1,-1.273372173E-1,-8.653268814E-1,-2.020725250E0,2.201893711E0
4.220896066E1,-7.568986714E-2,-7.591657639E-1,-2.087699890E0,2.222735352E0
4.221897941E1,-2.462130785E-2,-6.769814491E-1,-2.129979610E0,2.235111459E0
4.222895889E1,2.524461225E-2,-6.264567375E-1,-2.127874374E0,2.218317986E0
4.223895524E1,-1.265805513E-1,-6.011853218E-1,-2.102132320E0,2.190070026E0
4.224895176E1,-7.704812288E-2,-6.030850410E-1,-2.050683498E0,2.138913460E0
4.225895837E1,-2.789681032E-2,-6.093726158E-1,-1.996134758E0,2.087263086E0
4.226896613E1,2.087332867E-2,-6.237473488E-1,-1.934505939E0,2.032685337E0
4.227896092E1,6.748583168E-2,-6.490087509E-1,-1.867584229E0,1.978291573E0
4.228896222E1,-8.575643599E-2,-6.835036278E-1,-1.801165581E0,1.928400587E0
4.229896144E1,-3.755726293E-2,-7.055335045E-1,-1.745787621E0,1.883338124E0
4.230896066E1,5.019666255E-2,-7.068266869E-1,-1.682929039E0,1.826026785E0
4.231896014E1,9.749948233E-2,-6.993741989E-1,-1.672760010E0,1.815697241E0
4.232896040E1,-5.689141154E-2,-6.981334686E-1,-1.662781715E0,1.804292107E0
4.233896066E1,-1.154988632E-2,-6.826844215E-1,-1.657921314E0,1.793012689E0
4.234896144E1,3.546798229E-2,-6.646542549E-1,-1.637925625E0,1.767999889E0
4.235896014E1,8.210412413E-2,-6.544957161E-1,-1.614229202E0,1.743800920E0
4.236895988E1,1.283444315E-1,-6.463613510E-1,-1.577484131E0,1.709593950E0
4.237896144E1,-2.711772174E-2,-6.399779320E-1,-1.544072628E0,1.671666057E0
4.238896066E1,1.898285374E-2,-6.305828094E-1,-1.503453732E0,1.630450291E0
4.239907884E1,6.473371387E-2,-6.188664436E-1,-1.466077328E0,1.592660937E0
4.240896441E1,1.101461127E-1,-5.953416824E-1,-1.446216106E0,1.567834466E0
4.241897785E1,1.552089751E-1,-5.709795952E-1,-1.432150841E0,1.549568829E0
4.242895707E1,4.164054990E-4,-5.360269547E-1,-1.433006763E0,1.529978253E0
4.243895655E1,4.523538053E-2,-5.012502670E-1,-1.432547092E0,1.518383760E0
4.244896014E1,8.973224461E-2,-4.569253922E-1,-1.430871010E0,1.504734042E0
4.245895936E1,1.338529289E-1,-4.193153381E-1,-1.413128853E0,1.480092941E0
4.246895988E1,1.778179258E-1,-3.985948563E-1,-1.385123253E0,1.452261512E0
4.247896066E1,2.200784534E-2,-3.774356842E-1,-1.353517056E0,1.405329307E0
4.248896144E1,1.058419347E-1,-3.595724106E-1,-1.254226208E0,1.309037132E0
4.249896144E1,1.492432505E-1,-3.471617699E-1,-1.263996601E0,1.319273380E0
4.250896066E1,1.925309896E-1,-3.333058357E-1,-1.284909725E0,1.341325450E0
4.251896118E1,3.606294841E-2,-3.374900818E-1,-1.286431789E0,1.330453622E0
4.252896066E1,7.935868204E-2,-3.477535248E-1,-1.266012192E0,1.315301176E0
4.253896040E1,1.224136129E-1,-3.629088402E-1,-1.192574501E0,1.252566110E0
4.254895936E1,1.652274430E-1,-3.821430206E-1,-1.043694973E0,1.123669254E0
4.255896144E1,2.077888250E-1,-3.903236389E-1,-2.759695053E-2,4.430466461E-1
4.256895910E1,4.879055917E-2,-3.889460564E-1,9.352111816E-2,4.029959714E-1
4.257896743E1,9.147179872E-2,-3.880062103E-1,1.100796700E0,1.170755860E0
4.258896280E1,1.339291930E-1,-3.731651306E-1,1.221163750E0,1.283912048E0
4.259898644E1,1.761257648E-1,-3.410792351E-1,1.301937103E0,1.357348721E0
4.260896670E1,2.162915915E-1,-2.865648270E-1,1.330991745E0,1.378564644E0
