"Time (s)","Linear Acceleration x (m/s^2)","Linear Acceleration y (m/s^2)","Linear Acceleration z (m/s^2)","Absolute acceleration (m/s^2)"
9.497640800E-2,0.000000000E0,0.000000000E0,0.000000000E0,0.000000000E0
1.049758870E-1,1.999999955E-2,-2.455091476E-2,-4.430294037E-2,5.445638551E-2
1.149764080E-1,7.500000298E-2,-2.226018906E-2,-5.918388367E-1,5.969872068E-1
1.249751060E-1,-1.117441535E0,1.505374908E-2,-5.591320992E-1,1.249612301E0
1.349743240E-1,-1.512369633E0,5.476236343E-2,-1.072678089E0,1.854966066E0
1.449797930E-1,-1.948431253E0,1.059603691E-1,-9.848127365E-1,2.185741996E0
1.549935950E-1,-2.381143093E0,1.668982506E-1,-9.587397575E-1,2.572329563E0
1.649732310E-1,-2.826381922E0,2.273769379E-1,-1.535451889E0,3.224553852E0
1.751638040E-1,-2.690978527E0,2.834792137E-1,-1.457820892E0,3.073591979E0
1.849742720E-1,-3.172115088E0,3.050904274E-1,-1.419147491E0,3.488462971E0
1.949845330E-1,-2.934019566E0,3.034825325E-1,-1.939995527E0,3.530461033E0
2.049774490E-1,-2.713338614E0,2.875370979E-1,-1.848047495E0,3.295476226E0
2.149782310E-1,-2.610496044E0,2.689561844E-1,-1.752798319E0,3.155840454E0
2.249771890E-1,-3.127242088E0,2.115373611E-1,-1.595007420E0,3.516879270E0
2.349756260E-1,-3.045000553E0,1.268153191E-1,-1.413346291E0,3.359413376E0
2.449766680E-1,-3.544974804E0,4.269456863E-2,-6.910610199E-1,3.611957159E0
2.549787510E-1,-3.408977985E0,-4.088878632E-2,-5.771803856E-1,3.457736253E0
2.649756260E-1,-3.315585375E0,-1.146645546E-1,-4.991364479E-1,3.354905592E0
2.749805740E-1,-3.220628262E0,-1.755523682E-1,-4.230351448E-1,3.253033010E0
2.849732830E-1,-3.138734341E0,-2.256326675E-1,-3.533544540E-1,3.166610606E0
2.949743240E-1,-2.969766617E0,-2.713108063E-1,-2.798018456E-1,2.995231608E0
3.049758870E-1,-2.756583214E0,-2.757096291E-1,-2.266125679E-1,2.779589910E0
3.149779700E-1,-2.521016121E0,-2.549114227E-1,-1.671023369E-1,2.539374983E0
3.249761470E-1,-1.768139839E0,-2.224254608E-1,-1.024031639E-1,1.785014842E0
3.349770330E-1,-1.689947128E0,-1.849012375E-1,-2.875089645E-2,1.700275383E0
3.449937510E-1,-1.623153687E0,-1.148734093E-1,5.717458725E-1,1.724736830E0
3.550151580E-1,-1.552040100E0,-4.595136642E-2,5.847754478E-1,1.659187248E0
3.649715120E-1,-1.463322163E0,7.685661316E-3,5.749692917E-1,1.572246961E0
3.749766680E-1,-1.393193245E0,6.725692749E-2,5.032267570E-1,1.482817616E0
3.849771890E-1,-1.353286743E0,1.507282257E-1,3.649744987E-1,1.409719969E0
3.949787510E-1,-1.286891460E0,2.162795067E-1,-5.716400146E-1,1.424653910E0
4.049766680E-1,-4.883608818E-1,3.075532913E-1,-1.311568737E0,1.432933331E0
4.149769290E-1,-3.911538124E-1,3.053078651E-1,-1.304064989E0,1.395277640E0
4.249764080E-1,-3.121514320E-1,2.977862358E-1,-1.260698318E0,1.332469665E0
4.349792720E-1,-2.583694458E-1,3.144445419E-1,-1.167863846E0,1.236744154E0
4.449758870E-1,-1.975336075E-1,3.564648628E-1,-1.042685032E0,1.119499352E0
4.549769290E-1,-9.257173538E-2,4.009237289E-1,-3.492474556E-1,5.397065387E-1
4.649756260E-1,6.408877373E-1,4.856634140E-1,-2.550582886E-1,8.435998898E-1
4.749758870E-1,6.979084015E-1,1.186947823E0,3.701715469E-1,1.425814940E0
4.849740640E-1,7.544779778E-1,1.219559193E0,4.258508682E-1,1.495964774E0
4.949787510E-1,8.249659538E-1,1.278033733E0,4.963698387E-1,1.600100642E0
5.049769290E-1,1.443932533E0,1.315422058E0,5.602908134E-1,2.032043835E0
5.150847410E-1,1.495545387E0,1.310771942E0,5.848941803E-1,2.072891770E0
5.249709910E-1,2.169697762E0,1.265402317E0,5.662236214E-1,2.574770007E0
5.349812510E-1,2.228506565E0,1.190095425E0,5.105500221E-1,2.577446402E0
5.449735950E-1,2.822469234E0,1.094124794E0,4.280972481E-1,3.057238770E0
5.549774490E-1,2.815163612E0,9.902653694E-1,-2.054390907E-1,2.991316915E0
5.649766680E-1,2.826926231E0,8.894758224E-1,-3.110938072E-1,2.979842028E0
5.749748450E-1,2.859936714E0,8.059554100E-1,-1.142616034E0,3.183453083E0
5.849756260E-1,2.896787167E0,7.566719055E-1,-1.241931200E0,3.241345611E0
5.949745850E-1,2.893649101E0,7.368898392E-1,-1.998446941E0,3.593049114E0
6.049761470E-1,2.852764845E0,7.698459625E-1,-2.101212025E0,3.625744343E0
6.149758870E-1,2.782842398E0,8.081188202E-1,-2.146527529E0,3.606223547E0
6.249784910E-1,2.683668613E0,8.587527275E-1,-2.181374550E0,3.563415272E0
6.349753660E-1,2.554755926E0,9.199595451E-1,-2.202405453E0,3.496239864E0
6.449748450E-1,1.867594242E0,9.998345375E-1,-2.206757069E0,3.058979260E0
6.549743240E-1,1.757783890E0,1.785678387E0,-2.196809769E0,3.332330215E0
6.649753660E-1,1.626321793E0,1.874759674E0,-2.179455996E0,3.302979692E0
6.749743240E-1,8.539118767E-1,2.706755638E0,-2.179942131E0,3.578804168E0
6.849751060E-1,7.520585060E-1,2.746504307E0,-2.200671911E0,3.598865761E0
6.949953140E-1,6.533675194E-1,2.761494637E0,-2.263007164E0,3.629592700E0
7.049710430E-1,6.058683395E-1,2.740705967E0,-3.048317909E0,4.143764921E0
7.149668240E-1,6.025671959E-1,2.679515362E0,-3.105052710E0,4.145388055E0
7.249753660E-1,6.325478554E-1,2.598148823E0,-4.280735493E0,5.047295360E0
7.349751060E-1,6.670231819E-1,2.518897057E0,-4.178371906E0,4.924282089E0
7.449748450E-1,7.053394318E-1,2.451304913E0,-4.078395367E0,4.810375064E0
7.549725010E-1,7.420930862E-1,2.422931194E0,-3.980703831E0,4.718824081E0
7.649768760E-1,7.822995186E-1,2.438152313E0,-4.082384109E0,4.818966617E0
7.749758870E-1,8.544712067E-1,2.486178398E0,-3.986239910E0,4.775072009E0
7.849769290E-1,1.630194902E0,4.341126442E0,-3.853452921E0,6.029263107E0
7.949753660E-1,2.520823956E0,4.302978516E0,-3.762606859E0,6.247190400E0
8.049745850E-1,4.002269268E0,4.167413235E0,-3.870993376E0,6.954860321E0
8.149792720E-1,3.989772320E0,4.133030891E0,-2.190029383E0,6.147882254E0
8.249756260E-1,5.148748398E0,4.099787235E0,-2.128570318E0,6.917273815E0
8.349758870E-1,5.912171841E0,4.067637444E0,-2.101475477E0,7.477676740E0
8.449751060E-1,5.966084003E0,4.036542416E0,-2.123521090E0,7.509805246E0
8.549756260E-1,6.550981998E0,3.907696247E0,-2.192885399E0,7.936888652E0
8.650011470E-1,6.500632286E0,3.879796982E0,-3.648260355E0,8.403621145E0
8.749711990E-1,6.457856655E0,3.852811813E0,-3.564787388E0,8.322005802E0
8.850407830E-1,6.397541523E0,3.826706409E0,-3.482825756E0,8.228140417E0
8.949715120E-1,6.312530518E0,3.801451683E0,-3.402322054E0,8.116333642E0
9.049761470E-1,6.196658134E0,3.678179264E0,-3.520899534E0,8.020243654E0
9.149800540E-1,6.083415985E0,3.655671120E0,-3.440889120E0,7.887432999E0
9.249751060E-1,5.948415756E0,3.633902550E0,-3.362242699E0,7.739093856E0
9.349751060E-1,5.775427818E0,3.612846851E0,-3.284914255E0,7.562994812E0
9.449745850E-1,4.991891861E0,3.592482567E0,-3.208859682E0,6.936980309E0
9.549753660E-1,4.785262108E0,3.494085789E0,-3.292676210E0,6.778575482E0
9.649792720E-1,4.647963524E0,4.895259380E0,-3.217701197E0,7.478016469E0
9.749748450E-1,4.542810440E0,4.920820236E0,-4.764059067E0,8.218750348E0
9.849764080E-1,4.441387653E0,4.966089249E0,-4.768981457E0,8.193360168E0
9.949764080E-1,4.387053490E0,5.004157066E0,-4.801480293E0,8.206219548E0
1.004976147E0,4.354186058E0,5.600656509E0,-4.848168850E0,8.592498517E0
1.014975887E0,4.310859680E0,5.599348545E0,-4.863447666E0,8.578422845E0
1.024975626E0,4.243999958E0,5.635363102E0,-4.851558685E0,8.561920031E0
1.034986564E0,4.166585922E0,6.200379372E0,-4.840485573E0,8.901429277E0
1.045108699E0,4.094727516E0,6.186045170E0,-4.820467949E0,8.847081978E0
1.054965783E0,4.018085003E0,6.186006069E0,-4.802488327E0,8.802020922E0
1.064970418E0,3.976285696E0,6.203277588E0,-4.781484604E0,8.783740421E0
1.074985574E0,3.955046654E0,6.230735779E0,-4.728777885E0,8.765032953E0
1.084986824E0,3.980843544E0,6.257337093E0,-4.668132782E0,8.763152771E0
1.094986304E0,4.023122311E0,6.268651962E0,-4.595856190E0,8.752337097E0
1.104983699E0,4.084544659E0,6.276484966E0,-4.489313126E0,8.731076734E0
1.114987866E0,4.703258514E0,6.261909485E0,-4.358075142E0,8.962419874E0
1.124990470E0,4.698720932E0,6.223117352E0,-4.220180511E0,8.866515185E0
1.134986304E0,4.672953606E0,6.104078770E0,-3.532265186E0,8.460092811E0
1.144985783E0,4.614332676E0,5.952225685E0,-3.510862827E0,8.309465352E0
1.154986564E0,4.548985481E0,5.170596600E0,-3.493525028E0,7.722244183E0
1.164989168E0,4.511946678E0,5.014460564E0,-3.508936644E0,7.603625053E0
1.174985522E0,4.494671822E0,4.164025307E0,-3.567359447E0,7.089938996E0
1.184985262E0,4.480004787E0,4.020179749E0,-4.158621788E0,7.316175455E0
1.194985522E0,4.467649460E0,3.251471996E0,-4.200974941E0,6.941192426E0
1.204985522E0,4.481669426E0,2.208569527E0,-4.272452831E0,6.573963294E0
1.214986304E0,4.494272709E0,2.209841728E0,-4.966628075E0,7.053317097E0
1.224994897E0,4.486209869E0,2.211260319E0,-5.015252113E0,7.082972889E0
1.234972189E0,4.450523853E0,2.113646507E0,-5.696360588E0,7.531479807E0
1.244986929E0,4.390932083E0,2.116157055E0,-5.735429764E0,7.526855905E0
1.254978491E0,4.330142975E0,2.118790150E0,-5.778444290E0,7.525279284E0
1.264987085E0,4.273266792E0,2.121541500E0,-5.800554276E0,7.510537752E0
1.274983699E0,4.224735260E0,2.124409676E0,-5.809409142E0,7.490710184E0
1.284986043E0,4.168918133E0,2.028184414E0,-5.816524506E0,7.438102429E0
1.294975366E0,4.116589546E0,2.032056332E0,-5.807562828E0,7.402928368E0
1.304975887E0,4.085536003E0,9.732093811E-1,-5.678166866E0,7.062600080E0
1.314974324E0,4.056406498E0,3.639407158E-1,-5.521492481E0,6.861032411E0
1.324981095E0,4.027452469E0,3.187537193E-1,-4.660648823E0,6.167951424E0
1.334973022E0,3.988963127E0,2.889666557E-1,-4.546030998E0,6.054892765E0
1.344983960E0,3.947120428E0,2.725801468E-1,-4.418105125E0,5.930742998E0
1.354977189E0,3.897555828E0,2.873234749E-1,-4.293364525E0,5.805727789E0
1.364973804E0,3.846219540E0,3.242249489E-1,-4.176388741E0,5.686892779E0
1.374976668E0,3.793410778E0,3.559937477E-1,-4.071149349E0,5.575926282E0
1.384975106E0,3.744258165E0,3.832802773E-1,-4.010306358E0,5.499902733E0
1.395007033E0,3.693474054E0,4.066534042E-1,-4.022193909E0,5.475870837E0
1.404984793E0,3.631593943E0,4.509644508E-1,-4.082665920E0,5.482700477E0
1.415007658E0,3.579628468E0,5.134320259E-1,-4.685050011E0,5.918365147E0
1.424972293E0,3.546081066E0,5.770139694E-1,-4.704698563E0,5.919613553E0
1.434974845E0,3.533453941E0,6.415157318E-1,-4.703221321E0,5.917527354E0
1.444984741E0,3.529290199E0,7.067708969E-1,-4.698030472E0,5.918353211E0
1.454978491E0,3.517888069E0,7.726330757E-1,-4.699387074E0,5.920873010E0
1.464976929E0,3.490479231E0,8.535919189E-1,-4.657735825E0,5.882734690E0
1.474974845E0,3.458945274E0,1.936609745E0,-4.573895931E0,6.052708791E0
1.484979012E0,3.408442020E0,1.963254452E0,-4.369453430E0,5.879112886E0
1.494982918E0,3.338427067E0,1.969943523E0,-4.248147488E0,5.750872094E0
1.504977189E0,3.245682478E0,1.976677895E0,-3.612905502E0,5.243548075E0
1.514973804E0,3.143013954E0,1.884117126E0,-3.550242901E0,5.102220959E0
1.524973022E0,3.056179523E0,1.891589642E0,-3.473495483E0,4.998351281E0
1.534975887E0,2.958819389E0,1.899096012E0,-3.404074669E0,4.893761559E0
1.544982397E0,2.852395058E0,1.906633854E0,-3.336215973E0,4.785577001E0
1.554975106E0,2.231949091E0,1.914204597E0,-3.274655104E0,4.401038745E0
1.564976408E0,2.192211628E0,1.822446823E0,-3.204006672E0,4.288678468E0
1.575016408E0,2.146246910E0,1.830710888E0,-3.110898972E0,4.199472653E0
1.584978283E0,2.094910860E0,1.838997841E0,-2.988595486E0,4.086840778E0
1.594965106E0,2.034075499E0,1.847305775E0,-2.250857830E0,3.551951961E0
1.604975158E0,1.974783301E0,1.855635643E0,-2.173488140E0,3.473788051E0
1.614975106E0,8.556593060E-1,1.764606953E0,-2.060717583E0,2.844740322E0
1.624977449E0,8.901305199E-1,1.773590088E0,-9.228160977E-1,2.188502614E0
1.634977449E0,9.244242311E-1,1.782587051E0,-8.774000406E-1,2.191348349E0
1.644984481E0,9.585435987E-1,1.791595459E0,-8.322939277E-1,2.195753470E0
1.654975887E0,9.924917817E-1,1.800616264E0,-7.874921560E-1,2.201681804E0
1.664979012E0,8.672672510E-1,1.730193138E0,-9.020580649E-1,2.135282073E0
1.674974064E0,9.018668532E-1,1.739775658E0,-8.569267392E-1,2.138809621E0
1.684974585E0,9.362937212E-1,1.749361992E0,-8.120928407E-1,2.143923528E0
1.694982137E0,9.705507755E-1,1.758954048E0,-7.675511837E-1,2.150586657E0
1.704975366E0,8.058107495E-1,1.669136047E0,-2.089416027E0,2.793028006E0
1.714975106E0,8.408932090E-1,1.679314613E0,-2.165524960E0,2.866478207E0
1.724974845E0,8.758013844E-1,1.689492226E0,-2.254622698E0,2.950378883E0
1.734976929E0,9.105381966E-1,1.699666977E0,-2.835465908E0,3.428966981E0
1.745011564E0,9.451065063E-1,1.709840775E0,-2.794931412E0,3.410047416E0
1.754985210E0,7.806457281E-1,1.620580673E0,-2.713857889E0,3.255873787E0
1.765113179E0,8.160092831E-1,1.631311417E0,-2.597575188E0,3.174026614E0
1.774978804E0,8.512002826E-1,1.642034531E0,-1.942137837E0,2.681924440E0
1.784975626E0,8.862215281E-1,1.652749062E0,-1.918180466E0,2.682607753E0
1.794981356E0,9.210758209E-1,1.663456917E0,-1.930205345E0,2.709457927E0
1.804977710E0,7.568710446E-1,1.574708939E0,-1.929630399E0,2.603081923E0
1.814977710E0,7.924925685E-1,1.768293381E-1,-1.898582458E0,2.064928192E0
1.824975366E0,8.279434443E-1,3.024101257E-2,-1.870317221E0,2.045602936E0
1.834976147E0,9.030356407E-1,-9.272241592E-1,-1.846102238E0,2.254620030E0
1.844984481E0,7.390408516E-1,-1.022715569E0,-1.861321211E0,2.248698549E0
1.854975887E0,7.748748064E-1,-1.628076553E0,-1.858730316E0,2.589583483E0
1.864977449E0,8.105403781E-1,-1.655382156E0,-1.826006889E0,2.594526344E0
1.874983439E0,8.460401893E-1,-1.682973862E0,-1.796363115E0,2.602903276E0
1.884974845E0,8.813768029E-1,-1.730324268E0,-1.774303436E0,2.630399176E0
1.894980835E0,7.175999880E-1,-1.794850349E0,-1.758864403E0,2.613434810E0
1.904978491E0,7.536541224E-1,-1.859651566E0,-1.783365726E0,2.684528226E0
1.914973543E0,7.895419598E-1,-1.885615349E0,-1.901190996E0,2.791674937E0
1.925100314E0,8.252660036E-1,-1.794791222E0,-3.052367687E0,3.635833880E0
1.934966095E0,8.608286977E-1,-7.923908234E-1,-3.740458488E0,3.919175802E0
1.944962918E0,6.972530484E-1,5.022420883E-1,-3.877677441E0,3.971749144E0
1.954974376E0,7.335106134E-1,1.671131134E0,-4.756673813E0,5.094768184E0
1.964978491E0,7.696040273E-1,3.909559250E0,-4.781490326E0,6.224113883E0
1.974975366E0,2.097177029E0,5.637668610E0,-4.805079937E0,7.698717558E0
1.984976147E0,2.178874016E0,7.010571480E0,-4.778788090E0,8.759704336E0
1.994985262E0,2.273103714E0,7.871520042E0,-4.670043945E0,9.430648903E0
2.004975366E0,2.334262371E0,7.925006866E0,-3.661587238E0,9.036688318E0
2.014975626E0,2.332393646E0,7.726628304E0,-2.052147150E0,8.327794005E0
2.024975106E0,2.246487856E0,6.213507652E0,-1.894456148E0,6.873379746E0
2.034974845E0,6.195602417E-1,4.941990852E0,-4.604463577E-1,5.001913566E0
2.044993335E0,6.563739181E-1,3.731083870E0,-4.184152186E-1,3.811415073E0
2.054976929E0,6.930260062E-1,2.670440674E0,-3.765959144E-1,2.784486114E0
2.064978751E0,7.295187116E-1,2.502909660E0,-3.349854052E-1,2.628491876E0
2.074974585E0,-4.458556771E-1,1.425884247E0,-3.336703777E-1,1.530774017E0
2.084976147E0,-5.667094588E-1,1.339619637E0,-1.821992278E0,2.331393627E0
2.094982137E0,-5.948071480E-1,1.353775024E0,-1.944267750E0,2.442678743E0
2.104995262E0,-4.871135950E-1,1.370625496E0,-2.055464268E0,2.518099931E0
2.114980991E0,6.899160147E-1,1.386898994E0,-2.727245808E0,3.136453829E0
2.124972554E0,7.398468852E-1,-2.919101715E-2,-2.790741444E0,2.887293427E0
2.134985522E0,5.912649632E-1,-1.090326309E-1,-2.854764223E0,2.917389439E0
2.144983960E0,6.382002831E-1,-8.108043671E-1,-2.886640072E0,3.065516959E0
2.154977710E0,2.800124168E0,-9.653940201E-1,-2.870783329E0,4.124812468E0
2.164976668E0,2.925268650E0,-1.992853165E0,-2.839064121E0,4.537504325E0
2.174980574E0,2.959161043E0,-2.052186966E0,-2.836878538E0,4.584319498E0
2.184976147E0,2.033189297E0,-2.058248043E0,-2.911193132E0,4.104301302E0
2.194979533E0,1.866877913E0,-1.996862888E0,-2.927610397E0,4.005445940E0
2.204976929E0,6.444383264E-1,-1.920882702E0,-2.904020309E0,3.540963862E0
2.214976408E0,6.458770633E-1,-1.270844460E0,-2.858030081E0,3.193828230E0
2.224973543E0,-7.470520735E-1,-3.848147392E-1,-2.796105623E0,2.919653377E0
2.234974324E0,-2.016422987E0,1.394340515E0,-2.726832390E0,3.666846331E0
2.244980054E0,-3.089965820E0,1.405244827E0,-2.632083893E0,4.295400728E0
2.254975626E0,-3.264670610E0,2.728571892E0,-2.514229059E0,4.942117616E0
2.264974845E0,-3.943011761E0,3.387518883E0,-2.367807150E0,5.712191928E0
2.274999324E0,-3.912663221E0,3.520491600E0,-1.725153327E0,5.538858058E0
2.284977449E0,-3.884417057E0,4.380764008E0,-1.682628036E0,6.091881997E0
2.294995158E0,-3.714070797E0,4.424684525E0,-1.640612483E0,6.005311345E0
2.304973595E0,-2.253712893E0,4.352540016E0,-1.607971311E0,5.158429812E0
2.314979324E0,-9.299344420E-1,3.692022324E0,-1.580480695E0,4.122344737E0
2.324978022E0,8.126737475E-1,3.552774429E0,-1.584044456E0,3.973895017E0
2.334990470E0,9.379732013E-1,2.686952591E0,-1.632048607E0,3.280714954E0
2.344987345E0,1.057788253E0,2.613667488E0,-1.714475989E0,3.299939643E0
2.354985262E0,1.172346354E0,2.540217400E0,-1.802381873E0,3.328014547E0
2.364989168E0,1.096605420E0,2.482119560E0,-1.972088456E0,3.354488610E0
2.374985783E0,1.123844385E0,2.462869644E0,-2.032119274E0,3.385005440E0
2.384985522E0,1.149858952E0,2.425128937E0,-2.071363449E0,3.390276170E0
2.394986564E0,1.174866199E0,2.376107216E0,-2.083126068E0,3.371292082E0
2.404987085E0,1.200065613E0,2.317478180E0,-2.112895489E0,3.357854961E0
2.414987606E0,1.024761558E0,1.206354141E0,-2.097681999E0,2.627869162E0
2.424993595E0,1.048666239E0,1.220128059E0,-2.057996750E0,2.612233524E0
2.434988387E0,1.072994828E0,1.233890533E0,-2.025753260E0,2.603359372E0
2.444983699E0,1.097925305E0,-9.090518951E-2,-2.046044827E0,2.323790688E0
2.455012501E0,1.122602344E0,-2.222776413E-1,-2.121697903E0,2.410652476E0
2.464982137E0,9.472587705E-1,-9.732542038E-1,-2.215830803E0,2.598928447E0
2.474994376E0,9.737103581E-1,-1.059269428E0,-2.846417665E0,3.189397609E0
2.484974637E0,1.001121759E0,-1.676256657E0,-2.838021994E0,3.444771399E0
2.494974897E0,1.028971434E0,-1.714839935E0,-2.838650227E0,3.472375746E0
2.504988126E0,1.055539966E0,-1.718574047E0,-2.832713127E0,3.477344538E0
2.514989949E0,8.834313154E-1,-1.735845566E0,-2.793362856E0,3.405361473E0
2.524986043E0,9.130315781E-1,-1.769536018E0,-2.682507515E0,3.340768018E0
2.534987866E0,9.431877732E-1,-1.803148746E0,-2.540511847E0,3.255019051E0
2.544979272E0,1.013637424E0,-1.866020679E0,-2.346839905E0,3.164988395E0
2.554975106E0,8.437149525E-1,-1.885442257E0,-2.223842382E0,3.035164306E0
2.564979012E0,8.739832044E-1,-1.896454811E0,-2.101695299E0,2.962686386E0
2.574974845E0,9.056314230E-1,-1.841344833E0,-2.053763390E0,2.903215998E0
2.584974324E0,9.371089935E-1,-1.004384041E0,-2.055892944E0,2.472580912E0
2.594985783E0,9.686011076E-1,1.339313507E0,-2.133857250E0,2.699128663E0
2.604976147E0,7.995541096E-1,2.446183205E0,-2.847558737E0,3.838188349E0
2.614977970E0,8.313430548E-1,4.785223961E0,-2.895832777E0,5.654674801E0
2.624978751E0,8.627391458E-1,6.704235077E0,-2.967955351E0,7.382401084E0
2.635068856E0,8.933657408E-1,7.902185440E0,-3.012222290E0,8.503888534E0
2.644993647E0,9.240535498E-1,8.030940056E0,-3.625811577E0,8.859818437E0
2.654974272E0,7.552246451E-1,8.075138092E0,-3.584624052E0,8.867228939E0
2.664976199E0,7.864494920E-1,8.006900787E0,-3.581031799E0,8.806404020E0
2.674980314E0,8.175225258E-1,7.141786575E0,-3.569612980E0,8.025932681E0
2.684976668E0,8.485969901E-1,5.543670654E0,-3.548289061E0,6.636471686E0
2.694984481E0,8.800424933E-1,3.446849823E0,-3.495254278E0,4.987188683E0
2.704977970E0,7.126926780E-1,1.023072243E0,-3.400698900E0,3.622065802E0
2.714976929E0,7.460174561E-1,1.039744377E0,-3.302906036E0,3.542146058E0
2.724979793E0,8.195540905E-1,1.076341629E0,-3.173988104E0,3.450272553E0
2.734975887E0,8.532733321E-1,1.092903137E0,-2.279029608E0,2.667674755E0
2.744982397E0,2.098396063E0,1.009807587E0,-1.539986610E0,2.791869653E0
2.754976668E0,2.125110626E0,1.028044701E0,-7.356701493E-1,2.472687131E0
2.764977606E0,2.154051542E0,1.047712326E0,6.325463057E-1,2.477449090E0
2.774977189E0,2.208551884E0,1.067395210E0,7.134347558E-1,2.554608210E0
2.784976668E0,2.198808908E0,1.087254524E0,7.922869325E-1,2.577712474E0
2.794984481E0,2.137516260E0,1.005309105E0,6.432270408E-1,2.448134634E0
2.804975626E0,1.995506525E0,1.018270493E0,6.724669337E-1,2.339045289E0
2.814977554E0,6.638584733E-1,1.029536247E0,6.773147583E-1,1.399788641E0
2.825026668E0,6.700877547E-1,1.041210175E0,-7.560666203E-1,1.450783568E0
2.834973335E0,6.770981550E-1,1.053196907E0,-9.175366759E-1,1.552275487E0
2.844982189E0,4.858870506E-1,9.658584595E-1,-2.119102478E0,2.378983838E0
2.854977970E0,-6.987789869E-1,9.788188934E-1,-2.212711811E0,2.518426504E0
2.864979272E0,-7.654888034E-1,9.919881821E-1,-2.305905819E0,2.624350454E0
2.874981356E0,-8.247004151E-1,1.005440712E0,-2.325187206E0,2.664120370E0
2.884981876E0,-8.628299236E-1,1.021388054E0,-2.292883873E0,2.654246690E0
2.894984741E0,-9.600999355E-1,9.579744339E-1,-2.278921843E0,2.651978821E0
2.904978231E0,-1.015843153E0,9.771280289E-1,-2.235537767E0,2.642791253E0
2.914976408E0,-1.052178621E0,9.990081787E-1,-2.202968359E0,2.637833729E0
2.924978491E0,-1.699426889E0,1.021183014E0,-2.196299553E0,2.958817032E0
2.934977449E0,-1.678543091E0,9.439983368E-1,-2.207014322E0,2.929087228E0
2.944985001E0,-1.661642551E0,9.672727585E-1,-2.266794682E0,2.972377951E0
2.954978751E0,-1.629982471E0,9.908227921E-1,-2.350605726E0,3.027196714E0
2.964975106E0,-1.575312734E0,1.014706612E0,-2.347436428E0,3.003614073E0
2.974975887E0,-1.480348825E0,1.038990021E0,-2.346793652E0,2.962831982E0
2.984990158E0,-1.354772687E0,9.639902115E-1,-2.378385544E0,2.901965533E0
2.994987189E0,-1.167379141E0,9.919509888E-1,-2.409262180E0,2.855045547E0
3.005007137E0,-3.197599649E-1,1.020135880E0,-2.384706974E0,2.613379230E0
3.014974637E0,-1.682512760E-1,1.048667908E0,-2.201922178E0,2.444682833E0
3.024974897E0,4.014611244E-3,1.077278137E0,-2.098220348E0,2.358616741E0
3.034983960E0,1.335131168E0,1.006088257E0,-2.069499969E0,2.660379473E0
3.044986304E0,1.433752060E0,1.035019875E0,-2.118324995E0,2.759386145E0
3.054978751E0,1.501012802E0,1.059010506E0,-2.108356476E0,2.796374387E0
3.064976668E0,1.564197302E0,1.082342148E0,-2.053169489E0,2.798871679E0
3.074979272E0,1.462964416E0,1.025064468E0,-1.914533615E0,2.618484487E0
3.084983699E0,1.478555918E0,1.040349007E0,-1.941504955E0,2.652903155E0
3.094982397E0,1.494823813E0,1.055693626E0,-1.914243698E0,2.648266641E0
3.104978751E0,4.430038929E-1,1.070696831E0,-1.865539789E0,2.196106295E0
3.114976147E0,3.558658361E-1,1.085895538E0,-1.796476722E0,2.129116771E0
3.124977710E0,2.735911608E-1,1.001559258E0,-1.783163190E0,2.063405930E0
3.134977710E0,2.003437281E-1,1.017315865E0,-1.769671082E0,2.051049711E0
3.144981616E0,1.546399593E-1,1.033152580E0,-1.756124854E0,2.043353194E0
3.154976408E0,1.280287504E-1,1.048921585E0,-1.787495017E0,2.076479301E0
3.165077970E0,1.291848421E-1,1.064923286E0,-1.857343316E0,2.144871680E0
3.174982189E0,1.905268431E-1,9.861001968E-1,-1.927992344E0,2.173901689E0
3.184965574E0,2.626349926E-1,1.007498741E0,-1.968495488E0,2.226882426E0
3.194971668E0,3.322399855E-1,1.028754234E0,-1.997409940E0,2.271203459E0
3.204975366E0,3.998168707E-1,1.049998283E0,-2.035109043E0,2.324654543E0
3.214975106E0,1.543975234E0,1.071031570E0,-2.086258888E0,2.807747192E0
3.224979012E0,1.397977710E0,9.921789169E-1,-2.129439116E0,2.733728521E0
3.234978751E0,1.451265216E0,1.013619423E0,-2.123396397E0,2.764490427E0
3.244981616E0,1.503547072E0,1.035503387E0,-2.072763920E0,2.762113562E0
3.254979793E0,1.593510747E0,1.077147484E0,-1.946630955E0,2.736584601E0
3.264976929E0,1.410861492E0,9.938182831E-1,-1.884812355E0,2.555527840E0
3.274978491E0,1.429647088E0,2.224987984E0,-1.837806702E0,3.220558305E0
3.284979533E0,1.449185967E0,2.218778610E0,-1.812877893E0,3.210863551E0
3.294982397E0,1.470083475E0,2.188436508E0,-1.793110490E0,3.188360865E0
3.304979012E0,1.490210772E0,2.141551971E0,-1.802803159E0,3.171288732E0
3.314981095E0,1.313174605E0,2.061327934E0,-1.812734723E0,3.042943899E0
3.324979533E0,1.336891890E0,9.821519852E-1,-1.823745728E0,2.465350061E0
3.334977189E0,1.361112595E0,1.000374794E0,-1.821236849E0,2.484005009E0
3.345002866E0,1.386696100E0,1.018859863E0,-1.806265354E0,2.494713616E0
3.354989897E0,-4.138780832E-1,1.037336349E0,-1.786019802E0,2.106473001E0
3.364972710E0,-1.133937836E0,9.561052322E-1,-1.775817990E0,2.313759228E0
3.374974845E0,-1.808288693E0,2.059700966E0,-1.789020777E0,3.273052307E0
3.384982918E0,-1.948354363E0,2.930286407E0,-1.793775797E0,3.949720846E0
3.394980835E0,-2.754984856E0,3.058526993E0,-1.786331773E0,4.487260871E0
3.404979533E0,-2.796757221E0,4.026221275E0,-1.753052473E0,5.206294429E0
3.414974324E0,-2.757486343E0,4.143049240E0,-1.735630512E0,5.270768560E0
3.424978231E0,-2.605869770E0,4.860107422E0,-1.680972099E0,5.765142549E0
3.434982397E0,-2.432002306E0,4.900304794E0,-1.622107387E0,5.706036686E0
3.444982397E0,-2.244179964E0,4.931249619E0,-1.552632213E0,5.635976694E0
3.454980054E0,-1.442552328E0,4.959935188E0,-1.512905717E0,5.382452787E0
3.464976929E0,-1.266760468E0,4.950775146E0,-1.505014062E0,5.327281104E0
3.474974845E0,-1.060143471E0,4.872988701E0,-1.529707193E0,5.216313560E0
3.484976668E0,-4.956722260E-3,4.219438553E0,-1.544020295E0,4.493070770E0
3.494981876E0,2.174139023E-1,4.082648277E0,-1.544999361E0,4.370618810E0
3.504978231E0,2.095971584E0,3.097719193E0,-1.515161514E0,4.035427548E0
3.514975522E0,2.175457478E0,2.971168518E0,-1.466204882E0,3.963611277E0
3.524994741E0,2.248878717E0,2.206155777E0,-8.367192745E-1,3.259551801E0
3.534979012E0,2.316315889E0,2.146780968E0,-7.164945602E-1,3.238418175E0
3.544981929E0,2.353685379E0,2.102581978E0,1.661338806E-1,3.160425019E0
3.554983960E0,3.502849817E0,2.102689743E0,2.221646309E-1,4.091530046E0
3.564983960E0,3.485669374E0,2.133879662E0,2.553343773E-1,4.094939443E0
3.574988387E0,3.487711668E0,2.229611397E0,2.107392550E-1,4.144841456E0
3.584985001E0,3.507995367E0,3.036209106E0,4.663407803E-2,4.639695245E0
3.594988908E0,3.548881292E0,3.106860161E0,-6.630316973E-1,4.763060940E0
3.604989949E0,4.283744812E0,3.257453918E0,-6.568619013E-1,5.421525911E0
3.614986304E0,4.262161255E0,3.274149895E0,-6.399545670E-1,5.412542650E0
3.624990210E0,4.178600311E0,3.228693962E0,-6.052039862E-1,5.315208098E0
3.634988647E0,4.014290810E0,3.108656883E0,-5.619901419E-1,5.108239544E0
3.644997241E0,3.128810167E0,2.363145828E0,3.705227375E-2,3.921133017E0
3.654980835E0,1.544436812E0,2.217200279E0,1.071543694E-1,2.704208610E0
3.664983699E0,1.523949385E0,7.110967636E-1,1.310648918E-1,1.686789359E0
3.674988647E0,1.030603647E-1,7.165966034E-1,5.606353283E-2,7.261372119E-1
3.684987866E0,-9.337383509E-1,7.227706909E-1,-6.621527672E-2,1.182645020E0
3.695082085E0,-1.670430303E0,6.299295425E-1,-1.803661585E-1,1.794346838E0
3.704983231E0,-1.831897616E0,6.375656128E-1,-2.787765265E-1,1.959605863E0
3.714966460E0,-1.966368198E0,6.463718414E-1,-3.146147728E-1,2.093653005E0
3.724991512E0,-2.038175344E0,6.615953445E-1,-3.010636568E-1,2.163909994E0
3.734987085E0,-2.084444523E0,6.779212952E-1,-2.401740551E-1,2.205032841E0
3.744988126E0,-2.054940462E0,5.997276306E-1,-1.442157030E-1,2.145518982E0
3.754985001E0,-1.940876603E0,6.259288788E-1,9.558202624E-1,2.252194779E0
3.765003804E0,-1.774767518E0,-5.483255386E-1,9.682419300E-1,2.094744155E0
3.774990470E0,-1.578815222E0,-6.510906219E-1,9.788326025E-1,1.968423167E0
3.784987606E0,-7.101877928E-1,-1.483971119E0,8.285238147E-1,1.842006703E0
3.795028491E0,-5.233253241E-1,-1.586259842E0,8.373425007E-1,1.868483916E0
3.804989168E0,4.862405062E-1,-2.368088722E0,8.126206398E-1,2.550416893E0
3.814977970E0,6.841481924E-1,-2.425451279E0,7.862105370E-1,2.639886297E0
3.824978491E0,2.042767048E0,-2.526248455E0,7.652435303E-1,3.337727689E0
3.834974845E0,1.922665238E0,-3.467890263E0,5.454610586E-1,4.002553217E0
3.844978231E0,2.000543118E0,-3.617578983E0,5.297231674E-1,4.167692059E0
3.854976408E0,2.071138859E0,-4.876049995E0,5.122750401E-1,5.322396589E0
3.864984741E0,2.109169006E0,-5.647019386E0,4.965541065E-1,6.048469875E0
3.874981564E0,2.143848658E0,-6.378201485E0,4.840734005E-1,6.746248461E0
3.884993908E0,1.939371943E0,-6.520041466E0,2.733807564E-1,6.807851444E0
3.895012137E0,1.933088064E0,-7.385268688E0,2.616226375E-1,7.638551529E0
3.904975626E0,1.927817225E0,-7.430842400E0,2.539698780E-1,7.681041513E0
3.914979012E0,1.923693180E0,-7.429696560E0,1.709603190E0,7.862806718E0
3.924977710E0,5.312761068E-1,-7.338037491E0,1.806880355E0,7.575873886E0
3.934981356E0,3.336231709E-1,-6.477489471E0,2.779461622E0,7.056527558E0
3.944987345E0,-8.120154142E-1,-5.590900421E0,2.895021200E0,6.348124471E0
3.954978491E0,-1.923884630E0,-3.535644054E0,4.904023647E0,6.344411626E0
3.964975366E0,-2.039323807E0,-2.317082882E0,5.674616337E0,6.459797616E0
3.974975887E0,-2.151032209E0,-9.050836563E-1,6.390880585E0,6.803636575E0
3.984979533E0,-2.217671871E0,8.668270111E-1,6.959249496E0,7.355311764E0
3.994975106E0,-2.264147758E0,2.191627502E0,7.468057156E0,8.105644568E0
4.004975366E0,-2.260726929E0,3.479249001E0,7.373934269E0,8.461144512E0
4.014976408E0,-2.219966650E0,4.318610191E0,7.775097847E0,9.166831101E0
4.024976147E0,-2.090456963E0,4.474727631E0,7.441455841E0,8.931319204E0
4.034975626E0,-1.898775339E0,4.576349258E0,6.994049549E0,8.571175498E0
4.045095991E0,-9.467475414E-1,4.624819756E0,5.625283241E0,7.343643525E0
4.054964845E0,-7.960009575E-2,4.645950317E0,5.144534588E0,6.932346403E0
4.064996668E0,8.480989933E-1,4.710560799E0,3.718472481E0,6.060997651E0
4.074975939E0,2.229915380E0,5.519825935E0,3.302710295E0,6.808002369E0
4.084977970E0,2.271830082E0,7.275449753E0,1.506010771E0,7.769263123E0
4.094974845E0,2.308940411E0,9.391626358E0,6.114797592E-1,9.690601579E0
4.104974064E0,2.318794250E0,1.071776390E1,2.754104137E-1,1.096918961E1
4.114975106E0,2.270143986E0,1.076261902E1,-1.684880853E0,1.112772867E1
4.124977710E0,1.982213378E0,9.829731941E0,-3.777467728E0,1.071550570E1
4.134976929E0,1.935557365E0,5.611216545E0,-5.628738880E0,8.180148826E0
4.144978491E0,1.862204909E0,1.504269600E0,-6.890983105E0,7.294949095E0
4.154974064E0,1.799802423E0,-1.839445114E0,-8.299008369E0,8.688865691E0
4.164975626E0,1.544631243E0,-5.524068832E0,-1.019644356E1,1.169908900E1
4.174974845E0,1.500967622E0,-8.407801628E0,-1.175535583E1,1.453039651E1
4.184975887E0,1.467991352E0,-8.409914017E0,-1.169937134E1,1.448298802E1
4.194974845E0,2.813567638E0,-7.131334305E0,-1.154499912E1,1.385853876E1
4.204974324E0,2.848047733E0,-5.110018730E0,-1.067765903E1,1.217522360E1
4.214975106E0,2.847678185E0,-2.636547089E0,-9.567783356E0,1.032487917E1
4.224978022E0,2.713885784E0,3.600406647E-2,-9.262478828E0,9.651942105E0
4.235161876E0,1.246517420E0,2.604137421E0,-8.164411545E0,8.659847184E0
4.244974376E0,1.263404727E0,4.929944038E0,-7.178520203E0,8.799527943E0
4.254977189E0,-2.902172804E-1,6.626386642E0,-6.155838966E0,9.049175619E0
4.264975626E0,-1.200404882E0,7.638314247E0,-5.232099056E0,9.335934712E0
4.274976408E0,-2.106212139E0,7.647088051E0,-4.905213833E0,9.326049967E0
4.284975887E0,-2.985412598E0,7.503746033E0,-4.654446602E0,9.321092536E0
4.294974324E0,-3.167492390E0,6.342251778E0,-4.431130886E0,8.360148718E0
4.304975887E0,-3.219825506E0,3.359400749E0,-2.416117430E0,5.243135810E0
4.314972762E0,-2.393217087E0,6.623115540E-1,-8.713636994E-1,2.631619143E0
4.324976408E0,-1.233056664E0,6.791181564E-1,-7.198329568E-1,1.581072324E0
4.334976668E0,-1.120392084E-1,-1.314507008E0,-5.743240714E-1,1.438863995E0
4.344975366E0,1.436030030E0,-2.259126186E0,-4.357695580E-1,2.712144628E0
4.354976929E0,1.328801513E0,-2.406476974E0,-5.271390080E-1,2.799057060E0
4.364975366E0,1.418125510E0,-3.163606167E0,-4.587444961E-1,3.497131747E0
4.374976147E0,1.509639978E0,-3.124250889E0,-1.436214924E0,3.755352152E0
4.384973283E0,1.606673598E0,-3.003442287E0,-2.422202826E0,4.179609091E0
4.394972293E0,1.667646408E0,-2.092127800E0,-2.490329981E0,3.655104197E0
4.404965991E0,1.492979050E0,-1.358435154E0,-2.525214434E0,3.232806899E0
4.414986356E0,1.516230583E0,-6.396627426E-1,-2.486922503E0,2.982097775E0
4.424975939E0,1.539018750E0,7.607107162E-1,-2.399352312E0,2.950279821E0
4.434977449E0,1.560990810E0,7.765092850E-1,-1.756835222E0,2.475101812E0
4.444979793E0,1.583234191E0,7.908678055E-1,-1.645377874E0,2.416478996E0
4.454982397E0,1.408004642E0,7.056608200E-1,-1.517727137E0,2.187219679E0
4.464975106E0,1.430501461E0,7.203063965E-1,-1.432643890E0,2.148870459E0
4.474975366E0,1.449667096E0,7.346553802E-1,-1.390937090E0,2.139149178E0
4.484974585E0,1.509265304E0,7.691936493E-1,-1.419684887E0,2.210213973E0
4.494975626E0,1.329178333E0,-7.067737579E-1,-1.415745735E0,2.066538210E0
4.504977449E0,1.349320889E0,-7.762870789E-1,-1.383491755E0,2.082627649E0
4.514977449E0,-4.104218483E-1,-8.463449478E-1,-1.321949959E0,1.622435687E0
4.524975366E0,-5.509127378E-1,-9.071388245E-1,-1.254601359E0,1.643298592E0
4.534976668E0,-1.482371569E0,-9.696731567E-1,-1.191647768E0,2.134880770E0
4.544977710E0,-1.607851386E0,-1.058033943E0,-1.147919059E0,2.241057802E0
4.554974585E0,-2.371203423E0,-1.690319061E0,-1.121517897E0,3.120510630E0
4.564976408E0,-2.432998657E0,-1.714870453E0,-1.115564466E0,3.178796504E0
4.574997658E0,-2.457619429E0,-1.755342960E0,-1.111685872E0,3.218224300E0
4.584971772E0,-2.351174831E0,-1.776177883E0,-1.132950425E0,3.156961771E0
4.594961876E0,-2.189088821E0,-1.757543087E0,-1.177764297E0,3.044371250E0
4.604980835E0,-1.299538136E0,-1.689718246E0,-1.220040560E0,2.456103843E0
4.614976929E0,-1.076453209E0,-1.558944225E0,-1.253475428E0,2.271620403E0
4.624978231E0,-5.006849766E-2,-6.271018982E-1,-1.285025835E0,1.430753313E0
4.634977710E0,1.473319530E-1,-4.890861511E-1,-1.310357928E0,1.406396057E0
4.644979272E0,1.823032379E0,8.156442642E-1,-1.349261284E0,2.410234145E0
4.654976408E0,1.974287391E0,8.707704544E-1,-2.175770760E0,3.064315631E0
4.664974324E0,2.079369783E0,9.052658081E-1,-2.218049765E0,3.172227867E0
4.674977189E0,2.146414518E0,9.315700531E-1,-2.281891823E0,3.268325005E0
4.684977189E0,2.007261753E0,8.567724228E-1,-2.845346928E0,3.585966797E0
4.694977710E0,2.003011227E0,8.670072556E-1,-2.822952509E0,3.568307221E0
4.704975366E0,5.894895792E-1,8.778266907E-1,-2.797845840E0,2.990989637E0
4.714974585E0,4.335744381E-1,8.893079758E-1,-2.754117966E0,2.926434902E0
4.724975366E0,-4.262410402E-1,9.028196335E-1,-2.654906034E0,2.836422177E0
4.734977189E0,-5.537066460E-1,8.174190521E-1,-2.505838633E0,2.693323636E0
4.744983126E0,-7.026606798E-1,8.327884674E-1,-1.783167839E0,2.089726347E0
4.754998387E0,-1.343134642E0,8.486766815E-1,-1.628167391E0,2.274904795E0
4.764981095E0,-1.362934351E0,8.650703430E-1,-1.477793932E0,2.188563832E0
4.774974897E0,-1.319607377E0,8.911476135E-1,-1.346018672E0,2.085011742E0
4.784975626E0,-1.256310940E0,8.181438446E-1,-1.227157116E0,1.937418673E0
4.794976668E0,-1.164846063E0,8.507394791E-1,-1.132692814E0,1.834016636E0
4.804976408E0,-1.092393994E0,8.830490112E-1,-1.047634721E0,1.752323801E0
4.814985001E0,-1.050130606E0,9.150838852E-1,-9.582262039E-1,1.690665627E0
4.824995158E0,-1.016716719E0,-7.181863785E-1,-8.347066641E-1,1.498746068E0
4.834987345E0,-1.012651205E0,-2.702487469E0,1.040983081E0,3.067987411E0
4.844989949E0,-9.345407486E-1,-3.809851646E0,1.087354302E0,4.070709442E0
4.854987606E0,-7.680509090E-1,-4.800354004E0,1.130052567E0,4.991023899E0
4.864987606E0,3.654701710E-1,-5.536221504E0,1.168730855E0,5.670030758E0
4.874993074E0,2.279075861E0,-5.589756012E0,-8.063292503E-2,6.037057290E0
4.884988908E0,3.597401142E0,-5.422828674E0,-2.592744827E-1,6.512725164E0
4.894986564E0,4.992367744E0,-2.601914406E0,-1.358471513E0,5.791298570E0
4.904987345E0,5.717007637E0,1.128092766E0,-1.478519320E0,6.011887307E0
4.914987866E0,5.790942669E0,6.569134712E0,-1.452300429E0,8.876808233E0
4.925038179E0,5.817400932E0,1.077608967E1,-7.374105453E-1,1.226825320E1
4.934985054E0,5.745275021E0,1.376553345E1,1.004851341E0,1.495017800E1
4.944987814E0,5.576961517E0,1.575027752E1,1.050772905E0,1.674150129E1
4.954976408E0,4.370387554E0,1.732468224E1,3.017680645E0,1.812046629E1
4.964985262E0,2.213260889E0,1.806656837E1,3.768874645E0,1.858773339E1
4.974989168E0,1.891139507E0,1.729394531E1,4.578871250E0,1.798952515E1
4.984985783E0,1.764568686E0,1.504648876E1,5.356612682E0,1.606872198E1
4.994985522E0,1.648278594E0,1.248253441E1,5.247586727E0,1.364066179E1
5.004984220E0,2.410567999E-1,1.056700516E1,4.383235931E0,1.144257242E1
5.014990470E0,-1.115314960E0,9.624703407E0,3.269708633E0,1.022593945E1
5.024985262E0,-1.874424577E0,9.543401718E0,2.494970083E0,1.004066032E1
5.034986564E0,-2.061336279E0,9.427839279E0,2.301674843E0,9.921238220E0
5.044982918E0,-3.015815258E0,8.630307198E0,1.349974155E0,9.241199826E0
5.054984220E0,-3.134536266E0,8.466788292E0,-8.283238113E-2,9.028769727E0
5.064974324E0,-3.774484634E0,7.301090240E0,-3.408541679E-1,8.226106887E0
5.074978491E0,-3.807933807E0,6.414392471E0,-2.526400566E0,7.875753328E0
5.084975887E0,-3.740518808E0,5.423625946E0,-3.613178015E0,7.514136991E0
5.095004793E0,-3.511653185E0,4.303702354E0,-4.405657291E0,7.089667003E0
5.104973960E0,-1.889005423E0,2.982929230E0,-4.588227272E0,5.789476468E0
5.115086356E0,-4.320272207E-1,1.464211464E0,-5.391196251E0,5.603174078E0
5.124991304E0,1.603904009E0,3.362703323E-1,-5.474249840E0,5.714280105E0
5.134975418E0,2.973150253E0,-1.944954395E0,-5.558807373E0,6.597181932E0
5.144975887E0,4.795619488E0,-3.842310429E0,-5.568738937E0,8.292898712E0
5.154975626E0,6.581981659E0,-5.799464226E0,-5.488461494E0,1.034792141E1
5.164977189E0,7.999702454E0,-7.633559704E0,-5.358421326E0,1.228735741E1
5.174976408E0,8.871174812E0,-9.402916908E0,-5.210846901E0,1.393791643E1
5.184976147E0,8.990542412E0,-1.170646858E1,-5.074323654E0,1.560833175E1
5.194978751E0,8.891072273E0,-1.264797115E1,-4.888132095E0,1.621469012E1
5.204977970E0,8.658254623E0,-1.342764091E1,-4.122244358E0,1.650029734E1
5.214975106E0,8.278595924E0,-1.355906677E1,-3.866511345E0,1.635033187E1
5.224975106E0,6.730181694E0,-1.421818924E1,-2.675218821E0,1.595647350E1
5.234978751E0,5.806958675E0,-1.417529869E1,-1.448078632E0,1.538690332E1
5.244975106E0,5.445967674E0,-1.398903751E1,7.687525749E-1,1.503139099E1
5.254974324E0,4.505001545E0,-1.201304245E1,7.557662725E-1,1.285221422E1
5.264976408E0,3.368149042E0,-9.197617531E0,4.151020050E0,1.063821243E1
5.275107866E0,1.198238134E0,-4.133684158E0,6.352373123E0,7.673054388E0
5.284963595E0,-1.883867264E0,7.377223969E-1,8.264716148E0,8.508743927E0
5.294961408E0,-5.375145912E0,6.764321327E0,9.621216774E0,1.293120446E1
5.304972033E0,-8.072275162E0,1.062100220E1,1.097109413E1,1.727229633E1
5.314975887E0,-1.001262283E1,1.286974716E1,1.096424484E1,1.964936826E1
5.324976668E0,-1.157637215E1,1.375946140E1,1.079659367E1,2.097383143E1
5.334976668E0,-1.164671421E1,1.376054859E1,8.411000252E0,1.989330477E1
5.344978231E0,-1.150024605E1,1.352515507E1,5.938573360E0,1.872036678E1
5.354977710E0,-1.117024040E1,1.156839275E1,3.187729597E0,1.639401115E1
5.364974585E0,-6.620398521E0,7.261452675E0,-2.901839972E0,1.024592830E1
5.374974585E0,-3.136881113E0,7.090965271E0,-5.192987919E0,9.332145258E0
5.384976929E0,-5.740146339E-2,7.062626839E0,-6.689280033E0,9.727818879E0
5.394975366E0,1.674106836E0,7.114715576E0,-6.942936897E0,1.008098131E1
5.404974585E0,2.668431997E0,7.067391396E0,-7.053303719E0,1.033526215E1
5.414977189E0,3.024160385E0,5.459065437E0,-7.029046059E0,9.399703718E0
5.424974845E0,4.081249714E0,3.269314766E0,-6.284528732E0,8.175592924E0
5.434975366E0,4.250651360E0,4.986276627E-1,-6.020031929E0,7.386301575E0
5.444975887E0,4.230118752E0,-1.344369888E0,-4.754941463E0,6.504667814E0
5.454997501E0,3.390058994E0,-3.513746738E0,-4.620316029E0,6.722070836E0
5.464987606E0,2.008611202E0,-4.714542389E0,-4.615200996E0,6.896485274E0
5.474980106E0,6.757293940E-1,-4.737518311E0,-5.756866932E0,7.486134305E0
5.484976147E0,6.592522860E-1,-3.846850395E0,-6.552681446E0,7.626959137E0
5.494978231E0,4.468117952E-1,-2.055371284E0,-7.083338737E0,7.389037797E0
5.504975626E0,4.367942810E-1,3.979797363E-1,-6.896632671E0,6.921901424E0
5.514975626E0,4.287491441E-1,2.065182686E0,-5.845686913E0,6.214568435E0
5.524977970E0,4.286142290E-1,3.655778885E0,-4.489928722E0,5.805849580E0
5.534974585E0,3.091398478E-1,4.827356339E0,-1.903928041E0,5.198449639E0
5.544976147E0,3.500642180E-1,4.878982544E0,-7.217730284E-1,4.944489046E0
5.554977189E0,3.927787542E-1,4.767903328E0,6.891998053E-1,4.833443252E0
5.564976408E0,4.367495179E-1,3.445042610E0,8.016877770E-1,3.563954548E0
5.574976929E0,4.823240042E-1,1.965995789E0,9.048666954E-1,2.217331645E0
5.584976408E0,3.303093314E-1,3.503370285E-1,7.934144139E-1,9.280876684E-1
5.594975626E0,3.799755573E-1,-6.281280518E-1,8.432849646E-1,1.118058945E0
5.604975887E0,1.709009886E0,-1.536817551E0,-1.775718927E-1,2.305223362E0
5.614975626E0,1.809324980E0,-2.204760075E0,-2.861533761E-1,2.866445120E0
5.624989376E0,1.910868645E0,-2.309339523E0,-4.316878915E-1,3.028336581E0
5.634995210E0,2.000004292E0,-2.395034790E0,-1.350032806E0,3.399823141E0
5.644975783E0,2.041921854E0,-2.449103832E0,-1.459277153E0,3.506714167E0
5.654979429E0,2.014703274E0,-2.465616226E0,-2.138647079E0,3.835636060E0
5.664974845E0,1.856875420E0,-2.451029778E0,-2.251571417E0,3.811181856E0
5.674979272E0,4.562690258E-1,-2.388332844E0,-3.219217300E0,4.034312237E0
5.684977970E0,2.652537823E-1,-2.268761635E0,-3.353903770E0,4.057870060E0
5.694977189E0,2.743339241E-1,-1.427577972E0,-4.208107471E0,4.452123815E0
5.704976147E0,-1.166780233E0,-1.303206444E0,-4.165904045E0,4.518238557E0
5.714976147E0,-1.927829027E0,4.876909256E-1,-3.082772255E0,3.668494510E0
5.724974585E0,-1.983278513E0,4.133682251E-1,-2.223511934E0,3.008034619E0
5.734978491E0,-1.954322577E0,4.412784576E-1,-1.360116959E0,2.421574189E0
5.744976147E0,-1.872850418E0,4.692506790E-1,-5.038666725E-1,1.995406353E0
5.754974324E0,-1.768338203E0,4.975023270E-1,-2.925072908E-1,1.860131469E0
5.764973908E0,-1.615603685E0,5.269966125E-1,1.392057061E0,2.196752958E0
5.774974585E0,-1.474175453E0,2.230950356E0,1.282822609E0,2.965799488E0
5.784975106E0,-1.375220656E0,2.341302872E0,1.371357083E0,3.041965030E0
5.794974845E0,-1.363850594E0,3.000617981E0,1.431070566E0,3.593293708E0
5.805058439E0,-2.026937008E0,3.060451508E0,3.777931929E-1,3.690198472E0
5.814982710E0,-2.742242336E0,3.097487450E0,-2.526592016E-1,4.144654172E0
5.824963074E0,-3.507602692E0,3.100819588E0,-2.736352682E-1,4.689694555E0
5.834977762E0,-4.161634445E0,3.048396111E0,-2.850481272E-1,5.166543577E0
5.844974845E0,-4.216749191E0,2.934030533E0,-2.825313807E-1,5.144835555E0
5.854975366E0,-4.898393154E0,2.021884918E0,-2.767406702E-1,5.306492204E0
5.864975106E0,-4.831787109E0,1.876996994E0,-2.923549414E-1,5.191796972E0
5.874984220E0,-4.669545650E0,4.512681961E-1,-3.135726452E-1,4.701768536E0
5.884979012E0,-3.634748459E0,4.867105484E-1,-3.583388329E-1,3.684656054E0
5.894977710E0,-1.295288920E0,5.429868698E-1,-4.892697334E-1,1.487277042E0
5.904973283E0,8.835244179E-2,5.798625946E-1,-5.395299196E-1,7.969562828E-1
5.914973804E0,1.697550535E0,5.178985596E-1,-5.628376007E-1,1.861903032E0
5.924979272E0,1.841717124E0,1.800649643E0,-5.936932564E-1,2.643242854E0
5.934974845E0,3.789771557E0,3.446337700E0,-6.594171524E-1,5.164730678E0
5.944978491E0,4.648468018E0,5.210522652E0,-7.708693743E-1,7.025100768E0
5.954980054E0,4.823376656E0,6.984626770E0,-1.384606957E0,8.600413357E0
5.964974585E0,5.539825439E0,8.424139023E0,-1.370272636E0,1.017513790E1
5.974984481E0,5.496612549E0,9.336669922E0,-1.313754916E0,1.091384931E1
5.984974585E0,5.431883812E0,9.392299652E0,-1.268564582E0,1.092382308E1
5.995115262E0,5.272008896E0,9.310607910E0,-1.227565050E0,1.076979171E1
6.004974116E0,5.036061287E0,8.427143097E0,-1.104519606E0,9.879201264E0
6.014979012E0,4.213948250E0,7.147192001E0,-8.074796200E-2,8.297363050E0
6.024975106E0,3.926982880E0,5.727319717E0,4.713010788E-2,6.944465921E0
6.034977970E0,2.522068977E0,4.338987350E0,1.189735532E0,5.157820643E0
6.044975887E0,1.173642278E0,3.203929901E0,1.214429259E0,3.621800855E0
6.054974324E0,1.104212642E0,2.354262352E0,1.240097523E0,2.880916286E0
6.064985522E0,-1.289303780E0,1.361334801E0,1.088908315E0,2.168238454E0
6.074987085E0,-1.518699646E0,1.300293922E0,1.094945550E0,2.279499651E0
6.084986043E0,-2.373744965E0,1.239070892E0,1.074138522E0,2.885088456E0
6.094989168E0,-2.412684679E0,2.287635803E-1,1.059370875E0,2.644928503E0
6.104986043E0,-2.349232674E0,1.435565948E-1,8.495061994E-1,2.502231691E0
6.114986824E0,-2.208847523E0,1.591119766E-1,-1.281855106E-1,2.218277603E0
6.124989949E0,-1.109889746E0,1.785039902E-1,-3.027081490E-1,1.164195493E0
6.134986304E0,-9.304741621E-1,1.996107101E-1,-1.259786367E0,1.578824972E0
6.144986043E0,-1.016889811E-1,-1.005260468E0,-1.427897930E0,1.749223186E0
6.154973856E0,8.740057349E-1,-1.825642586E0,-2.402971506E0,3.141835281E0
6.164966668E0,9.627580047E-1,-2.818280697E0,-2.557524681E0,3.925626263E0
6.174983804E0,1.049166441E0,-3.915287018E0,-3.374761343E0,5.274394446E0
6.184973074E0,1.133527160E0,-5.002099991E0,-3.433129787E0,6.171893411E0
6.194985783E0,1.211856604E0,-6.083842278E0,-3.486018896E0,7.115761451E0
6.204988908E0,2.167938709E0,-7.045412064E0,-3.491383314E0,8.156442045E0
6.214985783E0,2.263373852E0,-7.830628872E0,-3.456358194E0,8.853701017E0
6.224984220E0,3.096593380E0,-7.972035885E0,-3.325964928E0,9.176289523E0
6.234987345E0,3.209157944E0,-9.415279388E0,-3.087257624E0,1.041524557E1
6.244984741E0,4.166877747E0,-9.503096581E0,-1.795547247E0,1.053070295E1
6.254989168E0,4.758322716E0,-9.432732582E0,-3.511055708E-1,1.057077831E1
6.264987085E0,4.741613388E0,-9.360477448E0,1.252106905E0,1.056736520E1
6.274988387E0,4.661674500E0,-9.288872719E0,2.625249386E0,1.071943561E1
6.284983439E0,4.542792797E0,-7.673443317E0,4.358955860E0,9.925683600E0
6.294982397E0,4.255760193E0,-5.558775902E0,5.594144344E0,8.961357893E0
6.304985262E0,2.311125517E0,-2.242145538E0,6.496078014E0,7.250348084E0
6.314984481E0,2.824866176E-1,1.955929756E0,7.670050621E0,7.920551523E0
6.324979012E0,-2.070394516E0,5.898357391E0,8.846099854E0,1.083192670E1
6.334998022E0,-3.702600479E0,8.688380241E0,9.664836884E0,1.351318887E1
6.344971668E0,-4.790278912E0,1.015223789E1,9.580305099E0,1.475794539E1
6.354973335E0,-5.080845833E0,1.022655392E1,9.338202477E0,1.475125164E1
6.364979793E0,-6.196289062E0,1.018071461E1,8.940104485E0,1.489853739E1
6.374974897E0,-6.274249077E0,8.967845917E0,8.458356857E0,1.383229058E1
6.384975887E0,-6.049764156E0,6.457417488E0,7.150841236E0,1.137683688E1
6.394980054E0,-4.136233807E0,3.486124992E0,5.519539833E0,7.728312722E0
6.404974845E0,-2.577327728E0,2.606763840E-1,3.529835701E0,4.378391311E0
6.414973022E0,-1.341179371E0,3.335895538E-1,-1.159369826E0,1.803935279E0
6.424975887E0,2.639330626E-1,1.947244644E0,-3.579649448E0,4.083541666E0
6.434975366E0,2.111250013E-1,3.432604790E0,-5.234885693E0,6.263495639E0
6.444977449E0,2.145537615E0,4.605199814E0,-6.312517643E0,8.103028815E0
6.454977449E0,2.375295162E0,4.780101776E0,-6.621033669E0,8.504674417E0
6.464975626E0,3.093194485E0,4.817546844E0,-7.600834370E0,9.515739216E0
6.474971460E0,3.153601885E0,4.638225555E0,-7.648077965E0,9.484273178E0
6.484973804E0,3.136327982E0,2.838540077E0,-7.543274403E0,8.648401684E0
6.494974064E0,3.066224575E0,3.820133209E-1,-7.280371666E0,7.908949293E0
6.505002918E0,2.880041361E0,3.630199432E-1,-6.984371185E0,7.563587943E0
6.514981616E0,1.635369658E0,-1.709955215E0,-6.847280502E0,7.244558719E0
6.525030001E0,3.457742929E-1,-2.470059395E0,-7.490151882E0,7.894499889E0
6.534973074E0,1.204239428E-1,-2.504987717E0,-7.396331787E0,7.809941696E0
6.544981616E0,9.848602861E-2,-2.414342880E0,-7.262506962E0,7.653937445E0
6.554978231E0,7.995096594E-2,-1.220039368E0,-7.080667019E0,7.185452919E0
6.564977970E0,6.182787195E-2,2.653274536E-1,-6.779113293E0,6.784585351E0
6.574977189E0,4.587601125E-2,2.791166306E-1,-5.625819683E0,5.632926221E0
6.584985783E0,-1.026573107E-1,1.681442261E0,-4.317740917E0,4.634724720E0
6.594978751E0,-1.149384025E-2,1.787837982E0,-2.025026560E0,2.701338432E0
6.604980835E0,4.071754590E-2,1.728927612E0,-1.698163271E0,2.423758879E0
6.614977449E0,9.289158136E-2,2.781400681E-1,-8.204439878E-1,8.712744003E-1
6.624974585E0,-5.484707654E-2,2.071352005E-1,-6.770402193E-1,7.101384736E-1
6.634975887E0,1.066592574E0,2.351474762E-1,-6.501129866E-1,1.271047186E0
6.644976668E0,1.204947591E0,-7.384109497E-1,-1.386581898E0,1.979838071E0
6.654980574E0,2.060924292E0,-1.543058395E0,-1.501623392E0,2.980488376E0
6.664975887E0,2.142834187E0,-1.561937332E0,-2.433513641E0,3.599079775E0
6.674974845E0,2.194342136E0,-1.567711830E0,-2.442244530E0,3.638326007E0
6.685075262E0,2.192181587E0,-1.566856384E0,-2.406288624E0,3.612606259E0
6.694982449E0,2.064299822E0,-1.550652504E0,-2.345630646E0,3.488243121E0
6.704963387E0,1.101489186E0,-1.530649662E0,-2.298664093E0,2.973217689E0
6.714974116E0,9.099033475E-2,-1.531036377E0,-2.286567211E0,2.753314591E0
6.724977710E0,-9.010230750E-2,-1.548630714E0,-2.266544819E0,2.746561656E0
6.734978491E0,-1.821281433E0,-1.567831039E0,-2.203378677E0,3.260373878E0
6.744979793E0,-2.664442062E0,-1.557786465E0,-2.119400978E0,3.744036682E0
6.754978491E0,-2.809644461E0,-1.502456188E0,-2.011484861E0,3.767963368E0
6.764974064E0,-2.917987108E0,-1.393135071E0,-1.894284844E0,3.747504391E0
6.774975887E0,-2.922888279E0,3.724317551E-1,-1.676172972E0,3.389916980E0
6.784975626E0,-2.805371761E0,4.036369324E-1,-8.691037893E-1,2.964519335E0
6.794975626E0,-2.042904377E0,4.353570938E-1,-6.939481497E-1,2.201035694E0
6.804977710E0,-1.818367720E0,1.553570747E0,1.491855383E-1,2.396309570E0
6.814974585E0,-8.668100834E-1,1.636896133E0,2.989246845E-1,1.876204850E0
6.824974585E0,-6.692693830E-1,1.729806900E0,4.271664619E-1,1.903319365E0
6.834977449E0,4.824723303E-1,1.825094223E0,5.368256569E-1,1.962633501E0
6.844977189E0,6.091064811E-1,1.918553352E0,5.981409550E-1,2.099911968E0
6.854978491E0,7.314698696E-1,2.524724960E0,6.136227846E-1,2.699225299E0
6.864987293E0,-3.403912187E-1,2.525927544E0,5.251879692E-1,2.602306389E0
6.874989012E0,-1.087539434E0,2.520856857E0,3.932051659E-1,2.773458422E0
6.884972554E0,-1.168151140E0,2.540405273E0,-3.082103729E-1,2.813046333E0
6.894978751E0,-2.132536411E0,2.566768646E0,-4.044557810E-1,3.361487365E0
6.904977241E0,-2.222082615E0,2.584333420E0,-4.916427135E-1,3.443565439E0
6.914980835E0,-3.118109465E0,2.578642845E0,-5.748747587E-1,4.086867571E0
6.924982137E0,-3.152487993E0,2.534026146E0,-6.353771687E-1,4.094285432E0
6.934976668E0,-3.173129082E0,2.455495834E0,-6.316097975E-1,4.061667010E0
6.944978751E0,-3.177534819E0,2.285124779E0,1.257449389E-1,3.915907886E0
6.954980054E0,-3.060404539E0,1.667055130E0,1.972122192E-1,3.490564626E0
6.964975887E0,-2.891966343E0,1.606648445E0,2.439935207E-1,3.317276201E0
6.974976929E0,-2.065369606E0,1.496526718E0,2.629505396E-1,2.564076211E0
6.984976147E0,-1.802646041E0,4.569835663E-1,2.589373589E-1,1.877608927E0
6.994977189E0,-5.965703726E-1,4.926681519E-1,2.448191643E-1,8.115137340E-1
7.005004793E0,2.391839027E-1,4.253339767E-1,2.113677263E-1,5.317840227E-1
7.014973543E0,1.890230060E0,4.578628540E-1,2.017930746E-1,1.955333352E0
7.024975106E0,2.016648769E0,4.915399551E-1,2.077467442E-1,2.086059083E0
7.035005106E0,2.119124413E0,1.662446976E0,1.961922646E-1,2.700538766E0
7.044987137E0,3.134996414E0,3.016184807E0,1.354399920E-1,4.352461062E0
7.055015731E0,4.184835434E0,4.721599579E0,-5.221843719E-3,6.309229546E0
7.064977241E0,4.280961037E0,6.344466209E0,-7.728116512E-1,7.692601428E0
7.074975626E0,4.987973213E0,7.563446045E0,-7.814666033E-1,9.093749661E0
7.084979272E0,4.978028297E0,8.311644554E0,-6.924198866E-1,9.713065748E0
7.094979272E0,4.922311306E0,8.316107750E0,-6.155401468E-1,9.683268373E0
7.105006876E0,4.706684113E0,8.181363106E0,-5.924406052E-1,9.457196386E0
7.114974324E0,3.784187794E0,6.960947990E0,-6.539889574E-1,7.950004764E0
7.124971720E0,1.521963716E0,3.954640388E0,2.269647121E-1,4.243473475E0
7.134972501E0,3.983640671E-2,2.471380234E0,1.413956046E0,2.847556654E0
7.144976668E0,-1.276793122E0,1.447224617E0,1.238690972E0,2.293254258E0
7.154978231E0,-2.197331905E0,1.517972946E-1,1.263621926E0,2.539301143E0
7.164975626E0,-2.409238577E0,1.583986282E-1,1.289010167E0,2.736981523E0
7.174974585E0,-2.580272198E0,1.666698456E-1,1.314734697E0,2.900708668E0
7.184975106E0,-2.630389690E0,1.760730743E-1,1.316385031E0,2.946662722E0
7.194976668E0,-2.516612530E0,8.696079254E-2,1.094508171E0,2.745696440E0
7.204999845E0,-1.349049807E0,1.033306122E-1,1.080447912E0,1.731467669E0
7.215091564E0,-3.832958341E-1,1.236209869E-1,-5.303894281E-1,6.659660579E-1
7.224991304E0,1.089746237E0,-1.078825951E0,-7.087773085E-1,1.689312749E0
7.234961043E0,1.183598161E0,-1.195110321E0,-1.574649930E0,2.304065035E0
7.244975158E0,1.075853586E0,-2.146839142E0,-1.702942014E0,2.943873425E0
7.254977710E0,1.165257692E0,-2.296710014E0,-2.410440922E0,3.527453446E0
7.264979012E0,1.252535343E0,-3.408520699E0,-2.485633373E0,4.400594438E0
7.274978491E0,1.307781100E0,-3.560571671E0,-2.560649872E0,4.576558728E0
7.284975626E0,1.319011331E0,-4.604935646E0,-2.584667206E0,5.442952118E0
7.294980574E0,1.133298516E0,-4.708055496E0,-2.545731544E0,5.470914108E0
7.305003491E0,2.519500256E0,-5.489981174E0,-2.418905973E0,6.506833404E0
7.314975366E0,2.607477188E0,-5.581225395E0,-2.253896952E0,6.559654386E0
7.324988908E0,3.408974648E0,-6.325533390E0,-1.473456383E0,7.335158794E0
7.334989689E0,3.444028854E0,-6.377533913E0,-1.305200338E0,7.364633153E0
7.344985783E0,3.477577448E0,-6.457754135E0,-4.254267216E-1,7.346912363E0
7.354985783E0,3.474818468E0,-7.089516640E0,1.348692536E0,8.009655494E0
7.364989168E0,3.446114063E0,-7.100240707E0,1.466998696E0,8.027527977E0
7.374985262E0,3.367036343E0,-7.052290916E0,2.812543869E0,8.305548984E0
7.384988387E0,3.205344677E0,-6.194068909E0,4.182650566E0,8.132360660E0
7.394999585E0,2.404824495E0,-4.318992615E0,5.185513020E0,7.164246181E0
7.404989637E0,4.892159104E-1,-1.364839554E0,6.265567303E0,6.431131536E0
7.414973335E0,-8.982783556E-1,2.232842445E0,7.466950417E0,7.845243012E0
7.424979064E0,-2.664319277E0,5.448798180E0,8.466557503E0,1.041492174E1
7.434974116E0,-3.992499828E0,7.699632645E0,8.506876945E0,1.214871817E1
7.444988647E0,-4.945061207E0,8.896630287E0,9.016461372E0,1.359780263E1
7.454983439E0,-5.208237648E0,8.926529884E0,8.717325211E0,1.352037107E1
7.464987866E0,-6.281598568E0,8.712775230E0,7.636355400E0,1.317895506E1
7.474990991E0,-6.047762394E0,3.057140350E0,5.524094582E0,8.742834669E0
7.484985001E0,-3.802575827E0,1.268310547E-1,3.274977922E0,5.020074643E0
7.494987345E0,-2.081067085E0,-2.255821228E0,8.468046784E-1,3.183810263E0
7.505028751E0,-1.031918526E0,-2.279215336E0,-7.988659739E-1,2.626378730E0
7.514987606E0,-7.367205620E-1,-1.035370827E0,-4.354310513E0,4.535942016E0
7.524983439E0,6.777320504E-1,1.613252640E0,-6.842840195E0,7.063028157E0
7.534985262E0,2.131293058E0,4.521813393E0,-8.372449875E0,9.751262655E0
7.544986043E0,3.113354206E0,6.940181732E0,-8.564378738E0,1.145459210E1
7.554986304E0,3.153936863E0,8.606914520E0,-8.467863083E0,1.247922275E1
7.565021199E0,2.998724461E0,8.724811554E0,-7.069313049E0,1.162281687E1
7.574974168E0,2.123137474E0,8.542078972E0,-5.875624657E0,1.058290088E1
7.584994168E0,2.099106789E0,6.348970413E0,-4.529923439E0,8.076873218E0
7.594977501E0,2.059853077E0,3.672542572E0,-3.115820408E0,5.238215388E0
7.605002710E0,1.952145100E0,1.839399338E-1,-1.083054662E0,2.240024953E0
7.614975366E0,8.322201967E-1,-2.358866215E0,-9.003723860E-1,2.658479022E0
7.624975887E0,6.099261045E-1,-4.260117531E0,-2.377742290E0,4.916733634E0
7.634976147E0,5.908543468E-1,-4.973649979E0,-3.692036390E0,6.222333620E0
7.644980574E0,2.274102449E0,-4.885238171E0,-4.971857071E0,7.331879477E0
7.654988647E0,2.369702339E0,-2.126221657E0,-6.049913406E0,6.836502025E0
7.664977970E0,2.246706247E0,9.012794495E-2,-5.952435970E0,6.362963617E0
7.674977710E0,2.024544716E0,1.042652130E-1,-5.840538025E0,6.182356910E0
7.684975366E0,3.048918843E-1,1.221874237E0,-5.731101036E0,5.867832206E0
7.694975106E0,3.022889495E-1,1.307287216E0,-5.565607071E0,5.725064239E0
7.704998022E0,3.008061051E-1,1.290247917E0,-5.266616344E0,5.430697167E0
7.714975626E0,-1.253852010E0,1.161169052E0,-3.901089430E0,4.258985462E0
7.724974585E0,-1.311105728E0,9.840488434E-2,-3.559601068E0,3.794659605E0
7.734975626E0,-1.296991467E0,1.284704208E-1,-2.664282560E0,2.965989393E0
7.744973908E0,-1.171508312E0,1.607685089E-1,-2.522169352E0,2.785608816E0
7.754969637E0,2.751589417E-1,-1.442345619E0,-2.344478607E0,2.766342941E0
7.764977449E0,1.171327829E-1,-1.396043777E0,-2.082361698E0,2.509758666E0
7.774974376E0,1.606856108E0,-1.288615227E0,-1.117439866E0,2.343328318E0
7.784974116E0,1.733188152E0,2.067823410E-1,-9.525506496E-1,1.988480035E0
7.794976147E0,2.368699789E0,2.351360321E-1,-8.644450903E-1,2.532448017E0
7.804998543E0,2.363691330E0,2.634248734E-1,-8.214496374E-1,2.516189356E0
7.814974845E0,2.265248060E0,1.913671494E-1,-8.063273430E-1,2.412080833E0
7.824974585E0,1.353063822E0,2.137889862E-1,-8.461217880E-1,1.610096120E0
7.834974585E0,1.478054374E-1,2.562217712E-1,-1.600314379E0,1.627421935E0
7.844975626E0,-1.191844940E0,2.786788940E-1,-1.637146711E0,2.044114880E0
7.854976408E0,-1.387699366E0,2.014169693E-1,-1.647148490E0,2.163186648E0
7.864975626E0,-2.339702129E0,2.241973877E-1,-1.618942142E0,2.854022456E0
7.874982397E0,-2.418641567E0,2.469558716E-1,-1.533211708E0,2.874291630E0
7.884975106E0,-2.465105057E0,2.696943283E-1,-1.397274852E0,2.846375763E0
7.894978231E0,-2.425525427E0,2.927818298E-1,-4.952460527E-1,2.492822386E0
7.904998804E0,-2.353276730E0,2.160081863E-1,-3.419898748E-1,2.387787255E0
7.914974324E0,-2.212378979E0,2.393112183E-1,5.315884352E-1,2.287897915E0
7.924996512E0,-2.062361240E0,2.629985809E-1,6.361482143E-1,2.174209440E0
7.934994481E0,-1.917966247E0,2.875051498E-1,7.334382534E-1,2.073447710E0
7.944973335E0,-1.812971115E0,1.940139771E0,8.047181368E-1,2.774631124E0
7.954974116E0,-1.761309028E0,2.081496239E0,8.191884756E-1,2.847087256E0
7.964975106E0,-1.763651133E0,2.984745026E0,7.930790186E-1,3.556422713E0
7.974977449E0,-2.364879131E0,3.060753822E0,7.051988840E-1,3.931688280E0
7.984972762E0,-2.373804092E0,3.116827965E0,5.793206692E-1,3.960451347E0
7.994975106E0,-2.928401470E0,3.128941536E0,4.348870516E-1,4.307544202E0
8.004999585E0,-2.939313173E0,2.977612495E0,-3.481318951E-1,4.198444226E0
8.014975887E0,-2.887825489E0,2.317866325E0,-4.325417280E-1,3.728154061E0
8.024975106E0,-2.832450390E0,2.213935852E0,-4.750311375E-1,3.626284841E0
8.034976408E0,-2.733053923E0,1.528727531E0,-4.814784527E-1,3.168345485E0
8.044974324E0,-2.592396736E0,1.430201530E0,-4.754865170E-1,2.998680490E0
8.054976929E0,-2.382032871E0,1.996021271E-1,-4.700905085E-1,2.436166393E0
8.064974064E0,-1.422978163E0,2.302112579E-1,-4.642944336E-1,1.514408596E0
8.074976408E0,-1.190743446E0,2.609634399E-1,-4.697074890E-1,1.306367864E0
8.084974064E0,1.671123505E-2,2.926931381E-1,-4.421422482E-1,5.305075929E-1
8.094977554E0,1.535047293E0,2.248058319E-1,-3.592032194E-1,1.592461869E0
8.105006772E0,1.650723934E0,2.579450607E-1,-2.587798834E-1,1.690678026E0
8.115001304E0,2.985449791E0,2.909040451E-1,-1.753792763E-1,3.004711884E0
8.124974376E0,3.876446962E0,2.595713615E0,-1.116031408E-1,4.666586063E0
8.134974324E0,4.624281883E0,4.139833450E0,-6.087136269E-2,6.206924299E0
8.144975366E0,4.763325214E0,5.664307594E0,-2.566337585E-2,7.400966574E0
8.154976408E0,5.605924129E0,6.780193329E0,4.383099079E-2,8.797688792E0
8.164975626E0,5.543728352E0,7.433288574E0,1.441196203E-1,9.274021432E0
8.174977970E0,5.411283016E0,7.459073067E0,1.490998387E0,9.335032463E0
8.184979012E0,4.429357052E0,7.234942436E0,1.347119570E0,8.589431127E0
8.194974324E0,3.502600193E0,5.480151176E0,1.354368806E0,6.643386177E0
8.205000887E0,2.441008329E0,3.943230629E0,1.360735893E0,4.833134762E0
8.214974064E0,9.226923585E-1,2.459834099E0,1.365500093E0,2.960867353E0
8.224981616E0,8.353013396E-1,1.353453636E0,1.331325769E0,2.074124726E0
8.234975366E0,-9.298092723E-1,1.198169708E0,1.100160718E0,1.873635380E0
8.244978751E0,-1.782956362E0,-4.044723511E-2,1.072672606E0,2.081152538E0
8.254975887E0,-2.005569458E0,-3.224945068E-2,1.048692346E0,2.263427603E0
8.264976408E0,-2.181482315E0,-2.153110504E-2,1.026458144E0,2.411004977E0
8.275054376E0,-2.262030602E0,-8.070945740E-3,1.012684107E0,2.478381868E0
8.284982189E0,-2.234057188E0,-9.206962585E-2,8.052235842E-1,2.376525480E0
8.294964116E0,-2.144445181E0,-7.531070709E-2,-7.603079081E-1,2.276485219E0
8.305000158E0,-1.980070710E0,-5.654621124E-2,-8.802721500E-1,2.167661539E0
8.314978751E0,-1.180181026E0,-3.711700439E-2,-1.019943953E0,1.560285421E0
8.324974324E0,-1.053279161E0,-1.246018410E0,-1.729157805E0,2.377382087E0
8.334979793E0,-8.986154199E-1,-2.027664661E0,-1.801016808E0,2.857025585E0
8.344984741E0,5.464839339E-1,-2.864823341E0,-1.870629549E0,3.464839445E0
8.354980835E0,6.285614371E-1,-3.646901131E0,-1.870678306E0,4.146614843E0
8.364978751E0,7.487124205E-1,-4.461453915E0,-1.860007524E0,4.891295259E0
8.374974845E0,1.887180567E0,-5.447502136E0,-1.827442884E0,6.047832464E0
8.384975887E0,2.082035542E0,-5.523115158E0,-1.765186071E0,6.160807976E0
8.394980835E0,3.221868515E0,-5.619122028E0,-1.683246732E0,6.692405297E0
8.404997501E0,3.336087465E0,-6.355400085E0,-1.562281609E0,7.345836484E0
8.414976147E0,4.055158615E0,-6.378903389E0,-1.403200150E0,7.687892461E0
8.424972762E0,4.080276012E0,-6.420803070E0,-6.442739964E-1,7.634818491E0
8.434975106E0,4.068099976E0,-6.466610909E0,-4.918841124E-1,7.655615196E0
8.444992554E0,4.024152279E0,-6.512898445E0,1.167048573E0,7.744265626E0
8.454976668E0,3.912183523E0,-6.576219559E0,1.267318726E0,7.756154998E0
8.465136772E0,3.744394302E0,-6.622894287E0,1.365467906E0,7.729664937E0
8.474980626E0,3.474445581E0,-6.620277882E0,2.836548567E0,7.996615478E0
8.484980574E0,2.305188179E0,-6.523381233E0,3.880443096E0,7.932605743E0
8.494978231E0,1.330820560E0,-5.229689598E0,4.803021431E0,7.224247471E0
8.504999585E0,-3.070785105E-1,-3.062417984E0,5.481945992E0,6.286846028E0
8.514976668E0,-1.905489445E0,2.946386337E-1,6.185733795E0,6.479275001E0
8.524975887E0,-3.813504696E0,3.148586273E0,7.153444290E0,8.696446332E0
8.534981876E0,-6.569693565E0,7.985198975E0,9.171558380E0,1.382178568E1
8.544976668E0,-7.480415344E0,9.200912476E0,9.052302361E0,1.491836392E1
8.554975366E0,-7.647535801E0,9.296890259E0,8.812428474E0,1.491897677E1
8.564975887E0,-8.195397377E0,9.187413216E0,8.478825569E0,1.494869836E1
8.574988908E0,-7.954936504E0,7.486153603E0,8.058476448E0,1.357433436E1
8.584986824E0,-6.460183620E0,4.997067451E0,6.821351051E0,1.064121636E1
8.594989429E0,-4.944313049E0,2.471577644E0,5.178174973E0,7.574194586E0
8.605017814E0,-3.707355738E0,1.417627335E-1,3.184312105E0,4.889215358E0
8.614987085E0,-2.603961468E0,9.918403625E-2,1.050697565E0,2.809700726E0
8.624970574E0,-1.557860136E0,1.629590988E-1,-1.676633239E0,2.294467888E0
8.634994064E0,-4.712442756E-1,2.305068970E-1,-3.350876331E0,3.391692319E0
8.644968126E0,7.924085259E-1,2.070939064E0,-5.350213528E0,5.791501072E0
8.654979064E0,9.662598372E-1,3.249238014E0,-6.972993374E0,7.753311701E0
8.664983699E0,2.730675697E0,4.296449661E0,-8.182142258E0,9.636572076E0
8.674984220E0,2.918076038E0,4.418765068E0,-8.368888855E0,9.903481871E0
8.684988387E0,3.683623314E0,4.389430046E0,-8.939656258E0,1.061855126E1
8.694989429E0,3.657974243E0,3.656304359E0,-8.772140503E0,1.018330919E1
8.705018856E0,3.609217644E0,2.374722481E0,-7.794838905E0,8.912085750E0
8.714989168E0,3.327137470E0,1.863355637E-1,-6.486468315E0,7.292382045E0
8.724986564E0,2.328639746E0,-1.793690205E0,-6.223260403E0,6.882503734E0
8.734988647E0,2.156283379E0,-2.815793037E0,-6.025689602E0,6.991937043E0
8.744986824E0,2.032278299E0,-2.942937851E0,-5.905961990E0,6.904449675E0
8.754987345E0,1.975041747E0,-2.928162098E0,-6.508041382E0,7.404696199E0
8.764997866E0,1.956721306E0,-2.196702003E0,-6.331929207E0,6.981947110E0
8.774987866E0,1.978999853E0,-9.986934662E-1,-6.045228481E0,6.438836576E0
8.784987085E0,1.995685577E0,8.325767517E-2,-4.984046936E0,5.369396300E0
8.794986043E0,1.992725611E0,1.007881165E-1,-4.084587574E0,4.545873871E0
8.805021772E0,1.929832578E0,2.238273621E-2,-3.746867657E0,4.214709006E0
8.814980106E0,1.819660068E0,1.750102997E0,-2.386607885E0,3.474179106E0
8.824976929E0,1.694480777E0,1.706771851E0,-2.105237961E0,3.196304448E0
8.834976304E0,1.562135696E0,9.512519836E-2,-1.855739832E0,2.427568137E0
8.844983179E0,1.432226896E0,1.263380051E-1,-1.733344793E0,2.252047812E0
8.854974845E0,1.304155469E0,5.739784241E-2,-2.353904247E0,2.691650275E0
8.864978491E0,1.202448964E0,-1.000925064E0,-3.232164860E0,3.590908545E0
8.874983699E0,1.124011278E0,-1.723246574E0,-3.259692669E0,3.854682400E0
8.884984481E0,1.017657280E0,-1.680716515E0,-3.796721458E0,4.274988675E0
8.894974324E0,8.615206480E-1,-1.533721924E0,-3.678909302E0,4.077854144E0
8.904999585E0,-4.717010260E-1,1.619424820E-1,-3.512930393E0,3.548155461E0
8.914977970E0,-4.632642269E-1,1.971759796E-1,-2.738406181E0,2.784306112E0
8.924976147E0,-1.844419003E0,2.335748672E-1,-2.492404461E0,3.109424171E0
8.934980835E0,-2.658758640E0,2.701120377E-1,-1.479941964E0,3.054862720E0
8.944976408E0,-2.819905281E0,2.070102692E-1,-1.308649778E0,3.115651343E0
8.954977189E0,-3.628635168E0,2.439222336E-1,-1.160944819E0,3.817628074E0
8.964976929E0,-3.711789608E0,2.805719376E-1,-1.019724369E0,3.859525942E0
8.975000366E0,-3.724129200E0,3.145008087E-1,-9.041509628E-1,3.845196747E0
8.984986772E0,-3.685614586E0,-7.434358597E-1,-8.004567623E-1,3.844110142E0
8.994996408E0,-3.541596889E0,-8.185501099E-1,-7.209663391E-1,3.705769188E0
9.005006929E0,-3.310496092E0,-8.598346710E-1,-6.121883392E-1,3.474690576E0
9.014977710E0,-2.342761278E0,-8.114337921E-1,1.012580395E-1,2.481372281E0
9.024976408E0,-2.155550718E0,3.514270782E-1,2.085611820E-1,2.193945682E0
9.034983179E0,-1.958554864E0,3.752851486E-1,8.682243824E-1,2.174991880E0
9.044977189E0,-1.266238809E0,2.994012833E-1,9.505736828E-1,1.611394482E0
9.054979012E0,-1.140945554E0,1.980730057E0,1.035467505E0,2.509430467E0
9.064978751E0,-1.034738541E0,2.769207001E0,1.076380968E0,3.146074896E0
9.074975887E0,-1.024063230E0,2.866517067E0,1.014811754E0,3.208655246E0
9.084982658E0,-1.059989214E0,2.906374931E0,8.978152275E-1,3.221283061E0
9.094979012E0,-1.794276476E0,2.919307709E0,7.751100063E-1,3.513200975E0
9.105000626E0,-1.823488712E0,2.911563873E0,6.505758762E-1,3.496507435E0
9.114977449E0,-1.860402107E0,2.897445679E0,5.417965651E-1,3.485660767E0
9.124975626E0,-1.908652067E0,2.888683319E0,4.613257647E-1,3.492887844E0
9.134979272E0,-1.942492604E0,2.889536858E0,4.205298424E-1,3.507070874E0
9.144976147E0,-1.929607391E0,2.893996239E0,4.198182821E-1,3.503547674E0
9.155105106E0,-1.851560473E0,2.857628822E0,4.691665173E-1,3.437213391E0
9.164965522E0,-1.688698173E0,2.783559799E0,5.349793434E-1,3.299410488E0
9.174987449E0,-8.954682946E-1,2.644930840E0,1.921235442E0,3.389493802E0
9.184975418E0,-7.077820301E-1,1.568088531E0,1.719455123E0,2.432361602E0
9.194975626E0,9.669579864E-1,1.585197449E-1,1.719493985E0,1.979089645E0
9.204997762E0,1.053485513E0,1.772069931E-1,1.721279979E0,2.025842740E0
9.214977449E0,1.137480140E0,1.962890625E-1,1.724973798E0,2.075554159E0
9.224979272E0,2.322396517E0,2.059412003E-1,1.684338808E0,2.876270950E0
9.234983699E0,2.424048901E0,1.166324615E-1,-3.666952848E-1,2.454400464E0
9.244976668E0,3.179988861E0,2.823511124E0,-1.609682441E0,4.547045390E0
9.254974845E0,3.233464956E0,4.606657028E0,-1.783496857E0,5.904019448E0
9.264976408E0,3.832923889E0,6.248268127E0,-2.471810579E0,7.735761609E0
9.274976147E0,3.812524796E0,7.559385300E0,-2.504805088E0,8.829139253E0
9.284982137E0,3.798857927E0,8.217247009E0,-2.395788193E0,9.364521933E0
9.294975366E0,3.770478725E0,8.156234741E0,-1.066250086E0,9.048622228E0
9.304997501E0,3.706384420E0,7.225574493E0,-3.651016951E-1,8.128930525E0
9.314975106E0,3.592120647E0,5.883346558E0,-2.572501898E-1,6.898063143E0
9.324988908E0,3.373442888E0,4.341642380E0,1.220612764E0,5.632039683E0
9.334995470E0,2.304213762E0,2.802227020E0,1.251986384E0,3.837883172E0
9.345148179E0,1.303762317E0,1.442680359E0,1.283324242E0,2.329816282E0
9.354975158E0,1.574185044E-1,-7.015895844E-2,1.314737320E0,1.325985326E0
9.364977189E0,1.071937308E-1,-5.287647247E-2,1.334273458E0,1.339616392E0
9.374975887E0,-1.761815429E0,-1.348762512E-1,1.151790023E0,2.109219160E0
9.384983960E0,-1.975779533E0,-1.217317581E-1,1.123766541E0,2.276263303E0
9.394976408E0,-2.763355494E0,-1.065587997E-1,1.105459571E0,2.978175486E0
9.405000887E0,-2.789361954E0,-9.065246582E-2,1.099367499E0,2.999561114E0
9.414977970E0,-2.689271688E0,-1.500772476E0,9.392915368E-1,3.219746703E0
9.424977970E0,-2.555265188E0,-1.628430367E0,-2.808899283E-1,3.043035457E0
9.434979272E0,-1.656502962E0,-2.540237427E0,-4.768673778E-1,3.069887741E0
9.444973804E0,-1.475610614E0,-2.672338009E0,-1.608745217E0,3.450634477E0
9.454976147E0,1.126866490E-1,-3.772681236E0,-1.785493493E0,4.175381301E0
9.464977189E0,1.518931240E-2,-4.507214069E0,-2.736995697E0,5.273173127E0
9.474975626E0,1.154646948E-1,-5.181788445E0,-2.856752157E0,5.918217339E0
9.484981616E0,2.130619586E-1,-5.883933067E0,-2.955620766E0,6.588001051E0
9.494974064E0,1.613758683E0,-6.556600571E0,-2.969502926E0,7.376393140E0
9.504996876E0,1.767114162E0,-6.681972504E0,-2.912244797E0,7.500174582E0
9.514976043E0,2.508110762E0,-7.541255951E0,-2.733004093E0,8.404193732E0
9.525000574E0,2.585803032E0,-7.601151943E0,-1.815071583E0,8.231547426E0
9.534981876E0,2.670878649E0,-7.664198875E0,-1.591846704E0,8.270883453E0
9.544980835E0,2.750917435E0,-8.264447212E0,-4.724689722E-1,8.723064908E0
9.554975106E0,3.316864967E0,-8.260183334E0,1.296340227E0,8.995149799E0
9.564975887E0,3.286525488E0,-8.207508087E0,1.211634398E0,8.923704203E0
9.574977970E0,3.212654114E0,-8.073643684E0,1.327668667E0,8.790197545E0
9.584982137E0,3.115652800E0,-6.811991692E0,3.487349033E0,8.262694866E0
9.594976929E0,2.050206184E0,-2.694235325E0,5.286074638E0,6.277327016E0
9.604974324E0,-3.707393408E-1,1.679420471E-1,6.067130089E0,6.080766375E0
9.614977189E0,-1.780383229E0,4.902376175E0,7.199814320E0,8.890465839E0
9.624978231E0,-3.878284454E0,8.054998398E0,8.404005051E0,1.226993848E1
9.634983439E0,-5.604772568E0,1.011641312E1,9.182876587E0,1.476754930E1
9.644978231E0,-6.785923958E0,1.112331486E1,9.089451790E0,1.588694531E1
9.654975106E0,-7.585975170E0,1.107586002E1,8.849984169E0,1.607930080E1
9.664976147E0,-7.725782394E0,9.928503036E0,8.515108109E0,1.519111425E1
9.674979793E0,-7.595513344E0,7.602134705E0,8.109799385E0,1.346302793E1
9.685037345E0,-6.275671005E0,4.319693565E0,6.935991287E0,1.030299831E1
9.694980366E0,-4.276124954E0,1.742649078E-2,5.268455505E0,6.785438211E0
9.704964949E0,-2.372250319E0,-1.176365852E0,3.130165100E0,4.099919724E0
9.714972293E0,-6.234892085E-2,-1.268216133E0,8.122963905E-1,1.507343682E0
9.724985001E0,1.207931861E-1,-1.084983826E0,-1.392547488E0,1.769454549E0
9.734982658E0,2.888260186E-1,1.131944656E-1,-4.028015137E0,4.039942994E0
9.744974845E0,2.069140911E0,2.842648506E0,-6.059043884E0,7.005284251E0
9.754975887E0,3.213284969E0,5.108551979E0,-7.505959988E0,9.631299962E0
9.764970835E0,3.330986500E0,6.910057068E0,-8.480254173E0,1.143499325E1
9.774975106E0,3.441184282E0,7.700258255E0,-9.418534279E0,1.264296304E1
9.784980574E0,3.456425428E0,6.038297653E0,-9.313834190E0,1.162563644E1
9.794978491E0,3.376842737E0,3.876408577E0,-9.073728561E0,1.042890983E1
9.804975366E0,3.176889896E0,1.442417145E0,-8.711864471E0,9.384550027E0
9.814973804E0,2.110874653E0,-1.080348015E0,-7.833979607E0,8.184997258E0
9.824974845E0,1.020884633E0,-3.385244370E0,-7.609200954E0,8.390591400E0
9.834988387E0,-5.896256864E-2,-4.907112122E0,-7.379915237E0,8.862639272E0
9.844992293E0,-3.045870662E-1,-5.005599022E0,-7.089739323E0,8.684077298E0
9.855000887E0,-3.452956080E-1,-4.883492470E0,-6.159209251E0,7.867883220E0
9.864983595E0,-3.813160956E-1,-3.246716022E0,-4.928361893E0,5.913993392E0
9.875006772E0,-4.174908102E-1,-1.572293282E0,-3.639004707E0,3.986070747E0
9.884973595E0,-4.244397283E-1,4.182434082E-2,-2.518843174E0,2.554695538E0
9.894960158E0,5.146135688E-1,-2.330780029E-2,-1.527297139E0,1.611833406E0
9.904983439E0,5.378016829E-1,1.703554153E0,-1.169918060E0,2.135424003E0
9.914988387E0,5.616512895E-1,1.776439667E0,-1.927640438E-1,1.873058471E0
9.924986564E0,6.003465652E-1,1.712639809E0,-1.289213896E-1,1.819387764E0
9.934986824E0,6.425503492E-1,1.008596420E-1,-9.541190863E-1,1.154723711E0
9.944985783E0,6.236553192E-1,-1.453380585E0,-3.266095161E0,3.628861899E0
9.954983699E0,6.017012596E-1,-1.566199303E0,-3.943625212E0,4.285697665E0
9.964991772E0,5.702962875E-1,-1.633519173E0,-3.948108673E0,4.310589848E0
9.974986824E0,5.446512699E-1,-1.636612892E0,-3.842924118E0,4.212269286E0
9.984986564E0,4.958807230E-1,-1.583747864E0,-3.637437820E0,3.998138177E0
9.994986824E0,3.882132173E-1,-1.472305298E0,-2.473803997E0,2.904840548E0
1.000498188E1,-6.689540744E-1,1.492767334E-1,-1.726219177E0,1.857314121E0
1.001498734E1,-6.396760941E-1,1.806297302E-1,-9.113322496E-1,1.127980086E0
1.002499021E1,-6.100895405E-1,2.119235992E-1,-6.989532709E-1,9.516598837E-1
1.003497412E1,-7.797265649E-1,1.433877945E-1,1.020418406E-1,7.993410491E-1
1.004498047E1,-2.425406218E0,1.747713089E-1,1.181985140E-1,2.434565920E0
1.005496115E1,-2.537540913E0,2.059173584E-1,2.474069595E-2,2.546002346E0
1.006497125E1,-3.295331478E0,2.363910675E-1,-1.053716183E0,3.467767017E0
1.007498552E1,-3.312754154E0,2.622785568E-1,-1.096167564E0,3.499244698E0
1.008497719E1,-3.293637276E0,1.883745193E-1,-1.075201750E0,3.469811272E0
1.009497745E1,-3.247485399E0,2.142019272E-1,-9.950702190E-1,3.403264407E0
1.010497485E1,-3.166540861E0,2.393751144E-1,-8.599047661E-1,3.289941896E0
1.011497615E1,-2.985283852E0,2.610540390E-1,-4.619789124E-2,2.997032387E0
1.012497641E1,-2.138612986E0,2.006292343E-1,7.996654510E-1,2.292025834E0
1.013497511E1,-1.395261765E0,2.197704315E-1,8.365396261E-1,1.641600737E0
1.014497667E1,-1.258833170E0,1.835957527E0,7.924293280E-1,2.362910331E0
1.015497589E1,-1.160893917E0,1.994650841E0,6.567226648E-1,2.399498140E0
1.016497485E1,-1.106634021E0,3.087693214E0,-3.208298683E-1,3.295666859E0
1.017497849E1,-1.095765471E0,3.219752312E0,-4.290606976E-1,3.428060676E0
1.018497511E1,-1.131728768E0,4.162908554E0,-5.283975601E-1,4.346242241E0
1.019497563E1,-1.915875912E0,4.239901543E0,-6.048538685E-1,4.691822013E0
1.020497537E1,-1.981861353E0,4.293253899E0,-6.549365520E-1,4.773755895E0
1.021499214E1,-2.699018002E0,4.294274330E0,-6.467378139E-1,5.113096908E0
1.022497698E1,-2.730577707E0,4.238000870E0,-6.003172398E-1,5.077114020E0
1.023497344E1,-2.769119740E0,4.135855675E0,-4.980728626E-1,5.002139829E0
1.024497412E1,-2.794356108E0,3.351613998E0,2.178034782E-1,4.369116708E0
1.025497563E1,-2.798211098E0,3.203139305E0,2.717504501E-1,4.261916830E0
1.026497875E1,-2.729341984E0,2.068734169E0,3.321883678E-1,3.440830981E0
1.027497615E1,-2.605931282E0,1.279866219E0,3.889212608E-1,2.929197011E0
1.028497641E1,-2.402429819E0,1.015758514E-1,4.320305586E-1,2.443079428E0
1.029497563E1,-1.434937000E0,1.212425232E-1,4.246838093E-1,1.501366139E0
1.030497563E1,9.650767446E-1,-2.225964546E0,4.221935272E-1,2.462628404E0
1.031497537E1,8.778208494E-1,-2.320153236E0,4.077198505E-1,2.513944303E0
1.032497823E1,9.892944694E-1,-2.331017494E0,3.932398558E-1,2.562612669E0
1.033497719E1,2.681566715E0,-2.166750431E0,3.575102091E-1,3.466038232E0
1.034497511E1,2.867122412E0,1.743383408E-1,3.127835989E-1,2.889397577E0
1.035497849E1,3.819864511E0,1.534119606E0,2.382507324E-1,4.123305866E0
1.036497458E1,3.880586147E0,3.724523544E0,1.937227249E-1,5.382244232E0
1.037497458E1,4.457223892E0,5.710284233E0,2.077631950E-1,7.246885979E0
1.038499386E1,4.457212448E0,7.199788094E0,2.828620672E-1,8.472526326E0
1.039497250E1,4.370242596E0,7.984975815E0,9.923933744E-1,9.156620759E0
1.040499969E1,4.215846539E0,8.003358841E0,2.065575361E0,9.278669966E0
1.041497448E1,3.947598934E0,7.880154610E0,1.885204792E0,9.013011213E0
1.042497615E1,2.734290600E0,6.530301094E0,1.889469624E0,7.327432901E0
1.043497667E1,1.815331221E0,4.865229607E0,1.886052012E0,5.524769566E0
1.044497354E1,3.982708752E-1,3.123574257E0,1.884283423E0,3.669585787E0
1.045497563E1,3.358108401E-1,1.669877052E0,1.831146121E0,2.500870730E0
1.046497328E1,-1.958291173E0,-1.517133713E-1,1.583379984E0,2.522897826E0
1.047497484E1,-3.880986691E0,-1.256713867E-1,1.578861356E0,4.191736415E0
1.048497589E1,-4.022154808E0,-1.175479889E-1,1.538781881E0,4.308061804E0
1.049497589E1,-4.078108311E0,-1.080961227E-1,1.501641035E0,4.347134454E0
1.050497693E1,-4.023855209E0,-1.962060928E-1,1.276877046E0,4.226147485E0
1.051497927E1,-3.905877113E0,-1.827898026E-1,1.260936022E0,4.108436173E0
1.052497380E1,-2.855178595E0,-1.674156189E-1,-5.243330002E-1,2.907747907E0
1.053497563E1,-2.046565056E0,-1.506080627E-1,-1.243303776E0,2.399357330E0
1.054497641E1,-1.785079241E0,-1.326026917E-1,-1.430876493E0,2.291614913E0
1.055497537E1,-6.886703968E-1,-2.048990250E0,-2.424654245E0,3.248318976E0
1.056497229E1,-4.820355177E-1,-2.857023239E0,-2.581277847E0,3.880455560E0
1.057496834E1,6.163806319E-1,-3.666423798E0,-3.246047020E0,4.935525281E0
1.058496302E1,7.441333532E-1,-4.436183929E0,-3.299805403E0,5.578725482E0
1.059497677E1,8.447478414E-1,-4.569679260E0,-3.281553507E0,5.688950771E0
1.060498396E1,7.384895086E-1,-5.482303143E0,-3.229591608E0,6.405566053E0
1.061497719E1,2.922890186E0,-5.546005726E0,-3.150926352E0,7.016395330E0
1.062497693E1,3.099638939E0,-5.608470917E0,-3.022142887E0,7.084917445E0
1.063497563E1,4.216784000E0,-5.680393696E0,-2.873299360E0,7.635704883E0
1.064497224E1,4.327955246E0,-6.312089920E0,-2.640022993E0,8.095887671E0
1.065497719E1,5.069666862E0,-6.362795830E0,-1.512529135E0,8.274928232E0
1.066497459E1,4.986968994E0,-6.389243603E0,-2.670048475E-1,8.109475023E0
1.067497745E1,4.866219521E0,-6.406780243E0,1.875705123E0,8.261065017E0
1.068497615E1,4.618766785E0,-6.383850098E0,2.024708033E0,8.135477325E0
1.069497745E1,3.611753464E0,-6.288206100E0,4.367281914E0,8.465190509E0
1.070497667E1,2.761101961E0,-5.305943966E0,6.101730347E0,8.544462454E0
1.071497641E1,1.239444017E0,-3.480558395E0,7.408132553E0,8.278341388E0
1.072497693E1,-1.625413299E-1,2.497711182E-1,8.887145996E0,8.892140870E0
1.073497458E1,-2.876976252E0,2.575061798E0,1.040890503E1,1.110194756E1
1.074500089E1,-4.550893307E0,5.294793129E0,1.179719067E1,1.370836138E1
1.075498656E1,-5.855885506E0,7.252455711E0,1.163870049E1,1.491136673E1
1.076498448E1,-6.768314838E0,8.375706673E0,1.139565468E1,1.567875931E1
1.077497698E1,-7.004220009E0,8.436067581E0,1.107994556E1,1.558818552E1
1.078497464E1,-7.966380119E0,8.315083504E0,1.067704105E1,1.570359932E1
1.079497667E1,-7.878157139E0,6.546792984E0,9.049262047E0,1.366802846E1
1.080497563E1,-6.993467331E0,3.756163597E0,7.054604530E0,1.062001861E1
1.081498005E1,-5.914224148E0,-8.672046661E-2,4.754148960E0,7.588642833E0
1.082497745E1,-4.923765659E0,-1.206989288E0,2.515470505E0,5.659318269E0
1.083497615E1,-3.864133596E0,-1.880820751E0,-1.290998340E0,4.487281121E0
1.084497667E1,-2.345455408E0,3.010749817E-3,-3.815979481E0,4.479159467E0
1.085497823E1,-9.524372816E-1,2.106482506E0,-5.281629086E0,5.765415087E0
1.086497797E1,7.354227901E-1,4.398029327E0,-6.565201759E0,7.936333082E0
1.087497875E1,9.315341115E-1,6.075814247E0,-7.582995415E0,9.761408404E0
1.088497693E1,2.625394106E0,6.886561394E0,-8.393669128E0,1.117009863E1
1.089497458E1,2.858414173E0,6.816210747E0,-8.474267960E0,1.124475335E1
1.090497589E1,3.656185627E0,5.626954079E0,-8.429818153E0,1.077460624E1
1.091498787E1,3.703750610E0,4.009780884E0,-8.237860680E0,9.882229500E0
1.092498115E1,3.634646416E0,1.726149559E0,-8.100903511E0,9.045158073E0
1.093499474E1,3.500228405E0,-6.352329254E-2,-8.589380264E0,9.275402278E0
1.094497802E1,3.296343803E0,-2.956289768E0,-8.328979492E0,9.432784904E0
1.095497771E1,3.134795427E0,-4.184439182E0,-7.949884892E0,9.515100810E0
1.096497745E1,3.043309689E0,-4.249458313E0,-6.669824123E0,8.473852940E0
1.097497927E1,3.016824245E0,-4.093431473E0,-5.576219559E0,7.546630660E0
1.098497927E1,3.018762350E0,-2.353268623E0,-4.606596947E0,5.989284997E0
1.099497823E1,3.647282362E0,-1.119709015E-1,-4.234431267E0,5.589777658E0
1.100497302E1,3.479717731E0,1.539480209E0,-2.825629473E0,4.739474309E0
1.101497511E1,2.697862864E0,2.349115372E0,-1.659790874E0,3.943566001E0
1.102497563E1,2.463759661E0,2.470632553E0,-1.390430689E0,3.755986472E0
1.103497667E1,1.425619125E0,2.514222145E0,-1.186143756E0,3.124202281E0
1.104497771E1,1.191872120E0,2.402778625E0,-1.059615016E0,2.883866893E0
1.105497797E1,-2.247130573E-1,1.216878891E0,-1.033974171E0,1.612573341E0
1.106497589E1,-2.595868707E-1,-6.170272827E-3,-1.059761405E0,1.091108451E0
1.107497771E1,-4.903428555E-1,-7.958316803E-2,-1.844581366E0,1.910301026E0
1.108497589E1,-5.175939798E-1,-1.255013466E0,-1.959003210E0,2.383412659E0
1.109497427E1,-5.408940911E-1,-1.388076782E0,-2.892312050E0,3.253427818E0
1.110496839E1,-5.273041129E-1,-2.310277462E0,-2.950515747E0,3.784306377E0
1.111496797E1,-5.073413253E-1,-2.391844273E0,-3.003096104E0,3.872583176E0
1.112497584E1,-6.397979856E-1,-2.484105587E0,-3.036208153E0,3.974755587E0
1.113497953E1,-5.763306022E-1,-2.552530766E0,-3.001259804E0,3.981850158E0
1.114498604E1,-5.124502778E-1,-2.577237129E0,-2.865409851E0,3.887843891E0
1.115498734E1,-4.521662891E-1,-2.545741558E0,-2.650060177E0,3.702441542E0
1.116498917E1,-3.929569721E-1,-2.461782455E0,-1.606820345E0,2.965916327E0
1.117498448E1,-1.625991702E0,-2.311441422E0,-1.425533295E0,3.165241797E0
1.118498682E1,-1.778200626E0,-1.300639153E0,-1.184314728E0,2.501251896E0
1.119498552E1,-2.404045343E0,1.335182190E-1,-1.065352201E0,2.632914059E0
1.120498995E1,-2.405924559E0,1.662340164E-1,-9.637320042E-1,2.597091856E0
1.121498578E1,-2.380642176E0,9.942245483E-2,-8.626008034E-1,2.534052513E0
1.122498500E1,-2.339911461E0,1.318387985E-1,-7.270207405E-1,2.453798335E0
1.123498630E1,-2.247808933E0,1.603879929E-1,3.516983986E-2,2.253798178E0
1.124498318E1,-2.157703400E0,1.281342506E0,2.095539570E-1,2.518220689E0
1.125498422E1,-2.091349363E0,2.029797554E0,1.067343950E0,3.103714449E0
1.126498709E1,-2.042221546E0,2.833799362E0,1.125926852E0,3.669986232E0
1.127499464E1,-2.034907341E0,3.567060471E0,1.123843670E0,4.257674586E0
1.128498912E1,-2.643748045E0,3.694710732E0,1.057129383E0,4.664527162E0
1.129498412E1,-2.674509764E0,4.438004494E0,9.395591021E-1,5.266085612E0
1.130498266E1,-3.471842527E0,4.469705582E0,1.789884567E-1,5.662507871E0
1.131498917E1,-3.529809952E0,4.465573311E0,1.041109562E-1,5.693131158E0
1.132499255E1,-4.443191051E0,4.415348053E0,1.056766510E-2,6.263972927E0
1.133498578E1,-4.474029064E0,4.290742874E0,-8.409500122E-2,6.199555020E0
1.134499203E1,-4.507618904E0,3.520606041E0,-1.103963852E-1,5.720619061E0
1.135497875E1,-5.010602951E0,2.663190842E0,7.377696037E-2,5.674871843E0
1.136497615E1,-4.807320595E0,2.519439697E0,8.230116367E-1,5.489558802E0
1.137497693E1,-3.927146673E0,1.447000504E0,8.090180159E-1,4.262722323E0
1.138497511E1,-3.049110889E0,9.534740448E-2,7.444480658E-1,3.140122811E0
1.139498448E1,-1.918414712E0,1.258420944E-1,6.219971180E-1,2.020651295E0
1.140497380E1,-6.277265549E-1,-1.042814255E0,-1.245952845E-1,1.223530213E0
1.141497432E1,1.474713445E0,-1.698998451E0,-2.511965036E-1,2.263730365E0
1.142497563E1,1.625825524E0,-1.738993168E0,-8.857859373E-1,2.540083188E0
1.143497198E1,4.041920662E0,-1.638644218E0,-9.517813921E-1,4.464097370E0
1.144501182E1,5.250862122E0,2.113208771E-1,-9.976494312E-1,5.348973165E0
1.145497136E1,6.035752296E0,1.705901146E0,-1.013517737E0,6.353551976E0
1.146498375E1,6.161119938E0,3.909471512E0,-9.765067101E-1,7.361856542E0
1.147497438E1,6.765690804E0,5.834728241E0,-8.573950529E-1,8.975174203E0
1.148497360E1,6.715866566E0,7.214254379E0,1.705515385E-1,9.857860711E0
1.149499464E1,6.505872726E0,7.974856377E0,8.559926748E-1,1.032750878E1
1.150497198E1,5.648414612E0,8.001968384E0,1.893125415E0,9.975971606E0
1.151497589E1,4.755448818E0,7.913739204E0,1.911938071E0,9.428524214E0
1.152498005E1,4.397092819E0,6.854825020E0,1.917585254E0,8.366611292E0
1.153497745E1,2.992741346E0,3.650341988E0,1.953447819E0,5.108566900E0
1.154498370E1,5.452926159E-1,2.295273781E0,1.729240775E0,2.925046910E0
1.155497484E1,4.353140593E-1,1.583889961E0,1.674313426E0,2.345534308E0
1.156497771E1,-9.056606293E-1,1.513872147E0,1.624532819E0,2.398152816E0
1.157497459E1,-1.961162448E0,1.472791672E0,1.578294277E0,2.916553836E0
1.158497589E1,-2.752725840E0,1.447356224E0,1.536660910E0,3.468957529E0
1.159498266E1,-2.941068888E0,1.420682907E0,1.299815416E0,3.515358622E0
1.160497563E1,-3.655258417E0,1.368792534E0,1.274457455E0,4.105940684E0
1.161497875E1,-3.655408859E0,1.303879738E0,1.257501602E0,4.079635594E0
1.162509042E1,-3.608671188E0,1.183240891E0,1.245438695E0,3.996709183E0
1.163496474E1,-3.444588423E0,-2.125082016E-1,-9.622851610E-1,3.582784095E0
1.164496797E1,-2.373227358E0,-2.961988449E-1,-1.866255045E0,3.033619907E0
1.165497568E1,-1.586878777E0,-1.792785645E0,-2.669341564E0,3.585756406E0
1.166497537E1,-8.262414932E-1,-2.873091221E0,-2.863806248E0,4.139893041E0
1.167497459E1,4.008794427E-1,-3.996269226E0,-3.869386673E0,5.577008632E0
1.168497693E1,5.043918490E-1,-5.080433846E0,-3.966933966E0,6.465429938E0
1.169498005E1,4.058800340E-1,-6.104253769E0,-4.009264946E0,7.314428076E0
1.170497458E1,2.093912601E0,-6.930754185E0,-3.864715338E0,8.207060874E0
1.171497276E1,2.969505072E0,-7.762190342E0,-2.701305389E0,8.738799121E0
1.172497537E1,3.992927790E0,-8.398870468E0,-2.483392954E0,9.625577283E0
1.173497459E1,4.081602097E0,-8.427719116E0,-1.547928095E0,9.491154122E0
1.174498396E1,4.696613312E0,-8.446914673E0,-1.291134000E0,9.750670290E0
1.175497719E1,4.678052902E0,-8.459873199E0,-8.403980732E-2,9.667507238E0
1.176497281E1,4.632286549E0,-8.460278511E0,1.699895501E0,9.794081676E0
1.177497589E1,4.563055038E0,-8.433377266E0,1.855178237E0,9.766524954E0
1.178497458E1,4.417310238E0,-8.330101013E0,3.453450203E0,1.004139089E1
1.179498005E1,4.243844032E0,-7.608504295E0,5.061819077E0,1.007579089E1
1.180499136E1,3.964017868E0,-6.282184601E0,6.329028130E0,9.758887133E0
1.181497511E1,2.324082136E0,-3.806404591E0,7.462326050E0,8.693467879E0
1.182498568E1,-5.636625290E-1,2.370433807E-1,8.675046921E0,8.696570824E0
1.183499401E1,-2.032954693E0,3.002353668E0,9.899841309E0,1.054295453E1
1.184498526E1,-4.019508362E0,5.816123962E0,1.161075783E1,1.359387519E1
1.185497875E1,-5.540396214E0,7.654326439E0,1.142522907E1,1.482634691E1
1.186497641E1,-6.624706745E0,8.475643158E0,1.116615105E1,1.550503775E1
1.187498474E1,-7.458848953E0,8.456448555E0,1.074431896E1,1.557518346E1
1.188497537E1,-7.450583458E0,7.591537476E0,1.017583561E1,1.472040303E1
1.189498266E1,-5.703497887E0,2.621767044E0,6.062559605E0,8.726865390E0
1.190497667E1,-3.629455566E0,-2.218818665E-2,3.908755541E0,5.334023800E0
1.191497849E1,-1.988193631E0,4.911422729E-4,1.595878243E0,2.549459065E0
1.192497432E1,-6.842636466E-1,-6.210517883E-2,-1.185261488E0,1.370006783E0
1.193497641E1,-4.716771841E-1,1.090747833E0,-3.399004698E0,3.600755912E0
1.194498031E1,1.967031479E0,3.154755592E0,-4.974862576E0,6.210551774E0
1.195497432E1,3.055185318E0,5.060674667E0,-6.257066250E0,8.607872180E0
1.196497537E1,3.226294756E0,6.562433243E0,-7.139822960E0,1.022015557E1
1.197498526E1,3.232322454E0,7.303523064E0,-7.304607391E0,1.082343045E1
1.198497354E1,3.138701677E0,7.205328941E0,-7.382984161E0,1.078316598E1
1.199500047E1,3.030845165E0,5.778083801E0,-7.855288982E0,1.021165216E1
1.200497464E1,2.141826153E0,4.022946358E0,-7.606301308E0,8.867205662E0
1.201497979E1,1.237745881E0,1.834666252E0,-7.395636082E0,7.719679279E0
1.202497719E1,-3.261869550E-1,-1.345291138E-1,-7.283055305E0,7.291597259E0
1.203497771E1,-3.535678983E-1,-2.174327374E0,-7.664930344E0,7.975203255E0
1.204498344E1,-3.770641387E-1,-3.145563126E0,-7.358964443E0,8.011934998E0
1.205497458E1,-3.969351351E-1,-3.162363529E0,-6.306078911E0,7.065743543E0
1.206497484E1,-5.728949308E-1,-1.696782112E0,-5.198786736E0,5.498605429E0
1.207497797E1,-5.589074492E-1,-1.524391174E-1,-4.115044117E0,4.155623095E0
1.208497693E1,-5.001537204E-1,-1.316366196E-1,-3.792770386E0,3.827870053E0
1.209498292E1,-4.404539466E-1,-1.067190170E-1,-2.736528873E0,2.773802247E0
1.210497641E1,-3.813191652E-1,-7.807254791E-2,-2.447463989E0,2.478221057E0
1.211500479E1,-5.223373771E-1,9.298467636E-1,-2.266723871E0,2.505092503E0
1.212497354E1,-4.625491798E-1,-1.187019348E-1,-2.236087084E0,2.286509860E0
1.213497589E1,-4.035468996E-1,-8.832168579E-2,-3.199132919E0,3.225694073E0
1.214498031E1,1.130655527E0,-5.702400208E-2,-3.217131138E0,3.410508234E0
1.215497229E1,1.238925338E0,-2.495193481E-2,-3.187914371E0,3.420286045E0
1.216498328E1,1.976364255E0,-1.190443993E0,-3.073862553E0,3.843410407E0
1.217497823E1,2.114384890E0,-1.234675407E0,-2.896058083E0,3.792387011E0
1.218498089E1,2.923191786E0,-1.251152992E0,-2.677738190E0,4.157008039E0
1.219498266E1,2.935080767E0,-1.234253883E0,-1.830270648E0,3.672597500E0
1.220497927E1,2.828841686E0,-1.213354111E0,-1.697908878E0,3.515319053E0
1.221500349E1,2.107712507E0,-1.188361168E0,-1.563997626E0,2.881100979E0
1.222497511E1,1.289119959E0,-1.164143562E0,-1.436522245E0,2.254031203E0
1.223497589E1,-5.454113483E-1,-1.148923874E0,-1.336123824E0,1.844648064E0
1.224498240E1,-1.637820005E0,-1.181722641E0,-1.451665640E0,2.487218507E0
1.225497485E1,-2.528633118E0,-1.183705330E0,-2.321285963E0,3.630910667E0
1.226497667E1,-2.732709408E0,-1.173180580E0,-2.333311081E0,3.779999204E0
1.227497641E1,-3.750552654E0,-1.146857262E0,-2.308124304E0,4.550754288E0
1.228497693E1,-3.825574398E0,-1.106787682E0,-2.211459160E0,4.555277166E0
1.229498084E1,-3.788328648E0,-1.059844017E0,-2.047379017E0,4.434688729E0
1.230497667E1,-3.706794739E0,-9.926872253E-1,-1.096653938E0,3.991040594E0
1.231499698E1,-3.533079386E0,-8.810729980E-1,-8.867099285E-1,3.747691832E0
1.232497849E1,-2.706000805E0,2.038278580E-1,2.782490253E-1,2.727894549E0
1.233502151E1,-2.515029907E0,2.311306000E-1,4.601144791E-1,2.567197328E0
1.234501344E1,-2.321154833E0,1.349380493E0,1.255855083E0,2.964078181E0
1.235497021E1,-2.146757841E0,2.132366180E0,1.345753431E0,3.311586788E0
1.236497281E1,-2.028877497E0,2.878039360E0,1.388103843E0,3.785008155E0
1.237498735E1,-1.975311875E0,3.031414986E0,1.368323803E0,3.868286940E0
1.238498344E1,-1.987666130E0,3.873598099E0,1.232985258E0,4.525022820E0
1.239498630E1,-2.749023914E0,3.915001869E0,4.599647522E-1,4.805823518E0
1.240498943E1,-2.800639629E0,3.911092758E0,3.480217457E-1,4.823001973E0
1.241503005E1,-3.638403893E0,3.870588303E0,2.355022430E-1,5.317414597E0
1.242498630E1,-3.705252409E0,3.700102806E0,1.311786175E-1,5.238021002E0
1.243498630E1,-3.676611900E0,3.584517479E0,1.105523109E-1,5.135996732E0
1.244498526E1,-3.607092142E0,2.927885056E0,1.532621384E-1,4.648345287E0
1.245498943E1,-3.484509230E0,2.891040802E0,8.281319141E-1,4.602795233E0
1.246498344E1,-3.311820507E0,2.849266052E0,8.807915449E-1,4.456710205E0
1.247498787E1,-3.071811199E0,2.800883293E0,9.376724958E-1,4.261478731E0
1.248498604E1,-2.081966877E0,2.705496788E0,9.747513533E-1,3.550273109E0
1.249498578E1,-1.864805222E0,1.924057007E0,9.895553589E-1,2.856346213E0
1.250500531E1,-9.202558994E-1,1.775328636E0,9.908183813E-1,2.231677340E0
1.251499552E1,-6.669869423E-1,8.386898041E-2,9.729888439E-1,1.182629645E0
1.252498886E1,1.465072393E0,1.062746048E-1,9.359626770E-1,1.741768510E0
1.253496969E1,1.585243702E0,1.286926270E-1,8.772329092E-1,1.816341643E0
1.254497636E1,2.641690731E0,4.697895050E-2,8.258854151E-1,2.768180568E0
1.255498761E1,3.484468937E0,6.495952606E-2,8.203152418E-1,3.580315714E0
1.256498422E1,3.640219212E0,2.418892860E0,8.379056454E-1,4.450204990E0
1.257498656E1,4.573306084E0,4.075154305E0,1.890231490E0,6.410537125E0
1.258498630E1,4.630735397E0,5.495584488E0,1.889551520E0,7.430717605E0
1.259497641E1,5.216914177E0,7.418491364E0,1.731432676E0,9.232987965E0
1.260497458E1,4.972936153E0,7.462203979E0,1.734265804E0,9.133578712E0
1.261497693E1,3.807351589E0,7.399037361E0,1.736270308E0,8.500371438E0
1.262497849E1,2.793884277E0,6.429283142E0,1.697684169E0,7.212738912E0
1.263497484E1,7.284257412E-1,4.903388023E0,1.453788996E0,5.165977218E0
1.264498500E1,6.395822763E-1,3.383835793E0,1.414202571E0,3.722818700E0
1.265497511E1,-1.340685964E0,2.340524673E0,1.378748655E0,3.029264342E0
1.266497406E1,-2.673855782E0,2.182763100E0,1.345948219E0,3.704799063E0
1.267497537E1,-3.659484148E0,1.440860748E0,1.316972971E0,4.147568171E0
1.268497537E1,-3.881048679E0,1.416845322E0,1.090829730E0,4.273160308E0
1.269498906E1,-4.037390232E0,1.440592766E0,1.069205761E0,4.418034446E0
1.270499136E1,-4.038193703E0,1.515987396E0,1.051867843E0,4.439780639E0
1.271497229E1,-3.894236565E0,1.601292610E0,-3.780541420E-1,4.227545550E0
1.272497771E1,-2.517791986E0,1.647481918E0,-1.314921021E0,3.283670271E0
1.273497823E1,-1.249779463E0,1.623923302E0,-2.347963572E0,3.116409557E0
1.274497875E1,3.655351400E-1,1.520137787E0,-3.228847504E0,3.587463036E0
1.275497432E1,4.563828111E-1,7.241468430E-1,-3.395487785E0,3.501715468E0
1.276497391E1,1.885349870E0,-3.126039505E-1,-4.221035957E0,4.633509460E0
1.277497745E1,2.997303724E0,-2.008327484E0,-4.223364353E0,5.554639084E0
1.278497667E1,3.097276211E0,-3.085277557E0,-4.102211952E0,5.995014632E0
1.279498422E1,3.116823673E0,-4.104973316E0,-3.331127644E0,6.136921632E0
1.280497953E1,3.111109257E0,-5.052620888E0,-3.101001740E0,6.695087037E0
1.281497641E1,3.054911137E0,-5.907194614E0,-2.043209553E0,6.957164332E0
1.282497615E1,2.985719919E0,-6.614518166E0,-1.819782615E0,7.481843540E0
1.283497432E1,2.898096085E0,-6.753871441E0,-8.453742266E-1,7.397864417E0
1.284497875E1,2.825208187E0,-7.784504890E0,-6.469686031E-1,8.306556812E0
1.285497485E1,2.769520044E0,-7.866010189E0,8.075916767E-2,8.339716998E0
1.286500271E1,2.743501663E0,-8.540211678E0,2.613598108E-1,8.973869055E0
1.287498193E1,2.737230778E0,-8.585796356E0,4.280624390E-1,9.021727598E0
1.288496927E1,2.733313322E0,-8.634298325E0,1.786505818E0,9.231127359E0
1.289498193E1,2.714907885E0,-8.700019836E0,1.870197177E0,9.303693216E0
1.290497459E1,2.683727264E0,-9.717131615E0,1.951995254E0,1.026817045E1
1.291497693E1,2.594156265E0,-9.642055511E0,3.854296684E0,1.070301285E1
1.292497875E1,2.423638821E0,-9.765347481E0,4.952760696E0,1.121453856E1
1.293498057E1,1.618581772E0,-8.347356796E0,6.010396004E0,1.041263812E1
1.294498057E1,4.464223385E-1,-6.797827244E0,7.147171974E0,9.873794375E0
1.295497563E1,-2.469231606E0,-1.628335953E0,9.298666000E0,9.757754459E0
1.296497302E1,-3.771515369E0,1.393774033E0,9.310417175E0,1.014153845E1
1.297497484E1,-4.679091454E0,4.144009590E0,9.198936462E0,1.112147222E1
1.298497589E1,-4.875030994E0,6.304610252E0,8.953961372E0,1.198697051E1
1.299498110E1,-4.988731861E0,7.655548096E0,8.602792740E0,1.255001614E1
1.300497797E1,-4.929773331E0,7.720407486E0,8.144468307E0,1.225723137E1
1.301497537E1,-3.978240728E0,7.576225281E0,7.019309044E0,1.106780413E1
1.302497641E1,-2.645773888E0,6.142623901E0,5.788398743E0,8.845196881E0
1.303498292E1,-1.035348058E0,4.692286491E0,4.469021320E0,6.562137585E0
1.304497589E1,-8.428163528E-1,3.682700157E0,2.952850342E0,4.794991657E0
1.305499578E1,-6.650974751E-1,3.609140396E0,1.061816216E0,3.820432269E0
1.306497281E1,1.238805413E0,3.710479736E0,-1.616143465E0,4.232519158E0
1.307497464E1,2.043000460E0,5.207132339E0,-1.812325120E0,5.879846972E0
1.308497860E1,2.284402370E0,6.609805107E0,-3.229111195E0,7.702933003E0
1.309498266E1,2.359261274E0,7.586150169E0,-4.400028706E0,9.081632054E0
1.310497641E1,2.290032864E0,7.675209045E0,-5.697935104E0,9.829524346E0
1.311497927E1,1.454320908E0,7.592910767E0,-6.671854973E0,1.021180650E1
1.312497484E1,-4.661736488E-1,4.298776627E0,-7.378330231E0,8.551991309E0
1.313497953E1,-4.644828737E-1,1.880019188E0,-7.244117737E0,7.498497068E0
1.314498370E1,-1.629486561E0,-4.887580872E-2,-7.795876503E0,7.964502856E0
1.315497797E1,-2.741599798E0,-3.017412186E0,-8.768141747E0,9.669615062E0
1.316497406E1,-2.874349594E0,-4.214738846E0,-9.382495880E0,1.067975365E1
1.317497615E1,-2.922943115E0,-4.287084579E0,-9.185341835E0,1.054955901E1
1.318497511E1,-2.908290863E0,-4.194438457E0,-8.917708397E0,1.027506656E1
1.319498266E1,-2.736927509E0,-3.041976929E0,-8.548546791E0,9.477449449E0
1.320497615E1,-1.775468588E0,-1.944386482E0,-6.892602921E0,7.378407858E0
1.321497578E1,-1.550707698E0,-1.832265854E-1,-5.317209244E0,5.541748865E0
1.322497802E1,-4.417624474E-1,-1.651744843E-1,-3.676398993E0,3.706527515E0
1.323497214E1,6.290869713E-1,-1.421251297E-1,-2.106129646E0,2.202664763E0
1.324499047E1,1.741758823E0,9.870901108E-1,-8.308039308E-1,2.167557579E0
1.325497589E1,2.888259649E0,9.585514069E-1,-4.993035197E-1,3.083856126E0
1.326498396E1,3.912161350E0,-1.533374786E-1,-2.554231286E-1,3.923488217E0
1.327497667E1,4.107498646E0,-1.185474396E-1,-1.646194458E-1,4.112505098E0
1.328497589E1,4.951555729E0,-9.221076965E-2,-8.600180149E-1,5.026533393E0
1.329498005E1,4.911856651E0,-1.485816002E0,-1.709648728E0,5.408963277E0
1.330497849E1,3.922123432E0,-1.470577240E0,-2.579015732E0,4.919041754E0
1.331497406E1,2.563841105E0,-1.396858215E0,-3.291738510E0,4.400004148E0
1.332497953E1,1.037927151E0,-1.333849907E0,-3.275894165E0,3.686181076E0
1.333497432E1,-7.516304255E-1,-1.285106659E0,-3.213427544E0,3.541548249E0
1.334498266E1,-2.130083799E0,-1.224411964E0,-3.095740557E0,3.952221052E0
1.335497485E1,-3.593930483E0,-1.164116859E0,-2.922255278E0,4.776094669E0
1.336497406E1,-4.787349224E0,-1.102776527E0,-2.148028851E0,5.361796024E0
1.337497563E1,-5.568652153E0,-1.058589935E0,-2.034887314E0,6.022563062E0
1.338498500E1,-5.693050385E0,-1.029975891E0,-1.907675505E0,6.091871539E0
1.339502943E1,-5.697150707E0,-9.935283661E-1,-1.743487954E0,6.040229718E0
1.340498141E1,-5.561509609E0,-9.426136017E-1,-9.361290932E-1,5.717975797E0
1.341496787E1,-4.752273560E0,1.340837479E-1,-7.456758022E-1,4.812287901E0
1.342497542E1,-4.461370468E0,1.543922424E-1,2.066779137E-2,4.464088997E0
1.343498031E1,-3.271159172E0,1.769304276E-1,1.576302052E-1,3.279730780E0
1.344498292E1,-2.453057289E0,1.015300751E-1,2.823033333E-1,2.471334375E0
1.345497953E1,-2.182769775E0,1.273012161E-1,3.991010189E-1,2.222604579E0
1.346497823E1,-4.926516116E-1,1.449136734E-1,4.814043045E-1,7.038861325E-1
1.347497641E1,-3.321364820E-1,1.578826904E-1,5.389997959E-1,6.525046870E-1
1.348497693E1,-3.416697979E-1,1.885140419E0,6.257295609E-1,2.015447874E0
1.349498578E1,-2.219810784E-1,2.691820145E0,6.536068916E-1,2.778915842E0
1.350498500E1,-1.108007133E-1,2.778795242E0,6.598961353E-1,2.858223698E0
1.351497797E1,-1.592505693E0,2.858899117E0,6.720900536E-1,3.340820795E0
1.352497771E1,-1.656433105E0,2.941748619E0,6.885517836E-1,3.445541921E0
1.353497927E1,-1.758495450E0,3.519497871E0,6.813703775E-1,3.992923378E0
1.354498422E1,-2.582962513E0,3.496874809E0,6.602907181E-1,4.397250574E0
1.355497641E1,-2.656484365E0,3.429854393E0,6.217854023E-1,4.382627913E0
1.356498396E1,-3.268404007E0,3.296173096E0,5.693583488E-1,4.676685873E0
1.357497568E1,-3.324733257E0,2.341464043E0,5.193110704E-1,4.099510835E0
1.358498734E1,-3.338554621E0,2.176820755E0,4.958232641E-1,4.016258989E0
1.359498115E1,-3.347101688E0,1.055013657E0,4.914588928E-1,3.543681048E0
1.360498266E1,-3.320277452E0,-2.123641968E-2,4.996439219E-1,3.357728011E0
1.361498552E1,-3.216305971E0,-5.085945129E-3,5.038362741E-1,3.255533898E0
1.362499151E1,-3.046199322E0,1.219558716E-2,4.898518324E-1,3.085357979E0
1.363498787E1,-2.269861221E0,-6.903362274E-2,4.604097605E-1,2.317113021E0
1.364498865E1,-1.341846704E0,-1.696181297E0,4.353986979E-1,2.206163094E0
1.365498682E1,7.184578180E-1,-2.519607544E-3,3.800479174E-1,8.127880438E-1
1.366499151E1,8.390198946E-1,2.131748199E-2,3.333811760E-1,9.030790813E-1
1.367498735E1,2.689832687E0,1.832002640E0,2.619627714E-1,3.264974434E0
1.368498735E1,3.594930649E0,3.797164917E0,1.640343666E-1,5.231528940E0
1.369498917E1,4.380025864E0,5.614084244E0,8.276689053E-2,7.121054614E0
1.370498891E1,5.068051338E0,6.879798889E0,4.143464565E-2,8.545085953E0
1.371498761E1,5.107548714E0,7.676598549E0,3.847527504E-2,9.220558524E0
1.372498787E1,5.097080231E0,7.750742912E0,1.182219982E-1,9.277295889E0
1.373498761E1,4.949719429E0,7.717872620E0,2.270587683E-1,9.171523095E0
1.374511266E1,4.693898201E0,7.511858940E0,1.712179780E0,9.021766161E0
1.375497042E1,3.371619701E0,5.646694183E0,1.711478353E0,6.795743724E0
1.376497234E1,2.030925751E0,3.953450203E0,1.712755680E0,4.763188001E0
1.377497672E1,3.681482375E-2,2.455554008E0,1.516560078E0,2.886356750E0
1.378498266E1,-1.549242258E0,1.468856812E0,1.522305608E0,2.622042385E0
1.379499047E1,-3.179198980E0,1.320001602E0,1.529831529E0,3.766974236E0
1.380498787E1,-4.312241554E0,-2.322845459E-1,1.491110802E0,4.568675383E0
1.381498995E1,-4.560622215E0,-2.192707062E-1,1.455624342E0,4.792306006E0
1.382498500E1,-5.383220673E0,-3.053884506E-1,1.231330752E0,5.530687330E0
1.383498552E1,-5.181719780E0,-2.719783783E-1,1.256279945E0,5.338766844E0
1.384498474E1,-3.700955391E0,-2.588195801E-1,-6.695581675E-1,3.769929246E0
1.385498188E1,-2.403591394E0,-2.452821732E-1,-1.713724375E0,2.962138783E0
1.386497563E1,-1.191094518E0,-3.291902542E-1,-2.580813408E0,2.861410530E0
1.387498266E1,9.387577325E-2,-3.115806580E-1,-2.768564224E0,2.787623187E0
1.388497406E1,2.395712584E-1,-2.044095039E0,-3.685098886E0,4.220861609E0
1.389497354E1,3.821180761E-1,-2.934698582E0,-3.757751465E0,4.783217125E0
1.390497563E1,1.782030463E0,-3.863774300E0,-3.778878450E0,5.690721110E0
1.391497537E1,1.941144228E0,-4.805480480E0,-3.668926477E0,6.349937406E0
1.392499495E1,2.077772379E0,-5.577049732E0,-2.923795938E0,6.630927874E0
1.393498412E1,2.797318935E0,-6.242801189E0,-2.678450584E0,7.346540509E0
1.394498552E1,2.833529472E0,-6.342240334E0,-1.507493019E0,7.108124712E0
1.395497693E1,2.874126196E0,-7.097909927E0,-1.281535625E0,7.764229536E0
1.396498005E1,2.881937504E0,-7.129982948E0,-4.063318968E-1,7.701124998E0
1.397497693E1,2.894037485E0,-7.167342186E0,-2.337661982E-1,7.733103750E0
1.398497771E1,2.896344900E0,-7.214767456E0,-3.407669067E-2,7.774499627E0
1.399497797E1,3.490970373E0,-7.274329185E0,1.812109590E0,8.269611866E0
1.400497563E1,3.539000511E0,-7.945280552E0,1.757923245E0,8.873685920E0
1.401497771E1,3.520621538E0,-7.960642815E0,1.839428544E0,8.896634611E0
1.402497823E1,3.442504406E0,-7.920597076E0,3.784616947E0,9.429210999E0
1.403497875E1,3.266528606E0,-7.748890400E0,4.781779766E0,9.673723652E0
1.404497745E1,2.128799677E0,-5.727949142E0,4.888738632E0,7.825660027E0
1.405497537E1,-6.269984841E-1,-3.105540752E0,6.044127464E0,6.824147366E0
1.406497563E1,-7.308058739E-1,9.721088409E-2,7.004179001E0,7.042872330E0
1.407497432E1,-3.506478786E0,3.700603485E0,8.024308205E0,9.506807129E0
1.408497693E1,-5.055552483E0,6.408675194E0,8.716069221E0,1.194150708E1
1.409497589E1,-6.116408348E0,8.097283363E0,8.631765366E0,1.332230544E1
1.410499115E1,-6.363836288E0,8.926557541E0,8.470953941E0,1.385420162E1
1.411500365E1,-6.507647038E0,8.886036873E0,8.213606834E0,1.373952177E1
1.412497464E1,-6.354237556E0,7.554665565E0,7.945301056E0,1.267190260E1
1.413498110E1,-5.133913517E0,5.091489792E0,7.524236202E0,1.043525116E1
1.414497693E1,-3.452101707E0,2.124795914E0,6.118983746E0,7.339872339E0
1.415497667E1,-1.957399845E0,-1.749820709E-1,4.145568371E0,4.587784868E0
1.416497485E1,-5.991338491E-1,-1.126689911E0,1.776323795E0,2.187171175E0
1.417497953E1,-4.037051201E-1,-1.111841202E-1,-9.918465018E-1,1.076614702E0
1.418497745E1,-1.814053506E-1,1.918545723E0,-6.539855957E0,6.817876615E0
1.419497563E1,1.654594660E0,3.980548859E0,-8.152776718E0,9.222267667E0
1.420497406E1,1.874502778E0,5.861559868E0,-9.033699036E0,1.093066160E1
1.421497693E1,2.478255510E0,6.991932869E0,-9.107343674E0,1.174617318E1
1.422497797E1,2.492169619E0,6.976499557E0,-9.017311096E0,1.167023371E1
1.423497563E1,2.547031164E0,6.000668526E0,-8.139554977E0,1.042821872E1
1.424497485E1,2.603142500E0,4.507202148E0,-7.089224815E0,8.794789967E0
1.425497823E1,2.540260077E0,2.857710838E0,-5.539324284E0,6.730790890E0
1.426497615E1,2.347409248E0,-2.085790634E-1,-4.560283184E0,5.133226872E0
1.427504734E1,1.152464151E0,-1.531865120E0,-4.286777496E0,4.695875389E0
1.428498662E1,9.615602493E-1,-3.101094723E0,-4.124683857E0,5.249228849E0
1.429500219E1,8.342307210E-1,-3.216830730E0,-4.656161785E0,5.720470559E0
1.430497667E1,7.675942779E-1,-3.140838623E0,-4.510628700E0,5.549760310E0
1.431497641E1,7.689253092E-1,-2.074578285E0,-4.331309795E0,4.863678211E0
1.432497849E1,8.026030660E-1,-1.574335098E-1,-4.108117580E0,4.188745283E0
1.433497511E1,8.093543053E-1,-1.244525909E-1,-3.837880850E0,3.924267098E0
1.434497771E1,8.252860904E-1,1.143567085E0,-2.800306797E0,3.135372540E0
1.435497589E1,8.120667934E-1,2.083132744E0,-2.539911270E0,3.383791330E0
1.436497615E1,6.757271290E-1,2.268250465E0,-1.452727318E0,2.777045910E0
1.437497667E1,5.656123161E-1,2.164182663E0,-1.325652838E0,2.600184481E0
1.438498240E1,-9.145899415E-1,1.106957436E0,-1.264773011E0,1.913499489E0
1.439497719E1,-8.876508474E-1,-1.272821426E-1,-1.229148388E0,1.521489576E0
1.440497745E1,-8.602461815E-1,-9.566783905E-2,-1.239432216E0,1.511743380E0
1.441497485E1,-8.326222301E-1,-6.834983826E-2,-1.877125621E0,2.054636726E0
1.442497823E1,-8.046386838E-1,-1.717053413E0,-1.906698823E0,2.689092084E0
1.443497458E1,-9.757610559E-1,-1.826520920E0,-1.933580160E0,2.833199701E0
1.444497667E1,-9.444689155E-1,-2.536339760E0,-1.938617826E0,3.329156047E0
1.445497781E1,-8.658712506E-1,-2.587215900E0,-1.900150180E0,3.324754103E0
1.446515021E1,-7.919206619E-1,-2.633790016E0,-1.816832304E0,3.296189892E0
1.447498089E1,-2.520994663E0,-2.697389603E0,-1.705497026E0,4.066945398E0
1.448497724E1,-2.635852575E0,-2.717917919E0,-1.531823993E0,4.084272439E0
1.449497979E1,-3.656462431E0,-2.711905003E0,-7.037882805E-1,4.606458965E0
1.450497771E1,-3.741119385E0,-2.659873486E0,-5.645422935E-1,4.624890184E0
1.451497797E1,-4.322689533E0,-2.571571827E0,-4.210455418E-1,5.047366225E0
1.452497563E1,-4.276592255E0,-2.442840576E0,-2.732329369E-1,4.932683613E0
1.453497745E1,-3.354906082E0,-1.543169975E0,5.276111364E-1,3.730300511E0
1.454497927E1,-3.109345436E0,8.568763733E-2,6.393736601E-1,3.175558233E0
1.455497667E1,-1.913342476E0,1.091098785E-1,7.675840855E-1,2.064453856E0
1.456497641E1,-1.629218102E0,1.333713531E-1,2.316672087E0,2.835332273E0
1.457497771E1,-1.446181983E-1,5.852127075E-2,2.180357218E0,2.185931554E0
1.458497563E1,9.179472923E-3,8.249950409E-2,2.233038425E0,2.234580730E0
1.459497641E1,1.596999466E-1,1.014242172E-1,2.258755922E0,2.266664788E0
1.460497771E1,3.061062396E-1,1.865028381E0,2.267825842E0,2.952129052E0
1.461497641E1,4.045314789E-1,1.970387459E0,2.274453163E0,3.036315143E0
1.462497740E1,2.948435545E-1,2.717975616E0,2.029697895E0,3.404995994E0
1.463500479E1,3.275370002E-1,2.791975975E0,4.059007168E-1,2.840275642E0
1.464497651E1,-8.446628451E-1,2.884156227E0,2.553095818E-1,3.016122585E0
1.465497662E1,-1.832050562E0,3.546625137E0,1.073572636E-1,3.993304986E0
1.466497719E1,-2.855027199E0,3.546750069E0,-5.492579937E-2,4.553419945E0
1.467497745E1,-3.756556511E0,3.505954742E0,-2.180062532E-1,5.143049893E0
1.468497589E1,-4.538066864E0,3.394552231E0,-3.610291481E-1,5.678677465E0
1.469497511E1,-4.675650597E0,2.552650452E0,-4.666150808E-1,5.347472530E0
1.470497432E1,-5.316940784E0,1.842978477E0,-4.582735300E-1,5.645922741E0
1.471497484E1,-5.098733425E0,-1.373109818E-1,-3.346625566E-1,5.111549263E0
1.472497537E1,-3.979496956E0,-1.112318039E-1,-2.803934813E-1,3.990913309E0
1.473497797E1,-2.963389158E0,-8.186435699E-2,-2.730931044E-1,2.977071870E0
1.474497511E1,-1.765969157E0,-5.130958557E-2,-2.721180916E-1,1.787548040E0
1.475498110E1,-3.655823469E-1,-1.985359192E-2,-2.961586714E-1,4.709082460E-1
1.476497542E1,1.065186262E0,1.277757645E0,-3.039191961E-1,1.691050930E0
1.477497641E1,2.492524862E0,3.064597130E0,-3.220442533E-1,3.963350635E0
1.478497537E1,3.580659151E0,5.329970360E0,-3.710685968E-1,6.431749054E0
1.479497615E1,4.604109764E0,7.555148125E0,-4.131063223E-1,8.857129712E0
1.480503037E1,5.736932278E0,9.067578316E0,-3.845298290E-1,1.073690978E1
1.481497932E1,6.641304970E0,9.196911812E0,-2.352077961E-1,1.134660484E1
1.482498620E1,6.704354763E0,9.226830482E0,1.550322533E0,1.151026818E1
1.483497386E1,6.648521423E0,9.133568764E0,1.584396839E0,1.140768289E1
1.484497771E1,6.443235397E0,8.168690681E0,1.607449174E0,1.052742526E1
1.485498839E1,6.102837563E0,6.592497826E0,1.624205947E0,9.129277017E0
1.486498578E1,4.472054958E0,4.616405487E0,1.442609191E0,6.587229801E0
1.487499490E1,2.774636269E0,2.770256996E0,1.402095914E0,4.163988857E0
1.488498552E1,3.889608979E-1,1.604662895E0,1.365164638E0,2.142407075E0
1.489498839E1,-2.972800970E0,1.456622124E0,1.372797966E0,3.583834242E0
1.490498682E1,-4.193152905E0,1.487282753E0,1.144075513E0,4.593849154E0
1.491498943E1,-4.469410419E0,1.568675041E0,1.119684577E0,4.867244029E0
1.492498500E1,-5.265164375E0,2.225228310E0,-1.522279978E-1,5.718108979E0
1.493498500E1,-5.263996601E0,2.263104439E0,-2.921888828E-1,5.737305662E0
1.494498474E1,-4.409514427E0,2.230864525E0,-1.249704361E0,5.097287024E0
1.495498448E1,-3.331193686E0,2.108479500E0,-2.047291756E0,4.442290029E0
1.496498761E1,-2.298204184E0,1.009840012E0,-2.242520094E0,3.366068284E0
1.497501651E1,-1.336678624E0,-3.966169357E-1,-3.187812090E0,3.479390846E0
1.498497828E1,3.247817159E-1,-3.761043549E-1,-3.273883581E0,3.311382091E0
1.499499781E1,4.645420909E-1,-2.560840130E0,-3.302687168E0,4.204930922E0
1.500498297E1,4.013955593E-1,-3.939782143E0,-3.308905840E0,5.160606513E0
1.501498396E1,5.347453952E-1,-5.203701973E0,-3.229006767E0,6.147434551E0
1.502498500E1,6.362780333E-1,-6.291581154E0,-3.071546316E0,7.030166422E0
1.503498552E1,1.724197984E0,-7.174274921E0,-2.289665699E0,7.725648733E0
1.504498266E1,2.332281113E0,-7.818019390E0,-2.088237762E0,8.421502201E0
1.505498578E1,2.396675825E0,-7.926835060E0,-1.168346405E0,8.363241142E0
1.506498526E1,3.217791796E0,-8.711334229E0,-2.365300655E-1,9.289643403E0
1.507498526E1,3.270095348E0,-8.725505829E0,-6.059098244E-2,9.318350005E0
1.508498943E1,3.295432091E0,-8.753521919E0,1.434274912E-1,9.354388815E0
1.509498761E1,3.274866343E0,-8.768013000E0,1.574488997E0,9.491144143E0
1.510497511E1,3.219947815E0,-8.794230461E0,1.682378531E0,9.515090691E0
1.511497511E1,3.108558655E0,-8.807929039E0,1.787515998E0,9.509887713E0
1.512497537E1,2.936224699E0,-9.771755219E0,1.870102525E0,1.037332632E1
1.513497745E1,2.731875896E0,-9.700711250E0,1.950659513E0,1.026508730E1
1.514497511E1,2.521152020E0,-9.828427315E0,3.705473900E0,1.080207053E1
1.515497261E1,1.807677865E0,-9.765534401E0,4.604817390E0,1.094704091E1
1.516496719E1,1.622457623E0,-8.592693329E0,5.529625893E0,1.034618335E1
1.517496240E1,8.381270170E-1,-6.833816051E0,6.523550987E0,9.484735959E0
1.518497334E1,5.661934018E-1,-4.786753654E0,7.588749886E0,8.990145179E0
1.519498188E1,-7.208555341E-1,-2.249581814E0,8.452200890E0,8.776101123E0
1.520497406E1,-8.137047291E-1,1.095972061E-1,8.476716995E0,8.516387612E0
1.521497719E1,-9.056515098E-1,3.617617607E0,8.387062073E0,9.178789246E0
1.522497979E1,-9.590399861E-1,6.244304657E0,8.053543091E0,1.023575374E1
1.523498136E1,-9.592919946E-1,7.980208397E0,7.534811497E0,1.101713899E1
1.524497563E1,1.094579697E-1,8.654438019E0,5.241824150E0,1.011869551E1
1.525497537E1,1.193473697E0,8.592659950E0,3.973910093E0,9.542020012E0
1.526498031E1,2.010977745E0,8.510647774E0,2.599107981E0,9.123076198E0
1.527497875E1,2.148611069E0,8.394992828E0,8.465654254E-1,8.706842547E0
1.528497693E1,2.258369923E0,8.297012329E0,-9.380526543E-1,8.649889657E0
1.529497328E1,2.267466545E0,7.594801903E0,-2.691871643E0,8.370698502E0
1.530497719E1,2.119317532E0,7.552546501E0,-3.932747841E0,8.774905756E0
1.531497563E1,4.709219933E-1,7.495639801E0,-5.029353619E0,9.038848454E0
1.532497693E1,-8.592169881E-1,6.689447403E0,-6.049993515E0,9.060319085E0
1.533499511E1,-2.141071320E0,5.237582207E0,-6.988754272E0,8.992171042E0
1.534497547E1,-2.945455074E0,3.072049141E0,-7.714796543E0,8.810861321E0
1.535497417E1,-3.681959152E0,-1.340522766E-1,-7.689108849E0,8.526264604E0
1.536497386E1,-3.843063593E0,-2.065864563E0,-7.553766727E0,8.723320809E0
1.537497641E1,-3.934727669E0,-4.179359913E0,-7.418825626E0,9.380197481E0
1.538497667E1,-3.882034063E0,-5.198113918E0,-7.238206863E0,9.720196262E0
1.539497484E1,-3.713706493E0,-5.162679195E0,-6.960282326E0,9.428170684E0
1.540497667E1,-2.929740906E0,-3.909622192E0,-6.591641426E0,8.204770817E0
1.541497615E1,-1.890375376E0,-1.319971085E-1,-5.193696976E0,5.528601141E0
1.542497563E1,-1.666317463E0,1.527905464E0,-3.660300970E0,4.302198529E0
1.543498057E1,-5.170418620E-1,2.815991402E0,-2.456120491E0,3.772223181E0
1.544497589E1,-3.832645714E-1,3.576756477E0,-1.175606728E0,3.784458985E0
1.545497589E1,-2.522703707E-1,3.612884521E0,7.643965483E-1,3.701469571E0
1.546497589E1,-1.241434515E-1,3.485548019E0,9.663999677E-1,3.619169171E0
1.547497511E1,1.478075027E0,2.009972572E0,9.572148919E-1,2.672256701E0
1.548497432E1,1.644959569E0,-1.920261383E-1,1.089570761E0,1.982405222E0
1.549497537E1,2.563481092E0,-1.651954651E-1,-9.660439491E-1,2.744442706E0
1.550500948E1,2.723441362E0,-1.841393471E0,-1.640827656E0,3.674258859E0
1.551497943E1,3.822824955E0,-2.528858185E0,-1.734868169E0,4.900906234E0
1.552503880E1,3.926453590E0,-2.581471920E0,-2.379621029E0,5.267222353E0
1.553497438E1,3.917311192E0,-2.561833858E0,-2.368396997E0,5.245724357E0
1.554497589E1,3.831069469E0,-2.489257336E0,-2.316532135E0,5.122481478E0
1.555497563E1,3.597797394E0,-2.387936592E0,-2.221060038E0,4.855872213E0
1.556497589E1,2.302196264E0,-2.287344456E0,-2.070383549E0,3.849485724E0
1.557497927E1,1.112510204E0,-2.193381310E0,-1.144193411E0,2.712522642E0
1.558497589E1,-6.216428876E-1,-2.117784500E0,-1.011085391E0,2.427703593E0
1.559497406E1,-2.640878677E0,-2.047438145E0,-9.796708822E-1,3.482240397E0
1.560497380E1,-3.645721436E0,-2.042973995E0,-1.046352506E0,4.308118046E0
1.561497484E1,-3.861807823E0,-2.045343876E0,-1.776731491E0,4.717389747E0
1.562497875E1,-4.579615593E0,-2.008997917E0,-1.761007547E0,5.301895811E0
1.563497615E1,-4.575148582E0,-1.904942989E0,-1.678174496E0,5.232309431E0
1.564497615E1,-4.448249340E0,-1.106731415E0,-1.543066859E0,4.836613686E0
1.565497641E1,-3.676524401E0,-9.363670349E-1,-1.348104715E0,4.026288765E0
1.566497589E1,-3.426816702E0,5.178356171E-2,-3.841173649E-1,3.448666466E0
1.567497511E1,-2.232255459E0,7.302474976E-2,-2.079443932E-1,2.243108985E0
1.568507490E1,-4.351807833E-1,9.541606903E-2,6.401617527E-1,7.799317983E-1
1.569497125E1,-2.696320117E-1,1.164828300E0,7.426500320E-1,1.407499720E0
1.570496177E1,-1.064075232E-1,1.245479584E0,8.336782455E-1,1.502518343E0
1.571497334E1,-1.470876038E-1,1.331723213E0,9.141265154E-1,1.621958312E0
1.572497641E1,8.314311504E-3,1.415390015E0,9.450864792E-1,1.701936096E0
1.573497620E1,1.159800291E-1,1.502427101E0,9.190382957E-1,1.765041062E0
1.574497875E1,-1.055430174E0,2.089492798E0,7.973421812E-1,2.472987577E0
1.575497745E1,-1.691069365E0,2.099952698E0,4.805636406E-2,2.696632408E0
1.576497599E1,-2.357595205E0,2.132548332E0,-4.136490822E-2,3.179265418E0
1.577498031E1,-3.560649633E0,2.273082733E0,-2.242875099E-2,4.224409305E0
1.578497667E1,-3.627153397E0,2.359967232E0,2.326631546E-2,4.327381243E0
1.579497823E1,-4.308778286E0,2.974601746E0,9.555387497E-2,5.236693270E0
1.580497302E1,-4.321612358E0,2.969278336E0,7.727992535E-1,5.300015650E0
1.581497537E1,-4.273024559E0,2.929930687E0,8.292977810E-1,5.246996047E0
1.582497693E1,-4.148634434E0,2.852313042E0,2.021605015E0,5.425287475E0
1.583497563E1,-3.982543230E0,2.750408173E0,2.025510788E0,5.246721800E0
1.584497537E1,-3.730310917E0,2.019812584E0,2.029435396E0,4.702496192E0
1.585497537E1,-2.533111095E0,1.915863037E0,1.835097551E0,3.668073884E0
1.586498453E1,-1.723497987E0,1.121910095E0,1.836188197E0,2.756939366E0
1.587507526E1,-8.167088032E-1,1.005776405E0,1.835500836E0,2.246700418E0
1.588498380E1,1.355028152E-1,1.155662537E-2,1.795173883E0,1.800317705E0
1.589497615E1,1.473747969E0,3.217983246E-2,1.524857283E-1,1.481965085E0
1.590497511E1,1.402372956E0,1.264061928E0,-7.837593555E-2,1.889615107E0
1.591497537E1,2.860771179E0,2.320302963E0,-1.147947311E0,3.858186181E0
1.592497589E1,3.638982296E0,3.698092461E0,-1.260205984E0,5.339119695E0
1.593497719E1,4.311241150E0,5.136493683E0,-1.307556391E0,6.832281560E0
1.594497589E1,5.097959518E0,7.200114250E0,-1.173743725E0,8.899916337E0
1.595497589E1,5.820958138E0,7.285284996E0,-1.030496359E-1,9.325746637E0
1.596497589E1,5.708212376E0,7.287891388E0,4.681575298E-2,9.257388461E0
1.597497771E1,5.503278732E0,7.141480446E0,1.428993464E0,9.128463293E0
1.598497485E1,4.625771999E0,5.908717155E0,1.456297278E0,7.644050417E0
1.599497563E1,3.569201946E0,4.576825142E0,1.280951619E0,5.943683030E0
1.600497458E1,2.200105429E0,3.315196991E0,1.305681825E0,4.187576867E0
1.601497589E1,4.540013969E-1,2.345786095E0,1.329626083E0,2.734361935E0
1.602497354E1,-1.061120749E0,2.179149628E0,1.349034786E0,2.773907929E0
1.603497615E1,-2.479300976E0,1.553704262E0,1.327678919E0,3.213045529E0
1.604499130E1,-3.534223318E0,1.591286659E0,1.108916759E0,4.031454337E0
1.605502490E1,-3.791826963E0,1.698000908E0,1.093439460E0,4.296134152E0
1.606497516E1,-4.489485741E0,2.546277046E0,1.083574653E0,5.273816743E0
1.607497511E1,-4.464507103E0,2.624315262E0,1.079498768E0,5.290006792E0
1.608497823E1,-3.764825583E0,2.695719719E0,1.077110887E0,4.754049256E0
1.609497693E1,-3.550343990E0,2.732167244E0,-2.286967039E-1,4.485753279E0
1.610498734E1,-2.347949028E0,2.704645157E0,-1.042335153E0,3.730205441E0
1.611498734E1,-2.105867386E0,2.543277740E0,-1.796022654E0,3.758807854E0
1.612498761E1,-8.355118036E-1,-3.512182236E-1,-2.875058413E0,3.014530658E0
1.613498630E1,1.979972571E-1,-1.397602081E0,-2.961908102E0,3.281066000E0
1.614498708E1,3.099994361E-1,-2.681361198E0,-2.989730358E0,4.027938076E0
1.615498995E1,4.194044769E-1,-3.941302299E0,-2.886275768E0,4.903096138E0
1.616498734E1,5.214207172E-1,-5.050326347E0,-1.922847986E0,5.429090178E0
1.617498578E1,2.266809225E0,-6.004977226E0,-1.118370056E0,6.515284118E0
1.618498500E1,2.413153410E0,-6.744386196E0,-9.251101017E-1,7.222595326E0
1.619498526E1,3.235162258E0,-6.876114368E0,-1.410582066E-1,7.600468476E0
1.620498552E1,3.312840462E0,-7.896285534E0,-6.471633911E-2,8.563318595E0
1.621510839E1,3.384482861E0,-8.026035309E0,-7.762312889E-3,8.710455055E0
1.622496386E1,3.455662012E0,-9.920066833E0,2.842712402E-2,1.050476720E1
1.623498860E1,3.448147535E0,-1.005213165E1,3.942859173E-2,1.062716457E1
1.624497620E1,3.424014091E0,-9.983971596E0,1.445317268E-2,1.055479845E1
1.625498943E1,3.348050117E0,-1.117893410E1,-2.317261696E-2,1.166955629E1
1.626499099E1,3.253839254E0,-1.128376102E1,-2.690410614E-2,1.174357086E1
1.627498526E1,3.133143425E0,-1.196498108E1,5.183911324E-2,1.236851031E1
1.628498917E1,2.951205015E0,-1.190949345E1,2.369956970E-1,1.227199300E1
1.629498969E1,2.698048115E0,-1.112450600E1,1.425443292E0,1.153542309E1
1.630498682E1,7.715440392E-1,-6.920588970E0,4.701619148E0,8.402086319E0
1.631498474E1,-4.357326627E-1,-3.403251648E0,6.170274734E0,7.060047807E0
1.632498761E1,-2.271974802E0,4.666328430E-2,7.506278515E0,7.842720453E0
1.633498396E1,-3.850007534E0,3.991522789E0,8.638714790E0,1.026558354E1
1.634498526E1,-5.004321098E0,6.739915848E0,9.361022949E0,1.257372045E1
1.635498656E1,-5.286147594E0,8.469702721E0,9.342473984E0,1.367336976E1
1.636497563E1,-5.456245899E0,9.108578682E0,9.115247726E0,1.399373310E1
1.637497458E1,-5.479673862E0,8.925445557E0,8.648410797E0,1.358254075E1
1.638497276E1,-5.278424740E0,6.610424995E0,6.860167503E0,1.089134448E1
1.639499641E1,-3.270797729E0,3.869433403E0,5.344855309E0,7.364652804E0
1.640498974E1,-7.030394077E-1,1.482921600E0,3.784053564E0,4.124606922E0
1.641497698E1,4.091197252E-1,-8.256435394E-2,2.158290863E0,2.198275522E0
1.642497646E1,1.631616116E0,-1.502971649E-1,4.757835865E-1,1.706203507E0
1.643498656E1,2.643009901E0,1.928821564E0,-1.097095013E0,3.451010204E0
1.644497849E1,2.904196978E0,4.940959930E0,-2.829898357E0,6.391851831E0
1.645497615E1,3.575897455E0,7.645725250E0,-4.140165329E0,9.401336403E0
1.646497615E1,3.430290222E0,9.493018150E0,-5.570581913E0,1.152890574E1
1.647497615E1,-3.766454756E-1,1.042020893E1,-7.735192299E0,1.298290476E1
1.648497589E1,-3.842333555E-1,8.631857872E0,-7.682293892E0,1.156175787E1
1.649497745E1,-3.873334229E-1,6.192362785E0,-7.439920902E0,9.687507785E0
1.650497484E1,-1.744110823E0,2.530796051E0,-6.245445728E0,6.960778948E0
1.651497771E1,-1.875571489E0,-1.401749611E0,-6.053210258E0,6.490302367E0
1.652497641E1,-1.967853785E0,-4.269943237E0,-5.854642868E0,7.508775325E0
1.653497302E1,-1.918139935E0,-5.582555771E0,-5.559269905E0,8.108617121E0
1.654497641E1,-4.878246486E-1,-5.581990242E0,-4.682727337E0,7.302364224E0
1.655497641E1,-4.121680260E-1,-4.332758904E0,-3.750535727E0,5.745363386E0
1.656500792E1,1.731213808E0,-2.310006618E0,-2.845092535E0,4.053120200E0
1.657497354E1,2.788072586E0,-2.124214172E-1,-2.602458715E0,3.819851171E0
1.658505604E1,2.936013222E0,1.571685791E0,-2.350779772E0,4.076338479E0
1.659497542E1,3.562866211E0,2.741562843E0,-2.093168020E0,4.958985261E0
1.660497458E1,3.550340414E0,2.873340607E0,-1.871775031E0,4.936045489E0
1.661497797E1,3.440864563E0,2.894736290E0,-1.721151829E0,4.814707753E0
1.662498005E1,2.419201851E0,2.743693352E0,-1.633872747E0,4.006236508E0
1.663497901E1,2.200244427E0,1.111365318E0,-1.667261362E0,2.975897992E0
1.664497745E1,1.013964534E0,-1.528892517E-1,-2.891772032E0,3.068198931E0
1.665497719E1,-7.663360238E-1,-2.624211311E0,-4.030436516E0,4.870130842E0
1.666497615E1,-7.904988527E-1,-2.726596355E0,-4.687293530E0,5.479957733E0
1.667498318E1,-8.123608828E-1,-2.739916325E0,-4.566473007E0,5.386997995E0
1.668497563E1,-8.321713805E-1,-2.636346817E0,-3.800079823E0,4.699302119E0
1.669497641E1,-8.501462340E-1,-1.812286377E0,-3.618674517E0,4.135448680E0
1.670497511E1,-1.031975389E0,-1.115190506E0,-2.832467556E0,3.214264383E0
1.671497641E1,-9.632872939E-1,-7.110786438E-2,-2.673242092E0,2.842393713E0
1.672497485E1,-8.957257867E-1,-3.610324860E-2,-2.512911320E0,2.668023881E0
1.673497432E1,-2.627992630E0,-4.158020020E-4,-2.356967211E0,3.530104796E0
1.674497334E1,-3.379617929E0,3.581523895E-2,-2.200363636E0,4.032951799E0
1.675496912E1,-4.168787479E0,-2.708148956E-2,-2.033712864E0,4.638481483E0
1.676499948E1,-4.818058968E0,1.044082642E-2,-1.839081764E0,5.157133212E0
1.677498037E1,-4.873174667E0,4.620742798E-2,-9.151349068E-1,4.958572210E0
1.678497464E1,-4.907625675E0,-1.007039070E0,-7.188272476E-1,5.061188602E0
1.679497771E1,-4.907750130E0,-1.024120331E0,2.508528233E-1,5.019737137E0
1.680497380E1,-4.778972626E0,-1.026026726E0,4.659082890E-1,4.910028588E0
1.681498031E1,-4.555091381E0,-9.836359024E-1,1.415175557E0,4.870227812E0
1.682497719E1,-3.596844912E0,-9.226837158E-1,2.480560780E0,4.465626534E0
1.683497927E1,-2.134088039E0,1.572542191E-1,2.578855038E0,3.351052664E0
1.684497537E1,-1.875491977E0,7.432079315E-2,2.405157566E0,3.050864902E0
1.685497537E1,-1.010221362E0,9.181213379E-2,1.407807589E0,1.735194189E0
1.686497667E1,-8.452629447E-1,1.032018661E-1,1.268196106E0,1.527560615E0
1.687498110E1,-7.141299248E-1,1.164264679E-1,1.151361108E0,1.359841562E0
1.688497589E1,-6.239832640E-1,1.310405731E-1,1.059584975E0,1.236627294E0
1.689497771E1,-5.837217569E-1,4.491996765E-2,9.466295242E-1,1.113039240E0
1.690497484E1,-5.327807665E-1,5.918598175E-2,8.245286942E-1,9.834662643E-1
1.691497406E1,-4.914667010E-1,7.231903076E-2,7.099437714E-1,8.664812283E-1
1.692501771E1,-4.287717342E-1,8.577632904E-2,5.866369009E-1,7.316731731E-1
1.693497620E1,-3.475402594E-1,1.003189087E-1,4.741014242E-1,5.963390611E-1
1.694496589E1,6.262261271E-1,1.592636108E-2,3.902127743E-1,7.380235908E-1
1.695497307E1,6.846348643E-1,1.780412674E0,3.161407709E-1,1.933530236E0
1.696497563E1,7.418782711E-1,1.921704292E0,2.664446831E-1,2.077094973E0
1.697497797E1,7.978357673E-1,3.069415092E0,2.679820061E-1,3.182713508E0
1.698498031E1,8.527340889E-1,3.864672661E0,3.096278906E-1,3.969725385E0
1.699497615E1,6.681652665E-1,4.586336136E0,3.683419228E-1,4.649365521E0
1.700497927E1,6.805436611E-1,4.685033798E0,4.265108109E-1,4.753376993E0
1.701497771E1,-4.326291680E-1,4.763278008E0,5.171802044E-1,4.810765089E0
1.702498162E1,-5.241416693E-1,4.686963081E0,5.442315340E-1,4.747476738E0
1.703497823E1,-6.073271036E-1,4.514642715E0,5.556740761E-1,4.589076022E0
1.704497485E1,-6.535165310E-1,3.271265984E0,5.197192430E-1,3.376147669E0
1.705497641E1,-6.610413790E-1,3.093809128E0,4.416964054E-1,3.194327212E0
1.706497485E1,-6.151857376E-1,2.329131126E0,4.036431313E-1,2.442587373E0
1.707497511E1,-5.113941431E-1,2.420247078E0,4.300043583E-1,2.510781479E0
1.708497380E1,4.848149419E-1,3.751127243E0,4.679044485E-1,3.811159364E0
1.709499281E1,5.379546881E-1,5.230944633E0,4.593619108E-1,5.278559498E0
1.710497516E1,1.894410610E0,6.860994339E0,3.958705664E-1,7.128726982E0
1.711513516E1,2.835173368E0,8.328842163E0,3.461072445E-1,8.804976436E0
1.712498349E1,3.834458828E0,9.361929893E0,3.495233059E-1,1.012279469E1
1.713497490E1,4.744031429E0,9.462218285E0,3.942478895E-1,1.059220659E1
1.714498136E1,4.865774632E0,9.485843658E0,4.406780005E-1,1.067010730E1
1.715497589E1,5.499269962E0,9.385048866E0,4.456367493E-1,1.088667555E1
1.716497589E1,5.338041782E0,8.474614143E0,4.500458241E-1,1.002578257E1
1.717497511E1,4.409359455E0,7.398975372E0,1.550724864E0,8.751687550E0
1.718497979E1,2.025324106E0,6.366834641E0,1.390733361E0,6.824416485E0
1.719497537E1,2.323405817E-2,6.340167046E0,1.390644312E0,6.490928253E0
1.720497797E1,-1.518313646E0,6.398831367E0,1.391762257E0,6.722151544E0
1.721497771E1,-2.987075567E0,6.477987289E0,1.393774033E0,7.268393620E0
1.722497485E1,-4.051081657E0,6.522553444E0,2.307462692E-1,7.681680146E0
1.723497615E1,-4.272703171E0,6.486917496E0,-6.643270254E-1,7.795987518E0
1.724497328E1,-5.018137932E0,6.356683731E0,-8.325701952E-1,8.141394812E0
1.725497458E1,-5.041860580E0,5.269931793E0,-1.655481935E0,7.478847482E0
1.726498500E1,-4.915041924E0,4.025635719E0,-1.811635017E0,6.606466642E0
1.727497198E1,-3.749612570E0,2.261098862E0,-2.506137371E0,5.045085431E0
1.728498089E1,-2.510401726E0,-5.972738266E-1,-2.588387489E0,3.654942222E0
1.729498005E1,-1.178730369E0,-1.979598999E0,-2.601315022E0,3.474918318E0
1.730497438E1,2.981099859E-2,-4.159667015E0,-2.545025587E0,4.876563709E0
1.731497641E1,1.686409593E0,-6.140805244E0,-2.461709023E0,6.827406365E0
1.732497693E1,3.054563999E0,-7.821972370E0,-2.348523140E0,8.719470966E0
1.733497771E1,4.144010067E0,-9.116853714E0,-2.239839792E0,1.026190642E1
1.734497693E1,4.300669670E0,-1.026020145E1,-2.134151459E0,1.132793432E1
1.735497563E1,4.351146698E0,-1.018656445E1,-2.048152924E0,1.126470165E1
1.736498422E1,4.161626816E0,-1.136244392E1,-1.915754676E0,1.225130139E1
1.737498682E1,3.201094389E0,-1.246726418E1,-1.762375474E0,1.299175310E1
1.738499125E1,2.409207344E0,-1.257882500E1,-9.939522743E-1,1.284597445E1
1.739498630E1,2.151859045E0,-1.358145237E1,-1.944600344E-1,1.375224202E1
1.740498656E1,1.153038979E0,-1.366590977E1,1.788069844E0,1.383053804E1
1.741498344E1,1.024813533E0,-1.450953388E1,1.727243066E0,1.464787305E1
1.742498266E1,9.450232983E-1,-1.453929901E1,3.594906092E0,1.500691956E1
1.743498526E1,8.917973042E-1,-1.452039623E1,4.970654488E0,1.537350367E1
1.744498630E1,8.228337765E-1,-1.441241837E1,6.281245232E0,1.574321759E1
1.745504365E1,7.575657368E-1,-1.363247490E1,7.543933868E0,1.559901330E1
1.746497646E1,6.426483989E-1,-1.273389721E1,8.735161781E0,1.545536109E1
1.747496542E1,5.054860711E-1,-1.183432865E1,9.816312790E0,1.538398023E1
1.748497594E1,-1.004699945E0,-1.098763561E1,1.071383286E1,1.537932940E1
1.749498578E1,-1.056602597E0,-9.536506653E0,1.175086689E1,1.517050562E1
1.750499021E1,-1.118261576E0,-9.495817184E0,1.155606079E1,1.499878642E1
1.751499099E1,-1.386898637E0,-8.030073166E0,1.238591194E1,1.482620577E1
1.752498787E1,-3.033850670E0,-6.783687115E0,1.275208569E1,1.475934789E1
1.753498526E1,-3.104677677E0,-5.197060585E0,1.305346394E1,1.438893265E1
1.754498865E1,-1.429587364E0,2.204847336E-1,1.465265656E1,1.472388120E1
1.755498500E1,-1.583922029E0,3.129009247E0,1.541754627E1,1.581139592E1
1.756498787E1,1.226801872E-1,5.011209488E0,1.472704506E1,1.555677110E1
1.757498578E1,1.418384075E0,5.198668480E0,1.391323280E1,1.492032219E1
1.758498578E1,2.956534386E0,4.536897659E0,1.229530239E1,1.343499151E1
1.759498630E1,4.643160820E0,3.008729935E0,9.597991943E0,1.107848580E1
1.760498266E1,5.640620708E0,1.120096207E0,6.232781887E0,8.480494534E0
1.761497459E1,5.711971283E0,-1.863349915E0,2.263635159E0,6.420493203E0
1.762498448E1,4.958853722E0,-4.941958427E0,-1.932278633E0,7.262705009E0
1.763497323E1,4.725079060E0,-7.915153503E0,-5.586919785E0,1.077913261E1
1.764499578E1,3.296278477E0,-9.175612450E0,-7.587259769E0,1.235410160E1
1.765497729E1,1.972247362E0,-8.916090965E0,-9.001871109E0,1.282264096E1
1.766497719E1,4.671841860E-1,-7.393993855E0,-9.283571243E0,1.187746190E1
1.767497667E1,-1.582590580E0,-4.382974148E0,-9.244189262E0,1.035229880E1
1.768497745E1,-1.658612370E0,-1.217138767E0,-7.916965485E0,8.179900015E0
1.769497484E1,-3.266387939E0,2.616717815E0,-6.097692013E0,7.395833299E0
1.770497719E1,-3.460642815E0,3.837539673E0,-4.626715183E0,6.936083392E0
1.771497641E1,-3.508889675E0,5.270498753E0,-3.606007338E0,7.286546011E0
1.772497432E1,-3.452211142E0,5.244639397E0,-3.427983046E0,7.153675414E0
1.773497641E1,-3.333579063E0,5.067058086E0,-3.284880400E0,6.897700071E0
1.774497667E1,-3.210480690E0,3.850851059E0,-3.133765221E0,5.912421213E0
1.775497537E1,-3.026141405E0,1.896469116E0,-3.023814201E0,4.679484933E0
1.776497141E1,-2.836683273E0,6.235914230E-1,-2.973588467E0,4.156665325E0
1.777497537E1,-2.666379929E0,-6.505088806E-1,-3.632157326E0,4.552505966E0
1.778497589E1,-2.535811424E0,-8.975734711E-1,-3.534967661E0,4.442068671E0
1.779497589E1,-2.450322628E0,-1.047698975E0,-3.456929684E0,4.364873075E0
1.780497292E1,-2.404871464E0,-1.078595161E0,-3.406101704E0,4.306774094E0
1.781498026E1,-2.380276442E0,-1.005177021E0,-4.479255199E0,5.171056364E0
1.782498938E1,-2.994512558E0,1.985311508E-1,-4.336300373E0,5.273520741E0
1.783497568E1,-2.979334831E0,1.232895851E0,-4.196745396E0,5.292366213E0
1.784497667E1,-3.527028799E0,1.087212563E0,-4.231704235E0,5.615094304E0
1.785497537E1,-3.487164974E0,1.045893669E0,-4.068887711E0,5.459859002E0
1.786497537E1,-3.434389353E0,2.694956779E0,-3.907374382E0,5.858788000E0
1.787497875E1,-3.334548473E0,2.682626724E0,-3.746908188E0,5.688147381E0
1.788497537E1,-3.156829834E0,2.646430969E0,-3.550008297E0,5.437989554E0
1.789497771E1,-2.264841557E0,2.624628067E0,-3.517219782E0,4.938523541E0
1.790497537E1,-2.057058811E0,2.550790787E0,-3.327118874E0,4.669876293E0
1.791497484E1,-1.258508682E0,2.442621231E0,-3.120620251E0,4.157945807E0
1.792497745E1,-1.064118385E0,2.303029060E0,-2.921684980E0,3.869435865E0
1.793497745E1,2.401401848E-1,1.624844551E0,-2.930235147E0,3.359176260E0
1.794497589E1,3.652531207E-1,5.234289169E-1,-2.744972467E0,2.818201824E0
1.795497641E1,4.812355042E-1,5.084667206E-1,-2.567190170E0,2.660938065E0
1.796497406E1,5.886375308E-1,4.974975586E-1,-2.396577835E0,2.517455716E0
1.797497537E1,6.636541486E-1,4.883899689E-1,-2.232731104E0,2.379926422E0
1.798502802E1,5.330592394E-1,3.827476501E-1,-2.276480913E0,2.369179872E0
1.799498505E1,5.519509912E-1,3.763589859E-1,-2.125239849E0,2.227765786E0
1.800499563E1,5.728380084E-1,3.736906052E-1,-1.984908462E0,2.099440319E0
1.801497474E1,5.943828821E-1,3.745641708E-1,-1.856876135E0,1.985340855E0
1.802497459E1,6.148275733E-1,3.771219254E-1,-1.733856916E0,1.877896083E0
1.803497589E1,4.363777041E-1,2.813043594E-1,-1.813868284E0,1.886710311E0
1.804497901E1,4.585079551E-1,2.864551544E-1,-1.695628762E0,1.779731159E0
1.805497797E1,4.811907411E-1,2.927885056E-1,-1.580706477E0,1.678065137E0
1.806497667E1,5.044065118E-1,3.001842499E-1,-3.184430122E0,3.238075311E0
1.807497615E1,3.668645620E-1,2.286844254E-1,-3.228961945E0,3.257772462E0
1.808497615E1,3.898545206E-1,2.381143570E-1,-3.227787495E0,3.259953543E0
1.809498188E1,4.149026573E-1,2.482557297E-1,-3.214012623E0,3.250177266E0
1.810497615E1,4.403873384E-1,2.589931488E-1,-3.174612522E0,3.215460018E0
1.811497485E1,-6.404377818E-1,2.704801559E-1,-3.094879627E0,3.172002518E0
1.812500219E1,-6.989997625E-1,1.759138107E-1,-2.927148342E0,3.014588488E0
1.813497302E1,-7.168877125E-1,1.831693649E-1,-2.742840767E0,2.840889734E0
1.814497615E1,-6.925078034E-1,1.921834946E-1,-2.578343868E0,2.676631961E0
1.815497250E1,3.897410631E-1,1.223918915E0,-2.438798666E0,2.756377068E0
1.816498875E1,4.179106951E-1,1.291803360E0,-2.306700706E0,2.676616039E0
1.817498672E1,2.485473901E-1,1.400207520E0,-2.166888952E0,2.591865088E0
1.818498120E1,2.794668972E-1,2.252545357E0,-2.015944004E0,3.035801798E0
1.819497589E1,3.105228245E-1,2.317137718E0,-1.865401149E0,2.990864938E0
1.820497589E1,3.417010307E-1,2.363644600E0,-1.725480914E0,2.946329882E0
1.821497641E1,-1.293801308E0,2.360086441E0,-1.624375939E0,3.143648680E0
1.822500271E1,-1.972556233E0,2.332481384E0,-1.530894041E0,3.416882214E0
1.823497719E1,-2.665656090E0,2.294774055E0,-1.444605947E0,3.802446146E0
1.824497589E1,-3.481735945E0,2.184379578E0,-1.383589268E0,4.336855841E0
1.825497563E1,-4.222781658E0,2.077473640E0,-1.357948422E0,4.898143074E0
1.826497953E1,-4.131031513E0,1.211886406E0,-1.350331903E0,4.511927113E0
1.827497641E1,-3.236059189E0,1.112570763E0,-1.334458828E0,3.672965170E0
1.828497458E1,-2.154126167E0,1.171550751E-1,-1.238270283E0,2.487428019E0
1.829497745E1,-8.186680675E-1,1.445159912E-1,-1.067249537E0,1.352820701E0
1.830497589E1,8.242033720E-1,1.723127365E-1,5.975022912E-1,1.032478506E0
1.831497615E1,1.983451128E0,1.166024208E0,4.803506732E-1,2.350410092E0
1.832500219E1,3.130819798E0,2.486396790E0,5.606890321E-1,4.037149216E0
1.833500427E1,3.985775232E0,3.541723251E0,6.384444237E-1,5.370085574E0
1.834497375E1,4.119662285E0,4.655386925E0,7.142058611E-1,6.257342469E0
1.835499453E1,4.139517784E0,5.576512337E0,7.887591720E-1,6.989652234E0
1.836497151E1,4.016230106E0,6.256195068E0,6.103357673E-1,7.459396138E0
1.837497484E1,3.228682041E0,6.294825554E0,6.334508061E-1,7.102849879E0
1.838497360E1,2.425546646E0,6.256443024E0,6.554433703E-1,6.742103667E0
1.839497771E1,6.881299615E-1,6.123128891E0,6.765595078E-1,6.198706561E0
1.840498005E1,6.320517659E-1,5.194139481E0,6.943742633E-1,5.278326439E0
1.841497823E1,3.826962709E-1,5.031291008E0,5.137891769E-1,5.071915315E0
1.842500037E1,3.786762953E-1,4.066699982E0,5.742556453E-1,4.124465302E0
1.843497485E1,-1.190142155E0,3.986471176E0,5.958207250E-1,4.202783973E0
1.844497589E1,-1.284653544E0,3.920434952E0,6.182945967E-1,4.171622364E0
1.845497875E1,-1.312101841E0,3.853121758E0,4.413741231E-1,4.094260573E0
1.846497484E1,-1.310670376E0,3.754011154E0,4.653638899E-1,4.003376091E0
1.847497563E1,-1.244704247E0,2.907077789E0,4.902770519E-1,3.200118986E0
1.848497563E1,-1.131747723E0,2.745183945E0,5.166624784E-1,3.013938937E0
1.849497380E1,2.760179937E-1,1.518074036E0,-1.413523436E0,2.092554232E0
1.850497484E1,1.106692255E-1,-1.275863647E-1,-1.543873072E0,1.553084035E0
1.851497432E1,1.461492181E-1,-1.078872681E-1,-2.419216871E0,2.426027520E0
1.852501735E1,1.825799197E-1,-8.813667297E-2,-2.509153128E0,2.517330514E0
1.853497797E1,2.196822166E-1,-1.960075855E0,-2.597416162E0,3.261399754E0
1.854497386E1,2.580061555E-1,-2.790364265E0,-2.659272671E0,3.863215118E0
1.855497568E1,9.864915907E-2,-3.631721973E0,-2.658313036E0,4.501751253E0
1.856497797E1,1.410981715E-1,-4.416048050E0,-2.516140938E0,5.084521048E0
1.857497589E1,1.837508231E-1,-5.230575562E0,-1.689713955E0,5.499801662E0
1.858497589E1,1.492388964E0,-5.980682373E0,-1.465606689E0,6.335912676E0
1.859497953E1,1.584390879E0,-6.677951813E0,-3.709219098E-1,6.873348379E0
1.860497953E1,1.770366311E0,-7.703051567E0,7.009040713E-1,7.934889214E0
1.861498396E1,2.371173859E0,-7.809237957E0,7.966772318E-1,8.200082777E0
1.862503552E1,2.403724194E0,-8.650186539E0,8.933474422E-1,9.022288335E0
1.863498604E1,2.409022570E0,-9.616019249E0,9.905970097E-1,9.962554812E0
1.864498708E1,2.374745846E0,-9.749730110E0,8.531280756E-1,1.007097228E1
1.865497953E1,2.299529552E0,-9.686636925E0,8.816760182E-1,9.994804834E0
1.866498578E1,2.198372364E0,-9.623407364E0,9.102792740E-1,9.913194172E0
1.867498630E1,2.062924862E0,-9.559744835E0,9.390936494E-1,9.824778734E0
1.868498578E1,1.912432194E0,-9.495482445E0,9.682164192E-1,9.734424831E0
1.869506427E1,1.727475882E0,-9.629964828E0,2.669380188E0,1.014130101E1
1.870498531E1,9.183970690E-1,-9.563342094E0,3.503958702E0,1.022637237E1
1.871500188E1,7.447606921E-1,-7.554543495E0,4.401325226E0,8.774819636E0
1.872497360E1,5.525458455E-1,-6.069610119E0,5.408072472E0,8.148172910E0
1.873498969E1,-5.899727941E-1,-4.202060223E0,6.622827053E0,7.865571574E0
1.874498787E1,-8.538463116E-1,-2.125604630E0,7.823359489E0,8.151822021E0
1.875498578E1,-9.201878905E-1,3.297681808E-1,8.789258957E0,8.843447621E0
1.876498531E1,-9.751931429E-1,2.310005188E0,1.022716808E1,1.053005663E1
1.877498344E1,-2.902766943E0,4.324821472E0,9.960943222E0,1.124057501E1
1.878498474E1,-3.682932138E0,5.989645004E0,9.548419952E0,1.185799983E1
1.879498813E1,-3.561353683E0,6.025067329E0,6.538723946E0,9.578078472E0
1.880498734E1,-2.706632137E0,6.008461952E0,4.383472443E0,7.914689079E0
1.881498500E1,-2.484747410E0,6.026990891E0,1.915405035E0,6.794657117E0
1.882498344E1,-6.637257338E-1,6.101727486E0,-1.474526644E0,6.312356056E0
1.883498500E1,-7.443094254E-1,7.101785660E0,-3.321767330E0,7.875499621E0
1.884498630E1,1.909140587E0,8.174800873E0,-5.335134983E0,9.946650309E0
1.885498396E1,3.356983900E0,9.009551048E0,-6.680042267E0,1.170744702E1
1.886499880E1,3.528887272E0,9.160752296E0,-6.942770958E0,1.202391353E1
1.887498110E1,3.477795601E0,9.225857735E0,-7.018258095E0,1.210237414E1
1.888514542E1,2.640886545E0,9.103652000E0,-6.912180901E0,1.173153896E1
1.889497255E1,2.555915356E0,7.487044334E0,-6.639849663E0,1.032841419E1
1.890496464E1,1.774958968E0,5.189040184E0,-5.659434795E0,7.880724559E0
1.891498110E1,8.239188194E-1,2.133729935E0,-5.352731705E0,5.820943425E0
1.892497719E1,-4.718461633E-1,-1.148436546E0,-5.149630547E0,5.297191715E0
1.893497537E1,-6.737126708E-1,-3.653996468E0,-5.718686104E0,6.819747041E0
1.894497484E1,-6.717203259E-1,-4.944004059E0,-6.445125103E0,8.150706836E0
1.895497693E1,-6.265668869E-1,-4.281619072E0,-7.325063705E0,8.507726267E0
1.896497563E1,6.525895596E-1,-2.647655487E0,-7.010204792E0,7.521896299E0
1.897497563E1,7.647870183E-1,-8.708305359E-1,-5.789348125E0,5.904218553E0
1.898497563E1,1.403946161E0,1.210737228E-1,-4.719321728E0,4.925212812E0
1.899497537E1,1.373325348E0,1.914175034E0,-3.625196695E0,4.323440719E0
1.900497432E1,1.329521060E0,2.627182007E0,-2.582549572E0,3.916538502E0
1.901497458E1,1.288967848E0,2.645496368E0,-1.588053465E0,3.343950202E0
1.902497589E1,1.290619135E0,2.522421837E0,-7.581060529E-1,2.933092986E0
1.903497797E1,1.328492641E0,1.215502739E0,-5.716257095E-1,1.889205007E0
1.904497485E1,1.358828068E0,1.777963638E-1,-5.970195532E-1,1.494810226E0
1.905497620E1,1.413696051E0,-1.171027184E0,-1.687251687E0,2.493322972E0
1.906499865E1,2.078500509E0,-1.850986481E0,-1.701366186E0,3.262048776E0
1.907497516E1,2.084718943E0,-1.904531956E0,-1.672216415E0,3.281707297E0
1.908497537E1,2.061035395E0,-1.894794464E0,-1.610648513E0,3.229907366E0
1.909497563E1,1.955240011E0,-1.814899921E0,-1.565114617E0,3.092961201E0
1.910497641E1,1.084169269E0,-1.668791771E0,-1.558382154E0,2.527616251E0
1.911497589E1,3.102660179E-2,-8.927135468E-1,-1.576014757E0,1.811552550E0
1.912497693E1,-1.377033114E0,-8.376121521E-1,-2.171505451E0,2.704302173E0
1.913497693E1,-3.755519867E0,-8.454132080E-1,-2.251101494E0,4.459384587E0
1.914497589E1,-4.718261242E0,-9.084110260E-1,-2.258085489E0,5.309062989E0
1.915498084E1,-4.915516853E0,-1.004631042E0,-2.237119913E0,5.493295457E0
1.916497432E1,-5.828930855E0,-1.697069168E0,-2.146110773E0,6.439120291E0
1.917498084E1,-5.838212967E0,-1.696623802E0,-1.982437849E0,6.394788722E0
1.918497875E1,-5.724811077E0,-1.617765903E0,-1.130526543E0,6.055470143E0
1.919497511E1,-5.481077671E0,-1.469057083E0,-8.929591179E-1,5.744363945E0
1.920497432E1,-4.181230545E0,5.014743805E-1,1.725938320E-1,4.214730603E0
1.921497615E1,-3.325720787E0,4.230527878E-1,3.538837433E-1,3.371146113E0
1.922499834E1,-3.007441998E0,4.474515915E-1,5.331677198E-1,3.086938307E0
1.923497802E1,-1.840497732E0,1.892744064E0,1.196187973E0,2.898409506E0
1.924498464E1,-1.618165731E0,2.564205170E0,1.263188004E0,3.284699746E0
1.925497307E1,-1.405649900E0,2.710405350E0,1.329626322E0,3.330173413E0
1.926497589E1,-1.220393538E0,3.474793434E0,1.344336152E0,3.920559844E0
1.927497589E1,-1.521158814E-1,3.508107185E0,1.356768727E0,3.764409203E0
1.928498162E1,-1.040433645E0,3.535525322E0,1.371489525E0,3.932356163E0
1.929497589E1,-1.047874808E0,3.538368225E0,1.342939258E0,3.927031597E0
1.930498005E1,-1.094871163E0,3.538666725E0,1.311405897E0,3.929464402E0
1.931497563E1,-1.792845726E0,3.504699707E0,1.249270797E0,4.130120259E0
1.932497693E1,-1.851520300E0,3.420981407E0,1.129749060E0,4.050626389E0
1.933497693E1,-2.598251104E0,3.311959267E0,9.909554720E-1,4.324578099E0
1.934497849E1,-2.646113634E0,2.645380974E0,8.463101387E-1,3.836169797E0
1.935497771E1,-2.709314108E0,2.534558296E0,1.949025393E-1,3.715152176E0
1.936497511E1,-3.298783779E0,1.812694550E0,1.004126072E-1,3.765357705E0
1.937497563E1,-3.222073793E0,1.664780617E0,-2.952384949E-2,3.626861686E0
1.938497589E1,-3.089018345E0,2.694625854E-1,-1.753305197E-1,3.105702048E0
1.939499516E1,-2.246585846E0,2.834873199E-1,-8.247612715E-1,2.409926177E0
1.940497120E1,-1.343467712E0,2.006130219E-1,-8.228582144E-1,1.588158279E0
1.941500292E1,6.118236184E-1,2.199449539E-1,-7.237249613E-1,9.728729323E-1
1.942497464E1,7.220129371E-1,1.550739288E0,1.764096022E-1,1.719655596E0
1.943498922E1,2.114347458E0,3.177618027E0,2.232562304E-1,3.823292408E0
1.944497615E1,3.174849510E0,5.102829933E0,2.192319632E-1,6.013867757E0
1.945497979E1,4.160028934E0,6.822144508E0,1.855158806E-1,7.992616128E0
1.946497354E1,5.029847145E0,8.016954422E0,2.010798454E-1,9.466327356E0
1.947497667E1,5.125789642E0,8.698707581E0,2.825011015E-1,1.010054652E1
1.948497667E1,5.616909504E0,8.699458122E0,4.121940136E-1,1.036340426E1
1.949497589E1,5.351479530E0,7.667467117E0,3.090341091E-1,9.355420206E0
1.950497667E1,3.990170717E0,6.143258095E0,1.648231745E-1,7.327226559E0
1.951497641E1,2.813161373E0,4.490933418E0,8.582615852E-2,5.299974152E0
1.952497432E1,1.356022000E0,3.150085449E0,1.421101093E-1,3.432496072E0
1.953497537E1,7.067296654E-2,2.397641182E0,2.716504335E-1,2.414015713E0
1.954498005E1,-1.651012897E0,2.330137253E0,1.601529241E0,3.274183732E0
1.955497432E1,-2.622225285E0,2.300799370E0,1.613885999E0,3.843744424E0
1.956497380E1,-2.847321510E0,2.304532051E0,1.625783443E0,4.007652625E0
1.957497865E1,-3.025350809E0,2.352143288E0,1.639615655E0,4.168172868E0
1.958497953E1,-3.098119259E0,2.417805672E0,1.660741687E0,4.266402484E0
1.959499151E1,-3.038651705E0,2.439257622E0,1.487954259E0,4.171017838E0
1.960497386E1,-2.350795984E0,2.395742416E0,1.477674842E0,3.667335057E0
1.961497380E1,-2.153902531E0,2.261460304E0,-1.941083670E-1,3.129085630E0
1.962497849E1,-1.333141804E0,1.131156921E0,-3.712621927E-1,1.787349620E0
1.963497797E1,-1.907014400E-1,-2.421951294E-2,-1.105460286E0,1.122049940E0
1.964497667E1,-2.914517820E-1,-1.080187798E0,-1.154051781E0,1.607353518E0
1.965497250E1,-1.929049790E-1,-2.428114891E0,-1.170233965E0,2.702295651E0
1.966497563E1,-5.614037067E-2,-4.757196426E0,-1.164198399E0,4.897900315E0
1.967497901E1,2.281711996E-2,-5.641044617E0,-1.155654430E0,5.758249921E0
1.968497459E1,-1.278929263E-1,-6.405638695E0,-1.139196754E0,6.507406006E0
1.969497615E1,-7.703652978E-2,-6.549874783E0,-1.098774433E0,6.641844589E0
1.970497589E1,1.082484126E0,-7.592761993E0,-1.040379643E0,7.739780124E0
1.971497380E1,2.192571878E0,-7.666636467E0,-9.841556549E-1,8.034503626E0
1.972497485E1,2.291977644E0,-7.736612320E0,-9.144457579E-1,8.120624530E0
1.973497719E1,2.387770891E0,-8.407712936E0,-8.228186369E-1,8.778844865E0
1.974497667E1,2.451179266E0,-8.462151527E0,-6.725542545E-1,8.835644713E0
1.975501250E1,2.497014999E0,-9.627555847E0,2.246224880E-1,9.948636628E0
1.976516854E1,2.467046976E0,-9.551261902E0,4.532104731E-1,9.875136679E0
1.977497380E1,2.340924025E0,-9.473018646E0,1.937203050E0,9.948405059E0
1.978497573E1,2.167428732E0,-9.592967033E0,2.936870098E0,1.026391591E1
1.979498214E1,1.411188602E0,-9.511678696E0,4.318388939E0,1.054096618E1
1.980497745E1,1.242265582E0,-9.428665161E0,5.805317402E0,1.114202229E1
1.981497641E1,-4.169117212E-1,-9.352774620E0,7.284444809E0,1.186218128E1
1.982498110E1,-4.656851292E-1,-8.205273628E0,8.562432289E0,1.186838762E1
1.983497823E1,-2.022975206E0,-4.642578125E0,9.468730927E0,1.073791533E1
1.984497589E1,-3.149138927E0,-2.085738659E0,9.366612434E0,1.009954505E1
1.985497589E1,-4.066471100E0,4.128265381E-1,9.072535515E0,9.950754425E0
1.986497302E1,-4.244638920E0,3.692135811E0,7.782698631E0,9.603084108E0
1.987499203E1,-4.274317741E0,6.076550484E0,6.247429848E0,9.706937603E0
1.988498474E1,-4.194944382E0,7.581498146E0,4.796930790E0,9.903899106E0
1.989498787E1,-3.322203398E0,8.241618156E0,3.430563211E0,9.525233288E0
1.990498735E1,-1.764648676E0,8.239687920E0,2.315045595E0,8.738757238E0
1.991498604E1,-4.759477377E-1,8.193782806E0,1.846168399E0,8.412665492E0
1.992503396E1,1.744696617E0,8.092987061E0,8.085729480E-1,8.318304879E0
1.993497453E1,3.256484985E0,7.180986404E0,3.986032009E-1,7.894944250E0
1.994498891E1,4.699674606E0,7.044011116E0,-1.208590627E0,8.553696588E0
1.995497490E1,5.747860432E0,6.943098068E0,-1.256606102E0,9.100745531E0
1.996497698E1,5.855999947E0,6.867927551E0,-1.251209974E0,9.111898300E0
1.997498709E1,5.714419842E0,6.777053833E0,-3.370408535E0,9.483812866E0
1.998500662E1,4.082724094E0,5.853724480E0,-4.630237103E0,8.507280526E0
1.999498500E1,2.819725275E0,4.838118553E0,-5.672592163E0,7.970981345E0
2.000498943E1,1.791531324E0,3.320396423E0,-6.426811218E0,7.452417013E0
2.001498552E1,-5.577511191E-1,2.496051788E-2,-7.490175247E0,7.510954305E0
2.002498709E1,-5.962475538E-1,-2.201774120E0,-8.319522858E0,8.626574117E0
2.003498240E1,-1.650269628E0,-3.196480751E0,-8.310065269E0,9.055278230E0
2.004498787E1,-1.741324425E0,-3.212687969E0,-8.201231003E0,8.978516843E0
2.005498917E1,-6.806025505E-1,-3.067404270E0,-7.984984875E0,8.580919079E0
2.006498474E1,-8.755330443E-1,-1.502060890E0,-7.646353245E0,7.841521726E0
2.007498604E1,-8.430270553E-1,4.908370972E-2,-6.350517750E0,6.406417058E0
2.008498500E1,-7.725697756E-1,1.241474152E0,-5.035096645E0,5.243121242E0
2.009498761E1,-7.003708482E-1,2.335168839E0,-3.519715071E0,4.281579966E0
2.010508084E1,-6.291242838E-1,2.502527237E0,-1.929803848E0,3.222201550E0
2.011497958E1,-7.589152455E-1,3.101127625E0,-6.215283871E-1,3.252574738E0
2.012496542E1,-6.885250807E-1,2.995344162E0,1.147086978E0,3.280542938E0
2.013497240E1,-6.204048395E-1,1.830478668E0,1.380405784E0,2.375094619E0
2.014497563E1,4.137957096E-1,1.595344543E-1,1.567854285E0,1.629369569E0
2.015497875E1,5.146881938E-1,1.940870285E-1,1.703985572E0,1.790569893E0
2.016497719E1,6.467611790E-1,-1.554842949E0,-5.699318647E-1,1.777824218E0
2.017498761E1,1.523671865E0,-2.262735367E0,-6.789543629E-1,2.811143241E0
2.018497511E1,1.620372653E0,-2.341425896E0,-1.393490911E0,3.170126130E0
2.019497979E1,1.692448258E0,-2.361733437E0,-1.346269131E0,3.202281453E0
2.020497693E1,1.611813903E0,-2.261412144E0,-1.258549094E0,3.048913702E0
2.021497458E1,9.139338136E-1,-1.600639343E0,-1.154219747E0,2.174751606E0
2.022498266E1,-6.498336196E-1,-1.478225708E0,-1.040338874E0,1.920869582E0
2.023497537E1,-6.500571370E-1,-8.264417648E-1,-9.563783407E-1,1.421351400E0
2.024497589E1,-2.033005714E0,-7.804613113E-1,-8.903628588E-1,2.352653420E0
2.025497589E1,-2.904385090E0,-7.577819824E-1,-8.662943840E-1,3.124124236E0
2.026497484E1,-3.089230061E0,-7.406101227E-1,-8.683195114E-1,3.293299940E0
2.027498448E1,-3.984290838E0,-7.380495071E-1,-8.444216251E-1,4.139122907E0
2.028497886E1,-4.031996250E0,-7.333993912E-1,-7.972977161E-1,4.174991267E0
2.029516078E1,-3.962729454E0,-7.137584686E-1,-7.394216061E-1,4.093827083E0
2.030497443E1,-3.818676472E0,-6.662817001E-1,-6.364543438E-1,3.928268758E0
2.031497771E1,-2.798168421E0,3.405618668E-1,-4.645175934E-1,2.856834873E0
2.032498526E1,-2.529907227E0,3.633804321E-1,5.279742479E-1,2.609833849E0
2.033498448E1,-4.551923871E-1,3.869543076E-1,6.708023548E-1,8.982814395E-1
2.034497927E1,-3.232422471E-1,1.572352409E0,1.349867582E0,2.097360279E0
2.035497849E1,-3.940525055E-1,1.705595016E0,1.407313228E0,2.246077082E0
2.036497719E1,-2.268202752E-1,2.624814987E0,1.441562772E0,3.003199024E0
2.037498318E1,-1.032505259E-1,3.241978645E0,1.405418992E0,3.535009017E0
2.038497511E1,-5.662280321E-2,3.267838478E0,1.319164038E0,3.524509642E0
2.039497823E1,-2.105839998E-1,3.280666351E0,1.165448666E0,3.487891616E0
2.040497563E1,-1.530529618E0,3.280044556E0,4.803452492E-1,3.651293573E0
2.041497458E1,-2.188800573E0,3.256647110E0,4.029750824E-1,3.944488213E0
2.042498136E1,-2.329874277E0,3.205018997E0,3.502995968E-1,3.977834930E0
2.043497719E1,-3.235100746E0,3.108350754E0,2.959768772E-1,4.496145411E0
2.044497458E1,-3.289278030E0,2.418310165E0,2.547093630E-1,4.090531857E0
2.045498625E1,-3.314086437E0,2.316147804E0,2.348021269E-1,4.050042173E0
2.046498531E1,-3.319598198E0,2.216765404E0,2.373334169E-1,3.998763334E0
2.047499115E1,-3.239273548E0,2.132979393E0,2.463680506E-1,3.886282469E0
2.048497620E1,-3.100457907E0,2.049937248E0,1.952646971E-1,3.721990093E0
2.049497672E1,-2.913430214E0,1.982511520E0,7.237398624E-2,3.524722051E0
2.050497667E1,-1.957668781E0,1.899189949E0,-7.588226795E-1,2.831113099E0
2.051497484E1,-1.716909647E0,1.807779312E0,-8.403146267E-1,2.630964357E0
2.052498110E1,4.516489506E-1,1.733035088E0,-9.062120914E-1,2.007141685E0
2.053497693E1,5.549257398E-1,1.721815109E0,-9.043345451E-1,2.022476407E0
2.054497953E1,2.678399563E0,2.893126488E0,-7.675418854E-1,4.016606234E0
2.055497537E1,3.518453598E0,4.189756393E0,-6.549384594E-1,5.510219482E0
2.056497953E1,4.365302086E0,5.424512863E0,9.343838692E-2,6.963471321E0
2.057498370E1,5.082547188E0,6.404374123E0,1.913030148E-1,8.178318327E0
2.058497380E1,5.181381226E0,7.140768051E0,3.271893263E-1,8.828608759E0
2.059497406E1,5.715398788E0,7.231871605E0,2.026808500E0,9.437886571E0
2.060497589E1,5.564915180E0,7.228991508E0,2.074537754E0,9.355763255E0
2.061497641E1,5.307326317E0,7.061219215E0,1.027433753E0,8.892926940E0
2.062497953E1,4.002331257E0,5.394499779E0,3.110260963E-1,6.724285879E0
2.063497521E1,2.901984215E0,3.801866531E0,2.813693285E-1,4.791124107E0
2.064496682E1,1.543815613E0,2.492465019E0,3.426030874E-1,2.951800365E0
2.065497208E1,-3.499965966E-1,1.640319824E0,1.948632479E0,2.571053341E0
2.066497386E1,-4.256238341E-1,1.539706230E0,1.954708457E0,2.524427871E0
2.067498084E1,-2.272117138E0,1.512167931E0,1.940839767E0,3.349033762E0
2.068497906E1,-2.504738569E0,1.566309929E0,1.699720383E0,3.408238764E0
2.069497537E1,-3.193413973E0,1.706784248E0,1.661647081E0,3.983977447E0
2.070497589E1,-3.210760117E0,2.766504288E0,6.274155378E-1,4.284410900E0
2.071497797E1,-3.050171375E0,2.829331398E0,4.861909151E-1,4.188680363E0
2.072498240E1,-1.894462943E0,2.728384972E0,-6.194746494E-1,3.378878991E0
2.073497511E1,-7.121853232E-1,1.768382072E0,-1.651312113E0,2.522144877E0
2.074497901E1,-6.058747172E-1,-1.126909256E-1,-1.760574102E0,1.865316217E0
2.075497537E1,-5.034916997E-1,-9.813499451E-2,-1.818995118E0,1.889941165E0
2.076497490E1,-4.029457569E-1,-2.322330952E0,-1.845768094E0,2.993734489E0
2.077498005E1,-5.031988025E-1,-3.833368778E0,-1.808362961E0,4.268266841E0
2.078497406E1,-4.037034512E-1,-5.206054211E0,-1.684197307E0,5.486574294E0
2.079497406E1,-3.400679231E-1,-6.351607800E0,-8.509821892E-1,6.417377854E0
2.080497797E1,1.210111141E0,-7.245378494E0,-7.007195950E-1,7.379084391E0
2.081502563E1,1.354214549E0,-7.385533333E0,1.260161400E-2,7.508672217E0
2.082500068E1,2.181737423E0,-8.295240402E0,9.021806717E-2,8.577827861E0
2.083498391E1,2.292226791E0,-8.318594933E0,1.609877348E-1,8.630135710E0
2.084497646E1,2.412116289E0,-8.334173203E0,2.293789387E-1,8.679248969E0
2.085497615E1,3.120903015E0,-8.347546577E0,2.917834520E-1,8.916653356E0
2.086497667E1,3.088568687E0,-8.348683357E0,3.582686186E-1,8.908879096E0
2.087498917E1,3.032907724E0,-8.343500137E0,4.097111225E-1,8.887091032E0
2.088497511E1,2.918142557E0,-8.358276367E0,4.909890890E-1,8.866645933E0
2.089497641E1,2.779053211E0,-8.379442215E0,6.356854439E-1,8.851117702E0
2.090497745E1,2.515398502E0,-8.422382355E0,2.042606831E0,9.024189538E0
2.091497563E1,1.744034529E0,-8.348389626E0,3.575348616E0,9.247723152E0
2.092498136E1,1.551345229E0,-7.600064754E0,4.717178345E0,9.078514627E0
2.093500167E1,6.786043644E-1,-5.909727097E0,5.868252754E0,8.355942115E0
2.094497615E1,-1.130770326E0,-3.089318275E0,7.038899422E0,7.769725478E0
2.095497615E1,-1.224654317E0,4.373130798E-1,8.122199059E0,8.225639092E0
2.096497537E1,-2.838454962E0,4.210386276E0,9.011281967E0,1.034347049E1
2.097497849E1,-3.133696079E0,7.208437920E0,9.049179077E0,1.198621168E1
2.098498136E1,-4.050488472E0,9.113614082E0,9.610173225E0,1.384990426E1
2.099497854E1,-4.175133705E0,1.011545277E1,9.370777130E0,1.440713678E1
2.100514761E1,-4.247947693E0,1.013156891E1,8.993778229E0,1.419795038E1
2.101498089E1,-4.104539394E0,9.950287819E0,7.850729942E0,1.332251598E1
2.102497906E1,-3.816116095E0,8.502061844E0,6.487060070E0,1.135472351E1
2.103500245E1,-1.408926368E0,6.882401466E0,4.789318085E0,8.502357977E0
2.104497797E1,-1.240595937E0,5.342747688E0,2.792368650E0,6.154783003E0
2.105497797E1,-1.085836768E0,4.532970428E0,6.625561118E-1,4.708061490E0
2.106498214E1,4.033962488E-1,4.598452568E0,-8.849284053E-1,4.700169448E0
2.107498344E1,6.248506904E-1,5.645017624E0,-3.678743362E0,6.766817205E0
2.108497594E1,6.127841473E-1,5.614735603E0,-4.848369598E0,7.443617942E0
2.109497979E1,5.780225992E-1,4.482850075E0,-5.739811897E0,7.305853512E0
2.110497719E1,5.482968688E-1,2.722286224E0,-5.867541313E0,6.491495421E0
2.111497511E1,-8.001902103E-1,-2.012825012E-2,-5.869409561E0,5.923738525E0
2.112498474E1,-7.530248761E-1,-1.538098335E0,-5.814331055E0,6.061290173E0
2.113502745E1,-7.078114152E-1,-3.729743481E0,-6.575584888E0,7.592779468E0
2.114498292E1,-6.657278538E-1,-5.393479824E0,-7.394013405E0,9.176287507E0
2.115498578E1,-1.746463537E0,-5.527740002E0,-8.140325546E0,9.993545137E0
2.116500141E1,-7.795889974E-1,-5.470767498E0,-8.065733910E0,9.777173391E0
2.117499755E1,-7.434041500E-1,-4.294444561E0,-8.533124924E0,9.581707822E0
2.118498037E1,-6.724582911E-1,-2.451573372E0,-8.277914047E0,8.659461480E0
2.119497281E1,3.849169612E-1,3.536510468E-2,-6.917160511E0,6.927952172E0
2.120497594E1,5.327224731E-1,1.606521606E0,-5.360843182E0,5.621685203E0
2.121498734E1,1.261317968E0,3.068018913E0,-3.544914246E0,4.854902685E0
2.122498344E1,1.356125832E0,3.976714134E0,-1.643986225E0,4.511764986E0
2.123502511E1,1.445588589E0,4.030711174E0,9.925473332E-1,4.395623863E0
2.124498735E1,1.499421835E0,3.975537300E0,1.204347849E0,4.416289891E0
2.125499047E1,1.658969522E0,1.778820992E0,2.420475960E0,3.431484790E0
2.126498578E1,2.234512329E0,4.250335693E-2,1.380746126E0,2.627034783E0
2.127499073E1,2.239643812E0,7.057571411E-2,1.455549955E0,2.672005054E0
2.128498656E1,2.246834755E0,-1.531839371E0,-5.011086464E-1,2.765123532E0
2.129498839E1,2.207450867E0,-1.595423698E0,-1.396022677E0,3.060571094E0
2.130498604E1,2.092469692E0,-1.591304779E0,-2.253240108E0,3.462336104E0
2.131498526E1,1.293016315E0,-1.537814140E0,-2.441109657E0,3.161610330E0
2.132498865E1,3.311437964E-1,-1.426796913E0,-3.309003353E0,3.618688828E0
2.133502979E1,-9.051420093E-1,9.811306000E-2,-3.352081776E0,3.473522774E0
2.134507943E1,-2.161581993E0,1.905250549E-2,-3.352370262E0,3.988882812E0
2.135498271E1,-3.378480434E0,4.826068878E-2,-3.253597975E0,4.690667215E0
2.136496573E1,-4.374455452E0,8.134078979E-2,-3.064343929E0,5.341599062E0
2.137498636E1,-4.555969238E0,1.178712845E-1,-2.009874821E0,4.980998508E0
2.138497386E1,-5.291559696E0,1.543979645E-1,-1.763515711E0,5.579823511E0
2.139497537E1,-5.271886826E0,-8.940010071E-1,-6.345894337E-1,5.384675687E0
2.140497771E1,-5.146583557E0,-9.719533920E-1,-4.152609110E-1,5.253994417E0
2.141497563E1,-4.322972298E0,-1.018064499E0,3.607342243E-1,4.455858390E0
2.142497641E1,-3.492287636E0,-1.017276764E0,4.894664288E-1,3.670218295E0
2.143500167E1,-1.861443520E0,-8.852949142E-1,6.363403797E-1,2.157231592E0
2.144497615E1,-6.617014408E-1,1.364126205E-1,6.462579966E-1,9.349366812E-1
2.145497797E1,-4.990000129E-1,1.526212692E-1,6.122843027E-1,8.044789196E-1
2.146497875E1,-3.407528996E-1,1.653184891E-1,5.340043306E-1,6.546780633E-1
2.147497693E1,-1.865662485E-1,1.795053482E-1,4.888839722E-1,5.532058147E-1
2.148497563E1,-2.658361793E-1,9.588813782E-2,5.024039745E-1,5.764314034E-1
2.149497589E1,-1.757361293E-1,1.605393410E0,5.330423117E-1,1.700677892E0
2.150497563E1,-1.273468584E-1,1.682750702E0,5.537350178E-1,1.776088291E0
2.151497537E1,-1.187781692E0,1.764060974E0,5.598331690E-1,2.199124745E0
2.152499641E1,-2.010713816E0,1.839159966E0,5.442588329E-1,2.778794182E0
2.153500854E1,-2.109528542E0,2.433347702E0,5.247024298E-1,3.262913475E0
2.154497360E1,-2.766095161E0,2.475537300E0,5.068166256E-1,3.746522449E0
2.155497438E1,-2.814039707E0,2.519716263E0,4.723578691E-1,3.806692984E0
2.156497979E1,-2.893442392E0,2.537686348E0,4.211624861E-1,3.871593821E0
2.157497719E1,-3.547296047E0,2.562214851E0,3.704977036E-1,4.391528520E0
2.158497849E1,-3.559194088E0,2.567230225E0,3.309626579E-1,4.400916934E0
2.159497719E1,-3.539075375E0,2.556358337E0,3.043437004E-1,4.376373789E0
2.160497693E1,-3.502915859E0,2.432404518E0,2.665175200E-1,4.272943113E0
2.161497693E1,-3.368746758E0,2.311820984E0,2.056387663E-1,4.090875002E0
2.162497537E1,-3.171357393E0,1.489839554E0,1.375064850E-1,3.506570639E0
2.163500349E1,-2.059665203E0,1.428176880E0,8.753287792E-2,2.507901903E0
2.164497380E1,-9.972314835E-1,1.390297890E0,7.776582241E-2,1.712730678E0
2.165497484E1,8.024223447E-1,1.456228256E0,9.771251678E-2,1.665541981E0
2.166497354E1,9.394752383E-1,2.605758667E0,1.142045259E-1,2.772297716E0
2.167497484E1,2.902464628E0,4.291575432E0,8.406114578E-2,5.181600803E0
2.168497432E1,4.142728806E0,6.129549980E0,1.427030563E-2,7.398228745E0
2.169499729E1,5.429974556E0,7.450490952E0,-1.634979248E-2,9.219257368E0
2.170498443E1,6.505772114E0,8.255369186E0,2.630650997E-2,1.051079841E1
2.171501339E1,6.599331856E0,8.332371712E0,1.622010469E-1,1.063042372E1
2.172497552E1,7.170285702E0,8.352527618E0,1.522960424E0,1.111292595E1
2.173499834E1,6.958540916E0,8.242664337E0,1.549264789E0,1.089784513E1
2.174497823E1,5.756620407E0,6.896331787E0,1.568224192E0,9.119067811E0
2.175497667E1,4.319538116E0,4.962157249E0,1.587761045E0,6.767746984E0
2.176497063E1,2.545737267E0,2.911703110E0,1.605270624E0,4.187563373E0
2.177497667E1,8.141878247E-2,1.426898956E0,1.379210830E0,1.986175260E0
2.178497693E1,-2.785054445E0,-1.898031235E-1,1.396661997E0,3.121412857E0
2.179497511E1,-3.733062744E0,-1.767339706E-1,1.376309991E0,3.982614912E0
2.180498005E1,-3.937160492E0,-1.615762711E-1,1.359310985E0,4.168340915E0
2.181498448E1,-4.063937187E0,-2.441759109E-1,1.722680330E-1,4.074909031E0
2.182497589E1,-4.020036221E0,-2.265243530E-1,-4.892691374E-1,4.056031162E0
2.183500193E1,-3.056366205E0,-2.105636597E-1,-6.211527586E-1,3.125946606E0
2.184497615E1,-2.117388248E0,-1.951007843E-1,-1.358462334E0,2.523255283E0
2.185497589E1,-1.311758637E0,-1.793699265E-1,-1.444404721E0,1.959384927E0
2.186497745E1,-1.118541718E0,-2.626218796E-1,-1.549955487E0,1.929369803E0
2.187514932E1,-8.593548834E-2,-1.531195641E0,-1.638165474E0,2.243998912E0
2.188498141E1,2.215395309E-2,-2.565919876E0,-1.655533195E0,3.053723263E0
2.189496261E1,1.289397031E-1,-3.662908077E0,-1.590019584E0,3.995207542E0
2.190497438E1,2.345391959E-1,-4.731411934E0,-1.472615242E0,4.960832911E0
2.191497745E1,1.146759093E-1,-5.703753948E0,-1.308875322E0,5.853128589E0
2.192497641E1,1.916891634E-1,-6.491128445E0,-6.273089647E-1,6.524186521E0
2.193500375E1,1.695298433E0,-6.623356819E0,-5.668247938E-1,6.860334006E0
2.194497823E1,1.841815472E0,-7.609223843E0,-5.147340298E-1,7.845860236E0
2.195497589E1,2.885528803E0,-7.693916321E0,-4.512252808E-1,8.229594709E0
2.196497641E1,3.836579800E0,-8.454727173E0,-3.945441246E-1,9.292869373E0
2.197498084E1,3.886322498E0,-8.514141083E0,-3.299796581E-1,9.364987320E0
2.198497901E1,3.878305674E0,-8.577528000E0,-2.063597441E-1,9.415828473E0
2.199497328E1,3.838869333E0,-8.628764153E0,6.046763659E-1,9.463515312E0
2.200497511E1,3.725665092E0,-8.658855438E0,1.595492721E0,9.560436962E0
2.201497537E1,3.547365189E0,-8.640559196E0,1.686225176E0,9.491386535E0
2.202497563E1,2.743739843E0,-8.529406548E0,4.211291313E0,9.900194892E0
2.203500271E1,1.823396206E0,-7.350066662E0,6.098873138E0,9.723399982E0
2.204497771E1,-4.672569036E-1,-5.502760410E0,7.765835285E0,9.529265387E0
2.205499646E1,-7.796700001E-1,-2.924448013E0,8.995251656E0,9.490776251E0
2.206498714E1,-3.287887573E0,2.273845673E-1,9.704813957E0,1.024916203E1
2.207498401E1,-4.873125553E0,2.824212074E0,9.750642776E0,1.126048671E1
2.208498948E1,-5.925149918E0,5.318113327E0,9.590217590E0,1.246442956E1
2.209497615E1,-6.174300194E0,7.184344292E0,9.218696594E0,1.321821292E1
2.210497823E1,-6.349995613E0,8.262579918E0,7.780762672E0,1.300511203E1
2.211497719E1,-6.285258770E0,8.215272903E0,6.279014587E0,1.210046325E1
2.212497849E1,-5.866715908E0,7.163517952E0,4.771720886E0,1.041650926E1
2.213499985E1,-1.830878258E0,4.116255760E0,3.345711470E0,5.611547195E0
2.214497745E1,-6.660408974E-1,2.950550079E0,1.802356005E0,3.521057145E0
2.215497511E1,1.307817221E0,2.812809944E0,4.613478184E-1,3.136100680E0
2.216497484E1,2.682872772E0,2.857187271E0,-8.486869335E-1,4.010186395E0
2.217497693E1,4.296403408E0,3.865577698E0,-1.002844453E0,5.865788112E0
2.218497615E1,5.394366741E0,4.899672508E0,-1.089095831E0,7.368318190E0
2.219497693E1,5.432760239E0,5.725310326E0,-2.521704197E0,8.285713861E0
2.220497589E1,5.271450043E0,5.754162788E0,-3.506004810E0,8.555153107E0
2.221497380E1,3.975009441E0,5.585131645E0,-4.536793232E0,8.220516309E0
2.222498860E1,3.155528784E0,3.876974106E0,-4.644070625E0,6.823172436E0
2.223499787E1,2.273838043E0,2.106732368E0,-5.156054020E0,6.016107859E0
2.224501547E1,1.058498740E0,-1.094141006E-1,-5.171554089E0,5.279901772E0
2.225497360E1,-4.607233703E-1,-2.284090042E0,-6.487968445E0,6.893697693E0
2.226497432E1,-1.576416969E0,-3.809928894E0,-7.672446728E0,8.710171493E0
2.227497537E1,-1.716440201E0,-4.491148949E0,-8.272381783E0,9.568118216E0
2.228497693E1,-1.785127640E0,-4.424218655E0,-8.160821915E0,9.453010405E0
2.229497693E1,-1.820206404E0,-3.287047863E0,-7.986145020E0,8.825890736E0
2.230497719E1,-1.782474279E0,-1.851028442E0,-7.709078789E0,8.126094795E0
2.231497458E1,-6.791925430E-1,1.062842369E0,-5.584199905E0,5.724877728E0
2.232497667E1,-6.060582399E-1,2.003091812E0,-4.129115105E0,4.629176487E0
2.233499594E1,-7.333400249E-1,2.125853539E0,-2.615132093E0,3.449051569E0
2.234497511E1,-6.600793004E-1,2.163486481E0,-1.253267407E0,2.585934576E0
2.235497511E1,-5.877502561E-1,2.082868576E0,8.441631198E-1,2.323015980E0
2.236497693E1,-5.166422129E-1,1.158340454E0,1.064253926E0,1.655689646E0
2.237497484E1,6.033365726E-1,2.480220795E-2,1.273098350E0,1.409045626E0
2.238498630E1,1.798172474E0,-4.128456116E-2,1.229573607E0,2.178756507E0
2.239498734E1,1.982732534E0,-1.330661774E-2,1.333660364E0,2.389572208E0
2.240507521E1,2.992500782E0,-1.551078796E0,-7.105463743E-1,3.444674515E0
2.241499000E1,3.084169388E0,-1.528490067E0,-8.352947235E-1,3.542047426E0
2.242497917E1,3.119376659E0,-1.449253082E0,-1.593333483E0,3.790719830E0
2.243499771E1,3.028947830E0,-1.348262787E0,-1.621023655E0,3.690535895E0
2.244498865E1,2.103562593E0,-1.260911942E0,-1.632690430E0,2.946277745E0
2.245499021E1,9.504694939E-1,-1.197729111E0,-1.620395303E0,2.227920155E0
2.246498682E1,-6.271070242E-1,-1.155689240E0,-1.587352395E0,2.061205585E0
2.247499229E1,-1.731716156E0,-1.129703522E0,-1.518247843E0,2.565179800E0
2.248498787E1,-2.913949013E0,-1.109174728E0,-1.410412073E0,3.422079725E0
2.249498578E1,-4.045260906E0,-1.138736725E0,-1.310376883E0,4.402038698E0
2.250498656E1,-4.891055584E0,-1.155453682E0,-1.253958106E0,5.179759538E0
2.251498708E1,-4.898363113E0,-1.155133247E0,-1.163284659E0,5.165416267E0
2.252498526E1,-4.780531883E0,-1.128468513E0,-1.023557663E0,5.017429278E0
2.253501886E1,-3.952509165E0,-1.067564011E0,-8.461675644E-1,4.180672334E0
2.254498526E1,-3.683624029E0,-9.764966965E-1,6.776618958E-2,3.811459569E0
2.255498604E1,-2.390693188E0,2.049818039E-1,2.108370066E-1,2.408709966E0
2.256498500E1,-2.099018097E0,2.302198410E-1,3.698362112E-1,2.143748346E0
2.257500922E1,-3.243932128E-1,1.574678421E-1,1.108784914E0,1.165946424E0
2.258497787E1,-1.561660767E-1,1.856212616E-1,1.203056455E0,1.227268483E0
2.259500349E1,7.836654782E-3,2.141380310E-1,1.289532065E0,1.307214388E0
2.260497360E1,1.676485837E-1,1.986316681E0,2.340646267E0,3.074440592E0
2.261497906E1,2.775709629E-1,2.095343590E0,2.369074106E0,3.174905120E0
2.262498448E1,1.792184860E-1,2.796979904E0,2.193710804E0,3.559154807E0
2.263500089E1,2.133016884E-1,2.827302933E0,2.193194628E0,3.584583959E0
2.264497380E1,2.477211505E-1,2.856287003E0,2.189943314E0,3.607712977E0
2.265497745E1,2.801865041E-1,2.888975143E0,2.139882326E0,3.606075183E0
2.266497641E1,-1.584051371E0,2.903594017E0,1.932134986E0,3.830564262E0
2.267497641E1,-2.322748423E0,2.827881813E0,1.883888125E0,4.115957999E0
2.268498995E1,-3.063099861E0,2.711448669E0,7.422014475E-1,4.157571122E0
2.269498136E1,-3.212549686E0,2.042812347E0,-2.210438251E-2,3.807104724E0
2.270497589E1,-4.083779812E0,1.955347061E0,-1.242544651E-1,4.529467833E0
2.271497615E1,-4.105586529E0,1.819298744E0,-2.330386639E-1,4.496664951E0
2.272497641E1,-4.010538578E0,-1.325988770E-2,-3.527543545E-1,4.026044106E0
2.273501703E1,-3.247349739E0,-5.674362183E-4,-4.458754063E-1,3.277817189E0
2.274497745E1,-2.214677811E0,1.436042786E-2,-5.120892525E-1,2.273156270E0
2.275497125E1,-9.505829215E-1,3.606128693E-2,-4.734215736E-1,1.062561195E0
2.276525328E1,5.410036445E-1,-3.733539581E-2,-3.544509411E-1,6.478536445E-1
2.277497500E1,2.133761406E0,1.743870735E0,3.470361233E-1,2.777491125E0
2.278497985E1,3.654685020E0,3.082340240E0,3.880100250E-1,4.796675488E0
2.279497745E1,4.930986881E0,4.747974396E0,3.950400352E-1,6.856671869E0
2.280498188E1,6.043019295E0,6.241913795E0,3.870838881E-1,8.696516772E0
2.281497589E1,6.761522293E0,7.229087830E0,4.165202379E-1,9.907138016E0
2.282497354E1,6.731980801E0,7.367082596E0,4.443305731E-1,9.989539586E0
2.283502016E1,6.559285641E0,8.121161461E0,1.463995576E0,1.054138391E1
2.284498136E1,5.045900822E0,7.239668846E0,1.515964866E0,8.953885725E0
2.285497380E1,3.695102930E0,5.882997513E0,1.323185325E0,7.072076414E0
2.286497354E1,2.213204861E0,4.219429970E0,1.331853032E0,4.947291938E0
2.287497979E1,-1.530427635E-1,2.797391891E0,1.340638518E0,3.105822776E0
2.288498136E1,-2.615828812E-1,1.964278221E0,1.319176197E0,2.380554636E0
2.289497537E1,-2.705290794E0,1.840142250E0,1.300085187E0,3.520645293E0
2.290497432E1,-3.692805290E0,1.732903481E0,1.083692074E0,4.220681686E0
2.291497224E1,-3.942378044E0,1.660006523E0,1.070596576E0,4.409551375E0
2.292497406E1,-4.618526459E0,1.638757706E0,1.061237574E0,5.014233606E0
2.293506307E1,-4.603567123E0,1.657083511E0,1.059127808E0,5.006047117E0
2.294497542E1,-4.448621273E0,1.692611694E0,-2.475023270E-2,4.759808626E0
2.295496984E1,-3.307833672E0,1.693723679E0,-2.032172680E-1,3.721795367E0
2.296498344E1,-2.448891640E0,1.602203369E0,-1.344943523E0,3.220714048E0
2.297497693E1,-1.663254023E0,8.052873611E-1,-1.505355597E0,2.383484246E0
2.298498110E1,-1.450747252E0,-2.243614197E-1,-2.331739902E0,2.755361430E0
2.299497745E1,-2.479891330E-1,-2.089509964E-1,-2.385150909E0,2.407094512E0
2.300497797E1,-3.292613924E-1,-2.129716873E0,-2.427331924E0,3.245927802E0
2.301498136E1,-2.117657065E-1,-3.289820194E0,-2.426320553E0,4.093261908E0
2.302498084E1,-7.897951454E-2,-5.326274872E0,-2.294143438E0,5.799873782E0
2.303501521E1,1.262162328E0,-6.100114822E0,-2.173828840E0,6.597725852E0
2.304497693E1,1.400294900E0,-6.230054855E0,-2.022887707E0,6.698244843E0
2.305497693E1,2.397532940E0,-7.185795784E0,-1.879178882E0,7.804815085E0
2.306497667E1,2.548334360E0,-7.277826309E0,-1.740411043E0,7.905048665E0
2.307497328E1,3.509116888E0,-8.040153503E0,-1.562719464E0,8.910671233E0
2.308498084E1,3.604712486E0,-8.112135887E0,-7.767196894E-1,8.910891888E0
2.309497719E1,3.645044327E0,-8.810576439E0,-6.030086279E-1,9.553859154E0
2.310500349E1,3.654791117E0,-9.833210945E0,2.770122290E-1,1.049410651E1
2.311498011E1,3.571478605E0,-9.753940582E0,1.633352518E0,1.051487788E1
2.312505505E1,3.412170410E0,-9.672677994E0,1.754723310E0,1.040589546E1
2.313501266E1,2.640974522E0,-9.589737892E0,3.418245792E0,1.051771000E1
2.314497745E1,1.740227342E0,-9.708269119E0,4.811530590E0,1.097404698E1
2.315497641E1,6.631079912E-1,-8.507515907E0,6.156601429E0,1.052241799E1
2.316497771E1,-7.673961520E-1,-7.146296501E0,7.386965275E0,1.030658559E1
2.317498005E1,-2.253574848E0,-5.089715004E0,8.343578339E0,1.002991016E1
2.318498318E1,-3.788287401E0,-2.577752113E0,8.393461227E0,9.562746403E0
2.319497615E1,-5.162069798E0,2.593064308E0,8.936115265E0,1.064072851E1
2.320497459E1,-5.324830532E0,4.792330742E0,8.606404305E0,1.119778769E1
2.321497823E1,-5.341148853E0,6.413413048E0,7.545784950E0,1.125160471E1
2.322497511E1,-5.137516975E0,7.370286942E0,7.041335106E0,1.141471026E1
2.323501912E1,-3.335140228E0,7.417510986E0,5.680872440E0,9.920430498E0
2.324497484E1,-9.466620684E-1,7.422684669E0,5.170356274E0,9.095328514E0
2.325497641E1,-7.247523665E-1,7.427151680E0,3.845120907E0,8.394808089E0
2.326497432E1,1.871978045E0,7.420378685E0,2.828171968E0,8.158730190E0
2.327497589E1,3.344844341E0,7.411604881E0,1.602388382E0,8.287793380E0
2.328506563E1,4.414593220E0,7.423593521E0,5.823439360E-1,8.656644761E0
2.329499000E1,4.576930523E0,7.402873993E0,-3.791403770E-1,8.711749755E0
2.330496563E1,4.456464291E0,7.303311348E0,-1.509977579E0,8.687834190E0
2.331496771E1,3.242731810E0,6.166229248E0,-3.715002537E0,7.895501034E0
2.332497849E1,2.382432222E0,4.736712456E0,-5.340427876E0,7.525463313E0
2.333502380E1,2.166133881E0,2.726633072E0,-6.513981342E0,7.386380496E0
2.334497745E1,1.059659004E0,-3.039646149E-2,-7.184960842E0,7.262744898E0
2.335497823E1,-3.975886405E-1,-1.537524223E0,-7.260822773E0,7.432469630E0
2.336497432E1,-4.098562300E-1,-3.475476742E0,-8.585824013E0,9.271639267E0
2.337497406E1,-5.805266500E-1,-4.864897728E0,-9.714702606E0,1.088024300E1
2.338498162E1,-5.913484097E-1,-4.795220375E0,-9.465949059E0,1.062770074E1
2.339497719E1,-6.042806506E-1,-3.468832970E0,-9.097067833E0,9.754721956E0
2.340497563E1,-5.865238905E-1,-1.616954803E0,-7.778224468E0,7.966136390E0
2.341497511E1,-5.262231827E-1,-2.216720581E-2,-6.679302692E0,6.700036319E0
2.342497589E1,-6.657433510E-1,2.003179550E0,-5.387547493E0,5.786329623E0
2.343501781E1,-6.043999791E-1,3.242508888E0,-3.760363102E0,5.001949009E0
2.344497406E1,-5.436181426E-1,3.979233742E0,-1.989869118E0,4.482120141E0
2.345499255E1,-4.819489419E-1,4.027663231E0,-4.658497572E-1,4.083057908E0
2.346497604E1,-4.212054610E-1,3.947502136E0,8.963035941E-1,4.069833816E0
2.347514531E1,-5.567173958E-1,2.785228729E0,9.436655641E-1,2.992981462E0
2.348498089E1,-4.903649092E-1,1.360688210E0,1.139371634E0,1.841221841E0
2.349497797E1,-4.261467159E-1,-4.730987549E-2,1.277446151E0,1.347482065E0
2.350497563E1,-3.634931743E-1,-1.316967964E0,1.415884495E-2,1.366284150E0
2.351497693E1,-3.020937443E-1,-2.150884628E0,-6.412764788E-1,2.264685593E0
2.352497511E1,1.253990293E0,-2.267333984E0,-1.307923555E0,2.902405740E0
2.353501703E1,1.340138316E0,-2.319028854E0,-1.406852126E0,3.025408805E0
2.354497641E1,1.403940082E0,-2.267799377E0,-1.980023742E0,3.321815134E0
2.355497511E1,1.347848177E0,-2.174425125E0,-1.913641095E0,3.194814795E0
2.356497979E1,1.212546587E0,-2.066271782E0,-1.836610913E0,3.018756027E0
2.357497511E1,-4.105741084E-1,-1.396701813E0,-1.741446733E0,2.269798180E0
2.358498188E1,-4.166029990E-1,-1.343539238E0,-1.613898516E0,2.140869954E0
2.359497302E1,-4.219708443E-1,-1.269595146E0,-1.471561551E0,1.988824936E0
2.360497745E1,-1.595501065E0,-1.215102196E0,-1.327806950E0,2.405237679E0
2.361497485E1,-1.740017176E0,-1.184332848E0,-1.213889003E0,2.429779944E0
2.362497511E1,-2.382749319E0,-1.174322128E0,-1.121499062E0,2.883450524E0
2.363504490E1,-2.413458347E0,-1.139410973E0,-1.023166537E0,2.858305148E0
2.364497724E1,-2.346184731E0,-1.080951691E0,-8.968272209E-1,2.734472236E0
2.365497537E1,-2.243992329E0,-9.939298630E-1,-7.562496662E-1,2.568133895E0
2.366497698E1,-6.247344613E-1,-8.678922653E-1,-6.586003304E-2,1.071385867E0
2.367498708E1,-5.632753968E-1,1.641693115E-1,4.446887970E-2,5.883946097E-1
2.368497464E1,-5.027210116E-1,1.944408417E-1,1.742265224E-1,5.664720095E-1
2.369498448E1,-4.430998266E-1,2.242927551E-1,3.153003454E-1,5.882677997E-1
2.370498578E1,-3.840546608E-1,2.524385452E-1,1.022335052E0,1.120889005E0
2.371498969E1,-5.236040950E-1,1.743450165E-1,1.085489154E0,1.217720878E0
2.372498709E1,-4.218418300E-1,2.027904510E0,1.230965614E0,2.409486164E0
2.373498344E1,-3.627719283E-1,2.639602661E0,1.264163494E0,2.949104105E0
2.374498891E1,-3.043559194E-1,2.686916351E0,1.283937335E0,2.993433995E0
2.375498578E1,-4.478178620E-1,2.760213852E0,1.264817238E0,3.069052621E0
2.376497708E1,-2.116354465E0,3.383825302E0,1.228266239E0,4.175867317E0
2.377498526E1,-2.221066713E0,3.419819832E0,1.157465339E0,4.238871434E0
2.378498526E1,-3.108313322E0,3.448824883E0,1.068889141E0,4.764297301E0
2.379498318E1,-3.213805199E0,3.481130600E0,9.531608820E-1,4.832735227E0
2.380498526E1,-3.993340254E0,3.497826576E0,8.528739214E-1,5.376704480E0
2.381500604E1,-4.032034874E0,3.495998383E0,7.415789366E-1,5.387879846E0
2.382497958E1,-4.077204227E0,3.477321625E0,6.172051430E-1,5.394098830E0
2.383498334E1,-4.000727177E0,3.429129601E0,-6.271028519E-2,5.269599637E0
2.384497281E1,-3.839183331E0,3.337194443E0,-1.458443403E-1,5.088955292E0
2.385499334E1,-2.949361324E0,3.212390900E0,-2.264093161E-1,4.366857989E0
2.386498891E1,-1.958661437E0,2.396239281E0,-2.826663256E-1,3.107767296E0
2.387500141E1,-7.892622948E-1,2.337962151E0,-2.934197187E-1,2.484974269E0
2.388497563E1,4.514828920E-1,2.351161003E0,-2.686178684E-1,2.409138938E0
2.389497589E1,1.669903517E0,2.493983269E0,-1.917235851E-1,3.007538567E0
2.390497979E1,3.796212196E0,5.173111916E0,-4.575991631E-2,6.416728754E0
2.391497615E1,4.758447170E0,6.092632294E0,-1.289010048E-2,7.730663225E0
2.392498500E1,5.513787270E0,6.223278046E0,3.996622562E-2,8.314603838E0
2.393497537E1,5.578314781E0,7.011808395E0,1.107416153E-1,8.960765396E0
2.394497615E1,5.581443310E0,6.977741241E0,2.069106102E-1,8.937795827E0
2.395497641E1,5.480524540E0,6.830817223E0,1.676577687E0,8.916676842E0
2.396497511E1,5.246474266E0,5.475075722E0,1.696051359E0,7.770362707E0
2.397498839E1,4.131550312E0,4.201508522E0,1.713012218E0,6.136513074E0
2.398499750E1,2.898311853E0,2.836215019E0,1.728818178E0,4.408303475E0
2.399497453E1,1.434112668E0,1.760294914E0,1.543721318E0,2.745613381E0
2.400509714E1,-3.704031706E-1,1.084884644E0,1.556398869E0,1.933015943E0
2.401498297E1,-4.473747015E-1,1.001870155E0,1.522917032E0,1.877009382E0
2.402498188E1,-2.310673952E0,9.597301483E-1,1.493329525E0,2.913816937E0
2.403497667E1,-2.532489777E0,9.433851242E-1,6.840491295E-2,2.703360722E0
2.404497693E1,-2.702893972E0,9.403123856E-1,-9.523618221E-2,2.863370940E0
2.405497745E1,-2.744334221E0,8.924722672E-1,-9.429312944E-1,3.035950673E0
2.406497719E1,-2.592630386E0,7.954807281E-1,-1.101332307E0,2.927021483E0
2.407498031E1,-6.512584686E-1,-1.994752884E-1,-1.990419984E0,2.103734702E0
2.408497537E1,-7.807710171E-1,-1.267301559E0,-2.090303183E0,2.566130164E0
2.409497823E1,-7.091738582E-1,-2.270549774E0,-2.099875450E0,3.172979789E0
2.410497511E1,-6.380774379E-1,-3.296741009E0,-2.049921036E0,3.934186110E0
2.411497537E1,-5.667964816E-1,-4.271381378E0,-1.920369864E0,4.717390968E0
2.412498110E1,-4.960167408E-1,-5.122219086E0,-1.158623338E0,5.274994693E0
2.413497771E1,-6.271613240E-1,-5.870312691E0,-1.011695981E0,5.989777222E0
2.414497745E1,-5.584663749E-1,-6.010663033E0,-3.453433514E-1,6.046421819E0
2.415497589E1,-4.911850393E-1,-6.943641663E0,-2.365833521E-1,6.965012129E0
2.416497240E1,1.342189550E0,-7.024033070E0,-1.187398434E-1,7.152105459E0
2.417498302E1,1.495592952E0,-7.634498119E0,3.204107285E-3,7.779612463E0
2.418497438E1,2.404822588E0,-7.677780628E0,1.339091063E-1,8.046702350E0
2.419497318E1,2.505736589E0,-7.741104126E0,2.550301552E-1,8.140543552E0
2.420497979E1,2.622700453E0,-8.338983536E0,3.342922926E-1,8.748082956E0
2.421497641E1,3.297037840E0,-8.358289719E0,4.260917902E-1,8.995166466E0
2.422498526E1,3.289183617E0,-8.378379822E0,1.813612461E0,9.181784547E0
2.423498005E1,3.261621952E0,-8.395284653E0,1.677990913E0,9.161584779E0
2.424497927E1,3.206728220E0,-8.369654655E0,1.744849920E0,9.131195221E0
2.425497667E1,3.068592072E0,-7.464206696E0,4.479335785E0,9.230118524E0
2.426497302E1,2.749999285E0,-5.951797962E0,5.706390858E0,8.691909553E0
2.427498266E1,9.965442419E-1,-3.758197784E0,6.843292713E0,7.870692865E0
2.428497537E1,-1.314536095E0,-1.241321564E0,7.702537537E0,7.911887820E0
2.429497693E1,-1.427335620E0,1.375626564E0,7.786654949E0,8.035025247E0
2.430497589E1,-3.469533920E0,3.853693962E0,7.754899979E0,9.328831463E0
2.431497224E1,-4.621471882E0,5.789887428E0,7.589118004E0,1.060544723E1
2.432498448E1,-4.921530724E0,7.194891930E0,7.258151054E0,1.134322226E1
2.433497380E1,-5.772539139E0,8.097564697E0,6.004501820E0,1.161666063E1
2.434500271E1,-5.704295158E0,8.174837112E0,4.640916824E0,1.099568343E1
2.435497641E1,-4.516456604E0,8.201188087E0,3.325066090E0,9.935488453E0
2.436497459E1,-3.026156664E0,8.224393845E0,2.067847490E0,9.004125250E0
2.437498995E1,-1.649834037E0,8.261092186E0,-3.736305237E-1,8.432508300E0
2.438497542E1,8.717075586E-1,8.954740524E0,-5.514885783E-1,9.013955379E0
2.439497797E1,2.594462395E0,8.936731339E0,-2.108838558E0,9.541677117E0
2.440497589E1,3.620819569E0,8.795179367E0,-3.508934021E0,1.013795504E1
2.441497771E1,3.788247108E0,7.388392448E0,-4.578845978E0,9.481824171E0
2.442498318E1,3.937058449E0,3.337572098E0,-5.724686623E0,7.707908514E0
2.443497979E1,3.861537933E0,-1.399831772E-1,-5.793970585E0,6.964277826E0
2.444497458E1,2.831687450E0,-2.143444061E0,-6.938081741E0,7.794214810E0
2.445497641E1,1.527348757E0,-4.884139061E0,-7.728984833E0,9.269563913E0
2.446497719E1,3.407471180E-1,-6.637821674E0,-8.417669296E0,1.072538771E1
2.447498370E1,1.455348730E-1,-6.670773506E0,-8.992174149E0,1.119730305E1
2.448497432E1,2.767288685E-2,-5.741582870E0,-9.951582909E0,1.148914888E1
2.449497823E1,-4.622578621E-2,-3.820818424E0,-9.732069016E0,1.045533154E1
2.450497537E1,-1.729415655E-1,-1.262393951E0,-9.516373634E0,9.601297538E0
2.451500766E1,-3.322367668E-1,1.164061546E0,-7.809257030E0,7.902525920E0
2.452497688E1,-4.086186886E-1,3.088092804E0,-5.948722363E0,6.714952282E0
2.453501953E1,-4.507200718E-1,4.307963371E0,-3.843669415E0,5.790983644E0
2.454498844E1,-5.016511679E-1,4.423383713E0,-1.994318962E0,4.878041153E0
2.455497797E1,-5.335485935E-1,4.343923569E0,-4.345275164E-1,4.398085974E0
2.456497797E1,-5.497030020E-1,3.077219009E0,1.545937300E0,3.487315924E0
2.457498344E1,-5.172832012E-1,1.604434013E0,1.774120808E0,2.447303629E0
2.458497693E1,-3.985219002E-1,1.005868912E-1,1.915487289E0,1.959088815E0
2.459498188E1,3.314081430E-1,-1.641695023E0,-2.378631830E-1,1.691618396E0
2.460497693E1,5.034158230E-1,-2.542618275E0,-1.248243809E0,2.876881608E0
2.461497641E1,5.470831394E-1,-2.449964523E0,-1.846882820E0,3.116504818E0
2.462499151E1,4.539092779E-1,-1.448933601E0,-1.788959742E0,2.346448203E0
2.463497745E1,-1.416156411E0,1.697568893E-1,-1.724956512E0,2.238256320E0
2.464497537E1,-1.364310741E0,1.974277496E-1,-1.657755136E0,2.156031913E0
2.465497563E1,-3.375090599E0,1.252231598E-1,-1.609509706E0,3.741315128E0
2.466497459E1,-4.796535969E0,1.529979706E-1,-1.548363924E0,5.042578360E0
2.467498005E1,-6.005932331E0,1.820411682E-1,-1.470783234E0,6.186078360E0
2.468497328E1,-6.774300098E0,2.153062820E-1,-1.365732193E0,6.913951333E0
2.469509448E1,-6.820344925E0,2.484273911E-1,-1.238737822E0,6.936374590E0
2.470497334E1,-6.737653255E0,1.767425537E-1,-1.087243795E0,6.827101024E0
2.471496078E1,-6.545803547E0,2.052059174E-1,-2.450268269E-1,6.553601429E0
2.472498427E1,-5.217130661E0,2.256460190E-1,-8.090758324E-2,5.222634823E0
2.473499776E1,-3.998789549E0,2.437648773E-1,8.704862595E-1,4.099693342E0
2.474497849E1,-2.749873638E0,2.639865875E-1,1.023064017E0,2.945870657E0
2.475497589E1,-7.263343930E-1,1.858892441E-1,1.142854214E0,1.366832914E0
2.476497323E1,-5.509968996E-1,2.009067535E-1,1.210777283E0,1.345341122E0
2.477498500E1,-3.802767098E-1,2.165937424E-1,1.256757975E0,1.330775651E0
2.478497823E1,-1.742640585E-1,1.581263542E0,1.306932330E0,2.058842992E0
2.479497485E1,-2.525183558E-1,1.692015648E0,1.332076907E0,2.168204640E0
2.480497589E1,-2.035456300E-1,2.476923943E0,1.353381038E0,2.829880435E0
2.481497537E1,-1.546590477E-1,2.534878731E0,1.381287694E0,2.890931562E0
2.482498292E1,-1.075404808E-1,2.578726768E0,1.410697460E0,2.941337115E0
2.483497615E1,-1.168421507E0,2.605334282E0,1.436454415E0,3.196306748E0
2.484497693E1,-1.234592319E0,2.599274635E0,1.437999725E0,3.216875819E0
2.485497537E1,-1.300852656E0,2.562321663E0,1.432355404E0,3.210817955E0
2.486498474E1,-1.366655707E0,2.511802673E0,1.410194874E0,3.188345978E0
2.487505208E1,-1.442404509E0,2.460668564E0,2.404488564E0,3.730547654E0
2.488498240E1,-2.074100494E0,2.414085388E0,2.387753725E0,3.978827588E0
2.489497219E1,-2.104946375E0,2.376432419E0,2.171882629E0,3.846466487E0
2.490497906E1,-2.115213156E0,2.322097778E0,1.138042212E0,3.340868878E0
2.491498318E1,-2.117384195E0,2.244175911E0,9.606052637E-1,3.231470845E0
2.492498813E1,-2.097610235E0,2.140852928E0,-8.721184731E-2,2.998470588E0
2.493498604E1,-2.009724617E0,2.035024643E0,-2.191543579E-1,2.868509537E0
2.494498604E1,-1.809314966E0,1.956901550E0,-3.378334045E-1,2.686487620E0
2.495499099E1,2.756147385E-1,2.037325859E0,-4.112001657E-1,2.096603376E0
2.496498630E1,1.459189653E0,3.152015686E0,-4.428429604E-1,3.501506421E0
2.497499047E1,2.560693026E0,4.513697624E0,-4.600036144E-1,5.209819415E0
2.498499281E1,3.584956884E0,5.955808640E0,-4.527943134E-1,6.966246845E0
2.499498500E1,4.646383762E0,7.061410904E0,-4.186333418E-1,8.463312584E0
2.500498865E1,5.517486572E0,7.179411888E0,-3.364665508E-1,9.060895258E0
2.501499073E1,5.604332447E0,7.241069794E0,-2.053098679E-1,9.158809206E0
2.502498604E1,5.611783504E0,7.231428146E0,5.504521132E-1,9.169987168E0
2.503498604E1,5.491218567E0,7.076467514E0,5.759971142E-1,8.975613990E0
2.504501276E1,5.241005421E0,5.589778900E0,6.137698889E-1,7.687033202E0
2.505498500E1,3.876460552E0,3.960038185E0,7.091448307E-1,5.586746390E0
2.506506797E1,2.497054100E0,2.418288231E0,1.932748079E0,3.977299622E0
2.507497703E1,8.457216024E-1,1.411911964E0,1.949884176E0,2.551624723E0
2.508497750E1,-5.201455951E-1,1.295044899E0,1.744309783E0,2.233900031E0
2.509498500E1,-2.043109417E0,1.227949142E0,1.740039945E0,2.951252987E0
2.510498969E1,-2.964769125E0,1.179620743E0,1.736344099E0,3.632664572E0
2.511498709E1,-3.170161486E0,1.156436920E0,1.697712660E0,3.777498970E0
2.512497823E1,-3.297190189E0,1.174921036E0,1.676340699E0,3.880981928E0
2.513497849E1,-3.172760725E0,1.215962410E0,2.063279152E-1,3.404048532E0
2.514497641E1,-2.327718735E0,1.156320572E0,1.652240753E-2,2.599158472E0
2.515497693E1,-2.161696911E0,1.041543961E0,-8.544584513E-1,2.547125164E0
2.516497485E1,-2.008518457E0,-2.785530090E-1,-9.615092278E-1,2.244156449E0
2.517497693E1,-1.895877242E0,-3.675737381E-1,-1.068840623E0,2.207233845E0
2.518497511E1,-1.809310675E0,-1.855852127E0,-1.150387764E0,2.835698193E0
2.519497537E1,-1.740937352E0,-3.006615639E0,-1.205633759E0,3.677519983E0
2.520497406E1,-1.663206220E0,-4.142446518E0,-1.177339435E0,4.616518843E0
2.521497484E1,-1.534132600E0,-5.271324158E0,-1.103741407E0,5.599880919E0
2.522508214E1,-2.369150221E-1,-6.274359703E0,-1.001845121E0,6.358255426E0
2.523498219E1,-1.375249624E-1,-7.233766556E0,-9.231779575E-1,7.293733560E0
2.524497063E1,1.309659719E0,-7.994382858E0,-8.610101938E-1,8.146576239E0
2.525497521E1,2.529070616E0,-8.105630875E0,-7.825026512E-1,8.527001844E0
2.526497823E1,3.592527866E0,-8.900809288E0,-6.898263693E-1,9.623228298E0
2.527497485E1,4.398941994E0,-8.941403389E0,-5.789475441E-1,9.981711551E0
2.528497823E1,4.524390697E0,-9.965446472E0,-4.380942583E-1,1.095318041E1
2.529497511E1,4.558174133E0,-9.891886711E0,-2.873787880E-1,1.089536418E1
2.530497537E1,4.483832836E0,-9.816713333E0,5.086668730E-1,1.080422878E1
2.531497615E1,4.169845581E0,-9.899874687E0,1.712403774E0,1.087784251E1
2.532497667E1,3.006943226E0,-9.819895744E0,1.808077931E0,1.042790515E1
2.533497797E1,2.701076508E0,-8.162023544E0,3.917271852E0,9.447722551E0
2.534497693E1,1.676057100E0,-7.121760368E0,5.380733967E0,9.081901572E0
2.535497745E1,1.354532719E0,-5.449810028E0,6.924387455E0,8.915286302E0
2.536497771E1,8.027875423E-2,-3.166767597E0,8.458892822E0,9.032592622E0
2.537497563E1,-1.291899681E0,1.611585617E-1,9.806121826E0,9.892168728E0
2.538497615E1,-1.449195623E0,2.267301559E0,1.064868927E1,1.098341511E1
2.539497563E1,-1.564297795E0,4.746700287E0,1.151658916E1,1.255428282E1
2.540498641E1,-1.668163896E0,6.614092827E0,1.130296230E1,1.320174047E1
2.541498787E1,-1.912189364E0,7.732722282E0,1.089888859E1,1.349952720E1
2.542498375E1,-1.921516418E0,7.845506668E0,8.544748306E0,1.175827044E1
2.543497490E1,-1.834146857E0,8.476733208E0,6.895552635E0,1.108006077E1
2.544497901E1,-1.670268059E0,8.454042435E0,5.107010841E0,1.001709482E1
2.545497406E1,-1.492321849E0,8.470003128E0,3.330480814E0,9.222802174E0
2.546497771E1,3.596440554E-1,8.493518829E0,1.626955509E0,8.655413923E0
2.547497953E1,1.299922943E0,8.451790810E0,-1.012766957E0,8.610938651E0
2.548497771E1,1.352412462E0,7.040052414E0,-3.436867237E0,7.950057476E0
2.549497745E1,7.882605791E-1,5.790189743E0,-4.995066643E0,7.687544651E0
2.550497615E1,7.854694128E-1,3.986156464E0,-6.002158165E0,7.247917507E0
2.551497484E1,7.313759923E-1,1.615913391E0,-6.156513214E0,6.406929209E0
2.552497563E1,1.305384040E-1,-1.159047127E0,-6.995951653E0,7.092515072E0
2.553497589E1,-9.198969603E-1,-3.885778427E0,-7.030256271E0,8.085170848E0
2.554497615E1,-8.696988821E-1,-5.911491394E0,-7.795361519E0,9.821902456E0
2.555497511E1,-1.025210738E0,-6.711352348E0,-7.717144012E0,1.027850277E1
2.556497406E1,-9.857215285E-1,-6.606990814E0,-7.576345444E0,1.010074180E1
2.557497448E1,7.740800381E-1,-4.881731987E0,-7.364809036E0,8.869662859E0
2.558499302E1,1.458429575E0,-2.708295345E0,-7.026655197E0,7.670447429E0
2.559496240E1,1.486802936E0,-8.728122711E-2,-5.972927570E0,6.155815522E0
2.560497568E1,1.460541725E0,1.620555878E0,-5.614370823E0,6.023333232E0
2.561497901E1,1.420619249E0,3.084653854E0,-4.108399391E0,5.330308998E0
2.562498214E1,1.329639316E0,4.090329170E0,-2.786305189E0,5.124668773E0
2.563497745E1,6.503717899E-1,4.186655998E0,-1.426785946E0,4.470658794E0
2.564497719E1,4.776673317E-1,4.117158890E0,-3.271977305E-1,4.157670232E0
2.565497875E1,-1.196428776E0,3.010749817E0,7.981647849E-1,3.336633528E0
2.566497563E1,-1.122670174E0,-1.198492050E-1,-1.348029971E-1,1.137068159E0
2.567497615E1,-1.088906050E0,-1.310657501E0,-1.261424303E0,2.120078004E0
2.568497771E1,-1.055256367E0,-2.159548759E0,-1.934947014E0,3.085650141E0
2.569497719E1,-1.655149460E-2,-2.285206795E0,-2.044085979E0,3.066061242E0
2.570497563E1,1.132779121E-1,-2.898724556E0,-2.865710735E0,4.077711853E0
2.571497511E1,8.854138851E-1,-2.851069927E0,-2.833793640E0,4.116180739E0
2.572497641E1,9.206808805E-1,-2.739468575E0,-2.742834091E0,3.984404624E0
2.573497432E1,8.806087971E-1,-1.960915565E0,-2.618211269E0,3.387579071E0
2.574497849E1,7.565090656E-1,-1.848985195E0,-2.465139151E0,3.173005397E0
2.575502031E1,-1.196322083E0,-1.117366791E0,-1.668413877E0,2.337370304E0
2.576515172E1,-1.158648968E0,-4.219055176E-3,-1.520475388E0,1.911630360E0
2.577497453E1,-2.175131321E0,2.761745453E-2,-1.368749738E0,2.570104051E0
2.578497516E1,-2.999700069E0,5.967140198E-2,-1.258017659E0,3.253362816E0
2.579497589E1,-3.135033369E0,-7.861137390E-3,-1.207773209E0,3.359644646E0
2.580497979E1,-3.917187214E0,2.474021912E-2,-1.176266074E0,4.090057411E0
2.581497641E1,-3.946114302E0,5.420684814E-2,-1.158182263E0,4.112923853E0
2.582497901E1,-3.903975964E0,7.872200012E-2,-1.103576303E0,4.057721791E0
2.583497745E1,-3.760693550E0,9.959316254E-2,-9.921611547E-1,3.890645002E0
2.584497589E1,-2.465743780E0,3.849983215E-2,6.490349770E-2,2.466898273E0
2.585497537E1,-7.720958591E-1,5.864620209E-2,2.353721857E-1,8.093030696E-1
2.586497667E1,-6.298685670E-1,7.989597321E-2,1.069028258E0,1.243358032E0
2.587498422E1,-4.914008975E-1,1.020212173E-1,2.224753380E0,2.280660161E0
2.588497432E1,-5.562986732E-1,2.507495880E-2,2.096251249E0,2.168955110E0
2.589497667E1,-4.248864055E-1,1.906447411E0,2.163064480E0,2.914432729E0
2.590497406E1,-3.066959977E-1,2.033538818E0,2.195789099E0,3.008460126E0
2.591497537E1,-2.487159967E-1,2.799349785E0,2.223711729E0,3.583728885E0
2.592498188E1,-1.928685158E-1,2.839781761E0,2.222456932E0,3.611214966E0
2.593497432E1,-1.559066892E0,2.851311684E0,1.987133861E0,3.809116547E0
2.594511505E1,-2.223179102E0,2.854416847E0,1.952673554E0,4.111344654E0
2.595497360E1,-2.355814934E0,2.828499794E0,1.908263564E0,4.146292913E0
2.596498005E1,-3.377314329E0,2.779523849E0,1.865335941E0,4.755153318E0
2.597497302E1,-3.480003834E0,2.714968681E0,1.821429968E0,4.774839134E0
2.598497589E1,-4.205132008E0,2.652489662E0,1.582320333E0,5.217525682E0
2.599498214E1,-4.224079609E0,2.591878891E0,5.748584270E-1,4.989102819E0
2.600497485E1,-4.142337799E0,2.547172546E0,4.610104561E-1,4.884627014E0
2.601497797E1,-3.923011065E0,2.472423553E0,-3.826049566E-1,4.652878743E0
2.602497667E1,-2.918096781E0,2.418523788E0,-5.168508291E-1,3.825138026E0
2.603497458E1,-1.996420622E0,2.367309570E0,-6.420500278E-1,3.162606226E0
2.604497615E1,-9.143280983E-1,2.347764969E0,-7.393988371E-1,2.625777382E0
2.605497406E1,5.913969278E-1,2.403916359E0,-7.699893713E-1,2.592575518E0
2.606497719E1,7.290588021E-1,3.227092743E0,-7.471426725E-1,3.391736499E0
2.607497302E1,2.508974552E0,4.348955154E0,-6.858403683E-1,5.067419585E0
2.608497406E1,3.546107054E0,5.652909279E0,-5.891892910E-1,6.699059828E0
2.609497380E1,4.442002773E0,6.748548508E0,-4.882171154E-1,8.093988606E0
2.610497771E1,5.128454208E0,7.404111862E0,-4.086902142E-1,9.016038084E0
2.611497208E1,5.183503151E0,7.429047585E0,-3.531445265E-1,9.065548190E0
2.612497901E1,5.214733124E0,7.384283066E0,-3.165986538E-1,9.045513399E0
2.613498974E1,5.137536526E0,7.196068764E0,-3.474638462E-1,8.848639349E0
2.614498474E1,4.953634739E0,5.587583542E0,-4.430634975E-1,7.480367118E0
2.615498240E1,4.666854382E0,4.161186218E0,-5.315617323E-1,6.275154057E0
2.616498604E1,3.376864672E0,2.856353760E0,-5.501544476E-1,4.456976748E0
2.617498813E1,2.437109232E0,1.927637100E0,-5.086793900E-1,3.148657003E0
2.618498865E1,1.498932362E0,1.811710358E0,-4.256634712E-1,2.389619642E0
2.619498708E1,-9.355600923E-2,1.833079338E0,1.354194045E0,2.280959030E0
2.620498500E1,-1.579108089E-1,1.970009804E0,1.384999752E0,2.413316963E0
2.621498682E1,-1.444667101E0,2.970244408E0,1.220412970E0,3.521196202E0
2.622498787E1,-1.605749488E0,3.076157570E0,1.259139419E0,3.691423694E0
2.623498422E1,-1.712111592E0,3.108470917E0,1.296942592E0,3.778356472E0
2.624498552E1,-1.802116632E0,3.056540489E0,1.334522724E0,3.790912162E0
2.625498709E1,-1.860931277E0,2.884614944E0,1.322453380E0,3.678716018E0
2.626498604E1,-1.908602238E0,1.419713020E0,1.111055732E0,2.625412806E0
2.627498604E1,-1.907423258E0,-4.340190887E-1,1.101499796E0,2.244980591E0
2.628500511E1,-1.835307360E0,-1.503877640E0,-7.839761972E-1,2.498923716E0
2.629497620E1,-1.700436592E0,-3.087050915E0,-9.451271296E-1,3.648922203E0
2.630498734E1,-1.450927407E-1,-4.560379028E0,-1.634285212E0,4.846544845E0
2.631497646E1,-2.513590455E-1,-5.859338284E0,-1.661046147E0,6.095416376E0
2.632497307E1,-1.596472859E-1,-6.912880421E0,-1.634072065E0,7.105180820E0
2.633497849E1,1.519543052E0,-7.744395733E0,-1.591989756E0,8.051031470E0
2.634498682E1,2.352975368E0,-7.882526875E0,-1.539258242E0,8.368992708E0
2.635498682E1,3.026449203E0,-8.593756676E0,-1.420652390E0,9.221187656E0
2.636498761E1,3.168969631E0,-8.607218742E0,-7.629855275E-1,9.203734564E0
2.637497745E1,3.953261137E0,-8.739667892E0,-5.621705055E-1,9.608647364E0
2.638497406E1,3.869678259E0,-1.000833511E1,-4.221692085E-1,1.073868746E1
2.639497537E1,3.709541082E0,-9.937195778E0,-2.965166569E-1,1.061114872E1
2.640497589E1,2.961666584E0,-1.006393242E1,-1.707795858E-1,1.049206225E1
2.641497641E1,2.716537952E0,-9.989051819E0,-4.162049294E-2,1.035193059E1
2.642498495E1,1.797440290E0,-9.912434578E0,1.250274539E0,1.015137120E1
2.643497537E1,1.563034654E0,-1.089269638E1,1.331611395E0,1.108454332E1
2.644497432E1,6.976166368E-1,-1.086308193E1,1.411484718E0,1.097658905E1
2.645499203E1,4.694126248E-1,-9.864042282E0,1.297943354E0,9.960137314E0
2.646497714E1,-1.146077156E0,-9.777112961E0,1.383712888E0,9.940829545E0
2.647508656E1,-1.252437234E0,-6.877156258E0,2.760734320E0,7.515685677E0
2.648497360E1,-1.362454057E0,-4.012042999E0,3.863396168E0,5.733986400E0
2.649497693E1,-1.437600374E0,1.924085617E-1,5.305443287E0,5.500131304E0
2.650497537E1,-1.710461855E0,2.449978828E0,6.992574215E0,7.604220550E0
2.651497797E1,-1.747607589E0,5.379427910E0,8.564636230E0,1.026378929E1
2.652498318E1,-1.754891515E0,7.762816429E0,9.656329155E0,1.251341903E1
2.653497849E1,-1.656473994E0,9.519425392E0,1.086873245E1,1.454278897E1
2.654497177E1,-1.676057816E0,1.072414684E1,1.049956894E1,1.510157089E1
2.655497667E1,-1.516817093E0,1.070591259E1,7.574740887E0,1.320204522E1
2.656498188E1,-1.340440154E0,1.058802509E1,4.878242970E0,1.173457752E1
2.657498656E1,-1.159237981E0,1.041805935E1,1.563719273E0,1.059834946E1
2.658497484E1,8.943995237E-1,1.030748272E1,-7.067737579E-1,1.037032688E1
2.659497693E1,1.166471481E0,9.701382637E0,-3.714438438E0,1.045344602E1
2.660497875E1,1.929849148E0,8.973344803E0,-5.470482826E0,1.068510257E1
2.661497641E1,1.940181255E0,7.553706169E0,-6.484405518E0,1.014249945E1
2.662499177E1,1.332377553E0,5.457943916E0,-6.739270210E0,8.773946929E0
2.663497323E1,1.302494168E0,2.876102448E0,-6.863769531E0,7.555116712E0
2.664497589E1,6.527532935E-1,-2.049112320E-1,-6.836613655E0,6.870761366E0
2.665499011E1,4.973320365E-1,-2.235609055E0,-6.756571293E0,7.134181287E0
2.666497438E1,-6.721898317E-1,-4.642298698E0,-7.408538818E0,8.768650056E0
2.667498813E1,-6.445246935E-1,-6.181903839E0,-8.120962143E0,1.022650347E1
2.668497953E1,-6.197443008E-1,-6.250000954E0,-8.958641052E0,1.094092521E1
2.669498318E1,-7.990278006E-1,-6.087849617E0,-1.042412281E1,1.209804508E1
2.670498057E1,-7.843995094E-1,-4.076386452E0,-1.018499088E1,1.099846573E1
2.671497745E1,-7.573400736E-1,-1.870369911E0,-9.955317497E0,1.015776521E1
2.672498578E1,-6.544393301E-1,1.787880898E0,-5.607900143E0,5.922275994E0
2.673497563E1,-7.913796306E-1,2.662376404E0,-3.240899563E0,4.268250205E0
2.674498396E1,7.455065250E-1,2.668959618E0,-1.133383751E0,2.993941240E0
2.675497875E1,8.797973394E-1,2.517246246E0,6.932799816E-1,2.755214902E0
2.676497620E1,1.686434984E0,1.028499603E0,9.285842180E-1,2.182691696E0
2.677498031E1,1.812808514E0,-1.357259750E-1,1.152903914E0,2.152645740E0
2.678497719E1,2.608415842E0,-1.823874474E0,2.171039581E-2,3.182895324E0
2.679498031E1,2.706230640E0,-2.825495720E0,-1.518706203E0,4.196853449E0
2.680497615E1,2.715306282E0,-2.881928921E0,-2.758549213E0,4.825763802E0
2.681502818E1,2.652029276E0,-2.772085190E0,-3.444338083E0,5.155693980E0
2.682498610E1,2.466791153E0,-1.640109062E0,-3.460361004E0,4.555119604E0
2.683496177E1,1.264035702E0,-1.135082245E-1,-3.404956341E0,3.633785637E0
2.684497594E1,-8.871307373E-1,-8.053970337E-2,-3.248186827E0,3.368115979E0
2.685497432E1,-8.983076811E-1,-4.742050171E-2,-2.343500137E0,2.510218773E0
2.686497953E1,-2.336581707E0,1.082962036E0,-2.139376640E0,3.348037224E0
2.687499047E1,-3.469013214E0,1.069234848E0,-1.077670574E0,3.786646235E0
2.688497745E1,-4.288091660E0,-5.259323120E-2,-9.651622772E-1,4.395683604E0
2.689497615E1,-4.421902657E0,-2.020359039E-2,-9.015865326E-1,4.512924724E0
2.690497719E1,-4.401749611E0,-1.002610207E0,-8.793290854E-1,4.599331093E0
2.691497589E1,-4.242028236E0,-1.743432045E0,-8.321335316E-1,4.661202105E0
2.692498110E1,-3.261937857E0,-1.746808052E0,-7.522952557E-1,3.775913810E0
2.693497511E1,-2.464886904E0,-1.692760468E0,-6.170222759E-1,3.053165888E0
2.694497693E1,-1.636527896E0,-1.550719261E0,8.554267883E-2,2.256162966E0
2.695497901E1,-4.602406919E-1,4.677486420E-2,1.644917727E-1,4.909856675E-1
2.696497719E1,-3.112388849E-1,6.875038147E-2,2.258934975E-1,3.906713845E-1
2.697498084E1,-3.659859896E-1,-8.004188538E-3,2.770045996E-1,4.590657467E-1
2.698497849E1,-2.246174216E-1,1.604366302E-2,3.479658365E-1,4.144763065E-1
2.699498208E1,-1.120800376E-1,1.809549332E0,4.528827667E-1,1.868725105E0
2.700499000E1,-2.865902334E-2,1.923625946E0,5.517212152E-1,2.001388123E0
2.701498271E1,1.752855256E-2,2.612028122E0,6.167293787E-1,2.683906348E0
2.702498297E1,-1.359716356E-1,2.627157211E0,6.180405617E-1,2.702298547E0
2.703499177E1,-9.117515385E-2,2.614759445E0,5.882116556E-1,2.681654865E0
2.704497511E1,-4.652830213E-2,2.592844963E0,5.549386740E-1,2.651974136E0
2.705497823E1,-1.127033830E0,2.568134308E0,5.338544846E-1,2.854911503E0
2.706497823E1,-1.857792497E0,2.529434204E0,5.221765041E-1,3.181524580E0
2.707498526E1,-2.033244610E0,2.441953659E0,4.872262478E-1,3.214748938E0
2.708497693E1,-2.766598225E0,2.407040596E0,4.417817593E-1,3.693654192E0
2.709497693E1,-2.791028261E0,2.404829025E0,4.097149372E-1,3.706873039E0
2.710497797E1,-2.786502600E0,2.436071396E0,3.747369051E-1,3.720143590E0
2.711497641E1,-2.714979410E0,2.491763115E0,3.029184341E-1,3.697533799E0
2.712498630E1,-2.582221270E0,2.520192146E0,1.596965790E-1,3.611750010E0
2.713497875E1,-2.389130354E0,2.534811020E0,-7.522302866E-1,3.563574211E0
2.714497667E1,-1.259252787E0,2.527566910E0,-8.570452929E-1,2.951074160E0
2.715497537E1,4.318698049E-1,2.496298790E0,-9.253461361E-1,2.697088180E0
2.716499026E1,3.325406909E-1,2.458701134E0,-9.422420263E-1,2.653980899E0
2.717498943E1,4.300135374E-1,2.430325508E0,-8.943319321E-1,2.625113964E0
2.718500401E1,2.274652004E0,2.468965530E0,-7.836891413E-1,3.447317972E0
2.719497906E1,3.032015562E0,2.610404968E0,7.140910625E-2,4.001553664E0
2.720497620E1,3.726828575E0,3.984295845E0,1.238857508E-1,5.457033286E0
2.721497641E1,3.836295128E0,4.989370346E0,1.445096731E-1,6.295384008E0
2.722498188E1,4.686069965E0,5.756799698E0,1.369481087E-1,7.424200244E0
2.723497875E1,4.686592102E0,5.863992691E0,1.348489523E-1,7.507911830E0
2.724497875E1,4.668707848E0,6.519066811E0,1.707847118E-1,8.020238928E0
2.725497719E1,4.612191677E0,6.407778740E0,1.511691809E-1,7.896505086E0
2.726497953E1,4.398437977E0,5.267914772E0,8.764135838E-2,6.863298310E0
2.727498214E1,3.385183096E0,4.140802383E0,1.015756130E-1,5.349394973E0
2.728497484E1,2.308185816E0,2.966702461E0,1.768379569E0,4.154059647E0
2.729497823E1,1.239538550E0,2.104111671E0,1.780028105E0,3.021959927E0
2.730497432E1,-5.633107424E-1,1.973405838E0,1.592098951E0,2.597388817E0
2.731497849E1,-6.330778599E-1,1.240633011E0,1.605340362E0,2.125341272E0
2.732498813E1,-6.960331798E-1,1.196868896E0,1.619643807E0,2.130775306E0
2.733497615E1,-1.936185956E0,1.139855385E0,1.634570718E0,2.778472204E0
2.734497620E1,-2.015054226E0,1.067947388E0,-4.092895985E-2,2.280927517E0
2.735496844E1,-1.984364390E0,9.548397064E-1,-1.988481283E-1,2.211099608E0
2.736500078E1,-9.530384541E-1,-3.463344574E-1,-1.152895689E0,1.535382142E0
2.737499099E1,-8.749473691E-1,-3.351278305E-1,-1.344482422E0,1.638742367E0
2.738497594E1,-8.000129461E-1,-3.228044510E-1,-2.240920544E0,2.401238912E0
2.739498500E1,-7.261190414E-1,-2.032115936E0,-2.313185453E0,3.163474511E0
2.740498813E1,-8.524590135E-1,-2.983683109E0,-2.335386753E0,3.883694446E0
2.741498813E1,-7.777526975E-1,-3.980506897E0,-2.260635376E0,4.643253893E0
2.742498656E1,-7.066105604E-1,-4.937857151E0,-2.092578650E0,5.409308378E0
2.743498917E1,6.971641779E-1,-6.481708527E0,-1.025300384E0,6.599229060E0
2.744502849E1,7.966622710E-1,-6.612692356E0,3.227448463E-2,6.660586507E0
2.745499177E1,9.269078374E-1,-7.524053574E0,2.178949118E-1,7.584063456E0
2.746498865E1,1.695899725E0,-7.578079224E0,1.538489699E0,7.916458245E0
2.747498735E1,1.775178671E0,-7.630822659E0,1.630843997E0,8.002522471E0
2.748498943E1,1.842404604E0,-7.672289848E0,1.726975679E0,8.077185849E0
2.749498578E1,1.844206691E0,-7.702066422E0,1.621175647E0,8.084004945E0
2.750499229E1,1.805797338E0,-7.738742828E0,1.682940364E0,8.122889440E0
2.751498448E1,1.727266312E0,-7.801804543E0,1.740491390E0,8.178075159E0
2.752501031E1,1.579298258E0,-7.867440701E0,1.757699847E0,8.214640279E0
2.753497828E1,1.395911932E0,-8.436937332E0,1.773704290E0,8.733642343E0
2.754496547E1,5.983353853E-1,-8.414158821E0,3.122023582E0,8.994615342E0
2.755497672E1,4.157415628E-1,-8.355678558E0,4.323740005E0,9.417267802E0
2.756498448E1,-1.151040196E0,-8.178044319E0,5.689192772E0,1.002857003E1
2.757498891E1,-1.200167775E0,-6.397627831E0,6.958987236E0,9.528774732E0
2.758498943E1,-1.251170754E0,-4.355037689E0,7.942772388E0,9.144365191E0
2.759498839E1,-2.785340548E0,-1.729469776E0,8.582521439E0,9.187429560E0
2.760498708E1,-3.649057865E0,1.137054443E0,8.487663269E0,9.308541447E0
2.761499255E1,-3.839859724E0,6.287314415E0,8.212190628E0,1.103244851E1
2.762499281E1,-3.815671921E0,7.776513100E0,7.749736786E0,1.162290534E1
2.763498005E1,-3.750550747E0,7.895067215E0,6.191895485E0,1.071159591E1
2.764497771E1,-3.599658251E0,7.783268929E0,5.665413857E0,1.027782705E1
2.765497849E1,-2.648272991E0,6.053361893E0,4.415267467E0,7.946768327E0
2.766497797E1,-1.002083659E0,3.499501228E0,3.960380077E0,5.379153359E0
2.767498396E1,-8.088099957E-1,9.392337799E-1,2.674921036E0,2.948141152E0
2.768497693E1,6.023758650E-1,-1.412820816E-1,1.605326772E0,1.720433478E0
2.769498917E1,8.109007478E-1,-1.659059525E0,1.148188114E-2,1.846664659E0
2.770497646E1,1.603037477E0,-1.565296173E0,-1.649311543E0,2.782105286E0
2.771516531E1,2.521075964E0,-7.246971130E-3,-4.552661896E0,5.204095202E0
2.772498625E1,3.581428766E0,2.009305954E0,-6.675103188E0,7.837151586E0
2.773497516E1,3.733586550E0,4.036458015E0,-8.486077309E0,1.011168482E1
2.774498031E1,3.701346874E0,5.767942429E0,-9.708269119E0,1.188358607E1
2.775497875E1,3.486094475E0,6.739541054E0,-1.042799091E1,1.289640503E1
2.776497432E1,2.065540314E0,6.698119164E0,-1.039741516E1,1.253943775E1
2.777498214E1,1.831210852E0,5.516090393E0,-1.008948326E1,1.164380775E1
2.778497615E1,-7.212097645E-1,1.742231369E0,-8.106754303E0,8.323159196E0
2.779497563E1,-7.437187433E-1,-1.716003418E-1,-7.090147495E0,7.131111817E0
2.780497406E1,-7.626633048E-1,-1.968421936E0,-6.623446941E0,6.951718465E0
2.781497537E1,-7.771165967E-1,-2.121370316E0,-5.292243004E0,5.754299109E0
2.782498344E1,-9.869362712E-1,-2.119495869E0,-4.889896393E0,5.420091574E0
2.783497511E1,1.032731295E0,-1.968791008E0,-3.853798866E0,4.449094027E0
2.784497511E1,1.954885125E0,-1.702976227E-1,-3.516016483E0,4.026530646E0
2.785497771E1,2.068634510E0,-1.359310150E-1,-2.627511024E0,3.346870204E0
2.786497927E1,2.748216152E0,1.032903671E0,-2.367388010E0,3.771486180E0
2.787504490E1,2.707995415E0,1.188497543E0,-2.198426962E0,3.684948668E0
2.788498302E1,2.625121593E0,1.288367271E0,-2.080162048E0,3.588624772E0
2.789505974E1,2.485166550E0,1.253128052E0,-2.055222988E0,3.459815634E0
2.790497307E1,1.487799048E0,-5.346965790E-2,-2.645199299E0,3.035372192E0
2.791497953E1,7.368112803E-1,-1.146316528E-2,-2.694710732E0,2.793651409E0
2.792498292E1,5.556964874E-1,-1.089398384E0,-3.695608139E0,3.892699185E0
2.793497641E1,4.016109705E-1,-1.216977119E0,-3.690380573E0,3.906562870E0
2.794497641E1,2.866234779E-1,-2.075266838E0,-3.608288050E0,4.172364811E0
2.795497927E1,2.003338337E-1,-2.109000683E0,-3.400887966E0,4.006751363E0
2.796497563E1,5.426883698E-2,-2.054877281E0,-2.169070482E0,2.988366193E0
2.797498318E1,-1.608667731E0,-1.930076599E0,-1.154921055E0,2.765293871E0
2.798497459E1,-1.587906957E0,-1.199306488E0,-9.992260933E-1,2.226709981E0
2.799497797E1,-1.565305471E0,-1.091641426E0,-8.690192699E-1,2.096916001E0
2.800497432E1,-1.540348768E0,-9.701604843E-1,-7.814016342E-1,1.981028573E0
2.801497537E1,-3.386555433E0,1.734743118E-1,-7.854142189E-1,3.480765223E0
2.802497953E1,-4.161723614E0,2.154607773E-1,-1.438540936E0,4.408601457E0
2.803497537E1,-4.842161655E0,2.548713684E-1,-1.503385782E0,5.076579333E0
2.804497511E1,-4.919206619E0,2.847747803E-1,-2.090254784E0,5.352462564E0
2.805497115E1,-5.529994488E0,3.147850037E-1,-1.993089914E0,5.886623484E0
2.806498261E1,-5.489293098E0,2.448129654E-1,-1.241618156E0,5.633283923E0
2.807496427E1,-5.401879787E0,2.634248734E-1,-2.087380886E-1,5.412325701E0
2.808497203E1,-5.195169926E0,2.735700607E-1,1.023016334E0,5.301999015E0
2.809497589E1,-4.919623852E0,2.817182541E-1,2.878983736E0,5.707066792E0
2.810498057E1,-3.827096701E0,2.905006409E-1,2.930876493E0,4.829192148E0
2.811497667E1,-3.551913977E0,2.020435333E-1,2.781576633E0,4.515980852E0
2.812498917E1,-2.535980463E0,1.280850410E0,2.827195168E0,4.008092713E0
2.813498031E1,-2.295320511E0,1.410740852E0,2.828079224E0,3.905984907E0
2.814497719E1,-1.432144046E0,2.523012161E0,2.806962490E0,4.036788991E0
2.815497511E1,-3.441482782E-1,3.521802902E0,2.547440052E0,4.360158774E0
2.816497537E1,-1.878398359E-1,3.570520401E0,2.490719795E0,4.357474594E0
2.817498292E1,-6.971053034E-2,3.550978661E0,2.428238869E0,4.302400842E0
2.818497719E1,-1.050115347E0,3.423919678E0,2.366873980E0,4.292791707E0
2.819497537E1,-1.090069413E0,2.374374390E0,2.301911831E0,3.482054443E0
2.820497276E1,-1.145908237E0,1.506981850E0,2.039708853E0,2.782896366E0
2.821497589E1,-1.738769293E0,-6.248188019E-2,1.983962297E0,2.638812050E0
2.822498188E1,-1.715279579E0,-5.912685394E-2,3.988590240E-1,1.762035340E0
2.823508334E1,-1.662247181E0,-5.407619476E-2,1.798261404E-1,1.672820183E0
2.824497594E1,-1.554244399E0,-4.751682281E-2,-9.128191471E-1,1.803100745E0
2.825498495E1,-8.041521311E-1,-1.391534805E-1,-1.107431889E0,1.375656109E0
2.826497490E1,2.637547553E-1,-1.296854019E-1,-1.874783754E0,1.897682534E0
2.827498500E1,3.290922344E-1,1.632829666E0,-1.991373777E0,2.596151756E0
2.828497563E1,1.534010410E0,2.986963272E0,-2.121909618E0,3.972107496E0
2.829497485E1,2.372194052E0,4.465796471E0,-2.191580772E0,5.511231171E0
2.830497354E1,3.130718231E0,5.903496742E0,-2.242057800E0,7.048368152E0
2.831497953E1,3.829581738E0,7.069108963E0,-2.209232807E0,8.337787921E0
2.832498292E1,4.615551472E0,7.976741791E0,-1.976945639E0,9.425499405E0
2.833497432E1,5.389394760E0,7.958291054E0,-1.178136826E0,9.683386740E0
2.834497823E1,5.359585285E0,7.806844711E0,-9.754534960E-1,9.519636984E0
2.835497771E1,5.279484272E0,6.466840744E0,7.880604267E-2,8.348604301E0
2.836497667E1,5.102985859E0,5.324971199E0,1.829850674E-1,7.377619296E0
2.837498396E1,4.795012474E0,4.205485344E0,2.553951740E-1,6.383061828E0
2.838497511E1,3.106921434E0,3.334154129E0,3.439341784E-1,4.570321135E0
2.839497328E1,1.603044271E0,3.193985939E0,4.442658424E-1,3.601203862E0
2.840497511E1,-7.102962136E-1,2.384286880E0,1.848347783E0,3.099311886E0
2.841500490E1,-7.797534466E-1,2.340096474E0,1.846896887E0,3.081411211E0
2.842498807E1,-2.409397125E0,2.321202278E0,1.845298171E0,3.820772155E0
2.843498453E1,-3.325300694E0,2.340415001E0,1.850211501E0,4.467488072E0
2.844497438E1,-3.517068386E0,2.378138542E0,1.660729766E0,4.558874457E0
2.845497589E1,-3.600982666E0,2.389850616E0,6.701880693E-1,4.373512796E0
2.846497771E1,-3.514018059E0,2.312192917E0,-1.224147081E-1,4.208270947E0
2.847498396E1,-2.414101124E0,1.479804993E0,-8.161046505E-1,2.946817581E0
2.848497615E1,-9.697195888E-1,-2.257347107E-1,-1.676662207E0,1.950002153E0
2.849498031E1,-1.087931156E0,-3.111476898E-1,-1.850509644E0,2.169053486E0
2.850497745E1,2.777507901E-1,-2.827134132E0,-2.843428135E0,4.019317910E0
2.851497563E1,3.829743862E-1,-4.162391663E0,-2.869176865E0,5.069945721E0
2.852498422E1,4.784437418E-1,-5.430480957E0,-2.826341867E0,6.140622134E0
2.853497745E1,5.886294842E-1,-6.542606831E0,-2.703907490E0,7.103752848E0
2.854497537E1,6.944274306E-1,-7.453942299E0,-1.927779198E0,7.730447457E0
2.855497511E1,7.962070107E-1,-8.226516724E0,-1.737383366E0,8.445591984E0
2.856497537E1,1.390726328E0,-8.355495453E0,-7.803764343E-1,8.506315969E0
2.857498396E1,1.434005857E0,-9.824397087E0,-5.847308636E-1,9.945705661E0
2.858499932E1,1.493914843E0,-9.940743446E0,3.067622185E-1,1.005705051E1
2.859497250E1,1.542580843E0,-9.854394913E0,5.105386972E-1,9.987457360E0
2.860500193E1,1.580500841E0,-9.765031815E0,2.237025023E0,1.014189875E1
2.861497594E1,1.584117413E0,-9.672485352E0,2.375191927E0,1.008503533E1
2.862498943E1,1.555257797E0,-9.582109451E0,2.488264084E0,1.002133257E1
2.863497880E1,1.507275820E0,-9.690230370E0,4.012206078E0,1.059576532E1
2.864498891E1,1.448066711E0,-9.599882126E0,5.195034504E0,1.101104071E1
2.865498396E1,1.382488847E0,-7.541338921E0,6.565232277E0,1.009382697E1
2.866499047E1,1.232924461E0,-5.344816208E0,8.097380638E0,9.780323932E0
2.867498630E1,-3.196794987E-1,2.707796097E-1,1.016462708E1,1.017325711E1
2.868498604E1,-1.687092781E0,3.198449135E0,1.017024708E1,1.079399298E1
2.869499334E1,-1.766268611E0,5.644197464E0,1.005388260E1,1.166435704E1
2.870498474E1,-2.998153210E0,7.422794342E0,9.788972855E0,1.264558374E1
2.871498578E1,-3.242934704E0,8.410629272E0,9.401351929E0,1.302462008E1
2.872498578E1,-4.346821785E0,8.378620148E0,8.854373932E0,1.294202739E1
2.873498578E1,-4.397085190E0,8.168340683E0,7.207564831E0,1.174755883E1
2.874498474E1,-4.238312721E0,6.847515106E0,5.967853546E0,1.002332449E1
2.875498735E1,-3.223819256E0,6.097093582E0,4.654893398E0,8.320792828E0
2.876508073E1,-1.596328259E0,5.990324020E0,3.036633968E0,6.903143605E0
2.877499110E1,-1.626082778E0,6.000228882E0,1.245698214E0,6.340240995E0
2.878497625E1,-3.944865465E-1,6.129197121E0,-1.132878661E0,6.245485653E0
2.879497412E1,-2.075479031E-1,6.232969284E0,-1.341585159E0,6.379093428E0
2.880498682E1,-5.121994019E-2,6.232791901E0,-3.258308411E0,7.033270367E0
2.881498735E1,7.197237015E-2,6.043489456E0,-4.644389629E0,7.622289673E0
2.882498630E1,1.742393970E-1,4.138443947E0,-5.681329727E0,7.030973271E0
2.883498787E1,2.394165993E-1,2.161765099E0,-5.851222038E0,6.242383198E0
2.884498943E1,2.628898621E-1,-1.264591217E-1,-6.470321655E0,6.476894728E0
2.885498708E1,1.725207567E-1,-5.126467705E0,-7.443115234E0,9.039380451E0
2.886498604E1,1.885916591E-1,-6.509674072E0,-8.357187271E0,1.059499893E1
2.887499438E1,2.665414214E-1,-6.551872730E0,-9.008000374E0,1.114190968E1
2.888498057E1,3.863787055E-1,-5.691845894E0,-8.914790154E0,1.058394452E1
2.889497484E1,1.167146921E0,-3.916349411E0,-8.758197784E0,9.664680702E0
2.890497641E1,1.215808272E0,-1.698174477E0,-8.440455437E0,8.695014335E0
2.891497693E1,1.227030635E0,-2.071447372E-1,-7.260623932E0,7.366489870E0
2.892497511E1,1.209323525E0,2.156175613E0,-5.808574677E0,6.312772484E0
2.893497485E1,1.128616095E0,3.508695602E0,-4.067281723E0,5.488852315E0
2.894505834E1,4.447182417E-1,4.381947517E0,-2.264579773E0,4.952530657E0
2.895498271E1,2.917264700E-1,4.435858727E0,-6.710082293E-1,4.495797929E0
2.896496354E1,-1.181106567E0,4.325993538E0,7.963471413E-1,4.554492462E0
2.897497490E1,-1.153944254E0,2.886578560E0,1.032317877E0,3.275607321E0
2.898497542E1,-1.120688081E0,1.394753456E0,1.248136878E0,2.181541804E0
2.899497771E1,-1.087998867E0,-1.004314423E-1,1.399012685E0,1.775123799E0
2.900497719E1,-1.055643559E0,-1.113576889E0,2.420746088E-1,1.553395290E0
2.901497563E1,-1.222882152E0,-1.887613297E0,-4.325929880E-1,2.290340893E0
2.902497667E1,3.365337849E-1,-2.011245251E0,-1.113142729E0,2.323241094E0
2.903497406E1,4.682124853E-1,-2.724267006E0,-1.284773350E0,3.048195566E0
2.904497719E1,4.701840878E-1,-2.719838142E0,-1.330398321E0,3.064074459E0
2.905497667E1,3.959600925E-1,-2.703182220E0,-1.342035174E0,3.043852316E0
2.906497667E1,-1.245034218E0,-2.641910076E0,-1.330358267E0,3.209307117E0
2.907497641E1,-1.171996355E0,-2.523617744E0,-1.283692718E0,3.064325206E0
2.908497797E1,-1.100561738E0,-1.668504715E0,-1.173990011E0,2.318058815E0
2.909497485E1,-1.030652523E0,-1.553730011E0,-1.038954854E0,2.134420005E0
2.910497927E1,-2.593811035E0,-5.311584473E-2,-9.277381897E-1,2.755245021E0
2.911497432E1,-2.612203836E0,-2.564048767E-2,-8.538990021E-1,2.748346744E0
2.912498870E1,-2.610009193E0,1.992225647E-3,-7.883744240E-1,2.726478716E0
2.913499297E1,-2.580235004E0,2.976036072E-2,-7.205268145E-1,2.679115012E0
2.914497490E1,-2.499145508E0,5.698299408E-2,-6.233305931E-1,2.576337780E0
2.915497771E1,-2.364042521E0,-1.581192017E-2,-4.998259544E-1,2.416355322E0
2.916497745E1,-9.171279073E-1,8.192062378E-3,-3.559427261E-1,9.838119396E-1
2.917497901E1,-8.422716260E-1,3.207683563E-2,4.146584272E-1,9.393572412E-1
2.918497797E1,-7.689715028E-1,5.573368073E-2,5.098111629E-1,9.243001878E-1
2.919497849E1,-6.987704039E-1,7.910060883E-2,5.934274197E-1,9.201592721E-1
2.920497719E1,-7.880316973E-1,1.341065407E0,7.485491037E-1,1.726202810E0
2.921497511E1,-7.183593512E-1,1.493003845E0,8.375691175E-1,1.856508192E0
2.922497459E1,-6.501356363E-1,2.428207397E0,8.636054993E-1,2.657946946E0
2.923497589E1,-1.893963814E0,2.507120132E0,8.482449055E-1,3.254576732E0
2.924497328E1,-1.994821429E0,2.589064598E0,8.163212538E-1,3.368820033E0
2.925498474E1,-2.812304497E0,3.208654404E0,7.798504829E-1,4.337359386E0
2.926497511E1,-2.870884418E0,3.244591713E0,7.438678741E-1,4.395758426E0
2.927497485E1,-2.933398962E0,3.273701668E0,6.914875507E-1,4.449731128E0
2.928497406E1,-2.973383188E0,3.276638031E0,6.072226763E-1,4.466103867E0
2.929498620E1,-2.998846292E0,3.272683144E0,5.254886150E-1,4.469862675E0
2.930498198E1,-2.953505993E0,3.270722389E0,4.511106014E-1,4.429934917E0
2.931500490E1,-2.838460684E0,3.271847725E0,3.796267509E-1,4.348098787E0
2.932497229E1,-2.655642748E0,3.285712242E0,2.752791643E-1,4.233688931E0
2.933497464E1,-2.440812111E0,3.292289734E0,-4.740958214E-1,4.125712339E0
2.934497771E1,-1.564797044E0,3.263352394E0,-6.210955381E-1,3.672031904E0
2.935497432E1,-1.356826425E0,3.184016228E0,-1.452591181E0,3.753526132E0
2.936497745E1,1.716234684E-1,3.050918579E0,-1.543900251E0,3.423621880E0
2.937497693E1,2.892938554E-1,2.169451714E0,-1.602634788E0,2.712683161E0
2.938497745E1,2.428945750E-1,2.036610603E0,-1.529723167E0,2.558678075E0
2.939497979E1,2.407625914E0,2.096842766E0,-8.351755142E-1,3.300140946E0
2.940497432E1,3.120052099E0,2.852141380E0,-7.033588886E-1,4.285341209E0
2.941497901E1,3.252221107E0,3.782252312E0,-7.312178612E-3,4.988228959E0
2.942497276E1,4.212108612E0,4.712041855E0,3.275418282E-2,6.320306182E0
2.943497406E1,4.294567585E0,5.542626381E0,6.381165981E-2,7.011996140E0
2.944497667E1,4.911828041E0,5.669766426E0,8.203935623E-2,7.501935516E0
2.945497589E1,4.873853683E0,6.371927261E0,1.480890512E-1,8.023580069E0
2.946497537E1,4.808903694E0,6.305817604E0,2.016530037E-1,7.932815032E0
2.947510104E1,4.693319798E0,5.347820282E0,1.736844778E-1,7.117344925E0
2.948496495E1,4.466551304E0,4.194918633E0,7.831656933E-2,6.128095656E0
2.949496740E1,3.500906706E0,3.047698021E0,-1.159274578E-2,4.641653303E0
2.950497620E1,2.443871975E0,2.042382240E0,-1.352179050E-2,3.184967548E0
2.951497953E1,1.254388571E0,1.305239677E0,2.668464184E-2,1.810484292E0
2.952497693E1,-5.890538096E-1,1.198757172E0,4.043281078E-2,1.336277651E0
2.953497490E1,-8.465046287E-1,1.111553192E0,-4.198634624E-2,1.397813807E0
2.954497823E1,-2.026803732E0,1.075398445E0,-1.739900112E-1,2.301018841E0
2.955497927E1,-2.879720688E0,1.099903107E0,-8.257553577E-1,3.191308508E0
2.956497849E1,-3.791314363E0,1.153142929E0,-8.008991480E-1,4.042925013E0
2.957497563E1,-3.829568386E0,1.130267143E0,-8.507947922E-1,4.082517559E0
2.958497719E1,-3.783343792E0,1.036510468E0,-9.602820873E-1,4.038587115E0
2.959497667E1,-3.698967218E0,-3.130970001E-1,-1.736910462E0,4.098444360E0
2.960497615E1,-3.540686607E0,-2.974271774E-1,-1.811412215E0,3.988250091E0
2.961497511E1,-2.670399666E0,-1.469710350E0,-1.869506955E0,3.575771126E0
2.962497511E1,-1.860636234E0,-2.565408707E0,-1.897250652E0,3.693622756E0
2.963497797E1,-5.853810906E-1,-3.676181316E0,-1.883763194E0,4.171995190E0
2.964497380E1,-4.561501741E-1,-4.870882988E0,-1.819249272E0,5.219505913E0
2.965500380E1,1.880008936E0,-5.987531662E0,-1.687732100E0,6.498723617E0
2.966497703E1,3.142042398E0,-6.940253258E0,-9.024854898E-1,7.671637750E0
2.967496849E1,4.198989391E0,-7.734485626E0,-7.233419418E-1,8.830458843E0
2.968497281E1,4.950289726E0,-8.407532692E0,2.650966644E-1,9.760238244E0
2.969497511E1,5.049122334E0,-8.519216537E0,4.771478176E-1,9.914552778E0
2.970497667E1,5.095772266E0,-9.870167732E0,2.230129004E0,1.132963289E1
2.971497979E1,4.992912292E0,-9.786073685E0,2.344411373E0,1.123355135E1
2.972497615E1,4.705755711E0,-9.901931763E0,2.239846706E0,1.118969627E1
2.973497641E1,3.453783035E0,-9.819564819E0,2.315783739E0,1.066373878E1
2.974497537E1,1.811655521E0,-9.694488525E0,3.895806789E0,1.060389146E1
2.975497432E1,1.481973529E0,-8.518777847E0,5.048060894E0,1.001242929E1
2.976497662E1,2.807877064E-1,-7.641104698E0,5.771557808E0,9.579989680E0
2.977497641E1,-1.526880264E-2,-6.205583096E0,6.700215340E0,9.132490366E0
2.978497537E1,-1.435065031E0,-4.276241779E0,7.749064922E0,8.966251311E0
2.979497459E1,-1.561440825E0,-1.978336334E0,8.568381310E0,8.931353222E0
2.980497563E1,-2.874032497E0,2.511329651E-1,9.232472420E0,9.672728547E0
2.981497458E1,-3.142555714E0,2.747357368E0,9.188659668E0,1.009232854E1
2.982499490E1,-4.242003441E0,4.635181427E0,9.600421906E0,1.147377884E1
2.983497849E1,-4.376274586E0,5.801177979E0,9.334049225E0,1.182919778E1
2.984511932E1,-4.466840267E0,5.871022224E0,8.889500618E0,1.155183038E1
2.985497307E1,-4.381682396E0,5.837718964E0,7.331842422E0,1.034572456E1
2.986497641E1,-4.185352802E0,5.749046326E0,5.728410721E0,9.131451206E0
2.987498396E1,-3.190113544E0,5.633722305E0,4.074658871E0,7.649738319E0
2.988498969E1,-1.426920295E0,5.590061188E0,2.163564444E0,6.161647240E0
2.989498708E1,-1.218109012E0,5.681998253E0,-6.455289125E-1,5.846845413E0
2.990498474E1,1.108122706E0,7.063546181E0,-8.543373346E-1,7.200799460E0
2.991498474E1,2.167433500E0,8.064387321E0,-2.483063698E0,8.711929532E0
2.992498761E1,2.219401836E0,7.978565216E0,-2.775295258E0,8.734157726E0
2.993498604E1,2.190742493E0,6.634474754E0,-3.861321449E0,7.982819757E0
2.994498865E1,2.175045252E0,4.614077568E0,-3.987232685E0,6.474454273E0
2.995498526E1,2.035443544E0,2.027231216E0,-3.982403994E0,4.910421407E0
2.996498552E1,8.314082026E-1,-2.386970520E-1,-3.986002922E0,4.078778638E0
2.997498578E1,-9.124076962E-1,-4.286697388E0,-5.310611725E0,6.885554385E0
2.998498630E1,-9.205240011E-1,-6.782380104E0,-6.693924904E0,9.573749262E0
2.999498500E1,-9.247173667E-1,-7.903330803E0,-8.005373001E0,1.128732638E1
3.000497834E1,6.129734516E-1,-7.845791340E0,-8.877486229E0,1.186347082E1
3.001499630E1,6.877990961E-1,-6.550351620E0,-1.034918880E1,1.226726876E1
3.002499474E1,1.255992055E0,-4.688570499E0,-1.017963123E1,1.127763723E1
3.003497464E1,1.187083960E0,-2.402070999E0,-1.001623344E1,1.036841578E1
3.004498370E1,1.064119577E0,-1.013965607E-1,-7.800814152E0,7.873711524E0
3.005498630E1,9.012995958E-1,2.058473587E0,-6.070473194E0,6.473044050E0
3.006498709E1,-4.242193699E-2,3.678872108E0,-4.237874031E0,5.612083028E0
3.007498865E1,-1.972086430E-1,4.528642654E0,-2.496911526E0,5.175138907E0
3.008498656E1,-1.303617954E0,4.526327133E0,-9.442487359E-1,4.804025683E0
3.009498709E1,-1.418918490E0,2.729897499E0,9.111729860E-1,3.208723461E0
3.010498474E1,-1.363588572E0,1.366744041E0,1.122177124E0,2.233079615E0
3.011498813E1,-1.309889674E0,-9.559059143E-2,1.285284758E0,1.837635826E0
3.012498500E1,-1.257554650E0,-6.796550751E-2,-2.485241890E-1,1.283677250E0
3.013497589E1,-1.201129436E0,-1.139803886E0,-9.447678328E-1,1.906423636E0
3.014497615E1,-7.503056526E-2,-1.756168365E0,-1.081654191E0,2.063911990E0
3.015497537E1,6.332302094E-2,-1.720969200E0,-1.906854749E0,2.569404566E0
3.016497537E1,1.776642799E-1,-1.640831947E0,-1.933233142E0,2.541905674E0
3.017497719E1,2.092890739E-1,-1.530525208E0,-1.961554646E0,2.496799143E0
3.018505688E1,1.409360170E-1,-4.343700409E-2,-1.997912765E0,2.003348484E0
3.019498974E1,-1.114368439E0,-1.235542297E-1,-2.032189369E0,2.320964519E0
3.020496380E1,-1.042303205E0,-1.004800797E-1,-2.010377169E0,2.266739636E0
3.021497412E1,-2.220134974E0,-7.640552521E-2,-1.937810063E0,2.947871257E0
3.022497459E1,-2.855907917E0,-4.727268219E-2,-1.800858259E0,3.376615940E0
3.023497485E1,-2.941315174E0,-1.759243011E-2,-1.668014526E0,3.381407533E0
3.024497719E1,-3.012400150E0,-8.743286133E-2,-1.559523940E0,3.393274833E0
3.025497849E1,-3.036799431E0,-5.715560913E-2,-1.448427320E0,3.365019947E0
3.026497693E1,-2.997198105E0,-2.712249756E-2,-1.301124215E0,3.267545919E0
3.027497719E1,-2.030166149E0,1.949024200E-2,-3.222974539E-1,2.055682396E0
3.028497354E1,-1.796554327E0,-5.319786072E-2,-1.743423939E-1,1.805777598E0
3.029497589E1,-6.207298636E-1,-2.537822723E-2,5.588264465E-1,8.356055381E-1
3.030497511E1,-5.130358934E-1,1.870745659E0,6.961624622E-1,2.060955439E0
3.031497380E1,-4.078729749E-1,2.848925591E0,8.468930721E-1,2.999994210E0
3.032497511E1,-3.049381971E-1,3.649644852E0,2.325634480E0,4.338371881E0
3.033497615E1,-4.039120078E-1,3.780290604E0,2.171912432E0,4.378463837E0
3.034497719E1,-3.111585379E-1,4.506478310E0,2.214226246E0,5.030702164E0
3.035500219E1,-2.606875598E-1,4.520994186E0,2.231649876E0,5.048525290E0
3.036499224E1,-2.104136944E-1,4.493964195E0,2.233096123E0,5.022619476E0
3.037498427E1,-1.597033143E-1,4.417213440E0,2.225378275E0,4.948695605E0
3.038497386E1,-1.669930935E0,4.332499504E0,3.678908348E-1,4.657742473E0
3.039497745E1,-1.803534865E0,4.236990929E0,2.355024815E-1,4.610888370E0
3.040497641E1,-2.802223921E0,4.156119347E0,-4.833574295E-1,5.035813870E0
3.041497693E1,-2.915837526E0,4.083845139E0,-6.142740250E-1,5.055416123E0
3.042497563E1,-3.608134270E0,4.004431725E0,-7.653234005E-1,5.444247079E0
3.043497459E1,-3.614522457E0,3.359957695E0,-1.396019101E0,5.128640915E0
3.044497563E1,-2.817961216E0,2.428093910E0,-1.371845245E0,3.964656962E0
3.045500297E1,-1.951646566E0,2.288769722E0,-1.284355998E0,3.270620964E0
3.046497511E1,1.372741759E-1,1.577417374E0,-3.631031513E-1,1.624479507E0
3.047497719E1,4.187650234E-2,1.545139313E0,3.859318495E-1,1.593158037E0
3.048497641E1,1.442505956E0,1.585548401E0,1.838957548E0,2.824279028E0
3.049497563E1,2.433068991E0,2.262812614E0,1.882908344E0,3.819095374E0
3.050497380E1,3.322510481E0,3.243582726E0,1.926859617E0,5.027195319E0
3.051497589E1,3.521264553E0,4.239269257E0,1.970237017E0,5.852567111E0
3.052497485E1,4.446212292E0,5.022188187E0,1.805563211E0,6.946310995E0
3.053500818E1,4.483786583E0,5.079400063E0,3.728425503E-2,6.775399415E0
3.054497537E1,4.435195446E0,5.058046341E0,-9.625899792E-2,6.727856808E0
3.055506917E1,4.287161350E0,4.939492226E0,-9.248380661E-1,6.605578047E0
3.056497594E1,4.053189754E0,3.917092323E0,-1.042240262E0,5.732209366E0
3.057497672E1,2.972120285E0,2.880656242E0,-1.116975069E0,4.287110062E0
3.058497953E1,2.123496532E0,1.753057480E0,-1.085843682E0,2.959983877E0
3.059497849E1,1.279951096E0,8.363180161E-1,-9.426488876E-1,1.796187506E0
3.060497641E1,-3.781665862E-1,6.966142654E-1,1.322090626E-1,8.035923332E-1
3.061497615E1,-4.250885248E-1,-2.930593491E-1,1.896487474E-1,5.500460739E-1
3.062497458E1,-6.273407936E-1,-3.499984741E-1,1.677250862E-1,7.376903875E-1
3.063497459E1,-6.660395861E-1,6.912803650E-1,1.166044474E-1,9.669921770E-1
3.064497901E1,-6.791825294E-1,7.537069321E-1,4.699933529E-2,1.015663323E0
3.065499854E1,-6.678556204E-1,7.979516983E-1,-6.102557182E-1,1.206304308E0
3.066497667E1,-8.050028682E-1,8.085374832E-1,-7.379336357E-1,1.358789362E0
3.067497484E1,-7.427449226E-1,7.587146759E-1,-1.540922999E0,1.871299460E0
3.068497641E1,-6.797323227E-1,-3.348951340E-1,-1.563702106E0,1.737629149E0
3.069497615E1,-6.170210242E-1,-3.153095245E-1,-1.509344816E0,1.660800053E0
3.070497485E1,-5.548164845E-1,-2.956466675E-1,-1.402229905E0,1.536709794E0
3.071497380E1,-6.927539110E-1,-1.988417625E0,-5.872069597E-1,2.185983680E0
3.072496584E1,-6.307209730E-1,-2.885052681E0,-4.325284958E-1,2.984697442E0
3.073496110E1,-5.687149763E-1,-3.835775852E0,5.534619093E-1,3.917005642E0
3.074498761E1,-5.069957376E-1,-4.851443291E0,7.251813412E-1,4.931473883E0
3.075499964E1,-4.467869997E-1,-5.819883823E0,1.893962026E0,6.136591765E0
3.076498302E1,-5.858951807E-1,-6.704893112E0,1.755084038E0,6.955514703E0
3.077497849E1,7.076346874E-1,-7.488464355E0,1.815308928E0,7.737776926E0
3.078497719E1,8.024988174E-1,-8.166769028E0,1.847012162E0,8.411395522E0
3.079497953E1,8.990638256E-1,-8.306978226E0,1.884163499E0,8.565294805E0
3.080497406E1,1.083780050E0,-1.005143547E1,1.732509732E0,1.025707191E1
3.081497849E1,1.167160988E0,-9.990730286E0,1.746411800E0,1.020915817E1
3.082497823E1,1.172477245E0,-9.927640915E0,2.964386225E0,1.042690475E1
3.083497589E1,1.123089552E0,-9.863465309E0,3.808641672E0,1.063273386E1
3.084497537E1,9.760664701E-1,-9.798551559E0,4.924421310E0,1.100973404E1
3.085499958E1,-7.088166475E-1,-8.362572670E0,6.093831539E0,1.037158742E1
3.086497432E1,-7.214703560E-1,-7.045279026E0,7.151112556E0,1.006453610E1
3.087498084E1,-7.363141179E-1,-5.399728775E0,7.974982262E0,9.659170327E0
3.088497511E1,-2.505186081E0,-3.619840622E0,8.025452614E0,9.153528996E0
3.089502943E1,-3.449364185E0,-1.835177898E0,8.520343781E0,9.373486509E0
3.090498557E1,-4.244620323E0,-8.236980438E-2,8.373262405E0,9.388030133E0
3.091499156E1,-4.400836468E0,1.108465195E0,8.175163269E0,9.350366366E0
3.092497438E1,-4.414730072E0,1.973921776E0,7.854333878E0,9.223706925E0
3.093497464E1,-4.300345421E0,2.023145676E0,7.392527580E0,8.788376027E0
3.094497615E1,-3.247706175E0,1.977643013E0,6.238491058E0,7.305986447E0
3.095500245E1,-1.799381614E0,1.865983009E0,5.769237518E0,6.324853226E0
3.096497771E1,-6.991741657E-1,1.783220291E0,5.373346806E0,5.704522330E0
3.097497719E1,1.754466772E0,1.857280731E0,5.011160851E0,5.624889193E0
3.098497667E1,4.457483768E0,5.111439705E0,3.012682438E0,7.421066829E0
3.099497563E1,4.591311932E0,6.731971741E0,2.609985352E0,8.556378457E0
3.100497667E1,4.597876549E0,7.510739326E0,8.789318800E-1,8.850095776E0
3.101497719E1,4.456062794E0,7.564068794E0,-4.917554855E-1,8.792807049E0
3.102497406E1,3.065073490E0,7.508757591E0,-2.111129522E0,8.380512152E0
3.103497537E1,2.057948589E0,6.335947990E0,-2.206863880E0,7.017808598E0
3.104497380E1,1.033807993E0,4.599467278E0,-4.206828594E0,6.318327708E0
3.105500167E1,-8.381575942E-1,1.911303520E0,-5.275071621E0,5.672915468E0
3.106497589E1,-8.910618424E-1,-1.070362091E0,-6.746970654E0,6.889214702E0
3.107498115E1,-9.365045428E-1,-3.542495251E0,-8.206132889E0,8.987042358E0
3.108498901E1,-9.753336310E-1,-4.878629684E0,-8.862732887E0,1.016367736E1
3.109496255E1,-1.208217859E0,-4.988930702E0,-8.735157967E0,1.013174243E1
3.110497693E1,-5.592155457E-2,-4.959331989E0,-8.599022865E0,9.926796827E0
3.111497615E1,6.686091423E-3,-4.010489941E0,-8.392089844E0,9.301142199E0
3.112497875E1,6.270790100E-2,-2.702980995E0,-8.102791786E0,8.541971276E0
3.113498552E1,6.845414639E-2,-1.278412819E0,-7.153977394E0,7.267628077E0
3.114499724E1,9.204149246E-3,-1.141843796E-1,-6.747223854E0,6.748196242E0
3.115503084E1,-1.197345138E0,2.729982376E0,-5.450443268E0,6.212388507E0
3.116498761E1,-1.160760999E0,3.479354858E0,-4.332255363E0,5.676417256E0
3.117499125E1,-2.516243458E0,3.515117645E0,-3.934811115E0,5.845534339E0
3.118498839E1,-2.653295517E0,3.428237915E0,-2.691148758E0,5.102457637E0
3.119498761E1,-3.302585125E0,2.511923790E0,-2.330555439E0,4.759024930E0
3.120498578E1,-3.251423836E0,1.603096962E0,-1.182367563E0,3.813091906E0
3.121498734E1,-3.087544918E0,-1.242065430E-1,-8.643010855E-1,3.208641029E0
3.122498604E1,-1.023012519E0,-9.995651245E-2,8.577063680E-1,1.338733032E0
3.123498578E1,-1.135194659E0,-1.744432449E-1,8.140159845E-1,1.407735552E0
3.124502589E1,4.795395136E-1,-1.260233879E0,9.257726073E-1,1.635604627E0
3.125499417E1,1.204498529E0,-1.963046074E0,1.028839231E0,2.522474332E0
3.126498641E1,1.351121187E0,-1.990380764E0,-7.997841835E-1,2.535113171E0
3.127497584E1,1.442652941E0,-2.003621101E0,-8.858758211E-1,2.623074722E0
3.128497490E1,1.459139705E0,-1.998347282E0,-1.702314258E0,3.003390479E0
3.129498448E1,1.390706778E0,-1.973056793E0,-1.729798555E0,2.969717410E0
3.130498917E1,3.998485208E-1,-1.931389332E0,-1.759861708E0,2.643341980E0
3.131498396E1,-8.586843610E-1,-1.883040905E0,-1.763811588E0,2.719230259E0
3.132498630E1,-8.430340886E-1,-1.824120522E0,-1.736362338E0,2.655762851E0
3.133498969E1,-3.060113192E0,-1.716914177E0,-1.697820067E0,3.898035405E0
3.134498292E1,-3.155803204E0,-1.670698166E0,-1.641935229E0,3.930175253E0
3.135498474E1,-3.221007109E0,-1.617801666E0,-1.553472042E0,3.924976995E0
3.136498526E1,-3.235432148E0,-1.534501076E0,-1.451292992E0,3.863802024E0
3.137498630E1,-3.108648062E0,-1.414855003E0,-1.298582435E0,3.654014750E0
3.138498448E1,-2.285022497E0,3.845214844E-3,-5.812015533E-1,2.357782400E0
3.139498057E1,-8.410147429E-1,2.910137177E-2,-3.923070431E-1,9.284705184E-1
3.140497615E1,-7.191855907E-1,5.524635315E-2,5.165606737E-1,8.871950198E-1
3.141497485E1,-5.998440385E-1,8.213520050E-2,6.811223030E-1,9.113104045E-1
3.142497537E1,5.746485591E-1,1.884160995E0,8.301680088E-1,2.137630124E0
3.143498110E1,7.050494552E-1,2.051963806E0,9.183098078E-1,2.356043951E0
3.144497438E1,8.179464340E-1,3.086725235E0,9.295555353E-1,3.325805547E0
3.145497568E1,8.172487617E-1,3.173760414E0,9.110691547E-1,3.401572829E0
3.146497693E1,7.571848631E-1,3.227186203E0,8.572167158E-1,3.423869186E0
3.147497719E1,6.354334354E-1,3.261858940E0,8.039709330E-1,3.419044992E0
3.148497432E1,-4.579758644E-1,3.253674507E0,7.274314165E-1,3.365307736E0
3.149499021E1,-4.037076831E-1,3.213996887E0,6.445205212E-1,3.302750761E0
3.150497537E1,-1.501834393E0,3.138710976E0,5.685920715E-1,3.525664487E0
3.151497771E1,-2.414969444E0,2.411414146E0,5.626093149E-1,3.458832873E0
3.152497693E1,-2.466006279E0,2.323244095E0,5.553258657E-1,3.433225438E0
3.153497849E1,-2.528636217E0,2.250145912E0,5.073292255E-1,3.422651120E0
3.154497380E1,-2.608200073E0,2.209780693E0,4.242787361E-1,3.444684424E0
3.155497459E1,-3.205188274E0,2.207841873E0,2.862527370E-1,3.902529723E0
3.156497432E1,-3.162692308E0,2.199324608E0,-5.307918787E-1,3.888623328E0
3.157497380E1,-3.086808681E0,2.176539421E0,-6.573073864E-1,3.833766384E0
3.158497563E1,-2.931946278E0,2.092634201E0,-1.426424742E0,3.874288892E0
3.159497432E1,-2.164052010E0,1.975329399E0,-1.495392680E0,3.289566324E0
3.160505594E1,-1.931811213E0,1.877736092E0,-1.531546831E0,3.098939027E0
3.161498844E1,8.421851695E-2,1.831590652E0,-1.534435511E0,2.390880468E0
3.162496750E1,1.953934431E-1,1.889657974E0,-1.514262557E0,2.429398475E0
3.163497406E1,1.446586013E0,2.641002655E0,-1.415041447E0,3.327138172E0
3.164497693E1,2.521385193E0,3.522169113E0,-1.269134760E0,4.513730341E0
3.165497927E1,3.573305130E0,4.253816605E0,-4.359850883E-1,5.572571063E0
3.166498188E1,4.527216434E0,4.409092903E0,-3.473659754E-1,6.329016669E0
3.167497641E1,5.204784393E0,5.436952591E0,-2.534024715E-1,7.530899473E0
3.168497641E1,5.247054100E0,5.507643700E0,-1.673814058E-1,7.608793097E0
3.169497667E1,5.211181164E0,5.341972351E0,-2.168028355E-1,7.465928019E0
3.170497589E1,4.958780766E0,4.017175674E0,-3.256797791E-1,6.390091893E0
3.171497511E1,3.892920017E0,3.170797348E0,-4.128198624E-1,5.037777518E0
3.172497328E1,2.899178982E0,3.035252571E0,-4.502854347E-1,4.221463480E0
3.173497563E1,1.905715942E0,2.386343956E0,-4.345426559E-1,3.084674707E0
3.174497406E1,1.054276228E0,2.372358322E0,-4.212514162E-1,2.630025690E0
3.175497537E1,7.972354889E-1,2.380780220E0,-4.835070372E-1,2.556849220E0
3.176497599E1,-7.647739649E-1,2.428254128E0,-5.626494884E-1,2.607272861E0
3.177497537E1,-8.306095600E-1,2.504982948E0,-5.919463634E-1,2.704672311E0
3.178498453E1,-8.888198733E-1,2.559081078E0,-1.429521799E0,3.063075138E0
3.179498912E1,-9.146060348E-1,2.487088203E0,-1.506665111E0,3.048303083E0
3.180497307E1,-1.110172391E0,1.668573380E0,-1.569705844E0,2.545701533E0
3.181497901E1,-1.080438852E0,7.639322281E-1,-1.637160420E0,2.105049834E0
3.182497719E1,-1.044964790E0,-2.383613586E-1,-1.673684835E0,1.987457793E0
3.183497797E1,-9.653217196E-1,-1.440716743E0,-1.568372369E0,2.338226389E0
3.184497901E1,-8.871815205E-1,-2.588610649E0,-6.712232828E-1,2.817540920E0
3.185497615E1,-1.008376718E0,-3.686902523E0,3.427362442E-2,3.822466285E0
3.186497459E1,-8.911364079E-1,-4.878604889E0,1.839442372E0,5.289466703E0
3.187496651E1,-8.171089292E-1,-5.760864258E0,1.895192027E0,6.119393501E0
3.188497511E1,-7.461691499E-1,-5.806109905E0,1.955487132E0,6.171840127E0
3.189497901E1,-8.783125281E-1,-5.827306747E0,1.821899414E0,6.168326702E0
3.190497667E1,-8.130186796E-1,-5.894319534E0,1.876703143E0,6.239071793E0
3.191497537E1,-7.516452074E-1,-6.592321396E0,1.879931092E0,6.896217283E0
3.192497354E1,5.415322185E-1,-6.699322701E0,1.887610555E0,6.981207302E0
3.193497406E1,6.331720948E-1,-7.587148666E0,1.896136880E0,7.846086085E0
3.194497719E1,7.460579872E-1,-7.710341454E0,1.708586812E0,7.932542893E0
3.195499016E1,1.414528370E0,-8.694005013E0,1.721112251E0,8.974900615E0
3.196499500E1,1.475159883E0,-8.819243431E0,1.733655453E0,9.108277148E0
3.197501391E1,1.552645922E0,-9.803955078E0,1.746443391E0,1.007860650E1
3.198497646E1,1.512933731E0,-9.740710258E0,3.501985550E0,1.046108539E1
3.199498240E1,1.410247803E0,-9.876502991E0,4.595867157E0,1.098435729E1
3.200498110E1,1.248324156E0,-7.636351585E0,5.854237080E0,9.702797046E0
3.201497771E1,2.494924664E-1,-5.604959488E0,6.974957943E0,8.951416405E0
3.202498214E1,-8.760963082E-1,-3.291910648E0,8.023624420E0,8.716809582E0
3.203497589E1,-8.901299834E-1,7.960414886E-2,8.603630066E0,8.649920145E0
3.204497719E1,-2.436378479E0,4.603188515E0,8.454462051E0,9.929915064E0
3.205497615E1,-3.233669281E0,6.248081207E0,8.129503250E0,1.075099804E1
3.206497797E1,-3.333199978E0,7.266156197E0,7.153743744E0,1.072768836E1
3.207497511E1,-3.330890894E0,7.295414925E0,6.105187416E0,1.007924732E1
3.208497667E1,-3.154300213E0,7.287148476E0,5.595811844E0,9.714177934E0
3.209497328E1,-1.051817536E0,7.242761612E0,4.027567387E0,8.353754542E0
3.210497484E1,-9.358258843E-1,7.116318703E0,2.797288179E0,7.703413732E0
3.211497406E1,3.318331242E-1,6.221123695E0,1.603940487E0,6.433126638E0
3.212497459E1,1.269700289E0,6.169109344E0,3.819743395E-1,6.309988377E0
3.213508552E1,1.440543413E0,6.082523346E0,-1.400099635E0,6.405664257E0
3.214498974E1,1.546713829E0,5.081462860E0,-1.505040646E0,5.520755004E0
3.215496261E1,1.596578121E0,4.172636986E0,-2.851094246E0,5.299877311E0
3.216497573E1,1.678530216E0,2.852980614E0,-3.037619114E0,4.492670915E0
3.217497745E1,1.714430809E0,1.389247894E0,-4.137281895E0,4.688964085E0
3.218497484E1,1.647994876E0,-1.752004623E-1,-4.936452389E0,5.207220420E0
3.219498110E1,1.490088224E0,-1.593028069E0,-5.640354156E0,6.047453708E0
3.220497667E1,7.250482440E-1,-3.095558167E0,-6.241348267E0,7.004470251E0
3.221498005E1,6.488295794E-1,-4.123095989E0,-6.870141983E0,8.038641131E0
3.222497615E1,6.748400331E-1,-4.251791954E0,-7.637228489E0,8.767006495E0
3.223497589E1,6.045402288E-1,-4.105265617E0,-7.592625618E0,8.652550979E0
3.224497745E1,5.192120075E-1,-2.616223812E0,-7.456862926E0,7.919533626E0
3.225497745E1,4.055912495E-1,-1.221060753E0,-7.155407906E0,7.270168906E0
3.226498448E1,3.053848743E-1,-1.237907410E-1,-5.999252319E0,6.008295304E0
3.227497589E1,-1.124030709E0,1.402825356E0,-4.764800072E0,5.092610700E0
3.228497589E1,-1.106363535E0,2.445809364E0,-3.526014566E0,4.431568846E0
3.229497641E1,-1.087591171E0,2.610363007E0,-2.406630516E0,3.713316580E0
3.230497380E1,-1.068169832E0,3.321485519E0,-1.448866367E0,3.777891819E0
3.231498339E1,-1.045968771E0,3.260880470E0,-1.108651400E0,3.599513861E0
3.232499031E1,-1.216346860E0,2.291528702E0,-1.532901525E-1,2.598865396E0
3.233497438E1,-1.178525805E0,1.186758041E0,9.828613400E-1,1.939931477E0
3.234497360E1,-1.092995405E0,-1.407012939E-1,1.121806145E0,1.572540885E0
3.235497563E1,-1.009944797E0,-1.174621582E-1,1.221810818E0,1.589530599E0
3.236497589E1,-9.289596677E-1,-1.591705322E0,1.144558191E-1,1.846508064E0
3.237497511E1,5.242406726E-1,-1.696772575E0,-8.786733150E-1,1.981396540E0
3.238497641E1,6.891407967E-1,-1.773028374E0,-9.838979244E-1,2.141634838E0
3.239498709E1,1.402565718E0,-1.788148880E0,-1.861360908E0,2.937572371E0
3.240498656E1,1.383095264E0,-1.732712746E0,-1.879878640E0,2.906748987E0
3.241498787E1,1.278535604E0,-1.658852577E0,-1.897500634E0,2.826119923E0
3.242498682E1,3.048612475E-1,-1.553299904E0,-1.888801336E0,2.464396774E0
3.243498552E1,1.159010530E-1,-8.580684662E-2,-1.830473900E0,1.836145573E0
3.244498370E1,-9.221082926E-1,-5.555725098E-2,-1.735533237E0,1.966073735E0
3.245498604E1,-9.119878411E-1,-2.017498016E-2,-1.615796924E0,1.855513015E0
3.246499047E1,-1.100601077E0,-8.391761780E-2,-1.510729551E0,1.871007396E0
3.247498396E1,-2.065394402E0,-4.737758636E-2,-1.444789529E0,2.521014766E0
3.248501255E1,-2.104578018E0,-1.066589355E-2,-1.393874884E0,2.524331513E0
3.249499084E1,-2.089249849E0,2.251052856E-2,-1.316281438E0,2.469426751E0
3.250502360E1,-9.980223775E-1,5.477714539E-2,-1.193989635E0,1.557132123E0
3.251497438E1,-1.121184349E0,-1.696014404E-2,-1.012819290E0,1.511007910E0
3.252498448E1,-1.045750976E0,1.135349274E-2,-1.531996727E-1,1.056974051E0
3.253498474E1,-9.704582691E-1,3.939056396E-2,-1.190376282E-2,9.713303085E-1
3.254497432E1,-8.965334892E-1,6.728076935E-2,1.349289417E-1,9.091231042E-1
3.255498761E1,-8.241134286E-1,9.484291077E-2,8.675990105E-1,1.200369178E0
3.256498578E1,-9.513225555E-1,1.947359085E0,9.581813812E-1,2.369669507E0
3.257498787E1,-8.390984535E-1,2.752345085E0,1.012892962E0,3.050482230E0
3.258498630E1,-7.682052255E-1,3.531509399E0,1.015556574E0,3.754071531E0
3.259498839E1,-7.001481652E-1,3.562458038E0,1.014080763E0,3.769572193E0
3.260498761E1,-8.333168030E-1,3.572437286E0,9.911836386E-1,3.799890796E0
3.261498813E1,-2.172619820E0,3.551044464E0,9.428721666E-1,4.268395669E0
3.262498813E1,-2.206758022E0,3.494973183E0,8.814810514E-1,4.226301854E0
3.263498474E1,-2.243207932E0,3.419664383E0,7.939475775E-1,4.166105984E0
3.264498370E1,-2.265831947E0,3.336474419E0,6.845140457E-1,4.090796431E0
3.265497360E1,-2.257142782E0,3.247601509E0,5.514514446E-1,3.993207708E0
3.266510922E1,-2.196552992E0,3.153827667E0,-2.476907969E-1,3.851340641E0
3.267497229E1,-2.087328911E0,3.070584297E0,-3.902899027E-1,3.733330432E0
3.268496443E1,-1.894244909E0,2.959971428E0,-1.104294896E0,3.683620752E0
3.269498094E1,-2.868555188E-1,2.303317070E0,-1.205858231E0,2.615654734E0
3.270497693E1,-3.780281544E-1,2.244747162E0,-1.329344511E0,2.636086481E0
3.271497537E1,-2.731588483E-1,2.144390106E0,-1.436419129E0,2.595443045E0
3.272497589E1,-1.719592214E-1,1.483439445E0,-1.454501510E0,2.084643184E0
3.273497641E1,-7.411199808E-2,1.449951172E0,-1.336916089E0,1.973624994E0
3.274497953E1,-2.889408171E-2,1.479874611E0,-3.543276787E-1,1.521976293E0
3.275497745E1,1.308400750E0,2.776891708E0,1.788468242E0,3.552697389E0
3.276497110E1,1.423842430E0,3.586247444E0,1.833159804E0,4.271881654E0
3.277497927E1,2.306324244E0,4.299404144E0,1.877317190E0,5.227650270E0
3.278497771E1,2.403962612E0,4.424329758E0,1.921011925E0,5.389250120E0
3.279497641E1,3.152637959E0,5.104571342E0,4.239354134E-1,6.014606880E0
3.280497485E1,3.126060963E0,5.085710526E0,-5.130459070E-1,5.991654596E0
3.281497537E1,3.056274652E0,4.993823051E0,-1.676707268E0,6.090191350E0
3.282497563E1,2.923748970E0,4.085830688E0,-2.758573294E0,5.731670531E0
3.283497406E1,2.175222158E0,3.156594276E0,-3.465736151E0,5.167882151E0
3.284499266E1,1.934316993E0,2.297398567E0,-3.460930586E0,4.582320692E0
3.285496984E1,6.034038663E-1,2.135668755E0,-2.702243328E0,3.496755104E0
3.286497464E1,-5.887905955E-1,1.373779297E0,-1.757320046E0,2.306971536E0
3.287499203E1,-6.106055975E-1,1.383281708E0,-8.727703094E-1,1.745862392E0
3.288497380E1,-6.291550994E-1,1.406553268E0,-5.515944958E-2,1.541840070E0
3.289497693E1,-2.182200432E0,1.436906815E0,1.660888553E0,3.096005604E0
3.290498396E1,-2.255815983E0,1.474308968E0,1.707674742E0,3.190367644E0
3.291497641E1,-2.311219692E0,1.478379250E0,1.757991314E0,3.258508114E0
3.292497797E1,-2.259713650E0,1.403375626E0,1.812545300E0,3.218864612E0
3.293497432E1,-2.101155996E0,-3.451662064E-1,1.689034462E0,2.717873000E0
3.294497537E1,-1.970752478E0,-3.357429504E-1,1.670091152E0,2.604955492E0
3.295497901E1,-6.940296292E-1,-1.893817902E0,6.425585747E-1,2.116862039E0
3.296497745E1,-5.883620381E-1,-2.850067139E0,5.655727386E-1,2.964612134E0
3.297497432E1,-4.846042395E-1,-3.719972134E0,5.232758522E-1,3.787723797E0
3.298497484E1,-5.825058222E-1,-4.408260345E0,4.574284554E-1,4.470046208E0
3.299497537E1,-4.838015437E-1,-4.559877872E0,3.684526682E-1,4.600250810E0
3.300497589E1,-3.865599334E-1,-5.504352570E0,3.067570925E-1,5.526429743E0
3.301498500E1,-3.292775750E-1,-5.615565777E0,2.585846186E-1,5.631151634E0
3.302497531E1,6.956909895E-1,-6.433293343E0,2.409365177E-1,6.475283746E0
3.303499875E1,7.904496193E-1,-6.510068893E0,2.156701088E-1,6.561426765E0
3.304497568E1,9.175881147E-1,-6.608659744E0,1.981610060E-1,6.674999577E0
3.305497589E1,1.673768759E0,-7.475580215E0,1.923332214E-1,7.663079895E0
3.306497667E1,1.708170533E0,-7.558243752E0,2.207601070E-1,7.752008140E0
3.307497458E1,1.727391243E0,-7.636711597E0,3.163870573E-1,7.836028669E0
3.308497719E1,1.718795776E0,-8.309810638E0,4.365668297E-1,8.496928996E0
3.309497172E1,1.705716848E0,-8.323466301E0,1.470651984E0,8.622782526E0
3.310497641E1,1.666833282E0,-8.266748428E0,1.573177457E0,8.578598375E0
3.311497432E1,1.553010941E0,-8.104644775E0,3.348521471E0,8.905599697E0
3.312497927E1,1.397452116E0,-6.631098747E0,4.454492569E0,8.109676138E0
3.313497589E1,5.678539872E-1,-4.825791836E0,5.620631218E0,7.429819667E0
3.314497589E1,-7.870877385E-1,-2.452564240E0,6.635364056E0,7.117768935E0
3.315497511E1,-8.273958564E-1,-7.731437683E-3,7.475829124E0,7.521480225E0
3.316497537E1,-2.356978178E0,2.883528709E0,8.227153778E0,9.030843994E0
3.317497354E1,-2.601081371E0,4.970421791E0,8.205631256E0,9.939974919E0
3.318497406E1,-3.725630045E0,6.485670090E0,8.056916237E0,1.099354970E1
3.319497344E1,-3.872768402E0,7.360180855E0,7.766710758E0,1.137947245E1
3.320498313E1,-3.945734024E0,7.381189346E0,7.349215508E0,1.113830067E1
3.321498682E1,-3.858433723E0,7.232058525E0,6.264105320E0,1.031645272E1
3.322497698E1,-3.640812397E0,6.093694687E0,5.192285538E0,8.794797266E0
3.323497615E1,-2.263117313E0,5.106796265E0,3.840102673E0,6.778455325E0
3.324497511E1,-7.568991780E-1,4.359337807E0,2.323696136E0,4.997628059E0
3.325497875E1,-5.972674489E-1,4.338334084E0,7.381183505E-1,4.441023500E0
3.326497901E1,6.696330905E-1,4.451861382E0,-9.747336507E-1,4.606254870E0
3.327498370E1,9.048706293E-1,5.154588699E0,-1.318000078E0,5.396823114E0
3.328498110E1,1.698900700E0,4.325263023E0,-4.429333687E0,6.419747714E0
3.329497641E1,1.757933140E0,3.273486137E0,-5.541087151E0,6.671558081E0
3.330497693E1,1.818276644E0,1.998804092E0,-6.230785847E0,6.791468179E0
3.331497641E1,1.825520635E0,-2.797698975E-1,-6.312030315E0,6.576665073E0
3.332497484E1,1.784443140E0,-2.687702179E-1,-6.855098248E0,7.088642094E0
3.333497797E1,1.691007614E0,-2.831130028E0,-6.802073479E0,7.559299412E0
3.334497458E1,1.628722310E0,-4.142470837E0,-6.774320602E0,8.105814001E0
3.335497719E1,1.602967978E0,-4.211792469E0,-7.380180836E0,8.647298498E0
3.336497432E1,1.617070675E0,-4.138559341E0,-7.206479549E0,8.466164331E0
3.337503781E1,1.631814599E0,-3.183885574E0,-7.016547203E0,7.876032052E0
3.338497854E1,1.600080967E0,-2.139493465E0,-6.835511684E0,7.339067473E0
3.339499516E1,1.507367373E0,-2.330312729E-1,-6.559280396E0,6.734286842E0
3.340497334E1,1.342253447E0,-2.052040100E-1,-6.166919708E0,6.314637891E0
3.341497537E1,5.151786208E-1,1.381329536E0,-4.702422142E0,4.928108593E0
3.342497771E1,3.348140717E-1,2.144019127E0,-3.665462494E0,4.259640099E0
3.343497563E1,-9.783200622E-1,2.212977409E0,-2.620453358E0,3.566672813E0
3.344497953E1,-9.802998900E-1,2.204555511E0,-1.635191441E0,2.914601847E0
3.345497589E1,-9.794992805E-1,2.089324951E0,-7.433031797E-1,2.424293136E0
3.346498031E1,-1.132827401E0,-1.695404053E-1,-3.757909536E-1,1.205512634E0
3.347497563E1,-1.098585844E0,-1.312875748E-1,-2.868251801E-1,1.142976801E0
3.348498005E1,-1.060222030E0,-1.663215637E0,-3.386466503E-1,2.001259244E0
3.349497458E1,3.706592321E-1,-1.763381004E0,-1.320641994E0,2.234053739E0
3.350497484E1,5.315223932E-1,-1.790881157E0,-1.430454016E0,2.352864226E0
3.351497667E1,1.188415408E0,-1.759838104E0,-2.384910583E0,3.193299207E0
3.352497432E1,1.220368385E0,-1.687553406E0,-2.424888134E0,3.196438323E0
3.353497589E1,1.163588762E0,-1.572937012E0,-2.425337791E0,3.116140731E0
3.354497563E1,3.697280884E-1,-2.719020844E-2,-2.396558523E0,2.425063076E0
3.355498396E1,2.037903666E-1,-9.720897675E-2,-2.323397636E0,2.334342879E0
3.356499599E1,-9.902502298E-1,-6.551074982E-2,-2.206840992E0,2.419717822E0
3.357497360E1,-9.670124650E-1,-3.282165527E-2,-2.060364962E0,2.276245625E0
3.358497667E1,-2.202891111E0,6.714820862E-3,-1.899507761E0,2.908763323E0
3.359497568E1,-2.312848806E0,4.617309570E-2,-1.751638174E0,2.901661222E0
3.360497771E1,-2.395556450E0,-1.423835754E-2,-1.615282536E0,2.889295953E0
3.361497458E1,-2.439172745E0,2.507209778E-2,-1.479696035E0,2.853014659E0
3.362497693E1,-2.380854368E0,5.926799774E-2,-1.310071707E0,2.718136879E0
3.363497823E1,-2.214232683E0,1.132183075E-1,-2.858252525E-1,2.235473291E0
3.364497484E1,-2.024065733E0,4.281330109E-2,7.540926933E-1,2.160400625E0
3.365497370E1,-8.264040947E-1,7.234382629E-2,9.565005302E-1,1.266124252E0
3.366498813E1,-7.156891227E-1,1.016149521E-1,2.695278168E0,2.790530580E0
3.367498943E1,-6.080456376E-1,1.301250458E-1,2.776417017E0,2.845196562E0
3.368498995E1,-5.034419894E-1,1.393940926E0,2.826012373E0,3.191061120E0
3.369498682E1,-6.008701921E-1,1.511239052E0,2.670224905E0,3.126497961E0
3.370498474E1,-5.029832721E-1,2.260110855E0,2.678880215E0,3.540832170E0
3.371498266E1,-1.456819296E0,2.320038795E0,2.682822466E0,3.834375941E0
3.372502198E1,-1.505414128E0,2.340583801E0,2.629508972E0,3.828697123E0
3.373497537E1,-1.575127959E0,2.336407661E0,2.577424526E0,3.818762370E0
3.374509709E1,-1.642288446E0,2.323311806E0,2.318610668E0,3.670264911E0
3.375497386E1,-1.694004536E0,2.309887886E0,2.262778997E0,3.650397541E0
3.376497682E1,-1.702212453E0,2.289986610E0,2.203727484E0,3.605271243E0
3.377498552E1,-1.648848891E0,2.295495033E0,2.148669243E0,3.550321060E0
3.378498474E1,-1.501385450E0,2.322208405E0,2.097750664E0,3.470931862E0
3.379497516E1,-3.201649785E-1,2.393184662E0,8.910073042E-1,2.573661294E0
3.380499073E1,-2.352695763E-1,3.094331741E0,7.007246017E-1,3.181392096E0
3.381498917E1,-1.128451154E-1,3.144058228E0,-2.926537991E-1,3.159664920E0
3.382499229E1,-3.260923922E-2,3.091994286E0,-1.133774996E0,3.293468956E0
3.383498708E1,-1.539554596E-1,2.986433029E0,-1.249024391E0,3.240763251E0
3.384498448E1,-1.121456623E-1,2.258003235E0,-1.328976512E0,2.622467126E0
3.385498969E1,-7.050230354E-2,2.173741341E0,-1.314432502E0,2.541230960E0
3.386498656E1,-3.049501032E-2,2.119476318E0,-1.220907569E0,2.446165387E0
3.387498474E1,9.413607419E-3,2.183408737E0,-4.726123810E-1,2.233993015E0
3.388498552E1,1.405956864E0,3.042710304E0,-4.398480654E-1,3.380571996E0
3.389499021E1,1.504978180E0,3.957396507E0,-4.575021267E-1,4.258550767E0
3.390497464E1,2.233416557E0,4.761651039E0,-4.867019653E-1,5.281888766E0
3.391496927E1,2.332154274E0,4.891907692E0,-5.057474375E-1,5.442929808E0
3.392496240E1,3.051955462E0,5.604409218E0,-5.065685511E-1,6.401597185E0
3.393497281E1,3.155645132E0,5.590450287E0,-5.247076750E-1,6.441005260E0
3.394498162E1,3.194895029E0,5.479621887E0,-5.585292578E-1,6.367539965E0
3.395497719E1,3.162137985E0,4.500857353E0,-6.162503958E-1,5.535033704E0
3.396497901E1,2.965824842E0,3.630353928E0,-6.126097441E-1,4.727671449E0
3.397497667E1,1.899464726E0,2.762763977E0,-5.117596388E-1,3.391567332E0
3.398497380E1,9.097287059E-1,2.054286957E0,2.666088343E-1,2.262472428E0
3.399498292E1,-5.426976681E-1,1.952745438E0,3.309466839E-1,2.053597139E0
3.400497563E1,-1.620166063E0,1.919809341E0,3.046033382E-1,2.530491884E0
3.401497485E1,-1.836461067E0,1.876358986E0,2.766667604E-1,2.640048634E0
3.402497589E1,-2.676811457E0,1.770114899E0,2.632324696E-1,3.219925102E0
3.403497458E1,-2.674317837E0,8.499889374E-1,2.233357430E-1,2.815019705E0
3.404497953E1,-2.553518772E0,6.887245178E-1,1.515394449E-1,2.649106224E0
3.405497823E1,-7.022369504E-1,-3.513135910E-1,1.518332958E-2,7.853588398E-1
3.406497615E1,-6.367388368E-1,-3.338184357E-1,-7.938747406E-1,1.071031371E0
3.407497432E1,-7.715859413E-1,-2.286626816E0,-8.399705887E-1,2.555299914E0
3.408507755E1,-7.058888674E-1,-3.197082996E0,-8.753956556E-1,3.389090783E0
3.409499234E1,-6.406427026E-1,-4.000699043E0,-9.008510113E-1,4.150608203E0
3.410496563E1,-5.776091814E-1,-4.710015774E0,-8.939516544E-1,4.828771119E0
3.411497464E1,-5.152417421E-1,-4.857571125E0,-8.458248377E-1,4.957508542E0
3.412497901E1,-6.528143883E-1,-5.831918240E0,-7.602393627E-1,5.917381251E0
3.413497693E1,5.241980553E-1,-5.911631584E0,-6.179519892E-1,5.966911785E0
3.414498240E1,6.333119869E-1,-6.539011002E0,2.507061958E-1,6.574389899E0
3.415497719E1,1.308292150E0,-6.594293594E0,3.644940853E-1,6.732695768E0
3.416497563E1,1.366053343E0,-6.691732883E0,4.868681431E-1,6.847074653E0
3.417497641E1,1.487859964E0,-7.641661167E0,7.021992207E-1,7.816763807E0
3.418497537E1,1.521201134E0,-8.233194351E0,1.876362443E0,8.580225995E0
3.419498240E1,1.551754117E0,-8.293898582E0,1.939881563E0,8.657934801E0
3.420497797E1,1.523049593E0,-8.341337204E0,2.004276991E0,8.712904950E0
3.421497563E1,1.467851877E0,-8.368959427E0,1.866881609E0,8.699386068E0
3.422497485E1,1.383779764E0,-8.349811554E0,3.651102066E0,9.217632327E0
3.423497589E1,1.261977315E0,-8.215147018E0,4.568997860E0,9.484564762E0
3.424498266E1,1.096941233E0,-6.791863441E0,5.560290337E0,8.845875745E0
3.425497771E1,1.793453693E-1,-4.743154049E0,6.741326809E0,8.244705103E0
3.426499156E1,-1.157882214E0,-2.088296890E0,7.995539188E0,8.344478536E0
3.427498479E1,-1.196490884E0,1.028347015E-2,8.931022644E0,9.010819144E0
3.428497594E1,-2.604928017E0,3.083889008E0,8.946548462E0,9.815128668E0
3.429497860E1,-2.839886189E0,4.930013657E0,8.864509583E0,1.053325773E1
3.430497693E1,-3.858726501E0,6.146423340E0,8.620204926E0,1.126837269E1
3.431497641E1,-4.001463890E0,6.254257202E0,8.238651276E0,1.109066370E1
3.432497667E1,-4.050133228E0,6.177408218E0,7.094367027E0,1.024177694E1
3.433497849E1,-3.918907166E0,5.081084251E0,5.712747574E0,8.591317442E0
3.434498552E1,-2.472166061E0,2.552756310E0,2.687529087E0,4.455444131E0
3.435497719E1,-1.120320678E0,2.457340240E0,1.201434612E0,2.955855985E0
3.436497849E1,-9.485489130E-1,2.558873177E0,-7.227190733E-1,2.823101102E0
3.437497354E1,7.686588168E-1,4.026333809E0,-9.319066405E-1,4.203647262E0
3.438497589E1,1.918742418E0,5.430068970E0,-1.116539955E0,5.866334712E0
3.439498084E1,2.088217258E0,6.246278763E0,-1.233677864E0,6.700642564E0
3.440497537E1,2.148629665E0,6.285841942E0,-2.467928410E0,7.086542810E0
3.441498031E1,2.179569244E0,6.176908493E0,-2.605893612E0,7.049496588E0
3.442497823E1,2.244818926E0,4.935646057E0,-3.315567970E0,6.355533414E0
3.443499927E1,2.238132000E0,3.313634872E0,-3.307563782E0,5.189353436E0
3.444498537E1,2.100886822E0,1.246702194E0,-3.943880558E0,4.639200972E0
3.445499823E1,1.236023188E0,-3.261260986E-1,-4.671481609E0,4.843227434E0
3.446497360E1,1.009162188E0,-3.139856815E0,-5.975952625E0,6.825622237E0
3.447497589E1,8.995708227E-1,-4.166954041E0,-7.158990383E0,8.332099192E0
3.448497563E1,8.830386400E-1,-4.186236858E0,-7.809463978E0,8.904609138E0
3.449498292E1,8.107947111E-1,-4.075267792E0,-7.801077843E0,8.838665688E0
3.450497927E1,7.077093124E-1,-3.054886818E0,-8.397101402E0,8.963509240E0
3.451497615E1,5.981233716E-1,-2.035923004E0,-8.234783173E0,8.503786683E0
3.452497771E1,-9.837362170E-1,-2.365083694E-1,-6.094946861E0,6.178353372E0
3.453497484E1,-9.704518914E-1,7.469568253E-1,-4.425623417E0,4.591934669E0
3.454498813E1,-1.155400634E0,8.261890411E-1,-2.872285128E0,3.204303483E0
3.455497667E1,-1.138096213E0,8.614931107E-1,-1.676139712E0,2.201562560E0
3.456497615E1,-1.119063854E0,8.291454315E-1,-7.613466382E-1,1.587272743E0
3.457497250E1,-1.096794128E0,-1.853685379E-1,-4.361153245E-1,1.194786772E0
3.458497563E1,-1.070120215E0,-1.424322128E-1,-1.493761539E-1,1.089842854E0
3.459498136E1,-1.190285921E0,-2.094945908E-1,-3.731167316E-2,1.209157028E0
3.460497563E1,2.375017405E-1,-1.820402145E-1,-1.135824919E-1,3.200729587E-1
3.461509500E1,3.701133728E-1,-1.593437195E-1,-1.185906053E0,1.252496505E0
3.462496865E1,5.031819344E-1,-1.195731163E0,-1.268314600E0,1.814273132E0
3.463496219E1,6.171963215E-1,-1.209239960E0,-1.302065611E0,1.881108034E0
3.464498709E1,6.850305200E-1,-1.205507278E0,-1.283693671E0,1.889545991E0
3.465498266E1,6.971239448E-1,-1.181813240E0,-1.244638085E0,1.852508648E0
3.466497589E1,5.894167423E-1,-1.151077271E0,-1.202547193E0,1.765930556E0
3.467497875E1,-9.305343032E-1,-1.123050690E0,-1.162592888E0,1.865143202E0
3.468497693E1,-9.079620242E-1,-6.639385223E-2,-1.115508556E0,1.439848089E0
3.469498136E1,-1.084645271E0,-1.352167130E-1,-1.077398658E0,1.534772554E0
3.470497641E1,-1.021165848E0,-8.419036865E-2,-1.126729012E0,1.522953043E0
3.471497589E1,-9.971236587E-1,-5.336570740E-2,-1.155941963E0,1.527516059E0
3.472497615E1,-9.725336432E-1,-2.276325226E-2,-1.186850309E0,1.534585778E0
3.473498084E1,-1.099726200E0,-9.701251984E-2,-1.203987598E0,1.633522354E0
3.474498057E1,-1.028079629E0,-7.120037079E-2,-1.199784756E0,1.581613314E0
3.475497589E1,-9.559050798E-1,-4.553604126E-2,-1.147851229E0,1.494453243E0
3.476497797E1,-8.854345083E-1,-1.962184906E-2,-1.029039145E0,1.357682160E0
3.477497615E1,-8.161994815E-1,6.760597229E-3,-8.653407097E-1,1.189555313E0
3.478497641E1,-9.475620985E-1,-6.617450714E-2,-7.487535477E-3,9.498994995E-1
3.479501084E1,-8.787570596E-1,-3.933811188E-2,1.142179966E-1,8.870215372E-1
3.480498938E1,-8.109850287E-1,1.542865753E0,2.532615662E-1,1.761327020E0
3.481498401E1,-7.445795536E-1,1.681687355E0,9.511234760E-1,2.070533008E0
3.482497953E1,-6.813328862E-1,2.619041443E0,1.023519993E0,2.893300150E0
3.483497693E1,-8.183352947E-1,2.709241867E0,1.094170928E0,3.034283139E0
3.484498188E1,-7.550809979E-1,2.804878235E0,1.118305922E0,3.112570860E0
3.485497693E1,-6.891918182E-1,2.882721901E0,1.110769987E0,3.165261582E0
3.486497797E1,-6.244165897E-1,2.933640480E0,1.062350512E0,3.181938270E0
3.487497328E1,-7.199884057E-1,2.981248856E0,9.301689863E-1,3.204909107E0
3.488497693E1,-6.566523910E-1,2.989961624E0,8.246893883E-1,3.170358886E0
3.489498891E1,-5.928422213E-1,2.995800972E0,7.234350443E-1,3.138414190E0
3.490498969E1,-5.301837325E-1,3.018849373E0,6.016403437E-1,3.123542449E0
3.491498396E1,-4.686664939E-1,3.042301178E0,-9.756946564E-2,3.079734492E0
3.492498552E1,-6.093998551E-1,3.076017380E0,-2.100443840E-1,3.142828304E0
3.493498500E1,-5.496769547E-1,3.094120979E0,-3.405026197E-1,3.160960522E0
3.494498266E1,-4.910025597E-1,3.084074020E0,-9.775267839E-1,3.272331690E0
3.495498604E1,-4.332952499E-1,3.035129547E0,-1.047419190E0,3.239883193E0
3.496504516E1,-3.765394092E-1,2.932668686E0,-1.108712792E0,3.157779537E0
3.497498406E1,-5.216336846E-1,2.291047096E0,-1.156357765E0,2.618809229E0
3.498499484E1,-4.659367204E-1,2.212296486E0,-1.122524261E0,2.524165899E0
3.499497229E1,-4.110929370E-1,2.182481766E0,-1.031318188E0,2.448640697E0
3.500497438E1,-3.568906188E-1,2.254287720E0,-9.331624508E-1,2.465760774E0
3.501498396E1,1.388825417E0,3.118592262E0,-8.513252735E-1,3.518409933E0
3.502498682E1,1.517055154E0,3.908342361E0,-8.028264046E-1,4.268621158E0
3.503498787E1,2.499766588E0,4.049982071E0,-7.880698442E-1,4.824131202E0
3.504498813E1,3.182362795E0,4.823127747E0,-7.639187574E-1,5.828684765E0
3.505498734E1,3.399257421E0,4.788687706E0,-8.258079290E-1,5.930298449E0
3.506502745E1,3.329073191E0,4.655850410E0,-1.589380741E0,5.940185392E0
3.507498787E1,3.152068138E0,3.426537514E0,-1.682827473E0,4.950616243E0
3.508498865E1,1.976584911E0,2.517247200E0,-1.704791546E0,3.626256416E0
3.509498891E1,8.132086396E-1,1.809597969E0,-1.615188599E0,2.558278193E0
3.510498682E1,-6.539453864E-1,1.728321075E0,-9.370958805E-1,2.071928328E0
3.511498552E1,-8.814485073E-1,1.701854706E0,-8.502237797E-1,2.096697734E0
3.512498604E1,-2.713186264E0,1.732969284E0,-7.835509777E-1,3.313384128E0
3.513499021E1,-2.890520096E0,1.790151596E0,-7.083079815E-1,3.472959740E0
3.514508979E1,-3.030472755E0,1.845906258E0,-6.049287319E-1,3.599593561E0
3.515497307E1,-3.079802990E0,1.865897179E0,9.326219559E-3,3.600950668E0
3.516496802E1,-3.009302139E0,1.798012733E0,-2.473258972E-2,3.505618470E0
3.517497464E1,-2.255192518E0,1.041737556E0,-7.234961987E-1,2.587384235E0
3.518497901E1,-9.438127875E-1,-2.755355835E-1,-1.370766640E0,1.686921343E0
3.519498193E1,-8.690949082E-1,-2.533645630E-1,-1.454994440E0,1.713630177E0
3.520497901E1,-7.949483395E-1,-1.800646782E0,-1.510838270E0,2.481310939E0
3.521498005E1,-9.186442494E-1,-2.761235237E0,-1.493502855E0,3.270913950E0
3.522497667E1,-8.422349691E-1,-3.607863426E0,-1.421614170E0,3.968252146E0
3.523497719E1,-7.277776003E-1,-4.453844070E0,-4.476239681E-1,4.535058374E0
3.524497563E1,6.713606715E-1,-5.492943764E0,-2.770998478E-1,5.540752717E0
3.525497771E1,7.850440145E-1,-5.596430302E0,7.818357944E-1,5.705049819E0
3.526497797E1,9.244072437E-1,-6.323003292E0,9.348683357E-1,6.458241106E0
3.527497667E1,1.708786011E0,-6.379554749E0,2.454205513E0,7.045693232E0
3.528497537E1,1.790013909E0,-6.458226681E0,2.538957596E0,7.166529657E0
3.529497511E1,1.899462461E0,-7.158452511E0,2.623884201E0,7.857236683E0
3.530497459E1,2.530348778E0,-7.201719761E0,2.503755093E0,8.033443970E0
3.531498292E1,2.532925129E0,-7.256665230E0,2.555950880E0,8.099863262E0
3.532501734E1,2.510304689E0,-7.316394329E0,2.604759455E0,8.161864213E0
3.533497828E1,2.431855917E0,-7.389048576E0,2.607941151E0,8.204469459E0
3.534498708E1,2.320299625E0,-7.454549789E0,2.609806776E0,8.231961754E0
3.535497672E1,2.172782898E0,-7.479126930E0,3.548144341E0,8.558484295E0
3.536497563E1,1.966697574E0,-7.439165115E0,4.273756027E0,8.801935443E0
3.537497719E1,1.171846271E0,-7.292330265E0,5.182507515E0,9.022731766E0
3.538498057E1,9.520893097E-1,-5.791892529E0,6.356080532E0,8.651719647E0
3.539497797E1,-1.472975016E-1,-3.906260014E0,7.582469940E0,8.530792123E0
3.540497641E1,-1.686597228E0,-1.574325562E0,8.672612190E0,8.974258375E0
3.541497823E1,-2.916621685E0,2.956002235E0,9.523157120E0,1.038918441E1
3.542497458E1,-3.716794252E0,4.673287392E0,9.389006615E0,1.112688725E1
3.543497745E1,-3.895838976E0,5.875506401E0,9.099803925E0,1.151110630E1
3.544497563E1,-4.025395393E0,6.642567635E0,8.659842491E0,1.163272904E1
3.545497458E1,-4.038130760E0,6.664342880E0,7.126792431E0,1.055988335E1
3.546497328E1,-3.912120819E0,6.586690903E0,5.599658012E0,9.489223161E0
3.547497849E1,-3.682051182E0,6.463754654E0,4.038307667E0,8.464369672E0
3.548497615E1,-1.476986289E0,6.369297028E0,2.443332672E0,6.979921752E0
3.549498240E1,-1.463816762E0,6.397067070E0,1.066571236E0,6.648518693E0
3.550497505E1,-1.262607217E0,7.143977165E0,-7.437480688E-1,7.292718828E0
3.551498693E1,-5.869567394E-2,7.216943741E0,-9.314790368E-1,7.277044409E0
3.552497568E1,1.388464570E-1,7.126708031E0,-2.307881832E0,7.492367066E0
3.553497276E1,3.347074986E-1,5.844589233E0,-3.622609854E0,6.884370310E0
3.554497771E1,1.196625948E0,4.292581558E0,-4.415673256E0,6.273463190E0
3.555497797E1,1.364346385E0,2.413182259E0,-4.505720615E0,5.290218137E0
3.556498057E1,1.994908571E0,-3.073263168E-1,-4.537355900E0,4.966055601E0
3.557497511E1,1.984084368E0,-1.894039154E0,-5.294409752E0,5.962780368E0
3.558497797E1,2.002123833E0,-5.519002914E0,-7.305029392E0,9.371837996E0
3.559497537E1,2.073272705E0,-5.560411930E0,-7.269090176E0,9.383832507E0
3.560497589E1,2.713426828E0,-5.373732090E0,-7.736083508E0,9.802380821E0
3.561497641E1,2.653433561E0,-3.544267654E0,-7.591866493E0,8.788570972E0
3.562497719E1,2.507986069E0,-1.907973289E0,-7.410485268E0,8.052679560E0
3.563497589E1,1.682611823E0,-3.342771530E-1,-7.114869595E0,7.318763086E0
3.564497667E1,1.478365898E0,-3.076534271E-1,-5.665453434E0,5.863239631E0
3.565497745E1,3.204621077E-1,1.582375526E0,-4.034381390E0,4.345439157E0
3.566497484E1,-1.181340456E0,1.731566429E0,-2.290244102E0,3.104690906E0
3.567497261E1,-1.203242660E0,1.838423729E0,-7.685712576E-1,2.327723455E0
3.568498365E1,-1.422641873E0,1.839783669E0,8.227282166E-1,2.466899991E0
3.569497927E1,-1.432015181E0,1.713213921E0,1.051543355E0,2.468099034E0
3.570497412E1,-1.439276218E0,-1.822404861E-1,1.272099137E0,1.929498340E0
3.571497537E1,-1.439974904E0,-1.388759613E-1,-1.915771961E-1,1.459286154E0
3.572497485E1,-1.399178624E0,-1.393013954E0,-8.261550665E-1,2.140261875E0
3.573497354E1,-1.505789518E0,-1.525444984E0,-8.899536133E-1,2.320862320E0
3.574497719E1,-1.414322615E0,-2.179463863E0,-9.363617897E-1,2.761728551E0
3.575497537E1,-2.486832142E-1,-2.180520058E0,-9.481995106E-1,2.390730720E0
3.576497344E1,-2.755451202E-2,-2.134907246E0,-8.284478188E-1,2.290177720E0
3.577497563E1,6.725846529E-1,-2.051331520E0,-6.651357412E-1,2.258923787E0
3.578497563E1,7.116870880E-1,-1.926783562E0,2.940691710E-1,2.074962670E0
3.579497667E1,6.946097612E-1,-1.170718193E0,4.282155037E-1,1.427036203E0
3.580497615E1,5.800272226E-1,-7.712554932E-2,4.897304773E-1,7.630307135E-1
3.581497901E1,-1.331369877E-1,-4.904365540E-2,5.027633905E-1,5.224000043E-1
3.582497406E1,-1.280549049E0,-1.208400726E-1,4.439821243E-1,1.360708756E0
3.583497432E1,-1.246865988E0,-9.281635284E-2,3.763664961E-1,1.305734049E0
3.584497511E1,-1.213573456E0,-7.063388824E-2,-3.083603382E-1,1.254127496E0
3.585507422E1,-1.178871989E0,-4.911899567E-2,-3.277313709E-1,1.224565104E0
3.586497516E1,-1.139669538E0,-2.954578400E-2,-3.658125401E-1,1.197304649E0
3.587495255E1,-1.300226450E0,-1.097278595E-1,-3.945406675E-1,1.363191609E0
3.588497255E1,-1.256830931E0,-9.044551849E-2,-3.612974882E-1,1.310854780E0
3.589497693E1,-1.173157454E0,-7.599067688E-2,-3.077151775E-1,1.215220813E0
3.590497797E1,-1.091561556E0,-1.090321541E0,-1.927781105E-1,1.554821885E0
3.591497563E1,-1.011779189E0,-1.120335579E0,7.361316681E-1,1.679505513E0
3.592497719E1,-1.131436229E0,-1.083027840E0,8.445934057E-1,1.779448022E0
3.593497979E1,6.911305189E-1,-1.070251465E-1,1.834575415E0,1.963360061E0
3.594497563E1,7.847037315E-1,-7.104682922E-2,1.905991793E0,2.062428741E0
3.595497537E1,6.961247921E-1,1.461469650E0,1.937337995E0,2.524631017E0
3.596497432E1,-1.002497196E0,2.132579803E0,2.616426945E-1,2.370939507E0
3.597497432E1,-9.308359623E-1,2.270025253E0,-6.942433119E-1,2.549792936E0
3.598497302E1,-2.332587242E0,3.198248863E0,-1.785169959E0,4.342417623E0
3.599497823E1,-3.403804302E0,3.261301994E0,-2.785105228E0,5.475288628E0
3.600497693E1,-4.253883362E0,3.266021729E0,-3.503273010E0,6.405883497E0
3.601497511E1,-4.309403896E0,3.237464905E0,-3.612474442E0,6.488614069E0
3.602497458E1,-4.314929485E0,3.210138321E0,-3.663449287E0,6.507262495E0
3.603502860E1,-4.220754623E0,3.207129478E0,-3.614662170E0,6.416091621E0
3.604498453E1,-4.014781475E0,3.223322868E0,-3.482054234E0,6.215543604E0
3.605496276E1,-2.603406429E0,3.260772705E0,-2.640313148E0,4.937774518E0
3.606497438E1,-1.570298195E0,3.275193214E0,-2.441304922E0,4.376379409E0
3.607498136E1,-3.881704509E-1,3.254652023E0,-1.709570169E0,3.696764295E0
3.608497615E1,-2.738886178E-1,3.232810974E0,-1.583149672E0,3.610047735E0
3.609497667E1,1.350780964E0,3.195059776E0,-1.433313847E0,3.753319167E0
3.610497615E1,2.083103180E0,3.138418198E0,-7.212266922E-1,3.835251697E0
3.611497667E1,2.274235249E0,3.094666481E0,-5.737020969E-1,3.883071039E0
3.612498057E1,4.088468075E0,3.102573395E0,2.172930241E-1,5.136998066E0
3.613497641E1,4.787119389E0,3.185467720E0,3.406817913E-1,5.760189295E0
3.614498422E1,4.786100388E0,3.272311211E0,4.039099216E-1,5.811877563E0
3.615498656E1,4.785251617E0,3.304082870E0,3.362150192E-1,5.824829371E0
3.616498708E1,5.366893768E0,3.277162552E0,-5.089845657E-1,6.308914994E0
3.617498552E1,5.246525764E0,3.250090599E0,-1.567746639E0,6.367648783E0
3.618498787E1,5.045831203E0,3.252961159E0,-2.426661730E0,6.475403924E0
3.619498552E1,4.243433952E0,3.253459930E0,-2.548274040E0,5.923295857E0
3.620498604E1,3.211289167E0,3.216641426E0,-3.258402109E0,5.592525770E0
3.621500938E1,2.004311562E0,3.098044395E0,-3.253631353E0,4.919477706E0
3.622497932E1,1.184242725E0,2.377153397E0,-3.131384850E0,4.105954235E0
3.623497630E1,9.572200775E-1,2.403108597E0,-1.648838520E0,3.067551087E0
3.624497490E1,3.985607624E-2,2.490959167E0,-2.369105816E-1,2.502517274E0
3.625498552E1,-1.659466028E-1,2.539710999E0,1.132772684E0,2.785829174E0
3.626498110E1,-3.677719831E-1,2.480823517E0,2.421784878E0,3.486371114E0
3.627498396E1,-1.697394013E0,1.639086723E0,2.455858707E0,3.405729542E0
3.628498709E1,-1.684450746E0,-1.055774689E-1,2.491938353E0,3.009697272E0
3.629498578E1,-1.647492528E0,-8.412933350E-2,2.525563240E0,3.016584004E0
3.630498578E1,-1.745857835E0,-1.569919586E-1,2.357597589E0,2.937844865E0
3.631498656E1,-1.683383226E0,-2.042770386E0,8.403481245E-1,2.777206313E0
3.632498761E1,-1.618589997E0,-2.730587482E0,6.275534630E-1,3.235701613E0
3.633498552E1,-1.520009160E0,-3.553406715E0,-1.134979725E-1,3.866524140E0
3.634498604E1,-1.630604148E0,-4.260071754E0,-1.533541679E-1,4.564055076E0
3.635498709E1,-1.541122317E0,-4.364524364E0,-1.447341442E-1,4.630883166E0
3.636498500E1,-2.727608681E-1,-4.450764179E0,-1.130018234E-1,4.460545895E0
3.637498526E1,-1.310601234E-1,-4.545500278E0,-9.044718742E-2,4.548288715E0
3.638498344E1,5.672914982E-1,-5.277045727E0,-4.505991936E-3,5.307452454E0
3.639499151E1,6.944764853E-1,-5.349154949E0,8.944678307E-2,5.394789800E0
3.640498802E1,1.353881359E0,-5.428516388E0,7.295480967E-1,5.642164951E0
3.641498740E1,1.438922763E0,-5.494768620E0,7.916746140E-1,5.734956808E0
3.642497693E1,1.504321575E0,-5.540501118E0,8.578151464E-1,5.804824103E0
3.643497927E1,1.560535073E0,-5.606567860E0,9.186171293E-1,5.891751039E0
3.644497719E1,1.586731791E0,-6.182159901E0,9.839737415E-1,6.457942640E0
3.645497615E1,1.562122822E0,-6.168763161E0,1.054286361E0,6.450223746E0
3.646497615E1,1.503121138E0,-6.122981548E0,2.102347374E0,6.646062043E0
3.647497511E1,1.393938780E0,-6.019527435E0,2.149595022E0,6.542058898E0
3.648497875E1,5.508264303E-1,-4.064075947E0,2.035264730E0,4.578474154E0
3.649497511E1,-2.584444284E-1,-2.416389465E0,2.078848839E0,3.198021899E0
3.650498031E1,-1.886894345E0,6.740093231E-2,3.568794727E0,4.037475568E0
3.651497459E1,-1.928423762E0,1.307971954E0,3.657162666E0,4.336409530E0
3.652497354E1,-3.472168922E0,3.058856010E0,4.740437508E0,6.624522993E0
3.653497484E1,-4.442884922E0,4.579395294E0,5.604105949E0,8.492119358E0
3.654497927E1,-4.657144070E0,5.725049973E0,6.683134079E0,9.956378317E0
3.655497406E1,-5.391050339E0,5.829977036E0,7.783262253E0,1.111895801E1
3.656498057E1,-5.327602386E0,5.776627541E0,8.391845703E0,1.149677551E1
3.657498005E1,-5.107545853E0,5.582525253E0,8.314514160E0,1.124200865E1
3.658515792E1,-3.965041161E0,4.512144089E0,8.085995674E0,1.007295000E1
3.659497516E1,-2.779148579E0,4.315067291E0,7.689370632E0,9.244992876E0
3.660497594E1,-1.607019424E0,3.531044006E0,5.926006794E0,7.082961226E0
3.661497615E1,-1.730417013E-1,3.409296989E0,4.050714970E0,5.297314523E0
3.662497667E1,9.546043873E-1,3.307231903E0,1.655982852E0,3.819860155E0
3.663497641E1,1.884939432E0,3.309795380E0,-1.131313294E-2,3.808919808E0
3.664497901E1,2.143137455E0,3.432495117E0,-2.523363113E0,4.768901580E0
3.665497537E1,3.210005760E0,3.493232727E0,-4.501343727E0,6.539794126E0
3.666497380E1,3.283431530E0,3.346914291E0,-4.808389187E0,6.715903845E0
3.667497511E1,3.293507099E0,2.186067581E0,-5.636425018E0,6.884429350E0
3.668497589E1,3.204015970E0,1.368162155E0,-5.592364311E0,6.588787795E0
3.669498266E1,3.055944204E0,-3.716077805E-1,-5.399897099E0,6.215768335E0
3.670497537E1,2.304838657E0,-3.437967300E-1,-4.448451042E0,5.021871574E0
3.671497380E1,2.081691265E0,-1.581652641E0,-4.316980362E0,5.046918173E0
3.672497406E1,1.061211944E0,-2.411118507E0,-4.277928352E0,5.023975939E0
3.673497563E1,8.176389933E-1,-2.502076149E0,-4.917250633E0,5.577479033E0
3.674499516E1,-4.443268776E-1,-2.546236038E0,-4.787225246E0,5.440429201E0
3.675497443E1,-6.891239882E-1,-2.534790516E0,-4.721922874E0,5.403388794E0
3.676513771E1,-1.772196889E0,-2.458534241E0,-5.481495380E0,6.263534468E0
3.677497568E1,-1.992097616E0,-2.339263439E0,-5.425936699E0,6.235494801E0
3.678497615E1,-2.012996435E0,-1.619794846E0,-5.304211617E0,5.900046683E0
3.679497693E1,-1.998984694E0,-1.457749367E0,-5.119963169E0,5.686386891E0
3.680497615E1,-1.977823019E0,-1.005449295E-1,-4.878269196E0,5.264921986E0
3.681498057E1,-1.912901163E0,-6.198501587E-2,-4.584821701E0,4.968261570E0
3.682497797E1,-2.005582333E0,-1.294031143E-1,-3.442342520E0,3.986079237E0
3.683497537E1,-1.860156775E0,-7.456779480E-2,-2.444582939E0,3.072739710E0
3.684497511E1,-5.059620142E-1,-3.794002533E-2,-1.547222257E0,1.628291656E0
3.685497771E1,2.876446247E-1,-2.765655518E-3,-1.427878857E0,1.456566205E0
3.686497458E1,4.860315323E-1,-6.597137451E-2,-1.346713066E0,1.433253277E0
3.687496807E1,1.396510601E0,-2.805423737E-2,-1.201420307E0,1.842400514E0
3.688497484E1,1.525634408E0,4.693984985E-3,-1.001731873E0,1.825116195E0
3.689497511E1,1.611851335E0,3.671169281E-2,-8.105249405E-1,1.804539596E0
3.690497406E1,1.610063910E0,6.912040710E-2,-6.727187634E-1,1.746320120E0
3.691497484E1,1.536326289E0,5.280494690E-3,1.407146454E-3,1.536336008E0
3.692497287E1,1.419295788E0,4.163742065E-2,7.050776482E-2,1.421655919E0
3.693497594E1,6.388341188E-1,8.232498169E-2,1.522641182E-1,6.618691681E-1
3.694499354E1,4.726331234E-1,1.219434738E-1,2.239921093E-1,5.370519017E-1
3.695497203E1,-2.937420607E-1,1.599788666E-1,1.919431686E-1,3.856420827E-1
3.696498188E1,-4.501020908E-1,9.780311584E-2,-5.841653347E-1,7.439129518E-1
3.697497823E1,-1.884511828E0,1.352214813E-1,-1.384960651E0,2.342602332E0
3.698497849E1,-1.890641451E0,1.721572876E-1,-2.044721365E0,2.790170011E0
3.699497719E1,-1.894559383E0,2.085781097E-1,-2.165200472E0,2.884606241E0
3.700497224E1,-1.865415692E0,2.384986877E-1,-3.020946026E0,3.558478919E0
3.701497328E1,-3.152673721E0,1.832189560E-1,-2.962708473E0,4.330191944E0
3.702497537E1,-3.841668606E0,2.076921463E-1,-2.280591726E0,4.472432484E0
3.703497511E1,-3.839576244E0,2.325458527E-1,-1.423551083E0,4.101575428E0
3.704497589E1,-3.848660469E0,2.604780197E-1,-4.895529747E-1,3.888405627E0
3.705497667E1,-3.863121033E0,1.887264252E-1,-2.657363415E-1,3.876846345E0
3.706497667E1,-3.867611408E0,2.171478271E-1,7.803738117E-1,3.951525588E0
3.707497302E1,-3.814047813E0,2.398509979E-1,9.228641987E-1,3.931433270E0
3.708497589E1,-3.758641243E0,2.631511688E-1,1.002739906E0,3.898989594E0
3.709497589E1,-3.673000336E0,2.841844559E-1,9.944033623E-1,3.815826296E0
3.710504318E1,-3.526347637E0,1.959657669E-1,8.969421387E-1,3.643903874E0
3.711498531E1,-3.388325691E0,2.071962357E-1,-3.931736946E-2,3.394882491E0
3.712496432E1,-3.257637739E0,2.198114395E-1,-1.503818035E-1,3.268506600E0
3.713497490E1,-3.133790255E0,1.291905403E0,-2.169806957E-1,3.396577918E0
3.714497464E1,-3.017123699E0,1.348226547E0,-2.255749702E-1,3.312345741E0
3.715497641E1,-2.897127151E0,1.422245979E0,-2.127237320E-1,3.234405779E0
3.716497901E1,-2.780833244E0,1.501968384E0,-1.667819023E-1,3.164926344E0
3.717497537E1,-2.654568195E0,2.142973900E0,-1.261601448E-1,3.413939926E0
3.718497693E1,-2.568382978E0,2.227268219E0,-1.508817673E-1,3.402951682E0
3.719498370E1,-2.415785074E0,3.337459564E0,-2.861664295E-1,4.129957033E0
3.720497693E1,-2.225071430E0,3.494992256E0,-1.159450293E0,4.302352696E0
3.721497563E1,-1.481217384E0,4.804368973E0,-1.322054386E0,5.198441494E0
3.722497771E1,-1.321582913E0,5.534378052E0,-2.213563204E0,6.105389740E0
3.723497458E1,3.690800071E-1,5.612944603E0,-2.205036163E0,6.041816916E0
3.724497589E1,2.829346061E-1,5.714034081E0,-2.105888128E0,6.096310546E0
3.725497641E1,3.900751770E-1,6.441128731E0,-1.309435129E0,6.584445180E0
3.726497641E1,4.891286194E-1,6.434831619E0,-1.256424665E0,6.574565211E0
3.727498057E1,5.572657585E-1,6.338479042E0,-1.180893660E0,6.471581841E0
3.728497417E1,6.191031337E-1,5.432572365E0,-5.388922691E-1,5.494227522E0
3.729514365E1,2.114769936E0,4.418238640E0,-4.635889530E-1,4.920162525E0
3.730497490E1,2.860490561E0,3.239558220E0,-3.688566685E-1,4.337418466E0
3.731498031E1,2.980156422E0,2.234987259E0,-3.403439522E-1,3.740632881E0
3.732497823E1,4.175549507E0,1.142419815E0,-3.990368843E-1,4.347363242E0
3.733497667E1,4.236644268E0,3.225708008E-2,-5.094919205E-1,4.267291552E0
3.734497745E1,4.229934216E0,-1.139228821E0,-1.182208776E0,4.537378468E0
3.735497511E1,4.123783112E0,-1.952791691E0,-1.306750774E0,4.746217455E0
3.736497563E1,3.002036333E0,-2.789235115E0,-3.223088503E0,5.213478126E0
3.737497511E1,2.115297318E0,-3.415492058E0,-3.957751513E0,5.639491624E0
3.738497615E1,1.229484677E0,-3.422782421E0,-4.075294495E0,5.462151343E0
3.739498761E1,-3.164871931E-1,-3.402281284E0,-4.918416977E0,5.988865305E0
3.740498734E1,-3.735716343E-1,-3.356544018E0,-4.906952381E0,5.956855310E0
3.741498526E1,-4.288187623E-1,-3.287736893E0,-4.834219933E0,5.861977632E0
3.742498630E1,-4.817161560E-1,-3.190871239E0,-4.627820015E0,5.641846135E0
3.743498787E1,-7.308655977E-1,-3.068465710E0,-3.544421196E0,4.744741083E0
3.744498656E1,-7.505510449E-1,-2.946215153E0,-2.518717766E0,3.948094449E0
3.745501208E1,-7.405014038E-1,-2.835280418E0,-1.403193951E0,3.249016873E0
3.746498219E1,-6.819091439E-1,-2.721331120E0,-3.432250023E-1,2.826384005E0
3.747502891E1,-6.235923767E-1,-2.607018471E0,-3.853654861E-2,2.680839015E0
3.748497412E1,-7.637113929E-1,-2.497523785E0,9.712409973E-1,2.786429475E0
3.749497724E1,-7.028237581E-1,-2.397321224E0,1.159132242E0,2.754033014E0
3.750498448E1,-6.434726715E-1,-2.318388939E0,1.316087008E0,2.742456811E0
3.751498656E1,-5.856695175E-1,-2.238351822E0,1.429245472E0,2.719553324E0
3.752498943E1,-5.293709040E-1,-2.157133579E0,1.497279167E0,2.678675743E0
3.753498656E1,-6.738702655E-1,-2.078581810E0,1.479980707E0,2.639118483E0
3.754498682E1,-5.788865089E-1,-1.944002628E0,1.343035936E0,2.432694254E0
3.755498578E1,-5.245238543E-1,-1.867147923E0,1.324538231E0,2.348567258E0
3.756498735E1,-4.706479907E-1,-1.789592743E0,1.357196331E0,2.294805786E0
3.757498839E1,-6.165366769E-1,-1.701878548E0,1.399879217E0,2.288267879E0
3.758498813E1,-2.218566179E0,-1.095966816E0,1.411465645E0,2.848756645E0
3.759498526E1,-2.332151651E0,-1.023270607E0,1.371223450E0,2.892450139E0
3.760498604E1,-3.281968594E0,-3.633089066E-1,1.271313429E0,3.538297478E0
3.761498474E1,-3.354641199E0,-2.522773743E-1,4.624843597E-1,3.395755178E0
3.762498917E1,-3.434195518E0,8.492307663E-1,3.779730797E-1,3.557773939E0
3.763508792E1,-3.495755434E0,8.661460876E-1,2.692546844E-1,3.611511205E0
3.764497125E1,-3.546566010E0,8.774881363E-1,-4.773159027E-1,3.684555110E0
3.765496182E1,-3.505508184E0,8.863973618E-1,-5.514454842E-1,3.657646789E0
3.766497360E1,-3.381720304E0,8.902750015E-1,-6.469407082E-1,3.556283745E0
3.767498031E1,-3.209690809E0,7.952718735E-1,-7.464952469E-1,3.389959822E0
3.768497537E1,-2.981259584E0,8.066749573E-1,-8.224377632E-1,3.196097162E0
3.769499047E1,-2.123243332E0,8.210525513E-1,-9.167170525E-1,2.454110774E0
3.770497771E1,-1.877457142E0,8.384246826E-1,-1.793146610E0,2.728218473E0
3.771497953E1,-7.758904099E-1,8.711385727E-1,-1.902672768E0,2.231827055E0
3.772497849E1,4.283547103E-1,8.254384995E-1,-2.901329994E0,3.046728115E0
3.773497693E1,5.563530922E-1,8.608760834E-1,-2.978913784E0,3.150327559E0
3.774498240E1,6.539879441E-1,8.955783844E-1,-3.576536179E0,3.744512239E0
3.775498031E1,1.696276665E0,9.307098389E-1,-3.587837696E0,4.076291778E0
3.776497182E1,1.782489061E0,8.783731461E-1,-4.608166695E0,5.018366958E0
3.777497458E1,2.366024017E0,9.247112274E-1,-4.523648739E0,5.188117040E0
3.778497589E1,2.383786201E0,9.863433838E-1,-4.414933681E0,5.113408779E0
3.779498057E1,2.427834988E0,1.047843933E0,-4.308430195E0,5.055188461E0
3.780497823E1,3.042850018E0,1.109323502E0,-5.298065186E0,6.209591739E0
3.781498646E1,3.090132475E0,1.079141617E0,-5.272814274E0,6.206128883E0
3.782498849E1,3.831019878E0,1.147955894E0,-5.227975368E0,6.582267276E0
3.783497448E1,3.818896055E0,1.233487129E0,-5.115197182E0,6.501592096E0
3.784498630E1,3.812220573E0,1.317033768E0,-4.926014423E0,6.366570642E0
3.785497641E1,4.298532009E0,1.397948265E0,-3.674283981E0,5.825117987E0
3.786497771E1,4.190471172E0,1.377167702E0,-3.660724640E0,5.732150069E0
3.787497172E1,4.026403427E0,1.455475807E0,-3.553925037E0,5.564235577E0
3.788497667E1,3.858648777E0,5.063724518E-2,-3.453750610E0,5.178815289E0
3.789498214E1,3.598041058E0,-5.720424652E-2,-3.339929104E0,4.909612836E0
3.790497615E1,3.393240929E0,-6.876659393E-2,-3.352669716E0,4.770661072E0
3.791497719E1,3.223459721E0,-1.013698578E-1,-3.269606590E0,4.592526067E0
3.792497797E1,3.069369793E0,-1.192121506E-1,-3.191554070E0,4.429589128E0
3.793497563E1,2.920224667E0,-1.435580254E-1,-3.117414474E0,4.273943614E0
3.794498136E1,2.772620678E0,-7.012557983E-1,-3.024123192E0,4.162271759E0
3.795497719E1,2.614264727E0,-6.612186432E-1,-1.381879330E0,3.030046309E0
3.796497589E1,2.437243223E0,-6.276116371E-1,-1.194577217E0,2.785868917E0
3.797497432E1,2.246210575E0,-5.998477936E-1,-2.573037148E-1,2.339120460E0
3.798500636E1,2.046973705E0,-5.771360397E-1,-7.085609436E-2,2.127958633E0
3.799497813E1,1.146560073E0,-5.789446831E-1,1.069152355E0,1.671186317E0
3.800508964E1,9.362155199E-1,-6.067409515E-1,1.796161652E0,2.114433910E0
3.801497151E1,-1.969938278E-1,-1.190414906E0,1.976571083E0,2.315756348E0
3.802497953E1,-4.135029316E-1,-1.186933994E0,2.708640575E0,2.986056052E0
3.803497693E1,-2.131151915E0,-1.213624001E0,2.708321571E0,3.653723776E0
3.804498188E1,-2.162451744E0,-1.259613991E0,2.711159229E0,3.689608288E0
3.805497693E1,-2.395260334E0,-1.327731609E0,2.688893795E0,3.838006401E0
3.806498110E1,-2.395273447E0,-1.401955128E0,2.601425648E0,3.803975350E0
3.807498344E1,-2.320697546E0,-1.350597382E0,5.059213638E-1,2.732344563E0
3.808498318E1,-2.281346798E0,-1.251026630E0,-3.011012077E-1,2.619212244E0
3.809498370E1,-2.384506702E0,-5.684809685E-1,-3.523235321E-1,2.476524722E0
3.810498292E1,-2.288574219E0,-4.800009727E-1,-3.329863548E-1,2.361959526E0
3.811497875E1,-2.191933632E0,-3.793735504E-1,-3.643012047E-1,2.254154543E0
3.812497563E1,-6.353253126E-1,-3.218340874E-1,-1.098056316E0,1.308794524E0
3.813497667E1,-5.798431635E-1,3.690519333E-1,-1.190646648E0,1.374793390E0
3.814498292E1,-5.697386265E-1,4.217033386E-1,-1.206909657E0,1.399666649E0
3.815497485E1,-5.540610552E-1,4.884800911E-1,-1.162673473E0,1.377463632E0
3.816496771E1,-5.440075397E-1,5.576720238E-1,-1.150821209E0,1.389723622E0
3.817498235E1,-5.505052805E-1,6.135010719E-1,-1.207653046E0,1.462144147E0
3.818497625E1,-6.334955692E-1,6.540117264E-1,-2.516703606E0,2.676349195E0
3.819498141E1,-1.903202534E0,7.025227547E-1,-2.563270569E0,3.268956120E0
3.820497849E1,-1.844337583E0,7.948641777E-1,-7.713451385E-1,2.151363173E0
3.821497615E1,-1.786768913E0,8.807783127E-1,3.042082787E-1,2.015156635E0
3.822497667E1,-1.730119824E0,9.657940865E-1,1.553990364E0,2.518126064E0
3.823497615E1,-3.635103703E-1,1.025748253E0,2.886945724E0,3.085247945E0
3.824498214E1,-1.970698833E-1,1.063591003E0,4.494138718E0,4.622482577E0
3.825497771E1,1.772296548E0,1.179954529E0,7.348840237E0,7.651064015E0
3.826497849E1,2.469037056E0,1.242735386E0,9.915781021E0,1.029384517E1
3.827498031E1,2.603072166E0,1.289608002E0,1.162610626E1,1.198354790E1
3.828497667E1,3.494345665E0,1.289498329E0,1.325883484E1,1.377207170E1
3.829498057E1,3.536205292E0,1.242003918E0,1.453630447E1,1.501171107E1
3.830497380E1,3.473192930E0,1.160862923E0,1.548736954E1,1.591443643E1
3.831497745E1,3.341366768E0,1.032598019E0,1.641447449E1,1.678290688E1
3.832497615E1,3.158002853E0,8.074822426E-1,1.613786125E1,1.646376553E1
3.833498005E1,2.961109877E0,5.045709610E-1,1.570366669E1,1.598836799E1
3.834511589E1,2.711411715E0,-4.381475449E-1,1.530260658E1,1.554713784E1
3.835496917E1,2.435890913E0,-7.629032135E-1,1.484263802E1,1.506052752E1
3.836495974E1,2.156013012E0,-1.734563828E0,1.432814217E1,1.459290107E1
3.837497964E1,1.886087179E0,-2.061725140E0,1.375760078E1,1.403850472E1
3.838497693E1,1.656366110E0,-3.161901474E0,1.156925774E1,1.210739007E1
3.839498031E1,1.445221663E0,-3.434348583E0,1.084544086E1,1.146765030E1
3.840497927E1,1.233402967E0,-4.557600021E0,9.377857208E0,1.049939078E1
3.841497589E1,3.850502968E-1,-4.752354145E0,8.669453621E0,9.894066896E0
3.842497641E1,1.811485291E-1,-5.662970543E0,7.239651680E0,9.193182616E0
3.843497797E1,-8.139271736E-1,-5.828644753E0,6.651904106E0,8.881633033E0
3.844497875E1,-1.800461531E0,-5.868065834E0,6.269515991E0,8.773977953E0
3.845497823E1,-1.998079062E0,-5.874992847E0,5.966920376E0,8.608832654E0
3.846497563E1,-2.797389507E0,-5.839611053E0,6.492261887E0,9.169291669E0
3.847497693E1,-2.929330826E0,-5.770480156E0,6.236575603E0,8.987452118E0
3.848497693E1,-3.065388680E0,-5.669003010E0,6.593363762E0,9.219905020E0
3.849497927E1,-3.163640499E0,-5.577149391E0,6.318876266E0,9.002300473E0
3.850497354E1,-3.212137699E0,-5.492416382E0,6.042487621E0,8.774743470E0
3.851497511E1,-3.188854694E0,-5.443054199E0,5.693413734E0,8.497681638E0
3.852501146E1,-3.160333633E0,-5.400265694E0,5.278147221E0,8.185927945E0
3.853497568E1,-3.089331150E0,-5.383205414E0,4.254435539E0,7.524831509E0
3.854499094E1,-3.020240784E0,-5.359252930E0,3.796131372E0,7.228696961E0
3.855497047E1,-3.903581619E0,-5.309591293E0,2.518124580E0,7.054832426E0
3.856497667E1,-3.763891220E0,-5.232712269E0,2.086492538E0,6.775072392E0
3.857497771E1,-3.821082592E0,-5.136233807E0,8.971242905E-1,6.464240240E0
3.858497797E1,-3.677755117E0,-5.012227058E0,5.054664612E-1,6.237291009E0
3.859498214E1,-3.534261227E0,-4.864250183E0,-4.578466415E-1,6.030054379E0
3.860497849E1,-3.392607689E0,-4.694428444E0,-7.839894295E-1,5.844834024E0
3.861497484E1,-3.377421141E0,-4.437238693E0,-1.769652367E0,5.850447015E0
3.862497901E1,-3.206093550E0,-3.736797333E0,-2.035650253E0,5.327904101E0
3.863497719E1,-3.046550035E0,-3.622008085E0,-2.248039722E0,5.239665283E0
3.864498630E1,-2.890851259E0,-3.484533072E0,-2.416461945E0,5.132083403E0
3.865498344E1,-2.746569395E0,-3.353035927E0,-2.499139309E0,5.003218030E0
3.866498604E1,-2.805189848E0,-3.212814093E0,-2.533147097E0,4.960655067E0
3.867498526E1,-2.663838625E0,-2.568555832E0,-2.511697054E0,4.472374914E0
3.868498813E1,-2.525647879E0,-2.525168896E0,-1.722619534E0,3.965197752E0
3.869498839E1,-2.389230967E0,-2.481061935E0,-1.651552677E0,3.819910887E0
3.870498188E1,-2.254448891E0,-2.422355652E0,-8.624200821E-1,3.419665934E0
3.871501084E1,-2.320502520E0,-2.346632004E0,-8.155422211E-1,3.399488611E0
3.872498089E1,-2.187973738E0,-2.256536007E0,-7.555885315E-1,3.232661111E0
3.873497849E1,-2.051842928E0,-2.177623749E0,-6.800918579E-1,3.068326829E0
3.874497667E1,-1.910142064E0,-1.551652431E0,-6.344966888E-1,2.541427556E0
3.875498448E1,-1.771178722E0,-1.498741627E0,-6.007661819E-1,2.396710357E0
3.876497073E1,-1.825744390E0,-1.420279503E0,-6.133522987E-1,2.393060277E0
3.877498761E1,-1.683847785E0,-1.331756115E0,-6.344156265E-1,2.238615845E0
3.878498630E1,-1.505490661E0,-1.178032875E0,-6.458663940E-1,2.017772778E0
3.879498500E1,-1.367015004E0,-1.081180096E0,-6.869249344E-1,1.873378308E0
3.880498943E1,-1.432312846E0,-9.681329727E-1,-7.460150719E-1,1.882907334E0
3.881498813E1,-1.302420020E0,-3.267245293E-1,-8.006443977E-1,1.563354815E0
3.882498604E1,-1.177053332E0,-2.641892433E-1,-8.358659744E-1,1.467624758E0
3.883498604E1,-1.056001425E0,-1.933317184E-1,-8.334994316E-1,1.359131143E0
3.884498813E1,-9.392145276E-1,-1.161575317E-1,-7.827110291E-1,1.228109546E0
3.885498552E1,-1.028127193E0,-4.857730865E-2,-1.836090088E-1,1.045522620E0
3.886498630E1,-9.181416035E-1,4.832267761E-3,-1.167058945E-1,9.255417984E-1
3.887504130E1,-8.093798161E-1,2.191495895E-2,-1.967716217E-2,8.099155158E-1
3.888497531E1,-7.046034336E-1,1.163721085E-2,6.193885803E-1,9.382130018E-1
3.889503896E1,-6.029615998E-1,-2.787828445E-2,6.342697144E-1,8.755786430E-1
3.890499104E1,-7.035945058E-1,-7.637834549E-2,6.219425201E-1,9.421737518E-1
3.891497823E1,-6.048375368E-1,-1.109795570E-1,5.450258255E-1,8.217043620E-1
3.892497771E1,-5.085989833E-1,-1.525611877E-1,4.208874702E-1,6.775648341E-1
3.893497745E1,-4.158273041E-1,-2.022695541E-1,-3.065037727E-1,5.547701164E-1
3.894498578E1,-3.261622787E-1,-2.640914917E-1,-3.926692009E-1,5.747305885E-1
3.895497849E1,-4.390641451E-1,-8.610887527E-1,-4.588365555E-1,1.069944928E0
3.896498136E1,-3.147237897E-1,-1.010867596E0,-4.901180267E-1,1.166670493E0
3.897498917E1,-2.332052886E-1,-1.742562294E0,-4.579062462E-1,1.816751548E0
3.898497849E1,-1.541119367E-1,-1.811288834E0,-3.680973053E-1,1.854727299E0
3.899498448E1,8.680679202E-1,-1.894836903E0,2.989749908E-1,2.105548586E0
3.900497511E1,9.900105596E-1,-2.545138836E0,3.340110779E-1,2.751257168E0
3.901497380E1,1.619153738E0,-2.539092302E0,3.397364616E-1,3.030522960E0
3.902497641E1,1.647597432E0,-2.519189358E0,3.118610382E-1,3.026243484E0
3.903497641E1,1.672164440E0,-2.481500864E0,2.393221855E-1,3.001875341E0
3.904498136E1,1.674798131E0,-2.411962986E0,1.036100388E-1,2.938239144E0
3.905497297E1,1.611847281E0,-2.307565212E0,-6.125712395E-1,2.880651383E0
3.906496568E1,1.530204535E0,-2.202341557E0,-7.483329773E-1,2.784212006E0
3.907496193E1,1.404295564E0,-2.092269421E0,-9.032959938E-1,2.676860290E0
3.908497464E1,1.265580893E0,-2.002757549E0,-1.042709827E0,2.588431297E0
3.909499099E1,-3.749568462E-1,-1.926609039E0,-1.163385391E0,2.281639892E0
3.910497537E1,-3.776243031E-1,-1.871712208E0,-1.262967587E0,2.289321696E0
3.911497641E1,-3.786934614E-1,-1.820569038E0,-1.344165325E0,2.294484862E0
3.912497719E1,-3.801362813E-1,-1.775056839E0,-1.411009789E0,2.299190944E0
3.913497563E1,-3.806376457E-1,-1.738886356E0,-1.488162041E0,2.320180389E0
3.914498370E1,-5.352972746E-1,-1.673997402E0,-2.201497555E0,2.816984551E0
3.915497589E1,5.500631332E-1,-1.588981152E0,-2.284358978E0,2.836498985E0
3.916497875E1,6.312882304E-1,-1.507208824E0,-2.372019291E0,2.880395595E0
3.917498005E1,7.005795240E-1,-1.438816071E0,-2.463367939E0,2.937547439E0
3.918497641E1,7.639225721E-1,-1.371954441E0,-2.548390865E0,2.993348073E0
3.919497979E1,8.218215108E-1,-1.311660767E0,-2.603174210E0,3.028590518E0
3.920497563E1,8.597561121E-1,-1.233479023E0,-2.621172428E0,3.021786884E0
3.921498188E1,8.376529217E-1,-1.176082611E0,-2.596900463E0,2.971317004E0
3.922497406E1,8.136961460E-1,-1.132208824E0,-2.548991680E0,2.905401319E0
3.923499323E1,8.180459738E-1,-1.095629215E0,-2.494903088E0,2.845020915E0
3.924497542E1,8.517289162E-1,-1.055673122E0,-2.430492401E0,2.783375864E0
3.925497146E1,9.014750123E-1,-9.916362762E-1,-2.372862816E0,2.725156444E0
3.926497412E1,9.615452290E-1,-9.173645973E-1,-2.325436592E0,2.678391752E0
3.927498005E1,1.021416545E0,-8.341584206E-1,-2.296764851E0,2.648441203E0
3.928497537E1,1.071632624E0,-7.431473732E-1,-2.279617310E0,2.626274848E0
3.929498448E1,1.121767044E0,-8.020114899E-2,-2.267623425E0,2.531187374E0
3.930497719E1,1.157047510E0,-3.268575668E-2,-2.250635147E0,2.530846867E0
3.931497797E1,1.171101809E0,2.705240250E-2,-2.218885422E0,2.509116138E0
3.932497667E1,1.128575802E0,1.635737419E-1,-2.096123695E0,2.386246898E0
3.933497719E1,1.063762426E0,2.175412178E-1,-1.443952084E0,1.806630095E0
3.934498318E1,1.002056837E0,2.234344482E-1,-1.320690155E0,1.672801047E0
3.935497667E1,9.373900294E-1,2.150959969E-1,-5.992112160E-1,1.133146256E0
3.936497615E1,8.731149435E-1,1.844143867E-1,-4.242815971E-1,9.881058872E-1
3.937497641E1,8.195199370E-1,1.341743469E-1,6.780653000E-1,1.072095254E0
3.938497458E1,7.657570839E-1,7.791042328E-2,2.162251949E0,2.295166102E0
3.939498240E1,7.349051833E-1,4.553127289E-2,2.189270973E0,2.309776205E0
3.940498266E1,7.016792893E-1,1.371669769E-2,2.213901043E0,2.322477083E0
3.941497615E1,6.700761318E-1,2.358913422E-3,2.224784851E0,2.323504943E0
3.942500078E1,6.289690733E-1,1.091003418E-3,2.133438110E0,2.224221539E0
3.943497438E1,5.853271484E-1,3.629589081E-2,2.122514725E0,2.202043147E0
3.944497375E1,5.466464162E-1,1.181650162E-1,2.087598324E0,2.161215407E0
3.945497849E1,5.192860365E-1,1.890025139E-1,2.056496620E0,2.129450231E0
3.946497849E1,4.915423393E-1,2.496070862E-1,2.029148579E0,2.102703384E0
3.947497537E1,4.483303428E-1,3.116230965E-1,8.714733124E-1,1.028384551E0
3.948497849E1,4.076302648E-1,3.690910339E-1,2.056035995E-1,5.870804581E-1
3.949498422E1,3.146123886E-1,4.123015404E-1,1.379461288E-1,5.366587833E-1
3.950497589E1,2.614330649E-1,4.186167717E-1,1.578192711E-1,5.181642320E-1
3.951497849E1,2.027070522E-1,3.972434998E-1,2.273058891E-1,5.005602005E-1
3.952497615E1,1.145268083E-1,3.416137695E-1,1.763311386E0,1.799745371E0
3.953497458E1,-8.843709826E-1,-3.519697189E-1,1.753819466E0,1.995464216E0
3.954498448E1,-8.263196945E-1,-4.251828194E-1,1.745848656E0,1.977769500E0
3.955497615E1,-7.670639753E-1,-1.131505966E0,1.739498138E0,2.212362237E0
3.956497406E1,-9.062160254E-1,-1.189049482E0,1.634691238E0,2.215238498E0
3.957497537E1,-8.438226581E-1,-1.271009922E0,1.630969048E0,2.233285234E0
3.958497662E1,-7.800325751E-1,-1.973534822E0,1.627277374E0,2.674195611E0
3.959500474E1,-7.134249806E-1,-1.990340233E0,-1.475772858E-1,2.119483074E0
3.960497917E1,-6.121985912E-1,-1.969185829E0,-3.172721863E-1,2.086418363E0
3.961497448E1,-7.136151195E-1,-1.918908834E0,-1.191310883E0,2.368687247E0
3.962497693E1,-6.179503202E-1,-1.829679728E0,-1.308897972E0,2.332981870E0
3.963498084E1,-5.236796737E-1,-1.723180771E0,-1.425044537E0,2.296594065E0
3.964498500E1,-4.315038025E-1,-1.621267080E0,-1.529931545E0,2.270549055E0
3.965497875E1,-3.428077102E-1,-1.500912428E0,-1.624369621E0,2.238041981E0
3.966497615E1,-4.625176787E-1,-1.420507431E0,-1.687014103E0,2.253393119E0
3.967498005E1,-3.464736640E-1,-1.343943596E0,-1.761571884E0,2.242624331E0
3.968497432E1,-2.719987631E-1,-1.305487871E0,-1.805766582E0,2.244788377E0
3.969498344E1,-1.988279372E-1,-1.269734144E0,-1.864127159E0,2.264227774E0
3.970497589E1,-3.264859319E-1,-1.236290932E0,-1.939755917E0,2.323286755E0
3.971497771E1,-2.551091015E-1,-1.196084023E0,-2.025047302E0,2.365695293E0
3.972497511E1,-1.847875267E-1,-1.149818659E0,-2.099259853E0,2.400650185E0
3.973497458E1,-1.153217033E-1,-1.098150253E0,-2.158955574E0,2.424937575E0
3.974498057E1,-4.708108306E-2,-1.036525488E0,-2.201240063E0,2.433528206E0
3.975498005E1,-1.809249520E-1,-9.665777683E-1,-2.233021736E0,2.439957478E0
3.976523281E1,-1.141074896E-1,-8.847477436E-1,-2.265326500E0,2.434646430E0
3.977497985E1,-4.841913283E-2,-7.982294559E-1,-2.302581310E0,2.437497768E0
3.978496521E1,1.608799398E-2,-7.082698345E-1,-2.343848705E0,2.448577492E0
3.979499313E1,7.788693905E-2,-6.207125187E-1,-2.388381004E0,2.468950025E0
3.980497745E1,-6.048843637E-2,-5.408067703E-1,-2.435459137E0,2.495514380E0
3.981498084E1,1.991882920E-3,-4.528853893E-1,-2.504332066E0,2.544953484E0
3.982497849E1,6.376089156E-2,-3.685791492E-1,-2.586930752E0,2.613833728E0
3.983497901E1,1.250784397E-1,-3.007247448E-1,-2.645546913E0,2.665520298E0
3.984498396E1,1.837433279E-1,-2.362530231E-1,-2.678915977E0,2.695583038E0
3.985497927E1,8.194336295E-2,-1.238753796E-1,-2.687651157E0,2.691751951E0
3.986497537E1,1.412411034E-1,-8.107852936E-2,-2.655568123E0,2.660557241E0
3.987497094E1,1.996293068E-1,-3.467512131E-2,-2.618968964E0,2.626795130E0
3.988497719E1,2.571830153E-1,4.639148712E-3,-2.573294163E0,2.586118225E0
3.989498500E1,1.126018316E-1,3.780460358E-2,-2.500160694E0,2.502980595E0
3.990498708E1,1.692705750E-1,7.680368423E-2,-2.423243523E0,2.430362217E0
3.991498604E1,2.253116518E-1,1.061329842E-1,-2.352802753E0,2.365948086E0
3.992498526E1,2.808536589E-1,1.366009712E-1,-2.302579880E0,2.323663639E0
3.993498318E1,3.358251452E-1,1.629076004E-1,-2.255171776E0,2.285851516E0
3.994499365E1,1.887365431E-1,1.955184937E-1,-2.278855324E0,2.295001209E0
3.995498958E1,2.430703938E-1,2.249665260E-1,-2.306298733E0,2.329958583E0
3.996497151E1,2.968703806E-1,2.462759018E-1,-2.302537441E0,2.334622563E0
3.997498011E1,3.501171768E-1,2.552013397E-1,-2.256629467E0,2.297843840E0
3.998498292E1,4.008344412E-1,2.629189491E-1,-2.144530773E0,2.197454632E0
3.999497594E1,2.515169382E-1,2.695560455E-1,-1.428838730E0,1.475635913E0
4.000498630E1,3.037559986E-1,2.685966492E-1,-1.301407814E0,1.363111941E0
4.001498604E1,3.554246426E-1,2.583980560E-1,-1.172367096E0,1.252014712E0
