"Time (s)","Linear Acceleration x (m/s^2)","Linear Acceleration y (m/s^2)","Linear Acceleration z (m/s^2)","Absolute acceleration (m/s^2)"
8.776939200E-2,0.000000000E0,0.000000000E0,0.000000000E0,0.000000000E0
9.772595400E-2,-7.999999821E-2,-1.476573944E-2,3.309988976E-1,3.408493758E-1
1.077376210E-1,-2.666666545E-2,-2.379989624E-2,3.313140869E-1,3.332365080E-1
1.177365790E-1,-1.083701372E0,-2.422904968E-2,1.106367111E0,1.548884726E0
1.277384020E-1,-1.570234656E0,-3.641891479E-2,1.554618835E0,2.209932790E0
1.377376210E-1,-1.402541637E0,-5.653452873E-2,1.370857716E0,1.962032129E0
1.477506420E-1,-1.269218564E0,-7.637524605E-2,1.255198479E0,1.786693080E0
1.577376730E-1,-1.148079395E0,-8.308529854E-2,1.139076233E0,1.619408574E0
1.677291310E-1,-1.028811932E0,-9.707021713E-2,9.884510040E-1,1.430004198E0
1.777203290E-1,-8.956623077E-1,-1.034896374E-1,8.349199295E-1,1.228825603E0
1.877592880E-1,-7.500895262E-1,-9.482383728E-2,6.866807938E-1,1.021350268E0
1.977397040E-1,-5.981889963E-1,-8.296442032E-2,4.225873947E-2,6.053915852E-1
2.077386630E-1,1.285828352E-1,-6.390905380E-2,2.906799316E-3,1.436188085E-1
2.177407460E-1,1.906708479E-1,-3.894352913E-2,-2.924156189E-2,1.967918688E-1
2.277373610E-1,2.546554804E-1,-4.513978958E-3,-4.630041122E-2,2.588696927E-1
2.377384020E-1,3.202022314E-1,2.847480774E-2,-5.093240738E-2,3.254756424E-1
2.477399650E-1,3.638516665E-1,7.415866852E-2,-3.139448166E-2,3.726568888E-1
2.577376210E-1,4.032744169E-1,1.163890362E-1,-1.133918762E-3,4.197355702E-1
2.677410060E-1,1.429567814E0,9.978127480E-2,1.169141769E0,1.849462872E0
2.777394440E-1,2.854754448E0,1.416344643E-1,2.338240623E0,3.692838000E0
2.877381420E-1,2.818704128E0,2.509953976E-1,2.155593395E0,3.557340936E0
2.977363190E-1,2.731392384E0,1.092412949E0,2.081001759E0,3.603392668E0
3.077381420E-1,2.648478508E0,1.121804476E0,2.013460636E0,3.510969584E0
3.177373610E-1,2.607296228E0,1.156720400E0,8.144693375E-1,2.966370848E0
3.277371000E-1,3.130848169E0,1.182157993E0,7.026553154E-1,3.419566094E0
3.378044440E-1,3.017254591E0,1.223271847E0,7.005844116E-1,3.330320975E0
3.477327250E-1,4.661174715E-1,1.966357708E0,-4.950323105E-1,2.080597299E0
3.578926730E-1,4.886651337E-1,1.898246288E0,-1.683618069E0,2.583931575E0
3.677351210E-1,5.110429525E-1,1.792021751E0,-1.735702515E0,2.546599709E0
3.777358500E-1,5.332673788E-1,1.677600861E0,-1.684290886E0,2.436299352E0
3.877407460E-1,3.616027832E-1,1.566082001E0,-1.526356697E0,2.216559084E0
3.977394440E-1,3.894330263E-1,1.471624851E0,-8.450002670E-1,1.741081054E0
4.077397040E-1,-1.031872272E0,1.401463509E0,-7.311096191E-1,1.887692143E0
4.177394440E-1,-1.027566314E0,1.295706749E0,-5.805749893E-1,1.752659644E0
4.277443920E-1,-9.823805690E-1,1.235924721E0,3.193325996E-1,1.610762182E0
4.377355380E-1,-9.460572004E-1,1.196047306E0,3.911499977E-1,1.574341674E0
4.477423090E-1,-9.269710183E-1,1.163721085E0,4.896035194E-1,1.566280191E0
4.577404860E-1,-9.370247722E-1,1.142742634E0,1.099515438E0,1.841958292E0
4.677360590E-1,-9.289042950E-1,1.121975422E0,1.104283810E0,1.827877121E0
4.777391840E-1,-8.861633539E-1,1.072747231E0,1.091278076E0,1.768321224E0
4.877368400E-1,-8.283311725E-1,9.945454597E-1,1.063156128E0,1.674978852E0
4.977404860E-1,-7.385615110E-1,8.773756027E-1,9.934420586E-1,1.517296338E0
5.077357980E-1,-6.168687344E-1,8.806800842E-2,8.931117058E-1,1.089004834E0
5.177408500E-1,7.504168153E-1,-6.837749481E-2,7.811942101E-1,1.085387153E0
5.277572040E-1,5.778548121E-1,-1.262480259E0,1.705894470E-1,1.398882893E0
5.377386630E-1,6.049827933E-1,-1.986515522E0,1.218729019E-1,2.080168528E0
5.477357460E-1,6.318199039E-1,-2.667325020E0,4.621076584E-2,2.741524136E0
5.577355900E-1,2.129971027E0,-3.301735878E0,-5.854182243E-1,3.972524497E0
5.677384020E-1,2.182961702E0,-3.375906944E0,-6.793937683E-1,4.077210490E0
5.777371000E-1,2.233547211E0,-4.409931183E0,-1.270789623E0,5.104031000E0
5.877368400E-1,2.262802839E0,-4.287479877E0,-1.306889534E0,5.021027847E0
5.977389230E-1,2.264134169E0,-4.168822765E0,-1.344904423E0,4.930938520E0
6.077376210E-1,2.188078165E0,-2.129558563E0,-1.497112751E0,3.400595877E0
6.177363190E-1,2.066697121E0,-1.354420662E0,-2.110704422E0,3.249733139E0
6.277391840E-1,1.934315681E0,-5.763580799E-1,-2.103916168E0,2.915515226E0
6.377407460E-1,1.812027574E0,1.002454758E-1,-2.113458157E0,2.785713277E0
6.477402250E-1,1.713137746E0,2.253704071E-1,-2.156390190E0,2.763268248E0
6.577389230E-1,1.620108247E0,9.330396652E-1,-2.228049278E0,2.908524941E0
6.677373610E-1,1.537135005E0,9.255728722E-1,-2.982243061E0,3.480408430E0
6.777350170E-1,1.458157897E0,8.885488510E-1,-2.968421459E0,3.424510107E0
6.877378810E-1,1.387606144E0,8.213148117E-1,-2.932056427E0,3.346186445E0
6.977696520E-1,1.324451208E0,7.426638603E-1,-2.871562481E0,3.248321366E0
7.077350170E-1,1.253298998E0,6.494765282E-1,-2.775935650E0,3.114224923E0
7.177392360E-1,1.156054616E0,5.487427711E-1,-2.655060291E0,2.947359166E0
7.277250690E-1,4.780934751E-2,4.561610222E-1,-2.531985760E0,2.573192667E0
7.377366310E-1,8.653675020E-2,3.707513809E-1,-1.879474640E0,1.917647026E0
7.477410060E-1,1.247290820E-1,3.109993935E-1,-1.817374229E0,1.848006238E0
7.577389230E-1,1.624089479E-1,2.783079147E-1,-1.765763283E0,1.794923935E0
7.677394440E-1,2.375498414E-3,2.932052612E-1,-1.723309994E0,1.748076744E0
7.777407460E-1,4.179500788E-2,3.491582870E-1,-1.703366756E0,1.739286244E0
7.877368400E-1,1.201710701E-1,1.564847946E0,-1.714501858E0,2.324372346E0
7.977384020E-1,1.580635607E-1,1.691100121E0,-1.710284233E0,2.410368409E0
8.077376210E-1,-1.911297441E-3,2.732748508E0,-1.738019943E0,3.238615659E0
8.177386630E-1,3.760038316E-2,2.848248005E0,-1.812722683E0,3.376372908E0
8.277376210E-1,7.661809772E-2,3.778120995E0,-2.749773502E0,4.673470113E0
8.377371000E-1,1.151603684E-1,3.848475933E0,-3.505049229E0,5.206668706E0
8.477420480E-1,1.532448083E-1,5.340370178E0,-4.457489014E0,6.957890910E0
8.577373610E-1,-6.672807038E-3,5.196219444E0,-5.501979828E0,7.567861195E0
8.677368400E-1,3.292565793E-2,5.153372765E0,-6.688607216E0,8.443684115E0
8.777371000E-1,7.205749303E-2,5.111785412E0,-6.569457054E0,8.324260229E0
8.877600690E-1,1.107391715E-1,5.071411133E0,-8.043873787E0,9.509751813E0
8.977557980E-1,1.489863992E-1,5.032208920E0,-8.062073708E0,9.504859600E0
9.077848090E-1,-1.088701189E-2,4.895287037E0,-8.047786713E0,9.419704065E0
9.177243400E-1,-9.223611951E-1,5.900729656E0,-7.981276035E0,9.968456641E0
9.277389230E-1,-9.968277216E-1,5.942193508E0,-7.840662956E0,9.888342874E0
9.377339750E-1,-1.588235736E0,6.501897335E0,-7.636198044E0,1.015424454E1
9.477365790E-1,-1.637635946E0,6.441688061E0,-5.873372555E0,8.869819712E0
9.577412670E-1,-1.717160225E0,6.352390289E0,-5.967792034E0,8.883470233E0
9.677394440E-1,-2.352006197E0,6.213828564E0,-5.864052296E0,8.861755351E0
9.777430900E-1,-2.424233913E0,4.490191460E0,-4.014597893E0,6.492744077E0
9.877360590E-1,-2.434056997E0,4.463210583E0,-2.983664274E0,5.894670022E0
9.977417880E-1,-2.454224110E0,4.338022709E0,-2.166971684E0,5.434834246E0
1.007740486E0,-2.478500128E0,4.313552380E0,-2.080598831E0,5.392456630E0
1.017736579E0,-2.472341299E0,4.289779663E0,-2.032486916E0,5.352166301E0
1.027743611E0,-2.410711050E0,4.266681194E0,-1.949595690E0,5.274184253E0
1.037739184E0,-2.281685352E0,4.244239330E0,-1.851254702E0,5.162053807E0
1.047736579E0,-1.515877604E0,4.123413563E0,-1.744508743E0,4.726916022E0
1.057746736E0,-1.443768978E0,4.103185654E0,-1.844374895E0,4.724650265E0
1.067872152E0,-1.355370522E0,4.083539963E0,-2.860929966E0,5.166937986E0
1.077738767E0,-1.238380790E0,4.064458370E0,-3.619474173E0,5.581577027E0
1.087747673E0,4.761372209E-1,4.045926094E0,-3.664122343E0,5.479235089E0
1.097724809E0,3.131826520E-1,3.928861618E0,-3.689109087E0,5.398477826E0
1.107737152E0,3.499124646E-1,3.912297726E0,-3.769968748E0,5.444371092E0
1.117738923E0,3.863352835E-1,3.896222115E0,-5.394157887E0,6.665338778E0
1.127745434E0,4.224595129E-1,3.880619526E0,-5.305483818E0,6.586792732E0
1.137748298E0,4.582931995E-1,3.865479469E0,-5.218047142E0,6.509990796E0
1.147750902E0,2.956298590E-1,3.751680851E0,-6.463294983E0,7.479083383E0
1.157750121E0,3.723348677E-1,3.758420467E0,-7.200517654E0,8.130917055E0
1.167747256E0,4.087493420E-1,3.745563984E0,-7.208271980E0,8.133603785E0
1.177748819E0,4.448808432E-1,3.733102798E0,-7.236889839E0,8.155154812E0
1.187746996E0,2.824459672E-1,3.621879578E0,-7.239863396E0,8.100210453E0
1.197751684E0,3.197133541E-1,3.611015797E0,-7.191457272E0,8.053490510E0
1.207748038E0,3.566905558E-1,3.600503445E0,-7.118032455E0,7.984813038E0
1.217749861E0,3.933847845E-1,3.590332031E0,-7.071671486E0,7.940640609E0
1.227746475E0,1.503891706E0,3.580494881E0,-7.058622837E0,8.056412987E0
1.237748559E0,1.566236854E0,3.471802235E0,-7.069683075E0,8.030375297E0
1.247740590E0,1.667506218E0,3.463413239E0,-7.692461967E0,8.599405757E0
1.257753246E0,2.377450943E0,3.455321789E0,-7.785755157E0,8.843613799E0
1.267746006E0,2.435900688E0,3.447518826E0,-9.025769234E0,9.964111023E0
1.277724079E0,2.523294449E0,3.439999104E0,-9.897939682E0,1.077821036E1
1.287737621E0,3.367769957E0,3.333542347E0,-1.079813576E1,1.179212088E1
1.297736631E0,3.463099718E0,1.886044025E0,-1.165069199E1,1.229995307E1
1.307738663E0,4.180795670E0,1.750041008E0,-1.263248444E1,1.342092989E1
1.317739184E0,4.239902020E0,8.180651665E-1,-1.380757427E1,1.446703518E1
1.327738142E0,4.311741352E0,7.035751343E-1,-1.368232632E1,1.436287523E1
1.337745954E0,5.008093834E0,-3.074645996E-2,-1.511630058E1,1.592433649E1
1.347737621E0,5.004899025E0,-1.217617989E-1,-1.503230572E1,1.584405426E1
1.357738402E0,5.007473469E0,-2.007036209E-1,-1.485851669E1,1.568089892E1
1.367737361E0,5.029696465E0,-2.642245293E-1,-1.324578285E1,1.417104176E1
1.377739184E0,5.093349934E0,-3.191714287E-1,-1.322851372E1,1.417877495E1
1.387742569E0,5.664928436E0,-3.617568016E-1,-1.196324635E1,1.324165946E1
1.397737361E0,5.665162563E0,-3.935718536E-1,-1.092928886E1,1.231658722E1
1.407741267E0,5.660564423E0,-3.916521072E-1,-9.870678902E0,1.138532753E1
1.417739444E0,5.661546230E0,-3.652987480E-1,-9.018108368E0,1.065423988E1
1.427745954E0,5.647922039E0,-3.079967499E-1,-8.856775284E0,1.050887024E1
1.437736371E0,5.607034206E0,-2.335939407E-1,-8.718980789E0,1.036889699E1
1.447726527E0,5.552262306E0,-1.541352272E-1,-8.601797104E0,1.023925231E1
1.457721996E0,5.490371704E0,-7.034587860E-2,-8.492916107E0,1.011329590E1
1.467734809E0,5.422371387E0,7.397174835E-3,-8.396251678E0,9.994959151E0
1.477738663E0,5.334524632E0,5.546331406E-2,-8.344431877E0,9.904028098E0
1.487745694E0,5.258761883E0,7.282876968E-2,-8.346285820E0,9.865108593E0
1.497738142E0,5.193585396E0,6.349802017E-2,-8.394832611E0,9.871705822E0
1.507737621E0,5.127939701E0,2.609872818E-2,-8.987385750E0,1.034744168E1
1.517737100E0,5.042467117E0,-6.003808975E-2,-8.967538834E0,1.028818895E1
1.527739704E0,4.208166599E0,-2.189688683E-1,-8.899084091E0,9.846334910E0
1.537743090E0,4.201815605E0,-2.533621788E-1,-8.721275330E0,9.684012089E0
1.547738142E0,4.183311462E0,-2.294497490E-1,-7.593115807E0,8.672263236E0
1.557742309E0,4.159150124E0,-1.889872551E-1,-7.393049717E0,8.484776370E0
1.567738142E0,4.159355640E0,-1.341657639E-1,-6.452474594E0,7.678064091E0
1.577737100E0,4.166141033E0,-5.227518082E-2,-6.327473640E0,7.576040290E0
1.587742569E0,4.193286896E0,7.143316269E-1,-6.199408054E0,7.518416382E0
1.597736840E0,4.233261585E0,8.068780899E-1,-6.068796158E0,7.443241411E0
1.607738402E0,4.260004520E0,9.062557220E-1,-5.415477753E0,6.949556622E0
1.617757517E0,4.206982136E0,9.822545052E-1,-5.407869816E0,6.921602311E0
1.627749809E0,4.191916943E0,1.023245811E0,-5.460673332E0,6.959752358E0
1.637826475E0,4.219642639E0,1.048396111E0,-5.512364388E0,7.020732123E0
1.647734288E0,4.289458275E0,1.045127869E0,-5.528942108E0,7.075375989E0
1.657741788E0,5.101562500E0,1.012273788E0,-5.529621601E0,7.591268222E0
1.667743350E0,5.205789089E0,9.293308258E-1,-5.521372795E0,7.645224220E0
1.677739184E0,6.102291107E0,8.126349449E-1,-5.515140057E0,8.265295043E0
1.687745694E0,6.170594215E0,7.674598694E-2,-5.505810738E0,8.270191944E0
1.697741788E0,6.753912449E0,3.626775742E-2,-5.488938332E0,8.703165673E0
1.707741788E0,6.833401680E0,-4.363965988E-2,-5.364813805E0,8.687836906E0
1.717738923E0,6.851500511E0,-5.381965637E-2,-5.212579727E0,8.609119770E0
1.727740225E0,6.862524033E0,-6.263875961E-2,-4.269401073E0,8.082446736E0
1.737743871E0,6.872289181E0,-5.075645447E-2,-4.136013508E0,8.021068666E0
1.747736840E0,6.895612717E0,-2.087163925E-2,-3.430953979E0,7.702035807E0
1.757738402E0,6.940500259E0,1.490020752E-2,-3.337977409E0,7.701484211E0
1.767737361E0,8.355148315E0,4.601478577E-2,-3.245072365E0,8.963320556E0
1.777736059E0,8.328359604E0,6.817865372E-2,-3.142543793E0,8.901786535E0
1.787744652E0,8.301979065E0,8.254003525E-2,-3.051233530E0,8.845320532E0
1.797866527E0,8.276001930E0,9.010314941E-2,-2.979511261E0,8.796465988E0
1.807739965E0,8.150969505E0,1.210198402E-1,-2.949285030E0,8.668981017E0
1.817745954E0,8.126318932E0,1.722402573E-1,-2.955199003E0,8.648695117E0
1.827748923E0,8.102045059E0,2.508568764E-1,-2.982811451E0,8.637315987E0
1.837736423E0,8.078142166E0,3.532676697E-1,-3.014662504E0,8.629563657E0
1.847738142E0,8.054603577E0,9.968943596E-1,-3.025794506E0,8.661747487E0
1.857738142E0,7.931959152E0,1.030949593E0,-3.028657436E0,8.552870800E0
1.867737881E0,7.909661293E0,1.079449177E0,-3.024331093E0,8.536658061E0
1.877739444E0,7.887705803E0,1.125854492E0,-2.994240284E0,8.511693489E0
1.887743611E0,7.886199474E0,1.162766933E0,-2.834051609E0,8.460261084E0
1.897737881E0,6.744402885E0,1.133520603E0,-1.498212814E0,7.001177106E0
1.907739184E0,6.614073277E0,1.078073025E0,-1.450657248E0,6.856574451E0
1.917736319E0,5.920806408E0,1.009613991E0,-1.403385878E0,6.168043519E0
1.927738142E0,5.830806732E0,9.249920845E-1,-1.356394172E0,6.057534371E0
1.937744392E0,5.714707851E0,8.263525963E-1,-1.309677839E0,5.920810796E0
1.947736059E0,5.585735798E0,2.015342712E-1,-1.462217689E0,5.777468393E0
1.957737100E0,4.931515694E0,1.666250229E-1,-1.415034652E0,5.133218678E0
1.967738402E0,4.892633915E0,1.410131454E-1,-1.368124962E0,5.082274810E0
1.977751840E0,4.855832577E0,1.235108376E-1,-2.760079861E0,5.586806402E0
1.987749652E0,4.855048656E0,1.228432655E-1,-2.825578213E0,5.618761444E0
1.997734027E0,4.890520096E0,1.563606262E-1,-2.905326366E0,5.690567349E0
2.007722413E0,4.962434769E0,2.098593712E-1,-2.977917194E0,5.791182142E0
2.017732048E0,5.682713032E0,2.758445740E-1,-3.556446552E0,6.709517845E0
2.027737100E0,5.758210182E0,3.526659012E-1,-3.555645466E0,6.776722838E0
2.037746736E0,7.457983971E0,4.388799667E-1,-3.528453350E0,8.262210574E0
2.047739184E0,7.342341900E0,5.234613419E-1,-3.483188629E0,8.143500438E0
2.057741267E0,7.326945305E0,6.016926765E-1,-3.431985378E0,8.113241351E0
2.067738402E0,7.359622955E0,6.823430061E-1,-3.299904823E0,8.094381623E0
2.077738402E0,7.372702599E0,6.705055237E-1,-3.196002722E0,8.063544795E0
2.087743871E0,7.255408764E0,6.468324661E-1,-3.106802940E0,7.919063902E0
2.097727256E0,7.240291595E0,5.956325531E-1,-3.045468092E0,7.877275952E0
2.107736579E0,7.224864006E0,5.120835304E-1,-3.016975880E0,7.846211373E0
2.117737361E0,7.210808754E0,3.844285011E-1,-3.016539574E0,7.825794475E0
2.127737361E0,7.195315361E0,-6.922488213E-1,-3.040415287E0,7.841931949E0
2.137742569E0,7.079886913E0,-1.452360153E0,-3.060566902E0,7.848644372E0
2.147735798E0,7.064097404E0,-2.160497189E0,-2.985053539E0,7.967418959E0
2.157735538E0,7.049289703E0,-2.276754379E0,-2.784809351E0,7.913991341E0
2.167746423E0,7.033416748E0,-2.361225605E0,-1.719882607E0,7.615926319E0
2.177738038E0,5.898183346E0,-2.413076401E0,-1.565314651E0,6.562142520E0
2.187749236E0,5.009497166E0,-2.416213512E0,-1.457733154E0,5.749620469E0
2.197735329E0,4.802232742E0,-2.340485573E0,-4.046013355E-1,5.357519414E0
2.207736579E0,3.543119907E0,-1.437890530E0,-3.265444934E-1,3.837689299E0
2.217737361E0,3.328912735E0,-3.095893860E-1,-2.640940547E-1,3.353692182E0
2.227738663E0,2.435504913E0,6.576948166E-1,-1.432854176E0,2.901261406E0
2.237745694E0,2.375840902E0,8.153162003E-1,-2.558800697E0,3.585641018E0
2.247735017E0,2.468472958E0,9.017047882E-1,-3.339848280E0,4.249825502E0
2.257741788E0,4.415534973E0,9.498505592E-1,-4.116748810E0,6.111201678E0
2.267736840E0,5.283577919E0,9.111528397E-1,-4.170861721E0,6.792825820E0
2.277737100E0,6.544056892E0,7.854104042E-1,-4.230996132E0,7.832169456E0
2.287749079E0,6.560297012E0,-1.378312111E-1,-4.283293724E0,7.836012982E0
2.297745694E0,6.578613281E0,-2.813029289E-1,-4.305097103E0,7.867092545E0
2.307748559E0,6.603843689E0,-1.067449093E0,-4.310953617E0,7.958298821E0
2.317746475E0,6.628777027E0,-1.122796535E0,-4.884391308E0,8.310152549E0
2.327748559E0,6.540978909E0,-1.160744190E0,-4.862921238E0,8.232844899E0
2.337747777E0,6.532947540E0,-1.198347092E0,-4.849753380E0,8.224083363E0
2.347805069E0,6.525194645E0,-1.254158020E0,-4.839788914E0,8.220379202E0
2.357739496E0,6.501246929E0,-1.317402363E0,-4.808629036E0,8.192964898E0
2.367879652E0,6.476289272E0,-1.388572216E0,-4.767169952E0,8.160659587E0
2.377734809E0,6.339006424E0,-1.416200638E0,-4.733675003E0,8.037182698E0
2.387747256E0,6.305372238E0,-1.402325630E0,-4.701938152E0,7.989521802E0
2.397738923E0,6.272987366E0,-1.366621494E0,-4.683345795E0,7.946807701E0
2.407751684E0,6.241678238E0,-1.297206879E0,-4.667125702E0,7.900845222E0
2.417732725E0,6.211607933E0,-1.198362350E0,-4.632128239E0,7.840711540E0
2.427746996E0,6.084356785E0,-1.059837818E0,-4.565829277E0,7.680459014E0
2.437751163E0,4.376935482E0,-1.476588249E-1,-4.402645588E0,6.209883696E0
2.447748298E0,4.242277145E0,-2.563428879E-2,-4.199567318E0,5.969416902E0
2.457750642E0,3.559437513E0,6.179618835E-1,-3.243312359E0,4.854950809E0
2.467749079E0,3.451524258E0,6.808414459E-1,-3.039551497E0,4.649240591E0
2.477744913E0,3.345432997E0,7.475419044E-1,-2.174366713E0,4.059385598E0
2.487746215E0,3.268739223E0,8.176326752E-1,-2.027643442E0,3.932495039E0
2.497748298E0,3.216975689E0,8.883213997E-1,-1.880017281E0,3.830471572E0
2.507748298E0,3.215061665E0,9.619226456E-1,-1.742583156E0,3.781337427E0
2.517737100E0,3.263985395E0,1.010151863E0,-1.647140622E0,3.793030408E0
2.527858663E0,3.356301785E0,1.025623322E0,-1.570766926E0,3.844993316E0
2.537743663E0,3.464651346E0,1.009164810E0,-1.529286265E0,3.919303388E0
2.547759965E0,3.571075201E0,9.720354080E-1,-1.495087385E0,3.991580792E0
2.557741215E0,3.665863991E0,8.973011971E-1,-1.462989926E0,4.047721305E0
2.567737777E0,3.745350599E0,7.900762558E-1,-1.422570586E0,4.083574252E0
2.577738402E0,3.822804689E0,1.459026337E-1,-1.368637800E0,4.063039835E0
2.587739965E0,3.882012606E0,3.318691254E-2,-1.297047377E0,4.093098477E0
2.597738663E0,3.891010523E0,-6.047830582E-1,-1.213168025E0,4.120376450E0
2.607742829E0,3.861376762E0,-6.867833138E-1,-1.111705422E0,4.076492459E0
2.617737100E0,3.708677053E0,-8.394742012E-1,-3.632824421E-1,3.819813681E0
2.627737100E0,3.640579700E0,-9.229464531E-1,-3.127080202E-1,3.768744753E0
2.637740746E0,3.557090521E0,-9.946141243E-1,-2.734919786E-1,3.703639844E0
2.647739704E0,2.931745768E0,-1.061462402E0,-2.495633364E-1,3.127957406E0
2.657738402E0,2.892458916E0,-1.117894650E0,-2.239300013E-1,3.109043530E0
2.667737881E0,2.837393761E0,-1.173194885E0,-2.094539404E-1,3.077508821E0
2.677749079E0,2.781936407E0,-1.220423698E0,-2.125434875E-1,3.045287985E0
2.687739965E0,2.736807823E0,-1.270836830E0,-2.162182331E-1,3.025209684E0
2.697738663E0,2.690714121E0,-1.319147110E0,-2.161401510E-1,3.004464702E0
2.707750381E0,2.658998728E0,-1.375360489E0,-1.919393539E-1,2.999788563E0
2.717751319E0,2.663371325E0,-1.467311382E0,-1.197751760E-1,3.043171963E0
2.727753038E0,2.690573215E0,-2.128044128E0,5.116302967E-1,3.468360074E0
2.737744131E0,2.732877254E0,-2.166146278E0,1.589135289E0,3.832252439E0
2.747737152E0,2.767951488E0,-2.208027363E0,1.618365407E0,3.893076787E0
2.757738663E0,2.786776304E0,-2.262852669E0,1.448178649E0,3.870897282E0
2.767741788E0,2.781081676E0,-2.304590225E0,1.476089120E0,3.901844498E0
2.777739965E0,2.743801832E0,-2.315331459E0,1.501273632E0,3.891404731E0
2.787743090E0,2.658697605E0,-2.304794788E0,1.471784115E0,3.814039912E0
2.797739444E0,1.796396494E0,-2.134029388E0,1.289276361E0,3.073004284E0
2.807737621E0,1.682260990E0,-1.360114574E0,1.267495036E0,2.507280870E0
2.817739444E0,1.550076485E0,-1.200612068E0,1.245337248E0,2.322729280E0
2.827739704E0,8.885583878E-1,1.524772644E-1,1.218760610E0,1.515969244E0
2.837739444E0,8.712539673E-1,1.011307240E0,1.194997311E0,1.791603857E0
2.847737621E0,9.269340038E-1,1.752388477E0,9.717776179E-1,2.207809720E0
2.857737881E0,1.649951220E0,3.348797321E0,9.511274695E-1,3.852457137E0
2.867738402E0,1.812145233E0,3.343043327E0,9.288178086E-1,3.914397981E0
2.877738663E0,2.984278202E0,3.335912228E0,9.074010253E-1,4.567012524E0
2.887756892E0,3.770532608E0,3.311233997E0,8.768668175E-1,5.094122314E0
2.897736631E0,4.624037743E0,4.739559174E0,2.288305044E0,7.005818024E0
2.907730121E0,5.967165947E0,4.637557983E0,2.985970259E0,8.125886528E0
2.917735798E0,6.074553490E0,4.523456573E0,3.721186638E0,8.438547829E0
2.927727048E0,6.175443649E0,4.425338745E0,3.793695927E0,8.491869998E0
2.937743350E0,6.250406742E0,4.351434708E0,4.434067726E0,8.812691136E0
2.947739704E0,6.207618713E0,4.236959457E0,4.304838657E0,8.661292710E0
2.957738663E0,5.071498871E0,4.105880737E0,4.020555019E0,7.664412573E0
2.967740746E0,4.967682362E0,4.011333466E0,2.682787657E0,6.925750055E0
2.977742048E0,3.989022493E0,3.948325157E0,1.673452377E0,5.856792199E0
2.987739184E0,3.072549582E0,3.969191074E0,-4.170902371E-1,5.036765131E0
2.997738402E0,3.077809334E0,3.886495590E0,-1.605316639E0,5.211026749E0
3.007739444E0,3.099204540E0,2.676893234E0,-2.494204998E0,4.794985375E0
3.017738142E0,3.052010536E0,2.679023743E0,-2.727887392E0,4.892167838E0
3.027737881E0,2.303930283E0,2.683176041E0,-3.726894379E0,5.137827374E0
3.037737881E0,2.251059294E0,1.225461006E0,-3.955933571E0,4.713643287E0
3.047737100E0,2.236044407E0,1.079386711E0,-5.146285057E0,5.713949610E0
3.057740225E0,2.266401529E0,1.283698082E-1,-5.834862232E0,6.260884280E0
3.067736319E0,2.288690567E0,-3.468418121E-2,-5.933481693E0,6.359678648E0
3.077776475E0,2.249161482E0,-6.878194809E-1,-6.729983807E0,7.129130736E0
3.087744913E0,1.611304998E0,-6.470646858E-1,-6.764705181E0,6.983998331E0
3.097787100E0,1.643467665E0,-6.554336548E-1,-7.371850491E0,7.581210912E0
3.107735069E0,1.674954414E0,-7.634520531E-1,-7.296007633E0,7.524630138E0
3.117741527E0,1.677748442E0,-1.521707535E0,-7.131896019E0,7.482938893E0
3.127738142E0,1.591913462E0,-1.657184124E0,-6.884573460E0,7.257947328E0
3.137737361E0,8.242535591E-1,-2.572353840E0,-6.595872402E0,7.127547331E0
3.147736579E0,7.884325981E-1,-2.706144333E0,-5.562155724E0,6.235576910E0
3.157738142E0,8.081669807E-1,-3.555025816E0,-5.273554802E0,6.411062523E0
3.167739444E0,9.530894756E-1,-3.663003922E0,-4.375988483E0,5.785780197E0
3.177738663E0,1.598129988E0,-3.648677349E0,-3.556640625E0,5.340089736E0
3.187738142E0,1.726416826E0,-3.571899176E0,-3.274033546E0,5.143760729E0
3.197735798E0,2.507444143E0,-3.389721394E0,-2.359458208E0,4.831617772E0
3.207741527E0,2.615141153E0,-2.072607040E0,-1.337552547E0,3.594956191E0
3.217737361E0,2.624576807E0,-9.254317284E-1,-1.088926077E0,2.988408824E0
3.227737881E0,2.511533499E0,4.244999886E-1,-2.823097706E-1,2.562752341E0
3.237736840E0,1.808404684E0,1.596241951E0,-3.624594212E-2,2.412390855E0
3.247735538E0,1.763024569E0,2.626341343E0,1.848373413E0,3.663660567E0
3.257864756E0,1.792255163E0,2.657867432E0,1.959173799E0,3.756966839E0
3.267738194E0,1.863347769E0,2.677678585E0,3.207698822E0,4.575080245E0
3.277752725E0,1.884628296E0,3.650632858E0,4.243118286E0,5.906182936E0
3.287737725E0,1.857555628E0,3.676208019E0,4.292160988E0,5.948753168E0
3.297741267E0,1.927320004E0,2.544555664E0,4.305057526E0,5.359369946E0
3.307738142E0,2.017842293E0,2.502582073E0,3.988234997E0,5.122560194E0
3.317741006E0,2.156170607E0,2.465699673E0,2.960531235E0,4.415143458E0
3.327739444E0,2.270430088E0,9.254937172E-1,2.589728832E0,3.566242677E0
3.337739965E0,2.250563383E0,7.553138733E-1,1.041760445E0,2.592450465E0
3.347737621E0,1.374230146E0,-1.995792389E-1,-2.763353348E0,3.092646455E0
3.357739444E0,1.338044167E0,-2.477755547E-1,-4.212244034E0,4.426596290E0
3.367741267E0,1.240227461E0,-2.095642090E-1,-4.543872356E0,4.714748912E0
3.377739965E0,1.239512920E0,-2.181420326E-1,-4.587729931E0,4.757230722E0
3.387742569E0,1.176670074E0,-1.913571358E-1,-4.611235619E0,4.762842003E0
3.397736319E0,1.084499121E0,-1.312599182E-1,-3.968485594E0,4.116095895E0
3.407738142E0,1.053059101E0,-6.995105743E-2,-3.812220573E0,3.955610234E0
3.417738142E0,1.093474865E0,-5.957460403E-2,-2.331756592E0,2.576106600E0
3.427736579E0,1.011458397E0,6.319971085E-1,-2.318897963E0,2.607634214E0
3.437745017E0,9.762947559E-1,6.730871201E-1,-2.225804329E0,2.521983868E0
3.447759548E0,9.651496410E-1,7.278418541E-1,-2.116559267E0,2.437435276E0
3.457743923E0,3.234450817E-1,2.201301098E0,-2.107372761E0,3.064533112E0
3.467750486E0,2.854690552E-1,2.108669758E0,-2.164428949E0,3.035248492E0
3.477735069E0,2.187488079E-1,3.246132374E0,-3.136966705E0,4.519489633E0
3.487737100E0,-3.782947063E-1,4.210729122E0,-3.220936298E0,5.314863805E0
3.497736579E0,-3.493924141E-1,5.092536449E0,-4.178123951E0,6.596417384E0
3.507739704E0,-1.938124895E-1,5.173110485E0,-4.013895512E0,6.550571925E0
3.517749600E0,-1.978349686E-2,5.933564663E0,-3.945364475E0,7.125551336E0
3.527748819E0,9.183593988E-1,6.067659378E0,-3.864699602E0,7.252294625E0
3.537744652E0,1.137084603E0,6.071623802E0,-3.800920486E0,7.252901043E0
3.547747256E0,1.990733027E0,6.026272774E0,-3.697685957E0,7.345193188E0
3.557751163E0,2.162231922E0,5.928986549E0,-3.541070223E0,7.236525873E0
3.567748559E0,2.361357212E0,5.791274071E0,-2.820421219E0,6.860731674E0
3.577747517E0,2.580270290E0,5.049872875E0,-2.769286871E0,6.310939756E0
3.587747256E0,3.402452946E0,4.958456993E0,-2.738184452E0,6.607619533E0
3.597781111E0,3.508188248E0,4.863148689E0,-2.729512215E0,6.588462407E0
3.607750121E0,3.563193798E0,4.765849113E0,-2.739391327E0,6.550872664E0
3.617793350E0,3.587555885E0,4.669365883E0,-2.784319878E0,6.513522254E0
3.627734652E0,3.580249786E0,4.571165085E0,-3.430689335E0,6.744135829E0
3.637725902E0,3.548391819E0,4.474253654E0,-3.550844669E0,6.724472331E0
3.647723663E0,3.462433815E0,4.371056557E0,-4.240004539E0,7.005156803E0
3.657738142E0,2.700138092E0,3.605060577E0,-4.264622688E0,6.202758592E0
3.667748038E0,2.624234676E0,3.502346992E0,-4.205515862E0,6.069547409E0
3.677748298E0,1.459002256E0,3.421529770E0,-3.326312542E0,4.989980829E0
3.687747256E0,6.210776567E-1,3.320466042E0,-2.571199894E0,4.245268081E0
3.697777725E0,5.383567214E-1,2.655132294E0,-1.837089419E0,3.273293905E0
3.707748559E0,-7.064922452E-1,1.612620354E0,-1.005295515E-1,1.763457368E0
3.717748038E0,-6.278988719E-1,2.676827431E0,1.248411059E0,3.019634458E0
3.727748559E0,-5.457001328E-1,3.336181641E0,1.322512388E0,3.630004902E0
3.737748298E0,-4.317160249E-1,4.089770317E0,1.401116014E0,4.344620358E0
3.747749340E0,-4.964768291E-1,4.791533470E0,1.266765714E0,4.980961515E0
3.757748559E0,-3.664475977E-1,5.679955482E0,2.265707254E-1,5.696271800E0
3.767737881E0,-2.421593219E-1,6.403779984E0,8.793628216E-2,6.408960290E0
3.777739704E0,-9.117162973E-2,6.493782997E0,-6.042392254E-1,6.522471535E0
3.787737361E0,5.946211517E-2,6.533078194E0,-7.009898424E-1,6.570847220E0
3.797757413E0,1.176806539E-2,6.467972755E0,-8.350610733E-1,6.521666739E0
3.807754652E0,1.638768017E-1,5.720672607E0,-1.573719859E0,5.935448162E0
3.817766163E0,3.180741072E-1,4.617896080E0,-1.615502715E0,4.902650749E0
3.827787673E0,1.882228017E0,3.202670097E0,-1.585930347E0,4.039189662E0
3.837737881E0,3.112978220E0,1.498019218E0,-1.520115376E0,3.774313942E0
3.847738923E0,4.063873768E0,3.753852844E-1,-1.429262757E0,4.324208152E0
3.857737881E0,4.274980068E0,-7.468299866E-1,-1.326797724E0,4.538017388E0
3.867748559E0,4.454352856E0,-1.594526291E0,-6.612033844E-1,4.777129198E0
3.877737361E0,4.559268951E0,-1.721363068E0,-5.890419483E-1,4.908868973E0
3.887741006E0,4.551670551E0,-2.396438599E0,-4.445762634E-1,5.163164806E0
3.897759496E0,4.289171219E0,-2.455206871E0,1.244665146E0,5.096491131E0
3.907737621E0,3.251055479E0,-2.508328915E0,1.336384654E0,4.318217180E0
3.917745434E0,3.088370323E0,-2.601703644E0,1.430668950E0,4.284122635E0
3.927740746E0,2.260954618E0,-3.379777908E0,1.528887630E0,4.344227420E0
3.937737881E0,2.101808548E0,-3.459694862E0,1.428578138E0,4.292775700E0
3.947739184E0,4.521858990E-1,-4.089930058E0,1.477512717E0,4.372075456E0
3.957736579E0,4.327128828E-1,-4.148345947E0,1.528432488E0,4.442085142E0
3.967743611E0,4.123227000E-1,-4.212950230E0,1.576238155E0,4.517021847E0
3.977732934E0,4.209046960E-1,-4.280451775E0,1.627827764E0,4.598831524E0
3.987817048E0,2.316175252E-1,-4.333180428E0,1.477423310E0,4.583980686E0
3.997749079E0,2.590498626E-1,-4.342344284E0,1.528759480E0,4.610874782E0
4.007909184E0,2.880547941E-1,-4.279840469E0,2.585160255E0,5.008299467E0
4.017748611E0,3.583332598E-1,-4.129238129E0,2.757102489E0,4.978014101E0
4.027736111E0,4.281928539E-1,-3.002654552E0,4.045735359E0,5.056407626E0
4.037737100E0,2.996421456E-1,-2.095267773E0,4.179621220E0,4.684993703E0
4.047742309E0,3.709090650E-1,-9.345102310E-1,4.943482876E0,5.044690858E0
4.057741527E0,2.526775122E0,5.394477844E-1,4.982300282E0,5.612389199E0
4.067748819E0,3.524957180E0,1.693846703E0,5.639552116E0,6.862870234E0
4.077736840E0,5.919719219E0,5.374939919E0,5.727069378E0,9.835261990E0
4.087738402E0,6.977833748E0,6.313331604E0,5.638419151E0,1.096996309E1
4.097752517E0,7.724890709E0,6.385143280E0,5.483405113E0,1.142417274E1
4.107738663E0,7.783899784E0,6.354482651E0,5.313549995E0,1.136672157E1
4.117745173E0,7.761173248E0,6.186183929E0,5.124088764E0,1.116964491E1
4.127738663E0,7.624800682E0,4.713391304E0,4.925065517E0,1.022789878E1
4.137739184E0,6.733787060E0,3.244265556E0,4.696236610E0,8.827445014E0
4.147737881E0,5.651067734E0,1.449328423E0,4.483125210E0,7.357549256E0
4.157735798E0,4.566751480E0,1.464971542E0,4.308272362E0,6.446904020E0
4.167750538E0,3.741536379E0,4.144887924E-1,4.161059380E0,5.611177291E0
4.177755642E0,3.524603844E0,3.503952026E-1,3.978134632E0,5.326458880E0
4.187736371E0,2.683171988E0,3.903026581E-1,3.093834162E0,4.113825215E0
4.197751111E0,2.518347263E0,1.466087341E0,2.098139763E0,3.590776447E0
4.207736892E0,2.311426163E0,1.493996620E0,8.704360127E-1,2.886585467E0
4.217740017E0,1.412788749E0,3.305412292E0,-7.397156358E-1,3.670000231E0
4.227738142E0,1.274025440E0,4.579038620E0,-2.106355429E0,5.198794927E0
4.237739444E0,-5.360914469E-1,5.584940910E0,-3.392375469E0,6.556460199E0
4.247739444E0,-4.843405485E-1,5.657595634E0,-4.400859356E0,7.184047411E0
4.257738923E0,-1.635641813E0,4.902565956E0,-4.582775593E0,6.907409734E0
4.267745173E0,-1.661019564E0,3.785230637E0,-4.491995335E0,6.104504816E0
4.277738402E0,-1.637873054E0,1.408709526E0,-4.274756908E0,4.789638535E0
4.287738402E0,-1.566755295E0,1.411680222E0,-3.190000057E0,3.824089900E0
4.297761579E0,-1.346197844E0,-1.066493511E0,-2.928639650E0,3.395082804E0
4.307737621E0,7.287181914E-3,-2.653710365E0,-2.724157095E0,3.803059779E0
4.317749079E0,-5.332139879E-2,-3.639792442E0,-2.594367743E0,4.470086820E0
4.327739965E0,1.911427140E0,-3.689817429E0,-2.535048962E0,4.867728383E0
4.337737361E0,2.767992020E0,-3.578422546E0,-2.533860445E0,5.185300039E0
4.347748246E0,2.997171402E0,-2.268687248E0,-3.126991272E0,4.889586144E0
4.357743715E0,4.037553787E0,-7.470908165E-1,-3.048165560E0,5.113834036E0
4.367756163E0,4.133770943E0,1.375904083E0,-2.927849293E0,5.249140476E0
4.377724184E0,4.216098785E0,2.693261147E0,-2.793110609E0,5.729800297E0
4.387735590E0,4.228549957E0,3.822402954E0,-2.611712217E0,6.269963301E0
4.397761840E0,4.168622017E0,3.971264839E0,-1.832570791E0,6.042074946E0
4.407742309E0,4.029067039E0,4.027305603E0,-1.660378695E0,5.933753368E0
4.417741527E0,3.163935661E0,3.943622589E0,-1.485689878E0,5.269717489E0
4.427739965E0,2.997950792E0,2.956315041E0,-1.360807896E0,4.424850924E0
4.437746475E0,1.828134298E0,3.117265701E-1,-1.369884610E0,2.305608881E0
4.447741267E0,2.939492166E-1,-7.055435181E-1,-1.354418039E0,1.555199673E0
4.457737100E0,1.256671846E-1,-8.370871544E-1,-1.332400322E0,1.578542924E0
4.467742048E0,1.584141552E-1,-9.171266556E-1,-1.302973032E0,1.601235482E0
4.477738142E0,1.920335293E-1,-9.277777672E-1,-1.262199640E0,1.578225711E0
4.487738402E0,2.307920754E-1,-8.874955177E-1,-1.225287199E0,1.530438498E0
4.497759756E0,2.929404974E-1,-8.071527481E-1,-1.181283593E0,1.460390571E0
4.507738923E0,1.504149288E-1,-7.066130638E-1,-1.141254187E0,1.350699001E0
4.517742048E0,2.487983704E-1,-9.850692749E-2,-1.098888397E0,1.130999537E0
4.527756111E0,2.171044350E0,-8.026123047E-2,-1.079545021E0,2.425962260E0
4.537738454E0,2.346586704E0,-7.338905334E-2,-1.101295471E0,2.593203970E0
4.547730590E0,3.153443575E0,-8.081531525E-2,-1.149691463E0,3.357458556E0
4.557760225E0,3.257428646E0,-9.606933594E-2,-1.198951960E0,3.472399243E0
4.567755902E0,3.352763653E0,-1.134624481E-1,-1.221218586E0,3.570052195E0
4.577743871E0,3.433706760E0,-1.081981659E-1,-1.230882525E0,3.649263042E0
4.587738923E0,3.428994894E0,-8.687496185E-2,-1.199453831E0,3.633764265E0
4.597763142E0,3.399351358E0,-3.878879547E-2,-1.169324994E0,3.595054265E0
4.607738663E0,3.328641176E0,3.637599945E-2,-1.138251781E0,3.518066573E0
4.617744652E0,3.256309032E0,1.454717636E0,-1.082114458E0,3.727026109E0
4.627738142E0,3.131187677E0,1.493628502E0,-9.940695763E-1,3.608799897E0
4.637737100E0,3.016278267E0,1.512907982E0,-9.632142782E-1,3.509217419E0
4.647735798E0,2.887481213E0,1.432162285E0,-9.553929567E-1,3.361757318E0
4.657737100E0,2.771510124E0,1.451560020E0,-9.995959997E-1,3.284431005E0
4.667743090E0,2.696656704E0,1.470027924E0,-1.072719097E0,3.253254638E0
4.677742569E0,2.668148994E0,2.481888771E0,-1.672919154E0,4.009669491E0
4.687737881E0,2.690938711E0,2.568613052E0,-1.704183578E0,4.091841374E0
4.697764704E0,2.764124155E0,3.160718918E0,-1.725781322E0,4.539696861E0
4.707737361E0,3.507717609E0,3.188767433E0,-1.720179200E0,5.042949241E0
4.717776215E0,3.612314224E0,3.217342377E0,-1.694192767E0,5.125465360E0
4.727751006E0,4.432751179E0,3.270692825E0,-1.646345019E0,5.749536198E0
4.737763298E0,4.496454239E0,3.364810944E0,-1.582251430E0,5.834687052E0
4.747737934E0,4.546928406E0,4.207638741E0,-1.474800825E0,6.368188060E0
4.757741006E0,4.554841518E0,4.330316544E0,-1.380039811E0,6.434495513E0
4.767754027E0,4.479047775E0,5.206757545E0,-1.329262614E0,6.995650950E0
4.777748559E0,4.357329369E0,5.302681923E0,-1.337055326E0,6.992315192E0
4.787747777E0,3.618333340E0,5.939129829E0,-1.391745210E0,7.092429345E0
4.797791006E0,3.451087475E0,5.987143517E0,-1.461222172E0,7.063360566E0
4.807749079E0,1.407518148E0,6.082236290E0,-1.541675448E0,6.430510774E0
4.817750381E0,-3.505856544E-2,6.053111076E0,-1.514956832E0,6.239910016E0
4.827747777E0,-1.625336707E-3,5.971833229E0,-1.447829008E0,6.144835522E0
4.837744392E0,-1.113281608E0,5.863760948E0,-1.320329785E0,6.112802887E0
4.847746736E0,-1.262233019E0,5.771983147E0,-3.285677433E-1,5.917514546E0
4.857746996E0,-2.066119432E0,5.700131416E0,-1.971882582E-1,6.066236962E0
4.867746215E0,-2.049025536E0,5.635308266E0,1.685277224E0,6.228592475E0
4.877750121E0,-1.932830572E0,5.548182487E0,1.718950629E0,6.121515678E0
4.887746736E0,-1.722581029E0,5.452311516E0,1.556025386E0,5.925892445E0
4.897942829E0,-8.387258053E-1,4.831982613E0,1.598380923E0,5.158133240E0
4.907742673E0,3.499255180E-1,4.748007774E0,1.602825522E0,5.023452533E0
4.917748767E0,4.991661310E-1,4.072400093E0,1.605613947E0,4.405860358E0
4.927734913E0,6.395137906E-1,3.897905350E0,1.551897764E0,4.243940465E0
4.937726631E0,1.678336620E0,2.736562729E0,-2.416814566E-1,3.219316590E0
4.947750902E0,1.882152557E0,1.141181946E0,-4.412466288E-1,2.244881527E0
4.957747777E0,2.743121386E0,1.155299187E0,-1.309614182E0,3.251848774E0
4.967746475E0,2.908781052E0,1.168318748E0,-1.444635987E0,3.451514021E0
4.977748819E0,3.850233555E0,1.182239532E0,-1.573242068E0,4.324011950E0
4.987737881E0,4.709654808E0,-1.685180664E-1,-1.726011634E0,5.018800943E0
4.997738142E0,4.770244598E0,-8.036408424E-1,-1.730140209E0,5.137553628E0
5.007742569E0,4.770611286E0,-8.889946938E-1,-1.705359936E0,5.143665631E0
5.017738142E0,4.710753918E0,-9.844355583E-1,-1.640799403E0,5.084539165E0
5.027737100E0,4.574963093E0,-1.649626732E0,-1.537320495E0,5.100481346E0
5.037738142E0,4.388344765E0,-1.686293602E0,-1.384551883E0,4.900830522E0
5.047746475E0,3.404319286E0,-1.746676922E0,-5.824654102E-1,3.870340557E0
5.057741006E0,3.226619720E0,-1.826352119E0,-4.499565363E-1,3.734849096E0
5.067738923E0,2.430724859E0,-1.912426949E0,-2.868007421E-1,3.106131813E0
5.077736684E0,2.239099026E0,-2.524643421E0,4.721826315E-1,3.407395675E0
5.087760069E0,1.468332052E0,-2.539502144E0,1.545286417E0,3.315566357E0
5.098090746E0,1.323940396E0,-2.582718849E0,1.658633947E0,3.342801430E0
5.107725538E0,2.248416245E-1,-2.665917397E0,1.746441126E0,3.194953196E0
5.117735590E0,2.190729231E-1,-3.431570053E0,1.838798285E0,3.899339060E0
5.127739965E0,1.596582681E-2,-3.512318134E0,1.730432868E0,3.915486112E0
5.137741006E0,3.428725898E-2,-4.233791351E0,1.798961401E0,4.600263791E0
5.147743871E0,5.045110732E-2,-4.345085144E0,1.840262413E0,4.718990991E0
5.157740746E0,9.053963423E-2,-5.163532734E0,1.879847407E0,5.495825142E0
5.167739704E0,2.550229430E-3,-5.317994118E0,3.657275200E0,6.454202494E0
5.177742569E0,6.799866259E-2,-5.324810028E0,4.388660431E0,6.900620699E0
5.187738142E0,1.338068247E-1,-5.221861839E0,4.526993275E0,6.912265435E0
5.197743350E0,1.942751110E-1,-4.006015301E0,5.405768394E0,6.731139082E0
5.207737881E0,2.548925281E-1,-2.309194088E0,5.498922348E0,5.969547263E0
5.217737621E0,1.838236332E0,-7.857418060E-2,6.380951881E0,6.640921143E0
5.227737881E0,3.264509201E0,1.355566978E0,6.440618515E0,7.346846195E0
5.237736579E0,4.824742794E0,4.515524864E0,7.168520927E0,9.749656410E0
5.247746475E0,6.235202312E0,6.202837944E0,7.093205452E0,1.129896057E1
5.257748819E0,7.314371109E0,7.218438148E0,6.964787483E0,1.241427157E1
5.267742100E0,7.495786667E0,7.271525383E0,6.827823639E0,1.247722224E1
5.277727517E0,8.241399765E0,7.169000626E0,6.646839619E0,1.278654437E1
5.287736371E0,8.133102417E0,6.017103195E0,6.438462734E0,1.199194264E1
5.297743142E0,7.881734848E0,4.434484482E0,6.126947880E0,1.092363892E1
5.307741788E0,6.409872055E0,2.741081238E0,5.796219349E0,9.066208957E0
5.317739444E0,5.307747364E0,1.076520920E0,4.826842308E0,7.254618256E0
5.327739965E0,4.307305336E0,1.101833344E0,3.970930099E0,5.961140984E0
5.337743350E0,3.519633770E0,1.131052971E0,2.960280895E0,4.736070700E0
5.347742829E0,3.290428400E0,1.163061142E0,1.780448079E0,3.917859829E0
5.357736059E0,2.332290411E0,3.817781448E0,-7.936131358E-1,4.543661030E0
5.367738402E0,1.420624375E0,5.404457092E0,-2.045277834E0,5.950587492E0
5.377740746E0,1.197494864E0,6.410554886E0,-3.403799534E0,7.356293847E0
5.387738142E0,1.052713990E-1,6.466726303E0,-4.582890034E0,7.926696172E0
5.397743350E0,-8.553175330E-1,6.362612724E0,-5.321382523E0,8.338556273E0
5.407737100E0,-1.022118688E0,5.186346054E0,-5.382772923E0,7.544345985E0
5.417740746E0,-9.663105011E-1,3.700661659E0,-5.361239433E0,6.585707324E0
5.427744913E0,-9.111791253E-1,1.097660065E0,-5.240017414E0,5.430735449E0
5.437738663E0,-8.327715397E-1,-5.471763611E-1,-5.030841351E0,5.128574373E0
5.447829392E0,-7.537163496E-1,-2.847627640E0,-4.789437294E0,5.622791220E0
5.457733871E0,-8.435258865E-1,-4.527699471E0,-4.525285244E0,6.456764279E0
5.467770538E0,-7.061243057E-1,-5.267140388E0,-4.264209747E0,6.813579395E0
5.477735850E0,-5.727850795E-1,-5.206353664E0,-3.986351967E0,6.582188331E0
5.487739965E0,-4.424422979E-1,-4.081144810E0,-3.102482080E0,5.145570251E0
5.497748819E0,-3.347367644E-1,-2.516184807E0,-2.873744965E0,3.834272396E0
5.507737621E0,-4.399916530E-1,-6.312170029E-1,-2.649231434E0,2.758705267E0
5.517736111E0,-3.436208367E-1,1.093044281E0,-2.448507547E0,2.703333181E0
5.527738923E0,1.374801397E0,2.945554733E0,-2.246538639E0,3.951367792E0
5.537739444E0,2.306683064E0,4.308227539E0,-1.090533257E0,5.007082391E0
5.547744652E0,3.161620855E0,4.344552040E0,-9.077742100E-1,5.449314900E0
5.557743350E0,3.228040934E0,4.205805779E0,-7.510044575E-1,5.354722982E0
5.567740486E0,3.237891436E0,2.765497208E0,-6.696988344E-1,4.310500236E0
5.577740746E0,2.571158171E0,1.154785156E0,-6.398085356E-1,2.890283387E0
5.587738663E0,1.682391405E0,1.106529236E-1,-6.261461973E-1,1.798539399E0
5.597742829E0,-1.427631229E-1,-8.831939697E-1,-6.676721573E-1,1.116332839E0
5.607737361E0,-1.071277559E-1,-1.551415443E0,-7.174574137E-1,1.712632878E0
5.617736840E0,-7.073444873E-2,-1.631795406E0,-1.325730205E0,2.103644501E0
5.627736475E0,-3.294501454E-2,-1.662289143E0,-1.354126096E0,2.144282642E0
5.637756631E0,6.469741464E-3,-1.644558430E0,-1.414209247E0,2.169009470E0
5.647750850E0,-1.624442786E-1,-1.554123402E0,-1.441829801E0,2.126161063E0
5.657726163E0,-1.162027940E-1,-9.052848816E-1,-1.413241506E0,1.682348168E0
5.667738038E0,1.881898999E0,-7.932291031E-1,-1.335450411E0,2.440119680E0
5.677743090E0,2.835038662E0,-6.743040085E-1,-1.221983671E0,3.159964272E0
5.687741788E0,3.619850874E0,2.891635895E-2,-1.078088641E0,3.777093012E0
5.697746215E0,3.763371944E0,7.451343536E-2,-3.957822323E-1,3.784859868E0
5.707739444E0,4.518322468E0,9.102916718E-2,-2.886126041E-1,4.528445811E0
5.717739184E0,4.471764565E0,7.373237610E-2,-6.605255604E-2,4.472860128E0
5.727738923E0,4.329255104E0,5.986213684E-2,5.947291851E-1,4.370324477E0
5.737741006E0,3.485653162E0,5.436611176E-2,6.627752781E-1,3.548521482E0
5.747744652E0,3.285613298E0,8.970546722E-2,6.923937798E-1,3.358974689E0
5.757739704E0,2.295812368E0,1.941499710E-1,6.965593100E-1,2.406998860E0
5.767737361E0,2.112721920E0,1.319399834E0,6.689109802E-1,2.579118402E0
5.777738663E0,1.371104598E0,1.341301918E0,6.093115807E-1,2.012530560E0
5.787739965E0,1.293972969E0,1.258445740E0,4.878187180E-1,1.869764377E0
5.797742829E0,1.265309453E0,1.275990486E0,-2.999577522E-1,1.821849167E0
5.807751267E0,1.284030557E0,2.827753067E0,-3.855686188E-1,3.129470409E0
5.817742256E0,1.359304667E0,2.926074982E0,-4.814424515E-1,3.262117535E0
5.827743142E0,2.299198151E0,3.553872108E0,-5.809180737E-1,4.272444840E0
5.837725017E0,2.425121546E0,3.580986977E0,-6.595541239E-1,4.374893585E0
5.847741579E0,3.327567339E0,3.588550568E0,-7.245143652E-1,4.947253848E0
5.857740746E0,3.424521446E0,3.584489822E0,-7.651338577E-1,5.016108476E0
5.867739184E0,3.522343159E0,3.568096161E0,-7.526485920E-1,5.069979432E0
5.877741267E0,3.574354887E0,3.543353081E0,-7.045296431E-1,5.082098575E0
5.887739444E0,3.575513840E0,3.540882111E0,-6.383285522E-1,5.072436168E0
5.897744131E0,3.379840374E0,3.696292877E0,-5.824117661E-1,5.042331351E0
5.907736840E0,2.502434969E0,4.437197685E0,-6.226092577E-1,5.132109348E0
5.917738923E0,2.320852757E0,4.523685455E0,-6.646623611E-1,5.127559231E0
5.927743090E0,1.133368015E0,4.632504463E0,-6.757309437E-1,4.816765820E0
5.937739444E0,2.436810732E-1,5.388230324E0,-6.442158222E-1,5.432073316E0
5.947742569E0,-9.157754183E-1,5.429594994E0,-5.842828751E-1,5.537195399E0
5.957737100E0,-8.933285475E-1,5.444602966E0,-5.315444469E-1,5.542948390E0
5.967736840E0,-2.528738260E0,5.439186096E0,-4.772002697E-1,6.017223835E0
5.977738663E0,-3.279315710E0,5.438924789E0,-3.837687969E-1,6.362632543E0
5.987739184E0,-3.371884584E0,5.466135025E0,4.132256508E-1,6.435758945E0
5.997767673E0,-3.398246765E0,5.521436691E0,5.051351786E-1,6.503038195E0
6.007728923E0,-3.334968567E0,5.579360008E0,5.856714249E-1,6.526429687E0
6.017750329E0,-3.170903206E0,5.625819206E0,6.446092129E-1,6.489991519E0
6.027745746E0,-2.943745375E0,5.664728165E0,7.075788975E-1,6.423040550E0
6.037752465E0,-1.815940380E0,5.665015221E0,7.749230862E-1,5.999211840E0
6.047739704E0,-1.875317693E-1,5.590447426E0,1.960482597E0,5.927205294E0
6.057750642E0,-1.333756000E-2,5.431136131E0,1.950212002E0,5.770679719E0
6.067749600E0,1.533019841E-1,4.347385406E0,1.937182665E0,4.761925876E0
6.077747256E0,1.406466007E0,3.627314568E0,1.723869562E0,4.255265429E0
6.087747256E0,2.319175959E0,2.704083443E0,1.749690533E0,3.968886664E0
6.097727256E0,2.506357431E0,2.592413902E0,1.254929304E-1,3.608072323E0
6.107748819E0,3.383517742E0,1.900800705E0,-2.298355103E-4,3.880880787E0
6.117748298E0,3.528294802E0,7.996978760E-1,-1.308859587E-1,3.620153593E0
6.127745954E0,3.640338421E0,8.076610565E-1,-2.548025846E-1,3.737553285E0
6.137747777E0,4.262510777E0,8.167915344E-1,-3.889515400E-1,4.357456808E0
6.147745434E0,4.253984928E0,-6.699533463E-1,-5.141718388E-1,4.337003336E0
6.157745173E0,4.227575779E0,-1.591640472E0,-6.292080879E-1,4.560879211E0
6.167750902E0,4.167590618E0,-2.614776134E0,-6.865841150E-1,4.967621517E0
6.177756423E0,4.050779343E0,-3.552607059E0,-7.468631268E-1,5.439451694E0
6.187766163E0,3.866989136E0,-4.308734894E0,-7.708940506E-1,5.840640290E0
6.197753663E0,2.822076321E0,-4.445903301E0,-7.547851801E-1,5.319762362E0
6.207745225E0,2.619932652E0,-5.297060490E0,-6.945532560E-1,5.950235387E0
6.217775381E0,1.540992975E0,-5.375336170E0,-5.796533823E-1,5.621823222E0
6.227751163E0,1.344834685E0,-5.973094463E0,-4.332586527E-1,6.137927245E0
6.237738663E0,-7.488419861E-2,-6.020796776E0,3.929789066E-1,6.034072744E0
6.247740746E0,-1.066282913E-1,-6.086374283E0,5.200353861E-1,6.109481018E0
6.257737361E0,-1.269390881E-1,-6.724093437E0,1.673762560E0,6.930442063E0
6.267739704E0,-3.082947135E-1,-6.844268322E0,1.615686536E0,7.039140393E0
6.277743090E0,-2.974970639E-1,-6.893671989E0,1.719259143E0,7.111052665E0
6.287737100E0,-2.877267599E-1,-6.897733688E0,1.799548864E0,7.134416083E0
6.297737361E0,-2.347715050E-1,-6.821292877E0,3.735490322E0,7.780683911E0
6.307739704E0,-3.825370073E-1,-5.938582420E0,4.800352573E0,7.645683786E0
6.317737361E0,-3.291776478E-1,-4.219152927E0,6.150724411E0,7.465990901E0
6.327742309E0,1.275965214E0,-1.770705223E0,7.561656952E0,7.870332907E0
6.337736579E0,2.663034678E0,1.139525414E0,8.803585052E0,9.267868236E0
6.347738923E0,4.219900608E0,3.787290573E0,9.566963196E0,1.112105732E1
6.357785329E0,5.545141220E0,6.038782120E0,9.561325073E0,1.259501559E1
6.367734288E0,6.458489895E0,7.647693634E0,9.450052261E0,1.376600150E1
6.377754756E0,6.572621346E0,8.596156120E0,9.177046776E0,1.418842623E1
6.387740017E0,6.574941158E0,8.577478409E0,8.717156410E0,1.388494879E1
6.397737881E0,6.420785904E0,7.756145477E0,7.105948448E0,1.232391122E1
6.407737100E0,5.331774235E0,5.952159882E0,6.002875805E0,9.994525585E0
6.417738142E0,4.019101143E0,3.758359909E0,5.582473278E0,7.838523528E0
6.427745434E0,2.483700275E0,8.521585464E-1,4.633842468E0,5.326109018E0
6.437738402E0,1.292555690E0,8.837871552E-1,4.362351894E0,4.634856416E0
6.447741788E0,4.622840285E-1,-3.986005783E-1,3.296818018E0,3.352849234E0
6.457740225E0,3.364753127E-1,8.817844391E-1,2.335938454E0,2.519398320E0
6.467742569E0,2.424445152E-1,9.189720154E-1,1.007873535E0,1.385315116E0
6.477744392E0,1.573677659E-1,3.632050514E0,-1.079239368E0,3.792270186E0
6.487737100E0,9.023874998E-2,5.585155487E0,-2.729295254E0,6.217005503E0
6.497736319E0,-9.840555191E-1,7.043251991E0,-4.568750858E0,8.452765718E0
6.507738663E0,-8.777022958E-1,7.159989357E0,-6.083538532E0,9.436379072E0
6.517736059E0,-7.737647891E-1,7.099815369E0,-7.072546959E0,1.005121936E1
6.527746475E0,-6.726302505E-1,6.039081573E0,-7.170766830E0,9.399086905E0
6.537798142E0,-5.750669837E-1,4.406974792E0,-7.166992188E0,8.433143297E0
6.547735538E0,-6.749501824E-1,2.360408783E0,-7.025166512E0,7.441777468E0
6.557765381E0,-5.769562125E-1,7.828722000E-1,-6.753272057E0,6.822935646E0
6.567741319E0,-4.514272511E-1,-2.671828747E0,-5.594661236E0,6.216324457E0
6.577739756E0,-3.290098906E-1,-4.691201687E0,-5.242077351E0,7.042371456E0
6.587737152E0,-2.096007019E-1,-5.754767418E0,-4.917923927E0,7.572797121E0
6.597737621E0,-2.922834754E-1,-5.773505688E0,-4.049532890E0,7.058152321E0
6.607739704E0,-1.772274971E-1,-4.947149277E0,-3.794693708E0,6.237419009E0
6.617740225E0,-8.401410282E-2,-3.372629166E0,-3.499813080E0,4.861108665E0
6.627744652E0,3.715500608E-2,8.430671692E-1,-2.439147234E0,2.581004063E0
6.637738142E0,1.078148842E0,2.171707153E0,-2.184788942E0,3.263743190E0
6.647737881E0,1.824536562E0,3.344392776E0,-1.355861664E0,4.043792473E0
6.657738142E0,1.935386777E0,3.492499352E0,-1.133078933E0,4.150559187E0
6.667737621E0,2.045997858E0,3.539955139E0,-9.297828078E-1,4.193075923E0
6.677743090E0,2.135740280E0,3.403427124E0,-8.197321892E-1,4.100812553E0
6.687736579E0,2.208053589E0,1.926452637E0,-7.859351635E-1,3.033877798E0
6.697739965E0,2.219302654E0,8.020925522E-1,-7.800897360E-1,2.485396695E0
6.707736579E0,2.146899700E0,-7.325611115E-1,-7.873377800E-1,2.401192388E0
6.717855538E0,2.012327194E0,-1.621574402E0,-7.958010435E-1,2.704119742E0
6.727755381E0,1.181318402E0,-1.750748158E0,-8.186315298E-1,2.265124690E0
6.737748559E0,5.872896314E-2,-1.838530540E0,-8.685300350E-1,2.034204528E0
6.747736111E0,9.208070487E-2,-1.875480175E0,-9.467884302E-1,2.102929641E0
6.757736892E0,1.258998960E-1,-1.838638783E0,-1.597667456E0,2.439054049E0
6.767738142E0,1.218617797E0,-1.756502151E0,-1.613382936E0,2.678307981E0
6.777744652E0,2.143496990E0,-1.658657551E0,-1.628243566E0,3.161787679E0
6.787736319E0,2.277155638E0,-1.562232018E0,-1.626601338E0,3.204970919E0
6.797739704E0,3.360829592E0,-1.476699829E0,-1.605132103E0,4.006528048E0
6.807741267E0,4.311763763E0,-1.369012356E0,-1.502016544E0,4.766713258E0
6.817739965E0,4.332748890E0,-1.325451851E0,-1.381686330E0,4.736939166E0
6.827744652E0,4.345829010E0,-1.285477638E0,-1.230648994E0,4.696081291E0
6.837737361E0,4.332547665E0,-1.224284172E0,-4.458017349E-1,4.524221501E0
6.847737100E0,4.251534939E0,-1.119466782E0,-3.206508160E-1,4.408125697E0
6.857737621E0,4.123636723E0,-4.302186966E-1,-1.921550035E-1,4.150468828E0
6.867738402E0,3.918859482E0,-3.325109482E-1,-5.629253387E-2,3.933343618E0
6.877741527E0,3.097479343E0,-1.952533722E-1,5.280101299E-2,3.104076370E0
6.887738663E0,2.883980989E0,9.854078293E-1,1.502562761E-1,3.051385241E0
6.897738506E0,1.985146761E0,1.012247086E0,1.743661165E-1,2.235141017E0
6.907758611E0,1.796183467E0,1.039231300E0,1.352877617E-1,2.079562339E0
6.917738194E0,1.613640070E0,1.064497948E0,2.542698383E-2,1.933296844E0
6.927753975E0,1.447677612E0,9.899291992E-1,-7.238756418E-1,1.897294451E0
6.937736371E0,1.316304088E0,2.475182533E0,-8.092263937E-1,2.917881488E0
6.947740017E0,1.286343217E0,2.581940651E0,-9.184240103E-1,3.027308881E0
6.957737100E0,1.325159669E0,3.270111084E0,-1.528649449E0,3.845314524E0
6.967737621E0,1.444196939E0,3.318284035E0,-1.570390224E0,3.944976450E0
6.977744131E0,2.383027554E0,3.359205246E0,-1.596930981E0,4.417382569E0
6.987737413E0,2.595361710E0,3.436075211E0,-1.538782239E0,4.572785369E0
6.997737621E0,2.690571070E0,3.520178795E0,-1.476866961E0,4.670328409E0
7.007739704E0,2.756308794E0,4.279092789E0,-1.448206902E0,5.291991732E0
7.017739444E0,2.752130747E0,4.373471260E0,-1.447459698E0,5.366247673E0
7.027744913E0,2.648090601E0,5.118747711E0,-1.471629381E0,5.948079942E0
7.037735538E0,1.719366670E0,5.215919495E0,-1.476456165E0,5.686999273E0
7.047736840E0,7.677599192E-1,5.885716438E0,-1.438054442E0,6.107300047E0
7.057737100E0,-1.039232850E0,5.936751366E0,-1.348882318E0,6.176123801E0
7.067735538E0,-1.195499778E0,5.938448906E0,-1.255921841E0,6.186415343E0
7.077770538E0,-2.575233936E0,5.864946365E0,-1.163002968E0,6.510146050E0
7.087744965E0,-3.591276646E0,5.733218193E0,-1.072840929E0,6.849674916E0
7.097987569E0,-4.305566788E0,4.965227127E0,-4.248027802E-1,6.585730270E0
7.107751111E0,-4.364231110E0,4.903035164E0,-3.372411728E-1,6.572670584E0
7.117737413E0,-4.333879471E0,4.859368324E0,-2.181406021E-1,6.514871994E0
7.127746475E0,-4.153245449E0,4.844263077E0,6.110486984E-1,6.410125820E0
7.137740225E0,-3.908195496E0,4.873463631E0,6.887979507E-1,6.284829545E0
7.147738142E0,-2.767131567E0,4.918989182E0,7.557189465E-1,5.694258758E0
7.157737881E0,-1.913618088E0,4.952930450E0,8.146693707E-1,5.371884252E0
7.167737881E0,-3.255675733E-1,4.874667168E0,8.829292059E-1,4.964668994E0
7.177744392E0,-1.600899100E-1,4.189999580E0,8.326526880E-1,4.274931083E0
7.187738142E0,1.577735424E0,3.417898178E0,7.232286930E-1,3.833319288E0
7.197741527E0,1.840928555E0,2.573990822E0,5.366849899E-1,3.209747260E0
7.207767569E0,3.049734116E0,1.775031090E0,-4.640715122E-1,3.559069529E0
7.217737100E0,3.793443918E0,6.245012283E-1,-6.126301289E-1,3.893010945E0
7.227748038E0,3.978473663E0,6.363468170E-1,-7.561782598E-1,4.099389652E0
7.237746996E0,4.799319744E0,6.488056183E-1,-8.651719093E-1,4.919648480E0
7.247746736E0,4.819493771E0,-1.002062798E0,-9.350551367E-1,5.010586609E0
7.257757673E0,4.784100533E0,-1.161126137E0,-9.965075254E-1,5.022833768E0
7.267736684E0,4.665706158E0,-2.180792809E0,-1.041687727E0,5.254501360E0
7.277756631E0,4.469856262E0,-2.310175896E0,-1.034110069E0,5.136721845E0
7.287753038E0,3.468215227E0,-3.336872578E0,-9.977819920E-1,4.915160665E0
7.297742361E0,3.247935534E0,-3.449320793E0,-9.480773211E-1,4.831743968E0
7.307779288E0,2.141709805E0,-4.283133030E0,-8.409321308E-1,4.862028002E0
7.317742100E0,1.914942265E0,-4.354156017E0,-6.859951019E-1,4.805857653E0
7.327752465E0,7.418321371E-1,-4.440289021E0,7.868146896E-2,4.502518437E0
7.337746996E0,-2.989098728E-1,-5.134819984E0,2.293040752E-1,5.148621538E0
7.347746475E0,-3.391641378E-1,-5.152796745E0,4.169125557E-1,5.180749240E0
7.357746215E0,-1.532257676E0,-5.234361649E0,2.017667532E0,5.815267640E0
7.367747777E0,-1.639563084E0,-5.287869453E0,2.134612083E0,5.933489632E0
7.377750902E0,-1.735866427E0,-5.931693077E0,2.227719784E0,6.569699419E0
7.387747777E0,-1.770192385E0,-5.993228912E0,2.318670750E0,6.665478822E0
7.397747517E0,-1.769079685E0,-6.084013939E0,2.208919287E0,6.710006927E0
7.407788663E0,-1.751167893E0,-6.752078533E0,3.939745903E0,8.011164166E0
7.417745173E0,-1.705716252E0,-6.719777107E0,4.788881779E0,8.426046582E0
7.427747777E0,-1.543335199E0,-6.589999199E0,5.673206806E0,8.831491858E0
7.437745954E0,-3.278540969E-1,-5.122945786E0,6.729323387E0,8.463796730E0
7.447757829E0,6.960574389E-1,-3.183875084E0,7.691607475E0,8.353584983E0
7.457750069E0,2.090305328E0,-6.492347717E-1,8.468952179E0,8.747230028E0
7.467769965E0,3.713785410E0,2.084852219E0,8.499168396E0,9.506559539E0
7.477736371E0,5.274070263E0,4.582867622E0,9.050448418E0,1.143368310E1
7.487738715E0,6.410492420E0,6.428693771E0,8.874338150E0,1.269552655E1
7.497740225E0,7.145386219E0,7.495287895E0,8.591156960E0,1.345525409E1
7.507767309E0,7.156606197E0,7.516300201E0,8.204306602E0,1.322960422E1
7.517739184E0,6.971285343E0,7.348897934E0,7.070255756E0,1.235287969E1
7.527736579E0,5.934961796E0,5.666327477E0,6.651109219E0,1.056258929E1
7.537740225E0,3.097962379E0,1.946108818E0,5.438069344E0,6.554182529E0
7.547741527E0,1.623467922E0,6.586990356E-1,5.031126976E0,5.327454473E0
7.557738663E0,5.029816031E-1,6.898717880E-1,3.539622307E0,3.641131644E0
7.567736840E0,-9.551414251E-1,7.260255814E-1,2.487708330E0,2.761901704E0
7.577744131E0,-1.006806612E0,7.654552460E-1,1.350735426E0,1.850423594E0
7.587737881E0,-1.249544144E0,2.915013313E0,-8.589752316E-1,3.285803042E0
7.597735538E0,-1.280407190E0,4.813831329E0,-9.646724463E-1,5.073756751E0
7.607761579E0,-1.253840327E0,6.207324028E0,-3.719354630E0,7.344153186E0
7.617735538E0,-1.178375840E0,6.348737717E0,-5.384141922E0,8.407379167E0
7.627754861E0,-1.071830511E0,6.363753319E0,-6.423368931E0,9.105264706E0
7.637756059E0,-1.123928189E0,6.214848518E0,-6.543320179E0,9.094096747E0
7.647768246E0,-9.829699397E-1,4.772223473E0,-6.580833435E0,8.188266940E0
7.657735590E0,-8.546493649E-1,2.983918190E0,-6.485702515E0,7.190169011E0
7.667738402E0,-7.296631336E-1,6.530637741E-1,-6.306846142E0,6.382414029E0
7.677738402E0,-6.129248738E-1,-1.786794662E0,-5.222694874E0,5.553814348E0
7.687737621E0,-6.992905140E-1,-3.782783508E0,-4.260828495E0,5.740480621E0
7.697737361E0,-5.867539644E-1,-4.973518848E0,-3.973963737E0,6.393164923E0
7.707765225E0,-4.770432115E-1,-5.054791451E0,-3.728359699E0,6.299139059E0
7.717736579E0,-3.299638033E-1,-3.548897743E0,-3.401911974E0,4.927124555E0
7.727738402E0,-4.383699894E-1,-1.806998253E0,-3.186920643E0,3.689698378E0
7.737742569E0,-3.605390489E-1,5.971460342E-1,-3.016661882E0,3.096259147E0
7.747737100E0,7.433768511E-1,6.198244095E-1,-2.880080223E0,3.038363627E0
7.757737621E0,9.269980192E-1,2.601626396E0,-2.739789963E0,3.890274318E0
7.767739444E0,1.829078555E0,2.764555931E0,-2.552221537E0,4.183555023E0
7.777738663E0,1.955203056E0,2.834871292E0,-2.328772545E0,4.157222125E0
7.787737621E0,2.092371702E0,2.746040344E0,-2.128236294E0,4.055631472E0
7.797740486E0,2.213308096E0,6.351013184E-1,-1.957583308E0,3.022287018E0
7.807832256E0,2.228318453E0,6.655569077E-1,-1.813391924E0,2.949026855E0
7.817737309E0,2.114756107E0,-7.359218597E-1,-1.694495082E0,2.808039879E0
7.827860121E0,1.119027376E0,-1.443640709E0,-1.585581899E0,2.418758095E0
7.837737777E0,-1.291915774E-1,-1.518414497E0,-1.474254370E0,2.120306345E0
7.847737881E0,-8.269859850E-2,-1.557547569E0,-1.368161321E0,2.074767189E0
7.857739704E0,-3.519373387E-2,-1.551342010E0,-1.293376088E0,2.020079785E0
7.867738923E0,1.284502447E-2,-1.515305519E0,-1.269676089E0,1.976965650E0
7.877738663E0,-1.385634243E-1,-1.452983379E0,-1.284027457E0,1.943987406E0
7.887744652E0,-9.983550012E-2,-1.380314350E0,-1.291672468E0,1.893053776E0
7.897741527E0,2.340639353E0,-1.243082047E0,-1.281545877E0,2.943841944E0
7.907762361E0,3.168545961E0,-1.173791885E0,-1.199833751E0,3.585675938E0
7.917740225E0,3.831694126E0,-1.106590271E0,-1.108237863E0,4.139397669E0
7.927740486E0,3.939076662E0,-1.031179428E0,-9.922680855E-1,4.190972669E0
7.937741267E0,4.558187485E0,-9.389696121E-1,-8.361909389E-1,4.728419648E0
7.947736840E0,4.569359303E0,-8.374519348E-1,2.548599243E-2,4.645537613E0
7.957738142E0,4.522819996E0,9.032783508E-1,1.775074005E-1,4.615552120E0
7.967737881E0,4.414486408E0,8.348236084E-1,9.392299652E-1,4.589855513E0
7.977744131E0,4.236706257E0,8.677873611E-1,1.037768602E0,4.447437294E0
7.987863038E0,4.037866592E0,9.014806747E-1,1.111721396E0,4.284035304E0
7.997735798E0,3.829468250E0,9.365873337E-1,1.118417859E0,4.097911837E0
8.007769965E0,3.636482239E0,9.637470245E-1,1.020157456E0,3.897888228E0
8.017735590E0,3.469851494E0,8.874111176E-1,2.004530430E-1,3.587136644E0
8.027738142E0,3.301318884E0,2.341841698E0,6.295752525E-2,4.048072697E0
8.037738663E0,3.136603355E0,2.438903809E0,-7.017214298E-1,4.034717507E0
8.047737621E0,3.000140190E0,3.153306961E0,-7.892687321E-1,4.423475001E0
8.057739965E0,2.888899326E0,3.231245041E0,-8.712227345E-1,4.421053368E0
8.067739184E0,2.785901308E0,3.298665047E0,-9.140005112E-1,4.413369928E0
8.077740746E0,2.603579521E0,3.297189713E0,-7.913792133E-1,4.275086828E0
8.087740225E0,2.452565432E0,3.263298035E0,1.280689240E-2,4.082199808E0
8.097726215E0,1.758783937E0,3.254719734E0,1.132547855E-1,3.701263045E0
8.107761579E0,1.710922599E0,3.275219917E0,1.943068504E-1,3.700280638E0
8.117736579E0,1.653635740E0,3.321163177E0,2.387332916E-1,3.717745230E0
8.127736579E0,1.587867975E0,3.389481544E0,2.224254608E-1,3.749584368E0
8.137736059E0,1.510859489E0,3.486901283E0,1.432991028E-1,3.802855715E0
8.147736840E0,1.405497074E0,4.248294830E0,3.360605240E-2,4.474881044E0
8.157736059E0,6.380516291E-1,4.315130234E0,-6.953012943E-1,4.417114749E0
8.167734079E0,5.051653385E-1,4.402306557E0,-7.879977226E-1,4.500714993E0
8.177758194E0,-1.544725418E0,4.471482277E0,-8.849692345E-1,4.812847485E0
8.187743142E0,-1.487365246E0,4.529545784E0,-9.568498135E-1,4.862571537E0
8.197753402E0,-2.538506985E0,4.582764626E0,-9.722990990E-1,5.328331339E0
8.207759809E0,-3.364975929E0,5.209764481E0,-9.178714752E-1,6.269545198E0
8.217741267E0,-3.482466698E0,5.272070885E0,-7.942438126E-1,6.368133867E0
8.227738402E0,-4.180069923E0,5.364435196E0,1.235120296E-1,6.801867740E0
8.237743090E0,-4.121720314E0,6.048352242E0,1.888053417E-1,7.321665838E0
8.247739965E0,-3.930848122E0,6.051939011E0,2.739778757E-1,7.221675472E0
8.257737361E0,-2.237421989E0,5.916498184E0,8.991682529E-1,6.389014906E0
8.267738142E0,-8.935723305E-1,5.060674667E0,9.087674618E-1,5.218693122E0
8.277739444E0,-7.142344117E-1,4.234413147E0,8.980194330E-1,4.387120285E0
8.287739444E0,7.301337719E-1,3.222937584E0,8.288724422E-1,3.406971018E0
8.297738142E0,1.009986281E0,2.258184433E0,7.038216591E-1,2.571931988E0
8.307758454E0,2.093174219E0,1.491921425E0,1.623725891E-2,2.570500243E0
8.317736840E0,2.303593636E0,4.737968445E-1,-1.279584169E-1,2.355292008E0
8.327735798E0,2.472244740E0,4.824886322E-1,-8.938115835E-1,2.672767943E0
8.337738663E0,3.163184404E0,4.923715591E-1,-1.055783868E0,3.370881918E0
8.347758194E0,3.170459032E0,4.048585892E-1,-1.836538792E0,3.686271244E0
8.357736892E0,3.133986950E0,-5.977602005E-1,-1.923795700E0,3.725611541E0
8.367725954E0,3.033734560E0,-1.429843903E0,-1.952858925E0,3.880935061E0
8.377722152E0,2.892578602E0,-1.561126709E0,-1.901491880E0,3.797341036E0
8.387736631E0,2.207537651E0,-2.625890732E0,-1.784786582E0,3.867038629E0
8.397738663E0,2.125329971E0,-3.296908379E0,-9.248354435E-1,4.030130636E0
8.407764965E0,2.014639378E0,-3.435504436E0,-7.606030703E-1,4.054624469E0
8.417737621E0,1.879695773E0,-4.385469437E0,1.714963913E-1,4.774411942E0
8.427740225E0,1.129893064E0,-4.448044777E0,3.182293177E-1,4.600329398E0
8.437737621E0,9.056929946E-1,-4.575603962E0,5.401439667E-1,4.695549693E0
8.447737881E0,-5.743139982E-1,-4.619125843E0,6.609741449E-1,4.701387768E0
8.457745694E0,-5.805171132E-1,-4.658184052E0,7.828903198E-1,4.759054111E0
8.467746996E0,-5.857063532E-1,-4.733881950E0,8.714258671E-1,4.848924963E0
8.477745434E0,-5.941613913E-1,-5.504454136E0,2.024395943E0,5.894931893E0
8.487748038E0,-1.722360849E0,-5.589123249E0,1.890327573E0,6.146394384E0
8.497748038E0,-1.786863804E0,-6.454462528E0,1.953559995E0,6.976343271E0
8.507780590E0,-1.842452049E0,-6.575120926E0,2.014211178E0,7.119261999E0
8.517750381E0,-1.822054148E0,-7.432528496E0,3.395431519E0,8.372055683E0
8.527745954E0,-1.741696477E0,-7.446188927E0,4.453510284E0,8.849462696E0
8.537756319E0,-7.305496931E-1,-7.350530624E0,5.462262154E0,9.186964197E0
8.547760381E0,-6.686449051E-1,-5.919343948E0,6.545113564E0,8.850097759E0
8.557785486E0,8.275071383E-1,-3.826079369E0,7.777576447E0,8.707143434E0
8.567745746E0,2.222355843E0,-1.154754639E0,8.845327377E0,9.193048470E0
8.577737413E0,3.705516338E0,8.129110336E-1,9.582611084E0,1.030621710E1
8.587749079E0,4.956170559E0,4.390057564E0,9.562267303E0,1.163070024E1
8.597748819E0,5.814517498E0,6.435069084E0,9.417116165E0,1.280237496E1
8.607790225E0,5.870414734E0,7.637372971E0,9.078181267E0,1.323648783E1
8.617749600E0,5.809408188E0,7.683484077E0,8.617825508E0,1.292486238E1
8.627748038E0,4.955345154E0,5.705126762E0,7.319880486E0,1.052067333E1
8.637748559E0,3.785793543E0,3.739120483E0,5.995036125E0,8.015841371E0
8.647749600E0,2.596815825E0,1.844959259E0,5.582947731E0,6.427801526E0
8.657749079E0,1.679086447E0,5.885362625E-1,4.353332520E0,4.702893817E0
8.667746996E0,1.419098973E0,6.318197250E-1,3.397527695E0,3.735804130E0
8.677747777E0,3.172317743E-1,5.790452957E-1,2.293885708E0,2.387015101E0
8.687744131E0,1.318484545E-1,6.285543442E-1,1.048352480E0,1.229433813E0
8.697747517E0,-1.580699921E0,2.796188354E0,-1.148931503E0,3.411352393E0
8.707759756E0,-1.581372023E0,4.936135292E0,-1.227667212E0,5.326662734E0
8.717792829E0,-1.541643977E0,6.432615280E0,-3.403169632E0,7.438868801E0
8.727747725E0,-1.674955249E0,6.555955887E0,-4.877926350E0,8.341474579E0
8.737848402E0,-1.605578899E0,6.525565147E0,-6.004585743E0,9.011988351E0
8.747734027E0,-1.504653096E0,5.757189751E0,-6.705195904E0,8.964868481E0
8.757737621E0,-1.404428244E0,4.303566933E0,-6.751741409E0,8.128906390E0
8.767739704E0,-1.265924692E0,2.300345421E0,-6.705698013E0,7.201426263E0
8.777738663E0,-1.329782367E0,5.179290771E-1,-6.613475800E0,6.765695369E0
8.787738923E0,-1.197392583E0,-2.972674847E0,-6.451567650E0,7.203698348E0
8.797740225E0,-1.069944859E0,-5.054319382E0,-6.176104546E0,8.052030413E0
8.807765225E0,-9.052423835E-1,-6.073504448E0,-5.162086487E0,8.022098039E0
8.817742569E0,-9.825425744E-1,-4.963173866E0,-4.116728306E0,6.522724636E0
8.827740225E0,-8.650224805E-1,-3.285517693E0,-3.037829161E0,4.557553775E0
8.837737361E0,-7.587116957E-1,-1.250078201E0,-2.681881905E0,3.054640649E0
8.847739444E0,-6.639041901E-1,5.105314255E-1,-1.810509324E0,1.994832104E0
8.857737881E0,-5.689309835E-1,2.169722557E0,-1.582435369E0,2.745082902E0
8.867735798E0,1.100784063E0,3.281307220E0,-1.359219193E0,3.718357089E0
8.877738402E0,1.216481447E0,3.413773537E0,-1.153029203E0,3.803045255E0
8.887738142E0,1.297960043E0,3.410430908E0,-1.050355196E0,3.797233900E0
8.897851892E0,1.364995718E0,3.211619377E0,-1.080442905E0,3.653090364E0
8.907773506E0,1.416183233E0,5.222396851E-1,-1.945658684E0,2.462498112E0
8.917750538E0,1.436257243E0,4.445133209E-1,-1.985280156E0,2.490334166E0
8.927735850E0,1.317363262E0,-1.263511658E0,-1.983364463E0,2.695485534E0
8.937735329E0,-3.636269867E-1,-1.973157883E0,-1.967404485E0,2.810027940E0
8.947738923E0,-3.268588185E-1,-2.057547092E0,-1.940534711E0,2.847105844E0
8.957739965E0,-2.896616459E-1,-2.105582237E0,-1.894388556E0,2.847119321E0
8.967739965E0,-4.516594410E-1,-2.107202530E0,-1.836377978E0,2.831357065E0
8.977742309E0,-4.121292233E-1,-2.073233128E0,-1.729700446E0,2.731301838E0
8.987737100E0,1.126113772E0,-1.960980892E0,-1.620603919E0,2.782073930E0
8.997739965E0,1.269764423E0,-1.910239220E0,-1.523401618E0,2.753555530E0
9.007765225E0,2.362485886E0,-1.868607044E0,-1.421908498E0,3.330894117E0
9.017738402E0,2.483317375E0,-1.824952126E0,-1.325627685E0,3.354788250E0
9.027737361E0,3.316527843E0,-1.770117283E0,-1.235827923E0,3.957264559E0
9.037736059E0,3.377037764E0,-1.690677643E0,-1.126442194E0,3.941021056E0
9.047736319E0,3.428004503E0,-1.584934235E0,-1.000353098E0,3.906908973E0
9.057739704E0,3.435409307E0,-9.145641327E-1,-8.460093737E-1,3.654339410E0
9.067735798E0,3.367236137E0,-8.426637650E-1,-1.498209238E-1,3.474306799E0
9.077737204E0,3.252280235E0,-7.432851791E-1,-6.697058678E-2,3.336807553E0
9.087744079E0,3.048232555E0,7.513217926E-1,3.884172440E-2,3.139699799E0
9.098012569E0,2.146979332E0,7.873458862E-1,1.587698460E-1,2.292300517E0
9.107749027E0,1.938754559E0,7.232570648E-1,2.351856232E-1,2.082590286E0
9.117747517E0,1.008368969E0,7.568101883E-1,2.283797264E-1,1.281298926E0
9.127736579E0,8.456424475E-1,7.844772339E-1,1.270060539E-1,1.160450868E0
9.137740486E0,7.023385763E-1,8.122014999E-1,-6.272363663E-1,1.243533760E0
9.147742829E0,6.030151844E-1,2.548968315E0,-7.229673862E-1,2.717268597E0
9.157737361E0,5.920257568E-1,2.674905777E0,-8.068745136E-1,2.855987026E0
9.167739444E0,1.384103179E0,3.600891113E0,-9.561326504E-1,3.974461984E0
9.177737361E0,1.523859382E0,3.652777672E0,-1.026574135E0,4.088861283E0
9.187741267E0,2.554743528E0,3.662223816E0,-1.060270548E0,4.589419507E0
9.197737621E0,2.668022156E0,3.645825386E0,-1.032242298E0,4.634210734E0
9.207739184E0,2.777935266E0,3.669862747E0,-9.706869125E-1,4.703939839E0
9.217737621E0,2.861881733E0,3.746183395E0,-9.211876392E-1,4.803420006E0
9.227741267E0,2.882302761E0,4.501564980E0,-9.144837856E-1,5.422917763E0
9.237737621E0,2.817306519E0,4.612533569E0,-9.660985470E-1,5.490539896E0
9.247736319E0,2.065989971E0,5.394835472E0,-1.045834303E0,5.870803499E0
9.257745694E0,1.210732579E0,5.477483749E0,-1.094470739E0,5.715467418E0
9.267741840E0,2.048254013E-1,5.563083649E0,-1.091487885E0,5.672847515E0
9.277729861E0,-1.264796615E0,5.646078110E0,-1.034373522E0,5.877740814E0
9.287738559E0,-1.234292269E0,5.656098366E0,-9.500761032E-1,5.866649021E0
9.297739496E0,-2.966545582E0,5.574655533E0,-8.480885029E-1,6.371532870E0
9.307738142E0,-3.746037483E0,5.421092033E0,-2.169301510E-1,6.593033774E0
9.317737100E0,-3.870823383E0,4.446698189E0,-1.569218636E-1,5.897543804E0
9.327737881E0,-4.576410770E0,4.363141060E0,-4.770493507E-2,6.323196281E0
9.337739184E0,-4.497570038E0,4.309120178E0,8.020051718E-1,6.280116659E0
9.347740746E0,-4.309574127E0,4.294121742E0,8.850034475E-1,6.147775354E0
9.357741006E0,-3.105487347E0,4.376878738E0,2.180993557E0,5.792913951E0
9.367736579E0,-2.810759544E0,4.413268089E0,2.185688972E0,5.670497397E0
9.377737881E0,-1.790656805E0,4.411160469E0,2.192109346E0,5.241195652E0
9.387737881E0,-1.505958438E0,4.339396477E0,1.972214103E0,4.998789960E0
9.397736579E0,-2.985141575E-1,4.182626724E0,1.951192260E0,4.625000351E0
9.407736579E0,-1.269595325E-1,3.101007462E0,1.928020120E0,3.653714217E0
9.417737621E0,3.693145514E-2,2.309179306E0,3.858333826E-1,2.341482522E0
9.427739184E0,1.127438664E0,1.591482162E0,1.390539408E-1,1.955318239E0
9.437737100E0,2.305533648E0,2.684459686E-1,-1.045119643E0,2.545549785E0
9.447780277E0,2.509894133E0,2.754688263E-1,-1.256476641E0,2.820316503E0
9.457740902E0,3.458494663E0,2.829351425E-1,-2.071817875E0,4.041493157E0
9.467850538E0,3.571402788E0,2.916021347E-1,-2.199256182E0,4.204364094E0
9.477742361E0,3.667826891E0,-1.317186356E0,-2.310384035E0,4.530541732E0
9.487742569E0,3.687331438E0,-1.434666634E0,-2.376509190E0,4.615460693E0
9.497737100E0,3.617850542E0,-2.239075661E0,-2.436712027E0,4.903046794E0
9.507738402E0,3.486683607E0,-2.364886761E0,-2.430076838E0,4.863632943E0
9.517739444E0,3.274790764E0,-3.341970444E0,-2.367333174E0,5.243785593E0
9.527738402E0,2.204179287E0,-3.456578732E0,-2.218407631E0,4.661295450E0
9.537737621E0,-6.513221562E-2,-4.436104774E0,-1.258219004E0,4.611548854E0
9.547739704E0,-9.715875238E-2,-5.081006050E0,-9.051728249E-2,5.082740962E0
9.557738663E0,-1.306301355E-1,-5.131609440E0,1.388564110E-1,5.135149538E0
9.567742309E0,-1.632100642E-1,-5.195637703E0,1.876527905E0,5.526540115E0
9.577738402E0,-1.347061396E0,-5.763984680E0,1.796668887E0,6.185960951E0
9.587735798E0,-1.453607082E0,-5.779933929E0,1.897310495E0,6.254630037E0
9.597738142E0,-1.550229669E0,-5.838216782E0,1.999152184E0,6.362750715E0
9.607737361E0,-1.544096470E0,-6.490140915E0,3.250553131E0,7.421068566E0
9.617738402E0,-1.512868762E0,-6.549205780E0,3.390263557E0,7.528263759E0
9.627741840E0,-1.463148594E0,-6.623333454E0,4.334904671E0,8.049891202E0
9.637759027E0,-1.386133671E0,-6.676562309E0,5.088869095E0,8.508492198E0
9.647738715E0,-2.272798419E-1,-6.672754765E0,5.962094307E0,8.951194378E0
9.657746579E0,-1.284887195E-1,-6.535617828E0,6.930330753E0,9.526819726E0
9.667735329E0,-3.014067560E-2,-5.042728901E0,7.822733879E0,9.307265365E0
9.677738142E0,1.725155115E0,-3.080613136E0,8.594830513E0,9.291794714E0
9.687742829E0,3.103588343E0,-6.626501083E-1,9.190067291E0,9.722587237E0
9.697740486E0,4.483267307E0,1.802957535E0,9.128162384E0,1.032829561E1
9.707748038E0,5.598854542E0,3.890369415E0,8.940914154E0,1.124375793E1
9.717748038E0,6.490730286E0,6.420913696E0,8.577774048E0,1.252740675E1
9.727745954E0,6.477239132E0,6.439883232E0,8.163450241E0,1.225025072E1
9.737747256E0,6.365386963E0,6.296566963E0,7.698432922E0,1.180808097E1
9.747748038E0,6.055278778E0,4.728120804E0,6.635027409E0,1.015111403E1
9.757749079E0,4.416719913E0,2.923341751E0,6.181320667E0,8.140151533E0
9.767748819E0,3.121992111E0,3.676643372E-1,4.787082195E0,5.726968461E0
9.777745954E0,1.942083359E0,4.206695557E-1,3.442827225E0,3.975136469E0
9.787744652E0,8.070849180E-1,-1.011590004E0,1.961272717E0,2.349742767E0
9.797746996E0,-9.773882031E-1,-9.400653839E-1,3.636639118E-1,1.404016405E0
9.807779288E0,-1.035869956E0,6.072864532E-1,-1.557037473E0,1.966262722E0
9.817736319E0,-2.426843405E0,2.046532631E0,-2.997546434E0,4.366136662E0
9.827728663E0,-2.640501499E0,3.911617279E0,-4.569247246E0,6.568943469E0
9.837735902E0,-3.413669348E0,5.369231224E0,-6.091334820E0,8.808299623E0
9.847740538E0,-3.426729679E0,6.262910843E0,-7.196653366E0,1.013697924E1
9.857750121E0,-3.364083767E0,6.304861069E0,-7.284134865E0,1.020426153E1
9.867737152E0,-3.162037373E0,6.200608253E0,-7.244706154E0,1.004648149E1
9.877752204E0,-2.190427542E0,5.045537949E0,-7.096776962E0,8.978845653E0
9.887749079E0,-1.899357796E0,3.083463669E0,-6.856430054E0,7.754091908E0
9.897750902E0,-7.208903432E-1,4.499206543E-1,-6.559507847E0,6.614321936E0
9.907749079E0,-7.249864340E-1,-3.273370266E0,-5.342309952E0,6.307204916E0
9.917747517E0,-5.726780891E-1,-4.197644234E0,-4.968657494E0,6.529604475E0
9.927748559E0,-4.245568812E-1,-4.215661049E0,-3.854396820E0,5.727863604E0
9.937747777E0,-2.806223929E-1,-4.054081440E0,-3.529663324E0,5.382643257E0
9.947742569E0,-1.737449318E-1,-2.457457542E0,-3.234977484E0,4.066246942E0
9.957736319E0,-2.816835940E-1,-1.081753731E0,-3.010315418E0,3.211158000E0
9.967738663E0,-1.978231072E-1,3.312807083E-1,-2.875903606E0,2.901672353E0
9.977738663E0,1.108080268E0,1.587697983E0,-2.751631260E0,3.364535831E0
9.987739444E0,1.266523004E0,2.488342285E0,-2.625591755E0,3.832709213E0
9.997804131E0,2.083608866E0,2.599568367E0,-2.470841408E0,4.147799279E0
1.000773575E1,2.183181286E0,2.609285355E0,-2.342086792E0,4.130377843E0
1.001787122E1,2.257167339E0,2.471742630E0,-2.230254889E0,4.022232327E0
1.002773611E1,2.280900717E0,3.524389267E-1,-2.121534109E0,3.134904824E0
1.003773502E1,2.179350615E0,3.788137436E-1,-2.006623983E0,2.986571406E0
1.004775220E1,1.240852833E0,-7.505712509E-1,-1.876946688E0,2.371919439E0
1.005774413E1,-4.847877100E-2,-1.620903015E0,-1.761768699E0,2.394473997E0
1.006774049E1,-1.081486791E-2,-1.758471489E0,-1.702421904E0,2.447565990E0
1.007773606E1,2.726968005E-2,-2.512039661E0,-1.715930820E0,3.042286225E0
1.008773762E1,1.051655561E-1,-2.539269924E0,-2.614290714E0,3.646020773E0
1.009772882E1,-5.619512871E-2,-2.501641273E0,-2.600735664E0,3.609043218E0
1.010773762E1,1.875815868E0,-2.427474022E0,-2.526615858E0,3.974305347E0
1.011773762E1,2.891606092E0,-2.331066608E0,-2.408880234E0,4.426958471E0
1.012773996E1,3.879455566E0,-1.680442333E0,-2.260550499E0,4.794178812E0
1.013773944E1,4.734812260E0,-1.606741905E0,-1.523843884E0,5.227061016E0
1.014774179E1,4.853384018E0,-1.520888329E0,-1.366545796E0,5.266486983E0
1.015773632E1,5.506492615E0,-1.410086632E0,-6.532609463E-1,5.721586763E0
1.016773710E1,5.457083225E0,-6.931781769E-1,-5.279799700E-1,5.526211737E0
1.017773392E1,5.300121784E0,-6.150684357E-1,-4.000122547E-1,5.350664436E0
1.018775330E1,4.490482807E0,-5.238475800E-1,-2.685649395E-1,4.528904863E0
1.019773549E1,3.671510458E0,5.219335556E-1,-1.302423477E-1,3.710709737E0
1.020772809E1,2.781703234E0,5.571842194E-1,5.039355755E-1,2.881367418E0
1.021773533E1,1.898540735E0,5.889158249E-1,5.205452442E-1,2.054810484E0
1.022773970E1,1.105740547E0,6.198749542E-1,4.941494465E-1,1.360547975E0
1.023774752E1,8.587203026E-1,6.511335373E-1,4.194436073E-1,1.156420504E0
1.024775116E1,1.087909937E-1,5.828781128E-1,-2.036316395E-1,6.269355783E-1
1.025773632E1,1.321887970E-2,6.124401093E-1,-2.876253128E-1,6.767465898E-1
1.026774022E1,6.914637089E-1,2.215849876E0,-4.740822315E-1,2.369148940E0
1.027773710E1,8.405561447E-1,2.828227043E0,-1.121652842E0,3.156502485E0
1.028774022E1,2.068822145E0,2.874889374E0,-1.159866095E0,3.726969726E0
1.029774569E1,2.812885761E0,2.914379120E0,-1.179203510E0,4.218584227E0
1.030773944E1,2.971548796E0,2.947650909E0,-1.152443528E0,4.341298678E0
1.031773736E1,3.844304085E0,3.011361122E0,-1.093140483E0,5.004190826E0
1.032773658E1,3.885416031E0,3.834115028E0,-1.034666181E0,5.555846460E0
1.033773840E1,3.872874260E0,4.491240501E0,-1.006746650E0,6.015308395E0
1.034774049E1,3.735769987E0,5.172139168E0,-1.016249299E0,6.460631827E0
1.035776731E1,2.544598103E0,5.320649147E0,-1.010224819E0,5.983714652E0
1.036773694E1,1.414879441E0,6.301960945E0,-9.764214754E-1,6.532227375E0
1.037774184E1,8.798277378E-2,6.392003059E0,-9.176015854E-1,6.458129509E0
1.038772450E1,-1.501074672E0,6.471755981E0,-8.423551321E-1,6.696746436E0
1.039774168E1,-2.665591240E0,6.513279915E0,-7.523336411E-1,7.077725469E0
1.040773814E1,-3.920942783E0,6.491728783E0,-1.141428947E-1,7.584811369E0
1.041773944E1,-4.860951900E0,6.416186333E0,-6.862974167E-2,8.049907482E0
1.042773970E1,-4.972584248E0,6.300310135E0,6.712198257E-3,8.026241147E0
1.043773684E1,-4.955639362E0,5.642094612E0,8.136320114E-2,7.509874371E0
1.044774413E1,-4.617911816E0,5.464326859E0,6.459461451E-1,7.183399194E0
1.045773892E1,-3.286394835E0,5.368080139E0,6.003552675E-1,6.322744802E0
1.046773892E1,-2.298893690E0,5.259895325E0,5.619555712E-1,5.767772975E0
1.047774075E1,-8.159716129E-1,4.551290512E0,5.304330587E-1,4.654182445E0
1.048773892E1,-6.225211620E-1,4.402862549E0,4.807869196E-1,4.472570545E0
1.049774335E1,6.901012659E-1,3.475282669E0,3.985230923E-1,3.565480338E0
1.050773632E1,9.119356871E-1,3.328646660E0,2.787014246E-1,3.462540941E0
1.051773606E1,1.142652512E0,2.559192657E0,1.134387255E-1,2.804993791E0
1.052773970E1,1.873868823E0,2.445724487E0,-6.890724897E-1,3.157178096E0
1.053773606E1,1.968400836E0,1.615200043E0,-8.500294685E-1,2.684403682E0
1.054776778E1,2.068423986E0,1.454815865E0,-1.603430390E0,2.994303926E0
1.055775882E1,2.110267878E0,1.264295578E-1,-1.725922465E0,2.729106686E0
1.056781668E1,2.114119053E0,1.401090622E-1,-1.844876051E0,2.809394519E0
1.057773663E1,2.091348171E0,-1.013691902E0,-1.962568521E0,3.041871734E0
1.058773898E1,2.027853727E0,-1.879426956E0,-2.062175274E0,3.449203282E0
1.059774569E1,1.956551790E0,-2.836653709E0,-2.110082150E0,4.040686310E0
1.060773840E1,1.880865574E0,-3.819101334E0,-2.106849194E0,4.749947771E0
1.061774022E1,1.780772686E0,-4.673925400E0,-2.042916298E0,5.402798997E0
1.062773944E1,1.650602341E0,-5.346388817E0,-1.915548801E0,5.914193832E0
1.063774049E1,9.171260595E-1,-6.157399654E0,-1.014310837E0,6.307417632E0
1.064774622E1,8.116968870E-1,-6.192155838E0,-1.663573980E-1,6.247345080E0
1.065773918E1,7.063776255E-1,-6.213739872E0,-1.388061047E-2,6.253776876E0
1.066773944E1,5.908429623E-1,-6.228343964E0,1.091948986E0,6.350883129E0
1.067773736E1,4.585453868E-1,-6.236644745E0,1.183346987E0,6.364456900E0
1.068773554E1,-6.119465232E-1,-6.252284050E0,1.257043242E0,6.406691198E0
1.069774179E1,-6.008313298E-1,-6.303434372E0,1.328588605E0,6.469886463E0
1.070773658E1,-5.910890698E-1,-6.902539730E0,1.378383160E0,7.063595483E0
1.071773762E1,-7.783799767E-1,-6.941924095E0,1.226637244E0,7.092307414E0
1.072785616E1,-7.633863688E-1,-6.983603001E0,1.238685369E0,7.133569307E0
1.073774601E1,-7.451533079E-1,-6.983607769E0,1.252382874E0,7.134037692E0
1.074774033E1,-7.247754335E-1,-6.869346619E0,3.201324940E0,7.613258420E0
1.075772450E1,-6.660680771E-1,-5.607157707E0,4.020380020E0,6.931617397E0
1.076773590E1,-8.068019748E-1,-4.096707821E0,5.193278313E0,6.663638948E0
1.077773866E1,-7.451229095E-1,-2.283470154E0,6.523000717E0,6.951185687E0
1.078774101E1,5.794723034E-1,4.043998718E-1,7.674041748E0,7.706506612E0
1.079774439E1,7.647972703E-1,1.475403786E0,8.595684052E0,8.754856681E0
1.080773997E1,1.890927792E0,3.060692787E0,9.181258202E0,9.860981210E0
1.081773997E1,2.127094269E0,5.099490166E0,1.037567616E1,1.175516847E1
1.082773814E1,2.228405237E0,5.095373154E0,1.008414745E1,1.151601699E1
1.083774049E1,2.228187323E0,4.996864319E0,9.740322113E0,1.117172084E1
1.084774205E1,2.161823511E0,4.297509193E0,9.372853279E0,1.053529519E1
1.085773944E1,1.457374811E0,4.211352348E0,7.050152779E0,8.340508626E0
1.086773684E1,1.374097228E0,4.123482704E0,5.557896137E0,7.055597939E0
1.087774726E1,7.168126702E-1,4.071322441E0,3.754792213E0,5.584617390E0
1.088773814E1,5.898493528E-1,4.102340698E0,2.008095741E0,4.605384888E0
1.089774257E1,-4.157913327E-1,4.248598099E0,3.228440285E-1,4.281085902E0
1.090775637E1,-5.653899312E-1,5.408567429E0,-2.312632799E0,5.909360191E0
1.091773991E1,-5.158724785E-1,6.455942154E0,-2.463061094E0,6.929068008E0
1.092772700E1,-4.485379457E-1,6.614479065E0,-4.865473747E0,8.223463648E0
1.093772226E1,-3.816195428E-1,6.630162239E0,-6.522908211E0,9.308760192E0
1.094774288E1,-2.981562614E-1,6.477857590E0,-7.575580120E0,9.972008337E0
1.095774778E1,-4.184560776E-1,4.962691307E0,-7.660454750E0,9.137066131E0
1.096774569E1,-3.114615381E-1,3.304905891E0,-7.668301582E0,8.355971541E0
1.097774882E1,-2.158113122E-1,4.774103165E-1,-7.573163986E0,7.591265237E0
1.098773319E1,-1.229309514E-1,-1.038369179E0,-7.466780663E0,7.539637659E0
1.099775194E1,-1.986060441E-1,-5.278408051E0,-7.132730961E0,8.875634449E0
1.100774778E1,-1.176126748E-1,-6.418551445E0,-6.805583000E0,9.355618385E0
1.101774856E1,-3.715155646E-2,-6.543350220E0,-6.495154381E0,9.219752858E0
1.102774752E1,3.799796477E-2,-6.486246109E0,-5.599361420E0,8.568878616E0
1.103775116E1,1.027393937E-1,-5.178119183E0,-5.313824654E0,7.420256471E0
1.104774595E1,-3.851828352E-2,-3.294267654E0,-5.012973309E0,5.998631880E0
1.105774413E1,1.486518979E-2,-1.026556969E0,-4.176533222E0,4.300868510E0
1.106774882E1,6.854788959E-2,2.780056000E-1,-3.955258369E0,3.965608994E0
1.107774700E1,1.124733686E0,2.820219994E0,-3.697796583E0,4.784596770E0
1.108774674E1,1.222284555E0,3.888319016E0,-2.849446297E0,4.973162826E0
1.109812934E1,1.307773590E0,4.009097099E0,-2.596523762E0,4.952278966E0
1.110773637E1,1.374299765E0,3.992605209E0,-2.401038647E0,4.857425530E0
1.111786455E1,1.426846623E0,3.241822243E0,-2.324926138E0,4.236812987E0
1.112773507E1,1.481716633E0,1.750979424E0,-2.315607786E0,3.259363825E0
1.113775116E1,1.483304024E0,2.436943054E-1,-2.322866201E0,2.766818594E0
1.114774804E1,1.435843706E0,-1.594973564E0,-2.837263584E0,3.557478386E0
1.115774986E1,1.326098680E0,-2.693660736E0,-2.775921345E0,4.089020076E0
1.116775116E1,1.193678856E0,-2.841254234E0,-2.730083466E0,4.117153211E0
1.117774752E1,1.084683776E0,-3.540793419E0,-2.709735870E0,4.588728083E0
1.118773658E1,1.062992811E0,-3.456024170E0,-2.754950047E0,4.545745983E0
1.119773762E1,1.137386560E0,-3.329667091E0,-2.738753796E0,4.458823105E0
1.120773840E1,1.923820734E0,-2.425971985E0,-2.675292730E0,4.091896563E0
1.121773918E1,2.053747416E0,-2.293375015E0,-2.558053493E0,4.002634768E0
1.122773762E1,3.186487436E0,-1.485028267E0,-2.395998240E0,4.254388170E0
1.123775116E1,3.276949644E0,-1.394150734E0,-2.224887848E0,4.199069084E0
1.124773528E1,3.961913347E0,-1.312726021E0,-2.071388721E0,4.659469735E0
1.125773658E1,3.945283175E0,-1.234812737E0,-1.930084229E0,4.562372952E0
1.126773476E1,3.862747669E0,-1.168907166E0,-1.773605824E0,4.408269630E0
1.127786845E1,3.734554529E0,-1.113801003E0,-1.021169066E0,4.028676764E0
1.128776293E1,3.494758606E0,-1.057343483E0,-8.882136345E-1,3.757690303E0
1.129773564E1,2.345548630E0,-1.000090599E0,-7.430396080E-1,2.655915556E0
1.130775179E1,2.102401972E0,-9.330205917E-1,-6.094274521E-1,2.379500640E0
1.131773601E1,1.159749031E0,-7.987861633E-1,-5.008234978E-1,1.494624142E0
1.132773580E1,1.016821623E0,4.875144958E-1,-4.594917297E-1,1.217673703E0
1.133774413E1,9.133677483E-1,4.167881012E-1,-5.249179602E-1,1.132912984E0
1.134773554E1,8.593562841E-1,1.649500847E0,-6.530194283E-1,1.971238352E0
1.135773996E1,8.547192812E-1,2.463985443E0,-1.489826798E0,3.003556759E0
1.136773996E1,1.574660063E0,3.854063988E0,-1.591340423E0,4.457098594E0
1.137773892E1,2.330108643E0,3.961318016E0,-1.661837101E0,4.887038905E0
1.138774309E1,2.386345625E0,4.029399872E0,-1.724293470E0,4.990380420E0
1.139773892E1,2.465313911E0,4.031105995E0,-1.740216136E0,5.035468243E0
1.140773736E1,3.111983299E0,3.985312462E0,-1.683457255E0,5.329276105E0
1.141773788E1,3.116605997E0,3.942716599E0,-1.550557256E0,5.259512803E0
1.142773840E1,3.108924389E0,3.922585487E0,-8.372641802E-1,5.074751134E0
1.143774674E1,3.028337479E0,3.951582909E0,-8.516566753E-1,5.050856805E0
1.144773684E1,2.902621269E0,3.991141319E0,-9.232926369E-1,5.020646229E0
1.145776653E1,2.174635649E0,4.049797058E0,-1.039883018E0,4.712881614E0
1.146773496E1,1.971680284E0,4.124528885E0,-1.759850025E0,4.898605289E0
1.147772830E1,5.245313644E-1,4.198625565E0,-1.750834227E0,4.579193190E0
1.148772741E1,-1.557798147E0,4.287074089E0,-1.697001100E0,4.866780460E0
1.149773715E1,-1.540922761E0,4.333920479E0,-1.610272050E0,4.873426489E0
1.150773892E1,-3.244857788E0,4.343998909E0,-1.522200823E0,5.631742531E0
1.151773970E1,-4.279434681E0,4.297607422E0,-8.836916685E-1,6.128939689E0
1.152773840E1,-5.012035370E0,4.242678642E0,-8.275312185E-1,6.618582063E0
1.153774335E1,-5.121055603E0,4.230662346E0,-1.812075377E-1,6.645039544E0
1.154773788E1,-5.065417290E0,4.240479469E0,-9.722888470E-2,6.606782266E0
1.155774022E1,-4.881061077E0,4.402652740E0,3.936767578E-2,6.573405374E0
1.156773554E1,-4.051871300E0,5.012684822E0,8.854305744E-2,6.446123644E0
1.157773944E1,-3.715660810E0,4.956975937E0,1.427539587E-1,6.196622014E0
1.158774361E1,-2.357697010E0,4.865587234E0,1.762694120E-1,5.409597511E0
1.159773736E1,-6.518254876E-1,4.711481094E0,1.545864344E-1,4.758868304E0
1.160773970E1,-4.617840648E-1,3.645774841E0,7.041954994E-2,3.675578543E0
1.161773658E1,-4.786224961E-1,3.464574814E0,-7.707560062E-2,3.498327998E0
1.162774127E1,8.887706995E-1,2.258522987E0,-8.708070517E-1,2.578593485E0
1.163774179E1,1.810372233E0,1.557260513E0,-1.028495193E0,2.600059671E0
1.164779340E1,2.621009111E0,1.388223648E0,-1.896889567E0,3.520659553E0
1.165773668E1,2.799960136E0,8.746147156E-2,-2.012157917E0,3.449087670E0
1.166788090E1,3.730214596E0,3.274917603E-3,-2.118926287E0,4.290030334E0
1.167773715E1,3.815294027E0,1.980400085E-2,-2.191050529E0,4.399723075E0
1.168774648E1,3.832703114E0,-1.041901588E0,-2.248786449E0,4.564231871E0
1.169774335E1,3.769951582E0,-2.179687500E0,-2.256382704E0,4.904572910E0
1.170773866E1,3.613884687E0,-2.312899113E0,-2.238615036E0,4.839531188E0
1.171773918E1,2.770230293E0,-3.278820038E0,-2.163317680E0,4.806743191E0
1.172774075E1,2.557224751E0,-3.390445232E0,-2.039802551E0,4.711190056E0
1.173774465E1,1.328243136E0,-4.309990883E0,-1.191794634E0,4.664828581E0
1.174773840E1,-2.973919511E-1,-4.947723389E0,-1.027582884E0,5.062048527E0
1.175773788E1,-5.158751011E-1,-5.011055470E0,-2.034507990E-1,5.041646186E0
1.176773918E1,-5.341172218E-1,-5.091609001E0,-2.158129215E-2,5.119592677E0
1.177773996E1,-5.550647974E-1,-5.840605736E0,1.613984823E0,6.084876276E0
1.178774335E1,-5.686855316E-1,-5.893469810E0,1.729184270E0,6.168181894E0
1.179773762E1,-5.505390763E-1,-6.503623009E0,1.828175902E0,6.778084733E0
1.180773736E1,-7.276973128E-1,-6.576621532E0,1.724714756E0,6.837845797E0
1.181773658E1,-6.520295739E-1,-7.259344101E0,1.802888036E0,7.508237117E0
1.182773429E1,-5.773394108E-1,-7.329252243E0,1.878980994E0,7.588269158E0
1.183777122E1,-1.761245966E0,-7.402308464E0,1.902419448E0,7.843172681E0
1.184774262E1,-1.761237860E0,-7.443343163E0,3.194462061E0,8.289143749E0
1.185774247E1,-1.723396063E0,-7.403581619E0,4.622084618E0,8.896447662E0
1.186773679E1,-1.634778976E0,-6.635931969E0,6.269986153E0,9.274741061E0
1.187773970E1,-1.476072907E0,-4.857827187E0,7.961509705E0,9.442611555E0
1.188774517E1,-3.471047878E-1,-2.341287136E0,9.536037445E0,9.825381282E0
1.189773944E1,8.981354237E-1,4.618339539E-1,1.156755447E1,1.161155693E1
1.190773866E1,1.893435121E0,3.296176910E0,1.133327007E1,1.195378138E1
1.191774049E1,2.939241409E0,6.998873711E0,1.113915062E1,1.347976446E1
1.192773788E1,3.649813414E0,7.664225578E0,9.618266106E0,1.282858272E1
1.193774465E1,3.670814991E0,7.572923660E0,8.348914146E0,1.185446848E1
1.194773840E1,3.567229748E0,6.432629585E0,7.155468464E0,1.026180201E1
1.195773892E1,2.533735514E0,4.883317947E0,6.596933365E0,8.589885893E0
1.196773554E1,1.651833653E0,3.218588829E0,4.941522121E0,6.124255820E0
1.197773814E1,8.811251521E-1,1.794466972E0,3.732217550E0,4.233903765E0
1.198774179E1,6.824197769E-1,2.814979553E-1,2.551421642E0,2.656066687E0
1.199773658E1,-5.388857722E-1,2.356681824E-1,1.165876150E0,1.305834815E0
1.200776080E1,-5.206649303E-1,2.538686752E0,-3.271967173E-1,2.612102618E0
1.201774226E1,-5.008828044E-1,4.162084579E0,-1.801651955E0,4.562869864E0
1.202772996E1,-4.799440205E-1,5.509445190E0,-3.350286484E0,6.465968767E0
1.203773747E1,-4.281337857E-1,5.664590836E0,-4.918688774E0,7.514278883E0
1.204774497E1,-5.515893102E-1,5.698483467E0,-6.091469765E0,8.359603369E0
1.205774075E1,-4.734770954E-1,5.582818985E0,-6.236571789E0,8.383726860E0
1.206774101E1,-3.664386868E-1,4.234640121E0,-6.895793915E0,8.100520229E0
1.207773684E1,-2.644346058E-1,2.438812256E0,-6.790756226E0,7.220256297E0
1.208774465E1,-1.709096283E-1,3.081912994E-1,-6.595941067E0,6.605348631E0
1.209772517E1,-2.840767503E-1,-2.386553764E0,-6.305491924E0,6.748004659E0
1.210774101E1,-1.602017134E-1,-5.857756615E0,-5.970860958E0,8.366012056E0
1.211776288E1,-7.795266807E-2,-6.007399082E0,-5.726907253E0,8.300143796E0
1.212773866E1,2.609007061E-3,-5.987931728E0,-5.481893539E0,8.118281220E0
1.213774752E1,-1.182118058E-1,-4.971180916E0,-5.224593163E0,7.212696267E0
1.214773710E1,1.037640929E0,-3.169123173E0,-4.937710285E0,5.958273512E0
1.215773580E1,1.126901269E0,-1.132537842E0,-4.122581005E0,4.421337193E0
1.216773736E1,1.240092993E0,1.967267990E-1,-3.851231575E0,4.050742735E0
1.217773736E1,1.876955032E0,1.968723297E0,-3.540515661E0,4.464760101E0
1.218774726E1,1.874034643E0,2.725465775E0,-2.501834154E0,4.147209142E0
1.219776825E1,1.800978541E0,2.780279160E0,-2.281526089E0,4.022292531E0
1.220773424E1,5.870156363E-2,2.688376427E0,-2.097806454E0,3.410513979E0
1.221776715E1,8.706925064E-2,1.522200584E0,-1.972275734E0,2.492899365E0
1.222773606E1,1.207033917E-1,2.220125198E-1,-1.893321514E0,1.910111312E0
1.223774882E1,-4.488896579E-2,-1.169139862E0,-1.843934059E0,2.183803071E0
1.224774960E1,-1.035294868E-2,-2.112389565E0,-1.840917349E0,2.802012409E0
1.225774648E1,-1.024008870E0,-2.233657837E0,-1.838258028E0,3.068715379E0
1.226775064E1,-1.056667924E0,-2.293725014E0,-1.825300336E0,3.115997891E0
1.227774856E1,-9.743832350E-1,-2.300500393E0,-1.810597420E0,3.085447741E0
1.228775038E1,5.355433375E-2,-2.193760872E0,-1.875660419E0,2.886790058E0
1.229774778E1,1.658564091E0,-2.105947971E0,-1.871479273E0,3.269294476E0
1.230775012E1,2.695391893E0,-2.012317657E0,-1.829651594E0,3.829123238E0
1.231778241E1,3.574430466E0,-1.923205376E0,-1.768780231E0,4.427624146E0
1.232774960E1,3.757621527E0,-1.833247185E0,-1.687394023E0,4.508637640E0
1.233774700E1,4.623646259E0,-1.762005806E0,-1.587623715E0,5.196471712E0
1.234774439E1,4.656240463E0,-1.682646751E0,-1.477082491E0,5.166589593E0
1.235774700E1,4.578170300E0,-1.587575912E0,-1.346819639E0,5.029310461E0
1.236774726E1,4.404957771E0,-9.018764496E-1,-1.211621523E0,4.656722110E0
1.237773642E1,3.564074755E0,-7.894449234E-1,-1.074456096E0,3.805299994E0
1.238775512E1,3.301465273E0,3.833560944E-1,-9.443577528E-1,3.455205697E0
1.239773793E1,2.272692680E0,4.165058136E-1,-7.970421314E-1,2.444153283E0
1.240772439E1,2.044624567E0,4.505548477E-1,-2.946352959E-2,2.093885716E0
1.241776189E1,1.163556099E0,4.845685959E-1,8.963394165E-2,1.263607440E0
1.242774595E1,9.824297428E-1,2.078519821E0,1.836907864E-1,2.306329368E0
1.243773762E1,8.212443590E-1,2.229167938E0,2.355898619E-1,2.387286027E0
1.244774179E1,7.093745470E-1,3.083208084E0,2.109462023E-1,3.170785808E0
1.245773996E1,6.569898129E-1,3.144689560E0,9.701633453E-2,3.214050437E0
1.246773918E1,1.456924677E0,3.324881554E0,-6.457250118E-1,3.687062198E0
1.247773997E1,1.591382980E0,3.389728546E0,-7.508718967E-1,3.819236574E0
1.248773762E1,2.723339319E0,3.405579567E0,-8.649482727E-1,4.445524125E0
1.249773554E1,2.876176596E0,3.361666679E0,-9.757101536E-1,4.530475138E0
1.250773502E1,3.845919609E0,3.277617455E0,-1.061065435E0,5.163306467E0
1.251776965E1,3.888246059E0,3.192940712E0,-1.113711953E0,5.153026501E0
1.252773606E1,3.871203184E0,3.151929855E0,-1.103208661E0,5.112528265E0
1.253773658E1,3.771030664E0,3.179621696E0,-1.097464204E0,5.053226107E0
1.254773736E1,2.885934353E0,3.281012535E0,-1.145300984E0,4.517230865E0
1.255775611E1,1.991715431E0,4.016805649E0,-1.218558788E0,4.646132101E0
1.256773601E1,8.942782879E-1,4.129826546E0,-1.255017638E0,4.407978020E0
1.257774236E1,-1.254166722E0,4.906948090E0,-1.216807961E0,5.208809397E0
1.258774174E1,-1.253541470E0,4.978730202E0,-1.094726324E0,5.249528204E0
1.259773663E1,-2.770611763E0,5.074654579E0,-2.162476778E-1,5.785773215E0
1.260774205E1,-3.588085175E0,5.132837296E0,-1.372654438E-1,6.264121305E0
1.261776575E1,-3.722389221E0,5.122121811E0,-8.243727684E-2,6.332385748E0
1.262773684E1,-3.796016693E0,5.064034462E0,-2.423679829E-2,6.328884198E0
1.263774674E1,-3.759665728E0,5.000414848E0,2.746796608E-2,6.256196091E0
1.264773997E1,-3.473487854E0,4.928698540E0,6.649816036E-2,6.030058803E0
1.265773892E1,-2.394930840E0,4.893777847E0,5.771732330E-2,5.448677512E0
1.266773970E1,-2.099493027E0,4.837574959E0,4.591727257E-2,5.273718882E0
1.267773684E1,-7.442193031E-1,4.762705803E0,3.582239151E-2,4.820634002E0
1.268773788E1,-5.791202188E-1,4.642243385E0,8.139371872E-3,4.678233654E0
1.269773502E1,-4.210115671E-1,3.788878441E0,-2.492845058E-2,3.812279109E0
1.270773710E1,-4.689867496E-1,3.623780251E0,-1.111749411E-1,3.655693059E0
1.271776184E1,-3.267034888E-1,2.509547234E0,-2.628387213E-1,2.544336196E0
1.272773684E1,-1.950191557E-1,1.754004478E0,-1.307143092E0,2.196175595E0
1.273773580E1,1.430332899E0,6.086158752E-2,-1.479454517E0,2.058723392E0
1.274775450E1,1.612880468E0,7.537651062E-2,-2.427809238E0,2.915702784E0
1.275775543E1,2.686365604E0,-9.329795837E-3,-2.538132668E0,3.695776595E0
1.276777194E1,2.857325315E0,7.105827332E-3,-2.626098156E0,3.880818210E0
1.277774288E1,3.703503609E0,-1.646869659E0,-2.707726002E0,4.874412657E0
1.278773559E1,3.802074432E0,-1.775087833E0,-2.764900923E0,5.025075514E0
1.279773658E1,3.841189146E0,-2.695387840E0,-2.754979849E0,5.441485425E0
1.280773997E1,3.810479164E0,-2.792029858E0,-2.695566177E0,5.438865617E0
1.281776835E1,3.654782534E0,-3.503026009E0,-2.569843292E0,5.677386822E0
1.282773684E1,2.784884930E0,-3.572645664E0,-2.382270098E0,5.118065253E0
1.283773788E1,1.024957299E0,-4.301851273E0,-1.230706692E0,4.590326873E0
1.284773710E1,-4.293996096E-1,-4.984801292E0,9.927487373E-2,5.004246542E0
1.285773892E1,-4.580423832E-1,-5.086954594E0,9.374164343E-1,5.192846949E0
1.286774022E1,-1.826009750E0,-6.072178364E0,1.186932921E0,6.450927953E0
1.287774283E1,-2.612978697E0,-6.188161850E0,2.345074892E0,7.114800138E0
1.288773762E1,-2.802450180E0,-7.299305916E0,2.451195955E0,8.194019494E0
1.289773840E1,-3.502611637E0,-7.421627998E0,2.358017683E0,8.538682441E0
1.290773710E1,-3.557146072E0,-9.439435005E0,2.423301220E0,1.037442096E1
1.291776106E1,-3.547672033E0,-9.374164581E0,2.470664978E0,1.032303850E1
1.292785887E1,-3.485760212E0,-9.309897423E0,3.474541664E0,1.053077177E1
1.293773866E1,-3.303065300E0,-9.254400253E0,4.341314316E0,1.074249386E1
1.294774856E1,-2.186854362E0,-9.399011612E0,5.209738731E0,1.096654590E1
1.295773559E1,-3.811259270E-1,-6.609173298E0,6.200723648E0,9.070578946E0
1.296774137E1,-2.570243776E-1,-4.221148014E0,7.247182369E0,8.390816669E0
1.297774023E1,1.340424895E0,-1.050859451E0,8.357110023E0,8.528911562E0
1.298774257E1,2.800600052E0,2.457525253E0,9.439549446E0,1.014829467E1
1.299774101E1,4.020000935E0,5.628444672E0,1.011541462E1,1.225403647E1
1.300773554E1,4.804560184E0,7.923678398E0,1.000071716E1,1.363388506E1
1.301776418E1,4.935177803E0,9.345843315E0,9.668717384E0,1.432427531E1
1.302773658E1,4.840422630E0,9.150031090E0,9.178613663E0,1.383472837E1
1.303773788E1,4.605111122E0,7.177226067E0,7.860193253E0,1.159751096E1
1.304774049E1,3.220964909E0,4.765419006E0,7.313928604E0,9.304696925E0
1.305773762E1,2.092875719E0,2.290176392E0,5.541515827E0,6.350860914E0
1.306773736E1,1.191948652E0,1.453704834E-1,4.011809826E0,4.187659519E0
1.307773840E1,9.448730350E-1,-9.746208191E-1,2.296686649E0,2.667853137E0
1.308773840E1,-7.547854781E-1,-1.017779350E0,3.853278756E-1,1.324406847E0
1.309772491E1,-7.817546129E-1,-8.865623474E-1,-1.065990329E0,1.591687297E0
1.310773517E1,-8.020274043E-1,2.271528244E-1,-3.350521326E0,3.452656878E0
1.311776622E1,-8.007682562E-1,2.449155807E0,-4.735013485E0,5.390727843E0
1.312774549E1,-1.867024422E0,3.903385162E0,-6.066461563E0,7.451453000E0
1.313772642E1,-2.723576784E0,4.644557953E0,-7.070479393E0,8.887151845E0
1.314773689E1,-2.748426914E0,4.659719467E0,-7.181509972E0,8.991157961E0
1.315773840E1,-2.685814857E0,4.545651436E0,-7.123825550E0,8.867098674E0
1.316774101E1,-2.570740700E0,3.431551933E0,-6.878595829E0,8.105512753E0
1.317773944E1,-2.375585556E0,2.074554443E0,-5.552000046E0,6.385286789E0
1.318773814E1,-6.097831130E-1,1.105356216E-1,-5.224974155E0,5.261597523E0
1.319773840E1,-4.703771472E-1,-3.650239468E0,-4.974406719E0,6.187909586E0
1.320773762E1,6.516552567E-1,-4.578607559E0,-4.807020664E0,6.670513430E0
1.321776653E1,1.569335461E0,-4.587618351E0,-4.638716698E0,6.710197354E0
1.322773944E1,1.673291683E0,-3.877727509E0,-4.426731110E0,6.118220657E0
1.323774335E1,1.743626475E0,-2.608249664E0,-4.197887421E0,5.240749793E0
1.324773892E1,1.787521601E0,-1.011955261E0,-3.947685480E0,4.450113209E0
1.325773840E1,1.828778505E0,1.512022018E-1,-3.684729338E0,4.116372580E0
1.326773762E1,1.843989611E0,1.960370064E0,-2.667059898E0,3.789004747E0
1.327773788E1,1.824454188E0,2.841459274E0,-2.371783257E0,4.126485152E0
1.328773710E1,1.791752219E0,2.894301414E0,-1.169251919E0,3.599236967E0
1.329775767E1,1.714666128E0,2.810054779E0,-9.420498013E-1,3.424024769E0
1.330775642E1,1.613835931E0,1.574468613E0,-7.983815670E-1,2.391825861E0
1.331778465E1,1.473465919E0,1.937685013E-1,-7.380865812E-1,1.659343198E0
1.332773689E1,-5.226132870E-1,-1.167766571E0,-7.632353306E-1,1.489742119E0
1.333773866E1,-5.087205172E-1,-2.281751633E0,-7.995700836E-1,2.470728515E0
1.334774022E1,-4.938325584E-1,-3.007903099E0,-1.371631503E0,3.342562584E0
1.335774335E1,-4.778685272E-1,-3.095642090E0,-1.363395095E0,3.416168096E0
1.336773866E1,-4.605857134E-1,-3.116924286E0,-1.388871551E0,3.443300798E0
1.337773944E1,-6.368589997E-1,-3.060677052E0,-1.436989784E0,3.440679154E0
1.338773892E1,-5.119249225E-1,-2.152770996E0,-1.560129285E0,2.707488407E0
1.339773710E1,-4.320024252E-1,-2.046458244E0,-1.571916580E0,2.616398130E0
1.340774023E1,1.098609686E0,-1.947291851E0,-1.572336555E0,2.733336978E0
1.341775976E1,1.991422653E0,-1.873739243E0,-1.561429381E0,3.148765575E0
1.342773970E1,2.725950241E0,-1.788060188E0,-1.529578447E0,3.601051816E0
1.343774830E1,2.891443014E0,-1.696654320E0,-1.489185214E0,3.668344475E0
1.344774622E1,3.720518351E0,-1.599990368E0,-1.440076709E0,4.298377241E0
1.345774804E1,3.792654276E0,-8.741598129E-1,-1.364858747E0,4.124466176E0
1.346774413E1,3.780051231E0,-7.885866165E-1,-1.239453197E0,4.055477825E0
1.347773486E1,3.681889534E0,3.225574493E-1,-5.520341396E-1,3.736990171E0
1.348775325E1,3.502369881E0,3.551454544E-1,-4.024279118E-1,3.543257160E0
1.349773950E1,2.727639914E0,3.885021210E-1,2.834265232E-1,2.769708286E0
1.350773960E1,2.524093628E0,1.383605003E0,3.390696049E-1,2.898340843E0
1.351776137E1,1.747000217E0,1.530509949E0,3.407689333E-1,2.347465427E0
1.352775299E1,1.622568011E0,2.381066322E0,2.852531672E-1,2.895440062E0
1.353774752E1,1.537625790E0,2.459387779E0,-4.080240726E-1,2.929055302E0
1.354774830E1,1.506827354E0,2.571896553E0,-4.910948277E-1,3.020985714E0
1.355774856E1,1.549820185E0,3.405538559E0,-5.975601673E-1,3.789025420E0
1.356774674E1,2.465991497E0,3.587092400E0,-7.676877975E-1,4.420145982E0
1.357774830E1,3.536918879E0,3.643423080E0,-8.546831608E-1,5.149253364E0
1.358774804E1,3.621261597E0,3.662066460E0,-9.041377306E-1,5.228932142E0
1.359774648E1,4.241148949E0,3.677330971E0,-8.999742270E-1,5.685073534E0
1.360774856E1,4.205476761E0,3.742106438E0,-8.468862772E-1,5.692680541E0
1.361777981E1,4.117980957E0,4.370431900E0,-7.792531252E-1,6.055219037E0
1.362774830E1,3.960309505E0,4.419838905E0,-7.484062910E-1,5.981566626E0
1.363775064E1,2.921283245E0,4.457696915E0,-7.784185410E-1,5.386176102E0
1.364775455E1,2.025324106E0,4.485392570E0,-8.006186485E-1,4.986148260E0
1.365778788E1,8.034731150E-1,4.513924599E0,-7.572115660E-1,4.646983289E0
1.366773470E1,-5.771323442E-1,4.557646751E0,-6.568584442E-1,4.640763802E0
1.367772517E1,-1.709977746E0,4.598258972E0,1.145780087E-2,4.905929142E0
1.368774762E1,-3.349230766E0,4.627665520E0,-1.754939556E-2,5.712525087E0
1.369773642E1,-4.560860634E0,4.652182579E0,-7.395541668E-2,6.515345108E0
1.370773788E1,-5.402472496E0,4.704827309E0,-9.018433094E-2,7.164512704E0
1.371775924E1,-5.507129192E0,4.793399811E0,-4.649245739E-2,7.301185879E0
1.372774960E1,-5.520355701E0,5.457796097E0,-1.554369926E-3,7.762851778E0
1.373773892E1,-5.422123432E0,5.462992668E0,-7.000684738E-3,7.696996844E0
1.374773788E1,-4.299578190E0,5.448150635E0,6.962299347E-2,6.940717925E0
1.375773840E1,-3.117873192E0,5.344643593E0,1.626517653E0,6.397804940E0
1.376773476E1,-1.085177660E0,4.661156654E0,1.633975983E0,5.057061343E0
1.377774960E1,-8.692349195E-1,3.825349808E0,1.640047908E0,4.251896946E0
1.378773892E1,5.536651611E-1,2.867756844E0,1.646094441E0,3.352640949E0
1.379773554E1,1.470102429E0,2.106505394E0,1.452504396E0,2.950988843E0
1.380774153E1,2.348197460E0,1.347293854E0,-4.743355513E-1,2.748495271E0
1.381775950E1,3.153135777E0,1.173660278E0,-6.391941309E-1,3.424662438E0
1.382774257E1,3.328918457E0,-3.889083862E-3,-1.658178449E0,3.719041407E0
1.383773866E1,4.065546036E0,1.067543030E-2,-1.814134836E0,4.451950554E0
1.384775965E1,4.052390099E0,-1.418418884E0,-2.589379787E0,5.013847358E0
1.385774882E1,3.949359179E0,-2.161525726E0,-2.670017242E0,5.234369443E0
1.386780684E1,3.767025471E0,-2.959318638E0,-2.742324591E0,5.519818100E0
1.387775304E1,2.800152063E0,-3.820232391E0,-2.771501541E0,5.487827247E0
1.388773663E1,2.602806091E0,-4.594439983E0,-2.726377487E0,5.942778181E0
1.389773918E1,1.584552526E0,-5.338448524E0,-2.593072653E0,6.142789687E0
1.390773918E1,1.374406815E0,-5.989850044E0,-1.888985991E0,6.429274121E0
1.391775976E1,3.098623753E-1,-6.089081764E0,-1.711297512E0,6.332572194E0
1.392774517E1,-7.537074685E-1,-6.797457218E0,-8.420727253E-1,6.890760920E0
1.393773918E1,-9.457367063E-1,-6.885491371E0,2.263842821E-1,6.953823350E0
1.394773736E1,-9.764261246E-1,-6.923564911E0,4.297678471E-1,7.005273689E0
1.395773762E1,-9.788544774E-1,-6.986392975E0,1.906275630E0,7.307648710E0
1.396773710E1,-2.087343693E0,-7.646924019E0,2.037645578E0,8.184402858E0
1.397774101E1,-2.760109425E0,-7.651891708E0,2.145604134E0,8.412684937E0
1.398773866E1,-2.786228418E0,-7.643952847E0,2.056403637E0,8.391774534E0
1.399773710E1,-2.810535908E0,-7.614691734E0,3.206968784E0,8.727387414E0
1.400773814E1,-2.793124676E0,-7.517971516E0,4.368751049E0,9.132766661E0
1.401775976E1,-2.691518784E0,-6.581175327E0,5.933680534E0,9.260923644E0
1.402786523E1,-2.524197578E0,-5.238167286E0,7.757454872E0,9.694744763E0
1.403775059E1,-8.984651566E-1,-3.315334320E0,9.570432663E0,1.016817892E1
1.404774627E1,-7.912061214E-1,-9.080886841E-1,1.185533237E1,1.191635590E1
1.405773429E1,1.247532845E0,1.513978004E0,1.178975677E1,1.195185477E1
1.406773689E1,2.556867361E0,3.562971115E0,1.167134094E1,1.246806053E1
1.407774517E1,3.515451908E0,5.220330238E0,1.147436810E1,1.308706893E1
1.408773736E1,3.691063643E0,6.381661415E0,1.107199097E1,1.330182458E1
1.409772595E1,3.764272690E0,6.457583427E0,9.582879066E0,1.215325898E1
1.410773710E1,3.654129028E0,6.466362000E0,7.997933388E0,1.091482638E1
1.411776418E1,1.531727552E0,5.551115990E0,5.495383739E0,7.959919627E0
1.412774283E1,-7.033746243E-1,4.715805054E0,4.225689411E0,6.371028501E0
1.413774023E1,-7.072815895E-1,4.600125313E0,3.056616545E0,5.568150936E0
1.414773710E1,-2.351445675E0,4.534461021E0,1.936914682E0,5.462808069E0
1.415774049E1,-3.298595190E0,4.603479385E0,7.396340370E-1,5.711375595E0
1.416773996E1,-4.093609810E0,4.809445381E0,-6.132766008E-1,6.345432557E0
1.417774361E1,-4.208775043E0,5.942060471E0,-1.978069544E0,7.545503901E0
1.418773892E1,-4.182671547E0,5.938273430E0,-4.184987545E0,8.382836832E0
1.419773996E1,-3.998972893E0,5.775166512E0,-5.935131073E0,9.196201025E0
1.420777252E1,-3.779827118E0,4.341791153E0,-7.148683071E0,9.178339344E0
1.421775866E1,-2.694261074E0,3.066855431E0,-7.806939125E0,8.809820853E0
1.422774965E1,-1.823206306E0,1.519473076E0,-7.852560997E0,8.203389170E0
1.423772283E1,-1.425884962E-1,1.650505066E-1,-7.874650002E0,7.877670074E0
1.424773611E1,2.374128439E-2,-2.358231544E0,-8.439730644E0,8.763040170E0
1.425773840E1,1.650803566E0,-3.985701084E0,-8.229825974E0,9.291985853E0
1.426773918E1,2.469767809E0,-4.808810234E0,-7.856959343E0,9.537096991E0
1.427774908E1,2.700531721E0,-4.811807632E0,-6.212389469E0,8.309040088E0
1.428773606E1,3.535507679E0,-4.055573463E0,-4.853962421E0,7.246270893E0
1.429774075E1,3.660774231E0,-9.786930084E-1,-2.768734217E0,4.693079707E0
1.430773632E1,3.604719639E0,1.229686737E-1,-2.406025887E0,4.335675903E0
1.431776080E1,3.452029228E0,2.269692421E0,-2.894710004E-1,4.141473523E0
1.432774361E1,2.733022690E0,3.307200432E0,-5.679173768E-2,4.290712414E0
1.433773788E1,2.521626949E0,3.419975281E0,1.318788230E-1,4.251144013E0
1.434773554E1,1.458046436E0,3.406481743E0,2.757499516E-1,3.715650052E0
1.435773788E1,1.035721600E-2,3.208407402E0,3.852342367E-1,3.231468822E0
1.436773918E1,-2.130205482E-1,1.149434090E0,-1.219515204E0,1.689317559E0
1.437774569E1,-2.301747501E-1,1.842403412E-2,-1.892614007E0,1.906648274E0
1.438773944E1,-1.473012805E0,-2.513416290E0,-1.996334314E0,3.531625528E0
1.439775377E1,-1.627290845E0,-3.858897209E0,-2.813497782E0,5.045288191E0
1.440774752E1,-1.765743613E0,-4.601955891E0,-2.825558186E0,5.681516311E0
1.441777986E1,-1.834529519E0,-4.648890495E0,-2.818845987E0,5.737906769E0
1.442775122E1,-1.781446576E0,-4.616425991E0,-2.820629597E0,5.695690665E0
1.443773840E1,-1.609265327E0,-4.483795643E0,-2.854847670E0,5.553765702E0
1.444773892E1,-1.568254828E-1,-3.285470009E0,-2.884171724E0,4.374626149E0
1.445773736E1,-8.633840084E-2,-2.229144096E0,-2.898426533E0,3.657514742E0
1.446773944E1,1.815936446E0,-1.322715759E0,-2.843289614E0,3.623740883E0
1.447774622E1,3.096268177E0,-1.170500755E0,-2.738245010E0,4.295920667E0
1.448773762E1,4.890811920E0,1.801662445E-1,-2.538044453E0,5.513090853E0
1.449773710E1,5.005621910E0,2.093849182E-1,-2.354918480E0,5.535858903E0
1.450774257E1,5.075910568E0,1.395511627E-1,-1.532345057E0,5.304000754E0
1.451776054E1,5.038970947E0,1.701974869E-1,-1.349804163E0,5.219402904E0
1.452774413E1,4.874163151E0,-1.341431618E0,-5.821859837E-1,5.088796098E0
1.453773840E1,4.066868305E0,-1.347648621E0,-4.295239449E-1,4.305817627E0
1.454773866E1,3.130369663E0,-1.284937859E0,-2.753418684E-1,3.395009967E0
1.455773788E1,2.225236416E0,-1.132836342E0,-1.440776587E-1,2.501150466E0
1.456773736E1,1.934599876E0,2.622394562E-1,-1.106652021E-1,1.955426552E0
1.457786637E1,8.812441826E-1,2.954387665E-1,-1.748950481E-1,9.457608852E-1
1.458774564E1,7.177131176E-1,3.246688843E-1,-9.595286846E-1,1.241457732E0
1.459774757E1,5.805339813E-1,3.544845581E-1,-1.083716154E0,1.279499788E0
1.460773736E1,4.913332462E-1,2.340214729E0,-1.727020264E0,2.949680038E0
1.461775720E1,4.936881065E-1,3.028454781E0,-1.744198084E0,3.529517426E0
1.462774309E1,5.874329805E-1,3.149650574E0,-1.748757839E0,3.650141124E0
1.463773892E1,1.557976127E0,3.848573685E0,-1.733202338E0,4.499199858E0
1.464774101E1,1.657091141E0,3.888443947E0,-1.676135063E0,4.547018378E0
1.465773840E1,2.487078190E0,3.903081894E0,-1.571294427E0,4.887593720E0
1.466773944E1,2.600495100E0,3.902167320E0,-9.243869781E-1,4.779537200E0
1.467774830E1,2.603094101E0,3.915932655E0,-9.247392416E-1,4.792261483E0
1.468775038E1,2.544246912E0,3.949809074E0,-9.836304188E-1,4.800178421E0
1.469774986E1,2.418768406E0,4.017847061E0,-1.109184146E0,4.819110403E0
1.470774726E1,1.447794676E0,4.109868050E0,-1.932767987E0,4.766835103E0
1.471778033E1,6.411966085E-1,4.810080528E0,-1.950779080E0,5.230061835E0
1.472774752E1,-3.437628746E-1,4.870730400E0,-1.921292186E0,5.247242248E0
1.473774778E1,-1.517721415E0,4.927550316E0,-1.830661774E0,5.471339227E0
1.474774752E1,-1.699878454E0,4.946653366E0,-1.691815853E0,5.497381846E0
1.475778424E1,-3.454682350E0,4.918038368E0,-9.055473804E-1,6.077988778E0
1.476773720E1,-3.633715868E0,4.840137482E0,-8.496596813E-1,6.111689081E0
1.477775330E1,-4.610381126E0,4.739179611E0,-7.577849627E-1,6.655048878E0
1.478772783E1,-4.623581886E0,4.650372505E0,-3.251743317E-2,6.557784022E0
1.479773710E1,-4.566023827E0,4.571414948E0,5.080544949E-2,6.461345789E0
1.480774726E1,-4.418731689E0,4.525142670E0,1.597684622E-1,6.326739436E0
1.481777382E1,-4.212368011E0,4.517019272E0,1.697869062E0,6.405487235E0
1.482774543E1,-3.296824932E0,4.531497955E0,1.731214523E0,5.865205203E0
1.483774986E1,-3.014854431E0,4.528799057E0,1.737783313E0,5.711327252E0
1.484774882E1,-1.874208570E0,4.392666817E0,1.584581256E0,5.031806562E0
1.485774934E1,-6.730618477E-1,3.574838638E0,1.588953137E0,3.969540983E0
1.486774934E1,-5.050408244E-1,3.390323639E0,-3.497189283E-1,3.445528108E0
1.487774882E1,7.349385023E-1,2.156426430E0,-1.158600330E0,2.555907720E0
1.488774934E1,1.678087354E0,1.354827881E0,-1.391036153E0,2.566421114E0
1.489774830E1,2.604144573E0,-1.095514297E-1,-2.438441277E0,3.569252910E0
1.490774543E1,3.351426840E0,-9.914684296E-2,-2.567044020E0,4.222748744E0
1.491776132E1,3.521039486E0,-8.709716797E-2,-2.693351746E0,4.433897676E0
1.492773528E1,4.317464352E0,-1.783293724E0,-2.823456287E0,5.458254331E0
1.493773710E1,4.315256596E0,-2.518441200E0,-2.884000778E0,5.769007372E0
1.494775616E1,4.209906578E0,-3.210574150E0,-2.867298126E0,6.021004759E0
1.495775772E1,3.396254539E0,-3.352735043E0,-2.791423321E0,5.528781178E0
1.496778372E1,2.536246300E0,-4.368690968E0,-2.636511803E0,5.698175195E0
1.497773637E1,1.508820295E0,-4.464281082E0,-2.429676056E0,5.301855336E0
1.498774002E1,-4.939947128E-1,-5.214375973E0,-1.412124157E0,5.424743514E0
1.499773684E1,-5.128429532E-1,-5.261040688E0,-1.181134582E0,5.416330484E0
1.500773684E1,-5.333991051E-1,-5.310309410E0,-7.483148575E-2,5.337555657E0
1.501776470E1,-2.195494413E0,-5.366564751E0,1.566001177E-1,5.800408308E0
1.502773892E1,-2.367116451E0,-5.417709827E0,1.978007078E0,6.234367014E0
1.503773554E1,-2.551746845E0,-6.029734612E0,1.932536840E0,6.826698330E0
1.504774075E1,-2.534086704E0,-6.065636635E0,2.048237324E0,6.885406259E0
1.505774049E1,-2.465866566E0,-6.148961544E0,2.129140615E0,6.958697130E0
1.506773788E1,-2.362714291E0,-6.934734344E0,2.205534697E0,7.650970040E0
1.507773944E1,-2.179901838E0,-7.024836540E0,2.027928829E0,7.629731042E0
1.508773658E1,-1.431931496E0,-7.101728439E0,4.042115211E0,8.296003256E0
1.509772726E1,-3.452884257E-1,-7.117132187E0,5.354199409E0,8.912925781E0
1.510773996E1,-2.244325876E-1,-6.986912727E0,6.797124863E0,9.750293629E0
1.511776288E1,-1.031780392E-1,-5.381803513E0,8.106344223E0,9.730738483E0
1.512785986E1,9.807041287E-1,-3.173758030E0,9.326641083E0,9.900543142E0
1.513774585E1,2.125067711E0,2.799425125E-1,1.024619579E1,1.046798972E1
1.514773590E1,3.117226839E0,2.060467720E0,1.025840759E1,1.091776336E1
1.515773689E1,3.805787325E0,4.356409073E0,1.015698719E1,1.168874270E1
1.516774757E1,3.919489145E0,5.963666916E0,9.869442940E0,1.217922913E1
1.517774049E1,4.014062405E0,6.757845879E0,9.395492554E0,1.224975339E1
1.518773788E1,3.976545334E0,6.731838226E0,7.938965797E0,1.114260906E1
1.519773892E1,3.792568445E0,6.548192978E0,7.390778065E0,1.057761821E1
1.520773997E1,2.679121017E0,4.852700233E0,5.884980202E0,8.084514887E0
1.521776731E1,-3.528777957E-1,2.568248749E0,3.797750950E0,4.598188410E0
1.522773840E1,-3.794745803E-1,2.604355812E0,2.597311735E0,3.697661207E0
1.523773580E1,-3.988336623E-1,3.844526291E0,1.133561611E0,4.027953900E0
1.524773788E1,-1.545099258E0,5.600404739E0,-1.278458357E0,5.948640242E0
1.525773866E1,-1.573178053E0,6.897016525E0,-1.443756938E0,7.219983396E0
1.526773580E1,-1.532699585E0,7.015615463E0,-4.179320335E0,8.308715112E0
1.527773840E1,-5.608838201E-1,6.983419418E0,-5.682332516E0,9.020623052E0
1.528773840E1,-4.431549907E-1,6.079974174E0,-6.523649216E0,8.928632112E0
1.529773788E1,-3.352760375E-1,4.446204185E0,-6.627118111E0,7.987479961E0
1.530776132E1,-2.356027216E-1,1.916162491E0,-6.667357445E0,6.941242153E0
1.531775569E1,-3.438730240E-1,-1.261358261E0,-6.578579426E0,6.707233452E0
1.532772595E1,-2.555624545E-1,-4.455908775E0,-6.485519886E0,7.872890408E0
1.533772168E1,-1.716122478E-1,-6.727272987E0,-6.238827705E0,9.176525690E0
1.534773595E1,-9.217386693E-2,-7.904660225E0,-5.916531563E0,9.874081984E0
1.535774283E1,-1.475804299E-2,-7.914964676E0,-5.037858486E0,9.382265278E0
1.536773819E1,-1.389353722E-1,-6.839585781E0,-4.765532494E0,8.337237950E0
1.537774361E1,-7.058605552E-2,-4.913725376E0,-4.514973164E0,6.673429563E0
1.538774622E1,-1.059941296E-2,-2.382411003E0,-4.290322304E0,4.907429063E0
1.539774049E1,4.942461848E-2,6.602573395E-2,-4.051966190E0,4.052805473E0
1.540773814E1,-5.122814327E-2,3.587430954E0,-3.091926813E0,4.736274548E0
1.541776340E1,7.582213730E-3,4.442861557E0,-2.067909241E0,4.900543330E0
1.542773944E1,6.788667291E-2,4.460446358E0,-1.847514033E0,4.828405370E0
1.543774309E1,1.089270234E0,4.281106949E0,-1.705742359E0,4.735392629E0
1.544773710E1,1.121870995E0,2.309569359E0,-1.603630781E0,3.027265570E0
1.545773788E1,5.135962367E-2,-1.621913910E-2,-1.546321630E0,1.547259337E0
1.546773970E1,1.171467677E-1,-1.251104355E0,-1.528808594E0,1.978949516E0
1.547773658E1,1.813136041E-1,-2.529639244E0,-1.589561224E0,2.993101103E0
1.548773762E1,2.449543774E-1,-3.240217686E0,-2.264996767E0,3.960962465E0
1.549775054E1,3.073498607E-1,-3.293227196E0,-2.275788784E0,4.014850419E0
1.550774663E1,1.677348465E-1,-3.289040089E0,-2.306528091E0,4.020695403E0
1.551776944E1,2.285584807E-1,-3.215319157E0,-2.340152025E0,3.983318687E0
1.552773476E1,2.858553827E-1,-2.556406975E0,-2.385460615E0,3.508183614E0
1.553773502E1,1.562102318E0,-2.410427570E0,-2.421229839E0,3.756684530E0
1.554774413E1,2.565266848E0,-1.531835556E0,-2.417755842E0,3.843521495E0
1.555773892E1,3.654679298E0,-1.435870171E0,-2.333656788E0,4.567751955E0
1.556774075E1,4.531795502E0,-1.364457130E0,-2.225430250E0,5.229861712E0
1.557774335E1,4.689838409E0,-1.318767548E0,-2.092525959E0,5.302112507E0
1.558773918E1,5.473524570E0,-1.287246704E0,-1.847963810E0,5.918736820E0
1.559774049E1,5.351519585E0,-1.292746544E0,-1.013106942E0,5.597887206E0
1.560774309E1,5.117449760E0,-1.275914192E0,-8.378808498E-1,5.340252185E0
1.561776392E1,3.992405415E0,-1.223567963E0,-1.078597307E-1,4.177086697E0
1.562773944E1,3.179505348E0,-1.115046501E0,1.878166199E-2,3.369411775E0
1.563773762E1,2.879696131E0,3.018169403E-1,1.492358446E-1,2.899312782E0
1.564773736E1,1.682849884E0,2.385692596E-1,2.746330500E-1,1.721720749E0
1.565773762E1,1.454538226E0,2.706356049E-1,3.453549147E-1,1.519274530E0
1.566773788E1,1.228585720E0,1.400220871E0,3.661984205E-1,1.898457964E0
1.567773663E1,1.038790107E0,2.465878487E0,3.066759109E-1,2.693267850E0
1.568775512E1,8.971022367E-1,2.602629662E0,2.213755846E-1,2.761789407E0
1.569773819E1,8.463213444E-1,3.485977173E0,1.293413639E-1,3.589571821E0
1.570775929E1,8.560322523E-1,3.584696770E0,5.208587646E-2,3.685858799E0
1.571775929E1,9.687086344E-1,3.660652161E0,-3.104162216E-2,3.786784156E0
1.572773814E1,1.928162336E0,3.698849678E0,-6.654115915E-1,4.223987633E0
1.573774101E1,2.022895813E0,3.679376602E0,-7.406513691E-1,4.263623354E0
1.574773944E1,2.639806986E0,3.616599083E0,-7.847779989E-1,4.545794359E0
1.575773970E1,2.664141417E0,3.553394318E0,-8.175680637E-1,4.515825307E0
1.576774101E1,2.548436165E0,3.518846512E0,-1.003598332E0,4.459149837E0
1.577774022E1,1.594911933E0,3.533711433E0,-2.077807903E0,4.398652777E0
1.578774022E1,6.847116947E-1,3.554347992E0,-2.202360630E0,4.237052289E0
1.579773918E1,-1.278643370E0,3.586428642E0,-2.274712086E0,4.435280639E0
1.580773866E1,-1.256793857E0,3.642868042E0,-2.258922577E0,4.466850073E0
1.581776132E1,-2.891587973E0,3.740118980E0,-2.185794830E0,5.208403789E0
1.582773762E1,-3.993213654E0,4.419122696E0,-2.066295624E0,6.304282536E0
1.583773684E1,-4.760955811E0,4.440848351E0,-1.319680214E0,6.642995572E0
1.584773892E1,-4.845431805E0,4.444737434E0,-1.195446134E0,6.683037610E0
1.585775116E1,-4.849214554E0,4.458070755E0,-3.159728050E-1,6.594627773E0
1.586773460E1,-4.716599941E0,4.495348930E0,-1.458518505E-1,6.517342232E0
1.587772788E1,-4.502826214E0,4.560792923E0,7.839807272E-1,6.456849215E0
1.588774293E1,-3.421153545E0,4.640343666E0,1.764477611E0,6.029134445E0
1.589773950E1,-3.096300602E0,5.238415718E0,1.814033985E0,6.349708336E0
1.590773710E1,-1.758960605E0,5.209321976E0,1.858699203E0,5.803941814E0
1.591777330E1,-1.470829129E0,5.129560471E0,1.874682307E0,5.655984680E0
1.592774622E1,-2.349048406E-1,5.009504318E0,1.886202335E0,5.357991513E0
1.593774960E1,-2.707963586E-1,4.014628410E0,1.637424469E0,4.344160544E0
1.594775663E1,-1.130121946E-1,3.268024445E0,-2.619862556E-2,3.270082857E0
1.595774726E1,1.480870008E0,1.609951973E0,-1.561646819E0,2.687687133E0
1.596774778E1,1.694063783E0,-5.456733704E-2,-1.784848809E0,2.461405080E0
1.597775429E1,2.737284422E0,-1.443624496E-1,-2.658532143E0,3.818554658E0
1.598774127E1,2.887051344E0,-1.331787109E-1,-2.742251873E0,3.984061667E0
1.599774387E1,3.763148308E0,-1.789023399E0,-2.798603535E0,5.019369647E0
1.600774804E1,3.833228588E0,-2.565008640E0,-2.763396502E0,5.376734228E0
1.601779283E1,3.819606304E0,-3.298520088E0,-2.682428360E0,5.715334548E0
1.602774934E1,3.739473581E0,-3.444954872E0,-2.554810524E0,5.690205053E0
1.603774804E1,3.561227798E0,-4.351456642E0,-2.389752865E0,6.109700246E0
1.604785200E1,2.607600212E0,-4.402539253E0,-1.605262399E0,5.362723013E0
1.605773637E1,2.372983456E0,-4.457832336E0,-1.481330276E0,5.262856544E0
1.606775205E1,1.098695636E0,-4.499999046E0,-1.328505278E0,4.818926207E0
1.607773559E1,-3.946768641E-1,-4.540860176E0,-1.120592356E0,4.693709428E0
1.608773663E1,-4.261069298E-1,-4.560768604E0,-2.063894272E-1,4.585277960E0
1.609772934E1,-4.575405717E-1,-4.562560081E0,-1.028323174E-2,4.585455661E0
1.610774934E1,-1.748711109E0,-4.566531181E0,7.395284176E-1,4.945513103E0
1.611777668E1,-1.920506597E0,-4.604572296E0,8.865840435E-1,5.067194775E0
1.612775090E1,-2.571984053E0,-5.227019310E0,1.042492270E0,5.918075952E0
1.613774022E1,-2.661392212E0,-6.241517067E0,2.289762020E0,7.161183834E0
1.614773684E1,-2.677852392E0,-6.360542774E0,2.369776487E0,7.296796449E0
1.615773606E1,-2.668210983E0,-7.258471966E0,3.628344774E0,8.542227516E0
1.616773788E1,-2.583301783E0,-7.319435120E0,4.502015591E0,8.973055385E0
1.617773788E1,-2.423272133E0,-7.321532249E0,5.486830711E0,9.464797598E0
1.618773892E1,-1.549566984E0,-7.125352383E0,6.624641418E0,9.851785541E0
1.619773814E1,-1.530823410E-1,-4.778442860E0,7.972924232E0,9.296476278E0
1.620773997E1,-1.939965785E-2,-2.000436783E0,9.324359894E0,9.536551321E0
1.621776575E1,1.446797252E0,2.678585052E-1,1.036974144E1,1.047361007E1
1.622775106E1,2.671741724E0,3.993999481E0,1.173521709E1,1.268091306E1
1.623775054E1,3.680555820E0,6.139599800E0,1.156006908E1,1.359692517E1
1.624775304E1,3.891132593E0,7.454893112E0,1.132897854E1,1.410893685E1
1.625772392E1,4.598273277E0,7.531668663E0,1.102731800E1,1.412345185E1
1.626773606E1,4.572571754E0,7.432516098E0,1.054471779E1,1.368728539E1
1.627773788E1,4.409807205E0,6.244803429E0,7.920526981E0,1.100812051E1
1.628774127E1,3.502510309E0,4.434808731E0,6.305257320E0,8.467076049E0
1.629773840E1,3.213810682E0,2.597769737E0,4.416677475E0,6.048473082E0
1.630774231E1,1.799776316E0,1.340926170E0,2.466404200E0,3.334730492E0
1.631776392E1,-3.288702965E-1,1.448116302E0,-1.016625524E0,1.799645507E0
1.632774179E1,-3.767639995E-1,3.410320282E0,-2.961694002E0,4.532534269E0
1.633773658E1,-4.166742265E-1,5.044957161E0,-4.640299320E0,6.867138265E0
1.634774413E1,-1.915437937E0,6.041611671E0,-6.045818806E0,8.759103785E0
1.635773788E1,-2.036394358E0,6.089234352E0,-7.077075958E0,9.555662253E0
1.636773840E1,-2.110221148E0,5.959936142E0,-7.193151951E0,9.576810904E0
1.637773892E1,-2.127507210E0,4.537459373E0,-7.206014156E0,8.777326729E0
1.638773970E1,-2.021388292E0,2.836715698E0,-7.126336098E0,7.932063588E0
1.639773528E1,-1.816246271E0,5.667877197E-2,-6.974092960E0,7.206936632E0
1.640773606E1,-4.694972038E-1,-1.967962265E0,-6.791756153E0,7.086695615E0
1.641778424E1,-3.819974661E-1,-4.266900539E0,-6.595271587E0,7.864475163E0
1.642775892E1,1.101237535E0,-5.749207973E0,-6.375036240E0,8.654894770E0
1.643779476E1,1.254271626E0,-5.903046131E0,-6.119979858E0,8.594958081E0
1.644773585E1,1.390719891E0,-5.869196892E0,-5.792592525E0,8.362756850E0
1.645774569E1,1.491521120E0,-4.784053326E0,-4.581300259E0,6.789706439E0
1.646773684E1,1.517105579E0,-2.981425285E0,-3.367450237E0,4.746601644E0
1.647773866E1,1.476852655E0,1.324272156E-2,-2.154131889E0,2.611810355E0
1.648773918E1,1.349677086E0,4.525566101E-2,-9.857789278E-1,1.671955862E0
1.649773554E1,-1.231217682E-1,2.353573799E0,9.583320618E-1,2.544183354E0
1.650773866E1,-2.678439915E-1,3.355545998E0,9.763602614E-1,3.504954879E0
1.651776158E1,-2.516009808E-1,3.275655746E0,1.112010479E0,3.468398900E0
1.652773944E1,-2.346001267E-1,1.945162773E0,1.206430078E0,2.300906118E0
1.653773840E1,-2.167045325E-1,8.864212036E-2,-1.702675819E-1,2.894984100E-1
1.654774023E1,-3.976265192E-1,-1.418128967E0,-9.580788612E-1,1.757017849E0
1.655773684E1,-3.254287839E-1,-2.686554432E0,-1.108623981E0,2.924470164E0
1.656773606E1,-2.544224560E-1,-3.472553253E0,-1.988798141E0,4.009822307E0
1.657773840E1,-1.828142107E-1,-3.543772697E0,-2.086638451E0,4.116528391E0
1.658773580E1,-1.122526377E-1,-3.546170712E0,-2.764033556E0,4.497533643E0
1.659786939E1,-2.422608137E-1,-3.434648514E0,-2.787585020E0,4.430138932E0
1.660774017E1,1.374476314E0,-2.518350601E0,-2.788492203E0,4.000870362E0
1.661778007E1,2.287140131E0,-1.778873920E0,-2.708540916E0,3.966307641E0
1.662773611E1,3.121693134E0,-1.624227524E0,-2.589100838E0,4.368812908E0
1.663774122E1,3.819435120E0,1.670513153E-1,-2.397563934E0,4.512682528E0
1.664773866E1,3.935502768E0,9.740447998E-2,-1.560954690E0,4.234884793E0
1.665774127E1,4.037850857E0,1.278495789E-1,-1.445940256E0,4.290842374E0
1.666774075E1,3.998984098E0,1.591596603E-1,-1.339241743E0,4.220281278E0
1.667773944E1,3.876355410E0,1.917333603E-1,-1.225275040E0,4.069913005E0
1.668773736E1,2.950963020E0,1.440486908E-1,-1.021452546E0,3.126067510E0
1.669773840E1,2.714108706E0,1.762914658E-1,-9.020507336E-1,2.865512218E0
1.670773970E1,1.877630711E0,2.088918686E-1,-8.213605881E-1,2.060040318E0
1.671776288E1,1.699182987E0,2.417612076E-1,-7.939119339E-1,1.891022862E0
1.672773944E1,1.554002523E0,2.747812271E-1,-7.837417126E-1,1.762010113E0
1.673773840E1,1.452944756E0,2.077627182E-1,-7.758061886E-1,1.660147298E0
1.674773632E1,1.410277128E0,2.402944565E-1,-7.802913189E-1,1.629563606E0
1.675773762E1,1.445411086E0,1.381714821E0,-7.831674814E-1,2.147486987E0
1.676774101E1,2.179358959E0,2.547782898E0,-7.746268511E-1,3.441053607E0
1.677776418E1,2.241814137E0,3.306052208E0,-7.315330505E-1,4.060893058E0
1.678773590E1,2.975976944E0,3.460925102E0,-6.385107040E-1,4.608919315E0
1.679774314E1,3.009467125E0,4.227240562E0,-5.031874180E-1,5.213410853E0
1.680774450E1,3.038255930E0,4.230322838E0,3.301452398E-1,5.218776321E0
1.681776111E1,3.055961847E0,4.190663338E0,3.746995926E-1,5.200092481E0
1.682773632E1,3.017509222E0,4.137921333E0,3.887029886E-1,5.136033964E0
1.683774127E1,2.922618628E0,4.084594727E0,3.399577141E-1,5.034002877E0
1.684773710E1,2.735805988E0,4.040850639E0,2.246191502E-1,4.885034499E0
1.685774153E1,1.678391933E0,4.004367828E0,-5.189431906E-1,4.372786666E0
1.686773736E1,8.102822304E-2,4.011518478E0,-6.333984137E-1,4.062024080E0
1.687773840E1,-1.797091961E0,4.079954147E0,-6.483627558E-1,4.505101511E0
1.688773970E1,-1.793588161E0,4.182821274E0,-6.431776285E-1,4.596371369E0
1.689773528E1,-3.144492865E0,4.880533218E0,-6.449859142E-1,5.841527771E0
1.690773788E1,-4.079753399E0,4.918448448E0,-6.478589773E-1,6.423024536E0
1.691776028E1,-4.878148079E0,4.988820076E0,-6.298828125E-1,7.005812357E0
1.692773710E1,-5.009908676E0,5.646949768E0,-5.837633610E-1,7.571526021E0
1.693773762E1,-5.888986588E0,5.720201492E0,-5.308506489E-1,8.226947827E0
1.694773788E1,-5.810725212E0,6.312457085E0,-5.252525806E-1,8.595785724E0
1.695773684E1,-5.682498455E0,6.320037842E0,-5.390837193E-1,8.516118733E0
1.696774825E1,-5.460465431E0,6.285045624E0,-4.904270172E-1,8.340203827E0
1.697773861E1,-4.629279137E0,6.176598549E0,1.585025787E-1,7.720473951E0
1.698775986E1,-4.279367447E0,5.407876015E0,3.062888384E-1,6.903037128E0
1.699773585E1,-2.900835514E0,4.573168755E0,1.817118526E0,5.712323422E0
1.700774075E1,-1.889411330E0,3.520364761E0,1.844302535E0,4.400488049E0
1.701776033E1,-3.389544487E-1,2.459512711E0,1.872682810E0,3.109828580E0
1.702773710E1,-3.482481241E-1,1.514227867E0,1.700270891E0,2.303276773E0
1.703773840E1,1.089274406E0,-1.369094849E-1,1.096016169E-1,1.103302068E0
1.704773476E1,1.972509384E0,-1.222448349E-1,-6.133413315E-2,1.977245292E0
1.705773866E1,3.212070704E0,-8.580589294E-2,-1.832870364E0,3.699212704E0
1.706773736E1,3.299964666E0,-1.680145264E-1,-1.990755320E0,3.857603197E0
1.707773840E1,3.331915140E0,-1.260080338E0,-2.845058203E0,4.558927191E0
1.708773554E1,3.279115200E0,-2.490364075E0,-2.889470339E0,5.030263269E0
1.709772778E1,3.139005661E0,-3.366297722E0,-2.890107155E0,5.434890639E0
1.710773736E1,2.357458830E0,-4.345656395E0,-2.845180750E0,5.704155953E0
1.711776080E1,2.157727718E0,-5.291145325E0,-2.735123634E0,6.335053989E0
1.712773788E1,1.060274482E0,-6.060173988E0,-2.549976349E0,6.659750005E0
1.713774830E1,-2.488222122E-1,-6.183544159E0,-1.554379344E0,6.380770017E0
1.714784653E1,-2.654198408E-1,-7.054560184E0,-1.339887857E0,7.185580461E0
1.715773793E1,-2.848662734E-1,-7.082814217E0,-3.088662624E-1,7.095266337E0
1.716774799E1,-5.070198774E-1,-7.080338478E0,-9.141135216E-2,7.099057554E0
1.717773611E1,-5.327950716E-1,-7.045544147E0,8.147623539E-1,7.112482029E0
1.718773455E1,-1.906339645E0,-6.987011909E0,1.009647131E0,7.312445117E0
1.719774908E1,-1.978048921E0,-6.945134163E0,1.226884127E0,7.324807897E0
1.720774804E1,-2.016856670E0,-6.914745331E0,2.645740271E0,7.673418756E0
1.721779387E1,-2.066452980E0,-6.889823914E0,2.550944567E0,7.631986613E0
1.722774752E1,-2.131860733E0,-6.866231918E0,2.627272367E0,7.654575823E0
1.723774856E1,-2.187702179E0,-6.741440773E0,5.527094364E0,8.987871641E0
1.724774674E1,-2.064517021E0,-5.638492107E0,6.933578491E0,9.172204450E0
1.725775741E1,-1.847795486E0,-3.946555614E0,8.360815048E0,9.428301949E0
1.726774700E1,-3.787912130E-1,-1.437493324E0,9.680027008E0,9.793507682E0
1.727774934E1,1.085630655E0,3.775749207E-1,1.062681961E1,1.068880030E1
1.728774569E1,2.509762764E0,3.864956856E0,1.063084412E1,1.158670131E1
1.729774778E1,3.724115610E0,5.828163147E0,1.051703262E1,1.258747385E1
1.730774726E1,4.523140430E0,7.040287018E0,1.026638603E1,1.324473944E1
1.731777668E1,4.701084614E0,7.085700035E0,9.901448250E0,1.305166729E1
1.732774122E1,4.756816864E0,6.988433838E0,9.367607117E0,1.261814476E1
1.733775132E1,4.662903309E0,5.971627235E0,8.034377098E0,1.104328821E1
1.734774522E1,3.862689495E0,4.291604996E0,6.873358250E0,8.976708595E0
1.735772325E1,2.642726898E0,2.536632538E0,5.440197945E0,6.558526036E0
1.736773455E1,1.325765014E0,1.280298233E0,3.831034422E0,4.251310525E0
1.737773970E1,-4.482186735E-1,1.230662346E0,2.189716339E0,2.551526491E0
1.738773840E1,-4.795760810E-1,1.452575684E0,4.311641455E-1,1.589299171E0
1.739773918E1,-2.530556679E0,3.752261162E0,-1.252998471E0,4.696081995E0
1.740774049E1,-2.729530096E0,5.375849724E0,-3.168991327E0,6.811211407E0
1.741776522E1,-3.397793770E0,6.283969879E0,-6.199897289E0,9.458964338E0
1.742774726E1,-3.322465897E0,6.154015541E0,-6.367570877E0,9.458152345E0
1.743773736E1,-2.609694958E0,4.752986908E0,-6.391992569E0,8.382061878E0
1.744773840E1,-1.805158854E0,3.032563210E0,-6.303272247E0,7.224007138E0
1.745773814E1,-4.530227184E-1,-2.446460724E-2,-6.130216122E0,6.146981194E0
1.746773840E1,-3.234524429E-1,-2.108029366E0,-5.914211273E0,6.286994852E0
1.747774283E1,1.217819333E0,-4.308712006E0,-5.698735237E0,7.247321324E0
1.748773814E1,1.384282827E0,-5.627869606E0,-5.448075771E0,7.954287200E0
1.749773632E1,1.515569568E0,-5.730997562E0,-5.245329380E0,7.915476264E0
1.750774804E1,1.600761056E0,-5.678185940E0,-5.105059624E0,7.801657855E0
1.751776955E1,1.604957819E0,-4.672885895E0,-4.967634678E0,7.006364712E0
1.752774835E1,1.559811115E0,-3.088263035E0,-4.780421257E0,5.901085212E0
1.753775116E1,1.423798919E0,-1.234417915E0,-4.519993305E0,4.897073660E0
1.754773507E1,1.295752883E0,-6.933593750E-2,-3.654333830E0,3.877878124E0
1.755773788E1,1.170882344E0,1.662730217E0,-2.766465187E0,3.433506498E0
1.756773637E1,-1.647441834E-1,2.482124329E0,-1.851643562E0,3.101074928E0
1.757774595E1,-1.576126218E-1,2.551362038E0,-8.874960542E-1,2.705908208E0
1.758773918E1,-1.494151205E-1,2.511963844E0,-5.706943274E-1,2.580306038E0
1.759773892E1,-3.363083601E-1,1.582056999E0,1.053365588E0,1.930177900E0
1.760773944E1,-2.792972624E-1,-1.356184006E0,1.219462991E0,1.845083197E0
1.761776184E1,-2.577813864E-1,-2.586305618E0,-3.750917912E-1,2.626046810E0
1.762774283E1,-1.896673888E-1,-3.295990944E0,-4.330608845E-1,3.329725477E0
1.763773710E1,-3.220675588E-1,-3.355703831E0,-5.215097666E-1,3.411223849E0
1.764773918E1,-2.536185980E-1,-3.347881317E0,-1.355438232E0,3.620751926E0
1.765774075E1,-1.859248877E-1,-3.266399860E0,-1.436357498E0,3.573102150E0
1.766773840E1,-1.178410873E-1,-3.120600700E0,-2.029207945E0,3.724207317E0
1.767774283E1,-5.382147431E-2,-2.099425316E0,-2.058640480E0,2.940830501E0
1.768773892E1,1.271329641E0,-1.976023197E0,-2.098033905E0,3.150030635E0
1.769780705E1,2.102750301E0,-1.335632324E0,-2.129343987E0,3.277129590E0
1.770773627E1,2.896257401E0,-1.306736946E0,-2.134379387E0,3.827720437E0
1.771778866E1,3.069224358E0,-1.294683456E0,-2.077035904E0,3.925610979E0
1.772774809E1,3.981631994E0,-1.276705742E0,-1.981635928E0,4.627121334E0
1.773773559E1,4.036031246E0,-1.240016937E0,-1.827767611E0,4.600861296E0
1.774773840E1,4.007484436E0,-1.175396919E0,-1.644583106E0,4.488445501E0
1.775773892E1,3.907128811E0,-1.106653214E0,-8.741995096E-1,4.153861055E0
1.776774335E1,3.701106310E0,-1.003625870E0,-6.838458776E-1,3.895266100E0
1.777774864E1,2.821591139E0,2.790880203E-1,2.490274906E-1,2.846274999E0
1.778774369E1,1.857850075E0,2.384347916E-1,4.560065269E-1,1.927796670E0
1.779773744E1,1.718764067E0,2.782850266E-1,4.854118824E-1,1.807544514E0
1.780774187E1,1.612860322E0,1.968077660E0,4.054969549E-1,2.576640424E0
1.781776635E1,1.566003323E0,2.097849846E0,-2.860758305E-1,2.633472947E0
1.782774291E1,1.582121134E0,3.118466377E0,-3.078954220E-1,3.510375965E0
1.783773796E1,2.286247015E0,3.799367905E0,-3.309385777E-1,4.446531483E0
1.784774187E1,2.354613781E0,3.933326721E0,-3.705654144E-1,4.599193829E0
1.785774057E1,3.335144758E0,4.641189575E0,-4.196233749E-1,5.730612097E0
1.786773822E1,3.400187016E0,4.648391724E0,-4.561116695E-1,5.777270568E0
1.787775166E1,3.994560957E0,4.609471321E0,-4.305834770E-1,6.114666404E0
1.788775754E1,3.949476242E0,4.522675514E0,-3.588080406E-1,6.015122576E0
1.789774166E1,3.832110882E0,4.419775009E0,-2.523305416E-1,5.855181948E0
1.790772828E1,3.047008038E0,3.786188126E0,4.506458044E-1,4.880836009E0
1.791776796E1,2.281838417E0,3.742792130E0,4.609727859E-1,4.407695021E0
1.792774968E1,1.251182556E0,3.699253082E0,4.638978243E-1,3.932573247E0
1.793774265E1,5.146849155E-2,3.675145149E0,4.652920961E-1,3.704839755E0
1.794774145E1,-1.533496857E0,3.687545776E0,4.898475409E-1,4.023624868E0
1.795773833E1,-2.588962793E0,3.730584145E0,4.970333576E-1,4.568044282E0
1.796774275E1,-4.726799965E0,4.500571251E0,3.903610706E-1,6.538360747E0
1.797774458E1,-5.470613003E0,4.574388504E0,2.515200377E-1,7.135537761E0
1.798773728E1,-5.534427166E0,4.676178932E0,1.293140650E-1,7.246603038E0
1.799773728E1,-5.500464439E0,5.439612389E0,8.644592762E-2,7.736405166E0
1.800774197E1,-5.350472450E0,5.462988853E0,1.079868078E-1,7.647448189E0
1.801776489E1,-5.088446617E0,5.481727600E0,1.505050659E-1,7.480927632E0
1.802774380E1,-3.977029800E0,5.495526314E0,2.364367247E-1,6.787744679E0
1.803773859E1,-3.643636703E0,5.489911079E0,1.894195437E0,6.855887137E0
1.804773937E1,-2.384860277E0,5.430454254E0,1.905011296E0,6.229483124E0
1.805776098E1,-5.268086791E-1,5.284205437E0,1.912348866E0,5.644238892E0
1.806774004E1,-5.347168446E-1,4.176516533E0,1.721025109E0,4.548751464E0
1.807773140E1,-3.515593112E-1,3.369464874E0,1.730722904E0,3.804246214E0
1.808776359E1,-1.768297255E-1,2.607761383E0,1.741395593E0,3.140723928E0
1.809772854E1,1.029311061E0,2.438698769E0,5.816638470E-2,2.647662417E0
1.810773937E1,1.249807954E0,1.409411430E0,-7.252918482E-1,2.018541247E0
1.811776254E1,2.302688837E0,1.255244255E0,-1.419670463E0,2.982193529E0
1.812774432E1,2.457756758E0,-1.730031967E-1,-1.585631371E0,2.929970176E0
1.813773780E1,3.318240404E0,-1.550683975E-1,-2.473071814E0,4.141358447E0
1.814773807E1,3.356454134E0,-1.367978096E0,-2.572668314E0,4.444746413E0
1.815774249E1,3.402770758E0,-3.122578621E0,-3.247121334E0,5.645630437E0
1.816773833E1,3.307464123E0,-4.101882458E0,-3.242542028E0,6.186989367E0
1.817774614E1,3.144998074E0,-5.107608795E0,-3.154526234E0,6.777146615E0
1.818773989E1,2.178484440E0,-5.928243637E0,-2.995633125E0,6.990256426E0
1.819773807E1,1.345506430E0,-6.060106277E0,-2.186416149E0,6.581465735E0
1.820773911E1,-4.660188556E-1,-6.963779449E0,-1.957714796E0,7.248727131E0
1.821775968E1,-5.119901896E-1,-7.003845215E0,-8.127813339E-1,7.069412652E0
1.822774458E1,-5.603944063E-1,-7.040448189E0,-6.968975067E-4,7.062715701E0
1.823773937E1,-2.404656649E0,-7.063378334E0,7.919746637E-1,7.503393296E0
1.824775640E1,-3.165297508E0,-7.088336945E0,1.039645553E0,7.832272456E0
1.825774604E1,-3.355512857E0,-7.122020245E0,2.405744791E0,8.232268636E0
1.826786791E1,-4.130091190E0,-7.723622799E0,2.551885605E0,9.122725608E0
1.827774359E1,-4.165393829E0,-7.719181538E0,2.670321226E0,9.168799530E0
1.828773499E1,-4.169129848E0,-7.720859528E0,3.838445663E0,9.577420355E0
1.829774275E1,-4.139934540E0,-7.694995403E0,4.816781998E0,9.977645066E0
1.830773989E1,-3.972215414E0,-7.591738701E0,6.018475056E0,1.047067494E1
1.831776098E1,-3.089625120E0,-6.543209076E0,7.419772625E0,1.036399509E1
1.832774354E1,-2.212191820E0,-4.899685860E0,8.901574135E0,1.039897765E1
1.833773885E1,-2.758660913E-1,4.267559052E-1,1.123627949E1,1.124776420E1
1.834773963E1,1.686749578E0,2.670515060E0,1.124801445E1,1.168309051E1
1.835774952E1,2.829112291E0,4.780805588E0,1.205335999E1,1.327190511E1
1.836773859E1,3.653111458E0,6.323063850E0,1.180688667E1,1.388268464E1
1.837774900E1,3.830571413E0,7.166027069E0,1.040525436E1,1.320206574E1
1.838774744E1,3.892164707E0,7.098882675E0,9.059634209E0,1.214989931E1
1.839774640E1,3.885771751E0,6.277214050E0,7.899522781E0,1.081226611E1
1.840774952E1,3.646917820E0,4.782502174E0,7.319544792E0,9.473545936E0
1.841778130E1,2.238637686E0,3.059729576E0,5.853496075E0,6.974013196E0
1.842773666E1,1.255640507E0,1.485072136E0,4.809409618E0,5.187725244E0
1.843775510E1,-2.604871988E-1,2.197647095E-2,3.615316153E0,3.624754810E0
1.844773702E1,-5.010916591E-1,-2.919578552E-2,2.185049057E0,2.241959997E0
1.845774833E1,-1.505639791E0,2.459335327E-2,3.957905769E-1,1.556986254E0
1.846773734E1,-2.277242899E0,2.484717369E0,-1.491560340E0,3.685703172E0
1.847773676E1,-2.470426559E0,4.489188194E0,-3.674238682E0,6.305223860E0
1.848774874E1,-2.588299990E0,5.862363815E0,-5.523050308E0,8.459946279E0
1.849774900E1,-2.644348145E0,6.004277229E0,-7.070306301E0,9.645369529E0
1.850775083E1,-2.600560427E0,6.064427376E0,-8.073371887E0,1.042686566E1
1.851778051E1,-1.626872897E0,4.575631142E0,-8.111964226E0,9.454474040E0
1.852774770E1,-3.027536273E-1,2.577858925E0,-7.889873981E0,8.305849014E0
1.853774822E1,-3.807086945E-1,-3.181171417E-2,-6.750394344E0,6.761196262E0
1.854774952E1,1.001311779E0,-3.212110519E0,-6.409846783E0,7.239227517E0
1.855774900E1,1.162036180E0,-5.290899277E0,-5.501779556E0,7.720979311E0
1.856774952E1,1.297422290E0,-6.425552368E0,-5.189642906E0,8.360826594E0
1.857774822E1,1.390908837E0,-6.452119827E0,-4.889442444E0,8.214080902E0
1.858774874E1,1.385508060E0,-5.625896454E0,-4.610549927E0,7.404560360E0
1.859774952E1,1.291166782E0,-3.930259705E0,-4.329187393E0,5.987981003E0
1.860779171E1,-2.809413522E-2,-1.941624641E0,-4.043688297E0,4.485767557E0
1.861775286E1,-1.844992489E-2,4.597663879E-3,-3.164946079E0,3.165003195E0
1.862772640E1,-7.690712810E-3,1.465974808E0,-2.916520834E0,3.264235754E0
1.863772421E1,-1.952355802E-1,2.428249359E0,-2.123950005E0,3.231977027E0
1.864773687E1,-1.813919842E-1,2.548057556E0,-1.846881509E0,3.152216945E0
1.865774406E1,-1.665787697E-1,2.542391777E0,-1.032740235E0,2.749192032E0
1.866774145E1,-1.504272223E-1,1.733604431E0,-8.856182098E-1,1.952519471E0
1.867774041E1,-8.662874997E-2,6.276035309E-2,-8.347555399E-1,8.415819708E-1
1.868773833E1,-2.215117812E-1,-1.305534363E0,-8.578572273E-1,1.577785304E0
1.869773807E1,-1.574421525E-1,-2.533942223E0,-1.456197262E0,2.926800588E0
1.870774458E1,-5.165009946E-2,-3.356485844E0,-1.550158739E0,3.697520395E0
1.871775890E1,1.298899949E-2,-3.375747681E0,-2.210856438E0,4.035310063E0
1.872774171E1,-1.227646619E-1,-3.346396446E0,-2.219149590E0,4.017221084E0
1.873773911E1,-5.938610435E-2,-3.264868736E0,-2.240903854E0,3.960371783E0
1.874773963E1,1.388594031E0,-3.127077579E0,-2.258881569E0,4.099921160E0
1.875774614E1,1.558100939E0,-2.310296059E0,-2.213555813E0,3.558788523E0
1.876773755E1,2.675416946E0,-2.219391823E0,-2.115377426E0,4.069198638E0
1.877773650E1,2.833306313E0,-2.127246380E0,-1.979603767E0,4.058525951E0
1.878773859E1,3.663068771E0,-2.019603252E0,-1.778328180E0,4.545252604E0
1.879777489E1,3.700623989E0,-1.902382851E0,-8.889715672E-1,4.254873543E0
1.880777093E1,3.652226448E0,-1.088943481E0,-7.131855488E-1,3.877265733E0
1.881787906E1,3.545159340E0,-9.666337967E-1,2.318382263E-2,3.674652791E0
1.882773760E1,3.338433743E0,2.478122711E-1,2.101035118E-1,3.354205459E0
1.883774197E1,2.339425802E0,2.875108719E-1,9.021451473E-1,2.523775238E0
1.884773807E1,2.096193314E0,3.277864456E-1,1.030425072E0,2.358653470E0
1.885774327E1,9.009337425E-1,3.600625992E-1,1.130927324E0,1.490074930E0
1.886774119E1,6.947453022E-1,1.601922989E0,1.140711784E0,2.085677749E0
1.887774041E1,-6.333386898E-1,1.727016449E0,1.055460811E0,2.120778450E0
1.888773728E1,-6.161499023E-1,2.613629341E0,2.226457596E-1,2.694488851E0
1.889773650E1,-6.329525709E-1,3.382876396E0,-7.047901154E-1,3.513005946E0
1.890774380E1,9.724108577E-1,3.499174118E0,-7.767539024E-1,3.713912897E0
1.891776255E1,1.775648594E0,4.266184807E0,-8.610856533E-1,4.700503083E0
1.892774067E1,2.678532839E0,4.295991898E0,-9.573380947E-1,5.152337409E0
1.893773728E1,3.594743252E0,4.293733597E0,-1.045529842E0,5.696618286E0
1.894773833E1,3.741170168E0,4.279878616E0,-1.091403961E0,5.788339814E0
1.895774484E1,4.453312874E0,4.304812431E0,-1.074927568E0,6.286403972E0
1.896773702E1,4.419250965E0,4.376677513E0,-9.795413017E-1,6.296394707E0
1.897773780E1,4.277732372E0,4.991680145E0,-9.002459049E-1,6.635232295E0
1.898777911E1,3.103811502E0,5.046214104E0,-8.856027126E-1,5.990176524E0
1.899773609E1,1.936743975E0,5.099766731E0,-8.782124519E-1,5.525382796E0
1.900772760E1,5.168855190E-1,5.175238609E0,-8.276178837E-1,5.266423517E0
1.901778130E1,-1.208462000E0,5.269635201E0,-7.200932503E-1,5.454169950E0
1.902773859E1,-2.711100578E0,5.858502388E0,-5.414247513E-2,6.455621425E0
1.903773807E1,-4.110382080E0,5.842730522E0,-2.584648132E-2,7.143767132E0
1.904774041E1,-5.237225056E0,5.798042297E0,2.427816391E-3,7.813182876E0
1.905774614E1,-6.009655952E0,5.737575531E0,8.338832855E-2,8.309193177E0
1.906773885E1,-6.035112381E0,5.596705437E0,1.085914969E0,8.302102415E0
1.907773937E1,-5.845469952E0,5.491491318E0,1.151203752E0,8.102546879E0
1.908774327E1,-4.860571384E0,5.378173828E0,2.205198050E0,7.577123884E0
1.909772744E1,-3.885233164E0,5.264557838E0,2.212494612E0,6.906934080E0
1.910775135E1,-2.725376129E0,4.538224220E0,2.018516541E0,5.665471132E0
1.911775968E1,-1.502495170E0,4.411632538E0,1.996840954E0,5.070243306E0
1.912773885E1,-3.294967711E-1,3.519331932E0,1.974484563E0,4.048809042E0
1.913773989E1,-1.489719748E-1,2.813860893E0,2.872580290E-1,2.832405859E0
1.914773755E1,1.606393933E0,2.082058907E0,-7.182239294E-1,2.726044088E0
1.915776979E1,2.422481537E0,1.397783279E0,-1.673665404E0,3.259351282E0
1.916773640E1,2.664146662E0,1.224409103E0,-2.503846169E0,3.855658274E0
1.917774411E1,3.762449741E0,-1.363162994E-1,-2.687365532E0,4.625639814E0
1.918772515E1,3.859237671E0,-1.226634979E-1,-3.554274797E0,5.248012106E0
1.919773760E1,3.917142868E0,-1.503919601E0,-3.638173103E0,5.553565156E0
1.920774900E1,3.862508059E0,-2.301770210E0,-3.701763391E0,5.824102232E0
1.921776104E1,3.724124193E0,-3.123090744E0,-3.685016155E0,6.099355775E0
1.922774327E1,3.522051096E0,-3.912723541E0,-3.576239824E0,6.364254922E0
1.923773937E1,2.461627960E0,-4.663698196E0,-3.400378704E0,6.274732537E0
1.924774093E1,1.049449682E0,-5.801729679E0,-2.524491787E0,6.413616038E0
1.925774458E1,-2.493942380E-1,-5.843648911E0,-1.491995811E0,6.036263876E0
1.926773937E1,-2.764184773E-1,-5.882997513E0,-1.220024824E0,6.014526372E0
1.927774015E1,-3.049570918E-1,-5.880385876E0,4.519629478E-2,5.888461563E0
1.928774041E1,-1.925466895E0,-5.835309029E0,3.052868843E-1,6.152353558E0
1.929774015E1,-2.085640907E0,-5.772147655E0,1.390192866E0,6.292870788E0
1.930774406E1,-2.244172335E0,-5.709998131E0,1.617728829E0,6.344874679E0
1.931775942E1,-2.362895966E0,-5.690737724E0,2.708712101E0,6.730891058E0
1.932773833E1,-2.430276155E0,-5.715151787E0,2.831435442E0,6.825410522E0
1.933773859E1,-2.462071419E0,-5.806006432E0,2.914916992E0,6.947535349E0
1.934774817E1,-2.451970577E0,-6.666852474E0,4.369306564E0,8.339659554E0
1.935775692E1,-2.331824303E0,-6.780811310E0,5.480443954E0,9.025080196E0
1.936775911E1,-2.165128946E0,-7.535611153E0,6.792936325E0,1.037387115E1
1.937773734E1,-1.464341640E0,-7.507529259E0,7.795907974E0,1.092169736E1
1.938773812E1,-1.274721980E0,-6.396596909E0,8.523063660E0,1.073238008E1
1.939774015E1,-2.416468859E-1,-4.345262527E0,9.286996841E0,1.025612061E1
1.940774614E1,-1.277266741E-1,-1.713521004E0,1.004984283E1,1.019567601E1
1.941776385E1,1.647076011E0,3.173713684E-1,1.050127411E1,1.063439429E1
1.942774119E1,2.454755783E0,3.336847305E0,1.033022785E1,1.112986897E1
1.943774432E1,3.351739168E0,6.399773598E0,1.002089500E1,1.235352558E1
1.944773937E1,3.399945736E0,6.454700470E0,9.665224075E0,1.210947338E1
1.945774640E1,3.444682837E0,6.295488358E0,9.301143646E0,1.174777794E1
1.946773833E1,3.370977402E0,4.715505600E0,8.873929977E0,1.059934502E1
1.947773937E1,3.178738832E0,2.777567863E0,8.333527565E0,9.341677873E0
1.948773885E1,2.354321480E0,-5.999851227E-2,6.559509277E0,6.969475691E0
1.949773989E1,2.139888287E0,-2.090930939E-2,4.394524097E0,4.887883092E0
1.950774510E1,9.777625799E-1,2.823352814E-2,1.854203582E0,2.096398750E0
1.951775994E1,-3.813856542E-1,8.456420898E-2,-1.237643361E0,1.297831735E0
1.952778364E1,-4.025417566E-1,2.669198990E0,-3.014645100E0,4.046572400E0
1.953773937E1,-1.747719884E0,4.528972626E0,-4.960993290E0,6.941006574E0
1.954785666E1,-2.554965258E0,5.863358498E0,-6.698481083E0,9.261558679E0
1.955774984E1,-2.696367979E0,6.038407326E0,-7.981720924E0,1.036535731E1
1.956773911E1,-2.812773228E0,6.123228073E0,-8.103724480E0,1.053925831E1
1.957774041E1,-2.837445259E0,6.029416084E0,-7.974919319E0,1.039251135E1
1.958774093E1,-2.706609249E0,4.686639786E0,-6.804869652E0,8.694629209E0
1.959773911E1,-1.817049742E0,2.355676651E0,-5.715954781E0,6.443835915E0
1.960774979E1,-4.867881835E-1,3.880786896E-2,-5.418148994E0,5.440110965E0
1.961778182E1,6.759936810E-1,-4.870399952E0,-5.243782043E0,7.188533457E0
1.962774614E1,8.424406052E-1,-5.667183399E0,-5.115756035E0,7.680991711E0
1.963775135E1,1.599562645E0,-5.630143166E0,-5.606288433E0,8.104787642E0
1.964774744E1,1.624880195E0,-4.432479382E0,-5.407453537E0,7.178277152E0
1.965775369E1,1.585475683E0,-2.725739479E0,-5.076241970E0,5.975920129E0
1.966774692E1,1.526997328E0,1.880073547E-2,-3.937214375E0,4.223000277E0
1.967775004E1,1.458521605E0,-6.249523163E-2,-3.618637562E0,3.902015983E0
1.968774900E1,1.392229080E0,1.866676331E0,-2.523854494E0,3.434038998E0
1.969774874E1,1.295146346E0,2.538686752E0,-2.230623960E0,3.619118365E0
1.970773786E1,1.173271298E0,2.564447403E0,-1.205827594E0,3.067079426E0
1.971778536E1,1.039641380E0,2.427344322E0,-1.006515503E0,2.825938449E0
1.972773968E1,-5.792599916E-1,-5.428409576E-2,-9.054346681E-1,1.076243857E0
1.973775650E1,-5.669510961E-1,-2.359008789E-2,-9.431992769E-1,1.100733807E0
1.974773916E1,-5.534548163E-1,-2.129919052E0,-2.079605103E0,3.027808578E0
1.975775291E1,-5.378099084E-1,-3.071961880E0,-2.104718208E0,3.762449737E0
1.976775109E1,-5.186950564E-1,-3.198314190E0,-2.099515676E0,3.860857974E0
1.977774978E1,-6.945149899E-1,-3.783356667E0,-2.078207016E0,4.372079956E0
1.978774952E1,-6.654252410E-1,-3.741183281E0,-2.053038836E0,4.319052159E0
1.979774822E1,-5.421915054E-1,-2.972212791E0,-2.112691879E0,3.686663462E0
1.980774848E1,-4.665611982E-1,-2.863801479E0,-2.109921455E0,3.587590670E0
1.981779197E1,6.919617057E-1,-2.740744591E0,-2.061597347E0,3.498667680E0
1.982775499E1,1.565495968E0,-2.068647385E0,-1.962913513E0,3.253169084E0
1.983774822E1,2.346706629E0,-2.010849476E0,-1.835526109E0,3.594398936E0
1.984773754E1,2.523236752E0,-1.937550545E0,-1.702782154E0,3.608364295E0
1.985773963E1,3.407491684E0,-1.845643044E0,-1.575119376E0,4.183108757E0
1.986773885E1,3.480903864E0,-1.722699165E0,-1.417237639E0,4.134361698E0
1.987774197E1,3.496338367E0,-9.119663239E-1,-6.551537514E-1,3.672232426E0
1.988775968E1,3.460246563E0,-7.824172974E-1,-4.714584351E-1,3.578792556E0
1.989773697E1,3.362276316E0,3.105278015E-1,2.517943382E-1,3.385960710E0
1.990772718E1,3.223156452E0,3.516035080E-1,3.328374624E-1,3.259316388E0
1.991775588E1,3.014300108E0,1.746563911E0,3.498512506E-1,3.501269275E0
1.992773656E1,2.791554451E0,2.481950760E0,3.473997116E-1,3.751472029E0
1.993774275E1,2.006284475E0,2.655095100E0,3.061056137E-1,3.341916820E0
1.994774119E1,1.876697302E0,3.751658440E0,2.414546013E-1,4.201813196E0
1.995774015E1,1.776385546E0,3.894771576E0,1.387958527E-1,4.282996092E0
1.996774249E1,1.715592623E0,4.783315659E0,-4.940960407E-1,5.105633911E0
1.997774015E1,1.792980194E0,4.800641060E0,-5.011208057E-1,5.148985786E0
1.998774171E1,2.352344751E0,4.703092575E0,-4.552567005E-1,5.278244430E0
1.999774015E1,2.339937210E0,4.598805428E0,-3.817887306E-1,5.173981073E0
2.000774406E1,2.312302589E0,4.515861511E0,3.090856075E-1,5.082841958E0
2.001773911E1,2.246093750E0,4.448994637E0,3.199018240E-1,4.994079253E0
2.002773911E1,2.112446308E0,4.394148827E0,2.927236557E-1,4.884328045E0
2.003774067E1,1.149301410E0,4.335137367E0,2.080724239E-1,4.489722024E0
2.004773937E1,2.233550549E-1,4.284035683E0,8.405613899E-2,4.290677644E0
2.005774119E1,-1.718511820E0,4.267203331E0,-4.570341110E-2,4.600477795E0
2.006773859E1,-1.680110574E0,4.289896965E0,-7.558300495E-1,4.668754285E0
2.007774520E1,-3.494925499E0,4.357034683E0,-8.271205425E-1,5.646448784E0
2.008774182E1,-4.660073280E0,5.003484726E0,-8.750896454E-1,6.893252082E0
2.009773671E1,-5.629501820E0,5.104104042E0,-8.250298500E-1,7.643549114E0
2.010773760E1,-6.330846786E0,5.904524803E0,1.469802856E-2,8.656976968E0
2.011774327E1,-6.388360977E0,5.967193604E0,7.077212334E-1,8.770371989E0
2.012774015E1,-6.322748184E0,6.010463715E0,8.354699612E-1,8.763608202E0
2.013773911E1,-6.162086487E0,6.036085129E0,1.972316742E0,8.848483875E0
2.014773937E1,-5.324579716E0,6.023574829E0,1.987262726E0,8.281534641E0
2.015773885E1,-4.140158653E0,5.927734375E0,1.799850106E0,7.451067635E0
2.016774197E1,-7.765398622E-1,4.196628571E0,1.829912186E0,4.643628336E0
2.017774327E1,-5.652411580E-1,3.015773773E0,4.602301121E-1,3.102611928E0
2.018773989E1,1.187466145E0,1.986110687E0,-2.796630859E-1,2.330863134E0
2.019773911E1,2.300950289E0,1.171577454E0,-1.001752257E0,2.769561977E0
2.020773754E1,3.233706236E0,9.952211380E-1,-1.179194331E0,3.582990428E0
2.021773702E1,3.466089487E0,-1.391677856E-1,-2.046441793E0,4.027538705E0
2.022773807E1,4.262455463E0,-1.248197556E-1,-2.158234358E0,4.779339085E0
2.023773963E1,4.275156975E0,-1.587896347E0,-2.282510757E0,5.099827186E0
2.024773780E1,4.171580791E0,-2.285373688E0,-2.993457317E0,5.620125079E0
2.025778192E1,3.981894016E0,-3.018429756E0,-3.025551796E0,5.841263718E0
2.026773833E1,2.946443796E0,-3.863617420E0,-2.987926722E0,5.704101744E0
2.027784452E1,2.733006716E0,-4.823107719E0,-2.895677567E0,6.254329888E0
2.028774359E1,1.728830457E0,-5.793717861E0,-2.719340801E0,6.629542654E0
2.029774249E1,1.507652640E0,-6.672810555E0,-1.891493320E0,7.097687240E0
2.030774249E1,-6.299988627E-1,-7.385475159E0,-1.699658513E0,7.604668365E0
2.031773937E1,-6.739394069E-1,-7.473314285E0,-8.699439764E-1,7.553901194E0
2.032773833E1,-7.198048234E-1,-8.128549576E0,-6.775932312E-1,8.188441230E0
2.033774015E1,-7.613672614E-1,-8.129738808E0,8.468484879E-2,8.165751938E0
2.034773859E1,-2.277779579E0,-8.094935417E0,3.207327127E-1,8.415410192E0
2.035774015E1,-3.096022606E0,-8.015870094E0,5.172517300E-1,8.608546840E0
2.036774041E1,-3.163100481E0,-7.935210705E0,1.427145600E0,8.660803551E0
2.037773781E1,-3.229484558E0,-7.849217415E0,2.617959499E0,8.882201105E0
2.038773702E1,-3.283411980E0,-7.757817268E0,2.522416592E0,8.793583369E0
2.039773833E1,-3.293181419E0,-7.643849850E0,4.605183601E0,9.512160658E0
2.040774119E1,-3.192578793E0,-6.814656258E0,6.333920479E0,9.836190720E0
2.041773911E1,-2.991989851E0,-5.800922871E0,8.335268974E0,1.058675674E1
2.042773702E1,-1.721110344E0,-4.039753914E0,1.032178688E1,1.121700124E1
2.043773609E1,-6.482322812E-1,-1.560963154E0,1.248763371E1,1.260150017E1
2.044774817E1,1.111851573E0,4.381713867E-1,1.246105194E1,1.251822765E1
2.045773942E1,2.695904732E0,3.505813599E0,1.234830093E1,1.311637020E1
2.046774697E1,3.991468430E0,5.357670784E0,1.214375305E1,1.386027397E1
2.047773760E1,4.929054260E0,6.659594536E0,1.182678509E1,1.444017385E1
2.048774067E1,5.106532574E0,7.315342903E0,1.022091770E1,1.356680048E1
2.049774119E1,5.179490089E0,7.218187332E0,8.448902130E0,1.226023218E1
2.050774041E1,5.074800014E0,6.150677681E0,6.419012070E0,1.023660818E1
2.051773859E1,4.094877243E0,4.528815269E0,4.594362259E0,7.641096253E0
2.052773937E1,9.264423251E-1,1.939402580E0,2.097886562E0,3.003448981E0
2.053773833E1,-6.984832287E-1,2.011005402E0,6.687061191E-1,2.231409738E0
2.054774171E1,-2.368612528E0,3.683598518E0,-8.381994367E-1,4.458901395E0
2.055774171E1,-3.579401016E0,5.292321205E0,-1.059133768E0,6.476306024E0
2.056773911E1,-3.792469025E0,6.393592834E0,-3.556640148E0,8.240785143E0
2.057773937E1,-3.936122179E0,6.515280724E0,-4.823514938E0,9.011561301E0
2.058773780E1,-3.948991776E0,6.520072937E0,-5.923810005E0,9.653880677E0
2.059773833E1,-3.833477020E0,6.363980293E0,-6.027842522E0,9.567166597E0
2.060773755E1,-3.034477472E0,4.732521057E0,-6.046611786E0,8.256289916E0
2.061775077E1,-2.077055931E0,2.442371368E0,-5.957616806E0,6.765540426E0
2.062774900E1,-7.426475883E-1,-5.552864075E-2,-5.903931141E0,5.950715233E0
2.063775010E1,-5.870097280E-1,-3.847498894E0,-5.785628796E0,6.972899592E0
2.064772697E1,-4.395196140E-1,-6.015230179E0,-5.563943386E0,8.205707623E0
2.065773682E1,1.082572818E0,-7.232568264E0,-5.318352699E0,9.042504246E0
2.066773890E1,1.172587276E0,-7.303807735E0,-5.119371891E0,8.996028952E0
2.067774171E1,1.241766095E0,-7.173337936E0,-4.982774258E0,8.821949869E0
2.068773937E1,1.240926504E0,-5.433718681E0,-4.870336056E0,7.401714031E0
2.069773781E1,1.152071357E0,-3.204664707E0,-4.697016716E0,5.801647208E0
2.070773963E1,-3.680312634E-2,1.346451759E0,-4.367621899E0,4.570602571E0
2.071773911E1,-1.794212461E-1,2.969914436E0,-3.345942497E0,4.477489803E0
2.072774484E1,-1.216256246E-1,3.841722488E0,-2.451024771E0,4.558634324E0
2.073774093E1,-6.352309883E-2,3.876098633E0,-1.479303837E0,4.149278930E0
2.074773702E1,-5.473855883E-3,3.707722664E0,-1.170441151E0,3.888080478E0
2.075773807E1,5.255801231E-2,1.750932693E0,-1.866631508E-1,1.761638661E0
2.076774067E1,-8.701949567E-2,2.011775970E-2,-8.294606209E-2,1.218899754E-1
2.077774067E1,-2.743485942E-2,-2.039025784E0,-5.111372471E-2,2.039850835E0
2.078773963E1,3.288607672E-2,-3.365172386E0,-8.683931828E-2,3.366453289E0
2.079775864E1,-1.183760166E0,-4.022441864E0,-8.278329372E-1,4.273948298E0
2.080773489E1,-1.138885140E0,-4.008657455E0,-9.106531143E-1,4.265639818E0
2.081772812E1,-1.013391256E0,-3.882686138E0,-1.751034617E0,4.378165794E0
2.082772369E1,8.043824881E-2,-2.800450802E0,-1.835879207E0,3.349544367E0
2.083773734E1,1.387345940E-1,-2.030398369E0,-1.911679268E0,2.792182381E0
2.084774874E1,2.086579323E0,-1.874927044E0,-1.954186201E0,3.418772938E0
2.085774926E1,3.026411772E0,-1.086173058E0,-1.966965199E0,3.769335779E0
2.086775395E1,3.791733980E0,-1.033446312E0,-1.920243144E0,4.374081799E0
2.087775499E1,3.929597378E0,-9.903573990E-1,-1.802656174E0,4.435325536E0
2.088774744E1,4.661147118E0,-8.945960999E-1,-7.618827820E-1,4.806980342E0
2.089774848E1,4.556633949E0,-8.056383133E-1,-5.969502926E-1,4.665652762E0
2.090775030E1,4.341074467E0,2.063331604E-1,1.217372417E-1,4.347679939E0
2.091774692E1,3.362524748E0,2.398538589E-1,2.776327133E-1,3.382481704E0
2.092775447E1,3.111001968E0,2.746143341E-1,4.431775808E-1,3.154386255E0
2.093774926E1,2.114783049E0,3.105287552E-1,5.682970285E-1,2.211718102E0
2.094774952E1,1.886658669E0,1.507498741E0,5.878822803E-1,2.485485659E0
2.095774718E1,1.103524446E0,1.605496407E0,5.342886448E-1,2.020111203E0
2.096774640E1,9.679822326E-1,1.694030762E0,3.868403435E-1,1.989063919E0
2.097774796E1,8.806197047E-1,2.347297668E0,-5.237171650E-1,2.561167132E0
2.098775504E1,8.699011207E-1,2.419183731E0,-6.375198364E-1,2.648699573E0
2.099775817E1,1.492605448E0,2.540370941E0,-7.579193115E-1,3.042334174E0
2.100773650E1,1.596919060E0,3.425231934E0,-1.388822794E0,4.026312585E0
2.101773682E1,2.711971760E0,3.509405136E0,-1.430664539E0,4.660205603E0
2.102773786E1,3.404817820E0,3.586415291E0,-1.464821100E0,5.157602144E0
2.103775057E1,3.529327154E0,3.651021957E0,-1.476543665E0,5.288316621E0
2.104774952E1,4.335685730E0,4.269426346E0,-1.407781601E0,6.245640168E0
2.105775291E1,4.313881397E0,4.348018646E0,-1.302037239E0,6.261800047E0
2.106775083E1,4.173578739E0,5.018851280E0,-1.189755440E0,6.634994022E0
2.107775265E1,2.423928261E0,5.195024490E0,-1.009818077E0,5.820948395E0
2.108773963E1,1.078870296E0,5.827914238E0,-3.259928226E-1,5.935892250E0
2.109772952E1,-1.547058225E0,5.877187729E0,-2.532875538E-1,6.082670412E0
2.110774119E1,-1.563174248E0,5.933824539E0,-1.950390339E-1,6.139367037E0
2.111773780E1,-3.850645542E0,5.985427856E0,-1.927261353E-1,7.119688271E0
2.112774510E1,-5.255086899E0,6.008866310E0,-2.283527851E-1,7.985897422E0
2.113774093E1,-6.263052940E0,5.997965813E0,-2.379009724E-1,8.675138206E0
2.114773833E1,-6.408794403E0,5.947506905E0,-2.078466415E-1,8.745780943E0
2.115773676E1,-6.450299263E0,5.850430489E0,-1.302044392E-1,8.709239386E0
2.116782093E1,-6.334368229E0,5.717185020E0,-5.653429031E-2,8.533089801E0
2.117774333E1,-6.124924660E0,5.005740166E0,7.082479000E-1,7.941898500E0
2.118790046E1,-5.072244167E0,4.913887978E0,7.953307629E-1,7.106793016E0
2.119773577E1,-3.936751842E0,4.772410393E0,1.934391141E0,6.481958432E0
2.120773994E1,-2.738730431E0,3.957275391E0,1.949507117E0,5.192422449E0
2.121773781E1,-6.513465047E-1,3.799582481E0,1.961869597E0,4.325507094E0
2.122774510E1,-4.604646862E-1,2.844896317E0,1.971876144E0,3.491956229E0
2.123773833E1,-2.786202431E-1,2.706602097E0,4.921728373E-1,2.765060262E0
2.124774093E1,8.423727751E-1,1.873061180E0,-3.637554646E-1,2.085729636E0
2.125774145E1,2.060477257E0,-1.165332794E-1,-2.138277531E0,2.971763337E0
2.126773833E1,2.206147909E0,-1.028594971E-1,-2.841567993E0,3.598913354E0
2.127774666E1,2.993207932E0,-8.862972260E-2,-2.975281239E0,4.221308730E0
2.128774249E1,3.062814236E0,-1.835702896E0,-3.074300289E0,4.711895418E0
2.129774119E1,3.069459677E0,-2.891698837E0,-3.171481133E0,5.276532711E0
2.130773989E1,3.024000168E0,-3.979223251E0,-3.198932171E0,5.933966779E0
2.131773911E1,2.897715092E0,-4.999876976E0,-3.128864050E0,6.571553300E0
2.132774484E1,2.196320295E0,-5.923338890E0,-2.951131344E0,6.972728494E0
2.133773833E1,1.997407794E0,-6.776049614E0,-2.090737820E0,7.367202379E0
2.134785468E1,7.855551243E-1,-7.417854786E0,-1.868481398E0,7.689791233E0
2.135774244E1,-3.940520287E-1,-7.481353760E0,-7.997813225E-1,7.534293679E0
2.136775577E1,-4.107269347E-1,-7.543034077E0,-5.496754646E-1,7.574180009E0
2.137772989E1,-4.302899241E-1,-7.578187943E0,6.207029819E-1,7.615730701E0
2.138774275E1,-2.106720448E0,-7.603609085E0,8.689520359E-1,7.937771715E0
2.139773937E1,-2.257138968E0,-7.629969597E0,2.523018360E0,8.347259072E0
2.140773937E1,-2.420735836E0,-7.658063889E0,2.668039560E0,8.463116424E0
2.141774067E1,-3.094533205E0,-7.690705299E0,2.781774282E0,8.744218199E0
2.142775057E1,-3.119297266E0,-7.739865303E0,2.862826586E0,8.822205303E0
2.143773833E1,-3.099622011E0,-7.746878147E0,5.810443878E0,1.016774487E1
2.144773859E1,-2.907924414E0,-7.596426010E0,7.128736496E0,1.081575686E1
2.145773780E1,-1.820684671E0,-5.816448689E0,8.476177216E0,1.043990173E1
2.146773833E1,-3.928501606E-1,-3.390138626E0,9.756410599E0,1.033609786E1
2.147774536E1,-4.771441817E-1,3.781852722E-1,1.080455494E1,1.082169571E1
2.148774015E1,1.820253015E0,2.624150276E0,1.085274887E1,1.131289723E1
2.149773780E1,2.937597275E0,5.169771194E0,1.218063259E1,1.355447610E1
2.150773859E1,3.689741850E0,6.928941727E0,1.195742321E1,1.430399938E1
2.151773911E1,3.831891298E0,7.818788528E0,1.164426708E1,1.453980058E1
2.152775473E1,3.857761145E0,7.796083450E0,9.302087784E0,1.273538674E1
2.153775322E1,3.821024179E0,7.605734825E0,8.667405128E0,1.214789445E1
2.154775010E1,3.587305546E0,5.886360168E0,6.939242363E0,9.781159527E0
2.155772593E1,2.165735245E0,4.059363365E0,5.349748611E0,7.056107304E0
2.156773604E1,9.825989604E-1,2.568092346E0,3.600733042E0,4.530549355E0
2.157774822E1,-4.651767612E-1,2.434718132E0,1.927402616E0,3.139923987E0
2.158773833E1,-1.656934619E0,2.543897629E0,2.101217508E-1,3.043188891E0
2.159774223E1,-2.910096169E0,4.265350342E0,-1.276399493E0,5.318934942E0
2.160774015E1,-3.900245905E0,5.979290962E0,-3.013302326E0,7.748795354E0
2.161773963E1,-4.147569180E0,6.987724304E0,-5.714635849E0,9.934167501E0
2.162774223E1,-4.198859215E0,6.852125168E0,-6.458533287E0,1.030993163E1
2.163774275E1,-4.125416756E0,5.317378044E0,-6.477428436E0,9.340805737E0
2.164773937E1,-3.905520439E0,3.398940086E0,-6.416604519E0,8.244919476E0
2.165774458E1,-2.708505154E0,1.171112061E-2,-6.279224873E0,6.838479533E0
2.166773963E1,-1.523835301E0,-2.431188583E0,-6.133311272E0,6.771281940E0
2.167774562E1,4.180329293E-2,-5.256583214E0,-6.078962803E0,8.036616412E0
2.168773859E1,1.942193210E-1,-7.000821590E0,-6.819763184E0,9.775397381E0
2.169773781E1,3.395364285E-1,-7.690556526E0,-6.652419090E0,1.017421370E1
2.170773963E1,4.783605337E-1,-7.574719429E0,-6.449747086E0,9.960142604E0
2.171774577E1,4.113050103E-1,-5.783663273E0,-6.189527035E0,8.481166051E0
2.172774822E1,5.028432608E-1,-3.550037384E0,-5.874777794E0,6.882487261E0
2.173773223E1,1.960842133E0,-1.059988976E0,-4.736360550E0,5.234652783E0
2.174773708E1,2.019709587E0,1.166045189E0,-3.817783833E0,4.473741342E0
2.175774432E1,2.088743687E0,2.926136971E0,-2.607683420E0,4.441299425E0
2.176773916E1,2.127473116E0,3.963418007E0,-1.354038239E0,4.697684931E0
2.177774640E1,2.119948387E0,4.056250572E0,-2.205250263E-1,4.582137182E0
2.178773911E1,2.009514093E0,3.970805168E0,1.024793863E0,4.566797898E0
2.179774197E1,1.853902221E0,2.465950012E0,1.176745296E0,3.301907388E0
2.180774510E1,2.749773264E-1,-1.395517349E0,-8.585911989E-1,1.661403036E0
2.181773937E1,2.683990598E-1,-2.849365234E0,-9.915488958E-1,3.028875948E0
2.182774588E1,2.641664445E-1,-3.706893444E0,-2.013676167E0,4.226787742E0
2.183773755E1,-1.089885950E0,-3.784289837E0,-2.074580193E0,4.451132882E0
2.184773859E1,-1.104492068E0,-3.781839371E0,-2.164950132E0,4.495466698E0
2.185773911E1,-1.045727372E0,-3.685547352E0,-2.894637585E0,4.801638446E0
2.186773833E1,1.276231110E-1,-2.877145767E0,-2.897911549E0,4.085602375E0
2.187774536E1,1.815637797E-1,-2.700023651E0,-2.867888927E0,3.943080017E0
2.188773963E1,1.721676946E0,-1.682475090E0,-2.796767712E0,3.690095333E0
2.189780067E1,2.668620348E0,-1.578042984E0,-2.655690670E0,4.082211062E0
2.190774426E1,3.515399456E0,-1.488630295E0,-2.465642214E0,4.544606145E0
2.191776229E1,3.662833452E0,-1.422331810E0,-1.697716236E0,4.280375812E0
2.192774619E1,4.387176037E0,-1.376618385E0,-1.561218023E0,4.855902951E0
2.193774015E1,4.399400234E0,-1.343835831E0,-1.418491602E0,4.813806767E0
2.194774327E1,4.291763306E0,-1.310385704E0,-1.248991013E0,4.657931034E0
2.195773859E1,4.095956802E0,-1.259706497E0,-3.292024136E-1,4.297917730E0
2.196774145E1,3.124866009E0,-1.183575630E0,-1.606771946E-1,3.345363359E0
2.197774848E1,2.862422943E0,-1.065393448E0,5.869945288E-1,3.110159302E0
2.198773754E1,1.522934675E0,3.056993484E-1,6.702427864E-1,1.691746881E0
2.199773807E1,6.471425295E-1,2.391595840E-1,6.336650848E-1,9.367615491E-1
2.200774171E1,-5.234323740E-1,2.651557922E-1,-2.420687675E-2,5.872606042E-1
2.201774275E1,-5.754181147E-1,2.158236504E0,-1.236684322E-1,2.237048210E0
2.202778025E1,3.644081354E-1,2.315381050E0,-7.986357212E-1,2.476207122E0
2.203774067E1,3.854066133E-1,3.405543327E0,-8.454649448E-1,3.530024729E0
2.204773728E1,1.214075327E0,3.519636154E0,-8.814475536E-1,3.826064211E0
2.205773833E1,1.343292952E0,4.180682182E0,-9.039897919E-1,4.483273024E0
2.206773885E1,2.439564228E0,4.203537941E0,-9.147069454E-1,4.945492255E0
2.207776202E1,2.553771257E0,4.183574677E0,-9.058012962E-1,4.984427820E0
2.208775442E1,3.307291985E0,4.155389786E0,-8.624286652E-1,5.380448657E0
2.209797432E1,3.314510822E0,4.161263466E0,-7.873029709E-1,5.377912382E0
2.210775630E1,3.274336576E0,4.213893890E0,-7.471473217E-1,5.388544410E0
2.211773734E1,3.171491623E0,4.296464920E0,-7.772314548E-1,5.396485769E0
2.212776098E1,2.302329063E0,4.990269661E0,-8.435938358E-1,5.560140373E0
2.213774588E1,1.455112815E0,5.049276352E0,-9.003989697E-1,5.331347230E0
2.214775057E1,3.448801041E-1,5.124086380E0,-8.914165497E-1,5.212468415E0
2.215774822E1,-1.150949478E0,5.212478638E0,-8.108406067E-1,5.399266685E0
2.216774926E1,-3.201159000E0,5.272608757E0,-6.314010620E-1,6.200523313E0
2.217774848E1,-4.096074104E0,5.209815979E0,-5.017614365E-2,6.627406978E0
2.218774666E1,-4.277686119E0,5.128756523E0,-1.408648491E-2,6.678543287E0
2.219775239E1,-5.198310852E0,5.048471451E0,4.689955711E-2,7.246495655E0
2.220775004E1,-5.190423012E0,4.972784042E0,1.253612041E-1,7.189213281E0
2.221774900E1,-5.101953506E0,4.928978920E0,1.782009602E-1,7.096232688E0
2.222778260E1,-4.926621914E0,4.890784264E0,2.224366665E-1,6.945563495E0
2.223774952E1,-4.667168140E0,4.830246925E0,2.812525034E-1,6.722562516E0
2.224774900E1,-3.583355188E0,4.760187149E0,9.599971771E-1,6.035015384E0
2.225778494E1,-2.749683142E0,4.639662743E0,9.571533203E-1,5.477533224E0
2.226773729E1,-1.851383090E0,3.698320389E0,8.812053204E-1,4.228677791E0
2.227775140E1,-6.025373936E-2,2.906740189E0,7.230914831E-1,2.995935635E0
2.228773124E1,-9.051800519E-2,2.134334564E0,-4.923785925E-1,2.192262352E0
2.229773645E1,1.113869309E0,1.334125519E0,-1.308470249E0,2.175474691E0
2.230774952E1,2.095871925E0,-1.100759506E-1,-2.058582306E0,2.939822606E0
2.231774510E1,2.965943813E0,-9.189128876E-2,-2.207421303E0,3.698374713E0
2.232776515E1,3.180825472E0,-7.380867004E-2,-2.855658531E0,4.275264208E0
2.233774197E1,4.110253334E0,-1.415709496E0,-2.880287647E0,5.214831999E0
2.234773989E1,4.134273052E0,-2.818873405E0,-2.805422306E0,5.736606598E0
2.235773911E1,3.997220993E0,-3.478235245E0,-2.660085440E0,5.928908047E0
2.236773807E1,3.228590965E0,-3.615654469E0,-1.786673427E0,5.166135770E0
2.237773937E1,2.974512577E0,-4.635824203E0,-1.619626045E0,5.741235028E0
2.238773859E1,1.645857930E0,-4.736017227E0,-9.306750298E-1,5.099496398E0
2.239774067E1,-8.171598613E-2,-5.430688381E0,-7.884743214E-1,5.488237017E0
2.240773859E1,-1.225870624E-1,-5.466492176E0,-6.015267372E-1,5.500854362E0
2.241773989E1,-1.637389809E-1,-5.486628532E0,2.982606888E-1,5.497168593E0
2.242776280E1,-1.924622774E0,-5.488677025E0,4.779301882E-1,5.835937420E0
2.243775369E1,-2.121192932E0,-5.494861603E0,1.245774031E0,6.020375107E0
2.244774411E1,-2.891797781E0,-5.516944408E0,1.378548741E0,6.379621199E0
2.245773098E1,-2.969688654E0,-5.577248096E0,1.545759320E0,6.504930354E0
2.246773338E1,-2.989567757E0,-6.304634571E0,2.736695766E0,7.495027429E0
2.247773890E1,-2.984457970E0,-6.387022972E0,2.613066435E0,7.518588166E0
2.248774249E1,-2.966497183E0,-7.143604279E0,3.961533785E0,8.690508475E0
2.249773963E1,-2.863030195E0,-7.206022739E0,5.050258636E0,9.253584058E0
2.250773780E1,-2.723810196E0,-7.243480682E0,6.238517761E0,9.940133713E0
2.251773989E1,-2.517942905E0,-7.192417145E0,7.356572151E0,1.059198068E1
2.252777218E1,-1.494307399E0,-3.836167336E0,9.718390465E0,1.055444208E1
2.253773937E1,2.023158595E-2,-8.468532562E-1,1.038540268E1,1.041989245E1
2.254774301E1,1.315167785E0,2.288562775E0,1.030374050E1,1.063645872E1
2.255773859E1,2.527913332E0,5.018487930E0,1.007574177E1,1.153673000E1
2.256774015E1,3.519247532E0,6.992976189E0,9.696283340E0,1.246213183E1
2.257773728E1,3.727681875E0,8.117166519E0,8.565914154E0,1.237573795E1
2.258773937E1,4.549458027E0,8.127127647E0,8.121418953E0,1.235739527E1
2.259773807E1,4.591116905E0,7.898322105E0,7.644188881E0,1.191198851E1
2.260773963E1,4.524390221E0,5.481736183E0,6.481522560E0,9.619234541E0
2.261773780E1,4.284080982E0,2.682921410E0,5.961404324E0,7.815993773E0
2.262778432E1,2.924845457E0,-9.834957123E-2,4.598652363E0,5.450871228E0
2.263775682E1,1.926697969E0,-1.789026260E0,3.471737385E0,4.354967336E0
2.264775458E1,-7.368671149E-2,-2.557491302E0,1.968421698E0,3.228138082E0
2.265773551E1,-1.322527379E-1,-2.376505852E0,1.749840975E-1,2.386606437E0
2.266773838E1,-1.974843264E0,-1.952266693E-2,-1.354642868E0,2.394878776E0
2.267774067E1,-3.584635258E0,3.037944794E0,-3.400029182E0,5.799906632E0
2.268774041E1,-4.708840847E0,5.541723251E0,-4.772106647E0,8.698096376E0
2.269774041E1,-4.858463764E0,7.277293205E0,-5.917360783E0,1.056308786E1
2.270773937E1,-4.827102184E0,8.025928497E0,-6.813487053E0,1.158188454E1
2.271774275E1,-3.760963917E0,6.888544083E0,-6.840807915E0,1.041122193E1
2.272776333E1,-2.477071285E0,4.914052010E0,-6.663554192E0,8.642149256E0
2.273774327E1,-8.769854158E-2,1.853617668E0,-6.417779922E0,6.680680252E0
2.274773911E1,6.108310074E-2,-1.624194145E0,-6.230751038E0,6.439254325E0
2.275773780E1,1.976905942E0,-4.246142387E0,-6.050153732E0,7.651290248E0
2.276773807E1,2.213055611E0,-5.768962860E0,-5.822544098E0,8.490027526E0
2.277774249E1,2.385777473E0,-5.874182701E0,-5.567507267E0,8.437718514E0
2.278773859E1,2.448780537E0,-5.758733749E0,-5.269625664E0,8.180983752E0
2.279773702E1,2.358934879E0,-4.138398170E0,-4.232630253E0,6.372289388E0
2.280777754E1,2.228742599E0,-2.218191147E0,-3.884830236E0,4.997956733E0
2.281773728E1,1.433097482E0,-6.855106354E-2,-2.507068872E0,2.888574384E0
2.282777900E1,1.345746636E0,1.295297623E0,-1.576041102E0,2.443918063E0
2.283773952E1,1.248800993E0,2.309834480E0,-6.764500737E-1,2.711535349E0
2.284773989E1,1.128579140E0,2.429156303E0,-3.822599649E-1,2.705663302E0
2.285773885E1,-5.782885849E-2,2.445537567E0,1.012743473E0,2.647573892E0
2.286774223E1,-7.183213532E-2,2.275670052E0,1.170614600E0,2.560111830E0
2.287774275E1,-8.114392310E-2,-9.291648865E-3,1.248508573E0,1.251177176E0
2.288774119E1,-6.164823472E-2,-1.230437279E0,-6.419808865E-1,1.389214116E0
2.289774692E1,-1.996098459E-1,-3.606725216E0,-1.417932868E0,3.880572702E0
2.290773624E1,-1.586851001E0,-3.698215008E0,-2.212011099E0,4.592154554E0
2.291774197E1,-1.595795035E0,-3.718333721E0,-2.243602276E0,4.626696297E0
2.292776515E1,-1.540752053E0,-3.651232719E0,-2.288444042E0,4.576285983E0
2.293773885E1,-1.395386577E0,-3.498281002E0,-2.330531597E0,4.429046307E0
2.294774301E1,-1.109870225E-1,-2.360831261E0,-2.350395441E0,3.333196827E0
2.295773885E1,-5.000340194E-2,-2.187789440E0,-2.304733038E0,3.178162575E0
2.296774015E1,1.563039303E0,-1.261340141E0,-2.224235296E0,2.996880623E0
2.297773911E1,2.504371405E0,-1.174252510E0,-2.071874142E0,3.455923545E0
2.298786749E1,3.214712858E0,-1.090148926E0,-1.892581224E0,3.886472325E0
2.299773942E1,3.350994110E0,-1.013490677E0,-1.178910375E0,3.694070187E0
2.300775025E1,4.012068748E0,-9.535722733E-1,-1.009254456E0,4.245537690E0
2.301773708E1,4.019572258E0,-8.840227127E-1,-2.675185204E-1,4.124320969E0
2.302776494E1,3.906229258E0,-8.028059006E-1,-8.727478981E-2,3.988827048E0
2.303774562E1,3.692119122E0,2.637548447E-1,7.273740768E-1,3.772318024E0
2.304773807E1,2.611857176E0,2.000808716E-1,8.853435516E-1,2.765079288E0
2.305774197E1,2.381266356E0,2.302980423E-1,1.015633583E0,2.599034094E0
2.306774171E1,1.424742818E0,2.547445297E-1,1.091732979E0,1.812916923E0
2.307774093E1,1.184958458E0,2.983589172E-1,9.609600306E-1,1.554538121E0
2.308773937E1,1.080496550E0,2.007887840E0,2.039265633E-2,2.280241705E0
2.309772692E1,1.046396732E0,2.091175079E0,-1.398797035E-1,2.342546833E0
2.310773937E1,1.083922148E0,2.756863594E0,-8.113906384E-1,3.071406659E0
2.311773911E1,1.893746853E0,2.826517105E0,-8.770284653E-1,3.513496125E0
2.312776124E1,1.995027304E0,2.901213646E0,-9.563434124E-1,3.648529469E0
2.313773728E1,3.039291859E0,2.960831642E0,-1.032687664E0,4.366951205E0
2.314774301E1,3.095798731E0,2.998654366E0,-1.065932512E0,4.439832194E0
2.315773807E1,3.152229309E0,3.036858559E0,-9.849622250E-1,4.486558827E0
2.316773583E1,3.167317152E0,3.093567848E0,-3.473958969E-1,4.441029597E0
2.317776327E1,3.109360933E0,3.181564331E0,-2.799561024E-1,4.457449094E0
2.318773890E1,2.981586695E0,3.829871178E0,-2.661967278E-1,4.860929248E0
2.319774187E1,2.121144772E0,3.858994484E0,-2.800869942E-1,4.412430429E0
2.320773749E1,1.212881923E0,3.908092499E0,-3.223447800E-1,4.104652932E0
2.321775083E1,1.510765553E-1,3.979463577E0,-3.404002190E-1,3.996852111E0
2.322776359E1,-1.177025557E0,4.610588074E0,-3.423480988E-1,4.770756100E0
2.323773859E1,-1.371094108E0,4.673263550E0,-3.467311859E-1,4.882572454E0
2.324773989E1,-3.448862553E0,4.740041733E0,-3.897905350E-1,5.874911505E0
2.325774171E1,-5.258963585E0,4.861459732E0,-3.847780228E-1,7.172066846E0
2.326773963E1,-5.355257988E0,4.926948547E0,-3.062688112E-1,7.283365341E0
2.327773859E1,-5.359861851E0,4.996356964E0,4.309281111E-1,7.340122683E0
2.328773729E1,-5.261637688E0,5.568239212E0,4.860140085E-1,7.676348656E0
2.329773963E1,-5.074777126E0,5.551458359E0,5.328198671E-1,7.540288443E0
2.330773650E1,-3.956953049E0,5.499352455E0,5.648849010E-1,6.798488788E0
2.331774848E1,-2.843226433E0,5.392201424E0,6.021733284E-1,6.125551849E0
2.332779197E1,-1.737831593E0,4.632325172E0,6.109333038E-1,4.985151417E0
2.333774822E1,-4.486528039E-1,3.899366379E0,5.447056293E-1,3.962707624E0
2.334778624E1,-2.629702687E-1,3.015581131E0,3.886914253E-1,3.051878756E0
2.335773640E1,-8.548725396E-2,2.078493118E0,-6.543995142E-1,2.180752264E0
2.336774932E1,1.792511344E0,1.234428406E0,-1.363811374E0,2.568441526E0
2.337774921E1,1.979721785E0,1.068426132E0,-1.535083413E0,2.723474588E0
2.338773807E1,2.123707533E0,-1.632366180E-1,-2.278537512E0,3.119056439E0
2.339773786E1,2.211401463E0,-1.473035812E-1,-2.316578388E0,3.206014692E0
2.340775161E1,2.276740313E0,-1.305732727E-1,-2.362352610E0,3.283489863E0
2.341775031E1,2.288018942E0,-1.130132675E-1,-2.413868666E0,3.327846843E0
2.342779301E1,2.189207792E0,-1.750869751E0,-2.432974339E0,3.711810848E0
2.343775161E1,1.393273830E0,-2.626029015E0,-2.388028383E0,3.813124691E0
2.344774900E1,1.255095959E0,-3.288650513E0,-2.258985043E0,4.182523339E0
2.345775109E1,3.246459365E-2,-4.077042580E0,-2.116859436E0,4.593955161E0
2.346774744E1,-1.767909080E-1,-4.887584209E0,-1.963203311E0,5.270095034E0
2.347774978E1,-1.847160459E-1,-5.629848957E0,-1.213189125E0,5.762043661E0
2.348775005E1,-1.951036900E-1,-6.275812149E0,-1.011056423E0,6.359726305E0
2.349774900E1,-2.056860626E-1,-6.383721352E0,-9.161472321E-2,6.387691156E0
2.350774822E1,-1.337235212E0,-7.201280594E0,1.207823753E-1,7.325382487E0
2.351774900E1,-1.465572119E0,-7.227637768E0,1.088556409E0,7.454636436E0
2.352780551E1,-2.169083834E0,-7.249435902E0,1.318129063E0,7.680931571E0
2.353775442E1,-2.225552082E0,-7.242036819E0,2.585453272E0,8.005294997E0
2.354774432E1,-2.293744087E0,-7.224379539E0,2.701031923E0,8.046644960E0
2.355774609E1,-2.342427015E0,-7.199980736E0,4.116322041E0,8.618050479E0
2.356774827E1,-2.348635912E0,-7.145280838E0,5.222242355E0,9.156579280E0
2.357773833E1,-2.272548437E0,-7.041963577E0,6.379122257E0,9.769694376E0
2.358774015E1,-2.116715908E0,-6.242407799E0,7.547174454E0,1.002037842E1
2.359773989E1,-1.242658377E0,-5.137855530E0,8.577917099E0,1.007583352E1
2.360774197E1,4.389679059E-2,-3.326935291E0,9.328931808E0,9.904513822E0
2.361774249E1,-6.415715814E-2,-1.012873650E0,9.324931145E0,9.379998402E0
2.362776463E1,2.414066315E0,3.851349831E0,9.792367935E0,1.079588262E1
2.363774171E1,2.582773209E0,5.636471748E0,9.437402725E0,1.129181568E1
2.364774119E1,2.729427099E0,6.723008156E0,8.302651405E0,1.102645144E1
2.365774197E1,2.780136108E0,6.746117592E0,7.795369148E0,1.067740790E1
2.366773885E1,2.775873899E0,6.594142914E0,6.597939491E0,9.732471536E0
2.367773781E1,2.609973669E0,5.102370262E0,6.182914734E0,8.430574088E0
2.368774197E1,1.707132459E0,3.321979523E0,5.779841423E0,6.881599818E0
2.369773885E1,1.478780746E0,1.436730385E0,5.353611946E0,5.736910978E0
2.370774197E1,-2.444340289E-1,-1.038198471E-1,4.012829781E0,4.021607813E0
2.371780577E1,-2.740919888E-1,-6.899261475E-2,2.749255419E0,2.763745965E0
2.372775770E1,-2.976857722E-1,-2.946376801E-2,1.016099691E0,1.059218351E0
2.373775932E1,-3.162572682E-1,9.846687317E-3,-1.009251714E0,1.057688347E0
2.374773833E1,-1.748768330E0,2.589797974E0,-3.369940042E0,4.595839434E0
2.375773989E1,-1.882094502E0,4.553311348E0,-5.279623032E0,7.221450222E0
2.376774275E1,-2.513395309E0,5.751058578E0,-6.769514084E0,9.231367812E0
2.377774067E1,-2.529744864E0,5.875573158E0,-7.576768398E0,9.916117606E0
2.378773989E1,-2.518403292E0,5.874934196E0,-7.602739811E0,9.932716627E0
2.379774354E1,-2.441233873E0,5.644002914E0,-7.360186577E0,9.590971701E0
2.380773963E1,-2.329549789E-1,1.323679924E0,-4.832388878E0,5.015812878E0
2.381773859E1,-1.126811430E-1,-1.574007034E0,-3.819261551E0,4.132427129E0
2.382776697E1,3.186468035E-3,-4.119670868E0,-3.566538334E0,5.449026876E0
2.383774432E1,1.146915406E-1,-5.701428890E0,-3.414606810E0,6.646727406E0
2.384773937E1,2.252335846E-2,-5.824863911E0,-3.390766144E0,6.739943762E0
2.385773937E1,1.222834945E0,-5.722552776E0,-4.559944153E0,7.418626979E0
2.386773885E1,1.269884586E0,-4.090904236E0,-5.220177174E0,6.752655334E0
2.387773833E1,1.284157157E0,-2.177748680E0,-5.140937328E0,5.728951521E0
2.388773833E1,1.313756108E0,-1.306629181E-2,-4.934849739E0,5.106747281E0
2.389786265E1,1.363225818E0,1.259747505E0,-4.079567909E0,4.481988703E0
2.390774807E1,1.429986835E0,2.363526344E0,-3.023601294E0,4.095519980E0
2.391774885E1,1.428053379E0,2.507332802E0,-2.055238008E0,3.542606033E0
2.392776260E1,1.382762671E0,2.534500122E0,-1.262292147E0,3.151048228E0
2.393772609E1,1.290647864E0,2.353073120E0,-1.051660061E0,2.882483981E0
2.394773890E1,1.154996157E0,-7.837772369E-2,-3.642339706E-1,1.213600253E0
2.395773937E1,-1.705005765E-3,-1.121392250E0,-3.149027824E-1,1.164769182E0
2.396774041E1,1.331689022E-2,-2.374904156E0,-3.494021893E-1,2.400505984E0
2.397773885E1,-1.057255149E0,-3.092739105E0,-1.170444369E0,3.471709038E0
2.398774067E1,-1.270267844E0,-3.160465240E0,-2.006637335E0,3.953316876E0
2.399773755E1,-1.318486571E0,-3.104925156E0,-2.023063898E0,3.933415131E0
2.400773937E1,-1.248930454E0,-2.995954514E0,-2.042645931E0,3.835097538E0
2.401773755E1,2.310451120E-3,-2.241024971E0,-2.036399841E0,3.028055906E0
2.402776671E1,6.057236344E-2,-2.124809742E0,-1.981030464E0,2.905678432E0
2.403773781E1,1.830562830E0,-1.997150898E0,-1.902464747E0,3.310429594E0
2.404774145E1,2.807422161E0,-1.907843113E0,-1.824257851E0,3.853492084E0
2.405773833E1,3.515192270E0,-1.827841759E0,-1.729423642E0,4.323018428E0
2.406773885E1,3.664919376E0,-1.749905109E0,-1.630146623E0,4.376206112E0
2.407775057E1,4.512980938E0,-1.644403458E0,-1.542139530E0,5.044725365E0
2.408774692E1,4.568120956E0,-9.629917145E-1,-1.452793121E0,4.889344534E0
2.409797739E1,4.515447140E0,-8.841876984E-1,-1.372364759E0,4.801503493E0
2.410772640E1,4.379226685E0,2.036590576E-1,-1.295112371E0,4.571260157E0
2.411774426E1,4.167802811E0,2.413520813E-1,-1.226112843E0,4.351112938E0
2.412776437E1,3.355821609E0,2.805633545E-1,-1.144983053E0,3.556858257E0
2.413774145E1,3.116693258E0,2.212295532E-1,-1.048714399E0,3.295833927E0
2.414774145E1,2.201801538E0,2.613058090E-1,-9.451174736E-1,2.410281681E0
2.415774197E1,1.978070736E0,2.993726730E-1,-8.344595432E-1,2.167650932E0
2.416774744E1,1.012155771E0,2.309370041E0,-6.537959576E-1,2.604822152E0
2.417774041E1,8.309518099E-1,3.258591652E0,-5.593609810E-1,3.409073946E0
2.418773911E1,6.852892637E-1,3.365926743E0,-4.851136208E-1,3.469066076E0
2.419774015E1,5.858508348E-1,3.440631866E0,-4.296500683E-1,3.516499399E0
2.420773624E1,5.781892538E-1,3.477889061E0,-3.905758858E-1,3.547191094E0
2.421773911E1,6.177484989E-1,3.473979950E0,-3.733961582E-1,3.548179053E0
2.422776072E1,6.909712553E-1,3.460266113E0,-3.704659939E-1,3.547975184E0
2.423773728E1,7.778421640E-1,3.477553368E0,-4.026300907E-1,3.586157672E0
2.424773780E1,8.448494673E-1,3.529847145E0,-4.625916481E-1,3.658904552E0
2.425774093E1,8.797922134E-1,3.617942810E0,-5.601422787E-1,3.765276071E0
2.426774254E1,8.569691181E-1,4.327848434E0,-6.653892994E-1,4.461772188E0
2.427772952E1,7.591310740E-1,4.399580002E0,-7.477815151E-1,4.526782674E0
2.428777275E1,-1.185886741E0,4.494804382E0,-7.660222054E-1,4.711303834E0
2.429773734E1,-1.131708622E0,5.170031548E0,-7.137196064E-1,5.340354509E0
2.430774041E1,-1.078011632E0,5.173255920E0,-6.052145958E-1,5.318925700E0
2.431774119E1,-2.783061981E0,5.139633179E0,2.202410698E-1,5.848911807E0
2.432776020E1,-3.548064709E0,5.062584877E0,3.002626896E-1,6.189401142E0
2.433773833E1,-4.211769581E0,4.958725929E0,9.681456089E-1,6.577634207E0
2.434773963E1,-4.254381180E0,4.864061356E0,1.040704727E0,6.545373818E0
2.435774354E1,-4.947838783E0,4.768804550E0,1.188392401E0,6.973871375E0
2.436773963E1,-4.858107090E0,4.743434906E0,1.179740667E0,6.891528658E0
2.437774041E1,-4.649920940E0,4.719976425E0,1.182479143E0,6.730393683E0
2.438773598E1,-3.813107014E0,4.672208786E0,1.175091267E0,6.144115846E0
2.439773859E1,-3.511513233E0,4.608813286E0,1.171731353E0,5.911416028E0
2.440774301E1,-2.318540573E0,4.523113251E0,1.155802846E0,5.212491159E0
2.441773833E1,-1.449478030E0,4.398795128E0,1.086830974E0,4.757266726E0
2.442776307E1,3.654480726E-2,3.567147255E0,9.380652905E-1,3.688609704E0
2.443773885E1,2.011583447E-1,3.421750069E0,1.645083427E-1,3.431603300E0
2.444780010E1,3.587956429E-1,2.435983658E0,-4.743552208E-2,2.462722238E0
2.445773963E1,5.098028779E-1,2.268299103E0,-1.341694355E0,2.684254745E0
2.446787848E1,2.231208563E0,1.082721710E0,-2.092980385E0,3.245172545E0
2.447774046E1,2.338929892E0,-1.412477493E-1,-2.256268263E0,3.252889552E0
2.448773786E1,2.392512321E0,-1.280765533E-1,-3.007069111E0,3.844864555E0
2.449773729E1,2.403048754E0,-1.776312828E0,-3.058242083E0,4.275836200E0
2.450774223E1,2.380668640E0,-2.899069786E0,-3.028686047E0,4.821320148E0
2.451774145E1,2.267113447E0,-3.985280037E0,-2.927978754E0,5.440158080E0
2.452776697E1,2.141358852E0,-4.979982853E0,-1.998406053E0,5.777479875E0
2.453774327E1,3.775629401E-1,-5.949298859E0,-5.803647041E-1,5.989451884E0
2.454774171E1,3.629813790E-1,-6.769412994E0,-3.450260162E-1,6.787912103E0
2.455775239E1,1.478249133E-1,-6.779621124E0,7.619524002E-1,6.823905499E0
2.456775187E1,1.319879293E-1,-6.757447243E0,9.349107742E-1,6.823091104E0
2.457775213E1,1.151696965E-1,-6.681996346E0,1.117734671E0,6.775815081E0
2.458774874E1,9.623592347E-2,-6.559801102E0,2.459592819E0,7.006414824E0
2.459775109E1,7.869467884E-2,-5.865744591E0,2.557668209E0,6.399595231E0
2.460774926E1,-8.226314187E-2,-5.793854713E0,2.451177597E0,6.291565090E0
2.461774718E1,-1.020120263E0,-5.755648613E0,2.510484457E0,6.361656114E0
2.462777406E1,-1.087367058E0,-5.759400368E0,2.567189693E0,6.398712576E0
2.463775755E1,-1.146015286E0,-5.804932594E0,2.620656729E0,6.471354970E0
2.464773739E1,-1.200263500E0,-5.878092289E0,4.130637646E0,7.283870454E0
2.465772926E1,-1.211129069E0,-5.941258907E0,5.360810757E0,8.093434561E0
2.466775609E1,-1.150421381E0,-5.921856880E0,6.718844891E0,9.029658627E0
2.467773838E1,-1.012847304E0,-5.762739182E0,8.194216728E0,1.006877402E1
2.468774354E1,6.766774505E-2,-3.961817265E0,9.472804070E0,1.026813478E1
2.469775161E1,1.122648567E-1,-1.879385948E0,1.041480923E1,1.058361688E1
2.470774822E1,1.741332054E0,1.870994568E-1,1.039079666E1,1.053735730E1
2.471774770E1,3.489440918E0,4.522368431E0,1.168459225E1,1.300606436E1
2.472774432E1,3.619827747E0,5.704063416E0,9.821889877E0,1.192094850E1
2.473775031E1,3.717038870E0,5.763387680E0,9.261638641E0,1.152436401E1
2.474774666E1,3.745395184E0,5.729839325E0,7.661859512E0,1.027439219E1
2.475774692E1,3.611420870E0,5.581352234E0,7.100369930E0,9.726721267E0
2.476774979E1,3.401726484E0,4.283726692E0,5.628817081E0,7.848925989E0
2.477774874E1,2.495364904E0,3.182696342E0,4.233806610E0,5.855042308E0
2.478774223E1,1.612139344E0,3.086105347E0,2.704875231E0,4.409012303E0
2.479773937E1,5.568761826E-1,3.139119148E0,1.105301023E0,3.374295550E0
2.480775239E1,-6.424050331E-1,4.182971954E0,-1.400807381E0,4.457824572E0
2.481773614E1,-6.847784519E-1,5.617657661E0,-1.547206640E0,5.866928286E0
2.482772796E1,-2.423002720E0,6.538792610E0,-3.791550636E0,7.937418170E0
2.483774426E1,-2.583017111E0,6.541509628E0,-5.331638813E0,8.825514039E0
2.484773812E1,-3.310066700E0,5.810002327E0,-6.410310268E0,9.263085141E0
2.485774093E1,-3.410445213E0,4.520186424E0,-6.482247353E0,8.607133820E0
2.486774588E1,-3.438810587E0,2.551032066E0,-6.471423149E0,7.759671413E0
2.487773650E1,-3.346231937E0,2.178859711E-2,-6.331929207E0,7.161778439E0
2.488774093E1,-3.171200991E0,-2.749469280E0,-6.172273159E0,7.464117697E0
2.489773859E1,-6.112719774E-1,-7.097080231E0,-6.656032085E0,9.749100695E0
2.490774588E1,-4.753456712E-1,-7.232756615E0,-6.528090477E0,9.754726394E0
2.491774249E1,-3.436179757E-1,-7.119983196E0,-6.384287357E0,9.569292507E0
2.492774015E1,-2.177688628E-1,-5.315687656E0,-6.206340313E0,8.174510298E0
2.493774067E1,-3.003076613E-1,-3.054316521E0,-5.949927807E0,6.694824494E0
2.494773859E1,-1.895781755E-1,-9.067821503E-2,-5.618086815E0,5.622015820E0
2.495773754E1,9.100205898E-1,1.459154129E0,-4.384578228E0,4.709755247E0
2.496773885E1,1.035262704E0,3.071232796E0,-3.258255482E0,4.595701093E0
2.497773963E1,1.735804796E0,4.071740150E0,-1.957201958E0,4.839703054E0
2.498773937E1,1.802348971E0,4.151743889E0,-8.271817565E-1,4.601050836E0
2.499775843E1,1.841555357E0,4.072673798E0,-5.276464820E-1,4.500712033E0
2.500775234E1,1.870358706E0,2.755909920E0,-3.315072060E-1,3.347114907E0
2.501781702E1,1.846469402E0,9.891061783E-1,-2.818868160E-1,2.113584742E0
2.502773864E1,1.760861635E0,-1.387023926E-2,-1.043408513E0,2.046833507E0
2.503774067E1,1.057269692E0,-2.283202171E0,-1.144694209E0,2.764264132E0
2.504773963E1,-1.957727075E-1,-3.255953789E0,-2.074274540E0,3.865511207E0
2.505773807E1,-1.729093045E-1,-3.378962040E0,-2.065916538E0,3.964251914E0
2.506773807E1,-1.486671269E-1,-3.994452953E0,-2.030512810E0,4.483384724E0
2.507774041E1,-1.228094697E-1,-3.966132164E0,-1.996556282E0,4.442017953E0
2.508774093E1,-2.580825388E-1,-3.760170937E0,-1.963821292E0,4.249951310E0
2.509772822E1,-2.385674268E-1,-2.771666527E0,-1.876911402E0,3.355867423E0
2.510774041E1,-1.764674485E-1,-2.615457535E0,-1.700316548E0,3.124553607E0
2.511773989E1,1.655137777E0,-1.646109581E0,-1.487192631E0,2.767833040E0
2.512774015E1,1.833299041E0,-1.514162064E0,-7.900832891E-1,2.505574531E0
2.513773859E1,2.828584671E0,1.098442078E-1,-6.931941509E-1,2.914356725E0
2.514773911E1,2.925197601E0,1.461277008E-1,-5.903811455E-1,2.987755714E0
2.515773833E1,2.995876789E0,1.827793121E-1,-4.622850418E-1,3.036839389E0
2.516773859E1,3.032917500E0,2.192583084E-1,-2.950379848E-1,3.055112138E0
2.517773520E1,2.955513716E0,1.542539597E-1,3.888894320E-1,2.984977487E0
2.518775505E1,2.831756592E0,1.834287643E-1,4.671626091E-1,2.875888108E0
2.519774489E1,2.618206739E0,2.105875015E-1,4.953174591E-1,2.672955857E0
2.520773869E1,1.754973412E0,2.380666733E-1,4.814590216E-1,1.835322916E0
2.521773838E1,1.608894348E0,2.654695511E-1,4.296528101E-1,1.686302655E0
2.522774327E1,1.484644413E0,1.922960281E-1,3.566110134E-1,1.538934115E0
2.523774119E1,1.398804903E0,1.313053131E0,2.528309822E-1,1.935119425E0
2.524773885E1,1.351928473E0,2.267642975E0,-4.851393700E-1,2.684264418E0
2.525773833E1,1.358804941E0,2.430778503E0,-5.718374252E-1,2.842891669E0
2.526774197E1,2.126966953E0,3.613695145E0,-7.742388248E-1,4.264062239E0
2.527773911E1,2.886781454E0,3.702677727E0,-8.155608177E-1,4.765340382E0
2.528774249E1,2.911211967E0,3.757601738E0,-8.458993435E-1,4.828071213E0
2.529773754E1,2.899598598E0,3.802175522E0,-8.471643925E-1,4.856119669E0
2.530773963E1,2.843400240E0,3.856061935E0,-7.832534313E-1,4.854649783E0
2.531773833E1,2.734188557E0,3.924723625E0,-6.982784271E-1,4.833925461E0
2.532774093E1,1.997395515E0,3.999495506E0,-5.968439579E-1,4.510185790E0
2.533773807E1,1.248075366E0,4.633165359E0,-5.137746334E-1,4.825751521E0
2.534773833E1,3.298510313E-1,4.674914360E0,-4.415340424E-1,4.707289909E0
2.535776906E1,-1.207884312E0,4.724783897E0,-3.689432144E-1,4.890673418E0
2.536773833E1,-1.391426563E0,4.801247597E0,-2.912373543E-1,5.007281255E0
2.537772692E1,-3.126979351E0,4.856785774E0,-2.385990620E-1,5.781288561E0
2.538772734E1,-4.222601414E0,4.898069382E0,-2.407715321E-1,6.471430854E0
2.539775421E1,-5.161731720E0,4.925689697E0,-2.743046284E-1,7.140107588E0
2.540774822E1,-5.822429180E0,4.954243660E0,-2.765567303E-1,7.649947413E0
2.541774093E1,-5.850858688E0,4.972959518E0,-1.928410530E-1,7.681149747E0
2.542773937E1,-5.761716843E0,4.980840683E0,5.999202728E-1,7.639768270E0
2.543774301E1,-5.597086906E0,4.994893074E0,6.656165123E-1,7.531227257E0
2.544773781E1,-3.980188847E0,5.008530617E0,2.283080101E0,6.792623716E0
2.545774015E1,-2.957934618E0,4.954458237E0,2.105819225E0,6.142516441E0
2.546774432E1,-1.956369281E0,4.828784943E0,2.127051353E0,5.627512083E0
2.547774171E1,-3.782472312E-1,3.929606438E0,2.121975899E0,4.481925863E0
2.548774380E1,-1.909112930E-1,3.189763069E0,2.115910053E0,3.832507131E0
2.549774145E1,-1.177897304E-2,2.499068260E0,2.107916355E0,3.269371847E0
2.550774145E1,1.281382918E0,2.318248749E0,2.544553280E-1,2.661008636E0
2.551773911E1,1.513862014E0,1.178347588E0,3.129374981E-2,1.918661130E0
2.552774380E1,2.560885429E0,1.003209114E0,-8.929132223E-1,2.891687523E0
2.553774067E1,2.701315880E0,-1.668663025E-1,-1.031058073E0,2.896210040E0
2.554775473E1,3.495422602E0,-1.572132111E-1,-1.191817284E0,3.696366269E0
2.555775911E1,3.557310820E0,-1.896306038E0,-1.945355177E0,4.476029895E0
2.556776286E1,3.553769350E0,-2.767355919E0,-2.085708618E0,4.963639372E0
2.557773734E1,3.508417130E0,-3.722841263E0,-2.189954758E0,5.564570034E0
2.558774067E1,3.383145094E0,-4.643847466E0,-2.251132011E0,6.170784824E0
2.559774093E1,3.193677664E0,-5.405133724E0,-2.239867210E0,6.665737222E0
2.560774171E1,2.177348137E0,-5.544959068E0,-2.198529482E0,6.349877783E0
2.561774093E1,1.942880273E0,-6.483520031E0,-2.108196735E0,7.089097913E0
2.562774171E1,-2.217583209E-1,-6.520141602E0,-1.910881281E0,6.798006364E0
2.563774041E1,-2.127597183E-1,-6.584857941E0,-8.090628386E-1,6.637786037E0
2.564774432E1,-4.458353519E-1,-6.560781956E0,4.958641529E-1,6.594581889E0
2.565774380E1,-2.137054443E0,-6.531821251E0,7.563245296E-1,6.914023238E0
2.566774249E1,-2.308411360E0,-6.509560585E0,2.203093529E0,7.249604342E0
2.567773885E1,-3.020109653E0,-6.486552238E0,2.348804951E0,7.530823790E0
2.568774249E1,-3.049777508E0,-6.489067554E0,2.469715118E0,7.583444688E0
2.569773989E1,-3.048312187E0,-6.506745338E0,3.787022829E0,8.122283176E0
2.570773937E1,-3.019680262E0,-6.548197269E0,4.719410419E0,8.618015495E0
2.571774015E1,-2.940760136E0,-6.563098907E0,5.818121910E0,9.250561064E0
2.572783604E1,-2.199836731E0,-6.526178837E0,7.066802025E0,9.867622951E0
2.573773588E1,-1.971123695E0,-5.776656151E0,8.392602921E0,1.037742110E1
2.574789984E1,-3.375544548E-1,-4.160006523E0,9.695384979E0,1.055557138E1
2.575773838E1,-2.133045197E-1,-1.877574921E0,1.069723988E1,1.086286000E1
2.576774020E1,1.700018644E0,2.134561539E-1,1.070267391E1,1.083895086E1
2.577773859E1,2.885797977E0,3.206004143E0,1.057815456E1,1.142381926E1
2.578774952E1,3.793715239E0,5.231622696E0,1.027674484E1,1.213975436E1
2.579775187E1,3.938004971E0,6.610044479E0,9.717301369E0,1.239461645E1
2.580775005E1,4.536387920E0,7.295372963E0,8.222931862E0,1.189192543E1
2.581774952E1,4.357850552E0,6.371590614E0,6.341445446E0,9.990093029E0
2.582774848E1,3.346867561E0,4.791909218E0,5.207412243E0,7.828221937E0
2.583774900E1,2.356107712E0,2.913097382E0,4.112689018E0,5.563415396E0
2.584774952E1,1.358709574E0,1.223519325E0,3.133394718E0,3.627844223E0
2.585775161E1,-4.849438071E-1,-4.493808746E-2,2.148312569E0,2.202824737E0
2.586774900E1,-5.352128148E-1,5.840301514E-3,1.016847610E0,1.149115281E0
2.587775031E1,-5.769566894E-1,5.545520782E-2,-1.267838836E0,1.394047924E0
2.588775213E1,-2.358249187E0,1.693549156E0,-1.567530394E0,3.299484734E0
2.589775369E1,-2.561809063E0,3.107422829E0,-3.674390078E0,5.451613041E0
2.590773952E1,-3.312138319E0,4.049193382E0,-5.342115402E0,7.476926124E0
2.591776244E1,-3.351271629E0,4.159542084E0,-6.587587357E0,8.481103646E0
2.592774046E1,-3.303211927E0,4.187078476E0,-7.274959564E0,9.020414174E0
2.593775359E1,-3.187427521E0,4.077210426E0,-7.279834747E0,8.931927732E0
2.594772676E1,-2.993635178E0,2.832892418E0,-7.117429256E0,8.224653807E0
2.595773916E1,-1.875167012E0,1.112119675E0,-6.880922794E0,7.218044056E0
2.596774041E1,-1.629329205E0,-1.231101036E0,-6.005131245E0,6.342864076E0
2.597775161E1,-2.732791305E-1,-3.431014538E0,-5.775632858E0,6.723427486E0
2.598775239E1,-3.514786959E-1,-4.926341534E0,-5.538099289E0,7.420439469E0
2.599775187E1,-1.929223388E-1,-5.086817265E0,-5.376506329E0,7.404036008E0
2.600775187E1,-7.737562060E-2,-4.301243782E0,-5.202077389E0,6.750429188E0
2.601774249E1,2.869398519E-2,-2.687982082E0,-5.031041622E0,5.704160834E0
2.602774406E1,-1.125546545E-1,-1.171283722E-1,-4.824646473E0,4.827380366E0
2.603773885E1,-5.335751921E-2,-9.356880188E-2,-4.539047718E0,4.540325576E0
2.604773989E1,4.471204244E-3,2.004890442E0,-3.415848732E0,3.960761068E0
2.605774327E1,6.242745370E-2,2.174654007E0,-2.406083345E0,3.243802445E0
2.606774015E1,1.183609217E-1,2.262589455E0,-1.504048586E0,2.719463641E0
2.607773937E1,-2.577433735E-2,2.205688477E0,-1.210391045E0,2.516102632E0
2.608777296E1,3.155684471E-2,1.144802094E0,-9.665970802E-1,1.498625231E0
2.609812463E1,1.097970009E0,-1.626873016E-2,-8.343123198E-1,1.379086603E0
2.610774385E1,1.435851604E-1,-1.540350914E0,-8.415219784E-1,1.761095363E0
2.611772661E1,1.986880898E-1,-2.467475891E0,-1.575192332E0,2.934134474E0
2.612773968E1,5.365869403E-2,-2.572693348E0,-1.601820946E0,3.031082424E0
2.613774301E1,1.099525616E-1,-2.613357067E0,-1.609431386E0,3.071155176E0
2.614774171E1,1.663806140E-1,-2.583133221E0,-1.596345067E0,3.041147369E0
2.615774874E1,2.222597301E-1,-2.500787258E0,-1.584408164E0,2.968785194E0
2.616774171E1,2.762479186E-1,-2.373089314E0,-1.578837276E0,2.863667743E0
2.617774145E1,1.228044629E0,-1.546493530E0,-1.549692869E0,2.510235813E0
2.618774145E1,2.018642426E0,-1.479366302E0,-1.483374000E0,2.909268004E0
2.619773989E1,2.709872246E0,-1.442358017E0,-1.410867691E0,3.378513265E0
2.620774744E1,2.852972746E0,-1.427006721E0,-1.334379435E0,3.457798454E0
2.621774275E1,3.689946651E0,-1.420588493E0,-1.263724804E0,4.150997270E0
2.622774067E1,3.752649307E0,-1.382806778E0,-1.178859949E0,4.169441472E0
2.623774067E1,3.754710197E0,-1.299295425E0,-1.063754559E0,4.113099930E0
2.624774041E1,3.706805229E0,-1.175800323E0,-9.089055061E-1,3.993622494E0
2.625774484E1,3.596548080E0,3.061981201E-1,-1.005365849E-1,3.610958735E0
2.626776827E1,3.426961184E0,2.407445908E-1,6.009697914E-2,3.435932560E0
2.627773916E1,3.171973944E0,2.764577866E-1,2.298111916E-1,3.192281440E0
2.628772801E1,2.123464584E0,3.133172989E-1,3.533663750E-1,2.175347643E0
2.629773479E1,1.918564081E0,1.800283432E0,4.192180634E-1,2.664141955E0
2.630774385E1,1.714997053E0,1.906138420E0,4.221456051E-1,2.598612222E0
2.631773812E1,1.518287182E0,2.547653198E0,3.409287930E-1,2.985291481E0
2.632774015E1,1.338468194E0,2.659714699E0,2.651491165E-1,2.989294806E0
2.633773937E1,1.203633785E0,3.403079033E0,1.874434948E-1,3.614528497E0
2.634773754E1,1.153891087E0,3.450419426E0,9.528374672E-2,3.639496922E0
2.635774536E1,1.234364033E0,3.486948967E0,7.808208466E-3,3.698990218E0
2.636773937E1,2.136521816E0,3.534317017E0,-5.594468117E-2,4.130284742E0
2.637773833E1,2.213937044E0,3.579812050E0,-1.689624786E-2,4.209139702E0
2.638773807E1,2.791497707E0,3.655050278E0,4.778862000E-2,4.599362536E0
2.639773989E1,2.752037525E0,4.280609131E0,6.445646286E-2,5.089349635E0
2.640774666E1,2.647553682E0,4.327497482E0,1.330113411E-2,5.073159950E0
2.641773833E1,1.774242997E0,4.408315659E0,-7.319283485E-2,4.752530100E0
2.642773807E1,8.564683199E-1,5.051289558E0,-1.255433559E-1,5.124921982E0
2.643773859E1,-1.112206459E0,5.105906487E0,-1.179265976E-1,5.226967662E0
2.644774067E1,-1.097805142E0,5.166507721E0,-7.395029068E-2,5.282371324E0
2.645776650E1,-2.488286495E0,5.206417084E0,-6.105470657E-2,5.770795111E0
2.646775327E1,-3.522558928E0,5.234487534E0,-8.107423782E-2,6.309901280E0
2.647779020E1,-4.317060471E0,5.256723404E0,-6.275320053E-2,6.802506157E0
2.648773734E1,-4.463936806E0,5.277137756E0,3.026723862E-2,6.912006280E0
2.649774093E1,-5.265229225E0,5.274857521E0,8.247008324E-1,7.498459317E0
2.650774484E1,-5.189064980E0,5.258660316E0,8.127955198E-1,7.432398014E0
2.651773989E1,-5.060106754E0,5.227711678E0,7.950497866E-1,7.318862884E0
2.652773911E1,-4.827682018E0,5.160358429E0,7.964264154E-1,7.111266260E0
2.653773859E1,-3.711735249E0,5.061245918E0,8.368605375E-1,6.331944753E0
2.654774041E1,-1.904262781E0,4.188927650E0,8.760521412E-1,4.684100656E0
2.655774692E1,-4.058062136E-1,2.940928459E0,7.453060150E-1,3.060918153E0
2.656774067E1,-2.214040160E-1,2.760882378E0,-4.560446739E-2,2.770121118E0
2.657774197E1,-4.514843225E-2,1.694046021E0,-2.331759930E-1,1.710614318E0
2.658773781E1,1.493171573E0,1.555873871E0,-1.388005018E0,2.564539487E0
2.659773598E1,1.717242002E0,-1.765661240E-1,-1.587116838E0,2.345002249E0
2.660774406E1,2.573080063E0,-1.616716385E-1,-2.668700933E0,3.710639217E0
2.661773885E1,2.639364481E0,-1.469659805E-1,-2.778392792E0,3.835011130E0
2.662773833E1,2.690390825E0,-1.308221817E-1,-2.854774952E0,3.924927676E0
2.663782307E1,2.719189882E0,-1.859392166E0,-2.872080326E0,4.370375069E0
2.664773635E1,2.674175262E0,-2.730877876E0,-2.817585945E0,4.748441625E0
2.665776619E1,2.602254629E0,-3.644108772E0,-2.664364338E0,5.210575326E0
2.666773942E1,2.453597069E0,-4.558067799E0,-1.734812975E0,5.459459377E0
2.667773656E1,2.267142773E0,-5.353899956E0,-1.533290863E0,6.012916261E0
2.668773807E1,1.273318410E0,-6.050683022E0,-5.463001728E-1,6.207298018E0
2.669773859E1,1.071188927E0,-6.161606789E0,-3.746237755E-1,6.265236381E0
2.670774744E1,-2.396628261E-1,-6.963303566E0,4.927279949E-1,6.984827535E0
2.671774015E1,-2.659962177E-1,-6.997222900E0,6.773383617E-1,7.034960523E0
2.672773885E1,-1.440701008E0,-7.084161758E0,2.490074396E0,7.646007959E0
2.673773781E1,-2.232369661E0,-7.104807377E0,2.385619164E0,7.820034588E0
2.674773937E1,-2.345555305E0,-7.137570858E0,2.484167099E0,7.913130456E0
2.675774822E1,-2.474188328E0,-7.177941322E0,2.556563139E0,8.011271097E0
2.676774432E1,-2.540390491E0,-7.210142136E0,2.632497072E0,8.085157655E0
2.677774197E1,-2.591305971E0,-7.215996742E0,4.149377823E0,8.717959161E0
2.678773807E1,-2.599385500E0,-7.158704758E0,5.135145187E0,9.185508961E0
2.679773807E1,-2.507491350E0,-6.375454903E0,6.434436321E0,9.398718469E0
2.680774406E1,-2.305770159E0,-4.781476974E0,7.887481689E0,9.507442636E0
2.681773786E1,-1.563110352E-1,-2.515729427E0,9.355850220E0,9.689440697E0
2.682776072E1,-2.870017290E-2,3.113412857E-1,1.059371281E1,1.059832572E1
2.683773911E1,1.296508551E0,2.650890350E0,1.206618977E1,1.242179897E1
2.684773682E1,2.410701990E0,4.770150185E0,1.192257118E1,1.306573842E1
2.685774385E1,3.345955849E0,6.303392410E0,1.170839977E1,1.371184895E1
2.686773786E1,3.568084240E0,7.147490501E0,1.140561867E1,1.392501285E1
2.687773885E1,4.214525700E0,7.110678673E0,9.354073524E0,1.248289508E1
2.688774041E1,4.208262920E0,6.893211365E0,8.000205994E0,1.136789935E1
2.689774510E1,4.003401279E0,5.023255348E0,6.502755642E0,9.140358146E0
2.690774588E1,1.863296866E0,1.964602470E0,3.732645988E0,4.611310460E0
2.691774067E1,-1.924422383E-2,1.817839622E0,2.280900002E0,2.916747512E0
2.692773989E1,-2.717592716E-1,1.870533943E0,7.793605924E-1,2.044542312E0
2.693774145E1,-1.370484591E0,3.200163841E0,-9.252633452E-1,3.602136711E0
2.694773859E1,-1.580751181E0,4.764554977E0,-2.512920380E0,5.613780122E0
2.695774354E1,-2.352165937E0,5.803448677E0,-4.329877853E0,7.613182210E0
2.696773598E1,-2.436687469E0,5.895045280E0,-5.699721336E0,8.554287112E0
2.697773885E1,-2.474231243E0,5.868696213E0,-5.891007900E0,8.675678046E0
2.698773911E1,-2.390551329E0,5.076820374E0,-6.478835106E0,8.571122744E0
2.699777114E1,-2.230743170E0,3.574283600E0,-6.380189419E0,7.645818162E0
2.700774301E1,-1.285251856E0,1.381130219E0,-6.171604633E0,6.453533665E0
2.701773942E1,-1.235433966E-1,-1.505158424E0,-5.336750031E0,5.546320018E0
2.702772754E1,-2.106166333E-1,-4.226066589E0,-5.037985325E0,6.579156049E0
2.703774228E1,-1.018456742E-1,-6.033860207E0,-4.109444618E0,7.301053116E0
2.704775135E1,3.415401559E-3,-6.833279133E0,-3.892807245E0,7.864328555E0
2.705774900E1,1.049412936E-1,-6.776906013E0,-3.754500151E0,7.748144241E0
2.706774900E1,1.995466053E-1,-5.494653225E0,-3.715229750E0,6.635809295E0
2.707774848E1,5.671632290E-2,-3.664735794E0,-4.412039280E0,5.735816924E0
2.708775004E1,1.511332542E-1,-9.601020813E-2,-4.347516060E0,4.351201571E0
2.709772796E1,2.038587034E-1,2.061019897E0,-4.143014431E0,4.631838724E0
2.710774744E1,2.570797205E-1,3.032522202E0,-3.844659090E0,4.903435979E0
2.711775030E1,1.099817902E-1,3.125686646E0,-2.678498745E0,4.117811133E0
2.712774744E1,1.233572483E0,3.086286545E0,-2.421626568E0,4.112315764E0
2.713775109E1,1.290826201E0,2.086387634E0,-1.669062614E0,2.967324663E0
2.714774692E1,1.316930294E0,-5.947780609E-2,-1.507065296E0,2.002270915E0
2.715775421E1,1.287060261E0,-2.874660492E-2,-1.357225180E0,1.870671182E0
2.716774900E1,1.589528024E-1,-2.150794029E0,-1.227942586E0,2.481738089E0
2.717774874E1,2.090241015E-1,-2.916994572E0,-1.143672466E0,3.140148900E0
2.718775452E1,2.602352202E-1,-2.977061272E0,-1.120726347E0,3.191652194E0
2.719775374E1,3.113023043E-1,-2.996348858E0,-1.186865926E0,3.237849028E0
2.720779452E1,3.609163761E-1,-2.952786446E0,-1.920004010E0,3.540568291E0
2.721775062E1,2.102993876E-1,-2.854209423E0,-1.929877043E0,3.451834681E0
2.722775265E1,2.601111829E-1,-2.211131096E0,-1.930507064E0,2.946797596E0
2.723775213E1,2.115658760E0,-2.109149933E0,-1.887107611E0,3.533511081E0
2.724773650E1,3.037159681E0,-1.994932175E0,-1.809107304E0,4.059182497E0
2.725774041E1,3.830413580E0,-1.351082802E0,-1.700712085E0,4.403398066E0
2.726774249E1,3.935216904E0,-1.304590225E0,-1.535872698E0,4.421175486E0
2.727774197E1,4.618186951E0,-1.196721077E0,-7.561901808E-1,4.830281114E0
2.728774145E1,4.496863365E0,-1.116353035E0,-6.130299568E-1,4.673738327E0
2.729773989E1,4.257363319E0,-1.028901100E0,-4.710354805E-1,4.405184937E0
2.730773963E1,3.060754538E0,-9.303522110E-1,-3.349642754E-1,3.216515917E0
2.731773807E1,2.787921190E0,1.615591049E-1,-1.961483955E-1,2.799478541E0
2.732773989E1,1.699068427E0,1.930503845E-1,-7.495117188E-2,1.711642384E0
2.733773859E1,1.478947043E0,2.246799469E-1,2.056694031E-2,1.496057631E0
2.734773676E1,1.266892195E0,2.563171387E-1,5.907058716E-2,1.293910214E0
2.735773885E1,5.342843533E-1,1.440136909E0,4.766798019E-2,1.536790918E0
2.736781468E1,4.385630488E-1,1.554080009E0,1.336336136E-3,1.614776768E0
2.737773348E1,4.066647887E-1,2.340400696E0,-6.388974190E-2,2.376327748E0
2.738790380E1,4.230124950E-1,2.458575249E0,-1.259269714E-1,2.497876984E0
2.739773734E1,1.074829578E0,3.157725334E0,-1.940772533E-1,3.341280277E0
2.740773760E1,1.155127168E0,3.186993599E0,-8.130609989E-1,3.486017091E0
2.741774072E1,1.895058870E0,3.174342155E0,-8.620398045E-1,3.796157118E0
2.742774145E1,1.978053689E0,3.122690201E0,-8.968305588E-1,3.803708130E0
2.743774223E1,2.601529360E0,3.054727554E0,-8.955481052E-1,4.111121726E0
2.744774015E1,2.640279293E0,3.022413254E0,-8.348643780E-1,4.099152980E0
2.745773989E1,2.701591969E0,3.114455223E0,-6.825487614E-1,4.179031385E0
2.746773494E1,2.651055098E0,3.231613159E0,-6.670293808E-1,4.232770362E0
2.747774041E1,2.527263880E0,4.044587135E0,-6.340541840E-1,4.811213207E0
2.748773807E1,1.513463259E0,4.137882233E0,-5.472991467E-1,4.439839723E0
2.749773937E1,3.884897232E-1,4.812900543E0,1.839823723E-1,4.832058093E0
2.750773780E1,-1.356953859E0,4.904935837E0,2.449805737E-1,5.095069658E0
2.751773885E1,-1.358997107E0,4.984360695E0,2.736387253E-1,5.173548378E0
2.752774223E1,-3.687173605E0,5.067055702E0,2.680625916E-1,6.272332918E0
2.753773859E1,-4.936679840E0,5.145495415E0,2.705941200E-1,7.135835766E0
2.754773619E1,-5.881560326E0,5.197000504E0,3.223117590E-1,7.855281724E0
2.755776072E1,-5.992146969E0,5.218911171E0,3.527163267E-1,7.954072411E0
2.756774489E1,-5.991158962E0,5.225517273E0,3.507710695E-1,7.957578578E0
2.757774364E1,-5.836698532E0,5.212007523E0,3.469299078E-1,7.832779362E0
2.758775421E1,-5.574238777E0,5.163637161E0,3.987054825E-1,7.608827291E0
2.759773859E1,-4.001853466E0,5.058129311E0,1.075674295E0,6.538851465E0
2.760773859E1,-2.678330898E0,4.343206406E0,1.998807192E0,5.480157705E0
2.761773859E1,-6.609178185E-1,4.149210930E0,1.999978065E0,4.653243596E0
2.762773963E1,-4.825474322E-1,3.002765656E0,2.000271559E0,3.640129107E0
2.763773754E1,1.641608357E0,1.916809082E0,1.600819826E-1,2.528766754E0
2.764773989E1,1.902158499E0,1.790008545E0,-1.229250431E-2,2.611989405E0
2.765773937E1,2.906052351E0,1.024858475E0,-1.105068207E0,3.273629622E0
2.766773989E1,3.018756866E0,9.004287720E-1,-1.275833726E0,3.398737514E0
2.767773807E1,3.107414246E0,-1.346931458E-1,-2.217448473E0,3.819848592E0
2.768773859E1,3.108435631E0,-2.175254822E-1,-2.301934242E0,3.874092237E0
2.769773859E1,3.035416842E0,-1.573477745E0,-2.375611305E0,4.163305981E0
2.770773833E1,2.907170534E0,-2.409408569E0,-2.419324875E0,4.484420031E0
2.771773702E1,2.183129072E0,-3.232943535E0,-2.408891678E0,4.584837572E0
2.772774562E1,1.994049549E0,-4.062566757E0,-2.323016167E0,5.086952562E0
2.773773911E1,1.029432893E0,-4.817828655E0,-2.198124170E0,5.394715461E0
2.774772822E1,8.186479211E-1,-5.469816685E0,-2.029654503E0,5.891398508E0
2.775772395E1,-5.910059810E-1,-5.562539577E0,-1.253528118E0,5.732579469E0
2.776773723E1,-6.182452440E-1,-6.188451290E0,-1.086788893E0,6.313498765E0
2.777774145E1,-1.768706083E0,-6.185353279E0,-3.415365219E-1,6.442325946E0
2.778773702E1,-1.952972174E0,-6.176515579E0,-1.458566189E-1,6.479561649E0
2.779773807E1,-2.771256447E0,-6.175828934E0,6.094752550E-1,6.796483311E0
2.780773911E1,-2.862093925E0,-6.190440178E0,7.724068165E-1,6.863653803E0
2.781774458E1,-2.946968794E0,-6.930409431E0,2.603146315E0,7.968159806E0
2.782773859E1,-2.956480265E0,-6.977231026E0,2.503246784E0,7.980524595E0
2.783774041E1,-2.908852816E0,-7.046480656E0,4.099432945E0,8.655614641E0
2.784773833E1,-2.816012621E0,-7.103977203E0,5.259850502E0,9.276984774E0
2.785773546E1,-2.642634869E0,-7.104087830E0,6.476872921E0,9.970028374E0
2.786773911E1,-1.845521092E0,-6.960748672E0,7.701278687E0,1.054360771E1
2.787774380E1,-4.583640695E-1,-4.957199097E0,8.894456863E0,1.019290358E1
2.788773963E1,-3.231358230E-1,-2.364278316E0,9.816535950E0,1.010240599E1
2.789773807E1,1.206928372E0,2.652521133E-1,9.858636856E0,9.935781572E0
2.790773937E1,2.365334272E0,3.430013657E0,1.035512066E1,1.116191398E1
2.791776150E1,3.323747873E0,5.624559402E0,1.010491276E1,1.203296432E1
2.792775494E1,3.538909912E0,7.055288315E0,9.718271255E0,1.251981520E1
2.793778385E1,4.284107208E0,7.711443901E0,8.609163284E0,1.232629847E1
2.794773801E1,4.267784119E0,7.627254486E0,8.089473724E0,1.190918038E1
2.795773911E1,4.082075119E0,6.552662849E0,6.810293198E0,1.029469869E1
2.796773833E1,2.818962336E0,4.878679276E0,5.693760395E0,8.010428675E0
2.797774041E1,1.752063513E0,3.006591797E0,4.467206955E0,5.662619426E0
2.798773650E1,-2.836404741E-1,1.590004921E0,3.200705290E0,3.585119513E0
2.799773937E1,-3.086234927E-1,1.465559006E0,1.908367038E0,2.425897032E0
2.800774015E1,-2.621921539E0,2.868747711E0,-8.806708455E-1,3.984942550E0
2.801773859E1,-2.795292854E0,4.352828979E0,-2.591735840E0,5.786006994E0
2.802773937E1,-2.909741402E0,5.174383163E0,-4.268008709E0,7.311411251E0
2.803773885E1,-2.957676172E0,5.198590279E0,-5.551810741E0,8.160624470E0
2.804773859E1,-2.869435072E0,5.093179703E0,-6.306008339E0,8.598830053E0
2.805773624E1,-2.695070982E0,3.867492676E0,-6.354068756E0,7.911706324E0
2.806773885E1,-1.612875462E0,2.374238968E0,-6.300429344E0,6.923423131E0
2.807774067E1,-1.692526340E-1,-1.397876740E-1,-6.157750130E0,6.161661603E0
2.808773937E1,-4.076193273E-2,-2.250607491E0,-5.960140228E0,6.371041293E0
2.809809031E1,8.219985664E-2,-4.483375549E0,-5.745180607E0,7.287970454E0
2.810774098E1,2.006818950E-1,-5.873115540E0,-5.523250580E0,8.064741554E0
2.811789827E1,1.152772009E-1,-5.984862804E0,-5.288990021E0,7.987821171E0
2.812773708E1,2.216857076E-1,-5.914633751E0,-5.061956882E0,7.788160530E0
2.813774093E1,2.763256133E-1,-4.643264771E0,-4.838442802E0,6.711690720E0
2.814774119E1,3.268378377E-1,-2.813149452E0,-4.613904953E0,5.413755788E0
2.815773885E1,3.775527477E-1,-6.500053406E-2,-4.365993023E0,4.382769241E0
2.816774275E1,2.283447832E-1,9.383668900E-1,-4.063429832E0,4.176617742E0
2.817774067E1,2.792740762E-1,2.201634407E0,-2.750324965E0,3.534045201E0
2.818773702E1,3.687280715E-1,2.976201057E0,-1.014655232E0,3.165952995E0
2.819774041E1,4.177181721E-1,2.873440742E0,-7.713853121E-1,3.004361075E0
2.820773989E1,2.674021721E-1,1.422800064E0,-6.073696613E-1,1.569956002E0
2.821773859E1,3.177113831E-1,-7.085800171E-2,-5.435857773E-1,6.335983559E-1
2.822773780E1,3.674243391E-1,-1.550436974E0,-6.082463264E-1,1.705526033E0
2.823773728E1,4.165107012E-1,-2.652729034E0,-1.517979145E0,3.084592871E0
2.824774874E1,4.655075669E-1,-2.783494473E0,-1.569153309E0,3.229052629E0
2.825774640E1,-1.202304006E0,-3.411967278E0,-1.640127063E0,3.972036305E0
2.826774796E1,-1.204725623E0,-3.379536629E0,-2.243907213E0,4.231755101E0
2.827773760E1,-1.156646013E0,-3.276148319E0,-2.233545303E0,4.130339264E0
2.828775588E1,-1.001392007E0,-2.528856277E0,-2.211011887E0,3.505206640E0
2.829773890E1,5.234192610E-1,-2.406221390E0,-2.156912088E0,3.273551413E0
2.830774864E1,3.726370931E-1,-1.729004860E0,-2.040827990E0,2.700610133E0
2.831775140E1,2.429686308E0,-1.666697502E0,-1.900041699E0,3.505911376E0
2.832774874E1,3.327620745E0,-1.619256973E0,-1.746953607E0,4.092297627E0
2.833774848E1,4.029034615E0,-1.563171387E0,-1.587871313E0,4.604124240E0
2.834774848E1,4.142297745E0,-1.506873131E0,-1.456142902E0,4.642159992E0
2.835774952E1,4.760971546E0,-1.440631866E0,-1.319093227E0,5.146093390E0
2.836775083E1,4.630282879E0,-1.277054787E0,-5.030534267E-1,4.829435911E0
2.837774718E1,4.414024353E0,2.116003036E-1,-3.613834381E-1,4.433845246E0
2.838775004E1,3.456313133E0,2.434139252E-1,-1.930036545E-1,3.470245125E0
2.839775083E1,3.195413113E0,1.764345169E-1,5.638976097E-1,3.249580683E0
2.840774770E1,2.190406322E0,2.100591660E-1,6.732381582E-1,2.301141962E0
2.841774952E1,1.978202343E0,2.439832687E-1,7.549754381E-1,2.131384587E0
2.842775187E1,1.776442289E0,1.291627884E0,7.499094009E-1,2.320864905E0
2.843774718E1,1.609606147E0,1.386560440E0,6.769303083E-1,2.229712189E0
2.844775031E1,1.469755173E0,2.107095718E0,5.547454357E-1,2.628264662E0
2.845775254E1,1.367431879E0,2.209663391E0,-2.104268074E-1,2.607059970E0
2.846774833E1,1.300305367E0,2.982602119E0,-2.857978344E-1,3.266250121E0
2.847775718E1,1.304022312E0,3.043303490E0,-3.537619114E-1,3.329762426E0
2.848774156E1,1.346622229E0,3.067827225E0,-4.387495518E-1,3.378972695E0
2.849773864E1,1.396397114E0,3.033751488E0,-5.071678162E-1,3.377986409E0
2.850773833E1,1.446009874E0,2.966768265E0,-5.507709980E-1,3.346043512E0
2.851774067E1,1.487841129E0,2.926326752E0,-5.630826950E-1,3.330783933E0
2.852774484E1,1.517921925E0,2.933278084E0,-5.457262993E-1,3.347540064E0
2.853774093E1,1.533090353E0,3.026823044E0,-5.785200596E-1,3.441904884E0
2.854773937E1,1.492211103E0,4.764578819E0,-7.606852055E-1,5.050400705E0
2.855773833E1,1.323581219E0,5.568556786E0,-7.932600975E-1,5.778404062E0
2.856773937E1,5.320310593E-4,6.256214142E0,-7.090482712E-1,6.296265967E0
2.857774067E1,-9.303365350E-1,6.372319221E0,8.958005905E-2,6.440497102E0
2.858774145E1,-2.258656263E0,6.975976944E0,2.273489237E-1,7.336039120E0
2.859773885E1,-3.441078663E0,6.940313339E0,1.049233317E0,7.817279716E0
2.860773702E1,-4.514569759E0,6.826881409E0,1.094216108E0,8.257418408E0
2.861773702E1,-5.393230438E0,5.920010567E0,1.145734787E0,8.089880585E0
2.862773702E1,-5.514933109E0,5.738244057E0,1.126830935E0,8.038139089E0
2.863778755E1,-5.512020111E0,4.591442108E0,1.019337654E0,7.245878524E0
2.864773504E1,-5.381165504E0,4.445437431E0,8.261959553E-1,7.028616926E0
2.865772859E1,-5.099883080E0,3.623631477E0,-1.138484478E-1,6.257193778E0
2.866772588E1,-3.625178337E0,3.495365143E0,-2.229073048E-1,5.040752238E0
2.867773895E1,-2.424746513E0,3.358960152E0,-3.220951557E-1,4.155208087E0
2.868774015E1,-3.355723619E-1,2.534912109E0,-4.025144577E-1,2.588514265E0
2.869773755E1,-1.721996367E-1,2.452463150E0,-4.849033356E-1,2.505865013E0
2.870773833E1,1.165552616E0,2.376716614E0,-5.590296984E-1,2.705514548E0
2.871773702E1,2.028541327E0,2.325496674E0,-6.497192383E-1,3.153577299E0
2.872773963E1,3.327026367E0,2.292299271E0,-8.242548704E-1,4.123485963E0
2.873776463E1,3.440571785E0,2.226881981E0,-1.659543514E0,4.421608558E0
2.874774145E1,3.533149242E0,1.477031708E0,-1.716927290E0,4.196737489E0
2.875773807E1,3.545812130E0,-1.993141174E-1,-1.784561276E0,3.974565225E0
2.876773963E1,3.480631828E0,-1.780719757E-1,-1.816620708E0,3.930218613E0
2.877773937E1,3.359691620E0,-1.478490829E0,-1.802032113E0,4.089105361E0
2.878773781E1,3.161443949E0,-2.807985306E0,-1.746072054E0,4.574743374E0
2.879773754E1,2.200264931E0,-4.110902786E0,-1.670594215E0,4.952935747E0
2.880775161E1,1.976240635E0,-5.198424339E0,-1.545432329E0,5.772131646E0
2.881773885E1,8.865083456E-1,-6.041251183E0,-1.401186228E0,6.264657672E0
2.882775098E1,6.713603735E-1,-6.174759865E0,-6.459343433E-1,6.244646933E0
2.883776926E1,-4.764168561E-1,-7.072888851E0,-5.089012384E-1,7.107159080E0
2.884781046E1,-5.135905147E-1,-7.098027706E0,-3.503434658E-1,7.125202669E0
2.885774489E1,-5.545181036E-1,-7.107642174E0,3.558591604E-1,7.138116232E0
2.886773780E1,-5.712485313E-1,-7.109564304E0,5.023300648E-1,7.150144402E0
2.887774145E1,-1.791393995E0,-7.128025055E0,6.908062696E-1,7.382076058E0
2.888773963E1,-2.496704578E0,-7.178297043E0,2.327919245E0,7.948628196E0
2.889773963E1,-2.559385061E0,-7.812345028E0,2.429693937E0,8.572432523E0
2.890774301E1,-2.607316494E0,-7.845395565E0,2.518212318E0,8.642321688E0
2.891773911E1,-2.689779997E0,-7.985260963E0,4.890552521E0,9.742526009E0
2.892774275E1,-2.666843653E0,-7.979084015E0,5.897615433E0,1.027422525E1
2.893775942E1,-2.573358536E0,-7.851374149E0,6.612661362E0,1.058270006E1
2.894773859E1,-2.372887135E0,-6.189455032E0,6.736539841E0,9.450974340E0
2.895774067E1,-4.108666778E-1,-3.751100540E0,7.872420788E0,8.730095976E0
2.896774093E1,-4.860476255E-1,2.112474442E-1,7.934292793E0,7.951972705E0
2.897773859E1,-3.591703773E-1,2.598019600E0,8.619899750E0,9.010071082E0
2.898775682E1,1.026899934E0,5.405417442E0,8.458973885E0,1.009095141E1
2.899773807E1,1.266976595E0,7.440902710E0,8.220208168E0,1.115993213E1
2.900787187E1,2.175044298E0,8.603839874E0,7.948311329E0,1.191354403E1
2.901774057E1,2.237364769E0,8.627085686E0,7.635944843E0,1.173627122E1
2.902775296E1,2.262807846E0,8.441769600E0,7.324298382E0,1.140303118E1
2.903776286E1,2.242468834E0,6.610146523E0,6.919636726E0,9.828737251E0
2.904773963E1,2.130146027E0,4.502346039E0,6.456756115E0,8.154651524E0
2.905774171E1,1.463875771E0,2.354670525E0,5.022514343E0,5.736990141E0
2.906774093E1,1.314436197E0,-1.927976608E-1,3.768370867E0,3.995689233E0
2.907774275E1,-1.643994749E-1,-1.586313248E-1,2.381951332E0,2.392881784E0
2.908774015E1,-1.467422992E-1,-1.202869415E-1,8.234220743E-1,8.450006883E-1
2.909772796E1,-8.704121411E-2,3.512372971E0,-2.317009449E0,4.208666397E0
2.910773833E1,-2.650547028E-1,4.686539650E0,-4.059414387E0,6.205864408E0
2.911773807E1,-2.420510054E-1,4.802514076E0,-5.541971207E0,7.337313882E0
2.912774171E1,-2.183276117E-1,4.810493469E0,-6.385950565E0,7.998054700E0
2.913776489E1,-1.425918639E-1,4.657748222E0,-6.435841560E0,7.945754057E0
2.914773963E1,-6.879846752E-2,2.991791725E0,-6.360535622E0,7.029364434E0
2.915773520E1,-2.001726180E-1,1.180179596E0,-6.151644230E0,6.267026383E0
2.916773780E1,-1.348165572E-1,-1.163325310E0,-5.127603531E0,5.259640601E0
2.917773937E1,-7.037879527E-2,-3.712295055E0,-4.868336678E0,6.122645650E0
2.918775109E1,-7.858127356E-3,-5.633727074E0,-4.573362827E0,7.256348258E0
2.919774010E1,5.371265113E-2,-6.589128494E0,-4.309848785E0,7.873645656E0
2.920774880E1,-8.687668294E-2,-6.588590622E0,-4.103778839E0,7.762607468E0
2.921772874E1,-2.695126459E-2,-5.829223633E0,-3.992969036E0,7.065718382E0
2.922773760E1,2.931912430E-2,-4.296833992E0,-3.932979584E0,5.825115481E0
2.923776437E1,8.201853931E-2,-2.351022243E0,-4.465358257E0,5.047123636E0
2.924773807E1,1.342501938E-1,-7.579708099E-2,-4.349851131E0,4.352582357E0
2.925774015E1,1.346168160E0,1.384898186E0,-4.194718361E0,4.617983741E0
2.926773807E1,1.484440684E0,2.707171440E0,-3.960642338E0,5.021855143E0
2.927774093E1,2.319687128E0,3.384902000E0,-2.276633739E0,4.692714684E0
2.928773781E1,2.325716257E0,3.227405548E0,-1.997986794E0,4.451634970E0
2.929773624E1,2.298693419E0,1.550080299E0,-1.091594815E0,2.979650920E0
2.930774093E1,2.163536310E0,-1.116390228E-1,-9.356607199E-1,2.359833388E0
2.931773911E1,1.162918568E0,-1.099987984E0,-8.225964308E-1,1.799727215E0
2.932773807E1,3.003906459E-2,-2.052080154E0,-7.518001795E-1,2.185666675E0
2.933776254E1,3.998279944E-2,-2.776059151E0,-7.183815241E-1,2.867782252E0
2.934773963E1,-1.477190256E-1,-2.853348255E0,-7.243521214E-1,2.947558850E0
2.935774015E1,-1.518426657E0,-2.908262253E0,-8.010268211E-1,3.377166388E0
2.936774874E1,-1.561961532E0,-2.910919189E0,-1.495335817E0,3.626183057E0
2.937773984E1,-1.540722251E0,-2.871803761E0,-1.508159995E0,3.591048380E0
2.938774541E1,-1.418276548E0,-2.796509743E0,-1.507248402E0,3.479047693E0
2.939773760E1,-2.070354670E-1,-2.699679375E0,-1.483353972E0,3.087308118E0
2.940774463E1,-1.466498524E-1,-2.578835011E0,-1.421188712E0,2.948164437E0
2.941773838E1,1.337940097E0,-1.744597435E0,-1.347553611E0,2.578682735E0
2.942773833E1,1.503246546E0,-1.643547058E0,-1.260042906E0,2.559043812E0
2.943776202E1,2.442667246E0,-9.637355804E-1,-1.124256134E0,2.856459592E0
2.944773859E1,2.523988962E0,4.979133606E-2,-9.788312912E-1,2.707602289E0
2.945773780E1,2.564873219E0,8.180141449E-2,-8.201123476E-1,2.694039785E0
2.946773989E1,2.456540108E0,1.327781677E-1,2.167820930E-3,2.460126835E0
2.947773963E1,2.317591667E0,1.637401581E-1,1.484651566E-1,2.328107360E0
2.948774900E1,1.612360716E0,9.452819824E-2,2.660700083E-1,1.636898258E0
2.949774952E1,1.490081429E0,1.230812073E-1,3.174935579E-1,1.528493968E0
2.950774926E1,1.387512326E0,1.507339478E-1,2.821010351E-1,1.423900338E0
2.951774848E1,1.316399574E0,1.723299026E-1,1.473034620E-1,1.335778329E0
2.952774796E1,1.302808881E0,1.935129166E-1,-8.071043491E-1,1.544725108E0
2.953778989E1,1.354098439E0,1.173748970E0,-8.996198177E-1,2.005139657E0
2.954774926E1,2.031982899E0,1.918830872E0,-9.819145203E-1,2.962266453E0
2.955780671E1,2.078855515E0,1.986831665E0,-1.068914652E0,3.067852482E0
2.956773588E1,2.755803823E0,2.070487022E0,-1.140099287E0,3.630591909E0
2.957787385E1,2.788865566E0,2.148155212E0,-1.182961941E0,3.713723323E0
2.958774749E1,2.818025112E0,2.215573311E0,-1.137846231E0,3.760947311E0
2.959773786E1,2.834785223E0,2.299840927E0,-9.704964161E-1,3.777186631E0
2.960774822E1,2.818331718E0,2.989470482E0,3.694367409E-2,4.108684981E0
2.961773708E1,2.752710819E0,3.072260857E0,1.397049427E-1,4.127435172E0
2.962774640E1,2.617419243E0,3.195828438E0,2.085247040E-1,4.136143790E0
2.963779510E1,2.435477734E0,4.062809944E0,2.346820831E-1,4.742684062E0
2.964774900E1,7.429236174E-1,4.258449554E0,2.803103924E-1,4.331847415E0
2.965775030E1,-1.812496185E-1,5.061565399E0,2.867265940E-1,5.072919066E0
2.966775551E1,-1.175672412E0,5.101862907E0,2.620714903E-1,5.242126688E0
2.967774796E1,-2.491642475E0,5.115405083E0,1.914348602E-1,5.693180016E0
2.968775161E1,-3.669574738E0,5.128536224E0,8.666181564E-2,6.306756126E0
2.969775005E1,-4.679155350E0,5.172586441E0,2.837419510E-3,6.974966188E0
2.970774848E1,-5.453418255E0,5.249265671E0,-1.722311974E-2,7.569336654E0
2.971775239E1,-5.532802582E0,5.866964340E0,8.320450783E-3,8.064319203E0
2.972774041E1,-5.539201260E0,5.857399940E0,2.015316486E-2,8.061779630E0
2.973775661E1,-5.423905373E0,5.789436340E0,4.418838024E-2,7.933364686E0
2.974775593E1,-5.150698662E0,5.670371056E0,9.008026123E-2,7.660999874E0
2.975773906E1,-3.797727585E0,5.005591393E0,1.586002111E-1,6.285207556E0
2.976773036E1,-2.486782789E0,4.859026909E0,7.625800371E-1,5.511420820E0
2.977773421E1,-6.007027030E-1,3.748690605E0,7.505162954E-1,3.869987041E0
2.978773963E1,-4.279062748E-1,2.876386642E0,6.989028454E-1,2.990847553E0
2.979773885E1,1.236385345E0,2.696447372E0,6.032634974E-1,3.027111495E0
2.980773989E1,2.147006035E0,1.758845329E0,4.765787125E-1,2.816078670E0
2.981774536E1,2.374353409E0,1.711193085E0,-4.701024294E-1,2.964242260E0
2.982773911E1,3.253830194E0,1.571314812E0,-1.744917035E0,4.012627148E0
2.983773807E1,3.302570581E0,-2.010269165E-1,-1.898943901E0,3.814888230E0
2.984774145E1,3.260972738E0,-1.816596985E-1,-2.831881523E0,4.322788036E0
2.985774067E1,3.156543493E0,-1.213116646E0,-2.935887575E0,4.478264695E0
2.986774588E1,2.999961138E0,-2.415786743E0,-3.573428631E0,5.254063627E0
2.987774067E1,2.221055984E0,-3.733304977E0,-3.568361282E0,5.621730871E0
2.988773859E1,2.053762913E0,-5.048020363E0,-3.478528500E0,6.465339296E0
2.989774067E1,1.298225760E0,-6.235306740E0,-2.696692705E0,6.916400206E0
2.990773859E1,1.095522046E0,-7.083816528E0,-1.955067515E0,7.429866362E0
2.991777426E1,-6.387578845E-1,-7.176923752E0,-1.208937168E0,7.306009530E0
2.992774395E1,-6.724646091E-1,-7.766402245E0,-4.408402443E-1,7.807916021E0
2.993772900E1,-7.102070451E-1,-7.708561420E0,-1.889488697E-1,7.743514376E0
2.994774807E1,-7.300542593E-1,-7.601608276E0,1.020391583E0,7.704454983E0
2.995773942E1,-2.725875378E0,-7.454884529E0,1.248050094E0,8.035130923E0
2.996775859E1,-2.876814127E0,-7.303573608E0,2.401472330E0,8.208855969E0
2.997773989E1,-3.019035339E0,-6.597184181E0,2.532488108E0,7.684458961E0
2.998773963E1,-3.616189957E0,-6.555797577E0,2.640387058E0,7.938951788E0
2.999774145E1,-3.614300966E0,-6.532678604E0,2.702158451E0,7.939818733E0
3.000774275E1,-3.573915958E0,-6.463254452E0,4.643910408E0,8.724244223E0
3.001774406E1,-3.376944304E0,-6.327416897E0,5.494141579E0,9.034685888E0
3.002774093E1,-2.231673479E0,-4.872673512E0,6.567463875E0,8.476726692E0
3.003773885E1,-5.292029381E-1,-3.024799347E0,7.709583282E0,8.298622851E0
3.004774119E1,-3.934558034E-1,3.248519897E-1,8.687327385E0,8.702298166E0
3.005773859E1,1.738194227E0,2.015023232E0,9.345355988E0,9.716857328E0
3.006774536E1,3.281114101E0,4.230452538E0,9.294740677E0,1.072635272E1
3.007774275E1,4.627346039E0,5.893917084E0,9.164891243E0,1.183832004E1
3.008773963E1,5.543885231E0,6.902051926E0,8.921340942E0,1.256834549E1
3.009772822E1,5.662240505E0,6.905796051E0,8.560900688E0,1.237093397E1
3.010775541E1,5.737940311E0,6.730267525E0,8.081804276E0,1.198065192E1
3.011775885E1,5.626624107E0,4.970643044E0,6.855118752E0,1.016655518E1
3.012779484E1,5.302461147E0,2.798818588E0,6.331853867E0,8.720197996E0
3.013773812E1,3.555418253E0,-9.585285187E-2,5.015460968E0,6.148579953E0
3.014773890E1,2.320741653E0,-1.212995529E0,4.572642803E0,5.269370188E0
3.015774015E1,1.157577157E0,-2.230846882E0,3.201526403E0,4.070188447E0
3.016774588E1,-9.315923452E-1,-2.235351562E0,1.891085505E0,3.072599111E0
3.017774041E1,-9.909648299E-1,-1.306478500E0,2.251213789E-1,1.655166759E0
3.018773650E1,-2.446153402E0,1.049253464E0,-1.178833008E0,2.911055918E0
3.019774223E1,-4.940278530E0,6.112954140E0,-4.147761345E0,8.886983990E0
3.020773885E1,-5.080579281E0,7.362939835E0,-5.199192047E0,1.034682399E1
3.021774484E1,-5.129689217E0,7.465234756E0,-6.077173233E0,1.090758800E1
3.022774406E1,-5.032320023E0,7.386884689E0,-6.193113327E0,1.087404998E1
3.023773624E1,-4.837470531E0,6.170245171E0,-6.185310364E0,9.986546495E0
3.024773702E1,-3.735226154E0,3.950575829E0,-6.019650459E0,8.111421297E0
3.025773702E1,-2.621771574E0,-1.142635345E-1,-5.725623131E0,6.298373010E0
3.026774484E1,-5.031256080E-1,-3.050987244E0,-5.486252785E0,6.297668470E0
3.027773937E1,-3.096702397E-1,-5.684844971E0,-5.286491871E0,7.769192641E0
3.028785067E1,-1.258554161E-1,-7.115113735E0,-5.108637810E0,8.760072107E0
3.029773942E1,-1.500980705E-1,-7.178928852E0,-4.936855316E0,8.713902071E0
3.030775255E1,1.757135987E-2,-6.967891693E0,-4.761373997E0,8.439342731E0
3.031774411E1,1.462148428E-1,-4.644587517E0,-4.573820591E0,6.520230577E0
3.032774041E1,1.976009309E-1,-2.350468636E0,-4.362566948E0,4.959409169E0
3.033774119E1,2.479111701E-1,-4.049301147E-2,-4.098060608E0,4.105752109E0
3.034773937E1,1.479086637E0,1.699310303E0,-3.173920155E0,3.892187294E0
3.035773702E1,1.581736088E0,2.964619637E0,-2.869617462E0,4.418773927E0
3.036774484E1,1.686582327E0,3.127331734E0,-1.586366653E0,3.891185279E0
3.037773702E1,1.830475569E0,3.021862984E0,-3.213130236E-1,3.547610289E0
3.038774119E1,1.874202967E0,1.340947151E0,-1.652992964E-1,2.310432834E0
3.039773911E1,1.795489550E0,-5.675029755E-2,-1.171264648E-1,1.800200524E0
3.040774249E1,1.598238945E0,-1.659362793E0,-1.273247004E-1,2.307393374E0
3.041774588E1,1.138623580E-1,-2.642304420E0,-7.421146631E-1,2.746902157E0
3.042774041E1,1.174882501E-1,-2.769724369E0,-7.689768076E-1,2.876891013E0
3.043773859E1,-7.654926181E-2,-2.845880508E0,-8.282595873E-1,2.964946813E0
3.044773833E1,-6.865721941E-2,-2.867006302E0,-1.428285241E0,3.203816112E0
3.045773963E1,-5.864485353E-2,-2.840193748E0,-1.473967552E0,3.200424986E0
3.046774296E1,-4.984483123E-2,-2.760591984E0,-1.500412822E0,3.142386234E0
3.047775942E1,-4.311966896E-2,-2.639420509E0,-1.503225684E0,3.037776718E0
3.048774932E1,-1.856387258E-1,-1.892876625E0,-1.476286769E0,2.407668224E0
3.049772374E1,1.546046853E0,-1.824805260E0,-1.428975701E0,2.786062932E0
3.050773682E1,2.326575756E0,-1.753475666E0,-1.354937911E0,3.213018581E0
3.051774280E1,2.477122545E0,-1.695053101E0,-1.242181063E0,3.248438842E0
3.052773780E1,3.265702009E0,-1.626786232E0,-1.120084047E0,3.816520841E0
3.053774015E1,3.303653955E0,-1.530677795E0,-9.917427301E-1,3.773679585E0
3.054774145E1,3.248315096E0,-1.415948868E0,-8.589253426E-1,3.646123270E0
3.055773833E1,3.025433779E0,1.916866302E-1,-1.111748219E-1,3.033538059E0
3.056774432E1,2.221939564E0,2.244768143E-1,2.764081955E-2,2.233420981E0
3.057774197E1,2.046417236E0,1.578102112E-1,1.629641056E-1,2.058952371E0
3.058774223E1,1.856523752E0,1.907138824E-1,2.677741051E-1,1.885405845E0
3.059773780E1,1.008644819E0,2.228660583E-1,3.054125309E-1,1.077177082E0
3.060773807E1,9.187389016E-1,1.252430916E0,2.454373837E-1,1.572546940E0
3.061774406E1,8.495424390E-1,1.327428818E0,1.363465786E-1,1.581891277E0
3.062773729E1,8.037157655E-1,1.446249008E0,-6.181697845E-1,1.766275490E0
3.063773780E1,7.952787876E-1,2.372853279E0,-6.744103432E-1,2.591858473E0
3.064773807E1,8.170567751E-1,2.470358849E0,-7.246587276E-1,2.700997017E0
3.065775583E1,8.659047484E-1,2.554734230E0,-7.735042572E-1,2.806201499E0
3.066776520E1,1.527163982E0,2.589325905E0,-8.289332390E-1,3.118327883E0
3.067776369E1,1.588515162E0,2.584017754E0,-8.643972874E-1,3.153999182E0
3.068773708E1,1.641575336E0,2.568351746E0,-8.530299664E-1,3.165258346E0
3.069773937E1,1.682465315E0,2.597284317E0,-7.784593105E-1,3.191014613E0
3.070774275E1,1.713271022E0,2.695437431E0,-6.871633530E-1,3.266936488E0
3.071774796E1,1.735189915E0,3.530373573E0,-6.662561893E-1,3.989776800E0
3.072775604E1,1.696568489E0,3.666849136E0,-7.119021416E-1,4.102551875E0
3.073775005E1,1.609123468E0,4.681869507E0,-7.790491581E-1,5.011596353E0
3.074774926E1,2.610821128E-1,5.649843216E0,-7.305419445E-1,5.702857509E0
3.075774952E1,-9.035673738E-1,5.709853172E0,-6.221289635E-1,5.814284281E0
3.076774744E1,-1.079981446E0,5.729442596E0,-5.137667656E-1,5.852933340E0
3.077775083E1,-2.458382607E0,5.690746307E0,1.040689945E-1,6.199924913E0
3.078774640E1,-3.327469587E0,5.618450165E0,1.347010136E-1,6.531246472E0
3.079775265E1,-3.995954514E0,5.543175697E0,1.977298260E-1,6.836193851E0
3.080774926E1,-4.120436668E0,5.488279343E0,2.609273195E-1,6.867844753E0
3.081774848E1,-4.811841011E0,5.449404716E0,2.675226927E-1,7.274709209E0
3.082775317E1,-4.744523048E0,5.404905319E0,2.516638041E-1,7.196307049E0
3.083786025E1,-4.606309414E0,5.349656105E0,2.312126160E-1,7.063311273E0
3.084773973E1,-4.336412907E0,5.267153740E0,2.360253334E-1,6.826645836E0
3.085774833E1,-3.007390976E0,5.138184547E0,2.754162550E-1,5.959966027E0
3.086774645E1,-2.039036989E0,4.332612991E0,3.097701073E-1,4.798454407E0
3.087774197E1,-2.974456251E-1,4.168938637E0,3.123152256E-1,4.191188860E0
3.088773859E1,-1.424239874E-1,3.007156372E0,2.782034874E-1,3.023354299E0
3.089774588E1,5.761586130E-3,2.282934189E0,2.215718031E-1,2.293668627E0
3.090774900E1,1.475423574E-1,2.129034042E0,1.085445881E-1,2.136898834E0
3.091774640E1,2.042916298E0,1.132191658E0,-6.936899424E-1,2.436507888E0
3.092774614E1,2.216713190E0,-1.596231461E-1,-1.793324590E0,2.855750339E0
3.093774952E1,2.264310598E0,-1.427230835E-1,-1.913661242E0,2.968092268E0
3.094774952E1,2.274509430E0,-1.703538895E0,-2.027935505E0,3.491125939E0
3.095774275E1,2.262238979E0,-2.505951881E0,-2.663788319E0,4.300382336E0
3.096774354E1,2.164806366E0,-3.315478325E0,-2.683368683E0,4.783225963E0
3.097773780E1,2.041207552E0,-4.081999302E0,-2.640782118E0,5.272852811E0
3.098773833E1,1.888325095E0,-4.232277870E0,-2.560299873E0,5.294627756E0
3.099774119E1,1.075331092E0,-5.272664547E0,-2.399785757E0,5.892053976E0
3.100774510E1,9.240273237E-1,-5.345206261E0,-1.535460234E0,5.637614264E0
3.101775260E1,-1.791099608E-1,-5.426875591E0,-1.320389986E0,5.588066640E0
3.102774187E1,-1.914768219E-1,-6.127890110E0,-2.473604679E-1,6.135868950E0
3.103774463E1,-2.065098584E-1,-6.141306877E0,-1.350235939E-2,6.144792819E0
3.104772244E1,-2.228935510E-1,-6.170344353E0,1.123540998E0,6.275760937E0
3.105774567E1,-2.042390823E0,-6.228592873E0,1.337913752E0,6.690048031E0
3.106773890E1,-2.146564960E0,-6.968053818E0,2.577860594E0,7.733490827E0
3.107773937E1,-2.252757549E0,-7.015924454E0,2.703062534E0,7.848863585E0
3.108774614E1,-2.319547176E0,-7.656713009E0,2.793946028E0,8.474177695E0
3.109773239E1,-2.361357689E0,-7.730165482E0,4.314411640E0,9.162184036E0
3.110774718E1,-2.327897310E0,-7.833349228E0,6.500082016E0,1.044181652E1
3.111774119E1,-2.124288321E0,-7.761046410E0,7.750914574E0,1.117242673E1
3.112774067E1,-1.758259833E-1,-6.680633545E0,8.965618134E0,1.118231138E1
3.113774354E1,-6.011973321E-2,-4.816409588E0,9.901275635E0,1.101075269E1
3.114773937E1,-1.420181990E-1,-2.256272316E0,9.935688019E0,1.018964329E1
3.115774588E1,2.013722897E0,2.467422485E-1,9.864528656E0,1.007099237E1
3.116773937E1,3.011419296E0,3.496239662E0,9.623494148E0,1.067258064E1
3.117774041E1,3.218940735E0,5.763432503E0,9.194629669E0,1.131900828E1
3.118774067E1,3.845544338E0,7.286498070E0,7.597735882E0,1.120744645E1
3.119773807E1,3.804921150E0,8.076052666E0,6.462480545E0,1.102105741E1
3.120777494E1,3.681996822E0,8.028224945E0,5.975030422E0,1.066351185E1
3.121775229E1,2.481649876E0,7.305084229E0,5.542416096E0,9.499537771E0
3.122776088E1,1.539862990E0,5.963943481E0,5.132504940E0,8.017630999E0
3.123774046E1,-1.416929066E-2,4.256115913E0,4.204119205E0,5.982419388E0
3.124774301E1,-2.345430106E-1,2.781325340E0,3.847735405E0,4.753509106E0
3.125774744E1,-2.488923967E-1,1.973778725E0,2.972824097E0,3.577070448E0
3.126774301E1,-2.583294213E-1,1.979958534E0,2.056786537E0,2.866590439E0
3.127774249E1,-2.011993170E0,2.813102722E0,7.857159376E-1,3.546690426E0
3.128774119E1,-2.061697245E0,3.943635941E0,-1.085981250E0,4.580634807E0
3.129773807E1,-1.985035896E0,4.185308456E0,-4.651127815E0,6.564309891E0
3.130774666E1,-1.899341464E0,4.158958435E0,-5.954656601E0,7.507487496E0
3.131774301E1,-1.801308513E0,3.454972267E0,-6.728717327E0,7.775421699E0
3.132774171E1,-1.653142691E0,2.081481934E0,-6.802027702E0,7.302946574E0
3.133774067E1,-1.404706240E-1,-1.388664246E-1,-6.752284050E0,6.755172520E0
3.134774041E1,-1.950876415E-2,-2.084559441E0,-6.619679451E0,6.940167483E0
3.135774666E1,9.506864846E-2,-4.384591103E0,-6.427505493E0,7.781163412E0
3.136773989E1,2.055316865E-1,-5.987377167E0,-6.172875881E0,8.602053549E0
3.137774067E1,3.116132617E-1,-6.708518982E0,-5.889136314E0,8.932147350E0
3.138782083E1,2.149218470E-1,-6.656098366E0,-5.621367455E0,8.714907281E0
3.139774098E1,2.622247338E-1,-5.431942463E0,-5.375029564E0,7.646286912E0
3.140777406E1,3.093970120E-1,-3.728541851E0,-5.164013863E0,6.376895014E0
3.141773630E1,3.542456329E-1,-1.794100761E0,-4.954618454E0,5.281338044E0
3.142774067E1,3.980842233E-1,-3.752994537E-2,-4.691601753E0,4.708609833E0
3.143773937E1,2.431213707E-1,1.382522583E0,-4.373051643E0,4.592826730E0
3.144774067E1,2.878472209E-1,2.342997551E0,-3.177133083E0,3.958114220E0
3.145774354E1,3.328467011E-1,2.468143463E0,-2.297136307E0,3.388119581E0
3.146773833E1,3.778119683E-1,2.473853111E0,-1.952545524E0,3.174133759E0
3.147774067E1,2.621301413E-1,-5.601978302E-2,-8.367480040E-1,8.786339677E-1
3.148773572E1,3.058897853E-1,-1.392269135E-2,-7.099349499E-1,7.731558932E-1
3.149773807E1,3.513860703E-1,-1.132371902E0,-6.599234343E-1,1.356921971E0
3.150774484E1,3.968348503E-1,-1.224493980E0,-6.295433044E-1,1.432895034E0
3.151773755E1,4.429745674E-1,-1.294513702E0,-6.094338894E-1,1.497799005E0
3.152773937E1,2.877513766E-1,-1.359565735E0,-6.314969063E-1,1.526436433E0
3.153774015E1,3.337027133E-1,-1.395759583E0,-6.825009584E-1,1.589122359E0
3.154773937E1,3.795880973E-1,-1.436197281E0,-1.259285569E0,1.947447021E0
3.155774510E1,4.255855680E-1,-1.480425835E0,-1.275192976E0,1.999725195E0
3.156773906E1,1.514503479E0,-1.531479836E0,-1.294798613E0,2.513096640E0
3.157775645E1,2.245440245E0,-1.604117393E0,-1.317463636E0,3.057924940E0
3.158774254E1,2.922861338E0,-1.685881138E0,-1.348610878E0,3.633739797E0
3.159774947E1,3.063805580E0,-1.740875721E0,-1.340909958E0,3.770357068E0
3.160774749E1,3.797708750E0,-1.742826939E0,-1.307773113E0,4.378391029E0
3.161774249E1,3.828997374E0,-1.708643436E0,-1.231489182E0,4.370039918E0
3.162774041E1,3.789349556E0,-1.604557037E0,-1.143071651E0,4.270876508E0
3.163774119E1,3.671353579E0,-9.103603363E-1,-1.023855686E0,3.918657105E0
3.164773911E1,3.473943233E0,1.983222961E-1,-8.510124683E-1,3.582155154E0
3.165774744E1,2.526597261E0,2.493648529E-1,1.466963291E-1,2.543107619E0
3.166774588E1,1.611612916E0,1.814022064E-1,2.682285309E-1,1.643821613E0
3.167774223E1,1.422119021E0,2.140998840E-1,3.739531040E-1,1.485968437E0
3.168774041E1,1.234751701E0,2.461118698E-1,4.512233734E-1,1.337454803E0
3.169773963E1,1.085942149E0,2.750768661E-1,4.753148556E-1,1.216906671E0
3.170774588E1,1.007738471E0,1.913434029E0,4.157207012E-1,2.202178537E0
3.171774015E1,1.004281759E0,1.993213654E0,2.954332829E-1,2.251391424E0
3.172773859E1,1.063998222E0,2.644256592E0,-4.377770424E-1,2.883718759E0
3.173773989E1,1.992616057E0,2.726112366E0,-5.004470348E-1,3.413598485E0
3.174775604E1,2.103199005E0,2.796657562E0,-5.510976315E-1,3.542378886E0
3.175773874E1,3.069581985E0,2.823008537E0,-6.011652946E-1,4.213444016E0
3.176772796E1,3.157064915E0,2.816488266E0,-6.552262306E-1,4.281236555E0
3.177772671E1,3.221853256E0,2.819230080E0,-6.361491680E-1,4.328173103E0
3.178774984E1,3.239905357E0,2.853185654E0,-5.432684422E-1,4.351183253E0
3.179773780E1,3.165954351E0,2.952302933E0,2.250900269E-1,4.334746253E0
3.180774979E1,3.023868084E0,3.756834984E0,2.562873363E-1,4.829417199E0
3.181774380E1,2.157659769E0,3.838166237E0,2.614500523E-1,4.410824398E0
3.182774327E1,1.275476813E0,4.542310715E0,2.884299755E-1,4.726798026E0
3.183774301E1,-9.308246374E-1,5.515006065E0,9.816622734E-1,5.678502199E0
3.184774354E1,-2.527667046E0,5.588479996E0,9.537672997E-1,6.207244269E0
3.185775031E1,-3.821392059E0,5.653630257E0,8.653161526E-1,6.878615006E0
3.186774093E1,-5.046802521E0,5.703577995E0,7.650356293E-1,7.654168612E0
3.187774145E1,-6.055855751E0,5.723953247E0,6.979281902E-1,8.362065140E0
3.188773911E1,-6.183879852E0,5.711473465E0,6.634513140E-1,8.444019589E0
3.189774015E1,-6.213070393E0,5.655404091E0,5.901753902E-1,8.422241158E0
3.190774718E1,-6.108520508E0,5.571422577E0,5.233203173E-1,8.284240248E0
3.191773989E1,-5.844676495E0,5.447981834E0,4.726300240E-1,8.004007030E0
3.192774093E1,-4.553782940E0,4.734759331E0,4.748435020E-1,6.586376951E0
3.193777807E1,-3.323040247E0,4.604713440E0,5.330122709E-1,5.703515094E0
3.194773864E1,-1.916371703E0,3.782154083E0,5.995055437E-1,4.282122944E0
3.195777994E1,-1.328946650E-1,3.628417015E0,6.394164562E-1,3.686722722E0
3.196773911E1,6.612500548E-2,2.799874306E0,6.367737055E-1,2.872133248E0
3.197775343E1,1.643745899E0,2.704613686E0,5.825170279E-1,3.218099106E0
3.198774197E1,1.929904580E0,2.573575020E0,4.591830969E-1,3.249410591E0
3.199775343E1,2.986862898E0,1.709526062E0,-3.210195303E-1,3.456426314E0
3.200775291E1,3.086757660E0,1.573313713E0,-4.865319729E-1,3.498585750E0
3.201775213E1,3.191500425E0,-2.327795029E-1,-1.484451294E0,3.527528442E0
3.202774822E1,3.734441996E0,-1.369338989E0,-2.500167847E0,4.698083178E0
3.203775004E1,3.642067432E0,-2.583782673E0,-2.593912363E0,5.164200754E0
3.204778702E1,3.491442204E0,-3.971714020E0,-2.675770283E0,5.926586498E0
3.205775421E1,3.294628620E0,-5.303206921E0,-2.696882725E0,6.800864491E0
3.206775057E1,2.329099894E0,-6.507596493E0,-2.654751539E0,7.404135612E0
3.207774744E1,2.111616373E0,-7.464480400E0,-2.521759987E0,8.157000967E0
3.208775030E1,9.661475420E-1,-8.122594833E0,-2.331359863E0,8.505599727E0
3.209774697E1,-2.045578510E-1,-8.181309700E0,-1.298210740E0,8.286194751E0
3.210775083E1,-2.415574491E-1,-8.186197281E0,-1.082706094E0,8.261018606E0
3.211786739E1,-1.652538300E0,-8.113845825E0,-1.194846630E-1,8.281283324E0
3.212774666E1,-2.515015125E0,-7.938702583E0,1.293140650E-1,8.328566618E0
3.213773791E1,-3.245259285E0,-6.925348282E0,2.307669878E0,7.988585414E0
3.214777051E1,-3.438159227E0,-6.726305962E0,2.268301487E0,7.887288659E0
3.215774020E1,-4.179791927E0,-5.706076622E0,2.396510124E0,7.468147812E0
3.216774072E1,-4.192316532E0,-5.567746162E0,4.220604897E0,8.147933537E0
3.217774848E1,-4.170343876E0,-4.896985054E0,5.534959793E0,8.485753389E0
3.218775187E1,-4.053022385E0,-4.800471306E0,6.953234673E0,9.371178561E0
3.219774171E1,-3.845231771E0,-4.694591522E0,8.389737129E0,1.035435590E1
3.220774406E1,-1.777561188E0,-2.812226295E0,1.116568375E1,1.165078684E1
3.221774197E1,-7.986474782E-3,-1.576818943E0,1.219639206E1,1.229790230E1
3.222774327E1,1.657833576E0,2.499885559E-1,1.202229691E1,1.213863787E1
3.223774327E1,3.371702194E0,1.220317841E0,1.168610096E1,1.222384992E1
3.224778572E1,4.676325321E0,2.468035698E0,9.992619514E0,1.130538206E1
3.225773963E1,5.599411011E0,3.395868301E0,8.404129982E0,1.065432898E1
3.226773911E1,5.773541451E0,4.058863640E0,6.804913521E0,9.803825934E0
3.227773754E1,5.823043823E0,4.083765030E0,5.403314590E0,8.932008999E0
3.228773911E1,5.682504654E0,4.000392914E0,4.111883163E0,8.074749888E0
3.229777530E1,4.607704163E0,3.240565300E0,3.009040117E0,6.386432771E0
3.230773614E1,3.008622885E0,2.506086349E0,2.548718214E0,4.672070739E0
3.231772874E1,1.207091570E0,2.406948090E0,1.542908788E0,3.103391160E0
3.232772473E1,-2.600861192E-1,2.374644279E0,1.211988211E0,2.678711568E0
3.233773619E1,-1.914832473E0,2.485466957E0,3.566431999E-1,3.157740294E0
3.234778728E1,-3.015905619E0,3.592280388E0,-1.526259184E0,4.932507697E0
3.235773780E1,-3.951566219E0,4.595220566E0,-1.560246587E0,6.258218360E0
3.236773859E1,-4.173913002E0,4.742928505E0,-3.614827633E0,7.279004009E0
3.237774067E1,-4.305984497E0,4.807014465E0,-4.896882534E0,8.101132582E0
3.238774015E1,-4.214208603E0,3.677657127E0,-5.906345367E0,8.134471814E0
3.239774510E1,-3.946101665E0,2.134966850E0,-5.934826851E0,7.439890561E0
3.240774197E1,-2.733953953E0,-1.278877258E-3,-5.855350018E0,6.462169116E0
3.241773989E1,-1.871969461E0,-2.211819649E0,-5.758513927E0,6.446464029E0
3.242774015E1,-3.170009255E-1,-4.166861057E0,-5.641947746E0,7.021025212E0
3.243773989E1,-1.547798216E-1,-5.324309349E0,-5.524969101E0,7.674471344E0
3.244778755E1,7.969274520E-6,-5.405149937E0,-5.398890018E0,7.639611199E0
3.245774067E1,1.483748555E-1,-5.298621655E0,-5.868519783E0,7.908029526E0
3.246774354E1,2.831570506E-1,-3.800431252E0,-5.707566261E0,6.862927090E0
3.247774301E1,1.864715070E-1,-2.113474846E0,-5.552628517E0,5.944176225E0
3.248776104E1,1.584898710E0,-7.819557190E-2,-5.361437321E0,5.591335137E0
3.249777098E1,1.670152545E0,1.131207466E0,-5.060568810E0,5.447788224E0
3.250779015E1,1.772968292E0,2.117205620E0,-3.750995636E0,4.657890559E0
3.251773890E1,2.373510838E0,2.228492737E0,-2.716807365E0,4.240374492E0
3.252774041E1,2.355263948E0,2.250175476E0,-1.748045921E0,3.696785426E0
3.253774041E1,2.298797607E0,2.130095482E0,-1.438874960E0,3.448497985E0
3.254778885E1,2.148618937E0,-2.895259857E-2,-6.227698326E-1,2.237240231E0
3.255773885E1,1.237099051E0,4.635810852E-3,-5.107554197E-1,1.338397046E0
3.256774119E1,2.194700390E-1,-1.683165550E0,-4.851092100E-1,1.765373704E0
3.257773807E1,6.119818240E-2,-2.593229294E0,-5.624661446E-1,2.654232761E0
3.258773833E1,-1.007393241E0,-2.645002365E0,-5.857273340E-1,2.890320945E0
3.259774666E1,-1.052115560E0,-2.646712780E0,-1.161447644E0,3.075873262E0
3.260774171E1,-1.034689546E0,-2.593161106E0,-1.191358685E0,3.035523430E0
3.261774119E1,-9.506393969E-2,-2.491424561E0,-1.244938493E0,2.786773285E0
3.262774223E1,-3.953095526E-2,-1.800258160E0,-1.296223879E0,2.218713249E0
3.263773728E1,1.319000244E0,-1.722360611E0,-1.336576819E0,2.548082674E0
3.264778260E1,2.250435352E0,-1.638556480E0,-1.387997627E0,3.110605090E0
3.265774041E1,3.014751196E0,-1.549651146E0,-1.419887304E0,3.675081415E0
3.266782801E1,3.168149710E0,-1.447393417E0,-1.400902987E0,3.754284148E0
3.267773833E1,3.911816120E0,9.149360657E-2,-1.356993914E0,4.141510464E0
3.268791812E1,3.937785149E0,1.210184097E-1,-1.295348644E0,4.147134606E0
3.269775166E1,3.847237587E0,1.506738663E-1,-1.208944082E0,4.035527903E0
3.270773426E1,3.642375469E0,1.810941696E-1,-1.081387520E0,3.803826117E0
3.271773807E1,2.617405653E0,1.124925613E-1,-9.213222265E-1,2.777103090E0
3.272774145E1,2.366983414E0,1.444740295E-1,-1.553773880E-1,2.376473303E0
3.273774223E1,1.185237408E0,1.744813919E-1,-7.198166847E-2,1.200172000E0
3.274778286E1,9.539210200E-1,2.047328949E-1,8.386135101E-3,9.756798645E-1
3.275774197E1,-5.927433372E-1,1.553554535E-1,3.975939751E-2,6.140527586E-1
3.276773754E1,-6.242576241E-1,1.306941032E0,-2.115488052E-3,1.448377340E0
3.277773937E1,-6.526416540E-1,1.432659149E0,-1.291108131E-1,1.579595824E0
3.278773885E1,-6.716469526E-1,2.270673752E0,-9.946422577E-1,2.568342294E0
3.279774588E1,5.632493496E-1,2.378128052E0,-1.057858706E0,2.663044855E0
3.280773780E1,1.222559690E0,3.088585854E0,-1.128073215E0,3.508071258E0
3.281774093E1,1.957810402E0,3.128919601E0,-1.194120169E0,3.879314684E0
3.282774145E1,2.695827961E0,3.151192665E0,-1.240116358E0,4.328439925E0
3.283774015E1,2.849903107E0,3.139842987E0,-1.252365351E0,4.421422924E0
3.284781150E1,3.712563038E0,3.152462959E0,-1.226511955E0,5.022497247E0
3.285775947E1,3.730891466E0,3.233003616E0,-1.117854357E0,5.061764700E0
3.286774437E1,3.678565979E0,3.930833817E0,-1.005505562E0,5.476709193E0
3.287774525E1,3.519389868E0,4.040897369E0,-9.267458916E-1,5.438181179E0
3.288773999E1,2.480593204E0,4.780817986E0,-8.773760796E-1,5.457046091E0
3.289774510E1,1.518570662E0,4.881779671E0,-8.282566071E-1,5.179173546E0
3.290774484E1,2.858017683E-1,5.535714149E0,-7.404787540E-1,5.592327117E0
3.291774067E1,-1.135753036E0,5.583039284E0,-5.872941017E-2,5.697693546E0
3.292774119E1,-2.412974358E0,5.581636429E0,1.598739624E-2,6.080901748E0
3.293773911E1,-4.711405277E0,5.451751709E0,1.223158836E-1,7.206517714E0
3.294774536E1,-5.511411667E0,5.354311943E0,2.045238018E-1,7.686751260E0
3.295773937E1,-5.609696388E0,5.267497063E0,9.731223583E-1,7.756428688E0
3.296774145E1,-5.630381107E0,5.170962334E0,1.003556013E0,7.710198930E0
3.297774145E1,-5.554318905E0,5.069795609E0,1.012654305E0,7.588066602E0
3.298773864E1,-5.366224289E0,4.980631828E0,1.027526140E0,7.393163497E0
3.299774380E1,-5.053879738E0,4.903272629E0,1.037673831E0,7.117622486E0
3.300773833E1,-3.649242878E0,4.808536530E0,1.995965004E0,6.357898508E0
3.301773859E1,-2.567084074E0,4.134481430E0,1.978106856E0,5.253262232E0
3.302777010E1,-1.499227047E0,3.995838165E0,9.208148718E-1,4.366039900E0
3.303773708E1,2.935337275E-2,3.074051857E0,7.381818295E-1,3.161576957E0
3.304774150E1,1.152888685E-2,2.919307709E0,-2.570263147E-1,2.930623302E0
3.305775004E1,1.413646698E0,2.017817497E0,-4.486190081E-1,2.504245087E0
3.306775525E1,2.357746124E0,1.890554428E0,-1.597222447E0,3.418227959E0
3.307774223E1,3.199737072E0,9.403152466E-1,-1.751336217E0,3.766920312E0
3.308773989E1,3.392141581E0,-1.443576813E-1,-2.448176861E0,4.185813372E0
3.309773343E1,4.197210312E0,-2.293462753E-1,-2.539057255E0,4.910802975E0
3.310774041E1,4.190023899E0,-1.533875465E0,-2.620476961E0,5.174550582E0
3.311774327E1,4.059143066E0,-3.396935463E0,-2.675679684E0,5.930857842E0
3.312773937E1,3.830799103E0,-4.313558102E0,-2.580677509E0,6.319944752E0
3.313773937E1,2.729902506E0,-5.092876434E0,-2.410404205E0,6.260974884E0
3.314774510E1,2.484160662E0,-5.214835167E0,-1.546250701E0,5.979669827E0
3.315774093E1,1.253226042E0,-6.066986084E0,-1.351852655E0,6.340851777E0
3.316774041E1,-9.908934683E-2,-6.107599258E0,-4.381446838E-1,6.124096518E0
3.317773937E1,-1.437241733E-1,-6.141102791E0,-2.104485035E-1,6.146388265E0
3.318773755E1,-3.891542554E-1,-6.167835236E0,8.365670443E-1,6.236463497E0
3.319775239E1,-1.498281479E0,-6.182761192E0,1.059854865E0,6.449393436E0
3.320774666E1,-1.666478634E0,-6.188647747E0,2.388727427E0,6.839775632E0
3.321775739E1,-1.847328901E0,-6.193268776E0,2.504927158E0,6.931367994E0
3.322775890E1,-2.501429319E0,-6.218237877E0,2.600380182E0,7.189270340E0
3.323775312E1,-2.503257990E0,-6.258360863E0,2.493000507E0,7.186684408E0
3.324775609E1,-2.477939129E0,-6.332486153E0,2.552292824E0,7.263247336E0
3.325775135E1,-2.420226097E0,-6.944874287E0,2.607339621E0,7.803011798E0
3.326774281E1,-2.303830862E0,-6.926304340E0,4.385593414E0,8.515559762E0
3.327775109E1,-2.146502972E0,-6.831023216E0,5.464023590E0,9.006992116E0
3.328775187E1,-4.337061048E-1,-5.736266136E0,6.783577919E0,8.894367856E0
3.329775161E1,-3.354236782E-1,-4.208775043E0,8.183533669E0,9.208502577E0
3.330775057E1,8.865345120E-1,2.888288498E-1,1.036213589E1,1.040400047E1
3.331775031E1,1.889192820E0,3.478004456E0,1.034813213E1,1.107923297E1
3.332775187E1,2.770618200E0,5.700323105E0,1.021348190E1,1.202020055E1
3.333775135E1,2.930838108E0,7.282704353E0,9.911520958E0,1.264380648E1
3.334774640E1,3.799179554E0,8.012677193E0,9.448803902E0,1.295826594E1
3.335774978E1,3.830790997E0,7.957837105E0,7.991480350E0,1.191074680E1
3.336774978E1,3.770547152E0,7.742148399E0,6.819503307E0,1.098469449E1
3.337774822E1,3.604668617E0,5.874629974E0,5.597371578E0,8.878934720E0
3.338775005E1,2.623833895E0,4.154217720E0,4.473455906E0,6.644835356E0
3.339781104E1,1.622830868E0,2.694856644E0,3.418616056E0,4.645725788E0
3.340774036E1,5.008005500E-1,1.976617813E0,2.393884182E0,3.144598646E0
3.341776051E1,-4.907405376E-1,2.016504288E0,1.142834663E0,2.369216513E0
3.342774280E1,-7.106665373E-1,3.142988205E0,-1.209736824E0,3.441930413E0
3.343774275E1,-7.251186967E-1,4.541325569E0,-2.349092484E0,5.164074994E0
3.344773963E1,-2.571966171E0,5.436891556E0,-4.247185707E0,7.362974006E0
3.345773963E1,-2.682433367E0,5.486047745E0,-5.855272293E0,8.460282634E0
3.346774380E1,-2.752103806E0,5.409227371E0,-6.951027870E0,9.227708522E0
3.347774275E1,-2.717802525E0,4.245581627E0,-7.053888798E0,8.669991989E0
3.348774015E1,-2.535871983E0,-9.127235413E-2,-6.994770527E0,7.440819315E0
3.349774171E1,-2.368890285E0,-2.008723736E0,-6.757006645E0,7.436649181E0
3.350774197E1,-3.984495997E-1,-4.670683861E0,-5.742556095E0,7.412894193E0
3.351774093E1,-4.577282071E-1,-6.473783970E0,-5.434135914E0,8.464586649E0
3.352774249E1,-3.219017088E-1,-7.253560066E0,-5.143719196E0,8.898067291E0
3.353774067E1,-1.908410788E-1,-7.168502808E0,-4.902135849E0,8.686471591E0
3.354774041E1,-6.507226825E-2,-5.568477154E0,-4.704977512E0,7.290335082E0
3.355774067E1,5.275450647E-2,-3.471309662E0,-4.524082184E0,5.702639162E0
3.356774015E1,-9.374850988E-2,-1.204660416E0,-4.323934078E0,4.489588112E0
3.357785338E1,-4.048264027E-2,-1.171293259E-1,-4.080542088E0,4.082423527E0
3.358774150E1,1.182476990E-2,2.519280434E0,-3.277683735E0,4.134020367E0
3.359775171E1,6.451601535E-2,3.480325699E0,-2.953378677E0,4.565005465E0
3.360774499E1,1.157860309E-1,3.549759865E0,-1.726723671E0,3.949148787E0
3.361773682E1,-3.253778443E-2,3.451407433E0,-1.454290032E0,3.745428076E0
3.362773911E1,2.021866292E-2,1.970843315E0,-1.223640680E0,2.319898421E0
3.363774093E1,7.450287789E-2,-5.759239197E-2,-1.113617778E0,1.117592107E0
3.364774510E1,1.284747720E-1,-1.348358154E0,-1.114382744E0,1.753973882E0
3.365774145E1,1.803282350E-1,-2.475109577E0,-1.174331546E0,2.745494540E0
3.366774354E1,-9.928339124E-1,-3.199133396E0,-1.833096504E0,3.818431151E0
3.367774301E1,-9.996373653E-1,-3.159983158E0,-1.803237438E0,3.773119887E0
3.368773989E1,-9.484993219E-1,-3.065174103E0,-1.767852426E0,3.663365317E0
3.369774484E1,2.441959977E-1,-2.362092018E0,-1.747644424E0,2.948452377E0
3.370774171E1,9.564018250E-2,-2.251558781E0,-1.693982363E0,2.819262356E0
3.371774171E1,1.310988069E0,-2.122952938E0,-1.631960392E0,2.981428117E0
3.372774275E1,2.323928118E0,-1.503850937E0,-1.555620790E0,3.175242601E0
3.373774223E1,3.222268105E0,-1.465525627E0,-1.484652281E0,3.838615570E0
3.374774327E1,3.923978567E0,-1.429229736E0,-1.398666859E0,4.404154223E0
3.375774005E1,4.057807446E0,-1.399770737E0,-1.300678015E0,4.485189258E0
3.376775859E1,4.737960815E0,-1.342089653E0,-1.187934637E0,5.065635797E0
3.377774036E1,4.685852051E0,-1.270545006E0,-1.043764591E0,4.965978109E0
3.378773723E1,4.526606560E0,-1.187489510E0,-8.766810894E-1,4.761183468E0
3.379773890E1,3.745090485E0,-1.092752457E0,-1.880431175E-2,3.901302894E0
3.380774510E1,3.466898918E0,-9.818639755E-1,1.211512089E-1,3.605290916E0
3.381774171E1,2.310683250E0,2.282094955E-1,2.724368572E-1,2.337853395E0
3.382774484E1,2.028634310E0,2.660503387E-1,9.465065002E-1,2.254332385E0
3.383774510E1,8.019077778E-1,3.027372360E-1,9.915896654E-1,1.310708199E0
3.384774171E1,-7.775343060E-1,2.515611649E-1,8.182082176E-1,1.156420038E0
3.385774327E1,-8.444124460E-1,1.778004646E0,-7.700181007E-2,1.969838110E0
3.386774119E1,-9.007619619E-1,2.460597992E0,-1.918268204E-1,2.627301300E0
3.387774041E1,-9.109672904E-1,3.228288651E0,-3.114902973E-1,3.368788391E0
3.388774900E1,-9.123364091E-1,3.921039581E0,-9.154291153E-1,4.128549332E0
3.389774015E1,5.340572596E-1,4.040393829E0,-9.285299778E-1,4.179972174E0
3.390773911E1,6.883540750E-1,4.645633698E0,-9.070274830E-1,4.783141503E0
3.391774145E1,1.811634779E0,4.625897408E0,-8.385066986E-1,5.038257723E0
3.392773859E1,1.976973295E0,4.569136620E0,-8.217453957E-2,4.979175184E0
3.393775942E1,2.943522930E0,4.471507072E0,2.111601830E-2,5.353424009E0
3.394773687E1,3.021931648E0,4.348395348E0,9.027249813E-1,5.371733927E0
3.395772718E1,3.056613922E0,3.658253670E0,9.879000187E-1,4.868434556E0
3.396776385E1,3.022222281E0,3.616376877E0,1.050564766E0,4.828632887E0
3.397773630E1,2.857191801E0,3.591942787E0,1.053254247E0,4.709027764E0
3.398774072E1,1.672488451E0,3.617993355E0,9.735074043E-1,4.103024519E0
3.399773885E1,5.472472906E-1,3.677669525E0,8.437103033E-1,3.812686692E0
3.400774614E1,-1.121755004E0,3.774746895E0,1.594133377E-1,3.941124335E0
3.401774093E1,-2.193182945E0,4.518272400E0,4.083848000E-2,5.022599396E0
3.402774015E1,-4.811052799E0,4.669721603E0,-9.025087357E-1,6.765134951E0
3.403774041E1,-5.678520203E0,4.752406120E0,-9.204466343E-1,7.461781130E0
3.404773781E1,-5.779097557E0,4.817614555E0,-8.595972061E-1,7.572733056E0
3.405774197E1,-5.794918060E0,4.854165077E0,-1.723153591E-1,7.561328356E0
3.406773807E1,-5.656324387E0,4.873420715E0,-1.004648209E-1,7.466882095E0
3.407774327E1,-4.858833313E0,4.861392021E0,5.206595659E-1,6.892929706E0
3.408773963E1,-3.731449842E0,4.811824799E0,5.828435421E-1,6.116950418E0
3.409772822E1,-2.297283411E0,4.688712120E0,6.544808149E-1,5.262117212E0
3.410774067E1,-4.043227434E-1,3.703718185E0,6.804400682E-1,3.787347880E0
3.411773963E1,-2.211193740E-1,2.908209801E0,6.424807310E-1,2.986529677E0
3.412775161E1,1.653043389E0,2.192687988E0,5.291336775E-1,2.796500583E0
3.413775702E1,2.452444315E0,2.032398224E0,3.636730909E-1,3.205835893E0
3.414774478E1,2.680855989E0,1.053643227E0,-5.376635790E-1,2.930227808E0
3.415773786E1,2.847120285E0,9.452266693E-1,-6.860255003E-1,3.077365490E0
3.416773708E1,2.916346550E0,-1.575651169E-1,-1.488829136E0,3.278187939E0
3.417774093E1,2.920915127E0,-1.418256760E-1,-1.613335252E0,3.339866814E0
3.418773963E1,2.800016403E0,-2.258195877E-1,-1.739211202E0,3.303928260E0
3.419774015E1,2.610408783E0,-2.089433670E-1,-2.529526234E0,3.640933165E0
3.420773885E1,1.790096760E0,-2.027050972E0,-2.542451859E0,3.711797880E0
3.421774301E1,1.546502948E0,-3.722997665E0,-2.546213627E0,4.768184856E0
3.422773859E1,8.703225851E-1,-4.639663219E0,-2.427947044E0,5.308376686E0
3.423774223E1,-2.640232146E-1,-5.476005554E0,-2.271281958E0,5.934228410E0
3.424774015E1,-2.865460217E-1,-6.172652245E0,-1.457749367E0,6.348919402E0
3.425773937E1,-3.081462681E-1,-6.282554626E0,-1.303484678E0,6.423746497E0
3.426774197E1,-3.084542751E-1,-7.045272827E0,-5.514154434E-1,7.073547359E0
3.427773937E1,-5.074583292E-1,-7.081148148E0,-3.779785633E-1,7.109362900E0
3.428773963E1,-1.516582370E0,-7.120385170E0,4.718996286E-1,7.295381848E0
3.429773885E1,-1.629343033E0,-7.138166428E0,6.756073236E-1,7.352865015E0
3.430787504E1,-1.729128122E0,-7.148027420E0,2.532574177E0,7.778053228E0
3.431774166E1,-2.463974476E0,-7.154589653E0,2.661403179E0,8.021370843E0
3.432775020E1,-2.499613523E0,-7.145361900E0,2.568631649E0,7.993880972E0
3.433773864E1,-2.510575056E0,-7.121016502E0,4.261484146E0,8.670185135E0
3.434774072E1,-2.468050957E0,-7.058269501E0,5.525546074E0,9.297424551E0
3.435774015E1,-2.287583351E0,-6.913692951E0,6.973688602E0,1.008288255E1
3.436774275E1,-2.396961898E-1,-5.522186279E0,8.371384621E0,1.003155402E1
3.437773989E1,-3.504474163E-1,-3.748369694E0,9.553068161E0,1.026811570E1
3.438773963E1,9.980323911E-1,-1.333843231E0,1.033010387E1,1.046356787E1
3.439773989E1,3.097882271E0,3.703307152E0,1.034151173E1,1.141307247E1
3.440774041E1,3.287163258E0,5.590643883E0,1.009183598E1,1.199607830E1
3.441774041E1,3.971421957E0,6.762230873E0,9.670356750E0,1.245053246E1
3.442773963E1,3.931868076E0,6.797673225E0,8.295800209E0,1.142314532E1
3.443774874E1,3.769024134E0,6.671922684E0,7.143960953E0,1.047646282E1
3.444774692E1,2.599555492E0,5.338356018E0,6.591087818E0,8.871199037E0
3.445775031E1,1.448395491E0,3.455727577E0,5.334742546E0,6.519154901E0
3.446774692E1,-5.522232652E-1,1.560354233E0,4.921068668E0,5.191971948E0
3.447775213E1,-5.907673240E-1,-1.258001328E-1,3.857660532E0,3.904660867E0
3.448778833E1,-6.216657162E-1,-8.681106567E-2,2.691250086E0,2.763481762E0
3.449773739E1,-2.372817516E0,-4.225063324E-2,1.366719842E0,2.738607531E0
3.450773812E1,-3.286626816E0,2.645492554E-3,-7.320344448E-2,3.287443014E0
3.451775452E1,-4.135226250E0,3.189726830E0,-1.368990898E0,5.398943365E0
3.452774307E1,-4.264590263E0,5.601036072E0,-1.441958666E0,7.185929306E0
3.453774900E1,-4.245323658E0,7.111980438E0,-3.615799427E0,9.037535295E0
3.454775525E1,-4.164449692E0,7.225899696E0,-5.006048203E0,9.727116030E0
3.455775135E1,-4.005523682E0,7.196383476E0,-6.001428127E0,1.019064741E1
3.456774900E1,-2.985878229E0,6.322706223E0,-6.106891155E0,9.283652426E0
3.457774978E1,-3.031648397E-1,2.202009201E0,-6.687539577E0,7.047264650E0
3.458775057E1,-1.630636156E-1,-1.167983055E0,-6.644048691E0,6.747900204E0
3.459774926E1,1.272269249E0,-4.231085777E0,-6.593918800E0,7.937286756E0
3.460774614E1,1.471303225E0,-6.312264919E0,-6.447030544E0,9.141861103E0
3.461774874E1,1.625378132E0,-7.310781956E0,-6.196124077E0,9.720151257E0
3.462775109E1,1.727162004E0,-7.326397419E0,-5.873938084E0,9.547896959E0
3.463774874E1,1.711623192E0,-6.505163670E0,-4.803647518E0,8.265702499E0
3.464775083E1,1.646233678E0,-4.761950016E0,-4.430503845E0,6.709367899E0
3.465774640E1,1.495929480E0,-2.514332771E0,-3.254854441E0,4.376499940E0
3.466773859E1,4.128381610E-3,-1.138734818E-1,-2.967941046E0,2.970127651E0
3.467777926E1,3.343230579E-3,1.569184303E0,-2.104346514E0,2.624999963E0
3.468773635E1,3.675345331E-3,2.913239479E0,-1.799385786E0,3.424144707E0
3.469783098E1,5.301341414E-3,3.606194496E0,-8.171055317E-1,3.697611161E0
3.470773473E1,-1.918798983E-1,3.633603096E0,-5.983095169E-1,3.687528120E0
3.471773577E1,-1.881028414E-1,3.474742889E0,-4.728296995E-1,3.511807049E0
3.472774223E1,-1.779357493E-1,1.668445587E0,-4.383687973E-1,1.734225767E0
3.473774327E1,-1.159226522E-1,-3.989410400E-2,-4.949756861E-1,5.099318882E-1
3.474774067E1,-5.456003547E-2,-1.640503883E0,-1.128233075E0,1.991767974E0
3.475773885E1,-1.919794530E-1,-2.783462524E0,-1.109340549E0,3.002524969E0
3.476773963E1,-8.844497800E-2,-3.005757809E0,-1.122550130E0,3.209754089E0
3.477773780E1,-2.533877641E-2,-2.999245644E0,-1.121862292E0,3.202294722E0
3.478774171E1,3.689233586E-2,-2.898968220E0,-1.152095795E0,3.119727953E0
3.479774171E1,-1.011800617E-1,-2.184668541E0,-1.184382081E0,2.487121821E0
3.480773833E1,-4.282842577E-2,-2.041699409E0,-1.186117291E0,2.361619144E0
3.481773989E1,1.233653545E0,-1.318886757E0,-1.165060163E0,2.149122735E0
3.482773807E1,2.105661392E0,-1.267531395E0,-1.135414481E0,2.707325577E0
3.483773937E1,2.916359901E0,-1.235723495E0,-1.103376389E0,3.354043394E0
3.484773780E1,3.087494135E0,-1.201289177E0,-1.083436251E0,3.485620437E0
3.485773692E1,4.028870106E0,-1.159472466E0,-1.048665047E0,4.321558643E0
3.486775760E1,4.081982613E0,-1.101233482E0,-9.952983856E-1,4.343491235E0
3.487774463E1,4.063814640E0,-1.034970284E0,-8.930526972E-1,4.287574610E0
3.488773312E1,3.955233574E0,-9.413242340E-1,-7.363920212E-1,4.131856380E0
3.489773734E1,3.752157927E0,9.204387665E-2,1.277222633E-1,3.755459247E0
3.490773702E1,2.821884632E0,1.226511002E-1,2.592672110E-1,2.836423039E0
3.491773807E1,2.575125933E0,1.539745331E-1,3.920550346E-1,2.609346446E0
3.492773859E1,1.504530668E0,1.857957840E-1,4.910898209E-1,1.593518691E0
3.493774432E1,1.305061460E0,2.173366547E-1,5.185632706E-1,1.421030788E0
3.494773937E1,5.203821659E-1,1.596956253E-1,3.233517408E-1,6.331324029E-1
3.495773833E1,4.396910667E-1,1.941740990E0,-4.170751572E-1,2.034118480E0
3.496773911E1,3.971343040E-1,2.074894905E0,-4.851126671E-1,2.167542115E0
3.497773859E1,4.207392335E-1,3.002305984E0,-5.457651615E-1,3.080376980E0
3.498773546E1,1.136223912E0,3.084600449E0,-6.086757183E-1,3.343090013E0
3.499773859E1,1.223903418E0,3.131023407E0,-6.743512154E-1,3.428701899E0
3.500773781E1,1.911791325E0,3.136233330E0,-7.085294724E-1,3.740711106E0
3.501773937E1,1.939482689E0,3.145838737E0,-7.033872604E-1,3.762000545E0
3.502773859E1,1.939104438E0,3.188130379E0,-6.436548233E-1,3.786633447E0
3.503773937E1,1.927862763E0,3.246995926E0,-6.011838913E-1,3.823749397E0
3.504775682E1,1.871207833E0,3.327169418E0,-6.216826439E-1,3.867552767E0
3.505774604E1,1.738290191E0,3.953138351E0,-6.885285378E-1,4.372988356E0
3.506776880E1,6.791044474E-1,3.995777130E0,-7.458081245E-1,4.121122115E0
3.507773786E1,-9.865592122E-1,4.071112633E0,-7.263743877E-1,4.251455856E0
3.508773728E1,-1.152304411E0,4.169847488E0,-6.213443279E-1,4.370526548E0
3.509772822E1,-2.446861267E0,4.762043953E0,1.059757471E-1,5.354943840E0
3.510773780E1,-3.505508423E0,4.740577698E0,1.923856735E-1,5.899040469E0
3.511773911E1,-4.518090248E0,4.728703499E0,3.066419363E-1,6.547351033E0
3.512774067E1,-5.336074829E0,4.739669800E0,2.163899660E0,7.457923715E0
3.513773937E1,-6.148109436E0,4.854195595E0,2.035451412E0,8.093548478E0
3.514773911E1,-6.047194004E0,4.897516251E0,2.039308071E0,8.044438958E0
3.515773728E1,-5.819693565E0,4.905359268E0,2.043294907E0,7.880763721E0
3.516774249E1,-4.652264118E0,4.864231110E0,2.045993090E0,7.034940898E0
3.517773833E1,-3.554483652E0,4.766465187E0,1.793529272E0,6.210498504E0
3.518773911E1,-2.299860716E0,4.088657379E0,1.744986296E0,5.005142920E0
3.519773963E1,-7.749985904E-2,3.332454681E0,6.798791885E-2,3.334049008E0
3.520774067E1,1.070705652E-1,2.496246338E0,-1.141929626E-1,2.501149719E0
3.521774067E1,1.393428802E0,1.759548187E0,-9.258558750E-1,2.427933844E0
3.522773687E1,2.431154490E0,1.589403152E0,-1.060966134E0,3.092307176E0
3.523775046E1,2.597697258E0,-2.367992401E-1,-2.559545279E0,3.654500918E0
3.524773874E1,2.788004637E0,-2.215518951E-1,-2.724649906E0,3.904583487E0
3.525773729E1,3.651834011E0,-2.086277008E-1,-2.850857735E0,4.637543206E0
3.526773656E1,3.676694870E0,-1.882619858E-1,-2.940321207E0,4.711583231E0
3.527773734E1,3.600963116E0,-2.684936523E-1,-3.741992950E0,5.200147637E0
3.528774614E1,3.466193676E0,-1.227330208E0,-3.691413403E0,5.210313901E0
3.529774067E1,2.739109993E0,-2.440079689E0,-3.679042339E0,5.195388819E0
3.530774406E1,2.524672270E0,-3.161478996E0,-3.599044800E0,5.414983193E0
3.531773963E1,1.337887049E0,-4.081514835E0,-2.456311464E0,4.947946151E0
3.532774041E1,1.373349503E-2,-5.018893719E0,-2.264130592E0,5.505975854E0
3.533773833E1,-1.397228148E-2,-5.084458828E0,-1.363403797E0,5.264103600E0
3.534773937E1,-4.186652601E-2,-5.165382862E0,-5.574471951E-1,5.195544273E0
3.535773911E1,-1.857875228E0,-5.760691643E0,-3.469390869E-1,6.062807542E0
3.536774067E1,-2.053287268E0,-5.747023582E0,7.489539385E-1,6.148593389E0
3.537773702E1,-2.921453714E0,-5.728196621E0,1.000540018E0,6.507550127E0
3.538773989E1,-3.019899130E0,-5.731225967E0,2.328869581E0,6.884066776E0
3.539773885E1,-3.029980183E0,-5.768656731E0,2.445633650E0,6.959835079E0
3.540774015E1,-3.006562710E0,-6.358364582E0,2.537613869E0,7.477145420E0
3.541774697E1,-2.939372540E0,-6.421565533E0,2.427016735E0,7.467718865E0
3.542774411E1,-2.772427320E0,-7.023052216E0,2.484864950E0,7.948847054E0
3.543776807E1,-2.035074711E0,-7.074083328E0,2.536634207E0,7.785800994E0
3.544773838E1,-1.853884339E0,-7.126894951E0,4.157412529E0,8.456571274E0
3.545773937E1,-9.622328877E-1,-7.118008614E0,4.836488247E0,8.659304667E0
3.546774015E1,6.031230092E-2,-6.980998516E0,5.623977661E0,8.964770080E0
3.547773656E1,1.792337894E-1,-5.360673428E0,6.580048084E0,8.489168224E0
3.548773833E1,1.516231537E0,-3.153080940E0,7.597816467E0,8.364669304E0
3.549773859E1,2.648731470E0,2.460060120E-1,8.401137352E0,8.812230488E0
3.550774327E1,4.800034046E0,4.929922104E0,8.394288063E0,1.085396383E1
3.551773963E1,5.572752476E0,6.695674896E0,8.298320770E0,1.203119944E1
3.552773911E1,5.657307625E0,7.682143211E0,8.112802505E0,1.252349865E1
3.553774119E1,5.603779793E0,7.674175262E0,7.793327332E0,1.228947781E1
3.554773729E1,5.434753418E0,7.442775726E0,7.355087280E0,1.179104593E1
3.555773702E1,5.119535923E0,5.296751022E0,6.887086868E0,1.008450222E1
3.556773885E1,3.574635983E0,3.202292442E0,5.895348072E0,7.601830581E0
3.557773885E1,2.481453896E0,1.203169823E0,5.514191151E0,6.165349552E0
3.558773859E1,1.454543114E0,-7.737636566E-2,5.204998493E0,5.404969203E0
3.559786031E1,5.467357039E-1,-3.623867035E-2,3.933928013E0,3.971904176E0
3.560775364E1,2.572554946E-1,-8.989238739E-2,2.685642004E0,2.699432163E0
3.561773504E1,-9.283033609E-1,1.593718529E0,1.265370488E0,2.236704797E0
3.562774994E1,-9.881638288E-1,4.054804802E0,-1.267200589E0,4.361617483E0
3.563773728E1,-2.169133663E0,6.441977501E0,-2.734676123E0,7.326845738E0
3.564773781E1,-2.299513817E0,7.926615715E0,-4.907202244E0,9.602064067E0
3.565774093E1,-2.386506081E0,8.030682564E0,-6.466693878E0,1.058326053E1
3.566775395E1,-2.429520130E0,7.920858383E0,-7.306818962E0,1.104681714E1
3.567775109E1,-2.449680090E0,6.300217628E0,-7.370983124E0,1.000125327E1
3.568775187E1,-2.362678528E0,1.041465759E0,-7.169263840E0,7.620055430E0
3.569774874E1,-2.185006618E0,-2.554513931E0,-6.265146255E0,7.109982627E0
3.570774952E1,-7.420467138E-1,-5.871208668E0,-5.338258743E0,7.969863923E0
3.571774926E1,-6.106292605E-1,-8.078929901E0,-4.994894028E0,9.517927442E0
3.572775343E1,-4.839767516E-1,-9.852417946E0,-4.766272068E0,1.095544259E1
3.573774718E1,-3.618907332E-1,-9.804715157E0,-4.638984680E0,1.085281452E1
3.574774510E1,-4.434773326E-1,-7.283318520E0,-4.591619015E0,8.621274035E0
3.575774770E1,-3.356222808E-1,-4.842608452E0,-5.312575340E0,7.196315424E0
3.576774484E1,-2.770503163E-1,-2.149963856E0,-5.126735210E0,5.566193976E0
3.577776984E1,-2.199918628E-1,-4.901409149E-2,-4.864138126E0,4.869357094E0
3.578774395E1,-1.627808362E-1,2.330093384E0,-3.992351055E0,4.625440490E0
3.579773072E1,-3.055456579E-1,3.826207161E0,-3.155884981E0,4.969188002E0
3.580775864E1,-2.482467592E-1,4.612163544E0,-2.195571899E0,5.114119179E0
3.581774984E1,-1.914726496E-1,4.572609901E0,-1.234518409E0,4.740196071E0
3.582773682E1,8.898191452E-1,3.362089157E0,-2.186335921E-1,3.484712651E0
3.583774978E1,9.644256830E-1,1.605208397E0,1.178039789E0,2.212371723E0
3.584775447E1,9.770529270E-1,-9.003353119E-2,1.134721279E0,1.500110276E0
3.585775057E1,-1.659448743E-1,-1.615113258E0,1.244562507E0,2.045742988E0
3.586775030E1,-1.067033485E-1,-2.667998314E0,1.320340991E0,2.978741503E0
3.587774874E1,-1.319602728E0,-2.883590221E0,-8.797466755E-2,3.172409726E0
3.588774874E1,-1.395188332E0,-2.853104115E0,-8.759925365E-1,3.294558619E0
3.589775447E1,-1.439245343E0,-2.737475872E0,-1.603764892E0,3.483857508E0
3.590773859E1,-1.390310884E0,-1.898905754E0,-2.334417343E0,3.314862252E0
3.591773859E1,-1.254173040E0,-1.779952049E0,-2.405165672E0,3.244379944E0
3.592774223E1,9.193401039E-2,-1.151782990E0,-2.391482830E0,2.655983065E0
3.593773781E1,-5.249287561E-2,-1.116701126E0,-2.309006691E0,2.565402270E0
3.594774432E1,1.550297022E0,-1.099619865E0,-2.196928740E0,2.905009568E0
3.595773885E1,2.355444193E0,-1.084304810E0,-1.518771887E0,3.005079418E0
3.596786692E1,3.036069393E0,-1.045543671E0,-1.381146073E0,3.495489008E0
3.597773775E1,3.160619259E0,-9.607791901E-1,-1.224224091E0,3.522972520E0
3.598775072E1,3.269021511E0,3.284072876E-2,-1.074069858E0,3.441105377E0
3.599774557E1,3.313384295E0,6.396389008E-2,-9.272683859E-1,3.441283703E0
3.600774458E1,3.230643749E0,9.461593628E-2,-7.741057873E-1,3.323439631E0
3.601774145E1,3.047708035E0,1.254920959E-1,-6.950581074E-2,3.051082363E0
3.602774249E1,2.208796263E0,1.566238403E-1,2.751219273E-2,2.214513237E0
3.603774301E1,2.004244328E0,8.543014526E-2,7.329404354E-2,2.007402713E0
3.604774796E1,1.095975161E0,1.138029099E-1,5.935108662E-2,1.103465091E0
3.605774301E1,9.277570248E-1,1.613950729E-1,-6.817219257E-1,1.162551612E0
3.606773859E1,8.732455969E-1,1.889829636E-1,-7.066841125E-1,1.139155331E0
3.607774171E1,8.643851280E-1,1.231768608E0,-7.409977913E-1,1.677347096E0
3.608774067E1,9.007967710E-1,2.080754280E0,-7.888867855E-1,2.400690642E0
3.609774124E1,1.570532799E0,2.188631058E0,-8.334860802E-1,2.819818828E0
3.610773885E1,1.618003607E0,2.297495842E0,-8.657662868E-1,2.940403727E0
3.611773781E1,1.665168762E0,2.931907654E0,-8.433036804E-1,3.475633841E0
3.612774067E1,1.678192377E0,2.996114731E0,-7.491521835E-1,3.514863031E0
3.613773780E1,1.656069875E0,3.118834496E0,-6.269946098E-1,3.586477141E0
3.614777895E1,1.593637466E0,4.076477051E0,-5.285117626E-1,4.408703914E0
3.615773395E1,1.488139868E0,4.200922012E0,-4.422543049E-1,4.478604123E0
3.616772864E1,7.944510579E-1,5.022037506E0,-3.431670666E-1,5.096055026E0
3.617776327E1,-9.752462506E-1,5.091135979E0,3.829942942E-1,5.197831801E0
3.618773968E1,-9.548103213E-1,5.135252953E0,4.702295065E-1,5.244387612E0
3.619774614E1,-9.326368570E-1,5.157393456E0,5.649213791E-1,5.271399712E0
3.620773833E1,-2.835623741E0,5.138305664E0,6.131925583E-1,5.900758613E0
3.621773937E1,-3.853997231E0,5.084839821E0,6.312093735E-1,6.411498727E0
3.622774197E1,-4.750707626E0,5.018233299E0,6.296148300E-1,6.938897840E0
3.623774067E1,-5.370221615E0,4.935977936E0,6.346771717E-1,7.321610034E0
3.624774692E1,-5.446872711E0,4.787935257E0,5.486718416E-1,7.272811502E0
3.625773885E1,-5.367114067E0,4.710580826E0,3.959889412E-1,7.152083079E0
3.626774041E1,-5.141143799E0,4.637948990E0,2.713382244E-1,6.929325712E0
3.627773885E1,-4.125111580E0,4.543080330E0,1.995284557E-1,6.139701624E0
3.628773807E1,-3.062054873E0,3.888574600E0,1.689155102E-1,4.952345395E0
3.629774874E1,-1.943551779E0,3.757214546E0,1.494359970E-1,4.232775187E0
3.630773859E1,1.832422614E-1,2.883122444E0,1.054053307E-1,2.890861989E0
3.631774015E1,1.663862616E-1,2.739457130E0,3.059160709E-2,2.744675865E0
3.632773807E1,3.411221802E-1,1.966521263E0,-6.572103500E-2,1.996970074E0
3.633782114E1,2.133688927E0,1.863682747E0,-7.081964016E-1,2.920185604E0
3.634773833E1,2.894879341E0,1.206501007E0,-7.547042370E-1,3.225763408E0
3.635791098E1,3.097171068E0,1.091103554E0,-7.881315947E-1,3.376999704E0
3.636774359E1,3.946924448E0,-1.970195770E-1,-8.521085978E-1,4.042662288E0
3.637773577E1,3.992102146E0,-1.786231995E-1,-9.530125856E-1,4.108164892E0
3.638773885E1,4.011321545E0,-1.261691093E0,-1.708490729E0,4.538888137E0
3.639774458E1,3.922635078E0,-2.031574249E0,-1.766122341E0,4.757472860E0
3.640773754E1,3.753274918E0,-2.822923660E0,-1.800347328E0,5.029634291E0
3.641773989E1,3.513434172E0,-2.968443871E0,-1.761761427E0,4.925411863E0
3.642774015E1,2.228402615E0,-4.060922623E0,-1.737933040E0,4.947452073E0
3.643773937E1,1.469121873E-1,-4.672691345E0,-1.668610096E0,4.963858101E0
3.644774301E1,8.735158294E-2,-4.703551292E0,-1.513964057E0,4.941974527E0
3.645774275E1,-1.715769172E-1,-4.734752178E0,-6.946005821E-1,4.788505696E0
3.646773833E1,-2.308669090E-1,-4.785476208E0,-4.895336628E-1,4.815986428E0
3.647773755E1,-2.104843378E0,-5.453061104E0,6.326558590E-1,5.879327724E0
3.648773885E1,-2.256862640E0,-5.503821373E0,2.282561302E0,6.371464885E0
3.649774354E1,-2.386358261E0,-6.169194221E0,2.400338650E0,7.036710078E0
3.650773807E1,-2.423570633E0,-6.242130280E0,2.322623730E0,7.087486581E0
3.651776385E1,-2.409197330E0,-6.973842144E0,2.418486118E0,7.764520663E0
3.652773312E1,-2.343256235E0,-7.035442352E0,2.509824514E0,7.828634489E0
3.653774020E1,-2.233268023E0,-7.109618187E0,3.617958307E0,8.283947075E0
3.654773588E1,-1.466297984E0,-7.160947800E0,3.673198700E0,8.180561830E0
3.655773645E1,-1.289543867E0,-7.121318340E0,4.412026405E0,8.475970463E0
3.656774223E1,-2.055422068E-1,-6.961875439E0,4.505995750E0,8.295417707E0
3.657774041E1,-1.107940599E-1,-5.253465176E0,5.610174179E0,7.686691486E0
3.658774015E1,1.514088154E0,-3.226357460E0,6.489109039E0,7.403403374E0
3.659774510E1,2.621557713E0,2.519884109E-1,7.247512817E0,7.711193490E0
3.660773624E1,3.801428080E0,1.854784966E0,7.894039154E0,8.955832562E0
3.661773963E1,5.568022728E0,5.834733009E0,8.512509346E0,1.172645734E1
3.662773728E1,5.689968109E0,6.792737007E0,8.299967766E0,1.214110695E1
3.663774275E1,5.688377857E0,6.817481995E0,7.990236282E0,1.194485576E1
3.664774640E1,5.566116333E0,6.681241989E0,7.566104889E0,1.152677703E1
3.665774015E1,5.287863731E0,5.279048920E0,6.289867401E0,9.766897781E0
3.666773807E1,4.086200714E0,3.674608231E0,5.833204269E0,8.014115920E0
3.667774223E1,3.009991884E0,2.191725731E0,4.467689037E0,5.815836841E0
3.668773755E1,1.972043395E0,1.224909782E0,3.479332685E0,4.182716230E0
3.669774640E1,9.409223795E-1,1.216448784E0,2.520293236E0,2.952449925E0
3.670778765E1,-2.128934860E-2,1.999632835E0,1.488782167E0,2.493081839E0
3.671773531E1,-1.243439674E0,3.554501534E0,2.938724756E-1,3.777166187E0
3.672776234E1,-1.294185162E0,5.376181602E0,-8.990507126E-1,5.602368788E0
3.673774020E1,-2.730859756E0,6.643223763E0,-1.003065944E0,7.252320888E0
3.674774124E1,-2.877927303E0,6.741243362E0,-3.185660124E0,7.992199826E0
3.675773494E1,-3.504456282E0,6.646927834E0,-4.072414875E0,8.546778713E0
3.676774301E1,-3.504697800E0,5.356251717E0,-4.210900784E0,7.661855162E0
3.677773937E1,-3.463895798E0,3.598081589E0,-4.288886070E0,6.583259750E0
3.678773963E1,-3.382098913E0,1.371573448E0,-4.293271542E0,5.634890177E0
3.679774640E1,-3.070244789E0,-3.640419960E0,-5.120492458E0,6.992746497E0
3.680773937E1,-1.003680468E0,-5.512799263E0,-5.115537167E0,7.587295348E0
3.681773963E1,-8.501578569E-1,-6.450651169E0,-5.892154694E0,8.777878777E0
3.682773885E1,-7.024391294E-1,-6.457263947E0,-5.829599380E0,8.727766458E0
3.683773989E1,-7.597986460E-1,-5.631672859E0,-5.773936272E0,8.101319229E0
3.684774692E1,-6.294700503E-1,-4.173545837E0,-5.689836502E0,7.084416477E0
3.685773833E1,-5.094277263E-1,-2.268582821E0,-5.525305748E0,5.994579905E0
3.686774041E1,-4.426689148E-1,-9.072017670E-2,-5.220815182E0,5.240333680E0
3.687773807E1,-3.777226806E-1,1.168012619E0,-3.918125868E0,4.105927206E0
3.688775182E1,-5.138919353E-1,2.360133171E0,-2.747375965E0,3.658194664E0
3.689774380E1,6.350854039E-1,3.092703819E0,-1.459331751E0,3.478189118E0
3.690773525E1,6.966912746E-1,3.154944420E0,6.468276978E-1,3.295062836E0
3.691772630E1,7.072392702E-1,3.074329376E0,8.312214613E-1,3.262302502E0
3.692775583E1,6.804143190E-1,1.967752457E0,1.006279349E0,2.312490325E0
3.693775057E1,-4.004830122E-1,-1.381435394E-1,9.726588130E-1,1.060912554E0
3.694774234E1,-3.340421021E-1,-1.092748642E-1,-2.715928555E-1,4.441709142E-1
3.695775161E1,-2.672271132E-1,-1.822527885E0,-1.046808004E0,2.118684786E0
3.696775109E1,-2.027299106E-1,-2.499001503E0,-1.703690648E0,3.031281866E0
3.697774848E1,-2.980667353E-1,-2.624070644E0,-2.792095184E0,3.843225994E0
3.698773760E1,-2.339870930E-1,-2.593133926E0,-2.851485252E0,3.861354900E0
3.699775265E1,-1.706528068E-1,-2.510855675E0,-2.879603863E0,3.824347919E0
3.700774874E1,9.320146441E-1,-1.853103161E0,-2.841778278E0,3.518287425E0
3.701775083E1,1.740132928E0,-1.719309807E0,-2.704187632E0,3.646466723E0
3.702775135E1,2.463174582E0,-4.314899445E-2,-1.892534614E0,3.106570153E0
3.703774692E1,2.612491608E0,-1.126194000E-2,-1.687461972E0,3.110107255E0
3.704775083E1,3.409136772E0,2.232170105E-2,-8.732298613E-1,3.519267279E0
3.705774900E1,3.438591242E0,5.604457855E-2,-7.494496107E-1,3.519762129E0
3.706774614E1,3.380556822E0,9.029769897E-2,-6.192063093E-1,3.437984083E0
3.707778921E1,3.221599579E0,2.530860901E-2,-4.991061687E-1,3.260130571E0
3.708774452E1,2.356734276E0,5.867958069E-2,-4.049003124E-1,2.391983278E0
3.709784062E1,2.153244972E0,9.235191345E-2,-3.130285740E-1,2.177838303E0
3.710773630E1,1.266487360E0,1.199407578E-1,-2.573533058E-1,1.297924013E0
3.711773598E1,1.144613147E0,1.471939087E-1,-2.041809559E-1,1.171962101E0
3.712775161E1,1.037184000E0,7.430076599E-2,-1.780061722E-1,1.054967986E0
3.713773885E1,9.571145773E-1,1.011180878E-1,-1.750495434E-1,9.782308134E-1
3.714774015E1,9.060674310E-1,1.273889542E-1,-1.984674931E-1,9.362560979E-1
3.715774119E1,8.885619640E-1,1.534709930E-1,-2.521834373E-1,9.363184264E-1
3.716773963E1,1.596861601E0,9.720706940E-2,-1.081304550E0,1.930967560E0
3.717774666E1,1.637486696E0,1.208066940E-1,-1.147770405E0,2.003330687E0
3.718773963E1,1.626862526E0,1.441411972E-1,-1.239265919E0,2.050180085E0
3.719773859E1,1.561556816E0,1.902208328E0,-1.317939758E0,2.791741646E0
3.720773885E1,1.468219280E0,1.992562294E0,-1.346361399E0,2.817563019E0
3.721774067E1,1.350694180E0,2.066503525E0,-1.319950342E0,2.799478610E0
3.722774354E1,6.107332706E-1,2.108870506E0,-1.238900423E0,2.520953034E0
3.723773859E1,4.951250553E-1,2.118090630E0,-1.080116987E0,2.428602364E0
3.724773754E1,3.572533131E-1,2.127429962E0,-3.047883511E-1,2.178642723E0
3.725774083E1,-9.421769977E-1,2.126807213E0,-2.305972576E-1,2.337558879E0
3.726776004E1,-1.119613886E0,2.145572662E0,-1.600918770E-1,2.425416812E0
3.727775452E1,-1.095530391E0,2.205639839E0,-9.794235229E-2,2.464675768E0
3.728772432E1,-1.070214629E0,2.331134796E0,-7.231974602E-2,2.566082410E0
3.729773864E1,-1.017791510E0,3.297682762E0,-9.688830376E-2,3.452535083E0
3.730773989E1,6.028492451E-1,3.391519547E0,-1.772925854E-1,3.449241179E0
3.731773911E1,6.331417561E-1,4.141798019E0,-2.529144287E-1,4.197537972E0
3.732774796E1,5.963432789E-1,4.223380089E0,-2.901751995E-1,4.275133486E0
3.733774067E1,4.834090471E-1,4.316977501E0,-2.707815170E-1,4.352390341E0
3.734774119E1,-9.323499799E-1,4.914424896E0,-1.158897877E-1,5.003426725E0
3.735773833E1,-1.071032286E0,4.942503929E0,4.876792431E-1,5.080677739E0
3.736774119E1,-2.598251343E0,4.968974113E0,5.127639771E-1,5.630678527E0
3.737774588E1,-3.608981848E0,4.989639282E0,5.158212185E-1,6.179589119E0
3.738773885E1,-4.392037868E0,4.971220016E0,4.765597582E-1,6.650573982E0
3.739773729E1,-4.413084984E0,4.883430481E0,4.106297493E-1,6.594833518E0
3.740774275E1,-4.367355347E0,4.746181488E0,3.211528063E-1,6.457799205E0
3.741773754E1,-4.239645004E0,3.976930618E0,1.970585585E-1,5.816304581E0
3.742774380E1,-4.045797825E0,3.873535156E0,7.527685165E-2,5.601644513E0
3.743774692E1,-2.790863991E0,3.730710983E0,-3.283643723E-2,4.659206422E0
3.744775754E1,-1.720681071E0,3.009501457E0,-1.296725273E-1,3.469100364E0
3.745775859E1,-2.299852222E-1,2.955220222E0,-1.977703571E-1,2.970746182E0
3.746778447E1,9.771015048E-1,2.902697563E0,-2.646484375E-1,3.074153426E0
3.747774385E1,2.037673473E0,2.846840858E0,-3.544838428E-1,3.518845670E0
3.748774354E1,2.805397511E0,2.760020256E0,-4.524191618E-1,3.961394969E0
3.749774380E1,3.009666204E0,1.945151329E0,-5.364892483E-1,3.623468652E0
3.750774432E1,3.672462463E0,1.115841866E0,-6.033929586E-1,3.885378576E0
3.751774275E1,3.679248810E0,-2.233982086E-1,-6.329162121E-1,3.739968114E0
3.752774614E1,3.650714159E0,-1.279947281E0,-6.275120974E-1,3.919151738E0
3.753774301E1,3.489822149E0,-3.754890442E0,-5.938980579E-1,5.160501503E0
3.754774171E1,3.289907932E0,-4.700173855E0,-5.488057137E-1,5.763359800E0
3.755773963E1,2.417944431E0,-5.398730278E0,-4.727761745E-1,5.934329044E0
3.756773911E1,2.236370564E0,-5.495038509E0,-3.850975037E-1,5.945174649E0
3.757774640E1,2.027207613E0,-5.554952621E0,-2.989987135E-1,5.920850409E0
3.758773885E1,1.075843453E0,-5.577881813E0,-2.087916136E-1,5.684522724E0
3.759773702E1,8.812201619E-1,-5.577786446E0,-1.136190891E-1,5.648111180E0
3.760773754E1,-5.894180536E-1,-5.557214737E0,5.778551102E-3,5.588388199E0
3.761774041E1,-6.438710690E-1,-5.528682709E0,1.393772364E-1,5.567793859E0
3.762785458E1,-6.743524075E-1,-5.504622936E0,8.191125393E-1,5.605940616E0
3.763773963E1,-7.021970749E-1,-5.494307995E0,8.979874849E-1,5.611317367E0
3.764793609E1,-1.933089733E0,-5.520394802E0,1.006130815E0,5.934972106E0
3.765774281E1,-2.028059483E0,-5.595573902E0,2.264031649E0,6.367834158E0
3.766773942E1,-2.135790110E0,-6.294719696E0,2.344418287E0,7.048502859E0
3.767774562E1,-2.178347111E0,-6.318489552E0,2.422201633E0,7.108837254E0
3.768774197E1,-2.181877613E0,-6.317575932E0,4.020891666E0,7.799995216E0
3.769774432E1,-2.106692314E0,-6.237114906E0,5.033731937E0,8.287231871E0
3.770773780E1,-1.892624855E0,-5.248767853E0,6.139090538E0,8.295783595E0
3.771774380E1,-6.495212317E-1,-1.313987732E0,8.498497009E0,8.623971997E0
3.772774458E1,1.169030547E0,2.023038864E-1,8.582349777E0,8.663964853E0
3.773773598E1,2.155193806E0,3.341041565E0,8.495618820E0,9.379923146E0
3.774773885E1,2.990332365E0,4.973267555E0,8.259563446E0,1.009434823E1
3.775774171E1,3.189526320E0,5.854423523E0,7.927019119E0,1.035784654E1
3.776774432E1,3.827640295E0,5.851591110E0,6.882084846E0,9.810965324E0
3.777774354E1,3.825756788E0,5.690513611E0,6.400495052E0,9.380015835E0
3.778773833E1,3.664378643E0,4.049724579E0,4.754631042E0,7.241164019E0
3.779773833E1,2.673019409E0,2.185346603E0,3.671474695E0,5.039890770E0
3.780773692E1,2.405061245E0,-1.536312103E-1,3.260801554E0,4.054719338E0
3.781775499E1,1.075034976E0,-1.272764206E-1,2.908049345E0,3.103006684E0
3.782776598E1,2.888375521E-1,-9.464359283E-2,2.601883888E0,2.619577124E0
3.783775130E1,9.261804819E-2,-1.570234299E-1,2.283469200E0,2.290734827E0
3.784773838E1,-1.025166869E0,-1.165475845E-1,1.248651862E0,1.619778356E0
3.785774119E1,-1.044198036E0,1.477524757E0,9.875103235E-1,2.061214590E0
3.786773833E1,-1.059197664E0,3.089202881E0,1.359462738E-3,3.265742791E0
3.787774588E1,-1.063581705E0,4.697629929E0,-1.000265360E0,4.919295049E0
3.788773911E1,-1.215477467E0,5.592086792E0,-1.223140597E0,5.851913626E0
3.789774041E1,-1.096139431E0,5.474510193E0,-2.627468586E0,6.170524668E0
3.790773781E1,-9.839255214E-1,4.058574677E0,-2.785216331E0,5.019717905E0
3.791774327E1,-2.494889021E0,2.602169991E0,-3.670022011E0,5.144397093E0
3.792774900E1,-2.488408327E0,1.044576645E0,-3.714933395E0,4.591736763E0
3.793774197E1,-2.471958637E0,-1.620044708E-1,-4.281112671E0,4.946185465E0
3.794774067E1,-2.413589239E0,-2.338904381E0,-4.338623524E0,5.488127258E0
3.795776541E1,-2.292893171E0,-3.567980766E0,-5.030949116E0,6.580143984E0
3.796773937E1,-2.124928474E0,-3.705539227E0,-4.916246414E0,6.512742954E0
3.797774536E1,-6.651532054E-1,-3.746184349E0,-4.773243427E0,6.104111629E0
3.798775343E1,-5.781500340E-1,-3.644896507E0,-4.589035988E0,5.888869103E0
3.799774041E1,-4.983836710E-1,-2.522168636E0,-4.383433819E0,5.081752941E0
3.800772869E1,-4.240594804E-1,-1.509318352E0,-4.151228428E0,4.437405299E0
3.801773645E1,-3.508008122E-1,-1.257448196E-1,-3.330227375E0,3.351012883E0
3.802774359E1,-4.781326056E-1,-2.082281113E-1,-3.224074841E0,3.265980452E0
3.803773937E1,-4.062949121E-1,9.196310043E-1,-3.146383524E0,3.303108539E0
3.804774171E1,7.146139145E-1,1.034111977E0,-3.074092150E0,3.321159914E0
3.805776437E1,1.440816164E0,1.106078148E0,-2.964148283E0,3.476425626E0
3.806773937E1,1.529200792E0,1.082175255E0,-2.851405144E0,3.411754628E0
3.807774640E1,1.607794046E0,9.501190186E-1,-2.752499819E0,3.326256619E0
3.808774171E1,1.572744131E0,-1.640377045E-1,-2.652248859E0,3.087856292E0
3.809773265E1,1.502288103E0,-1.155944824E0,-2.451021433E0,3.098480926E0
3.810773702E1,1.383565426E0,-1.236223221E0,-1.566943407E0,2.428541287E0
3.811774197E1,6.837834120E-1,-1.313828468E0,-1.364690185E0,2.013972269E0
3.812774926E1,-4.316789806E-1,-1.394118309E0,-1.195882201E0,1.886808639E0
3.813775109E1,-4.269152284E-1,-2.109411240E0,-1.069854379E0,2.403426883E0
3.814774926E1,-4.207712710E-1,-2.157201290E0,-1.006046891E0,2.417166981E0
3.815777895E1,-4.131884575E-1,-2.211193085E0,-9.824477434E-1,2.454649288E0
3.816774874E1,-6.072833538E-1,-2.259303093E0,-9.851405621E-1,2.538453361E0
3.817778645E1,-5.985479951E-1,-2.295046806E0,-9.904671907E-1,2.570316090E0
3.818773864E1,-5.638834834E-1,-2.301340580E0,-9.850428104E-1,2.566016833E0
3.819783395E1,-4.924961627E-1,-2.243545055E0,-9.504123926E-1,2.485825940E0
3.820773525E1,-4.246235490E-1,-2.097888470E0,-8.530069590E-1,2.304140200E0
3.821775109E1,-5.555652380E-1,-1.035685539E0,-6.850963831E-1,1.360387564E0
3.822774067E1,-4.873318076E-1,-5.870819092E-3,3.518079519E-1,6.010786906E-1
3.823774770E1,-4.183278680E-1,1.979923248E-2,5.101009607E-1,6.599948522E-1
3.824775577E1,-3.502475619E-1,4.532146454E-2,6.413308382E-1,7.321424956E-1
3.825779197E1,-2.847145200E-1,7.078456879E-2,7.440791130E-1,7.998290689E-1
3.826774796E1,-3.767491281E-1,1.509571075E-2,7.256863117E-1,8.177948453E-1
3.827774952E1,-3.057840765E-1,3.086090088E-2,3.659439087E-2,3.095083942E-1
3.828775604E1,-2.361646295E-1,4.681396484E-2,-1.155183315E-1,2.670388819E-1
3.829774874E1,-1.679074913E-1,6.299018860E-2,-1.061749697E0,1.076788330E0
3.830774744E1,-3.019444346E-1,-2.042675018E-2,-1.165186405E0,1.203846773E0
3.831774900E1,-2.353950441E-1,-3.800392151E-3,-1.252151966E0,1.274091761E0
3.832774614E1,-1.700209826E-1,1.297378540E-2,-1.329213977E0,1.340106432E0
3.833774640E1,1.647287369E0,2.987957001E-2,-1.407347202E0,2.166812085E0
3.834775005E1,1.750345826E0,4.996204376E-2,-1.434373498E0,2.263544576E0
3.835789077E1,1.840199351E0,-2.879905701E-2,-1.442301393E0,2.338246425E0
3.836773682E1,1.920047402E0,1.458816528E0,-1.420608401E0,2.798723981E0
3.837775176E1,2.010410309E0,1.521129608E0,-1.388973713E0,2.878338561E0
3.838773708E1,2.084045649E0,1.615549088E0,-1.350072503E0,2.962421456E0
3.839774380E1,2.080251932E0,1.723670959E0,-1.306251764E0,3.000797119E0
3.840774301E1,2.068727732E0,2.508250237E0,-1.251859903E0,3.483978601E0
3.841774484E1,2.046142578E0,2.592809677E0,-1.190319538E0,3.510871982E0
3.842774197E1,2.024581671E0,2.708902359E0,-1.153537750E0,3.573196366E0
3.843774041E1,2.043313503E0,3.421977043E0,-1.104677200E0,4.135863716E0
3.844774327E1,2.721472263E0,3.525425911E0,-1.091287374E0,4.585405900E0
3.845773807E1,2.714925528E0,3.589667320E0,-1.111517906E0,4.635946952E0
3.846773989E1,2.625679255E0,3.669730186E0,-1.108547211E0,4.646502782E0
3.847774145E1,2.425367832E0,3.743918419E0,-1.085661650E0,4.591077811E0
3.848774015E1,1.069397569E0,3.806933403E0,-1.069818497E0,4.096445375E0
3.849774015E1,-7.454041839E-1,3.866116524E0,-1.069720030E0,4.080047220E0
3.850774015E1,-1.736574650E0,3.946256638E0,-1.074063063E0,4.443224553E0
3.851773807E1,-3.441742897E0,4.547075272E0,-1.028609753E0,5.794784355E0
3.852773807E1,-5.085895538E0,4.582727432E0,-3.648464680E-1,6.855715651E0
3.853773671E1,-6.285569668E0,4.573629379E0,4.208736420E-1,7.784831814E0
3.854776025E1,-7.026266575E0,4.535233498E0,5.529657602E-1,8.381082030E0
3.855774437E1,-7.047529697E0,4.440140724E0,2.190408707E0,8.612805280E0
3.856774504E1,-6.919426918E0,3.768324852E0,2.234988928E0,8.189866700E0
3.857774176E1,-6.665693760E0,3.690040588E0,2.281640291E0,7.953222948E0
3.858774067E1,-5.042986870E0,3.560240746E0,2.307611704E0,6.590303674E0
3.859773859E1,-3.622706652E0,2.833539009E0,2.108845711E0,5.059661751E0
3.860773989E1,-2.154124975E0,2.762370110E0,2.107204437E0,4.087940016E0
3.861774484E1,4.794140905E-2,2.699699402E0,5.958552361E-1,2.765089275E0
3.862774275E1,2.620124221E-1,2.501976967E0,-2.545611858E-1,2.528505616E0
3.863774067E1,2.293530554E-1,1.607903481E0,-1.075356722E0,1.947908752E0
3.864773885E1,2.057959318E0,9.341773987E-1,-1.184019089E0,2.551428065E0
3.865774327E1,2.150497198E0,-1.506252289E-1,-1.257753015E0,2.495850317E0
3.866773859E1,2.145767212E0,-1.356639862E-1,-1.304901123E0,2.515052402E0
3.867773807E1,2.113978148E0,-1.494503975E0,-1.308507204E0,2.900799345E0
3.868773937E1,2.035109520E0,-1.635122299E0,-1.236859918E0,2.888791814E0
3.869774119E1,1.910183430E0,-2.623609543E0,-1.149483204E0,3.442882427E0
3.870773911E1,4.167423844E-1,-3.284969330E0,-4.423410892E-1,3.340713001E0
3.871774614E1,4.083060324E-1,-3.409189224E0,-3.585612774E-1,3.452224091E0
3.872773130E1,4.009100199E-1,-4.102530479E0,-2.798333168E-1,4.131560464E0
3.873772614E1,1.951070577E-1,-4.121788979E0,-2.306754589E-1,4.132846757E0
3.874772426E1,1.893821359E-1,-4.139082432E0,-1.839888096E-1,4.147495733E0
3.875773421E1,1.843733490E-1,-4.195227623E0,-1.369206905E-1,4.201508731E0
3.876773989E1,1.787734330E-1,-4.856802940E0,-1.195414066E-1,4.861561980E0
3.877774145E1,2.205906808E-1,-4.925662041E0,-7.701373100E-2,4.931200452E0
3.878774197E1,6.246490777E-2,-4.997597694E0,-4.469370842E-2,4.998187882E0
3.879774327E1,1.047411039E-1,-5.664870262E0,2.268004417E-2,5.665883883E0
3.880774119E1,-9.415590763E-1,-5.750003815E0,1.566302776E-1,5.828688567E0
3.881774197E1,-9.218821526E-1,-5.721176624E0,2.723603249E-1,5.801371288E0
3.882773885E1,-9.247327447E-1,-5.617735863E0,4.287416935E-1,5.709457620E0
3.883773885E1,1.238884404E-1,-4.705358982E0,1.316016674E0,4.887499502E0
3.884773911E1,1.671544313E-1,-3.504191399E0,1.434917331E0,3.790288341E0
3.885773833E1,1.643473148E0,-1.935278893E0,1.581599474E0,2.991281544E0
3.886773937E1,2.432776928E0,2.352457047E-1,2.738394737E0,3.670497222E0
3.887773754E1,3.314733982E0,1.665382385E-1,2.613566875E0,4.224444125E0
3.888773885E1,4.124479294E0,2.525350571E0,4.406194687E0,6.542421308E0
3.889773911E1,4.838874340E0,3.626558304E0,4.557197571E0,7.571966700E0
3.890774900E1,5.680462360E0,4.382122993E0,5.356420517E0,8.953317559E0
3.891775234E1,5.605229855E0,4.456493378E0,5.388309956E0,8.961741969E0
3.892773880E1,5.436778069E0,4.458773613E0,5.362150669E0,8.842617129E0
3.893774176E1,5.232052803E0,4.364871979E0,5.316598415E0,8.642494006E0
3.894773989E1,5.001667976E0,4.154852867E0,5.069005013E0,8.244652613E0
3.895773598E1,4.133246422E0,2.956207275E0,4.703010082E0,6.923957775E0
3.896773885E1,3.856912374E0,2.241806984E0,3.480865240E0,5.658435688E0
3.897773807E1,2.915287495E0,2.054355621E0,3.270823479E0,4.839169807E0
3.898773885E1,2.642806292E0,1.062589645E0,3.134406567E0,4.235330728E0
3.899774041E1,1.534986019E0,-5.899429321E-2,2.919039011E0,3.298552888E0
3.900774145E1,1.324226379E0,-4.251575470E-2,2.669058561E0,2.979808164E0
3.901774015E1,4.946509600E-1,1.026853561E0,9.473168254E-1,1.482065105E0
3.902773859E1,3.193167448E-1,1.989007950E0,8.723505139E-1,2.195247418E0
3.903774041E1,1.788102388E-1,2.819614410E0,8.048740625E-1,2.937689701E0
3.904774093E1,4.192852974E-2,3.583722115E0,7.435562611E-1,3.660286616E0
3.905773859E1,-6.201624870E-2,4.250354767E0,6.890004277E-1,4.306284158E0
3.906774041E1,-1.681153893E0,4.341841698E0,4.409779906E-1,4.676786218E0
3.907773755E1,-1.649291873E0,4.410722733E0,-1.634949565E0,4.984746612E0
3.908783452E1,-1.590133548E0,4.433532715E0,-1.776958823E0,5.034115582E0
3.909812614E1,-1.523785949E0,4.382099152E0,-2.504647255E0,5.272378445E0
3.910790770E1,-1.451047301E0,4.212095261E0,-2.526442528E0,5.121542405E0
3.911773656E1,-1.576816082E0,2.832145691E0,-2.475915194E0,4.078915814E0
3.912773885E1,-2.657212496E0,1.789008141E0,-2.460002184E0,4.038927967E0
3.913773989E1,-2.640031338E0,-2.191982269E-1,-2.539544821E0,3.669754927E0
3.914774093E1,-2.620445251E0,-2.066535950E-1,-2.565241098E0,3.672860046E0
3.915773963E1,-2.556254387E0,-1.926174164E-1,-2.573141098E0,3.632160937E0
3.916773963E1,-2.409302950E0,-2.757797241E-1,-2.546593189E0,3.516522719E0
3.917773989E1,-1.049259186E0,-2.371768951E-1,-3.195009708E0,3.371243799E0
3.918773781E1,1.206825972E-1,-2.166452408E-1,-4.099563599E0,4.107057481E0
3.919773650E1,1.100872040E0,-1.937770844E-1,-4.135068417E0,4.283486853E0
3.920774249E1,1.962953568E0,-2.695693970E-1,-4.119614601E0,4.571332282E0
3.921774015E1,2.705605984E0,-2.443265915E-1,-4.030697823E0,4.860712310E0
3.922773911E1,2.868986130E0,-2.181406021E-1,-3.863547325E0,4.817225827E0
3.923774223E1,3.596057415E0,-1.883897781E-1,-3.102895737E0,4.753428404E0
3.924773937E1,3.586245060E0,-1.541891098E-1,-2.846901894E0,4.581460281E0
3.925773807E1,3.479463816E0,-2.147130966E-1,-1.766463757E0,3.908089605E0
3.926774390E1,2.678899765E0,-1.720333099E-1,-1.511846185E0,3.080872976E0
3.927775734E1,1.886976719E0,-1.262769699E-1,-5.099893808E-1,1.958753731E0
3.928774645E1,1.097961664E0,-7.984447479E-2,-3.481713533E-1,1.154607400E0
3.929772994E1,8.651772738E-1,-1.447779655E0,-2.084494829E-1,1.699426030E0
3.930773812E1,-1.845978498E-1,-1.399120331E0,-9.828615189E-2,1.414664000E0
3.931773963E1,-1.362368345E0,-1.335293770E0,-6.342601776E-2,1.908685364E0
3.932773859E1,-1.389104486E0,-1.272914886E0,-5.354976654E-2,1.884884919E0
3.933773598E1,-1.413606167E0,-1.222782135E0,-8.357095718E-2,1.870952338E0
3.934773598E1,-1.411379933E0,-1.151359558E0,-1.424751282E-1,1.826997896E0
3.935774067E1,-1.536449790E0,1.699066162E-2,-2.546958923E-1,1.557509755E0
3.936774848E1,-4.844677448E-2,3.524971008E-2,-3.223152161E-1,3.278364387E-1
3.937774770E1,1.231697798E-1,5.360221863E-2,-3.900246620E-1,4.125084599E-1
3.938775083E1,1.189839840E0,1.638088226E0,-4.142928123E-1,2.066564883E0
3.939774848E1,1.335814357E0,1.777014732E0,-4.295420647E-1,2.264219013E0
3.940774952E1,2.154970169E0,2.748157501E0,-4.409000874E-1,3.520036785E0
3.941774744E1,2.255393028E0,2.818337440E0,-3.891627789E-1,3.630602059E0
3.942774874E1,2.336601257E0,2.802514076E0,-3.216900826E-1,3.662959881E0
3.943774822E1,2.348818779E0,2.681531906E0,-2.054336071E-1,3.570681446E0
3.944777478E1,2.261663437E0,1.685831070E0,6.367666721E-1,2.891819443E0
3.945774067E1,2.120243311E0,-1.983165741E-2,7.550677061E-1,2.250767032E0
3.946772786E1,1.248939991E0,7.995605469E-3,2.220877647E0,2.547982056E0
3.947773833E1,1.082793713E0,3.553104401E-2,2.253243208E0,2.500161921E0
3.948774359E1,2.806614637E-1,6.287193298E-2,2.285486937E0,2.303513463E0
3.949775135E1,1.609371901E-1,-1.607187271E0,2.117002010E0,2.662827297E0
3.950775057E1,5.657696724E-2,-1.605937004E0,2.118182659E0,2.658746395E0
3.951774952E1,5.937933922E-3,-1.561043739E0,2.115891218E0,2.629427402E0
3.952774926E1,5.873441696E-4,-1.482405663E0,3.735435009E-1,1.528745119E0
3.953774978E1,7.745695114E-2,8.844566345E-2,2.165902853E-1,2.464418113E-1
3.954774640E1,7.520551682E-1,2.633762360E-2,-8.155095577E-1,1.109656021E0
3.955774900E1,8.225219250E-1,4.433822632E-2,-1.446955919E0,1.664989378E0
3.956775057E1,8.825449944E-1,6.241321564E-2,-1.510039806E0,1.750143221E0
3.957775890E1,9.433706999E-1,8.046054840E-2,-1.591318011E0,1.851679019E0
3.958774640E1,9.906603098E-1,5.245208740E-4,-1.674284697E0,1.945414447E0
3.959775760E1,1.025810003E0,2.153682709E-2,-1.747083783E0,2.026092728E0
3.960773937E1,1.024492502E0,4.953193665E-2,-1.796991587E0,2.069110210E0
3.961774067E1,9.947682619E-1,7.853984833E-2,-2.429368019E0,2.626320882E0
3.962773807E1,9.363632202E-1,-9.335126877E-1,-2.438597679E0,2.773982815E0
3.963776687E1,8.421602249E-1,-9.446763992E-1,-2.464483738E0,2.770438131E0
3.964774890E1,7.290763855E-1,-9.226856232E-1,-2.484544039E0,2.748792501E0
3.965781822E1,-5.167007446E-3,-8.862457275E-1,-2.484238386E0,2.637593325E0
3.966773682E1,-7.158756256E-2,1.621561050E-1,-2.486285925E0,2.492596454E0
3.967774145E1,-1.255407333E-1,1.975746155E-1,-2.509446859E0,2.520341196E0
3.968773676E1,-1.430592537E-1,1.387796402E-1,-2.490488291E0,2.498451053E0
3.969774874E1,-1.444693804E-1,1.802854538E-1,-2.459506750E0,2.470333520E0
3.970773885E1,-1.410993338E-1,2.220535278E-1,-2.481477976E0,2.495385689E0
3.971773989E1,-9.964334965E-2,2.589778900E-1,-3.328902483E0,3.340447588E0
3.972774249E1,-4.471433163E-2,2.163105011E-1,-4.491576195E0,4.497004149E0
3.973773885E1,-6.886219978E-2,2.542409897E-1,-4.525046349E0,4.532706139E0
3.974774666E1,-1.607104540E-1,1.783377647E0,-4.529562950E0,4.870647206E0
3.975774197E1,-1.903485537E0,1.819925308E0,-4.519721985E0,5.230991506E0
3.976773963E1,-1.838250399E0,1.854248047E0,-4.466520309E0,5.173703125E0
3.977774067E1,-1.970743179E0,1.876774788E0,-4.258466721E0,5.053775924E0
3.978774041E1,-1.903112292E0,1.832436562E0,-3.357671022E0,4.272424937E0
3.979774484E1,-1.835201621E0,1.778787613E0,-2.433827400E0,3.529244420E0
3.980773937E1,-1.758734345E0,1.708486557E0,-1.444015265E0,2.845567236E0
3.981773921E1,-1.680897713E0,4.965419769E-1,-6.129782200E-1,1.856801916E0
3.982776083E1,5.880022049E-2,4.341125488E-1,-3.864846230E-1,5.841930629E-1
3.983773994E1,2.931650877E-1,4.720344543E-1,5.363910198E-1,7.723196365E-1
3.984775827E1,1.324670315E0,5.101442337E-1,6.920568943E-1,1.579221747E0
3.985773577E1,1.546054840E0,-5.067567825E-1,7.935228348E-1,1.810184105E0
3.986774067E1,2.544304371E0,-6.073665619E-1,8.331768513E-1,2.745280047E0
3.987774223E1,2.710445166E0,-1.270022392E0,7.933027744E-1,3.096578622E0
3.988773963E1,3.367046595E0,-1.363507271E0,6.770932674E-1,3.695214492E0
3.989774484E1,3.363778591E0,-2.021202087E0,-1.865487099E-1,3.928748492E0
3.990774197E1,3.467608452E0,-2.112338543E0,-3.497204781E-1,4.075363408E0
3.991774327E1,3.423424721E0,-2.010830879E0,-3.949832916E-1,3.989898425E0
3.992774041E1,3.357820034E0,-1.230774879E0,-3.837347031E-1,3.596806154E0
3.993773702E1,3.235628128E0,-1.094856262E0,-3.080148697E-1,3.429704474E0
3.994774562E1,3.048332453E0,-9.574422836E-1,-1.527962685E-1,3.198808086E0
3.995774171E1,2.818034172E0,7.081880569E-1,1.201014519E0,3.144086957E0
3.996773963E1,1.846627474E0,-3.306465149E-1,2.261010647E0,2.937946441E0
3.997774171E1,1.622159719E0,-3.913736343E-1,4.062398911E0,4.391771896E0
3.998773604E1,7.460470200E-1,-1.047106743E0,4.105185509E0,4.301809706E0
3.999774874E1,5.947644711E-1,-1.116962433E0,4.147253990E0,4.336019547E0
4.000774656E1,4.450392723E-1,-1.803836823E0,4.187875748E0,4.581505267E0
4.001774416E1,3.355586529E-1,-1.856796265E0,3.985868931E0,4.409925522E0
4.002773796E1,2.882947922E-1,-1.930102348E0,3.950430155E0,4.406166970E0
4.003774228E1,3.427143097E-1,-2.019922256E0,1.933014750E0,2.816750796E0
4.004774822E1,1.154381990E0,-2.094160557E0,1.714795589E0,2.942555034E0
4.005774041E1,1.241356373E0,-2.159112453E0,7.873184681E-1,2.612011218E0
4.006773859E1,2.100456953E0,-2.244300842E0,6.825292110E-1,3.148754009E0
4.007774249E1,2.155934334E0,-2.881927967E0,6.126658916E-1,3.650879504E0
4.008773963E1,2.790734529E0,-2.920664787E0,5.727834702E-1,4.080019965E0
4.009774749E1,2.840435028E0,-2.893809319E0,4.805362225E-1,4.083273023E0
4.010773702E1,2.830058098E0,-2.769686222E0,-2.608323097E-1,3.968428417E0
4.011774119E1,2.775008917E0,-1.915869713E0,-9.743881226E-1,3.510080264E0
4.012774197E1,2.709331274E0,-1.789213181E0,-1.779927492E0,3.702688433E0
4.013774041E1,2.618073225E0,-1.661678791E0,-2.575938702E0,4.031245963E0
4.014774380E1,2.521411896E0,-1.539635181E0,-2.728954792E0,4.021838970E0
4.015773833E1,2.439384460E0,-1.417809010E0,-3.573886395E0,4.553399048E0
4.016774223E1,2.375844717E0,-7.124366760E-1,-3.624724388E0,4.392132856E0
4.017773937E1,2.330842495E0,-6.335258484E-1,-3.616582155E0,4.349005429E0
4.018773666E1,2.302612782E0,-5.317344666E-1,-3.524196148E0,4.243197574E0
4.019776895E1,2.300690174E0,-4.081687927E-1,-3.333424091E0,4.070809896E0
4.020773869E1,2.298707962E0,-2.405729294E-1,-2.401054621E0,3.332716148E0
4.021773687E1,2.277483940E0,1.364108086E0,-2.264169216E0,3.489152649E0
4.022773682E1,2.237614155E0,1.439075470E0,-2.228309870E0,3.470334305E0
4.023773885E1,2.178528309E0,2.687040329E0,-2.272426128E0,4.138851511E0
4.024774406E1,2.097540855E0,2.864010811E0,-2.874439716E0,4.567782750E0
4.025774093E1,1.982446194E0,3.537918091E0,-2.804193974E0,4.930563981E0
4.026774145E1,1.842879295E0,3.601634026E0,-2.761589050E0,4.898402376E0
4.027774015E1,7.184028625E-1,3.752453804E0,-2.884238720E0,4.787049740E0
4.028774067E1,-1.713900566E-1,3.843841553E0,-3.524796486E0,5.218111028E0
4.029774614E1,-2.410688400E-1,3.897342682E0,-3.429365635E0,5.196916665E0
4.030773937E1,-3.179266453E-1,3.925506592E0,-2.755871773E0,4.806818967E0
4.031773754E1,-3.885874748E-1,3.968225479E0,-2.624582767E0,4.773494358E0
4.032774067E1,-9.671573639E-1,4.037170410E0,-2.488293171E0,4.840014586E0
4.033773885E1,-9.592542648E-1,4.108762741E0,-1.729154110E0,4.559832666E0
4.034774562E1,-9.638340473E-1,4.791941643E0,-1.633183002E0,5.153539318E0
4.035773676E1,-9.770715237E-1,4.805226326E0,-8.449268341E-1,4.975818542E0
4.036775135E1,-9.955391884E-1,4.803568840E0,-6.804227829E-1,4.952610124E0
4.037774468E1,-1.699341059E0,4.803387642E0,-5.837101936E-1,5.128451078E0
4.038773109E1,-1.785491467E0,4.784063339E0,-5.185670853E-1,5.132655612E0
4.039774374E1,-3.865718126E0,4.719565392E0,-4.870791435E-1,6.120075180E0
4.040773656E1,-3.734057426E0,4.582133293E0,-4.011902809E-1,5.924532388E0
4.041773656E1,-3.609562397E0,3.866710663E0,3.326687813E-1,5.300100052E0
4.042774223E1,-3.487188816E0,3.705296516E0,3.367738724E-1,5.099325912E0
4.043774015E1,-4.684835434E0,2.951422691E0,2.776370049E-1,5.543975221E0
4.044774562E1,-4.622873783E0,2.806607246E0,1.865072250E-1,5.411357611E0
4.045773807E1,-4.490528584E0,2.642332077E0,1.813330650E-1,5.213410347E0
4.046774197E1,-4.275390148E0,1.026526451E0,2.073984146E-1,4.401787316E0
4.047773963E1,-4.077005386E0,9.844312668E-1,1.717672348E-1,4.197687676E0
4.048774249E1,-3.851089478E0,8.472042084E-1,1.183943748E-1,3.944954038E0
4.049774458E1,-3.595460415E0,8.125467300E-1,1.053781509E-1,3.687637772E0
4.050773989E1,-2.423852444E0,7.826414108E-1,1.023583412E-1,2.549130337E0
4.051774145E1,-2.236974478E0,7.568540573E-1,1.174860001E-1,2.364463118E0
4.052773911E1,-2.055558443E0,7.351160049E-1,1.734910011E-1,2.189934972E0
4.053774015E1,-2.088166237E0,-4.300537109E-1,2.814083099E-1,2.150482519E0
4.054774536E1,-1.924240708E0,-1.209186554E0,1.071545124E0,2.512577039E0
4.055773525E1,-1.767063260E0,-1.297038555E0,1.152083874E0,2.476311538E0
4.056776593E1,-1.644406796E0,-1.389726162E0,1.218420744E0,2.473855619E0
4.057773869E1,-1.525774956E0,-1.461338997E0,1.289640188E0,2.475211646E0
4.058775874E1,-1.609408021E0,-1.530137062E0,1.363447905E0,2.605859512E0
4.059774697E1,-1.495861530E0,-1.596843243E0,1.428699732E0,2.613176799E0
4.060774848E1,-1.393880248E0,-1.663456440E0,1.450415373E0,2.610305390E0
4.061774926E1,-1.297655344E0,-1.708899975E0,1.444408178E0,2.586612360E0
4.062774223E1,-1.203166842E0,-1.734994411E0,1.392053604E0,2.528958144E0
4.063774770E1,-1.310171127E0,-1.725734711E0,1.291790485E0,2.522584257E0
4.064775004E1,-1.178970933E0,-1.675787449E0,1.093845367E0,2.322656609E0
4.065774848E1,-1.089164972E0,-1.654792786E0,4.505238533E-1,2.031647421E0
4.066778572E1,-1.000460625E0,-1.622323036E0,3.682098389E-1,1.941244956E0
4.067775161E1,-1.112325668E0,-1.560429096E0,2.306952477E-1,1.930136693E0
4.068774900E1,-1.025268197E0,-1.477824211E0,-7.244887352E-1,1.939077926E0
4.069774666E1,-9.392813444E-1,-1.401660442E0,-8.300375938E-1,1.880389281E0
4.070775005E1,-8.542485833E-1,-1.329774857E0,-9.358458519E-1,1.836804091E0
4.071775135E1,-7.701448798E-1,-1.246578217E0,-1.036130428E0,1.794616018E0
4.072774666E1,-8.866418600E-1,-6.484556198E-1,-1.096154213E0,1.551831994E0
4.073774770E1,-8.023309708E-1,-6.238908768E-1,-1.127365589E0,1.517869554E0
4.074775374E1,-7.187836170E-1,-5.811700821E-1,-1.086896420E0,1.426797946E0
4.075775640E1,-6.343301535E-1,5.292739868E-1,-9.766345024E-1,1.279187495E0
4.076777036E1,-5.508573055E-1,5.634489059E-1,-8.517684937E-1,1.160356845E0
4.077773864E1,-2.045697451E0,4.971227646E-1,-7.008008957E-1,2.218812970E0
4.078774952E1,-2.071597576E0,5.256500244E-1,2.573637962E-1,2.152686830E0
4.079774437E1,-2.117888451E0,5.518474579E-1,9.653329849E-1,2.392039899E0
4.080774588E1,-2.708667278E0,5.769138336E-1,1.696572781E0,3.247778810E0
4.081775135E1,-2.732078552E0,5.927295685E-1,1.853436470E0,3.354222459E0
4.082773911E1,-2.737826347E0,5.087223053E-1,2.778318644E0,3.933642838E0
4.083773859E1,-2.716423988E0,5.285282135E-1,4.357593536E0,5.162065748E0
4.084774301E1,-2.663369179E0,5.187692642E-1,4.329956532E0,5.109910028E0
4.085774223E1,-2.661362648E0,4.996490479E-1,4.278556347E0,5.063451859E0
4.086776098E1,-3.230947971E0,3.817873001E-1,4.025802612E0,5.176086650E0
4.087773963E1,-3.153049946E0,3.523588181E-1,3.940748215E0,5.059187404E0
4.088774171E1,-3.035900116E0,3.248491287E-1,3.853438854E0,4.916422223E0
4.089774015E1,-2.885401726E0,-9.524106979E-1,5.130856514E0,5.963079559E0
4.090773781E1,-2.690952063E0,-1.111924171E0,5.107276440E0,5.878934512E0
4.091774093E1,-1.805280209E0,-1.920963287E0,5.964146614E0,6.520750066E0
4.092785807E1,-1.635577321E0,-2.073113441E0,5.908964157E0,6.472153422E0
4.093773874E1,-1.460734606E0,-2.794840813E0,6.400823593E0,7.135504427E0
4.094775062E1,-1.306781411E0,-2.875825405E0,6.280150414E0,7.029817824E0
4.095774723E1,-1.196595430E0,-2.965263367E0,6.097445488E0,6.885017715E0
4.096775921E1,-1.133502007E0,-3.040848255E0,5.913991451E0,6.745878727E0
4.097774744E1,-1.082790494E0,-3.124992847E0,5.699661732E0,6.589701010E0
4.098774484E1,-1.041388631E0,-3.201560020E0,5.510183334E0,6.457290238E0
4.099774249E1,-1.058609009E0,-3.276779652E0,5.317545414E0,6.335158021E0
4.100774145E1,-1.091231227E0,-3.338488579E0,5.196663380E0,6.272288407E0
4.101774484E1,-1.113673091E0,-3.447803974E0,5.920347214E0,6.941046832E0
4.102774744E1,-1.030309081E0,-3.519874096E0,5.763710976E0,6.831648020E0
4.103773963E1,-9.248716831E-1,-3.588687897E0,5.590489864E0,6.707283010E0
4.104773833E1,-8.276190758E-1,-3.644110680E0,5.408157349E0,6.573633842E0
4.105774145E1,-7.369397879E-1,-3.687349319E0,5.215664387E0,6.429835165E0
4.106776515E1,-5.996903181E-1,-3.724710941E0,4.993300915E0,6.258286834E0
4.107774406E1,1.340620518E-1,-3.759189606E0,4.749439240E0,6.058601507E0
4.108773989E1,2.326004505E-1,-3.775987625E0,4.501992226E0,5.880486333E0
4.109773447E1,2.937208414E-1,-3.771781445E0,4.277597427E0,5.710555748E0
4.110777583E1,3.295863867E-1,-3.754049301E0,4.084149361E0,5.557138593E0
4.111773635E1,3.568823338E-1,-3.724382401E0,3.909305096E0,5.411197242E0
4.112774411E1,3.845387697E-1,-3.689186096E0,3.751256227E0,5.275404004E0
4.113772635E1,3.778923750E-1,-3.658911228E0,3.594347954E0,5.142934108E0
4.114774463E1,3.689792156E-1,-3.633161545E0,3.440112114E0,5.017009052E0
4.115773937E1,3.642162085E-1,-3.625527382E0,3.297954321E0,4.914631720E0
4.116776827E1,3.595327139E-1,-3.623256683E0,3.165960073E0,4.824992845E0
4.117774406E1,3.735345602E-1,-3.625462055E0,3.581869602E0,5.110116733E0
4.118774093E1,3.893224001E-1,-3.615474224E0,3.409460783E0,4.984741581E0
4.119774301E1,3.939529657E-1,-3.626566887E0,3.325312853E0,4.936080621E0
4.120773989E1,3.809436560E-1,-3.578727245E0,3.181564331E0,4.803619298E0
4.121773911E1,3.528251648E-1,-3.520296574E0,3.015362978E0,4.648589835E0
4.122774718E1,3.303216696E-1,-3.447755814E0,2.809839725E0,4.459969937E0
4.123773807E1,3.237477541E-1,-3.385772705E0,2.590965748E0,4.275672219E0
4.124773833E1,3.362866640E-1,-3.322841644E0,2.360448122E0,4.089753128E0
4.125773833E1,3.748853207E-1,-3.273736000E0,2.149716854E0,3.934357502E0
4.126776281E1,4.351736307E-1,-3.237392426E0,1.948277473E0,3.803402545E0
4.127774458E1,1.524171710E0,-3.203534603E0,1.767488003E0,3.963552345E0
4.128773911E1,1.546740770E0,-3.181921959E0,1.615494728E0,3.889326109E0
4.129775812E1,1.370342374E0,-3.156423092E0,1.489228249E0,3.749486063E0
4.130775645E1,1.394163966E0,-3.112925529E0,1.380747318E0,3.679736631E0
4.131779968E1,1.415783405E0,-3.064306736E0,1.288613796E0,3.613162595E0
4.132773656E1,1.434166908E0,-3.015793800E0,1.200266838E0,3.548589501E0
4.133773937E1,1.404761791E0,-2.978113174E0,1.108192444E0,3.474277517E0
4.134774249E1,1.178721547E0,-2.939378738E0,1.035993576E0,3.332058604E0
4.135774406E1,1.153646231E0,-2.899860382E0,9.713950157E-1,3.268592685E0
4.136776619E1,1.129546881E0,-2.847494125E0,9.006853104E-1,3.193013150E0
4.137774822E1,1.108363748E0,-2.794048786E0,8.260002136E-1,3.117283300E0
4.138774301E1,9.282702804E-1,-2.748867035E0,7.526559830E-1,2.997406665E0
4.139774041E1,9.109725952E-1,-2.664613247E0,6.392979622E-1,2.887687086E0
4.140774327E1,8.981860280E-1,-2.564060688E0,5.193166733E-1,2.766014309E0
4.141773728E1,8.876433969E-1,-2.459518909E0,3.843021393E-1,2.642883312E0
4.142774536E1,8.793066740E-1,-2.351923943E0,2.369327545E-1,2.522075254E0
4.143774015E1,6.716870666E-1,-2.238304138E0,1.000547409E-1,2.339055340E0
4.144773807E1,6.680571437E-1,-2.125086308E0,-3.121614456E-2,2.227839000E0
4.145774041E1,6.662998199E-1,-2.022489548E0,-1.376795769E-1,2.133863887E0
4.146776280E1,6.664507389E-1,-1.929485321E0,-2.221198082E-1,2.053389247E0
4.147786322E1,6.682840586E-1,-1.835432053E0,-2.967429161E-1,1.975720314E0
4.148774280E1,4.702458978E-1,-1.745762825E0,-3.674330711E-1,1.844946099E0
4.149774911E1,4.759906232E-1,-1.651422977E0,-4.429125786E-1,1.774806039E0
4.150773786E1,4.830688834E-1,-1.568720818E0,-5.071363449E-1,1.717972008E0
4.151774041E1,4.915309846E-1,-1.491532326E0,-5.613684654E-1,1.667754761E0
4.152774848E1,4.993363619E-1,-1.409068584E0,-6.171126366E-1,1.617293753E0
4.153774119E1,3.093005419E-1,-1.326744556E0,-6.839842796E-1,1.524385922E0
4.154774145E1,3.221811950E-1,-1.235587597E0,-7.499904633E-1,1.480865668E0
4.155773963E1,3.361694515E-1,-1.146330833E0,-8.350849152E-1,1.457549689E0
4.156776619E1,3.911154270E-1,-1.046350002E0,-9.900846481E-1,1.492677867E0
4.157774510E1,2.053907961E-1,-9.676585197E-1,-1.098840714E0,1.478512531E0
4.158774041E1,2.207319438E-1,-8.952064514E-1,-1.205678940E0,1.517820440E0
4.159773937E1,2.384180278E-1,-8.438811302E-1,-1.300187111E0,1.568268166E0
4.160774145E1,2.573263943E-1,-7.868413925E-1,-1.373943329E0,1.604074974E0
4.161774145E1,2.770821452E-1,-7.451028824E-1,-1.433934689E0,1.639549179E0
4.162774327E1,9.526112676E-2,-7.022476196E-1,-1.446027756E0,1.610348618E0
4.163773754E1,1.154836938E-1,-6.685423851E-1,-1.438908577E0,1.590831008E0
4.164773781E1,1.361486018E-1,-6.335902214E-1,-1.414981365E0,1.556324283E0
4.165775546E1,1.570734382E-1,-6.071605682E-1,-1.386422157E0,1.521670930E0
4.166776244E1,1.787432730E-1,-5.832576752E-1,-1.358801842E0,1.489456652E0
4.167775452E1,2.368494868E-3,-5.557518005E-1,-1.328048229E0,1.439645016E0
4.168775906E1,2.816956490E-2,-5.343499184E-1,-1.314320564E0,1.419070789E0
4.169773708E1,5.411989242E-2,-5.134944916E-1,-1.310410023E0,1.408467246E0
4.170773885E1,8.022432029E-2,-4.883770943E-1,-1.319739819E0,1.409489736E0
4.171773937E1,1.047441661E-1,-4.601540565E-1,-1.335231304E0,1.416176448E0
4.172774354E1,-6.738524884E-2,-4.434995651E-1,-1.356208801E0,1.428472943E0
4.173774249E1,-3.756823391E-2,-4.224615097E-1,-1.357669353E0,1.422375187E0
4.174774171E1,3.154658526E-2,-3.917336464E-1,-1.326425076E0,1.383421092E0
4.175774484E1,6.093295664E-2,-3.644628525E-1,-1.279789448E0,1.332068702E0
4.176776228E1,-1.081396490E-1,-3.343510628E-1,-1.223312378E0,1.272783560E0
4.177774484E1,-7.729191333E-2,-3.211808205E-1,-1.163294315E0,1.209291042E0
4.178773937E1,-4.471639544E-2,-3.078265190E-1,-1.119903088E0,1.162299293E0
4.179773885E1,-1.236000657E-2,-2.900228500E-1,-1.085689068E0,1.123826844E0
4.180773702E1,1.977803186E-2,-2.686758041E-1,-1.073725224E0,1.107006646E0
4.181774067E1,-1.468088925E-1,-2.492027283E-1,-1.080873489E0,1.118902297E0
4.182774770E1,-1.118130982E-1,-2.405548096E-1,-1.104849339E0,1.136248585E0
4.183774666E1,-7.709902525E-2,-2.355914116E-1,-1.124571800E0,1.151568195E0
4.184775374E1,-4.283180833E-2,-2.397308350E-1,-1.134928226E0,1.160761610E0
4.185775989E1,-9.013459086E-3,-2.324295044E-1,-1.127531052E0,1.151273638E0
4.186782213E1,-1.721545905E-1,-2.249460220E-1,-1.104877472E0,1.140610426E0
4.187774515E1,-1.357796490E-1,-2.173838615E-1,-1.073922157E0,1.104083627E0
4.188773968E1,-9.946036339E-2,-2.096276283E-1,-1.031177044E0,1.056958941E0
4.189774926E1,-6.366106123E-2,-2.018785477E-1,-1.002372742E0,1.024479767E0
4.190774900E1,-2.822799236E-2,-1.889758110E-1,-9.955406189E-1,1.013710906E0
4.191774952E1,-1.897025555E-1,-1.767554283E-1,-1.002603054E0,1.035587961E0
4.192774952E1,-1.514757872E-1,-1.650037766E-1,-1.021718025E0,1.045982258E0
4.193775265E1,-7.413744181E-2,-1.659374237E-1,-1.095994473E0,1.110961508E0
4.194774848E1,-3.740991652E-2,-1.688375473E-1,-1.112609863E0,1.125969061E0
4.195775421E1,-1.978306770E-1,-1.801242828E-1,-1.120142937E0,1.151651828E0
4.196779640E1,-1.587671936E-1,-1.890478134E-1,-1.100479603E0,1.127830419E0
4.197774978E1,-1.202151030E-1,-1.958503723E-1,-1.033388615E0,1.058631696E0
4.198773812E1,-8.205708116E-2,-1.959519386E-1,-9.546060562E-1,9.779587156E-1
4.199775005E1,-4.443088919E-2,-2.003312111E-1,-8.849210739E-1,9.084007954E-1
4.200774874E1,-2.058200389E-1,-1.887445450E-1,-8.089618683E-1,8.558070437E-1
4.201774900E1,-1.658670306E-1,-1.825346947E-1,-7.424554825E-1,7.823496214E-1
4.202782380E1,-1.263956875E-1,-1.614046097E-1,-6.988663673E-1,7.283141611E-1
4.203773843E1,-8.748137206E-2,-1.323661804E-1,-6.750373840E-1,6.934329571E-1
4.204792229E1,-4.912242293E-2,-1.066670418E-1,-6.679291725E-1,6.781742031E-1
4.205774801E1,-2.078456730E-1,-7.291078568E-2,-7.051849365E-1,7.387838663E-1
4.206776280E1,-1.671679914E-1,-3.697299957E-2,-7.661690712E-1,7.850650837E-1
4.207774093E1,-1.270938963E-1,9.101867676E-3,-8.223228455E-1,8.321361455E-1
4.208774249E1,-8.751853555E-2,5.415153503E-2,-8.693804741E-1,8.754509076E-1
4.209772744E1,-4.845900834E-2,9.770965576E-2,-8.936500549E-1,9.002809967E-1
4.210775004E1,-2.066860944E-1,1.299734116E-1,-8.932313919E-1,9.259992164E-1
4.211774588E1,-1.262401193E-1,1.659827232E-1,-8.350296021E-1,8.606748913E-1
4.212774223E1,-8.645138890E-2,1.678276062E-1,-7.950325012E-1,8.171392941E-1
4.213774041E1,-4.732860625E-2,1.620311737E-1,-7.524485588E-1,7.711503951E-1
4.214773963E1,-2.055975348E-1,1.557073593E-1,-7.182950974E-1,7.631926198E-1
4.215774536E1,-1.645174772E-1,1.491332054E-1,-7.060842514E-1,7.401767919E-1
4.216776202E1,-1.240671873E-1,1.426458359E-1,-7.033486366E-1,7.283129864E-1
4.217774197E1,-8.441268653E-2,1.266956329E-1,-7.088422775E-1,7.250066617E-1
4.218773963E1,-4.533398151E-2,1.172542572E-1,-7.263441086E-1,7.371427913E-1
4.219773780E1,-2.052691877E-1,1.034355164E-1,-7.441887856E-1,7.788782280E-1
4.220774781E1,-1.640513986E-1,9.594345093E-2,-7.626733780E-1,7.859953490E-1
4.221777114E1,-1.235203594E-1,8.427047729E-2,-7.623496056E-1,7.768756101E-1
4.222774046E1,-8.359867334E-2,7.386875153E-2,-7.506861687E-1,7.589302040E-1
4.223777176E1,-4.427347332E-2,7.424211502E-2,-7.292976379E-1,7.344025305E-1
4.224773760E1,-2.022028267E-1,6.971216202E-2,-7.191181183E-1,7.502510491E-1
4.225774666E1,-1.607696861E-1,7.026672363E-2,-7.183265686E-1,7.394439557E-1
4.226776411E1,-1.198968738E-1,7.001924515E-2,-7.156877518E-1,7.290314898E-1
4.227774249E1,-7.964443415E-2,6.886625290E-2,-7.209396362E-1,7.285875073E-1
4.228774145E1,-4.005486518E-2,6.736087799E-2,-7.140069008E-1,7.182950191E-1
4.229774041E1,-1.584226191E-1,7.158803940E-2,-7.389535904E-1,7.591277774E-1
4.230774432E1,-1.174189821E-1,6.404018402E-2,-7.453246117E-1,7.572299118E-1
4.231773859E1,-7.707123458E-2,6.660318375E-2,-7.488794327E-1,7.557753396E-1
4.232774171E1,-3.735557199E-2,7.785892487E-2,-7.500019073E-1,7.549571590E-1
4.233774119E1,-1.950586587E-1,9.152078629E-2,-7.488427162E-1,7.792235548E-1
4.234774093E1,-1.534272134E-1,1.025681496E-1,-7.313866615E-1,7.543119937E-1
4.235774588E1,-1.124973893E-1,1.014118195E-1,-7.190089226E-1,7.347883032E-1
4.236776150E1,-7.225974649E-2,9.946727753E-2,-7.014245987E-1,7.121177416E-1
4.237773989E1,-3.270079195E-2,9.191226959E-2,-6.744785309E-1,6.814972456E-1
4.238776228E1,-1.921828389E-1,7.443523407E-2,-6.344413757E-1,6.670762377E-1
4.239774442E1,-1.505707651E-1,4.873704910E-2,-5.786809921E-1,5.999321178E-1
4.240773994E1,-1.095944121E-1,1.645374298E-2,-5.194888115E-1,5.311782056E-1
4.241774760E1,-6.939223409E-2,-1.663541794E-2,-4.622640610E-1,4.677393306E-1
4.242773994E1,-3.144745529E-2,-4.544925690E-2,-4.117126465E-1,4.154056820E-1
4.243774327E1,-1.907287091E-1,-6.088972092E-2,-3.525481224E-1,4.054320870E-1
4.244774223E1,-1.489226222E-1,-6.941080093E-2,-2.959461212E-1,3.384965485E-1
4.245774822E1,-1.077599078E-1,-7.122468948E-2,-2.615537643E-1,2.917113741E-1
4.246776333E1,-6.721711159E-2,-6.109809875E-2,-2.378201485E-1,2.545771804E-1
4.247773937E1,-1.862625182E-1,-1.986026764E-2,-2.181262970E-1,2.875191078E-1
4.248773650E1,-1.458795667E-1,5.839824677E-3,-2.166895866E-1,2.612839997E-1
4.249774093E1,-1.044675484E-1,4.361248016E-2,-2.160263062E-1,2.438911275E-1
4.250774484E1,-6.371688843E-2,7.205963135E-2,-2.253732681E-1,2.450419195E-1
4.251774171E1,-2.361387014E-2,9.710836411E-2,-2.383728027E-1,2.584748389E-1
4.252773963E1,-1.824591160E-1,1.091661453E-1,-2.493309975E-1,3.276805191E-1
4.253773911E1,-1.402656734E-1,1.098284721E-1,-2.583994865E-1,3.138583232E-1
4.254773989E1,-9.871990234E-2,1.002893448E-1,-2.702951431E-1,3.047343699E-1
4.255774406E1,-5.782161653E-2,8.648061752E-2,-2.794938087E-1,2.982264671E-1
4.256776333E1,-1.760531962E-2,6.432962418E-2,-2.816343307E-1,2.894238140E-1
4.257775557E1,-1.763390750E-1,4.043245316E-2,-2.781410217E-1,3.318021709E-1
4.258775708E1,-1.340667754E-1,2.456760406E-2,-2.745428085E-1,3.065146345E-1
4.259779265E1,-9.249783307E-2,5.883216858E-3,-2.610936165E-1,2.770565609E-1
4.260774489E1,-5.162145197E-2,-7.090568542E-4,-2.440271378E-1,2.494283886E-1
4.261774411E1,-1.291524619E-2,3.320217133E-3,-2.240333557E-1,2.244298819E-1
4.262774119E1,-1.715823263E-1,1.165008545E-2,-1.967496872E-1,2.613171609E-1
4.263773963E1,-1.292534173E-1,2.401924133E-2,-1.683988571E-1,2.136388188E-1
4.264774275E1,-8.746001869E-2,4.007577896E-2,-1.490178108E-1,1.773742678E-1
4.265774640E1,-4.643439502E-2,5.392360687E-2,-1.369524002E-1,1.543368664E-1
4.266776333E1,-1.651839912E-1,8.092117310E-2,-1.183013916E-1,2.186988945E-1
4.267774275E1,-1.246394813E-1,8.966398239E-2,-1.155257225E-1,1.921479185E-1
4.268774406E1,-8.299793303E-2,9.768104553E-2,-1.086645126E-1,1.680423157E-1
4.269774197E1,-4.208952934E-2,1.097531319E-1,-1.029977798E-1,1.562876230E-1
4.270774979E1,-1.865707338E-3,1.153082848E-1,-8.844470978E-2,1.453339193E-1
4.271773885E1,-1.606261432E-1,1.151542664E-1,-6.617879868E-2,2.084247978E-1
4.272774197E1,-1.184001043E-1,1.099581718E-1,-6.137371063E-2,1.728470903E-1
4.273773937E1,-7.685714960E-2,1.004638672E-1,-5.231332779E-2,1.368820453E-1
4.274773807E1,-3.608161211E-2,8.254098892E-2,-4.449462891E-2,1.004722329E-1
4.275784077E1,4.044689238E-3,6.239700317E-2,-4.755210876E-2,7.855538533E-2
4.276775577E1,-1.547725797E-1,4.539728165E-2,-6.492471695E-2,1.738697313E-1
4.277790869E1,-1.126101613E-1,2.134466171E-2,-8.484411240E-2,1.426014250E-1
4.278773812E1,-7.109177858E-2,5.609512329E-3,-1.067810059E-1,1.284044034E-1
4.279774984E1,-3.037342429E-2,-7.775783539E-3,-1.303949356E-1,1.341113230E-1
4.280774900E1,8.184932172E-3,-9.446144104E-3,-1.843461990E-1,1.847694343E-1
4.281774327E1,-1.504809558E-1,-1.030111313E-2,-2.453241348E-1,2.879836143E-1
4.282774145E1,-1.081966534E-1,-5.540847778E-3,-2.930154800E-1,3.124024461E-1
4.283774354E1,-6.662581116E-2,-2.036094666E-4,-3.392920494E-1,3.457717961E-1
4.284774380E1,1.358684897E-2,-7.251739502E-3,-4.384846687E-1,4.387550511E-1
4.285774510E1,-1.451579630E-1,-1.089906693E-2,-4.824585915E-1,5.039403897E-1
4.286776723E1,-1.045540124E-1,-1.963090897E-2,-5.041542053E-1,5.152556422E-1
4.287774119E1,-6.300950795E-2,-3.786182404E-2,-4.436712265E-1,4.497197717E-1
4.288774119E1,-2.221307904E-2,-5.441856384E-2,-3.416695595E-1,3.466884608E-1
4.289774067E1,1.790207997E-2,-5.987596512E-2,-2.330799103E-1,2.413127851E-1
4.290774562E1,-1.409572810E-1,-4.998874664E-2,4.912724495E-1,5.135332993E-1
4.291773937E1,-9.883651882E-2,-3.179454803E-2,5.313682556E-1,5.414164514E-1
