"Time (s)","Linear Acceleration x (m/s^2)","Linear Acceleration y (m/s^2)","Linear Acceleration z (m/s^2)","Absolute acceleration (m/s^2)"
8.669333900E-2,0.000000000E0,0.000000000E0,0.000000000E0,0.000000000E0
9.668917300E-2,2.733588219E-2,-1.610946655E-2,6.251266003E-1,6.259313315E-1
1.066936000E-1,3.376293182E-2,-5.242919922E-2,4.434177279E-1,4.477812389E-1
1.167008910E-1,1.486206055E-2,-1.245136261E-1,2.125632912E-1,2.467948069E-1
1.266928180E-1,-5.281972885E-2,-1.208319664E0,2.020506263E-1,1.226234394E0
1.366943810E-1,-6.064062119E-1,-9.902658463E-1,2.017088532E-1,1.178576006E0
1.466925580E-1,-6.300821304E-1,-8.316564560E-1,2.071790099E-1,1.063757065E0
1.566925580E-1,-1.406242013E0,-7.101993561E-1,2.162816375E-1,1.590181584E0
1.666904750E-1,-2.264364719E0,-1.626990318E0,5.002813041E-2,2.788717966E0
1.766962040E-1,-1.985786200E0,-1.531503677E0,1.182073876E-1,2.510542438E0
1.868004750E-1,-1.783637404E0,-1.383489609E0,1.450234354E-1,2.261954395E0
1.966882870E-1,-1.609511375E0,-1.218344688E0,1.707908511E-1,2.025848011E0
2.066917250E-1,-1.643117785E0,-1.916332245E-1,1.002008468E-2,1.654285269E0
2.166725060E-1,-2.392987490E0,-1.601915359E-1,4.668541253E-2,2.398797612E0
2.266963600E-1,-1.305178165E0,-1.314287186E-1,8.126757294E-2,1.314293715E0
2.366832350E-1,-1.190755963E0,-1.048746109E-1,1.141341850E-1,1.200801841E0
2.466826620E-1,-1.086825013E0,-8.015918732E-2,1.455711722E-1,1.099456716E0
2.566857870E-1,-1.181202769E0,-1.517295837E-1,-1.366940886E-2,1.190986441E0
2.666839640E-1,-1.084142566E0,-1.251440048E-1,2.501405776E-2,1.091628063E0
2.766933390E-1,-9.944215417E-1,-1.001367569E-1,6.191815063E-2,1.001366781E0
2.866852660E-1,-9.110386968E-1,-7.649421692E-2,9.728550911E-2,9.194059726E-1
2.966800580E-1,-8.331674933E-1,-5.403709412E-2,1.313165724E-1,8.451817093E-1
3.066831830E-1,-9.517855048E-1,-1.284523010E-1,-2.748828381E-2,9.608076012E-1
3.166829230E-1,-8.753141165E-1,-1.072693825E0,1.201124489E-2,1.384554482E0
3.266855270E-1,-8.031866550E-1,-1.112764359E0,5.001081154E-2,1.373264141E0
3.366855270E-1,-7.349204421E-1,-1.166440010E0,8.667707443E-2,1.381377309E0
3.466795370E-1,-6.701018810E-1,-1.797378540E0,1.221528947E-1,1.922115365E0
3.566787560E-1,-8.014776707E-1,-1.786570549E0,-3.654202819E-2,1.958452477E0
3.668161520E-1,-7.360951304E-1,-1.824012756E0,3.342706710E-3,1.966944267E0
3.767024540E-1,-6.736404300E-1,-2.403095245E0,4.194455221E-2,2.496080434E0
3.867403180E-1,-6.138391495E-1,-2.409269810E0,7.938378304E-2,2.487505036E0
3.966855790E-1,-5.564501286E-1,-2.440745354E0,1.157660931E-1,2.506047968E0
4.066829230E-1,-6.953780055E-1,-3.086249828E0,-4.293290526E-2,3.163910841E0
4.166878700E-1,-6.366529465E-1,-3.061872959E0,-2.849109471E-3,3.127363284E0
4.266892250E-1,-5.800792575E-1,-3.042232990E0,3.611892089E-2,3.097253314E0
4.366842250E-1,-5.254824758E-1,-2.998196125E0,1.124079585E0,3.244821528E0
4.466837040E-1,-4.727066755E-1,-2.914518833E0,1.149116516E0,3.168334010E0
4.566873500E-1,-1.650354385E0,-2.741728306E0,1.840769529E0,3.691771412E0
4.666829230E-1,-1.700919032E0,-2.577868938E0,1.858952165E0,3.604751998E0
4.766899540E-1,-2.325499296E0,-1.784282684E0,1.903442860E0,3.494954419E0
4.866847450E-1,-2.382797956E0,-1.634397507E0,2.542223930E0,3.848621029E0
4.966839640E-1,-3.096799612E0,-7.481670380E-1,2.587034702E0,4.103982250E0
5.066837040E-1,-3.144599438E0,-5.748977661E-1,3.330568552E0,4.616459677E0
5.166790160E-1,-3.851585388E0,1.128114700E0,3.391821861E0,5.254693932E0
5.266863080E-1,-3.870842457E0,1.123685837E0,4.199525356E0,5.820833652E0
5.366816200E-1,-4.469393730E0,2.243264198E0,4.234349728E0,6.552666037E0
5.467927140E-1,-4.449160576E0,2.875890732E0,4.913557053E0,7.225567122E0
5.566815680E-1,-4.451157093E0,2.941672325E0,4.879545689E0,7.230228327E0
5.668330790E-1,-4.443518162E0,2.977492332E0,4.816068649E0,7.197557327E0
5.766765680E-1,-4.418153763E0,2.973207474E0,4.717957497E0,7.114714913E0
5.866824020E-1,-4.344068050E0,2.891279221E0,4.561555862E0,6.930960586E0
5.966847450E-1,-4.209145546E0,2.723640442E0,4.360320091E0,6.644359622E0
6.066876100E-1,-4.007863998E0,1.805541039E0,3.406003475E0,5.560918265E0
6.166876100E-1,-2.875618458E0,6.656322479E-1,3.202993393E0,4.355618725E0
6.266909950E-1,-2.012626886E0,6.736030579E-1,2.127158880E0,3.004864883E0
6.366850060E-1,6.471800208E-1,6.032037735E-1,1.057751417E0,1.378961505E0
6.466800580E-1,6.757270098E-1,6.128168106E-1,9.504199028E-1,1.317364576E0
6.566863080E-1,2.160351753E0,1.983193398E0,8.177237511E-1,3.044478261E0
6.666878700E-1,3.037862778E0,2.845012665E0,-8.020162582E-2,4.162828320E0
6.766904750E-1,3.123028755E0,3.922803879E0,-1.915398836E-1,5.017806932E0
6.866805790E-1,3.113705635E0,4.867420197E0,-1.440185905E0,5.954920452E0
6.966818810E-1,2.984419346E0,4.923136711E0,-1.378644466E0,5.919855950E0
7.066821410E-1,2.090052128E0,4.909698486E0,-1.318361998E0,5.496502113E0
7.166847450E-1,4.840052426E-1,4.802952766E0,-2.751249313E0,5.556256756E0
7.267932870E-1,5.162993073E-1,4.596688271E0,-3.609467268E0,5.867227794E0
7.366871930E-1,3.511355519E-1,3.235904694E0,-4.451397419E0,5.514464103E0
7.468382870E-1,3.855479062E-1,1.775815964E0,-5.125171661E0,5.437789448E0
7.566827140E-1,4.195542634E-1,4.479217529E-2,-5.183870316E0,5.201013706E0
7.666706830E-1,4.531715512E-1,-1.787257195E0,-5.959935188E0,6.238628069E0
7.766870890E-1,4.864158034E-1,-3.100908756E0,-5.983607292E0,6.756906961E0
7.866824020E-1,2.043325424E0,-3.960499763E0,-6.564931393E0,7.934674622E0
7.966824020E-1,2.898208857E0,-3.986516953E0,-6.515839100E0,8.169950500E0
8.066847450E-1,3.013932467E0,-3.911059380E0,-6.458903790E0,8.130043822E0
8.166839640E-1,3.761529446E0,-1.989556313E0,-6.353743553E0,7.647057946E0
8.266717250E-1,3.629217386E0,2.558641434E-1,-6.199602604E0,7.188307015E0
8.366831830E-1,2.809465885E0,2.724151611E-1,-5.435290813E0,6.124515883E0
8.466813600E-1,2.070857286E0,1.764144897E0,-5.244173050E0,5.907792151E0
8.566821410E-1,1.228360653E0,1.900042534E0,-4.133589268E0,4.712280951E0
8.666811000E-1,2.045863271E-1,2.548004150E0,-3.261790037E0,4.144086746E0
8.766857870E-1,4.405553639E-2,2.479475021E0,-2.385318041E0,3.440854462E0
8.866803180E-1,8.306664973E-2,2.315066338E0,-1.647481918E0,2.842644699E0
8.966811000E-1,-1.159054756E0,1.565580368E-1,-1.510497808E0,1.910372209E0
9.068019850E-1,-1.160305023E0,1.745281219E-1,-1.423969746E0,1.845117245E0
9.166824540E-1,-1.140471935E0,1.923179626E-1,-1.376361251E0,1.797785506E0
9.266951100E-1,-1.083033562E0,1.110563278E-1,-1.367349982E0,1.747839002E0
9.366556830E-1,-1.007691622E0,1.295995712E-1,-1.406319022E0,1.734926986E0
9.466808910E-1,-9.218084812E-1,1.479558945E-1,-1.491634607E0,1.759714643E0
9.566816200E-1,-8.657329679E-1,1.661300659E-1,-2.140344858E0,2.314771886E0
9.666805790E-1,-8.355330229E-1,1.841287613E-1,-2.185491085E0,2.346995977E0
9.766876100E-1,-8.326314688E-1,1.030206680E-1,-2.202473879E0,2.356857995E0
9.866831830E-1,-8.582320213E-1,1.217250824E-1,-2.170808792E0,2.337475136E0
9.966842250E-1,-9.106321931E-1,1.600580215E-1,-2.041652918E0,2.241253265E0
1.006684745E0,-9.140506983E-1,1.782207489E-1,-1.919915438E0,2.133852526E0
1.016681360E0,-8.965153694E-1,9.722900391E-2,-1.220207691E0,1.517267312E0
1.026687610E0,-8.462865353E-1,1.160564423E-1,-1.161032200E0,1.441411033E0
1.036708964E0,-7.629392147E-1,1.347093582E-1,-1.093858957E0,1.340429138E0
1.046683964E0,3.149701357E-1,1.531925201E-1,-1.058701038E0,1.115133186E0
1.056684485E0,3.515238166E-1,1.715116501E-1,-1.065907121E0,1.135404434E0
1.066681620E0,1.896822602E-1,9.063148499E-2,-1.095252633E0,1.115245155E0
1.076686048E0,2.274948061E-1,1.095771790E-1,-1.138906956E0,1.166563371E0
1.086799173E0,2.649712563E-1,1.283550262E-1,-1.204649448E0,1.240106880E0
1.096688495E0,3.021210432E-1,1.469678879E-1,-1.250602722E0,1.294945502E0
1.106692818E0,3.389532566E-1,1.654224396E-1,-1.274506330E0,1.329142686E0
1.116677766E0,1.773114949E-1,8.463859558E-2,-1.279281139E0,1.294280994E0
1.126683756E0,2.153359354E-1,1.036872864E-1,-1.272338986E0,1.294591486E0
1.136705579E0,2.530356050E-1,1.225738525E-1,-1.269840240E0,1.300594327E0
1.146683443E0,2.904192209E-1,1.413002014E-1,-1.261484146E0,1.302171771E0
1.156686308E0,-8.836277723E-1,1.598730087E-1,-1.252929926E0,1.541489805E0
1.166686308E0,-9.630404711E-1,7.917213440E-2,-1.249085546E0,1.579218122E0
1.176693339E0,-1.660464764E0,1.181449890E-1,-1.338805199E0,2.136235200E0
1.186693339E0,-1.721888065E0,1.369638443E-1,-1.398879051E0,2.222728099E0
1.196695683E0,-1.763735414E0,1.556339264E-1,-1.459334493E0,2.294480702E0
1.206691516E0,-1.783708215E0,7.499885559E-2,-1.495753050E0,2.329059254E0
1.216693079E0,-1.779830694E0,9.420681000E-2,-1.521023035E0,2.343114017E0
1.226691777E0,-1.755274057E0,1.181368828E0,-1.546338081E0,2.620645109E0
1.236731620E0,-1.717672348E0,1.811217308E0,-1.561949611E0,2.944587071E0
1.246692298E0,-1.673661470E0,1.867886543E0,-1.569136977E0,2.958434334E0
1.256694381E0,-1.619273186E0,1.934762001E0,-1.559285164E0,2.965926478E0
1.266678704E0,-1.585137129E0,2.010452271E0,-1.554129839E0,2.994978732E0
1.276699641E0,-1.588090181E0,2.616477013E0,-1.538465977E0,3.425618184E0
1.286685579E0,-1.623249531E0,2.636842728E0,-1.513704062E0,3.446618429E0
1.296697662E0,-1.642541051E0,2.627754211E0,-1.510280848E0,3.447315120E0
1.306680110E0,-1.648050547E0,2.554174423E0,-1.525397658E0,3.400987446E0
1.316692558E0,-1.626995325E0,2.419811249E0,-1.537136555E0,3.296268960E0
1.326690735E0,-1.563428164E0,1.507702827E0,-1.541074038E0,2.663153136E0
1.336734225E0,-1.438664436E0,1.381015778E0,-1.528506279E0,2.512626391E0
1.346692818E0,5.724318027E-1,-4.095268250E-2,-1.491887093E0,1.598462508E0
1.356693339E0,4.490804672E-1,-1.002054214E-1,-1.416477323E0,1.489336227E0
1.366691516E0,1.906955719E0,-7.961559296E-2,-1.367768407E0,2.348107572E0
1.376692818E0,2.662392378E0,1.952057838E0,-1.319405913E0,3.555234865E0
1.386693079E0,3.417429209E0,2.783633232E0,-1.271391392E0,4.587360073E0
1.396693860E0,4.072267532E0,3.576140404E0,-1.209113359E0,5.552845951E0
1.406692037E0,4.157337666E0,3.710618973E0,-1.139371872E0,5.687733985E0
1.416680058E0,4.737639904E0,4.445487976E0,-1.053465962E0,6.581594468E0
1.426680579E0,4.698719025E0,4.400606155E0,5.926449299E-1,6.464868368E0
1.436706100E0,4.597666740E0,4.275135994E0,6.282207966E-1,6.309515718E0
1.446684016E0,3.908782244E0,3.294057846E0,4.649692774E-1,5.132795744E0
1.456690683E0,3.748365402E0,2.441165924E0,5.014867187E-1,4.501224632E0
1.466689485E0,2.685063839E0,1.619550705E0,5.377779007E-1,3.181464659E0
1.476672245E0,2.504307032E0,8.942241669E-1,5.738474727E-1,2.720384438E0
1.486683808E0,1.265578628E0,7.404155731E-1,6.096998453E-1,1.587966746E0
1.496686308E0,9.319913387E-2,-3.598537445E-1,4.466817379E-1,5.811242302E-1
1.506682923E0,1.323111355E-1,-3.375883102E-1,4.834372103E-1,6.043042612E-1
1.516685266E0,1.711700112E-1,-3.154850006E-1,5.199707150E-1,6.318223665E-1
1.526684225E0,2.097807229E-1,-2.935419083E-1,5.562866926E-1,6.630457661E-1
1.536710006E0,8.919773996E-2,-1.639756203E0,4.334536791E-1,1.698422425E0
1.546681360E0,1.283642054E-1,-1.674962044E0,4.703991115E-1,1.744491485E0
1.556682923E0,1.672849357E-1,-1.709162712E0,5.071272850E-1,1.790642206E0
1.566686308E0,2.059646547E-1,-1.742473602E0,5.436424017E-1,1.836894868E0
1.576687610E0,2.444079071E-1,-1.774993896E0,5.799484253E-1,1.883262789E0
1.586682141E0,8.387704194E-2,-1.806812286E0,4.173072577E-1,1.856273510E0
1.596681881E0,1.231028065E-1,-1.862381935E0,4.544491172E-1,1.920974954E0
1.606683443E0,1.620897502E-1,-1.933698654E0,4.913780093E-1,2.001728233E0
1.616681360E0,2.008422911E-1,-2.554480553E0,5.280979276E-1,2.616217870E0
1.626687298E0,2.393647283E-1,-2.610259056E0,5.646126270E-1,2.681330869E0
1.636777870E0,7.888080180E-2,-2.705624580E0,4.021455050E-1,2.736484525E0
1.646690527E0,1.181603149E-1,-3.455284595E0,4.394658208E-1,3.485123198E0
1.656669329E0,1.572075337E-1,-3.499480247E0,4.765774608E-1,3.535279662E0
1.666693287E0,1.960266531E-1,-3.540288448E0,5.134841800E-1,3.582699366E0
1.676681933E0,2.346217185E-1,-3.568382740E0,5.501896143E-1,3.618164084E0
1.686683704E0,1.777160168E0,-3.590291023E0,3.878808022E-1,4.024790604E0
1.696685006E0,1.812401056E0,-3.606818199E0,4.253638685E-1,4.058924677E0
1.706683443E0,1.851541042E0,-3.623545170E0,4.626424313E-1,4.095402526E0
1.716680891E0,1.884645581E0,-3.687820435E0,5.395057797E-1,4.176478781E0
1.726681620E0,1.848453403E0,-3.708579540E0,3.773247004E-1,4.160855215E0
1.736686048E0,1.766920328E0,-3.728975773E0,4.149399996E-1,4.147221113E0
1.746682923E0,9.011610597E-2,-3.710032940E0,1.741201520E0,4.099298484E0
1.756688652E0,1.293809861E-1,-3.578837395E0,1.882215619E0,4.045683153E0
1.766682402E0,1.684294045E-1,-2.377070904E0,2.899111271E0,3.752823032E0
1.776682662E0,-1.866292357E0,-1.027176857E0,3.013322353E0,3.690291461E0
1.786684745E0,-3.377056360E0,7.896804810E-2,3.921845436E0,5.176061943E0
1.796680318E0,-4.762994766E0,2.224845886E0,4.030358315E0,6.624186479E0
1.806700110E0,-5.868494034E0,3.482364655E0,4.912843227E0,8.408454935E0
1.816681100E0,-6.675509453E0,4.469039917E0,4.994170666E0,9.459201069E0
1.826838704E0,-6.748997211E0,4.594864845E0,5.585981369E0,9.892670729E0
1.836667870E0,-6.740254402E0,4.633069038E0,5.607228756E0,9.916520178E0
1.846686620E0,-6.606298447E0,4.526695251E0,5.622095585E0,9.784789616E0
1.856684225E0,-5.422142506E0,3.398459435E0,5.621659279E0,8.517758445E0
1.866682402E0,-4.025111198E0,1.929562569E0,5.583523273E0,7.148458856E0
1.876683704E0,-2.616981983E0,-1.000013351E-1,5.478456974E0,6.072238943E0
1.886688131E0,-1.343679070E0,-7.958030701E-2,4.738822937E0,4.926281488E0
1.896683704E0,4.320077598E-1,-1.711965561E0,3.454944849E0,3.879961430E0
1.906686568E0,4.695621133E-1,-1.689074516E0,2.752134323E0,3.263082076E0
1.916683964E0,1.459877729E0,-1.541203499E0,2.005032063E0,2.920052188E0
1.926684745E0,1.523242354E0,-5.355834961E-2,1.159727216E0,1.915229224E0
1.936660162E0,1.606752634E0,-3.338623047E-2,4.738698900E-2,1.607797933E0
1.946684745E0,1.668708205E0,1.334009171E0,8.694340289E-2,2.138159652E0
1.956681620E0,1.653293371E0,2.470029831E0,-1.388426423E0,3.280572247E0
1.966681360E0,1.531483293E0,3.712391853E0,-2.168277502E0,4.563849436E0
1.976680579E0,2.997592092E-1,4.536014557E0,-2.999949694E0,5.446556876E0
1.986703495E0,3.380688429E-1,4.589433670E0,-3.144038200E0,5.573344432E0
1.996678495E0,3.761972189E-1,4.550214767E0,-3.767349005E0,5.919366292E0
2.006670735E0,4.141470194E-1,4.420610428E0,-3.651856184E0,5.748857965E0
2.016667766E0,2.529011965E-1,3.625241280E0,-2.934468746E0,4.670914276E0
2.026691829E0,2.914724052E-1,2.838110924E0,-2.854422569E0,4.035784680E0
2.036683495E0,3.298633099E-1,1.677989960E0,-2.783049345E0,3.266469618E0
2.046681881E0,1.696182132E0,-1.808223724E-1,-2.738805294E0,3.226574808E0
2.056687350E0,2.663665056E0,-1.600484848E-1,-2.742629051E0,3.826583484E0
2.066684485E0,3.468498230E0,-2.233487129E0,-2.669382572E0,4.913710212E0
2.076681360E0,4.160556793E0,-2.962817669E0,-4.413659096E0,6.750474649E0
2.086682402E0,4.027107716E0,-2.906482220E0,-4.947707653E0,7.010352806E0
2.096686568E0,3.203728676E0,-2.191476822E0,-4.860612869E0,6.220289829E0
2.106680839E0,2.320498228E0,-1.185353279E0,-4.739097118E0,5.408217444E0
2.116683704E0,1.359025240E0,-1.052656174E-1,-4.521161079E0,4.722174071E0
2.126682402E0,-2.969410419E-1,-6.652450562E-2,-3.567704201E0,3.580658146E0
2.136682923E0,-3.451582193E-1,1.464609146E0,-2.430779457E0,2.858828941E0
2.146688912E0,-1.883874297E0,1.564377785E0,-1.357422471E0,2.799795704E0
2.156680579E0,-2.124773979E0,1.607007980E0,-4.577442408E-1,2.703085071E0
2.166691256E0,-3.142205715E0,1.555920601E0,-1.792420149E-1,3.510907770E0
2.176676725E0,-3.280514717E0,5.476093292E-2,6.623241901E-1,3.347155345E0
2.186671516E0,-3.356167793E0,1.062822342E-1,8.190277815E-1,3.456293488E0
2.196666204E0,-3.337571144E0,1.527309418E-1,9.469320774E-1,3.472662990E0
2.206680370E0,-3.241378307E0,9.124660492E-2,1.033853292E0,3.403485258E0
2.216680214E0,-3.036307812E0,-1.305071831E0,1.063377142E0,3.471764473E0
2.226682923E0,-2.131782293E0,-1.309444427E0,1.072873950E0,2.722168064E0
2.236687350E0,-2.021670341E0,-1.284003258E0,1.062610626E0,2.620106234E0
2.246683964E0,-1.920876265E0,-1.226543427E0,1.088083625E0,2.525490126E0
2.256688391E0,-1.823945045E0,-1.103560448E0,1.174888611E0,2.434129092E0
2.266688391E0,-1.756760478E0,-1.047930717E0,1.215321064E0,2.379363666E0
2.276682662E0,-1.712887526E0,-9.925498962E-1,1.220626593E0,2.325740366E0
2.286684225E0,-1.679604530E0,-9.433040619E-1,1.201259375E0,2.270224222E0
2.296684225E0,-1.626601338E0,-8.896665573E-1,1.175024271E0,2.194998983E0
2.306681360E0,-1.560787559E0,-8.371791840E-1,1.147498131E0,2.110374078E0
2.316683443E0,-1.484042645E0,-7.856626511E-1,1.123928666E0,2.020609814E0
2.326682662E0,-1.393231034E0,2.376480103E-1,1.123638868E0,1.805584005E0
2.336681360E0,-1.290382028E0,2.597513199E-1,1.143057346E0,1.743311969E0
2.346703235E0,-1.181968212E0,1.821765900E-1,1.194286585E0,1.690135382E0
2.356681360E0,-1.068540812E0,2.044839859E-1,1.248679996E0,1.656138550E0
2.366669954E0,-9.661361575E-1,2.265253067E-1,1.290607929E0,1.628005410E0
2.376663704E0,-8.927350044E-1,2.481203079E-1,1.291588902E0,1.589572700E0
2.386681881E0,-8.431104422E-1,2.682466507E-1,1.243516207E0,1.526146795E0
2.396681620E0,-8.285775185E-1,1.889505386E-1,1.158178806E0,1.436530946E0
2.406684745E0,-8.543065190E-1,2.096881866E-1,1.044984102E0,1.365943095E0
2.416687350E0,-9.007285833E-1,2.304935455E-1,2.986547947E-1,9.765418280E-1
2.426693079E0,-9.534001350E-1,2.513551712E-1,2.288284302E-1,1.012182637E0
2.436692037E0,-1.091878533E0,1.596007347E0,8.102107048E-2,1.935459273E0
2.446691516E0,-1.143869042E0,2.252132416E0,5.470490456E-2,2.526564749E0
2.456697766E0,-1.195566058E0,2.331974030E0,6.647157669E-2,2.621430820E0
2.466694641E0,-1.233436704E0,2.431076050E0,1.299529076E-1,2.729172882E0
2.476694902E0,-1.269371033E0,3.062851906E0,2.392704487E-1,3.324096112E0
2.486688912E0,-1.328614712E0,3.078482628E0,3.335194588E-1,3.369496635E0
2.496691516E0,-1.998760462E0,3.081761360E0,4.319765568E-1,3.698499724E0
2.506690735E0,-2.038029671E0,3.063480377E0,5.356495380E-1,3.718251926E0
2.516692298E0,-2.081843853E0,3.012569427E0,6.317934990E-1,3.716020911E0
2.526724068E0,-2.085764170E0,2.903856277E0,6.868610382E-1,3.640682839E0
2.536677193E0,-2.031023502E0,2.066276550E0,7.137434483E-1,2.983954584E0
2.546674641E0,-1.889746547E0,1.906189919E0,7.226228714E-1,2.779727654E0
2.556706360E0,-8.826847076E-1,1.886005402E-1,7.382059097E-1,1.166040489E0
2.566696256E0,8.046193123E-1,2.119026184E-1,7.737984657E-1,1.136256583E0
2.576681673E0,8.635216951E-1,2.341890335E-1,8.218729496E-1,1.214903028E0
2.586689693E0,2.073986292E0,1.562356949E-1,8.623838425E-1,2.251562707E0
2.596694381E0,3.034474373E0,1.781797409E-1,9.119726419E-1,3.173559018E0
2.606686568E0,3.827047348E0,2.010345459E-1,9.839739799E-1,3.956628753E0
2.616693600E0,4.809153557E0,2.694120407E0,1.137655020E0,5.628543475E0
2.626695943E0,4.805712700E0,3.596424103E0,1.210036397E0,6.123179645E0
2.636683183E0,4.740930080E0,4.309691429E0,1.296805382E0,6.536938308E0
2.646684485E0,4.617181301E0,4.414152145E0,1.380598068E0,6.535224048E0
2.656698808E0,4.430669308E0,4.468375206E0,2.835035324E0,6.901784754E0
2.666687089E0,4.195703983E0,4.470359802E0,2.862794161E0,6.766360845E0
2.676681360E0,3.316297531E0,4.396160126E0,2.683388948E0,6.125735010E0
2.686693079E0,3.034949303E0,4.246708870E0,2.696985245E0,5.875302793E0
2.696680058E0,2.020992517E0,3.238802910E0,2.704389334E0,4.678458797E0
2.706685527E0,1.723517299E0,3.064549446E0,2.710163116E0,4.439252111E0
2.716687402E0,4.772344232E-1,1.902913094E0,2.671941280E0,3.314830485E0
2.726672506E0,-7.961419225E-1,1.207285881E0,2.437056065E0,2.833835461E0
2.736711308E0,-8.636498451E-1,1.052225113E0,2.405800819E0,2.764226171E0
2.746680891E0,-9.005895257E-1,-2.484035492E-2,2.376931190E0,2.541944221E0
2.756685058E0,-9.270711541E-1,-1.173114777E-2,2.351754665E0,2.527913873E0
2.766686048E0,-9.218844771E-1,2.393722534E-4,2.332517624E0,2.508088817E0
2.776687089E0,-1.109015107E0,-8.711051941E-2,2.117037535E0,2.391516396E0
2.786690214E0,-1.059480786E0,-7.627201080E-2,2.109672308E0,2.361997926E0
2.796682662E0,-9.796013832E-1,-1.068620682E0,2.106819153E0,2.557392417E0
2.806683443E0,-8.624991775E-1,-1.142545700E0,2.148212671E0,2.581498245E0
2.816682402E0,-9.843791723E-1,-1.197846413E0,1.950000644E0,2.491252876E0
2.826669433E0,-9.065446854E-1,-1.290342331E0,1.952707171E0,2.509954560E0
2.836688131E0,-8.274162412E-1,-2.068949699E0,3.707103729E-1,2.258892799E0
2.846683964E0,-7.462996244E-1,-2.216193199E0,2.666813135E-1,2.353634285E0
2.856683704E0,-6.675541997E-1,-3.277774334E0,1.415685415E-1,3.348055383E0
2.866680579E0,-7.899862528E-1,-3.434555531E0,3.612136841E-2,3.524422609E0
2.876680318E0,4.375044107E-1,-4.548352718E0,-4.331421852E-2,4.569551256E0
2.886687089E0,5.748209357E-1,-4.672630310E0,-8.400869370E-2,4.708603889E0
2.896690631E0,1.291515112E0,-5.446297169E0,-9.231197834E-2,5.598096608E0
2.906683391E0,1.406648278E0,-5.490908623E0,-1.087439060E-2,5.668232100E0
2.916694381E0,1.532863855E0,-5.521248817E0,1.107600927E-1,5.731154151E0
2.926681464E0,1.635190964E0,-5.509737968E0,7.976374626E-1,5.802351893E0
2.936662975E0,1.675227404E0,-5.450752258E0,9.388602972E-1,5.779147488E0
2.946681360E0,1.667582750E0,-5.341097832E0,2.058961630E0,5.962170852E0
2.956682923E0,1.607143641E0,-4.683426380E0,2.134799480E0,5.392101832E0
2.966681620E0,1.497336864E0,-4.550479889E0,2.010728598E0,5.195374327E0
2.976681881E0,1.335188150E0,-3.783973694E0,2.065213203E0,4.512902601E0
2.986690995E0,-6.645808816E-1,-2.495997429E0,4.544840336E0,5.227546709E0
2.996683183E0,-6.718824506E-1,-1.325866699E0,5.677166939E0,5.868523919E0
3.006682662E0,-2.196205139E0,1.315460205E-1,6.512397766E0,6.874005094E0
3.016682402E0,-3.792705297E0,2.374264717E0,6.611866474E0,7.983641067E0
3.026685266E0,-5.603284836E0,4.187024117E0,7.634544373E0,1.035443092E1
3.036686568E0,-7.165979862E0,5.442235947E0,7.669193745E0,1.182310163E1
3.046683183E0,-8.304790497E0,6.198497772E0,8.524864197E0,1.341880134E1
3.056681881E0,-8.988712311E0,6.225050926E0,8.403541565E0,1.379013121E1
3.066682141E0,-9.001495361E0,6.148293495E0,8.169709206E0,1.362250271E1
3.076704433E0,-8.857573509E0,5.280410767E0,7.819669247E0,1.294166038E1
3.086718912E0,-8.504241943E0,3.763773918E0,6.826207161E0,1.153625716E1
3.096703600E0,-6.619584084E0,1.922945023E0,6.431209087E0,9.427463144E0
3.106682193E0,-4.771793842E0,-1.943559647E-1,5.110232830E0,6.994445674E0
3.116680110E0,-3.035254955E0,-1.668806076E-1,4.092335224E0,5.097825945E0
3.126682662E0,-1.403920650E0,-1.311197281E-1,2.962942600E0,3.281343388E0
3.136687610E0,8.732424378E-1,-8.916282654E-2,1.630114794E0,1.851425560E0
3.146682402E0,1.088932037E0,1.830462456E0,3.607991934E-1,2.160218008E0
3.156686048E0,2.688543797E0,3.002424240E0,-8.973908424E-1,4.128938046E0
3.166685006E0,2.968952656E0,4.103790283E0,-2.191454887E0,5.518899264E0
3.176684225E0,3.029652119E0,4.175528526E0,-3.373922586E0,6.164185595E0
3.186694902E0,2.974130392E0,4.136632919E0,-4.587197781E0,6.855623019E0
3.196680579E0,2.901640892E0,3.955024719E0,-5.435688972E0,7.321779497E0
3.206684485E0,2.768534899E0,2.436142921E0,-5.457419395E0,6.586577585E0
3.216681360E0,2.646065950E0,1.174716949E0,-5.447645187E0,6.169154157E0
3.226681360E0,2.556544065E0,-1.212053299E-1,-6.146538734E0,6.658118856E0
3.236686829E0,2.568657875E0,-1.311885834E0,-6.149861336E0,6.792631461E0
3.246682141E0,3.474133492E0,-2.181348801E0,-6.720020771E0,7.873154722E0
3.256696673E0,4.211939335E0,-2.348077297E0,-6.512643814E0,8.103605951E0
3.266701412E0,4.871504307E0,-3.252526283E0,-6.229843616E0,8.551107117E0
3.276750683E0,4.909745693E0,-3.209749222E0,-5.928433895E0,8.339929333E0
3.286688443E0,4.904361725E0,-3.054359913E0,-5.636125088E0,8.071417745E0
3.296684745E0,4.808431149E0,-1.744773865E0,-4.792885303E0,7.009778562E0
3.306688652E0,4.569422722E0,-1.385498047E-1,-4.471029282E0,6.394444690E0
3.316683704E0,3.342951775E0,-1.012935638E-1,-3.333010197E0,4.721709852E0
3.326684745E0,2.271368980E0,-5.922889709E-2,-2.372352123E0,3.284917001E0
3.336690475E0,1.151684999E0,-1.293087006E-2,-1.389353871E0,1.804674410E0
3.346687610E0,-2.744505405E-1,1.024869919E0,-2.416803837E-1,1.088159390E0
3.356686048E0,-1.651504278E0,6.939888000E-3,-5.348479748E-2,1.652384691E0
3.366688652E0,-1.853956342E0,5.580329895E-2,5.838429928E-2,1.855714647E0
3.376686568E0,-2.033987522E0,1.003856659E-1,7.142794132E-2,2.037715503E0
3.386689954E0,-2.155858040E0,3.789615631E-2,-5.502934456E-1,2.225305121E0
3.396682662E0,-2.223174095E0,7.219314575E-2,-5.906589031E-1,2.301432781E0
3.406682141E0,-2.222304821E0,1.035223007E-1,-6.395456791E-1,2.314816248E0
3.416681881E0,-2.203243971E0,1.347246170E-1,-6.474204063E-1,2.300345170E0
3.426681360E0,-2.142048597E0,1.638145447E-1,-6.191127300E-1,2.235734325E0
3.436721725E0,-2.088646650E0,9.333419800E-2,-5.698862076E-1,2.167008628E0
3.446679225E0,-2.047905207E0,1.230497360E-1,-4.634618759E-1,2.103295957E0
3.456705266E0,-2.024193764E0,1.529798508E-1,-3.024394512E-1,2.052372493E0
3.466681152E0,-2.000325441E0,1.827192307E-1,5.756596327E-1,2.089514824E0
3.476683964E0,-1.972117424E0,2.125473022E-1,7.134909630E-1,2.107959403E0
3.486692818E0,-1.926425815E0,1.427259445E-1,8.469002247E-1,2.109200584E0
3.496683704E0,-1.845438600E0,1.729326248E-1,9.322355986E-1,2.074756017E0
3.506683183E0,-1.741329312E0,2.032070160E-1,9.757366180E-1,2.006385510E0
3.516684485E0,-1.618429303E0,2.263793945E-1,9.670597315E-1,1.898885348E0
3.526683704E0,9.532070160E-2,1.688337326E-1,9.110003710E-1,9.314035330E-1
3.536687870E0,1.872317791E-1,1.906156540E-1,9.049066305E-1,9.435285245E-1
3.546684745E0,2.767263651E-1,2.125091553E-1,9.191982746E-1,9.831902615E-1
3.556682662E0,3.637168407E-1,2.343616486E-1,9.410721064E-1,1.035776053E0
3.566682662E0,4.490967989E-1,2.560882568E-1,9.593925476E-1,1.089817962E0
3.576685266E0,3.301304579E-1,1.779088974E-1,9.797840118E-1,1.049101713E0
3.586688131E0,3.495279253E-1,1.973419189E-1,9.933056831E-1,1.071340181E0
3.596680579E0,-1.071542025E0,2.165384293E-1,9.796912670E-1,1.467953058E0
3.606681620E0,-1.214074135E0,2.355365753E-1,9.277942181E-1,1.546045146E0
3.616806360E0,-2.102405071E0,1.319345474E0,8.338952065E-1,2.618427158E0
3.626682402E0,-2.222168922E0,1.390812874E0,7.376320362E-1,2.723324474E0
3.636686933E0,-2.918938398E0,1.501672745E0,6.682033539E-1,3.349883301E0
3.646666933E0,-2.974016666E0,2.263714790E0,6.420600414E-1,3.792284388E0
3.656688391E0,-3.012472630E0,2.321022034E0,6.436481476E-1,3.856995925E0
3.666681933E0,-2.977740765E0,2.401394844E0,6.640241146E-1,3.882597749E0
3.676694641E0,-2.918968201E0,2.469375610E0,6.894855499E-1,3.885045892E0
3.686695683E0,-2.823788643E0,2.525715828E0,7.331655025E-1,3.858828112E0
3.696693860E0,-2.735808134E0,2.554300308E0,7.761967182E-1,3.822509327E0
3.706695162E0,-2.639316082E0,2.488139153E0,8.844004869E-1,3.733495687E0
3.716691777E0,-2.539982319E0,2.367202759E0,8.952043056E-1,3.585603133E0
3.726691777E0,-2.425381184E0,1.309362411E0,8.693202734E-1,2.890090232E0
3.736692818E0,-2.274084330E0,1.793594360E-1,8.408724070E-1,2.431192249E0
3.746731360E0,-2.073215008E0,2.056493759E-1,8.348569870E-1,2.244437195E0
3.756692037E0,-1.001279950E0,2.315597534E-1,8.608818054E-1,1.340633783E0
3.766694381E0,-1.797592640E-1,-8.642177582E-1,9.201242924E-1,1.275074288E0
3.776691777E0,1.261696696E0,-8.082790375E-1,9.755563736E-1,1.787988757E0
3.786695423E0,1.363253832E0,2.146186829E-1,9.834326506E-1,1.694597878E0
3.796679225E0,3.051642418E0,2.424049377E-1,9.609208107E-1,3.208527763E0
3.806701829E0,4.209100246E0,2.573459625E0,9.268434048E-1,5.019786651E0
3.816683495E0,5.204489708E0,4.073355675E0,8.781731129E-1,6.667092889E0
3.826668183E0,5.950947762E0,5.303353310E0,8.407161236E-1,8.015368936E0
3.836683756E0,5.999159813E0,6.235612869E0,8.143417835E-1,8.691141401E0
3.846736308E0,6.020029068E0,6.346476555E0,8.109601736E-1,8.784996929E0
3.856692558E0,5.915637970E0,6.379807472E0,8.437712193E-1,8.741205057E0
3.866683964E0,5.670748711E0,6.304630280E0,9.555684328E-1,8.533397033E0
3.876680839E0,5.270173550E0,6.095875740E0,2.498184681E0,8.436548879E0
3.886687610E0,2.807007790E0,3.718721390E0,2.545054913E0,5.309000472E0
3.896684485E0,1.530707359E0,2.955487251E0,3.568864346E0,4.880037154E0
3.906683964E0,3.381793201E-2,2.776665688E0,3.543870449E0,4.502225422E0
3.916685266E0,-1.089758798E-1,1.665418625E0,3.508726120E0,3.885441278E0
3.926684225E0,-1.899030209E0,1.500199318E0,3.388129950E0,4.163692866E0
3.936659537E0,-2.733182430E0,-4.361057281E-2,2.277149439E0,3.557751768E0
3.946704277E0,-2.973190069E0,-3.408908844E-2,2.242293596E0,3.724097451E0
3.956681360E0,-3.846470594E0,-1.232576370E-1,2.015916824E0,4.344473400E0
3.966684745E0,-3.892746687E0,-1.127262115E-1,1.995764017E0,4.375986515E0
3.976704068E0,-3.851755142E0,-1.585031509E0,1.979174852E0,4.611450494E0
3.986686725E0,-3.759377241E0,-1.696555138E0,1.968910217E0,4.570319903E0
3.996696516E0,-3.568179131E0,-2.409057617E0,1.961316586E0,4.730985485E0
4.006666985E0,-2.595862150E0,-2.500839710E0,7.938686609E-1,3.690924953E0
4.016687402E0,-2.394275427E0,-3.137478828E0,6.627167463E-1,4.001939743E0
4.026683495E0,-1.470471621E0,-3.242655277E0,-4.053485394E-2,3.560722273E0
4.036682923E0,-1.260181069E0,-4.021170616E0,-1.537449360E-1,4.216812417E0
4.046707141E0,6.346476078E-2,-4.127624035E0,-2.782319784E-1,4.137477611E0
4.056689173E0,-1.370492578E-2,-4.934829712E0,-9.656410217E-1,5.028438594E0
4.066685527E0,1.175877094E0,-5.727852821E0,-1.002283096E0,5.932584284E0
4.076683183E0,2.195968866E0,-5.794960022E0,-9.482947588E-1,6.269218761E0
4.086686308E0,2.354632616E0,-5.866110802E0,-8.249105215E-1,6.374639446E0
4.096683443E0,3.037989616E0,-5.934694290E0,-1.092317104E-1,6.667976364E0
4.106682923E0,3.093435764E0,-5.981094360E0,7.339692116E-2,6.734108826E0
4.116681620E0,3.129425764E0,-5.993166447E0,1.942585588E0,7.034556733E0
4.126682141E0,3.079767942E0,-5.961798668E0,2.032688141E0,7.011407492E0
4.136681620E0,2.952930212E0,-5.862243176E0,2.125427961E0,6.899502584E0
4.146703235E0,2.777605534E0,-5.702645302E0,2.018847704E0,6.656650959E0
4.156713391E0,1.932038426E0,-4.562865257E0,3.786727667E0,6.236330512E0
4.166679173E0,1.667952776E0,-3.649861336E0,4.577942848E0,6.087784076E0
4.176680110E0,-2.625844479E-1,-2.396082401E0,5.447864532E0,5.957297158E0
4.186693287E0,-3.303921819E-1,2.047681808E-1,6.193365097E0,6.205550759E0
4.196689225E0,-2.263240814E0,1.615507126E0,6.263602257E0,6.853089485E0
4.206682923E0,-3.904160261E0,3.793604851E0,6.997511387E0,8.865611695E0
4.216678287E0,-5.573857784E0,5.349851608E0,7.679303169E0,1.089314004E1
4.226681881E0,-7.062018394E0,6.397959709E0,8.366748810E0,1.268102827E1
4.236682402E0,-8.218822479E0,6.491231918E0,8.825129509E0,1.369554839E1
4.246712870E0,-9.028791428E0,6.382308006E0,8.674645424E0,1.405355483E1
4.256685787E0,-8.816480637E0,4.775023460E0,8.334663391E0,1.303832020E1
4.266683183E0,-7.748633862E0,2.737203598E0,7.952073574E0,1.143543110E1
4.276686308E0,-6.455622196E0,-8.740139008E-2,6.834456921E0,9.401728476E0
4.286683704E0,-5.031176090E0,-1.701221466E-1,5.469142914E0,7.433249532E0
4.296683443E0,-3.607709408E0,-1.810176849E0,3.869330168E0,5.591424089E0
4.306685266E0,-2.353712082E0,-1.804212570E0,2.321119785E0,3.765997958E0
4.316681620E0,-1.136639595E0,-1.665529251E0,7.899307013E-1,2.165624106E0
4.326682402E0,3.243100643E-2,2.238464355E-2,-7.552352548E-1,7.562626081E-1
4.336699850E0,1.267569423E0,-1.596546173E-2,-1.092004299E0,1.673158847E0
4.346720214E0,1.456979275E0,2.356509209E0,-1.230550170E0,3.031530633E0
4.356672558E0,1.596097112E0,3.775068283E0,-2.773839712E0,4.949025488E0
4.366693183E0,1.693781734E0,4.854259491E0,-3.011030674E0,5.958106871E0
4.376685579E0,1.752730489E0,4.968790054E0,-4.213197708E0,6.746256273E0
4.386683183E0,1.576095343E0,4.947307587E0,-4.330047607E0,6.760860978E0
4.396683704E0,1.561563611E0,4.786267281E0,-4.935751438E0,7.050423934E0
4.406682923E0,2.547952652E0,3.496359825E0,-4.850059509E0,6.499205489E0
4.416682141E0,2.477755785E0,2.132747650E0,-4.848428726E0,5.847661702E0
4.426683183E0,2.436085939E0,4.717826843E-3,-5.641402245E0,6.144913038E0
4.436685787E0,3.866344929E0,-1.764156342E0,-5.661121845E0,7.078783176E0
4.446709225E0,4.592480183E0,-2.501213074E0,-5.519629478E0,7.603502525E0
4.456686568E0,4.648278236E0,-2.585784435E0,-5.374902248E0,7.561900944E0
4.466682923E0,5.378288269E0,-2.587335587E0,-5.791160583E0,8.316118749E0
4.476679798E0,5.265758038E0,-2.452733994E0,-5.643325806E0,8.098841763E0
4.486677454E0,5.056621552E0,-1.177832603E0,-5.428236008E0,7.511488355E0
4.496683183E0,3.955308676E0,-9.918022156E-2,-5.146903515E0,6.491911832E0
4.506684485E0,2.919383526E0,-7.743930817E-2,-4.282158852E0,5.183211499E0
4.516680839E0,1.759704590E0,-4.939174652E-2,-3.930828571E0,4.307019044E0
4.526699641E0,1.763115972E-1,-1.155653000E-1,-2.659000397E0,2.667344040E0
4.536700370E0,7.644957304E-2,-7.693767548E-2,-1.806696415E0,1.809949137E0
4.546762558E0,-1.860387437E-2,-3.409671783E-2,-1.488877177E0,1.489383745E0
4.556689745E0,-1.638413429E0,1.241111755E-2,-5.709066391E-1,1.735075500E0
4.566679068E0,-1.790121794E0,6.199359894E-2,-4.011182785E-1,1.835558530E0
4.576682923E0,-1.851457596E0,1.206493378E-2,-2.749166489E-1,1.871795917E0
4.586683183E0,-1.806788802E0,-1.101480484E0,-2.174279690E-1,2.127209429E0
4.596686308E0,-3.926343620E-1,-1.082691193E0,-2.087748051E-1,1.170456697E0
4.606685787E0,-3.496329784E-1,-1.025238991E0,-2.084746361E-1,1.103095590E0
4.616689433E0,-4.670867920E-1,7.147026062E-2,-2.484836578E-1,5.338747022E-1
4.626684225E0,-4.249798954E-1,9.923076630E-2,-2.071778774E-1,4.830914296E-1
4.636682141E0,-3.832515180E-1,1.266822815E-1,-1.242458820E-1,4.223353711E-1
4.646712089E0,-3.433260620E-1,1.538610458E-1,-2.479028702E-2,3.770418605E-1
4.656693339E0,-3.047414422E-1,1.804304123E-1,7.288002968E-2,3.615715406E-1
4.666682662E0,-1.876213789E0,1.069345474E-1,1.455233097E-1,1.884884668E0
4.676683704E0,-1.982703209E0,-1.002190590E0,1.817798615E-1,2.229022636E0
4.686682141E0,-2.597450733E0,-1.017547607E0,2.105944157E-1,2.797588864E0
4.696679537E0,-2.626368523E0,-1.010474205E0,2.377350330E-1,2.824072889E0
4.706704225E0,-2.627150059E0,-9.838542938E-1,2.681243420E-1,2.818115925E0
4.716679745E0,-2.591630936E0,-9.262208939E-1,3.036901951E-1,2.768874101E0
4.726771256E0,-2.509171963E0,-8.365087509E-1,3.640077114E-1,2.669867495E0
4.736681152E0,-2.343502998E0,1.975107193E-1,4.564250708E-1,2.395692099E0
4.746691152E0,-1.514729619E0,2.192821503E-1,5.624673367E-1,1.630601112E0
4.756681360E0,-1.382110000E0,2.410945892E-1,6.605551243E-1,1.550705557E0
4.766682141E0,-1.257208705E0,1.632080078E-1,7.321592569E-1,1.463990355E0
4.776684225E0,-1.148504734E0,1.847934723E-1,7.735935450E-1,1.397017797E0
4.786688912E0,-1.069048405E0,2.056674957E-1,7.730536461E-1,1.335206183E0
4.796686048E0,-1.067307115E0,2.456741333E-1,6.711838245E-1,1.284518580E0
4.806686048E0,-1.094939351E0,1.629488945E0,5.799129009E-1,2.047052852E0
4.816686048E0,-1.157918334E0,1.724149704E0,4.853563309E-1,2.132847355E0
4.826674693E0,-1.811517000E0,2.428548813E0,4.073419571E-1,3.057019897E0
4.836681360E0,-1.865791917E0,2.508491516E0,3.489694595E-1,3.145709594E0
4.846707141E0,-1.944801688E0,2.616664886E0,3.074986935E-1,3.274712839E0
4.856684745E0,-2.650923252E0,3.363460541E0,3.102760315E-1,4.293778303E0
4.866689693E0,-2.685314417E0,3.388106346E0,3.424692154E-1,4.336757233E0
4.876693860E0,-2.762094736E0,3.404248238E0,4.213354588E-1,4.404043252E0
4.886761464E0,-3.447077036E0,3.407143593E0,5.126732588E-1,4.873787175E0
4.896678391E0,-3.472524643E0,3.374843597E0,1.250430346E0,5.001157141E0
4.906849745E0,-3.507523775E0,3.296698570E0,1.296624541E0,4.985196054E0
4.916675631E0,-3.505746603E0,2.644910812E0,1.320537329E0,4.585807594E0
4.926679329E0,-3.433183908E0,2.473398209E0,1.335213780E0,4.437031247E0
4.936656360E0,-3.292880535E0,1.110458374E0,1.327401161E0,3.719969605E0
4.946727193E0,-3.072509766E0,1.502408981E-1,1.307648540E0,3.342578838E0
4.956694641E0,-1.773477077E0,6.541538239E-2,1.260886431E0,2.177001311E0
4.966693339E0,-7.818952799E-1,8.104228973E-2,1.225301743E0,1.455778981E0
4.976694902E0,8.713087440E-1,1.173515320E-1,1.095605135E0,1.404742297E0
4.986693079E0,2.546789408E0,2.052509308E0,1.012202382E0,3.423957419E0
4.996690995E0,3.450007439E0,3.505006790E0,9.583772421E-1,5.010599851E0
5.006692818E0,3.643800735E0,4.927888870E0,9.336792231E-1,6.199445895E0
5.016694381E0,4.522316456E0,6.136095047E0,9.295103550E-1,7.678997204E0
5.026690995E0,4.473637104E0,6.997797012E0,9.540619850E-1,8.360192954E0
5.036692298E0,4.370149612E0,7.047612190E0,1.002646446E0,8.352984204E0
5.046735266E0,4.143988132E0,6.952249527E0,2.001780987E0,8.337477931E0
5.056703495E0,3.170716524E0,5.947899818E0,2.010334015E0,7.033661804E0
5.066792089E0,2.898045063E0,4.788363457E0,2.013196707E0,5.948113210E0
5.076682662E0,1.881963253E0,3.749848366E0,2.017809868E0,4.655610069E0
5.086708808E0,1.637992740E0,2.852263451E0,2.024295568E0,3.862149603E0
5.096678287E0,-2.587435767E-2,2.046360016E0,1.832507014E0,2.747060384E0
5.106685527E0,-8.882672340E-2,1.281603813E0,1.808996320E0,2.218753300E0
5.116684745E0,-1.455371678E-1,-1.660747528E-1,1.788817167E0,1.802395281E0
5.126684745E0,-1.954116523E-1,-1.534080505E-1,1.770934939E0,1.788275791E0
5.136682402E0,-2.354396135E-1,-1.394481659E-1,6.457901001E-1,7.013718386E-1
5.146708704E0,-4.368821979E-1,-2.242202759E-1,-4.876410961E-2,4.934761649E-1
5.156687089E0,-3.503308296E-1,-2.071887016E0,-1.719260216E-1,2.108318300E0
5.166686568E0,-3.021739423E-1,-2.823759079E0,-1.976691484E-1,2.846752100E0
5.176685787E0,-2.536250353E-1,-2.870880604E0,-1.890388727E-1,2.888254974E0
5.186685527E0,-4.038639069E-1,-2.906356335E0,-1.578878164E-1,2.938527142E0
5.196682923E0,-3.529683352E-1,-2.931972504E0,-9.638214111E-2,2.954714694E0
5.206682402E0,-3.024711609E-1,-2.974678516E0,-4.153370857E-2,2.990305357E0
5.216680839E0,-2.504589856E-1,-3.043864727E0,2.504014969E-2,3.054254277E0
5.226681881E0,-1.978732497E-1,-3.700075150E0,6.284344196E-2,3.705895200E0
5.236681100E0,-3.462638259E-1,-3.775789261E0,6.284296513E-2,3.792154060E0
5.246697037E0,-2.920648754E-1,-4.487479687E0,5.251336098E-2,4.497280677E0
5.256689277E0,-2.352598161E-1,-4.595793247E0,4.866623878E-2,4.602068139E0
5.266695839E0,-1.780643761E-1,-5.420716286E0,6.392753124E-2,5.424016842E0
5.276672454E0,-1.212843508E-1,-5.488766670E0,1.106142998E-1,5.491220718E0
5.286681673E0,1.048040509E0,-5.555420399E0,1.943746805E-1,5.656754037E0
5.296683183E0,1.150253654E0,-5.605732441E0,2.931687832E-1,5.730032077E0
5.306684485E0,1.276447296E0,-5.627598286E0,4.167560339E-1,5.785573935E0
5.316682923E0,1.960641742E0,-5.599359035E0,1.980800271E0,6.254638867E0
5.326682662E0,2.009657145E0,-5.512428761E0,2.057146311E0,6.217511047E0
5.336682402E0,1.983597875E0,-4.238140106E0,1.972375631E0,5.078066337E0
5.346708704E0,1.879194379E0,-3.325750351E0,3.725910664E0,5.336140664E0
5.356684485E0,1.172954440E0,-2.138217449E0,4.791096687E0,5.376095558E0
5.366681881E0,-1.990662366E-1,1.485795975E-1,5.822062492E0,5.827359173E0
5.376685006E0,-3.994542956E-1,1.437726021E0,6.627709866E0,6.793611551E0
5.386684225E0,-2.158016920E0,3.689816475E0,7.454129696E0,8.592777908E0
5.396682402E0,-3.528131247E0,5.431004524E0,8.282893181E0,1.051426839E1
5.406682141E0,-4.560678482E0,6.569050789E0,8.978780746E0,1.202375649E1
5.416681360E0,-4.753622532E0,6.662330627E0,8.923816681E0,1.210859532E1
5.426679954E0,-5.596009254E0,6.670516968E0,8.752929688E0,1.234604772E1
5.436705214E0,-5.557825565E0,6.539057732E0,8.443737030E0,1.203932706E1
5.446720214E0,-5.449740410E0,5.292781830E0,7.993261814E0,1.102748586E1
5.456670839E0,-5.192813396E0,3.416838646E0,6.675703049E0,9.121683425E0
5.466681673E0,-3.745324135E0,1.107216835E0,5.559464455E0,6.794190682E0
5.476682923E0,-2.906456709E0,-2.295942307E-1,4.233909130E0,5.140641072E0
5.486685266E0,-2.650344372E0,-1.426277161E0,2.893027067E0,4.174709264E0
5.496682141E0,-1.870404959E0,-1.396212578E0,1.593619347E0,2.826207157E0
5.506683964E0,-1.648170233E0,-1.188936234E-1,-7.793688774E-1,1.827023989E0
5.516684745E0,-5.332080722E-1,1.940517426E0,-1.080483437E0,2.284154807E0
5.526682402E0,6.649630666E-1,3.465913773E0,-2.220070362E0,4.169346060E0
5.536681881E0,7.931806445E-1,4.699403763E0,-3.373957872E0,5.839274183E0
5.546713912E0,8.915321231E-1,5.428307533E0,-4.246578217E0,6.949444492E0
5.556681360E0,9.824549556E-1,5.408655167E0,-5.010056019E0,7.437703259E0
5.566682923E0,8.396406174E-1,4.605443954E0,-5.024477482E0,6.867349150E0
5.576683704E0,8.897293806E-1,3.351796150E0,-4.950098038E0,6.043974387E0
5.586681620E0,8.956822157E-1,1.774934769E0,-4.846853733E0,5.238762370E0
5.596681620E0,9.019545317E-1,-1.536808014E-1,-4.815435886E0,4.901587757E0
5.606718079E0,2.473701000E0,-1.754011154E0,-5.471325397E0,6.255489859E0
5.616680891E0,3.416611910E0,-2.984987259E0,-5.367057800E0,7.027709108E0
5.626688704E0,4.318776131E0,-3.736193657E0,-5.229197979E0,7.743092523E0
5.636699589E0,4.440309525E0,-3.768177032E0,-5.100057125E0,7.741194320E0
5.646709381E0,5.130029202E0,-3.640368938E0,-4.997276306E0,8.033819521E0
5.656693079E0,5.072753429E0,-2.385224342E0,-4.885670662E0,7.435852361E0
5.666682402E0,4.867499828E0,-1.246666908E0,-4.713364601E0,6.889306121E0
5.676687089E0,3.631707191E0,-1.880655289E-1,-4.404799461E0,5.711998255E0
5.686687089E0,2.536315203E0,-1.599454880E-1,-3.269523144E0,4.141045635E0
5.696686568E0,2.732962072E-1,1.029265404E0,-1.635329962E0,1.951507666E0
5.706680058E0,9.687222540E-3,1.049088478E0,-7.751183510E-1,1.304411337E0
5.716684485E0,-5.027502030E-2,9.535875320E-1,-5.244202614E-1,1.089437180E0
5.726685006E0,-1.652690291E0,-1.010570526E-1,-3.453726768E-1,1.691413614E0
5.736685006E0,-1.789667130E0,-6.166076660E-2,-2.559124231E-1,1.808922788E0
5.746681100E0,-1.879509807E0,-2.565956116E-2,-2.577317953E-1,1.897272043E0
5.756682402E0,-1.894602299E0,-1.631889343E0,-8.239437342E-1,2.632767361E0
5.766682923E0,-1.845163822E0,-1.614438057E0,-8.227595091E-1,2.586111556E0
5.776682141E0,-1.759198070E0,-1.553596497E0,-7.921203375E-1,2.477073788E0
5.786701152E0,-1.677150965E0,-1.469585419E0,-7.459056377E-1,2.351359582E0
5.796681256E0,-1.582437634E0,-1.366581917E0,-6.767477989E-1,2.197644782E0
5.806687402E0,-1.504163265E0,-1.265276909E0,-5.680271387E-1,2.045993063E0
5.816693339E0,-1.451711535E0,-1.176028252E0,-4.189176559E-1,1.914680348E0
5.826670058E0,-1.416458488E0,-1.119059563E0,4.250297546E-1,1.854534778E0
5.836684225E0,-1.380705714E0,-1.092743874E0,5.331358910E-1,1.839747624E0
5.846684225E0,-1.346147180E0,-1.088319778E0,6.392428875E-1,1.845313967E0
5.856690214E0,-1.307243586E0,-1.107898712E0,7.240135670E-1,1.860247562E0
5.866682923E0,-1.259069681E0,-1.119050980E0,7.656525373E-1,1.850339257E0
5.876681881E0,-1.133397579E0,-1.143515587E0,7.808345556E-1,1.789391118E0
5.886683964E0,-1.040651798E0,-1.131896973E0,7.885897160E-1,1.728010608E0
5.896682402E0,-9.603252411E-1,-1.082615852E0,7.875422239E-1,1.647575311E0
5.906683443E0,-8.961855173E-1,-9.808282852E-1,7.889554501E-1,1.545193615E0
5.916684485E0,-8.419420123E-1,7.930755615E-2,8.036332130E-1,1.166611496E0
5.926683183E0,-8.106830120E-1,9.993076324E-2,8.157578707E-1,1.154406344E0
5.936659173E0,-8.165987730E-1,1.204566956E-1,8.502559662E-1,1.185022607E0
5.946681100E0,-8.742343187E-1,4.115104675E-2,8.553940058E-1,1.223796534E0
5.956681360E0,-1.551277518E0,1.207322121E0,8.398661613E-1,2.137630420E0
5.966687089E0,-1.616697907E0,1.306882858E0,7.912306786E-1,2.224342805E0
5.976684120E0,-1.697057962E0,1.968341827E0,7.074081898E-1,2.693473895E0
5.986678548E0,-2.377766609E0,2.022519112E0,6.086232662E-1,3.180374174E0
5.996702298E0,-2.385321140E0,2.093650818E0,-3.331375122E-2,3.173994407E0
6.006680110E0,-2.398961067E0,2.174670219E0,-8.364725113E-2,3.239012446E0
6.016683495E0,-2.419054508E0,2.258039474E0,-1.491634846E-1,3.312524223E0
6.026684485E0,-2.401869297E0,2.312043190E0,-2.132313251E-1,3.340656736E0
6.036684745E0,-2.370888472E0,2.314026833E0,-2.787892818E-1,3.324688826E0
6.046681100E0,-2.331270933E0,2.252301216E0,-3.401806355E-1,3.259356961E0
6.056685266E0,-2.260074377E0,2.132388115E0,-3.532083035E-1,3.127262600E0
6.066693339E0,-2.223867178E0,1.080976486E0,-2.891626358E-1,2.489520118E0
6.076681360E0,-2.137198687E0,8.828449249E-2,-2.150499821E-1,2.149804380E0
6.086682923E0,-1.996275783E0,1.840209961E-2,-1.229631901E-1,2.000143891E0
6.096690735E0,-1.227765322E0,4.832363129E-2,5.576364994E-1,1.349333659E0
6.106692558E0,-4.875497818E-1,7.799148560E-2,6.806256771E-1,8.408559769E-1
6.116691777E0,1.267037153E0,1.073770523E-1,2.131216526E0,2.481732633E0
6.126692298E0,1.359520197E0,1.381187439E-1,2.183588505E0,2.575932979E0
6.136694902E0,2.952051640E0,2.338666916E0,2.036148548E0,4.281340063E0
6.146694902E0,4.337564945E0,3.822774887E0,2.085590124E0,6.146361823E0
6.156701152E0,5.491692543E0,5.180809975E0,2.110847712E0,7.839333967E0
6.166701725E0,6.223671436E0,6.337527275E0,2.133089781E0,9.135010133E0
6.176761464E0,6.226795197E0,7.122323990E0,2.109646559E0,9.692836842E0
6.186682193E0,6.162193298E0,7.153862953E0,1.888851762E0,9.629026035E0
6.196679068E0,5.939029694E0,7.086798668E0,1.863744974E0,9.432302709E0
6.206687662E0,4.839866638E0,6.882664680E0,1.835060596E0,8.611784343E0
6.216694381E0,3.657650471E0,5.414570808E0,1.802092671E0,6.778165091E0
6.226696464E0,2.248719215E0,4.288619995E0,1.773238182E0,5.156876305E0
6.236695683E0,3.437911868E-1,3.303834915E0,2.829820156E0,4.363645224E0
6.246695943E0,-1.570906401E0,2.354373932E0,2.811567068E0,3.989452708E0
6.256694120E0,-2.425202847E0,1.287085533E0,2.710942745E0,3.858420478E0
6.266693600E0,-2.661537170E0,1.138081551E0,2.548808813E0,3.856868690E0
6.276692037E0,-3.392121792E0,-2.812709808E-1,1.305289030E0,3.645460611E0
6.286693339E0,-3.449064732E0,-2.663316727E-1,1.297142982E0,3.694531093E0
6.296693079E0,-3.390309811E0,-2.509441376E-1,1.294064522E0,3.637550901E0
6.306689173E0,-3.247689009E0,-2.349414825E-1,1.294935346E0,3.504217309E0
6.316692818E0,-2.160469532E0,-1.674947739E0,1.297845602E0,3.026133132E0
6.326682662E0,-1.934728980E0,-1.797726631E0,-3.479059935E-1,2.663838555E0
6.336714798E0,1.176600233E-1,-2.570861816E0,-4.435307980E-1,2.611492663E0
6.346677975E0,2.269664705E-1,-2.650653362E0,-5.753337145E-1,2.721853396E0
6.356774693E0,3.362494409E-1,-2.757982254E0,-1.306602955E0,3.070299836E0
6.366680110E0,4.439809918E-1,-3.537760735E0,-1.392940640E0,3.827943804E0
6.376688652E0,3.511450291E-1,-3.626853943E0,-1.478074312E0,3.932184638E0
6.386685787E0,4.560237527E-1,-4.305290222E0,-1.563945055E0,4.603195162E0
6.396681100E0,4.937067032E-1,-4.383569717E0,-1.608449221E0,4.695374178E0
6.406686048E0,1.849292636E0,-4.483606815E0,-1.653344989E0,5.124076793E0
6.416677714E0,1.956484318E0,-5.210458755E0,-1.638105392E0,5.801732552E0
6.426683704E0,2.870164871E0,-5.337232113E0,-1.512146473E0,6.245837011E0
6.436682662E0,3.549720526E0,-5.390689850E0,-1.314643025E0,6.586982553E0
6.446686308E0,3.598232746E0,-5.423305988E0,-3.568968773E-1,6.518197766E0
6.456686568E0,3.569720030E0,-5.440542698E0,-1.128376722E-1,6.508082535E0
6.466681360E0,3.491895199E0,-5.432441711E0,1.552325964E0,6.641872547E0
6.476682662E0,3.324103832E0,-5.397753239E0,1.666709781E0,6.554641699E0
6.486681620E0,2.475776672E0,-5.314495087E0,3.339839458E0,6.747433272E0
6.496683704E0,2.224534035E0,-4.624828339E0,4.487427711E0,6.817227904E0
6.506682141E0,1.193928048E-1,-3.775468826E0,5.547923565E0,6.711771404E0
6.516796985E0,-1.230728477E-1,-2.404462814E0,6.318563938E0,6.761718612E0
6.526679277E0,-2.013768435E0,4.472351074E-2,6.416866779E0,6.725581221E0
6.536693912E0,-4.149089813E0,1.630975723E0,7.376953125E0,8.619423733E0
6.546674068E0,-6.254953384E0,3.516828537E0,8.064763069E0,1.079504183E1
6.556690995E0,-7.907364368E0,4.869190216E0,8.742411613E0,1.275402624E1
6.566682975E0,-9.051135063E0,5.659815788E0,8.662051201E0,1.374727943E1
6.576679798E0,-9.149768829E0,5.681591034E0,9.035086632E0,1.405814841E1
6.586683183E0,-1.009869480E1,5.614153862E0,8.666741371E0,1.444350256E1
6.596684225E0,-8.853529930E0,4.633249283E0,8.205138206E0,1.292966682E1
6.606681100E0,-5.888329983E0,1.263948441E0,5.944335938E0,8.461981174E0
6.616680058E0,-4.005397797E0,-1.708498001E-1,4.318402290E0,5.892452758E0
6.626685266E0,-2.417536020E0,-1.221084595E-1,2.521852493E0,3.495587345E0
6.636681100E0,-1.066887736E0,-6.370258331E-2,6.330337524E-1,1.242191287E0
6.646685787E0,1.352328062E-1,1.501083374E-3,-9.532334208E-1,9.627793723E-1
6.656694641E0,1.355185986E0,1.133738518E0,-2.418869972E0,2.995467246E0
6.666681620E0,1.571678996E0,2.238907814E0,-2.739789486E0,3.871605545E0
6.676681360E0,1.718968272E0,3.330720901E0,-3.661832571E0,5.239997273E0
6.686682402E0,3.559814453E0,4.188247681E0,-3.865836620E0,6.719999282E0
6.696682193E0,3.672131538E0,4.280394554E0,-5.030563831E0,7.557307724E0
6.706698235E0,3.740260124E0,4.270351410E0,-5.844200134E0,8.147399718E0
6.716680631E0,3.740722656E0,4.142852783E0,-5.902195454E0,8.123555031E0
6.726669954E0,3.686136007E0,3.169404984E0,-6.580019951E0,8.181038392E0
6.736682454E0,3.553246021E0,2.120372772E0,-6.579762459E0,7.772696572E0
6.746686568E0,2.789605141E0,9.486045837E-1,-7.541574001E0,8.096733040E0
6.756687089E0,2.575983524E0,-1.204538345E-1,-7.543071747E0,7.971708200E0
6.766683443E0,2.376731873E0,-1.348296165E0,-8.076737404E0,8.526455538E0
6.776685787E0,2.219845772E0,-2.165168762E0,-7.792159081E0,8.386501902E0
6.786686568E0,2.176560879E0,-2.271945000E0,-5.985327721E0,6.761900566E0
6.796686308E0,2.166922569E0,-2.149750710E0,-4.976156235E0,5.837731786E0
6.806684745E0,2.154168129E0,-1.627082825E-1,-3.876554966E0,4.437859024E0
6.816688652E0,2.121107578E0,-1.413326263E-1,-2.696323156E0,3.433544937E0
6.826670735E0,2.055655003E0,-1.154766083E-1,-1.519209385E0,2.558720284E0
6.836681620E0,1.966130495E0,-8.566474915E-2,-4.849921465E-1,2.026875663E0
6.846681360E0,1.842279673E0,-1.520681381E-1,-1.547486782E-1,1.855011122E0
6.856685006E0,1.678613186E0,-1.170101166E-1,1.136705756E0,2.030648559E0
6.866681620E0,4.911576211E-1,-8.399295807E-2,1.299788237E0,1.392027329E0
6.876701152E0,4.734638035E-1,-5.474948883E-2,1.422689080E0,1.500403179E0
6.886677298E0,4.570334554E-1,-3.021717072E-2,-2.583101988E-1,5.258486622E-1
6.896672298E0,2.418494672E-1,-1.321557999E0,-3.661378622E-1,1.392502654E0
6.906672402E0,2.278785110E-1,-1.381398201E0,-1.120680809E0,1.793353027E0
6.916682610E0,2.159216255E-1,-1.398372650E0,-1.147370696E0,1.821682665E0
6.926685787E0,2.077463567E-1,-1.368042946E0,-1.143162727E0,1.794859625E0
6.936656516E0,2.382511497E-1,-1.315410614E0,-1.101535559E0,1.732180499E0
6.946685006E0,-1.674246311E0,-1.253900528E0,-1.013278723E0,2.324242030E0
6.956682141E0,-1.797735214E0,-1.214048386E0,-8.699967861E-1,2.337233363E0
6.966687870E0,-2.650568008E0,-1.194087029E0,1.894881725E-1,2.913290299E0
6.976681620E0,-2.763862371E0,-1.173822403E0,3.230364323E-1,3.020123636E0
6.986683704E0,-3.372229576E0,-1.155237198E0,4.226261377E-1,3.589584676E0
6.996684225E0,-3.363172770E0,-1.123418808E0,4.729994535E-1,3.577251652E0
7.006680839E0,-3.259078979E0,-1.054453850E0,5.193927288E-1,3.464568880E0
7.016682923E0,-3.109357595E0,4.037570953E-2,5.633717775E-1,3.160240911E0
7.026683964E0,-2.346530914E0,6.611061096E-2,6.036167145E-1,2.423825712E0
7.036681360E0,-2.170356035E0,-8.147239685E-3,6.158089638E-1,2.256043523E0
7.046683183E0,-1.973327875E0,1.752090454E-2,6.092786789E-1,2.065320894E0
7.056694381E0,-1.222282529E0,4.341888428E-2,5.829783678E-1,1.354888762E0
7.066682975E0,-1.100184321E0,6.941795349E-2,5.588942766E-1,1.235955989E0
7.076675423E0,-9.881773591E-1,9.449100494E-2,5.321487188E-1,1.126323800E0
7.086691412E0,-8.933051229E-1,2.005195618E-2,4.738882780E-1,1.011417927E0
7.096679589E0,-8.269343376E-1,4.547023773E-2,3.685698509E-1,9.064941678E-1
7.106683183E0,-7.919864655E-1,7.057094574E-2,-3.960925341E-1,8.883198272E-1
7.116679589E0,-8.060123920E-1,1.619751930E0,-4.693917036E-1,1.869112320E0
7.126688131E0,-8.347527981E-1,1.706686974E0,-5.531400442E-1,1.978776533E0
7.136686568E0,-8.765021563E-1,1.797141075E0,-6.355544329E-1,2.098070902E0
7.146683704E0,-9.298286438E-1,1.886198044E0,-7.044354677E-1,2.217781255E0
7.156688912E0,-1.617199540E0,2.004737854E0,-7.950729132E-1,2.695635204E0
7.166678756E0,-1.632398844E0,2.012186050E0,-7.630150318E-1,2.701075827E0
7.176684225E0,-1.673800111E0,1.979908943E0,-6.816424131E-1,2.680724270E0
7.186682662E0,-1.727054715E0,1.903425217E0,-5.715383291E-1,2.632945424E0
7.196683183E0,-1.745418906E0,1.788559914E0,-4.559361935E-1,2.540336894E0
7.206679016E0,-1.727344275E0,1.023998260E-1,-3.381705284E-1,1.763111815E0
7.216681360E0,-1.657351732E0,1.303358078E-1,2.883936167E-1,1.687297563E0
7.226681620E0,-1.498552561E0,6.103992462E-2,3.588280678E-1,1.542122963E0
7.236680318E0,-5.670108795E-1,9.146022797E-2,4.414862394E-1,7.244145294E-1
7.246711360E0,-3.632003069E-1,1.214494705E-1,5.444648266E-1,6.656623650E-1
7.256693391E0,1.485743999E0,1.506443024E-1,6.485824585E-1,1.628124118E0
7.266781516E0,1.557635427E0,1.789350510E-1,7.379683256E-1,1.732871352E0
7.276680370E0,2.700819969E0,1.673153877E0,7.814594507E-1,3.271781056E0
7.286683756E0,3.601846218E0,3.267336845E0,7.875698805E-1,4.926363015E0
7.296687870E0,4.385896683E0,4.916522980E0,7.906763554E-1,6.635771019E0
7.306683704E0,4.532232285E0,6.357514381E0,8.238689899E-1,7.850979474E0
7.316684745E0,5.342144012E0,7.369797707E0,8.717362881E-1,9.143978622E0
7.326693079E0,5.262322903E0,7.473910332E0,9.251468182E-1,9.187343175E0
7.336692818E0,5.031082153E0,7.364595413E0,1.988312721E0,9.137966990E0
7.346692037E0,4.084967136E0,6.078782082E0,1.990041256E0,7.589388137E0
7.356693339E0,3.040141582E0,4.740103722E0,1.984513879E0,5.970706781E0
7.366694381E0,1.785577297E0,3.432417870E0,1.779305935E0,4.258604035E0
7.376694381E0,5.461285114E-1,2.436523438E0,1.773370862E0,3.062637267E0
7.386692558E0,-7.055220604E-1,1.670887947E0,1.734815717E0,2.509823396E0
7.396688652E0,-1.674472809E0,9.666719437E-1,1.698301196E0,2.573429771E0
7.406692558E0,-1.928144217E0,-1.453189850E-1,1.665402889E0,2.551945241E0
7.416692558E0,-2.936671734E0,-2.372961044E-1,1.434175730E0,3.276768276E0
7.426754277E0,-3.045238972E0,-2.264490128E-1,1.411352754E0,3.364026775E0
7.436676620E0,-3.059375286E0,-2.135219574E-1,1.396245241E0,3.369698731E0
7.446858600E0,-2.967496395E0,-1.991996765E-1,1.386228204E0,3.281363131E0
7.456694225E0,-2.780866146E0,-1.835899353E-1,1.379621267E0,3.109706840E0
7.466681204E0,-1.820087194E0,-1.827701569E0,1.177333474E0,2.835370263E0
7.476686048E0,-1.645270109E0,-1.920660973E0,1.527105570E-1,2.533608655E0
7.486692037E0,-9.323022962E-1,-2.630212784E0,3.156924248E-2,2.790735293E0
7.496694902E0,-7.839903235E-1,-2.745902061E0,-1.174610853E-1,2.858044098E0
7.506688912E0,-6.316923499E-1,-3.621940613E0,-9.298690557E-1,3.792379924E0
7.516692818E0,6.158360839E-1,-4.705019951E0,-1.114946723E0,4.874379244E0
7.526690214E0,7.256714702E-1,-4.810440540E0,-1.228662252E0,5.017623761E0
7.536694641E0,8.153897524E-1,-5.604377747E0,-1.304889083E0,5.811767880E0
7.546684745E0,9.026163816E-1,-5.686472893E0,-1.347196341E0,5.913174128E0
7.556680318E0,2.754179001E0,-6.288310051E0,-1.346411705E0,6.995796577E0
7.566682923E0,2.944048166E0,-6.309148312E0,-1.267128110E0,7.076608345E0
7.576682141E0,3.951804161E0,-6.332698345E0,-1.130834699E0,7.549742484E0
7.586688912E0,4.051261425E0,-6.325358391E0,-2.013522387E-1,7.514214572E0
7.596696725E0,4.124780655E0,-6.296724319E0,1.331889033E0,7.644375776E0
7.606791673E0,4.151802063E0,-6.214685440E0,1.215546727E0,7.572141661E0
7.616692818E0,4.043323994E0,-6.073401928E0,1.295639992E0,7.410355112E0
7.626863808E0,3.850937843E0,-5.056031227E0,3.213486910E0,7.121774509E0
7.636679850E0,2.811309814E0,-4.319514751E0,4.076259136E0,6.570963332E0
7.646686100E0,1.807006121E0,-3.323419571E0,4.789861202E0,6.103536606E0
7.656695943E0,3.315411806E-1,-1.910337448E0,4.887382984E0,5.257929360E0
7.666684225E0,-9.696315527E-1,6.566047668E-3,5.665553093E0,5.747931829E0
7.676682141E0,-2.617864370E0,2.094409943E0,5.637375832E0,6.558946039E0
7.686681360E0,-4.170409203E0,3.954791069E0,6.554413319E0,8.717397505E0
7.696689433E0,-6.447340012E0,6.015267372E0,8.125691414E0,1.199076710E1
7.706692558E0,-6.617403507E0,6.043723106E0,8.035045624E0,1.203655168E1
7.716685266E0,-6.673870087E0,5.970049858E0,7.866160870E0,1.191883065E1
7.726686048E0,-6.585947514E0,5.012826920E0,7.620589733E0,1.125062337E1
7.736681620E0,-6.325472832E0,3.545219421E0,7.237755299E0,1.024525691E1
7.746690995E0,-5.299812794E0,1.786135674E0,5.805033684E0,8.060813381E0
7.756680839E0,-4.338812351E0,-1.137199402E-1,4.234689713E0,6.063894937E0
7.766681100E0,-3.401745081E0,-5.494403839E-2,2.425750732E0,4.178415377E0
7.776681100E0,-2.369073391E0,9.512901306E-3,6.262305975E-1,2.450461995E0
7.786799850E0,-1.278406858E0,7.762432098E-2,-1.226059675E0,1.773012114E0
7.796688235E0,-1.478101015E-1,1.685131073E0,-1.552434087E0,2.295989145E0
7.806707870E0,1.710951686E0,2.941644669E0,-1.665975809E0,3.788945028E0
7.816680735E0,1.874273658E0,3.919319153E0,-3.084654331E0,5.328138203E0
7.826693235E0,2.001943111E0,4.065296173E0,-3.267215967E0,5.586511378E0
7.836682141E0,2.094300270E0,4.124575615E0,-4.373348713E0,6.365877519E0
7.846693339E0,3.060133934E0,4.047252655E0,-5.047639370E0,7.157048062E0
7.856689433E0,3.019076824E0,3.157246590E0,-5.054712772E0,6.680804750E0
7.866686568E0,2.981627941E0,2.026216507E0,-5.083903790E0,6.232313876E0
7.876681881E0,2.960170031E0,1.289587021E-1,-6.885094166E0,7.495582608E0
7.886681360E0,3.000233173E0,-1.826224327E0,-7.449403763E0,8.235903764E0
7.896687870E0,3.925842047E0,-2.018897057E0,-7.402601242E0,8.618972459E0
7.906680839E0,3.992055416E0,-2.899330616E0,-7.287875175E0,8.800894786E0
7.916684485E0,4.902467251E0,-2.897179604E0,-7.075452805E0,9.082393252E0
7.926683443E0,4.921655655E0,-2.770663261E0,-6.813857555E0,8.850306440E0
7.936649693E0,4.905437469E0,-1.526063919E0,-5.879239559E0,7.807537745E0
7.946686568E0,4.805903435E0,-7.923030853E-2,-4.968347073E0,6.912847308E0
7.956682923E0,4.571341991E0,-7.419586182E-2,-3.939979553E0,6.035404834E0
7.966679954E0,3.411809921E0,-6.394481659E-2,-2.914742708E0,4.487790206E0
7.976701673E0,2.429132938E0,-4.827499390E-2,-1.895283699E0,3.081414871E0
7.986687923E0,6.684365273E-1,-1.274404526E-1,-1.538326025E0,1.682110406E0
7.996674068E0,6.060125828E-1,-1.022148132E-1,-6.607312560E-1,9.023662844E-1
8.006683235E0,5.461823344E-1,-7.523632050E-2,-5.371782184E-1,7.697636551E-1
8.016682193E0,-6.201638579E-1,-4.846286774E-2,-5.032526255E-1,8.001344045E-1
8.026684485E0,-7.928245068E-1,-2.312183380E-2,-1.077899814E0,1.338272516E0
8.036683964E0,-9.471871853E-1,-9.973144531E-2,-1.117317200E0,1.468164722E0
8.046694902E0,-1.033944368E0,-7.458209991E-2,-1.149550796E0,1.547924571E0
8.056688391E0,-9.989534020E-1,-2.775859833E-2,-1.119472504E0,1.500632242E0
8.066683443E0,-9.852992296E-1,-8.802413940E-4,-1.021585941E0,1.419314335E0
8.076685266E0,-9.592027664E-1,-7.271194458E-2,-8.964388371E-1,1.314899069E0
8.086688912E0,-9.447839856E-1,-4.425716400E-2,-7.375792265E-1,1.199415938E0
8.096690214E0,-9.312684536E-1,-1.555633545E-2,7.205247879E-2,9.341811880E-1
8.106680318E0,-9.251888990E-1,1.265811920E-2,1.824613810E-1,9.430943126E-1
8.116680579E0,-9.114599228E-1,4.094314575E-2,2.734014988E-1,9.524620263E-1
8.126681360E0,-8.855588436E-1,-3.057956696E-2,3.268253803E-1,9.444386717E-1
8.136682402E0,-8.445594311E-1,-2.119064331E-3,3.233412504E-1,9.043421295E-1
8.146719381E0,-7.757341266E-1,2.610588074E-2,2.884769440E-1,8.280482470E-1
8.156680110E0,-6.628720760E-1,4.939651489E-2,2.039357424E-1,6.952907247E-1
8.166686360E0,-5.219253898E-1,7.265853882E-2,1.308625937E-1,5.429644502E-1
8.176684120E0,6.014595628E-1,-3.939628601E-3,7.229924202E-2,6.058022010E-1
8.186680110E0,6.710976958E-1,1.935672760E-2,3.636646271E-2,6.723610041E-1
8.196699589E0,7.393359542E-1,4.252624512E-2,1.513409615E-2,7.407126133E-1
8.206687870E0,8.060292006E-1,6.558513641E-2,6.925106049E-3,8.087227209E-1
8.216683964E0,8.715921044E-1,8.849143982E-2,9.692430496E-3,8.761264033E-1
8.226683964E0,6.916032434E-1,8.279800415E-3,1.478576660E-2,6.918108269E-1
8.236687870E0,-3.697047830E-1,1.097837448E0,-5.561828613E-3,1.158429809E0
8.246691256E0,-5.250148177E-1,1.153709412E0,-3.369295597E-2,1.267998888E0
8.256686829E0,-1.606479049E0,1.207304001E0,-8.560800552E-2,2.011389225E0
8.266679277E0,-1.768399000E0,1.278407097E0,-1.340203285E-1,2.186211604E0
8.276683964E0,-2.723933935E0,1.340233803E0,-1.847316027E-1,3.041408965E0
8.286681360E0,-2.813615322E0,1.393908501E0,-2.376501560E-1,3.148950569E0
8.296687870E0,-2.904350281E0,1.439406395E0,-2.923605442E-1,3.254629935E0
8.306681360E0,-2.939799786E0,1.476766586E0,-3.531706333E-1,3.308774974E0
8.316681100E0,-2.962737083E0,1.500077248E0,-4.043095112E-1,3.345371273E0
8.326699589E0,-2.910290956E0,1.533771515E0,-4.511287212E-1,3.320506834E0
8.336692141E0,-2.794232845E0,1.574395180E0,-4.744913578E-1,3.242159685E0
8.346687141E0,-2.593268394E0,1.580154419E0,-4.918643236E-1,3.076338646E0
8.356680006E0,-1.729453444E0,1.533250809E0,-5.036003590E-1,2.365476819E0
8.366694693E0,-1.491665959E0,1.440335274E0,-4.957156181E-1,2.131986634E0
8.376684745E0,-3.522723913E-1,6.308746338E-2,-4.362493753E-1,5.642600316E-1
8.386689173E0,-1.140687466E-1,9.781932831E-2,-3.270696402E-1,3.599372854E-1
8.396689173E0,1.485900402E0,1.323957443E-1,3.674837351E-1,1.536383069E0
8.406685006E0,1.574457765E0,1.634893417E-1,4.606151581E-1,1.648578885E0
8.416685266E0,2.740689278E0,1.987472534E0,6.061782837E-1,3.439313435E0
8.426683964E0,3.848942757E0,2.910279274E0,6.518132687E-1,4.869183333E0
8.436684225E0,3.955360889E0,3.876783371E0,6.973316669E-1,5.582168085E0
8.446693339E0,4.631024361E0,4.694799423E0,7.110315561E-1,6.632729011E0
8.456689173E0,4.648917675E0,4.812013626E0,7.241582870E-1,6.729956605E0
8.466681620E0,4.634010315E0,5.402198792E0,7.371373177E-1,7.155499620E0
8.476679277E0,4.570666313E0,5.340250969E0,7.820981741E-1,7.072548940E0
8.486677975E0,4.400195122E0,5.185339928E0,1.984395623E0,7.084299067E0
8.496688652E0,4.159574032E0,4.065976143E0,1.992538095E0,6.148530408E0
8.506694641E0,3.083182096E0,3.232992172E0,1.799788117E0,4.816377009E0
8.516681933E0,2.141251326E0,2.396556854E0,1.807855129E0,3.687381478E0
8.526674277E0,4.665872157E-1,2.213024139E0,1.816198826E0,2.900647798E0
8.536689120E0,3.782678246E-1,1.175094604E0,1.824110270E0,2.202569443E0
8.546698860E0,2.970272005E-1,1.033039093E0,1.795806170E0,2.092920143E0
8.556679068E0,2.281925082E-2,-1.884098053E-1,1.571423054E0,1.582842186E0
8.566690735E0,-1.813888311E0,-1.780595779E-1,1.548843026E0,2.391821636E0
8.576697506E0,-1.936241508E0,-1.655931473E-1,1.532538056E0,2.474899020E0
8.586689433E0,-1.997544527E0,-1.520929337E-1,1.520545483E0,2.515029813E0
8.596690995E0,-1.891051292E0,-2.178993225E-1,1.354145288E0,2.336078887E0
8.606693860E0,-1.773344636E0,-1.402407646E0,1.349658608E0,2.633073634E0
8.616691516E0,-1.097602129E0,-1.454200745E0,2.409260273E-1,1.837790954E0
8.626692818E0,8.024614304E-3,-1.533521652E0,1.511811018E-1,1.540976566E0
8.636691516E0,8.948314190E-2,-1.631822586E0,3.038692474E-2,1.634556683E0
8.646693860E0,-2.972742915E-2,-2.316700935E0,-6.648572683E-1,2.410398749E0
8.656740735E0,5.102936924E-2,-2.387900352E0,-7.617465258E-1,2.506976238E0
8.666692037E0,1.309180409E-1,-2.507970810E0,-8.429446220E-1,2.649077717E0
8.676692298E0,2.101202011E-1,-3.389652252E0,-9.082335234E-1,3.515505799E0
8.686696204E0,2.550793290E-1,-3.474363804E0,-9.405694008E-1,3.608453977E0
8.696699850E0,1.001767367E-1,-4.153315544E0,-9.460070133E-1,4.260867829E0
8.706702923E0,1.203777194E0,-4.235378265E0,-9.261834621E-1,4.499480458E0
8.716746360E0,1.848394632E0,-4.849178791E0,-8.415462971E-1,5.257308992E0
8.726681777E0,1.933567405E0,-4.913482189E0,-6.916570663E-1,5.325352536E0
8.736676725E0,2.027495623E0,-4.991648197E0,1.603937149E-1,5.390085006E0
8.746686829E0,2.103221416E0,-5.066793442E0,3.428803682E-1,5.496681095E0
8.756735787E0,2.153872728E0,-5.641536713E0,1.421466112E0,6.203762578E0
8.766696204E0,2.091940165E0,-5.624361038E0,1.505930424E0,6.186879438E0
8.776682662E0,1.972148299E0,-5.576316833E0,2.589554310E0,6.456815768E0
8.786682923E0,-1.040525436E-1,-4.657805920E0,3.851135731E0,6.044603323E0
8.796681620E0,-1.312240064E-1,-3.572470188E0,4.001476288E0,5.365778179E0
8.806687870E0,-1.591328532E-1,-1.915883064E0,4.864651203E0,5.230751620E0
8.816682402E0,-2.716642380E0,4.884243011E-2,4.930499077E0,5.629596127E0
8.826685318E0,-4.549411774E0,2.427328110E0,5.850475311E0,7.798533875E0
8.836682402E0,-6.138742924E0,4.155467033E0,6.685526848E0,9.982401524E0
8.846681620E0,-7.408898354E0,5.276947975E0,7.297620296E0,1.166161296E1
8.856709225E0,-8.273833275E0,5.410576820E0,7.264837265E0,1.226819135E1
8.866685787E0,-8.366078377E0,5.463129044E0,7.147168636E0,1.228491212E1
8.876710839E0,-8.390260696E0,5.347106934E0,6.976571560E0,1.215156689E1
8.886681985E0,-8.177411079E0,3.906696320E0,6.718850136E0,1.128163442E1
8.896797506E0,-7.035914421E0,2.097538948E0,6.344083786E0,9.703152089E0
8.906690527E0,-5.395802021E0,-1.452274323E-1,4.931679726E0,7.311445505E0
8.916683235E0,-3.887702942E0,-1.045303345E-1,3.484347582E0,5.221670119E0
8.926679798E0,-2.553734779E0,-5.494785309E-2,1.881609678E0,3.172544022E0
8.936650943E0,-1.237920880E0,-9.843349457E-2,-8.763656020E-1,1.519919053E0
8.946682141E0,-1.843464375E-2,2.148539543E0,-1.008710027E0,2.373617055E0
8.956719641E0,1.531121731E0,3.619670868E0,-2.198503971E0,4.503306636E0
8.966684485E0,1.724528193E0,4.811903954E0,-3.645029545E0,6.278109391E0
8.976680318E0,1.627838731E0,4.820788383E0,-4.552865505E0,6.827770052E0
8.986683443E0,1.685500145E0,4.662810326E0,-5.274523735E0,7.239013158E0
8.996684225E0,3.308823109E0,3.077540398E0,-5.259652138E0,6.934227129E0
9.006681620E0,3.347534180E0,1.497063637E0,-5.203298569E0,6.365650054E0
9.016682923E0,3.956306934E0,1.525688171E-2,-5.159025192E0,6.501395101E0
9.026682402E0,3.953059196E0,-2.139669418E0,-6.114333153E0,7.588803076E0
9.036681360E0,4.021993160E0,-3.307977676E0,-6.886825085E0,8.634089705E0
9.046681360E0,4.969425201E0,-3.443136692E0,-7.404216290E0,9.558911861E0
9.056854954E0,4.958520412E0,-3.498006344E0,-7.242130280E0,9.448355627E0
9.066681933E0,4.915225029E0,-3.425021172E0,-7.003267765E0,9.216071099E0
9.076708756E0,4.798483372E0,-2.354312897E0,-6.701944351E0,8.572297823E0
9.086695527E0,4.597064972E0,-1.180294991E0,-5.643390179E0,7.373869766E0
9.096678287E0,3.712164402E0,-1.033601761E-1,-4.702797413E0,5.992257620E0
9.106685787E0,2.730767727E0,9.952392578E-1,-3.452397346E0,4.512941502E0
9.116684745E0,1.674424410E0,1.674511909E0,-2.091007710E0,3.159113876E0
9.126681100E0,3.101637363E-1,1.755308151E0,-8.554248214E-1,1.977134258E0
9.136684485E0,2.445493937E-1,1.771559715E0,7.767713070E-2,1.790045242E0
9.146689433E0,-1.095972300E0,-4.970264435E-2,2.765510082E-1,1.131417736E0
9.156682662E0,-1.246900558E0,-1.508235931E-2,3.172628880E-1,1.286718392E0
9.166682402E0,-1.354453921E0,-8.519458771E-2,-2.992179394E-1,1.389724763E0
9.176684485E0,-1.380488634E0,-6.088733673E-2,-4.032864571E-1,1.439477719E0
9.186687610E0,-1.298862934E0,-3.671932220E-2,-1.193745017E0,1.764488707E0
9.196685266E0,-1.186339736E0,-1.080851555E0,-1.198016286E0,2.002719420E0
9.206682402E0,8.924347162E-2,-1.092174530E0,-1.189168572E0,1.617074981E0
9.216682662E0,-6.348605454E-2,-1.062073708E0,-1.144217253E0,1.562454531E0
9.226682141E0,-1.653847098E-2,-3.257274628E-2,-1.073122859E0,1.073744465E0
9.236680423E0,2.960569784E-2,-8.669853210E-3,-9.594706297E-1,9.599664332E-1
9.246701412E0,7.507331669E-2,1.570415497E-2,-2.425715923E-1,2.544083347E-1
9.256677141E0,1.195822060E-1,4.016685486E-2,-1.221574545E-1,1.756010362E-1
9.266686777E0,-3.552373499E-2,-3.528881073E-2,-4.993438721E-3,5.032067508E-2
9.276699850E0,-1.403732538E0,-1.088047028E-2,7.026743889E-2,1.405532261E0
9.286688131E0,-1.420195699E0,1.335144043E-2,1.135123968E-1,1.424787404E0
9.296684745E0,-1.424264908E0,3.743934631E-2,1.338026524E-1,1.431025989E0
9.306683443E0,-1.388021350E0,6.134986877E-2,1.338011026E-1,1.395804359E0
9.316681881E0,-1.316286802E0,-1.596927643E-2,1.237924099E-1,1.322191561E0
9.326681360E0,8.389183134E-2,2.643871307E-2,1.307779551E-1,1.576062132E-1
9.336687870E0,1.264926493E-1,4.866409302E-2,1.716367006E-1,2.186955447E-1
9.346684485E0,1.690167040E-1,7.070255280E-2,2.177776098E-1,2.845919615E-1
9.356685527E0,1.197347790E-2,-7.324218750E-3,2.530956268E-1,2.534845255E-1
9.366684225E0,5.488535017E-2,1.451206207E-2,2.650324106E-1,2.710446094E-1
9.376682141E0,9.773828834E-2,3.619289398E-2,2.613016367E-1,2.813205359E-1
9.386684745E0,1.405189037E-1,5.761241913E-2,2.237175703E-1,2.703965688E-1
9.396680058E0,-1.119221926E0,1.352876663E0,1.572660208E-1,1.762857222E0
9.406682662E0,-1.207142830E0,1.419435501E0,7.578730583E-2,1.864868539E0
9.416683443E0,-1.317605972E0,1.501745224E0,-5.295996666E-1,2.066833332E0
9.426700214E0,-2.054341555E0,1.578143120E0,-5.562739372E-1,2.649584047E0
9.436686881E0,-2.089837074E0,2.234152794E0,-5.738623142E-1,3.112583438E0
9.446677923E0,-2.129755259E0,2.289848328E0,-5.885586739E-1,3.182084873E0
9.456680579E0,-2.186366081E0,2.370605469E0,-6.132060289E-1,3.282680089E0
9.466686048E0,-2.229445934E0,2.461041451E0,-6.377115250E-1,3.381394710E0
9.476686308E0,-2.926314354E0,2.535291672E0,-6.363937855E-1,3.923775810E0
9.486682923E0,-2.936899662E0,2.604397774E0,-5.829050541E-1,3.968380739E0
9.496682141E0,-2.937998056E0,2.655363083E0,-4.981462955E-1,3.991357590E0
9.506682141E0,-2.932250738E0,2.596253395E0,-3.346478939E-1,3.930727070E0
9.516681881E0,-2.798581123E0,1.891641617E0,-2.501213551E-1,3.387170649E0
9.526687350E0,-2.574514866E0,1.122996330E0,-1.408081055E-1,2.812307678E0
9.536682662E0,-1.288259983E0,6.383991241E-2,5.264910460E-1,1.393155461E0
9.546684745E0,-3.400812149E-1,-5.665779114E-3,5.728220940E-1,6.661925286E-1
9.556682923E0,8.749281764E-1,2.450752258E-2,6.019409895E-1,1.062277218E0
9.566683183E0,9.948902726E-1,5.426311493E-2,6.157755852E-1,1.171294460E0
9.576682662E0,2.411485672E0,8.353710175E-2,6.356074810E-1,2.495243167E0
9.586688652E0,2.631813526E0,1.130447388E-1,6.776397228E-1,2.720003151E0
9.596706100E0,3.607075453E0,1.270512581E0,6.826312542E-1,3.884736924E0
9.606683339E0,3.712027550E0,2.576214790E0,6.555639505E-1,4.565719578E0
9.616670475E0,4.435942173E0,3.786121368E0,6.305820942E-1,5.865997934E0
9.626684641E0,4.481686115E0,4.753533363E0,6.365655661E-1,6.564054052E0
9.636693391E0,4.497971058E0,4.882844925E0,6.799805164E-1,6.673551656E0
9.646687610E0,5.008573055E0,5.523633957E0,7.543697357E-1,7.494358534E0
9.656698287E0,4.870662689E0,5.445183754E0,1.986517906E0,7.570973157E0
9.666683704E0,4.703035831E0,4.667661667E0,2.001452446E0,6.921807810E0
9.676684225E0,4.444490910E0,3.797472954E0,2.009393692E0,6.181582588E0
9.686681620E0,2.386930227E0,2.027576447E0,1.856960535E0,3.640989506E0
9.696681360E0,1.296550930E-1,1.857583046E0,1.862653852E0,2.633800407E0
9.706687870E0,4.608823732E-2,8.622789383E-1,1.828271985E0,2.021936583E0
9.716679798E0,-1.107848644E0,-1.309547424E-1,1.796020389E0,2.114276945E0
9.726682923E0,-1.969129682E0,-1.204471588E-1,1.767156720E0,2.648550942E0
9.736682402E0,-2.210983515E0,-2.080183029E-1,1.540475011E0,2.702736202E0
9.746682923E0,-3.046504974E0,-1.937541962E-1,1.520695806E0,3.410461696E0
9.756682923E0,-3.110513210E0,-1.791381836E-1,1.506640434E0,3.460830582E0
9.766681881E0,-3.049888134E0,-1.665763855E-1,1.495792389E0,3.401023404E0
9.776701412E0,-2.920682430E0,-1.529684067E-1,1.490172386E0,3.282437956E0
9.786684589E0,-2.148538113E0,-2.393550873E-1,1.288647175E0,2.516767455E0
9.796696360E0,-1.957684517E0,-2.255115509E-1,1.289426088E0,2.354995491E0
9.806688027E0,-1.206818581E0,-1.688901901E0,2.553014755E-1,2.091406121E0
9.816685579E0,-1.045505643E0,-1.815383911E0,9.988117218E-2,2.097302325E0
9.826709850E0,1.221291944E-1,-2.776626110E0,-7.970731258E-1,2.891348070E0
9.836694641E0,3.530555964E-2,-2.929228783E0,-9.176285267E-1,3.069799644E0
9.846692558E0,1.463899612E-1,-4.018726826E0,-1.053782582E0,4.157168875E0
9.856696985E0,2.306371480E-1,-4.162800789E0,-1.691184282E0,4.499134159E0
9.866691777E0,1.682995796E0,-5.291244507E0,-1.688117862E0,5.803402898E0
9.876689954E0,1.784565449E0,-6.055536270E0,-1.605544686E0,6.513982430E0
9.886690735E0,2.412463188E0,-6.098485947E0,-1.433623552E0,6.713180019E0
9.896694120E0,2.469031811E0,-6.147430897E0,-3.533664942E-1,6.634145958E0
9.906693860E0,2.512849092E0,-6.172118664E0,1.364281654E0,6.802258727E0
9.916689954E0,2.519769907E0,-6.175934792E0,1.453317046E0,6.826678649E0
9.926693339E0,2.439034462E0,-6.132975101E0,1.345696449E0,6.735961077E0
9.936659745E0,2.308439016E0,-6.018715382E0,2.630280495E0,6.962198002E0
9.946690995E0,1.588269234E0,-5.138993263E0,3.437813044E0,6.383604737E0
9.956692037E0,1.363575459E0,-4.190070629E0,4.297097206E0,6.154760296E0
9.966697818E0,-1.351746917E-2,-2.797939301E0,5.185095310E0,5.891846945E0
9.976701204E0,-2.574911416E-1,-2.183818817E-2,5.839553356E0,5.845268342E0
9.986681048E0,-2.708753347E0,1.902444839E0,5.910946846E0,6.774653768E0
9.996688443E0,-4.287515640E0,4.362326622E0,6.908305645E0,9.226991428E0
1.000668943E1,-5.582155228E0,6.065365791E0,7.653036118E0,1.124802565E1
1.001668167E1,-6.545018196E0,7.034398079E0,8.207237244E0,1.263640624E1
1.002668553E1,-6.725360394E0,7.080587387E0,8.080696106E0,1.267528460E1
1.003668214E1,-7.345139980E0,6.978179932E0,7.839146614E0,1.281008572E1
1.004668162E1,-7.119139194E0,5.773966789E0,7.431652546E0,1.180043622E1
1.005669777E1,-5.361186504E0,1.548383713E0,5.330540657E0,7.717154693E0
1.006668188E1,-4.168154240E0,-2.096958160E-1,3.769698858E0,5.623887586E0
1.007668162E1,-3.190024376E0,-1.326312065E0,1.935967922E0,3.960218556E0
1.008668657E1,-2.270568609E0,-1.315094948E0,-8.486194015E-1,2.757736648E0
1.009668527E1,-1.370048404E0,-1.128891945E0,-1.010951400E0,2.042902931E0
1.010668657E1,-1.049675345E0,4.776954651E-3,-3.349484921E0,3.510112588E0
1.011668188E1,-9.870076180E-2,1.751838684E0,-4.199312210E0,4.551143115E0
1.012668344E1,1.005343199E-1,3.038335800E0,-4.421241760E0,5.365535415E0
1.013668084E1,3.094696999E-1,4.036756516E0,-4.579965591E0,6.112876531E0
1.014669704E1,1.569240451E0,4.167381287E0,-5.197190285E0,6.844002428E0
1.015669907E1,1.641288042E0,4.174272537E0,-5.119631767E0,6.806541492E0
1.016676568E1,1.506611228E0,4.036225319E0,-4.989418030E0,6.592062234E0
1.017667855E1,1.542297006E0,2.836514473E0,-4.760966778E0,5.752503722E0
1.018668740E1,1.575620413E0,1.656391144E0,-4.581112862E0,5.119844368E0
1.019668553E1,3.282367229E0,-2.841377258E-2,-4.523100376E0,5.588665224E0
1.020668969E1,3.349573135E0,-2.932929993E-2,-5.303115368E0,6.272442347E0
1.021668344E1,4.182295799E0,-1.635220528E0,-5.890558243E0,7.407038594E0
1.022668344E1,4.248726845E0,-1.792428970E0,-5.864186287E0,7.460104706E0
1.023668396E1,5.017024040E0,-1.868492126E0,-6.557993412E0,8.465758716E0
1.024668292E1,4.917736053E0,-1.764452934E0,-6.359642982E0,8.230582052E0
1.025668891E1,4.737823486E0,-1.640262604E-1,-6.065193176E0,7.698080557E0
1.026668084E1,4.453279972E0,-1.540184021E-1,-4.723154068E0,6.493351102E0
1.027668448E1,3.298629522E0,-1.383094788E-1,-3.630827665E0,4.907442896E0
1.028668370E1,3.018475056E0,-1.172037125E-1,-2.505028009E0,3.924295313E0
1.029668266E1,1.855029106E0,-9.130001068E-2,-1.504000425E0,2.389871535E0
1.030668631E1,1.586982131E0,-1.609401703E-1,-1.220074058E0,2.008231742E0
1.031668136E1,2.661908865E-1,-1.268453598E-1,-9.862504005E-1,1.029386801E0
1.032670516E1,1.933916509E-1,-8.950233459E-2,-8.117741346E-1,8.392784069E-1
1.033668100E1,1.247152314E-1,-1.102100372E0,-7.382582426E-1,1.332367949E0
1.034669204E1,7.419088483E-2,-1.118446350E0,-7.332197428E-1,1.339416932E0
1.035671298E1,-1.679123938E-1,-1.115364075E0,-7.666918039E-1,1.363835735E0
1.036668115E1,-1.674234569E-1,-1.077182770E0,-7.772200108E-1,1.338814505E0
1.037668422E1,-1.638900161E0,-3.021049500E-2,-7.675139904E-1,1.809967993E0
1.038668266E1,-1.700038791E0,-3.643989563E-3,-7.113803625E-1,1.842880134E0
1.039668318E1,-1.783897161E0,2.282142639E-2,-5.996348858E-1,1.882118991E0
1.040668865E1,-2.418604851E0,-5.063915253E-2,-4.497431517E-1,2.460585835E0
1.041668683E1,-2.493426323E0,-4.776954651E-3,3.887370825E-1,2.523551895E0
1.042668136E1,-2.498462677E0,2.076435089E-2,4.644966125E-1,2.541358694E0
1.043668474E1,-2.413039446E0,4.592800140E-2,5.182635784E-1,2.468494660E0
1.044668396E1,-2.295186758E0,-9.939470291E-1,5.579549074E-1,2.562640558E0
1.045669152E1,-2.137991190E0,-1.062651634E0,5.898684263E-1,2.459304695E0
1.046668214E1,-1.931362629E0,-1.096863747E0,5.920381546E-1,2.298647615E0
1.047668240E1,-1.002118111E0,-1.081933975E0,5.958789587E-1,1.590563915E0
1.048668188E1,-8.356581926E-1,-1.019136429E0,6.114590168E-1,1.452875013E0
1.049668110E1,-6.633298993E-1,-2.233505249E-3,6.282008886E-1,9.135906635E-1
1.050680589E1,-4.910093546E-1,2.041149139E-2,6.365557909E-1,8.041828711E-1
1.051668417E1,6.385739446E-1,4.340076447E-2,6.376951933E-1,9.035017812E-1
1.052669501E1,7.429614067E-1,6.632614136E-2,6.324944496E-1,9.779775241E-1
1.053667907E1,8.121208549E-1,8.696842194E-2,5.975722075E-1,1.012025856E0
1.054668037E1,6.773732305E-1,1.541845322E0,5.414081812E-1,1.768967017E0
1.055669074E1,7.379970551E-1,1.633156776E0,4.817067385E-1,1.855769946E0
1.056669048E1,7.940319777E-1,1.746378899E0,4.140756130E-1,1.962596406E0
1.057668006E1,8.112596869E-1,2.552791595E0,3.397138119E-1,2.700054200E0
1.058668344E1,-2.488197684E-1,2.608058929E0,2.689770460E-1,2.633672589E0
1.059669438E1,-1.029943705E0,2.706497192E0,-4.431911707E-1,2.929561315E0
1.060669178E1,-1.141830683E0,2.708792686E0,-4.937264919E-1,2.980788650E0
1.061668396E1,-1.877444744E0,2.665850639E0,-5.473653078E-1,3.306231568E0
1.062669021E1,-1.958736420E0,2.592522621E0,-5.973095894E-1,3.303725268E0
1.063668136E1,-2.035542011E0,2.522953987E0,-6.347253323E-1,3.303271764E0
1.064668006E1,-2.044189930E0,2.424816132E0,-6.561452150E-1,3.238668289E0
1.065669230E1,-1.980208158E0,1.680000305E0,-6.678202152E-1,2.681344666E0
1.066668214E1,-1.874285817E0,1.601719856E0,-6.163879633E-1,2.541335858E0
1.067668110E1,-1.730844736E0,3.762245178E-3,-5.052044392E-1,1.803072151E0
1.068667912E1,-8.291949034E-1,-6.729030609E-2,2.414181232E-1,8.662418157E-1
1.069670058E1,-9.978836775E-2,-3.844738007E-2,3.582745790E-1,3.738938263E-1
1.070668558E1,1.016881108E0,-9.716987610E-3,4.760133028E-1,1.122822458E0
1.071667063E1,1.110505223E0,1.893615723E-2,1.885605693E0,2.188398789E0
1.072667751E1,2.365766525E0,4.839801788E-2,1.938317657E0,3.058801883E0
1.073667100E1,3.142352343E0,-2.200698853E-2,1.790955067E0,3.616957645E0
1.074668344E1,3.316610813E0,1.674842834E0,1.817326427E0,4.136143270E0
1.075669230E1,4.398424149E0,2.455957413E0,1.840669274E0,5.363387473E0
1.076668475E1,4.448955059E0,3.200027466E0,1.816581368E0,5.773503682E0
1.077668474E1,4.424313545E0,3.951078415E0,1.633955717E0,6.152672775E0
1.078668266E1,4.243400574E0,3.939450264E0,1.613708019E0,6.010804471E0
1.079668657E1,3.991353989E0,3.839255333E0,1.595293880E0,5.763310744E0
1.080668995E1,2.798768520E0,3.101620674E0,1.574032307E0,4.464385035E0
1.081668683E1,2.501598358E0,2.921412468E0,1.551616311E0,4.147307359E0
1.082668407E1,2.986814976E-1,1.827772141E0,1.330897093E0,2.280624631E0
1.083668344E1,2.163465917E-1,1.658013344E0,1.314243078E0,2.126746098E0
1.084668475E1,1.403380036E-1,-1.978378296E-1,1.299988747E0,1.322424026E0
1.085668891E1,7.055184245E-2,-1.845464706E-1,1.287891746E0,1.302958215E0
1.086668339E1,6.432689726E-3,-1.696033478E-1,1.278057218E0,1.289277676E0
1.087668943E1,-2.156201601E-1,-2.536745071E-1,1.069684982E0,1.120298518E0
1.088668844E1,-2.293015420E-1,-2.369041443E-1,1.065275192E0,1.115129592E0
1.089667850E1,-1.757673323E-1,-2.205448151E-1,1.066148996E0,1.102818141E0
1.090668480E1,-1.217172816E-1,-2.038879395E-1,1.068861127E0,1.094919859E0
1.091668350E1,-7.008302212E-2,-1.866369247E-1,1.076118588E0,1.094429618E0
1.092668188E1,-2.180645466E-1,-2.690191269E-1,8.843637109E-1,9.497487090E-1
1.093664667E1,-1.648549885E-1,-1.302493095E0,8.945946097E-1,1.588699137E0
1.094668579E1,-1.121579707E-1,-1.390381813E0,9.055404067E-1,1.663052743E0
1.095668605E1,-1.986176521E-2,-2.169859409E0,9.569191933E-1,2.371577258E0
1.096668110E1,-1.687266529E-1,-3.053199768E0,7.677781582E-1,3.152773510E0
1.097668474E1,-1.178924292E-1,-3.171454906E0,7.792462707E-1,3.267912116E0
1.098668136E1,-6.589445472E-2,-4.018451691E0,7.926783562E-1,4.096417343E0
1.099668527E1,-1.515068114E-2,-4.109585762E0,8.087511063E-1,4.188436824E0
1.100669360E1,3.538699821E-2,-4.774218559E0,8.250972629E-1,4.845121318E0
1.101669152E1,-1.159369349E-1,-4.849909782E0,6.420659423E-1,4.893599385E0
1.102669126E1,-6.619492173E-2,-4.943823814E0,6.610943675E-1,4.988268381E0
1.103669464E1,-1.752195321E-2,-5.559512138E0,6.820927262E-1,5.601226002E0
1.104673162E1,3.090810217E-2,-5.579552174E0,7.032552958E-1,5.623782160E0
1.105667974E1,7.823967934E-2,-5.605066299E0,7.263302803E-1,5.652472498E0
1.106668923E1,-7.592764497E-2,-5.625755310E0,5.486446619E-1,5.652954872E0
1.107668834E1,-2.923629619E-2,-5.617500782E0,5.738774538E-1,5.646813715E0
1.108668850E1,1.712480374E-2,-5.559668541E0,5.993154049E-1,5.591903656E0
1.109668136E1,6.311352551E-2,-5.409637451E0,1.995961905E0,5.766456849E0
1.110668865E1,1.070578620E-1,-4.026879311E0,2.797201872E0,4.904238644E0
1.111669204E1,-4.884238541E-2,-2.500959396E0,3.656205654E0,4.430013913E0
1.112669568E1,-1.128120780E0,-8.050441742E-2,4.463075161E0,4.604147842E0
1.113669386E1,-3.888142109E0,4.106353760E0,6.264092445E0,8.439113960E0
1.114669126E1,-5.000488281E0,5.503908157E0,6.985996246E0,1.020304031E1
1.115669490E1,-5.820726395E0,6.446446419E0,6.989965439E0,1.114886290E1
1.116669230E1,-5.927971840E0,6.552555084E0,6.912129879E0,1.121848331E1
1.117669204E1,-5.976521492E0,6.626268387E0,6.691465378E0,1.115356225E1
1.118669048E1,-5.887008190E0,6.645395279E0,6.331967354E0,1.090467581E1
1.119669360E1,-5.590248585E0,6.561658859E0,5.185325623E0,1.005951530E1
1.120669204E1,-3.711791515E0,5.631300926E0,4.084771633E0,7.885068527E0
1.121669152E1,-2.032923698E0,5.524244308E0,2.545246601E0,6.413137626E0
1.122669959E1,-4.807931781E-1,5.499277115E0,7.180353403E-1,5.566757190E0
1.123669021E1,1.016131759E0,5.505871773E0,-1.320624948E0,5.752494935E0
1.124668334E1,1.175920367E0,5.465822220E0,-2.626439095E0,6.177069173E0
1.125669912E1,1.125091314E0,4.571318626E0,-4.066619873E0,6.220947005E0
1.126668376E1,1.264361262E0,3.470855713E0,-5.303323269E0,6.463024561E0
1.127668292E1,1.341100931E0,2.000562668E0,-6.402834892E0,6.840840398E0
1.128668605E1,1.366354942E0,7.757186890E-3,-7.166671753E0,7.295763841E0
1.129668501E1,2.847886086E0,-1.120685577E0,-7.188711643E0,7.813063830E0
1.130668110E1,2.833844185E0,-2.734515190E0,-7.115445614E0,8.132515753E0
1.131668370E1,2.869023085E0,-4.065233231E0,-7.018239498E0,8.603086675E0
1.132668449E1,3.713377953E0,-4.759322643E0,-7.615722656E0,9.718001822E0
1.133667850E1,4.364465237E0,-4.644180775E0,-7.413875580E0,9.776631474E0
1.134668292E1,4.310987473E0,-3.300547123E0,-7.172591209E0,8.995792848E0
1.135668969E1,4.206271648E0,-2.047294617E0,-6.878225803E0,8.318300706E0
1.136668240E1,4.034739971E0,-1.468925476E-1,-5.962915421E0,7.201184928E0
1.137668370E1,3.159927368E0,-1.388645172E-1,-5.048026562E0,5.957096314E0
1.138668709E1,2.883677483E0,1.690031052E0,-3.893839121E0,5.131645338E0
1.139668240E1,1.508148789E0,1.818531036E0,-2.584384441E0,3.501515506E0
1.140668162E1,3.127034605E-1,1.876843452E0,-1.455743074E0,2.395728010E0
1.141671511E1,2.507370412E-1,1.820336342E0,-5.775034428E-1,1.926136986E0
1.142667839E1,1.912356317E-1,1.045017242E0,-2.768113017E-1,1.097841792E0
1.143669980E1,1.356370598E-1,-9.964752197E-2,-6.921005249E-2,1.819809660E-1
1.144667855E1,-1.159442812E-1,-1.650428772E-1,-1.153206825E-2,2.020277611E-1
1.145668381E1,-1.577272713E-1,-1.629648209E0,-6.524467468E-2,1.638562798E0
1.146668735E1,-1.483024508E-1,-1.690562248E0,-1.015890956E0,1.977884922E0
1.147668266E1,-1.010164097E-1,-1.664512634E0,-1.098549008E0,1.996901737E0
1.148668891E1,-5.479314923E-2,-1.576731682E0,-1.716911435E0,2.331709665E0
1.149668423E1,-2.072838843E-1,-1.105403900E-1,-1.666378736E0,1.682855870E0
1.150668449E1,-1.189563647E-1,-6.359863281E-2,-1.527598023E0,1.533542019E0
1.151668318E1,-1.996409655E0,-3.673744202E-2,-1.394086838E0,2.435257535E0
1.152668240E1,-2.145813465E0,-9.943008423E-3,-6.996116638E-1,2.257004823E0
1.153668448E1,-3.154004812E0,-8.302211761E-2,-5.603204966E-1,3.204465336E0
1.154668292E1,-3.225582600E0,-5.623149872E-2,1.059262753E-1,3.227811250E0
1.155668084E1,-3.276689529E0,-2.958679199E-2,1.891173124E-1,3.282275889E0
1.156668344E1,-3.271000147E0,-3.097534180E-3,2.453969717E-1,3.280193779E0
1.157668266E1,-3.214107275E0,2.322959900E-2,2.878597975E-1,3.227055694E0
1.158668318E1,-3.019544363E0,-5.051422119E-2,3.066861629E-1,3.035499341E0
1.159680745E1,-2.064316511E0,-2.444744110E-2,3.221174479E-1,2.089440113E0
1.160668376E1,-1.826768160E0,-2.396583557E-3,3.239949942E-1,1.855279065E0
1.161669199E1,-7.822777033E-1,1.987934113E-2,3.336528540E-1,8.506925533E-1
1.162667011E1,4.779536724E-1,4.255294800E-2,3.512510061E-1,5.946660707E-1
1.163668089E1,3.914094567E-1,-3.420162201E-2,3.660856485E-1,5.370193812E-1
1.164668396E1,5.018847585E-1,-1.061916351E-2,3.885483742E-1,6.347999027E-1
1.165669048E1,6.095001101E-1,1.320743561E-2,3.929785490E-1,7.253254170E-1
1.166668318E1,6.711708307E-1,3.443145752E-2,3.967905045E-1,7.804476368E-1
1.167668266E1,-5.691141486E-1,5.550098419E-2,3.748943806E-1,6.837521993E-1
1.168668318E1,-1.480443954E0,1.372273445E0,2.279933691E-1,2.031459989E0
1.169668370E1,-1.572939157E0,1.482196808E0,1.242324114E-1,2.164827629E0
1.170668396E1,-2.350176096E0,2.209257126E0,-5.146965981E-1,3.266352295E0
1.171668219E1,-2.415183306E0,2.251006126E0,-5.243232250E-1,3.342910981E0
1.172668188E1,-2.469357729E0,2.267318726E0,-5.180609226E-1,3.392174659E0
1.173668449E1,-2.502554893E0,2.235649109E0,-5.397601128E-1,3.398859943E0
1.174668292E1,-2.505240440E0,2.153931618E0,-5.835177898E-1,3.355017748E0
1.175668162E1,-2.454095125E0,2.026521683E0,-6.102238894E-1,3.240639784E0
1.176668475E1,-2.367484808E0,1.201424599E0,-6.138941050E-1,2.724935110E0
1.177668042E1,-2.213137627E0,1.139628410E0,-5.940667391E-1,2.559227688E0
1.178669787E1,-2.000052214E0,1.048112869E0,-5.753171444E-1,2.330180092E0
1.179668011E1,-8.604961634E-1,1.719474792E-2,-5.573996305E-1,1.025399266E0
1.180670308E1,-6.361997128E-1,4.935359955E-2,-5.157104731E-1,8.204530116E-1
1.181668214E1,1.427886844E0,8.130550385E-2,-4.193871021E-1,1.490421741E0
1.182667459E1,1.329102516E0,1.322460175E-2,3.075652122E-1,1.364289100E0
1.183668579E1,1.430359840E0,4.640960693E-2,4.089725018E-1,1.488402376E0
1.184668605E1,2.636080265E0,1.604280472E0,5.085417032E-1,3.127498946E0
1.185668631E1,3.321607590E0,2.322230339E0,6.026473045E-1,4.097439994E0
1.186668553E1,4.366111279E0,4.072301865E0,6.942740679E-1,6.010706003E0
1.187668370E1,4.401926994E0,4.861502647E0,7.125746012E-1,6.596888040E0
1.188668240E1,4.965533257E0,4.974726677E0,7.245656252E-1,7.066075387E0
1.189668449E1,4.919246197E0,5.041224480E0,7.541285753E-1,7.083899866E0
1.190668396E1,4.817965031E0,5.014573097E0,7.862868309E-1,6.998355333E0
1.191668683E1,4.646769524E0,4.899412155E0,8.345966339E-1,6.803914903E0
1.192668188E1,4.367429256E0,4.057518959E0,1.856647134E0,6.243799884E0
1.193664948E1,3.132476330E0,3.219046593E0,1.859414220E0,4.861284826E0
1.194668422E1,2.111560822E0,2.380167961E0,1.862797141E0,3.686990889E0
1.195671365E1,4.767169356E-1,1.601755142E0,1.866037726E0,2.504990094E0
1.196668042E1,1.951089054E-1,1.424326897E0,1.669387102E0,2.203095071E0
1.197668610E1,-1.012905598E0,-2.045793533E-1,1.671630383E0,1.965242631E0
1.198667959E1,-1.862992167E0,-1.964159012E-1,1.641158104E0,2.490525837E0
1.199668324E1,-2.082737684E0,-1.863908768E-1,1.612768888E0,2.640750141E0
1.200668501E1,-2.827452660E0,-1.744337082E-1,1.589851379E0,3.248467803E0
1.201668240E1,-2.884453297E0,-2.610101700E-1,1.373502135E0,3.205418108E0
1.202668214E1,-2.832654238E0,-2.472772598E-1,1.362492085E0,3.153008207E0
1.203668553E1,-2.721811533E0,-2.330703735E-1,1.353851199E0,3.048851077E0
1.204668422E1,-1.828641415E0,-1.981649399E-1,1.392603278E0,2.307063644E0
1.205668396E1,-1.084063768E0,-1.569515228E0,1.191302180E0,2.248949353E0
1.206668344E1,-9.309436679E-1,-1.675271034E0,-1.760826111E-1,1.924628337E0
1.207668110E1,1.761244386E-1,-2.534713745E0,-2.847148180E-1,2.556727618E0
1.208668188E1,2.817258835E-1,-2.677308083E0,-4.221364260E-1,2.724985726E0
1.209668448E1,3.855954409E-1,-3.658532619E0,-1.107773304E0,3.841966484E0
1.210668214E1,2.848962545E-1,-3.782893181E0,-1.179981470E0,3.972883457E0
1.211668553E1,3.584772050E-1,-4.670194149E0,-1.244421124E0,4.846421693E0
1.212668188E1,2.020484924E0,-4.776029587E0,-1.289715648E0,5.343798686E0
1.213670063E1,2.107306480E0,-5.518797398E0,-1.244206548E0,6.037045242E0
1.214668360E1,2.211778164E0,-5.592205048E0,-1.132958651E0,6.119502859E0
1.215667146E1,2.834711313E0,-5.683030128E0,-3.329440355E-1,6.359502449E0
1.216669396E1,2.803453922E0,-6.332767487E0,-1.465511322E-1,6.927104386E0
1.217668167E1,2.724763393E0,-6.348626137E0,1.217832208E0,7.015162483E0
1.218668448E1,2.547499418E0,-6.346809387E0,1.292662859E0,6.960080456E0
1.219668448E1,1.611101508E0,-6.317794323E0,2.620292902E0,7.026813507E0
1.220668370E1,1.406648278E0,-6.210774422E0,3.437111378E0,7.236443389E0
1.221668370E1,6.673514098E-2,-4.940178394E0,4.222817421E0,6.499384826E0
1.222668292E1,4.175940529E-2,-3.060459137E0,4.333000183E0,5.305001844E0
1.223669256E1,-3.780165195E0,2.399054527E0,6.033625126E0,7.513304445E0
1.224669829E1,-5.169053555E0,4.506072998E0,6.865521431E0,9.703565996E0
1.225669490E1,-6.251061916E0,5.876462936E0,7.470050335E0,1.137586233E1
1.226673136E1,-7.079031944E0,6.623066902E0,7.385324001E0,1.218690769E1
1.227669282E1,-7.179805756E0,6.656156540E0,7.224481583E0,1.216746336E1
1.228669568E1,-7.243850708E0,6.520709038E0,6.918704987E0,1.195246829E1
1.229668891E1,-7.092224598E0,4.855130196E0,6.534428120E0,1.079679072E1
1.230669178E1,-6.699475765E0,2.785804749E0,5.212984085E0,8.934141632E0
1.231669204E1,-4.765116215E0,8.623495102E-1,3.977120161E0,6.266375666E0
1.232670141E1,-3.395104408E0,-1.479549408E-1,2.453172207E0,4.191262159E0
1.233669818E1,-2.112628460E0,-9.882736206E-2,7.176899314E-1,2.233393090E0
1.234669678E1,-8.435330391E-1,-1.450319290E-1,-1.034909248E0,1.342988980E0
1.235668141E1,1.190693021E0,-8.837509155E-2,-2.307663918E0,2.598244173E0
1.236672646E1,1.373453379E0,-3.007507324E-2,-3.509085655E0,3.768416223E0
1.237668969E1,1.551449656E0,1.773458481E0,-4.749348640E0,5.301741556E0
1.238669256E1,1.679937959E0,2.531153679E0,-6.014132500E0,6.737857242E0
1.239669751E1,1.524102569E0,2.668314934E0,-7.220055580E0,7.846782513E0
1.240669204E1,3.145894527E0,2.726185799E0,-7.915000916E0,8.942929100E0
1.241669464E1,3.160994053E0,2.631978035E0,-7.726154804E0,8.752865807E0
1.242669074E1,3.128356457E0,1.863509178E0,-7.483109474E0,8.322031482E0
1.243669464E1,3.105032921E0,1.080921173E0,-7.183770180E0,7.900390751E0
1.244669620E1,3.087584734E0,-1.311550140E-1,-6.032671928E0,6.778164333E0
1.245669438E1,3.034921169E0,-1.374235153E-1,-5.626759052E0,6.394532755E0
1.246674360E1,3.025899410E0,-1.587213516E0,-4.248832703E0,5.452329165E0
1.247668162E1,3.596158266E0,-1.717523575E0,-3.905735254E0,5.580054604E0
1.248668370E1,3.512388229E0,-1.762663841E0,-3.616943121E0,5.340986092E0
1.249668501E1,3.404232979E0,-1.699149132E0,-3.357345343E0,5.074216954E0
1.250673230E1,3.256339788E0,-1.530897141E0,-3.069063663E0,4.729328350E0
1.251667855E1,3.049141884E0,-1.242361069E-1,-2.197723627E0,3.760676798E0
1.252671048E1,2.059917927E0,-9.689235687E-2,-2.024729729E0,2.890013922E0
1.253668037E1,1.839878082E0,-1.676721573E-1,-1.865673661E0,2.625643449E0
1.254668245E1,2.489969730E-1,-1.370153427E-1,-1.737696767E0,1.760784697E0
1.255668245E1,2.094014883E-1,-1.051511765E-1,-1.632095575E0,1.648830410E0
1.256673058E1,-9.769464135E-1,-7.253456116E-2,-1.562798738E0,1.844458038E0
1.257668501E1,-1.746245503E0,-4.272174835E-2,-1.532847881E0,2.323966681E0
1.258668475E1,-1.944425106E0,-1.120834351E-1,-1.499963641E0,2.458300757E0
1.259667928E1,-2.820691824E0,-1.071951866E0,-1.466176510E0,3.354855694E0
1.260668579E1,-2.787377357E0,-1.135164261E0,-1.336403608E0,3.293029766E0
1.261669360E1,-2.682506323E0,-1.169034004E0,-1.138765812E0,3.139947173E0
1.262668709E1,-1.857541084E0,-1.172742844E0,-1.440297365E-1,2.201483414E0
1.263667954E1,-1.671362877E0,-1.159309387E0,1.340258121E-2,2.034116946E0
1.264668292E1,-8.406108618E-1,-1.126137733E0,1.740726233E-1,1.416020513E0
1.265669594E1,2.747038603E-1,-1.090335846E0,9.054610729E-1,1.443660009E0
1.266672824E1,3.752160668E-1,-1.041163445E0,9.671592712E-1,1.469763747E0
1.267668214E1,2.739154696E-1,-9.914455414E-1,1.004984975E0,1.438050328E0
1.268681402E1,3.709143400E-1,-9.436540604E-1,9.538942575E-1,1.392111593E0
1.269668193E1,4.640131891E-1,6.567478180E-2,8.625587225E-1,9.816460494E-1
1.270669198E1,5.259561539E-1,8.879470825E-2,1.884757280E-1,5.657185485E-1
1.271668271E1,5.506718755E-1,1.100921631E-1,1.577388048E-1,5.833020910E-1
1.272668063E1,3.764013648E-1,3.154659271E-2,1.317104101E-1,4.000260080E-1
1.273668188E1,-7.494819164E-1,5.286121368E-2,1.047132015E-1,7.586055006E-1
1.274668324E1,-8.706424236E-1,7.403087616E-2,1.012451649E-1,8.796302541E-1
1.275668292E1,-1.708365560E0,9.353828430E-2,1.165194511E-1,1.714887483E0
1.276673344E1,-1.847293735E0,1.134262085E-1,1.562486887E-1,1.857356535E0
1.277667876E1,-2.864878178E0,5.377578735E-2,2.200465202E-1,2.873819632E0
1.278668266E1,-2.974652767E0,7.406902313E-2,2.093969584E-1,2.982933521E0
1.279668318E1,-3.016523361E0,9.606170654E-2,1.899745464E-1,3.024025689E0
1.280668162E1,-3.015485048E0,1.538776398E0,1.978629827E-1,3.391184548E0
1.281668787E1,-2.938510895E0,1.687246323E0,1.997133493E-1,3.394338206E0
1.282668933E1,-2.810444832E0,2.604092598E0,1.818302870E-1,3.835747732E0
1.283668422E1,-2.606904030E0,2.679183006E0,1.463623047E-1,3.741041583E0
1.284668162E1,-1.839725971E0,2.741072655E0,1.397459507E-1,3.304179153E0
1.285668318E1,-1.682887435E0,2.761727333E0,1.630597115E-1,3.238184129E0
1.286673516E1,-1.556809902E0,2.733780861E0,2.121630907E-1,3.153129881E0
1.287670167E1,-1.469615221E0,2.645903587E0,2.822848558E-1,3.039779504E0
1.288668193E1,-1.415118217E0,1.912697792E0,3.360848427E-1,2.402899381E0
1.289667120E1,-1.342416525E0,1.756859779E0,3.817356825E-1,2.243738073E0
1.290668787E1,-1.265917897E0,1.264600754E-1,4.111008644E-1,1.336990723E0
1.291669074E1,-1.158424020E0,4.943656921E-2,4.209737778E-1,1.233535206E0
1.292668188E1,-9.929146767E-1,-1.359286308E0,4.230986834E-1,1.735670279E0
1.293664657E1,8.923137188E-2,-1.517005920E0,4.405969381E-1,1.582212016E0
1.294668683E1,1.549311280E0,-1.581471443E0,4.792664051E-1,2.265196163E0
1.295668709E1,2.821706772E0,6.975078583E-2,4.697577953E-1,2.861392435E0
1.296668761E1,3.899098873E0,1.926763535E0,3.730182648E-1,4.365149753E0
1.297668370E1,4.974789619E0,4.026511192E0,2.728862762E-1,6.405918440E0
1.298668240E1,5.875078678E0,5.887104034E0,2.105021477E-1,8.319786929E0
1.299668162E1,5.958297729E0,7.366771698E0,1.815724373E-1,9.476476436E0
1.300668292E1,6.636868477E0,8.326271057E0,1.658194065E-1,1.064905202E1
1.301669100E1,6.504061699E0,8.341309547E0,1.773464680E-1,1.057883336E1
1.302668058E1,6.252068043E0,8.172568321E0,2.550290823E-1,1.029292318E1
1.303668214E1,5.160003185E0,6.626768112E0,1.995305061E0,8.632550653E0
1.304669980E1,3.961974621E0,5.010315895E0,1.996359825E0,6.692231378E0
1.305668803E1,2.526154280E0,3.310511589E0,1.799496889E0,4.536422762E0
1.306670094E1,3.240148127E-1,2.023372650E0,1.804229021E0,2.730249959E0
1.307669157E1,1.950958967E-1,1.121352196E0,1.810541391E0,2.138586750E0
1.308668011E1,-1.692937613E0,-1.679458618E-1,2.780452728E0,3.259625891E0
1.309667959E1,-2.712301016E0,-1.607007980E-1,1.773146987E0,3.244449381E0
1.310668084E1,-3.574728012E0,-2.499933243E-1,1.535564303E0,3.898606771E0
1.311669021E1,-3.792731285E0,-2.374448776E-1,1.504105806E0,4.086994611E0
1.312668292E1,-3.934653997E0,-2.239141464E-1,1.482273698E0,4.210555182E0
1.313668448E1,-3.970438242E0,-1.906890869E-1,1.511969805E0,4.252857257E0
1.314668449E1,-3.847434759E0,-1.515892982E0,1.307528496E0,4.337086179E0
1.315668501E1,-3.657916784E0,-1.592035294E0,1.304136634E0,4.197106615E0
1.316668865E1,-2.900673389E0,-1.686818123E0,1.303112984E0,3.599634001E0
1.317668188E1,-2.660061598E0,-2.420478821E0,1.302901983E0,3.825205747E0
1.318668136E1,-1.688553452E0,-2.523887157E0,2.139948606E-1,3.044176891E0
1.319668188E1,-1.445120573E0,-3.405617237E0,-5.472232103E-1,3.739793507E0
1.320668188E1,4.159575403E-1,-3.540909290E0,-6.472980976E-1,3.623541652E0
1.321668318E1,5.636090636E-1,-4.583402634E0,-7.716561556E-1,4.681953449E0
1.322670298E1,6.925743818E-1,-4.705873966E0,-8.779476881E-1,4.836910295E0
1.323668115E1,2.074157000E0,-5.490386009E0,-9.782356024E-1,5.950076527E0
1.324667079E1,2.883574486E0,-5.548161507E0,-1.050030947E0,6.340320411E0
1.325670985E1,3.599842072E0,-5.597943783E0,-1.056069016E0,6.738777285E0
1.326668167E1,3.706224442E0,-5.635911942E0,-9.812778234E-1,6.816341335E0
1.327668605E1,4.364282131E0,-5.646791935E0,-8.396731615E-1,7.185977226E0
1.328668188E1,4.354332447E0,-5.618974209E0,-7.305741310E-3,7.108666232E0
1.329668214E1,4.243419170E0,-5.541884899E0,1.179424047E0,7.078851289E0
1.330668474E1,4.013316631E0,-5.430874825E0,1.267053723E0,6.870701338E0
1.331669126E1,2.862493753E0,-4.674045563E0,3.104382515E0,6.299028751E0
1.332668396E1,1.442172885E0,-3.841534615E0,3.974690437E0,5.712741452E0
1.333668449E1,1.035788357E-1,-2.956931114E0,4.776689053E0,5.618801340E0
1.334668448E1,2.256225049E-2,-1.753716469E0,4.884615898E0,5.189942483E0
1.335668579E1,-2.212701321E0,-2.534198761E-2,5.676838875E0,6.092880186E0
1.336668735E1,-3.894147158E0,1.415895462E0,5.742373466E0,7.081242481E0
1.337668188E1,-5.660937309E0,2.823638916E0,6.457518101E0,9.039838935E0
1.338668370E1,-7.228157520E0,3.827701569E0,6.997070789E0,1.076366852E1
1.339668449E1,-8.477607727E0,3.945184708E0,6.953312397E0,1.165259063E1
1.340668240E1,-1.012168217E1,3.987227440E0,7.687705994E0,1.332093300E1
1.341672266E1,-1.005138493E1,3.916064262E0,7.506742477E0,1.314218707E1
1.342670204E1,-9.883149147E0,3.752518654E0,7.308972359E0,1.285220254E1
1.343668714E1,-9.749878883E0,2.654303551E0,7.053164959E0,1.232284876E1
1.344667985E1,-7.320124626E0,1.988958359E0,6.700450897E0,1.012107811E1
1.345668865E1,-5.669109821E0,1.912656784E0,5.301617622E0,7.994010980E0
1.346667959E1,-3.882861376E0,1.898352623E0,3.319225788E0,5.449551814E0
1.347669230E1,-2.157930851E0,1.980733871E0,1.175822020E0,3.156347517E0
1.348669777E1,-6.306821108E-1,2.180418015E0,-1.415428042E0,2.674961530E0
1.349669152E1,4.751123190E-1,3.346896172E0,-2.639419079E0,4.288820208E0
1.350669204E1,1.757718921E0,3.387411118E0,-4.876471519E0,6.192261652E0
1.351669230E1,3.034203529E0,2.695754051E0,-5.155846596E0,6.561725008E0
1.352669933E1,3.237990856E0,1.982437134E0,-5.847817421E0,6.972202691E0
1.353669126E1,4.095980644E0,1.279767990E0,-5.789661407E0,7.206597169E0
1.354669412E1,4.105577469E0,1.057500839E-1,-5.656329155E0,6.990065017E0
1.355669516E1,4.066754341E0,9.256839752E-2,-5.527844429E0,6.863244408E0
1.356669204E1,4.074899673E0,7.642078400E-2,-5.409262657E0,6.772796319E0
1.357669048E1,4.583505154E0,-1.107994080E0,-5.317078590E0,7.106862536E0
1.358669126E1,4.507689476E0,-1.777426720E0,-5.854620934E0,7.599677390E0
1.359678157E1,4.394453049E0,-1.839480400E0,-5.744559288E0,7.462899380E0
1.360667975E1,4.263369560E0,-1.860839844E0,-6.232859135E0,7.777376031E0
1.361685995E1,4.108525276E0,-1.802503586E0,-6.089885712E0,7.564106497E0
1.362668141E1,3.908016205E0,-1.679906845E-1,-5.916202068E0,7.092408508E0
1.363667985E1,3.637092352E0,-1.611394882E-1,-5.696855545E0,6.760811328E0
1.364669594E1,2.439374924E0,-1.489524841E-1,-5.430746078E0,5.955311900E0
1.365670271E1,1.501066208E0,-1.310367584E-1,-4.491038799E0,4.737066591E0
1.366669256E1,3.760766983E-1,1.422049522E0,-4.159279346E0,4.411718850E0
1.367669282E1,9.365352988E-2,1.501697540E0,-2.943206787E0,3.305500367E0
1.368669230E1,-1.725847006E0,1.453254700E0,-1.545674324E0,2.734886876E0
1.369668448E1,-2.654825687E0,-1.040496826E-1,-1.280999660E0,2.949556898E0
1.370668501E1,-2.748681545E0,-6.603527069E-2,-4.871212244E-1,2.792292603E0
1.371668423E1,-2.765788078E0,-1.270866394E-1,-3.207300901E-1,2.787221286E0
1.372668449E1,-2.690668583E0,-1.072885513E0,-2.419589758E-1,2.906772247E0
1.373668240E1,-2.549372911E0,-1.149907112E0,-2.346432209E-1,2.806536308E0
1.374669204E1,-1.611374855E0,-1.207118034E0,-8.934673071E-1,2.202713486E0
1.375668266E1,-1.456116915E0,-1.230957985E0,-9.445949793E-1,2.127861298E0
1.376668865E1,-1.294772029E0,-1.211018562E0,-9.902817011E-1,2.030679298E0
1.377681589E1,1.268030405E-1,-1.152889252E0,-9.970552921E-1,1.529493999E0
1.378668240E1,2.257229090E-1,-1.066320419E0,-9.745506048E-1,1.462100868E0
1.379669568E1,3.214843869E-1,2.289295197E-2,-9.023489952E-1,9.581805714E-1
1.380667329E1,4.125342965E-1,5.072021484E-2,-7.871060371E-1,8.901084202E-1
1.381667881E1,2.985595465E-1,-2.102279663E-2,-6.474412680E-1,7.132741102E-1
1.382667251E1,3.786067367E-1,7.019042969E-3,7.694256306E-2,3.864097385E-1
1.383668370E1,4.055214822E-1,3.279495239E-2,1.378822327E-1,4.295750127E-1
1.384668839E1,-6.691467166E-1,5.838203430E-2,1.693195105E-1,6.927011526E-1
1.385668292E1,-7.761895657E-1,8.375930786E-2,1.796936989E-1,8.011090368E-1
1.386668474E1,-1.376577377E0,2.915096283E-2,2.101588249E-1,1.392832289E0
1.387668214E1,-1.375142813E0,4.926967621E-2,2.494337559E-1,1.398450019E0
1.388668787E1,-1.349846840E0,6.928634644E-2,3.130255938E-1,1.387397604E0
1.389668943E1,-1.323243976E0,8.918094635E-2,3.878730536E-1,1.381800769E0
1.390668136E1,-1.291275144E0,1.060009003E-2,4.673075676E-1,1.373273542E0
1.391668266E1,-1.300653815E0,3.206348419E-2,5.556862354E-1,1.414749309E0
1.392668839E1,-1.304943204E0,1.314103127E0,6.324850321E-1,1.956982654E0
1.393664626E1,-1.342869043E0,1.403234482E0,6.839126348E-1,2.059150497E0
1.394668657E1,-2.014925003E0,1.500195503E0,7.015627623E-1,2.608198540E0
1.395679751E1,-2.039151430E0,2.115567207E0,6.794208288E-1,3.015854079E0
1.396669032E1,-2.098762035E0,2.135206223E0,6.219613552E-1,3.057898563E0
1.397669881E1,-2.779552698E0,2.117129326E0,5.234243870E-1,3.533004794E0
1.398667985E1,-2.777304411E0,2.040429115E0,4.085664749E-1,3.470403050E0
1.399668870E1,-2.765280485E0,1.914251328E0,-2.967716455E-1,3.376271274E0
1.400668318E1,-2.742358208E0,-1.378059387E-2,-3.649530411E-1,2.766569928E0
1.401668579E1,-2.660966873E0,9.083747864E-3,-4.262619019E-1,2.694907498E0
1.402668214E1,-2.527164936E0,3.254222870E-2,-4.762395620E-1,2.571852587E0
1.403668032E1,-2.320908546E0,5.951690674E-2,-5.266603231E-1,2.380657438E0
1.404669178E1,-1.277223468E0,7.786750793E-3,-5.565816164E-1,1.393249266E0
1.405668605E1,-5.778920650E-2,4.110240936E-2,-4.920341969E-1,4.971183474E-1
1.406668240E1,1.393922448E0,7.711124420E-2,-3.514209986E-1,1.439605034E0
1.407668761E1,1.512647271E0,1.131458282E-1,6.000065804E-1,1.631230101E0
1.408668370E1,2.829968691E0,1.940215111E0,7.128227949E-1,3.504464839E0
1.409668943E1,3.910638332E0,3.449568748E0,7.890551090E-1,5.274014096E0
1.410668188E1,5.028100967E0,5.005185127E0,8.180317879E-1,7.141628211E0
1.411668318E1,6.082984447E0,6.301320076E0,8.068565130E-1,8.795473377E0
1.412668006E1,6.762984276E0,7.265959740E0,7.840342522E-1,9.957250472E0
1.413668225E1,6.818986416E0,7.388603210E0,7.259093523E-1,1.008052467E1
1.414670001E1,7.333789825E0,7.404153824E0,6.560162306E-1,1.044204598E1
1.415668792E1,7.148307800E0,7.270926476E0,6.228371859E-1,1.021531215E1
1.416670824E1,6.829261780E0,6.252820969E0,6.350501776E-1,9.281157000E0
1.417668219E1,5.431938171E0,4.976838112E0,7.242407799E-1,7.402661319E0
1.418668527E1,4.051714420E0,3.603270531E0,1.854929805E0,5.730681708E0
1.419668813E1,2.408071518E0,2.419544220E0,1.650491118E0,3.791717764E0
1.420668501E1,7.598734647E-2,1.490377426E0,1.647498012E0,2.222891956E0
1.421668474E1,-5.168027431E-2,-1.979627609E-1,1.646181345E0,1.658846927E0
1.422668292E1,-3.409877300E0,-1.615047455E-1,1.685146093E0,3.806975747E0
1.423668188E1,-4.316442490E0,-2.477273941E-1,1.452216268E0,4.560918407E0
1.424669152E1,-4.529051781E0,-2.318487167E-1,1.429191828E0,4.754855743E0
1.425668422E1,-4.654078007E0,-1.249854088E0,1.412806869E0,5.021812480E0
1.426668475E1,-4.626998425E0,-1.898861885E0,1.402691960E0,5.194452388E0
1.427668605E1,-4.518237114E0,-1.981331825E0,1.399419069E0,5.128207889E0
1.428668448E1,-3.677506447E0,-2.094848633E0,1.881773472E-1,4.236490903E0
1.429668631E1,-3.385360479E0,-2.826719284E0,8.094727993E-2,4.411072426E0
1.430668058E1,-2.108446360E0,-2.884696484E0,-6.039369106E-2,3.573607037E0
1.431668943E1,-1.838248134E0,-2.962765217E0,-7.505968809E-1,3.566585147E0
1.432668339E1,2.550416589E-1,-3.057880402E0,-8.337012529E-1,3.179738445E0
1.433667360E1,2.080146521E-1,-3.732929230E0,-9.253071547E-1,3.851522304E0
1.434668454E1,3.589115143E-1,-3.783703804E0,-1.030728459E0,3.937973223E0
1.435668037E1,5.071648359E-1,-3.865461349E0,-1.112413287E0,4.054191774E0
1.436668011E1,1.783603549E0,-4.501538754E0,-1.177147508E0,4.983048166E0
1.437668370E1,1.966910362E0,-4.546934128E0,-1.217627287E0,5.101564715E0
1.438667902E1,2.784159660E0,-4.615054131E0,-1.191297174E0,5.519914727E0
1.439668579E1,2.866041899E0,-4.696527481E0,-1.121334553E0,5.615065247E0
1.440668475E1,2.995605707E0,-5.377234936E0,-1.584787369E-1,6.157387808E0
1.441668527E1,2.946858883E0,-5.397143364E0,1.443533897E0,6.316401181E0
1.442668214E1,2.843821049E0,-5.396736145E0,1.337696552E0,6.245118993E0
1.443668292E1,2.633328676E0,-5.384795666E0,2.578090191E0,6.525104851E0
1.444669178E1,1.711000085E0,-5.346451283E0,3.483813763E0,6.606740569E0
1.445668448E1,1.454286695E0,-5.274985313E0,4.331812859E0,6.978898372E0
1.446668058E1,1.142354310E-1,-5.153996944E0,5.067114830E0,7.228581253E0
1.447668318E1,-1.436097324E-1,-4.002013206E0,5.175697803E0,6.544049298E0
1.448668449E1,-2.008212090E0,-2.601184845E0,6.044505596E0,6.880052783E0
1.449668761E1,-3.469365835E0,2.200794220E-2,6.042912960E0,6.968054297E0
1.450670089E1,-4.987524033E0,2.274806023E0,6.825114727E0,8.753989345E0
1.451670183E1,-6.102888584E0,4.633902550E0,7.596232891E0,1.078985894E1
1.452669933E1,-6.811992645E0,6.285328865E0,8.464969635E0,1.255246245E1
1.453668740E1,-6.848995209E0,7.289129257E0,8.977129936E0,1.343982896E1
1.454668480E1,-6.803009033E0,7.405958176E0,8.774064064E0,1.334591131E1
1.455668214E1,-6.562479019E0,7.439587593E0,8.475475311E0,1.304788397E1
1.456668527E1,-5.233914375E0,7.317009926E0,8.014055252E0,1.204813577E1
1.457668501E1,-4.001801968E0,6.000643730E0,6.309025288E0,9.582585468E0
1.458668110E1,-2.712997437E0,4.191505432E0,4.669725418E0,6.836330036E0
1.459668865E1,-9.275827408E-1,1.811163902E0,3.277893066E-1,2.061108986E0
1.460668553E1,-6.400682926E-1,1.777658463E0,-1.185751200E0,2.230641822E0
1.461668162E1,7.579762340E-1,1.838027954E0,-3.281300545E0,3.836640196E0
1.462668605E1,9.171001315E-1,1.959644318E0,-4.381164551E0,4.886295255E0
1.463668136E1,1.022345066E0,2.056147575E0,-4.682039738E0,5.214827743E0
1.464668839E1,1.093638659E0,2.064898491E0,-5.630957603E0,6.096518254E0
1.465668839E1,1.142657161E0,1.982263565E0,-5.744969368E0,6.183826264E0
1.466668188E1,9.906314015E-1,1.255896568E0,-5.761621952E0,5.979541310E0
1.467668162E1,9.918966889E-1,1.125418663E0,-5.706132889E0,5.900032098E0
1.468670751E1,9.956136346E-1,-4.310989380E-2,-5.614852905E0,5.702602750E0
1.469669386E1,9.994471073E-1,-5.267238617E-2,-6.100820541E0,6.182368493E0
1.470679391E1,1.004348159E0,-1.412390709E0,-6.051337719E0,6.294620793E0
1.471668527E1,8.110585213E-1,-1.565477371E0,-6.871711731E0,7.094290482E0
1.472669490E1,8.186778426E-1,-2.318161964E0,-6.792535305E0,7.223755545E0
1.473668370E1,2.419064045E0,-2.351139069E0,-6.680496216E0,7.483899750E0
1.474669386E1,2.478904009E0,-2.308602333E0,-6.494953156E0,7.325232168E0
1.475669594E1,3.114540815E0,-2.190091133E0,-6.256329536E0,7.323832530E0
1.476669308E1,3.139249086E0,-1.226127625E0,-5.922659874E0,6.814409275E0
1.477669204E1,3.088211298E0,-1.503553391E-1,-3.755483150E0,4.864494778E0
1.478669126E1,2.914378166E0,-1.304187775E-1,-2.483612537E0,3.831310532E0
1.479669230E1,2.178765059E0,-1.066083908E-1,-1.347932577E0,2.564235707E0
1.480668865E1,1.971430063E0,-1.788377762E-1,-1.041688442E0,2.236880474E0
1.481669542E1,3.015484512E-1,-1.477088928E-1,-8.064889312E-1,8.735981808E-1
1.482669490E1,2.628462911E-1,-1.139783859E-1,-6.376360655E-1,6.990414846E-1
1.483669490E1,2.269748449E-1,-8.199596405E-2,-5.698167086E-1,6.188149964E-1
1.484669152E1,1.942070276E-1,-5.395698547E-2,-6.101340055E-1,6.425661293E-1
1.485669386E1,-3.543864191E-2,-1.298370361E-1,-1.357801080E0,1.364454955E0
1.486676766E1,-6.176388264E-2,-1.053419113E-1,-1.393026233E0,1.398368256E0
1.487667699E1,-1.337738395E0,-8.056926727E-2,-1.410726547E0,1.945812121E0
1.488671152E1,-1.363603115E0,-5.626773834E-2,-1.384186029E0,1.943849397E0
1.489668068E1,-1.389486909E0,-3.209495544E-2,-1.309040427E0,1.909264465E0
1.490668917E1,-1.410132885E0,-1.078071594E-1,-1.201398611E0,1.855655076E0
1.491668657E1,-1.416348338E0,-8.363914490E-2,-5.394735336E-1,1.517916274E0
1.492668787E1,-1.406903386E0,-5.938720703E-2,-4.152790308E-1,1.468114659E0
1.493664542E1,-1.376739621E0,-3.529071808E-2,-2.848694324E-1,1.406345624E0
1.494668631E1,-1.268549919E0,-1.147270203E-2,-1.837934256E-1,1.281846537E0
1.495668370E1,2.080629021E-2,-6.733131409E-2,-1.429941654E-1,1.594168715E-1
1.496668370E1,1.075750217E-1,-4.310512543E-2,-1.583775282E-1,1.962495314E-1
1.497668475E1,1.924403012E-1,-1.884841919E-2,-1.698752642E-1,2.573832508E-1
1.498669308E1,2.754932940E-1,4.751205444E-3,-1.918119192E-1,3.357245022E-1
1.499668136E1,1.571780890E-1,-7.141685486E-2,-1.900345087E-1,2.567458536E-1
1.500668292E1,2.334123552E-1,-4.767513275E-2,-1.575642824E-1,2.856234390E-1
1.501667928E1,2.642522156E-1,-2.518939972E-2,-8.339822292E-2,2.782427050E-1
1.502668188E1,2.936614752E-1,-3.012657166E-3,1.610732079E-2,2.941183161E-1
1.503668657E1,-9.110766053E-1,1.206247330E0,1.179866791E-1,1.516249998E0
1.504676485E1,-1.072181940E0,1.343007088E0,2.024528980E-1,1.730384156E0
1.505667725E1,-2.162799358E0,2.246452332E0,2.371141911E-1,3.127374663E0
1.506681495E1,-2.316838980E0,2.357511520E0,2.479711771E-1,3.314678436E0
1.507669568E1,-3.289913654E0,2.987936974E0,2.386095524E-1,4.450644193E0
1.508668917E1,-3.397977591E0,3.003034592E0,2.150543928E-1,4.539902736E0
1.509668266E1,-4.037540436E0,2.979237556E0,1.796172857E-1,5.020941302E0
1.510668292E1,-4.040496349E0,2.904535294E0,1.080902815E-1,4.977310471E0
1.511668063E1,-4.043787003E0,2.774082184E0,1.484179497E-2,4.903872507E0
1.512668240E1,-3.979916334E0,1.809865952E0,-6.279218197E-2,4.372561223E0
1.513668969E1,-3.804592609E0,-1.083936691E-1,-1.648951769E-1,3.809706620E0
1.514668214E1,-3.576016426E0,-8.264636993E-2,-2.215911150E-1,3.583828473E0
1.515668292E1,-2.621038198E0,-5.406284332E-2,-2.917443514E-1,2.637779141E0
1.516668449E1,-2.353346825E0,-2.402687073E-2,-3.619060516E-1,2.381133041E0
1.517668370E1,-1.198060036E0,-1.307792664E0,-3.620421886E-1,1.810177905E0
1.518668735E1,-3.778296709E-1,-1.280888557E0,-2.840020657E-1,1.365316055E0
1.519668162E1,1.257219672E0,-1.107470512E0,-1.546247005E-1,1.682557885E0
1.520668292E1,1.404939294E0,2.185058594E-2,6.200268269E-1,1.535827182E0
1.521668110E1,1.518478394E0,2.116580963E0,6.259170771E-1,2.679078907E0
1.522672594E1,3.204822302E0,3.912952423E0,5.879421234E-1,5.091930733E0
1.523668360E1,4.078569889E0,5.646141052E0,5.566210747E-1,6.987379204E0
1.524676386E1,4.829778194E0,7.011670113E0,5.553375483E-1,8.532213955E0
1.525668016E1,4.912391186E0,7.911620140E0,5.615751743E-1,9.329559855E0
1.526668891E1,5.707825661E0,7.958372116E0,5.348507166E-1,9.808212161E0
1.527668631E1,5.691998005E0,7.860391617E0,4.988058805E-1,9.717685165E0
1.528668683E1,5.554490089E0,6.825066566E0,5.151714087E-1,8.814720380E0
1.529668448E1,5.275019169E0,5.483241081E0,1.630710483E0,7.781450807E0
1.530668396E1,4.149950027E0,3.976585388E0,1.631507754E0,5.974707870E0
1.531668709E1,7.186822295E-1,1.583205223E0,1.672500014E0,2.412529632E0
1.532668344E1,4.026877880E-1,8.772249222E-1,1.474176407E0,1.762066144E0
1.533668865E1,-1.182862997E0,-2.565069199E-1,1.477746248E0,1.910155660E0
1.534667928E1,-2.336812735E0,-2.492723465E-1,1.448449016E0,2.760585990E0
1.535668032E1,-3.183767319E0,-2.394342422E-1,1.421743035E0,3.495004486E0
1.536668214E1,-3.419574976E0,-2.265062332E-1,1.404346704E0,3.703645198E0
1.537672027E1,-3.582119942E0,-3.114624023E-1,1.193606615E0,3.788573459E0
1.538668943E1,-3.611830235E0,-2.959671021E-1,1.188446283E0,3.813832552E0
1.539668110E1,-3.543198347E0,-2.798976898E-1,1.187187076E0,3.747267057E0
1.540672688E1,-3.349373341E0,-2.117712021E0,-3.389693499E-1,3.977173142E0
1.541667912E1,-2.251103163E0,-2.211612225E0,-4.391663074E-1,3.186151460E0
1.542669751E1,-2.018580198E0,-2.903279305E0,-5.737146139E-1,3.582296079E0
1.543669615E1,-9.712284803E-1,-3.001990318E0,-1.329645872E0,3.423914248E0
1.544668058E1,-7.658727765E-1,-3.733860970E0,-1.423504710E0,4.068739917E0
1.545668553E1,4.764667153E-1,-3.836038589E0,-1.507825613E0,4.149186748E0
1.546668344E1,5.936173797E-1,-4.619309902E0,-1.587196469E0,4.920325009E0
1.547670558E1,5.002749562E-1,-4.712196827E0,-1.598582625E0,5.001053927E0
1.548669126E1,5.728595257E-1,-5.387196064E0,-1.586626887E0,5.645124830E0
1.549668318E1,2.672219753E0,-5.504676819E0,-1.440433621E0,6.286260757E0
1.550668110E1,3.469839811E0,-5.545040131E0,-1.267859221E0,6.662936693E0
1.551668240E1,3.528809547E0,-5.582004070E0,-3.386608362E-1,6.612560580E0
1.552668032E1,3.562508583E0,-5.600922108E0,-1.291950941E-1,6.639163143E0
1.553668917E1,3.544517756E0,-5.584721088E0,1.417828679E0,6.764832143E0
1.554668214E1,3.396990776E0,-5.526437283E0,1.527764320E0,6.664466910E0
1.555668318E1,3.173061609E0,-5.427875519E0,1.637845993E0,6.497129529E0
1.556668032E1,2.081671000E0,-5.304451942E0,1.548257470E0,5.904884906E0
1.557670402E1,1.794649839E0,-4.501890182E0,3.208210230E0,5.812090514E0
1.558671376E1,1.856259629E-2,-4.358149529E0,3.376938343E0,5.513395003E0
1.559668219E1,-6.116605550E-2,-3.163997650E0,4.394715786E0,5.415546995E0
1.560674407E1,-1.412036866E-1,-1.817800522E0,5.054586411E0,5.373377057E0
1.561667959E1,-2.202047825E0,-2.585315704E-2,5.145524979E0,5.596973317E0
1.562668761E1,-3.559474230E0,2.234229088E0,6.172300339E0,7.467190093E0
1.563668891E1,-5.047680855E0,4.209324837E0,7.066448212E0,9.650501952E0
1.564668136E1,-6.281442165E0,5.672821045E0,7.971277237E0,1.162663645E1
1.565669594E1,-7.013073444E0,6.572019577E0,8.592904091E0,1.289234816E1
1.566668396E1,-7.073033333E0,6.627278328E0,8.466188431E0,1.286953632E1
1.567671261E1,-7.002791882E0,5.824655533E0,8.090680122E0,1.218297218E1
1.568668657E1,-6.694333076E0,4.310407639E0,6.766857147E0,1.044911791E1
1.569668422E1,-5.249966145E0,2.674736977E0,5.521278858E0,8.074706350E0
1.570668423E1,-3.741516590E0,1.458539009E0,3.982511282E0,5.655676666E0
1.571668423E1,-2.396527767E0,1.331576347E0,2.173766136E0,3.498814102E0
1.572668136E1,-1.084723711E0,1.295187950E0,2.429295182E-1,1.706795860E0
1.573668735E1,9.908226728E-1,1.399997711E0,-1.111652851E0,2.043892175E0
1.574668344E1,1.194125414E0,2.347372055E0,-2.440544128E0,3.590591415E0
1.575668032E1,1.183259845E0,3.330048561E0,-2.750375271E0,4.478157144E0
1.576670303E1,1.317507386E0,3.499378204E0,-3.801834106E0,5.332486859E0
1.577669995E1,1.403730989E0,3.553282738E0,-4.775295258E0,6.115531351E0
1.578669771E1,1.446804762E0,3.467963219E0,-5.724336624E0,6.847484406E0
1.579668245E1,1.427580953E0,2.614939690E0,-5.829673767E0,6.546830774E0
1.580668240E1,1.213459373E0,1.584726334E0,-6.405208111E0,6.708988906E0
1.581667777E1,1.201811433E0,-7.550716400E-2,-6.316310883E0,6.430072723E0
1.582668902E1,1.195280671E0,-1.095614433E0,-6.838443756E0,7.028042393E0
1.583668787E1,1.189325809E0,-2.297947884E0,-6.833273888E0,7.306756625E0
1.584668162E1,1.183809161E0,-3.007699013E0,-7.402130604E0,8.077078368E0
1.585668501E1,2.309359074E0,-2.989217758E0,-7.138582230E0,8.076380277E0
1.586668110E1,3.199360847E0,-2.191175938E0,-6.773622513E0,7.805070388E0
1.587670662E1,3.256018400E0,-1.220027924E0,-5.617911339E0,6.606894260E0
1.588668839E1,3.312117815E0,-1.104307175E-1,-5.267407417E0,6.223174452E0
1.589668553E1,3.302284002E0,-1.917915344E-1,-4.024546146E0,5.209494727E0
1.590668162E1,3.172151566E0,-1.718540192E-1,-3.052550316E0,4.405694360E0
1.591668214E1,2.986276627E0,-1.476812363E-1,-2.056574821E0,3.628933429E0
1.592668188E1,2.193520308E0,-1.215162277E-1,-1.150460243E0,2.479890382E0
1.593668600E1,1.993169785E0,-9.080123901E-2,-8.282328248E-1,2.160310225E0
1.594670553E1,3.168618083E-1,-1.567420959E-1,-5.913606882E-1,6.889680354E-1
1.595668719E1,2.562837601E-1,-1.244945526E-1,-4.823189974E-1,5.601891418E-1
1.596677079E1,1.996446252E-1,-9.434795380E-2,-4.689481258E-1,5.183356610E-1
1.597672542E1,1.468680054E-1,-1.437238693E0,-5.431059599E-1,1.543434273E0
1.598669464E1,9.713284671E-2,-1.435602188E0,-1.432757378E0,2.030562025E0
1.599668084E1,-1.252064109E-1,-1.378295898E0,-1.462033272E0,2.013185912E0
1.600669126E1,-1.419526935E-1,-1.292230606E0,-1.467834234E0,1.960751857E0
1.601669620E1,-1.021152139E-1,-1.181855202E0,-1.438792825E0,1.864761118E0
1.602669178E1,-6.120598316E-2,-9.544372559E-3,-1.374562860E0,1.375957965E0
1.603669568E1,-2.010947704E0,-6.136798859E-2,-1.135288715E0,2.310098952E0
1.604669308E1,-2.695903778E0,-3.161621094E-2,-2.005201578E-1,2.703535666E0
1.605669360E1,-2.729608536E0,-2.026557922E-3,-4.089736938E-2,2.729915651E0
1.606669751E1,-2.727719069E0,-1.311889648E0,1.028745174E-1,3.028545680E0
1.607672146E1,-2.676075697E0,-1.342144012E0,2.031863928E-1,3.000669325E0
1.608668891E1,-2.575445175E0,-1.365585327E0,2.728055716E-1,2.927825817E0
1.609669178E1,-1.787441134E0,-1.360071182E0,3.134711981E-1,2.267819133E0
1.610669516E1,-1.601417542E0,-1.330889702E0,3.152178526E-1,2.105983816E0
1.611669334E1,2.017941475E-1,-1.251206398E0,3.188118935E-1,1.306858581E0
1.612676553E1,3.056943715E-1,-1.142170906E0,3.289256096E-1,1.227271561E0
1.613668943E1,2.080323547E-1,3.330421448E-2,3.419873714E-1,4.016739891E-1
1.614670454E1,3.083293438E-1,5.625629425E-2,3.878023624E-1,4.986205243E-1
1.615669199E1,4.063509107E-1,7.937145233E-2,4.475203753E-1,6.096682510E-1
1.616668011E1,4.977973104E-1,1.024141312E-1,5.046782494E-1,7.162338667E-1
1.617670948E1,5.202394128E-1,1.223602295E-1,5.307207108E-1,7.531836066E-1
1.618668631E1,-1.361968994E0,4.244518280E-2,5.141612291E-1,1.456407534E0
1.619668475E1,-1.494810700E0,1.414341927E0,4.559686184E-1,2.107778332E0
1.620668292E1,-2.319742680E0,1.474811554E0,3.750417233E-1,2.774334427E0
1.621668266E1,-2.537923574E0,2.324705124E0,-3.567490578E-1,3.460141597E0
1.622669256E1,-3.200030327E0,2.370640755E0,-3.991274834E-1,4.002428566E0
1.623668370E1,-3.223369122E0,2.419631958E0,-4.414594173E-1,4.054579352E0
1.624668605E1,-3.174827814E0,2.476894379E0,-4.839842319E-1,4.055709327E0
1.625668266E1,-3.137323380E0,2.526528358E0,-5.128030777E-1,4.060678580E0
1.626668136E1,-3.081664801E0,2.561420441E0,-5.102186203E-1,4.039536565E0
1.627672355E1,-3.038274765E0,2.557501793E0,-4.863762856E-1,4.001061217E0
1.628668240E1,-2.980231762E0,2.495773315E0,-4.281380177E-1,3.910750306E0
1.629668136E1,-2.863563061E0,2.371195793E0,-3.720211983E-1,3.736437162E0
1.630675704E1,-2.684727192E0,1.349514008E0,-3.176879883E-1,3.021568104E0
1.631668094E1,-1.870189071E0,9.129333496E-2,-2.502825260E-1,1.889069341E0
1.632682136E1,-1.611932635E0,2.293109894E-2,-1.519217491E-1,1.619238362E0
1.633667959E1,-1.881692410E-1,-9.376554489E-1,5.468387604E-1,1.101652411E0
1.634668141E1,1.357859373E0,-9.754533768E-1,6.127369404E-1,1.780656600E0
1.635668292E1,1.468514323E0,1.223030090E-1,6.685692072E-1,1.618170921E0
1.636668240E1,3.317496300E0,1.528282166E-1,6.619528532E-1,3.386343122E0
1.637671938E1,4.474611282E0,1.791041374E0,5.822750330E-1,4.854793461E0
1.638668110E1,5.585198402E0,3.578863144E0,4.483478069E-1,6.648587696E0
1.639668422E1,7.180533409E0,6.442078590E0,3.063833714E-1,9.651647910E0
1.640668344E1,7.173136711E0,7.162435532E0,2.888172865E-1,1.014089683E1
1.641668240E1,7.026710510E0,7.160512924E0,2.979217768E-1,1.003675064E1
1.642668891E1,6.762453079E0,7.034921646E0,3.393516541E-1,9.764018320E0
1.643668631E1,5.668932915E0,5.880430222E0,1.957859278E0,8.399373366E0
1.644668423E1,4.582564354E0,4.549017906E0,1.957486510E0,6.747237465E0
1.645668657E1,3.195379019E0,3.110431671E0,1.957418442E0,4.869981438E0
1.646668292E1,1.548331261E0,1.994264603E0,1.759348869E0,3.077292551E0
1.647672224E1,-4.346495494E-2,1.276865959E0,1.762774825E0,2.177073945E0
1.648680084E1,-1.436575770E0,1.191350937E0,1.767670155E0,2.570549508E0
1.649668266E1,-2.565651655E0,1.105751038E0,1.727270722E0,3.284618383E0
1.650685974E1,-3.489194632E0,1.008121490E0,1.689703703E0,4.005731733E0
1.651669777E1,-3.739907265E0,-2.293901443E-1,1.458884120E0,4.020928881E0
1.652668891E1,-4.631533623E0,-2.132472992E-1,1.437943101E0,4.854303088E0
1.653668839E1,-4.666078091E0,-1.988000870E-1,1.423156023E0,4.882333386E0
1.654668188E1,-4.602308273E0,-1.863250732E-1,1.413482428E0,4.818079602E0
1.655668240E1,-4.433670998E0,-1.755008698E-1,1.405915499E0,4.654550189E0
1.656668422E1,-3.591602087E0,-1.808808327E0,1.201182485E0,4.196931317E0
1.657672303E1,-2.541379213E0,-2.802134514E0,2.875924110E-3,3.782931986E0
1.658668787E1,-2.302876949E0,-2.927784443E0,-1.653167009E-1,3.728604779E0
1.659668162E1,-1.444380999E0,-3.810154915E0,-1.084062815E0,4.216480657E0
1.660668162E1,-1.223407626E0,-3.940866470E0,-1.203564644E0,4.298339518E0
1.661668136E1,1.478708684E-1,-4.890828133E0,-1.335159183E0,5.071953831E0
1.662668891E1,2.929615378E-1,-4.996150970E0,-1.446462870E0,5.209568678E0
1.663668006E1,4.073648453E-1,-5.785954952E0,-1.530846000E0,5.998892423E0
1.664668266E1,1.986329794E0,-5.851955891E0,-1.528392434E0,6.366072355E0
1.665669100E1,2.189278603E0,-5.931828499E0,-1.454776525E0,6.488135701E0
1.666677959E1,3.278463840E0,-5.989884377E0,-1.278267145E0,6.947014243E0
1.667671245E1,3.359790802E0,-6.034194946E0,-2.413951159E-1,6.910714470E0
1.668685527E1,3.429785967E0,-6.029938698E0,1.367352128E0,7.070590097E0
1.669668662E1,3.458344936E0,-5.973889828E0,1.471257091E0,7.057769251E0
1.670668292E1,3.388805866E0,-5.869727135E0,1.378781199E0,6.916555460E0
1.671668162E1,3.257928848E0,-5.193597794E0,3.175163746E0,6.904290205E0
1.672668839E1,3.001510143E0,-5.025838852E0,4.056888103E0,7.122251076E0
1.673668605E1,1.806406617E0,-3.737910271E0,4.980967522E0,6.484220501E0
1.674668214E1,2.794717625E-2,-2.451275349E0,5.908137798E0,6.396532195E0
1.675668292E1,-2.200965405E0,1.586187363E0,6.686867237E0,7.216261671E0
1.676668423E1,-4.256751060E0,3.678130150E0,6.673311234E0,8.728210229E0
1.677672954E1,-6.179049015E0,5.139417648E0,7.554667473E0,1.103028835E1
1.678668266E1,-7.676917076E0,6.048830032E0,8.056878090E0,1.266636037E1
1.679668058E1,-8.634690285E0,6.133854866E0,7.921234131E0,1.322603501E1
1.680668188E1,-8.679091454E0,6.146839142E0,7.721428871E0,1.314270610E1
1.681668266E1,-8.603601456E0,6.003458023E0,7.414113522E0,1.284649935E1
1.682668902E1,-7.701599121E0,4.333690643E0,7.089023113E0,1.132915497E1
1.683668292E1,-6.064731598E0,2.388477325E0,6.678333282E0,9.331984179E0
1.684668131E1,-4.079173088E0,-1.859931946E-1,5.285299778E0,6.678970002E0
1.685669287E1,-2.230567932E0,-1.354293823E-1,3.941721201E0,4.531108081E0
1.686668214E1,-6.971442103E-1,-7.616233826E-2,2.377620697E0,2.478889052E0
1.687670579E1,9.320585728E-1,-1.096248627E-2,5.974711180E-1,1.107169859E0
1.688668188E1,1.153432369E0,1.226672173E0,-1.547272921E0,2.286740987E0
1.689668214E1,1.159012437E0,2.031883240E0,-1.881242394E0,3.001821493E0
1.690668448E1,2.940253735E0,2.825705528E0,-3.322090149E0,5.259846644E0
1.691668370E1,2.954656839E0,2.998617172E0,-4.255043030E0,5.985573754E0
1.692669230E1,2.820250511E0,3.720194817E0,-5.380977631E0,7.123803947E0
1.693664245E1,2.582180977E0,2.955818176E0,-7.357428551E0,8.338841320E0
1.694669152E1,1.150310516E0,2.061363220E0,-7.323612213E0,7.694655838E0
1.695668318E1,1.138404131E0,5.342960358E-2,-7.250749588E0,7.339767590E0
1.696668136E1,1.131468534E0,4.409408569E-2,-7.175463200E0,7.264257530E0
1.697672615E1,1.126412511E0,3.323841095E-2,-7.096587181E0,7.185503431E0
1.698668240E1,9.237301946E-1,-1.090574265E0,-6.940370560E0,7.085998392E0
1.699668006E1,2.461892843E0,-1.933477402E0,-6.684953213E0,7.381588629E0
1.700668188E1,2.503538609E0,-2.018954754E0,-6.352362156E0,7.120139663E0
1.701668423E1,3.183870316E0,-2.045522690E0,-6.016662121E0,7.107841890E0
1.702669152E1,3.151227713E0,-1.965635777E0,-5.704155445E0,6.806713557E0
1.703670271E1,3.084763765E0,-1.742839813E-1,-5.398458004E0,6.220087718E0
1.704668818E1,2.969088554E0,-1.593112946E-1,-4.546039581E0,5.432066164E0
1.705666954E1,2.774154902E0,-1.392974854E-1,-4.246555328E0,5.074305013E0
1.706668193E1,1.745421052E0,9.100303650E-1,-3.916221857E0,4.383086076E0
1.707672355E1,1.514269352E0,9.695606232E-1,-2.724316120E0,3.264193284E0
1.708668370E1,1.483811438E-1,9.965381622E-1,-2.400874138E0,2.603709258E0
1.709668240E1,1.219850108E-1,9.655294418E-1,-1.350471377E0,1.664602171E0
1.710668657E1,9.807194769E-2,-9.330940247E-2,-1.120864272E0,1.129009065E0
1.711668422E1,1.161155924E-1,-3.734588623E-2,-9.318135977E-1,9.397628035E-1
1.712668683E1,-1.019518375E0,-1.179018974E0,-9.054893255E-1,1.802613208E0
1.713668370E1,-1.080146313E0,-1.193839073E0,-9.042710066E-1,1.846530217E0
1.714668162E1,-1.059982896E0,-1.195367813E0,-9.189367294E-1,1.843071529E0
1.715668474E1,-1.931700483E-2,-1.175991058E0,-8.983095884E-1,1.479962240E0
1.716668162E1,1.946694404E-2,-1.123703957E0,-8.715174198E-1,1.422192729E0
1.717672719E1,-1.414283812E-1,-1.032952309E0,-8.542331457E-1,1.347852635E0
1.718669178E1,-1.012366265E-1,-2.430057526E-2,-8.208068609E-1,8.273833908E-1
1.719669178E1,-1.118456602E0,1.876831055E-3,-7.440694571E-1,1.343349564E0
1.720670891E1,-1.197751284E0,2.789115906E-2,-6.101467609E-1,1.344494375E0
1.721669298E1,-1.266497850E0,5.370903015E-2,-4.657617807E-1,1.350494540E0
1.722668860E1,-1.329728842E0,-2.040863037E-2,-3.514418602E-1,1.375538689E0
1.723667074E1,-1.344609499E0,5.147933960E-3,-2.784754038E-1,1.373153217E0
1.724670584E1,-1.334236383E0,3.066921234E-2,-2.169728279E-1,1.352111140E0
1.725668605E1,-1.296420217E0,-9.667358398E-1,-1.509522200E-1,1.624213697E0
1.726668813E1,-1.234261155E0,-9.727087021E-1,-6.690263748E-2,1.572907747E0
1.727673396E1,-1.153684616E0,-9.581556320E-1,2.415835857E-2,1.499878007E0
1.728668865E1,-1.057279468E0,3.750991821E-2,1.105731726E-1,1.063707334E0
1.729669308E1,-9.749552011E-1,8.092021942E-2,8.004049063E-1,1.264014929E0
1.730669074E1,-1.001668215E0,1.039733887E-1,8.316082954E-1,1.306032938E0
1.731669230E1,-1.083791494E0,2.682781219E-2,8.378379345E-1,1.370144569E0
1.732669438E1,-1.973824263E0,4.913711548E-2,8.166873455E-1,2.136673793E0
1.733669100E1,-2.079491377E0,1.793828011E0,7.617169619E-1,2.849967728E0
1.734669100E1,-3.042303562E0,1.861939430E0,7.007520199E-1,3.635035461E0
1.735669256E1,-3.129528522E0,1.927232742E0,6.295471191E-1,3.728874413E0
1.736669074E1,-3.931256533E0,1.988518715E0,5.656571388E-1,4.441728560E0
1.737672511E1,-3.965585470E0,2.036492348E0,5.081112385E-1,4.486796879E0
1.738672719E1,-3.984737396E0,2.053372383E0,4.757188559E-1,4.507857439E0
1.739667917E1,-3.955199242E0,2.023389816E0,4.442520142E-1,4.464870350E0
1.740667855E1,-3.908133745E0,1.958186150E0,4.287688732E-1,4.392248298E0
1.741667777E1,-3.802995682E0,1.860266685E0,4.171869755E-1,4.254105461E0
1.742668037E1,-3.673257113E0,1.202922821E0,4.018685818E-1,3.886044195E0
1.743668240E1,-3.456095934E0,1.104719162E0,3.680574894E-1,3.646980922E0
1.744668084E1,-2.554127693E0,6.403160095E-2,3.228281736E-1,2.575244910E0
1.745669360E1,-1.696002126E0,9.578323364E-2,2.868418694E-1,1.722752419E0
1.746668344E1,-6.861582994E-1,2.840042114E-2,2.441815138E-1,7.288651504E-1
1.747670480E1,1.569058180E0,8.140087128E-2,2.470773458E-1,1.590476937E0
1.748668214E1,2.737580299E0,1.159763336E-1,2.597563267E-1,2.752320794E0
1.749668344E1,3.834167957E0,1.898959160E0,2.514035702E-1,4.286034714E0
1.750668709E1,4.657380581E0,3.403295517E0,2.096437216E-1,5.772136930E0
1.751668136E1,4.773720264E0,4.773009300E0,1.683969498E-1,6.752657290E0
1.752668240E1,4.809455395E0,5.953098297E0,1.523687840E-1,7.654636293E0
1.753668318E1,4.736659527E0,6.818458557E0,1.737672091E-1,8.304066209E0
1.754668032E1,4.563603401E0,6.900629044E0,2.077072859E-1,8.275765796E0
1.755668683E1,4.297220230E0,6.865549088E0,2.534136772E-1,8.103461265E0
1.756669324E1,3.252795696E0,6.705028534E0,3.682407141E-1,7.461480329E0
1.757670443E1,2.948615551E0,5.570631027E0,1.642670989E0,6.513419354E0
1.758668896E1,1.880084157E0,4.651430130E0,1.653437018E0,5.282458960E0
1.759669756E1,7.845295668E-1,3.848425865E0,1.665073037E0,4.265950832E0
1.760668740E1,4.833778143E-1,3.144799232E0,1.478363633E0,3.508414935E0
1.761667959E1,3.915690482E-1,2.963372231E0,1.491460323E0,3.340562107E0
1.762668735E1,3.083019853E-1,1.797265053E0,1.501431346E0,2.362098192E0
1.763668292E1,2.613542974E-1,1.629961967E0,1.472357988E0,2.211994604E0
1.764668813E1,2.242139429E-1,-2.054443359E-1,1.445869923E0,1.477504349E0
1.765669907E1,9.408748895E-2,-2.719545364E-1,1.269756079E0,1.301957075E0
1.766668448E1,1.248113140E-1,-1.316759109E0,1.258728981E0,1.825878162E0
1.767670870E1,1.572536528E-1,-1.409296989E0,1.249139547E0,1.889760917E0
1.768668214E1,-8.923205137E-1,-1.484530449E0,1.245427251E0,2.133343758E0
1.769668006E1,-9.307287931E-1,-1.554813385E0,-1.316084862E-1,1.816871361E0
1.770668865E1,-9.631347656E-1,-1.639767647E0,-2.751963139E-1,1.921509699E0
1.771668110E1,-9.801144600E-1,-2.299408913E0,-9.651358128E-1,2.679438904E0
1.772668110E1,-9.849146605E-1,-2.381875992E0,-1.076835394E0,2.793378706E0
1.773668266E1,-9.586663246E-1,-3.097655296E0,-1.222977996E0,3.465571329E0
1.774668303E1,-8.848387003E-1,-3.243248940E0,-2.018940926E0,3.921444335E0
1.775670605E1,1.117106006E-1,-4.343944550E0,-2.085332394E0,4.819849033E0
1.776668714E1,1.850039959E-1,-5.088304520E0,-2.083976746E0,5.501638705E0
1.777668803E1,2.584077418E-1,-5.803709507E0,-2.041678905E0,6.157781366E0
1.778668063E1,1.528762937E0,-5.933346272E0,-1.907598138E0,6.417214719E0
1.779668631E1,1.712377548E0,-6.779974461E0,-1.747268915E0,7.207859545E0
1.780668683E1,2.725340366E0,-6.817786694E0,-8.772177696E-1,7.394538966E0
1.781668214E1,2.817449093E0,-6.838788033E0,-6.864024401E-1,7.428202303E0
1.782669381E1,2.894981861E0,-6.819159031E0,1.347784042E0,7.529832116E0
1.783668579E1,2.887913465E0,-6.594077110E0,1.286468983E0,7.312790135E0
1.784668188E1,2.773546696E0,-5.342179298E0,2.838211060E0,6.654839063E0
1.785669126E1,2.537946939E0,-4.466068745E0,3.652812004E0,6.303172236E0
1.786668631E1,1.238928914E0,-3.431893349E0,4.510256767E0,5.801314758E0
1.787670454E1,-5.210435390E-2,-2.115842819E0,5.392073154E0,5.792577889E0
1.788668084E1,-3.128113151E-1,-4.174613953E-2,6.141954899E0,6.150057206E0
1.789668110E1,-2.158641338E0,1.922341347E0,6.240806103E0,6.877702341E0
1.790668735E1,-3.478284359E0,4.010695457E0,7.259606361E0,8.993665807E0
1.791668240E1,-4.710977554E0,5.392615318E0,7.988491058E0,1.072798205E1
1.792670063E1,-5.661309242E0,6.224713326E0,8.686127663E0,1.209323332E1
1.793750751E1,-5.836124420E0,6.276084900E0,8.585112572E0,1.213069445E1
1.794668740E1,-6.496121883E0,6.228466988E0,8.378587723E0,1.229610234E1
1.795668980E1,-6.447420597E0,5.521373749E0,8.060077667E0,1.170553939E1
1.796667870E1,-6.281748772E0,4.084251404E0,7.597156525E0,1.067043881E1
1.797670792E1,-6.007294178E0,2.330784798E0,6.086611748E0,8.863801875E0
1.798668631E1,-4.989895344E0,9.553880692E-1,4.774074554E0,6.971628917E0
1.799668423E1,-4.602793694E0,8.608770370E-1,2.929031134E0,5.523227538E0
1.800668735E1,-3.053615093E0,9.107799530E-1,6.143417358E-1,3.245227423E0
1.801668318E1,-6.507082582E-1,2.396552086E0,-2.710315704E0,3.675961691E0
1.802668162E1,6.972173452E-1,3.190849304E0,-3.603024960E0,4.863066951E0
1.803668266E1,8.891708851E-1,3.329709053E0,-4.497324944E0,5.665996725E0
1.804668188E1,2.277298450E0,3.400681496E0,-5.305303574E0,6.700520045E0
1.805669021E1,3.063517094E0,3.332122803E0,-5.473359585E0,7.102523812E0
1.806668370E1,3.258341789E0,2.232963562E0,-5.497199059E0,6.769203422E0
1.807670271E1,4.118289471E0,-5.656909943E-2,-5.373995781E0,6.770770922E0
1.808668396E1,4.078811646E0,-6.258964539E-2,-5.223731995E0,6.627819993E0
1.809668266E1,3.995397091E0,-1.885885239E0,-5.760255814E0,7.259497785E0
1.810671626E1,3.842772007E0,-2.754865646E0,-6.487535477E0,8.027720597E0
1.811667954E1,3.685009956E0,-2.830513000E0,-6.420945168E0,7.925884119E0
1.812668714E1,3.511537552E0,-2.801392555E0,-6.869438648E0,8.207794074E0
1.813666719E1,3.283548832E0,-2.125681400E0,-6.729215622E0,7.783479764E0
1.814668037E1,2.352162838E0,-1.178016663E0,-6.604630947E0,7.109257572E0
1.815669021E1,2.099283457E0,-1.511087418E-1,-6.398799419E0,6.736056628E0
1.816668240E1,3.180024028E-1,1.121231079E0,-6.045582294E0,6.156894505E0
1.817671339E1,4.887816310E-2,1.279578209E0,-4.434135437E0,4.615329516E0
1.818668266E1,-1.692742854E-2,2.016835213E0,-3.186742544E0,3.771370952E0
1.819668188E1,-1.740305305E0,1.176640511E0,-1.176529646E0,2.407772301E0
1.820668761E1,-2.522779942E0,-1.359014511E-1,-8.737469912E-1,2.673260489E0
1.821667980E1,-2.632165670E0,-2.036218643E-1,6.839471459E-1,2.727185670E0
1.822668110E1,-2.669194937E0,-1.528255463E0,8.714986444E-1,3.196822838E0
1.823668110E1,-2.661482096E0,-2.244113922E0,1.012812853E0,3.625648096E0
1.824668553E1,-2.597779274E0,-2.293987274E0,-5.499000549E-1,3.509020496E0
1.825668943E1,-2.406985998E0,-2.286187649E0,-6.065745354E-1,3.374636014E0
1.826668188E1,-1.424737215E0,-2.209428310E0,-6.973891258E-1,2.719889921E0
1.827670610E1,-1.218410730E0,-2.067553520E0,-1.292382360E0,2.725720901E0
1.828670558E1,1.250323653E-1,-1.157787323E0,-1.241421819E0,1.702125938E0
1.829667995E1,2.250509858E-1,-6.368350983E-2,-1.155995846E0,1.179419319E0
1.830669886E1,3.231173456E-1,-3.882789612E-2,-1.044146299E0,1.093688218E0
1.831668469E1,2.196826190E-1,-1.135196686E-1,-9.142405987E-1,9.470918860E-1
1.832668245E1,3.045223057E-1,-8.837223053E-2,-2.786610126E-1,4.221320241E-1
1.833668683E1,3.818610609E-1,-6.338691711E-2,-2.307860851E-1,4.506639415E-1
1.834668396E1,4.106415212E-1,-4.024505615E-2,-1.812373400E-1,4.506585147E-1
1.835669100E1,4.369863868E-1,-1.796150208E-2,-1.844873428E-1,4.746738854E-1
1.836668318E1,2.641280293E-1,-9.552288055E-2,-2.149645090E-1,3.536919235E-1
1.837670870E1,3.314355910E-1,-5.297088623E-2,-3.035688400E-1,4.525588430E-1
1.838668110E1,3.575695753E-1,-3.057098389E-2,-3.332515955E-1,4.897419853E-1
1.839668448E1,-7.628159523E-1,-8.292198181E-3,-3.477900028E-1,8.384001573E-1
1.840669334E1,-8.304977417E-1,-8.585453033E-2,-3.343453407E-1,8.993799565E-1
1.841668943E1,-9.393965006E-1,-6.352043152E-2,-2.965357304E-1,9.871342715E-1
1.842669178E1,-1.701945066E0,-4.124546051E-2,-2.277412415E-1,1.717610046E0
1.843669074E1,-1.812120914E0,-1.907730103E-2,-1.809246540E-1,1.821230321E0
1.844669100E1,-2.655138493E0,3.197669983E-3,-1.666697264E-1,2.660366410E0
1.845670141E1,-2.774809599E0,-7.435226440E-2,-1.821490526E-1,2.781775485E0
1.846671412E1,-3.586134911E0,-5.081748962E-2,-2.085916996E-1,3.592555707E0
1.847671511E1,-3.644563675E0,1.064642906E0,-2.247618437E-1,3.803528202E0
1.848669745E1,-4.240331650E0,1.161963463E0,-2.275871038E-1,4.402541025E0
1.849669693E1,-4.217201710E0,1.268160820E0,-2.376523018E-1,4.410158811E0
1.850668162E1,-4.195763588E0,1.356806755E0,-2.544862032E-1,4.417026136E0
1.851668709E1,-4.131908417E0,1.407534599E0,-2.729777098E-1,4.373595505E0
1.852669048E1,-4.032607079E0,1.414290428E0,-2.635291815E-1,4.281540014E0
1.853669230E1,-3.876599789E0,1.364462852E0,-2.215230465E-1,4.115684300E0
1.854669230E1,-3.672751427E0,1.279266357E0,-1.601577997E-1,3.892463998E0
1.855669464E1,-2.738429546E0,-1.491546631E-3,-4.632651806E-2,2.738821782E0
1.856669152E1,-1.404612184E0,3.310871124E-2,-6.808161736E-3,1.405018834E0
1.857673527E1,-3.888133764E-1,6.808090210E-2,5.224978924E-2,3.981719370E-1
1.858669516E1,1.560945034E0,1.032609940E-1,1.479564905E-1,1.571338078E0
1.859669126E1,1.492452621E0,3.872871399E-2,2.413765192E-1,1.512341682E0
1.860669204E1,2.826823235E0,1.167448044E0,2.725230455E-1,3.070526558E0
1.861669438E1,3.882582664E0,2.571022034E0,2.353801727E-1,4.662617963E0
1.862669230E1,4.846430302E0,4.167095184E0,1.638350487E-1,6.393700874E0
1.863669620E1,5.537339687E0,5.717860222E0,1.101015806E-1,7.960413223E0
1.864667917E1,5.556999207E0,7.040699959E0,8.246099949E-2,8.969865992E0
1.865669860E1,5.526737213E0,7.979620934E0,7.298672199E-2,9.706930592E0
1.866668428E1,5.388874054E0,8.044770241E0,8.988595009E-2,9.683303738E0
1.867667594E1,5.141050339E0,7.988875389E0,1.694389582E-1,9.501643970E0
1.868670318E1,4.116467476E0,7.770766258E0,1.751204610E0,8.966427957E0
1.869668475E1,3.197220325E0,6.124731064E0,1.562169552E0,7.083425875E0
1.870668032E1,2.093007565E0,4.817673683E0,1.572398424E0,5.482982508E0
1.871668527E1,6.114743352E-1,3.606350899E0,2.645683765E0,4.514344942E0
1.872668527E1,5.106790066E-1,2.582377434E0,2.667674780E0,3.747793349E0
1.873668995E1,-1.577193260E0,1.618842125E0,2.644300222E0,3.478579031E0
1.874668527E1,-1.851716995E0,-2.633705139E-1,2.513015747E0,3.132645528E0
1.875668579E1,-2.935483217E0,-2.534437180E-1,2.330514669E0,3.756673270E0
1.876668266E1,-3.074942827E0,-2.450799942E-1,1.273632884E0,3.337286071E0
1.877668605E1,-3.155668974E0,-2.342824936E-1,1.228282452E0,3.394379581E0
1.878668787E1,-3.194514751E0,-1.961318016E0,9.905455709E-1,3.877224959E0
1.879668318E1,-3.160871029E0,-2.117509365E0,9.582624435E-1,3.923419234E0
1.880668240E1,-3.065175533E0,-3.144152641E0,-4.201534986E-1,4.411068560E0
1.881668162E1,-2.919647932E0,-3.259338379E0,-5.895575881E-1,4.415337911E0
1.882667917E1,-2.104722023E0,-3.947368622E0,-1.316554904E0,4.663141714E0
1.883672610E1,-1.872763634E0,-4.016499996E0,-1.395686746E0,4.646230444E0
1.884668245E1,-8.246001601E-1,-4.103648186E0,-1.485098362E0,4.441329869E0
1.885666881E1,-5.855807066E-1,-4.730006218E0,-1.553967476E0,5.013050818E0
1.886670350E1,8.240485191E-1,-4.783775330E0,-1.608881474E0,5.113908677E0
1.887668917E1,9.563983679E-1,-4.858108997E0,-1.610729575E0,5.206762010E0
1.888669204E1,2.059705257E0,-5.510137081E0,-1.579687953E0,6.090928536E0
1.889668501E1,2.841168880E0,-5.548010349E0,-1.492510319E0,6.409387373E0
1.890668318E1,3.012377262E0,-5.600652218E0,-1.372418165E0,6.505786167E0
1.891668214E1,4.045872688E0,-5.644960880E0,-5.950677395E-1,6.970564881E0
1.892667876E1,4.079521656E0,-5.610145569E0,-4.168586731E-1,6.949100762E0
1.893664027E1,4.016695976E0,-5.526782990E0,1.124288678E0,6.924102961E0
1.894668709E1,3.872992992E0,-5.399301529E0,1.230905652E0,6.757785173E0
1.895668422E1,3.651207924E0,-4.523456573E0,1.337323427E0,5.965015727E0
1.896668475E1,2.592022419E0,-4.393206596E0,1.443172812E0,5.301093490E0
1.897667928E1,1.782845497E0,-3.459275246E0,3.325102806E0,5.118733433E0
1.898668683E1,2.703745067E-1,-3.290933132E0,4.037266731E0,5.215636674E0
1.899668188E1,1.766738445E-1,-1.867274761E0,4.850809097E0,5.200795860E0
1.900668084E1,-1.259150386E0,1.508426666E-2,5.529107094E0,5.670688890E0
1.901670360E1,-2.383245707E0,1.087194443E0,5.614246845E0,6.195290106E0
1.902668808E1,-3.672162056E0,2.716780663E0,6.545568943E0,7.981863449E0
1.903667105E1,-5.133455276E0,4.082098007E0,7.279135704E0,9.798045918E0
1.904668011E1,-6.491933823E0,5.102144241E0,8.030658722E0,1.151818389E1
1.905668475E1,-7.413020611E0,5.222496033E0,8.508677483E0,1.243482738E1
1.906668266E1,-7.508033752E0,5.867943764E0,8.321555138E0,1.265115073E1
1.907668292E1,-7.481172085E0,5.774016380E0,8.052476883E0,1.241569913E1
1.908668683E1,-7.317561150E0,4.565137863E0,7.640374184E0,1.152226117E1
1.909668110E1,-5.694553375E0,1.343062401E0,5.814441204E0,8.248604808E0
1.910668240E1,-4.163610458E0,-9.329891205E-2,4.360625267E0,6.029876405E0
1.911668214E1,-2.623608828E0,-1.346311569E-1,2.788558960E0,3.831123843E0
1.912668188E1,-1.247182608E0,-6.826019287E-2,1.307047129E0,1.807898257E0
1.913668969E1,3.727149963E-2,3.185272217E-3,-5.931079388E-2,7.012190039E-2
1.914668266E1,1.381254792E0,7.768726349E-2,-1.635288477E0,2.141977711E0
1.915667771E1,1.583487391E0,1.201109886E0,-1.776828647E0,2.665936480E0
1.916668084E1,1.534896135E0,2.673481941E0,-2.088965893E0,3.723867658E0
1.917668423E1,3.180857658E0,3.941061020E0,-3.136468887E0,5.957117968E0
1.918669527E1,3.136777639E0,4.703496933E0,-4.040416718E0,6.948900964E0
1.919669808E1,3.000939846E0,4.734972954E0,-5.112494469E0,7.587042146E0
1.920667954E1,1.659146190E0,4.628190994E0,-6.053746223E0,7.798766652E0
1.921669860E1,1.439264178E0,3.591639519E0,-6.100126266E0,7.223772994E0
1.922668063E1,1.416693330E0,2.336377144E0,-6.656309128E0,7.195285217E0
1.923668943E1,1.395534873E0,4.654693604E-2,-6.641113281E0,6.786314892E0
1.924668110E1,1.376389027E0,3.790092468E-2,-7.296164513E0,7.424951167E0
1.925668813E1,1.360247850E0,-2.324561596E0,-7.220513344E0,7.706469605E0
1.926668865E1,2.325858593E0,-3.219634056E0,-7.027706146E0,8.072441720E0
1.927668657E1,3.980164051E0,-3.374049187E0,-6.620449066E0,8.429487507E0
1.928668839E1,4.008770943E0,-3.308450222E0,-6.285055161E0,8.155857142E0
1.929668162E1,4.008173943E0,-2.372188091E0,-5.468533039E0,7.183146128E0
1.930668058E1,3.929373503E0,-1.355897903E0,-5.190134048E0,6.649505748E0
1.931668396E1,3.756590366E0,-1.424827576E-1,-4.873408794E0,6.154866838E0
1.932668318E1,2.733212709E0,-1.313753128E-1,-3.808431625E0,4.689548233E0
1.933669178E1,1.762394071E0,-1.151170731E-1,-3.492458820E0,3.913636852E0
1.934668370E1,5.637170672E-1,1.244547844E0,-2.483036041E0,2.834103782E0
1.935668136E1,3.074108958E-1,1.204105377E0,-2.203756332E0,2.530002607E0
1.936680334E1,2.538033724E-1,1.084778786E0,-1.924669743E0,2.223851340E0
1.937668334E1,-1.056129217E0,-1.171941757E-1,-1.167771816E0,1.578871246E0
1.938670298E1,-1.164734721E0,-8.617591858E-2,-1.055369377E0,1.574114920E0
1.939666974E1,-1.237003088E0,-5.409336090E-2,-9.806632996E-1,1.579494615E0
1.940668011E1,-1.233863115E0,-1.555669785E0,-9.816195965E-1,2.214972618E0
1.941668422E1,-1.157548666E0,-1.557033539E0,-9.942538738E-1,2.180094750E0
1.942668631E1,-1.066855669E0,-1.532588959E0,-1.003023982E0,2.119685600E0
1.943668865E1,-1.010379791E0,-1.472056389E0,-9.911172390E-1,2.042089791E0
1.944668527E1,-9.492149949E-1,-1.383585930E0,-9.520103931E-1,1.929156012E0
1.945668917E1,-9.888738394E-1,-4.757022858E-2,-9.153833389E-1,1.348354944E0
1.946668110E1,-1.015663028E0,-2.027702332E-2,-8.333034515E-1,1.313916735E0
1.947668631E1,-1.058488011E0,6.902694702E-3,-7.290792465E-1,1.285301935E0
1.948668735E1,-1.091993690E0,3.390407562E-2,-6.157054901E-1,1.254070554E0
1.949668240E1,-1.100691199E0,-3.912067413E-2,-5.295642614E-1,1.222084224E0
1.950668084E1,-1.065809846E0,-1.220035553E-2,-4.804658890E-1,1.169165064E0
1.951668162E1,-9.977147579E-1,1.462459564E-2,-4.541959763E-1,1.096331429E0
1.952668084E1,-8.960731030E-1,4.130840302E-2,-4.284945726E-1,9.941131670E-1
1.953668657E1,-7.848403454E-1,6.786155701E-2,-3.788357973E-1,8.741259177E-1
1.954677985E1,-6.738477349E-1,-5.996704102E-3,-3.260593414E-1,7.486130005E-1
1.955667876E1,-5.643228889E-1,1.963043213E-2,-2.551767826E-1,6.196457594E-1
1.956671074E1,4.826463759E-1,4.510307312E-2,-1.766747236E-1,5.159416337E-1
1.957668610E1,5.485647321E-1,7.035255432E-2,-9.183406830E-2,5.606302197E-1
1.958669204E1,-4.887492061E-1,9.534358978E-2,-1.158595085E-2,4.980967986E-1
1.959668292E1,-5.843420625E-1,2.037334442E-2,5.986630917E-2,5.877539401E-1
1.960668865E1,-1.524371028E0,1.112205505E0,1.178293228E-1,1.890659109E0
1.961668553E1,-1.634975672E0,1.195463181E0,1.462754011E-1,2.030683175E0
1.962668813E1,-2.570864439E0,1.297028542E0,1.696490049E-1,2.884511707E0
1.963669204E1,-3.444319248E0,2.087645531E0,1.770147085E-1,4.031492671E0
1.964669360E1,-3.473735332E0,2.138041496E0,1.981376410E-1,4.083787106E0
1.965670636E1,-3.484273911E0,2.174775124E0,2.327578068E-1,4.113877455E0
1.966669256E1,-3.444895267E0,2.184257507E0,2.901203632E-1,4.089309732E0
1.967669438E1,-3.365991592E0,2.158315659E0,3.432332277E-1,4.013232479E0
1.968669282E1,-3.232516050E0,2.093720436E0,3.637052774E-1,3.868476032E0
1.969669021E1,-3.060075760E0,1.989318848E0,3.798806667E-1,3.669572517E0
1.970669230E1,-2.834395885E0,1.184239388E0,3.769377470E-1,3.094883686E0
1.971669256E1,-1.886197925E0,1.073348999E0,3.471570015E-1,2.197803146E0
1.972670948E1,-1.665534616E0,1.146354675E-1,3.028355837E-1,1.696719257E0
1.973668016E1,-6.743313074E-1,4.508018494E-2,2.654067278E-1,7.260824102E-1
1.974681829E1,-4.169270992E-1,7.564830780E-2,2.502231598E-1,4.921000937E-1
1.975666964E1,1.653835297E0,1.062488556E-1,2.740595341E-1,1.679752552E0
1.976669724E1,1.766818285E0,1.363887787E-1,3.135352135E-1,1.799598033E0
1.977670089E1,1.846928358E0,1.885535240E0,2.937650681E-1,2.655689255E0
1.978668917E1,3.329540253E0,3.304196358E0,2.361409664E-1,4.696734442E0
1.979669907E1,4.082781792E0,4.746860504E0,1.808141470E-1,6.263743734E0
1.980669021E1,4.136367798E0,5.956086159E0,1.579596996E-1,7.253237357E0
1.981669568E1,4.743064880E0,7.036195755E0,1.876664162E-1,8.487634172E0
1.982667339E1,4.627163410E0,7.026795387E0,2.256655693E-1,8.416496872E0
1.983669777E1,4.421537876E0,6.893474579E0,3.195536137E-1,8.195858922E0
1.984669178E1,3.608108521E0,5.872489929E0,1.733232737E0,7.106945953E0
1.985669725E1,3.299110174E0,4.878878593E0,1.740426183E0,6.141389710E0
1.986669542E1,1.033361316E0,3.938804626E0,1.748136401E0,4.431478125E0
1.987670063E1,7.416767478E-1,3.164896965E0,1.557412863E0,3.604468341E0
1.988668266E1,6.583907604E-1,2.475962639E0,1.568161607E0,3.003830922E0
1.989668266E1,5.831143260E-1,2.306173325E0,1.576983452E0,2.854003246E0
1.990668870E1,-5.899329185E-1,1.230531693E0,1.542926669E0,2.059818390E0
1.991668141E1,-1.427003026E0,-1.877183914E-1,1.511672616E0,2.087278115E0
1.992670256E1,-1.579958916E0,-2.783823013E-1,1.288392544E0,2.057601086E0
1.993664313E1,-1.644671559E0,-2.652683258E-1,1.271684647E0,2.095827680E0
1.994668995E1,-1.683804870E0,-1.717061043E0,1.258897781E0,2.714465157E0
1.995668474E1,-1.682152390E0,-1.875207901E0,1.250551224E0,2.812457946E0
1.996668318E1,-1.650038242E0,-2.854889870E0,-1.060402393E-2,3.297443679E0
1.997669021E1,-1.554643989E0,-2.954080105E0,-1.513552666E-1,3.341618712E0
1.998668891E1,3.570332229E-1,-3.629988670E0,-1.015690088E0,3.786280077E0
1.999668396E1,4.453675449E-1,-3.685757637E0,-1.778637886E0,4.116638718E0
2.000668422E1,5.345764756E-1,-3.766834259E0,-1.903630495E0,4.254247455E0
2.001668423E1,4.237551689E-1,-4.468532085E0,-2.022931337E0,4.923372689E0
2.002668787E1,5.138934851E-1,-4.535463810E0,-2.078915834E0,5.015616566E0
2.003668136E1,6.038189530E-1,-4.640142441E0,-2.111590385E0,5.133647159E0
2.004668631E1,1.717182517E0,-5.428811073E0,-2.070132256E0,6.058560309E0
2.005668318E1,2.630092621E0,-5.473792076E0,-1.980487466E0,6.387653520E0
2.006668266E1,2.722057104E0,-5.511935711E0,-1.810198069E0,6.408420024E0
2.007671053E1,3.416190147E0,-5.541188717E0,-9.981147051E-1,6.585693622E0
2.008668548E1,3.474074364E0,-5.552821636E0,-2.249751091E-1,6.553902243E0
2.009667673E1,3.486727238E0,-5.534686089E0,1.566798806E0,6.726431106E0
2.010666881E1,3.396480083E0,-5.477786064E0,1.685741782E0,6.662127474E0
2.011667881E1,3.191909552E0,-5.356287956E0,1.608954549E0,6.439475289E0
2.012668657E1,2.109579086E0,-4.469648361E0,3.449467182E0,6.027180455E0
2.013667959E1,1.300095916E0,-3.659741402E0,4.327849388E0,5.815001018E0
2.014668136E1,1.410471201E-1,-2.526459694E0,5.194493294E0,5.778031971E0
2.015668266E1,9.329556674E-2,9.862518311E-2,5.943297386E0,5.944847753E0
2.016668422E1,-3.806061029E0,3.755128860E0,7.326800346E0,9.070231344E0
2.017669126E1,-5.406202316E0,5.448714256E0,8.282531738E0,1.129229129E1
2.018668605E1,-6.544349670E0,6.390573502E0,9.041945457E0,1.286175415E1
2.019668449E1,-6.734071255E0,6.427098274E0,8.947937965E0,1.291204483E1
2.020668292E1,-7.466386318E0,6.359748840E0,8.750310898E0,1.314386818E1
2.021668110E1,-7.423932552E0,5.574506760E0,8.436423302E0,1.254444651E1
2.022668683E1,-7.201729298E0,4.090370178E0,7.963260174E0,1.148954071E1
2.023668110E1,-6.030597210E0,2.173315048E0,6.384927750E0,9.047579973E0
2.024668058E1,-4.722892761E0,-1.358747482E-1,4.804419994E0,6.738444143E0
2.025671912E1,-3.501041412E0,-1.940326691E-1,2.811264753E0,4.494235103E0
2.026668214E1,-2.468539238E0,-1.435031891E-1,7.228194475E-1,2.576188481E0
2.027669834E1,-1.421460509E0,-8.676528931E-2,-1.024973392E0,1.754607834E0
2.028668209E1,-4.336189032E-1,1.225315094E0,-2.779442787E0,3.068342328E0
2.029670271E1,1.363194346E0,2.167845726E0,-3.121962070E0,4.037883243E0
2.030668266E1,1.337782264E0,2.350156784E0,-4.063140392E0,4.880779461E0
2.031668292E1,1.466929793E0,3.068667412E0,-4.295156479E0,5.478774670E0
2.032669021E1,1.561240673E0,3.057826042E0,-5.370403290E0,6.374088487E0
2.033668396E1,1.592210174E0,2.944632530E0,-5.464367867E0,6.408222074E0
2.034668553E1,1.412248373E0,1.788999557E0,-5.449260235E0,5.906725149E0
2.035668136E1,1.395453811E0,-2.825737000E-2,-5.359033108E0,5.537808742E0
2.036668422E1,1.380888104E0,-3.567409515E-2,-6.023549557E0,6.179908888E0
2.037668709E1,1.368264437E0,-3.980731964E-2,-6.007335186E0,6.161315463E0
2.038668344E1,2.454465628E0,-4.401779175E-2,-6.487609386E0,6.936527563E0
2.039667980E1,2.552647114E0,-1.436843872E-1,-6.274476528E0,6.775375133E0
2.040668084E1,3.509922266E0,-1.317389488E0,-6.029089451E0,7.099647103E0
2.041668188E1,3.560488224E0,-1.379202843E0,-5.743993282E0,6.897299160E0
2.042668761E1,3.624961615E0,-1.415335655E0,-4.828279018E0,6.201274063E0
2.043667896E1,3.645600319E0,-1.415051460E0,-4.494661331E0,5.957747293E0
2.044670438E1,3.544817924E0,-1.366255760E0,-3.237885714E0,4.991622263E0
2.045668688E1,3.335129976E0,-1.286189079E0,-2.909474373E0,4.608949493E0
2.046667094E1,2.254767418E0,-1.188491821E0,-1.772868872E0,3.104762947E0
2.047669001E1,7.088659406E-1,-1.007823944E-1,-1.515734315E0,1.676334849E0
2.048668474E1,6.677698493E-1,-7.277488708E-2,-1.276614666E0,1.442552516E0
2.049668709E1,4.298321009E-1,-1.425266266E-1,-1.108088613E0,1.197050478E0
2.050668605E1,3.945826888E-1,-1.148881912E-1,-1.041750073E0,1.119883034E0
2.051668787E1,-1.379232526E0,-9.128284454E-2,-1.075226784E0,1.751207456E0
2.052668683E1,-1.582541466E0,-4.716396332E-2,-1.773576498E0,2.377443064E0
2.053668501E1,-1.621003389E0,-1.209430695E-1,-1.714119315E0,2.362304858E0
2.054668136E1,-1.614761949E0,-9.469604492E-2,-1.613279581E0,2.284533759E0
2.055668188E1,-1.582395911E0,-6.841182709E-2,-1.452128887E0,2.148798572E0
2.056668396E1,-1.528725624E0,-4.216766357E-2,-5.884213448E-1,1.638603010E0
2.057668735E1,-1.389237881E0,-1.458644867E-2,-4.449448586E-1,1.458825069E0
2.058668188E1,-1.227913380E0,-8.673667908E-2,2.874387503E-1,1.264086846E0
2.059668318E1,4.096724987E-1,-5.922126770E-2,3.766043186E-1,5.596155176E-1
2.060668344E1,4.992953241E-1,-3.169822693E-2,4.424034357E-1,6.678483347E-1
2.061667876E1,5.866965055E-1,-1.350786209E0,4.680820704E-1,1.545295116E0
2.062670641E1,6.719990969E-1,-1.358324051E0,4.531232119E-1,1.581754614E0
2.063667652E1,5.550578237E-1,-1.349686623E0,3.841650486E-1,1.509081161E0
2.064666907E1,6.325930953E-1,-1.325303078E0,2.846059799E-1,1.495861904E0
2.065668089E1,6.476369500E-1,-1.268208504E0,1.982097626E-1,1.437732081E0
2.066667985E1,6.635417938E-1,-1.159394264E0,1.272784472E-1,1.341895143E0
2.067668839E1,6.787335873E-1,4.382324219E-2,9.441506863E-2,6.866687442E-1
2.068668344E1,4.951807857E-1,-3.783702850E-2,7.535386086E-2,5.023085263E-1
2.069668318E1,5.123224258E-1,-1.943397522E-2,6.335711479E-2,5.165908162E-1
2.070668605E1,-8.009144664E-1,1.316390991E0,8.092164993E-3,1.540913595E0
2.071668162E1,-8.974126577E-1,1.385044098E0,-4.169964790E-2,1.650889303E0
2.072668839E1,-1.027168512E0,1.454704285E0,-1.118650436E-1,1.784307568E0
2.073668422E1,-1.880535841E0,1.500555992E0,-1.912146807E-1,2.413430419E0
2.074668370E1,-1.993765354E0,1.559849739E0,-2.693196535E-1,2.545734584E0
2.075668084E1,-2.668990612E0,1.630732536E0,-3.515218496E-1,3.147438181E0
2.076668136E1,-2.742372751E0,1.661640167E0,-9.444698095E-1,3.342705427E0
2.077668787E1,-2.772963762E0,1.665899277E0,-9.561233521E-1,3.373235878E0
2.078668162E1,-2.793352842E0,1.645272255E0,-9.645971060E-1,3.382334766E0
2.079680355E1,-2.803369522E0,1.608122826E0,-9.594457150E-1,3.371272131E0
2.080668167E1,-2.776466846E0,1.578023911E0,-9.324524403E-1,3.326919771E0
2.081671136E1,-2.723610878E0,1.548032761E0,-8.807275295E-1,3.254249933E0
2.082667652E1,-2.602346420E0,1.495530128E0,-8.318487406E-1,3.114609058E0
2.083668240E1,-2.437989235E0,1.400225639E0,-7.703148127E-1,2.915100043E0
2.084669100E1,-2.227009058E0,-5.994796753E-3,-6.899229288E-1,2.331437095E0
2.085668527E1,-1.255833030E0,2.704429626E-2,-5.736273527E-1,1.380904172E0
2.086668240E1,-1.064315319E0,6.004810333E-2,1.399805546E-1,1.075159257E0
2.087669282E1,-1.735496521E-2,-6.804466248E-3,2.375149727E-1,2.382453732E-1
2.088669152E1,1.314367533E0,4.621219635E-2,4.100747108E-1,1.377627978E0
2.089669230E1,2.437384367E0,1.330563545E0,4.654999971E-1,2.815658386E0
2.090669490E1,3.224760771E0,2.608476639E0,5.086777210E-1,4.178754052E0
2.091669048E1,3.957366943E0,4.043501854E0,4.887543917E-1,5.678867953E0
2.092669256E1,4.096230507E0,5.376161575E0,4.783818722E-1,6.775770574E0
2.093664850E1,5.017759323E0,6.417615891E0,4.859209061E-1,8.160871367E0
2.094669256E1,5.022269249E0,6.544671059E0,4.886893034E-1,8.264062252E0
2.095669516E1,4.957385540E0,6.604221344E0,5.281875134E-1,8.274683861E0
2.096669386E1,4.819945812E0,6.555973053E0,6.122921705E-1,8.160120220E0
2.097675126E1,4.580474377E0,6.360953331E0,1.722709417E0,8.025596584E0
2.098669042E1,3.589125633E0,4.895136833E0,1.723528981E0,6.309892200E0
2.099670074E1,2.547706127E0,3.596617699E0,1.725842714E0,4.733391855E0
2.100668292E1,5.409169793E-1,2.391720772E0,1.729373813E0,3.000608807E0
2.101669412E1,2.618319988E-1,1.392296791E0,1.533313632E0,2.087605577E0
2.102670063E1,-1.175404668E0,-2.316503525E-1,1.535444856E0,1.947518658E0
2.103669334E1,-2.257443428E0,-2.235755920E-1,1.502790213E0,2.721105529E0
2.104669933E1,-3.114106655E0,-2.135963440E-1,1.472812295E0,3.451443135E0
2.105669438E1,-3.298722029E0,-2.010278702E-1,1.453002572E0,3.610151756E0
2.106669074E1,-3.439724922E0,-1.821390152E0,1.280915141E0,4.097549661E0
2.107669152E1,-3.391212702E0,-1.848058701E0,2.502059937E-1,3.870174103E0
2.108669308E1,-3.229376554E0,-1.884923935E0,1.457433701E-1,3.742065245E0
2.109669308E1,-2.322763920E0,-1.925930977E0,1.671361923E-2,3.017403138E0
2.110669282E1,-2.089555740E0,-1.980193138E0,-6.739189625E-1,2.956615434E0
2.111668162E1,-1.019000888E0,-2.045980930E0,-7.836195230E-1,2.416290614E0
2.112668240E1,-8.203008175E-1,-2.709548950E0,-9.200345278E-1,2.976745283E0
2.113668162E1,5.129305720E-1,-2.825884342E0,-1.662180662E0,3.318367768E0
2.114668058E1,6.281917095E-1,-3.843433857E0,-1.663163304E0,4.234704336E0
2.115670277E1,5.427364111E-1,-3.993708611E0,-1.645546436E0,4.353400321E0
2.116669870E1,6.504906416E-1,-5.118283272E0,-1.620259166E0,5.407883273E0
2.117671172E1,2.453969002E0,-5.247895718E0,-1.552930593E0,5.997830170E0
2.118668896E1,2.611894369E0,-6.129706383E0,-1.452661276E0,6.819495386E0
2.119668037E1,3.408392191E0,-6.186023235E0,-1.305078506E0,7.182426519E0
2.120668214E1,3.444901228E0,-6.232686996E0,-4.741066694E-1,7.137121885E0
2.121668266E1,3.445520639E0,-6.240628242E0,-2.985064983E-1,7.134855252E0
2.122668605E1,3.341042995E0,-6.199692726E0,1.415439129E0,7.183468948E0
2.123668318E1,3.177967787E0,-6.116046906E0,1.506498337E0,7.055143248E0
2.124668006E1,1.943218112E0,-5.196973324E0,2.819969177E0,6.223893839E0
2.125668448E1,1.680060863E0,-5.064424992E0,3.700737476E0,6.493570887E0
2.126668423E1,1.621081978E-1,-4.117954254E0,4.762247562E0,6.297843135E0
2.127668579E1,9.093078971E-2,-3.195096970E0,5.668369293E0,6.507482117E0
2.128668527E1,-1.376454353E0,-1.675391197E0,5.778961182E0,6.172354056E0
2.129668136E1,-2.903534651E0,-2.381134033E-2,6.672196388E0,7.276625941E0
2.130668292E1,-4.814430714E0,2.574293137E0,7.275454044E0,9.096040886E0
2.131668214E1,-6.436940193E0,4.352351189E0,7.952641964E0,1.111852842E1
2.132669152E1,-7.595242500E0,5.535717010E0,8.495151520E0,1.266883857E1
2.133668298E1,-7.714342117E0,6.185599327E0,8.366601944E0,1.295271174E1
2.134667042E1,-8.308299065E0,6.205831528E0,8.127738953E0,1.317574737E1
2.135667449E1,-8.168746948E0,6.110788345E0,7.725441456E0,1.279658574E1
2.136669131E1,-7.329400539E0,4.892373085E0,6.590223789E0,1.100393004E1
2.137668240E1,-6.025136471E0,3.490970612E0,5.613656044E0,8.944399336E0
2.138668891E1,-4.381453037E0,2.001210213E0,4.300424576E0,6.457214923E0
2.139668709E1,-2.860110760E0,1.000460625E0,2.654683113E0,4.028460928E0
2.140668058E1,-1.605052948E0,9.099111557E-1,7.954392433E-1,2.009193089E0
2.141668266E1,1.042461038E0,1.646277428E0,-1.273270488E0,2.327696741E0
2.142668318E1,1.230902076E0,2.860372543E0,-3.475651503E0,4.666583801E0
2.143668266E1,1.206933022E0,3.895615578E0,-4.514462948E0,6.083821476E0
2.144668006E1,1.320673466E0,4.010710716E0,-5.662066936E0,7.063213210E0
2.145669256E1,1.388394952E0,4.004368782E0,-6.690830231E0,7.920215847E0
2.146668370E1,2.399963379E0,3.899258614E0,-6.816475868E0,8.211478869E0
2.147668162E1,2.429047108E0,3.184457779E0,-7.527507305E0,8.526687952E0
2.148670896E1,2.450214624E0,2.395252228E0,-7.550530434E0,8.291640053E0
2.149668370E1,2.479500294E0,1.158497810E0,-8.241416931E0,8.683950248E0
2.150669855E1,3.280148029E0,-9.653472900E-2,-8.149472237E0,8.785362132E0
2.151667657E1,3.358213425E0,-1.279361725E0,-8.009718895E0,8.778949858E0
2.152668532E1,4.175220490E0,-1.455086708E0,-7.749892712E0,8.922476142E0
2.153668855E1,4.181100368E0,-1.526373863E0,-7.394263744E0,8.630559297E0
2.154667907E1,4.199823856E0,-1.467358589E0,-6.342839718E0,7.747469093E0
2.155669334E1,4.769551277E0,-1.800670624E-1,-5.969898701E0,7.643345735E0
2.156668292E1,4.631817341E0,-1.626644135E-1,-4.731762886E0,6.623425972E0
2.157668396E1,4.394950867E0,-1.390905380E-1,-3.715719700E0,5.756866525E0
2.158670636E1,3.191057920E0,-2.103691101E-1,-2.652767658E0,4.155030934E0
2.159668370E1,1.471251845E0,-1.562213898E-1,-1.491980910E0,2.101188747E0
2.160668344E1,1.583372056E-1,-1.173219681E-1,-5.232837200E-1,5.591609487E-1
2.161668318E1,8.769480139E-2,-7.914447784E-2,-3.730728626E-1,3.913279793E-1
2.162668344E1,-1.207582474E0,-1.422920227E-1,-2.870085239E-1,1.249350369E0
2.163668370E1,-1.452346563E0,-1.330826759E0,-2.914392948E-1,1.991317972E0
2.164668214E1,-2.313446522E0,-1.389596939E0,-8.725415468E-1,2.836255139E0
2.165668813E1,-2.434534311E0,-1.435596466E0,-8.894064426E-1,2.962927327E0
2.166668110E1,-2.530231953E0,-1.460475922E0,-9.001678228E-1,3.057019097E0
2.167668136E1,-2.592785120E0,-1.457977295E0,-8.909249306E-1,3.105153733E0
2.168674021E1,-2.663988352E0,-1.410594940E0,-8.398134708E-1,3.129200967E0
2.169669141E1,-3.201946497E0,-1.349890709E0,-7.476662397E-1,3.554387585E0
2.170669417E1,-3.180700779E0,-1.279711723E0,-6.028023958E-1,3.481076022E0
2.171666980E1,-3.136560917E0,-1.227340698E0,2.506414652E-1,3.377454769E0
2.172668193E1,-3.086642027E0,-1.189179420E0,3.694677353E-1,3.328364929E0
2.173668709E1,-3.012022495E0,-1.144749641E0,4.744671583E-1,3.256969502E0
2.174668396E1,-2.901058674E0,-1.089876175E0,5.428478718E-1,3.146212853E0
2.175668162E1,-2.762448549E0,-1.020909309E0,5.742453337E-1,3.000522539E0
2.176668761E1,-2.565153360E0,6.492328644E-2,5.601502657E-1,2.626403456E0
2.177668787E1,-1.765314102E0,9.139060974E-3,5.262480974E-1,1.842105985E0
2.178670818E1,-1.556563377E0,3.347015381E-2,5.101852417E-1,1.638382977E0
2.179668240E1,-7.351901531E-1,5.840682983E-2,4.897868633E-1,8.853288036E-1
2.180668475E1,-5.849339962E-1,8.392047882E-2,4.855316877E-1,7.648081109E-1
2.181668396E1,-4.677944779E-1,8.749961853E-3,4.843720198E-1,6.734422685E-1
2.182669318E1,-3.825063109E-1,3.186988831E-2,4.777628183E-1,6.128491481E-1
2.183668188E1,-3.353805542E-1,5.479812622E-2,4.412767887E-1,5.569633336E-1
2.184667954E1,-3.280313015E-1,7.741546631E-2,3.594995737E-1,4.927855849E-1
2.185668396E1,-3.852713108E-1,9.715461731E-2,2.289006710E-1,4.585504550E-1
2.186668360E1,-4.776791334E-1,1.715469360E-2,-5.615439415E-1,7.374301569E-1
2.187670256E1,-1.230518579E0,1.397868156E0,-6.154545546E-1,1.961375962E0
2.188671787E1,-1.285546422E0,1.474313736E0,-6.772727966E-1,2.070007014E0
2.189667459E1,-1.341733694E0,1.550395966E0,-7.415096760E-1,2.180324186E0
2.190667636E1,-1.408696294E0,1.626196861E0,-7.977254391E-1,2.294625755E0
2.191668865E1,-1.470536351E0,1.672792435E0,-8.395988941E-1,2.380260068E0
2.192668527E1,-1.522599697E0,1.709029198E0,-8.617413044E-1,2.445749111E0
2.193663646E1,-1.558452487E0,1.739291191E0,-8.339898586E-1,2.479807873E0
2.194668605E1,-1.524865270E0,1.764316559E0,-7.929478884E-1,2.463086146E0
2.195668188E1,-1.353202462E0,1.733186722E0,-7.343454361E-1,2.318265804E0
2.196668006E1,-5.436156988E-1,1.683478355E0,-6.821088791E-1,1.896019495E0
2.197668396E1,-3.616175652E-1,1.611200333E0,-6.247448921E-1,1.765514077E0
2.198670688E1,1.402429938E0,1.533882141E0,-5.336453915E-1,2.145782272E0
2.199668318E1,1.475460172E0,1.476596832E0,-3.985458612E-1,2.125125814E0
2.200668058E1,1.346922994E0,1.480817795E0,4.308350086E-1,2.047594124E0
2.201668370E1,3.106483459E0,1.568047523E0,5.098359585E-1,3.516951126E0
2.202668240E1,3.806311607E0,2.438027382E0,5.851632357E-1,4.557894424E0
2.203668162E1,3.948710680E0,3.423587799E0,6.507933140E-1,5.266573971E0
2.204667782E1,4.793479443E0,4.569212914E0,6.934866905E-1,6.658534043E0
2.205669787E1,4.793862343E0,5.640352249E0,7.715591192E-1,7.442445373E0
2.206668037E1,4.806878090E0,6.413413048E0,8.452500105E-1,8.059304652E0
2.207667053E1,4.754213333E0,6.484447479E0,9.066179991E-1,8.091511585E0
2.208670646E1,4.654327393E0,6.491401672E0,2.016040087E0,8.238050545E0
2.209668266E1,4.502218246E0,6.395733833E0,2.018165588E0,8.077646486E0
2.210668266E1,4.243378162E0,5.600320816E0,1.814445019E0,7.256863110E0
2.211669126E1,3.365620613E0,4.583095551E0,1.808771849E0,5.966893877E0
2.212669881E1,2.481489182E0,3.359549522E0,1.798931718E0,4.547583631E0
2.213668969E1,2.406687140E-1,1.035989761E0,1.796121240E0,2.087402147E0
2.214669256E1,-5.103568360E-2,-2.513561249E-1,1.556815505E0,1.577801971E0
2.215669126E1,-1.486480713E0,-2.417316437E-1,1.521743417E0,2.140972238E0
2.216669230E1,-1.758126020E0,-2.296762466E-1,1.490662456E0,2.316426739E0
2.217669620E1,-2.659969091E0,-2.162761688E-1,1.462041497E0,3.042988053E0
2.218669152E1,-2.714737177E0,-2.015781403E-1,7.036793232E-2,2.723120146E0
2.219669855E1,-2.720716953E0,-1.792873383E0,3.101348877E-2,3.258474726E0
2.220669152E1,-2.651201010E0,-1.823369980E0,5.540204048E-2,3.218169396E0
2.221669230E1,-2.525666952E0,-1.859000206E0,6.382358074E-2,3.136709864E0
2.222667964E1,-1.653010726E0,-1.905856133E0,9.193658829E-3,2.522858811E0
2.223670126E1,-1.497912049E0,-1.990314484E0,-1.201356649E-1,2.493897518E0
2.224669037E1,-1.331616282E0,-2.716704369E0,-8.508262634E-1,3.142863325E0
2.225667798E1,-1.369348466E-1,-2.819469929E0,-9.154226780E-1,2.967517567E0
2.226669860E1,-4.339079559E-2,-3.458049774E0,-8.522549868E-1,3.561787411E0
2.227669542E1,4.926325753E-2,-3.541313648E0,-9.314775467E-1,3.662100441E0
2.228669021E1,1.409730613E-1,-4.291473389E0,-1.025619745E0,4.414579608E0
2.229669152E1,2.872937918E-2,-4.397124290E0,-1.071174264E0,4.525808404E0
2.230668891E1,7.145603001E-2,-5.134705067E0,-1.040308475E0,5.239517517E0
2.231669490E1,1.414076328E0,-5.292201996E0,-2.543628216E-2,5.477924865E0
2.232668422E1,1.530046582E0,-5.368378162E0,1.413160443E0,5.758259205E0
2.233668449E1,2.183872700E0,-5.947637081E0,1.297706723E0,6.467436088E0
2.234668605E1,2.173942327E0,-5.934475899E0,1.385076404E0,6.470121025E0
2.235668136E1,2.114286423E0,-5.900394440E0,2.775972605E0,6.854989827E0
2.236668370E1,1.952744603E0,-5.852786064E0,2.958352327E0,6.842526192E0
2.237668995E1,1.050841570E0,-5.797658443E0,3.927552462E0,7.081156669E0
2.238668396E1,-1.418932974E-1,-5.735145092E0,4.020383835E0,7.005391432E0
2.239668110E1,-1.538223922E-1,-5.644790173E0,4.775691509E0,7.395576165E0
2.240678672E1,-1.663824022E-1,-4.670506477E0,4.845619202E0,6.732112544E0
2.241667865E1,-1.739913106E0,-3.522618294E0,5.673486233E0,6.901056679E0
2.242672584E1,-2.791981936E0,-1.737028122E0,6.297500610E0,7.104290518E0
2.243668011E1,-3.947946072E0,-5.995368958E-2,7.021402836E0,8.055431113E0
2.244668292E1,-4.986171246E0,2.243246078E0,7.809804916E0,9.533473107E0
2.245668917E1,-5.840471268E0,3.698741913E0,8.378854752E0,1.086264256E1
2.246668422E1,-6.545510769E0,4.689628601E0,8.272488594E0,1.154427976E1
2.247668709E1,-6.631801128E0,4.828095436E0,8.034747124E0,1.148252817E1
2.248667980E1,-6.570195198E0,5.517538071E0,7.626612663E0,1.147936897E1
2.249668501E1,-6.385767460E0,5.379124641E0,4.652058601E0,9.557963025E0
2.250668422E1,-5.411211967E0,4.418641090E0,2.426779032E0,7.395597374E0
2.251668370E1,-3.937077999E0,4.351394653E0,4.745978117E-2,5.868344829E0
2.252669074E1,-2.337970972E0,4.371474266E0,-1.282596350E0,5.120639503E0
2.253668396E1,-7.658611536E-1,4.505136490E0,-3.382433176E0,5.685389370E0
2.254668214E1,1.176298380E0,4.628770828E0,-4.412096024E0,6.501983434E0
2.255668188E1,1.372017145E0,4.668897629E0,-4.729227066E0,6.785766335E0
2.256668214E1,1.554417491E0,4.561086655E0,-5.770982742E0,7.518242283E0
2.257668709E1,2.868932247E0,3.179919243E0,-5.845499039E0,7.246552121E0
2.258670798E1,3.027983189E0,1.862845421E0,-5.787475586E0,6.792182927E0
2.259669652E1,3.084063530E0,4.417228699E-2,-5.712149620E0,6.491691022E0
2.260677266E1,3.028569698E0,2.691078186E-2,-6.260310650E0,6.954455266E0
2.261667829E1,2.934158802E0,-2.242488861E0,-6.950080872E0,7.870302935E0
2.262669021E1,2.878839970E0,-2.423491001E0,-7.747615814E0,8.613163124E0
2.263668162E1,2.796004295E0,-2.523852825E0,-8.199836731E0,9.023568890E0
2.264668188E1,2.744488001E0,-2.504789829E0,-8.026065826E0,8.844428705E0
2.265669100E1,2.711092710E0,-2.337602139E0,-7.732069492E0,8.520522641E0
2.266668266E1,2.691924334E0,-8.363723755E-2,-6.669471741E0,7.192725847E0
2.267668865E1,2.693802834E0,-1.530284882E-1,-4.721918583E0,5.438428682E0
2.268668136E1,2.572927952E0,-1.365718842E-1,-3.461273909E0,4.314977079E0
2.269668657E1,2.431698799E0,8.684320450E-1,-2.141128540E0,3.354365021E0
2.270668162E1,2.291833401E0,8.670959473E-1,-9.334275126E-1,2.622144664E0
2.271668344E1,2.139580965E0,-1.624822617E-1,-5.885993242E-1,2.225007046E0
2.272668995E1,1.968428493E0,-1.277523041E-1,-3.583878279E-1,2.004862393E0
2.273668214E1,2.844554186E-1,-9.366989136E-2,-2.281349897E-1,3.764764365E-1
2.274668162E1,2.467810512E-1,-6.260108948E-2,-1.936852932E-1,3.198965089E-1
2.275670063E1,2.117140144E-1,-3.610801697E-2,-2.101409435E-1,3.004760039E-1
2.276668032E1,-2.043388039E-2,-1.140241623E-1,-2.907069921E-1,3.129370677E-1
2.277667756E1,-5.036243796E-2,-9.152984619E-2,-1.017738581E0,1.023086461E0
2.278668245E1,-7.576842606E-2,-6.869220734E-2,-1.036125898E0,1.041161059E0
2.279667829E1,-9.600692242E-2,-4.561328888E-2,-1.040639281E0,1.046053543E0
2.280668839E1,-2.067111969E0,-2.334976196E-2,-1.018849611E0,2.304680376E0
2.281668318E1,-2.197594404E0,-1.009521484E-1,-9.736490250E-1,2.405744152E0
2.282667365E1,-3.046392202E0,-7.864379883E-2,-8.786426783E-1,3.171545878E0
2.283668396E1,-3.108146191E0,-1.317793846E0,-7.525720596E-1,3.458831894E0
2.284668553E1,-3.139233351E0,-1.420676231E0,3.722906113E-3,3.445739521E0
2.285668423E1,-3.066672564E0,-1.451336861E0,1.580476761E-2,3.392802542E0
2.286668318E1,-2.867612600E0,-1.463148117E0,2.242398262E-2,3.219395483E0
2.287669100E1,-1.933472276E0,-1.423244476E0,4.421210289E-2,2.401227726E0
2.288668474E1,-1.746174574E0,-1.328413963E0,5.949509144E-2,2.194846001E0
2.289668214E1,-8.927362561E-1,2.034187317E-2,7.094776630E-2,8.957820049E-1
2.290667928E1,-7.492260933E-1,-5.551052094E-2,7.638812065E-2,7.551531645E-1
2.291668162E1,3.278415501E-1,-3.103256226E-2,8.720123768E-2,3.406569502E-1
2.292668943E1,4.332685173E-1,-6.285667419E-3,1.222035885E-1,4.502164310E-1
2.293664266E1,-5.229824781E-1,1.852321625E-2,1.829043627E-1,5.543534864E-1
2.294667870E1,-5.687102675E-1,4.328346252E-2,2.613908052E-1,6.273993781E-1
2.295669313E1,-1.381411552E0,-3.470420837E-2,3.048425913E-1,1.415072883E0
2.296667615E1,-1.490650773E0,-1.280689240E-2,2.987856865E-1,1.520354113E0
2.297668766E1,-2.384966850E0,9.017944336E-3,2.497173548E-1,2.398021467E0
2.298668167E1,-2.474459648E0,3.067779541E-2,1.723756790E-1,2.480646096E0
2.299668527E1,-3.176545382E0,1.300066948E0,9.043920040E-2,3.433481306E0
2.300668683E1,-3.229054451E0,1.370190620E0,-4.811286926E-4,3.507736480E0
2.301668553E1,-3.272393942E0,1.450735092E0,-6.829111576E-1,3.644113345E0
2.302668943E1,-3.307219505E0,1.539580345E0,-8.004074097E-1,3.734790559E0
2.303668370E1,-3.218773365E0,1.540899277E0,-8.171627522E-1,3.660959918E0
2.304668553E1,-3.084383011E0,1.532026291E0,-8.091554642E-1,3.537690727E0
2.305668579E1,-2.863305330E0,1.518643379E0,-7.957607508E-1,3.337368769E0
2.306668657E1,-1.901361585E0,1.504395485E0,-7.958052158E-1,2.551800853E0
2.307668787E1,-1.635720491E0,1.492936134E0,-7.551498413E-1,2.339805785E0
2.308668240E1,-3.168829679E-1,1.460680008E0,-6.908024549E-1,1.646574910E0
2.309668136E1,1.407342076E0,1.429371834E0,-5.787351131E-1,2.087737984E0
2.310668214E1,1.527657509E0,1.437911987E0,-4.496914148E-1,2.145588664E0
2.311667808E1,1.643282294E0,1.544758797E0,2.334587574E-1,2.267412497E0
2.312672115E1,3.519188881E0,2.513862610E0,2.681530714E-1,4.333139932E0
2.313668428E1,4.469501972E0,3.538048744E0,2.852705717E-1,5.707505243E0
2.314667235E1,5.301428795E0,4.648390770E0,3.029671907E-1,7.057228432E0
2.315668037E1,5.920327187E0,5.598235130E0,3.429127932E-1,8.155249828E0
2.316669704E1,5.975485802E0,6.315406799E0,4.095385075E-1,8.703936776E0
2.317668943E1,6.676278114E0,6.380087852E0,4.593343735E-1,9.246036909E0
2.318668266E1,6.562420368E0,6.364766121E0,5.220422745E-1,9.156862836E0
2.319668423E1,6.337128639E0,6.221660614E0,5.981466770E-1,8.900901057E0
2.320668214E1,4.978317738E0,3.884489059E0,1.799625516E0,6.565938984E0
2.321668084E1,3.811846495E0,2.485904694E0,1.805750966E0,4.895981250E0
2.322668943E1,2.450864315E0,1.231885910E0,1.810936213E0,3.286908692E0
2.323668422E1,1.649270803E-1,-1.935949326E-1,1.615277886E0,1.635176623E0
2.324668553E1,3.620859981E-2,-1.815242767E-1,1.617625475E0,1.628181287E0
2.325668396E1,-1.846148014E0,-1.725711823E-1,1.582831740E0,2.437908862E0
2.326668318E1,-2.928528547E0,-1.605014801E-1,1.550698638E0,3.317635671E0
2.327669126E1,-3.202228546E0,-1.450891495E-1,1.527482867E0,3.550848129E0
2.328668188E1,-4.024685383E0,-1.366246223E0,1.311909437E0,4.448126296E0
2.329680532E1,-4.087069035E0,-1.382940292E0,1.303428531E0,4.507281118E0
2.330668115E1,-4.023353100E0,-1.404556274E0,1.301800132E0,4.455876129E0
2.331670818E1,-3.880488634E0,-1.442986488E0,1.301270008E0,4.339781755E0
2.332670146E1,-2.816869259E0,-1.483689308E0,1.300611973E0,3.439139120E0
2.333669230E1,-2.568083286E0,-1.548630714E0,-1.400233507E-1,3.002151794E0
2.334668292E1,-1.462561131E0,-1.643529892E0,-2.775567770E-1,2.217501597E0
2.335668344E1,-1.264127016E0,-2.354219437E0,-1.001721025E0,2.853736372E0
2.336669074E1,5.624226481E-2,-2.437090397E0,-1.113385439E0,2.679962673E0
2.337669542E1,1.794755012E-1,-3.076362133E0,-1.208047509E0,3.309923596E0
2.338669126E1,1.414375603E-1,-3.898165226E0,-1.336873889E0,4.123460744E0
2.339669386E1,1.301631093E0,-4.001256943E0,-1.331355333E0,4.413253635E0
2.340669881E1,1.442789078E0,-4.743996620E0,-1.275690794E0,5.120012818E0
2.341668943E1,2.159191847E0,-4.816300869E0,-1.132519722E0,5.398283469E0
2.342669464E1,2.241368055E0,-4.896128654E0,-3.133492470E-1,5.393884900E0
2.343669204E1,2.324648857E0,-4.962976456E0,-1.032634974E-1,5.481404105E0
2.344669048E1,2.370369196E0,-5.023523808E0,1.335338831E0,5.712930191E0
2.345669282E1,2.336787462E0,-5.054441452E0,1.430418253E0,5.749265206E0
2.346669230E1,2.248557806E0,-5.053978920E0,1.525168180E0,5.738018221E0
2.347675094E1,2.082603931E0,-5.025671959E0,1.423194647E0,5.623175329E0
2.348668178E1,1.323872685E0,-4.977124214E0,3.453048229E0,6.200640806E0
2.349670521E1,1.119059205E0,-4.908230305E0,3.599626303E0,6.188725858E0
2.350668277E1,-1.677940488E-1,-4.819495201E0,4.394900322E0,6.524633145E0
2.351668469E1,-2.077663988E-1,-4.038110733E0,4.459849834E0,6.019947318E0
2.352668240E1,-1.736096025E0,-3.101369858E0,5.237060070E0,6.329243444E0
2.353669074E1,-2.869994879E0,-1.593276978E0,5.332657814E0,6.261999800E0
2.354669985E1,-4.216619015E0,3.537654877E-2,6.276628494E0,7.561560201E0
2.355668292E1,-5.613132000E0,2.395388603E0,7.016773224E0,9.299475463E0
2.356668292E1,-7.734365940E0,5.029608727E0,8.527403831E0,1.256320009E1
2.357668240E1,-7.841869831E0,5.156396866E0,8.393405914E0,1.259097351E1
2.358668266E1,-7.816439152E0,5.206163406E0,8.164509773E0,1.244427894E1
2.359668266E1,-7.632956982E0,5.098097801E0,7.777820587E0,1.203109000E1
2.360668136E1,-7.261633396E0,3.883171082E0,6.336757660E0,1.039061282E1
2.361668240E1,-5.528384686E0,2.568492889E0,4.830183506E0,7.777587393E0
2.362668449E1,-4.068914890E0,1.595907211E0,2.917829990E0,5.255161279E0
2.363668136E1,-2.489986897E0,1.527040482E0,7.377387881E-1,3.012664252E0
2.364668058E1,-8.820683360E-1,1.536226273E0,-1.138946772E0,2.105999871E0
2.365670172E1,1.214912176E0,1.656125069E0,-2.809047222E0,3.479871856E0
2.366670079E1,1.224032998E0,2.521448135E0,-3.771497250E0,4.698951903E0
2.367668074E1,1.418003678E0,3.249635696E0,-4.054113388E0,5.385787032E0
2.368668011E1,1.557885289E0,3.402427673E0,-5.010604858E0,6.253773396E0
2.369668449E1,2.893061399E0,3.470010757E0,-5.163764000E0,6.861139670E0
2.370669178E1,2.919496775E0,3.385249138E0,-5.773243427E0,7.301623985E0
2.371668193E1,2.852800369E0,2.565425873E0,-5.654403687E0,6.833166243E0
2.372668396E1,2.746523380E0,1.697213173E0,-5.496230125E0,6.374360268E0
2.373668527E1,2.626653671E0,2.595043182E-2,-5.416187763E0,6.019557527E0
2.374668214E1,2.480019093E0,2.944374084E-2,-6.195165634E0,6.673188059E0
2.375668683E1,2.458074570E0,-8.144187927E-2,-6.791596413E0,7.223194944E0
2.376668370E1,2.477129936E0,-1.772429466E0,-6.609024048E0,7.277147642E0
2.377668553E1,3.172268629E0,-1.794479370E0,-6.357315063E0,7.327953280E0
2.378668318E1,3.159138918E0,-1.727428436E0,-6.080140114E0,7.066277061E0
2.379668084E1,3.143246412E0,-6.568241119E-2,-5.221090794E0,6.094596070E0
2.380668735E1,3.065714836E0,-1.527519226E-1,-4.851826668E0,5.741268381E0
2.381668240E1,2.920653820E0,-1.350202560E-1,-3.520531654E0,4.576307719E0
2.382669172E1,2.709738970E0,-1.131324768E-1,-2.630153179E0,3.777987558E0
2.383668105E1,1.731193662E0,-8.866024017E-2,-2.295106649E0,2.876179178E0
2.384667277E1,1.516766071E0,-6.021976471E-2,-1.148932457E0,1.903746707E0
2.385668308E1,1.381619722E-1,-1.280632019E-1,-9.461514950E-1,9.647235696E-1
2.386668011E1,8.395400643E-2,-9.290599823E-2,-7.987323999E-1,8.084882475E-1
2.387667803E1,3.330559656E-2,-6.050491333E-2,-7.282621861E-1,7.315298483E-1
2.388668448E1,-1.387161389E-2,-3.022003174E-2,-7.324303389E-1,7.331847470E-1
2.389668605E1,-5.816179514E-2,1.335144043E-4,-7.446601391E-1,7.469280655E-1
2.390669021E1,-2.656526566E-1,-7.324123383E-2,-7.618699074E-1,8.101736654E-1
2.391668474E1,-1.846368611E-1,-2.761745453E-2,-7.205202579E-1,7.443137352E-1
2.392668292E1,-1.424443722E-1,-2.154350281E-3,-6.604517698E-1,6.756416067E-1
2.393663688E1,-1.009485275E-1,2.304172516E-2,-5.811001062E-1,5.902532166E-1
2.394668553E1,-2.591278553E-1,-5.187511444E-2,-4.758123159E-1,5.442753282E-1
2.395668969E1,-1.496696711E0,-2.702617645E-2,-3.422601223E-1,1.535569422E0
2.396668370E1,-1.565622091E0,-2.782821655E-3,3.085054159E-1,1.595730512E0
2.397668344E1,-1.669463158E0,2.130031586E-2,3.149863482E-1,1.699051894E0
2.398668240E1,-2.345661879E0,4.522800446E-2,2.933430672E-1,2.364365745E0
2.399670974E1,-2.367018938E0,-3.079605103E-2,2.518448830E-1,2.380578269E0
2.400671548E1,-2.378148556E0,-6.973266602E-3,2.078955173E-1,2.387228461E0
2.401668605E1,-2.362486124E0,1.601409912E-2,1.772965193E-1,2.369183655E0
2.402668844E1,-2.270031929E0,3.575325012E-2,1.568088531E-1,2.275722362E0
2.403668402E1,-2.137184858E0,5.574226379E-2,1.537443399E-1,2.143432677E0
2.404668219E1,-1.977397084E0,-2.375984192E-2,1.707333326E-1,1.984896378E0
2.405669282E1,-1.240327477E0,-3.153800964E-3,1.995166540E-1,1.256275883E0
2.406668449E1,-1.149853706E0,1.749038696E-2,2.334285975E-1,1.173438695E0
2.407668474E1,-1.080623865E0,3.829956055E-2,2.725704908E-1,1.115127556E0
2.408668579E1,-1.049694419E0,5.900669098E-2,2.904179096E-1,1.090725779E0
2.409671027E1,-1.160288453E0,6.389617920E-5,2.173179388E-1,1.180464479E0
2.410668553E1,-1.868006706E0,2.147483826E-2,1.258200407E-1,1.872362386E0
2.411668396E1,-1.920590520E0,4.300785065E-2,2.651095390E-2,1.921254916E0
2.412668501E1,-2.604215622E0,1.054197311E0,-6.147899628E-1,2.875975952E0
2.413669152E1,-2.667153120E0,1.147839546E0,-6.527472734E-1,2.976125063E0
2.414668266E1,-3.319456100E0,1.239333153E0,-7.150255442E-1,3.614691826E0
2.415668995E1,-3.351496696E0,1.830789566E0,-7.690417767E-1,3.895605960E0
2.416668006E1,-3.404663324E0,1.864530563E0,-7.962610722E-1,3.962604985E0
2.417668188E1,-3.417484283E0,1.910852432E0,-7.882232666E-1,3.993976936E0
2.418669501E1,-3.391876936E0,1.965921402E0,-7.533880472E-1,3.992151006E0
2.419671136E1,-3.272495270E0,2.010982513E0,-6.943064928E-1,3.903247041E0
2.420670407E1,-3.059131622E0,2.007878304E0,-6.153428555E-1,3.710594076E0
2.421666798E1,-1.929327250E0,1.946658134E0,-5.137962103E-1,2.788506424E0
2.422667881E1,-9.340684414E-1,1.850061417E0,1.600977182E-1,2.078663604E0
2.423668605E1,1.644713879E-1,1.222290993E0,2.537410259E-1,1.259138839E0
2.424668579E1,1.217422128E0,1.219602585E0,3.512372971E-1,1.758668457E0
2.425669152E1,2.362228870E0,1.296434402E0,4.373234510E-1,2.729856992E0
2.426668423E1,3.354616165E0,2.087538719E0,4.772570133E-1,3.979829365E0
2.427668266E1,4.313422203E0,3.938632011E0,4.552520514E-1,5.858812819E0
2.428668136E1,5.063702583E0,4.878665924E0,4.331767559E-1,7.044863885E0
2.429670870E1,5.028447151E0,5.647001266E0,4.299081564E-1,7.573554323E0
2.430669126E1,4.927474022E0,5.741561890E0,4.579299688E-1,7.579923022E0
2.431668344E1,4.766068935E0,5.759676933E0,4.955711365E-1,7.492321551E0
2.432668240E1,4.522391796E0,5.677180290E0,5.806280375E-1,7.281451265E0
2.433668214E1,3.632894754E0,4.970990181E0,1.729431629E0,6.395279621E0
2.434668344E1,3.327470779E0,3.971891403E0,1.735914588E0,5.464556941E0
2.435668631E1,2.055993557E0,2.877203941E0,1.743656993E0,3.942810132E0
2.436668079E1,3.507873416E-1,1.854493141E0,1.751611352E0,2.574944446E0
2.437669756E1,7.006159425E-2,9.283351898E-1,1.559639692E0,1.816367480E0
2.438668402E1,-3.181863576E-3,-1.920661926E-1,1.565537214E0,1.577278135E0
2.439669334E1,-6.947664917E-2,-1.819581985E-1,1.534900188E0,1.547208577E0
2.440668740E1,-1.713427544E0,-1.700353622E-1,1.506678581E0,2.287974283E0
2.441669282E1,-1.859906554E0,-1.562833786E-1,1.483712792E0,2.384340692E0
2.442668162E1,-1.942029476E0,-2.415370941E-1,1.268519759E0,2.332158021E0
2.443668006E1,-1.949999213E0,-1.642898560E0,1.259657502E0,2.844002397E0
2.444668370E1,-1.914586306E0,-1.687214851E0,1.255834460E0,2.844196700E0
2.445669100E1,-1.751444817E0,-1.810205460E0,1.296950936E0,2.833105096E0
2.446668188E1,-1.609557867E0,-1.892301559E0,-2.124463320E-1,2.493314092E0
2.447668474E1,-1.464377761E0,-2.495484352E0,-3.274360895E-1,2.911882342E0
2.448668501E1,-1.321613550E0,-2.552600861E0,-4.491430521E-1,2.909323463E0
2.449670766E1,-1.185840607E0,-2.650104523E0,-5.735002756E-1,2.959421310E0
2.450669152E1,1.218256205E-1,-3.448522568E0,-1.287412047E0,3.683012240E0
2.451668240E1,1.562474668E-2,-3.552232265E0,-1.323065996E0,3.790659815E0
2.452668084E1,1.056903526E-1,-4.350295067E0,-1.335089922E0,4.551780170E0
2.453668318E1,1.920114309E-1,-4.444174290E0,-1.260608912E0,4.623493088E0
2.454668251E1,2.750197649E-1,-5.146437645E0,-1.158256769E0,5.282330456E0
2.455672350E1,1.894883275E0,-5.202354431E0,-1.017758131E0,5.629467636E0
2.456667844E1,1.990220428E0,-5.269087791E0,-1.941063404E-1,5.635773308E0
2.457670834E1,2.091869116E0,-5.334519863E0,-5.391812325E-2,5.730264019E0
2.458668324E1,2.679336309E0,-5.394156456E0,1.240083098E0,6.149274187E0
2.459673631E1,2.655252934E0,-5.423839092E0,1.318713188E0,6.181213725E0
2.460669334E1,2.596966982E0,-5.427659035E0,1.397332430E0,6.177075200E0
2.461669334E1,2.433753014E0,-5.404826641E0,1.278834462E0,6.063886735E0
2.462669412E1,1.616285086E0,-5.345083237E0,1.343887448E0,5.743546444E0
2.463669777E1,5.616606772E-2,-4.199753284E0,2.734189987E0,5.011674088E0
2.464669386E1,2.783537284E-2,-3.003694534E0,3.862277508E0,4.892866564E0
2.465670115E1,-2.002459466E-1,-1.151743889E0,4.559617996E0,4.707093445E0
2.466669282E1,-2.270509243E0,1.162222862E0,5.220958710E0,5.810712870E0
2.467669438E1,-3.955569744E0,3.468978882E0,6.058281898E0,8.023909648E0
2.468669230E1,-5.526679516E0,5.136795998E0,6.929506302E0,1.024445788E1
2.469673318E1,-6.740651131E0,6.134274483E0,7.754287720E0,1.196639792E1
2.470669178E1,-7.613186359E0,6.217178345E0,8.286529541E0,1.285614580E1
2.471669490E1,-7.708081722E0,6.178178787E0,8.146492004E0,1.280428635E1
2.472680141E1,-7.733897686E0,5.426330566E0,7.865417004E0,1.229321038E1
2.473668350E1,-7.533405781E0,3.855431557E0,7.478257179E0,1.129340009E1
2.474669412E1,-6.250282288E0,1.916853905E0,6.107418537E0,8.946559045E0
2.475667120E1,-4.551742077E0,-1.838502884E-1,4.786048412E0,6.607451571E0
2.476669620E1,-2.961094618E0,-1.420974731E-1,3.214324236E0,4.372659754E0
2.477668188E1,-1.590382457E0,-9.355640411E-2,1.430370331E0,2.141034433E0
2.478669204E1,-2.987505794E-1,-4.021263123E-2,-1.033982038E0,1.077027307E0
2.479670662E1,1.134839177E0,1.567667961E0,-1.168691993E0,2.260814846E0
2.480668032E1,1.119850397E0,2.638966560E0,-3.250404358E0,4.333974839E0
2.481668787E1,1.279878616E0,3.737280846E0,-5.150772095E0,6.491210254E0
2.482668308E1,1.349236608E0,3.802911758E0,-6.049330711E0,7.271655886E0
2.483668396E1,1.374562025E0,3.722733498E0,-6.159361839E0,7.327066515E0
2.484668813E1,1.159796357E0,2.793170929E0,-6.077728748E0,6.788646269E0
2.485668943E1,1.147705674E0,1.817340851E0,-5.889854908E0,6.269796402E0
2.486668110E1,1.137517452E0,-4.632186890E-2,-5.662759781E0,5.776066136E0
2.487668162E1,1.129883170E0,-5.091285706E-2,-5.507206917E0,5.622148710E0
2.488668501E1,1.122800827E0,-5.450153351E-2,-5.387191772E0,5.503225173E0
2.489670662E1,2.900162935E0,-1.239879608E0,-5.261202812E0,6.134207490E0
2.490673600E1,3.014053345E0,-2.038439751E0,-5.666544914E0,6.734202659E0
2.491668016E1,4.017567635E0,-2.041865826E0,-5.497701168E0,7.108782166E0
2.492678693E1,4.089710236E0,-1.908795357E0,-5.309687138E0,6.968644561E0
2.493663011E1,4.662579536E0,-8.989715576E-2,-5.128420830E0,6.931697457E0
2.494668068E1,4.607758045E0,-1.677103043E-1,-4.872083187E0,6.707962100E0
2.495668188E1,4.404178619E0,-1.472358704E-1,-3.919957161E0,5.897841288E0
2.496668553E1,3.364995956E0,-1.234912872E-1,-3.046123028E0,4.540629184E0
2.497668266E1,2.550587654E0,9.099225998E-1,-2.025471687E0,3.381714369E0
2.498668188E1,1.761788130E0,9.628133774E-1,-1.073606610E0,2.276738493E0
2.499670870E1,1.946093142E-1,-1.194992065E-1,-8.280544281E-1,8.589685567E-1
2.500668032E1,1.434431374E-1,-8.487510681E-2,-7.572402954E-1,7.753660957E-1
2.501668266E1,9.550513327E-2,-5.207347870E-2,-7.787152529E-1,7.862762382E-1
2.502668344E1,5.077373981E-2,-1.387733459E0,-1.599513650E0,2.118212936E0
2.503668396E1,-1.110263109E0,-1.431148529E0,-1.599522114E0,2.416472900E0
2.504668240E1,-1.197212577E0,-1.432924271E0,-1.593780398E0,2.454939078E0
2.505668709E1,-1.301118374E0,-1.393485069E0,-1.573321581E0,2.471851625E0
2.506668136E1,-1.404360890E0,-1.309323311E0,-1.520881772E0,2.449415932E0
2.507668266E1,-2.304488659E0,-1.219662666E0,-1.420949697E0,2.969401125E0
2.508670855E1,-2.408796787E0,-1.139925003E0,-1.274762988E0,2.954107590E0
2.509670370E1,-3.121671200E0,-1.090855598E0,-4.645128250E-1,3.339246798E0
2.510669094E1,-3.156533718E0,-1.061470032E0,-3.036733866E-1,3.344045644E0
2.511668271E1,-3.190949440E0,-1.063264847E0,-1.330895424E-1,3.366066442E0
2.512668011E1,-3.204044342E0,-1.087386131E0,5.167988539E-1,3.422775161E0
2.513668396E1,-3.182168007E0,-1.111357689E0,5.693532228E-1,3.418401999E0
2.514668344E1,-3.069189072E0,-1.139870644E0,6.198306084E-1,3.332178961E0
2.515668527E1,-2.893841982E0,-1.144677162E0,6.282327175E-1,3.174788744E0
2.516668448E1,-2.101473570E0,-1.104015350E0,6.475610733E-1,2.460564245E0
2.517668370E1,-1.080332994E0,-9.212465286E-1,6.620515585E-1,1.566565291E0
2.518668214E1,-9.062899947E-1,1.062211990E-1,6.787931919E-1,1.137279515E0
2.519670662E1,-7.172617912E-1,1.279983521E-1,7.019283772E-1,1.011707221E0
2.520668240E1,6.427386403E-1,1.502151489E-1,7.258708477E-1,9.811044992E-1
2.521668110E1,7.526564002E-1,1.727619171E-1,7.210068703E-1,1.056498577E0
2.522668136E1,6.558799148E-1,9.554576874E-2,6.912837029E-1,9.576954706E-1
2.523668214E1,-8.418138623E-1,1.157674789E-1,6.246551275E-1,1.054631081E0
2.524668214E1,-9.660554528E-1,1.339654922E-1,5.278763771E-1,1.108992047E0
2.525668162E1,-2.030932188E0,1.522445679E-1,4.221695662E-1,2.079925745E0
2.526670037E1,-2.155367374E0,1.706399918E-1,3.236024380E-1,2.186194196E0
2.527669975E1,-3.146752596E0,1.509014130E0,2.263164520E-1,3.497198118E0
2.528668178E1,-3.231393576E0,1.574300766E0,1.450589895E-1,3.597411493E0
2.529670407E1,-3.307384491E0,1.625877380E0,8.261740208E-2,3.686338978E0
2.530668266E1,-3.349899292E0,1.651433945E0,3.666388988E-2,3.735023906E0
2.531668553E1,-3.343537092E0,1.650060654E0,1.300382614E-2,3.728553278E0
2.532668422E1,-3.251646519E0,1.619647980E0,1.856696606E-2,3.632741306E0
2.533668423E1,-3.130311489E0,1.553205490E0,3.583288193E-2,3.494650384E0
2.534668214E1,-2.915402889E0,1.253795624E-1,7.415068150E-2,2.919039631E0
2.535668344E1,-1.924030185E0,1.780214310E-1,1.831065416E-1,1.940904889E0
2.536668422E1,-8.114314079E-1,1.111955643E-1,2.208269835E-1,8.482628955E-1
2.537668501E1,8.310198784E-3,1.444883347E-1,2.872838974E-1,3.216799278E-1
2.538668423E1,1.682995439E0,1.777830124E-1,9.354181290E-1,1.933672031E0
2.539670740E1,1.802165747E0,2.109680176E-1,1.965457916E0,2.674945552E0
2.540668579E1,1.900487065E0,1.499855042E0,2.001805067E0,3.141439122E0
2.541668006E1,3.775510788E0,3.080586433E0,1.836672902E0,5.207481333E0
2.542668110E1,4.865410805E0,4.782771111E0,8.394291401E-1,6.873991786E0
2.543668006E1,5.755550861E0,6.345799446E0,2.102111578E-1,8.569698073E0
2.544668589E1,5.834012032E0,7.496932983E0,2.003810406E-1,9.501571086E0
2.545667240E1,6.566061974E0,8.232043266E0,1.964398623E-1,1.053177548E1
2.546667063E1,6.470638752E0,8.219302177E0,1.993778944E-1,1.046259268E1
2.547667907E1,6.223150253E0,8.059650421E0,2.268300056E-1,1.018513701E1
2.548668605E1,5.177527428E0,6.757188797E0,3.226914406E-1,8.518833281E0
2.549671027E1,4.039568424E0,5.433991432E0,1.831745148E0,7.014389940E0
2.550668448E1,2.604514360E0,4.032936096E0,1.815943122E0,5.132808007E0
2.551668396E1,5.967870951E-1,2.806777000E0,1.570933104E0,3.271388510E0
2.552668501E1,-1.236572981E0,1.259500504E0,1.570907593E0,2.362880640E0
2.553668136E1,-2.077663898E0,1.113665581E0,1.535642624E0,2.813385251E0
2.554668553E1,-2.335072994E0,-1.529989243E-1,1.504764438E0,2.782137770E0
2.555668370E1,-3.190142870E0,-2.439184189E-1,1.277164578E0,3.444946601E0
2.556668110E1,-3.280889750E0,-2.315225601E-1,1.258856773E0,3.521726937E0
2.557668501E1,-3.267511845E0,-2.170886993E-1,1.248049498E0,3.504481232E0
2.558668058E1,-3.209137440E0,-1.558922768E0,1.241013169E0,3.777422003E0
2.559670480E1,-3.050485373E0,-1.712173462E0,1.238125086E0,3.710788690E0
2.560668344E1,-2.296266556E0,-2.692089081E0,1.036112428E0,3.686965239E0
2.561669230E1,-2.143011093E0,-2.805662155E0,-3.925597668E-2,3.530690826E0
2.562667907E1,-1.961473942E0,-3.550927162E0,-2.000094652E-1,4.061584361E0
2.563667152E1,-1.161014318E0,-3.630261898E0,-1.111915350E0,3.970278509E0
2.564668860E1,-9.997021556E-1,-3.731891155E0,-1.254225492E0,4.061957358E0
2.565668063E1,5.681494474E-1,-4.521217346E0,-1.989369869E0,4.972101423E0
2.566668110E1,6.808525324E-1,-4.597457886E0,-2.090808630E0,5.096239781E0
2.567668423E1,7.924614549E-1,-4.700518131E0,-2.202646732E0,5.251144493E0
2.568668370E1,1.951808929E0,-5.458398819E0,-2.233944893E0,6.212421875E0
2.569670688E1,2.735080242E0,-5.498564720E0,-2.197658539E0,6.522620713E0
2.570668474E1,3.595811605E0,-5.620199203E0,-1.951761484E0,6.951681313E0
2.571668449E1,4.504656315E0,-5.646117210E0,-8.251678944E-1,7.269901658E0
2.572668474E1,4.540591717E0,-5.635529518E0,-7.094144821E-3,7.237141453E0
2.573668370E1,4.483326912E0,-5.581693649E0,1.438100100E0,7.302304848E0
2.574668891E1,4.343801022E0,-5.488206387E0,1.370809197E0,7.132190022E0
2.575668344E1,4.107155323E0,-5.364887714E0,2.713215351E0,7.280953411E0
2.576668501E1,3.027976751E0,-4.525321007E0,3.507735252E0,6.476988499E0
2.577667954E1,2.738357544E0,-4.380192757E0,4.317574501E0,6.732469101E0
2.578668188E1,1.424146771E0,-3.174972534E0,5.045164585E0,6.128811492E0
2.579676886E1,-2.628218383E-2,-1.909016132E0,5.772520542E0,6.080051542E0
2.580667870E1,-1.091380119E-1,5.690097809E-2,5.833208084E0,5.834506438E0
2.581668818E1,-2.494674921E0,2.304898262E0,6.423927307E0,7.266553585E0
2.582668261E1,-4.378564835E0,4.267655373E0,7.070554256E0,9.347590592E0
2.583669600E1,-6.072910786E0,5.584662437E0,7.932123184E0,1.144496737E1
2.584669126E1,-7.368232727E0,6.245600700E0,8.507120132E0,1.287126546E1
2.585668865E1,-8.247680664E0,6.254673958E0,8.334131241E0,1.328920337E1
2.586669282E1,-8.353495598E0,6.153299332E0,8.085606575E0,1.315374529E1
2.587669386E1,-9.012811661E0,4.925820351E0,7.632405281E0,1.279640928E1
2.588669126E1,-7.703190327E0,-1.603479385E-1,5.698623657E0,9.583275236E0
2.589673631E1,-6.205711365E0,-1.297845840E-1,4.107500076E0,7.443067544E0
2.590669100E1,-4.720281601E0,-8.432865143E-2,2.291051626E0,5.247579182E0
2.591669568E1,-3.290302277E0,-2.777957916E-2,3.950842619E-1,3.314053764E0
2.592669412E1,-1.782780051E0,3.643512726E-2,-1.157671928E0,2.125990716E0
2.593664407E1,-2.478955984E-1,1.154346466E0,-2.692006350E0,2.939535027E0
2.594668917E1,1.308282137E0,2.365079880E0,-2.951659679E0,4.002186884E0
2.595669074E1,1.532619238E0,3.423182487E0,-3.194044590E0,4.926359804E0
2.596669673E1,1.698955894E0,3.618426323E0,-4.334215641E0,5.896175490E0
2.597672928E1,1.814272642E0,4.299448013E0,-5.097493172E0,6.910953268E0
2.598667782E1,2.800388813E0,4.182395935E0,-5.208685398E0,7.243273903E0
2.599672959E1,2.849352837E0,3.059204102E0,-5.705480099E0,7.073191958E0
2.600668100E1,2.817937374E0,2.101730347E0,-5.536081314E0,6.557914136E0
2.601668261E1,2.763178349E0,9.114551544E-2,-5.427319050E0,6.090915708E0
2.602668396E1,2.678445339E0,8.424663544E-2,-6.075367928E0,6.640125178E0
2.603668370E1,2.685688496E0,-2.406406403E-2,-6.067037582E0,6.634941356E0
2.604668579E1,3.467335224E0,-1.122584343E0,-6.554519653E0,7.499622460E0
2.605668657E1,3.515460968E0,-1.938236237E0,-6.338494301E0,7.502781853E0
2.606668266E1,4.435153484E0,-1.817810059E0,-5.980369568E0,7.664192065E0
2.607668318E1,4.353054047E0,-1.117095947E-1,-5.150447845E0,6.744529011E0
2.608668761E1,4.167191505E0,-1.051464081E-1,-4.823798180E0,6.375387807E0
2.609671417E1,3.117497206E0,-9.634113312E-2,-3.648002625E0,4.799582647E0
2.610668527E1,2.053216696E0,-8.263778687E-2,-3.297544956E0,3.885399663E0
2.611668136E1,6.842941642E-1,9.116697311E-1,-2.074671984E0,2.367205957E0
2.612668370E1,4.157816768E-1,9.543275833E-1,-1.801586628E0,2.080704188E0
2.613668266E1,-9.756057262E-1,-1.189212799E-1,-1.571547508E0,1.853566933E0
2.614668006E1,-1.235844374E0,-8.883380890E-2,-1.384534836E0,1.857993400E0
2.615670204E1,-2.238815069E0,-5.983352661E-2,-1.278420925E0,2.578804573E0
2.616668938E1,-2.380183220E0,-1.370968819E0,-1.220643401E0,3.005794067E0
2.617669391E1,-2.446151257E0,-1.489218712E0,-1.244423628E0,3.122501963E0
2.618666824E1,-2.396557808E0,-1.575915337E0,-1.264607549E0,3.134681918E0
2.619672126E1,-2.273723125E0,-1.606038094E0,-1.252311587E0,3.052451395E0
2.620668448E1,-1.402032137E0,-1.591278076E0,-1.182819963E0,2.428358106E0
2.621668370E1,-1.270590782E0,-1.537481308E0,-1.078062534E0,2.267260139E0
2.622667980E1,-1.151240706E0,-1.454841614E0,-9.543434381E-1,2.086310304E0
2.623669048E1,-1.051687956E0,-1.370544434E0,-8.225798607E-1,1.913394164E0
2.624668292E1,-8.897628784E-1,-1.260640144E0,-6.004847288E-1,1.655739552E0
2.625668448E1,-8.098034859E-1,-1.266308784E0,-4.807922840E-1,1.578125738E0
2.626668396E1,-7.603803873E-1,-1.308752060E0,-3.914678097E-1,1.563412081E0
2.627668214E1,-7.303696275E-1,-1.354001999E0,-3.383578062E-1,1.575197515E0
2.628668475E1,-7.222192287E-1,-1.377263069E0,-3.121607304E-1,1.586158409E0
2.629671782E1,-7.090100646E-1,-1.377082825E0,-3.128291368E-1,1.580162791E0
2.630668162E1,-7.006750107E-1,-1.332141876E0,-3.034862280E-1,1.535464535E0
2.631668084E1,-7.051385641E-1,-1.267450333E0,-2.695177794E-1,1.475225601E0
2.632668292E1,-7.457529902E-1,-1.175559998E0,-2.030960321E-1,1.406889061E0
2.633669386E1,-7.930430174E-1,-1.055182457E0,-1.090788841E-1,1.324471762E0
2.634669396E1,-8.366996050E-1,1.567201614E-1,4.589319229E-3,8.512628853E-1
2.635669079E1,-8.919012547E-1,1.828699112E-1,1.248912811E-1,9.189815475E-1
2.636667204E1,-9.523856640E-1,1.088857651E-1,7.439827919E-1,1.213426948E0
2.637668193E1,-1.642426491E0,1.347408295E-1,7.777055502E-1,1.822236481E0
2.638668423E1,-1.692917347E0,1.604442596E-1,7.887955904E-1,1.874542608E0
2.639671001E1,-1.761055470E0,1.857786179E-1,7.589324713E-1,1.926605449E0
2.640668761E1,-1.827727318E0,2.083272934E-1,6.731064320E-1,1.958841412E0
2.641668813E1,-1.875501394E0,1.512895584E0,6.246972084E-2,2.410448297E0
2.642668318E1,-1.925136089E0,1.630939484E0,-7.432866096E-2,2.524210235E0
2.643668136E1,-1.840398073E0,1.717684746E0,-1.476519108E-1,2.521766651E0
2.644668344E1,-1.699049830E0,1.813656807E0,-2.310538292E-1,2.495898077E0
2.645668787E1,-1.522279859E0,1.893280983E0,-3.087582588E-1,2.448914149E0
2.646668214E1,-7.641676664E-1,1.955781937E0,-3.664519787E-1,2.131507039E0
2.647668396E1,-6.659157276E-1,2.025321960E0,-3.914694786E-1,2.167630308E0
2.648668527E1,-5.716391802E-1,2.110878944E0,-3.773670197E-1,2.219231204E0
2.649670662E1,-4.860724211E-1,2.190852165E0,-3.580505848E-1,2.272509588E0
2.650668136E1,-3.840007782E-1,2.241425514E0,-3.487505913E-1,2.300667709E0
2.651669048E1,-2.726157904E-1,2.212592125E0,-3.377649784E-1,2.254765722E0
2.652670344E1,-1.749007702E-1,2.091107368E0,-3.000788689E-1,2.119756503E0
2.653668584E1,1.453722835E0,1.205712318E0,-2.328104973E-1,1.902959012E0
2.654667709E1,1.496663928E0,2.158813477E-1,-1.442143917E-1,1.519014635E0
2.655668131E1,1.338237047E0,1.374292374E-1,4.694204330E-1,1.424823053E0
2.656668063E1,1.377302527E0,1.585187912E-1,4.939438105E-1,1.471757775E0
2.657668474E1,1.413613081E0,1.791219711E-1,5.156242847E-1,1.515339905E0
2.658668318E1,1.446985722E0,1.991338730E-1,5.197501183E-1,1.550342595E0
2.659670714E1,2.494964123E0,2.084737778E0,4.948167801E-1,3.288741586E0
2.660668318E1,3.175684929E0,4.679785728E0,4.478617907E-1,5.673266203E0
2.661668136E1,3.214503765E0,5.574862480E0,4.718892574E-1,6.452503824E0
2.662668240E1,3.776257038E0,5.674732208E0,5.202069283E-1,6.836177156E0
2.663668370E1,3.754828215E0,5.710454941E0,6.138439178E-1,6.861839032E0
2.664668370E1,3.662790775E0,5.637557030E0,1.906447053E0,6.988034480E0
2.665669048E1,3.493207932E0,5.442190170E0,1.914562225E0,6.744292700E0
2.666668292E1,2.616045952E0,4.022036552E0,1.916519403E0,5.166577308E0
2.667668084E1,1.778054237E0,2.914995193E0,1.920267224E0,3.917409866E0
2.668668188E1,6.376819015E-1,1.903648376E0,1.923392177E0,2.780279269E0
2.669670506E1,3.815992475E-1,1.137309074E0,1.724837542E0,2.100988925E0
2.670670271E1,-1.104891658E0,9.791259766E-1,1.683579564E0,2.239176947E0
2.671667865E1,-1.344153523E0,-1.029396057E-1,1.646557450E0,2.128026479E0
2.672668339E1,-2.367005348E0,-9.617233276E-2,1.612178445E0,2.865498696E0
2.673667933E1,-2.477878332E0,-8.729362488E-2,1.583848000E0,2.942120951E0
2.674668240E1,-2.519699335E0,-1.758146286E-1,1.364027143E0,2.870603694E0
2.675668292E1,-2.479538202E0,-1.625709534E-1,1.350968957E0,2.828366337E0
2.676668475E1,-2.389634371E0,-1.483688354E-1,-6.492507458E-2,2.395116073E0
2.677668292E1,-1.681243062E0,-1.457873344E0,-1.664639711E-1,2.231520373E0
2.678668214E1,-8.490881324E-1,-2.332658768E0,-3.512134552E-1,2.507109586E0
2.679668396E1,2.482655942E-1,-2.470788002E0,-4.297196865E-1,2.520136537E0
2.680668188E1,3.411963284E-1,-3.464907646E0,-4.904543161E-1,3.516041150E0
2.681668318E1,4.325735569E-1,-3.598654747E0,-5.318871737E-1,3.663378200E0
2.682668490E1,5.229284167E-1,-4.542409897E0,-4.955574274E-1,4.599186772E0
2.683668188E1,4.145964384E-1,-4.637077332E0,-4.410784245E-1,4.676422411E0
2.684668084E1,4.814144075E-1,-5.371803761E0,-3.591630459E-1,5.405278306E0
2.685668396E1,5.137429237E-1,-5.441898823E0,-2.372790575E-1,5.471242632E0
2.686668240E1,5.449032784E-1,-5.515658379E0,1.317971706E0,5.697056815E0
2.687668355E1,5.778391361E-1,-6.112648964E0,1.384362578E0,6.294031710E0
2.688669553E1,4.098808169E-1,-6.135083199E0,1.251284122E0,6.274787653E0
2.689668870E1,4.433606267E-1,-6.136870384E0,1.322103977E0,6.293306419E0
2.690667974E1,4.766139984E-1,-6.111320496E0,2.600091934E0,6.658519142E0
2.691668485E1,5.106545687E-1,-6.052121639E0,3.315587759E0,6.919686887E0
2.692668423E1,5.425618291E-1,-5.942453861E0,3.962743998E0,7.163132780E0
2.693663855E1,-8.554042578E-1,-5.007465363E0,4.070202827E0,6.509452885E0
2.694668292E1,-1.555296898E0,-4.120115280E0,4.944636345E0,6.621459578E0
2.695668527E1,-2.316817045E0,-2.682222366E0,4.980646133E0,6.113002041E0
2.696668162E1,-4.002769947E0,1.502187729E0,6.741286278E0,7.982711062E0
2.697668240E1,-4.162933826E0,3.376216888E0,6.750402451E0,8.619558676E0
2.698668501E1,-4.992199898E0,4.594565392E0,7.361409187E0,1.001111563E1
2.699668657E1,-4.946794987E0,4.737214088E0,7.111171246E0,9.873233232E0
2.700668318E1,-4.821446896E0,5.387862206E0,6.156041622E0,9.495907422E0
2.701668240E1,-4.606346607E0,5.377850533E0,5.004272461E0,8.670781296E0
2.702669594E1,-3.742878675E0,5.377541542E0,3.705157042E0,7.526970341E0
2.703669490E1,-3.416762352E0,5.347078323E0,2.210817814E0,6.719615091E0
2.704668943E1,-1.759315610E0,5.212794304E0,5.344843864E-1,5.527575366E0
2.705673214E1,-2.960907221E-1,4.335563660E0,-6.861554980E-1,4.399498986E0
2.706667969E1,1.506648898E0,4.342536926E0,-8.042029142E-1,4.666300482E0
2.707668350E1,1.444494009E0,4.371216774E0,-2.552800179E0,5.264113200E0
2.708666917E1,1.573069096E0,4.403647423E0,-2.807169914E0,5.454068200E0
2.709667912E1,1.694317698E0,4.355590820E0,-3.656850815E0,5.934175742E0
2.710668449E1,3.139787197E0,3.332596779E0,-3.798283339E0,5.949068940E0
2.711668865E1,3.151833773E0,2.083987236E0,-4.647352695E0,5.989569768E0
2.712669204E1,3.046813488E0,-1.791763306E-2,-4.709346771E0,5.609040959E0
2.713669438E1,2.830413342E0,-1.638412476E-2,-6.089875221E0,6.715511026E0
2.714669308E1,1.470653653E0,-1.332584381E0,-8.018933296E0,8.260865240E0
2.715669126E1,1.439810157E0,-1.443092346E0,-7.971175194E0,8.227709449E0
2.716669204E1,1.216249108E0,-1.493759155E0,-7.832863331E0,8.066246108E0
2.717669386E1,1.200614095E0,-1.488451004E0,-7.553330898E0,7.791647339E0
2.718669803E1,1.195011377E0,-1.422189713E0,-6.450437069E0,6.712586249E0
2.719669152E1,2.169511795E0,-1.318742752E0,-5.391617775E0,5.959480355E0
2.720669204E1,2.186474323E0,-3.394889832E-2,-4.127604485E0,4.671074959E0
2.721668943E1,2.152698517E0,-1.164216995E-1,-2.809015751E0,3.540936939E0
2.722668865E1,2.105219364E0,-9.449958801E-2,-1.584701777E0,2.636694610E0
2.723672589E1,2.035820961E0,-6.859493256E-2,-6.266947985E-1,2.131201215E0
2.724667985E1,1.913833618E0,-3.903293610E-2,-3.721852303E-1,1.950078084E0
2.725667152E1,1.760740757E0,-6.162643433E-3,-1.912277937E-1,1.771105322E0
2.726666626E1,5.962498188E-1,-7.580947876E-2,-1.288796663E-1,6.147120398E-1
2.727668350E1,5.706391931E-1,-4.952812195E-2,-1.588535309E-1,5.944043807E-1
2.728668240E1,5.473991632E-1,-2.724266052E-2,-8.991942406E-1,1.053061389E0
2.729668448E1,5.264562368E-1,-1.276938438E0,-9.226824045E-1,1.661045082E0
2.730669386E1,5.073788166E-1,-1.297393799E0,-9.392092228E-1,1.680112466E0
2.731668344E1,2.907885909E-1,-1.314088821E0,-9.302711487E-1,1.636090415E0
2.732668318E1,-7.238192558E-1,-1.381560326E0,-7.938945293E-1,1.750111931E0
2.733668449E1,-1.494296312E0,-1.403689384E0,-6.448510885E-1,2.149208758E0
2.734668318E1,-1.593959689E0,-1.417346954E0,1.711721420E-1,2.139831718E0
2.735668865E1,-1.713357210E0,-1.422222137E0,2.719464302E-1,2.243270737E0
2.736668344E1,-2.504842997E0,-1.415508270E0,3.831963539E-1,2.902540533E0
2.737668344E1,-2.571687698E0,-1.379074097E0,4.741055965E-1,2.956382773E0
2.738668396E1,-2.634968042E0,-1.336318970E0,5.471987724E-1,3.004701561E0
2.739668058E1,-2.631577492E0,-1.281940460E0,5.748552084E-1,2.983124193E0
2.740668813E1,-2.565208197E0,-1.237511635E0,5.470505953E-1,2.900171114E0
2.741669672E1,-2.448368549E0,-1.217538834E0,5.105905533E-1,2.781656355E0
2.742668428E1,-2.300982475E0,-1.209119797E0,4.804923534E-1,2.643362241E0
2.743667443E1,-2.109632969E0,-1.169358253E0,4.874887466E-1,2.460811912E0
2.744670308E1,-1.348162889E0,-1.103707314E0,5.116182566E-1,1.815892687E0
2.745669365E1,-1.205884576E0,-1.010599136E0,5.507297516E-1,1.666964752E0
2.746668037E1,-1.063429117E0,9.428310394E-2,5.931034088E-1,1.221287208E0
2.747668292E1,-9.308981895E-1,1.211214066E-1,6.289442778E-1,1.129961388E0
2.748668188E1,-8.219958544E-1,1.481485367E-1,6.289160252E-1,1.045543180E0
2.749668292E1,-7.638778687E-1,1.719293594E-1,5.936834812E-1,9.826134432E-1
2.750668787E1,-7.208089828E-1,9.559631348E-2,5.125859976E-1,8.896339977E-1
2.751668449E1,-7.293927670E-1,1.482923508E0,-5.919460058E-1,1.755413345E0
2.752668396E1,-7.216478586E-1,1.584554672E0,-7.018721104E-1,1.877288896E0
2.753668579E1,-7.071349621E-1,2.207262039E0,-8.282243013E-1,2.461300684E0
2.754668787E1,-6.914951801E-1,2.250317574E0,-1.469476461E0,2.775149696E0
2.755668709E1,-6.801913977E-1,2.302085876E0,-1.480382323E0,2.820246717E0
2.756668344E1,-6.985396147E-1,2.369174957E0,-1.487733722E0,2.883452652E0
2.757668266E1,-7.327414751E-1,2.422812462E0,-1.480984569E0,2.932617532E0
2.758667980E1,-7.719936371E-1,2.455453873E0,-1.443222880E0,2.950952419E0
2.759668344E1,-8.168879747E-1,2.458961487E0,-1.378540516E0,2.934990888E0
2.760672094E1,-8.593664169E-1,2.423376083E0,-1.311065674E0,2.886200873E0
2.761670287E1,-8.659785986E-1,2.371142387E0,-1.220564485E0,2.803928105E0
2.762672318E1,-8.306192160E-1,2.281756401E0,-1.167682171E0,2.694405724E0
2.763669698E1,-7.530885935E-1,1.519749641E0,-1.108590841E0,2.026266284E0
2.764668344E1,-6.138229370E-1,1.397713661E0,-1.029646873E0,1.841345910E0
2.765669074E1,3.490154743E-1,1.167049408E-1,-9.334107637E-1,1.003338177E0
2.766668501E1,5.166294575E-1,1.449880600E-1,-8.125036955E-1,9.736990239E-1
2.767668579E1,1.578114986E0,1.724882126E-1,-6.818078756E-1,1.727732929E0
2.768668214E1,1.626056910E0,1.995201111E-1,-1.894950867E-2,1.638361508E0
2.769668423E1,3.705587387E0,1.293766975E0,2.489924431E-2,3.925026222E0
2.770668761E1,4.384811401E0,2.541899681E0,3.867459297E-2,5.068463351E0
2.771668787E1,5.076005459E0,3.944169044E0,4.516339302E-2,6.428401092E0
2.772668240E1,5.777370453E0,5.240013123E0,6.475591660E-2,7.799996167E0
2.773668761E1,5.869929314E0,6.205933571E0,8.613038063E-2,8.542663524E0
2.774668032E1,6.672543049E0,6.309195518E0,1.252598763E-1,9.183924481E0
2.775668709E1,6.577335358E0,6.335887909E0,2.079936266E-1,9.134991918E0
2.776668370E1,6.397578239E0,6.235823631E0,8.952479362E-1,8.978639794E0
2.777668214E1,6.122781277E0,5.334847450E0,1.003810167E0,8.182706321E0
2.778673110E1,5.014918327E0,4.113707542E0,1.957161069E0,6.775136532E0
2.779667943E1,3.755548000E0,2.849413872E0,1.967078209E0,5.108101103E0
2.780672141E1,2.178279877E0,1.743032455E0,1.976773143E0,3.419166188E0
2.781668011E1,-8.837848902E-3,-6.358051300E-2,1.984647989E0,1.985685834E0
2.782669641E1,-1.254874021E-1,-5.098247528E-2,1.970523834E0,1.975173532E0
2.783668240E1,-2.268843412E0,-1.360740662E-1,1.755205750E0,2.871744036E0
2.784668553E1,-3.303318977E0,-1.245002747E-1,1.710486650E0,3.721986186E0
2.785669360E1,-3.588566303E0,-1.093120575E-1,1.674971819E0,3.961727885E0
2.786668448E1,-4.533945560E0,-9.555816650E-2,1.653405428E0,4.826960039E0
2.787668709E1,-4.453988552E0,-1.293108940E0,1.481855154E0,4.868884826E0
2.788668292E1,-4.308660030E0,-1.359749794E0,1.471583247E0,4.751739472E0
2.789668709E1,-3.332422495E0,-1.450898170E0,1.463046074E0,3.917990429E0
2.790669100E1,-3.097097874E0,-2.097319603E0,3.847002983E-1,3.760154129E0
2.791668162E1,-2.211601257E0,-2.211977005E0,-3.384890556E-1,3.146203622E0
2.792667980E1,-1.997228265E0,-2.981905460E0,-4.589035511E-1,3.618186477E0
2.793663120E1,-1.103987813E0,-3.103565216E0,-5.811532736E-1,3.344943239E0
2.794668214E1,6.649449468E-2,-4.028353214E0,-7.066344023E-1,4.090401364E0
2.795668917E1,2.060981095E-1,-4.154708862E0,-8.142570257E-1,4.238761218E0
2.796679683E1,3.399023414E-1,-5.028941154E0,-8.900223970E-1,5.118390626E0
2.797668350E1,1.419314861E0,-5.127688885E0,-8.930816650E-1,5.394927510E0
2.798674636E1,1.613522172E0,-5.835927010E0,-8.255331516E-1,6.110892148E0
2.799667011E1,2.483269215E0,-5.878011703E0,-7.030473948E-1,6.419651331E0
2.800669381E1,2.532201529E0,-5.923389912E0,1.307964325E-3,6.441940262E0
2.801668501E1,2.563251495E0,-5.950088501E0,1.836417913E-1,6.481322065E0
2.802668370E1,2.552827120E0,-5.951097488E0,1.329831839E0,6.610668676E0
2.803668527E1,2.448580027E0,-5.915843964E0,1.412121654E0,6.556435122E0
2.804668240E1,2.249666214E0,-5.838099480E0,2.747440815E0,6.833215542E0
2.805669204E1,1.203395486E0,-5.021431446E0,4.280889034E0,6.707379920E0
2.806668370E1,-5.132845789E-2,-4.864038467E0,5.010673523E0,6.983434254E0
2.807668683E1,-1.094860554E0,-3.345252991E0,5.125164986E0,6.217455535E0
2.808668240E1,-2.601127625E0,-1.485248566E0,5.947147846E0,6.658858440E0
2.809668396E1,-4.392519951E0,8.731937408E-2,5.986753464E0,7.425838217E0
2.810668865E1,-5.971906185E0,3.291916847E0,7.059788227E0,9.815344611E0
2.811668292E1,-7.150182247E0,4.888700485E0,7.717206955E0,1.160085263E1
2.812668292E1,-7.962683678E0,5.944314003E0,7.631678581E0,1.252923455E1
2.813668214E1,-7.986046314E0,6.078638077E0,7.475661755E0,1.251448342E1
2.814668027E1,-7.888903141E0,6.834841728E0,7.162474155E0,1.265902406E1
2.815671079E1,-7.597895622E0,6.787232399E0,6.765035152E0,1.222948250E1
2.816667896E1,-5.834495068E0,5.974896431E0,5.487409115E0,9.992616216E0
2.817669396E1,-4.028263092E0,4.649163246E0,4.202745438E0,7.450147089E0
2.818667792E1,-2.200336933E0,3.507817268E0,2.415115833E0,4.793646743E0
2.819668657E1,-5.671330690E-1,3.411946297E0,4.277142286E-1,3.485105007E0
2.820668761E1,9.317030311E-1,3.417609215E0,-1.022735596E0,3.687019309E0
2.821668553E1,9.039739370E-1,3.506004333E0,-2.849480867E0,4.607469640E0
2.822668370E1,1.063943386E0,3.616862297E0,-4.112755775E0,5.579285660E0
2.823668761E1,2.227981567E0,3.527297974E0,-6.260587215E0,7.523342684E0
2.824668084E1,2.282467365E0,2.503212929E0,-6.437364578E0,7.274296870E0
2.825669620E1,2.279755592E0,1.544207573E0,-6.992006779E0,7.514653777E0
2.826669777E1,2.277599335E0,-4.680728912E-2,-6.890408039E0,7.257228989E0
2.827669412E1,2.263148785E0,-4.924297333E-2,-6.757814884E0,7.126873740E0
2.828669673E1,2.236296415E0,-1.747642517E0,-6.619085789E0,7.201914517E0
2.829669620E1,2.262345314E0,-2.527859688E0,-6.444333553E0,7.282699765E0
2.830669282E1,3.144876719E0,-2.634015560E0,-6.205722809E0,7.439037782E0
2.831669178E1,3.186016083E0,-2.668297768E0,-5.922183990E0,7.234830660E0
2.832668261E1,3.916544914E0,-2.576476574E0,-5.567292213E0,7.278207073E0
2.833669876E1,3.923611164E0,-1.639556885E0,-4.645420074E0,6.297840822E0
2.834668766E1,3.905170918E0,-8.046531677E-2,-4.353397369E0,5.848837766E0
2.835667662E1,3.823247433E0,-1.547765732E-1,-4.034290314E0,5.560276527E0
2.836670506E1,3.619613171E0,-1.256322861E-1,-3.034926176E0,4.725268233E0
2.837668011E1,2.759877920E0,-9.210968018E-2,-2.753253937E0,3.899463754E0
2.838668995E1,2.499226332E0,-5.494117737E-2,-2.459241629E0,3.506710735E0
2.839669230E1,1.361797810E0,-1.762008667E-2,-2.227286816E0,2.610672385E0
2.840669074E1,1.123160362E0,-7.874965668E-2,-2.087294579E0,2.371600591E0
2.841669516E1,-3.074304760E-1,-2.255439758E-2,-2.167284012E0,2.189096203E0
2.842669360E1,-3.545636833E-1,-1.047445297E0,-2.827757359E0,3.036291938E0
2.843669256E1,-3.990345001E-1,-1.080315590E0,-2.772048473E0,3.001759991E0
2.844668969E1,-6.386586428E-1,-1.051939011E0,-2.671485901E0,2.941308801E0
2.845670089E1,-1.851696014E0,-9.578895569E-1,-2.522288322E0,3.272349143E0
2.846669178E1,-1.952990055E0,7.318401337E-2,-2.340623856E0,3.049269763E0
2.847669985E1,-2.041015148E0,1.062536240E-1,-1.516848803E0,2.545164623E0
2.848668162E1,-2.732929230E0,1.390409470E-1,-1.352360249E0,3.052394601E0
2.849668240E1,-2.773978472E0,7.118320465E-2,-6.275722980E-1,2.844972864E0
2.850667860E1,-2.820906639E0,1.029195786E-1,-4.807372093E-1,2.863427137E0
2.851670516E1,-2.868141174E0,1.344232559E-1,-3.474884033E-1,2.892239893E0
2.852668818E1,-2.872378826E0,1.636047363E-1,-2.409541607E-1,2.887106776E0
2.853667423E1,-2.857256889E0,1.927795410E-1,-1.536891460E-1,2.867873992E0
2.854668037E1,-2.819161177E0,1.214990616E-1,-7.147264481E-2,2.822683139E0
2.855668501E1,-2.752636909E0,1.438083649E-1,-1.486039162E-2,2.756430959E0
2.856668865E1,-2.688514233E0,1.659278870E-1,4.265809059E-2,2.693967438E0
2.857668474E1,-2.626067162E0,1.880044937E-1,1.012101173E-1,2.634732987E0
2.858668605E1,-2.575160503E0,2.099208832E-1,1.794250011E-1,2.589925043E0
2.859668344E1,-2.544652224E0,1.523838043E-1,9.501237869E-1,2.720516674E0
2.860668344E1,-2.486132383E0,1.751737595E-1,9.918766022E-1,2.682416684E0
2.861668344E1,-2.440329313E0,1.981935501E-1,1.026857257E0,2.654980916E0
2.862668553E1,-2.395905018E0,2.213754654E-1,1.026255727E0,2.615830417E0
2.863668188E1,-2.343270779E0,1.446971893E-1,9.886230230E-1,2.547396848E0
2.864668110E1,-2.283107281E0,1.676473618E-1,9.467210770E-1,2.477289909E0
2.865669021E1,-2.216139317E0,1.851177216E-1,8.851821423E-1,2.393551643E0
2.866668188E1,-2.153945446E0,2.034149170E-1,8.383632898E-1,2.320282659E0
2.867668396E1,-2.095926285E0,2.224969864E-1,8.142794371E-1,2.259527141E0
2.868667876E1,-2.026709080E0,1.425495148E-1,7.952810526E-1,2.181820802E0
2.869670474E1,-1.947758317E0,1.633672714E-1,7.664335966E-1,2.099493221E0
2.870669079E1,-1.841343164E0,1.848201752E-1,7.631984949E-1,2.001792969E0
2.871667855E1,-1.721765757E0,1.282429695E0,8.018031120E-1,2.291722382E0
2.872669724E1,-1.581544399E0,1.416605949E0,8.561872244E-1,2.289347432E0
2.873666850E1,-1.413817048E0,2.325141907E0,9.060882330E-1,2.868128208E0
2.874668527E1,-5.956883430E-1,2.405201912E0,9.422190189E-1,2.650965394E0
2.875668917E1,-4.491420984E-1,2.479908943E0,9.518511295E-1,2.694011426E0
2.876668292E1,-2.875341177E-1,2.537434578E0,9.350266457E-1,2.719471444E0
2.877668396E1,1.428768277E0,2.511544228E0,9.155070782E-1,3.031070175E0
2.878667954E1,1.498767018E0,2.402891159E0,8.312034607E-1,2.951455182E0
2.879668631E1,1.538261056E0,1.660060883E0,7.133868933E-1,2.372966513E0
2.880668553E1,1.574171662E0,1.564465523E0,5.781619549E-1,2.293434115E0
2.881668839E1,1.605888724E0,1.518642426E0,-1.257365942E-1,2.213811894E0
2.882668699E1,1.376709461E0,1.546916962E0,-2.067664862E-1,2.081113502E0
2.883668605E1,1.350674987E0,1.687831879E0,-3.191322088E-1,2.185164693E0
2.884668188E1,3.072570562E0,3.004681587E0,-1.032632470E0,4.419856459E0
2.885668527E1,3.140402794E0,3.913378716E0,-1.142295599E0,5.146018064E0
2.886668126E1,3.999279022E0,4.747880936E0,-1.252938867E0,6.332966278E0
2.887669646E1,4.046894550E0,5.466804504E0,-1.343097448E0,6.933052556E0
2.888668818E1,4.688945293E0,5.559839249E0,-1.360209823E0,7.399202065E0
2.889669120E1,4.664452553E0,5.585680962E0,-1.333693385E0,7.398357079E0
2.890667959E1,4.530847549E0,5.502944946E0,-1.260296702E0,7.238738176E0
2.891668240E1,4.327617168E0,4.657341957E0,-1.113363981E0,6.454353865E0
2.892668969E1,3.317482233E0,3.574748993E0,-1.567867994E-1,4.879457022E0
2.893662829E1,2.245035172E0,2.442629814E0,4.578948021E-3,3.317626305E0
2.894668579E1,3.219445348E-1,1.424981117E0,1.869134188E0,2.372315763E0
2.895668631E1,-1.810259700E0,-7.892894745E-2,1.961868405E0,2.670617457E0
2.896668683E1,-2.986259222E0,-1.571092606E-1,1.813799739E0,3.497470079E0
2.897668266E1,-3.833881855E0,-1.398372650E-1,1.835847735E0,4.253062596E0
2.898668344E1,-4.037220955E0,-1.221647263E-1,1.854928493E0,4.444641378E0
2.899668396E1,-4.164619923E0,-1.136045456E-1,1.822498798E0,4.547358240E0
2.900668136E1,-4.166232109E0,-1.041088104E-1,1.796873331E0,4.538400864E0
2.901668344E1,-4.106472969E0,-1.453351974E0,1.580358148E0,4.633884341E0
2.902668344E1,-3.895098925E0,-1.538109779E0,1.565214753E0,4.470735348E0
2.903668162E1,-2.825031757E0,-2.213207245E0,1.551480412E0,3.909754751E0
2.904669048E1,-2.597759247E0,-2.336380482E0,1.539037228E0,3.817808592E0
2.905670204E1,-1.669677377E0,-3.183159828E0,1.527956128E0,3.905762277E0
2.906668636E1,-1.465715170E0,-3.312032700E0,3.369221687E-1,3.637498881E0
2.907668407E1,-5.996186733E-1,-4.266439438E0,1.990178823E-1,4.312963731E0
2.908670011E1,5.832308531E-1,-4.394303799E0,-4.870002270E-1,4.459510435E0
2.909668318E1,7.075812817E-1,-5.329969883E0,-5.222654343E-1,5.402037709E0
2.910668761E1,8.273839951E-1,-5.420588017E0,-5.098080635E-1,5.507017612E0
2.911668553E1,7.162858248E-1,-6.032701969E0,-4.511191845E-1,6.091803259E0
2.912668449E1,7.749034166E-1,-6.052834511E0,1.154522657E0,6.210491405E0
2.913668449E1,8.387109041E-1,-6.086315632E0,1.210533619E0,6.261953816E0
2.914668266E1,8.615293503E-1,-6.059435844E0,1.227182031E0,6.242192829E0
2.915668605E1,6.863500476E-1,-6.004718781E0,2.589735031E0,6.575290986E0
2.916668058E1,7.114693522E-1,-5.925982475E0,3.398954868E0,6.868504286E0
2.917668501E1,7.382163405E-1,-5.825985909E0,4.300679207E0,7.278936517E0
2.918667980E1,-3.198546171E-1,-5.133532524E0,5.226595879E0,7.332991724E0
2.919668162E1,-4.206999540E-1,-4.994654655E0,5.985463142E0,7.807005355E0
2.920668110E1,-1.174111724E0,-3.499560356E0,6.093981743E0,7.124750838E0
2.921668188E1,-1.848750591E0,-1.716520309E0,6.867362499E0,7.316077393E0
2.922668021E1,-2.579868793E0,-5.960464478E-4,6.863331318E0,7.332192041E0
2.923670433E1,-2.748769760E0,2.597197533E0,7.701113701E0,8.579529267E0
2.924668818E1,-3.730946064E0,4.143883705E0,7.594999313E0,9.422088158E0
2.925666870E1,-3.787322521E0,5.226060867E0,7.405766010E0,9.823486869E0
2.926668610E1,-4.381619930E0,5.373916626E0,7.104861736E0,9.927569361E0
2.927668370E1,-4.367568493E0,6.001858711E0,6.643082142E0,9.961350454E0
2.928668475E1,-4.290485382E0,5.919342995E0,5.085152149E0,8.905372462E0
2.929668240E1,-4.126608849E0,4.786881447E0,3.867962837E0,7.409741634E0
2.930668683E1,-3.878693581E0,3.631015778E0,2.380083561E0,5.821798453E0
2.931668605E1,-1.349566102E0,2.461254120E0,-1.470049739E0,3.168619059E0
2.932668527E1,-6.373322010E-2,2.408654213E0,-1.601060390E0,2.892934741E0
2.933668370E1,1.487407565E0,2.469545364E0,-3.061982155E0,4.205564206E0
2.934668240E1,1.394748449E0,2.598814964E0,-3.316326141E0,4.438150688E0
2.935668084E1,1.497094870E0,2.716456413E0,-3.494714260E0,4.672628410E0
2.936668318E1,3.152122021E0,2.741878510E0,-4.169033051E0,5.902085019E0
2.937668266E1,3.251875877E0,2.645267487E0,-4.177021503E0,5.917739893E0
2.938668110E1,3.261348009E0,1.894659996E0,-4.133560181E0,5.595752595E0
2.939668188E1,3.128279686E0,1.716500282E0,-4.703514099E0,5.903859068E0
2.940668402E1,2.922779083E0,3.536319733E-2,-4.720214367E0,5.551964679E0
2.941669485E1,1.349997997E0,2.423191071E-2,-5.736345291E0,5.893109457E0
2.942668688E1,1.321146131E0,-1.147791862E0,-5.752132416E0,6.012477076E0
2.943666798E1,1.295996428E0,-1.300275803E0,-6.596154690E0,6.846866480E0
2.944667834E1,1.074345469E0,-1.922759056E0,-6.525642872E0,6.887324260E0
2.945668839E1,1.057690859E0,-1.930265903E0,-6.436508179E0,6.802446174E0
2.946668553E1,1.043969750E0,-1.883577824E0,-6.286868572E0,6.645483782E0
2.947668136E1,1.038632751E0,-1.781769753E0,-6.051966190E0,6.393727881E0
2.948669021E1,1.034407139E0,-5.340385437E-2,-5.152523994E0,5.255602117E0
2.949669308E1,8.716945052E-1,-1.218910217E-1,-3.353296518E0,3.466887115E0
2.950669256E1,8.715892434E-1,-1.065368652E-1,-2.387179852E0,2.543549794E0
2.951669048E1,8.739384413E-1,-8.777999878E-2,-1.547099471E0,1.779042018E0
2.952669516E1,8.772706985E-1,-6.612777710E-2,-1.248666048E0,1.527463146E0
2.953669074E1,6.821345091E-1,-1.416606903E-1,4.234848022E-1,8.153003234E-1
2.954669178E1,6.880612373E-1,-1.155624390E-1,6.040661931E-1,9.228645130E-1
2.955669777E1,6.952690482E-1,-9.020328522E-2,7.468745708E-1,1.024381426E0
2.956669021E1,7.036097646E-1,-6.654357910E-2,8.549227118E-1,1.109228377E0
2.957669360E1,7.131191492E-1,-4.480266571E-2,9.341443777E-1,1.176083296E0
2.958670172E1,5.226838589E-1,-1.232423782E-1,8.069686294E-1,9.693221698E-1
2.959669798E1,5.352138877E-1,-1.067848206E-1,8.194569349E-1,9.845641532E-1
2.960669459E1,5.486055017E-1,-9.009933472E-2,8.327912688E-1,1.001312730E0
2.961667912E1,5.628790259E-1,-7.332897186E-2,8.454090953E-1,1.018295868E0
2.962668100E1,5.763795376E-1,-5.643558502E-2,8.588533401E-1,1.035870362E0
2.963668084E1,-5.955902934E-1,-1.504994392E0,6.736277938E-1,1.753142984E0
2.964669464E1,-6.439732313E-1,-1.545770645E0,6.892728806E-1,1.810857674E0
2.965669959E1,-6.961432099E-1,-1.585958481E0,7.041527629E-1,1.869682001E0
2.966669360E1,-7.284330726E-1,-1.586416245E0,7.198913097E-1,1.888272952E0
2.967669204E1,-7.130411267E-1,-1.475573540E0,-3.570165038E-1,1.677261370E0
2.968669230E1,-6.954334974E-1,-1.362173080E0,-4.674382210E-1,1.599262874E0
2.969669308E1,-6.301658154E-1,-8.860206604E-2,-1.154999852E0,1.318705403E0
2.970668240E1,-5.705038309E-1,-6.829166412E-2,-1.225351810E0,1.353375569E0
2.971668240E1,5.475830436E-1,-4.794883728E-2,-1.292752504E0,1.404761659E0
2.972668318E1,4.105809927E-1,-1.273412704E-1,-1.337948203E0,1.405310622E0
2.973668214E1,4.727099240E-1,-1.066312790E-1,-1.362065554E0,1.445699649E0
2.974668214E1,5.337772369E-1,-8.369541168E-2,-1.321438074E0,1.427627978E0
2.975668865E1,5.899055004E-1,-6.093597412E-2,-1.242801428E0,1.377046507E0
2.976668313E1,6.436465979E-1,-3.646659851E-2,-1.124764681E0,1.296420589E0
2.977670157E1,4.591326714E-1,-1.137180328E-1,-1.010431290E0,1.115663924E0
2.978668532E1,4.755466878E-1,-9.080600739E-2,-9.206863046E-1,1.040218080E0
2.979669271E1,-5.643998384E-1,1.291360855E0,-8.477138281E-1,1.644621163E0
2.980669350E1,-1.268274188E0,1.368583679E0,-8.091902733E-1,2.033796844E0
2.981668006E1,-1.360820293E0,1.470309258E0,-7.763691545E-1,2.148578658E0
2.982669516E1,-1.501597881E0,2.116344452E0,-7.487726212E-1,2.700809226E0
2.983668943E1,-2.453534842E0,2.142114639E0,-7.135610580E-1,3.334315182E0
2.984668735E1,-2.557647705E0,2.168553352E0,-6.800088882E-1,3.421490540E0
2.985669048E1,-3.346608639E0,2.197033882E0,-6.381593943E-1,4.053886367E0
2.986668240E1,-3.337503195E0,2.189362526E0,-6.202281713E-1,4.039420606E0
2.987668188E1,-3.308939934E0,2.167783737E0,-6.245167255E-1,4.004795994E0
2.988668318E1,-3.260311604E0,2.100240707E0,-6.462135315E-1,3.931696162E0
2.989668240E1,-3.118337154E0,1.980150223E0,-6.930519342E-1,3.758369659E0
2.990669100E1,-2.920668602E0,1.020085335E0,-7.617832422E-1,3.186093671E0
2.991668240E1,-2.004328966E0,-1.039810181E-1,-8.056306839E-1,2.162680618E0
2.992668110E1,-1.794443727E0,-7.466697693E-2,-7.886070013E-1,1.961505658E0
2.993662641E1,-7.791185379E-1,-4.531860352E-2,-7.087287903E-1,1.054218180E0
2.994669136E1,-5.571621656E-1,-1.587772369E-2,-5.633232594E-1,7.924738958E-1
2.995669808E1,1.241646528E0,1.371192932E-2,1.738766432E-1,1.253836993E0
2.996669131E1,1.140644312E0,1.132863998E0,1.970524788E-1,1.619654273E0
2.997666813E1,1.228863716E0,2.434123993E0,1.842511892E-1,2.732949715E0
2.998669339E1,1.309656858E0,3.866579056E0,1.497691870E-1,4.085102874E0
2.999668813E1,2.776302576E0,5.201768875E0,1.016564369E-1,5.897167918E0
3.000668813E1,2.882474899E0,6.214238167E0,5.597805977E-2,6.850441671E0
