"Time (s)","Linear Acceleration x (m/s^2)","Linear Acceleration y (m/s^2)","Linear Acceleration z (m/s^2)","Absolute acceleration (m/s^2)"
9.283610200E-2,1.999999955E-2,6.847381592E-4,-2.967500687E-2,3.579210641E-2
1.028376640E-1,-9.333332628E-2,-4.453372955E-2,-1.842737198E-2,1.050425195E-1
1.128397470E-1,-3.999999911E-2,-1.365585327E-1,2.430868149E-2,1.443576973E-1
1.228389660E-1,1.303851582E-9,-9.594240189E-1,8.643245697E-2,9.633094091E-1
1.329736540E-1,3.333333135E-2,-2.189125061E0,6.112537384E-1,2.273105976E0
1.428455810E-1,6.285714358E-2,-1.859250069E0,6.057081223E-1,1.956436599E0
1.528486020E-1,-8.500000089E-2,-1.696844101E0,1.101932764E0,2.025033511E0
1.628271430E-1,-3.999999911E-2,-1.490529060E0,1.033403397E0,1.814166326E0
1.728377160E-1,1.899898017E-10,-1.323475838E0,9.513297081E-1,1.629913036E0
1.828433930E-1,3.636363521E-2,-2.117693901E0,8.479619026E-1,2.281444534E0
1.928392270E-1,7.000000030E-2,-9.823980331E-1,7.264256477E-1,1.223805588E0
2.028413100E-1,-8.307692409E-2,-9.806747437E-1,6.076076031E-1,1.156638114E0
2.128379240E-1,-3.999999911E-2,-8.920555115E-1,5.042519569E-1,1.025491624E0
2.228379240E-1,1.799124183E-10,-8.139181137E-1,4.133262634E-1,9.128533814E-1
2.328371430E-1,3.749999776E-2,-7.442989349E-1,3.325250149E-1,8.160637474E-1
2.428405290E-1,7.294117659E-2,-6.816930771E-1,2.554442883E-1,7.316267156E-1
2.528405290E-1,9.650368094E-1,-7.193765640E-1,1.907477379E-1,1.218681002E0
2.628394870E-1,9.642795920E-1,-6.625680923E-1,1.363794804E-1,1.177892598E0
2.728423520E-1,9.553064108E-1,-6.104393005E-1,9.066486359E-2,1.137306729E0
2.828397470E-1,9.302205443E-1,-5.623235703E-1,4.288411140E-2,1.087822185E0
2.928374040E-1,8.871008158E-1,-5.176715851E-1,-1.123118401E-2,1.027160098E0
3.028392270E-1,8.149489164E-1,-5.716857910E-1,-7.056045532E-2,9.979705196E-1
3.129630290E-1,7.280448675E-1,-5.286989212E-1,-1.388659477E-1,9.104150866E-1
3.228396950E-1,-3.121221662E-1,-4.883508682E-1,-1.910500526E-1,6.102515381E-1
3.328500600E-1,-2.616559267E-1,-4.503374100E-1,-2.201526165E-1,5.654509540E-1
3.428358410E-1,-2.134464532E-1,-4.143981934E-1,-2.014222145E-1,5.077953914E-1
3.528364140E-1,-3.601090908E-1,-4.767408371E-1,-1.518461704E-1,6.164557101E-1
3.628374040E-1,-3.090708256E-1,-4.409914017E-1,-7.632064819E-2,5.438961600E-1
3.728381850E-1,-2.601017952E-1,-4.069576263E-1,3.522396088E-2,4.842604474E-1
3.828392270E-1,-1.744736284E-1,-3.554906845E-1,8.493366241E-1,9.371165215E-1
3.928402680E-1,-3.243380785E-1,-4.222936630E-1,8.981459141E-1,1.044123178E0
4.028389660E-1,-2.759751678E-1,-3.904619217E-1,9.274950027E-1,1.043489236E0
4.128379240E-1,-2.292330265E-1,-3.598766327E-1,9.164714813E-1,1.010929744E0
4.228381850E-1,-1.839765608E-1,-3.304357529E-1,8.711791039E-1,9.497305895E-1
4.328436540E-1,-1.400852948E-1,-3.020448685E-1,8.016247749E-1,8.680191658E-1
4.428402680E-1,-2.921883166E-1,-3.719911575E-1,7.115809917E-1,8.544582737E-1
4.528407890E-1,-2.457219362E-1,-3.429660797E-1,6.281836033E-1,7.567163545E-1
4.628374040E-1,-2.005788982E-1,-3.148918152E-1,5.363006592E-1,6.534578385E-1
4.728371430E-1,-1.566623449E-1,-2.876996994E-1,4.469497204E-1,5.541464246E-1
4.828379240E-1,-1.138846576E-1,-2.613258362E-1,3.743209839E-1,4.705072867E-1
4.929618310E-1,-2.675152421E-1,-3.333883286E-1,3.065545559E-1,5.260112909E-1
5.028413620E-1,-2.223444283E-1,-3.062667847E-1,2.526752949E-1,4.550617462E-1
5.128493310E-1,-1.782923341E-1,-2.799053192E-1,2.059907913E-1,3.905987074E-1
5.228265700E-1,-1.352859735E-1,-2.542552948E-1,1.751577854E-1,3.370879698E-1
5.328486020E-1,-9.325861931E-2,-2.292709351E-1,1.627643108E-1,2.962339491E-1
5.428428720E-1,-2.479823977E-1,-3.028278351E-1,1.565902233E-1,4.215690516E-1
5.528400080E-1,-2.037378550E-1,-2.770566940E-1,1.605699062E-1,3.795421189E-1
5.628397470E-1,-1.604631096E-1,-2.519149780E-1,1.780629158E-1,3.477297337E-1
5.728436540E-1,-1.181010827E-1,-2.273683548E-1,1.926953793E-1,3.205865619E-1
5.828384450E-1,-2.336086035E-1,-2.819461823E-1,2.188162804E-1,4.265526859E-1
5.928366220E-1,-1.900232732E-1,-2.570962906E-1,2.124736309E-1,3.838650685E-1
6.028410490E-1,-1.472955644E-1,-2.327852249E-1,1.825220585E-1,3.304530921E-1
6.128394870E-1,-1.053795740E-1,-2.089862823E-1,1.612460613E-1,2.842189528E-1
6.228371430E-1,-6.423255801E-2,-1.856698990E-1,1.522874832E-1,2.485771720E-1
6.328371430E-1,-2.203664780E-1,-2.610893250E-1,1.442966461E-1,3.708780693E-1
6.428376640E-1,-1.773094237E-1,-2.370033264E-1,1.612689495E-1,3.370710349E-1
6.528394870E-1,-1.350209266E-1,1.223372459E0,1.755766869E-1,1.243261034E0
6.628382370E-1,-9.343724698E-2,1.339577675E0,1.875214577E-1,1.355862516E0
6.729561020E-1,-5.257534981E-2,2.348847389E0,2.023432255E-1,2.358132949E0
6.828374040E-1,-2.092011273E-1,2.466442108E0,2.437193394E-1,2.487267758E0
6.930121430E-1,-1.665573716E-1,3.511562347E0,3.175697327E-1,3.529824643E0
7.028364140E-1,-1.246103272E-1,3.602547646E0,9.587025642E-1,3.730011780E0
7.128377160E-1,-8.332835138E-2,4.447117805E0,1.042516232E0,4.568439611E0
7.228363620E-1,-4.268165678E-2,4.429094315E0,2.840095758E0,5.261638727E0
7.328397470E-1,-1.479631543E0,4.362772942E0,2.640682697E0,5.310019054E0
7.428392270E-1,-1.612337589E0,4.235651970E0,2.641832113E0,5.245918130E0
7.528368830E-1,-2.592336655E0,4.051523209E0,2.643520117E0,5.488465018E0
7.628374040E-1,-3.406937122E0,3.144679070E0,2.685693264E0,5.358094373E0
7.728387060E-1,-3.432812452E0,3.036808014E0,2.491094828E0,5.216508189E0
7.828420910E-1,-3.488629818E0,2.929386139E0,2.496890783E0,5.194834429E0
7.928361020E-1,-4.201291561E0,2.856432915E0,2.503065586E0,5.663514554E0
8.028478200E-1,-4.227705479E0,2.823076248E0,2.509604216E0,5.669335626E0
8.128486020E-1,-4.268506050E0,2.857903481E0,2.516492367E0,5.720182693E0
8.228444350E-1,-4.283009052E0,2.927415848E0,2.326281071E0,5.685553070E0
8.328459970E-1,-4.255470753E0,3.498205185E0,2.336328030E0,5.983719538E0
8.428504240E-1,-4.157799244E0,3.490777016E0,2.346623898E0,5.914343788E0
8.529381850E-1,-3.432349920E0,3.450375557E0,2.357159376E0,5.407616645E0
8.628307370E-1,-2.370044708E0,3.371887207E0,2.367925644E0,4.753294343E0
8.728625080E-1,-1.152633786E0,3.270317078E0,2.181324244E0,4.096549022E0
8.828291740E-1,4.767321050E-1,3.158659935E0,1.103888035E0,3.379789177E0
8.928379770E-1,5.106528997E-1,2.489029884E0,2.589812279E-1,2.554037475E0
9.028374560E-1,2.338466883E0,2.368829727E0,-5.091679096E-1,3.367348155E0
9.128491220E-1,3.159436464E0,1.652470589E0,-6.668641567E-1,3.627313830E0
9.228517270E-1,3.287731171E0,1.499317169E0,-1.671146393E0,3.981188075E0
9.328493830E-1,4.052479744E0,5.194597244E-1,-1.722372293E0,4.433846727E0
9.428496430E-1,4.010646820E0,-1.367259979E0,-1.664269924E0,4.552414980E0
9.528486020E-1,3.932569742E0,-1.332615852E0,-1.523100615E0,4.422759915E0
9.628501640E-1,3.811575651E0,-1.397426605E0,-3.654844761E-1,4.076087458E0
9.728509450E-1,3.136322737E0,-1.362773895E0,6.246668100E-1,3.476187800E0
9.828462580E-1,2.968141317E0,-2.892840385E0,2.305426598E0,4.742718648E0
9.928504240E-1,1.853504896E0,-3.009218216E0,2.320995092E0,4.228225738E0
1.002843914E0,2.261884212E-1,-3.943891525E0,3.690785408E0,5.406231450E0
1.012847560E0,6.551302969E-2,-4.037400723E0,4.333917141E0,5.923490047E0
1.022850424E0,1.044472381E-1,-4.917987823E0,4.375247955E0,6.583335638E0
1.032915789E0,1.430027634E-1,-5.001818657E0,4.391402245E0,6.657556109E0
1.042835372E0,-1.284267306E0,-5.850572586E0,4.351772785E0,7.403814454E0
1.052860529E0,-1.292695880E0,-5.909057140E0,4.278472424E0,7.409004333E0
1.062835893E0,-1.240239501E0,-6.625288963E0,4.195549965E0,7.939476518E0
1.072837195E0,-1.101076603E0,-6.668290138E0,4.123852253E0,7.917361963E0
1.082837664E0,1.896699220E-1,-7.352169991E0,4.071716309E0,8.406500577E0
1.092838185E0,2.275032103E-1,-7.389675140E0,4.070646286E0,8.439740374E0
1.102837143E0,1.667499423E0,-7.932750702E0,4.133321285E0,9.099089673E0
1.112840529E0,2.388328314E0,-7.920043945E0,4.864712715E0,9.596699330E0
1.122838445E0,3.327264071E0,-7.979926109E0,4.996766567E0,9.985869168E0
1.132839227E0,3.317872286E0,-7.969021797E0,5.014013767E0,9.982680951E0
1.142842091E0,3.257638931E0,-7.936650753E0,5.014005661E0,9.936945675E0
1.152840268E0,3.143674374E0,-7.880901814E0,5.028252602E0,9.862789980E0
1.162838185E0,2.402823448E0,-7.800133228E0,5.074343681E0,9.610650483E0
1.172839747E0,2.279871225E0,-7.712395668E0,5.818697453E0,9.926535135E0
1.182836883E0,1.633162141E0,-7.618759155E0,5.870495796E0,9.755789591E0
1.192838445E0,1.549909115E0,-7.515291214E0,6.524716377E0,1.007242494E1
1.202861622E0,1.461544156E0,-7.383992672E0,6.572745800E0,9.993019886E0
1.212923393E0,1.383431196E0,-7.228726864E0,7.131461143E0,1.024822482E1
1.222834279E0,1.314296365E0,-6.475575447E0,7.134355068E0,9.724169607E0
1.232859904E0,1.248160005E0,-6.358987331E0,7.139659882E0,9.642062357E0
1.242845320E0,1.174963593E0,-6.217614174E0,7.122777939E0,9.527498676E0
1.252833810E0,1.076250076E0,-5.537222862E0,7.042914391E0,9.023402594E0
1.262837924E0,-1.405299902E-1,-5.420203209E0,6.898775101E0,8.774477158E0
1.272842872E0,-9.972575307E-2,-5.269718170E0,6.723356247E0,8.543031900E0
1.282840268E0,-5.925174057E-2,-4.384877682E0,6.589124203E0,7.914999735E0
1.292838445E0,-1.910015196E-2,-3.481851578E0,6.622227669E0,7.481814922E0
1.302861883E0,-1.380218565E-1,4.492845535E-1,1.052425098E1,1.053474088E1
1.312840008E0,-9.726784378E-2,2.048022270E0,1.046314144E1,1.066213792E1
1.322839487E0,1.369257331E0,3.588611603E0,1.040311718E1,1.108953768E1
1.332838445E0,2.047242641E0,4.495382309E0,1.034415436E1,1.146303598E1
1.342842352E0,2.156852007E0,4.539381027E0,1.018698025E1,1.135924985E1
1.352838706E0,2.980052471E0,4.451849937E0,1.013080788E1,1.146005885E1
1.362837404E0,3.069580555E0,3.293452263E0,1.007561779E1,1.103572501E1
1.372835060E0,3.095968962E0,1.481941223E0,7.461629391E0,8.213226331E0
1.382838185E0,2.965237856E0,3.256750107E-1,5.506782532E0,6.262855068E0
1.392914956E0,1.507561088E0,-2.589467049E0,4.555600166E0,5.452666587E0
1.402856987E0,-2.788020372E-1,-3.812249660E0,4.579382896E0,5.965041975E0
1.412842872E0,-2.370963097E-1,-3.881752968E0,4.630259037E0,6.046777614E0
1.422842143E0,-1.956984699E-1,-3.782992363E0,4.597494602E0,5.957036656E0
1.432836674E0,-1.305141568E0,-2.615374565E0,4.501854897E0,5.367520483E0
1.442842872E0,-1.371697903E0,-1.144996643E0,4.390657425E0,4.740300104E0
1.452840008E0,-1.428398252E0,3.910264969E-1,4.261180401E0,4.511195151E0
1.462840268E0,-1.432648778E0,1.625360489E0,3.488425732E0,4.106506219E0
1.472840789E0,-1.357218146E0,2.477892876E0,3.349027872E0,4.381550170E0
1.482840268E0,-2.656770945E-1,2.661763191E0,1.649004340E0,3.142416732E0
1.492836622E0,-2.241624892E-1,2.653699875E0,9.028280973E-1,2.812022479E0
1.502858497E0,9.632521272E-1,2.566612244E0,-1.092849374E-1,2.743591855E0
1.512840008E0,1.032801032E0,1.872344017E0,-6.882609427E-2,2.139412798E0
1.522837664E0,1.102193594E0,1.703636169E0,-2.863644809E-2,2.029292232E0
1.532837404E0,1.127539396E0,2.638874054E-1,-1.874035299E-1,1.173073628E0
1.542850685E0,1.114581347E0,2.820434570E-1,-1.464463621E-1,1.159002427E0
1.552847872E0,1.053715467E0,3.000955582E-1,-1.057596132E-1,1.100708284E0
1.562838445E0,9.561229944E-1,3.180427551E-1,-6.533807516E-2,1.009748206E0
1.572864904E0,-1.515541077E-1,3.358898163E-1,-2.517668903E-2,3.693568490E-1
1.582838341E0,-3.095822334E-1,2.542705536E-1,-1.840046793E-1,4.408541660E-1
1.592957977E0,-2.678867579E-1,2.725448608E-1,-1.430989802E-1,4.080702566E-1
1.602859487E0,-2.264624685E-1,2.907171249E-1,-1.024546176E-1,3.824900588E-1
1.612837456E0,-1.853043139E-1,3.087863922E-1,-6.206670403E-2,3.654298845E-1
1.622842872E0,-1.444073766E-1,3.267574310E-1,-2.193049341E-2,3.579173867E-1
1.632844956E0,-3.025398254E-1,2.452440262E-1,-1.808143556E-1,4.293818924E-1
1.642843914E0,-2.609390020E-1,2.636260986E-1,-1.399557292E-1,3.964536402E-1
1.652839487E0,-2.195999771E-1,2.819080353E-1,-9.934993833E-2,3.708998525E-1
1.662825737E0,-1.387640536E-1,3.199806213E-1,-1.923406869E-2,3.493036072E-1
1.672842872E0,-2.969856858E-1,2.385520935E-1,-1.781671941E-1,4.205367379E-1
1.682836883E0,8.778700829E-1,2.570219040E-1,-1.373496354E-1,9.249762504E-1
1.692838966E0,9.212363958E-1,-1.037685394E0,-9.677699208E-2,1.390982840E0
1.702838706E0,9.924553037E-1,-1.079428673E0,-5.644496530E-2,1.467419444E0
1.712837664E0,1.078105092E0,-1.129621506E0,-1.634935290E-2,1.561608990E0
1.722838966E0,1.161623478E0,-1.192014694E0,-1.753299832E-1,1.673621444E0
1.732838966E0,1.768646836E0,-1.250349998E0,-1.345522404E-1,2.170159224E0
1.742842872E0,1.779873729E0,-1.305123329E0,-9.401193261E-2,2.209102903E0
1.752855424E0,1.764037848E0,-1.356765747E0,-5.370504409E-2,2.226101312E0
1.762855633E0,1.724672556E0,-1.381265640E0,-1.362761855E-2,2.209655155E0
1.772876310E0,1.650231361E0,-1.372381210E0,-1.726521850E-1,2.153253935E0
1.782836154E0,1.535567045E0,-1.314944267E0,-1.319110990E-1,2.025943019E0
1.792837716E0,7.459813952E-1,-1.210423470E0,-9.140048921E-2,1.424769198E0
1.802837143E0,-2.675219476E-1,3.732070923E-1,-5.111651123E-2,4.620221033E-1
1.812838445E0,-2.262718230E-1,3.910474777E-1,-1.105543226E-2,4.519284128E-1
1.822837924E0,-3.841610551E-1,3.093481064E-1,-1.701207012E-1,5.217442095E-1
1.832839487E0,-3.422905803E-1,3.275575638E-1,-1.294135153E-1,4.911259074E-1
1.842838706E0,-2.608804405E-1,1.389081001E0,-4.914785922E-2,1.414220684E0
1.852838445E0,-2.196992487E-1,1.424662590E0,-9.098939598E-3,1.441531840E0
1.862838185E0,-3.776795864E-1,1.459599495E0,-1.681994796E-1,1.517024595E0
1.872841570E0,-3.358928859E-1,1.489078522E0,-1.227709532E0,1.958940930E0
1.882837404E0,-2.943355739E-1,1.484513283E0,-1.979612112E0,2.491842136E0
1.892837924E0,-2.530039847E-1,1.430801392E0,-2.680297375E0,3.048802659E0
1.902838966E0,-2.118945867E-1,1.339227676E0,-2.779623032E0,3.092690460E0
1.912838185E0,-3.699676394E-1,2.529516220E-1,-2.869229078E0,2.904020675E0
1.922836362E0,-3.282667696E-1,2.715444565E-1,-2.921045542E0,2.951948936E0
1.932842404E0,-2.867884934E-1,2.900495529E-1,-2.935063362E0,2.963270714E0
1.942837872E0,-2.455293834E-1,3.084669113E-1,-2.896652699E0,2.923359945E0
1.952839435E0,-2.044860870E-1,3.268003464E-1,-2.802869558E0,2.829256225E0
1.962840581E0,-3.626452684E-1,2.455539703E-1,-2.660943508E0,2.696744092E0
1.972840529E0,-3.210239112E-1,2.642192841E-1,-1.725516558E0,1.774901567E0
1.982843133E0,-2.796187997E-1,2.827987671E-1,-1.642241716E0,1.689709937E0
1.992837143E0,-2.384266853E-1,3.012914658E-1,-1.549227357E0,1.596160780E0
2.002841831E0,-1.974443644E-1,1.471417427E0,-1.442909241E0,2.070275489E0
2.012840008E0,-3.158882558E-1,1.538341522E0,3.704473376E-2,1.570876297E0
2.022840789E0,-2.745424807E-1,1.590077400E0,7.666890323E-2,1.615424970E0
2.032847820E0,-2.334039211E-1,1.663487434E0,1.161025465E-1,1.683789665E0
2.042845216E0,-1.924695820E-1,1.741087914E0,1.553484201E-1,1.758568962E0
2.052848602E0,-3.507750034E-1,2.371833801E0,-4.629202187E-3,2.397636360E0
2.062845997E0,-3.092880547E-1,2.389706612E0,3.520155698E-2,2.409895421E0
2.072848081E0,-2.513929009E-1,2.408273697E0,6.796837598E-2,2.422313004E0
2.082843654E0,-1.945076287E-1,2.442579269E0,9.931207448E-2,2.452323305E0
2.092849904E0,-1.385525614E-1,2.471058846E0,1.308373064E-1,2.478396060E0
2.102871779E0,-2.840764225E-1,2.499364853E0,-3.805955127E-2,2.515744942E0
2.112839487E0,-2.282287180E-1,2.522559166E0,-7.136248052E-3,2.532872681E0
2.122839747E0,-1.734466553E-1,2.565764427E0,1.887278080E0,3.189835323E0
2.132835893E0,-1.196719781E-1,2.641036034E0,1.978969574E0,3.302379943E0
2.142840060E0,-6.835646927E-2,3.291091919E0,2.036025524E0,3.870575999E0
2.152868654E0,-1.143237352E0,3.323253632E0,2.049552441E0,4.068374559E0
2.162844435E0,-1.196763754E0,3.398279190E0,2.092105150E0,4.166227178E0
2.172853549E0,-1.235994458E0,4.084686279E0,2.175814629E0,4.790251935E0
2.182849122E0,-1.220072031E0,4.151135445E0,2.685662985E0,5.092473555E0
2.192848341E0,-1.527959704E-1,4.312352180E0,1.076109767E0,4.447217126E0
2.202847820E0,-1.023021862E-1,4.317231178E0,-3.677383959E-1,4.334072255E0
2.212851466E0,1.083194852E0,4.285645485E0,-3.966794014E-1,4.438177876E0
2.222846258E0,1.248013139E0,4.212477684E0,-4.210149944E-1,4.413587957E0
2.232847560E0,2.228813887E0,4.064038277E0,-4.412593842E-1,4.656042128E0
2.242844695E0,2.317206621E0,2.963500023E0,-6.567600369E-1,3.818784186E0
2.252845477E0,2.364290714E0,2.210909843E0,-6.686845422E-1,3.305318734E0
2.262836102E0,2.365663767E0,1.343031883E0,-6.524106264E-1,2.797452291E0
2.272837664E0,2.277470589E0,-3.290939331E-2,-5.921341181E-1,2.353418391E0
2.282852768E0,2.142906904E0,-1.350116730E-2,7.090567350E-1,2.257209280E0
2.292839643E0,1.361316800E0,-1.414192200E0,8.608501554E-1,2.143405234E0
2.302825164E0,1.200925589E0,-2.396660805E0,1.678764343E0,3.162981979E0
2.312819122E0,1.045296431E0,-3.348846436E0,1.740000248E0,3.915995140E0
2.322839799E0,8.839423656E-1,-4.205643654E0,1.787895203E0,4.654606525E0
2.332837664E0,-4.071236849E-1,-4.993384361E0,1.783612490E0,5.317979935E0
2.342842352E0,-6.219421625E-1,-5.664312363E0,1.703060508E0,5.947407981E0
2.352840268E0,-6.346127987E-1,-5.785646439E0,1.595067501E0,6.034954718E0
2.362839487E0,-6.253204346E-1,-6.684143066E0,1.436913967E0,6.865385344E0
2.372837664E0,-5.734375119E-1,-6.854235649E0,1.201030254E0,6.982252544E0
2.382836102E0,-7.592483163E-1,-7.461329937E0,1.088306665E0,7.578411036E0
2.392840008E0,-7.035984397E-1,-7.472018242E0,9.991886616E-1,7.571293506E0
2.402841049E0,-6.500116587E-1,-7.476133347E0,9.598574638E-1,7.565474957E0
2.412840008E0,-5.948953032E-1,-7.464987278E0,9.697288275E-1,7.551179344E0
2.422837924E0,-5.421075821E-1,-7.435009956E0,1.019737244E0,7.524168906E0
2.432838966E0,-6.888092756E-1,-7.388847351E0,1.903307915E0,7.661077236E0
2.442838445E0,-6.342756152E-1,-7.313879967E0,1.938530564E0,7.592960323E0
2.452836883E0,-5.808043480E-1,-7.213231087E0,2.672163486E0,7.714174881E0
2.462856414E0,-5.275806785E-1,-7.080606461E0,2.680258751E0,7.589276395E0
2.472837820E0,-4.745995402E-1,-6.266992092E0,2.689614773E0,6.836260837E0
2.482839279E0,-6.228264570E-1,-6.136703491E0,2.684855938E0,6.727220373E0
2.492840893E0,4.692880511E-1,-5.396370888E0,2.610725880E0,6.013064082E0
2.502839904E0,5.723263621E-1,-5.242635250E0,2.517664433E0,5.843921288E0
2.512837716E0,1.211292982E0,-4.400264263E0,2.379873991E0,5.147169755E0
2.522837404E0,1.293345213E0,-4.233307838E0,2.237632513E0,4.959902858E0
2.532838445E0,1.347636938E0,-3.420577049E0,2.084043741E0,4.226075127E0
2.542844174E0,1.317233205E0,-3.234519958E0,1.980704069E0,4.015023199E0
2.552840529E0,1.266933680E0,-9.204044342E-1,4.120381832E0,4.407926010E0
2.562838185E0,1.330666542E0,1.048905373E0,5.122346878E0,5.395304761E0
2.572838966E0,2.394097567E0,1.023629189E0,4.997710228E0,5.635301890E0
2.582838185E0,2.447913885E0,2.918955803E0,4.756232262E0,6.093794441E0
2.592838445E0,3.072922468E0,3.109058380E0,4.555454731E0,6.313577774E0
2.602836883E0,3.112180233E0,3.769018173E0,4.425023079E0,6.593329435E0
2.612837143E0,3.944845915E0,3.758244514E0,4.233989716E0,6.900208695E0
2.622836622E0,4.038328648E0,2.761613846E0,3.365905762E0,5.938344121E0
2.632837404E0,4.564096928E0,1.425489426E0,2.086615086E0,5.216987961E0
2.642868654E0,4.353436470E0,2.102832794E-1,9.905123711E-1,4.469646844E0
2.652835997E0,3.048253059E0,-8.926773071E-1,8.431854248E-1,3.286286833E0
2.663192612E0,2.144933701E0,-1.499406815E0,8.281126022E-1,2.744946604E0
2.672823289E0,1.891248345E0,-1.444048405E0,7.670874596E-1,2.500103852E0
2.682832977E0,7.594316006E-1,-1.252761364E0,6.025414467E-1,1.584046586E0
2.692840789E0,5.310745239E-1,1.531014442E-1,4.061598778E-1,6.858906972E-1
2.702841310E0,-5.274659395E-1,1.974974632E0,-3.667654991E-1,2.076839437E0
2.712843133E0,-6.941406727E-1,2.003972054E0,-4.648118019E-1,2.171125348E0
2.722837143E0,-8.304167986E-1,3.438357353E0,-1.141206980E0,3.716752173E0
2.732841049E0,-9.537612200E-1,3.612639904E0,-1.308834791E0,3.959024634E0
2.742841310E0,-9.532488585E-1,3.578530788E0,-2.023506880E0,4.220088397E0
2.752839227E0,-9.569290876E-1,3.442540169E0,-2.097673655E0,4.143311581E0
2.762839747E0,-2.002084732E0,1.867594719E0,-2.176431417E0,3.497585885E0
2.772837664E0,-1.917293787E0,1.858355999E0,-2.896162033E0,3.939194969E0
2.782840008E0,-1.834143877E0,8.275523186E-1,-2.927211285E0,3.552110993E0
2.792836883E0,-1.751054883E0,6.662135124E-1,-2.991638899E0,3.529863588E0
2.802837143E0,-1.669648051E0,5.310163498E-1,-4.608116150E0,4.929953086E0
2.812836362E0,-1.792046666E0,4.622087479E-1,-4.688530445E0,5.040573967E0
2.822852508E0,-1.716015458E0,4.956016541E-1,-4.569304466E0,4.906003807E0
2.832845216E0,-1.607742786E0,1.630320549E0,-4.453142166E0,5.007320352E0
2.842845529E0,-1.502746820E0,1.589100838E0,-4.316086292E0,4.838604175E0
2.852824018E0,-1.400961757E0,2.774005890E0,-4.179396629E0,5.208181900E0
2.862836831E0,-1.499642372E0,3.460412025E0,-4.241442680E0,5.675668651E0
2.872836622E0,-1.404650807E0,3.507078171E0,-4.052124023E0,5.540067715E0
2.882839747E0,-1.311051726E0,4.030460358E0,-3.866861343E0,5.737254045E0
2.892839747E0,-1.219212651E0,3.924042702E0,-3.684057236E0,5.518774169E0
2.902837404E0,-1.123037100E0,3.745430946E0,-3.489552975E0,5.240843946E0
2.912839487E0,-1.186970353E0,2.063647270E0,-5.075709343E0,5.606278981E0
2.922836102E0,-4.723048210E-2,9.800863266E-1,-4.943466663E0,5.039907001E0
2.932839227E0,8.002793789E-2,9.430046082E-1,-4.803645134E0,4.895984961E0
2.942840268E0,1.950101852E-1,9.110231400E-1,-4.654215336E0,4.746547432E0
2.952838706E0,3.024467230E-1,7.841482162E-1,-4.492082119E0,4.570028907E0
2.962836362E0,4.126946926E-1,-2.470111847E-1,-4.327828407E0,4.354472432E0
2.972840008E0,5.062584877E-1,-9.918413162E-1,-4.110729218E0,4.258889709E0
2.982835581E0,5.420097709E-1,-1.080293655E0,-3.868505001E0,4.052917457E0
2.992834799E0,5.569024682E-1,-1.189523697E0,-3.640236855E0,3.869939449E0
3.002837456E0,5.761801600E-1,-1.314229012E0,-3.421839714E0,3.710548275E0
3.012851154E0,5.650637150E-1,-2.040826797E0,-3.212694168E0,3.847814293E0
3.022839799E0,5.317649245E-1,-2.104835510E0,-3.031939030E0,3.729042872E0
3.032832247E0,4.708599448E-1,-2.163352013E0,-2.892016649E0,3.642191829E0
3.042846831E0,3.885550499E-1,-2.212435246E0,-2.759414673E0,3.558119458E0
3.052835060E0,2.947822809E-1,-2.215045452E0,-2.635013103E0,3.454940955E0
3.062837143E0,1.958808899E-1,-2.172163963E0,-2.508649349E0,3.324152097E0
3.072838706E0,8.756709099E-2,-2.070011616E0,-2.356706619E0,3.137942347E0
3.082838185E0,-1.044205308E0,-1.209147453E0,-2.182256222E0,2.704559947E0
3.092841049E0,-1.180648923E0,5.174245834E-1,-1.130483031E0,1.714541327E0
3.102839227E0,-1.156236172E0,5.293035507E-1,-1.007114410E0,1.622135558E0
3.112840529E0,-1.128524423E0,5.417861938E-1,-8.871856332E-1,1.534339597E0
3.122838706E0,-1.097309947E0,5.548572540E-1,-7.719362974E-1,1.451840673E0
3.132838185E0,-1.061352372E0,1.829916000E0,-6.619002819E-1,2.216567935E0
3.142841831E0,-1.180091858E0,1.863031387E0,-2.115731716E0,3.056112471E0
3.152837143E0,-2.249997139E0,1.879919052E0,-2.232278824E0,3.685057871E0
3.162838445E0,-2.211396456E0,1.869053841E0,-3.273291111E0,4.370134007E0
3.172836362E0,-2.158572197E0,1.848866463E0,-3.362359524E0,4.402635880E0
3.182835268E0,-2.091955662E0,1.800868034E0,-3.976715565E0,4.840833694E0
3.192857508E0,-1.998615980E0,1.708496094E0,-3.951608658E0,4.746434001E0
3.202845529E0,-1.896840572E0,4.250869751E-1,-3.892083645E0,4.350519301E0
3.212824070E0,-1.799290657E0,4.365148544E-1,-3.769283295E0,4.199462899E0
3.222836154E0,-1.673685789E0,4.462795258E-1,-3.634518147E0,4.026178299E0
3.232838966E0,-5.112855434E-1,4.568939209E-1,-3.457440615E0,3.524778087E0
3.242839487E0,-5.993103981E-1,3.701992035E-1,-3.278288126E0,3.353116974E0
3.252840529E0,-4.911325574E-1,3.858356476E-1,-3.100501537E0,3.162782022E0
3.262848862E0,-3.866791129E-1,4.037590027E-1,-2.959340096E0,3.011683229E0
3.272845997E0,-1.394171119E0,4.436731339E-1,-2.900260448E0,3.248394931E0
3.282852508E0,-1.371518254E0,3.656654358E-1,-2.775573969E0,3.117464417E0
3.292848081E0,-1.331846952E0,3.892021179E-1,-2.607110262E0,2.953357159E0
3.302846779E0,-1.267753363E0,4.140501022E-1,-2.386687040E0,2.734028366E0
3.312849643E0,-1.202173352E0,4.399833679E-1,-1.410371780E0,1.904719059E0
3.322846779E0,-1.115935683E0,2.049027443E0,-1.189273596E0,2.618816068E0
3.332856935E0,-1.021637678E0,2.145266533E0,-2.444408536E-1,2.388653046E0
3.342848341E0,8.071806282E-3,2.249782562E0,-2.980268002E-2,2.249994429E0
3.352848602E0,8.984328806E-2,2.868735313E0,1.149996161E0,3.091958164E0
3.362842456E0,1.696149111E-1,2.886846542E0,1.260457397E0,3.154584763E0
3.372859174E0,2.474935651E-1,2.898606300E0,1.334295630E0,3.200549387E0
3.382842924E0,1.234755367E-1,2.877503395E0,1.194433451E0,3.118003089E0
3.392823706E0,1.972662210E-1,2.814970016E0,1.220741630E0,3.074602459E0
3.402836414E0,2.316932976E-1,2.708917618E0,1.242450118E0,2.989247186E0
3.412850164E0,2.663476467E-1,1.898351669E0,1.225551486E0,2.275226708E0
3.422843133E0,2.996470928E-1,1.774751663E0,1.209832788E0,2.168692514E0
3.432852247E0,1.337146610E-1,3.340854645E-1,9.972869754E-1,1.060223570E0
3.442849643E0,1.679638028E-1,3.476982117E-1,9.872105718E-1,1.060042734E0
3.452847820E0,2.422736585E-1,3.817110062E-1,1.019232035E0,1.115003928E0
3.462857195E0,2.767327428E-1,3.961448669E-1,2.508328438E0,2.554451667E0
3.472847560E0,1.105211973E-1,3.111753464E-1,2.581021309E0,2.602059959E0
3.482846518E0,1.444990039E-1,1.825183868E0,2.621079445E0,3.197222790E0
3.492837404E0,1.800334454E-1,2.947182655E0,2.646990776E0,3.965458084E0
3.502836883E0,2.156035006E-1,3.970890045E0,2.695025921E0,4.803916874E0
3.512838185E0,2.511840463E-1,4.826798439E0,2.726754904E0,5.549438611E0
3.522837664E0,8.557194471E-2,4.969810486E0,2.608276606E0,5.613327505E0
3.532835581E0,1.212115958E-1,5.822170258E0,1.792031050E0,6.092924917E0
3.542835997E0,1.672478318E0,5.786301613E0,4.253624380E-1,6.038162244E0
3.552853549E0,1.767492533E0,5.616389275E0,3.801264763E-1,5.900199528E0
3.562838758E0,2.531182289E0,4.305002213E0,-7.801213264E-1,5.054554097E0
3.572823758E0,2.635366440E0,3.334482193E0,-8.761060238E-1,4.339526418E0
3.582839279E0,3.400032997E0,2.473904610E0,-9.058864713E-1,4.301285703E0
3.592837143E0,3.443322182E0,2.311345100E0,5.049385130E-2,4.147449029E0
3.602837924E0,3.425231457E0,1.293689728E0,4.117863998E-2,3.661630692E0
3.612839227E0,3.376526117E0,2.156934738E-1,1.088990211E0,3.554342693E0
3.622837924E0,3.245136023E0,1.363010406E-1,1.910560727E0,3.768252655E0
3.632843133E0,2.238679647E0,-8.550949097E-1,2.648006678E0,3.571388138E0
3.642839227E0,1.994713426E0,-1.010984421E0,2.684994698E0,3.494305035E0
3.652842872E0,8.892462254E-1,-2.184329987E0,2.664711237E0,3.558474718E0
3.662829122E0,6.618806720E-1,-2.912137985E0,2.584221363E0,3.949282685E0
3.672839747E0,-6.711833477E-1,-3.599360466E0,2.446229219E0,4.403398715E0
3.682836102E0,-7.175300121E-1,-3.736879349E0,2.277162313E0,4.434476834E0
3.692837143E0,-7.605937123E-1,-4.693750858E0,2.120730162E0,5.206466780E0
3.702836102E0,-7.766230702E-1,-4.764905453E0,1.979309082E0,5.217770770E0
3.712838185E0,-9.859486818E-1,-4.853309631E0,1.822798729E0,5.277244014E0
3.722835581E0,-9.633201957E-1,-5.592917442E0,1.645657539E0,5.909052382E0
3.732854643E0,-9.380540252E-1,-5.645450115E0,9.305685163E-1,5.798017775E0
3.742840320E0,-8.751027584E-1,-5.745194435E0,8.006640673E-1,5.866355503E0
3.752824018E0,-8.127573729E-1,-6.613834858E0,6.773252487E-1,6.697921735E0
3.762842872E0,-9.521196485E-1,-6.710494995E0,5.837533474E-1,6.802796695E0
3.772835841E0,-8.902115822E-1,-7.583076954E0,5.526332855E-1,7.655124839E0
3.782836362E0,-8.289514184E-1,-7.686296463E0,5.964523554E-1,7.753842221E0
3.792836883E0,-7.703244686E-1,-9.245051384E0,1.431635380E0,9.386903363E0
3.802836622E0,-7.119911909E-1,-9.171503067E0,1.501316190E0,9.320802018E0
3.812840529E0,-8.168145418E-1,-9.255849838E0,3.188637257E0,9.823713645E0
3.822835581E0,-7.620306015E-1,-7.638984680E0,3.796631813E0,8.564414207E0
3.832841831E0,-7.103939056E-1,-6.548952579E0,4.573350430E0,8.019287596E0
3.842838445E0,-6.584360003E-1,-4.909013748E0,5.443613529E0,7.359679490E0
3.852838966E0,8.331949115E-1,-2.780126572E0,6.142046928E0,6.793236194E0
3.862837664E0,1.783923626E0,-4.766073227E-1,6.030607224E0,6.306961355E0
3.872837404E0,2.653669834E0,7.940759659E-1,5.681072235E0,6.320371980E0
3.882840268E0,2.816552639E0,3.344846725E0,4.358834267E0,6.174172378E0
3.892838966E0,3.764985800E0,4.568994522E0,4.012380123E0,7.151924445E0
3.902837091E0,3.845417023E0,4.759731293E0,3.680323601E0,7.140522100E0
3.912852456E0,3.819411755E0,4.781330109E0,2.676197529E0,6.679150917E0
3.922838602E0,3.685912848E0,3.616226196E0,1.726535559E0,5.444627669E0
3.932831935E0,3.434599400E0,1.213664055E0,1.458135366E0,3.923724279E0
3.942833706E0,2.315534592E0,-7.583522797E-2,1.272902489E0,2.643431893E0
3.952838966E0,2.080440521E0,-1.608009338E0,1.287696123E0,2.927812853E0
3.962835841E0,1.218878031E0,-2.615873337E0,2.061135292E0,3.546369363E0
3.972838185E0,1.030942082E0,-2.658228397E0,1.993371010E0,3.478871623E0
3.982838706E0,1.751725674E-1,-2.580329895E0,1.911769390E0,3.216154536E0
3.992837924E0,-4.969584942E-2,-2.757501602E-1,1.784369469E0,1.806234268E0
4.002837143E0,-1.521680355E-1,1.564393997E0,1.076642036E0,1.905161873E0
4.012839487E0,-2.602983713E-1,1.626246452E0,8.851385117E-1,1.869733390E0
4.022836102E0,-3.321969509E-1,3.371405602E0,1.810169220E-2,3.387780721E0
4.032839747E0,-3.924338818E-1,3.486121178E0,-1.511249542E-1,3.511393451E0
4.042836102E0,-3.976762295E-1,3.493447304E0,-1.001174688E0,3.655772313E0
4.052837924E0,-3.784377575E-1,3.406682014E0,-1.160859823E0,3.618880077E0
4.062837143E0,-3.400592804E-1,1.698451996E0,-2.045495510E0,2.680378962E0
4.072836622E0,-3.138005733E-1,1.715486526E0,-2.165629625E0,2.780524500E0
4.082834122E0,-3.026483059E-1,1.730007172E0,-2.918298244E0,3.406021940E0
4.092849643E0,-3.021138906E-1,1.630682945E0,-2.980471373E0,3.410807716E0
4.102855737E0,-3.092246056E-1,6.495170593E-1,-4.518373013E0,4.575279986E0
4.112840633E0,-3.262448311E-1,5.949831009E-1,-4.419500828E0,4.471289316E0
4.122841102E0,-3.397932053E-1,1.608719826E0,-4.318973064E0,4.621359890E0
4.132835320E0,-3.478575945E-1,1.582746506E0,-4.192523956E0,4.494813515E0
4.142839227E0,-3.390120268E-1,1.457839012E0,-4.265195847E0,4.520190189E0
4.152838966E0,-3.417556286E-1,1.424019814E0,-4.116997242E0,4.369702007E0
4.162837664E0,-3.603856564E-1,2.617383957E0,-3.921866655E0,4.728806896E0
4.172840008E0,-4.699509144E-1,3.377320290E0,-3.690193176E0,5.024407615E0
4.182838185E0,-1.540652990E0,3.363499641E0,-3.702758789E0,5.234230041E0
4.192836362E0,-1.487044096E0,3.327473640E0,-3.519806385E0,5.066795630E0
4.202838706E0,-1.433496714E0,3.232890129E0,-3.340204477E0,4.864509982E0
4.212837924E0,-1.372789264E0,3.071681023E0,-3.150727272E0,4.609431311E0
4.222836883E0,-1.311037183E0,2.248008728E0,-2.966374397E0,3.946104256E0
4.232837924E0,-1.447793722E0,2.064232826E0,-2.989484072E0,3.910777268E0
4.242839747E0,-1.382491231E0,8.576774597E-1,-2.817440271E0,3.253438537E0
4.252837143E0,-1.282759190E0,8.314104080E-1,-2.652737141E0,3.061654576E0
4.262966570E0,-8.482778072E-2,8.090229034E-1,-2.493641376E0,2.622967999E0
4.272843549E0,3.148734570E-2,7.903375626E-1,-2.339877844E0,2.469950048E0
4.282856935E0,1.568843126E-1,6.752595901E-1,-2.390752316E0,2.489233785E0
4.292829227E0,2.944514751E-1,6.634731293E-1,-2.247365475E0,2.361683688E0
4.302843185E0,4.226882458E-1,-9.027318954E-1,-2.109689713E0,2.333319719E0
4.312841049E0,5.126320124E-1,-9.699449539E-1,-1.985042334E0,2.268033919E0
4.322839227E0,5.539250374E-1,-1.059487343E0,-1.862893581E0,2.213530861E0
4.332843654E0,5.646153688E-1,-1.161947250E0,-1.943463087E0,2.333658222E0
4.342837924E0,5.549441576E-1,-1.797782898E0,-3.297963142E0,3.796912858E0
4.352838706E0,4.876520634E-1,-1.861516476E0,-3.324530363E0,3.841295388E0
4.362838445E0,3.804451227E-1,-1.853941917E0,-3.281692028E0,3.788316472E0
4.372843393E0,2.501320839E-1,-1.817638874E0,-3.193856239E0,3.683353745E0
4.382838185E0,-1.147654653E0,-1.736860275E0,-3.060716152E0,3.701591304E0
4.392837664E0,-1.126732111E0,-1.626777649E0,-1.453419685E0,2.455271788E0
4.402839487E0,-1.107308626E0,-7.393426895E-1,-1.360329986E0,1.903485665E0
4.412837143E0,-1.087319136E0,-6.328001022E-1,-1.268650532E0,1.786665342E0
4.422836102E0,-2.229563236E0,5.369338989E-1,-1.377877116E0,2.675405686E0
4.432835060E0,-2.293776035E0,5.516433716E-1,-8.515322208E-2,2.360713871E0
4.442971258E0,-2.351540565E0,5.661039352E-1,-9.689807892E-3,2.418741530E0
4.452837924E0,-2.351675510E0,5.743827820E-1,-8.740901947E-3,2.420820045E0
4.462863810E0,-2.331377029E0,5.823888779E-1,-1.151206493E-1,2.405773976E0
4.472839539E0,-2.272583485E0,4.910717010E-1,-1.155769467E0,2.596457235E0
4.482839018E0,-2.180136442E0,4.991216660E-1,-2.319084644E0,3.221842785E0
4.492840529E0,-2.024374962E0,5.040197372E-1,-3.191109180E0,3.812519860E0
4.502848341E0,-1.846197844E0,5.105400085E-1,-3.934897661E0,4.376358895E0
4.512844174E0,-6.660655737E-1,5.185461044E-1,-4.048062325E0,4.135135064E0
4.522849383E0,-7.468324304E-1,4.278268814E-1,-4.927961349E0,5.002559103E0
4.532847820E0,-5.912753940E-1,4.582910538E-1,-4.852035046E0,4.909366697E0
4.542858497E0,-4.793021381E-1,4.661588669E-1,-4.644645214E0,4.692522114E0
4.552838706E0,-3.718020916E-1,4.736614227E-1,-3.711125374E0,3.759660022E0
4.562847299E0,-5.051608086E-1,3.841829300E-1,-3.475851059E0,3.533316367E0
4.572849383E0,-4.396526814E-1,3.973627090E-1,-3.263572693E0,3.316941110E0
4.582845997E0,-3.768944740E-1,4.131269455E-1,-3.075135708E0,3.125569218E0
4.592844174E0,-3.151509762E-1,-9.328546524E-1,-2.917961121E0,3.079616054E0
4.602846258E0,-1.337534428E0,-9.545650482E-1,-2.803396940E0,3.249496450E0
4.612887143E0,-1.426286697E0,-9.322376251E-1,-2.711890936E0,3.202766489E0
4.622969643E0,-2.052582979E0,-8.666000366E-1,-2.606761694E0,3.429183436E0
4.632841570E0,-2.083960295E0,-7.486639023E-1,-2.467429876E0,3.315357951E0
4.642853862E0,-2.109116793E0,4.618835449E-1,-2.278361559E0,3.138891755E0
4.652824695E0,-2.099660397E0,4.879150391E-1,-1.458502889E0,2.602665085E0
4.662828862E0,-2.033975601E0,1.699590683E0,-1.240062475E0,2.926332206E0
4.672838966E0,-1.849623680E0,1.868160248E0,-3.037081957E-1,2.646387942E0
4.682842612E0,-9.034467489E-2,2.971513748E0,-1.103309393E-1,2.974933450E0
4.692848602E0,-1.321271062E-3,3.068028450E0,1.163715005E0,3.281315731E0
4.702840268E0,8.533062786E-2,3.168870926E0,1.247965097E0,3.406822735E0
4.712865008E0,1.048588753E-2,3.238148689E0,1.160248876E0,3.439752076E0
4.722835320E0,9.308627248E-2,3.164418221E0,1.197075605E0,3.384552811E0
4.732841570E0,1.373412460E-1,3.029215813E0,1.225124717E0,3.270465048E0
4.742842872E0,1.797029972E-1,2.186098099E0,1.212607861E0,2.506339141E0
4.752852247E0,2.069818974E-2,2.080137253E0,1.002009153E0,2.308987170E0
4.762836102E0,6.167134643E-2,1.952608109E0,9.941671491E-1,2.191996830E0
4.772835841E0,1.025177762E-1,3.965301514E-1,9.887935519E-1,1.070261063E0
4.782835060E0,1.432327032E-1,4.111900330E-1,9.843391180E-1,1.076343974E0
4.792836362E0,1.839345545E-1,4.262208939E-1,9.820326567E-1,1.086224797E0
4.802974018E0,2.352651954E-2,3.416938782E-1,7.809510231E-1,8.527559463E-1
4.812880164E0,6.454864889E-2,3.578109741E-1,7.855183482E-1,8.655832119E-1
4.822854383E0,1.053657308E-1,3.741722107E-1,2.582987785E0,2.612074402E0
4.832836518E0,1.461308002E-1,2.015796661E0,2.599761009E0,3.292954250E0
4.842835112E0,1.853206754E-1,2.133293152E0,2.596339703E0,3.365451422E0
4.852842143E0,2.488237619E-2,3.024220467E0,2.564270973E0,3.965099518E0
4.862838706E0,6.578541547E-2,3.173106194E0,2.572153330E0,4.085205428E0
4.872837143E0,1.064324304E-1,4.147636414E0,2.465908289E0,4.826481055E0
4.882843133E0,1.469199806E-1,4.191952705E0,2.213166237E0,4.742589773E0
4.892839487E0,2.624312788E-2,4.163070679E0,2.916239500E-1,4.173354850E0
4.902846518E0,6.555449218E-2,4.090990067E0,-7.567248940E-1,4.160904911E0
4.912863966E0,1.062474847E-1,3.953794479E0,-1.463959932E0,4.217458713E0
4.922837143E0,1.468737721E-1,2.978494644E0,-1.488196254E0,3.332826179E0
4.932841049E0,1.875083447E-1,2.829674721E0,-1.464776754E0,3.191831660E0
4.942842352E0,2.701167017E-2,1.943370819E0,-5.170562118E-2,1.944246189E0
4.952842352E0,6.790926307E-2,1.852003098E0,-1.343049109E-2,1.853296393E0
4.962837404E0,1.671300054E0,1.747220993E0,1.400964975E0,2.794410122E0
4.972836362E0,1.712277651E0,2.573909760E-1,2.455218077E0,3.004370262E0
4.982944383E0,1.770580292E0,2.766981125E-1,3.175098658E0,3.645924835E0
4.992842560E0,1.820762753E0,1.962041855E-1,3.284628630E0,3.760645998E0
5.002861831E0,1.862603188E0,2.156467438E-1,3.364727020E0,3.851906291E0
5.012857664E0,1.893395662E0,2.350416183E-1,3.375110865E0,3.877056234E0
5.022835893E0,1.841080666E0,-1.209561348E0,3.282952070E0,3.953528926E0
5.032838445E0,1.779270768E0,-1.902175903E0,3.084475994E0,4.037086795E0
5.042842612E0,1.702833056E0,-2.056121826E0,2.262524843E0,3.499470824E0
5.052845737E0,1.622715831E0,-3.124633789E0,2.106989145E0,4.103162956E0
5.062840529E0,1.527740240E0,-3.251314163E0,1.939088941E0,4.082291017E0
5.072843914E0,1.333380699E0,-4.303492069E0,1.128311872E0,4.644462914E0
5.082840529E0,-3.839925528E-1,-5.142796516E0,9.995037913E-1,5.253076634E0
5.092838706E0,-3.929420412E-1,-5.278880596E0,8.782009482E-1,5.365838304E0
5.102845737E0,-4.011385143E-1,-6.405132294E0,8.034661412E-1,6.467780891E0
5.112863966E0,-4.103941023E-1,-7.094491959E0,7.843859792E-1,7.149510531E0
5.122835841E0,-4.179393053E-1,-7.221739292E0,8.310778737E-1,7.281406602E0
5.132838445E0,-6.247823238E-1,-8.137001038E0,1.705294609E0,8.337215875E0
5.142840008E0,-6.284325123E-1,-8.194655418E0,2.397976637E0,8.561401567E0
5.152842872E0,-5.774464607E-1,-8.239446640E0,3.048776627E0,8.804371884E0
5.162908393E0,-5.253785849E-1,-8.216471672E0,3.698440790E0,9.025790474E0
5.172832768E0,-4.763458967E-1,-8.065057755E0,4.342163563E0,9.172047013E0
5.182970112E0,-6.265607476E-1,-6.729650497E0,4.423921585E0,8.077862117E0
5.192835893E0,4.664730430E-1,-5.350383282E0,5.053816795E0,7.374636436E0
5.202847299E0,1.251302481E0,-3.802591324E0,4.884345531E0,6.315242667E0
5.212863706E0,1.327833414E0,-1.913905621E0,4.589950085E0,5.147214594E0
5.222838445E0,1.435104012E0,7.023591995E-1,3.541774273E0,3.885485423E0
5.232836102E0,2.293049812E0,2.580686569E0,3.267230749E0,4.753190232E0
5.242840789E0,2.355293751E0,4.218610764E0,2.979560852E0,5.676430947E0
5.252846779E0,2.425546169E0,5.030692101E0,2.039278269E0,5.945569198E0
5.262838706E0,2.382286072E0,4.921694756E0,1.857039928E0,5.774682977E0
5.272839747E0,2.324826956E0,3.685070992E0,1.775650024E0,4.705050648E0
5.282838445E0,2.234802723E0,2.530137062E0,1.809072733E0,3.829971399E0
5.292836362E0,2.084341049E0,8.861675262E-1,2.376914263E0,3.283213655E0
5.302844956E0,1.220644712E0,-1.222229004E-1,2.319085836E0,2.623560761E0
5.312858497E0,9.971624613E-1,-8.971433640E-1,2.279800177E0,2.645125334E0
5.322836622E0,1.083756685E-1,-9.101347923E-1,2.261717796E0,2.440380711E0
5.332835060E0,-1.924061775E-2,-7.967996597E-1,2.208405733E0,2.347832145E0
5.342878029E0,-1.628628969E-1,1.022868156E0,2.114670038E0,2.354700185E0
5.352845893E0,-1.237452984E0,1.064067841E0,1.968604565E0,2.557133979E0
5.362857247E0,-1.249922156E0,1.112499237E0,1.118003607E0,2.012434350E0
5.372844747E0,-1.428663135E0,1.056084633E0,9.131877422E-1,1.997574769E0
5.382835372E0,-1.400460601E0,1.097830772E0,-2.054612637E-1,1.791294680E0
5.392837143E0,-1.340103865E0,1.134265900E0,-9.895770550E-1,2.015366033E0
5.402843133E0,-1.278170109E0,1.169634819E0,-1.815710306E0,2.509694872E0
5.412859799E0,-1.214051008E0,1.203886032E0,-3.416701794E0,3.820616779E0
5.422841570E0,-1.315364003E0,1.122149467E0,-3.590347290E0,3.984971211E0
5.432839747E0,-1.179980159E0,1.158758163E0,-3.518347740E0,3.887652824E0
5.442838966E0,-1.087595701E0,1.161376953E0,-3.450380564E0,3.799577196E0
5.452849122E0,-9.988737702E-1,1.155459404E0,-3.359138727E0,3.690074285E0
5.462837664E0,-1.112910867E0,2.579230309E0,-3.443282366E0,4.443781389E0
5.472837924E0,-1.029310822E0,2.647355080E0,-4.251266003E0,5.112849725E0
5.482835841E0,-9.470418692E-1,3.252827644E0,-4.161558151E0,5.366222343E0
5.492838185E0,-8.662063479E-1,3.242743492E0,-4.045334339E0,5.256465420E0
5.502842872E0,-7.866686583E-1,3.191100121E0,-3.915785789E0,5.112274045E0
5.512860581E0,-9.095399976E-1,3.093839645E0,-3.770239353E0,4.961230849E0
5.522855789E0,-8.270782828E-1,2.912815094E0,-2.662022114E0,4.031738086E0
5.532852664E0,-7.461100221E-1,1.796528816E0,-2.498919010E0,3.166826830E0
5.542985164E0,-6.670469642E-1,7.211170197E-1,-2.342908144E0,2.540507819E0
5.552846049E0,-5.913688540E-1,7.098731995E-1,-2.192309618E0,2.379045721E0
5.562837195E0,-7.169469595E-1,6.013154984E-1,-2.244960546E0,2.432167989E0
5.572838706E0,-6.426826119E-1,-8.304862976E-1,-2.102655649E0,2.350299813E0
5.582842352E0,-5.701003671E-1,-9.413242340E-1,-1.965196133E0,2.252354675E0
5.592837924E0,-4.991137683E-1,-1.038167000E0,-1.833814621E0,2.165590298E0
5.602846779E0,1.021505833E0,-1.105907440E0,-1.717685461E0,2.284064092E0
5.612861883E0,1.228337288E0,-1.174317360E0,-1.764090061E0,2.449458613E0
5.622837664E0,1.872470140E0,-1.191154480E0,-1.653596163E0,2.767557351E0
5.632844174E0,1.924204707E0,-1.204222679E0,-1.555939674E0,2.752029122E0
5.642841570E0,1.983477592E0,-1.210860252E0,-1.460436106E0,2.744674758E0
5.652842091E0,1.985195637E0,-1.218683243E0,-1.567647219E0,2.807794217E0
5.662827299E0,1.949245214E0,-1.225246429E0,-1.475052834E0,2.734331103E0
5.672835581E0,1.855267525E0,-1.235235214E0,-1.384181142E0,2.623696068E0
5.682835841E0,1.670409799E0,-1.232002258E0,-1.294642091E0,2.446261761E0
5.692837143E0,7.571431398E-1,-1.233144760E0,-1.206480384E0,1.884013442E0
5.702885008E0,5.464246273E-1,-1.237871170E0,-1.320811629E0,1.890885577E0
5.712897664E0,-9.153383970E-1,-1.236312866E0,-1.234934330E0,1.972657265E0
5.722892768E0,-9.344128966E-1,-1.209491730E0,-1.150525451E0,1.913035943E0
5.732862560E0,-9.515331388E-1,-1.170402527E0,-1.067514062E0,1.847929561E0
5.742835633E0,-2.704583645E0,-1.105742455E0,-9.874742627E-1,3.084241315E0
5.752851727E0,-2.849395275E0,-9.847412109E-1,-1.108332872E0,3.212035249E0
5.762847820E0,-2.951210499E0,5.304040909E-1,-1.029290199E0,3.170238196E0
5.772848341E0,-3.015641212E0,5.469436646E-1,-9.516472220E-1,3.209185524E0
5.782849643E0,-2.969731569E0,5.573606491E-1,-8.757059574E-1,3.145920757E0
5.792847039E0,-2.120326042E0,2.436473846E0,-2.495893717E0,4.081871235E0
5.802847820E0,-9.657245278E-1,2.476333618E0,-2.478067875E0,3.633960986E0
5.812883237E0,-8.337137699E-1,2.474683762E0,-2.466228008E0,3.591854529E0
5.822844695E0,-7.057703137E-1,2.408880234E0,-2.471579552E0,3.522715032E0
5.832848862E0,-5.817688704E-1,2.262676239E0,-2.506750107E0,3.426653598E0
5.842847560E0,-6.581922770E-1,4.073953629E-1,-2.553524494E0,2.668271987E0
5.852847560E0,-5.391472578E-1,4.192762375E-1,-3.140880108E0,3.214280663E0
5.862847299E0,-4.659947753E-1,4.305200577E-1,-3.109419107E0,3.173481658E0
5.872847039E0,-3.961855173E-1,4.432821274E-1,-3.107256889E0,3.163622510E0
5.882857924E0,-3.279514313E-1,4.572925568E-1,-3.656023502E0,3.699077787E0
5.892859956E0,-4.623199105E-1,3.727312088E-1,-3.599764109E0,3.648420191E0
5.902862143E0,-3.979716301E-1,3.891534805E-1,-3.535203218E0,3.578754482E0
5.912879122E0,-3.367894590E-1,4.065713882E-1,-3.468399286E0,3.508350188E0
5.922838237E0,-2.766219974E-1,4.249801636E-1,-3.367304802E0,3.405270841E0
5.932852508E0,-2.187867016E-1,4.447069168E-1,-3.222424030E0,3.260314171E0
5.942834799E0,-3.612534404E-1,3.659114838E-1,-3.013995886E0,3.057542553E0
5.952837404E0,-3.029924631E-1,3.881063461E-1,-2.158037186E0,2.213493949E0
5.962836102E0,-2.455926985E-1,4.111785889E-1,-1.944343805E0,2.002462594E0
5.972837664E0,-1.491138339E-1,4.549407959E-1,-1.056948662E0,1.160321739E0
5.982842352E0,-2.944845557E-1,3.795900345E-1,-8.986861706E-1,1.019041992E0
5.992840268E0,-2.405823469E-1,4.047327042E-1,-7.580720186E-1,8.923909529E-1
6.002841570E0,-1.858507544E-1,4.298105240E-1,-6.575714350E-1,8.072656202E-1
6.012861102E0,-1.318646967E-1,4.547233582E-1,-6.022055745E-1,7.660373259E-1
6.022836362E0,-7.867984474E-2,4.769039154E-1,-6.105135679E-1,7.786877931E-1
6.032842612E0,-2.272291780E-1,3.990325928E-1,-6.466265321E-1,7.930863644E-1
6.042835581E0,-1.749375165E-1,4.210062027E-1,-6.857044697E-1,8.234318291E-1
6.052837924E0,-1.232644692E-1,4.429092407E-1,-7.171251774E-1,8.518399174E-1
6.062844435E0,-7.218830287E-2,4.647321701E-1,-7.223782539E-1,8.619846186E-1
6.072829643E0,-2.176342160E-2,4.864749908E-1,-6.950565577E-1,8.486667082E-1
6.082867456E0,-1.713683605E-1,4.083738327E-1,-6.198773384E-1,7.618295196E-1
6.092835060E0,-1.215609461E-1,4.301776886E-1,-5.078929663E-1,6.765982357E-1
6.102835112E0,-7.234225422E-2,4.516477585E-1,-3.706719875E-1,5.887417276E-1
6.112870841E0,-2.361160517E-2,4.729118347E-1,1.237932205E0,1.325397773E0
6.122838706E0,2.463134751E-2,4.940633774E-1,1.293593526E0,1.384951095E0
6.132855893E0,-1.270774603E-1,1.588993073E0,1.148748994E0,1.964859261E0
6.142842872E0,-3.935163096E-2,2.769083977E0,1.242937922E0,3.035501491E0
6.152837924E0,7.879942656E-3,2.903254509E0,1.295880675E0,3.179348292E0
6.162837143E0,5.464675277E-2,3.722438812E0,1.291972041E0,3.940650801E0
6.172838445E0,-9.850142151E-2,3.779404640E0,1.088579416E0,3.934286099E0
6.182843133E0,-5.134093016E-2,3.817378044E0,1.082438469E0,3.968209176E0
6.192835841E0,-4.536568187E-3,3.834383011E0,1.077803373E0,3.982985534E0
6.202838966E0,4.238316044E-2,3.813019753E0,2.078300714E0,4.342838913E0
6.212841049E0,8.887334168E-2,3.758759499E0,2.114175081E0,4.313456585E0
6.222839747E0,-6.569126248E-2,3.724390984E0,2.719330549E0,4.611958605E0
6.232841570E0,-1.914984547E-2,3.737196922E0,2.754923105E0,4.642909526E0
6.242846362E0,2.690609358E-2,3.800980568E0,2.816588879E0,4.730893164E0
6.252832612E0,7.250182331E-2,3.894440651E0,3.512684584E0,5.245081266E0
6.262858914E0,1.176719740E-1,4.530392647E0,3.463869095E0,5.704094436E0
6.272840320E0,1.722760081E0,4.555081367E0,3.378017426E0,5.926860070E0
6.282842612E0,1.800428748E0,4.574082375E0,3.264187336E0,5.900736582E0
6.292838706E0,1.887483597E0,4.579791069E0,3.144797087E0,5.867438051E0
6.302839227E0,1.961734295E0,4.549448967E0,2.980691195E0,5.781903436E0
6.312837404E0,2.021411180E0,4.472658157E0,2.762001276E0,5.632000107E0
6.322839487E0,2.003463984E0,4.375713348E0,1.812683225E0,5.142621483E0
6.332844435E0,1.970132828E0,4.213098526E0,1.605948329E0,4.920436219E0
6.342840268E0,1.959482670E0,4.143803596E0,1.546241283E0,4.837514102E0
6.352839747E0,1.987522483E0,4.048864365E0,1.507845879E0,4.755748885E0
6.362841570E0,2.005743742E0,3.200424194E0,1.502739191E0,4.064965936E0
6.372839487E0,2.001533747E0,3.039372444E0,2.100337982E0,4.201826012E0
6.382844435E0,1.973625541E0,1.646943092E0,2.126306772E0,3.335985584E0
6.392835581E0,1.905786157E0,1.780948639E-1,2.173337460E0,2.896054966E0
6.402837143E0,1.777574658E0,2.021970749E-1,2.735294104E0,3.268407740E0
6.412837143E0,1.037539721E0,-2.089999676E0,2.695261717E0,3.564971674E0
6.422838914E0,8.481325507E-1,-3.348149300E0,2.655661106E0,4.356830094E0
6.432852820E0,-5.971850753E-1,-4.477366447E0,2.619892597E0,5.221807880E0
6.442824122E0,-5.960265994E-1,-5.325330734E0,2.585795164E0,5.949851407E0
6.452835893E0,-5.962147713E-1,-5.452313423E0,2.534867287E0,6.042246758E0
6.462838185E0,-7.976444364E-1,-6.224406719E0,2.476367950E0,6.746248875E0
6.472837924E0,-7.976170778E-1,-6.262491226E0,2.441401005E0,6.768709495E0
6.482844695E0,-7.823327780E-1,-6.331485748E0,2.399926424E0,6.816113496E0
6.492843654E0,-7.655165792E-1,-6.963627815E0,2.328982353E0,7.382566409E0
6.502839227E0,-2.233448267E0,-7.654339314E0,2.268172741E0,8.289861825E0
6.512838966E0,-2.243462324E0,-7.715885162E0,2.215158701E0,8.335162572E0
6.522837664E0,-2.251804829E0,-8.338594437E0,2.185045004E0,8.909388522E0
6.532845477E0,-2.264938831E0,-9.278414726E0,2.172421455E0,9.794812031E0
6.542849643E0,-2.257641792E0,-9.199055672E0,2.151019573E0,9.713210433E0
6.552834070E0,-2.243880272E0,-9.317076683E0,2.108592272E0,9.812699830E0
6.562836883E0,-2.148208141E0,-9.236679077E0,2.068184614E0,9.706102523E0
6.572838445E0,-2.005278111E0,-9.152859688E0,2.542910337E0,9.708881179E0
6.582842091E0,-1.844635487E0,-9.065804482E0,2.437968731E0,9.567402077E0
6.592855112E0,-1.704524517E0,-8.973587990E0,2.342895746E0,9.429732007E0
6.602836674E0,-1.553191662E0,-9.073963165E0,2.216543436E0,9.469016668E0
6.612828549E0,-2.786680758E-1,-8.969167709E0,2.089540720E0,9.213566395E0
6.622844487E0,-1.621734351E-1,-8.858515739E0,1.989906788E0,9.080711996E0
6.632841622E0,-4.330541939E-2,-8.733892441E0,2.457329750E0,9.073104321E0
6.642830737E0,7.290033996E-2,-8.602105141E0,2.337629795E0,8.914372685E0
6.652839747E0,-1.242135465E-2,-8.662002563E0,2.202463388E0,8.937633226E0
6.662826518E0,9.920699149E-2,-8.513780594E0,2.043998003E0,8.756268033E0
6.672836622E0,1.469609141E-1,-8.356705666E0,1.866323948E0,8.563836300E0
6.682844956E0,2.322749346E-1,-8.137342453E0,1.766444206E0,8.330103179E0
6.692836883E0,7.548761368E-2,-8.147029877E0,1.599396229E0,8.302882782E0
6.702836622E0,1.182480827E-1,-7.946045399E0,1.936879158E0,8.179555059E0
6.712841831E0,1.603025645E-1,-7.734289169E0,1.702678204E0,7.921113491E0
6.722837924E0,2.020722628E-1,-7.513069630E0,1.498550415E0,7.663726366E0
6.732841570E0,2.435627729E-1,-7.282362461E0,1.297090530E0,7.400984373E0
6.742842352E0,8.262434602E-2,-7.242415905E0,1.085120678E0,7.323721855E0
6.752836362E0,1.240916476E-1,-6.992764950E0,8.639130592E-1,7.047021084E0
6.762838185E0,1.654341519E-1,-6.718492508E0,6.092982292E-1,6.748092647E0
6.772853029E0,2.065284550E-1,-6.439742565E0,3.683543205E-1,6.453574452E0
6.782852247E0,2.474848628E-1,-6.157150745E0,1.309385300E-1,6.163513524E0
6.792826258E0,8.610977232E-2,-6.073178291E0,-9.023571014E-2,6.074458983E0
6.802823289E0,1.273759604E-1,-5.787830830E0,-2.870364189E-1,5.796343697E0
6.812834591E0,1.684044302E-1,-5.504183292E0,-4.448080063E-1,5.524694374E0
6.822838445E0,2.091814876E-1,-5.223740578E0,-5.423340797E-1,5.255982189E0
6.832845737E0,2.470634431E-1,-4.948921204E0,-5.802369118E-1,4.988941401E0
6.842841049E0,8.534003794E-2,-4.878705025E0,4.465560913E-1,4.899842649E0
6.852837404E0,1.261360943E-1,-3.097067833E0,2.041496754E0,3.711529128E0
6.862836102E0,2.066383362E-1,3.231663704E-1,4.634884357E0,4.650729933E0
6.872842872E0,2.066972017E0,1.712153912E0,6.047708988E0,6.616542023E0
6.882847039E0,2.968938351E0,1.946561098E0,6.934091568E0,7.790078364E0
6.892836102E0,3.082927465E0,1.984878540E0,6.882547379E0,7.798310265E0
6.902838185E0,3.176933050E0,7.262172699E-1,6.896004677E0,7.627265279E0
6.912838185E0,3.991192579E0,6.959989071E-1,7.438528061E0,8.470285261E0
6.922836622E0,4.058398247E0,-1.637368202E-1,6.687803268E0,7.824584247E0
6.932848602E0,3.956282139E0,-9.702758789E-1,5.614283562E0,6.936409990E0
6.942848862E0,3.754930019E0,-1.955804110E0,4.588529587E0,6.243338284E0
6.952886622E0,3.478826523E0,-1.967942357E0,3.630375862E0,5.399505533E0
6.962832664E0,2.379041195E0,-1.761105895E0,3.494360924E0,4.579507533E0
6.972837456E0,2.190897942E0,4.363346100E-2,3.454387665E0,4.090810654E0
6.982824122E0,1.970754027E0,1.633059025E0,3.392133713E0,4.249391055E0
6.992849383E0,7.209936976E-1,2.563188076E0,3.254317284E0,4.204800353E0
7.002834904E0,-7.736315727E-1,2.668009996E0,2.565804482E0,3.781552034E0
7.012844695E0,-8.023798466E-1,2.702698469E0,2.487909317E0,3.760064521E0
7.022847299E0,-8.288432956E-1,2.667185307E0,1.128669739E0,3.012433244E0
7.032846258E0,-2.343732595E0,2.572755337E0,1.050913811E0,3.635460403E0
7.042847299E0,-3.130419493E0,2.366855860E0,-8.394417763E-1,4.013252466E0
7.052850424E0,-3.053804636E0,2.277689934E0,-1.929577827E0,4.270464235E0
7.062852508E0,-2.863996983E0,2.201708794E0,-2.997652054E0,4.694243087E0
7.072846518E0,-9.347122312E-1,2.160966396E0,-3.836678505E0,4.501506933E0
7.082847039E0,-8.462153077E-1,2.144284725E0,-3.980053425E0,4.599441552E0
7.092847039E0,-7.590457201E-1,2.159039736E0,-4.862443924E0,5.374101218E0
7.102843393E0,-6.743864417E-1,2.206756115E0,-4.898877621E0,5.415124335E0
7.112852247E0,-5.980073810E-1,2.757484198E0,-4.927870750E0,5.678489417E0
7.122847039E0,-7.259136438E-1,2.722345591E0,-4.933288097E0,5.681148439E0
7.132884539E0,-6.565382481E-1,2.687838554E0,-4.917051315E0,5.642066306E0
7.142834904E0,-5.903847814E-1,2.664726973E0,-4.891467094E0,5.601408248E0
7.152848393E0,-5.266941786E-1,3.230753899E0,-4.895000458E0,5.888650694E0
7.162833497E0,-4.659220576E-1,3.200581312E0,-4.937577724E0,5.902582306E0
7.172835372E0,-6.045257449E-1,3.839707136E0,-5.745092392E0,6.936489664E0
7.182837143E0,-5.436288118E-1,3.811847448E0,-5.815102100E0,6.974319013E0
7.192838966E0,-4.852055013E-1,4.504892349E0,-6.745225906E0,8.125733935E0
7.202839747E0,-4.270682931E-1,4.479376793E0,-6.794179916E0,8.149115566E0
7.212838966E0,-3.683665991E-1,5.404464722E0,-7.789445877E0,9.487855393E0
7.222837664E0,1.176153421E0,5.154516697E0,-7.788527012E0,9.413476099E0
7.232838706E0,1.331320286E0,4.971474171E0,-7.613358021E0,9.189732830E0
7.242835581E0,2.387390375E0,4.768549919E0,-7.417755604E0,9.135742955E0
7.252838966E0,2.536239386E0,4.551336765E0,-7.202442646E0,8.889451988E0
7.262838706E0,3.482524872E0,5.274233818E0,-7.160190582E0,9.550594276E0
7.272837404E0,3.600378990E0,5.051314831E0,-6.894629955E0,9.274396617E0
7.282837143E0,4.261766911E0,4.824086666E0,-6.622420788E0,9.235308682E0
7.292837143E0,4.256453037E0,4.578459263E0,-6.346174717E0,8.908064617E0
7.302836883E0,4.185287952E0,4.321867943E0,-6.066486835E0,8.543853948E0
7.312835164E0,4.078360558E0,3.026846409E0,-6.910611629E0,8.576209950E0
7.322854799E0,3.860791206E0,2.862971306E0,-5.701657295E0,7.457292360E0
7.332842404E0,3.576017857E0,2.715570450E0,-5.421652794E0,7.039641013E0
7.342823497E0,2.319317818E0,2.583527088E0,-5.145395756E0,6.207168826E0
7.352852247E0,1.502968192E0,2.466707706E0,-4.875243664E0,5.666706369E0
7.362839227E0,5.893595219E-1,2.263501167E0,-4.810436726E0,5.348932947E0
7.372838445E0,-3.292844296E-1,1.166526794E0,-4.550868988E0,4.709524556E0
7.382838185E0,-1.629821420E0,4.182281494E-1,-4.298428059E0,4.616028208E0
7.392838706E0,-1.682184577E0,2.416334152E-1,-4.053932190E0,4.395736327E0
7.402838445E0,-1.867719889E0,-5.531892776E-1,-3.980664492E0,4.431713636E0
7.412837924E0,-1.860519290E0,-7.344827652E-1,-3.757884026E0,4.257075206E0
7.422840268E0,-1.818210363E0,-1.545966148E0,-3.543845415E0,4.272556680E0
7.432841049E0,-1.750168443E0,-1.673738956E0,-3.354367733E0,4.137181959E0
7.442840008E0,-1.641705513E0,-1.786621094E0,-3.182888031E0,4.002247886E0
7.452837664E0,-1.735013366E0,-1.877213001E0,-3.217252254E0,4.109125467E0
7.462838445E0,-1.633463621E0,-1.921353340E0,-3.062461138E0,3.967174092E0
7.472838706E0,-1.533868909E0,-1.903240204E0,-2.911565542E0,3.801616894E0
7.482837924E0,-1.434855342E0,-1.825821877E0,-2.764843941E0,3.610650550E0
7.492836779E0,-1.342493176E0,-8.893837929E-1,-2.630089045E0,3.083935771E0
7.502856727E0,-1.452392220E0,-1.749992371E-1,-2.698179722E0,3.069241226E0
7.512843445E0,-1.361574769E0,1.358887672E0,-2.566598415E0,3.207473926E0
7.522824331E0,-1.271874547E0,1.343742371E0,-2.436892509E0,3.059698273E0
7.532841883E0,-1.183280230E0,1.330497742E0,-2.309144258E0,2.915908700E0
7.542841049E0,-1.097604871E0,2.318653107E0,-2.185047626E0,3.369765839E0
7.552837143E0,-1.206260562E0,3.203677177E0,-3.415916443E0,4.836020797E0
7.562835841E0,-1.110083222E0,3.206837654E0,-4.393540382E0,5.551512370E0
7.572839487E0,-1.006435633E0,3.143828392E0,-5.284487724E0,6.230760800E0
7.582838966E0,-8.662484288E-1,2.137154579E0,-6.679785728E0,7.066636641E0
7.592838706E0,-9.651826024E-1,1.055486679E0,-6.669799805E0,6.821426465E0
7.602837664E0,-8.675580025E-1,1.047869682E0,-6.629552841E0,6.767692268E0
7.612838185E0,-7.721021771E-1,1.035144806E0,-6.457870007E0,6.585723314E0
7.622838445E0,-6.801444292E-1,1.020576477E0,-6.122968674E0,6.244591113E0
7.632840008E0,-5.912261009E-1,1.007113457E0,-4.773128033E0,4.913916669E0
7.642837404E0,-7.060489655E-1,8.996152878E-1,-3.861882687E0,4.027648283E0
7.652837404E0,-6.214854121E-1,8.990888596E-1,-3.517622471E0,3.683513641E0
7.662824435E0,-5.426275730E-1,9.049234390E-1,-2.537961483E0,2.748559551E0
7.672839383E0,-4.656144679E-1,9.156351089E-1,-2.255485535E0,2.478386468E0
7.682855789E0,-3.903825283E-1,9.305410385E-1,-1.964822650E0,2.208808092E0
7.692844227E0,-5.180438757E-1,8.493623734E-1,-1.126706123E0,1.503081031E0
7.702838081E0,-4.459799528E-1,8.699722290E-1,-9.661779404E-1,1.374499767E0
7.712836414E0,-1.916638851E0,8.920650482E-1,-8.063781857E-1,2.262637911E0
7.722837977E0,-1.965775967E0,9.134721756E-1,-6.698309183E-1,2.268783821E0
7.732838706E0,-2.035343647E0,9.351940155E-1,-5.332784653E-1,2.302519822E0
7.742838445E0,-2.091897249E0,8.571882248E-1,-4.273759127E-1,2.300751165E0
7.752835581E0,-2.647546768E0,8.771314621E-1,-3.869078159E-1,2.815770081E0
7.762837143E0,-2.589221716E0,9.169149399E-1,-4.787355065E-1,2.788187545E0
7.772839487E0,-2.448863268E0,9.356222153E-1,-5.657585859E-1,2.681865584E0
7.782841831E0,-2.276744127E0,1.937968254E0,-1.312584639E0,3.265296802E0
7.792834018E0,-1.562801003E0,2.003780365E0,-1.332743883E0,2.869440535E0
7.802838706E0,-1.411807418E0,2.056716919E0,-1.343060970E0,2.833213271E0
7.812838706E0,-1.253896832E0,2.113063812E0,-1.310564041E0,2.784757449E0
7.822837924E0,-1.090267062E0,2.162552834E0,-1.231065512E0,2.716770016E0
7.832837924E0,2.710097432E-1,2.206016541E0,-1.110656261E0,2.484655427E0
7.842836362E0,3.743366897E-1,2.249217033E0,-4.014337063E-1,2.315222288E0
7.852838810E0,4.694179893E-1,2.301596642E0,-2.922782898E-1,2.367092509E0
7.862861987E0,5.584953427E-1,2.356945038E0,-1.515043974E-1,2.426944693E0
7.872839799E0,6.414365768E-1,2.429432869E0,1.138749599E0,2.758683671E0
7.882826414E0,5.188091397E-1,2.521633148E0,9.944010377E-1,2.759824284E0
7.892835112E0,5.456064939E-1,3.255391121E0,1.048793316E0,3.463412366E0
7.902836414E0,5.728457570E-1,3.335903168E0,1.102060199E0,3.559626229E0
7.912836622E0,5.989940166E-1,3.961097717E0,1.151074409E0,4.168220394E0
7.922835320E0,6.256387234E-1,4.041670799E0,1.194808483E0,4.260762135E0
7.932837664E0,4.531463981E-1,4.120401382E0,9.976776242E-1,4.263614646E0
7.942843914E0,5.203006864E-1,4.754659653E0,1.039994717E0,4.894802369E0
7.952837143E0,5.465106964E-1,4.753654480E0,1.042575359E0,4.897230670E0
7.962839487E0,5.728162527E-1,4.726443291E0,2.539604187E0,5.396014647E0
7.972838445E0,4.003422260E-1,4.681339264E0,3.237832308E0,5.706029202E0
7.982839487E0,4.283442199E-1,4.655056953E0,3.309273958E0,5.727506276E0
7.992840789E0,4.565293789E-1,4.649854660E0,3.311796904E0,5.726915938E0
8.002835320E0,4.853905141E-1,4.663355827E0,3.183526039E0,5.667215327E0
8.012838185E0,5.149115324E-1,4.678380013E0,2.365363598E0,5.267572342E0
8.022838706E0,2.047389030E0,4.671328545E0,2.158241749E0,5.538151285E0
8.032836414E0,2.123361588E0,4.639490128E0,5.593443513E-1,5.132874358E0
8.042859539E0,2.222520351E0,4.581105232E0,5.276219845E-1,5.119033778E0
8.052837977E0,2.902304649E0,4.484880447E0,5.003207922E-1,5.365430626E0
8.062826206E0,2.907614946E0,3.741798401E0,4.769325256E-1,4.762640505E0
8.072832195E0,2.910273790E0,3.617951393E0,2.579699159E-1,4.650356362E0
8.082838185E0,2.841970682E0,2.752486229E0,2.421639264E-1,3.963788739E0
8.092837404E0,2.749135017E0,2.604528427E0,2.076525688E0,4.318943228E0
8.102839487E0,2.585885525E0,6.102237701E-1,2.781144619E0,3.846289431E0
8.112836883E0,1.691113114E0,6.272201538E-1,2.832742929E0,3.358228877E0
8.122839487E0,-1.428817399E-2,-6.609630585E-1,2.964317083E0,3.037145385E0
8.132838445E0,-2.698604017E-2,-1.474427223E0,3.751679659E0,4.031099620E0
8.142844174E0,-3.783876449E-2,-2.347656250E0,3.766890287E0,4.438736766E0
8.152840789E0,-4.692789912E-2,-3.170783520E0,3.737137079E0,4.901251259E0
8.162838445E0,-2.560526133E-1,-3.908653736E0,3.674492598E0,5.370757192E0
8.172844956E0,-2.570422292E-1,-4.583254814E0,3.575261593E0,5.818486990E0
8.182849383E0,-2.523749769E-1,-4.732552052E0,3.482610226E0,5.881268233E0
8.192850424E0,-2.047657669E-1,-5.791863441E0,3.394480944E0,6.716406183E0
8.202848341E0,-1.572688222E-1,-5.898513794E0,3.312135935E0,6.766641923E0
8.212845945E0,-3.108989000E-1,-6.588575840E0,3.205712080E0,7.333660727E0
8.222849122E0,-2.656051219E-1,-6.619872093E0,3.102048397E0,7.315460127E0
8.232843393E0,-2.200122029E-1,-6.652372360E0,3.034901619E0,7.315264262E0
8.242848810E0,-1.753842831E-1,-6.705121994E0,2.988969803E0,7.343252759E0
8.252839018E0,-1.324003637E-1,-6.746053696E0,2.977659702E0,7.375176447E0
8.262838966E0,-1.260263205E0,-6.785423756E0,3.571596622E0,7.770877770E0
8.272842352E0,-1.333254337E0,-6.818741798E0,3.467612743E0,7.765123629E0
8.282848081E0,-1.419733405E0,-6.865309238E0,3.326106787E0,7.759581190E0
8.292849122E0,-1.498781562E0,-7.522201538E0,3.160796881E0,8.295812141E0
8.302846779E0,-1.420793295E0,-8.864113808E0,2.952437401E0,9.450293847E0
8.312849643E0,-1.269764543E0,-8.767463684E0,2.747814894E0,9.275300973E0
8.322848081E0,-1.183725148E-1,-8.668087959E0,2.542250633E0,9.033980253E0
8.332846518E0,-2.957390994E-2,-8.565013885E0,2.335940599E0,8.877891414E0
8.342851727E0,5.961823836E-2,-9.669136047E0,2.157835484E0,9.907169132E0
8.352847560E0,-5.055230856E-2,-9.665130615E0,2.035558462E0,9.877287259E0
8.362848341E0,3.990013897E-2,-9.651705742E0,1.958115339E0,9.848412635E0
8.372845997E0,1.309916675E-1,-9.593096733E0,2.437689781E0,9.898838074E0
8.382848602E0,1.754125357E-1,-9.533176422E0,2.280440569E0,9.803704985E0
8.392847612E0,2.180000395E-1,-9.436530113E0,2.134046793E0,9.677281659E0
8.402841987E0,5.907237530E-2,-9.296998978E0,2.002415895E0,9.510381115E0
8.412846570E0,9.991099685E-2,-9.103230476E0,2.407618999E0,9.416762531E0
8.422842039E0,1.405715048E-1,-8.847959518E0,2.226974010E0,9.124996506E0
8.432837143E0,1.808206141E-1,-7.473949909E0,1.984544754E0,7.735052761E0
8.442840789E0,2.184607387E-1,-7.253527164E0,1.714034081E0,7.456493428E0
8.452837664E0,5.626043677E-2,-7.219326019E0,1.425037861E0,7.358842729E0
8.462836622E0,9.631099552E-2,-6.971715450E0,1.140865326E0,7.065101968E0
8.472838445E0,1.359173954E-1,-5.234074593E0,8.456735611E-1,5.303694387E0
8.482840008E0,2.158304751E-1,-4.899267673E0,5.171337128E-1,4.931210177E0
8.492836102E0,5.353750288E-2,-4.618638992E0,1.961460114E-1,4.623112119E0
8.502840789E0,9.137190133E-2,-4.346405506E0,-9.200048447E-2,4.348339193E0
8.512838706E0,1.319184303E-1,-4.086823463E0,-3.016867638E-1,4.100066267E0
8.522837404E0,1.727026403E-1,-3.873532057E0,-3.112487793E-1,3.889852516E0
8.532838185E0,2.132581174E-1,-2.873048782E0,1.017399788E0,3.055321695E0
8.542842872E0,5.158029497E-2,-1.429749489E0,2.993274689E0,3.317610208E0
8.552834591E0,9.233870357E-2,4.137692451E-1,2.899919510E0,2.930744716E0
8.562836883E0,1.329278201E-1,1.844488144E0,2.815983295E0,3.368912026E0
8.572850008E0,1.333557367E0,2.052682400E0,3.784058094E0,4.506770012E0
8.582841935E0,1.445232511E0,2.061680317E0,4.459486485E0,5.121156358E0
8.592846049E0,1.540009499E0,1.077628136E0,4.403833389E0,4.788179213E0
8.602823029E0,1.612720132E0,2.375335693E-1,4.275587559E0,4.575799099E0
8.612841102E0,1.695233583E0,-8.205351830E-1,3.508549690E0,3.982086867E0
8.622838445E0,1.739978790E0,-2.185391665E0,2.340013504E0,3.644053528E0
8.632836622E0,1.667571783E0,-4.266779423E0,2.302870274E0,5.127320332E0
8.642840529E0,1.551451445E0,-4.336243153E0,2.172012329E0,5.091919463E0
8.652841570E0,1.442715526E0,-4.212106705E0,2.146438122E0,4.942718644E0
8.662827820E0,1.518586159E0,-2.790425777E0,4.926647186E0,5.862118426E0
8.672837143E0,2.559927464E0,-1.731769323E0,5.585183144E0,6.383300428E0
8.682838445E0,3.193964243E0,-1.464487314E0,5.580912590E0,6.594900759E0
8.692843133E0,3.232311010E0,-1.253170252E0,5.612559319E0,6.596900200E0
8.702838966E0,3.250827789E0,-1.075058460E0,6.325289726E0,7.192560193E0
8.712838185E0,3.219828129E0,-8.923506737E-1,6.258039474E0,7.094127217E0
8.722836622E0,3.101809263E0,-6.996884346E-1,6.107143402E0,6.885345681E0
8.732837924E0,2.886568069E0,-4.876797199E-1,5.263075829E0,6.022464106E0
8.742840789E0,1.878663659E0,-2.643978596E-1,4.454118729E0,4.841328022E0
8.752869695E0,1.635413885E0,5.548832417E-1,3.641328812E0,4.030105396E0
8.762833654E0,4.751604199E-1,7.309522629E-1,3.470771790E0,3.578592663E0
8.772825997E0,2.857650518E-1,9.362928867E-1,1.504564285E0,1.794998530E0
8.782825372E0,-1.139948726E0,1.809047937E0,1.403253555E0,2.557588332E0
8.792835633E0,-1.163285017E0,1.934313774E0,1.405228615E0,2.658847357E0
8.802848133E0,-1.181045651E0,2.058152676E0,-2.343664169E-1,2.384489229E0
8.812838185E0,-1.164027810E0,2.136006594E0,-1.368514061E0,2.791113693E0
8.822842091E0,-1.143811822E0,2.203613520E0,-2.283569336E0,3.373263544E0
8.832838185E0,-1.283268809E0,2.254455328E0,-2.987778664E0,3.956787713E0
8.842841049E0,-1.147735596E0,2.955319881E0,-4.037962914E0,5.133844280E0
8.852841049E0,-1.053216457E0,2.935639858E0,-4.104750633E0,5.155213288E0
8.862840268E0,-9.680454135E-1,2.884997129E0,-4.163397789E0,5.156956613E0
8.872839747E0,-1.088621855E0,2.810093403E0,-4.196126461E0,5.166159091E0
8.882839747E0,-1.012458324E0,2.713828564E0,-4.206013203E0,5.106905559E0
8.892837404E0,-9.398654103E-1,2.618578672E0,-4.234570503E0,5.066743392E0
8.902835841E0,-8.675158620E-1,2.541127682E0,-4.864023209E0,5.555954953E0
8.912837664E0,-7.992522717E-1,2.511679173E0,-4.918614388E0,5.580331886E0
8.922839747E0,-9.326483011E-1,3.338732958E0,-5.791982651E0,6.750113602E0
8.932857977E0,-8.651673198E-1,3.947145462E0,-6.397974014E0,7.567201813E0
8.942840060E0,-7.982890606E-1,4.675162792E0,-6.487550735E0,8.036337916E0
8.952834852E0,-7.319732308E-1,6.067705154E0,-7.789695740E0,9.901120662E0
8.962844956E0,8.903173804E-1,5.953697205E0,-7.674619675E0,9.753920370E0
8.972845008E0,1.596826315E0,6.906191349E0,-7.750443459E0,1.050308084E1
8.982839227E0,1.773788929E0,6.859622002E0,-7.607488155E0,1.039589425E1
8.992838706E0,2.821803331E0,7.257912636E0,-7.439422131E0,1.076962727E1
9.002838966E0,2.942025661E0,6.987686634E0,-7.243763447E0,1.048596149E1
9.012838706E0,3.531995058E0,6.606720448E0,-7.006681919E0,1.025755018E1
9.022839227E0,3.504435301E0,4.548520088E0,-6.901736259E0,8.977976674E0
9.032840008E0,3.393454552E0,4.298723221E0,-8.159470558E0,9.827080691E0
9.042839227E0,3.197356224E0,4.067545414E0,-7.977883339E0,9.508661057E0
9.052842612E0,2.957939386E0,3.853060246E0,-7.803152084E0,9.191553793E0
9.062840529E0,1.847988486E0,3.557473660E0,-7.609447479E0,8.600835496E0
9.072838185E0,1.584456801E0,3.379329681E0,-7.383650303E0,8.273370791E0
9.082836362E0,4.673972130E-1,4.225283623E0,-7.130567551E0,8.301594753E0
9.092836883E0,2.123317719E-1,4.183149815E0,-6.841562271E0,8.021895129E0
9.102837924E0,-1.664314985E0,4.672200203E0,-6.480690956E0,8.160805988E0
9.112845997E0,-1.919665694E0,4.527269363E0,-6.086840153E0,7.825018039E0
9.122838081E0,-1.967696309E0,4.362007141E0,-4.306715488E0,6.437913743E0
9.132833029E0,-1.969790459E0,4.122923374E0,-4.001054287E0,6.073467462E0
9.142851674E0,-1.961827993E0,2.298892975E0,-3.703277826E0,4.779952368E0
9.152836414E0,-1.910366654E0,2.198199272E0,-3.417557955E0,4.490131754E0
9.162837924E0,-2.051066637E0,2.008664131E0,-3.339809418E0,4.404081390E0
9.172837664E0,-1.919904947E0,2.805795670E-1,-3.078417063E0,3.638875034E0
9.182840529E0,-1.786927104E0,-5.640921593E-1,-2.879537106E0,3.435555615E0
9.192839487E0,-1.655593991E0,-1.309226990E0,-2.688933611E0,3.418395931E0
9.202837924E0,-1.687723279E0,-2.209176064E0,-2.664355278E0,3.850669785E0
9.212836883E0,-1.563653350E0,-2.322801590E0,-2.486451387E0,3.744710874E0
9.222841570E0,-1.442080736E0,-2.417750359E0,-2.315593719E0,3.645145802E0
9.232837143E0,-1.335543513E0,-2.464324474E0,-2.171285152E0,3.545567769E0
9.242841049E0,7.294762135E-2,-2.453877926E0,-3.349271297E0,4.152644513E0
9.252834799E0,2.404381037E-1,-2.408649445E0,-3.423648357E0,4.192942965E0
9.262836102E0,1.061153769E0,-2.335413933E0,-4.433062553E0,5.121742786E0
9.272835320E0,1.151461482E0,-1.661778450E0,-4.451321125E0,4.888929425E0
9.282838966E0,1.209943771E0,-1.551394463E0,-4.438941956E0,4.855408777E0
9.292847299E0,1.224639416E0,-4.249424934E-1,-4.380593777E0,4.568360719E0
9.302836310E0,1.120918989E0,4.551811218E-1,-4.264599800E0,4.432884015E0
9.312825477E0,4.327431917E-1,1.440897942E0,-4.026878357E0,4.298744334E0
9.322823237E0,2.823932171E-1,1.439674377E0,-2.982610226E0,3.323909144E0
9.332854643E0,-1.163807988E0,1.438500404E0,-2.712614536E0,3.283597123E0
9.342837404E0,-1.136885881E0,3.303122520E0,-1.041754723E0,3.645323140E0
9.352839227E0,-1.300105572E0,3.347622871E0,-1.068963766E0,3.746937005E0
9.362838966E0,-1.255991340E0,3.340396881E0,-8.959242702E-1,3.679462714E0
9.372836883E0,-1.204070568E0,3.253932953E0,-7.236729264E-1,3.544230255E0
9.382836883E0,-1.110525727E0,1.352097511E0,-5.197750330E-1,1.825267420E0
9.392849383E0,-1.197159052E0,1.255747795E0,-2.147924900E0,2.761100088E0
9.402847560E0,4.038084745E-1,1.261065483E0,-2.175737619E0,2.546994626E0
9.412848081E0,4.990438223E-1,1.267810822E0,-2.205753326E0,2.592631241E0
9.422845997E0,5.522198081E-1,1.275789261E0,-2.213441372E0,2.613791817E0
9.432847560E0,5.348044038E-1,1.284800529E0,-2.211888790E0,2.613270015E0
9.442854852E0,-9.011229873E-1,1.195028305E0,-2.241200924E0,2.695013334E0
9.452848602E0,-8.078729510E-1,1.206080437E0,-2.273416996E0,2.697353066E0
9.462850424E0,-7.150686979E-1,2.613169670E0,-2.215162039E0,3.499560233E0
9.472861102E0,-6.249587536E-1,2.620606422E0,-2.113969326E0,3.424473358E0
9.482836779E0,-2.029773474E0,2.646815300E0,-2.000051260E0,3.889192285E0
9.492837977E0,-2.063613653E0,2.704187393E0,-1.881014109E0,3.887074072E0
9.502847091E0,-2.069664240E0,2.798567772E0,-1.787558913E0,3.912909213E0
9.512842664E0,-2.025540590E0,3.523639679E0,-1.710578442E0,4.409640561E0
9.522841102E0,-1.924785614E0,3.562894821E0,-1.618478775E0,4.361019687E0
9.532849122E0,-1.792606354E0,3.606895447E0,-1.507832050E0,4.300777813E0
9.542850164E0,-1.633230686E0,3.694139481E0,-1.371415615E0,4.265546831E0
9.552842612E0,-3.276576102E-1,4.444226265E0,-1.227859259E0,4.622352752E0
9.562852508E0,-2.074230015E-1,5.230306625E0,-2.774199247E-1,5.241764351E0
9.572848602E0,-1.309024990E-1,5.300392151E0,8.782833815E-1,5.374260332E0
9.582848341E0,-2.563138008E-1,5.365553856E0,7.731318474E-1,5.427024765E0
9.592847039E0,-1.823993325E-1,5.426096916E0,8.617687821E-1,5.497130405E0
9.602847820E0,-1.095041782E-1,5.452971458E0,-7.209843397E-2,5.454547376E0
9.612850164E0,-4.022127390E-2,5.425837517E0,-8.537572622E-2,5.426658228E0
9.622837404E0,-1.330799937E0,5.324413300E0,-1.215292215E-1,5.489551421E0
9.632836362E0,-1.352187753E0,4.561118126E0,-1.577365398E-1,4.759946543E0
9.642836362E0,-1.373869300E0,3.833145142E0,-1.742931604E-1,4.075646775E0
9.652845737E0,-1.366478920E0,3.015403748E0,-1.492567062E-1,3.313940549E0
9.663306570E0,-1.314324617E0,2.193077087E0,-7.316207886E-2,2.557809415E0
9.672827247E0,-1.232897520E0,1.078274727E0,1.095252037E0,1.970352686E0
9.682841831E0,-1.119790673E0,9.963092804E-1,9.357125163E-1,1.766952531E0
9.692855685E0,-9.670569301E-1,1.014914513E0,9.766219258E-1,1.708520108E0
9.702837143E0,2.049546242E-1,1.033841133E0,1.018605232E0,1.465738894E0
9.712841362E0,2.890377939E-1,1.053028107E0,1.061647415E0,1.522992539E0
9.722837404E0,3.703211546E-1,1.072477341E0,1.106015325E0,1.584492127E0
9.732840268E0,2.495456785E-1,9.889945984E-1,9.228571057E-1,1.375517575E0
9.742843914E0,3.669560254E-1,2.383522034E0,9.803259373E-1,2.603242776E0
9.752839227E0,4.103320539E-1,3.400520325E0,9.964685440E-1,3.567192234E0
9.762844435E0,-9.336883426E-1,3.515584946E0,1.013484001E0,3.776011289E0
9.772842352E0,-9.416504502E-1,4.289518356E0,8.304554224E-1,4.469488730E0
9.782835581E0,-8.992027044E-1,4.332736969E0,2.119874954E0,4.906632752E0
9.792837664E0,-8.127897978E-1,4.344520569E0,2.205311775E0,4.939522877E0
9.802837664E0,4.309038818E-1,4.299380302E0,2.886725664E0,5.196492490E0
9.812843133E0,4.705103636E-1,4.189832687E0,2.940188885E0,5.140115624E0
9.822837404E0,3.101743460E-1,3.414195061E0,3.002765179E0,4.557360503E0
9.832845997E0,3.501287699E-1,3.311909676E0,3.041073799E0,4.509929679E0
9.842835789E0,1.853345275E0,3.194138527E0,3.001456261E0,4.758797046E0
9.852825737E0,1.871568918E0,2.509177208E0,2.875404119E0,4.250492833E0
9.862843445E0,1.846289277E0,2.452180862E0,1.993431211E0,3.660019545E0
9.872834852E0,1.777792215E0,2.377210617E0,4.327530861E-1,2.999825114E0
9.882837924E0,1.648803353E0,2.291489601E0,4.221225679E-1,2.854411420E0
9.892837664E0,3.585912883E-1,2.225781441E0,4.137931168E-1,2.292142115E0
9.902843914E0,3.948072493E-1,2.172676086E0,4.079101980E-1,2.245614586E0
9.912844174E0,4.293316603E-1,2.115859032E0,4.044963121E-1,2.196543280E0
9.922836102E0,1.577737808E0,1.994657516E0,2.431737781E-1,2.554808933E0
9.932835581E0,1.698365450E0,1.931156158E0,2.860931456E-1,2.587597070E0
9.942844435E0,2.535791397E0,1.883710861E0,3.300099969E-1,3.176084258E0
9.952840268E0,2.583186865E0,1.836871147E0,3.747724891E-1,3.191771359E0
9.962844956E0,2.592830896E0,7.780618668E-1,2.197809368E-1,2.715963178E0
9.972836102E0,2.541972637E0,7.955274582E-1,2.662604451E-1,2.676823388E0
9.982838185E0,2.412696362E0,8.132266998E-1,3.138290048E-1,2.565332345E0
9.992837924E0,1.710015893E0,8.311414719E-1,3.617614806E-1,1.935412584E0
1.000283818E1,1.524055481E0,8.492507935E-1,1.530548453E0,2.320894351E0
1.001285199E1,-1.466053724E-1,-1.340488434E0,1.633735657E0,2.118370735E0
1.002283636E1,-1.582969427E-1,-2.052396297E0,1.740178823E0,2.695479702E0
1.003282704E1,-1.712582856E-1,-2.776040077E0,2.385761976E0,3.664367356E0
1.004283173E1,-1.837356687E-1,-3.484921932E0,2.422202826E0,4.248000259E0
1.005283485E1,-1.978944987E-1,-4.244076252E0,2.483480692E0,4.921282537E0
1.006284678E1,-4.101324677E-1,-5.028623581E0,2.544610023E0,5.650690571E0
1.007284496E1,-4.181668758E-1,-5.726263046E0,3.196851254E0,6.571515042E0
1.008283792E1,-3.857410550E-1,-5.874851227E0,3.225511074E0,6.713165780E0
1.009284105E1,-1.396319628E0,-6.907351971E0,3.247589827E0,7.759385248E0
1.010283975E1,-1.469384193E0,-8.948512077E0,3.353469610E0,9.668542637E0
1.011284287E1,-1.491951466E0,-8.886139870E0,3.949040174E0,9.837902178E0
1.012284105E1,-1.439360142E0,-8.823186874E0,3.900608778E0,9.753724062E0
1.013283740E1,-3.911973238E-1,-8.759200096E0,3.840153694E0,9.572011391E0
1.014284157E1,-3.628796339E-1,-8.693972588E0,3.748528004E0,9.474613616E0
1.015283714E1,-5.350956321E-1,-8.826584816E0,3.611222029E0,9.551745986E0
1.016284105E1,-5.036331415E-1,-8.757538795E0,3.454570770E0,9.427735216E0
1.017283818E1,-4.722121656E-1,-8.683869362E0,3.273553371E0,9.292401363E0
1.018283740E1,9.358714819E-1,-8.606578827E0,3.121164799E0,9.202756339E0
1.019286657E1,9.702845812E-1,-8.525472641E0,2.994865179E0,9.088143560E0
1.020283636E1,9.769045115E-1,-8.639660835E0,2.871025085E0,9.156465847E0
1.021285438E1,9.426804185E-1,-8.549158096E0,2.739219189E0,9.026631281E0
1.022282871E1,8.874392509E-1,-8.453558922E0,2.609725237E0,8.891618114E0
1.023283902E1,8.426957130E-1,-8.352563858E0,2.487315893E0,8.755695256E0
1.024283714E1,7.549091578E-1,-8.242129326E0,2.372593641E0,8.609981664E0
1.025283949E1,6.838229895E-1,-8.324599266E0,2.781369925E0,8.803555275E0
1.026284417E1,6.263415813E-1,-8.199176788E0,2.587525606E0,8.620562194E0
1.027283897E1,5.665721297E-1,-8.064532280E0,2.378551722E0,8.427051273E0
1.028283897E1,5.610053539E-1,-6.720669746E0,2.191215277E0,7.091089707E0
1.029283532E1,5.432519913E-1,-6.534177780E0,1.987093210E0,6.851214594E0
1.030284079E1,5.246132612E-1,-6.340847015E0,1.759729862E0,6.601379336E0
1.031284574E1,4.901823997E-1,-6.135588169E0,1.599344730E0,6.359530213E0
1.032283871E1,4.276313782E-1,-5.238491535E0,2.650235653E0,5.886290103E0
1.033283584E1,3.950881958E-1,-3.978168964E0,3.866378307E0,5.561546926E0
1.034283949E1,4.495819807E-1,-2.248097420E0,5.381931305E0,5.849893207E0
1.035283740E1,1.382123113E0,-5.305943489E-1,6.618896484E0,6.782446854E0
1.036284183E1,1.446005225E0,6.316156387E-1,7.520359039E0,7.684118004E0
1.037287256E1,2.180300236E0,8.352041245E-1,7.456272125E0,7.813275181E0
1.038283803E1,2.164632082E0,9.488687515E-1,7.296000957E0,7.669264237E0
1.039285126E1,2.111784935E0,3.881373405E-1,7.009864330E0,7.331335768E0
1.040282647E1,2.058483124E0,-5.485424995E-1,5.736983299E0,6.119740928E0
1.041283959E1,1.934493899E0,-1.990127087E0,3.980822563E0,4.852815754E0
1.042284027E1,1.784291506E0,-3.633465290E0,2.156535149E0,4.586546635E0
1.043284131E1,1.031151056E0,-5.645591259E0,5.595836639E-1,5.766203867E0
1.044284235E1,9.159840345E-1,-5.659905910E0,-2.838335037E-1,5.740568188E0
1.045283949E1,7.999269962E-1,-5.485345840E0,-3.523254395E-1,5.554550873E0
1.046284417E1,7.170840502E-1,-5.280955315E0,1.411918640E0,5.513276051E0
1.047283897E1,7.071802616E-1,-3.473751307E0,3.357043743E0,4.882294005E0
1.048283975E1,6.516442299E-1,-3.128345013E0,3.144510269E0,4.483205054E0
1.049283740E1,5.493497849E-1,-2.181598186E0,4.782363415E0,5.285088047E0
1.050283688E1,4.276328087E-1,-2.000914335E0,5.761750698E0,6.114270120E0
1.051284339E1,3.138854504E-1,-1.893980026E0,6.355636120E0,6.639261623E0
1.052286579E1,2.243959904E-1,-1.832272768E0,6.358989716E0,6.621504909E0
1.053283819E1,2.291536331E-1,-1.781468630E0,6.352550030E0,6.601593273E0
1.054284886E1,3.762011528E-1,-1.724731922E0,6.326741219E0,6.568400259E0
1.055285751E1,1.751658201E0,-1.639949560E0,6.262695312E0,6.706645480E0
1.056284735E1,2.958388329E0,-1.504177570E0,6.108420849E0,6.951792354E0
1.057285204E1,4.018765926E0,-1.327046394E0,5.886095047E0,7.249665275E0
1.058285662E1,4.746489048E0,-1.106431007E0,4.925804615E0,6.929422701E0
1.059283621E1,4.786603928E0,-2.681314945E-1,4.758555412E0,6.754799869E0
1.060283589E1,4.708884239E0,-2.355003357E-2,4.582504749E0,6.570654089E0
1.061284782E1,3.504468203E0,9.451451302E-1,3.767425060E0,5.231451833E0
1.062288376E1,2.065897465E0,1.126231194E0,3.636593819E0,4.331413584E0
1.063284782E1,4.470555782E-1,1.303439856E0,1.871469975E0,2.324051207E0
1.064284912E1,-2.264585733E0,1.515793562E0,1.895976067E0,3.319744555E0
1.065284704E1,-3.593826771E0,1.641975880E0,2.584075928E-1,3.959602269E0
1.066283355E1,-3.711191654E0,1.740564108E0,-8.205966949E-1,4.180416946E0
1.067284704E1,-3.751666069E0,2.405422688E0,-1.977294445E0,4.875525605E0
1.068284704E1,-3.705320358E0,2.451474428E0,-2.977250099E0,5.348190720E0
1.069284730E1,-3.555150032E0,2.500506878E0,-3.783886433E0,5.762761745E0
1.070284912E1,-2.257230282E0,2.567986012E0,-3.942746878E0,5.218706127E0
1.071284600E1,-2.125078678E0,3.208766460E0,-4.870122910E0,6.207273052E0
1.072288220E1,-2.207423687E0,3.194074154E0,-4.948936462E0,6.290214714E0
1.073288350E1,-2.096668243E0,3.153484821E0,-5.026530266E0,6.293368792E0
1.074283464E1,-1.994162202E0,3.109324694E0,-5.768375397E0,6.849725371E0
1.075283511E1,-1.899288774E0,3.070418358E0,-5.819764137E0,6.848680263E0
1.076282412E1,-1.810074806E0,3.597196579E0,-6.558257103E0,7.695903473E0
1.077284006E1,-1.918124437E0,3.561401844E0,-7.700977802E0,8.698726548E0
1.078283636E1,-1.833413124E0,4.307617188E0,-7.581862450E0,8.910757977E0
1.079285069E1,-1.748780012E0,4.865143776E0,-7.458830833E0,9.075351943E0
1.080284782E1,-1.665744901E0,5.850107193E0,-8.376649857E0,1.035213616E1
1.081284886E1,-1.647472382E-4,5.674973965E0,-8.334569931E0,1.008317338E1
1.082289027E1,8.683437109E-1,6.832746029E0,-8.321220398E0,1.080199741E1
1.083284860E1,9.957669973E-1,7.400969982E0,-8.223091125E0,1.110788622E1
1.084283897E1,1.144973516E0,7.152456284E0,-8.099372864E0,1.086593006E1
1.085283792E1,1.815677285E0,6.825059414E0,-7.945924282E0,1.063089049E1
1.086284079E1,1.784098387E0,6.465004921E0,-7.774556637E0,1.026757160E1
1.087283636E1,1.714495540E0,6.065227509E0,-7.577168465E0,9.855960716E0
1.088283662E1,1.577303886E0,5.683971882E0,-7.876856327E0,9.840746389E0
1.089284365E1,8.566758633E-1,4.823627472E0,-7.577026844E0,9.022893733E0
1.090283818E1,7.206017971E-1,4.560412407E0,-7.279668808E0,8.620336781E0
1.091285068E1,-1.663463116E-1,4.337156296E0,-6.952812195E0,8.196352435E0
1.092291714E1,-3.165574074E-1,4.155588627E0,-6.592881203E0,7.799692813E0
1.093284683E1,-1.776428223E0,4.011203766E0,-6.210607052E0,7.603755180E0
1.094285553E1,-1.745590448E0,3.832316399E0,-5.810938358E0,7.176401577E0
1.095283506E1,-1.710592031E0,3.591180801E0,-4.766543865E0,6.208272309E0
1.096284605E1,-1.873980284E0,2.136543751E0,-4.430297375E0,5.263473770E0
1.097283766E1,-1.830989122E0,2.051832676E0,-4.085497856E0,4.924817888E0
1.098283662E1,-1.754003882E0,8.896846771E-1,-2.805649042E0,3.426329668E0
1.099284574E1,-1.672655344E0,-5.214357376E-2,-2.541382790E0,3.042880434E0
1.100283844E1,-1.700094461E0,-1.683265209E0,-2.463375807E0,3.433936998E0
1.101283610E1,-1.570542932E0,-1.846084595E0,-3.233325481E0,4.040919091E0
1.102283714E1,-1.452252626E0,-1.932939529E0,-3.158919334E0,3.977947244E0
1.103284131E1,-1.336177826E0,-1.960122108E0,-3.089911938E0,3.895510961E0
1.104284626E1,-1.229444742E0,-1.921880722E0,-3.036624432E0,3.798190072E0
1.105283610E1,4.460051060E-1,-1.294076443E0,-2.975883007E0,3.275581485E0
1.106283766E1,5.923068523E-1,-1.185380459E0,-2.893737793E0,3.182714667E0
1.107283714E1,7.549902201E-1,-3.064713478E-1,-2.785616398E0,2.902342784E0
1.108283792E1,1.541628122E0,-1.929502487E-1,-2.674786806E0,3.093271977E0
1.109285933E1,1.617356181E0,1.540325165E0,-2.578393459E0,3.411239578E0
1.110284600E1,1.682888865E0,1.436806679E0,-2.523540020E0,3.356304902E0
1.111284475E1,1.679706454E0,1.442751884E0,-2.519343853E0,3.354107962E0
1.112282261E1,1.681337833E0,1.450481415E0,-3.170609474E0,3.870860070E0
1.113284188E1,1.701856256E0,1.459001541E0,-3.111126423E0,3.834593568E0
1.114284417E1,1.708512187E0,1.473091125E0,-3.052907944E0,3.795952880E0
1.115283949E1,1.735275030E0,1.387044907E0,-2.959019184E0,3.700117233E0
1.116283688E1,1.761154532E0,-2.263107300E-1,-2.834393978E0,3.344648122E0
1.117284027E1,1.785025120E0,-3.149175644E-1,-2.676583529E0,3.232582116E0
1.118284027E1,1.795305371E0,-1.174313545E0,-2.352972269E0,3.184118744E0
1.119284131E1,1.738349795E0,-1.231680870E0,-1.350445747E0,2.522419769E0
1.120283766E1,1.669146657E0,-1.278974056E0,-1.168547630E0,2.405686755E0
1.121283766E1,1.584359169E0,-1.293025017E0,-1.050393820E0,2.299007361E0
1.122283610E1,1.471173763E0,-1.266678810E0,-1.005011916E0,2.186064135E0
1.123284001E1,7.839636803E-1,-1.196856499E0,-1.015354872E0,1.754425845E0
1.124284157E1,6.408913136E-1,-1.074654579E0,-1.676191568E0,2.091707990E0
1.125283610E1,-1.271225214E-1,-2.148637772E-1,-1.624419689E0,1.643491985E0
1.126283584E1,-2.558250427E-1,-6.481456757E-2,-1.556540132E0,1.578754117E0
1.127284594E1,-3.866744041E-1,1.560527802E0,-1.499243975E0,2.198294023E0
1.128284990E1,-1.603774190E0,1.591890335E0,-1.446587920E0,2.683062262E0
1.129284579E1,-1.795065641E0,1.523241043E0,-1.403110743E0,2.740664826E0
1.130283579E1,-1.760836005E0,1.549725533E0,-1.362354279E0,2.712600568E0
1.131283641E1,-1.714559436E0,3.369148254E0,-1.326611042E0,4.006341333E0
1.132283876E1,-1.639753938E0,3.528002739E0,-1.272810459E0,4.093365702E0
1.133284574E1,-1.548806667E0,4.792478561E0,-1.248125553E0,5.188879479E0
1.134284860E1,-1.656107306E0,5.737136841E0,-1.260330677E0,6.102938961E0
1.135284079E1,-2.638448954E0,6.702566147E0,-1.293449402E0,7.318388975E0
1.136283949E1,-3.368031263E0,8.268918991E0,-1.929132819E0,9.134561254E0
1.137283766E1,-3.356631041E0,8.404994011E0,-1.857677341E0,9.239148303E0
1.138284001E1,-3.358603954E0,9.314640999E0,-1.767154098E0,1.005811071E1
1.139284365E1,-3.875492096E0,9.344678879E0,-1.722241879E0,1.026199685E1
1.140283662E1,-3.789262772E0,9.343402863E0,-1.736295104E0,1.023095353E1
1.141283636E1,-3.686117649E0,9.272778511E0,-1.780478239E0,1.013617223E1
1.142283819E1,-3.591786385E0,9.178488731E0,-1.780240178E0,1.001572962E1
1.143283688E1,-3.498089552E0,9.079067230E0,-1.748668194E0,9.885541601E0
1.144284183E1,-3.418190718E0,8.986104012E0,-1.682678699E0,9.760404740E0
1.145283319E1,-3.362753868E0,8.904090881E0,-1.579958797E0,9.648171734E0
1.146285990E1,-3.303241014E0,8.831540108E0,-1.469001770E0,9.542822857E0
1.147284501E1,-3.213472128E0,8.752820969E0,-7.354440689E-1,9.353029242E0
1.148282844E1,-3.058558702E0,8.634375572E0,-5.793471336E-1,9.178391251E0
1.149284709E1,-2.802519083E0,7.664669037E0,4.795430899E-1,8.175036772E0
1.150283615E1,-1.525833130E0,7.486903191E0,6.172997952E-1,7.665699261E0
1.151284027E1,5.588462353E-1,6.136236191E0,1.890408039E0,6.445102502E0
1.152283923E1,6.866095662E-1,5.140971184E0,1.937735677E0,5.536771348E0
1.153284001E1,2.000942945E0,4.050387383E0,1.761301994E0,4.848875677E0
1.154285303E1,4.250407219E0,1.135111809E0,1.798001289E0,4.752604442E0
1.155283876E1,4.448493481E0,1.148910522E0,1.796364665E0,4.933154736E0
1.156284287E1,5.077274799E0,1.152461052E0,1.767161131E0,5.498158267E0
1.157284157E1,5.009714603E0,1.058088303E0,1.545065641E0,5.348272534E0
1.158283792E1,4.210522175E0,5.232906342E-2,1.528113723E0,4.479549851E0
1.159284157E1,3.262382984E0,1.068466187E0,1.515398622E0,3.752491933E0
1.160283636E1,2.104987144E0,1.073447227E0,1.506542325E0,2.802307907E0
1.161283636E1,5.638516545E-1,1.080245018E0,1.502870202E0,1.934806665E0
1.162283818E1,3.380362391E-1,2.352392197E0,1.299564004E0,2.708668334E0
1.163283579E1,-1.846346617E0,3.036774635E0,1.297579050E0,3.783478215E0
1.164286433E1,-2.859920502E0,3.137932777E0,1.296450019E0,4.439206015E0
1.165285329E1,-3.646542788E0,3.210296631E0,1.296172857E0,5.028254452E0
1.166282667E1,-3.789438248E0,3.213374138E0,1.295794964E0,5.134656772E0
1.167284209E1,-3.898087025E0,3.112743378E0,1.097373366E0,5.107688527E0
1.168283714E1,-3.940447569E0,2.321634293E0,1.098248720E0,4.703537295E0
1.169284287E1,-3.945811987E0,9.325199127E-1,1.100608587E0,4.201233734E0
1.170283949E1,-3.851235390E0,9.487066269E-1,1.104942322E0,4.117396729E0
1.171283818E1,-3.671344757E0,9.681844711E-1,1.109740496E0,3.955714533E0
1.172284027E1,-3.330919266E0,-6.103219986E-1,9.556334615E-1,3.518629195E0
1.173283662E1,-2.339808702E0,-1.386279583E0,9.638211727E-1,2.885381621E0
1.174285042E1,-2.111835718E0,-1.454099178E0,9.730296135E-1,2.742451668E0
1.175283871E1,-1.236249328E0,-1.549279690E0,9.855265617E-1,2.213558800E0
1.176283819E1,-1.002526760E0,-2.232458115E0,7.981324792E-1,2.574091023E0
1.177283740E1,-6.172454357E-2,-2.266577721E0,8.124043345E-1,2.408564985E0
1.178283688E1,1.626235247E-1,-2.282957077E0,8.298629522E-1,2.434545532E0
1.179284131E1,1.419247270E0,-2.273516178E0,8.473560810E-1,2.810898602E0
1.180283506E1,1.531229019E0,-2.223730087E0,8.662454486E-1,2.835492724E0
1.181295355E1,1.419116974E0,-2.147675514E0,6.840176582E-1,2.663509575E0
1.182283902E1,1.502509832E0,-2.060455322E0,7.035229206E-1,2.645365085E0
1.183284964E1,1.560258269E0,-1.991984844E0,7.239744663E-1,2.631833679E0
1.184286636E1,1.613879919E0,-1.946638584E0,7.441932559E-1,2.635874385E0
1.185283996E1,1.632337451E0,-1.951765537E0,7.628540397E-1,2.656286986E0
1.186285042E1,1.451497197E0,-2.014788628E0,5.821728706E-1,2.550518100E0
1.187284886E1,1.469611764E0,-2.133278847E0,-4.291715622E-1,2.625799993E0
1.188284730E1,1.486392617E0,-3.131167412E0,-1.046631336E0,3.620636619E0
1.189284834E1,1.503283501E0,-3.283282280E0,-1.080837607E0,3.769351900E0
1.190284678E1,1.359277248E0,-4.529209137E0,-1.038542986E0,4.841481341E0
1.191284782E1,1.375205874E0,-5.433379173E0,-9.549214840E-1,5.685479353E0
1.192284938E1,1.392786145E0,-5.519561768E0,5.849657655E-1,5.722551904E0
1.193285251E1,1.410385847E0,-5.627652168E0,6.135367751E-1,5.834045298E0
1.194284860E1,1.430866718E0,-6.338420868E0,6.445822120E-1,6.529812010E0
1.195284860E1,1.250607371E0,-6.343732834E0,4.773001671E-1,6.483423518E0
1.196284444E1,1.274814010E0,-6.321388245E0,5.127912760E-1,6.469007265E0
1.197285199E1,1.299230337E0,-6.246242046E0,5.488475561E-1,6.403496920E0
1.198285251E1,1.325874567E0,-6.124602795E0,1.582292795E0,6.463153507E0
1.199291917E1,1.352456927E0,-5.253271103E0,1.672964811E0,5.676689905E0
1.200284011E1,1.177652955E0,-5.098540306E0,2.302669525E0,5.717015539E0
1.201288490E1,1.204475999E0,-3.919757843E0,2.352192879E0,4.727375098E0
1.202283246E1,1.230951905E0,-3.014565468E0,2.412921190E0,4.052781295E0
1.203283746E1,1.257129908E0,-1.933891296E0,2.483079910E0,3.389099732E0
1.204284886E1,2.394434452E0,-7.892646790E-1,2.493828773E0,3.546186266E0
1.205284782E1,2.456223726E0,1.191821098E0,2.505874395E0,3.705789931E0
1.206285251E1,2.528275728E0,1.202943802E0,2.494146824E0,3.749669362E0
1.207283688E1,2.595523357E0,1.214686394E0,3.033167839E0,4.172806211E0
1.208283949E1,2.698120594E0,1.246846199E0,3.098711729E0,4.293773930E0
1.209283662E1,2.636658907E0,1.153527260E0,3.857341766E0,4.812658396E0
1.210284105E1,2.543862820E0,1.161652565E0,3.884122372E0,4.786134278E0
1.211283845E1,2.447669029E0,1.171704292E0,4.626667976E0,5.363770240E0
1.212284522E1,2.373171806E0,-5.011768341E-1,4.607814312E0,5.207213782E0
1.213283714E1,2.347632170E0,-6.434040070E-1,4.591253281E0,5.196628927E0
1.214283949E1,2.898135185E0,-1.427183151E0,4.559244633E0,5.587732180E0
1.215284053E1,2.953180075E0,-1.414726734E0,4.422076702E0,5.502498219E0
1.216283636E1,3.848528385E0,-1.355869293E0,4.199327946E0,5.855246149E0
1.217290345E1,3.923599720E0,-1.233311653E0,3.259271622E0,5.247717971E0
1.218283808E1,4.832936287E0,-3.579187393E-1,2.343711138E0,5.383155290E0
1.219285631E1,4.865398407E0,-2.103710175E-1,1.515918493E0,5.100428070E0
1.220284058E1,4.855584145E0,1.245634079E0,1.208553791E0,5.156442951E0
1.221283459E1,4.779615402E0,1.285915375E0,1.028697491E-1,4.950644799E0
1.222284548E1,4.585935116E0,1.328366280E0,-1.236326694E-1,4.776048879E0
1.223283792E1,3.759735823E0,2.810384750E0,-3.348391056E-1,4.705952946E0
1.224284209E1,2.619851828E0,3.744470596E0,-4.903571606E-1,4.596208632E0
1.225284027E1,1.178109407E0,4.926564217E0,-5.368287563E-1,5.093835674E0
1.226283610E1,-1.879119158E0,7.482901573E0,-4.087861776E-1,7.726060503E0
1.227284287E1,-2.919093370E0,7.624846458E0,3.218376637E-1,8.170860977E0
1.228284157E1,-3.127149343E0,7.665286064E0,4.323554039E-1,8.289909810E0
1.229283818E1,-3.857029200E0,7.539972305E0,5.149853230E-1,8.484872804E0
1.230283636E1,-3.908062696E0,6.384606361E0,5.554600954E-1,7.506309902E0
1.231283714E1,-3.821540833E0,4.876991272E0,5.394376516E-1,6.219341700E0
1.232284235E1,-3.070824623E0,2.972756386E0,4.627588987E-1,4.298998743E0
1.233283714E1,-2.202721596E0,1.131775856E0,-1.703308940E0,3.005688001E0
1.234284131E1,-1.916095018E0,-1.271738529E0,-1.627718568E0,2.817482341E0
1.235286256E1,-3.522155881E-1,-2.717442513E0,-3.084572315E0,4.125910323E0
1.236285006E1,-2.042365670E-1,-3.418562889E0,-4.439317703E0,5.606766133E0
1.237285907E1,-6.444276869E-2,-3.425646782E0,-5.587626457E0,6.554447206E0
1.238284136E1,-1.345942020E-1,-3.286649704E0,-6.405607224E0,7.200832298E0
1.239283714E1,-1.653001189E0,-1.911355019E0,-6.488947392E0,6.963629024E0
1.240283485E1,-1.607499480E0,-6.819972992E-1,-6.467523098E0,6.699106651E0
1.241283584E1,-1.525520563E0,1.170763016E0,-6.377095699E0,6.660724329E0
1.242284261E1,-1.398523450E0,1.174983025E0,-6.164948940E0,6.429856016E0
1.243283636E1,-1.209108472E0,3.087924004E0,-5.175704479E0,6.146961429E0
1.244283897E1,3.973783851E-1,4.003423691E0,-3.394446850E0,5.263799032E0
1.245283636E1,4.942681491E-1,4.007513046E0,-2.509285688E0,4.754048431E0
1.246283688E1,5.425281525E-1,3.902412415E0,-2.216663599E0,4.520703149E0
1.247284313E1,3.894930482E-1,3.022747993E0,-1.949635744E0,3.617981454E0
1.248283766E1,4.381825924E-1,2.185141563E0,-1.712759495E0,2.810763726E0
1.249283792E1,4.861822724E-1,1.017974854E0,-1.520812154E0,1.893545778E0
1.250283714E1,5.321490765E-1,1.036959648E0,-1.365708113E0,1.795446073E0
1.251283766E1,5.776725411E-1,-1.362524033E-1,-1.261156917E0,1.393838961E0
1.252284209E1,4.217995405E-1,-2.366695404E-1,-1.197583914E0,1.291562834E0
1.253285923E1,-9.601507187E-1,-3.384819031E-1,-1.174746990E0,1.554506318E0
1.254285042E1,-9.901762605E-1,-3.974790573E-1,-1.191829205E0,1.599654800E0
1.255288246E1,-1.001182199E0,-3.896560669E-1,-1.226753473E0,1.630681370E0
1.256283980E1,-9.467843771E-1,-3.185901642E-1,-1.257031441E0,1.605623988E0
1.257284235E1,-8.190742731E-1,-1.873722076E-1,-1.273952723E0,1.526088644E0
1.258283844E1,5.002469420E-1,1.019474030E0,-1.260234237E0,1.696397545E0
1.259284079E1,5.439101458E-1,1.040062904E0,-1.214961529E0,1.689289972E0
1.260283897E1,5.872336626E-1,1.060688019E0,-1.141941786E0,1.665512981E0
1.261283897E1,6.290877461E-1,1.081355095E0,-1.038844824E0,1.626123858E0
1.262284860E1,5.124817491E-1,1.022357941E0,-8.801074028E-1,1.443066992E0
1.263283636E1,5.556457639E-1,1.043349266E0,-8.121485114E-1,1.434191448E0
1.264283740E1,5.987605453E-1,1.064285278E0,-7.937992811E-1,1.456480224E0
1.265283923E1,6.416419744E-1,1.085175514E0,-8.087661862E-1,1.497802745E0
1.266282470E1,4.836713076E-1,1.006134033E0,-8.485348821E-1,1.402232175E0
1.267284235E1,5.256710052E-1,1.027235985E0,-8.930557370E-1,1.459140954E0
1.268283584E1,5.676487088E-1,1.048243523E0,-9.291777015E-1,1.511426723E0
1.269283584E1,6.095568538E-1,1.069145203E0,-9.482601881E-1,1.553650027E0
1.270283688E1,6.514185667E-1,1.089928627E0,-9.379736185E-1,1.578633925E0
1.271284131E1,4.921754003E-1,1.010769844E0,-9.165680408E-1,1.450513452E0
1.272284850E1,2.177879810E0,1.031605721E0,-8.903763294E-1,2.569073926E0
1.273283584E1,2.263761282E0,1.052337646E0,-8.894699812E-1,2.650129527E0
1.274283641E1,2.371521711E0,1.073158264E0,-9.087151289E-1,2.757090327E0
1.275284131E1,2.970796347E0,1.094230652E0,-9.642683268E-1,3.309499216E0
1.276283845E1,2.965944767E0,1.015635490E0,-1.625775099E0,3.531499467E0
1.277284287E1,2.926644325E0,1.037026405E0,-1.674742699E0,3.527808651E0
1.278283871E1,2.815427303E0,1.055185318E0,-1.732707024E0,3.470204689E0
1.279283714E1,2.597526073E0,1.093680382E0,-1.852823496E0,3.372867235E0
1.280283688E1,1.879626513E0,1.012617111E0,-1.844691396E0,2.821573247E0
1.281283688E1,1.739171982E0,1.032530785E0,-1.778003812E0,2.692979123E0
1.282284391E1,1.561265707E0,1.056876183E0,-1.653206348E0,2.507514527E0
1.283283688E1,1.811909080E-1,1.082126617E0,-1.487698317E0,1.848533051E0
1.284283766E1,1.619772017E-1,2.519591331E0,-6.554394960E-1,2.608481939E0
1.285283688E1,-5.428088456E-2,2.671494484E0,-5.217274427E-1,2.722504126E0
1.286283662E1,-1.158304334E0,3.869991302E0,-3.611773252E-1,4.055730596E0
1.287284339E1,-1.970579624E0,4.635283470E0,4.497128725E-1,5.056805174E0
1.288285746E1,-2.716826677E0,5.348428726E0,5.721030235E-1,6.026121381E0
1.289283600E1,-2.889539719E0,5.501869202E0,7.113976479E-1,6.255085220E0
1.290282615E1,-3.767120123E0,6.357077599E0,1.714918256E0,7.585814013E0
1.291285016E1,-3.782745600E0,6.380626678E0,1.750752211E0,7.621462746E0
1.292284084E1,-3.756823778E0,6.362854958E0,1.775596738E0,7.599499450E0
1.293283641E1,-3.673525333E0,6.251496315E0,1.769791007E0,7.463789571E0
1.294283766E1,-3.532917023E0,5.354372025E0,1.758896708E0,6.651655440E0
1.295284027E1,-3.364043236E0,4.643120766E0,1.546496630E0,5.938603301E0
1.296283845E1,-3.193650961E0,4.472213745E0,1.503614068E0,5.697451843E0
1.297284261E1,-3.037452221E0,3.457017899E0,1.502838016E0,4.841034068E0
1.298283662E1,-2.976395130E0,3.351181030E0,1.465555787E0,4.715633153E0
1.299283740E1,-2.967434883E0,2.683197021E0,1.230823517E0,4.185706938E0
1.300283871E1,-3.604737759E0,2.618968010E0,1.199407697E0,4.614293724E0
1.301283949E1,-3.535725117E0,2.539856911E0,1.173366785E0,4.508770879E0
1.302284496E1,-3.426368713E0,2.428150177E0,1.151257634E0,4.354458633E0
1.303283662E1,-3.252487898E0,9.289522171E-1,1.134907842E0,3.567862884E0
1.304283766E1,-2.456529617E0,8.547468185E-1,9.188522696E-1,2.758517605E0
1.305283610E1,-1.570616126E0,8.814201355E-1,9.054608941E-1,2.015836278E0
1.306285329E1,-5.383158922E-1,9.089889526E-1,8.962323070E-1,1.385379827E0
1.307284152E1,6.031955481E-1,9.370841980E-1,8.889173269E-1,1.425533471E0
1.308283016E1,1.819106221E0,9.655771255E-1,8.832150102E-1,2.240882724E0
1.309282522E1,2.816252708E0,8.947076797E-1,6.804026961E-1,3.032281151E0
1.310283303E1,3.733366489E0,9.255380630E-1,-2.896715999E-1,3.857273089E0
1.311284860E1,3.934153080E0,9.524850845E-1,-3.661509156E-1,4.064339403E0
1.312284183E1,4.840306759E0,9.729776382E-1,-4.609180093E-1,4.958598634E0
1.313285251E1,4.853075504E0,9.863281250E-1,-5.654806495E-1,4.984471224E0
1.314284756E1,4.763294220E0,-4.866781235E-1,-6.516118050E-1,4.832227785E0
1.315284548E1,4.490558147E0,-7.149400711E-1,-6.484345794E-1,4.593116500E0
1.316284730E1,3.558920145E0,-1.528960228E0,-5.508252382E-1,3.912421299E0
1.317284860E1,3.365747929E0,-1.623277664E0,-4.289367199E-1,3.761286509E0
1.318284678E1,3.152329922E0,-2.276941776E0,5.276660919E-1,3.924293477E0
1.319284938E1,2.397433758E0,-2.393163681E0,5.738209486E-1,3.435722851E0
1.320284860E1,2.285464287E0,-3.097595215E0,6.232316494E-1,3.899597519E0
1.321284782E1,2.187939882E0,-3.185911655E0,6.731317639E-1,3.923037137E0
1.322284808E1,2.103297234E0,-3.271950245E0,7.231875658E-1,3.956326315E0
1.323284626E1,2.052644730E0,-3.345733166E0,5.747897625E-1,3.967072481E0
1.324287600E1,2.031708956E0,-3.411276817E0,5.934656262E-1,4.014579960E0
1.325284032E1,2.043354988E0,-3.457400322E0,2.262535095E0,4.609553303E0
1.326284881E1,2.682600975E0,-3.461186886E0,2.306284666E0,4.949253642E0
1.327282141E1,2.727442265E0,-3.429263592E0,2.392761230E0,4.992403869E0
1.328283766E1,3.466242313E0,-3.346803665E0,3.079388857E0,5.718266020E0
1.329284886E1,3.564544201E0,-3.215326786E0,3.098825932E0,5.713757420E0
1.330284548E1,4.673244476E0,-2.321096897E0,3.126105785E0,6.082700233E0
1.331284001E1,5.317223549E0,-2.218871117E0,3.110636234E0,6.547695250E0
1.332284209E1,5.372782707E0,-1.548862457E0,3.114453316E0,6.400436578E0
1.333284287E1,6.157321930E0,-8.199186325E-1,3.764582396E0,7.263398690E0
1.334283923E1,6.053089619E0,-7.210760117E-1,3.723115206E0,7.142928768E0
1.335283923E1,5.843617916E0,8.838615417E-1,3.680159807E0,6.962230805E0
1.336283975E1,5.526489258E0,9.064226151E-1,3.641449928E0,6.680108012E0
1.337283766E1,4.369278908E0,8.347339630E-1,3.601107597E0,5.723229411E0
1.338283688E1,4.028303623E0,8.693065643E-1,3.514752626E0,5.416309630E0
1.339283714E1,2.877220631E0,9.086637497E-1,3.399454594E0,4.545366861E0
1.340283610E1,2.636379957E0,9.523181915E-1,3.263533592E0,4.302099572E0
1.341283584E1,2.448599100E0,9.979581833E-1,3.124472141E0,4.093150895E0
1.342284246E1,2.314581871E0,9.463300705E-1,2.965795755E0,3.879274971E0
1.343285970E1,2.247581005E0,9.967308044E-1,2.790401936E0,3.719063811E0
1.344284475E1,2.232352257E0,-7.612342834E-1,2.564054012E0,3.483855222E0
1.345282272E1,2.208098412E0,-1.671522617E0,1.530636430E0,3.164258892E0
1.346283641E1,2.144531012E0,-1.802657604E0,6.748696566E-1,2.881672561E0
1.347283740E1,1.953599691E0,-1.830371380E0,-3.839355707E-1,2.704481034E0
1.348283506E1,5.902554989E-1,-1.626476765E0,-1.707869768E0,2.431182298E0
1.349283688E1,-1.783842206E0,1.202833176E0,-2.958203554E0,3.657850316E0
1.350283949E1,-2.897084236E0,4.023922920E0,-3.183305979E0,5.892239786E0
1.351283871E1,-5.775108337E0,9.843839645E0,-3.350781918E0,1.189456997E1
1.352283766E1,-5.879990578E0,1.128644276E1,-3.382807255E0,1.316819897E1
1.353283662E1,-5.910329819E0,1.139268970E1,-3.340056419E0,1.326202677E1
1.354285121E1,-5.827782631E0,1.127819824E1,-3.196536541E0,1.309116694E1
1.355283558E1,-5.572693825E0,9.585736275E0,-1.519482136E0,1.119151832E1
1.356283610E1,-4.267825127E0,6.626424789E0,-1.541276217E0,8.031149929E0
1.357283662E1,-2.983649015E0,2.590326309E0,-1.375220776E0,4.183680678E0
1.358283819E1,-1.091135859E0,-1.360801697E0,-1.217950702E0,2.127383988E0
1.359283714E1,-8.577647209E-1,-4.223622322E0,-3.084568739E0,5.299934919E0
1.360283678E1,-6.389367580E-1,-5.832899094E0,-3.748612881E0,6.962977132E0
1.361285662E1,-6.330310106E-1,-6.518717766E0,-3.801192045E0,7.572547163E0
1.362283928E1,-1.425729036E0,-6.496151924E0,-4.835489273E0,8.222812756E0
1.363282600E1,-1.379021645E0,-5.378371239E0,-5.436922073E0,7.771016633E0
1.364283407E1,-1.383288503E0,-3.440744400E0,-5.462623596E0,6.602459062E0
1.365282433E1,-2.008590460E0,-9.252271652E-1,-5.415028095E0,5.849188851E0
1.366282808E1,-1.952388883E0,7.793292999E-1,-5.232818127E0,5.639287371E0
1.367283610E1,-1.852292418E0,3.455286980E0,-4.252806664E0,5.784147287E0
1.368284001E1,-1.694371819E0,4.951739311E0,-3.368029118E0,6.223683652E0
1.369284444E1,1.742911488E-1,5.940514565E0,-2.377015829E0,6.400804242E0
1.370283610E1,6.403173506E-2,5.837352753E0,-1.280132055E0,5.976414084E0
1.371283897E1,1.551019549E-1,4.437712669E0,-1.127629519E0,4.581364282E0
1.372283740E1,2.476494461E-1,2.698937416E0,-1.087174535E0,2.920195523E0
1.373283766E1,3.370831013E-1,7.684221268E-1,-1.687927008E0,1.884992086E0
1.374284027E1,4.235106707E-1,7.903537750E-1,-2.299348354E0,2.467999845E0
1.375283740E1,2.762406468E-1,-1.032000542E0,-2.387866735E0,2.615959013E0
1.376283610E1,3.281128109E-1,-1.152932167E0,-3.328557491E0,3.537824977E0
1.377283714E1,3.778634965E-1,-1.247795582E0,-3.390118599E0,3.632172731E0
1.378283470E1,-7.980008721E-1,-1.280747890E0,-4.058622360E0,4.330073442E0
1.379285412E1,-8.100532293E-1,-1.239920139E0,-4.055872917E0,4.317834331E0
1.380283876E1,-7.717458010E-1,-1.124687672E0,-4.029090881E0,4.253714526E0
1.381284605E1,-6.345350146E-1,-2.645330429E-1,-3.968583107E0,4.027687214E0
1.382283459E1,4.262740314E-1,7.983999252E-1,-3.860598087E0,3.965270430E0
1.383283688E1,4.709868431E-1,8.257169724E-1,-3.676460981E0,3.797367835E0
1.384284001E1,5.155875087E-1,8.536872864E-1,-2.829777241E0,3.000375259E0
1.385283871E1,2.283231258E0,7.824745178E-1,-2.605584621E0,3.551687285E0
1.386283714E1,2.380280495E0,8.117361069E-1,-1.506359816E0,2.931513369E0
1.387284235E1,2.481765985E0,8.612899780E-1,-5.202310085E-1,2.677988636E0
1.388284001E1,2.419517756E0,8.909111023E-1,-3.846819401E-1,2.606869570E0
1.389283714E1,2.265536547E0,8.207798004E-1,-2.892832756E-1,2.426936369E0
1.390283897E1,3.294929266E-1,8.474168777E-1,-2.423132658E-1,9.409551914E-1
1.391284053E1,3.129566014E-1,8.684520721E-1,-2.734893560E-1,9.627810051E-1
1.392283428E1,2.983507812E-1,8.886804581E-1,-3.430345058E-1,9.982178206E-1
1.393283714E1,2.853871882E-1,9.050254822E-1,-1.033205032E0,1.402864787E0
1.394284079E1,7.474270463E-2,8.218126297E-1,-1.110312700E0,1.383385977E0
1.395283480E1,6.579065323E-2,8.387470245E-1,-1.217161417E0,1.479630662E0
1.396283412E1,5.848104879E-2,8.557186127E-1,-1.993102074E0,2.169822632E0
1.397285282E1,1.132359281E-1,8.730993271E-1,-2.067070007E0,2.246753931E0
1.398283334E1,1.686766297E-1,8.905105591E-1,-2.121350527E0,2.306856935E0
1.399282725E1,2.384218574E-2,8.080873489E-1,-2.149169445E0,2.296193136E0
1.400284319E1,8.009890467E-2,8.300762177E-1,-2.099774361E0,2.259312888E0
1.401283845E1,1.356625408E-1,8.524541855E-1,-2.002469540E0,2.180588618E0
1.402283740E1,1.905585825E-1,8.754501343E-1,-1.881564856E0,2.083989399E0
1.403283819E1,2.448207885E-1,8.993186951E-1,-1.235433698E0,1.547581260E0
1.404283766E1,9.908811748E-2,8.233261108E-1,-1.137061357E0,1.407335380E0
1.405283897E1,1.923710108E-1,8.671169281E-1,-9.191050529E-1,1.278144151E0
1.406283714E1,2.449699938E-1,8.907012939E-1,-8.211708069E-1,1.235993765E0
1.407283636E1,2.968875766E-1,9.140396118E-1,-7.676612139E-1,1.230005847E0
1.408283923E1,1.486634761E-1,8.374309540E-1,-7.528052330E-1,1.135828839E0
1.409283845E1,1.997149289E-1,8.599901199E-1,-7.502852678E-1,1.158618592E0
1.410283584E1,2.500895560E-1,8.816404343E-1,-7.347854376E-1,1.174625166E0
1.411283949E1,2.997595966E-1,9.022912979E-1,-6.989945173E-1,1.180075734E0
1.412283714E1,3.487980962E-1,9.223117828E-1,-6.736484766E-1,1.194203252E0
1.413283688E1,1.963665038E-1,8.423194885E-1,-6.803117990E-1,1.100402685E0
1.414283360E1,2.447936237E-1,8.621597290E-1,-7.002824545E-1,1.137382448E0
1.415285501E1,2.926660776E-1,8.818368912E-1,-7.268341780E-1,1.179651498E0
1.416283631E1,3.400790095E-1,2.136762619E0,-7.782945633E-1,2.299380493E0
1.417284881E1,3.870397806E-1,2.866913795E0,-8.662394285E-1,3.019828679E0
1.418283589E1,2.340346128E-1,3.561065674E0,-1.563698530E0,3.896294910E0
1.419283975E1,-9.794424176E-1,3.719452858E0,-1.614233017E0,4.171257034E0
1.420284027E1,-1.090212345E0,4.990712166E0,-1.627737045E0,5.361464237E0
1.421283714E1,-1.921762347E0,5.820904732E0,-1.574713469E0,6.328967129E0
1.422283662E1,-2.031651020E0,6.479509354E0,-1.488847971E0,6.951856990E0
1.423283792E1,-2.923500538E0,6.604393005E0,-7.192811966E-1,7.258252393E0
1.424283506E1,-3.555184126E0,6.593658447E0,3.426074982E-2,7.491117386E0
1.425283949E1,-3.579463005E0,6.508481979E0,9.244477749E-2,7.428421038E0
1.426283792E1,-3.616431713E0,6.343233109E0,1.214174032E-1,7.302734200E0
1.427283897E1,-3.616348982E0,5.056838036E0,1.111934185E-1,6.217873821E0
1.428283845E1,-3.582172871E0,4.050907135E0,8.178043365E-2,5.408188156E0
1.429283558E1,-3.481470346E0,2.998225212E0,5.566227436E-2,4.594898093E0
1.430283897E1,-3.325617313E0,1.938192368E0,6.278395653E-3,3.849202461E0
1.431284678E1,-3.089240551E0,7.458438873E-1,-3.294265270E-2,3.178171724E0
1.432283516E1,-1.989786029E0,6.668386459E-1,-6.242299080E-2,2.099480614E0
1.433285334E1,-1.217150092E0,-6.458644867E-1,-7.217013836E-2,1.379783973E0
1.434283954E1,-9.636614323E-1,-7.740898132E-1,-6.108140945E-2,1.237573971E0
1.435283339E1,1.704127789E-1,-1.621306896E0,-5.290758610E-2,1.631096496E0
1.436283511E1,3.644610643E-1,-1.706726551E0,-7.111978531E-2,1.746655493E0
1.437284834E1,5.490695238E-1,-2.386352062E0,-1.224731207E-1,2.451765318E0
1.438285225E1,1.602089286E0,-2.449509621E0,-1.765594482E-1,2.932227941E0
1.439284756E1,1.677334309E0,-2.530713081E0,-2.336664200E-1,3.045087696E0
1.440284652E1,1.719575047E0,-2.604467392E0,-2.652748823E-1,3.132181269E0
1.441285042E1,1.602437735E0,-2.667489529E0,-2.034797668E-1,3.118446904E0
1.442284756E1,3.579199314E-1,-2.603395939E0,-7.378518581E-2,2.628920186E0
1.443284834E1,3.384338617E-1,-2.466919422E0,1.599736810E0,2.959626121E0
1.444284834E1,3.273195028E-1,-1.442447662E0,1.649131656E0,2.215271661E0
1.445285199E1,3.086588383E-1,-7.564725876E-1,1.697016120E0,1.883450229E0
1.446284782E1,2.940140963E-1,8.066854477E-1,1.546810627E0,1.769126569E0
1.447284886E1,2.967971563E-1,8.286190033E-1,1.596426368E0,1.822985231E0
1.448284652E1,3.196270466E-1,8.504781723E-1,1.645771623E0,1.879903935E0
1.449284782E1,3.754143715E-1,8.639373779E-1,1.637864828E0,1.889424499E0
1.450284292E1,4.377460480E-1,2.439885139E0,1.623310685E0,2.963072506E0
1.451285475E1,5.150842667E-1,2.488323212E0,1.404473305E0,2.903378975E0
1.452284110E1,6.251976490E-1,2.536181450E0,1.376657605E0,2.952672452E0
1.453284579E1,1.770157099E0,2.566950798E0,1.351059556E0,3.398242851E0
1.454283714E1,1.809648156E0,2.573225975E0,2.319172859E0,3.908309240E0
1.455283694E1,1.848708749E0,2.533295631E0,2.316365957E0,3.898828291E0
1.456284235E1,1.679445267E0,2.445689201E0,2.274961710E0,3.738633822E0
1.457283897E1,3.014372826E0,2.303954124E0,2.216918230E0,4.394243345E0
1.458284131E1,3.015294552E0,7.107009888E-1,2.156635761E0,3.774675474E0
1.459284417E1,3.036930561E0,7.299289703E-1,2.109103680E0,3.768827651E0
1.460283792E1,2.991075754E0,6.310205460E-1,2.025830746E0,3.667248465E0
1.461283636E1,2.929876089E0,-8.429841995E-1,1.948786259E0,3.618364843E0
1.462283975E1,2.819806099E0,-9.995460510E-1,1.863945007E0,3.524867336E0
1.463286371E1,2.723414421E0,-1.999654770E0,1.772412777E0,3.815370540E0
1.464284261E1,2.638950348E0,-2.120413303E0,1.694228172E0,3.785580618E0
1.465283662E1,2.585794926E0,-2.759012222E0,1.607762456E0,4.108939517E0
1.466282574E1,2.560764790E0,-2.825936794E0,1.505201817E0,4.099886289E0
1.467283662E1,2.580217361E0,-2.898053646E0,1.389316559E0,4.121460550E0
1.468284970E1,3.229568005E0,-2.964539528E0,1.279627562E0,4.566842542E0
1.469284490E1,3.229129076E0,-3.021549225E0,1.162564516E0,4.572591231E0
1.470284865E1,3.241658688E0,-3.055406570E0,1.065193295E0,4.580228937E0
1.471283261E1,3.254222155E0,-3.074050426E0,-3.217799589E-2,4.476693342E0
1.472283563E1,3.255738020E0,-3.079450130E0,-4.714870080E-2,4.481636549E0
1.473286162E1,3.230438709E0,-3.078248501E0,9.095401168E-1,4.553966547E0
1.474284652E1,3.157050848E0,-3.067527771E0,9.208422899E-1,4.497182141E0
1.475284053E1,3.054204941E0,-3.041837692E0,9.689093828E-1,4.418113824E0
1.476283949E1,2.926643610E0,-3.007892609E0,1.610917568E0,4.495299342E0
1.477283792E1,2.748283148E0,-2.950135708E0,1.704183817E0,4.377282654E0
1.478283688E1,2.608053446E0,-2.913626671E0,1.752430201E0,4.285110823E0
1.479284860E1,2.488868475E0,-2.874455929E0,2.405546665E0,4.499290825E0
1.480283792E1,2.388616085E0,-2.832801819E0,2.396093845E0,4.412654378E0
1.481283897E1,2.313811064E0,-2.772472382E0,2.371395826E0,4.320167000E0
1.482283662E1,2.257572174E0,-2.711460114E0,2.357978344E0,4.243667039E0
1.483286162E1,2.207449436E0,-2.630034447E0,2.348817348E0,4.160151096E0
1.484284183E1,2.167809725E0,-2.535396576E0,2.337291241E0,4.073151746E0
1.485283688E1,2.128057718E0,-2.416543484E0,2.267400026E0,3.938199454E0
1.486284032E1,2.093931675E0,-1.718176842E0,2.187896013E0,3.481891797E0
1.487284449E1,2.045842648E0,-1.659224510E0,2.099908829E0,3.368696365E0
1.488284084E1,2.005767584E0,-1.588091850E0,1.989702940E0,3.240996315E0
1.489282365E1,1.951720119E0,-1.525539398E0,1.869700432E0,3.103588501E0
1.490283694E1,1.899444818E0,-1.465291023E0,1.731563091E0,2.958594116E0
1.491284001E1,1.844660163E0,-1.421951294E0,1.599169612E0,2.825253979E0
1.492284001E1,1.782821059E0,-1.380478382E0,1.478305936E0,2.696212145E0
1.493286318E1,1.716070294E0,-1.310285091E0,1.359671831E0,2.551558693E0
1.494285251E1,1.600045323E0,-1.170965672E0,1.238913417E0,2.337993177E0
1.495283923E1,6.295162439E-1,1.035181999E0,1.019333124E0,1.583329559E0
1.496283792E1,-2.095490694E-1,2.933667183E0,8.398838043E-1,3.058711944E0
1.497284209E1,-1.511349559E0,5.338360786E0,7.058598995E-1,5.592898316E0
1.498283662E1,-1.723523617E0,7.876296043E0,6.611964703E-1,8.089731380E0
1.499284391E1,-1.731917858E0,9.850211143E0,6.866133213E-1,1.002485097E1
1.500283662E1,-3.343246937E0,1.085010815E1,7.340407372E-1,1.137721243E1
1.501283714E1,-3.343378544E0,1.085600567E1,7.441442013E-1,1.138353152E1
1.502283688E1,-3.276872158E0,1.011430931E1,7.222704887E-1,1.065639801E1
1.503286188E1,-3.133051872E0,8.534647942E0,6.977932453E-1,9.118286294E0
1.504286506E1,-2.859233856E0,6.107659340E0,6.377625465E-1,6.773880861E0
1.505284157E1,-1.320856094E0,2.999321938E0,-2.481920719E-1,3.286668862E0
1.506284891E1,-1.155633926E0,-2.084531784E-1,-2.306909800E0,2.588585583E0
1.507284709E1,-1.002490640E0,-2.794723988E0,-2.241416216E0,3.720136597E0
1.508283402E1,-1.058245182E0,-4.420869827E0,-3.848946571E0,5.956371597E0
1.509284444E1,-9.234650135E-1,-5.193017006E0,-4.632286072E0,7.019849536E0
1.510284131E1,-1.833790779E0,-5.175429344E0,-4.730946541E0,7.247738454E0
1.511284287E1,-1.818176508E0,-4.423983574E0,-5.384616852E0,7.202186829E0
1.512283714E1,-1.817001939E0,-3.132745266E0,-5.402803898E0,6.504296957E0
1.513286371E1,-1.779629230E0,8.476810455E-1,-5.353690147E0,5.705054035E0
1.514284496E1,-1.608871579E0,8.383445740E-1,-5.195490360E0,5.503127244E0
1.515284496E1,-3.555419445E-1,2.745154381E0,-4.972624779E0,5.691158040E0
1.516283975E1,-2.557774782E-1,3.609792709E0,-4.174042702E0,5.524369466E0
1.517284183E1,-3.911743760E-1,3.688405037E0,-3.955487013E0,5.422474216E0
1.518283610E1,9.648402929E-1,3.696441650E0,-3.743860245E0,5.348933277E0
1.519284183E1,1.031482697E0,3.607099533E0,-3.498730898E0,5.129935817E0
1.520283688E1,1.053068042E0,2.870789528E0,-2.663601398E0,4.055262904E0
1.521283610E1,1.005754709E0,2.037863731E0,-2.459226370E0,3.348466136E0
1.522285246E1,-2.577691674E-1,5.617790222E-1,-2.251998186E0,2.335280806E0
1.523286360E1,-1.912405491E-1,5.691280365E-1,-2.058959723E0,2.144713223E0
1.524284855E1,-1.261459738E-1,5.787467957E-1,-1.888670683E0,1.979378086E0
1.525284459E1,-1.161058426E0,5.903177261E-1,-1.769194365E0,2.196947971E0
1.526283563E1,-1.214090943E0,6.046333313E-1,-1.701817751E0,2.176185181E0
1.527283923E1,-1.233853579E0,5.200443268E-1,-1.683604956E0,2.151131424E0
1.528283949E1,-1.203168511E0,5.361757278E-1,-1.709446907E0,2.158079611E0
1.529284261E1,-1.101731062E0,5.528135300E-1,-2.269883394E0,2.582979821E0
1.530284496E1,5.584968254E-2,5.698585510E-1,-2.284474373E0,2.355139299E0
1.531283636E1,-4.667267203E-2,5.074615479E-1,-2.927569866E0,2.971592314E0
1.532283740E1,1.142853871E-2,5.253982544E-1,-2.911523581E0,2.958571192E0
1.533286136E1,6.871977448E-2,5.436286926E-1,-2.892281294E0,2.943729887E0
1.534284808E1,1.162961721E0,5.621166229E-1,-2.851512671E0,3.130428018E0
1.535284001E1,1.255226970E0,5.808887482E-1,-2.768760204E0,3.095005582E0
1.536283845E1,1.307280064E0,5.003881454E-1,-2.667961597E0,3.012870483E0
1.537283688E1,1.312707901E0,5.203361511E-1,-2.531902790E0,2.899048720E0
1.538283766E1,1.248248458E0,5.412960052E-1,-2.355456352E0,2.720165474E0
1.539284157E1,1.684896350E-1,5.628852844E-1,-1.627524495E0,1.730336552E0
1.540286996E1,2.159828991E-1,5.850210190E-1,-1.477211952E0,1.603450454E0
1.541283511E1,6.353610754E-2,5.078554153E-1,-1.319526196E0,1.415310334E0
1.542283381E1,-1.001832366E0,5.310602188E-1,-1.175301552E0,1.633103421E0
1.543285121E1,-1.097901464E0,-5.052843094E-1,-1.052630544E0,1.602726090E0
1.544283720E1,-1.195505500E0,-5.841264725E-1,-9.572439790E-1,1.639131835E0
1.545284079E1,-1.820545316E0,-6.343593597E-1,-8.821055293E-1,2.120119621E0
1.546283766E1,-1.804870605E0,-5.946216583E-1,-8.010677099E-1,2.062242055E0
1.547284079E1,-1.749534130E0,-4.813022614E-1,-7.203050852E-1,1.952270718E0
1.548283818E1,-1.632349372E0,5.777759552E-1,-6.377781034E-1,1.845304971E0
1.549284626E1,3.464748859E-1,6.193656921E-1,-4.493117929E-1,8.399641626E-1
1.550283610E1,2.303469628E-1,1.639423370E0,8.303523660E-1,1.852094426E0
1.551283949E1,3.121145666E-1,1.733797073E0,8.830309510E-1,1.970586576E0
1.552284235E1,3.919145167E-1,1.801187515E0,9.329249263E-1,2.065967660E0
1.553286058E1,4.699021578E-1,1.771565437E0,9.801130295E-1,2.078430583E0
1.554286162E1,5.461362600E-1,1.657188416E0,1.024145484E0,2.023218286E0
1.555283923E1,3.852913976E-1,5.310125351E-1,-6.296365261E-1,9.093216859E-1
1.556284756E1,4.244574010E-1,5.499505997E-1,-7.368866801E-1,1.012724902E0
1.557284600E1,4.620217383E-1,5.687541962E-1,-1.486875296E0,1.657631915E0
1.558288845E1,4.994083643E-1,5.874614716E-1,-1.567451000E0,1.746832085E0
1.559283444E1,5.352839231E-1,6.060476303E-1,-1.637060165E0,1.825866532E0
1.560283772E1,3.717455268E-1,5.248565674E-1,-1.667571545E0,1.787306356E0
1.561283600E1,4.082424045E-1,5.436229706E-1,-1.634697676E0,1.770430537E0
1.562282444E1,4.444513619E-1,5.631561279E-1,-1.533954144E0,1.693427634E0
1.563286475E1,4.807462990E-1,5.830955505E-1,-1.401199102E0,1.592003879E0
1.564284444E1,5.155958533E-1,6.028985977E-1,-6.546145678E-1,1.028516424E0
1.565284548E1,3.509458899E-1,5.228548050E-1,-5.916110277E-1,8.640276459E-1
1.566283772E1,3.876685500E-1,5.427551270E-1,-5.405504704E-1,8.585248066E-1
1.567284678E1,-6.597344875E-1,5.825271606E-1,-5.179612637E-1,1.021210731E0
1.568285433E1,-7.597090006E-1,6.022157669E-1,-5.375126600E-1,1.108486110E0
1.569285199E1,-8.664987087E-1,5.220451355E-1,-5.879374743E-1,1.170051969E0
1.570285199E1,-9.498811364E-1,5.417671204E-1,-6.604238749E-1,1.277476215E0
1.571284964E1,-9.867795706E-1,5.614957809E-1,-1.299878716E0,1.725889947E0
1.572284756E1,-9.552966356E-1,5.810709000E-1,-1.358204961E0,1.759248637E0
1.573288141E1,-8.333896995E-1,6.005373001E-1,-1.452701569E0,1.779192313E0
1.574285042E1,3.907768726E-1,5.219621658E-1,-2.179049015E0,2.274512184E0
1.575285121E1,4.658496082E-1,5.432767868E-1,-2.221633434E0,2.334056692E0
1.576290407E1,2.078454971E0,5.645408630E-1,-2.277357340E0,3.134491651E0
1.577284855E1,2.980824232E0,5.861577988E-1,-2.311905384E0,3.817564744E0
1.578285152E1,3.697107792E0,6.108961105E-1,-2.301720381E0,4.397694486E0
1.579283527E1,3.834505558E0,5.361213684E-1,-2.257476091E0,4.481858688E0
1.580283131E1,3.879054070E0,5.592060089E-1,-2.157951832E0,4.473983454E0
1.581284058E1,3.841256142E0,5.861635208E-1,-2.000965118E0,4.370663316E0
1.582283844E1,3.634820700E0,6.097517014E-1,-1.838595390E0,4.118756082E0
1.583286006E1,2.400055647E0,1.683185577E0,-1.726541638E0,3.402106234E0
1.584283897E1,2.439593226E-1,2.523539543E0,-1.638816595E0,3.018855381E0
1.585283694E1,-1.192666292E0,3.373278618E0,-1.570567250E0,3.907447121E0
1.586284391E1,-2.460995913E0,3.457760811E0,-1.517500401E0,4.507262825E0
1.587283714E1,-3.593671560E0,3.560729027E0,-1.478484988E0,5.270596204E0
1.588283871E1,-4.674411774E0,4.242594719E0,-1.430709839E0,6.472763399E0
1.589283818E1,-5.647355080E0,4.251853943E0,-1.354500413E0,7.197607430E0
1.590283662E1,-6.371755123E0,4.234814644E0,-1.236870050E0,7.750017157E0
1.591284417E1,-6.461645603E0,4.208107948E0,-5.021616220E-1,7.727431831E0
1.592283584E1,-7.057391167E0,4.169487953E0,-3.894623518E-1,8.206283007E0
1.593286006E1,-6.953764439E0,4.121619225E0,2.724719048E-1,8.088066879E0
1.594286423E1,-6.776741982E0,4.041917801E0,3.570052385E-1,7.898657110E0
1.595283449E1,-6.531659603E0,3.941165924E0,4.678740501E-1,7.642923010E0
1.596283954E1,-5.686696053E0,3.203898430E0,1.888429046E0,6.794824604E0
1.597284964E1,-5.327769756E0,3.151426315E0,1.897509456E0,6.474346340E0
1.598283824E1,-4.100602150E0,3.089502335E0,1.704777122E0,5.409826957E0
1.599284157E1,-3.783609152E0,2.995945930E0,1.691430211E0,5.113934531E0
1.600284261E1,-2.695290565E0,2.226599693E0,1.676987886E0,3.877450941E0
1.601284652E1,-2.430438042E0,2.150538445E0,1.661811948E0,3.646020245E0
1.602283818E1,-2.172782421E0,6.515989304E-1,1.607652187E0,2.780307568E0
1.603286970E1,-1.455426455E0,6.001491547E-1,1.402930021E0,2.108709989E0
1.604283636E1,-1.385027409E0,6.287698746E-1,1.360461354E0,2.040712516E0
1.605283558E1,-1.329093456E0,6.519098282E-1,1.323037863E0,1.985423135E0
1.606284600E1,-1.239427090E0,6.763849258E-1,1.291549206E0,1.913576607E0
1.607283688E1,-1.134358883E0,-7.280902863E-1,1.063080907E0,1.716690582E0
1.608283740E1,-1.001543045E0,-8.065853119E-1,1.044738770E0,1.656848645E0
1.609283532E1,-2.688841820E-1,-8.935270309E-1,1.027965903E0,1.388309460E0
1.610283818E1,-1.014454365E-1,-1.539719582E0,-5.092374682E-1,1.624915495E0
1.611284261E1,9.693233967E-1,-1.580258846E0,-6.591641307E-1,1.967562761E0
1.612285459E1,2.446653605E0,-1.619157791E0,-7.898902297E-1,3.038373313E0
1.613285964E1,2.516728163E0,-1.637279987E0,-8.883098364E-1,3.131086196E0
1.614283303E1,2.592256546E0,-1.619964123E0,-9.390344024E-1,3.197790388E0
1.615283339E1,2.645588636E0,-1.589561462E0,-9.713040590E-1,3.235626130E0
1.616284923E1,2.695079803E0,-1.528624058E0,-9.717848301E-1,3.247231500E0
1.617283714E1,2.515041113E0,-1.435134888E0,-8.562902808E-1,3.019648488E0
1.618283975E1,2.488073826E0,-7.637929916E-1,7.107700706E-1,2.697977982E0
1.619283558E1,2.462208986E0,-6.835622787E-1,7.655341029E-1,2.667540617E0
1.620283975E1,2.435684919E0,-5.806903839E-1,8.196669221E-1,2.634694709E0
1.621284261E1,2.251556158E0,6.269216537E-1,2.154427528E0,3.178693736E0
1.622283558E1,2.228518486E0,6.323757172E-1,2.255503178E0,3.233185469E0
1.623286397E1,2.202333212E0,6.326255798E-1,2.298828363E0,3.245781654E0
1.624284183E1,2.175480604E0,6.333055496E-1,2.315577507E0,3.239705383E0
1.625284339E1,2.149537802E0,6.347999573E-1,2.274855137E0,3.193501157E0
1.626284287E1,1.915623784E0,5.349454880E-1,2.173713207E0,2.946321480E0
1.627283714E1,1.885541439E0,5.339879990E-1,1.968909264E0,2.777951294E0
1.628283714E1,1.858209968E0,5.351114273E-1,4.231623113E-1,1.979483484E0
1.629283766E1,1.832916379E0,5.381488800E-1,3.728604615E-1,1.946332858E0
1.630286214E1,1.808477879E0,5.427064896E-1,3.249565661E-1,1.915912143E0
1.631284048E1,2.820256710E0,4.489316940E-1,8.093641698E-2,2.856910618E0
1.632283694E1,2.847318172E0,4.568500519E-1,4.072991759E-2,2.884023521E0
1.633286511E1,2.888890266E0,4.660663605E-1,1.784014225E0,3.427187123E0
1.634283589E1,3.472624063E0,1.456114769E0,1.840867996E0,4.191441648E0
1.635284022E1,3.455246449E0,1.479566574E0,2.691970110E0,4.623261656E0
1.636284834E1,3.434501886E0,1.455924034E0,2.689905643E0,4.599033635E0
1.637283819E1,3.360414982E0,4.021825790E-1,2.675707817E0,4.314342592E0
1.638284365E1,3.269625902E0,4.119977951E-1,2.649547815E0,4.228510299E0
1.639283819E1,3.142387390E0,4.411859512E-1,2.600564003E0,4.102703583E0
1.640283766E1,3.057207346E0,3.551225662E-1,2.474348545E0,3.949054256E0
1.641284860E1,2.995988369E0,3.720045090E-1,2.331828117E0,3.814676399E0
1.642283584E1,2.970422506E0,3.915786743E-1,2.170588732E0,3.699756636E0
1.643286162E1,3.470667124E0,4.134635925E-1,2.029475689E0,4.041689498E0
1.644283871E1,3.433514833E0,4.374084473E-1,1.897461891E0,3.947241048E0
1.645283766E1,3.421589851E0,3.633613586E-1,1.759034157E0,3.864389959E0
1.646284053E1,3.415953636E0,3.907890320E-1,1.610385180E0,3.796682201E0
1.647283610E1,3.376141310E0,4.194927216E-1,1.453199744E0,3.699472095E0
1.648286397E1,3.286019564E0,4.492969513E-1,1.284157276E0,3.556522492E0
1.649283407E1,3.136681795E0,4.801673889E-1,1.134442687E0,3.369910031E0
1.650283980E1,2.939918756E0,-1.022000313E0,1.027692318E0,3.277767294E0
1.651284438E1,2.718655825E0,-1.121628761E0,9.389989376E-1,3.087209027E0
1.652283662E1,1.815748334E0,-1.940714836E0,8.820015192E-1,2.800221914E0
1.653286350E1,1.638080120E0,-2.050039291E0,8.289417028E-1,2.751928764E0
1.654283662E1,1.465560913E0,-2.892085075E0,8.046891689E-1,3.340591195E0
1.655283381E1,1.293441057E0,-2.958394051E0,8.066126108E-1,3.328018785E0
1.656284339E1,1.138117552E0,-3.023167133E0,8.535596132E-1,3.341169719E0
1.657284235E1,9.901080132E-1,-3.155283928E0,1.442317486E0,3.607826253E0
1.658283818E1,9.412814379E-1,-3.197406769E0,1.385643005E0,3.609629805E0
1.659284001E1,9.210790396E-1,-3.240820408E0,1.309996128E0,3.614884973E0
1.660283949E1,9.138861895E-1,-3.303603649E0,1.227916241E0,3.640983841E0
1.661284417E1,8.772928119E-1,-3.922855377E0,1.155902624E0,4.182648427E0
1.662283844E1,8.352416754E-1,-3.939351082E0,1.092249632E0,4.172424339E0
1.663286501E1,7.653968334E-1,-3.983037949E0,1.066117287E0,4.193689269E0
1.664283480E1,6.519262791E-1,-4.060120583E0,1.077521563E0,4.250957508E0
1.665283662E1,5.058019161E-1,-4.705513954E0,1.815366507E0,5.068851221E0
1.666312938E1,-1.143262863E0,-4.685624123E0,1.869772673E0,5.172830293E0
1.667283464E1,-1.127265096E0,-4.658103943E0,2.730205536E0,5.515675952E0
1.668283251E1,-1.113527894E0,-4.607102394E0,2.756564379E0,5.483063379E0
1.669283048E1,-1.298391342E0,-4.531960964E0,3.282412767E0,5.744451569E0
1.670284256E1,-1.282535672E0,-4.439654350E0,3.198470354E0,5.620110418E0
1.671284496E1,-1.263224483E0,-4.311954498E0,3.032043695E0,5.420514428E0
1.672283975E1,-1.241274357E0,-4.164256573E0,2.808941603E0,5.174161551E0
1.673286527E1,3.132762909E-1,-4.003879547E0,1.935008287E0,4.457964842E0
1.674283792E1,3.487733603E-1,-3.334553719E0,1.694930553E0,3.756817927E0
1.675283871E1,3.433070183E-1,-3.144433022E0,1.482531548E0,3.493310539E0
1.676284704E1,2.781088352E-1,-2.983457565E0,1.397001505E0,3.306051538E0
1.677284574E1,1.688458920E-1,-2.235502720E0,1.935642719E0,2.961873408E0
1.678285042E1,5.127513409E-2,-2.099392891E0,1.956863880E0,2.870434792E0
1.679284652E1,-1.425617337E0,-1.957060814E0,2.829538822E0,3.724078647E0
1.680284470E1,-1.386254072E0,-1.811219692E0,2.737854481E0,3.563434338E0
1.681284704E1,-1.347588301E0,-1.684045792E0,2.607336998E0,3.383815993E0
1.682284600E1,-1.307931304E0,-1.588999271E0,2.424842358E0,3.180481636E0
1.683289027E1,-3.661609888E-1,-1.554623127E0,2.208645344E0,2.725626752E0
1.684286600E1,2.306913137E-1,-1.570678234E0,1.348423481E0,2.082905298E0
1.685284855E1,2.529116869E-1,-2.200265884E0,1.129168034E0,2.485991700E0
1.686285167E1,2.526820898E-1,-2.234025478E0,1.301856041E-1,2.252036049E0
1.687284532E1,2.195304632E-1,-2.823531151E0,-4.135704041E-2,2.832354531E0
1.688283324E1,1.160116196E-1,-2.828848362E0,-1.338658333E-1,2.834389143E0
1.689284886E1,-1.392572999E0,-2.837040901E0,-1.571760178E-1,3.164295330E0
1.690284391E1,-1.321924806E0,-2.854671001E0,-1.457214355E-1,3.149264431E0
1.691285095E1,-1.209444761E0,-2.859638214E0,-1.245994568E-1,3.107380307E0
1.692284548E1,-1.105100274E0,-2.839489460E0,3.846192360E-1,3.071136429E0
1.693288063E1,-1.167448640E0,-2.865806580E0,4.349260330E-1,3.124891091E0
1.694284886E1,-1.071393490E0,-2.843245983E0,1.158343792E0,3.251721401E0
1.695285094E1,-9.778251052E-1,-2.794456959E0,1.142993927E0,3.173573183E0
1.696284756E1,-8.844763637E-1,-2.698486328E0,1.174400806E0,3.073002466E0
1.697284704E1,-9.921354055E-1,-2.532367706E0,2.147966862E0,3.465686152E0
1.698284652E1,-9.023249745E-1,-1.725909233E0,3.565935612E0,4.063108395E0
1.699283818E1,-8.119246364E-1,-1.512433529E0,3.498518944E0,3.896961842E0
1.700283662E1,-7.190544605E-1,-3.985929489E-1,4.689943314E0,4.761458174E0
1.701283610E1,-6.283468008E-1,-1.829915047E-1,5.390576839E0,5.430158769E0
1.702283355E1,-7.410580516E-1,5.671348572E-1,5.982460976E0,6.054803738E0
1.703288803E1,-6.500189304E-1,6.488165855E-1,6.021192551E0,6.090833055E0
1.704283615E1,-5.524500608E-1,6.293654442E-1,6.669670105E0,6.722038474E0
1.705282787E1,5.629974008E-1,-7.552547455E-1,6.460947037E0,6.529258183E0
1.706283641E1,7.162256241E-1,-1.877745152E0,5.265294552E0,5.635799208E0
1.707283636E1,8.354755640E-1,-2.725596189E0,4.445589542E0,5.281113555E0
1.708284053E1,9.554988146E-1,-2.624769688E0,4.229403496E0,5.068554807E0
1.709283871E1,1.586941481E0,-2.408974886E0,2.263992310E0,3.667043011E0
1.710284131E1,1.521699429E0,-1.582738400E0,2.185544014E0,3.097940062E0
1.711284001E1,-3.994629979E-1,4.640722275E-2,2.510600090E-1,4.740837955E-1
1.712283558E1,-1.517457128E0,1.193592548E0,7.158708572E-2,1.931958596E0
1.713286423E1,-2.285058975E0,2.362382889E0,-7.310914993E-2,3.287505495E0
1.714284496E1,-2.381255150E0,3.144397259E0,-8.458089828E-1,4.033981042E0
1.715283792E1,-2.464761257E0,3.186771870E0,-1.688638210E0,4.368301960E0
1.716283740E1,-2.552649736E0,3.138858318E0,-2.493895531E0,4.752679995E0
1.717283636E1,-2.526656151E0,3.064444065E0,-2.654939651E0,4.777396078E0
1.718283740E1,-2.390560389E0,2.404551983E0,-3.438820839E0,4.829299946E0
1.719283662E1,-1.564058423E0,2.369039536E0,-3.495091438E0,4.502698217E0
1.720283720E1,-1.336971521E0,2.362297535E0,-3.564117908E0,4.480053455E0
1.721285964E1,-6.447677314E-2,2.382175446E0,-4.232498169E0,4.857258266E0
1.722283907E1,4.765752703E-2,2.931644917E0,-4.251677513E0,5.164646632E0
1.723284027E1,1.538811922E-1,2.933030605E0,-4.276928902E0,5.188301146E0
1.724284438E1,2.562472224E-1,2.957197189E0,-4.306865692E0,5.230656741E0
1.725283699E1,3.556529284E-1,4.537941933E0,-4.924499512E0,6.705975054E0
1.726283871E1,2.470373660E-1,4.342876434E0,-4.891935349E0,6.546192377E0
1.727283766E1,2.898802757E-1,4.249397755E0,-4.897020817E0,6.490163691E0
1.728283923E1,3.312661052E-1,4.146379948E0,-5.479789257E0,6.879701607E0
1.729284209E1,4.099893570E-1,4.062475204E0,-5.569530487E0,6.905900803E0
1.730283662E1,2.459147722E-1,3.827263832E0,-7.169112206E0,8.130473069E0
1.731283975E1,2.833827138E-1,3.685003757E0,-6.980778217E0,7.898786171E0
1.732283740E1,3.205285370E-1,3.550293446E0,-6.793040752E0,7.671552956E0
1.733286110E1,3.559778929E-1,3.423096657E0,-6.606465816E0,7.449140995E0
1.734284235E1,3.916837573E-1,3.289286613E0,-6.407329082E0,7.212952832E0
1.735283610E1,2.261973470E-1,3.062817097E0,-6.408292770E0,7.106210667E0
1.736283662E1,2.622517347E-1,2.942565441E0,-6.209244728E0,6.876204436E0
1.737283558E1,2.974334359E-1,2.798031807E0,-5.975277901E0,6.604649471E0
1.738283407E1,3.310218751E-1,2.663150311E0,-5.743002892E0,6.339087258E0
1.739285600E1,3.647372127E-1,2.537703991E0,-5.512968063E0,6.079949971E0
1.740286110E1,1.980987340E-1,2.321239948E0,-5.484707832E0,5.958977934E0
1.741283667E1,2.318113446E-1,2.213546276E0,-5.259586334E0,5.711109526E0
1.742283735E1,2.656837106E-1,2.114352226E0,-5.038162708E0,5.470297674E0
1.743286813E1,2.991316617E-1,2.023433208E0,-4.821100712E0,5.237057740E0
1.744283688E1,3.325229883E-1,1.940233707E0,-4.608470917E0,5.011295498E0
1.745283480E1,1.663713902E-1,1.764573097E0,-4.600001812E0,4.929646471E0
1.746284261E1,1.996686757E-1,1.695912361E0,-4.396649837E0,4.716621260E0
1.747283766E1,2.733676732E-1,5.255002975E-1,-4.158090591E0,4.200071168E0
1.748284105E1,3.073145449E-1,3.924455643E-1,-3.964484215E0,3.995696540E0
1.749284105E1,1.409705132E-1,2.825880051E-1,-3.975903511E0,3.988425428E0
1.750284027E1,1.738824248E-1,2.129898071E-1,-3.793050289E0,3.803002794E0
1.751284391E1,2.071597874E-1,1.784963608E-1,-3.615061760E0,3.625389311E0
1.752283792E1,2.408039272E-1,1.651334763E-1,-3.441931486E0,3.454294132E0
1.753286136E1,2.735546231E-1,1.756229401E-1,-3.274388790E0,3.290485906E0
1.754284704E1,1.054939181E-1,2.169246674E-1,-3.324789762E0,3.333528497E0
1.755283641E1,1.397112310E-1,1.174501419E0,-3.176810503E0,3.389852177E0
1.756283641E1,1.742915958E-1,1.156704903E0,-3.032056093E0,3.249878143E0
1.757284751E1,2.084060013E-1,1.141345978E0,-2.890843153E0,3.114976378E0
1.758285303E1,2.429556400E-1,1.128158569E0,-2.752741098E0,2.984853892E0
1.759283141E1,7.838422060E-2,1.017271042E0,-2.817252398E0,2.996313657E0
1.760284225E1,1.133412346E-1,1.008159637E0,-2.684400320E0,2.869710293E0
1.761283844E1,1.487300992E-1,9.982461929E-1,-2.545575380E0,2.738351716E0
1.762283792E1,1.831784844E-1,9.906091690E-1,-2.411195993E0,2.613183308E0
1.763286318E1,2.167958170E-1,9.850826263E-1,-2.281201124E0,2.494246735E0
1.764283975E1,5.107516050E-2,8.816509247E-1,-2.354552031E0,2.514723104E0
1.765283714E1,1.252120584E-1,8.998785019E-1,-2.191790819E0,2.372637008E0
1.766282704E1,1.593445241E-1,8.996257782E-1,-3.138608217E0,3.268880353E0
1.767284235E1,1.933626980E-1,9.008331299E-1,-3.108214378E0,3.241895446E0
1.768283532E1,2.696263790E-2,8.036594391E-1,-3.094757557E0,3.197517758E0
1.769284391E1,6.095846742E-2,8.073434830E-1,-3.104219675E0,3.208067834E0
1.770283662E1,9.525837004E-2,8.121595383E-1,-3.657933235E0,3.748219954E0
1.771283688E1,1.300136745E-1,8.180131912E-1,-3.651364326E0,3.744130150E0
1.772283844E1,1.650571823E-1,8.245353699E-1,-3.672142267E0,3.767191431E0
1.773286266E1,-6.161108613E-4,7.256488800E-1,-3.656810284E0,3.728113213E0
1.774296011E1,3.575161099E-2,7.282333374E-1,-3.642332554E0,3.714591284E0
1.775283845E1,7.206340134E-2,7.320995331E-1,-3.608686447E0,3.682903845E0
1.776302803E1,1.080422774E-1,7.370710373E-1,-3.513623238E0,3.591725923E0
1.777283850E1,1.422539651E-1,7.403650284E-1,-3.338741302E0,3.422801492E0
1.778284131E1,-2.256338298E-2,6.456232071E-1,-3.109584332E0,3.175980659E0
1.779283688E1,1.424446702E-2,6.527681351E-1,-2.211104870E0,2.305492114E0
1.780283792E1,5.108310282E-2,6.615629196E-1,-2.013045311E0,2.119581658E0
1.781284261E1,8.787667006E-2,6.718292236E-1,-1.831265092E0,1.952590242E0
1.782283845E1,1.232509464E-1,6.833972931E-1,-1.678740025E0,1.816697753E0
1.783286214E1,-1.688875258E-3,6.163406372E-1,-1.550391674E0,1.668410314E0
1.784283610E1,3.459263965E-2,6.315221786E-1,-1.471685886E0,1.601835279E0
1.785283871E1,7.108995318E-2,6.473503113E-1,-3.657867610E-1,7.469378565E-1
1.786284157E1,1.065514013E-1,6.636743546E-1,-2.770575881E-1,7.270335323E-1
1.787283662E1,-5.877092108E-2,5.806035995E-1,-3.922149539E-1,7.031266821E-1
1.788283688E1,-2.262472548E-2,5.977926254E-1,-3.103845716E-1,6.739484279E-1
1.789283584E1,1.377962809E-2,6.151819229E-1,-2.308889180E-1,6.572277907E-1
1.790283766E1,5.054054409E-2,1.631157875E0,-1.537752450E-1,1.639169664E0
1.791283610E1,8.709764481E-2,1.703099251E0,-1.145538390E-1,1.709168113E0
1.792291834E1,-7.767057419E-2,1.789862633E0,-2.764228284E-1,1.812746685E0
1.793285490E1,-4.062090442E-2,1.874824524E0,-2.382061183E-1,1.890333095E0
1.794300782E1,-3.425338306E-3,2.524886131E0,-2.014873475E-1,2.532915091E0
1.795282397E1,3.393732384E-2,2.568863869E0,1.390221000E0,2.921117551E0
1.796283746E1,6.966979057E-2,2.660329819E0,1.534230828E0,3.071819145E0
1.797284027E1,-9.389584512E-2,3.610921860E0,2.621933699E0,4.463419029E0
1.798284027E1,-5.590888858E-2,4.346529961E0,2.757415295E0,5.147697311E0
1.799284522E1,-1.795974933E-2,5.236583710E0,3.564193487E0,6.334477620E0
1.800284704E1,1.910780929E-2,5.949885368E0,3.549046040E0,6.928003233E0
1.801284912E1,9.911707640E-1,6.754930496E0,3.407098293E0,7.630191627E0
1.802284678E1,2.005201340E0,6.760778427E0,2.524333000E0,7.490074395E0
1.803289131E1,2.151762962E0,6.726318359E0,1.725056529E0,7.269749827E0
1.804284756E1,3.197491646E0,6.617112160E0,1.463751197E0,7.493510107E0
1.805284886E1,3.316407681E0,5.768752098E0,3.359162211E-1,6.662574606E0
1.806284990E1,4.080187798E0,5.598525047E0,1.793792248E-1,6.929905632E0
1.807284808E1,4.071510792E0,4.425528526E0,-9.857814312E-1,6.093789289E0
1.808284730E1,3.992917538E0,4.259703636E0,-1.010692000E0,5.925366136E0
1.809284704E1,3.865372181E0,3.109814644E0,-1.030783772E0,5.067007440E0
1.810297256E1,3.647916317E0,2.349767685E0,-1.025410891E0,4.458718327E0
1.811284964E1,2.621112108E0,1.482431412E0,-5.912852287E-2,3.011864498E0
1.812286105E1,2.378316402E0,4.550886154E-1,-2.112269402E-3,2.421466295E0
1.813285569E1,1.212881804E0,-7.408256531E-1,1.327657700E-2,1.421295601E0
1.814284865E1,9.802912474E-1,-2.050577164E0,-2.033889294E-2,2.272938914E0
1.815283746E1,-7.464447021E-1,-3.344016552E0,-8.835375309E-2,3.427452812E0
1.816284548E1,-9.767908454E-1,-4.588040352E0,-1.199604273E0,4.841826622E0
1.817284548E1,-1.005534768E0,-5.786054611E0,-1.158216953E0,5.985899652E0
1.818284548E1,-1.022370696E0,-6.826535225E0,-1.092910528E0,6.988653550E0
1.819284886E1,-9.680431485E-1,-9.127947807E0,-9.905793071E-1,9.232431211E0
1.820284834E1,-1.152034760E0,-9.263360977E0,-1.132773280E0,9.403202432E0
1.821285251E1,-1.087620020E0,-9.204045296E0,-1.079146981E0,9.330698008E0
1.822283818E1,-1.027001619E0,-9.144047737E0,2.148146629E-1,9.204047299E0
1.823284001E1,-9.687978625E-1,-9.083573341E0,3.764988184E-1,9.142845580E0
1.824284105E1,-9.138223529E-1,-9.022594452E0,1.517511249E0,9.194842159E0
1.825283636E1,-1.061510801E0,-9.160677910E0,2.238826513E0,9.489845579E0
1.826283714E1,-1.012529850E0,-9.098128319E0,2.944303274E0,9.616136302E0
1.827284313E1,-9.633712769E-1,-9.035754204E0,3.623311520E0,9.782705383E0
1.828293480E1,-9.139258862E-1,-7.920418262E0,3.693767071E0,8.787047351E0
1.829283621E1,-8.638668060E-1,-6.944125175E0,4.276988983E0,8.201205709E0
1.830300444E1,-1.012643695E0,-6.759646416E0,4.144344330E0,7.993363300E0
1.831282480E1,-9.608740807E-1,-5.605167866E0,3.908864260E0,6.900753988E0
1.832285121E1,-9.083598852E-1,-5.404308319E0,3.597254753E0,6.555296168E0
1.833284313E1,-8.559334874E-1,-4.395078659E0,2.606621265E0,5.181101521E0
1.834284470E1,-7.984724045E-1,-4.238367081E0,2.325407743E0,4.899881107E0
1.835284105E1,2.038060427E-1,-3.561445236E0,2.032462358E0,4.105646394E0
1.836284105E1,1.118637085E0,-3.424329758E0,1.739688396E0,4.000487337E0
1.837284417E1,1.292522311E0,-2.420478821E0,1.547350407E0,3.150178555E0
1.838283688E1,1.395093679E0,-1.599646568E0,2.558193445E0,3.324080207E0
1.839284027E1,2.151013374E0,-2.376413345E-1,4.086808205E0,4.624427883E0
1.840283688E1,2.871177435E0,1.358470917E0,5.259360313E0,6.144100748E0
1.841283871E1,3.521832228E0,3.278285980E0,5.096974850E0,7.009252016E0
1.842284574E1,3.543482065E0,4.730772018E0,4.790806770E0,7.608436012E0
1.843283897E1,3.560702801E0,5.578270912E0,4.539673805E0,8.025232025E0
1.844283949E1,4.127547264E0,5.683582306E0,4.370645523E0,8.272985950E0
1.845283636E1,4.074801445E0,5.651271820E0,3.583087921E0,7.834500562E0
1.846293730E1,3.964453220E0,4.125051498E0,2.482608795E0,6.236688675E0
1.847283574E1,3.744222641E0,1.846554756E0,1.088803291E0,4.314447851E0
1.848300944E1,2.458873749E0,-2.715759277E-1,2.592515945E-2,2.473961542E0
1.849283667E1,1.393667221E0,-2.276867390E0,-2.897930145E-2,2.669695345E0
1.850283485E1,6.282429695E-1,-3.504399300E0,3.960084915E-2,3.560487594E0
1.851283688E1,4.132988453E-1,-3.509689331E0,7.876205444E-2,3.534818043E0
1.852284834E1,-6.228324175E-1,-3.305178642E0,5.790615082E-2,3.363848867E0
1.853283688E1,-7.847880125E-1,-1.353001595E0,6.342458725E-2,1.565416308E0
1.854284600E1,-9.208887815E-1,6.865711212E-1,8.204984665E-2,1.151585094E0
1.855283819E1,-9.772212505E-1,4.626512051E0,-5.102634430E-3,4.728593994E0
1.856283766E1,-9.860155582E-1,5.799275398E0,-8.187484741E-2,5.883071079E0
1.857284704E1,-9.837346077E-1,5.893657684E0,-1.495471001E-1,5.977064414E0
1.858283688E1,-9.165004492E-1,5.844469547E0,-2.121124268E-1,5.919695013E0
1.859283844E1,-8.070816994E-1,5.077733994E0,-2.773666382E-1,5.148950925E0
1.860283766E1,-6.742466688E-1,3.840216160E0,-3.517394066E-1,3.914791097E0
1.861283610E1,-5.384820700E-1,2.078240395E0,-1.086512089E0,2.406149330E0
1.862284522E1,-4.261802435E-1,2.059825897E0,-1.169406414E0,2.406662354E0
1.863283818E1,-3.397595882E-1,3.541631699E-1,-1.993998289E0,2.053508536E0
1.864289339E1,-2.759854794E-1,1.866316795E-1,-2.074068308E0,2.100656734E0
1.865283313E1,-2.084145546E-1,7.232570648E-2,-2.892807484E0,2.901207123E0
1.866286381E1,-1.498286724E-1,4.405069351E-2,-2.961142540E0,2.965257870E0
1.867284449E1,-1.090341806E-1,1.148476601E-1,-4.239089489E0,4.242046456E0
1.868283563E1,-9.913694859E-2,1.807062626E0,-4.353696346E0,4.714867479E0
1.869284287E1,-1.203870773E-1,1.800495625E0,-4.266476631E0,4.632396830E0
1.870283844E1,-1.751046181E-1,1.782403946E0,-4.155418396E0,4.524945027E0
1.871283949E1,-2.467162609E-1,3.146030426E0,-4.043190479E0,5.128914662E0
1.872284548E1,-3.399758339E-1,3.218440056E0,-3.904033184E0,5.071036882E0
1.873284001E1,-1.621939301E0,3.288086891E0,-3.886826277E0,5.343184538E0
1.874283897E1,-1.575764775E0,3.173198700E0,-3.713253498E0,5.132297357E0
1.875284391E1,-1.529446244E0,2.965295792E0,-3.542252302E0,4.866182931E0
1.876283871E1,-1.474377751E0,1.466959953E0,-3.359123707E0,3.950882602E0
1.877284235E1,-1.616112947E0,1.329079628E0,-3.381373405E0,3.976425508E0
1.878283610E1,-1.555194736E0,1.532459259E-1,-3.207974672E0,3.568363277E0
1.879283714E1,1.353924274E-1,-2.164649963E-2,-3.041869879E0,3.044958463E0
1.880283662E1,3.095694780E-1,-1.570062637E-1,-2.880759716E0,2.901596245E0
1.881283688E1,1.134650469E0,-2.135848999E-1,-2.724546432E0,2.959088282E0
1.882287308E1,1.258164763E0,-1.762809753E-1,-2.773594379E0,3.050717839E0
1.883285240E1,1.358834386E0,1.074860573E0,-2.637714624E0,3.155835005E0
1.884284714E1,1.420774817E0,1.061151505E0,-2.505288839E0,3.069383613E0
1.885283381E1,1.376151443E0,1.056632042E0,-2.374676228E0,2.940977941E0
1.886283537E1,1.263236642E0,1.054673195E0,-2.248593092E0,2.786444554E0
1.887284391E1,4.745249748E-1,9.547863007E-1,-2.325403690E0,2.558181611E0
1.888284105E1,3.242326975E-1,9.559164047E-1,-2.203858376E0,2.424024495E0
1.889283766E1,-1.319029689E0,9.583358765E-1,-2.085309029E0,2.647028658E0
1.890283871E1,-1.291629434E0,9.618940353E-1,-1.009326100E0,1.900601459E0
1.891283845E1,-1.423140645E0,-1.455040455E0,-2.020085812E0,2.867615509E0
1.892284209E1,-1.394047976E0,-2.160144806E0,-1.910986185E0,3.203351923E0
1.893283949E1,-1.364389420E0,-2.267542362E0,-1.803177357E0,3.202304706E0
1.894283923E1,-1.329499483E0,-2.332406044E0,-2.782287598E0,3.866369241E0
1.895283688E1,-1.239499569E0,-2.338206768E0,-2.876411915E0,3.908620674E0
1.896283662E1,-1.351021171E0,-2.235782623E0,-3.723693848E0,4.548612757E0
1.897284183E1,-1.269886255E0,-1.341972351E0,-3.731769562E0,4.164085128E0
1.898283688E1,-1.193163276E0,-6.021537781E-1,-3.712007523E0,3.945279156E0
1.899283662E1,-1.115812540E0,8.787851334E-1,-3.659852266E0,3.925789035E0
1.900285308E1,-1.038770556E0,8.855285645E-1,-3.543972015E0,3.797754962E0
1.901284386E1,-1.164185762E0,7.879076004E-1,-3.361684322E0,3.643768428E0
1.902283990E1,-1.088944793E0,2.480552673E0,-2.655467510E0,3.793474664E0
1.903283511E1,-1.014589906E0,2.620218277E0,-2.515513897E0,3.771305697E0
1.904283694E1,-9.379878044E-1,3.501749992E0,-2.410120487E0,4.353246477E0
1.905284001E1,-8.578931093E-1,3.531555176E0,-2.294182777E0,4.297806087E0
1.906283923E1,-9.789176583E-1,3.502539635E0,-2.189503431E0,4.244995754E0
1.907284626E1,-8.942788243E-1,3.416323662E0,-2.081081390E0,4.099012287E0
1.908283844E1,-1.857690334E0,3.261830330E0,-2.003737688E0,4.255057603E0
1.909283949E1,-1.942195177E0,2.054800987E0,-1.994839907E0,3.460305688E0
1.910283818E1,-1.964847803E0,6.159782410E-1,-1.989803314E0,2.863454786E0
1.911284261E1,-1.989731073E0,6.280565262E-1,-1.974731088E0,2.872811796E0
1.912284313E1,-2.008265495E0,6.411247253E-1,-1.956044197E0,2.875809471E0
1.913283688E1,-2.034585476E0,6.549530029E-1,-1.934443355E0,2.882806373E0
1.914284079E1,-2.004287720E0,6.673889160E-1,-1.934952855E0,2.864719843E0
1.915283818E1,-1.955977201E0,5.811452866E-1,-1.925699234E0,2.805689612E0
1.916283610E1,-1.876958013E0,5.958156586E-1,-1.872293949E0,2.717250874E0
1.917284209E1,-1.772662759E0,6.113796234E-1,-1.788609266E0,2.591378283E0
1.918284350E1,-1.639031649E0,6.276979446E-1,-1.693405390E0,2.438862700E0
1.919283068E1,-1.475220084E0,6.447763443E-1,-1.622710705E0,2.285869826E0
1.920285313E1,-2.163862884E-1,5.628767014E-1,-1.588389516E0,1.699009847E0
1.921284162E1,-1.191377193E-1,5.816793442E-1,-1.570571542E0,1.679059148E0
1.922285094E1,-2.429278754E-2,6.010875702E-1,-1.530186653E0,1.644192081E0
1.923284209E1,6.821285188E-2,6.210289001E-1,-1.465176344E0,1.592818761E0
1.924285277E1,1.583748162E-1,6.414594650E-1,-1.407700539E0,1.555047792E0
1.925285355E1,-3.379210830E-4,5.620059967E-1,-1.328418016E0,1.442409540E0
1.926285355E1,8.057605475E-2,6.026201248E-1,-1.096682072E0,1.253935836E0
1.927284678E1,-1.159515619E0,6.233129501E-1,5.337872505E-1,1.420536636E0
1.928284964E1,-1.232169747E0,6.440315247E-1,6.139926314E-1,1.519870337E0
1.929284730E1,-1.309914470E0,1.950177193E0,4.923588037E-1,2.400309187E0
1.930284730E1,-1.372603536E0,2.046451569E0,5.683702826E-1,2.528843464E0
1.931285121E1,-1.417153955E0,2.144750595E0,6.410980225E-1,2.649393727E0
1.932284339E1,-1.431176305E0,2.740520477E0,7.080641389E-1,3.171761802E0
1.933284756E1,-1.402520537E0,2.730663300E0,7.194155455E-1,3.152958078E0
1.934285042E1,-1.285189271E0,2.687341690E0,5.306938291E-1,3.025748298E0
1.935287230E1,-1.127735138E0,2.629109383E0,5.393717885E-1,2.911172378E0
1.936284027E1,2.377935499E-1,2.592347145E0,1.605512142E0,3.058509234E0
1.937285423E1,3.168874383E-1,2.603604317E0,1.699520588E0,3.125306915E0
1.938287152E1,3.930312395E-1,2.666489601E0,2.613559961E0,3.754375583E0
1.939285621E1,1.819826126E0,2.794148445E0,2.712744236E0,4.298606048E0
1.940283850E1,2.618645430E0,3.781076431E0,3.604276896E0,5.843342777E0
1.941284990E1,3.361207008E0,3.897358894E0,3.697034836E0,6.336811934E0
1.942284678E1,3.468914509E0,4.708368301E0,4.330986977E0,7.277331113E0
1.943284782E1,4.186908245E0,4.768708229E0,4.209836483E0,7.615346482E0
1.944284678E1,4.108561039E0,4.788199425E0,3.244451523E0,7.094617201E0
1.945283636E1,3.969988346E0,4.747407913E0,2.963246107E0,6.861451512E0
1.946283792E1,3.771999598E0,4.658727646E0,1.777194381E0,6.252211138E0
1.947283923E1,3.541881084E0,4.543510437E0,1.528043628E0,5.960144800E0
1.948283740E1,2.772288322E0,3.768572807E0,-4.647639990E-1,4.701460318E0
1.949284235E1,2.658763885E0,3.672105789E0,-5.198393464E-1,4.563290400E0
1.950283845E1,2.590846062E0,3.555244446E0,4.570884705E-1,4.422801856E0
1.951283584E1,2.553257704E0,2.840957642E0,5.022552609E-1,3.852586867E0
1.952283584E1,2.489291191E0,2.763976097E0,1.309375763E0,3.943424830E0
1.953285459E1,2.372655392E0,2.045763969E0,1.379006147E0,3.422908380E0
1.954283386E1,2.205754757E0,1.898423195E0,2.152204037E0,3.619578275E0
1.955283720E1,2.017601490E0,4.618825912E-1,2.223866701E0,3.038031337E0
1.956285949E1,1.140009284E0,4.902553558E-1,2.829605103E0,3.089763182E0
1.957283511E1,9.848870039E-1,5.186414719E-1,2.812601089E0,3.024849794E0
1.958283871E1,8.112189770E-1,-6.255359650E-1,2.762829065E0,2.946624495E0
1.959284183E1,6.557309628E-2,-1.414420128E0,2.697394848E0,3.046444336E0
1.960284131E1,2.378129959E-2,-1.502976418E0,2.628717184E0,3.028144266E0
1.961283636E1,1.772463322E-2,-2.206354141E0,2.548484802E0,3.370917909E0
1.962283923E1,7.642114162E-2,-3.117874146E0,2.515431881E0,4.006791350E0
1.963283871E1,6.859421730E-2,-3.259855747E0,2.481058359E0,4.097196022E0
1.964284001E1,2.064359188E-2,-4.429943085E0,2.423125267E0,5.049391840E0
1.965283844E1,-5.301225185E-2,-5.165369987E0,2.349336624E0,5.674789862E0
1.966282626E1,-1.242867112E0,-5.987403870E0,2.254822254E0,6.517510810E0
1.967284001E1,-1.405201077E0,-6.772039413E0,2.134609222E0,7.238208647E0
1.968283740E1,-1.365644574E0,-7.576226234E0,2.027448177E0,7.960825031E0
1.969283819E1,-1.327896237E0,-9.011935234E0,1.932167292E0,9.311903969E0
1.970283584E1,-1.290559411E0,-8.928213120E0,1.812412262E0,9.201270092E0
1.971286787E1,-1.257955790E0,-8.841365814E0,1.655059576E0,9.082478980E0
1.972283548E1,-1.427436590E0,-8.951422691E0,1.485575914E0,9.185449320E0
1.973283225E1,-1.357942104E0,-8.864110947E0,1.311486483E0,9.062917104E0
1.974284839E1,-1.292469025E0,-9.998226166E0,1.133433580E0,1.014493343E1
1.975283798E1,-1.229155183E0,-1.000032425E1,9.642848969E-1,1.012161810E1
1.976284209E1,-1.171856403E0,-9.996782303E0,7.853922844E-1,1.009582809E1
1.977284209E1,-1.314282537E0,-9.981639862E0,6.132707596E-1,1.008645497E1
1.978283714E1,-1.255356669E0,-9.956374168E0,4.773981571E-1,1.004655244E1
1.979284209E1,-1.196203351E0,-9.921569824E0,3.926308155E-1,1.000113040E1
1.980284209E1,-1.103691220E0,-9.911590576E0,4.203283787E-1,9.981705165E0
1.981283714E1,-1.252902985E0,-9.819718361E0,1.066562653E0,9.956615412E0
1.982283871E1,-1.202494383E0,-9.676499367E0,9.785220623E-1,9.799905008E0
1.983283871E1,-1.150342703E0,-9.477500916E0,9.027433395E-1,9.589643240E0
1.984283818E1,-1.098274112E0,-7.876760006E0,1.405791759E0,8.076249420E0
1.985283714E1,-1.045964479E0,-7.715918541E0,1.238135338E0,7.884314792E0
1.986283740E1,-1.194629908E0,-7.743373871E0,1.049172878E0,7.904918927E0
1.987283792E1,-1.138596535E0,-7.539319515E0,8.380937576E-1,7.670732818E0
1.988284678E1,-1.081032872E0,-7.321145535E0,6.474890709E-1,7.428798429E0
1.989284881E1,-1.021785378E0,-7.087846279E0,4.455113411E-1,7.174962759E0
1.990285094E1,-9.490166306E-1,-6.852509499E0,2.397990227E-1,6.922067795E0
1.991285152E1,-1.077145457E0,-5.679605961E0,2.355766296E-2,5.780892766E0
1.992282365E1,-1.001821995E0,-5.429268360E0,-1.751856804E-1,5.523702767E0
1.993283641E1,-9.255296588E-1,-5.160995483E0,-3.669004440E-1,5.256148349E0
1.994284240E1,-8.500785828E-1,-4.889913559E0,-4.940495491E-1,4.987782390E0
1.995284053E1,-7.777454853E-1,-4.559679985E0,2.989244461E-1,4.635183430E0
1.996284235E1,-9.048634171E-1,-2.759153843E0,1.396690369E0,3.222181205E0
1.997283766E1,-8.252751827E-1,-3.743319511E-1,2.895505905E0,3.034000327E0
1.998283610E1,2.183247566E0,4.464936733E0,5.043973923E0,7.081235973E0
1.999283871E1,3.017875910E0,4.633711815E0,4.988763332E0,7.447591542E0
2.000283688E1,3.183472157E0,4.727969170E0,4.867250919E0,7.495219740E0
2.001284053E1,3.895829439E0,2.915686131E0,4.699097157E0,6.764630568E0
2.002284079E1,3.970370770E0,1.620511055E0,3.849763393E0,5.762861990E0
2.003283792E1,3.952924490E0,3.895282745E-3,2.265400887E0,4.556058425E0
2.004284001E1,3.824353695E0,-2.277785540E0,8.690099716E-1,4.535324297E0
2.005283584E1,2.907590866E0,-4.648139954E0,-6.370663643E-1,5.519523822E0
2.006283871E1,1.584668875E0,-6.190629005E0,-1.472499371E0,6.557691463E0
2.007283865E1,4.644881487E-1,-6.222404480E0,-1.483438015E0,6.413630415E0
2.008285954E1,2.209675312E-1,-5.992169380E0,-1.339777470E0,6.144096695E0
2.009284162E1,-1.273345470E0,-4.227119923E0,4.117155075E-2,4.414934498E0
2.010282688E1,-1.522879958E0,-2.533846855E0,1.033194065E0,3.131618308E0
2.011283459E1,-1.572693229E0,-1.547670841E0,2.035467625E0,3.001962271E0
2.012283740E1,-1.615310431E0,-1.317249775E0,3.205033302E0,3.823167957E0
2.013284079E1,-1.600920558E0,-1.145701885E0,4.151455879E0,4.594579998E0
2.014284053E1,-5.700352192E-1,-1.005712271E0,4.241197586E0,4.395924736E0
2.015283949E1,-4.543498755E-1,-8.708858490E-1,4.936018467E0,5.032807793E0
2.016283558E1,5.029418468E-1,-7.507698536E-1,4.915296555E0,4.997674068E0
2.017283714E1,1.609743595E0,-6.440885067E-1,4.783733368E0,5.088244234E0
2.018284235E1,1.787140489E0,-5.181415081E-1,4.584842682E0,4.948042458E0
2.019283819E1,2.652845383E0,-3.946387768E-1,3.588662148E0,4.480158970E0
2.020283688E1,2.723890066E0,-2.427544594E-1,3.477558136E0,4.424015982E0
2.021283610E1,2.754678726E0,-4.472994804E-2,3.439993858E0,4.407245557E0
2.022283844E1,2.698881626E0,7.621116638E-1,3.391142845E0,4.400525652E0
2.023283714E1,1.939401269E0,9.436624050E-1,3.293931007E0,3.937227133E0
2.024283636E1,1.082427382E0,1.737090111E0,2.576272964E0,3.290336378E0
2.025285615E1,-8.304095268E-2,1.910927773E0,2.409364700E0,3.076293063E0
2.026284188E1,-1.595879793E0,2.658270121E0,1.307453156E0,3.364916953E0
2.027284761E1,-1.576116204E0,2.804151058E0,1.311867714E0,3.473960614E0
2.028285110E1,-1.552322626E0,2.929197550E0,-4.309816360E-1,3.342999999E0
2.029283798E1,-2.966437817E0,3.030823469E0,-1.488844872E0,4.494697239E0
2.030283589E1,-2.971598625E0,3.100481272E0,-2.478830338E0,4.958627063E0
2.031284157E1,-2.917912006E0,3.137118578E0,-3.359026909E0,5.444151470E0
2.032283766E1,-2.783025980E0,3.121630430E0,-4.026359081E0,5.805288761E0
2.033284261E1,-1.428330541E0,3.082834959E0,-4.126686096E0,5.345422121E0
2.034284157E1,-1.478409767E0,3.041515112E0,-4.837206841E0,5.902125010E0
2.035284209E1,-1.374480486E0,2.955255032E0,-4.881051064E0,5.869189756E0
2.036283923E1,-1.278359294E0,2.860785723E0,-4.903421402E0,5.819092617E0
2.037284157E1,-1.188864708E0,2.774048090E0,-4.901672363E0,5.756312540E0
2.038283844E1,-1.303030133E0,2.699550390E0,-4.922753811E0,5.763589586E0
2.039283949E1,-1.218069673E0,2.682516336E0,-4.971465111E0,5.778845297E0
2.040283636E1,-1.138137698E0,3.421788931E0,-5.677245617E0,6.725705517E0
2.041283792E1,-1.059091926E0,3.419736147E0,-5.704415321E0,6.734732747E0
2.042283766E1,3.493739367E-1,4.331148148E0,-6.313726425E0,7.664466570E0
2.043285355E1,4.677981138E-1,4.867938519E0,-6.331117630E0,7.999919433E0
2.044283511E1,1.189088941E0,5.754379272E0,-6.368770599E0,8.665336247E0
2.045283902E1,1.321712255E0,5.633336067E0,-7.778971195E0,9.695039525E0
2.046282350E1,2.062586069E0,5.487010002E0,-7.639949322E0,9.629660726E0
2.047283772E1,2.158478737E0,5.328469753E0,-7.488463879E0,9.440800370E0
2.048284860E1,2.218109608E0,5.045347214E0,-7.509210110E0,9.314707468E0
2.049285225E1,2.783824921E0,4.837600231E0,-7.305427551E0,9.193548221E0
2.050284886E1,2.767478466E0,4.613293648E0,-7.075761318E0,8.888633954E0
2.051285068E1,2.719602585E0,4.402684689E0,-6.838441849E0,8.575789037E0
2.052284808E1,2.666913509E0,4.096668243E0,-6.732647419E0,8.320075699E0
2.053284678E1,2.559621334E0,3.886210918E0,-6.463748455E0,7.964567833E0
2.054285667E1,2.394691944E0,3.693062305E0,-7.211255074E0,8.448399756E0
2.055283746E1,2.211212635E0,3.515348911E0,-6.969269753E0,8.112820728E0
2.056284938E1,2.003973484E0,3.352051735E0,-6.723599434E0,7.775535345E0
2.057285016E1,1.090854645E0,3.102477551E0,-6.480394363E0,7.267106846E0
2.058285094E1,8.907078505E-1,2.967308521E0,-5.290741444E0,6.131086801E0
2.059285095E1,3.287911415E-3,2.845362663E0,-5.027221680E0,5.776595651E0
2.060285068E1,-2.008264065E-1,2.735784054E0,-4.769319057E0,5.501931471E0
2.061288766E1,-2.024724483E0,2.637707710E0,-4.517615795E0,5.609444150E0
2.062283657E1,-2.243478298E0,2.449893475E0,-4.471974850E0,5.570792759E0
2.063284709E1,-2.253753424E0,2.371269703E0,-4.234235287E0,5.350801151E0
2.064283027E1,-2.228109598E0,2.294256687E0,-4.007704258E0,5.127356000E0
2.065283709E1,-2.196143866E0,2.224498272E0,-3.788522720E0,4.911653982E0
2.066283954E1,-2.130956411E0,2.155431271E0,-3.580900908E0,4.691450788E0
2.067283975E1,-2.260406733E0,1.992646694E0,-3.579587936E0,4.679052173E0
2.068283636E1,-2.122274160E0,2.371850014E-1,-3.391766071E0,4.008039598E0
2.069283871E1,-1.987533569E0,5.513381958E-2,-3.208971739E0,3.775027026E0
2.070284183E1,-2.938892365E0,-8.244967461E-1,-2.991517067E0,4.273880857E0
2.071283792E1,-2.871106148E0,-9.800920486E-1,-3.020215034E0,4.280832838E0
2.072284235E1,-2.784204483E0,-1.108049393E0,-2.854411364E0,4.138506046E0
2.073283871E1,-2.669451237E0,-1.183187962E0,-2.692260981E0,3.971671291E0
2.074283766E1,-1.508495927E0,-1.203352451E0,-2.553459644E0,3.200589514E0
2.075283766E1,-1.401963711E0,-1.148825645E0,-2.418478012E0,3.022306818E0
2.076283688E1,-1.501949668E0,-4.721803665E-1,-2.494689941E0,2.949963560E0
2.077284209E1,-1.401885390E0,-3.647766113E-1,-2.371651888E0,2.779042515E0
2.078283662E1,-1.303355813E0,1.449722290E0,-4.199761391E0,4.630164882E0
2.079286058E1,-1.207972646E0,1.438708305E0,-4.219999313E0,4.619250340E0
2.080283397E1,-1.114054561E0,1.429514885E0,-4.238739014E0,4.609939132E0
2.081284084E1,-1.221145272E0,1.321950912E0,-4.240231991E0,4.606334478E0
2.082284886E1,-1.126381755E0,1.314534187E0,-4.208727837E0,4.550837944E0
2.083283694E1,-1.034280896E0,2.549482346E0,-4.131208420E0,4.963514905E0
2.084283818E1,-9.333815575E-1,2.522065163E0,-3.996245384E0,4.816844505E0
2.085284365E1,-8.385297060E-1,2.492432594E0,-3.783638000E0,4.607740099E0
2.086283740E1,-9.454773068E-1,2.450868607E0,-3.579723358E0,4.440169319E0
2.087283975E1,-8.530477881E-1,2.374582291E0,-3.428015232E0,4.256479768E0
2.088283766E1,-7.178357840E-1,2.200819016E0,-3.396893501E0,4.110690698E0
2.089284287E1,-6.257135868E-1,2.121435165E0,-3.324536324E0,3.993062286E0
2.090283949E1,-7.374773622E-1,1.040867805E0,-3.259488106E0,3.500220187E0
2.091283688E1,-6.519907117E-1,1.044505119E0,-3.162042856E0,3.393316646E0
2.092284027E1,-5.674510598E-1,1.050908089E0,-3.037036419E0,3.263433579E0
2.093283584E1,-4.854456484E-1,1.059796333E0,-2.887971878E0,3.114355040E0
2.094287152E1,-4.058261514E-1,1.070876122E0,-2.709445715E0,2.941524539E0
2.095283688E1,-5.297819376E-1,9.841594696E-1,-2.509885073E0,2.747501018E0
2.096283714E1,-4.543515146E-1,2.024690628E0,-1.753166914E0,2.716505414E0
2.097286449E1,-3.809311986E-1,2.022534370E0,-1.579327583E0,2.594230035E0
2.098283636E1,-3.093797863E-1,1.027422905E0,-1.400646806E0,1.764405042E0
2.099283589E1,-2.420485765E-1,1.045869827E0,-1.227316737E0,1.630563578E0
2.100284433E1,-3.755705357E-1,9.653844833E-1,2.596138716E-1,1.067904392E0
2.101283714E1,-3.103981614E-1,9.855651855E-1,3.783178329E-1,1.100368182E0
2.102283923E1,-2.466125041E-1,1.004955292E0,4.684528112E-1,1.135870108E0
2.103284131E1,-1.839993894E-1,1.024376869E0,5.532690287E-1,1.178690105E0
2.104286657E1,-1.224255413E-1,1.043715477E0,6.323935986E-1,1.226479382E0
2.105283740E1,-2.617126107E-1,9.598045349E-1,4.539908767E-1,1.093538272E0
2.106284001E1,-1.621511281E-1,9.959478378E-1,5.161814094E-1,1.133423280E0
2.107283610E1,-1.036138311E-1,2.073936462E0,5.375475287E-1,2.144972173E0
2.108283844E1,-4.589235783E-2,2.962890625E0,1.661745191E0,3.397384883E0
2.109283740E1,-1.885504425E-1,3.111112595E0,1.721785545E0,3.560774959E0
2.110283454E1,-1.320958138E-1,4.297339439E0,1.801546931E0,4.661560566E0
2.111283584E1,-7.640456408E-2,4.439776421E0,2.541500092E0,5.116314595E0
2.112283740E1,-2.146799490E-2,5.355359077E0,2.603491306E0,5.954703914E0
2.113283740E1,3.406544030E-2,5.448096275E0,2.691503525E0,6.076767620E0
2.114286683E1,-1.113613173E-1,6.104495049E0,3.397607327E0,6.987202350E0
2.115286162E1,-5.617015809E-2,6.155771255E0,3.369703293E0,7.017946645E0
2.116283324E1,-7.260556449E-4,6.208660126E0,3.286391020E0,7.024800853E0
2.117284110E1,5.353202671E-2,6.233491898E0,3.122562170E0,6.972064359E0
2.118282444E1,1.696534276E0,6.200196266E0,2.379907131E0,6.854532824E0
2.119284318E1,2.533250809E0,6.130848885E0,2.162649155E0,6.977228610E0
2.120284131E1,3.383716106E0,6.049567223E0,1.331379890E0,7.058283834E0
2.121284105E1,4.200127125E0,5.948023796E0,1.218984485E0,7.382816408E0
2.122284027E1,4.879436493E0,5.212992668E0,1.112013221E0,7.226393738E0
2.123283897E1,4.932997704E0,5.093064308E0,1.034812450E0,7.165515138E0
2.124286240E1,4.941728115E0,3.468415260E0,1.121842265E0,6.140774483E0
2.125284001E1,4.762670040E0,2.636158943E0,1.894497871E0,5.763807949E0
2.126283871E1,3.962129593E0,7.885494232E-1,1.962698579E0,4.491376940E0
2.127283766E1,3.115104198E0,8.137674332E-1,2.592590809E0,4.133717299E0
2.128284235E1,2.171130657E0,7.403507233E-1,2.589719296E0,3.459562625E0
2.129284001E1,1.222521544E0,-8.277425766E-1,2.564454556E0,2.959078212E0
2.130283792E1,3.904338479E-1,-1.661155701E0,2.493829250E0,3.021764581E0
2.131283662E1,-7.873538136E-1,-2.518880367E0,2.356206656E0,3.537851627E0
2.132283897E1,-8.327189684E-1,-3.386883736E0,1.665755749E0,3.865118955E0
2.133283584E1,-1.080668211E0,-4.179543972E0,1.566286325E0,4.592350645E0
2.134287876E1,-1.103574514E0,-5.014777660E0,1.484436274E0,5.345037207E0
2.135284371E1,-1.098959446E0,-5.891747475E0,1.423938155E0,6.160194805E0
2.136283006E1,-1.074560404E0,-6.847258568E0,1.375460982E0,7.066224089E0
2.137283746E1,-1.030664444E0,-7.724480152E0,1.374239802E0,7.913178745E0
2.138283662E1,-1.157484174E0,-8.887244225E0,1.411856055E0,9.072828503E0
2.139284131E1,-1.088174105E0,-8.820652962E0,1.447244763E0,9.004585441E0
2.140284053E1,-1.021429539E0,-8.752945900E0,1.462156773E0,8.932820532E0
2.141283766E1,-9.584211707E-1,-8.683888435E0,1.438915610E0,8.854319151E0
2.142284105E1,-2.032546282E0,-8.771690369E0,1.375045180E0,9.108487556E0
2.143283871E1,-1.984015465E0,-8.697537422E0,1.290056109E0,9.013751680E0
2.144286397E1,-9.556657076E-1,-8.620858192E0,1.192214727E0,8.755219522E0
2.145283792E1,-9.060173035E-1,-8.542076111E0,1.093689799E0,8.659335368E0
2.146283636E1,-8.577208519E-1,-8.461113930E0,1.034412861E0,8.567154951E0
2.147283714E1,-1.008579254E0,-8.577889442E0,1.025395036E0,8.697634988E0
2.148283662E1,-9.596081972E-1,-8.492488861E0,1.608911514E0,8.696655174E0
2.149283662E1,-9.087302685E-1,-8.404947281E0,1.589436531E0,8.602048476E0
2.150283871E1,-8.594944477E-1,-8.314734459E0,2.243614197E0,8.654902916E0
2.151283563E1,-8.100801110E-1,-8.221811295E0,2.267655134E0,8.567185685E0
2.152285902E1,-9.596620798E-1,-8.325237274E0,3.136477232E0,8.948073335E0
2.153283772E1,-9.090641737E-1,-8.223878860E0,3.094389200E0,8.833675662E0
2.154284058E1,-8.567833900E-1,-8.107664108E0,3.013048887E0,8.691763841E0
2.155284865E1,-8.037156463E-1,-7.984613419E0,3.479092598E0,8.746661968E0
2.156283897E1,-7.501391768E-1,-7.841011047E0,3.338902950E0,8.555257795E0
2.157284027E1,-8.949475288E-1,-7.886122704E0,3.213838100E0,8.562745921E0
2.158284131E1,-8.338606358E-1,-7.699869156E0,3.006190062E0,8.307856960E0
2.159283975E1,-7.709566355E-1,-7.498097897E0,2.705158234E0,8.008353593E0
2.160284027E1,-6.648166180E-1,-7.228260040E0,2.354706764E0,7.631144625E0
2.161283688E1,-7.992143631E-1,-7.184726715E0,3.413094521E0,7.994263930E0
2.162284339E1,-7.318896651E-1,-4.520020485E0,4.804499149E0,6.636976702E0
2.163284001E1,-6.613641381E-1,-1.859161377E0,7.038661957E0,7.310037325E0
2.164285980E1,1.607789755E0,3.264188766E-1,7.777487755E0,7.948638434E0
2.165283871E1,2.570460320E0,1.492044449E0,7.574436665E0,8.136679524E0
2.166282522E1,2.709897757E0,1.636847496E0,7.423851490E0,8.070711649E0
2.167284756E1,3.401775360E0,1.104824066E0,8.305951118E0,9.043314426E0
2.168284808E1,3.561970472E0,1.218517780E0,8.159448624E0,8.986045908E0
2.169283548E1,4.418210983E0,1.806416512E-1,7.827590942E0,8.990239133E0
2.170285412E1,4.352058411E0,-1.268914461E0,6.080558300E0,7.584441018E0
2.171283699E1,4.101952076E0,-2.869689941E0,4.624050617E0,6.814908312E0
2.172282475E1,2.678470135E0,-4.770880222E0,4.367813587E0,7.000949642E0
2.173283699E1,2.425121784E0,-4.576027393E0,4.254344463E0,6.702289846E0
2.174286704E1,1.525976419E0,-2.701954842E0,4.220147133E0,5.238206355E0
2.175284756E1,1.413283467E0,-9.770126343E-1,4.141605854E0,4.483840195E0
2.176284574E1,1.245573878E0,6.936945915E-1,4.067728043E0,4.310345450E0
2.177284626E1,2.611541748E-1,1.973173141E0,3.956647396E0,4.429071276E0
2.178284678E1,-1.109813333E0,2.195500374E0,2.226828575E0,3.318233420E0
2.179284964E1,-1.114482641E0,2.223491669E0,2.222832203E0,3.335711283E0
2.180285042E1,-1.282342434E0,2.232084274E0,2.117269993E0,3.333081839E0
2.181285121E1,-1.247411370E0,2.216052771E0,1.030488014E0,2.743871454E0
2.182285016E1,-1.205871582E0,2.134555340E0,-3.026146889E-1,2.470228415E0
2.183284652E1,-1.129433036E0,1.389945507E0,-1.659152031E0,2.441383410E0
2.184284652E1,-1.053197861E0,1.306528091E0,-2.822234631E0,3.283481338E0
2.185284730E1,-1.143293381E0,1.218996525E0,-3.767663956E0,4.121694308E0
2.186284964E1,7.555568218E-2,1.145504475E0,-4.527039051E0,4.670328868E0
2.187283334E1,1.570454836E-1,1.113205910E0,-4.614579201E0,4.749550703E0
2.188284959E1,1.983458400E-1,1.096118450E0,-4.669755936E0,4.800774649E0
2.189283589E1,1.792666316E-1,1.081826687E0,-4.649307728E0,4.776876370E0
2.190283720E1,-8.876394033E-1,1.107520103E0,-4.552724361E0,4.768836714E0
2.191286423E1,-8.144290447E-1,1.134964466E0,-4.394065857E0,4.610775831E0
2.192283844E1,-7.441704273E-1,1.720168114E0,-3.647770643E0,4.101097247E0
2.193284001E1,-6.763283014E-1,1.703976154E0,-3.585232258E0,4.026766078E0
2.194284053E1,-6.094018817E-1,1.729970932E0,-3.596872807E0,4.037531927E0
2.195284235E1,-7.427046299E-1,2.473775864E0,-4.304679871E0,5.020104180E0
2.196284001E1,-6.391721964E-1,3.419573784E0,-5.899235725E0,6.848577086E0
2.197283688E1,5.138558745E-1,3.466732502E0,-7.071488857E0,7.892289703E0
2.198283845E1,1.400095344E0,4.898974419E0,-6.942194939E0,8.611288399E0
2.199283792E1,2.262449026E0,4.699963570E0,-8.164463043E0,9.688487495E0
2.200283714E1,3.074255466E0,5.923264980E0,-8.177947998E0,1.055532795E1
2.201283636E1,3.761026621E0,5.927254677E0,-8.884525299E0,1.132309406E1
2.202283792E1,3.896767378E0,6.540976524E0,-8.803060532E0,1.163885925E1
2.203283871E1,4.537686825E0,6.381742954E0,-8.646977425E0,1.166565315E1
2.204283897E1,4.488443375E0,6.147399426E0,-8.382856369E0,1.132293798E1
2.205293808E1,4.351054668E0,5.878620148E0,-8.053771019E0,1.087902014E1
2.206283261E1,4.113013744E0,5.499872684E0,-7.034754276E0,9.831238444E0
2.207302266E1,3.046463490E0,4.227157116E0,-6.631176949E0,8.433404105E0
2.208284183E1,2.757675648E0,3.018199921E0,-4.974454880E0,6.438905737E0
2.209283485E1,1.476287127E0,2.757713318E0,-4.851694584E0,5.772637764E0
2.210283850E1,1.210821748E0,2.616547108E0,-4.535366535E0,5.374193677E0
2.211284027E1,2.781033516E-2,1.174042225E0,-4.226926804E0,4.387033025E0
2.212284001E1,-1.868826151E-1,9.831948280E-1,-3.927482843E0,4.052988856E0
2.213283923E1,-1.532390475E0,8.472852707E-1,-3.682093620E0,4.077244943E0
2.214284470E1,-1.725001335E0,8.435726166E-1,-3.621455431E0,4.099046695E0
2.215283740E1,-1.707925558E0,8.997554779E-1,-3.414139986E0,3.922106765E0
2.216284105E1,-1.682933211E0,2.101636410E0,-3.214324951E0,4.192973251E0
2.217284444E1,-1.614464402E0,2.053171158E0,-3.025732040E0,3.997131658E0
2.218283923E1,-1.741224408E0,1.909684181E0,-3.043055773E0,3.992360774E0
2.219284235E1,-1.619925499E0,1.862690926E0,-2.869697809E0,3.785358850E0
2.220283376E1,-1.501672626E0,1.821326256E0,-2.701435328E0,3.587478618E0
2.221283584E1,-1.384936810E0,1.784863472E0,-2.538230658E0,3.397999772E0
2.222283532E1,-1.271247029E0,1.753161430E0,-2.379948616E0,3.217732031E0
2.223290876E1,-1.359868169E0,4.113330841E-1,-2.427241564E0,2.812461191E0
2.224283490E1,-1.249821424E0,2.271614075E-1,-2.278117895E0,2.608347569E0
2.225285589E1,-1.142785072E0,-7.046217918E-1,-2.133645058E0,2.520890879E0
2.226283537E1,-1.038691640E0,-8.323249817E-1,-1.993736506E0,2.397213059E0
2.227283365E1,-9.389770627E-1,-9.391398430E-1,-1.859647751E0,2.285158928E0
2.228283819E1,2.977660894E-1,-1.023206711E0,-1.929360151E0,2.204097822E0
2.229284105E1,3.728855252E-1,-1.053336143E0,-1.801817417E0,2.120166656E0
2.230284157E1,4.315446019E-1,-1.018759727E0,-1.687860727E0,2.018161530E0
2.231284287E1,4.554200768E-1,-8.988595009E-1,-1.584525824E0,1.877785380E0
2.232283871E1,3.631786108E-1,2.590398788E-1,-1.644026160E0,1.703473621E0
2.233284287E1,-8.486883640E-1,1.416018486E0,-1.544040084E0,2.260407059E0
2.234283871E1,-8.154224157E-1,1.423397064E0,-1.444247246E0,2.185594433E0
2.235283766E1,-7.819719315E-1,1.431401253E0,-1.346221328E0,2.114876240E0
2.236283662E1,-7.484202385E-1,3.044822693E0,-1.249824762E0,3.375372575E0
2.237283740E1,-9.092736840E-1,3.065658569E0,-1.350015402E0,3.470962789E0
2.238283714E1,-8.692834377E-1,3.023360252E0,-2.884336472E0,4.267992244E0
2.239283610E1,-8.232284188E-1,2.910266876E0,-3.486621618E0,4.615613570E0
2.240283688E1,-7.341228127E-1,1.352407455E0,-3.567812681E0,3.885515353E0
2.241287485E1,-6.458096504E-1,1.358105659E0,-4.417693615E0,4.666640972E0
2.242284225E1,-7.594496608E-1,1.265048981E0,-4.411743164E0,4.651944804E0
2.243285756E1,-6.754030585E-1,1.272907257E0,-4.350547791E0,4.582982463E0
2.244284121E1,-5.918954015E-1,1.281651497E0,-4.228201866E0,4.457652044E0
2.245283433E1,-5.109458566E-1,1.285996437E0,-3.971169710E0,4.205358650E0
2.246284261E1,-4.333518147E-1,1.291184425E0,-2.784411907E0,3.099661382E0
2.247283740E1,-5.569983721E-1,1.199119568E0,-2.527129173E0,2.852107428E0
2.248283923E1,-4.807649255E-1,1.209169388E0,-1.598264217E0,2.060988605E0
2.249284365E1,-4.062960744E-1,1.221136093E0,-1.423165321E0,1.918762463E0
2.250283792E1,-2.935753465E-1,1.254719734E0,-1.260968924E0,1.802928374E0
2.251283610E1,-4.232804179E-1,1.170050621E0,-1.170045972E0,1.707979023E0
2.252283949E1,-3.544804752E-1,1.186561584E0,-1.092414737E0,1.651349375E0
2.253283975E1,-2.856889367E-1,1.203378677E0,-1.043301582E0,1.618090418E0
2.254285147E1,-2.182914615E-1,1.220523834E0,-9.786804318E-1,1.579602792E0
2.255285042E1,-1.521326452E-1,2.621356010E0,-8.896436095E-1,2.772384791E0
2.256283714E1,-2.882699668E-1,2.689960480E0,-7.838174105E-1,2.816621503E0
2.257283766E1,-2.240958512E-1,2.778666496E0,-6.634290814E-1,2.865544380E0
2.258283923E1,-1.610883325E-1,3.437671661E0,3.866356015E-1,3.463094424E0
2.259285204E1,-9.922785312E-2,3.478905678E0,4.631098211E-1,3.510997236E0
2.260285688E1,-3.829497844E-2,3.518975258E0,5.370819569E-1,3.559931235E0
2.261291204E1,-1.754081994E-1,3.538311005E0,4.076281786E-1,3.566030501E0
2.262283433E1,-1.675896049E0,3.539504051E0,4.737425148E-1,3.944762156E0
2.263282407E1,-1.738357902E0,3.505213737E0,5.351561308E-1,3.949025655E0
2.264284339E1,-1.780114174E0,3.457548141E0,5.605081916E-1,3.929073053E0
2.265283766E1,-1.775136113E0,3.424563408E0,2.094180822E0,4.389115637E0
2.266283746E1,-1.703798056E0,3.414224625E0,2.232256413E0,4.420726896E0
2.267283844E1,-1.546628118E0,3.433526993E0,3.571795464E0,5.190268681E0
2.268283740E1,1.148887351E-1,4.712303162E0,3.717874527E0,6.003464958E0
2.269283975E1,1.720469594E-1,5.408583641E0,3.759179354E0,6.588915432E0
2.270283975E1,1.501425266E0,5.539663315E0,3.695388317E0,6.826275872E0
2.271283923E1,1.608121395E0,6.358026505E0,3.574475050E0,7.469098161E0
2.272283584E1,1.721407056E0,6.388861656E0,3.347685337E0,7.415375421E0
2.273283610E1,2.351783991E0,6.390532494E0,2.442389488E0,7.234297471E0
2.274284313E1,2.372891426E0,6.356996536E0,1.574085474E0,6.965612949E0
2.275283688E1,2.405141830E0,6.204533577E0,1.433707356E0,6.807089019E0
2.276286214E1,2.424204350E0,5.032688141E0,1.364586592E0,5.750375050E0
2.277284407E1,2.498546124E0,4.276508331E0,1.327875257E0,5.127817171E0
2.278282647E1,3.271229029E0,3.563288689E0,1.329513073E0,5.016529742E0
2.279283251E1,3.267244339E0,2.755228043E0,1.350685596E0,4.482244830E0
2.280283563E1,3.243928432E0,9.083395004E-1,1.384348869E0,3.642056303E0
2.281284027E1,3.188567638E0,9.285335541E-1,1.438425541E0,3.619144399E0
2.282283897E1,3.085205555E0,-1.430454254E-1,2.103535891E0,3.736819310E0
2.283283923E1,2.913028479E0,-1.109732628E0,2.119853973E0,3.769750959E0
2.284283871E1,1.891133308E0,-2.019178391E0,2.115825891E0,3.482841622E0
2.285283949E1,-4.260660112E-1,-3.636434078E0,2.056143522E0,4.199156015E0
2.286284053E1,-4.376927316E-1,-3.778268337E0,2.017709732E0,4.305582320E0
2.287283740E1,-4.476430714E-1,-4.736814976E0,2.004450798E0,5.162908428E0
2.288283975E1,-4.591720700E-1,-4.819656372E0,2.008818865E0,5.241686729E0
2.289283688E1,-6.720229983E-1,-5.468313694E0,1.994705677E0,5.859430032E0
2.290285147E1,-6.800760031E-1,-5.544286251E0,1.963045120E0,5.920739780E0
2.291284600E1,-6.851769090E-1,-6.230685234E0,1.933841825E0,6.559775155E0
2.292284548E1,-6.289876699E-1,-6.343530178E0,1.931706548E0,6.660892643E0
2.293285303E1,-5.723960400E-1,-7.367031574E0,1.975470901E0,7.648743473E0
2.294286522E1,-1.641241193E0,-7.493566513E0,2.603827477E0,8.101057293E0
2.295284589E1,-1.656624079E0,-8.628913879E0,2.554888010E0,9.150410418E0
2.296284266E1,-1.673818588E0,-8.556346893E0,2.488554955E0,9.066732961E0
2.297285173E1,-1.662633419E0,-8.482850075E0,2.413764238E0,8.974929140E0
2.298283225E1,-1.599181414E0,-8.407091141E0,2.315383434E0,8.865526667E0
2.299283792E1,-6.449936628E-1,-8.528901100E0,2.207005501E0,8.833405011E0
2.300284313E1,-5.954411626E-1,-8.441945076E0,2.073999882E0,8.713349663E0
2.301284756E1,-5.458806753E-1,-8.351878166E0,1.931436539E0,8.589662491E0
2.302284886E1,-4.995876253E-1,-8.256059647E0,1.776310444E0,8.459751029E0
2.303285251E1,-6.140654087E-1,-8.315946579E0,1.660841227E0,8.502378338E0
2.304285042E1,-5.664439797E-1,-8.211782455E0,1.566689491E0,8.379065929E0
2.305284678E1,-5.183060765E-1,-8.103390694E0,1.529552937E0,8.262754632E0
2.306284990E1,-4.698015153E-1,-7.990164757E0,2.399593353E0,8.355925716E0
2.307285042E1,-4.207291603E-1,-7.871955872E0,2.343962908E0,8.224285038E0
2.308284704E1,-5.724597573E-1,-8.867382050E0,3.007484198E0,9.380998656E0
2.309284860E1,-5.238217115E-1,-7.816371441E0,2.912661791E0,8.357849627E0
2.310284678E1,-4.745805860E-1,-7.680101395E0,2.812121153E0,8.192509356E0
2.311284652E1,-4.246500432E-1,-7.535374165E0,2.718369484E0,8.021952637E0
2.312283506E1,-3.721280694E-1,-7.360512257E0,3.105647564E0,7.997541295E0
2.313285600E1,-5.203768611E-1,-7.374532700E0,2.870687962E0,7.930660375E0
2.314283813E1,-4.638632238E-1,-7.158119202E0,2.596885681E0,7.628738745E0
2.315283522E1,-4.065986872E-1,-6.930427551E0,2.440276623E0,7.358742999E0
2.316283761E1,-3.484601080E-1,-4.422586441E0,3.671504021E0,5.758527333E0
2.317283844E1,-2.921022177E-1,-2.474262714E0,4.625336647E0,5.253669078E0
2.318284339E1,7.537491918E-1,-5.566577911E-1,5.455928326E0,5.535807045E0
2.319283766E1,1.827845812E0,4.729862213E-1,5.962535381E0,6.254323661E0
2.320284183E1,1.948578119E0,6.421961784E-1,6.430839062E0,6.750189898E0
2.321283949E1,2.045777321E0,-1.884484291E-1,7.230713367E0,7.516909834E0
2.322283714E1,2.075001478E0,-1.012352943E0,6.986382484E0,7.357990883E0
2.323283949E1,2.055529118E0,-1.919536591E0,5.643964291E0,6.305882459E0
2.324283975E1,1.952409506E0,-3.156410456E0,4.641763687E0,5.943130486E0
2.325283662E1,1.801919818E0,-4.924183369E0,4.400572300E0,6.845402358E0
2.326283662E1,1.639908314E0,-4.722537041E0,4.205499649E0,6.532831138E0
2.327283688E1,9.429484010E-1,-4.734237671E0,4.059635162E0,6.307360435E0
2.328283636E1,8.432941437E-1,-1.956124783E0,3.965888500E0,4.501759742E0
2.329283662E1,7.697033882E-1,-6.086237431E-1,3.931835175E0,4.052430629E0
2.330296329E1,6.974572539E-1,5.258889198E-1,3.955644131E0,4.050941405E0
2.331283678E1,5.919775367E-1,1.372051716E0,3.969264507E0,4.241229072E0
2.332301647E1,4.348356128E-1,1.508593082E0,3.944598198E0,4.245561216E0
2.333284985E1,-8.945759535E-1,1.558927059E0,3.905776978E0,4.299489913E0
2.334284027E1,-8.536671400E-1,1.586497068E0,3.857382774E0,4.257360967E0
2.335284079E1,-8.107455373E-1,1.604798079E0,3.753735065E0,4.162116306E0
2.336284079E1,-7.650451064E-1,1.595772743E0,3.574483871E0,3.988573631E0
2.337283766E1,-9.167987108E-1,1.562565327E0,2.147624969E0,2.809701636E0
2.338283714E1,-8.622875214E-1,1.528137922E0,2.152136803E0,2.776767563E0
2.339284001E1,-7.240194082E-1,1.601681232E0,-8.984565735E-2,1.760016794E0
2.340283532E1,-6.282479763E-1,1.741726637E0,-8.340511322E-1,2.030750720E0
2.341284313E1,-7.356742024E-1,2.512475014E0,-1.560654163E0,3.047849840E0
2.342283897E1,-6.467069387E-1,2.554121494E0,-2.257280827E0,3.469449986E0
2.343283923E1,-5.637446046E-1,2.543320179E0,-2.378595352E0,3.527605613E0
2.344284079E1,7.252542377E-1,2.507451057E0,-3.041270256E0,4.007821015E0
2.345283766E1,7.910803556E-1,2.428360701E0,-3.034387589E0,3.966138154E0
2.346283714E1,8.719123006E-1,2.315119743E0,-3.024829388E0,3.907633979E0
2.347283923E1,9.337921143E-1,2.156705856E0,-3.026759624E0,3.832051890E0
2.348292157E1,9.636093974E-1,1.971064568E0,-3.017380238E0,3.730713350E0
2.349283584E1,9.639561772E-1,1.251314163E0,-3.026542664E0,3.413936019E0
2.350284428E1,9.030457139E-1,1.152746677E0,-3.078747749E0,3.409252729E0
2.351283563E1,8.442491293E-1,1.076856136E0,-3.893056154E0,4.126531467E0
2.352283897E1,8.042838573E-1,1.040572643E0,-3.954967022E0,4.167904521E0
2.353283897E1,7.713263631E-1,1.073593616E0,-4.902183056E0,5.077297148E0
2.354284912E1,7.347950935E-1,1.989757061E0,-4.985134125E0,5.417621178E0
2.355283766E1,7.148575187E-1,2.597035408E0,-5.890985489E0,6.477601733E0
2.356284001E1,7.477329373E-1,3.324720860E0,-5.951153278E0,6.857776512E0
2.357283584E1,1.660726428E0,4.917026997E0,-6.876935005E0,8.615532591E0
2.358283714E1,1.744253397E0,4.829195023E0,-6.748411179E0,8.479657889E0
2.359284001E1,2.502472401E0,4.715378761E0,-6.597511768E0,8.486714707E0
2.360283688E1,2.579380751E0,4.486152172E0,-6.629825592E0,8.410312346E0
2.361283792E1,3.193190575E0,4.324117661E0,-6.429131508E0,8.380226222E0
2.362283558E1,3.211922407E0,4.130212307E0,-6.191175938E0,8.105908878E0
2.363283897E1,3.170489788E0,3.932542801E0,-5.931493759E0,7.790989449E0
2.364283584E1,3.090305805E0,3.748333931E0,-5.669635773E0,7.466241827E0
2.365283871E1,2.929492712E0,3.480868340E0,-5.604748726E0,7.218835102E0
2.366324126E1,2.704252481E0,3.328001022E0,-5.341062069E0,6.849490223E0
2.367284074E1,1.620840788E0,3.190502167E0,-5.077308178E0,6.211721764E0
2.368284902E1,1.389927030E0,3.066478729E0,-4.817262650E0,5.877176906E0
2.369283694E1,3.526968956E-1,2.955640793E0,-4.562637329E0,5.447739622E0
2.370284287E1,1.386867762E-1,2.756971836E0,-4.513142586E0,5.290423776E0
2.371283662E1,-1.620077372E0,2.668903351E0,-4.268883705E0,5.288767708E0
2.372283871E1,-1.651145577E0,2.591085434E0,-4.031302929E0,5.068669327E0
2.373284105E1,-1.677400589E0,2.522640228E0,-3.800539970E0,4.860194494E0
2.374284417E1,-1.655997753E0,2.455030918E0,-3.581937790E0,4.647556745E0
2.375283923E1,-1.755705118E0,2.308435917E0,-4.517383575E0,5.368252156E0
2.376284027E1,-1.690911889E0,2.247829437E0,-4.341505051E0,5.173063531E0
2.377284417E1,-1.566320419E0,2.182565212E0,-3.132063389E0,4.126350886E0
2.378284053E1,-1.443115950E0,2.124826908E0,-2.945765495E0,3.908325394E0
2.379283871E1,-1.522364497E0,5.058617592E-1,-2.965362549E0,3.371478137E0
2.380283636E1,-1.404936552E0,2.788014412E-1,-2.789276123E0,3.135544331E0
2.381283766E1,-1.289197326E0,-9.006314278E-1,-2.617214680E0,3.053355432E0
2.382283636E1,-1.176592946E0,-1.074912548E0,-2.451918125E0,2.924330768E0
2.383283636E1,-1.067076564E0,-1.831009865E0,-2.291914940E0,3.121557882E0
2.384285589E1,-1.161855340E0,-1.893196583E0,-2.338057756E0,3.224998481E0
2.385285376E1,-1.058165908E0,-1.914340496E0,-2.187985659E0,3.093815745E0
2.386283615E1,-9.653844237E-1,-1.859989166E0,-2.057809114E0,2.937023176E0
2.387283563E1,-8.749436736E-1,-1.160725594E0,-1.932661414E0,2.418261871E0
2.388283407E1,-7.933909297E-1,-1.028656006E0,-1.821531892E0,2.237315530E0
2.389283740E1,-9.123292565E-1,5.435085297E-2,-1.911825299E0,2.119050415E0
2.390283662E1,-8.308343887E-1,1.624688148E0,-1.802394509E0,2.564863218E0
2.391283897E1,-7.503225207E-1,1.623561859E0,-2.712731838E0,3.249284694E0
2.392283897E1,-6.706348658E-1,1.623637199E0,-3.311704636E0,3.748777997E0
2.393284183E1,-7.533119917E-1,2.699252129E0,-3.439575195E0,4.436678773E0
2.394284053E1,-6.716817021E-1,2.774936676E0,-4.224029541E0,5.098416953E0
2.395283792E1,-5.829144120E-1,2.836571693E0,-4.240976810E0,5.135349306E0
2.396284131E1,-4.963309467E-1,2.884403229E0,-4.927615166E0,5.731275392E0
2.397283584E1,-4.124071002E-1,2.914853096E0,-4.881811142E0,5.700748040E0
2.398283740E1,-5.317882895E-1,2.966910362E0,-4.771224499E0,5.643575028E0
2.399283662E1,-4.475732148E-1,3.035433769E0,-4.575796127E0,5.509273105E0
2.400283584E1,-3.654569983E-1,3.665470123E0,-4.306566238E0,5.667075331E0
2.401283740E1,-2.856295407E-1,3.657248497E0,-3.139378071E0,4.828327399E0
2.402283610E1,-2.079249471E-1,3.655875206E0,-2.830355644E0,4.628128064E0
2.403283042E1,-3.333525062E-1,3.660457611E0,-1.626058102E0,4.019221164E0
2.404284126E1,-2.591096163E-1,3.670022964E0,-1.361120343E0,3.922863105E0
2.405284475E1,-1.866510510E-1,3.688794136E0,-1.708464697E-2,3.693552853E0
2.406284157E1,-1.146890298E-1,3.700770378E0,1.406752765E-1,3.705218549E0
2.407283975E1,-4.636992514E-2,3.691933632E0,2.836320400E-1,3.703102921E0
2.408284027E1,-1.794658750E-1,3.669498444E0,2.146621794E-1,3.680150361E0
2.409283818E1,-1.129427403E-1,3.638269424E0,2.968355119E-1,3.652105117E0
2.410283949E1,-8.391469717E-3,3.516601562E0,3.754213452E-1,3.536594146E0
2.411283975E1,5.448973179E-2,3.457181931E0,4.125348330E-1,3.482134549E0
2.412284027E1,-8.477877825E-2,3.404217720E0,2.484038025E-1,3.414321335E0
2.413284600E1,-2.537431195E-2,3.347172737E0,2.843484581E-1,3.359324818E0
2.414285121E1,3.418681026E-2,3.320843697E0,3.203305304E-1,3.336432712E0
2.415288220E1,9.256350994E-2,3.345795631E0,3.562932611E-1,3.365985933E0
2.416284678E1,1.498171538E-1,3.435071945E0,3.921759725E-1,3.460630931E0
2.417284496E1,5.242377520E-3,4.247892380E0,2.270104140E-1,4.253957085E0
2.418284574E1,6.122318655E-2,4.381568909E0,2.630793750E-1,4.389886688E0
2.419289339E1,1.162072346E-1,5.424655914E0,2.992218733E-1,5.434144794E0
2.420283433E1,1.702485383E-1,5.557366371E0,3.354372680E-1,5.570082918E0
2.421282600E1,2.234137803E-1,6.489751816E0,3.716996908E-1,6.504225781E0
2.422285272E1,7.626160979E-2,6.571375847E0,2.084890157E-1,6.575124639E0
2.423283641E1,1.290808618E-1,6.630816460E0,2.451825142E-1,6.636603292E0
2.424283949E1,1.215158224E0,6.670869827E0,2.819229662E-1,6.786500889E0
2.425287542E1,1.979735136E0,6.708678246E0,3.186441958E-1,7.001946096E0
2.426284756E1,2.832886934E0,6.744467735E0,3.552474380E-1,7.323885182E0
2.427284912E1,3.631842852E0,6.763813019E0,1.591109395E0,7.840349365E0
2.428284938E1,3.857167482E0,6.711986542E0,2.610001802E0,8.169492869E0
2.429285042E1,3.862003088E0,6.569176674E0,2.759829521E0,8.104678218E0
2.430285381E1,3.776462317E0,5.366127968E0,3.949357033E0,7.658617236E0
2.431285173E1,3.578830957E0,4.350823402E0,4.050331593E0,6.938507138E0
2.432284990E1,2.509123802E0,3.173043251E0,4.048282623E0,5.722979812E0
2.433284808E1,1.702264309E0,9.992523193E-1,3.972104788E0,4.435518619E0
2.434284860E1,1.476370096E0,1.017671585E0,3.808690786E0,4.209685217E0
2.435286553E1,-2.298084348E-1,-9.547872543E-1,3.040025949E0,3.194712568E0
2.436283532E1,-4.587879777E-1,-2.468450069E0,2.856017113E0,3.802705077E0
2.437284621E1,-4.871382117E-1,-3.922494411E0,1.967357755E0,4.415174128E0
2.438284527E1,-5.148534179E-1,-5.227108479E0,1.796219110E0,5.551048566E0
2.439284397E1,-5.188637376E-1,-6.397887230E0,1.624893427E0,6.621363850E0
2.440282475E1,-5.087413192E-1,-7.441748142E0,1.482540131E0,7.605021919E0
2.441283615E1,-6.941373944E-1,-8.767777443E0,1.367316723E0,8.900859679E0
2.442284313E1,-6.397358179E-1,-8.703993797E0,1.281105280E0,8.820997714E0
2.443283844E1,-5.904387832E-1,-8.639600754E0,1.203411818E0,8.742969698E0
2.444283949E1,-2.155219793E0,-8.576060295E0,1.149788380E0,8.917162994E0
2.445286553E1,-2.233605385E0,-8.512140274E0,1.082515240E0,8.866643350E0
2.446283766E1,-3.133330345E0,-8.607243538E0,8.884248734E-1,9.202809306E0
2.447283766E1,-3.175782919E0,-8.541719437E0,-6.759874821E-1,9.138026437E0
2.448284027E1,-3.204027891E0,-8.476033211E0,-6.783033609E-1,9.086750198E0
2.449283844E1,-3.220620871E0,-9.528702736E0,-6.821150184E-1,1.008136179E1
2.450283740E1,-3.150316715E0,-9.577433586E0,-8.884476423E-1,1.012131754E1
2.451283662E1,-3.040693998E0,-9.616336823E0,-8.959475160E-1,1.012533831E1
2.452283636E1,-2.908861399E0,-9.617280960E0,8.676952720E-1,1.008496221E1
2.453283871E1,-2.114478827E0,-9.595406532E0,9.505608678E-1,9.871494983E0
2.454284912E1,-1.901244879E0,-9.547057152E0,1.864571571E0,9.911491285E0
2.455285548E1,-2.626888454E-1,-9.494695663E0,1.938713551E0,9.694166359E0
2.456286157E1,-1.283044815E-1,-9.432371140E0,2.825872898E0,9.847418189E0
2.457283876E1,1.369176153E-2,-9.336887360E0,2.833626270E0,9.757412099E0
2.458282068E1,1.649181545E-1,-8.179687500E0,2.840648890E0,8.660471795E0
2.459283641E1,1.553166986E0,-8.099070549E0,3.521745682E0,8.967160314E0
2.460285068E1,1.769409895E0,-8.204394341E0,3.443806410E0,9.072083579E0
2.461283923E1,2.660216331E0,-8.105373383E0,4.001736164E0,9.422723647E0
2.462284079E1,2.751943827E0,-7.986658096E0,3.870023727E0,9.291769800E0
2.463284027E1,2.825092554E0,-7.860536098E0,4.616106033E0,9.543459048E0
2.464284261E1,2.794110298E0,-5.693220615E0,9.823381424E0,1.169267446E1
2.465286006E1,4.422534943E0,-2.079594612E0,1.213003159E1,1.307750723E1
2.466282678E1,5.744563103E0,9.831547737E-1,1.180697155E1,1.316704886E1
2.467283636E1,5.683695793E0,2.413657665E0,1.042849922E1,1.211956011E1
2.468283844E1,5.370296478E0,2.628094673E0,9.972332954E0,1.162731226E1
2.469283636E1,3.918573618E0,1.494479179E-1,9.581615448E0,1.035301446E1
2.470283584E1,3.693269730E0,-5.251207352E-1,9.750640869E0,1.043987502E1
2.471283923E1,3.473649502E0,-1.141207695E0,8.387231827E0,9.149549365E0
2.472283558E1,2.460950851E0,-3.122479200E0,5.833583832E0,7.059522347E0
2.473283584E1,5.787609816E-1,-5.605091572E0,3.877817154E0,6.840283743E0
2.474285282E1,-1.511241078E0,-7.396319389E0,3.609075069E0,8.367485462E0
2.475290980E1,-2.673444271E0,-7.294559956E0,6.138618946E0,9.901542899E0
2.476284298E1,-2.768261909E0,-5.029871941E0,7.050827980E0,9.092692722E0
2.477285152E1,-2.726840973E0,-2.684221506E0,6.982985973E0,7.962587512E0
2.478284131E1,-2.757204533E0,-4.911556244E-1,6.854173660E0,7.404262775E0
2.479283844E1,-1.846093297E0,7.355265617E-1,6.616669178E0,6.908644642E0
2.480284053E1,-1.760361791E0,8.792939186E-1,5.169936657E0,5.531751663E0
2.481284131E1,-1.606075406E0,8.541250229E-1,4.224963188E0,4.599926272E0
2.482283845E1,-2.558906317E0,1.261844635E-1,2.764715195E0,3.769293590E0
2.483283844E1,-2.412942410E0,1.497545242E-1,1.219079494E0,2.707558366E0
2.484283766E1,-1.366611242E0,1.934885979E-1,-3.238010406E-2,1.380620366E0
2.485283688E1,-1.252426744E0,2.647781372E-1,-9.879393578E-1,1.617004757E0
2.486283766E1,-1.142897606E0,3.945794106E-1,-1.154924393E0,1.672052093E0
2.487283792E1,-1.037511230E0,1.110322237E0,-1.870673656E0,2.410117207E0
2.488283792E1,-1.142413259E0,1.278611660E0,-1.958888054E0,2.603305253E0
2.489283766E1,-1.050246239E0,2.241399527E0,-2.050478458E0,3.214241887E0
2.490283610E1,-9.648259282E-1,2.301720142E0,-2.119245052E0,3.274141762E0
2.491283464E1,-8.855795860E-1,2.339361191E0,-2.187408924E0,3.322893285E0
2.492285772E1,-8.122478724E-1,2.359678268E0,-2.246289253E0,3.357624688E0
2.493283694E1,-9.398677945E-1,2.360620975E0,-2.900637150E0,3.856109274E0
2.494283204E1,-8.703441024E-1,2.326996803E0,-2.950109482E0,3.856884615E0
2.495283563E1,-8.001134396E-1,2.259379387E0,-3.016936302E0,3.853165112E0
2.496283589E1,-7.307741642E-1,2.178802967E0,-3.924740314E0,4.548054505E0
2.497283923E1,-6.638345718E-1,2.106770992E0,-4.020979404E0,4.587748437E0
2.498284027E1,-7.971498966E-1,2.056854248E0,-5.015477180E0,5.479152188E0
2.499283975E1,4.258400798E-1,2.060238361E0,-5.066022396E0,5.485481273E0
2.500283845E1,1.516685963E0,2.880807877E0,-6.787791252E0,7.528180419E0
2.501283871E1,1.666780591E0,3.926652431E0,-6.665678978E0,7.913787531E0
2.502283975E1,2.617477655E0,4.804100037E0,-6.730039597E0,8.673177008E0
2.503283766E1,2.744800329E0,4.701562881E0,-6.591237545E0,8.548861606E0
2.504283766E1,3.412669182E0,5.846658230E0,-6.431808472E0,9.337980703E0
2.505283845E1,3.440314293E0,6.378764629E0,-6.253799915E0,9.572586589E0
2.506283818E1,3.432433605E0,6.339158535E0,-6.055569172E0,9.414693271E0
2.507283636E1,3.390419006E0,6.940069675E0,-6.012293339E0,9.788114187E0
2.508283506E1,3.269399166E0,6.786325932E0,-5.742819309E0,9.472231214E0
2.509283444E1,3.072387218E0,6.624330521E0,-5.470889568E0,9.124250694E0
2.510285647E1,2.177465439E0,6.418232441E0,-5.170736790E0,8.524762891E0
2.511284214E1,1.914567828E0,6.176136494E0,-4.860738754E0,8.089314754E0
2.512284798E1,6.888017654E-1,5.903501511E0,-4.753567219E0,7.610662209E0
2.513283532E1,-8.258664608E-2,4.910084724E0,-4.455037594E0,6.630468499E0
2.514284339E1,-3.093650341E-1,4.620612144E0,-4.166185856E0,6.229194803E0
2.515284001E1,-1.577885985E0,2.636767387E0,-4.943840981E0,5.820981883E0
2.516283949E1,-1.598481059E0,2.549928665E0,-4.772861481E0,5.642471498E0
2.517283871E1,-1.787180662E0,2.370469570E0,-4.626099110E0,5.496720265E0
2.518284001E1,-1.686389923E0,2.313395500E0,-4.585520744E0,5.405803382E0
2.519284157E1,-1.601148963E0,2.241957188E0,-4.469336987E0,5.250240293E0
2.520283844E1,-1.512345314E0,2.179943562E0,-4.359908104E0,5.103737940E0
2.521284105E1,-1.598564506E0,2.019944668E0,-4.240966797E0,4.961993985E0
2.522283897E1,-1.485862136E0,1.966384411E0,-4.093566895E0,4.778257408E0
2.523283792E1,-1.374040961E0,1.918790340E0,-3.906971931E0,4.564446802E0
2.524283818E1,-1.263778210E0,1.876735687E0,-3.685980558E0,4.325011547E0
2.525283897E1,-1.156035781E0,1.840125084E0,-3.425829887E0,4.056943365E0
2.526283532E1,-1.249998093E0,1.708931923E0,-3.156869888E0,3.801153909E0
2.527285022E1,-1.144056439E0,1.682883263E0,-1.774441481E0,2.699926625E0
2.528284355E1,-1.040639520E0,1.661710739E0,-1.589179754E0,2.523827546E0
2.529284813E1,-9.390399456E-1,1.744222641E-1,-1.409940004E0,1.702982666E0
2.530284568E1,-8.392244577E-1,3.081035614E-2,-1.236746073E0,1.494920672E0
2.531283636E1,-9.415672421E-1,-7.822947502E-1,-1.268711567E0,1.762998295E0
2.532283923E1,-8.463287950E-1,-8.869633675E-1,-2.473411083E0,2.760568570E0
2.533283923E1,-7.534061074E-1,-1.002236366E0,-2.461343288E0,2.762301446E0
2.534284183E1,-6.618378758E-1,-1.651622772E0,-3.122364521E0,3.593751154E0
2.535284808E1,-5.727947354E-1,-1.702302933E0,-3.120770931E0,3.600713858E0
2.536284522E1,-6.514168382E-1,-1.717953682E0,-3.181810617E0,3.674183931E0
2.537284808E1,-5.733294487E-1,-1.644421577E0,-3.111622810E0,3.565813441E0
2.538284678E1,-4.971014559E-1,-9.098310471E-1,-3.044865847E0,3.216537022E0
2.539284834E1,-4.213553071E-1,-7.764320374E-1,-2.909871817E0,3.041009864E0
2.540284496E1,-5.457266569E-1,1.605148315E-1,-2.694431782E0,2.753823746E0
2.541284652E1,-4.703572690E-1,2.711496353E-1,-1.875915051E0,1.952899220E0
2.542284782E1,6.770206690E-1,1.483080864E0,-1.700794935E0,2.355968855E0
2.543284678E1,7.787029147E-1,1.498764038E0,-1.570726871E0,2.306481037E0
2.544284964E1,8.448555470E-1,1.515957832E0,-1.505253553E0,2.297323944E0
2.545287527E1,8.810470700E-1,1.434722900E0,-1.481517792E0,2.242669995E0
2.546284220E1,8.622994423E-1,1.454676628E0,-1.484609246E0,2.250268658E0
2.547284115E1,7.502181530E-1,1.474479675E0,-2.314081669E0,2.844625030E0
2.548284121E1,-1.875036061E-1,1.494731903E0,-2.356754065E0,2.797082549E0
2.549283485E1,-1.180209816E-1,1.515460968E0,-3.022673607E0,3.383357302E0
2.550284360E1,-1.230347872E0,1.436808586E0,-2.978143215E0,3.528103146E0
2.551284886E1,-2.042932987E0,1.458425522E0,-2.870308876E0,3.813037272E0
2.552284730E1,-2.072719336E0,1.480241776E0,-2.697717428E0,3.710115966E0
2.553284444E1,-2.130397797E0,2.562305450E0,-1.823570967E0,3.798606990E0
2.554285563E1,-2.219977856E0,4.031902313E0,-1.545295477E0,4.855149437E0
2.555283589E1,-2.187361240E0,4.170785904E0,-8.598681688E-1,4.787418670E0
2.556284678E1,-2.100710154E0,4.984920502E0,-7.854419947E-1,5.466199291E0
2.557283688E1,-1.988364935E0,5.013621330E0,-7.584403753E-1,5.446579271E0
2.558284027E1,-1.913787842E0,4.975398064E0,-7.869610786E-1,5.388550597E0
2.559283844E1,-1.872594476E0,4.321136475E0,-1.399342060E0,4.912940942E0
2.560283558E1,-1.831887007E0,3.383247375E0,-1.422837973E0,4.102028852E0
2.561283975E1,-1.799917936E0,1.487189293E0,-1.455092907E0,2.751132846E0
2.562284470E1,-1.775677204E0,1.516110420E0,-1.470809937E0,2.759511226E0
2.563286214E1,-1.734156728E0,3.469343185E-1,-1.447782159E0,2.285549421E0
2.564284407E1,-1.657412767E0,2.467651367E-1,-1.367237568E0,2.162694773E0
2.565284553E1,-1.556345701E0,1.852064133E-1,-1.230847001E0,1.992861685E0
2.566284709E1,-1.427337050E0,1.664791107E-1,-4.418907166E-1,1.503420685E0
2.567284496E1,-1.269645572E0,1.881513596E-1,-3.231090307E-1,1.323555914E0
2.568283662E1,-5.300222635E-1,2.445030212E-1,4.405076504E-1,7.312676099E-1
2.569284313E1,-3.990926743E-1,3.146181107E-1,5.944496393E-1,7.820677029E-1
2.570283897E1,-2.524703741E-1,3.933019638E-1,1.690248013E0,1.753672167E0
2.571283819E1,-1.433454752E-1,5.075149536E-1,1.747937083E0,1.825761047E0
2.572284886E1,-5.286157131E-2,1.644969940E0,1.840113759E0,2.468752538E0
2.573283792E1,-3.884088993E-2,1.564263344E0,1.667686343E0,2.286833217E0
2.574284287E1,-5.506682396E-2,1.582151413E0,1.690505266E0,2.316040480E0
2.575283558E1,-9.836280346E-2,1.592458725E0,1.678989172E0,2.316161625E0
2.576283766E1,-1.581044197E-1,1.602828026E0,1.666608930E0,2.317679877E0
2.577284235E1,-7.451839447E-1,1.612122536E0,1.650114179E0,2.424276177E0
2.578283714E1,-7.259571552E-1,1.521950722E0,1.434078217E0,2.213578126E0
2.579283714E1,-7.068659067E-1,1.532257080E0,1.419021010E0,2.204788379E0
2.580283714E1,-6.872937679E-1,1.543057442E0,1.404472589E0,2.196802733E0
2.581285720E1,-6.197468042E-1,1.554343224E0,1.391998053E0,2.176632155E0
2.582284782E1,-5.134721994E-1,1.566369057E0,1.381301880E0,2.150618656E0
2.583284344E1,1.841936111E-1,1.479298592E0,1.170383334E0,1.895270102E0
2.584282542E1,3.075350523E-1,1.492838860E0,1.162815690E0,1.917103544E0
2.585283381E1,1.555442929E0,1.506714821E0,1.157259464E0,2.455369977E0
2.586284261E1,1.610490084E0,1.520868301E0,1.153251171E0,2.497339978E0
2.587284391E1,1.664988637E0,1.535041809E0,1.148316741E0,2.539128168E0
2.588284209E1,1.519555092E0,1.449679375E0,9.442718625E-1,2.302665264E0
2.589283923E1,3.149522781E0,1.462799072E0,9.429471493E-1,3.598391891E0
2.590283818E1,3.266123772E0,1.488624573E0,9.814609885E-1,3.721133333E0
2.591283819E1,3.271734476E0,4.157266617E-1,9.814181328E-1,3.440967406E0
2.592284808E1,3.242115021E0,2.877063751E-1,7.812400460E-1,3.347300521E0
2.593283610E1,3.186816216E0,-6.209621429E-1,7.813367248E-1,3.339442865E0
2.594284287E1,3.074943066E0,-7.734336853E-1,7.825974822E-1,3.265874055E0
2.595283792E1,2.956207514E0,-1.589489937E0,7.853326797E-1,3.447084064E0
2.596283740E1,2.837150812E0,-1.658886433E0,7.895931005E-1,3.380057128E0
2.597284235E1,2.715457916E0,-1.699851990E0,5.936453938E-1,3.258162570E0
2.598283819E1,2.632553101E0,-1.695768833E0,6.020266414E-1,3.188793477E0
2.599285756E1,2.581686497E0,-1.633233070E0,6.117422581E-1,3.115571219E0
2.600284803E1,2.550159454E0,-1.524363518E0,6.237857342E-1,3.035804015E0
2.601284917E1,2.539255619E0,-6.801228523E-1,6.368388534E-1,2.704801271E0
2.602285220E1,2.531341314E0,-5.650019646E-1,4.513419867E-1,2.632608148E0
2.603283615E1,2.491520882E0,2.295684814E-1,1.597885489E0,2.968773489E0
2.604283871E1,2.439389467E0,3.218240738E-1,1.649858117E0,2.962469158E0
2.605283610E1,2.366948843E0,1.357827187E0,1.686050057E0,3.207632505E0
2.606283818E1,2.247581005E0,1.369846344E0,1.680886030E0,3.123055752E0
2.607284652E1,2.087910652E0,1.282619476E0,1.607205153E0,2.930459352E0
2.608284261E1,3.064009547E-1,2.748581886E0,3.301683664E-1,2.785245964E0
2.609283818E1,2.902058363E-1,2.888995171E0,3.080205321E-1,2.919826908E0
2.610283897E1,2.774479687E-1,3.850331306E0,2.869299054E-1,3.870963358E0
2.611283714E1,-9.935172200E-1,3.903225899E0,6.912077963E-2,4.028278362E0
2.612284313E1,-1.111324072E0,3.919258118E0,5.396431684E-2,4.074130279E0
2.613283610E1,-1.217727542E0,3.873742104E0,4.011177644E-2,4.060830852E0
2.614283923E1,-1.284980297E0,3.755077362E0,2.879082784E-2,3.968955690E0
2.615283558E1,-1.324109197E0,2.787026405E0,5.728495121E-2,3.086108053E0
2.616283871E1,-1.335419059E0,1.193839073E0,-1.131597161E-1,1.794826152E0
2.617286813E1,-1.293137312E0,1.211122513E0,-8.211649954E-2,1.773630449E0
2.618283818E1,-1.203726888E0,1.229199409E0,-4.961911961E-2,1.721148357E0
2.619284318E1,-1.128270268E0,1.247662544E0,-1.977024198E0,2.595819774E0
2.620282537E1,-1.060442448E0,1.266489029E0,-2.105610132E0,2.676214990E0
2.621283944E1,-1.004577398E0,1.185894966E0,-2.879969358E0,3.272574846E0
2.622284652E1,-9.403115511E-1,1.205565453E0,-2.942763567E0,3.316237519E0
2.623283845E1,-8.510463238E-1,1.225375175E0,-2.978259325E0,3.331043796E0
2.624283792E1,-7.292314172E-1,1.245334625E0,-2.984305859E0,3.314923566E0
2.625283818E1,-5.694191456E-1,1.265406609E0,-2.938823938E0,3.249950490E0
2.626283740E1,5.973466635E-1,1.205647469E0,-2.755134344E0,3.066133413E0
2.627284391E1,6.809523106E-1,1.226699829E0,-2.587065697E0,2.943025219E0
2.628283454E1,7.612843513E-1,1.248489380E0,-2.451932669E0,2.854864867E0
2.629283792E1,8.372269273E-1,1.270771027E0,-2.336081028E0,2.788024838E0
2.630283975E1,7.080574632E-1,1.193535805E0,-2.271642208E0,2.661997635E0
2.631283688E1,7.397152781E-1,1.213228226E0,-2.218824148E0,2.634821061E0
2.632284339E1,7.714597583E-1,1.233347893E0,-2.185756922E0,2.625610501E0
2.633283636E1,8.019251823E-1,1.253559113E0,-2.206562519E0,2.661468128E0
2.634284365E1,8.325576186E-1,1.274056435E0,-2.238378286E0,2.706789489E0
2.635285615E1,6.624580622E-1,1.194925308E0,-2.216285706E0,2.603578212E0
2.636283720E1,6.925666332E-1,1.215958595E0,-2.142869949E0,2.559315429E0
2.637284683E1,7.228963375E-1,1.237166405E0,-2.068406105E0,2.516239981E0
2.638282298E1,7.534542084E-1,1.258517265E0,-1.988279700E0,2.470792407E0
2.639283553E1,7.828158140E-1,1.279839516E0,-1.918322921E0,2.435313658E0
2.640284313E1,6.129486561E-1,1.201843262E0,-1.859140992E0,2.297071725E0
2.641284209E1,6.445571184E-1,1.223800659E0,-1.730878353E0,2.215644783E0
2.642284652E1,6.761277914E-1,1.245550156E0,-1.640509844E0,2.167906024E0
2.643283688E1,7.075064778E-1,1.266926765E0,-1.594165564E0,2.155697727E0
2.644283662E1,5.778409243E-1,1.208226204E0,-1.643571258E0,2.120150271E0
2.645283844E1,6.081936359E-1,1.229515076E0,-1.599549770E0,2.107170209E0
2.646284027E1,6.401230693E-1,1.250920296E0,-1.532605052E0,2.079287709E0
2.647284444E1,6.720957756E-1,1.272193909E0,-1.456338167E0,2.047220293E0
2.648283792E1,7.042040229E-1,1.293286324E0,-1.382171869E0,2.019626673E0
2.649283610E1,5.353479385E-1,1.214277267E0,-1.295619607E0,1.854641977E0
2.650283610E1,5.680001974E-1,1.235223770E0,-1.227202415E0,1.831509693E0
2.651283845E1,6.005550027E-1,1.255775452E0,-1.146757841E0,1.803522066E0
2.652284261E1,6.327749491E-1,1.275848389E0,-1.095574141E0,1.796796022E0
2.653286397E1,6.648138762E-1,1.295649529E0,-1.078830481E0,1.812335619E0
2.654283647E1,4.959571958E-1,1.215332985E0,-1.097242594E0,1.710832871E0
2.655287105E1,5.283330679E-1,1.234555244E0,-1.133344769E0,1.757194596E0
2.656284990E1,5.602676868E-1,1.253401756E0,-1.164484382E0,1.800261014E0
2.657284761E1,5.923340321E-1,1.272229195E0,-1.170111179E0,1.827180041E0
2.658283694E1,6.231176257E-1,1.290897369E0,-1.143984675E0,1.833955433E0
2.659284287E1,4.542683363E-1,1.209581375E0,-1.081194282E0,1.684763455E0
2.660284756E1,4.869799912E-1,1.228126526E0,-9.963823557E-1,1.654757406E0
2.661284964E1,5.194022655E-1,1.246228218E0,-9.130922556E-1,1.629908265E0
2.662284730E1,5.918322206E-1,1.284214020E0,-8.445894718E-1,1.647058712E0
2.663284808E1,4.229587317E-1,1.201972961E0,-8.289526701E-1,1.520130132E0
2.664284600E1,4.473721683E-1,1.202079773E0,-8.379545212E-1,1.532091844E0
2.665285173E1,4.724871814E-1,1.202094078E0,-8.925131559E-1,1.569985364E0
2.666282990E1,4.976345599E-1,1.202235222E0,-9.945490360E-1,1.637723258E0
2.667284730E1,5.223174095E-1,1.202280998E0,-1.792461276E0,2.220633356E0
2.668284548E1,3.488306403E-1,1.103853226E0,-1.792115331E0,2.133507000E0
2.669284626E1,3.769814968E-1,1.105603218E0,-1.729387879E0,2.086925002E0
2.670284391E1,4.049035609E-1,1.107243538E0,-1.599539757E0,1.987073874E0
2.671286761E1,4.329222441E-1,1.108962059E0,-8.389039040E-1,1.456357881E0
2.672284287E1,4.604418278E-1,1.110555649E0,-7.118747234E-1,1.397177923E0
2.673282636E1,2.895079851E-1,1.013717651E0,4.631948471E-2,1.055264822E0
2.674283548E1,3.195977807E-1,1.016983986E0,1.486643553E-1,1.076336499E0
2.675285042E1,3.489683568E-1,1.020135880E0,8.222659826E-1,1.355941545E0
2.676284266E1,3.775340319E-1,1.023211479E0,1.843675256E0,2.142109270E0
2.677285095E1,4.094936848E-1,1.040917397E0,1.881790757E0,2.189139228E0
2.678284417E1,2.416195720E-1,9.587345123E-1,1.719871759E0,1.983812176E0
2.679285537E1,2.749899626E-1,9.706773758E-1,1.728883147E0,2.001717009E0
2.680283975E1,3.483736515E-1,9.984598160E-1,6.002428532E-1,1.215967799E0
2.681283766E1,3.818184137E-1,1.006874084E0,4.864705801E-1,1.181623607E0
2.682283662E1,2.145517915E-1,9.160718918E-1,3.781572580E-1,1.014013360E0
2.683284209E1,2.474723756E-1,9.258165359E-1,2.552909851E-1,9.917420643E-1
2.684284287E1,2.820171416E-1,9.361371994E-1,1.249511242E-1,9.856466444E-1
2.685283819E1,-1.066250086E0,9.468984604E-1,6.147301197E-2,1.427334884E0
2.686286266E1,-2.432690620E0,1.981919289E0,1.201382875E-1,3.140130719E0
2.687283714E1,-2.533087254E0,2.046645164E0,1.439166069E-2,3.256607834E0
2.688283688E1,-2.457248449E0,1.911715508E0,-6.766569614E-1,3.185999179E0
2.689287100E1,-2.346453190E0,8.888359070E-1,-7.355163097E-1,2.614738244E0
2.690283652E1,-2.244281769E0,9.030590057E-1,-7.078052759E-1,2.520576231E0
2.691282652E1,-1.638005972E0,9.175920486E-1,-6.307849884E-1,1.980638390E0
2.692282214E1,-1.533747673E0,8.344869614E-1,-5.725647211E-1,1.837547489E0
2.693284371E1,-6.428551674E-1,8.516435623E-1,-5.769157410E-1,1.213009190E0
2.694283980E1,4.316293001E-1,-2.157659531E-1,-7.033152580E-1,8.529426425E-1
2.695283897E1,5.103254914E-1,-2.362947464E-1,-6.083301306E-1,8.284520880E-1
2.696286371E1,5.872040391E-1,9.145574570E-1,7.356965542E-2,1.089328426E0
2.697284912E1,4.629073739E-1,8.347492218E-1,1.042281389E-1,9.601838392E-1
2.698284183E1,5.653015375E-1,8.741455078E-1,-4.110026360E-2,1.041818328E0
2.699284574E1,5.922445655E-1,8.913393021E-1,-9.818291664E-2,1.074653089E0
2.700284053E1,6.179975867E-1,9.084281921E-1,-1.087775230E-1,1.104081223E0
2.701284470E1,4.425789714E-1,8.231544495E-1,-1.106308699E-1,9.411156055E-1
2.702283975E1,4.675630629E-1,8.379688263E-1,-1.188303232E-1,9.669165514E-1
2.703283949E1,4.930965900E-1,8.529224396E-1,-1.077392101E-1,9.910745040E-1
2.704284261E1,5.191873312E-1,8.679800034E-1,-1.141798496E-1,1.017831916E0
2.705283636E1,5.457720160E-1,8.830232620E-1,-1.317971945E-1,1.046407031E0
2.706286110E1,3.717321157E-1,7.983226776E-1,-1.486576796E-1,8.930862048E-1
2.707284417E1,3.996764719E-1,8.138160706E-1,-1.938961744E-1,9.271642818E-1
2.708283600E1,4.280425012E-1,8.294248581E-1,-2.441908121E-1,9.647772441E-1
2.709283407E1,4.568350017E-1,8.451452255E-1,-2.938827276E-1,1.004657020E0
2.710282376E1,4.860113263E-1,8.610696793E-1,-3.323848248E-1,1.043133584E0
2.711283720E1,3.160639405E-1,7.773237228E-1,-3.667291403E-1,9.157613482E-1
2.712283897E1,3.464476168E-1,7.936353683E-1,-3.827947378E-1,9.467918781E-1
2.713284365E1,3.771667480E-1,8.100013733E-1,-3.681704998E-1,9.663883782E-1
2.714284339E1,4.082493484E-1,8.264198303E-1,-3.511689901E-1,9.863857897E-1
2.715283584E1,4.397540689E-1,8.430604935E-1,-3.208956718E-1,1.003548040E0
2.716286371E1,3.119683266E-1,7.799434662E-1,-3.173360825E-1,8.979633826E-1
2.717284053E1,3.446801305E-1,7.968750000E-1,-3.263550997E-1,9.275353411E-1
2.718284053E1,3.776798546E-1,8.138322830E-1,-3.492693901E-1,9.627845888E-1
2.719284990E1,4.111970067E-1,8.308620453E-1,-4.084093571E-1,1.013021678E0
2.720283662E1,2.456189543E-1,7.482156754E-1,-4.843156338E-1,9.245090593E-1
2.721283636E1,2.805215418E-1,7.657117844E-1,-5.203247070E-1,9.673389648E-1
2.722283949E1,3.157846928E-1,7.832193375E-1,-5.076993704E-1,9.853482397E-1
2.723283688E1,3.512837589E-1,8.007230759E-1,-4.526605606E-1,9.846112464E-1
2.724284209E1,3.872150183E-1,8.182439804E-1,-3.947430849E-1,9.875630536E-1
2.725284678E1,2.232756466E-1,7.360334396E-1,-3.829685450E-1,8.592218253E-1
2.726285667E1,2.612033188E-1,7.538490295E-1,-4.021526575E-1,8.934440626E-1
2.727283798E1,-1.172268271E0,1.882390022E0,-4.325945377E-1,2.259367861E0
2.728284194E1,-1.303829312E0,2.010578156E0,-4.735243320E-1,2.442666717E0
2.729284214E1,-2.186763763E0,2.807504654E0,-5.377296209E-1,3.599051442E0
2.730284287E1,-2.304029465E0,2.900024414E0,-6.264961958E-1,3.756486505E0
2.731283871E1,-3.132759333E0,3.004422188E0,-7.128745317E-1,4.398741163E0
2.732284131E1,-3.190126181E0,3.589500427E0,-7.723176479E-1,4.863938005E0
2.733283844E1,-3.224700928E0,3.588925362E0,-7.858505249E-1,4.888419210E0
2.734284548E1,-3.073701620E0,3.563236237E0,-6.804589033E-1,4.754715391E0
2.735283740E1,-2.873209953E0,3.528481483E0,-5.691050291E-1,4.585782109E0
2.736285850E1,-2.047072411E0,3.478871346E0,1.071629643E0,4.176295175E0
2.737284131E1,-1.875599384E0,3.376576424E0,1.099708080E0,4.016030286E0
2.738283975E1,-1.680122256E0,2.619658470E0,1.128682256E0,3.310490135E0
2.739284444E1,-8.345611691E-1,2.538802147E0,9.585059285E-1,2.839144643E0
2.740283871E1,-7.019132972E-1,2.448779106E0,-4.573321342E-2,2.547801585E0
2.741283819E1,-5.568175912E-1,1.765357018E0,-1.486566067E-1,1.857048738E0
2.742283688E1,-4.400297403E-1,7.249050140E-1,-9.348651171E-1,1.262175201E0
2.743285720E1,-3.219234943E-1,7.471418381E-1,-1.030578375E0,1.312991793E0
2.744284027E1,-2.184265852E-1,6.693019867E-1,-1.134429693E0,1.335142708E0
2.745283824E1,-1.282333136E-1,6.888666153E-1,-1.202687740E0,1.391919106E0
2.746285225E1,-3.989803791E-2,7.081613541E-1,-1.233443737E0,1.422837942E0
2.747283699E1,4.544889927E-2,7.269716263E-1,-1.217266202E0,1.418552204E0
2.748283792E1,1.458001137E-1,7.460546494E-1,-1.156987071E0,1.384367832E0
2.749284470E1,1.149700642E0,6.684398651E-1,-1.031376362E0,1.682961859E0
2.750283871E1,1.199257731E0,6.904144287E-1,-9.295523763E-1,1.667020939E0
2.751283923E1,1.243331671E0,7.115488052E-1,-1.724214554E-1,1.442880627E0
2.752284183E1,1.324466705E0,7.521638870E-1,-6.905198097E-2,1.524706773E0
2.753283610E1,1.162805676E0,6.724939346E-1,-5.066943169E-2,1.344221903E0
2.754285720E1,1.167677999E0,6.883010864E-1,-7.653987408E-2,1.357604009E0
2.755283740E1,1.173458219E0,7.041158676E-1,-1.479468346E-1,1.376470709E0
2.756283584E1,1.179045439E0,7.172155380E-1,-2.520338297E-1,1.402878229E0
2.757283636E1,1.185356975E0,7.305068970E-1,-2.803440094E-1,1.420318361E0
2.758283714E1,9.914305806E-1,6.440486908E-1,-3.306834698E-1,1.227633850E0
2.759284261E1,9.983704686E-1,6.578092575E-1,-3.852864504E-1,1.256145796E0
2.760283714E1,1.006254554E0,6.717958450E-1,-4.190380573E-1,1.280410394E0
2.761284897E1,1.014780760E0,6.859312057E-1,-4.103418589E-1,1.291767026E0
2.762284688E1,1.024038196E0,7.002344131E-1,-3.546988964E-1,1.290268874E0
2.763284579E1,8.329683542E-1,6.151266098E-1,-2.402629852E-1,1.062987924E0
2.764283022E1,8.442152143E-1,6.303339005E-1,9.430128336E-1,1.413963705E0
2.765283459E1,8.562114835E-1,6.456813812E-1,9.752175808E-1,1.449500562E0
2.766282756E1,1.929695845E0,6.611766815E-1,1.007570744E0,2.275099879E0
2.767283844E1,1.928135157E0,6.766948700E-1,1.040036440E0,2.292879614E0
2.768283714E1,1.948280096E0,5.926027298E-1,8.731012344E-1,2.215689304E0
2.769284339E1,1.976598024E0,6.042556763E-1,8.637685180E-1,2.240125158E0
2.770284027E1,2.051460981E0,6.362590790E-1,-7.542145848E-1,2.276435243E0
2.771283662E1,2.009994030E0,6.461572647E-1,-8.702673912E-1,2.283628810E0
2.772284131E1,1.952018023E0,5.570974350E-1,-9.852263331E-1,2.256413712E0
2.773283662E1,1.869122624E0,5.687303543E-1,-1.099057436E0,2.241651366E0
2.774284782E1,1.779343367E0,5.810632706E-1,-1.747791767E0,2.560951659E0
2.775283610E1,1.697760820E0,5.940036774E-1,-1.819924116E0,2.558780170E0
2.776283714E1,1.601137996E0,6.077289581E-1,-1.894070268E0,2.553522968E0
2.777283714E1,1.486609578E0,5.260362625E-1,-1.896648169E0,2.466575858E0
2.778283584E1,1.401024938E0,5.448904037E-1,-1.869349957E0,2.398800885E0
2.779286115E1,1.331129670E0,5.642604828E-1,-1.810964346E0,2.317301869E0
2.780285813E1,1.304629803E0,2.107103348E0,-1.759457469E0,3.039347632E0
2.781283115E1,1.315963149E0,2.184252739E0,-1.723926067E0,3.078090337E0
2.782284496E1,1.369845748E0,2.256710052E0,-1.686959505E0,3.132898020E0
2.783283563E1,1.422632337E0,2.344602585E0,-1.668877363E0,3.210326416E0
2.784283563E1,2.072894335E0,2.426375389E0,-1.672269583E0,3.602870246E0
2.785284938E1,2.062372208E0,2.463553429E0,-1.724740148E0,3.646533038E0
2.786285016E1,2.051048994E0,2.441336632E0,-2.570870876E0,4.095888620E0
2.787284886E1,2.022210836E0,2.358184814E0,-2.680393696E0,4.103033347E0
2.788285251E1,1.952047825E0,1.567709923E0,-3.740133286E0,4.500755726E0
2.789284756E1,1.827420115E0,5.735883713E-1,-4.412636280E0,4.810387390E0
2.790284990E1,1.679360032E0,5.979385376E-1,-4.471467972E0,4.813710257E0
2.791284574E1,1.000435591E0,5.231046677E-1,-5.179366589E0,5.300976148E0
2.792284365E1,9.093719125E-1,-4.812793732E-1,-5.187466621E0,5.288515582E0
2.793284391E1,8.160505295E-1,-5.590934753E-1,-5.193339348E0,5.286709521E0
2.794284990E1,7.149364948E-1,-6.241865158E-1,-5.150453091E0,5.237166222E0
2.795284730E1,6.029520631E-1,-6.920566559E-1,-5.070579052E0,5.152986079E0
2.796284313E1,4.845362902E-1,-1.278505325E0,-4.937419891E0,5.123228130E0
2.797293829E1,3.608447313E-1,-1.278908730E0,-4.762386322E0,4.944303787E0
2.798283673E1,2.664000988E-1,-1.290652275E0,-4.524105072E0,4.712141659E0
2.799300428E1,-7.182134986E-1,-1.308303356E0,-3.743203640E0,4.029771928E0
2.800283673E1,-6.922023296E-1,-1.322807789E0,-3.516553164E0,3.820354782E0
2.801284834E1,-8.634543419E-1,-1.319972992E0,-3.251444578E0,3.613830924E0
2.802285016E1,-8.321071267E-1,-1.306951046E0,-2.177136660E0,2.672161549E0
2.803283740E1,-7.997661233E-1,-1.249099731E0,-1.943884850E0,2.445110284E0
2.804283610E1,-7.648266554E-1,-1.178424358E0,-1.118566036E0,1.795782214E0
2.805284079E1,-6.946319342E-1,-1.066234589E0,-9.114007950E-1,1.565254334E0
2.806284027E1,-7.850789428E-1,-8.705997467E-2,-1.512646675E-2,7.900361989E-1
2.807284313E1,-7.160938382E-1,1.986026764E-2,7.366065979E-1,1.027508684E0
2.808283819E1,-6.481841207E-1,1.076236725E0,8.808665276E-1,1.534390427E0
2.809284235E1,-5.819292068E-1,1.103658676E0,9.941008091E-1,1.595286963E0
2.810283923E1,-7.162128687E-1,1.029947281E0,1.072924137E0,1.650732710E0
2.811283740E1,-6.502294540E-1,1.047136307E0,1.085950136E0,1.642735671E0
2.812284287E1,-5.831696987E-1,1.059222221E0,1.025027037E0,1.585155840E0
2.813283480E1,-1.588438272E0,1.062962532E0,9.224364758E-1,2.122242809E0
2.814283923E1,-1.601499200E0,1.061870575E0,8.487682343E-1,2.100660925E0
2.815286350E1,-1.605452418E0,9.618854523E-1,8.430917263E-1,2.052682330E0
2.816285298E1,-1.590241790E0,9.625301361E-1,8.868153095E-1,2.059556896E0
2.817284121E1,-1.623327732E0,9.638404846E-1,1.537940502E0,2.435044639E0
2.818285391E1,-1.605733991E0,9.656887054E-1,1.609809995E0,2.470308593E0
2.819283459E1,-1.518092275E0,9.681072235E-1,2.950798273E0,3.456739244E0
2.820283740E1,-1.398914814E0,8.700647354E-1,2.741743326E0,3.198614039E0
2.821283949E1,-1.269965649E0,8.731536865E-1,2.734020710E0,3.138483607E0
2.822284626E1,-2.131618112E-1,8.701887131E-1,2.704300880E0,2.848843556E0
2.823283610E1,-1.220559552E-1,8.675470352E-1,2.672688723E0,2.812614535E0
2.824284053E1,-1.930657625E-1,-1.889362335E-1,1.003809810E0,1.039521728E0
2.825283792E1,-1.062289551E-1,-2.894830704E-1,2.085852623E-1,3.722806073E-1
2.826283766E1,-2.293813042E-2,-3.832750320E-1,3.565311432E-3,3.839773684E-1
2.827284756E1,2.363687940E-2,-4.613008499E-1,-1.210520267E-1,4.775047323E-1
2.828283845E1,6.834147871E-2,-4.961576462E-1,-1.405410767E-1,5.201872373E-1
2.829283662E1,-8.831699193E-2,-5.078763962E-1,4.435141087E-1,6.800316827E-1
2.830283532E1,-4.509828612E-2,-5.041742325E-1,4.830540419E-1,6.996904455E-1
2.831283662E1,-2.356693381E-3,-5.041122437E-1,1.930036664E0,1.994787265E0
2.832284287E1,4.024546593E-2,-5.335178375E-1,1.942717433E0,2.015046403E0
2.833284199E1,8.254432678E-2,-5.445871353E-1,1.956657767E0,2.032707144E0
2.834283782E1,-7.626555860E-2,-5.445594788E-1,1.772132158E0,1.855482107E0
2.835285204E1,-3.362213075E-2,-5.299959183E-1,1.788293242E0,1.865480861E0
2.836283980E1,8.876436390E-3,-5.369796753E-1,1.805162668E0,1.883358230E0
2.837285042E1,5.123040825E-2,-5.529747009E-1,1.313724518E-1,5.706700410E-1
2.838283688E1,9.191096574E-2,-5.621528625E-1,5.570697784E-2,5.723344598E-1
2.839283819E1,-6.697414815E-2,-5.311088562E-1,3.703260422E-2,5.365944161E-1
2.840283532E1,-2.443432435E-2,-4.551715851E-1,1.023883820E-1,4.671847481E-1
2.841283688E1,5.767249316E-2,6.626510620E-1,1.701887012E0,1.827252568E0
2.842284600E1,9.942652285E-2,6.686115265E-1,1.668048263E0,1.799808882E0
2.843283662E1,-5.999246985E-2,5.757379532E-1,1.436949492E0,1.549160136E0
2.844283740E1,-1.054667115E0,5.837144852E-1,2.480353832E0,2.757752791E0
2.845283844E1,-2.020129681E0,5.924224854E-1,2.408371925E0,3.198772211E0
2.846283584E1,-2.987648964E0,6.017885208E-1,1.349462152E0,3.333053233E0
2.847284339E1,-3.974314213E0,6.110200882E-1,1.319321990E0,4.231917949E0
2.848283662E1,-4.889818192E0,5.211286545E-1,1.090731382E0,5.037022133E0
2.849283662E1,-5.612266541E0,5.319910049E-1,1.064512372E0,5.737049480E0
2.850285798E1,-5.716386795E0,5.435819626E-1,1.040917516E0,5.835757758E0
2.851283574E1,-5.761148930E0,5.563373566E-1,1.019584417E0,5.877065648E0
2.852285386E1,-5.733246803E0,5.707349777E-1,2.494793653E0,6.278523130E0
2.853282074E1,-5.628588676E0,4.879903793E-1,3.133149624E0,6.460322876E0
2.854284631E1,-5.424081326E0,-4.988965988E-1,3.851080179E0,6.670860109E0
2.855284105E1,-5.108421326E0,-1.452187538E0,4.472400665E0,6.943139405E0
2.856284001E1,-3.985379696E0,-1.570940018E0,4.477303982E0,6.196559917E0
2.857284313E1,-3.679446936E0,-2.422703743E0,4.467424393E0,6.274209423E0
2.858283949E1,-2.589417458E0,-2.508448601E0,4.416029453E0,5.700764272E0
2.859283818E1,-1.510565519E0,-3.197861671E0,4.968833447E0,6.098969854E0
2.860283714E1,-1.284294009E0,-3.285944939E0,4.844293118E0,5.992830804E0
2.861283662E1,-1.054936528E0,-4.000267029E0,4.725673676E0,6.280686194E0
2.862284313E1,-3.197566271E-1,-4.024744987E0,4.640654564E0,6.151137399E0
2.863283766E1,-2.278788090E-1,-4.078060150E0,5.275675774E0,6.671975585E0
2.864283610E1,-1.720666885E-1,-4.145900726E0,5.186597824E0,6.642205715E0
2.865283688E1,-1.780533791E-1,-4.746486664E0,5.693867683E0,7.414915229E0
2.866282678E1,-2.122014761E-1,-4.723145485E0,5.524854183E0,7.271667380E0
2.867284079E1,-2.429356575E-1,-4.694723606E0,5.334646702E0,7.110408069E0
2.868283662E1,-2.545089722E-1,-4.643094063E0,5.121830940E0,6.917821151E0
2.869285100E1,-2.304282188E-1,-4.572882652E0,4.852186203E0,6.671436417E0
2.870284475E1,-1.744060516E-1,-4.504021645E0,4.564075947E0,6.414625296E0
2.871282365E1,-6.979179382E-2,-4.441595554E0,4.241672516E0,6.142021466E0
2.872284188E1,6.660554409E-1,-4.385701656E0,3.931251049E0,5.927288054E0
2.873283897E1,7.796941996E-1,-4.337076664E0,3.635942459E0,5.712988237E0
2.874283818E1,2.105107307E0,-4.285469532E0,3.384521961E0,5.852496458E0
2.875284157E1,2.144546747E0,-4.226055622E0,3.167983055E0,5.700416082E0
2.876284079E1,2.183022022E0,-4.154684067E0,2.982838392E0,5.560963021E0
2.877284652E1,2.033301115E0,-4.057806015E0,2.886037827E0,5.378598090E0
2.878283714E1,2.038913727E0,-3.952065468E0,2.734550714E0,5.220513218E0
2.879283844E1,1.990751624E0,-3.851647854E0,2.568799257E0,5.039544904E0
2.880283871E1,1.941746712E0,-3.741115570E0,2.386312008E0,4.843636134E0
2.881283610E1,1.693148851E0,-3.631598473E0,2.195290089E0,4.568868467E0
2.882284287E1,1.646506906E0,-3.503207684E0,1.997924328E0,4.356047599E0
2.883283558E1,1.600482464E0,-3.373839378E0,1.791562080E0,4.141742502E0
2.884283610E1,1.556161642E0,-3.272121429E0,1.596360683E0,3.959392016E0
2.885283740E1,1.514014602E0,-3.175803661E0,1.417746544E0,3.793148346E0
2.886295610E1,1.271816254E0,-3.075535297E0,1.274443150E0,3.563795630E0
2.887285329E1,1.233451724E0,-2.961889744E0,1.158194065E0,3.411100629E0
2.888285459E1,1.196680903E0,-2.856758595E0,1.085628033E0,3.282027282E0
2.889283360E1,1.161956310E0,-2.730056763E0,1.032334805E0,3.141507209E0
2.890283871E1,1.127112269E0,-2.609598637E0,9.816446304E-1,3.007326602E0
2.891284001E1,8.953387737E-1,-2.494111538E0,9.136667252E-1,2.803035991E0
2.892284157E1,8.678822517E-1,-2.363983631E0,8.023419380E-1,2.642988989E0
2.893283662E1,8.426636457E-1,-2.246756077E0,6.494269371E-1,2.485910343E0
2.894283975E1,8.195726871E-1,-2.141073227E0,4.654436111E-1,2.339344290E0
2.895283662E1,6.372929215E-1,-2.022290230E0,-3.285031319E-1,2.145626796E0
2.896283714E1,6.172688603E-1,-1.949810028E0,-4.922137260E-1,2.103581314E0
2.897284574E1,6.015194654E-1,-1.884718895E0,-6.345801353E-1,2.077662852E0
2.898283584E1,5.877328515E-1,-1.821670532E0,-7.433662415E-1,2.053413451E0
2.899283350E1,5.760014057E-1,-1.755639076E0,-8.080301285E-1,2.016670244E0
2.900284157E1,3.651179671E-1,-1.682302952E0,-8.292260170E-1,1.910777365E0
2.901283558E1,3.611922562E-1,-1.618360996E0,-8.070611954E-1,1.844152904E0
2.902284704E1,3.594523370E-1,-1.569628239E0,-7.792072296E-1,1.788883086E0
2.903284704E1,3.595717549E-1,-1.528604507E0,-7.470822334E-1,1.738981153E0
2.904296589E1,3.614009023E-1,-1.483847141E0,-7.069816589E-1,1.682924840E0
2.905283845E1,1.636340171E-1,-1.445765018E0,-6.794347763E-1,1.605815741E0
2.906300594E1,1.696018577E-1,-1.408628941E0,-6.675934792E-1,1.568018283E0
2.907282417E1,1.771128625E-1,-1.392040730E0,-6.645135880E-1,1.552650852E0
2.908283459E1,1.861091554E-1,-1.373878479E0,-6.543354988E-1,1.533079788E0
2.909283589E1,1.946202815E-1,-1.352643490E0,-6.247725487E-1,1.502618449E0
2.910284574E1,4.953280091E-3,-1.313904285E0,-5.783267021E-1,1.435559396E0
2.911285199E1,1.805862412E-2,-1.274064064E0,-5.273141861E-1,1.378994418E0
2.912284860E1,3.236206621E-2,-1.249462128E0,-4.661369324E-1,1.333973970E0
2.913285303E1,8.759795874E-2,-1.276153564E0,-3.661522865E-1,1.330529526E0
2.914284990E1,-9.772965312E-2,-1.280490398E0,-3.418416977E-1,1.328932839E0
2.915284834E1,-8.222275972E-2,-1.288317204E0,-3.098034859E-1,1.327591804E0
2.916284678E1,-6.315234303E-2,-1.280909538E0,2.839236259E-1,1.313518210E0
2.917284782E1,-4.379978776E-2,-1.285791874E0,3.263254166E-1,1.327278208E0
2.918284730E1,-2.399408072E-2,-1.286746979E0,3.873667717E-1,1.344003913E0
2.919284730E1,-2.022870034E-1,-1.289145947E0,9.650912285E-1,1.623027536E0
2.920284444E1,-1.784539223E-1,-1.273264885E0,9.943861961E-1,1.625377857E0
2.921284782E1,-1.544384360E-1,-1.241199493E0,1.032854557E0,1.622102324E0
2.922287782E1,-1.336714923E-1,-1.183737278E0,1.079813004E0,1.607824037E0
2.923284673E1,-1.124225706E-1,-1.115539074E0,1.091095924E0,1.564466866E0
2.924294470E1,-2.902162671E-1,-1.041942120E0,1.007071018E0,1.477856860E0
2.925284084E1,-2.689490318E-1,-9.560937881E-1,8.511896133E-1,1.308041540E0
2.926283792E1,-2.470493168E-1,-8.587427139E-1,1.232705116E-1,9.020354941E-1
2.927283923E1,-2.243860960E-1,-7.532868385E-1,-2.502393723E-2,7.863945439E-1
2.928283975E1,-2.018476576E-1,-6.415719986E-1,-8.016328812E-1,1.046409281E0
2.929283688E1,-3.783263564E-1,-5.341887474E-1,-8.952116966E-1,1.109005154E0
2.930283897E1,-3.541712761E-1,-4.258680344E-1,-9.837141037E-1,1.128935035E0
2.931283714E1,-2.896034718E-1,-2.458009720E-1,-1.109489918E0,1.172713165E0
2.932283845E1,-2.635253668E-1,-1.086215973E-1,-1.093747616E0,1.130277894E0
2.933283584E1,-1.687421799E0,6.355524063E-1,-9.617061615E-1,2.043574792E0
2.934284235E1,-1.768519998E0,6.896338463E-1,-8.765940666E-1,2.090855084E0
2.935283740E1,-1.864480495E0,7.460985184E-1,-2.945218086E-1,2.029702839E0
2.936283532E1,-1.943879843E0,8.241171837E-1,-2.737259865E-1,2.129028861E0
2.937283662E1,-2.003654480E0,9.053149223E-1,-2.497563362E-1,2.212827289E0
2.938283636E1,-2.044560909E0,9.833812714E-1,-2.225441933E-1,2.279647770E0
2.939283845E1,-2.082689047E0,1.020199776E0,-1.863784790E-1,2.326615178E0
2.940283631E1,-2.008083820E0,1.038908005E0,-2.286648750E-1,2.272447600E0
2.941282709E1,-1.848510504E0,1.040253639E0,-9.716005325E-1,2.333050859E0
2.942285282E1,-1.505637467E-1,1.019210339E0,-1.030355930E0,1.457083559E0
2.943283522E1,-2.662322521E-1,1.007662296E0,-1.074694157E0,1.497073961E0
2.944283845E1,-1.842366755E-1,9.847121239E-1,-1.165074348E0,1.536554378E0
2.945283844E1,-1.046197787E-1,9.570555687E-1,-1.769413471E0,2.014379481E0
2.946283688E1,-2.705127001E-2,9.270062447E-1,-1.782980442E0,2.009749140E0
2.947283584E1,-6.888195872E-3,8.959631920E-1,-1.784108639E0,1.996457143E0
2.948283819E1,-1.431551874E-1,8.474740982E-1,-1.755316734E0,1.954441760E0
2.949284001E1,-1.202409714E-1,8.413996696E-1,-1.703083515E0,1.903392959E0
2.950283766E1,-9.620559961E-2,8.320417404E-1,-1.654458046E0,1.854394888E0
2.951283766E1,-7.172654569E-2,7.803559303E-1,-1.514540195E0,1.705265985E0
2.952283740E1,-2.460684925E-1,7.175326347E-1,-6.139593124E-1,9.758836110E-1
2.953283584E1,-1.651293039E0,6.747474670E-1,-5.138173103E-1,1.856356936E0
2.954284574E1,-1.716210842E0,6.448755264E-1,-4.197888374E-1,1.880815453E0
2.955283766E1,-1.758441925E0,6.261248589E-1,-3.114562035E-1,1.892394068E0
2.956283740E1,-1.800721765E0,5.876102448E-1,3.311085701E-1,1.922893018E0
2.957285308E1,-1.841310382E0,5.299482346E-1,3.404922485E-1,1.946074003E0
2.958284834E1,-1.852755070E0,4.815144539E-1,3.375525475E-1,1.943836217E0
2.959284423E1,-1.848352909E0,4.551882744E-1,2.703547478E-1,1.922679519E0
2.960282720E1,-1.762166858E0,4.355206490E-1,-4.268712997E-1,1.864706244E0
2.961283511E1,-1.651058793E0,4.082617760E-1,-5.144600868E-1,1.776891104E0
2.962283636E1,-1.530583858E0,3.791089058E-1,-5.951523781E-1,1.685412965E0
2.963283636E1,-1.426530004E0,3.434753418E-1,-1.193428993E0,1.891358222E0
2.964283975E1,-1.322300553E0,3.176174164E-1,-1.211289406E0,1.821148429E0
2.965284105E1,-1.213438749E0,2.907953262E-1,-1.177821636E0,1.715884415E0
2.966282730E1,-1.021144152E0,2.204661369E-1,-1.036853790E0,1.471871760E0
2.967283792E1,1.112063006E-1,1.568226814E-1,-3.567523956E-1,4.052560505E-1
2.968283897E1,1.808951795E-1,7.259702682E-2,-2.842345238E-1,3.446486019E-1
2.969284183E1,2.467931211E-1,-2.450704575E-2,-1.870961189E-1,3.106644454E-1
2.970284053E1,3.087532222E-1,-6.693644524E-1,5.041689873E-1,8.930642138E-1
2.971283714E1,1.674988568E-1,-7.044630051E-1,5.684142113E-1,9.205534792E-1
2.972283662E1,2.221524715E-1,-7.337951660E-1,6.382551193E-1,9.975854167E-1
2.973283819E1,2.327053249E-1,-7.697038651E-1,7.095122337E-1,1.072382123E0
2.974284183E1,2.425965071E-1,-7.921700478E-1,7.885608673E-1,1.143772133E0
2.975299777E1,2.534249425E-1,-7.917475700E-1,8.490934372E-1,1.188296294E0
2.976283876E1,6.227640808E-2,-7.631874084E-1,8.848590851E-1,1.170174761E0
2.977287173E1,7.245825976E-2,-7.168164253E-1,8.729391098E-1,1.131856297E0
2.978283407E1,8.359198272E-2,-6.792769432E-1,8.193316460E-1,1.067571605E0
2.979283610E1,9.577023983E-2,-6.248712540E-1,7.146744728E-1,9.541465427E-1
2.980283506E1,1.073382869E-1,-5.754747391E-1,5.901079178E-1,8.312159995E-1
2.981284001E1,-7.940358669E-2,-5.171904564E-1,-1.412038803E-1,5.419681112E-1
2.982283792E1,-6.341563165E-2,-4.616036415E-1,-2.648172379E-1,5.359362216E-1
2.983283636E1,-4.624999315E-2,-4.087986946E-1,-9.260182381E-1,1.013294238E0
2.984284001E1,1.188215613E-2,-3.200592995E-1,-1.086304665E0,1.132535635E0
2.985283792E1,-1.701117456E-1,-2.430472374E-1,-1.153540611E0,1.191077624E0
2.986283844E1,-1.507902145E-1,-1.865935326E-1,-1.174588680E0,1.198838356E0
2.987283714E1,-1.270298362E-1,-1.469378471E-1,-1.172211647E0,1.188195041E0
2.988283636E1,-1.024437025E-1,-1.119508743E-1,-1.125774384E0,1.135955841E0
2.989283740E1,-7.571235299E-2,-1.062765121E-1,-1.039940357E0,1.048094940E0
2.990284001E1,-2.496818155E-1,-1.165285110E-1,-4.253921509E-1,5.068317126E-1
2.991283558E1,-2.215546072E-1,-1.501722336E-1,-3.493099213E-1,4.400631373E-1
2.992283636E1,-1.929521263E-1,-2.081360817E-1,-2.586789131E-1,3.840129316E-1
2.993288110E1,-1.640549898E-1,-2.580814362E-1,-1.650872231E-1,3.475253352E-1
2.994284391E1,-1.348278373E-1,-2.961077690E-1,4.320106506E-1,5.408248874E-1
2.995294662E1,-3.047048450E-1,-3.285772800E-1,4.468770027E-1,6.328563242E-1
2.996284032E1,-2.752034962E-1,-3.441219330E-1,4.283208847E-1,6.145043933E-1
2.997283740E1,-2.455341369E-1,-3.398580551E-1,3.957400322E-1,5.765420046E-1
2.998283667E1,-2.157238424E-1,-3.270554543E-1,3.552732468E-1,5.288866856E-1
2.999283949E1,-1.858341843E-1,-3.004674911E-1,2.973961830E-1,4.618003324E-1
3.000283532E1,-3.559536934E-1,-2.649116516E-1,2.110209465E-1,4.913359898E-1
3.001283766E1,-3.257175982E-1,-2.431945801E-1,9.871101379E-2,4.183054169E-1
