"Time (s)","Linear Acceleration x (m/s^2)","Linear Acceleration y (m/s^2)","Linear Acceleration z (m/s^2)","Absolute acceleration (m/s^2)"
8.590651600E-2,0.000000000E0,0.000000000E0,0.000000000E0,0.000000000E0
9.595235000E-2,1.298666000E-3,-4.522132874E-1,1.999999955E-2,4.526572034E-1
1.058917250E-1,-2.705454826E-2,-3.921179771E-1,-9.333332628E-2,4.039796608E-1
1.159041720E-1,-9.928750992E-2,-1.010003090E0,-3.999999911E-2,1.015659515E0
1.258976620E-1,-6.174080372E-1,-8.940668106E-1,1.303851582E-9,1.086530325E0
1.358945370E-1,-5.784958601E-1,-8.316760063E-1,3.333333135E-2,1.013633835E0
1.458934950E-1,-5.534437895E-1,-7.319521904E-1,-1.111468315E0,1.441324340E0
1.558937560E-1,-5.142409801E-1,-5.845313072E-1,-1.024821997E0,1.287004569E0
1.658945370E-1,-4.401415586E-1,1.505913734E-1,-9.661520720E-1,1.072311606E0
1.758945370E-1,2.986693382E-1,2.711417675E0,-9.380472898E-1,2.884600822E0
1.858953180E-1,3.629038334E-1,2.503799915E0,-9.516254663E-1,2.703017617E0
1.960769330E-1,3.863453865E-1,2.237353802E0,-1.554489374E0,2.751627156E0
2.058974540E-1,3.720655441E-1,3.664901257E0,-1.517209530E0,3.983950144E0
2.159117250E-1,2.857105732E-1,3.457232475E0,-1.467192531E0,3.766529018E0
2.258940680E-1,1.539652348E-1,3.218182564E0,-1.415832281E0,3.519230790E0
2.358963600E-1,-5.422058105E-1,2.967141151E0,-1.363365889E0,3.310087657E0
2.458953180E-1,-5.401862860E-1,2.775893211E0,-1.319316030E0,3.120573526E0
2.558945370E-1,-4.899445772E-1,2.718162537E0,-1.263752222E0,3.037354596E0
2.659005270E-1,-3.297935724E-1,4.006508827E0,-1.175452828E0,4.188384669E0
2.758947970E-1,9.884436131E-1,5.225598335E0,-1.158191204E0,5.442913338E0
2.858945370E-1,1.873002291E0,5.844465256E0,-1.176959872E0,6.249091634E0
2.959028700E-1,1.945534706E0,5.678858757E0,-1.193096757E0,6.120295903E0
3.058934950E-1,2.654572725E0,5.538629532E0,-1.160077691E0,6.250516274E0
3.158987040E-1,2.603505850E0,5.378025055E0,-1.062370777E0,6.068774824E0
3.258950580E-1,2.513936520E0,5.153826714E0,-9.340924025E-1,5.809848125E0
3.358966200E-1,2.368671179E0,4.294644356E0,-1.861667633E-1,4.908078174E0
3.458963600E-1,1.635338783E0,2.522680283E0,-5.963683128E-2,3.006959477E0
3.558945370E-1,1.420177937E0,6.401176453E-1,1.579604149E0,2.218514196E0
3.658934950E-1,4.452569485E-1,-8.960046768E-1,1.565617323E0,1.858019304E0
3.758958390E-1,3.460068703E-1,-8.477468491E-1,1.553823233E0,1.803541547E0
3.858925060E-1,2.465827465E-1,-8.018789291E-1,1.544016361E0,1.757213530E0
3.959029220E-1,-4.584636688E-1,-8.551549911E-1,1.342076421E0,1.656094235E0
4.058930270E-1,-4.877626896E-1,-8.105916977E-1,1.341427207E0,1.641462242E0
4.158947970E-1,-5.112943649E-1,-7.680025101E-1,1.341957808E0,1.628527108E0
4.258953700E-1,-5.346722603E-1,-7.272253036E-1,1.343569994E0,1.618614036E0
4.358906310E-1,-5.722234249E-1,-6.881103516E-1,2.738597393E-1,9.359138105E-1
4.458979220E-1,-6.361377239E-1,-7.478971481E-1,2.045181990E-1,1.002920257E0
4.558968810E-1,-6.746351719E-1,-7.092332840E-1,1.448686123E-1,9.895106776E-1
4.658968810E-1,-7.488148212E-1,-6.529102325E-1,2.410196066E-1,1.022304191E0
4.758942770E-1,-8.060106039E-1,7.631607056E-1,1.328202486E0,1.730950375E0
4.858984430E-1,-1.389519691E0,8.291664124E-1,1.141034961E0,1.979960276E0
4.958989640E-1,-1.391486764E0,9.028234482E-1,1.154193282E0,2.020764144E0
5.058979220E-1,-1.413918138E0,9.541473389E-1,1.167655587E0,2.067119061E0
5.158979220E-1,-1.449085116E0,9.719028473E-1,2.363683939E0,2.937932025E0
5.258934950E-1,-1.475947022E0,9.753227234E-1,2.400481939E0,2.981943589E0
5.358958390E-1,-1.457273006E0,9.424724579E-1,2.421905756E0,2.979517820E0
5.458968810E-1,-1.423685312E0,8.594055176E-1,2.410981655E0,2.928871840E0
5.559145890E-1,-1.382228136E0,7.574930191E-1,2.377234697E0,2.852296461E0
5.658920370E-1,-1.310092211E0,-8.138875961E-1,2.304812670E0,2.773250090E0
5.759742770E-1,-1.221421003E0,-7.786197662E-1,2.180158138E0,2.617481140E0
5.858938080E-1,-1.118745208E0,-8.424196243E-1,7.297923565E-1,1.579195538E0
5.958950580E-1,-9.994361401E-1,-8.071899414E-1,7.555369139E-1,1.490390629E0
6.058971410E-1,-3.384423256E-1,-7.728767395E-1,7.810726166E-1,1.149763495E0
6.159000060E-1,-3.168156147E-1,-7.394332886E-1,8.064106107E-1,1.139048636E0
6.258971410E-1,-2.735185623E-1,-7.068109512E-1,8.315612674E-1,1.125117001E0
6.358976620E-1,-2.164855003E-1,-7.732448578E-1,6.599826813E-1,1.039399212E0
6.458981830E-1,-1.372458935E-1,-7.210245132E-1,7.276496291E-1,1.033531212E0
6.558989640E-1,-1.179378033E-1,-6.895332336E-1,7.550652027E-1,1.029314756E0
6.658958390E-1,-1.059322357E-1,-6.587343216E-1,7.822415233E-1,1.028131483E0
6.758940160E-1,-8.575201035E-2,-7.270078659E-1,6.123647094E-1,9.544026308E-1
6.858932350E-1,-6.822156906E-2,-6.959609985E-1,6.421715021E-1,9.494209457E-1
6.958984430E-1,-4.817128181E-2,-6.655607224E-1,6.716765761E-1,9.468056667E-1
7.058934950E-1,-4.530668259E-2,-6.357803345E-1,7.008936405E-1,9.473759679E-1
7.158934950E-1,-6.209301949E-2,-6.065893173E-1,7.298355103E-1,9.510341818E-1
7.258937560E-1,-8.129692078E-2,-6.764926910E-1,5.614556074E-1,8.828838822E-1
7.359096410E-1,-9.772491455E-2,-6.469783783E-1,5.927388072E-1,8.828762509E-1
7.458951100E-1,-1.020658016E-1,-6.180210114E-1,6.236997247E-1,8.839506462E-1
7.560734950E-1,-1.104860306E-1,-5.895986557E-1,6.543518901E-1,8.876993488E-1
7.658972450E-1,-1.079030037E-1,-5.616874695E-1,6.847080588E-1,8.921664628E-1
7.758987040E-1,-1.103460789E-1,-6.328973770E-1,5.175203085E-1,8.249621910E-1
7.858989640E-1,-9.776782990E-2,-6.046152115E-1,5.499861836E-1,8.231663895E-1
7.958955790E-1,-7.223939896E-2,-5.768194199E-1,1.831834197E0,1.921862560E0
8.059005270E-1,-5.008840561E-2,-5.494937897E-1,1.849743843E0,1.930286134E0
8.158958390E-1,-3.572654724E-2,-5.226163864E-1,1.877015591E0,1.948741081E0
8.258966200E-1,-2.811217308E-2,-5.948905945E-1,1.907527328E0,1.998335712E0
8.358958390E-1,-6.326675415E-3,-5.479545593E-1,1.977490187E0,2.052014051E0
8.458974020E-1,2.156329155E-2,-5.214366913E-1,1.964899302E0,2.033024954E0
8.558984430E-1,5.533194542E-2,-4.953212738E-1,1.956129432E0,2.018625062E0
8.658955790E-1,7.960033417E-2,-5.683898926E-1,1.931316376E0,2.014791857E0
8.758961000E-1,1.150166988E-1,-5.418615341E-1,1.916929960E0,1.995360428E0
8.858937560E-1,1.648795605E-1,-5.157213211E-1,1.892212152E0,1.968151564E0
8.958989640E-1,2.126314640E-1,-4.899578094E-1,1.863465548E0,1.938498038E0
9.058966200E-1,2.536537647E-1,-4.645557404E-1,1.840993881E0,1.915570604E0
9.158947970E-1,2.839591503E-1,-5.383672714E-1,1.824002743E0,1.922877563E0
9.259101100E-1,3.001101017E-1,-5.125436783E-1,1.836051822E0,1.929728838E0
9.358922450E-1,3.039984703E-1,-4.870700836E-1,1.844130278E0,1.931442160E0
9.458955790E-1,3.069787025E-1,-4.619379044E-1,1.843935370E0,1.925544131E0
9.558946410E-1,2.946157455E-1,-4.371337891E-1,1.836603522E0,1.910758196E0
9.658904220E-1,2.689893246E-1,-5.115728378E-1,1.837684870E0,1.926433935E0
9.758968810E-1,2.513279915E-1,-4.863433838E-1,1.850924492E0,1.930185774E0
9.858989640E-1,2.454395294E-1,-1.547129631E0,1.874697924E0,2.443019231E0
9.958961000E-1,2.546098232E-1,-2.132137299E0,1.912443161E0,2.875460740E0
1.005895839E0,2.865240574E-1,-2.129688263E0,1.957412958E0,2.906739345E0
1.015894797E0,4.192235470E-1,-2.102591515E0,2.105100155E0,3.004677374E0
1.025895318E0,5.011644363E-1,-2.031363487E0,2.738082409E0,3.445968469E0
1.035897662E0,5.861487389E-1,-1.899316788E0,2.732900143E0,3.379307295E0
1.045896881E0,6.445393562E-1,-3.013057709E-1,2.696148396E0,2.788446220E0
1.055896620E0,6.603989601E-1,-3.776035309E-1,2.622390985E0,2.730502828E0
1.065895579E0,6.102392673E-1,7.580986023E-1,2.511809587E0,2.693750704E0
1.075896100E0,4.834837914E-1,1.750660896E0,1.792459249E0,2.551760238E0
1.085893756E0,-4.342310429E-1,2.700609207E0,1.680864096E0,3.210475167E0
1.095904693E0,-5.530855656E-1,3.625212669E0,1.557997584E0,3.984397949E0
1.105927662E0,-1.240349650E0,4.299914360E0,8.978275061E-1,4.564408504E0
1.115895370E0,-1.279147625E0,4.349006653E0,-1.469414085E-1,4.535600213E0
1.125906829E0,-1.277398467E0,4.299445152E0,-1.059692129E-1,4.486446805E0
1.135892506E0,-1.235641599E0,4.106087685E0,-6.537489593E-2,4.288477598E0
1.145907037E0,-1.139793634E0,2.602339745E0,-2.514833212E-2,2.841114942E0
1.155911464E0,-4.820713997E-1,1.312882423E0,-1.835098565E-1,1.410577527E0
1.165903131E0,-4.019088745E-1,-6.285486221E-1,-1.422509849E-1,7.594994776E-1
1.175907297E0,-3.222401142E-1,-6.032562256E-1,-1.013618559E-1,6.913978527E-1
1.185905214E0,-2.868506908E-1,-2.626696587E0,-1.155156970E0,2.883783262E0
1.195904172E0,-3.433969021E-1,-3.596463680E0,-2.641959667E0,4.475759524E0
1.205907297E0,-4.262149334E-1,-3.594589710E0,-2.758334637E0,4.550949826E0
1.215890214E0,-5.219845772E-1,-3.492139816E0,-3.467199802E0,4.948634444E0
1.225905214E0,-5.997173786E-1,-2.735231876E0,-3.468328714E0,4.457629238E0
1.235902610E0,-6.374031305E-1,-1.927799225E0,-3.461096287E0,4.012714805E0
1.245904693E0,-6.354374886E-1,-4.871501923E-1,-3.412577391E0,3.505250427E0
1.255908860E0,-5.893301964E-1,-4.633836746E-1,-3.313692808E0,3.397439409E0
1.265903131E0,-5.195530653E-1,-4.398365021E-1,-3.166335344E0,3.238683536E0
1.275905214E0,-4.438952208E-1,-4.165048599E-1,-2.268374443E0,2.348625530E0
1.286015735E0,-3.778036833E-1,1.279252052E0,-2.151655436E0,2.531569187E0
1.295885214E0,-3.492826223E-1,1.286623955E0,-2.058074713E0,2.452156413E0
1.305920162E0,-3.680114746E-1,1.243167877E0,-1.979809761E0,2.366547170E0
1.315894850E0,-4.423569441E-1,1.141018867E0,-1.905187130E0,2.264363425E0
1.325894329E0,-5.600669384E-1,-4.518699646E-1,-1.843539953E0,1.979015159E0
1.335908600E0,-2.219162226E0,-4.285974503E-1,-1.798092961E0,2.888168114E0
1.345907037E0,-2.361273527E0,-5.047731400E-1,-1.786240816E0,3.003508756E0
1.355906256E0,-2.303950548E0,-4.811563492E-1,-1.808454752E0,2.968199480E0
1.365897922E0,-2.247180700E0,-4.577398300E-1,-1.860248804E0,2.952943018E0
1.375899745E0,-2.151361942E0,-4.146909714E-1,-1.934153914E0,2.922546522E0
1.385894277E0,-5.290348530E-1,-4.911060333E-1,-1.941900849E0,2.071724383E0
1.395896360E0,-3.659379482E-1,-4.677171707E-1,-1.932361722E0,2.021556766E0
1.405896620E0,7.254254818E-1,-4.445190430E-1,-1.932178497E0,2.111197067E0
1.415907558E0,8.745791912E-1,-4.215087891E-1,-1.930392742E0,2.160781007E0
1.425895839E0,1.756865978E0,-3.986806870E-1,-1.917484045E0,2.631020604E0
1.435895318E0,1.812388659E0,-4.753332138E-1,-1.875445127E0,2.651035409E0
1.445896620E0,1.854266167E0,-4.521713257E-1,-1.813009501E0,2.632444752E0
1.455895318E0,1.855031013E0,-4.291906357E-1,-1.757268667E0,2.591010967E0
1.465903339E0,1.737248421E0,-4.063882828E-1,-1.692780972E0,2.459408654E0
1.475910787E0,1.623738766E0,-3.837594986E-1,-1.645113468E0,2.343116996E0
1.485913183E0,9.301800728E-1,-4.606256485E-1,-1.563380957E0,1.876584923E0
1.495903964E0,8.569271564E-1,-4.376688004E-1,-1.466730833E0,1.754188549E0
1.505901308E0,7.682116032E-1,-4.148836136E-1,-8.259507418E-1,1.201861934E0
1.515903964E0,6.612527370E-1,-3.922691345E-1,-7.849773169E-1,1.098780981E0
1.525896881E0,4.063916206E-2,-3.698196411E-1,-7.341251373E-1,8.230175124E-1
1.535897402E0,1.364302635E-2,-4.468793869E-1,-6.747266054E-1,8.094092356E-1
1.545897922E0,-1.470994949E-2,-4.241075516E-1,-6.030715704E-1,7.374136674E-1
1.555892714E0,-1.121728420E-1,-3.816452026E-1,4.983814955E-1,6.376675640E-1
1.565904954E0,-1.922430992E-1,-3.593416214E-1,5.349523425E-1,6.725011664E-1
1.575897402E0,-2.860903740E-1,-4.365606308E-1,3.725792170E-1,6.412863318E-1
1.585896881E0,-9.109227657E-1,-4.139413834E-1,4.099843800E-1,1.081302430E0
1.595894537E0,-9.588379860E-1,-3.914785385E-1,4.471719563E-1,1.128090638E0
1.605893235E0,-1.019293547E0,-3.691720963E-1,4.841460288E-1,1.187284611E0
1.615901829E0,-1.075989246E0,-3.470163345E-1,5.209105611E-1,1.244797577E0
1.625895058E0,-1.114752650E0,-4.243965149E-1,3.586964011E-1,1.245571749E0
1.635893495E0,-1.128146887E0,-4.019308090E-1,3.962653577E-1,1.261463439E0
1.645919016E0,-1.090215683E0,-3.796157837E-1,4.336213171E-1,1.233169017E0
1.655898912E0,-9.881706238E-1,-3.574495316E-1,4.707681537E-1,1.151466024E0
1.665999537E0,-2.738072872E-1,-3.354282379E-1,5.077096820E-1,6.672717996E-1
1.675899016E0,-1.503922939E-1,-1.402287483E0,3.456399441E-1,1.452065769E0
1.685897402E0,7.325522900E-1,-1.423639297E0,3.833580613E-1,1.646312580E0
1.695895579E0,8.464791775E-1,-1.402193069E0,4.208677113E-1,1.691094921E0
1.705895058E0,1.569291830E0,-3.283290863E-1,4.581725597E-1,1.667452827E0
1.715893287E0,1.636064291E0,-3.065357208E-1,4.952762127E-1,1.736654554E0
1.725895579E0,1.707651854E0,-3.843011856E-1,3.333382010E-1,1.781818344E0
1.735894797E0,1.760136843E0,1.332953453E0,4.109762907E-1,2.245829051E0
1.745895058E0,1.720593214E0,1.994711876E0,1.612481713E0,3.088594138E0
1.755902870E0,1.655751944E0,1.985690117E0,1.720945001E0,3.105822183E0
1.765898964E0,1.564069510E0,1.903325081E0,2.377216816E0,3.423466019E0
1.775895318E0,1.453975201E0,1.011436462E0,2.383574486E0,2.969591711E0
1.785895058E0,7.402260303E-1,-3.889055252E-1,2.377758741E0,2.520499696E0
1.795896881E0,6.771097183E-1,-3.668680191E-1,2.356483936E0,2.479130141E0
1.805894277E0,6.071026325E-1,-1.743372917E0,2.326657295E0,2.970060084E0
1.815899745E0,5.604197979E-1,-2.429592133E0,2.279657125E0,3.378435272E0
1.825926568E0,5.389454365E-1,-2.552151203E0,2.212870121E0,3.420633292E0
1.835891829E0,5.443038940E-1,-3.353816986E0,2.133791685E0,4.012159277E0
1.845911360E0,5.632541180E-1,-3.416084766E0,2.044072390E0,4.020587304E0
1.855891985E0,5.842642784E-1,-3.477839947E0,1.950033903E0,4.029809880E0
1.865920839E0,6.119363308E-1,-3.534242630E0,1.308940291E0,3.818201373E0
1.875897141E0,6.356315613E-1,-3.576204300E0,2.200154662E-1,3.638910755E0
1.885898704E0,6.460928917E-1,-3.625102520E0,2.586469650E-1,3.691300930E0
1.895895579E0,6.352703571E-1,-3.680020809E0,2.970833480E-1,3.746248804E0
1.905895579E0,5.912888050E-1,-3.745037556E0,3.353276849E-1,3.806228238E0
1.915901568E0,3.994922638E-1,-3.887038231E0,2.142177820E-1,3.913380832E0
1.925895839E0,-4.178515673E-1,-3.945011616E0,2.529141009E-1,3.975132969E0
1.935895579E0,-5.015155077E-1,-3.993054390E0,2.914196253E-1,4.034963019E0
1.945894797E0,-6.130912304E-1,-4.012911320E0,3.297373056E-1,4.072844805E0
1.955895839E0,-1.362115264E0,-4.013112068E0,1.688800454E-1,4.241337871E0
1.965900006E0,-2.417298079E0,-3.971805573E0,2.078303993E-1,4.654219911E0
1.975895058E0,-2.365411520E0,-3.889515400E0,2.465912402E-1,4.558981130E0
1.985896360E0,-2.313842297E0,-3.781365395E0,2.851653993E-1,4.442286543E0
1.995897141E0,-2.262585640E0,-3.665417671E0,1.282236338E0,4.494297554E0
2.005915370E0,-2.410651684E0,-3.015888214E0,1.399739265E0,4.106834946E0
2.015891933E0,-2.359030962E0,-2.980316162E0,2.187737465E0,4.385602207E0
2.026035214E0,-1.312198758E0,-2.957352161E0,2.264164925E0,3.948954316E0
2.035892193E0,-1.230202317E0,-2.945386887E0,2.339151859E0,3.957313871E0
2.045893287E0,-1.128791094E0,-2.962543964E0,2.378673077E0,3.963448206E0
2.055897141E0,-1.044710040E0,-3.014822960E0,2.348236322E0,3.961665101E0
2.065903652E0,-9.421390295E-1,-3.108484268E0,2.189202785E0,3.917002583E0
2.075896100E0,-8.672591448E-1,-3.787282944E0,1.307678938E0,4.099472493E0
2.085894277E0,-8.090775013E-1,-3.841557026E0,1.107563138E0,4.079076230E0
2.095905995E0,-7.608094215E-1,-3.962205410E0,-1.039027274E-1,4.035925974E0
2.105893808E0,-7.252881527E-1,-3.979151726E0,-1.062510908E-1,4.046106852E0
2.115899745E0,-7.221918106E-1,-3.908596992E0,-1.081134900E-1,3.976226853E0
2.125894537E0,-7.221620083E-1,-3.183202744E0,-1.091860160E-1,3.265917828E0
2.135894797E0,-7.158424854E-1,-2.057786465E0,1.283536434E0,2.528711406E0
2.145896100E0,-6.830862761E-1,9.563732147E-2,2.375459194E0,2.473572263E0
2.155895579E0,-6.172724962E-1,1.348739624E0,3.167504787E0,3.497600676E0
2.165901047E0,-4.840389490E-1,2.870623589E0,3.102735281E0,4.254613933E0
2.175895058E0,2.609667778E-1,4.167397499E0,2.918817997E0,5.094585761E0
2.185896360E0,3.774857521E-1,5.408135414E0,1.709310532E0,5.684379178E0
2.195900006E0,1.188952088E0,6.713674545E0,7.981675267E-1,6.864699875E0
2.205909537E0,1.406691074E0,8.220482826E0,-5.645925403E-1,8.359059900E0
2.215908912E0,3.032104492E0,9.473015785E0,-5.463224053E-1,9.961433325E0
2.225895631E0,4.358032703E0,9.556116104E0,-5.205308199E-1,1.051583360E1
2.235896620E0,5.395363808E0,9.523460388E0,-2.288113117E0,1.118220506E1
2.245898704E0,5.527686119E0,9.400179863E0,-2.417102814E0,1.116965001E1
2.255899225E0,5.575187206E0,9.206003189E0,-3.157551765E0,1.121620882E1
2.265902089E0,5.470730782E0,7.790919304E0,-3.140301704E0,1.002441089E1
2.275894797E0,5.218948364E0,6.303035736E0,-3.144962311E0,8.766782161E0
2.285897141E0,2.214718342E0,1.875701904E0,-3.995537043E0,4.938375363E0
2.295896881E0,3.909035921E-1,-3.385972977E-1,-5.003795147E0,5.030449246E0
2.305896881E0,-1.925742626E0,-3.081312180E-1,-4.943116188E0,5.313927658E0
2.315899745E0,-1.926401854E0,-1.694001198E0,-4.767204762E0,5.413585263E0
2.325896100E0,-1.924419045E0,-1.747054100E0,-4.466889381E0,5.168044837E0
2.335895058E0,-2.132887125E0,-1.713661194E0,-3.008302689E0,4.066414544E0
2.345894537E0,-2.139022112E0,-1.547798157E0,-2.019538403E0,3.324098387E0
2.355894797E0,-2.114216566E0,-2.108945847E-1,-1.724117041E0,2.736232407E0
2.365902089E0,-6.468050480E-1,-1.841974258E-1,-6.391747594E-1,9.278091586E-1
2.375911672E0,1.006743908E-1,-1.619195938E-1,-4.136634469E-1,4.554895555E-1
2.385891516E0,2.524845600E-1,-2.379245758E-1,9.586525559E-1,1.019495601E0
2.395882506E0,3.641178608E-1,-2.128000259E-1,1.103990793E0,1.181804273E0
2.405893912E0,4.402530193E-1,-1.903638840E-1,1.215227842E0,1.306460806E0
2.415893287E0,4.719988108E-1,-1.685504913E-1,1.316757798E0,1.408915627E0
2.425907037E0,4.293662310E-1,-1.508893967E-1,1.381135225E0,1.454186192E0
2.435905214E0,-2.219067812E-1,-1.429591179E0,1.240772724E0,1.905909366E0
2.445906516E0,-3.321642876E-1,-2.151082993E0,1.253964663E0,2.511955121E0
2.455905214E0,-1.780862331E0,-2.259874344E0,1.265472174E0,3.143234404E0
2.465905475E0,-1.667587876E0,-2.328701019E0,1.317559838E0,3.152722901E0
2.475908600E0,-1.794184685E0,-2.238064766E0,1.129088283E0,3.082673017E0
2.485906777E0,-7.255077362E-2,-1.408236504E0,1.141261816E0,1.814076128E0
2.495908339E0,6.227951050E-1,-1.880350113E-1,1.156509042E0,1.326930319E0
2.505949225E0,1.385353208E0,-1.720199585E-1,1.172238827E0,1.822892823E0
2.515903391E0,2.199325800E0,9.556207657E-1,1.188398719E0,2.676291564E0
2.525903912E0,2.900304794E0,1.074968338E0,1.004274368E0,3.252059630E0
2.535905475E0,3.028608561E0,1.163554192E0,1.021984339E0,3.401584948E0
2.545919277E0,3.699654818E0,1.200736046E0,1.040025830E0,4.026272041E0
2.555904693E0,3.705477715E0,1.170810699E0,1.055713654E0,4.026896337E0
2.565923860E0,3.656862736E0,1.070408821E0,1.071241140E0,3.958026995E0
2.575892245E0,3.541303158E0,-2.646617889E-1,8.877792358E-1,3.660467988E0
2.585897193E0,3.354576111E0,-2.307758331E-1,9.046425819E-1,3.482070730E0
2.595905214E0,2.518538952E0,-1.967697144E-1,9.223248363E-1,2.689319594E0
2.605921620E0,2.339517117E0,-1.627397537E-1,-1.125143170E-1,2.347867977E0
2.615896620E0,2.142160892E0,-1.288022995E-1,-2.423458099E-1,2.159670070E0
2.625897141E0,1.310572147E0,-1.944904327E-1,-1.036766052E0,1.682352439E0
2.635894277E0,1.108296633E0,-1.404514313E-1,-1.195894599E0,1.636524342E0
2.645897141E0,9.419069290E-1,-1.063680649E-1,-1.230105162E0,1.552952522E0
2.655904172E0,2.464599609E-1,-7.323169708E-2,-1.172564268E0,1.200421741E0
2.665897662E0,1.426186562E-1,1.546953201E0,-1.008095741E0,1.851934478E0
2.675894537E0,1.320433617E-2,2.229188919E0,8.675817251E-1,2.392102766E0
2.685895318E0,-6.384551525E-1,2.341347694E0,9.323494434E-1,2.599771046E0
2.695901047E0,-7.470116615E-1,2.433568001E0,9.963588119E-1,2.733680764E0
2.705935162E0,-1.435233831E0,2.464077950E0,1.059826732E0,3.042171756E0
2.715894797E0,-1.505917668E0,2.406350136E0,2.312737226E0,3.661565578E0
2.725915110E0,-2.531972408E0,1.717577934E0,2.384537935E0,3.879043619E0
2.735894016E0,-2.450014591E0,-1.319551468E-1,2.406855583E0,3.436995411E0
2.745936516E0,-2.367825985E0,-1.215333939E-1,2.408793449E0,3.379889960E0
2.755916933E0,-1.293465853E0,-1.155862808E-1,2.403213024E0,2.731638142E0
2.765894329E0,-1.116599321E0,-2.092714310E-1,2.409049034E0,2.663476267E0
2.775895318E0,-2.022421360E-1,-1.942295074E0,2.405086279E0,3.098040033E0
2.785895318E0,-6.032967567E-2,-1.997705460E0,2.438151360E0,3.152625703E0
2.795897402E0,9.578776360E-2,-2.035963058E0,3.092150927E0,3.703473805E0
2.805941672E0,7.854535580E-1,-2.045903683E0,3.082036018E0,3.781746315E0
2.815897402E0,8.236351013E-1,-2.027090073E0,3.100576401E0,3.794870612E0
2.825898443E0,7.992501259E-1,-2.016016960E0,3.067066193E0,3.756330680E0
2.835898964E0,7.451715469E-1,-2.036109924E0,2.997418642E0,3.699397623E0
2.845896881E0,6.734876633E-1,-2.106428146E0,2.847130299E0,3.605104174E0
2.855901308E0,5.858049393E-1,-2.211071491E0,2.644667625E0,3.496608559E0
2.865897402E0,4.920010567E-1,-3.014965534E0,1.825685143E0,3.558821217E0
2.875894797E0,4.026300907E-1,-3.091660976E0,1.646368504E0,3.525763440E0
2.885895058E0,3.127496243E-1,-3.710703850E0,1.441481471E0,3.993119610E0
2.895897922E0,2.274091244E-1,-3.766550541E0,-4.624518752E-2,3.773692688E0
2.905967975E0,1.558747292E-1,-3.846744537E0,-2.839840055E-1,3.860361043E0
2.915893600E0,1.006090641E-1,-4.456984520E0,-3.197098672E-1,4.469569061E0
2.926006152E0,5.157732964E-2,-4.467576504E0,-3.524039090E-1,4.481750613E0
2.935894172E0,5.052566528E-3,-4.468389988E0,-3.561244011E-1,4.482561679E0
2.945892766E0,-3.674292564E-2,-4.461812019E0,-3.556579351E-1,4.476115403E0
2.955904172E0,-9.489893913E-2,-4.437605858E0,-5.513165593E-1,4.472728642E0
2.965894277E0,-1.625409126E-1,-4.392165661E0,-4.877474308E-1,4.422152903E0
2.975895058E0,-2.332749367E-1,-4.325788021E0,-4.252660871E-1,4.352896788E0
2.985898183E0,-3.214581013E-1,-4.244806767E0,-3.638224304E-1,4.272480141E0
2.995894277E0,-4.785437584E-1,-4.107398987E0,-4.624183178E-1,4.160956773E0
3.005934120E0,-5.789220333E-1,-4.044891357E0,-4.015122950E-1,4.105789685E0
3.015894277E0,-6.875332594E-1,-3.998142242E0,-3.393120766E-1,4.070992024E0
3.025896100E0,-7.926383018E-1,-3.965317726E0,-2.778352201E-1,4.053296505E0
3.035895839E0,-1.425040960E0,-3.939852238E0,-2.168823928E-1,4.195261061E0
3.045894797E0,-1.458769321E0,-3.921280384E0,-3.576196432E-1,4.199087948E0
3.055902610E0,-1.480949044E0,-3.894314289E0,-2.968052030E-1,4.176959083E0
3.065896360E0,-1.502646327E0,-3.855152607E0,-2.364185154E-1,4.144398789E0
3.075895058E0,-1.508487225E0,-3.800690651E0,-1.765629351E-1,4.092915538E0
3.085919016E0,-1.475228190E0,-3.713567257E0,-1.173925400E-1,3.997581893E0
3.095901829E0,-1.407668352E0,-3.598012447E0,-2.600971758E-1,3.872321565E0
3.105949016E0,-1.291357040E0,-2.677734375E0,-2.014676034E-1,2.979673402E0
3.115901047E0,-6.185822487E-1,-1.906293392E0,1.620045185E0,2.577041889E0
3.125893287E0,-5.476086140E-1,-8.765363693E-1,1.663976669E0,1.958828619E0
3.135894797E0,-4.867522717E-1,2.859840393E-1,1.614898920E0,1.710734686E0
3.145896620E0,-4.292571545E-1,1.860376358E0,1.526612878E0,2.444546743E0
3.155903652E0,-3.316276073E-1,4.291119576E0,-1.471150815E-1,4.306428558E0
3.165896620E0,-1.889290810E-1,8.156947136E0,9.658134580E-1,8.216098613E0
3.175896881E0,2.934513569E0,1.317009830E1,2.546972513E0,1.373134838E1
3.185896360E0,3.945346355E0,1.318505287E1,1.125884056E0,1.380865642E1
3.195898704E0,4.152653217E0,1.302182579E1,-2.863340974E-1,1.367093497E1
3.205947402E0,5.242423058E0,1.183965778E1,-1.354153037E0,1.301899483E1
3.215899485E0,5.458707809E0,1.043156624E1,-1.511473179E0,1.187011442E1
3.225893756E0,5.566264629E0,8.051486969E0,-2.179556131E0,1.002797134E1
3.235894277E0,5.500424862E0,4.042149544E0,-3.384448528E0,7.618932894E0
3.245895839E0,4.167134285E0,-1.453332901E-1,-5.219884396E0,6.680817541E0
3.255898704E0,2.579859734E0,-1.399842262E0,-6.000433445E0,6.679853002E0
3.265923443E0,1.438531399E0,-2.244801521E0,-5.863380432E0,6.441097464E0
3.275892089E0,6.963517666E-1,-2.333956242E0,-4.710256100E0,5.302713461E0
3.285913600E0,5.197355747E-1,-2.400068283E0,-3.764194727E0,4.494398155E0
3.295891985E0,-4.788866043E-1,-2.396853924E0,-2.980187654E0,3.854317004E0
3.305936256E0,-6.027650833E-1,-2.260155201E0,-2.699450970E0,3.571927045E0
3.315898183E0,-7.131608725E-1,2.288341522E-2,-1.482015252E0,1.644837770E0
3.325896881E0,-7.273306847E-1,6.261062622E-2,-1.228064179E0,1.428660787E0
3.335897402E0,-6.664925814E-1,1.057234764E0,5.493208170E-1,1.365178035E0
3.345896100E0,-6.081453562E-1,1.213104248E0,6.881906986E-1,1.521535122E0
3.355898704E0,-5.393762589E-1,2.089028358E0,8.642756939E-1,2.324207113E0
3.365895579E0,-5.322263241E-1,2.046070099E0,9.592353106E-1,2.321594299E0
3.375893495E0,-5.697746277E-1,1.884618759E0,8.468090892E-1,2.143249082E0
3.385894797E0,-6.343663931E-1,-2.156448364E-2,8.726998568E-1,1.079115743E0
3.395894797E0,-2.384944916E0,-1.277637482E-2,8.977433443E-1,2.548346248E0
3.405939850E0,-2.298636198E0,-1.553514481E0,9.219071865E-1,2.923533559E0
3.415894277E0,-2.213958979E0,-1.712690353E0,9.464562535E-1,2.954776141E0
3.425894016E0,-2.330403805E0,-2.465102196E0,7.706090808E-1,3.478699338E0
3.435894797E0,-2.248229027E0,-2.473944187E0,7.950271964E-1,3.436131814E0
3.445925787E0,-4.609504938E-1,-2.432548046E0,8.198460937E-1,2.608047732E0
3.455897506E0,2.799563408E-1,-2.326488495E0,8.460410833E-1,2.491326912E0
3.465990422E0,1.014115334E0,-1.413127899E0,8.725494742E-1,1.945945260E0
3.475894850E0,1.772230864E0,-1.273040771E0,7.009274364E-1,2.291884445E0
3.485895318E0,2.488080263E0,-5.905818939E-2,7.292500138E-1,2.593421842E0
3.495896620E0,2.657693148E0,-4.286003113E-2,7.577940226E-1,2.763950367E0
3.505937245E0,3.570641279E0,-2.660274506E-2,7.864584923E-1,3.656323811E0
3.515896620E0,3.571856260E0,-5.388259888E-4,8.142302632E-1,3.663485820E0
3.525896100E0,3.508668423E0,-6.866073608E-2,6.420293450E-1,3.567586029E0
3.535895839E0,2.713152170E0,1.233487129E0,7.084519267E-1,3.063427709E0
3.545897662E0,2.507509947E0,1.170935631E0,7.351237535E-1,2.863407641E0
3.555903391E0,1.497931480E0,1.064893723E0,7.620765567E-1,1.989612535E0
3.565896100E0,1.268996954E0,-1.451396942E-2,-5.409288406E-1,1.379553527E0
3.575893235E0,1.819391251E-1,2.176094055E-2,-1.256268501E0,1.269561314E0
3.585905995E0,4.033970833E-2,5.772590637E-2,-1.968086004E0,1.969345600E0
3.595893756E0,-6.406116486E-2,9.335041046E-2,-2.084535122E0,2.087607436E0
3.605946881E0,-1.112744808E-1,1.286115646E-1,-2.176407337E0,2.183041878E0
3.615904433E0,-1.032342911E-1,6.379032135E-2,-2.235490084E0,2.238781463E0
3.625951829E0,-3.525948524E-2,8.953475952E-2,-2.211333036E0,2.213425739E0
3.635888079E0,4.724550247E-2,1.164131165E-1,-2.073626041E0,2.077428485E0
3.645925475E0,6.544985771E-1,1.423473358E-1,-1.198971987E0,1.373377216E0
3.655889902E0,6.604011059E-1,1.689252853E-1,-4.465773702E-1,8.149212969E-1
3.665901100E0,6.072640419E-1,9.548664093E-2,8.108084798E-1,1.017495802E0
3.675908600E0,4.800541401E-1,1.212882996E-1,9.075543880E-1,1.033836446E0
3.685908079E0,-5.061388016E-1,1.417083740E-1,1.002433062E0,1.131870042E0
3.695904433E0,-6.513559818E-1,1.619806290E-1,1.095020771E0,1.284356971E0
3.705950787E0,-1.727107048E0,1.795234680E-1,1.161380768E0,2.089002805E0
3.715903391E0,-2.817952156E0,1.650691986E0,1.021692157E0,3.421913682E0
3.725907037E0,-2.755193710E0,1.692838669E0,1.042611718E0,3.397621865E0
3.735904693E0,-2.693060637E0,1.728401184E0,1.062481761E0,3.371767154E0
3.745908600E0,-2.619683027E0,1.755142212E0,1.083623171E0,3.334291907E0
3.755903912E0,-2.740970373E0,1.746089935E0,9.043632746E-1,3.373369470E0
3.765903912E0,-2.625469446E0,1.677807808E0,9.266237020E-1,3.250655371E0
3.775907297E0,-1.392181873E0,1.549663544E0,9.479843974E-1,2.288733686E0
3.785905735E0,-1.215313911E0,9.525299072E-3,9.703453183E-1,1.555200525E0
3.795904693E0,-1.085559726E0,3.136634827E-3,9.934084415E-1,1.471499266E0
3.805985162E0,-1.021617413E0,-1.008644104E-1,8.159316778E-1,1.311342926E0
3.815895943E0,-9.875080585E-1,-1.022748947E-1,8.414973617E-1,1.301441558E0
3.826064068E0,-1.935530424E0,-1.021270752E-1,8.673951626E-1,2.123459990E0
3.835903808E0,-1.800439954E0,-1.001071930E-1,2.022344589E0,2.709517137E0
3.845900006E0,-1.670935154E0,-1.160457611E0,2.044818401E0,2.884435551E0
3.855903652E0,-6.626794338E-1,-2.059587479E0,2.049857140E0,2.980429316E0
3.865895318E0,-5.335798264E-1,-2.176474094E0,2.031071186E0,3.024400284E0
3.875899225E0,1.530179977E-1,-2.988970757E0,1.988376617E0,3.593188315E0
3.885896881E0,2.787004709E-1,-3.082462311E0,1.869537711E0,3.615856621E0
3.895900787E0,1.146413922E0,-3.970164776E0,5.974760652E-1,4.175338415E0
3.905918495E0,1.186486125E0,-4.019431591E0,5.878896713E-1,4.231925555E0
3.915898183E0,1.196527123E0,-4.070250511E0,5.796679258E-1,4.281895758E0
3.925897402E0,1.143467903E0,-4.119759560E0,5.720638633E-1,4.313605770E0
3.935894537E0,1.047130942E0,-4.174759388E0,5.650601387E-1,4.341012799E0
3.945897402E0,9.117156267E-1,-4.225242615E0,3.589782119E-1,4.337368545E0
3.955895318E0,4.703772068E-2,-4.263893127E0,3.561094403E-1,4.278996504E0
3.965892975E0,-7.457602024E-2,-4.278035164E0,3.940884471E-1,4.296795568E0
3.975896360E0,-2.108722925E-1,-4.273064137E0,4.333038032E-1,4.300150744E0
3.985903912E0,-3.647860289E-1,-4.246563435E0,4.720520973E-1,4.288263405E0
3.995900943E0,-1.927601695E0,-4.206116199E0,3.109931350E-1,4.637216677E0
4.005948547E0,-1.932223797E0,-4.138734341E0,3.513977826E-1,4.581057863E0
4.015894329E0,-1.936431050E0,-4.072391033E0,3.915841877E-1,4.526308884E0
4.025895631E0,-1.905741930E0,-4.018789768E0,4.320262074E-1,4.468687743E0
4.035896620E0,-1.871856689E0,-3.985790253E0,1.641914010E0,4.699601368E0
4.045894277E0,-2.033748150E0,-3.970911026E0,1.681465745E0,4.767766035E0
4.055897922E0,-1.991104364E0,-3.967226028E0,1.725246429E0,4.762337052E0
4.065897141E0,-1.889152765E0,-3.998909473E0,1.744061232E0,4.754148160E0
4.075894797E0,-1.073254347E-1,-4.082636833E0,1.736597776E0,4.437929033E0
4.085895579E0,6.209019423E-1,-4.105895042E0,1.650145769E0,4.468430863E0
4.095910162E0,7.473433018E-1,-4.076769829E0,1.580221176E0,4.435726909E0
4.105916464E0,8.929955959E-1,-4.006683350E0,1.564129353E0,4.392886663E0
4.115894016E0,1.035970211E0,-3.886106968E0,1.611261249E0,4.332577115E0
4.125894797E0,1.068791032E0,-2.962214470E0,2.443933487E0,3.986206182E0
4.135894016E0,1.041665912E0,-2.787953377E0,2.539011240E0,3.912074894E0
4.145894537E0,9.389505386E-1,-1.388852119E0,3.415714979E0,3.804950347E0
4.155894537E0,7.669886351E-1,1.242933273E-1,3.332449675E0,3.421833022E0
4.165913808E0,-1.585640907E-1,1.562242508E-1,3.188953161E0,3.196712507E0
4.175895370E0,-3.278499842E-1,3.209639549E0,2.327722549E0,3.978387100E0
4.185938131E0,-3.524098396E-1,7.723131180E0,2.289094687E0,8.062933858E0
4.195899797E0,1.027011395E0,1.132230186E1,2.301133871E0,1.159933140E1
4.205914641E0,2.703592777E0,1.314687634E1,1.987936020E0,1.356840672E1
4.215894016E0,4.247422218E0,1.327314663E1,-6.571208239E-1,1.395166029E1
4.225893235E0,5.379602432E0,1.322893429E1,-6.960722208E-1,1.429787891E1
4.235899745E0,6.392891884E0,1.301377296E1,-2.507778645E0,1.471449310E1
4.245894797E0,7.856231689E0,1.140209770E1,-2.668139219E0,1.410131821E1
4.255897662E0,7.886460304E0,4.026185989E0,-4.797671795E0,1.007095251E1
4.265895839E0,5.319540024E0,-8.311271667E-3,-6.338056087E0,8.274571295E0
4.275897141E0,3.196621180E0,-1.626174927E0,-6.259912491E0,7.214522593E0
4.285896360E0,1.359395504E0,-2.353421211E0,-6.066033363E0,6.647052602E0
4.295899225E0,2.057337761E-2,-2.344549656E0,-4.878022671E0,5.412249212E0
4.305917975E0,-1.024900198E0,-2.201885700E0,-3.926472187E0,4.616915084E0
4.315894016E0,-1.222449660E0,6.398868561E-2,-3.000868797E0,3.240939873E0
4.325896100E0,-1.335461617E0,9.365081787E-3,-2.148380041E0,2.529640732E0
4.335896881E0,-1.344301820E0,1.680815697E0,-1.280043960E0,2.504156810E0
4.345907558E0,-4.743776321E-1,2.847766876E0,2.114325613E-1,2.894739029E0
4.355897454E0,2.423334122E-1,2.991018295E0,3.558809757E-1,3.021848308E0
4.366066881E0,3.975834846E-1,3.588812828E0,4.971116781E-1,3.644827865E0
4.375891725E0,1.308647156E0,3.551676750E0,4.355145693E-1,3.810070610E0
4.385894068E0,1.362119198E0,3.415357590E0,5.459957719E-1,3.717276901E0
4.395895318E0,1.360944033E0,2.136837959E0,6.263328195E-1,2.609700735E0
4.405927089E0,1.232964039E0,8.667945862E-2,6.600065231E-1,1.401186019E0
4.415898704E0,2.007341385E-2,9.806442261E-2,6.918513775E-1,6.990550060E-1
4.425895318E0,-7.427835464E-1,-1.660755157E0,5.242930055E-1,1.893335217E0
4.435896881E0,-1.522880316E0,-2.757650375E0,5.964095592E-1,3.206166623E0
4.445896620E0,-2.490148067E0,-3.433073521E0,6.270496249E-1,4.287192838E0
4.455899745E0,-2.418420792E0,-3.429560661E0,6.580038667E-1,4.247777601E0
4.465895579E0,-1.474669456E0,-3.358587265E0,4.902455211E-1,3.700689003E0
4.475896620E0,-5.800848007E-1,-2.652793884E0,5.226910114E-1,2.765324513E0
4.485896360E0,3.337385654E-1,-2.485410690E0,-1.086354136E0,2.732912922E0
4.495898443E0,1.259218216E0,-1.243615150E0,-1.137980700E0,2.104093446E0
4.505920839E0,2.173842907E0,-1.081766129E0,-1.134325743E0,2.680019745E0
4.515895058E0,2.944887161E0,2.526283264E-2,-1.017350674E0,3.115766518E0
4.525896360E0,3.061797857E0,4.276561737E-2,5.104762316E-1,3.104355167E0
4.535900995E0,3.114762068E0,6.030941010E-2,5.459384918E-1,3.162819755E0
4.545912193E0,3.052175760E0,8.544826508E-2,5.801349878E-1,3.107995316E0
4.555885527E0,2.857476234E0,1.154212952E-1,6.133645773E-1,2.924843348E0
4.565892506E0,1.649899960E0,4.983329773E-2,4.468030930E-1,1.710054455E0
4.575896620E0,8.418285847E-1,8.084583282E-2,4.802833498E-1,9.725654275E-1
4.585894016E0,6.967067719E-3,1.115550995E-1,5.139836669E-1,5.259964735E-1
4.595898704E0,-7.022001743E-1,1.418828964E-1,5.478744507E-1,9.018770730E-1
4.605924225E0,-8.463757038E-1,1.718778610E-1,-1.026401997E0,1.341415256E0
4.615897141E0,-9.460055828E-1,1.018476486E-1,-1.081732273E0,1.440640211E0
4.625895839E0,-9.347848892E-1,1.514549255E-1,-1.062835693E0,1.423510132E0
4.635897662E0,-8.311738968E-1,1.730155945E-1,-1.005132914E0,1.315703848E0
4.645895058E0,-7.457804680E-2,1.867046356E-1,-9.293504357E-1,9.508484308E-1
4.655900787E0,3.061962128E-2,1.010742188E-1,4.225143194E-1,4.355133856E-1
4.665892975E0,1.482670307E-1,1.157226562E-1,4.615432322E-1,4.983944229E-1
4.675894277E0,7.685191631E-1,1.307678223E-1,5.010425448E-1,9.266960447E-1
4.685893756E0,7.792568207E-1,1.461114883E-1,5.407765508E-1,9.597025776E-1
4.695898443E0,7.550904751E-1,1.617221832E-1,1.675585628E0,1.844966906E0
4.705933079E0,6.799583435E-1,1.124878883E0,1.740839362E0,2.181333889E0
4.715904485E0,-2.539443970E-2,1.844435692E0,1.748931646E0,2.541918528E0
4.725906100E0,-1.355087757E-1,1.878274918E0,1.690490961E0,2.530620277E0
4.735899850E0,-9.931917191E-1,1.887570381E0,1.574293375E0,2.650990638E0
4.745894797E0,-1.120704651E0,1.831132889E0,5.591216683E-1,2.218477769E0
4.755899745E0,-2.738276482E0,1.712786674E0,3.961407542E-1,3.254031927E0
4.765898183E0,-2.685154200E0,5.994987488E-2,4.329880178E-1,2.720500999E0
4.775901308E0,-2.632735729E0,7.809066772E-2,4.701244831E-1,2.675520996E0
4.785898183E0,-2.571664095E0,9.382724762E-2,5.072323084E-1,2.622888557E0
4.795898183E0,-2.481452703E0,1.017665863E-1,5.437604785E-1,2.542368859E0
4.805924485E0,-2.547830820E0,-1.900794506E0,4.208301604E-1,3.206487122E0
4.815895839E0,-2.404384851E0,-2.690885544E0,1.654469371E0,3.969785942E0
4.825895839E0,-2.263330221E0,-2.785271168E0,1.671490788E0,3.959075728E0
4.835897922E0,-5.854749680E-1,-2.887463093E0,1.671102405E0,3.387153273E0
4.845891672E0,-4.044618607E-1,-3.001256943E0,1.655527353E0,3.451362550E0
4.855895839E0,-2.236447334E-1,-3.653468132E0,1.597213030E0,3.993611877E0
4.865907297E0,-7.850587368E-2,-3.695911884E0,1.501683474E0,3.990110410E0
4.875910683E0,4.434645176E-2,-3.748928547E0,4.317604601E-1,3.773969919E0
4.885904954E0,1.259881258E-1,-3.817962646E0,4.306787252E-1,3.844241920E0
4.895914381E0,1.384164095E-1,-3.886363983E0,2.299528271E-1,3.895620928E0
4.905908600E0,1.348465681E-1,-3.958652020E0,2.296712995E-1,3.967601078E0
4.915887818E0,1.311913729E-1,-4.034121990E0,2.299119830E-1,4.042797414E0
4.925895891E0,9.870731831E-2,-4.101712704E0,2.297699749E-1,4.109328957E0
4.935908079E0,5.608797073E-2,-4.163343906E0,2.297309339E-1,4.170054513E0
4.945906516E0,1.295924187E-3,-4.199864864E0,7.357822359E-2,4.200509530E0
4.955904693E0,-6.408202648E-2,-4.215111732E0,1.169559434E-1,4.217220900E0
4.965910943E0,-1.537182331E-1,-4.201886177E0,1.618169695E-1,4.207809581E0
4.975908079E0,-2.848616838E-1,-4.153882980E0,2.061029673E-1,4.168737030E0
4.985906516E0,-2.115185022E0,-4.019655228E0,1.706943274E0,4.852349036E0
4.995893287E0,-2.094729185E0,-3.936989307E0,1.784017563E0,4.803175390E0
5.005950527E0,-2.073888302E0,-3.867874146E0,1.836524725E0,4.757550437E0
5.015904954E0,-2.050702095E0,-3.820830345E0,1.847915411E0,4.713694408E0
5.025908339E0,-2.024225950E0,-3.798273087E0,1.811798215E0,4.669794632E0
5.035904693E0,-2.192254066E0,-3.782865047E0,1.760474443E0,4.713312649E0
5.045905475E0,-2.085663795E0,-3.780097961E0,1.615799069E0,4.609765796E0
5.055904954E0,-1.979335189E0,-3.762647629E0,1.471969128E0,4.499108587E0
5.065904693E0,-1.871629834E0,-3.717946529E0,1.358497143E0,4.378543036E0
5.075908652E0,-1.764798164E0,-3.634290695E0,1.266872644E0,4.234093494E0
5.085898235E0,-3.904480934E-1,-2.923093796E0,1.213756561E0,3.189064446E0
5.095879068E0,-3.116078377E-1,-2.807169914E0,1.189866066E0,3.064813800E0
5.105902558E0,-2.851017714E-1,-1.767352104E0,1.235339642E0,2.175058737E0
5.115895631E0,-3.140442371E-1,1.675634384E-1,2.520175457E0,2.545188720E0
5.125897922E0,-1.460571885E0,2.760025978E0,3.452622652E0,4.655278381E0
5.135895579E0,-1.560845971E0,8.240661621E0,4.433179379E0,9.486718268E0
5.145898704E0,8.164910078E-1,1.235017681E1,5.186287403E0,1.341980260E1
5.155909120E0,2.959319115E0,1.416512775E1,4.989645958E0,1.530702390E1
5.165897922E0,6.635731220E0,1.436247826E1,1.935590506E0,1.593926664E1
5.175895318E0,8.427945137E0,1.435449028E1,7.646127343E-1,1.666332149E1
5.185894797E0,8.503935814E0,1.410541725E1,-9.107478857E-1,1.649573223E1
5.195894016E0,8.560892105E0,1.068114948E1,-3.232975960E0,1.406513283E1
5.205901829E0,8.521669388E0,5.090640068E0,-5.249052048E0,1.122880282E1
5.215899381E0,8.409169197E0,-6.550407410E-2,-7.053568363E0,1.097593932E1
5.225894016E0,5.030120850E0,-1.652261734E0,-7.136240482E0,8.885832140E0
5.235892193E0,2.200645924E0,-2.629909039E0,-7.002181053E0,7.796781614E0
5.245894016E0,-2.620959282E-1,-2.725667953E0,-6.173701763E0,6.753706651E0
5.255962714E0,-1.920915365E0,-2.800922871E0,-5.213623524E0,6.222294996E0
5.265895110E0,-3.649629593E0,-2.811548233E0,-3.858322620E0,6.009263938E0
5.275889745E0,-3.899585962E0,-2.704292297E0,-2.524123430E0,5.375050381E0
5.285896412E0,-4.067302704E0,-1.714683056E0,-1.382897496E0,4.625526430E0
5.295901829E0,-4.094339371E0,1.155567169E-1,-1.671627015E-1,4.099379417E0
5.305904172E0,-2.439501047E0,1.432867050E-1,-2.929200232E-2,2.443881024E0
5.315902610E0,-2.358596325E0,1.561743736E0,1.057922393E-1,2.830761756E0
5.325896360E0,-7.073532343E-1,2.422132492E0,1.474112272E0,2.922341766E0
5.335895579E0,5.375578403E-1,2.532196999E0,1.476151586E0,2.979935163E0
5.345900787E0,1.616389990E0,2.546108246E0,2.033356726E-1,3.022702300E0
5.355902350E0,1.728416920E0,2.402052879E0,2.512527108E-1,2.969917677E0
5.365900266E0,1.822654247E0,1.404562950E0,9.964561462E-2,2.303214023E0
5.375894537E0,1.858273983E0,1.099586487E-2,1.463735402E-1,1.864062316E0
5.385896100E0,1.781118631E0,3.046607971E-2,1.920922846E-1,1.791706228E0
5.395896881E0,1.645509958E0,5.652332306E-2,2.368976176E-1,1.663435719E0
5.405901047E0,9.984185696E-1,8.283138275E-2,2.809038758E-1,1.040484342E0
5.415896360E0,9.502198696E-1,-1.449021339E0,1.235647947E-1,1.737195700E0
5.425893235E0,9.251718521E-1,-1.489207268E0,1.660433412E-1,1.761037090E0
5.435952714E0,9.248073101E-1,-1.542641640E0,2.094590217E-1,1.810769138E0
5.445900318E0,9.351143837E-1,-1.604967117E0,2.514947653E-1,1.874462050E0
5.455888339E0,9.696958065E-1,-1.667643547E0,2.933842242E-1,1.951260941E0
5.465894068E0,1.021002531E0,-1.725792408E0,1.367193311E-1,2.009850188E0
5.475892975E0,1.067631483E0,-1.767929554E0,1.801048517E-1,2.073125575E0
5.485894797E0,1.082452297E0,-1.814660072E0,2.221187353E-1,2.124624881E0
5.495897662E0,1.071770191E0,-1.868446827E0,2.636871338E-1,2.170095803E0
5.505902350E0,1.033594847E0,-1.908691406E0,3.050290942E-1,2.191908743E0
5.515896881E0,9.703860283E-1,-1.897645473E0,1.467597038E-1,2.136409558E0
5.525896881E0,8.816802502E-1,-1.164436340E0,2.282292545E-1,1.478296535E0
5.535896100E0,8.687098026E-1,2.188177109E-1,2.694140375E-1,9.354794682E-1
5.545897402E0,9.263556004E-1,2.479362488E-1,3.104282618E-1,1.007954755E0
5.555898964E0,1.576563597E0,1.407683372E0,1.518999934E-1,2.119008933E0
5.565895318E0,1.599302292E0,2.356109619E0,1.931429207E-1,2.854176684E0
5.575895318E0,1.566285133E0,3.026761055E0,2.343104780E-1,3.416055182E0
5.585896881E0,1.465051651E0,3.091140747E0,2.755717039E-1,3.431831468E0
5.595896100E0,7.509107590E-1,3.074177742E0,3.181822598E-1,3.180515007E0
5.605900787E0,5.765986443E-2,2.926790237E0,1.598757803E-1,2.931720658E0
5.615977922E0,-7.116472721E-1,1.532186508E0,2.042314112E-1,1.701689691E0
5.625912037E0,-1.582728505E0,2.075071335E-1,1.781023264E0,2.391679869E0
5.635900110E0,-2.882357121E0,-1.071559906E0,1.836152434E0,3.581574928E0
5.645895370E0,-2.835076094E0,-2.356752396E0,1.926806927E0,4.159870580E0
5.655901829E0,-2.987313032E0,-3.307991982E0,2.535656452E0,5.128001925E0
5.665897662E0,-2.939552546E0,-3.458564281E0,2.554631233E0,5.208529235E0
5.675896100E0,-2.869527817E0,-4.289842129E0,2.551277876E0,5.757252312E0
5.685896360E0,-2.775538683E0,-4.319249630E0,2.453461647E0,5.690255390E0
5.695898964E0,-2.640219212E0,-4.332344532E0,2.323717594E0,5.580289427E0
5.705901829E0,-6.633840799E-1,-4.330537796E0,1.304999232E0,4.571286366E0
5.715894797E0,5.001680851E-1,-4.365553856E0,1.111764908E0,4.532576507E0
5.725897402E0,6.898643970E-1,-4.464072227E0,-6.238482893E-2,4.517493288E0
5.735896360E0,1.505187511E0,-5.267625809E0,-9.546728432E-2,5.479286916E0
5.745896620E0,1.630979776E0,-5.404595852E0,-3.279557228E-1,5.654848036E0
5.755901829E0,1.672868967E0,-6.272900105E0,-3.610482812E-1,6.502162884E0
5.765893495E0,1.657442808E0,-6.333596706E0,-3.935156763E-1,6.558690303E0
5.775899225E0,1.554541826E0,-6.363820076E0,-3.896822929E-1,6.562519222E0
5.785895318E0,1.413188934E0,-6.360060215E0,-3.802109957E-1,6.526256914E0
5.796026568E0,1.226313591E0,-6.320995808E0,-5.243504643E-1,6.460168452E0
5.805889641E0,1.032594681E0,-6.224085331E0,1.153068423E0,6.413661729E0
5.815914277E0,8.495278358E-1,-6.083362579E0,1.934428215E0,6.439798936E0
5.825898756E0,6.694681644E-1,-5.346775532E0,2.095756531E0,5.781729123E0
5.835896881E0,4.950463772E-1,-5.229541302E0,2.760626793E0,5.934158191E0
5.845895579E0,3.111045361E-1,-5.120331287E0,2.715603590E0,5.804229611E0
5.855898704E0,-4.685850143E-1,-5.037601948E0,2.063036919E0,5.463801481E0
5.865897922E0,-7.062783241E-1,-4.956160545E0,1.228244781E0,5.154700929E0
5.875896881E0,-2.183920860E0,-4.816606045E0,-5.013155937E-1,5.312299073E0
5.885899225E0,-3.660421848E0,2.147511482E0,-6.834334135E-1,4.298554979E0
5.895898183E0,-3.689360619E0,9.564595222E0,1.561427832E0,1.036971168E1
5.905903912E0,-3.711998463E0,1.405339622E1,3.115603447E0,1.486552599E1
5.915894537E0,-9.940848351E-1,1.632087326E1,3.047983408E0,1.663277823E1
5.925900006E0,1.025853395E0,1.736429214E1,2.879145622E0,1.763123638E1
5.935893495E0,2.771839857E0,1.741980743E1,2.123072863E0,1.776626651E1
5.945894016E0,4.487665176E0,1.733746719E1,1.169153929E0,1.794697268E1
5.955898443E0,6.309351921E0,1.616624832E1,-1.140078425E0,1.739124163E1
5.965895318E0,6.578822136E0,1.086770439E1,-1.054884791E0,1.274757551E1
5.975891985E0,6.807678223E0,3.817378998E0,-5.094563961E0,9.320485349E0
5.985888339E0,5.530532360E0,2.069873810E-1,-7.270702839E0,9.137436825E0
5.995893131E0,3.553741455E0,-1.664009094E0,-7.334799767E0,8.318490982E0
6.005899797E0,1.522226572E0,-1.703939915E0,-7.290965080E0,7.640599242E0
6.015894329E0,2.466795444E-1,-1.556769371E0,-7.142627239E0,7.314472336E0
6.025898443E0,1.242663860E-1,2.395715714E-1,-5.754139423E0,5.760465014E0
6.035895058E0,8.035492897E-2,1.541652679E-1,-4.213749886E0,4.217334697E0
6.045894277E0,1.192154884E-1,2.038091660E0,-2.713804007E0,3.395992069E0
6.055905214E0,8.006315231E-1,2.846969604E0,-1.734566927E0,3.428552054E0
6.065900527E0,1.609467506E0,3.603556633E0,-2.115726918E-1,3.952311863E0
6.075893756E0,1.624159098E0,3.540163994E0,-2.691901028E-1,3.904243485E0
6.085895579E0,1.571810007E0,2.887731552E0,9.895278215E-1,3.433474265E0
6.095906777E0,8.547565937E-1,2.133119583E0,1.786292672E0,2.910609816E0
6.105898235E0,-3.616874218E-1,1.263775826E0,1.751100540E0,2.189589055E0
6.115904693E0,-2.902954817E0,2.191734314E-1,1.491551399E-1,2.915035320E0
6.125905475E0,-3.051550627E0,1.377706528E-1,2.677708864E-3,3.054660235E0
6.135904693E0,-5.290498257E0,-1.744880676E0,5.551740527E-2,5.571091685E0
6.145907558E0,-6.223032951E0,-2.512442589E0,1.076867878E-1,6.711937375E0
6.155890370E0,-6.322726250E0,-2.623006821E0,1.593438685E-1,6.847074009E0
6.165913079E0,-6.334055901E0,-2.713855743E0,2.104381770E-1,6.894168650E0
6.175898235E0,-6.166223049E0,-2.760343075E0,6.070764363E-2,6.756144315E0
6.185881777E0,-4.582304955E0,-2.785146713E0,1.095937565E-1,5.363447744E0
6.195903912E0,-2.654452562E0,-2.769143105E0,1.591630429E-1,3.839219297E0
6.205894850E0,-1.074561357E0,-2.697906494E0,2.050280571E-1,2.911257128E0
6.215892558E0,7.732179165E-1,-2.054228306E0,-1.089813709E0,2.450594581E0
6.225905735E0,2.335503101E0,-1.933473587E0,-1.236165285E0,3.274293735E0
6.235905475E0,3.518546581E0,8.233547211E-2,-1.828039289E0,3.965939588E0
6.245907037E0,4.449014187E0,1.052198410E-1,-1.637586594E0,4.741992018E0
6.255906516E0,4.538574696E0,1.201496124E-1,2.935052514E-1,4.549641912E0
6.265911464E0,4.499596596E0,4.955291748E-2,1.384297907E-1,4.501998203E0
6.275909902E0,4.323284149E0,1.154094696E0,1.838899553E-1,4.478452402E0
6.285906256E0,3.508220196E0,1.206699371E0,2.297800034E-1,3.717059478E0
6.295907297E0,2.730294466E0,1.213094711E0,2.737282813E-1,3.000172299E0
6.305906777E0,2.468481779E0,2.248764038E-1,3.172978759E-1,2.498929697E0
6.315905475E0,1.252842188E0,1.722221375E-1,1.608168334E-1,1.274808247E0
6.325906256E0,4.849016666E-1,2.192630768E-1,2.056191564E-1,5.705130679E-1
6.335892037E0,-2.915778160E-1,2.657203674E-1,2.483797073E-1,4.661731604E-1
6.345912454E0,-5.027740002E-1,3.117017746E-1,-1.345511198E0,1.469809537E0
6.355911412E0,-1.250417113E0,3.570480347E-1,-1.394042850E0,1.906405446E0
6.365893027E0,-1.306370735E0,-1.174285889E0,-1.445030451E0,2.274569157E0
6.375895891E0,-1.300740242E0,-1.120371819E0,-1.483556271E0,2.268941911E0
6.385895839E0,-1.205855608E0,-1.010241508E0,-1.481699228E0,2.161043326E0
6.395897922E0,-4.139242172E-1,3.786592484E-1,-1.410423994E0,1.517897206E0
6.405897141E0,-2.965819836E-1,3.885240555E-1,-1.262479782E0,1.353797258E0
6.415896100E0,-1.528565884E-1,2.991428375E-1,2.261294276E-1,4.049519624E-1
6.425895579E0,5.620954037E-1,3.302202225E-1,3.110036552E-1,7.223018148E-1
6.435893235E0,5.262823105E-1,1.541994095E0,3.562157750E-1,1.667815499E0
6.445895839E0,4.236438274E-1,1.537722588E0,4.011794329E-1,1.644691395E0
6.455895058E0,-5.099639893E-1,1.493837357E0,2.464642972E-1,1.597610080E0
6.465896100E0,-6.236829758E-1,1.439756393E0,2.914467156E-1,1.595875971E0
6.475893756E0,-1.514816284E0,1.411307335E0,3.364820182E-1,2.097540683E0
6.485894016E0,-1.614402771E0,1.434425354E0,3.798833191E-1,2.192757109E0
6.495898964E0,-2.979629040E0,1.464453697E0,4.238522649E-1,3.347008304E0
6.505895579E0,-3.103395462E0,1.504331589E0,2.670482397E-1,3.459102728E0
6.515888547E0,-3.028944016E0,1.547969818E0,1.388580441E0,3.674080572E0
6.525911360E0,-2.945540905E0,1.581846237E0,2.173651218E0,3.987882691E0
6.535903704E0,-2.859702110E0,1.603987694E0,2.256913185E0,3.980493664E0
6.545914120E0,-2.745403051E0,1.578820229E0,2.363709450E0,3.951839267E0
6.555892245E0,-2.829431772E0,1.509923935E0,3.007032633E0,4.396339352E0
6.565911829E0,-2.669835567E0,1.361973763E0,3.021499157E0,4.255872606E0
6.575892714E0,-2.514607430E0,8.653831482E-2,2.993060827E0,3.910134591E0
6.585897402E0,-2.362426996E0,7.775211334E-2,2.912920952E0,3.751295133E0
6.595892975E0,-2.214166403E0,7.155895233E-2,2.812995672E0,3.580586292E0
6.605896881E0,-2.229423761E0,-1.172778130E0,2.605986118E0,3.624486515E0
6.615896100E0,-5.787630081E-1,-1.310067177E0,2.425623417E0,2.816893961E0
6.625898443E0,-4.278841019E-1,-2.155173302E0,1.627870083E0,2.734559886E0
6.635899485E0,-2.938684225E-1,-2.272367001E0,1.461758852E0,2.717857497E0
6.645897662E0,-1.692779064E-1,-3.015463829E0,1.265058279E0,3.274454086E0
6.655895058E0,-4.489684105E-2,-3.109647751E0,-3.818336725E-1,3.133324403E0
6.665897402E0,7.522809505E-2,-3.740871429E0,-4.109436870E-1,3.764127127E0
6.675894797E0,9.800100327E-2,-3.808874130E0,-4.387872815E-1,3.835317538E0
6.685896620E0,1.014103889E-1,-3.900389671E0,-4.617190957E-1,3.928932193E0
6.695900995E0,7.717204094E-2,-4.561747074E0,-6.583685279E-1,4.609657364E0
6.705918131E0,2.895987034E-2,-4.597684383E0,-6.515249610E-1,4.643708124E0
6.715936412E0,-4.361605644E-2,-4.641019344E0,-6.423594356E-1,4.685465672E0
6.725891985E0,-1.238929033E-1,-4.695073128E0,-5.762058496E-1,4.731920784E0
6.735895579E0,-2.196345329E-1,-4.754330635E0,-5.131047964E-1,4.786979804E0
6.745894277E0,-3.097893000E-1,-4.814161301E0,-6.491572857E-1,4.867599369E0
6.755898183E0,-3.811743259E-1,-4.888934135E0,-5.860524774E-1,4.938666657E0
6.765900527E0,-4.454393387E-1,-5.496927738E0,-5.247729421E-1,5.539857165E0
6.775897402E0,-4.887520075E-1,-5.519097328E0,-4.648607671E-1,5.560162711E0
6.785898183E0,-4.740903378E-1,-5.640951633E0,-5.671458244E-1,5.689178444E0
6.795897402E0,-4.295097589E-1,-5.695243835E0,-5.099155903E-1,5.734134188E0
6.805894797E0,-3.702709675E-1,-5.721510887E0,-4.513708949E-1,5.751219271E0
6.815895839E0,-2.908397913E-1,-5.712965012E0,-3.939375281E-1,5.733911735E0
6.825896100E0,4.197500944E-1,-5.653249741E0,-3.391614556E-1,5.678948253E0
6.835894797E0,4.519463778E-1,-5.540039062E0,-4.860189557E-1,5.579650775E0
6.845894797E0,5.061727762E-1,-4.740837097E0,-4.312772155E-1,4.787248406E0
6.855895579E0,5.752952099E-1,-3.998074532E0,-3.766043186E-1,4.056771543E0
6.865895318E0,6.018482447E-1,-2.896226883E0,1.561370373E0,3.344881001E0
6.875913912E0,5.543978214E-1,2.973785400E-1,2.820473909E0,2.889786154E0
6.885915422E0,5.382654667E-1,5.763536453E0,2.975900650E0,6.508768458E0
6.895968131E0,1.751540661E0,1.169737911E1,4.753770828E0,1.274734913E1
6.905893443E0,3.189346790E0,1.478489780E1,4.837526798E0,1.587976075E1
6.915894850E0,4.036451340E0,1.621353912E1,4.651935101E0,1.734394103E1
6.925899485E0,4.133199692E0,1.631270599E1,2.918183804E0,1.707933000E1
6.935897922E0,4.882825851E0,1.630205154E1,1.287369013E0,1.706622957E1
6.945895839E0,5.029000759E0,1.611973953E1,-5.582264066E-1,1.689522027E1
6.955895839E0,5.123268127E0,1.343945503E1,-3.134787560E0,1.472052040E1
6.965903391E0,3.437757492E0,1.531620026E0,-7.137074947E0,8.068573311E0
6.975895318E0,1.286886930E0,-1.506616592E0,-8.310118675E0,8.543069936E0
6.985897402E0,-2.013680935E-1,-2.804058075E0,-8.243236542E0,8.709433936E0
6.995895318E0,-2.232805967E0,-2.875350952E0,-7.317628860E0,8.173173051E0
7.005896881E0,-2.193947554E0,-2.821672440E0,-5.892655373E0,6.891924881E0
7.015895058E0,-2.154832840E0,-2.090287685E0,-4.260221004E0,5.211726219E0
7.025896100E0,-2.361559629E0,-9.988183975E-1,-2.857461929E0,3.839230490E0
7.035893495E0,-1.050117016E0,5.831527710E-2,-1.578910112E0,1.897130349E0
7.045893756E0,-3.394842148E-3,1.581807137E0,2.799972296E-1,1.606400881E0
7.055916360E0,8.933892250E-1,2.429523468E0,4.600895643E-1,2.629146439E0
7.065892870E0,1.065748215E0,2.509592056E0,6.360166073E-1,2.799712248E0
7.075959537E0,1.994559288E0,2.536826134E0,6.081977487E-1,3.283848061E0
7.085895370E0,2.052234650E0,2.460987091E0,7.347555757E-1,3.287550802E0
7.095893287E0,2.014202356E0,1.668583870E0,8.202700615E-1,2.741172420E0
7.105893027E0,1.165507555E0,9.109210968E-2,8.478641510E-1,1.444153472E0
7.115897662E0,-3.485727310E-2,1.076354980E-1,8.735517263E-1,8.808479145E-1
7.125896360E0,-1.215958238E0,-1.367522240E0,6.996424794E-1,1.959125088E0
7.135897922E0,-2.355035782E0,-2.206709862E0,7.259109616E-1,3.307976522E0
7.145896360E0,-2.260261297E0,-2.385827541E0,7.908298969E-1,3.380290833E0
7.155898183E0,-2.205360889E0,-2.401704788E0,8.156491518E-1,3.361113816E0
7.165896620E0,-2.350273609E0,-2.351497650E0,6.412167549E-1,3.385924713E0
7.175897662E0,-2.293381929E0,-2.268566132E0,6.671848297E-1,3.294105123E0
7.185894797E0,-2.210411310E0,-1.629755974E0,6.958505511E-1,2.833060304E0
7.195892714E0,-2.101346254E-1,-1.539068222E0,7.253090739E-1,1.714339758E0
7.205894277E0,8.334157467E-1,8.766078949E-2,7.548524141E-1,1.127860092E0
7.215900579E0,1.797124147E0,-7.122993469E-3,5.832979083E-1,1.889429117E0
7.225895839E0,2.699520350E0,-1.108169556E-3,6.133669019E-1,2.768326264E0
7.235928652E0,3.433469296E0,5.344390869E-3,6.428081393E-1,3.493127863E0
7.245892714E0,3.593633652E0,1.238918304E-2,6.722212434E-1,3.655986558E0
7.255985839E0,3.653572083E0,3.208637238E-2,6.997922063E-1,3.720124679E0
7.265906568E0,3.642751217E0,-4.384803772E-2,5.256814957E-1,3.680747222E0
7.275891725E0,3.558425426E0,-1.028913498E0,5.509586334E-1,3.744944581E0
7.285896881E0,3.404679298E0,-1.073663712E0,5.757148862E-1,3.616081100E0
7.295900527E0,3.189344168E0,-1.100085258E0,6.002530456E-1,3.426719643E0
7.305897141E0,2.340150833E0,-1.061262131E0,-1.068095088E0,2.782698393E0
7.315899745E0,2.159237385E0,-9.263029099E-1,-1.136482477E0,2.609968503E0
7.325897402E0,1.876326084E0,1.232862473E-1,-1.234705925E0,2.249510568E0
7.335895058E0,1.164474249E0,1.649332047E-1,-1.266696930E0,1.728503500E0
7.345898443E0,1.031257629E0,2.057191849E0,-1.265608311E0,2.626270168E0
7.355904954E0,8.883159161E-1,2.163014412E0,-1.204701662E0,2.630407308E0
7.365904693E0,7.535018921E-1,2.277354240E0,-1.043734193E0,2.616006212E0
7.375905735E0,3.335142136E-2,2.353495598E0,6.162801981E-1,2.433075241E0
7.385906256E0,-8.902072906E-2,2.361437798E0,7.036935687E-1,2.465663765E0
7.395905214E0,-2.350044250E-1,2.304699898E0,7.890096307E-1,2.447326071E0
7.405904954E0,-9.565674067E-1,2.174638748E0,6.711338162E-1,2.468703200E0
7.415943756E0,-9.953438044E-1,1.343752861E0,7.518213391E-1,1.833471125E0
7.425893131E0,-1.026222110E0,1.270834923E0,8.299342990E-1,1.832196540E0
7.435910110E0,-1.046053171E0,1.206600189E0,8.494884968E-1,1.808795721E0
7.445894589E0,-1.035933614E0,2.296180725E-1,8.698373437E-1,1.372042243E0
7.455895162E0,-1.016795754E0,1.384487152E-1,6.915867925E-1,1.237470785E0
7.465891985E0,-9.838229418E-1,1.468935013E-1,7.141836286E-1,1.224558507E0
7.475904954E0,-9.477574825E-1,1.492900848E-1,7.367617488E-1,1.209689898E0
7.485905995E0,-9.429483414E-1,1.548585892E-1,7.614208460E-1,1.221840604E0
7.495907297E0,-9.675887823E-1,1.608657837E-1,7.854472399E-1,1.256595885E0
7.505909902E0,-2.578887463E0,9.025859833E-2,6.516879797E-1,2.661485371E0
7.515907037E0,-2.497736454E0,1.002340317E-1,6.801116467E-1,2.590615005E0
7.525906777E0,-2.418549776E0,1.108589172E-1,7.093078494E-1,2.522853611E0
7.535907558E0,-2.339698315E0,1.216573715E-1,7.386411428E-1,2.456538104E0
7.545904172E0,-2.460031986E0,3.262233734E-2,5.672008395E-1,2.524784819E0
7.555908079E0,-2.379639864E0,4.363536835E-2,5.978724360E-1,2.453984796E0
7.565905214E0,-2.297554970E0,-9.821853638E-1,6.289645433E-1,2.576634108E0
7.575906777E0,-2.167845011E0,-1.821128845E0,6.615936756E-1,2.907536492E0
7.585908600E0,-2.039627314E0,-1.942942619E0,6.943581700E-1,2.901247812E0
7.595911256E0,-2.114185095E0,-2.611115456E0,5.263475180E-1,3.400697612E0
7.605900475E0,-1.991489053E0,-2.686750412E0,5.599036217E-1,3.390891990E0
7.615892662E0,-1.870243430E0,-2.787296295E0,5.934976339E-1,3.408675779E0
7.625888131E0,-1.751679778E0,-2.889678478E0,6.270861626E-1,3.436838781E0
7.635899485E0,-1.644562125E0,-3.542321682E0,6.598246694E-1,3.960807503E0
7.645895579E0,-1.744708419E0,-3.560299873E0,4.935823083E-1,3.995418145E0
7.655895058E0,-1.645428777E0,-3.565834999E0,5.289161205E-1,3.962621274E0
7.665898183E0,-1.551720619E0,-3.564641953E0,5.643582344E-1,3.928486903E0
7.675894016E0,-4.938991070E-1,-3.567939758E0,5.994577408E-1,3.651503804E0
7.685895839E0,-3.618111610E-1,-3.596901894E0,4.727541804E-1,3.645834207E0
7.695896100E0,-2.945923805E-1,-3.623683929E0,5.063546300E-1,3.670730840E0
7.705895318E0,-2.323930264E-1,-3.665796757E0,5.412430167E-1,3.712817850E0
7.715894797E0,-1.882333755E-1,-3.731273174E0,5.760459900E-1,3.780166701E0
7.725895318E0,-1.918374300E-1,-3.812248230E0,6.092096567E-1,3.865381556E0
7.735893235E0,-1.767305136E-1,-4.446206093E0,4.406663179E-1,4.471483993E0
7.745897402E0,-1.455119848E-1,-4.492078304E0,4.739623368E-1,4.519356318E0
7.755895839E0,-9.001243114E-2,-4.550165176E0,5.070994496E-1,4.579219936E0
7.765896100E0,-1.362895966E-2,-4.628629684E0,5.403133035E-1,4.660079073E0
7.775916152E0,8.160567284E-2,-5.238274574E0,5.735884309E-1,5.270216664E0
7.785890891E0,7.400604486E-1,-5.270038605E0,4.056271315E-1,5.337183689E0
7.795919068E0,7.755275965E-1,-5.305612564E0,4.396610856E-1,5.379987881E0
7.805893287E0,8.140001297E-1,-5.314460754E0,4.739769697E-1,5.397290384E0
7.815911725E0,8.282210827E-1,-5.275854588E0,5.082820058E-1,5.364600860E0
7.825895579E0,8.100259304E-1,-5.161450863E0,5.406045914E-1,5.252520380E0
7.835897922E0,7.479534149E-1,-4.225521088E0,1.455009580E0,4.531171554E0
7.845894277E0,6.197937727E-1,-3.166200638E0,2.332331657E0,3.981047822E0
7.855895318E0,4.626015425E-1,-1.592236519E0,3.448755741E0,3.826634746E0
7.865897402E0,-3.662503958E-1,3.562119484E0,4.573074341E0,5.808256494E0
7.875895058E0,-4.147486687E-1,8.131395340E0,5.187325478E0,9.654012236E0
7.885898964E0,-3.091540337E-1,1.277104187E1,5.910485744E0,1.407582781E1
7.895903652E0,1.341003299E0,1.508949375E1,5.913167000E0,1.626212334E1
7.905895839E0,2.402057171E0,1.573762512E1,5.004987240E0,1.668809817E1
7.915894016E0,3.326927423E0,1.564397621E1,2.743220091E0,1.622737484E1
7.925895058E0,4.228323936E0,1.447992134E1,-4.293764830E-1,1.509076570E1
7.935894797E0,4.448344231E0,1.282443142E1,-1.875251055E0,1.370293305E1
7.945895839E0,5.371985435E0,1.007591057E1,-3.591523409E0,1.197001427E1
7.955913547E0,5.345734596E0,5.583312988E0,-4.870692730E0,9.136405747E0
7.965902506E0,4.196254730E0,-4.632186890E-2,-6.884666443E0,8.062836443E0
7.976054225E0,2.558066368E0,-1.439712524E0,-8.475477219E0,8.969402978E0
7.985894225E0,1.228878617E0,-2.193619728E0,-8.444431305E0,8.810818931E0
7.995894329E0,1.325850487E-1,-2.215806961E0,-7.238914490E0,7.571608962E0
8.005899485E0,-1.546872854E0,-2.157819748E0,-5.789048672E0,6.368837116E0
8.015894016E0,-1.518504262E0,-1.503218651E0,-4.513889313E0,4.994068305E0
8.025895058E0,-1.713700056E0,-1.113033295E-1,-3.342718601E0,3.758047892E0
8.035898183E0,-1.738937378E0,-8.099460602E-2,-2.096330404E0,2.724897153E0
8.045895579E0,1.207687259E0,1.419778824E0,8.683136106E-2,1.865963587E0
8.055896360E0,1.336030960E0,1.494655609E0,2.412936538E-1,2.019206959E0
8.065891933E0,2.231322289E0,1.502737999E0,1.292231560E0,2.984440157E0
8.075895579E0,2.287349701E0,1.442700386E0,3.384542167E-1,2.725418191E0
8.085895058E0,2.260056734E0,1.301913261E0,4.453193843E-1,2.645967486E0
8.095905995E0,2.081046581E0,-2.383422852E-2,4.822961390E-1,2.136336235E0
8.105897193E0,7.061359882E-1,-9.603500366E-4,5.173152685E-1,8.753536675E-1
8.115893756E0,-1.924486160E-1,-1.662493706E0,3.529439569E-1,1.710406743E0
8.125895058E0,-8.822073936E-1,-2.359635353E0,3.884864450E-1,2.548939113E0
8.135903391E0,-1.920369387E0,-2.429541588E0,4.234291315E-1,3.125665231E0
8.145901047E0,-1.887870908E0,-2.455434322E0,4.580169022E-1,3.130973293E0
8.155925475E0,-1.854980469E0,-2.413504124E0,4.912488461E-1,3.083387767E0
8.165892245E0,-2.030383348E0,-2.290954590E0,3.248260617E-1,3.078382927E0
8.175893808E0,-3.105357885E-1,-1.448324203E0,3.600117266E-1,1.524363447E0
8.185898443E0,5.923887491E-1,-1.290514946E0,3.950875401E-1,1.473922461E0
8.195896152E0,1.464459538E0,4.427623749E-2,4.298712909E-1,1.526889469E0
8.205896881E0,2.241839647E0,6.735897064E-2,4.645841718E-1,2.290462985E0
8.215900527E0,2.368532896E0,-9.368896484E-3,2.999130487E-1,2.387463862E0
8.225894797E0,3.474514484E0,3.374481201E-2,3.751006126E-1,3.494866247E0
8.235898704E0,3.532220364E0,5.680370331E-2,4.104427397E-1,3.556440721E0
8.245900266E0,3.521140099E0,8.400058746E-2,4.451318979E-1,3.550158602E0
8.255898964E0,3.402779102E0,1.708698273E-2,2.791391015E-1,3.414251927E0
8.265896360E0,3.229283810E0,5.122184753E-2,3.133170009E-1,3.244852099E0
8.275896360E0,2.381649733E0,9.333992004E-2,3.462857008E-1,2.408501936E0
8.285893495E0,2.176736355E0,1.353492737E-1,3.793722391E-1,2.213690105E0
8.295902350E0,1.266941547E0,1.771373749E-1,4.122502804E-1,1.344049414E0
8.305894016E0,1.060980320E0,1.189270020E-1,-7.623375654E-1,1.311861820E0
8.315913027E0,2.997682095E-1,1.605243683E-1,-1.814263582E0,1.845855194E0
8.325900058E0,1.830852032E-1,2.018032074E-1,-1.959185958E0,1.978043059E0
8.335921933E0,1.041760445E-1,2.427015305E-1,-2.779041767E0,2.791564046E0
8.345895787E0,7.567119598E-2,2.764377594E-1,-2.804687977E0,2.819293992E0
8.355893495E0,7.949209213E-2,2.089996338E-1,-2.780778170E0,2.789753944E0
8.365896620E0,1.199231148E-1,2.330560684E-1,-2.717675447E0,2.730285062E0
8.375894016E0,1.534831524E-1,2.568950653E-1,-2.566057920E0,2.583448355E0
8.385897141E0,1.851990223E-1,2.767667770E-1,-1.631583571E0,1.665221750E0
8.395898704E0,1.745667458E-1,2.971420288E-1,-1.417135715E0,1.458437716E0
8.405895058E0,-5.212016106E-1,2.380809784E-1,5.682678819E-1,8.070080896E-1
8.415896360E0,-6.298639774E-1,2.590599060E-1,6.733963490E-1,9.577595250E-1
8.425896881E0,-1.449992657E0,2.803544998E-1,7.763537765E-1,1.668473115E0
8.435899485E0,-1.525622249E0,3.018150330E-1,8.772284985E-1,1.785537846E0
8.445898704E0,-1.614715457E0,2.232961655E-1,7.709370852E-1,1.803194713E0
8.455895318E0,-2.943476915E0,2.423791885E-1,8.291900754E-1,3.067631041E0
8.465893756E0,-2.891033649E0,1.457285881E0,2.332355499E0,3.990192962E0
8.475894537E0,-2.819138050E0,1.571676254E0,2.384806156E0,4.013104284E0
8.485895318E0,-2.744102716E0,2.309972763E0,2.409064054E0,4.320840601E0
8.495915370E0,-2.841610670E0,2.357681274E0,2.373522520E0,4.389421527E0
8.505899693E0,-1.121899843E0,2.406192780E0,2.280379295E0,3.499793234E0
8.515905683E0,-1.070526958E0,2.417077065E0,2.161135912E0,3.414498196E0
8.525894589E0,-1.013360620E0,2.377365112E0,7.598069310E-1,2.693709560E0
8.535895631E0,-9.660243988E-1,2.276864052E0,7.804629207E-1,2.593537241E0
8.545895579E0,-9.425115585E-1,1.540676117E0,6.023401618E-1,1.903897215E0
8.555893235E0,-9.605475664E-1,1.366968155E0,6.248466969E-1,1.783728387E0
8.565892714E0,-1.002336860E0,5.331325531E-2,6.480598450E-1,1.194781589E0
8.575895579E0,-1.029624224E0,5.895996094E-2,6.727118492E-1,1.231317811E0
8.585897141E0,-1.010599256E0,-1.251049995E0,5.383436680E-1,1.695951312E0
8.595903912E0,-8.998942375E-1,-2.360487938E0,5.644037724E-1,2.588486925E0
8.605906777E0,-7.645695210E-1,-2.506620407E0,5.924820304E-1,2.686772669E0
8.615908079E0,-6.195313931E-1,-3.370451927E0,6.210210919E-1,3.482733486E0
8.625902870E0,7.185125351E-2,-3.457809448E0,6.507477164E-1,3.519244432E0
8.635904693E0,1.428725719E-1,-3.557951927E0,4.811129570E-1,3.593174664E0
8.645904693E0,1.986615658E-1,-4.229615211E0,5.137979984E-1,4.265336990E0
8.655907558E0,2.431607246E-1,-4.267075062E0,5.464967489E-1,4.308795124E0
8.665907297E0,2.553875446E-1,-4.306814671E0,5.798146725E-1,4.353166716E0
8.675942454E0,2.458695173E-1,-4.354750633E0,6.131513715E-1,4.404572567E0
8.685894120E0,2.024812698E-1,-4.418689251E0,4.450323582E-1,4.445657112E0
8.695898964E0,1.647322178E-1,-4.491631508E0,4.782952964E-1,4.520028396E0
8.705891412E0,1.133785248E-1,-4.562881947E0,5.115510821E-1,4.592867390E0
8.715893652E0,4.040002823E-2,-4.626694202E0,5.447766781E-1,4.658831724E0
8.725905995E0,-4.686141014E-2,-4.680110455E0,5.762792826E-1,4.715689522E0
8.735903391E0,-1.465960741E-1,-4.729228497E0,4.082490802E-1,4.749079900E0
8.745904954E0,-2.667471170E-1,-4.764753819E0,4.416243434E-1,4.792605245E0
8.755906516E0,-9.053663015E-1,-4.783266068E0,4.749057293E-1,4.891304311E0
8.765905995E0,-1.070501208E0,-4.755147934E0,5.481405854E-1,4.904881529E0
8.775905995E0,-1.173279762E0,-4.701556206E0,3.801828027E-1,4.860633202E0
8.785904693E0,-1.260092258E0,-4.623315811E0,4.125299752E-1,4.809684248E0
8.795906777E0,-2.286678553E0,-4.499290466E0,4.469058216E-1,5.066777903E0
8.805904954E0,-2.264890671E0,-3.564199448E0,4.813669324E-1,4.250289587E0
8.815904172E0,-2.216778278E0,-3.401914120E0,5.166475773E-1,4.093171183E0
8.825905214E0,-1.251637936E0,-2.134680748E0,3.506659269E-1,2.499285100E0
8.835904172E0,-1.164416075E0,-1.301907539E0,2.531096458E0,3.075268658E0
8.845907297E0,-1.071409345E0,2.903490067E-1,3.191717148E0,3.379242353E0
8.855917193E0,-1.002308607E0,3.070058823E-1,3.331440926E0,3.492473879E0
8.865892037E0,-9.538530111E-1,3.210391998E-1,4.059932232E0,4.182816212E0
8.876007089E0,-9.854696989E-1,2.349328995E-1,4.005417347E0,4.131550813E0
8.885892766E0,-2.200156450E0,2.449645996E-1,3.916577578E0,4.498919424E0
8.895900058E0,-2.105785370E0,2.738104820E0,3.792697191E0,5.129922223E0
8.905895579E0,-1.993731022E0,7.881913185E0,3.617546082E0,8.898660489E0
8.915897402E0,-7.263350487E-1,1.219442749E1,3.613159657E0,1.273917372E1
8.925902350E0,1.275902271E0,1.409273624E1,3.378257036E0,1.454805011E1
8.935896100E0,3.195770264E0,1.474722004E1,2.148551226E0,1.524170984E1
8.945901568E0,6.220191956E0,1.476240349E1,-4.772836864E-1,1.602645140E1
8.955896100E0,8.116540909E0,1.457017612E1,-5.370490551E-1,1.668702161E1
8.965896881E0,8.151454926E0,1.156597805E1,-2.732463121E0,1.441126019E1
8.975894537E0,8.189995766E0,5.294205666E0,-4.074221611E0,1.056900781E1
8.985897141E0,8.152445793E0,-7.072925568E-2,-6.248291016E0,1.027173382E1
8.995899745E0,4.850441456E0,-3.141392708E0,-7.228563786E0,9.254580750E0
9.005895318E0,2.621023178E0,-4.307413101E0,-7.214015484E0,8.801453830E0
9.015894016E0,8.096827269E-1,-4.333937168E0,-7.044606209E0,8.310539942E0
9.025894277E0,-4.354137182E-1,-4.178457260E0,-5.954724312E0,7.287512045E0
9.035921620E0,-6.554577351E-1,-2.614109993E0,-5.010807514E0,5.689585911E0
9.045908547E0,-8.084872961E-1,-9.704236984E-1,-4.726292133E0,4.892158132E0
9.056010787E0,-9.171998501E-1,1.113100052E-1,-3.413039207E0,3.535884912E0
9.065904693E0,-9.516507387E-1,2.465206146E0,-2.047881842E0,3.343157267E0
9.075896100E0,-2.533144951E-1,3.434434891E0,9.576312453E-2,3.445095329E0
9.085897141E0,-1.228721142E-1,3.524170876E0,2.520335615E-1,3.535307459E0
9.095901829E0,5.318205357E-1,3.509918213E0,4.049273729E-1,3.572999457E0
9.105902662E0,5.578894615E-1,3.346180916E0,5.531529188E-1,3.437171151E0
9.115896360E0,5.200273991E-1,1.765408516E0,4.568189979E-1,1.896254023E0
9.125895318E0,-1.131056905E0,7.367801666E-2,5.325206518E-1,1.252316420E0
9.135896620E0,-2.314194679E0,-1.867539406E0,5.669679642E-1,3.027317809E0
9.145901308E0,-2.239969254E0,-2.021894455E0,6.015183330E-1,3.076904898E0
9.155896360E0,-2.366508484E0,-2.783369064E0,4.353262186E-1,3.679268225E0
9.165894797E0,-2.294320107E0,-2.801237583E0,4.692964852E-1,3.651174597E0
9.175894797E0,-2.223263979E0,-2.772400379E0,5.033559203E-1,3.589216316E0
9.185896881E0,-2.165685177E0,-2.670602798E0,5.377981067E-1,3.480163559E0
9.195901047E0,-5.975594521E-1,-1.797264576E0,5.726826787E-1,1.978687117E0
9.205896881E0,3.458471298E-1,-1.640598297E0,4.072220922E-1,1.725399328E0
9.216833131E0,1.237722635E0,4.475116730E-2,4.431162477E-1,1.315413242E0
9.225891308E0,2.024343014E0,5.978202820E-2,4.789387882E-1,2.081086469E0
9.235977975E0,2.200222731E0,7.484436035E-2,5.145950317E-1,2.260838294E0
9.245896672E0,3.170882940E0,8.982563019E-2,5.485419035E-1,3.219233680E0
9.255897922E0,3.228171110E0,7.306098938E-3,3.826647997E-1,3.250780590E0
9.265894329E0,3.203041553E0,3.462409973E-2,4.165098369E-1,3.230194184E0
9.275897662E0,3.113728523E0,6.167316437E-2,4.503109455E-1,3.146726687E0
9.285896620E0,2.941990852E0,9.556865692E-2,4.833305180E-1,2.982960263E0
9.295909641E0,2.114353180E0,1.302270889E-1,5.149266720E-1,2.180045399E0
9.305896100E0,1.836631536E0,8.486557007E-2,3.870370388E-1,1.878886701E0
9.315896620E0,1.093660831E0,1.191310883E-1,4.202677906E-1,1.177671960E0
9.325899745E0,1.009414911E0,1.531410217E-1,-7.367537022E-1,1.259037987E0
9.335896881E0,9.501469135E-1,1.868848801E-1,-1.438020945E0,1.733669332E0
9.345900527E0,9.377126694E-1,1.204919815E-1,-2.160279036E0,2.358098573E0
9.355895579E0,9.659507275E-1,1.538763046E-1,-2.282487392E0,2.483241314E0
9.365895318E0,1.018422842E0,1.860494614E-1,-2.383656025E0,2.598771928E0
9.375895058E0,1.058686018E0,2.168588638E-1,-2.446763992E0,2.674789316E0
9.385895058E0,1.064086437E0,2.435770035E-1,-2.421244621E0,2.655943376E0
9.395931516E0,1.003451586E0,1.718931198E-1,-2.275457144E0,2.492823207E0
9.405893235E0,8.799459934E-1,2.013778687E-1,-1.253962040E0,1.545082132E0
9.415916881E0,-9.929895401E-3,2.304983139E-1,6.018677354E-1,6.445718319E-1
9.425909902E0,-8.568253517E-1,2.585515976E-1,6.997129321E-1,1.136044365E0
9.435893287E0,-1.869974375E0,2.857561111E-1,7.952195406E-1,2.052031880E0
9.445904954E0,-2.959350586E0,2.132492065E-1,6.889572740E-1,3.045963434E0
9.455900006E0,-2.925572872E0,2.412672043E-1,7.812214494E-1,3.037678957E0
9.465898183E0,-2.893171787E0,2.639560699E-1,8.056789637E-1,3.014835715E0
9.475895058E0,-4.263635635E0,2.793798447E-1,8.297379017E-1,4.352597720E0
9.485897402E0,-4.214690208E0,2.067689896E-1,6.938317418E-1,4.276420168E0
9.495905475E0,-4.051494122E0,2.054319382E-1,7.196621895E-1,4.120038903E0
9.505899485E0,-2.642177343E0,1.960391998E-1,7.464963794E-1,2.752596833E0
9.515896620E0,-2.499083281E0,1.886062622E-1,1.731822729E0,3.046341992E0
9.525894797E0,-2.359997034E0,1.832981110E-1,1.758685470E0,2.948925021E0
9.535896360E0,-2.423250437E0,7.979488373E-2,1.749670506E0,2.989959328E0
9.545901829E0,-6.835322380E-1,7.767295837E-2,1.735379338E0,1.866759453E0
9.555895318E0,-5.123411417E-1,7.705497742E-2,1.726135492E0,1.802213820E0
9.565896620E0,-3.559601307E-1,7.803535461E-2,1.705075741E0,1.743582637E0
9.575920318E0,-2.117019892E-1,7.805633545E-2,1.624891639E0,1.640482661E0
9.585895162E0,-1.037989855E-1,-1.999378204E-2,4.741978645E-1,4.858370050E-1
9.595909485E0,-2.853572369E-2,-1.252171516E0,4.676705301E-1,1.336960552E0
9.605894850E0,-3.973400593E-2,-1.353907585E0,4.620145559E-1,1.431119139E0
9.615915110E0,-7.046604156E-2,-2.088323593E0,4.578281343E-1,2.139080993E0
9.625895839E0,-1.029719114E-1,-2.175169945E0,4.551163912E-1,2.224656925E0
9.635898183E0,-1.251405478E-1,-2.255397797E0,2.541872859E-1,2.273123524E0
9.645902870E0,-1.337640285E-1,-2.344419003E0,2.547038496E-1,2.362004938E0
9.655897402E0,-1.346905231E-1,-2.931040764E0,2.931527495E-1,2.948742110E0
9.665899485E0,-1.234220266E-1,-2.976813793E0,3.726813793E-1,3.002589677E0
9.675896881E0,-1.358038187E-1,-3.002198219E0,2.121056467E-1,3.012743871E0
9.685897141E0,-1.770282984E-1,-3.033000946E0,2.513476908E-1,3.048542179E0
9.695908600E0,-2.316538095E-1,-3.078638077E0,2.916310728E-1,3.101084420E0
9.705896100E0,-3.093538284E-1,-3.156519890E0,3.317307532E-1,3.188943853E0
9.715893756E0,-4.017164707E-1,-3.820434093E0,3.714987040E-1,3.859417582E0
9.725894797E0,-1.900528789E0,-3.893804550E0,2.096428424E-1,4.337934263E0
9.735894797E0,-1.863599062E0,-3.990708828E0,2.491696775E-1,4.411444655E0
9.745898704E0,-1.826976657E0,-4.798317909E0,2.886380255E-1,5.142471232E0
9.755901308E0,-1.789354801E0,-4.860412598E0,3.280171454E-1,5.189701000E0
9.765900579E0,-1.750185728E0,-4.947490215E0,3.673574328E-1,5.260775703E0
9.775904277E0,-1.908365488E0,-5.570500374E0,2.071887702E-1,5.891965753E0
9.785895527E0,-1.868827462E0,-5.588268757E0,2.465793192E-1,5.897632164E0
9.795905475E0,-1.772699594E0,-5.597813129E0,2.869421542E-1,5.878801875E0
9.805895110E0,-1.678484917E0,-5.570746899E0,3.271849453E-1,5.827313499E0
9.815897141E0,-8.720171452E-2,-5.500878334E0,3.670380712E-1,5.513799373E0
9.825896100E0,4.485201836E-2,-5.389815331E0,2.074730545E-1,5.393993518E0
9.835896620E0,2.040306330E-1,-4.634935379E0,2.477270067E-1,4.646033054E0
9.845908339E0,9.713327885E-1,-3.586065292E0,3.278883398E-1,3.729726857E0
9.855907297E0,9.677883387E-1,-3.417635441E0,1.936144590E0,4.045429786E0
9.865909902E0,8.080413342E-1,-2.202686787E0,2.052625656E0,3.117375813E0
9.875908079E0,-1.729222536E-1,1.938209534E-1,3.964815617E0,3.973314931E0
9.885905735E0,-2.917674780E-1,3.333491325E0,5.101987839E0,6.101440206E0
9.895906777E0,-2.515285015E-1,1.000574970E1,6.914554119E0,1.216508744E1
9.905906777E0,1.203455091E0,1.387039661E1,7.611454487E0,1.586727594E1
9.915946360E0,2.647160530E0,1.527305317E1,6.514085293E0,1.681389066E1
9.925905735E0,3.941414356E0,1.532350159E1,5.520649910E0,1.675774518E1
9.935942037E0,5.012025833E0,1.538175678E1,4.332450867E0,1.674780509E1
9.945894537E0,5.992286205E0,1.541219521E1,2.486906052E0,1.672207992E1
9.955914381E0,6.212703228E0,1.516052818E1,-4.805588126E-1,1.639116326E1
9.965894068E0,6.904252529E0,1.054045486E1,-3.085597515E0,1.297269455E1
9.975893495E0,6.134297371E0,3.652446747E0,-6.381288052E0,9.575531770E0
9.985908600E0,4.197260380E0,-2.036666870E-2,-8.528224945E0,9.505158084E0
9.995894850E0,2.106169224E0,-2.128423691E0,-8.600908279E0,9.107236652E0
1.000590287E1,3.351672888E-1,-2.239029884E0,-8.588271141E0,8.881666123E0
1.001594948E1,-2.055633068E0,-2.955817223E0,-7.387467861E0,8.218099790E0
1.002590704E1,-2.012762785E0,-2.217858791E0,-4.655091286E0,5.535339784E0
1.003590990E1,-2.055603981E0,-1.051564217E0,-3.480293989E0,4.176570517E0
1.004590626E1,-2.120983124E0,1.014566422E-1,-2.151357651E0,3.022780608E0
1.005590417E1,-1.120225906E0,1.592958450E0,-2.427638024E-1,1.962487444E0
1.006590365E1,-3.635549545E-1,2.381281853E0,-4.617737234E-2,2.409316878E0
1.007590521E1,-1.816933155E-1,2.451878548E0,1.455527693E-1,2.462906105E0
1.008590235E1,8.042449951E-1,2.450980186E0,3.323417604E-1,2.600877723E0
1.009591329E1,8.708817959E-1,2.337430954E0,4.793126583E-1,2.540031337E0
1.010589433E1,8.423521519E-1,1.242176056E0,3.818199635E-1,1.548659093E0
1.011595678E1,7.102329731E-1,3.626823425E-3,4.189512134E-1,8.245993870E-1
1.012589521E1,-3.535499573E-1,-9.949369431E-1,4.555301070E-1,1.149958595E0
1.013591417E1,-4.645596743E-1,-2.125457764E0,4.902438521E-1,2.230185066E0
1.014589912E1,-1.986219525E0,-2.885044098E0,5.248245001E-1,3.541749314E0
1.015589407E1,-2.116761684E0,-2.968209267E0,3.599063158E-1,3.663397171E0
1.016589329E1,-2.048159122E0,-2.981587887E0,3.948619962E-1,3.638782504E0
1.017590001E1,-1.980293036E0,-2.904759884E0,4.281862378E-1,3.541544006E0
1.018589870E1,-1.922843337E0,-2.102786541E0,-6.390601397E-1,2.920177323E0
1.019590521E1,3.729436398E-1,-1.315799713E0,-7.300242186E-1,1.550274557E0
1.020590157E1,2.512503386E0,1.739215851E-2,-1.522651672E0,2.937931903E0
1.021591344E1,3.458850861E0,3.985500336E-2,-1.534190536E0,3.784042587E0
1.022589662E1,4.253262520E0,6.223583221E-2,-1.435064673E0,4.489267867E0
1.023589558E1,4.351682663E0,8.457469940E-2,5.022007823E-1,4.381381118E0
1.024590443E1,4.420219421E0,7.094383240E-3,3.400239944E-1,4.433283927E0
1.025589454E1,4.396341324E0,3.536415100E-2,3.767491877E-1,4.412596470E0
1.026589610E1,4.230334282E0,7.186603546E-2,4.127997756E-1,4.251034759E0
1.027589454E1,3.361605167E0,1.162443161E-1,4.483816624E-1,3.393368261E0
1.028589506E1,2.539000034E0,1.625308990E-1,4.836792350E-1,2.589765061E0
1.029591719E1,2.267283916E0,1.090097427E-1,3.195912838E-1,2.292291009E0
1.030589313E1,1.080388308E0,1.553974152E-1,-1.015337229E0,1.490737046E0
1.031605027E1,8.836350441E-1,2.015628815E-1,-1.759577036E0,1.979280130E0
1.032589407E1,7.039463520E-1,2.474155426E-1,-2.482045650E0,2.591776520E0
1.033589610E1,5.447125435E-1,2.928018570E-1,-2.627433300E0,2.699231451E0
1.034589896E1,4.279365540E-1,2.379865646E-1,-3.486785412E0,3.520999831E0
1.035589584E1,3.424043655E-1,2.751474380E-1,-3.546345949E0,3.573446019E0
1.036589610E1,2.584128380E-1,3.101100922E-1,-3.587348938E0,3.609988624E0
1.037589662E1,1.965906620E-1,3.351268768E-1,-3.519529343E0,3.540910152E0
1.038589949E1,-4.874248505E-1,2.813663483E-1,-3.274483681E0,3.322498064E0
1.039590391E1,-5.673129559E-1,3.082218170E-1,-2.456606388E0,2.540031422E0
1.040589636E1,-6.895434856E-1,3.359718323E-1,-2.236218452E0,2.364110881E0
1.041592396E1,-1.621923327E0,3.640775681E-1,-1.427639961E0,2.191196845E0
1.042589766E1,-1.709156394E0,3.923387527E-1,-1.231221676E0,2.142674052E0
1.043589324E1,-1.808406115E0,3.212957382E-1,-4.596197605E-1,1.893360492E0
1.044590131E1,-3.135414839E0,3.500242233E-1,-2.707560062E-1,3.166488905E0
1.045589506E1,-3.062437773E0,3.727693558E-1,-6.788766384E-2,3.085788528E0
1.046589532E1,-2.987971067E0,3.947334290E-1,1.443523407E0,3.341787756E0
1.047592058E1,-2.912146807E0,4.124240875E-1,1.531417847E0,3.316011652E0
1.048589282E1,-3.005872488E0,3.205919266E-1,1.415327907E0,3.337843867E0
1.049603068E1,-1.433558464E0,3.253021240E-1,1.472418904E0,2.080607789E0
1.050590803E1,-1.244305372E0,3.303174973E-1,1.524961233E0,1.995723496E0
1.051594667E1,-2.250406742E-1,3.354806900E-1,1.572452784E0,1.623514199E0
1.052589636E1,-9.713888168E-3,3.338594437E-1,1.568694949E0,1.603857952E0
1.053589688E1,1.096959114E0,2.335433960E-1,1.366662979E0,1.767944998E0
1.054591693E1,1.241159678E0,2.343549728E-1,1.365956187E0,1.860439707E0
1.055589688E1,1.381175756E0,2.371234894E-1,1.364765048E0,1.956133343E0
1.056589844E1,1.512569189E0,1.232987404E0,2.659300327E0,3.298484761E0
1.057589454E1,1.484445572E0,1.278065681E0,2.667729855E0,3.309654532E0
1.058589454E1,1.324554682E0,1.351055145E0,2.615890980E0,3.228417682E0
1.059590261E1,2.045581341E-1,1.445361137E0,2.493045807E0,2.888977370E0
1.060589063E1,-5.929675102E-1,1.537797928E0,1.190602064E0,2.033215731E0
1.061592136E1,-1.300277710E0,1.589293480E0,1.193842411E0,2.375254848E0
1.062589428E1,-1.473255873E0,1.606599808E0,9.947707057E-1,2.396083172E0
1.063589714E1,-2.795701742E0,1.606873512E0,9.975129962E-1,3.375355225E0
1.064590027E1,-2.769152880E0,1.572597504E0,1.003221393E0,3.338820711E0
1.065592084E1,-2.741001844E0,1.498263359E0,1.010383964E0,3.283102185E0
1.066589969E1,-2.677764654E0,1.384194374E0,1.019792795E0,3.182199704E0
1.067597745E1,-2.789381981E0,1.553325653E-1,8.317765594E-1,2.914898332E0
1.068589329E1,-2.680510044E0,1.552391052E-1,1.985782743E0,3.339545834E0
1.069589954E1,-1.462408423E0,1.551294327E-1,2.092674494E0,2.557731431E0
1.070589818E1,-1.279699922E0,1.561002731E-1,2.764402866E0,3.050233170E0
1.071592214E1,-4.796262980E-1,1.584119797E-1,2.772058487E0,2.817701900E0
1.072589532E1,-3.476397991E-1,6.213188171E-2,2.800538063E0,2.822716288E0
1.073590001E1,-2.583773136E-1,-1.318246841E0,2.756926537E0,3.066786184E0
1.074590157E1,-2.262654305E-1,-2.549708366E0,2.568229198E0,3.626018480E0
1.075589610E1,-2.131395340E-1,-3.329101086E0,1.769839048E0,3.776330594E0
1.076589636E1,-2.776322365E-1,-4.124752045E0,1.570473433E0,4.422334891E0
1.077589662E1,-3.765581846E-1,-4.269390106E0,3.412947357E-1,4.299531375E0
1.078589610E1,-1.151658297E0,-5.143957615E0,3.046251535E-1,5.280095952E0
1.079589818E1,-2.164970160E0,-5.187589169E0,2.704408169E-1,5.627727375E0
1.080589506E1,-2.119913101E0,-5.228362560E0,2.382926941E-1,5.646821232E0
1.081591667E1,-2.283759356E0,-5.250046730E0,7.738210261E-3,5.725260461E0
1.082589506E1,-2.254333496E0,-5.240571499E0,5.636695772E-3,5.704878694E0
1.083591589E1,-2.231881618E0,-5.199069500E0,7.660038769E-3,5.657886346E0
1.084590162E1,-2.206448317E0,-5.136651516E0,5.150494725E-2,5.590729445E0
1.085598631E1,-2.158802748E0,-5.065592766E0,1.166578293E0,5.628637871E0
1.086589537E1,-2.272429466E0,-4.996216297E0,1.330369949E0,5.647654130E0
1.087589131E1,-2.186087370E0,-4.925333500E0,2.404233932E0,5.900697321E0
1.088589792E1,-2.928984165E-1,-4.848233700E0,2.512835503E0,5.468592301E0
1.089590365E1,-1.297392845E-1,-4.775498390E0,3.147279024E0,5.720802602E0
1.090589662E1,7.540764809E-1,-4.726068497E0,3.101472616E0,5.702936714E0
1.091592214E1,9.025204182E-1,-4.687014580E0,2.998373747E0,5.636744974E0
1.092589584E1,1.086358547E0,-4.670488834E0,2.053238153E0,5.216265691E0
1.093589506E1,1.008122087E0,-4.643515587E0,1.876345396E0,5.108739491E0
1.094589974E1,8.133943081E-1,-4.580842972E0,1.724813461E0,4.961926451E0
1.095589662E1,-7.387328148E-1,-4.435392857E0,1.630414844E0,4.782958136E0
1.096589506E1,-2.209180832E0,-2.609934330E0,2.276468754E0,4.107864061E0
1.097589558E1,-2.237144232E0,1.576813698E0,3.002000570E0,4.062408544E0
1.098589662E1,-3.325260162E0,8.376064301E0,4.817898273E0,1.021899956E1
1.099590027E1,-2.283674002E0,1.349493408E1,6.594878674E0,1.519278900E1
1.100589636E1,-6.627182961E-1,1.479488373E1,5.628517151E0,1.584323153E1
1.101595730E1,1.917617083E0,1.486476994E1,3.808692932E0,1.546430672E1
1.102589355E1,3.898722887E0,1.486929417E1,2.090364456E0,1.551339978E1
1.103590584E1,5.507436752E0,1.478194809E1,5.187618732E-1,1.578312272E1
1.104590318E1,7.381591797E0,1.327350807E1,-1.372990847E0,1.524988583E1
1.105589662E1,7.379845619E0,8.853455544E0,-4.167458534E0,1.225616200E1
1.106589662E1,7.465600967E0,1.735366821E0,-7.268447876E0,1.056300290E1
1.107589610E1,7.477188587E0,-3.375979424E0,-1.005305195E1,1.297572502E1
1.108589376E1,3.916521549E0,-4.397813797E0,-1.001571560E1,1.161871190E1
1.109591042E1,8.173136711E-1,-4.318282127E0,-9.176972389E0,1.017508646E1
1.110589225E1,-2.544178963E0,-2.663695335E0,-7.107538223E0,8.005324417E0
1.111595001E1,-2.548531771E0,-1.553880692E0,-5.709707737E0,6.442850443E0
1.112590574E1,-2.614861250E0,2.371730804E-1,-4.131675720E0,4.895354398E0
1.113590652E1,-2.689388037E0,1.576831818E0,-2.612646580E0,4.067570374E0
1.114590964E1,-2.957870007E0,2.761274338E0,-1.359902978E0,4.268836733E0
1.115590469E1,-1.646075130E0,2.914228439E0,-7.915908843E-2,3.347918292E0
1.116590495E1,-4.383897781E-1,2.966689110E0,1.529419869E-1,3.002802212E0
1.117591016E1,5.458042622E-1,2.945213318E0,3.785099089E-1,3.019180937E0
1.118590886E1,7.465593815E-1,2.808043480E0,5.477263927E-1,2.956765682E0
1.119590402E1,8.909599781E-1,1.641571045E0,4.633245468E-1,1.924379072E0
1.120591021E1,9.451892376E-1,1.300945282E-1,5.366132855E-1,1.094651131E0
1.121605308E1,9.103794098E-1,1.323595047E-1,5.693750978E-1,1.081895425E0
1.122588454E1,8.349013329E-2,-1.653674126E0,6.005637646E-1,1.761330620E0
1.123589381E1,-6.330485344E-1,-2.477818489E0,6.305026412E-1,2.633983389E0
1.124590157E1,-7.765858173E-1,-2.599655628E0,4.612864256E-1,2.752104664E0
1.125590209E1,-2.462614298E0,-2.690915108E0,4.923489392E-1,3.680747312E0
1.126590105E1,-2.397780180E0,-2.716276169E0,5.236858726E-1,3.660840465E0
1.127590365E1,-2.347043276E0,-2.631872654E0,5.561656952E-1,3.569970040E0
1.128590443E1,-9.886071682E-1,-1.237571716E0,4.286692142E-1,1.640940334E0
1.129590834E1,-8.159273863E-1,-1.076460838E0,4.613406956E-1,1.427354432E0
1.130590548E1,3.432462215E-1,1.412105560E-1,4.955706000E-1,6.191515237E-1
1.131589975E1,5.015006065E-1,1.573104858E-1,5.298774838E-1,7.463374540E-1
1.132590365E1,1.437883377E0,1.734352112E-1,5.640332103E-1,1.554259258E0
1.133591537E1,1.532480955E0,8.980751038E-2,3.972917795E-1,1.585687241E0
1.134589480E1,1.614797592E0,1.053800583E-1,4.319258034E-1,1.674883912E0
1.135589350E1,1.664697647E0,1.207113266E-1,4.666173756E-1,1.733067008E0
1.136589428E1,1.627915859E0,1.427268982E-1,5.005841851E-1,1.709112500E0
1.137589271E1,1.520687342E0,1.658668518E-1,5.346192122E-1,1.620438060E0
1.138591105E1,7.942748070E-1,9.733104706E-2,3.675457835E-1,8.805882720E-1
1.139589792E1,6.407139301E-1,1.285457611E-1,4.022100568E-1,7.673403956E-1
1.140589303E1,-8.701157570E-2,1.594638824E-1,4.370147288E-1,4.732669620E-1
1.141589355E1,-2.196266651E-1,1.900548935E-1,4.717481434E-1,5.539883080E-1
1.142589454E1,-3.583090305E-1,2.201986313E-1,5.052097440E-1,6.573505031E-1
1.143590235E1,-9.942339659E-1,1.502389908E-1,-1.069191217E0,1.467733897E0
1.144589402E1,-1.040870786E0,1.800603867E-1,-1.094384313E0,1.521022932E0
1.145589350E1,-1.034949541E0,2.025604248E-1,-1.101545691E0,1.524976783E0
1.146589610E1,-9.388911724E-1,2.381944656E-1,-1.099961042E0,1.465662830E0
1.147589376E1,-8.733880520E-1,1.531991959E-1,-1.110995650E0,1.421473889E0
1.148590313E1,-7.818681002E-1,1.675519943E-1,-1.153136611E0,1.403251738E0
1.149590027E1,-6.614137888E-1,1.809654236E-1,-1.162266493E0,1.349474003E0
1.150589766E1,1.358509064E-3,1.951608658E-1,-1.203196526E0,1.218922265E0
1.151589610E1,8.127260208E-2,2.099657059E-1,-1.847242713E0,1.860912807E0
1.152589376E1,1.585922241E-1,1.255235672E-1,-1.859036446E0,1.870006461E0
1.153590235E1,2.379171848E-1,1.416616440E-1,-1.878942728E0,1.899236263E0
1.154589558E1,3.089079857E-1,1.583871841E-1,-1.886177301E0,1.917856996E0
1.155602600E1,3.892295361E-1,1.764583588E-1,-1.881219625E0,1.929151229E0
1.156588370E1,4.427800179E-1,2.008066177E-1,-1.830650091E0,1.894111190E0
1.157588579E1,4.923806190E-1,1.261720657E-1,-1.748760700E0,1.821132079E0
1.158590032E1,5.243582726E-1,1.545476913E-1,-1.606104851E0,1.696587569E0
1.159590001E1,5.497097969E-1,1.838645935E-1,-1.447796702E0,1.559519907E0
1.160589610E1,5.790457726E-1,2.137460709E-1,-1.278532982E0,1.419728134E0
1.161589532E1,6.257727146E-1,2.442846298E-1,-5.539106131E-1,8.706798711E-1
1.162589870E1,6.860358715E-1,1.760120392E-1,-4.276005030E-1,8.273255980E-1
1.163590417E1,7.604589462E-1,1.236575127E0,-2.776362896E-1,1.478004656E0
1.164589949E1,1.400169849E0,1.405507088E0,1.447454095E0,2.455819443E0
1.165589480E1,1.421952486E0,2.020548820E0,1.537687063E0,2.910162867E0
1.166589610E1,1.445753098E0,2.074542046E0,1.400723577E0,2.890666576E0
1.167589922E1,1.476706266E0,2.175986290E0,1.460015059E0,3.007859987E0
1.168590313E1,1.516965151E0,2.956523895E0,1.510688305E0,3.650259712E0
1.169589636E1,1.538282633E0,3.075334549E0,1.555759072E0,3.774173067E0
1.170589376E1,1.560980320E0,3.763475418E0,1.544985890E0,4.357452029E0
1.171589558E1,1.582158327E0,3.827937126E0,1.333024502E0,4.351239127E0
1.172589480E1,1.592016697E0,3.893469810E0,1.323312998E0,4.409623750E0
1.173599912E1,1.597116470E0,3.950069427E0,1.636795998E-1,4.263873886E0
1.174590501E1,1.604796886E0,3.957464218E0,-5.788168907E-1,4.309515643E0
1.175588881E1,1.584083557E0,3.919116020E0,-1.399333596E0,4.452743605E0
1.176589532E1,1.539670229E0,3.834006310E0,-2.160580873E0,4.662434826E0
1.177589792E1,1.473342180E0,3.710177422E0,-2.353847027E0,4.634301404E0
1.178590183E1,1.389550209E0,3.000414848E0,-3.295573473E0,4.668419814E0
1.179589792E1,1.299633980E0,2.927293777E0,-3.365968704E0,4.646271910E0
1.180589558E1,1.201114893E0,2.847150803E0,-3.327211857E0,4.540846113E0
1.181589818E1,5.894753933E-1,2.762835503E0,-3.157155991E0,4.236552278E0
1.182589662E1,4.016218185E-1,2.676510811E0,-2.034873962E0,3.386107241E0
1.183590157E1,-3.485615253E-1,2.691366196E0,-9.890948534E-1,2.888469450E0
1.184589974E1,-4.606633186E-1,2.760951042E0,-8.334037066E-1,2.920551847E0
1.185589636E1,-1.138694525E0,2.865973473E0,-7.015036345E-1,3.162678693E0
1.186589480E1,-1.206720114E0,3.488910675E0,-5.905231237E-1,3.738634603E0
1.187589402E1,-1.243347406E0,3.506044388E0,-5.271351337E-1,3.757144058E0
1.188589844E1,-1.252788067E0,3.485773087E0,-5.320680141E-1,3.742083420E0
1.189589922E1,-1.223668098E0,3.397942543E0,-1.166162968E0,3.795169721E0
1.190589428E1,-1.139684558E0,2.664931297E0,-1.304780841E0,3.178551990E0
1.191595719E1,-1.016274095E0,2.485815048E0,-2.357643604E0,3.573593829E0
1.192589928E1,-2.916789055E-1,1.502885818E-1,-2.431614637E0,2.453652988E0
1.193590162E1,-1.602394581E-1,1.590089798E-1,-2.493489504E0,2.503687370E0
1.194589344E1,-3.645539284E-2,1.685352325E-1,-2.545007706E0,2.550842477E0
1.195589896E1,4.636859894E-2,-1.550757408E0,-2.577739716E0,3.008611079E0
1.196589975E1,6.506514549E-2,-1.708081245E0,-2.566805363E0,3.083871720E0
1.197589636E1,3.062534332E-2,-2.681483269E0,-2.498929977E0,3.665506986E0
1.198590704E1,-6.408691406E-2,-2.758289814E0,-2.312734365E0,3.600140286E0
1.199589688E1,-8.944097757E-1,-2.840383530E0,-1.302756071E0,3.250372413E0
1.200589402E1,-2.558739185E0,-3.431832314E0,-3.876056671E-1,4.298238872E0
1.201589610E1,-2.521995068E0,-3.420873165E0,7.037396431E-1,4.307909217E0
1.202589584E1,-2.486669540E0,-3.421162605E0,8.974320889E-1,4.323570669E0
1.203590079E1,-2.459195375E0,-3.428076744E0,2.543703556E0,4.926436830E0
1.204589324E1,-2.632823944E0,-3.434663773E0,2.443087101E0,4.969643019E0
1.205589506E1,-2.581468344E0,-3.448689461E0,2.520532608E0,4.991044223E0
1.206589870E1,-2.532016516E0,-3.458290100E0,2.596276522E0,5.011140572E0
1.207589428E1,-2.436055183E0,-3.465908527E0,2.639302254E0,4.991272700E0
1.208590131E1,-2.340116501E0,-3.434463978E0,2.678362370E0,4.944220164E0
1.209591537E1,-2.448704481E0,-3.365759850E0,2.467480421E0,4.838693277E0
1.210590428E1,-2.357567310E0,-2.676080704E0,2.456978083E0,4.330851285E0
1.211588204E1,-2.266347408E0,-2.545594215E0,3.689525127E0,5.022845424E0
1.212589157E1,-2.175947905E0,-1.534655571E0,3.770894527E0,4.616228173E0
1.213590183E1,-2.088293552E0,-1.420571327E0,4.695307732E0,5.331501435E0
1.214589402E1,-2.200982094E0,2.080440521E-1,4.782711983E0,5.268959899E0
1.215589584E1,-2.112076759E0,2.062435150E-1,5.702985764E0,6.085018590E0
1.216589610E1,-8.586935997E-1,1.922187805E-1,5.700892448E0,5.768403372E0
1.217589948E1,1.437511444E-1,1.763458252E-1,6.345554352E0,6.349631664E0
1.218590313E1,2.187769175E0,1.649317741E0,6.263551712E0,6.836568073E0
1.219590027E1,3.131460190E0,1.708330154E0,6.054007530E0,7.026766113E0
1.220589844E1,3.959774494E0,1.738337517E0,5.748145580E0,7.193247457E0
1.221589641E1,4.118924141E0,1.718569756E0,4.904377460E0,6.631133867E0
1.222589454E1,5.037323475E0,1.626010895E0,4.625612259E0,7.029568123E0
1.223589922E1,5.040008545E0,-8.134746552E-2,4.341048717E0,6.652293402E0
1.224589636E1,5.011722088E0,-5.493450165E-2,3.513421297E0,6.120825540E0
1.225589506E1,4.929591656E0,-1.102897644E0,3.218663216E0,5.989745404E0
1.226589402E1,4.789085388E0,-1.790735245E0,2.060043097E0,5.512336087E0
1.227591417E1,4.596850872E0,-1.735834122E0,1.083872676E0,5.031792724E0
1.228589381E1,4.324394226E0,6.007480621E-2,-1.928176582E-1,4.329107651E0
1.229590152E1,3.335580826E0,1.264028549E-1,-1.444403410E0,3.637083768E0
1.230589407E1,2.307980537E0,2.530094147E0,-2.668711901E0,4.341678680E0
1.231589277E1,7.324950695E-1,4.309206963E0,-2.914657831E0,5.253669570E0
1.232590521E1,-1.032495499E0,5.644251823E0,-3.022205830E0,6.485164121E0
1.233590417E1,-3.412930727E0,6.420938492E0,-2.955034018E0,7.849125640E0
1.234590652E1,-3.475833416E0,6.460025787E0,-2.201341391E0,7.658933021E0
1.235590756E1,-3.499497652E0,5.758946419E0,-1.984617472E0,7.025002077E0
1.236590365E1,-5.075528145E0,2.413776398E0,-2.935957313E-1,5.627921544E0
1.237590495E1,-5.018691063E0,2.559566498E-1,-3.774294257E-1,5.039367695E0
1.238590521E1,-4.774978161E0,-1.720582962E0,-1.746448874E0,5.367579141E0
1.239590495E1,-3.214441538E0,-2.957953453E0,-3.510716915E0,5.604217723E0
1.240590548E1,-3.025063753E0,-3.107175350E0,-5.624207497E0,7.101919412E0
1.241590548E1,-2.842898130E0,-3.154066563E0,-6.986488342E0,8.175648293E0
1.242590548E1,-8.280974627E-1,-3.072143078E0,-7.022268772E0,7.709479049E0
1.243590469E1,3.976154327E-2,-1.980154991E0,-6.910763264E0,7.188966800E0
1.244590600E1,8.355762959E-1,7.620334625E-2,-6.011605263E0,6.069875825E0
1.245591074E1,1.065116882E0,7.708549500E-2,-4.716248035E0,4.835639738E0
1.246590318E1,2.140144825E0,1.049401283E0,-3.288859367E0,4.061780258E0
1.247588527E1,2.286690474E0,1.165948868E0,-1.675017595E0,3.064975372E0
1.248590261E1,2.330423355E0,1.805465698E0,6.752468348E-1,3.024324336E0
1.249590704E1,2.254304409E0,1.815332413E0,8.210310340E-1,3.008556480E0
1.250590782E1,2.053692818E0,1.758338928E0,9.623723626E-1,2.869768377E0
1.251590886E1,6.943709850E-1,1.107196808E-1,1.099511743E0,1.305119146E0
1.252590652E1,-3.185367584E-1,4.726505280E-2,9.928136468E-1,1.043733007E0
1.253590834E1,-2.582705259E0,9.531402588E-2,1.042433858E0,2.786775837E0
1.254590756E1,-2.577445030E0,-1.493673325E0,1.051511049E0,3.159107211E0
1.255590990E1,-2.570358753E0,-1.534256935E0,-2.895447016E-1,3.007411611E0
1.256590652E1,-4.006052494E0,-1.573254585E0,-4.251856208E-1,4.324854840E0
1.257590704E1,-4.009727478E0,-1.593667030E0,-1.138126731E0,4.462400868E0
1.258590756E1,-3.887604713E0,-1.580594063E0,-1.212916851E0,4.368399625E0
1.259589350E1,-2.591223001E0,-1.534250259E0,-1.264589310E0,3.266121036E0
1.260589558E1,-2.464221716E0,-1.446434021E0,-1.286163330E0,3.133492645E0
1.261589584E1,-9.665908813E-1,5.171489716E-2,-1.262720227E0,1.591048313E0
1.262591277E1,-6.826400757E-3,5.772495270E-2,-1.168274164E0,1.169719322E0
1.263591777E1,8.170309067E-1,6.492233276E-2,-1.073068142E0,1.350270213E0
1.264606204E1,1.023544312E0,7.496261597E-2,-9.633954763E-1,1.407619691E0
1.265590318E1,1.803100348E0,8.594226837E-2,-8.715695143E-1,2.004542430E0
1.266590938E1,1.871857166E0,-1.989364624E-3,-8.199176788E-1,2.043555286E0
1.267589636E1,1.854537487E0,1.969623566E-2,-7.950407267E-1,2.017866940E0
1.268590001E1,1.762122869E0,4.909515381E-2,-7.882013321E-1,1.930996810E0
1.269590053E1,1.595960140E0,8.626461029E-2,-7.966713905E-1,1.785837522E0
1.270589792E1,7.759609222E-1,1.230888367E-1,-8.002395630E-1,1.121449764E0
1.271589896E1,5.491070747E-1,7.984542847E-2,-7.656641006E-1,9.455873238E-1
1.272589324E1,4.104404449E-1,1.162586212E-1,-6.639056206E-1,7.891439025E-1
1.273590521E1,-2.899923325E-1,1.522283554E-1,-5.235204697E-1,6.175295193E-1
1.274589532E1,-3.640780449E-1,1.874780655E-1,2.024600506E-1,4.568270131E-1
1.275589584E1,-4.517576694E-1,1.222877502E-1,2.936121225E-1,5.524919586E-1
1.276589350E1,-5.383238792E-1,1.544361115E-1,3.797019720E-1,6.766215331E-1
1.277589558E1,-6.333644390E-1,1.854391098E-1,4.322627783E-1,7.889165263E-1
1.278590053E1,-7.195454836E-1,2.150316238E-1,4.509154558E-1,8.759617860E-1
1.279589480E1,-7.980995178E-1,2.432613373E-1,4.342310429E-1,9.405825414E-1
1.280590756E1,-8.257812262E-1,1.608076096E-1,3.702000380E-1,9.191418764E-1
1.281589308E1,-7.991833687E-1,1.778259277E-1,2.926449776E-1,8.694579922E-1
1.282605589E1,-7.148184776E-1,1.944437027E-1,1.851146221E-1,7.635713672E-1
1.283589037E1,-5.746630430E-1,2.105865479E-1,-4.836412668E-1,7.800597298E-1
1.284589433E1,4.408247471E-1,2.267866135E-1,-5.230499506E-1,7.206523965E-1
1.285589532E1,5.922744274E-1,1.432991028E-1,-5.381498337E-1,8.129753217E-1
1.286589740E1,1.613254786E0,2.101522446E0,-5.123875141E-1,2.698430758E0
1.287589662E1,1.738963366E0,2.257067680E0,-4.461377859E-1,2.883988042E0
1.288590261E1,2.429466486E0,3.342253685E0,-3.524214029E-1,4.146946822E0
1.289590105E1,2.398188353E0,4.184369087E0,4.348890781E-1,4.842456044E0
1.290589402E1,2.281466961E0,4.216406822E0,1.497598886E0,5.022547203E0
1.291589766E1,1.455969810E0,4.194261551E0,1.524383664E0,4.694190410E0
1.292589402E1,7.329328060E-1,4.100830078E0,1.550851822E0,4.445125330E0
1.293589870E1,-7.068300247E-2,3.324618340E0,1.572773218E0,3.678545743E0
1.294589402E1,-8.393743038E-1,3.224184036E0,1.390429258E0,3.610153105E0
1.295590365E1,-1.549546719E0,2.590701103E0,1.404896140E0,3.329648691E0
1.296589324E1,-1.710642099E0,2.523297310E0,1.364723444E-1,3.051548854E0
1.297589480E1,-2.828665733E0,2.454274178E0,-5.208945274E-2,3.745333748E0
1.298593360E1,-2.807569504E0,2.403080940E0,-9.849586487E-1,3.824576848E0
1.299589251E1,-2.961325645E0,2.365865707E0,-1.119487762E0,3.952217476E0
1.300597631E1,-2.889341116E0,2.329820633E0,-1.199700236E0,3.900722615E0
1.301589251E1,-1.702096224E0,2.270566940E0,-1.202572942E0,3.082010296E0
1.302589641E1,-1.473168850E0,2.173320770E0,-1.141560078E0,2.862989529E0
1.303590079E1,-1.881570816E-1,2.051891327E0,-4.929852486E-1,2.118654186E0
1.304589975E1,5.704884529E-1,1.359512329E0,-4.038685560E-1,1.528672842E0
1.305589402E1,7.852635384E-1,1.300721169E0,-2.928602695E-1,1.547346606E0
1.306589740E1,1.855807543E0,1.243469238E0,-1.897259951E-1,2.241926256E0
1.307590001E1,2.066678762E0,1.141921997E0,-9.277307987E-2,2.362996784E0
1.308590287E1,2.065694809E0,1.103151321E0,-1.115534306E-1,2.344457730E0
1.309589974E1,1.966972589E0,1.060350418E0,-1.811954975E-1,2.241909005E0
1.310589199E1,1.264789581E0,1.001660347E0,-2.881441116E-1,1.638915240E0
1.311589428E1,1.080770016E0,9.501457214E-3,-1.027851224E0,1.491520112E0
1.312589428E1,6.801128387E-2,4.151630402E-2,-1.079279542E0,1.082216923E0
1.313590157E1,-1.042475700E-1,-2.649307251E-2,-1.108166218E0,1.113374063E0
1.314589506E1,-1.040196657E0,-1.210306168E0,-1.097784758E0,1.937003221E0
1.315589454E1,-1.176302791E0,-1.347014427E0,-1.048482418E0,2.073029547E0
1.316591355E1,-1.322977901E0,-2.362432480E0,-9.604251385E-1,2.872938251E0
1.317589287E1,-2.694658995E0,-2.470965862E0,-8.361806870E-1,3.750474308E0
1.318591683E1,-2.886458397E0,-3.296632767E0,-6.981253624E-3,4.381720942E0
1.319589548E1,-2.845639467E0,-3.377469063E0,7.924580574E-2,4.417153059E0
1.320589641E1,-2.801160097E0,-3.467224121E0,1.899363995E-1,4.461414219E0
1.321590214E1,-2.738025904E0,-4.111946106E0,1.407710433E0,5.136782582E0
1.322589714E1,-2.673496246E0,-4.150307655E0,1.460163474E0,5.148272835E0
1.323590053E1,-2.814584255E0,-4.201113701E0,1.309889317E0,5.223700880E0
1.324589480E1,-2.718627214E0,-4.269211769E0,1.360725284E0,5.241056798E0
1.325589402E1,-2.582906723E0,-4.379650593E0,1.447660089E0,5.286630892E0
1.326589506E1,-2.491135120E0,-4.391307831E0,1.451715350E0,5.253267184E0
1.327589714E1,-2.605347633E0,-4.331658363E0,1.256546497E0,5.208647576E0
1.328590079E1,-2.518300295E0,-3.552811623E0,2.463394165E0,5.003260698E0
1.329589923E1,-2.431570768E0,-2.533902168E0,2.502935886E0,4.312526481E0
1.330589506E1,-2.345007896E0,-1.246891022E0,3.250256062E0,4.197375814E0
1.331589714E1,-2.258577824E0,1.341333389E-1,3.931017637E0,4.535643858E0
1.332589454E1,-1.763250828E-1,1.499878883E0,4.676609039E0,4.914407320E0
1.333590131E1,7.048046589E-1,2.564313889E0,5.337327003E0,5.963179929E0
1.334592735E1,1.520829678E0,3.235686302E0,5.372239113E0,6.453180754E0
1.335589907E1,2.251523018E0,3.259298325E0,5.970623493E0,7.165244334E0
1.336600808E1,2.438497066E0,3.160308838E0,5.843205929E0,7.076501637E0
1.337589094E1,3.132028818E0,2.208444595E0,5.636638641E0,6.816049238E0
1.338589975E1,3.122244358E0,1.033384323E0,5.303103447E0,6.240128136E0
1.339589636E1,3.018887520E0,-7.025337219E-2,3.822594166E0,4.871431366E0
1.340589532E1,2.809929371E0,-1.534241676E0,2.527895212E0,4.079197813E0
1.341589584E1,1.759725332E0,-2.306294441E0,1.214049339E0,3.144764394E0
1.342589766E1,1.576267004E0,-2.289722443E0,-4.774929881E-1,2.820540034E0
1.343590235E1,6.656744480E-1,2.647209167E-2,-2.046994686E0,2.152675193E0
1.344590027E1,5.239202976E-1,1.228042603E0,-2.266271353E0,2.630316893E0
1.345589428E1,4.352364540E-1,2.903923035E0,-2.334069729E0,3.751010699E0
1.346589662E1,4.014530182E-1,4.215106964E0,-9.513444901E-1,4.339740497E0
1.347589402E1,4.155447483E-1,5.007287025E0,-9.345828891E-1,5.110679600E0
1.348590001E1,4.360082150E-1,5.064321518E0,-8.554083705E-1,5.154529957E0
1.349589766E1,4.736630917E-1,4.963806152E0,-7.795526981E-1,5.046922889E0
1.350589454E1,5.007395744E-1,3.724368095E0,2.356847525E-1,3.765262957E0
1.351589714E1,5.139856339E-1,2.210388184E0,3.083726764E-1,2.290216335E0
1.352592735E1,4.863216877E-1,3.286075592E-2,-7.594006062E-1,9.023734780E-1
1.353589907E1,3.887469769E-1,-1.392464638E0,-6.880572438E-1,1.601094860E0
1.354591271E1,-4.570391178E-1,-2.616293907E0,-2.612860680E0,3.725710603E0
1.355589329E1,-6.024193764E-1,-3.283600330E0,-4.012189865E0,5.219445157E0
1.356589433E1,-1.540756941E0,-3.317610741E0,-5.065577984E0,6.248244016E0
1.357589532E1,-1.605776191E0,-3.263123989E0,-5.750036240E0,6.803632273E0
1.358590548E1,-1.643327594E0,-2.534593582E0,-5.780688286E0,6.522349827E0
1.359590027E1,-1.650820494E0,-1.578717232E0,-5.699196815E0,6.139902340E0
1.360590704E1,-1.573748231E0,1.265287399E-1,-4.885860920E0,5.134620721E0
1.361590626E1,-3.397417068E-1,1.274348259E0,-2.919429302E0,3.203506729E0
1.362590548E1,-1.872560978E-1,1.369004250E0,-1.770649314E0,2.245982296E0
1.363590938E1,6.889867783E-1,1.437780380E0,7.801407576E-2,1.596246033E0
1.364590443E1,7.570836544E-1,1.464362144E0,2.427791506E-1,1.666275447E0
1.365590391E1,7.783508301E-1,1.429678917E0,2.030010670E-1,1.640433252E0
1.366590626E1,7.398605347E-1,1.316888809E0,3.583008051E-1,1.552407554E0
1.367590313E1,6.396200657E-1,5.063915253E-2,4.793283343E-1,8.008956263E-1
1.368590495E1,-3.156692982E-1,7.097816467E-2,5.575495958E-1,6.446290076E-1
1.369591251E1,-4.672925472E-1,8.825492859E-2,-5.194234252E-1,7.042385617E-1
1.370594766E1,-1.423511505E0,5.859375000E-3,-6.195874810E-1,1.552516661E0
1.371589105E1,-1.501266479E0,2.355861664E-2,-7.184976339E-1,1.664510409E0
1.372602688E1,-1.553613424E0,4.136276245E-2,-8.012835979E-1,1.748565399E0
1.373589172E1,-1.564203739E0,5.925083160E-2,-8.944511414E-1,1.802855192E0
1.374589626E1,-1.543256879E0,7.993412018E-2,-9.948196411E-1,1.837851293E0
1.375590730E1,-1.474682093E0,-8.964538574E-4,-1.093476534E0,1.835859202E0
1.376589584E1,-1.340159655E0,1.819038391E-2,-1.150064588E0,1.766071161E0
1.377590574E1,-4.478762150E-1,3.712558746E-2,-1.174639702E0,1.257676366E0
1.378590730E1,-3.577327728E-1,5.635547638E-2,-1.163781285E0,1.218825482E0
1.379590495E1,-1.843037605E-1,-4.026412964E-3,-1.121174335E0,1.136228841E0
1.380591146E1,-1.115021706E-1,1.581001282E-2,-1.066304207E0,1.072234747E0
1.381590626E1,-5.234146118E-2,3.592777252E-2,-9.925081134E-1,9.945364692E-1
1.382590652E1,-1.964545250E-2,5.627632141E-2,-9.071381688E-1,9.090943985E-1
1.383589688E1,-2.775406837E-2,7.743930817E-2,-8.198065758E-1,8.239235137E-1
1.384589454E1,-6.720495224E-2,-2.698898315E-4,-7.355310917E-1,7.385949941E-1
1.385589428E1,-1.336808205E-1,2.268314362E-2,-6.541092396E-1,6.680149580E-1
1.386589636E1,-2.321763039E-1,4.584026337E-2,-5.754692554E-1,6.222314921E-1
1.387589532E1,-8.830637932E-1,6.888771057E-2,-4.944312572E-1,1.014401029E0
1.388591485E1,-9.697574377E-1,9.168434143E-2,-3.789291382E-1,1.045190317E0
1.389589240E1,-1.089324117E0,1.440238953E-2,7.377194762E-1,1.315699238E0
1.390598480E1,-2.624650955E0,3.687763214E-2,7.951127887E-1,2.742691551E0
1.391589839E1,-2.581508160E0,5.906581879E-2,8.497476578E-1,2.718408400E0
1.392589870E1,-2.538338900E0,8.096504211E-2,9.017664790E-1,2.694977271E0
1.393589558E1,-2.491522789E0,1.016111374E-1,9.511898160E-1,2.668852318E0
1.394590521E1,-2.620649099E0,1.592826843E-2,7.974562645E-1,2.739341509E0
1.395590001E1,-2.548534155E0,2.616405487E-2,8.011475801E-1,2.671619049E0
1.396589480E1,-2.420734882E0,2.260398865E-2,8.053465486E-1,2.551284260E0
1.397589506E1,-4.212250710E-1,4.061222076E-2,-7.547754049E-1,8.653125590E-1
1.398589141E1,6.317605972E-1,-5.970573425E-2,-8.631110191E-1,1.071282810E0
1.399589714E1,8.225235939E-1,-5.866146088E-2,-9.455784559E-1,1.254633351E0
1.400589532E1,1.678960085E0,-5.631160736E-2,-9.954906702E-1,1.952710844E0
1.401589610E1,1.827212095E0,1.467337608E0,-1.012027860E0,2.552642569E0
1.402589584E1,1.926831007E0,1.604455948E0,-9.984141588E-1,2.698849283E0
1.403589350E1,2.591209888E0,2.591560364E0,-9.002923965E-1,3.773735577E0
1.404589506E1,2.574675798E0,2.729249954E0,-7.604761720E-1,3.828326630E0
1.405589532E1,2.527134895E0,3.577970505E0,7.297723889E-1,4.440816530E0
1.406591813E1,2.407431126E0,3.656979561E0,7.946170568E-1,4.449791051E0
1.407590006E1,2.236578226E0,3.739094734E0,8.530097604E-1,4.439677606E0
1.408596287E1,1.328542709E0,3.796092033E0,7.102001309E-1,4.084081865E0
1.409589277E1,1.138300180E0,3.833965302E0,7.627062798E-1,4.071454053E0
1.410589199E1,-3.128123283E-2,3.841794968E0,8.110896349E-1,3.926605848E0
1.411589558E1,-8.811995983E-1,3.803165436E0,8.037989140E-1,3.985808921E0
1.412589662E1,-2.428712845E0,3.719557762E0,7.975429296E-1,4.513294889E0
1.413589818E1,-2.609223843E0,3.621427536E0,5.945183635E-1,4.502914450E0
1.414589688E1,-2.581557989E0,2.991292953E0,5.943057537E-1,3.995681984E0
1.415589610E1,-2.508033514E0,2.792117119E0,-1.284486294E0,3.966869692E0
1.416589818E1,-2.435393095E0,1.864615440E0,-1.314600468E0,3.337080259E0
1.417589870E1,-2.535998344E0,1.739898682E0,-1.244625211E0,3.317774396E0
1.418589740E1,-2.387983561E0,1.047271729E0,-5.671880841E-1,2.668510049E0
1.419589766E1,-5.665714741E-1,9.531583786E-1,4.879086018E-1,1.211432596E0
1.420589662E1,3.271257877E-1,8.267478943E-1,5.011954308E-1,1.020646962E0
1.421589605E1,1.105805874E0,-1.734266281E-1,5.152077079E-1,1.232202259E0
1.422589532E1,1.308557749E0,-2.699661255E-1,3.306271434E-1,1.376415417E0
1.423589480E1,1.987168670E0,-2.640457153E-1,3.493996561E-1,2.034856157E0
1.424589115E1,2.039653778E0,-2.569646835E-1,3.690686524E-1,2.088643113E0
1.425589600E1,1.968832135E0,-2.383127213E-1,3.886654675E-1,2.020928939E0
1.426592490E1,1.298718095E0,-2.143220901E-1,-7.996384501E-1,1.540137753E0
1.427591464E1,1.115249515E0,-1.791182518E0,-8.835684657E-1,2.287533503E0
1.428589277E1,5.668759346E-2,-1.905570030E0,-9.714099169E-1,2.139637317E0
1.429589766E1,-1.294687986E-1,-2.783163071E0,-1.020036459E0,2.967024305E0
1.430589532E1,-1.060306787E0,-2.885377407E0,-1.014525652E0,3.237115315E0
1.431589714E1,-2.027366400E0,-3.574656963E0,-9.716675282E-1,4.222857411E0
1.432590079E1,-2.221616507E0,-3.625055313E0,-8.629854321E-1,4.338357959E0
1.433589636E1,-2.185019970E0,-3.758565903E0,3.245854974E-1,4.359642836E0
1.434589402E1,-2.152580738E0,-3.815507889E0,3.893719316E-1,4.398103544E0
1.435589610E1,-2.121293545E0,-3.868081570E0,4.552074671E-1,4.434992127E0
1.436589402E1,-2.258097410E0,-3.909368038E0,3.211412430E-1,4.526068279E0
1.437589532E1,-2.166218758E0,-3.940844536E0,3.877567351E-1,4.513658676E0
1.438589740E1,-2.075430632E0,-3.967840195E0,4.512371123E-1,4.500531419E0
1.439589324E1,-1.984430075E0,-3.978099346E0,4.766682684E-1,4.471068079E0
1.440589688E1,-1.894499540E0,-3.957336426E0,5.008541942E-1,4.415936483E0
1.441589532E1,-2.005216360E0,-3.899662495E0,3.243505955E-1,4.396983458E0
1.442589542E1,-1.915451288E0,-3.785526276E0,3.482556045E-1,4.256811575E0
1.443588808E1,-2.284649611E-1,-2.881494045E0,3.723598421E-1,2.914422074E0
1.444588407E1,-1.146278381E-1,-2.759348869E0,3.967004120E-1,2.790074720E0
1.445589433E1,1.741230488E-2,-1.908065796E0,1.405044556E0,2.369634671E0
1.446589428E1,1.618658304E-1,-1.796925545E0,2.157635212E0,2.812566740E0
1.447589636E1,2.712285519E-1,-1.418294907E-1,2.190674067E0,2.211952395E0
1.448589662E1,3.469560146E-1,-1.284265518E-1,2.236621618E0,2.267013039E0
1.449589792E1,3.240994215E-1,-1.044654846E-1,2.275455952E0,2.300794050E0
1.450589428E1,2.788574696E-1,-8.181858063E-2,2.240912914E0,2.259678397E0
1.451589896E1,1.606836319E-1,-1.854358673E0,2.059301853E0,2.775822300E0
1.452589714E1,8.387947083E-2,-1.978351593E0,1.822404146E0,2.691109002E0
1.453589844E1,9.812712669E-3,-2.964730263E0,-7.926464081E-2,2.965805911E0
1.454589870E1,-2.261149883E-2,-3.104790211E0,-1.290015578E-1,3.107551276E0
1.455589298E1,-1.878166199E-2,-4.071452141E0,-3.746954799E-1,4.088700526E0
1.456589532E1,2.675807476E-2,-4.134385586E0,-4.170371890E-1,4.155451863E0
1.457589428E1,8.923363686E-2,-4.176957607E0,-4.561529756E-1,4.202738754E0
1.458589896E1,1.588876247E-1,-4.181655407E0,-4.922003448E-1,4.213519716E0
1.459589480E1,2.118332386E-1,-4.148794174E0,-5.233138800E-1,4.187030432E0
1.460602021E1,2.422250509E-1,-4.081756592E0,-6.718679667E-1,4.143768383E0
1.461588709E1,2.498142719E-1,-3.967249870E0,-6.211215258E-1,4.023340733E0
1.462592068E1,2.263349295E-1,-3.270992279E0,-5.694095492E-1,3.327889004E0
1.463589902E1,1.580264568E-1,-3.186919689E0,-5.181447268E-1,3.232631037E0
1.464589949E1,5.180096626E-2,-3.086471081E0,-4.672294259E-1,3.122065087E0
1.465590001E1,-8.355188370E-2,-2.977439404E0,-6.162180305E-1,3.041685549E0
1.466589844E1,-7.917052507E-1,-2.302633762E0,-5.637572408E-1,2.499348250E0
1.467589636E1,-8.699331284E-1,-2.246172428E0,1.220939159E0,2.700512295E0
1.468589532E1,-9.648008347E-1,-2.190617561E0,1.303102732E0,2.725384868E0
1.469589766E1,-2.278080940E0,-2.044610023E0,1.484333634E0,3.401959620E0
1.470589896E1,-2.259679794E0,1.311359406E-1,2.357934713E0,3.268517328E0
1.471589740E1,-2.232704401E0,2.403152466E0,2.451980114E0,4.095401958E0
1.472589636E1,-2.171628714E0,8.057025909E0,3.735301733E0,9.142434950E0
1.473589532E1,-8.505004644E-1,1.258994484E1,5.895578861E0,1.392795434E1
1.474589480E1,5.166728497E-1,1.475804234E1,6.768778801E0,1.624448001E1
1.475589376E1,1.657413483E0,1.487122345E1,5.511421204E0,1.594603619E1
1.476589532E1,2.490177155E0,1.491604900E1,3.453857660E0,1.551188683E1
1.477589324E1,3.313830137E0,1.488332653E1,1.692765474E0,1.534145801E1
1.478601485E1,4.362544537E0,1.388441467E1,-1.085774899E0,1.459409719E1
1.479588386E1,5.304324627E0,1.070635223E1,-1.285285473E0,1.201722916E1
1.480588021E1,5.333070755E0,4.531772614E0,-4.429430962E0,8.282419051E0
1.481590553E1,4.276351929E0,-1.521043777E-1,-7.805183411E0,8.901191473E0
1.482589537E1,2.905801773E0,-3.127467155E0,-9.763348579E0,1.065587679E1
1.483590652E1,1.816049576E0,-3.977706909E0,-9.720811844E0,1.065900423E1
1.484590886E1,1.064649463E0,-4.030742645E0,-8.493194580E0,9.461221852E0
1.485590469E1,8.957507610E-1,-4.007876396E0,-7.336236477E0,8.407485253E0
1.486590964E1,-1.882857084E-1,-3.858066559E0,-6.223455429E0,7.324720238E0
1.487590391E1,-4.900215864E-1,-1.379059792E0,-4.512182236E0,4.743597326E0
1.488590626E1,-6.175324917E-1,-1.135931015E-1,-3.326112747E0,3.384859787E0
1.489590990E1,-6.307667494E-1,-8.713150024E-2,-2.061199903E0,2.157313986E0
1.490590808E1,-6.293817759E-1,1.663036346E0,-2.528279424E-1,1.796032649E0
1.491590652E1,-6.561120749E-1,1.798250198E0,-5.124834180E-2,1.914892483E0
1.492590417E1,-6.726635695E-1,1.847007751E0,1.464828551E-1,1.971134480E0
1.493590600E1,-7.072132826E-1,1.787094116E0,1.141614765E-1,1.925328245E0
1.494590574E1,-7.746539116E-1,1.084660530E0,2.410221398E-1,1.354499472E0
1.495590443E1,-2.295447350E0,-8.326244354E-2,3.258271515E-1,2.319951401E0
1.496601646E1,-2.234079123E0,-6.712627411E-2,3.531180620E-1,2.262809720E0
1.497588521E1,-2.172431946E0,-1.791555405E0,3.793137074E-1,2.841304316E0
1.498589537E1,-2.310328007E0,-1.933152199E0,-9.516699314E-1,3.159172135E0
1.499589745E1,-2.248960972E0,-2.563959122E0,-1.772203326E0,3.843490140E0
1.500589693E1,-2.187109709E0,-2.499135494E0,-1.895347595E0,3.823803029E0
1.501590001E1,9.555077553E-2,-1.734354973E0,-1.978837132E0,2.633042635E0
1.502590626E1,1.229095936E0,-4.365634918E-2,-2.027685881E0,2.371516967E0
1.503590600E1,2.308426380E0,-1.265754700E-1,-2.054461479E0,3.092841036E0
1.504590469E1,3.241936684E0,-1.082658768E-1,-1.971266508E0,3.795756395E0
1.505590860E1,4.147062302E0,1.019510269E0,-9.366264343E-1,4.372047118E0
1.506590417E1,4.120207787E0,9.982433319E-1,-7.452814579E-1,4.304421727E0
1.507590756E1,3.956568480E0,-1.154060364E-1,4.057832360E-1,3.978996446E0
1.508589558E1,2.809039354E0,-7.244300842E-2,5.004275441E-1,2.854186015E0
1.509590808E1,1.801799774E0,-2.362346649E-2,5.921941400E-1,1.896769462E0
1.510589120E1,8.375606537E-1,2.530670166E-2,6.814578772E-1,1.080061626E0
1.511589870E1,-4.349875450E-2,7.233428955E-2,7.401996255E-1,7.449965615E-1
1.512589376E1,-2.784261703E-1,1.898956299E-2,5.935431123E-1,6.558773986E-1
1.513589558E1,-1.115450621E0,6.269931793E-2,6.052490473E-1,1.270624925E0
1.514601860E1,-1.224646807E0,1.062202454E-1,6.179662943E-1,1.375836067E0
1.515588365E1,-1.292434812E0,1.493425369E-1,6.301250458E-1,1.445596247E0
1.516590157E1,-1.292799592E0,1.824064255E-1,6.438698769E-1,1.455737376E0
1.517589459E1,-1.238109350E0,1.061458588E-1,4.596821666E-1,1.324948829E0
1.518589610E1,-1.144909859E0,1.212940216E-1,4.768552482E-1,1.246162811E0
1.519589688E1,-1.042610765E0,1.350107193E-1,4.932432771E-1,1.161272591E0
1.520589844E1,-9.231152534E-1,1.447362900E-1,5.106394887E-1,1.064820667E0
1.521590042E1,-8.207671642E-1,1.548976898E-1,5.286482573E-1,9.884943157E-1
1.522589844E1,-7.384479046E-1,6.573677063E-2,3.478330374E-1,8.189105279E-1
1.523589740E1,-6.320960522E-1,9.692382812E-2,4.075476825E-1,7.583104649E-1
1.524589714E1,-5.734553337E-1,1.084938049E-1,4.278951883E-1,7.236824011E-1
1.525589896E1,-5.100524426E-1,1.204252243E-1,4.488547444E-1,6.900190652E-1
1.526589506E1,-4.304955006E-1,-1.462393761E0,2.708609700E-1,1.548317652E0
1.527589454E1,-3.511743546E-1,-1.504763603E0,2.933644056E-1,1.572799925E0
1.528589454E1,-2.621617317E-1,-1.551084518E0,3.164154589E-1,1.604590508E0
1.529589740E1,-1.647348404E-1,-1.595942497E0,3.400086761E-1,1.640053634E0
1.530589454E1,-6.978821754E-2,-1.634618759E0,-7.925401926E-1,1.817957326E0
1.531589584E1,2.731180191E-2,-1.682420731E0,-8.369523287E-1,1.879301639E0
1.532602688E1,6.823768616E-1,-1.723240852E0,-8.815873861E-1,2.052411639E0
1.533590084E1,7.103943825E-1,-1.744010448E0,-8.985571861E-1,2.086537237E0
1.534588178E1,7.453708649E-1,-1.736016273E0,-8.944613934E-1,2.090308927E0
1.535589277E1,7.857186794E-1,-1.697814941E0,-8.720015287E-1,2.064053314E0
1.536589506E1,8.304395676E-1,-1.638007164E0,-8.710191250E-1,2.032577590E0
1.537589402E1,8.742988110E-1,-1.548630714E0,-8.356475234E-1,1.964933150E0
1.538589480E1,8.911705017E-1,-1.442645073E0,-7.913174629E-1,1.871254391E0
1.539590157E1,9.031717777E-1,-1.337302208E0,-7.298655510E-1,1.771101403E0
1.540589922E1,8.874313831E-1,-1.252369881E0,-6.535836458E-1,1.668273467E0
1.541589714E1,8.259642124E-1,-1.227944374E0,3.560842276E-1,1.522123597E0
1.542591693E1,7.277913094E-1,-1.283221245E0,4.228128493E-1,1.534636002E0
1.543590105E1,6.165990829E-1,-1.377744675E0,4.882231355E-1,1.586422594E0
1.544589298E1,5.101830959E-1,-2.150824070E0,5.513404012E-1,2.278224574E0
1.545589480E1,4.081463814E-1,-2.223452568E0,4.120242000E-1,2.297844366E0
1.546589584E1,2.998390198E-1,-2.320563316E0,4.328288436E-1,2.379550031E0
1.547589740E1,2.014117241E-1,-3.051837444E0,4.540700316E-1,3.091999040E0
1.548589506E1,1.068539619E-1,-3.088040829E0,4.741492867E-1,3.126056857E0
1.549589766E1,2.078080177E-2,-3.122196674E0,4.947258234E-1,3.161217733E0
1.550602381E1,-7.176709175E-2,-3.149998665E0,3.147369027E-1,3.166496711E0
1.551588469E1,-1.881675720E-1,-3.159236908E0,3.368573487E-1,3.182712326E0
1.552590126E1,-8.325634003E-1,-3.125816822E0,3.596329689E-1,3.254724027E0
1.553590006E1,-9.412329197E-1,-2.996533871E0,3.829791546E-1,3.164144068E0
1.554589298E1,-1.037397385E0,-1.911082268E0,4.050704837E-1,2.211902092E0
1.555589271E1,-1.132156134E0,-7.587137222E-1,2.281625420E-1,1.381840139E0
1.556589480E1,-1.215806961E0,4.661741257E-1,2.534393966E-1,1.326550568E0
1.557589584E1,-1.269555330E0,2.591026306E0,2.790571749E-1,2.898803367E0
1.558589636E1,-1.273151398E0,4.561273575E0,1.953646421E0,5.122779074E0
1.559589740E1,-1.284589767E0,7.967761993E0,3.592875957E0,8.834260563E0
1.560589584E1,-1.289303541E0,8.997383118E0,4.320820808E0,1.006402996E1
1.561589844E1,-1.324928522E0,9.095222473E0,4.404955864E0,1.019225900E1
1.562592136E1,-1.892278314E0,9.091669083E0,4.458160400E0,1.030118236E1
1.563589558E1,-1.881087542E0,8.917612076E0,4.415991306E0,1.012735280E1
1.564589584E1,-1.871150494E0,7.463960648E0,4.323383331E0,8.826299120E0
1.565589115E1,-1.835935235E0,5.780651093E0,4.187831879E0,7.370517016E0
1.566589714E1,-1.759561419E0,4.022157669E0,4.024067402E0,5.955411586E0
1.567589428E1,-1.607945561E0,2.328448296E0,3.855398655E0,4.782390530E0
1.568603381E1,-1.374485254E0,1.139678955E-1,3.673877716E0,3.924229334E0
1.569588391E1,-1.631374359E-1,1.259231567E-2,3.477055073E0,3.480902809E0
1.570590381E1,6.954314709E-1,-1.130491257E0,3.254776955E0,3.514997644E0
1.571589459E1,9.524016380E-1,-1.276489258E0,2.414132595E0,2.892149701E0
1.572591876E1,1.957928181E0,-1.918082237E0,2.202417850E0,3.516129494E0
1.573589636E1,2.047863007E0,-1.899229527E0,1.337237239E0,3.096614138E0
1.574589688E1,2.059366226E0,-1.838058949E0,1.103786111E0,2.972842702E0
1.575589532E1,1.908471823E0,-1.735124111E0,1.711580753E-1,2.584998156E0
1.576589740E1,8.834502697E-1,-1.634061813E0,-1.890528202E-2,1.857686679E0
1.577590183E1,-6.382486820E-1,-1.581727982E0,-2.342014313E-1,1.721648947E0
1.578589506E1,-8.378423452E-1,-1.622821808E0,-3.255802393E-1,1.855136897E0
1.579590105E1,-2.552705288E0,-1.738026619E0,-3.522990942E-1,3.108239931E0
1.580589558E1,-2.546060324E0,-2.836760044E0,-3.513771296E-1,3.827936338E0
1.581589714E1,-2.540228367E0,-2.978651047E0,-3.062888384E-1,3.926695184E0
1.582592292E1,-2.533734322E0,-4.218708992E0,-2.748461962E-1,4.928778307E0
1.583589506E1,-2.701096773E0,-4.981042862E0,-2.642130852E-1,5.672435132E0
1.584589532E1,-2.642579794E0,-5.672320366E0,-2.667280436E-1,6.263352948E0
1.585589584E1,-2.578798294E0,-5.822057724E0,-2.896851301E-1,6.374203814E0
1.586600261E1,-2.461081266E0,-6.845441341E0,-3.426896334E-1,7.282473779E0
1.587590136E1,-2.352940559E0,-6.937371254E0,-4.399676323E-1,7.338734272E0
1.588588907E1,-2.446666479E0,-7.006145477E0,-5.567051172E-1,7.441919907E0
1.589589995E1,-2.350528955E0,-7.036460400E0,-2.020817280E0,7.688983275E0
1.590589766E1,-2.261294603E0,-6.965600014E0,-2.007075548E0,7.593509669E0
1.591589329E1,-2.178206921E0,-6.786768913E0,-1.998237371E0,7.402551605E0
1.592592240E1,-2.095153093E0,-5.366036415E0,-1.989539027E0,6.094446557E0
1.593589584E1,-2.211502075E0,-4.292483807E0,-2.180491447E0,5.298179084E0
1.594589480E1,-2.128278494E0,-3.146458149E0,-2.164349079E0,4.371976117E0
1.595589584E1,-4.256349802E-1,-1.164231300E0,-2.051484823E0,2.396912522E0
1.596589558E1,-3.033794165E-1,3.802986145E-1,-5.811374187E-1,7.578831084E-1
1.597589558E1,-1.752078533E-1,2.847661972E-1,-4.488313198E-1,5.596777042E-1
1.598589245E1,-5.578780174E-2,2.860870361E-1,-3.008502722E-1,4.188901495E-1
1.599589532E1,7.370567322E-2,2.841033936E-1,3.943942785E-1,4.916239533E-1
1.600589506E1,1.655564308E-1,2.800521851E-1,4.627262354E-1,5.656445236E-1
1.601589688E1,1.576101780E-1,2.881441116E-1,5.349355936E-1,6.277133793E-1
1.602591667E1,1.220878363E-1,-1.160301208E0,5.581281185E-1,1.293333418E0
1.603589298E1,5.338466167E-2,-1.209517479E0,5.887706280E-1,1.346266432E0
1.604595474E1,-3.364384174E-2,-1.265382767E0,6.252595186E-1,1.411833885E0
1.605589928E1,-1.282021999E-1,-1.303317070E0,6.664481163E-1,1.469429917E0
1.606588610E1,-7.160116434E-1,-1.330430031E0,1.297145963E0,1.991307206E0
1.607589433E1,-7.483513355E-1,-1.333424568E0,1.349559784E0,2.039451498E0
1.608590782E1,-7.910128832E-1,-1.330020905E0,1.352754951E0,2.055383892E0
1.609590521E1,-1.814928055E0,-1.321519852E0,1.262894392E0,2.575903882E0
1.610590110E1,-1.782086492E0,-1.218987465E0,1.139418840E0,2.441318905E0
1.611591120E1,-1.743996859E0,3.766956329E-1,9.752531052E-1,2.033357633E0
1.612594350E1,-2.836086273E0,4.156512260E0,8.398766518E-1,5.101506867E0
1.613590443E1,-7.242586613E-1,1.170963001E1,3.376871347E0,1.220832690E1
1.614590417E1,8.542797565E-1,1.298948765E1,2.371106863E0,1.323173197E1
1.615590834E1,2.316469193E0,1.312646961E1,5.027134418E-1,1.333877636E1
1.616590183E1,3.885921955E0,1.376930809E1,-1.228138924E0,1.435975487E1
1.617590521E1,5.467966557E0,1.362958145E1,-2.484252453E0,1.489414848E1
1.618590548E1,6.832257271E0,1.151870441E1,-3.718226433E0,1.389911863E1
1.619590548E1,8.288305283E0,7.487661362E0,-4.619488716E0,1.208721445E1
1.620590600E1,8.307198524E0,2.138109207E0,-7.130746841E0,1.115475723E1
1.621589959E1,5.941337109E0,-1.568508148E0,-9.406128883E0,1.123543346E1
1.622594298E1,4.339300156E0,-3.350712776E0,-9.368450165E0,1.085470683E1
1.623589745E1,2.937960148E0,-4.242394447E0,-8.319423676E0,9.789909641E0
1.624589782E1,1.591801405E0,-4.305569649E0,-6.784316540E0,8.191380386E0
1.625589225E1,5.717711449E-1,-4.236915112E0,-5.524587154E0,6.985659248E0
1.626589563E1,3.815612793E-1,-3.175570488E0,-4.654616833E0,5.647591946E0
1.627590521E1,2.464416027E-1,-1.659215927E0,-4.379681587E0,4.689919164E0
1.628590678E1,1.740882397E-1,1.135606766E-1,-3.240641117E0,3.247300047E0
1.629590678E1,1.581521034E-1,1.964322090E0,-2.280394316E0,3.013929594E0
1.630590730E1,9.746658802E-1,2.946688652E0,-8.148793578E-1,3.208890144E0
1.631590574E1,1.076419592E0,3.154057503E0,-8.046101928E-1,3.428433378E0
1.632591719E1,1.030092001E0,3.101213455E0,-6.376502514E-1,3.329446240E0
1.633589818E1,8.983719349E-1,2.200489998E0,-5.070961714E-1,2.430303457E0
1.634589766E1,-3.534507751E-2,1.336488724E-1,-4.038167000E-1,4.268245808E-1
1.635589532E1,-8.079326153E-1,5.675029755E-2,-5.415660739E-1,9.743046338E-1
1.636589610E1,-1.525246143E0,-2.004330635E0,-4.803768992E-1,2.564074698E0
1.637590443E1,-2.553568840E0,-2.725235939E0,-4.215421081E-1,3.758366998E0
1.638589610E1,-2.496734381E0,-2.807302475E0,-3.635843992E-1,3.774496439E0
1.639589480E1,-2.440429449E0,-2.834218025E0,-1.435341477E0,4.006081985E0
1.640591542E1,-2.584129333E0,-2.778769493E0,-1.443304181E0,4.059853602E0
1.641590527E1,-1.411576390E0,-2.633265495E0,-1.465278864E0,3.327713513E0
1.642592672E1,-6.059689522E-1,-1.538736343E0,-1.511018515E0,2.240108224E0
1.643589407E1,2.237617970E-1,-1.371228218E0,-1.560568810E0,2.089428433E0
1.644589975E1,1.050698280E0,1.583700180E-1,-1.592229962E0,1.914221563E0
1.645589662E1,1.777295113E0,7.662773132E-2,-1.558314800E0,2.364951319E0
1.646589714E1,1.931459904E0,9.399890900E-2,-1.414604783E0,2.395929850E0
1.647590261E1,2.741145372E0,1.115808487E-1,-1.956775039E-1,2.750385050E0
1.648589584E1,2.716406107E0,1.564693451E-1,-7.175053656E-2,2.721854686E0
1.649589975E1,2.596292496E0,8.580207825E-2,-1.879534870E-1,2.604500573E0
1.650589792E1,1.856185913E0,1.216917038E-1,-1.059116498E-1,1.863183376E0
1.651589480E1,1.644288063E0,1.588773727E-1,-2.548748814E-2,1.652142508E0
1.652593386E1,5.898554325E-1,1.959352493E-1,1.821617968E-2,6.218133823E-1
1.653589662E1,4.150004387E-1,2.325963974E-1,6.021557748E-2,4.795334858E-1
1.654589558E1,-3.502113819E-1,1.691370010E-1,-9.892920405E-2,4.013007906E-1
1.655589558E1,-4.644961357E-1,2.052698135E-1,-5.817700922E-2,5.111525417E-1
1.656589558E1,-5.786049366E-1,2.409839630E-1,-1.755375601E-2,6.270287692E-1
1.657591928E1,-6.776564121E-1,2.762641907E-1,2.293807454E-2,7.321654671E-1
1.658589521E1,-7.511100769E-1,-1.343478203E0,6.333048642E-2,1.540490435E0
1.659606370E1,-7.567043304E-1,-1.474563599E0,-9.569475800E-2,1.660149613E0
1.660589365E1,-7.194154263E-1,-2.472536087E0,-5.483885109E-2,2.575655365E0
1.661589292E1,-6.491744518E-1,-2.608978271E0,-1.393082086E-2,2.688566376E0
1.662594219E1,-5.605993271E-1,-3.372755527E0,2.681390755E-2,3.419132995E0
1.663589610E1,-4.571123123E-1,-3.389210224E0,6.742446125E-2,3.420561894E0
1.664589688E1,1.628620625E-1,-3.339276314E0,-9.163146466E-2,3.344500961E0
1.665589480E1,2.085838318E-1,-3.206346989E0,-5.100278556E-2,3.213529136E0
1.666589714E1,3.142006397E-1,-2.126885414E0,2.926343679E-2,2.150167425E0
1.667590105E1,3.698191643E-1,-1.302784920E0,6.933826208E-2,1.356031916E0
1.668589636E1,4.288027287E-1,-1.216761589E0,-9.020330012E-2,1.293258358E0
1.669590339E1,4.769890308E-1,-1.119191170E0,-4.994362593E-2,1.217621360E0
1.670589584E1,1.055803776E0,-1.046502113E0,-9.821953252E-3,1.486601748E0
1.671589714E1,1.052035570E0,-1.019855499E0,3.016642109E-2,1.465535429E0
1.672593568E1,1.044064760E0,-1.072952271E0,7.003436983E-2,1.498733669E0
1.673589532E1,1.030562878E0,-1.183666229E0,-9.122870117E-2,1.572084051E0
1.674589532E1,9.892103672E-1,-2.044988632E0,-5.095084384E-2,2.272248148E0
1.675590886E1,8.883585930E-1,-2.120177746E0,-1.078505069E-2,2.298793375E0
1.676590157E1,7.064306736E-1,-2.190717220E0,2.908749506E-2,2.301984431E0
1.677595751E1,-3.791675568E-1,-2.254499435E0,6.880950183E-2,2.287197081E0
1.678589303E1,-5.803656578E-1,-2.268393517E0,-1.724021316E0,2.907693749E0
1.679589251E1,-1.705484152E0,-2.194753647E0,-1.780007005E0,3.300612776E0
1.680589480E1,-1.887606263E0,-1.322760582E0,-1.763064623E0,2.901921747E0
1.681589402E1,-3.538933039E0,5.870761871E-1,-1.635027170E0,3.942336788E0
1.682593464E1,-3.532180071E0,2.342485428E0,8.855291456E-2,4.239265933E0
1.683589480E1,-3.682068348E0,4.716089249E0,-6.947012246E-2,5.983640298E0
1.684589662E1,-1.680786133E0,9.119461060E0,1.761920810E0,9.438960588E0
1.685589454E1,-8.102562428E-1,1.070435238E1,2.527806520E0,1.102857565E1
1.686589376E1,-6.965069771E-1,1.170103359E1,2.668223619E0,1.202159417E1
1.687590574E1,-5.593144894E-1,1.173338890E1,3.504204512E0,1.225825016E1
1.688589298E1,-4.379689693E-1,1.158961582E1,3.504253626E0,1.211572553E1
1.689589792E1,-3.714611530E-1,1.024502277E1,3.463865519E0,1.082112930E1
1.690589376E1,-1.031543493E0,8.448884964E0,3.328301430E0,9.139219306E0
1.691589350E1,-1.641283154E0,6.373028755E0,3.123888254E0,7.284777535E0
1.692593230E1,-1.678634167E0,4.122983932E0,2.191776752E0,4.961924476E0
1.693592657E1,-2.699601650E0,1.849398613E0,2.001455069E0,3.835876261E0
1.694589891E1,-2.557055235E0,3.397846222E-2,1.240198255E0,2.842143156E0
1.695589308E1,-2.422705889E0,-1.998603821E0,1.085866690E0,3.323105103E0
1.696589251E1,-2.295715332E0,-3.341929436E0,9.578709602E-1,4.166091455E0
1.697590157E1,-1.016011596E0,-4.248089790E0,8.573172092E-1,4.451240190E0
1.698589662E1,-7.951186895E-1,-4.357535362E0,7.917615175E-1,4.499690485E0
1.699589402E1,3.117449284E-1,-4.404530048E0,7.269054055E-1,4.474981711E0
1.700590652E1,4.754619598E-1,-4.367554188E0,6.546193957E-1,4.441859995E0
1.701589818E1,1.210637808E0,-4.226992607E0,5.729169250E-1,4.434111434E0
1.702593855E1,1.213892221E0,-3.198230267E0,4.155119658E-1,3.445992072E0
1.703589324E1,1.124171495E0,-3.118204594E0,3.562213778E-1,3.333744908E0
1.704589506E1,2.585630417E-1,-3.078479767E0,3.356515765E-1,3.107499719E0
1.705589688E1,6.048107147E-2,-3.104992867E0,3.387790918E-1,3.124005431E0
1.706589610E1,-1.197819471E0,-3.189360142E0,3.433920145E-1,3.424136048E0
1.707590053E1,-2.317374945E0,-3.905671120E0,3.504451513E-1,4.554921002E0
1.708589532E1,-2.305425167E0,-3.981217384E0,3.543887138E-1,4.614181230E0
1.709590183E1,-2.293044806E0,-4.068969250E0,3.498475552E-1,4.683690697E0
1.710589251E1,-2.280199051E0,-4.643745422E0,3.281693459E-1,5.183760641E0
1.711589370E1,-2.464686155E0,-4.612770557E0,2.915699482E-1,5.238066733E0
1.712595907E1,-2.442863226E0,-4.550165653E0,2.467793226E-1,5.170347014E0
1.713590428E1,-2.375955820E0,-4.460022926E0,1.888710260E-1,5.056940066E0
1.714589199E1,-2.279570818E0,-3.823348522E0,1.361925602E-1,4.453424014E0
1.715589532E1,-2.183696032E0,-3.718056679E0,9.159612656E-2,4.312871859E0
1.716589818E1,-6.854710579E-1,-2.903287888E0,7.856440544E-2,2.984145354E0
1.717590105E1,-5.308959484E-1,-2.781994820E0,8.821344376E-2,2.833571474E0
1.718589506E1,-3.753535748E-1,-1.979121208E0,1.121519804E-1,2.017520540E0
1.719589714E1,-2.533258200E-1,-1.901274681E0,1.339859962E-1,1.922751058E0
1.720589792E1,-2.308045626E-1,-1.740081787E0,1.743313074E-1,1.763957703E0
1.721590527E1,-3.256641626E-1,-1.667382240E0,1.628644466E-1,1.706676744E0
1.722593490E1,-9.960438013E-1,-1.616952896E0,1.314697266E-1,1.903660740E0
1.723589532E1,-1.978787899E0,-1.613110065E0,8.164441586E-2,2.554288833E0
1.724589376E1,-1.934837222E0,-1.628383160E0,1.517903805E-2,2.528924118E0
1.725589662E1,-2.089823008E0,-1.680255890E0,-6.358587742E-2,2.682286939E0
1.726589558E1,-2.044245005E0,-1.764089108E0,-1.138345003E-1,2.702574016E0
1.727589948E1,-1.998826623E0,-2.448523521E0,-1.444466114E-1,3.164085986E0
1.728589610E1,-1.953588128E0,-2.530681133E0,-1.578511000E-1,3.200901520E0
1.729601964E1,-1.882647276E0,-3.176405907E0,-1.764892340E-1,3.696628694E0
1.730588766E1,-6.639270782E-1,-3.285109520E0,-2.049888372E-1,3.357791558E0
1.731588152E1,-5.022361279E-1,-4.011976242E0,-2.504901886E-1,4.051041820E0
1.732594459E1,1.975189447E-1,-4.111535072E0,-3.082691431E-1,4.127803805E0
1.733590443E1,3.291032314E-1,-4.212410927E0,-3.732124567E-1,4.241698043E0
1.734590574E1,4.734941721E-1,-4.298018932E0,-4.788527489E-1,4.350455543E0
1.735590443E1,6.037411690E-1,-4.342211723E0,-1.726919055E0,4.711852658E0
1.736590626E1,6.564645767E-1,-4.320075035E0,-1.699579358E0,4.688556712E0
1.737590495E1,6.068994999E-1,-4.184408665E0,-1.675207615E0,4.547958160E0
1.738590600E1,3.630355597E-1,4.069929123E-1,-1.608308077E0,1.698261734E0
1.739590417E1,3.293788433E-1,6.360682487E0,9.730882645E-1,6.443110499E0
1.740590834E1,1.519541860E0,1.148038197E1,3.476522207E0,1.209108697E1
1.741590548E1,2.787010670E0,1.402600574E1,3.544244289E0,1.473288611E1
1.742593907E1,3.680350304E0,1.524615192E1,2.699238539E0,1.591464783E1
1.743590079E1,4.516282082E0,1.534357738E1,1.810029745E0,1.609653312E1
1.744590808E1,4.646358490E0,1.533559513E1,9.000749588E-1,1.604927600E1
1.745590938E1,5.553330421E0,1.514395714E1,-6.607137918E-1,1.614358880E1
1.746590391E1,5.637084961E0,1.201773739E1,-1.707052112E0,1.338345119E1
1.747601324E1,5.507317066E0,5.736869812E0,-4.855286121E0,9.317511461E0
1.748588370E1,3.526545763E0,1.643409729E-1,-8.221512794E0,8.947446876E0
1.749587990E1,1.756365776E0,-1.811920166E0,-9.073990822E0,9.418343000E0
1.750589292E1,5.025217533E-1,-2.916881084E0,-8.183855057E0,8.702655167E0
1.751589407E1,-4.511539936E-1,-2.961742401E0,-7.053418159E0,7.663299923E0
1.752593724E1,-5.814156532E-1,-2.835753441E0,-5.890600204E0,6.563437553E0
1.753590600E1,-6.128590107E-1,-1.600962639E0,-4.827913284E0,5.123224006E0
1.754590730E1,-5.534731150E-1,1.138277054E-1,-3.872676134E0,3.913682368E0
1.755590756E1,5.634808540E-1,1.327552795E-1,-2.910789967E0,2.967799331E0
1.756590678E1,2.451929331E0,2.318134308E0,-7.774111032E-1,3.462668355E0
1.757589506E1,2.560707808E0,3.144536972E0,-6.137408018E-1,4.101464984E0
1.758589558E1,3.248856544E0,3.151363373E0,-6.531534195E-1,4.573048146E0
1.759589402E1,3.162594557E0,3.016444206E0,-4.961777031E-1,4.398537518E0
1.760589558E1,2.420333385E0,1.733196259E0,-3.706754148E-1,2.999897203E0
1.761589480E1,1.344073057E0,1.693925858E-1,-3.097472787E-1,1.389665286E0
1.762594896E1,-5.289530754E-2,1.971321106E-1,-2.510493398E-1,3.235502335E-1
1.763589480E1,-1.488203049E0,-1.879183769E0,-3.939176202E-1,2.429249070E0
1.764589480E1,-2.801168203E0,-2.811159134E0,-1.360276699E0,4.195177193E0
1.765600001E1,-2.781954527E0,-3.503702641E0,-2.025462627E0,4.910977707E0
1.766589667E1,-2.761609793E0,-3.580898762E0,-2.169998884E0,5.015797020E0
1.767590579E1,-2.740177870E0,-3.582849026E0,-3.067510843E0,5.454814816E0
1.768589303E1,-2.931055069E0,-3.461180210E0,-3.061130762E0,5.471871143E0
1.769589584E1,-2.878315926E0,-2.328942776E0,-2.998552799E0,4.764451271E0
1.770589610E1,-9.803007841E-1,-1.204382896E0,-2.874831915E0,3.267443393E0
1.771589636E1,2.560272217E-1,2.681541443E-1,-1.998296618E0,2.032399065E0
1.772593568E1,1.369982243E0,2.818584442E-1,-1.833806515E0,2.306326486E0
1.773589610E1,2.186239481E0,1.707532883E0,-1.089973211E0,2.980495465E0
1.774589766E1,2.233500481E0,1.753662109E0,8.282151073E-2,2.840900314E0
1.775589610E1,2.119513750E0,1.630767822E0,1.862907708E-1,2.680754834E0
1.776589896E1,1.054610968E0,2.598533630E-1,2.875457406E-1,1.123570477E0
1.777590157E1,2.819020748E-1,1.915550232E-1,1.867383569E-1,3.886300563E-1
1.778589610E1,-5.123732090E-1,2.224845886E-1,2.602017522E-1,6.162228893E-1
1.779589402E1,-1.237718463E0,2.520103455E-1,2.948909402E-1,1.297080134E0
1.780589454E1,-1.393324137E0,2.811479568E-1,3.282239437E-1,1.458810228E0
1.781589324E1,-1.511996746E0,3.099479675E-1,3.617005944E-1,1.585253678E0
1.782593803E1,-1.588501573E0,2.386198044E-1,1.943579465E-1,1.618039452E0
1.783601422E1,-1.637843609E0,2.669553757E-1,2.272054255E-1,1.674938556E0
1.784588365E1,-1.633842230E0,2.871990204E-1,2.603682280E-1,1.679200799E0
1.785591115E1,-1.590104461E0,2.994375229E-1,2.938543260E-1,1.644519806E0
1.786589277E1,-1.506346941E0,3.047037125E-1,3.261584640E-1,1.571083958E0
1.787590287E1,-1.409619570E0,2.096023560E-1,1.591488123E-1,1.433976577E0
1.788589428E1,-1.310259461E0,2.151765823E-1,1.937868297E-1,1.341877101E0
1.789589610E1,-1.204126000E0,2.214298248E-1,2.285065651E-1,1.245458085E0
1.790590053E1,-1.082483888E0,2.283239365E-1,2.633022964E-1,1.137203274E0
1.791589766E1,-3.527948856E-1,2.357378006E-1,1.219672441E0,1.291370360E0
1.792594141E1,-1.248881817E-1,1.639194489E-1,1.273395061E0,1.289961870E0
1.793589115E1,6.716170311E-1,1.726856232E-1,1.248858452E0,1.428473729E0
1.794589480E1,7.786555290E-1,1.824979782E-1,2.311518192E-1,8.324909059E-1
1.795589610E1,8.969361782E-1,1.934413910E-1,2.654647529E-1,9.551887848E-1
1.796589454E1,9.883432388E-1,1.112747192E-1,9.880517423E-2,9.994833082E-1
1.797589948E1,1.070634604E0,1.298379898E-1,-8.448837996E-1,1.370016421E0
1.798589532E1,1.123777151E0,1.494703293E-1,-1.497716188E0,1.878395657E0
1.799589532E1,1.123050690E0,1.244361877E0,-1.485754967E0,2.239898916E0
1.800589324E1,1.092644691E0,2.065332413E0,-1.411599517E0,2.729850471E0
1.801601157E1,1.030960083E0,2.146194458E0,8.897975087E-2,2.382634412E0
1.802592641E1,9.025766850E-1,2.261800766E0,1.248585954E-1,2.438437419E0
1.803590641E1,1.071765423E-1,3.079387665E0,1.623483002E-1,3.085526239E0
1.804589615E1,-5.110526085E-2,3.125221252E0,1.674699187E0,3.546017060E0
1.805589844E1,-9.451050758E-1,3.127846718E0,1.801851034E0,3.731395965E0
1.806589355E1,-1.038073778E0,3.058801651E0,1.887492537E0,3.741188687E0
1.807590339E1,-1.133543611E0,2.363512039E0,1.912516356E0,3.244815725E0
1.808589584E1,-1.222037673E0,1.659079552E0,1.894439340E0,2.799075105E0
1.809590548E1,-1.240586877E0,1.644325256E-1,1.787102461E0,2.181703248E0
1.810589120E1,-1.087593555E0,9.807872772E-2,1.608694553E0,1.944319250E0
1.811589948E1,-2.842533588E-1,1.040477753E-1,1.512886286E0,1.542870968E0
1.812594141E1,-1.250722408E-1,-1.089847565E0,1.438935518E0,1.809404931E0
1.813589766E1,5.325784683E-1,-1.161050797E0,1.394072175E0,1.890797717E0
1.814589870E1,6.008114815E-1,-1.197700500E0,1.359698892E0,1.908989785E0
1.815589324E1,6.213374138E-1,-1.211666107E0,1.303675890E0,1.885143433E0
1.816589506E1,5.923004150E-1,-1.218705177E0,1.230194807E0,1.830147905E0
1.817590105E1,4.994375706E-1,-1.224328995E0,1.143492937E0,1.748140575E0
1.818589610E1,-1.643710136E-1,-1.252037048E0,1.024984956E0,1.626409776E0
1.819589261E1,-2.484738827E-1,-1.316805840E0,8.810849190E-1,1.603754197E0
1.820589027E1,-3.527848721E-1,-1.421057701E0,-5.928362012E-1,1.579657215E0
1.821595381E1,-9.826426506E-1,-2.340491295E0,-5.918915272E-1,2.606496050E0
1.822592100E1,-1.034859419E0,-2.468545437E0,-5.896378160E-1,2.740861789E0
1.823589381E1,-1.066536188E0,-3.485654831E0,-5.860356092E-1,3.691981416E0
1.824589480E1,-1.094979405E0,-3.621544838E0,-5.801150799E-1,3.827675589E0
1.825589480E1,-1.104946017E0,-4.612446308E0,-7.700690627E-1,4.805057024E0
1.826589532E1,-1.116710305E0,-4.716421604E0,-7.555776238E-1,4.905361577E0
1.827590417E1,-1.121210694E0,-5.417867661E0,-6.944978833E-1,5.576085609E0
1.828589532E1,-1.147815228E0,-5.519602776E0,-5.929071307E-1,5.668777069E0
1.829589714E1,-1.143753529E0,-5.543278694E0,-7.342154980E-1,5.707467320E0
1.830589506E1,-1.130295396E0,-5.542646885E0,-6.763066053E-1,5.697007354E0
1.831589584E1,-1.093146682E0,-5.508624554E0,-6.198292971E-1,5.650141812E0
1.832593673E1,-1.061842799E0,-5.437747002E0,-5.638701320E-1,5.569071028E0
1.833589610E1,-1.027646899E0,-5.342642784E0,-5.100368261E-1,5.464432965E0
1.834589532E1,-9.943828583E-1,-5.218294144E0,-6.575801969E-1,5.352737875E0
1.835589558E1,-9.717087746E-1,-4.407800198E0,-6.034468412E-1,4.553797164E0
1.836589480E1,-9.680635929E-1,-4.315418243E0,-5.494205356E-1,4.456662951E0
1.837591277E1,-9.859120846E-1,-4.188974380E0,-4.955509007E-1,4.331870231E0
1.838589714E1,-1.028193712E0,-3.377648354E0,-4.418359399E-1,3.558217209E0
1.839588386E1,-1.093125820E0,-3.268586159E0,-5.877550244E-1,3.496288819E0
1.840590761E1,-1.174654484E0,-2.558243752E0,-5.335702300E-1,2.865156442E0
1.841589355E1,-1.271646023E0,-2.446150303E0,-4.774809480E-1,2.797985519E0
1.842594402E1,-2.557895422E0,-1.640936375E0,-4.215356410E-1,3.068092807E0
1.843589584E1,-2.514645576E0,-1.507717609E0,-3.656735420E-1,2.954720275E0
1.844589558E1,-2.659434557E0,3.526134491E-1,-5.074688792E-1,2.730284430E0
1.845589766E1,-2.595627546E0,3.661603928E-1,1.342996359E0,2.945334448E0
1.846589974E1,-8.720892668E-1,3.987350464E-1,2.115777731E0,2.322938814E0
1.847590001E1,-7.335658073E-1,4.089021683E-1,2.141272068E0,2.300079530E0
1.848589428E1,-5.985019207E-1,1.803222656E0,2.144968510E0,2.865433022E0
1.849589714E1,6.701016426E-2,4.263929367E0,2.184959173E0,4.791620874E0
1.850589506E1,2.034261227E-1,8.771710396E0,3.246173620E0,9.355315528E0
1.851589298E1,1.447447538E0,1.157473278E1,4.277003765E0,1.242426274E1
1.852593620E1,2.298969984E0,1.260694504E1,4.024638653E0,1.343197835E1
1.853589428E1,2.443272352E0,1.264463806E1,1.625133634E0,1.298065911E1
1.854589662E1,3.084554672E0,1.263238335E1,-8.638576269E-1,1.303218464E1
1.855589339E1,3.149058580E0,1.255413437E1,-8.837504387E-1,1.297319832E1
1.856591167E1,3.284431458E0,1.142836475E1,-2.620960474E0,1.217638882E1
1.857592527E1,3.924732924E0,8.476569176E0,-3.537839890E0,9.988596728E0
1.858589381E1,3.921767235E0,3.477758408E0,-5.411513805E0,7.533892981E0
1.859590079E1,3.732037306E0,5.562019348E-2,-7.445801258E0,8.328934652E0
1.860590339E1,2.570649147E0,-9.886417389E-1,-7.548814774E0,8.035561835E0
1.861590287E1,2.397508383E0,-1.100328445E0,-7.304077148E0,7.765842654E0
1.862593646E1,1.522728443E0,-1.167605400E0,-5.716058254E0,6.029537814E0
1.863590730E1,1.424607992E0,-1.147942543E0,-4.438588142E0,4.800869162E0
1.864590313E1,1.242338896E0,9.341907501E-2,-2.526212692E0,2.816715041E0
1.865590574E1,1.107095242E0,1.290369034E-1,-1.664304137E0,2.003052335E0
1.866590704E1,9.767997265E-1,1.216300964E0,-1.394585371E0,2.092461254E0
1.867590417E1,8.214428425E-1,1.302857399E0,-1.796521246E-1,1.550638782E0
1.868590521E1,1.064527035E-1,1.344148636E0,-2.732883766E-2,1.348634346E0
1.869590782E1,-1.060748100E-2,1.327585220E0,1.208423004E-1,1.333115860E0
1.870590521E1,-1.679060459E-1,1.215905190E0,2.350283265E-1,1.249742447E0
1.871590678E1,-1.147693396E0,2.106351852E-1,3.202841580E-1,1.210020352E0
1.872593568E1,-1.288246512E0,1.392383575E-1,1.990405768E-1,1.310947576E0
1.873593016E1,-2.867892981E0,-1.456128120E0,2.368161380E-1,3.225089322E0
1.874589865E1,-2.841530800E0,-2.122006416E0,2.746468782E-1,3.557054881E0
1.875591834E1,-2.791849852E0,-2.226486683E0,3.111946285E-1,3.584481921E0
1.876591355E1,-2.739728689E0,-2.312949181E0,3.477225304E-1,3.602326770E0
1.877590105E1,-2.883297920E0,-2.335208893E0,1.847405881E-1,3.714934260E0
1.878590652E1,-1.211052418E0,-2.280226707E0,2.219109237E-1,2.591394654E0
1.879590261E1,-4.540956020E-1,-2.149069786E0,2.575934827E-1,2.211573685E0
1.880590521E1,3.616657257E-1,-1.028257370E0,2.936978042E-1,1.128881622E0
1.881590261E1,1.152585506E0,2.284870148E-1,3.283197284E-1,1.220021930E0
1.882591850E1,2.326819897E0,1.610012054E-1,2.033635378E-1,2.341232357E0
1.883589584E1,2.419641018E0,1.436162949E0,2.399591953E-1,2.823970093E0
1.884589480E1,2.450763941E0,1.467745781E0,2.764313519E-1,2.870006248E0
1.885589428E1,2.405200005E0,1.458482742E0,3.127991557E-1,2.830194743E0
1.886589376E1,2.277895451E0,1.406162262E0,1.299406052E0,2.975660612E0
1.887590235E1,1.551471233E0,1.284475327E0,1.362952471E0,2.431990808E0
1.888589454E1,1.375653982E0,2.027072906E-1,1.393110633E0,1.968316885E0
1.889589948E1,5.953524113E-1,2.374982834E-1,1.364850283E0,1.507868105E0
1.890589584E1,4.584639072E-1,2.718162537E-1,1.269379377E0,1.376734264E0
1.891592448E1,3.151609898E-1,-7.690410614E-1,1.072623879E-1,8.380070545E-1
1.892592834E1,1.861243248E-1,-8.484992981E-1,1.418846250E-1,8.801843954E-1
1.893591537E1,9.416174889E-2,-9.063968658E-1,-9.167010188E-1,1.292579774E0
1.894589771E1,4.945111275E-2,-9.308366776E-1,-1.645680189E0,1.891339636E0
1.895589506E1,5.024647713E-2,-8.834285736E-1,-1.785707116E0,1.992917624E0
1.896589298E1,9.231042862E-2,-7.363786697E-1,-2.405864716E0,2.517729094E0
1.897589949E1,1.358540058E-1,2.969112396E-1,-2.355491161E0,2.378014131E0
1.898589740E1,1.608417034E-1,1.431348801E0,-1.655725837E0,2.194551774E0
1.899589584E1,1.826603413E-1,2.410203934E0,-7.730959654E-1,2.537740171E0
1.900589688E1,1.261267662E-1,4.012623787E0,1.304977417E0,4.221376988E0
1.901589454E1,1.585459709E-2,4.151108742E0,1.499605179E0,4.413702623E0
1.902593672E1,-8.671071529E-1,4.837547302E0,2.404280186E0,5.471224902E0
1.903589688E1,-9.808702469E-1,4.776612282E0,2.448082685E0,5.456302793E0
1.904589454E1,-1.783427000E0,4.036635399E0,2.428443193E0,5.037099716E0
1.905589454E1,-1.829500318E0,3.196536064E0,2.302622795E0,4.343614389E0
1.906589402E1,-1.872272491E0,2.239498138E0,1.440929055E0,3.255308393E0
1.907589948E1,-1.882714152E0,2.074584961E-1,1.297555923E0,2.295931833E0
1.908589376E1,-1.867851853E0,2.173557281E-1,2.324554026E-1,1.894769003E0
1.909592839E1,-1.818096638E0,-8.617429733E-1,2.268154472E-1,2.024727533E0
1.910589214E1,-1.746447086E0,-1.696736336E0,2.401641011E-2,2.435070514E0
1.911601558E1,-1.622639060E0,-1.858159542E0,1.084576488E0,2.694813641E0
1.912592954E1,-1.495426297E0,-2.603884697E0,1.111133695E0,3.201739123E0
1.913589172E1,-1.381200671E0,-2.634263992E0,1.144682765E0,3.187061453E0
1.914589532E1,-1.303000212E0,-2.621876240E0,1.169455051E0,3.152724169E0
1.915589584E1,-1.254477024E0,-2.581655979E0,1.172537327E0,3.100565107E0
1.916589818E1,-1.216514707E0,-2.534353733E0,1.151073694E0,3.037733946E0
1.917590079E1,-1.178069711E0,-2.495614529E0,1.088333011E0,2.966548308E0
1.918589792E1,-1.130978107E0,-2.510889053E0,9.356942177E-1,2.908470214E0
1.919589532E1,-1.113588929E0,-2.585311890E0,8.032852411E-1,2.927317039E0
1.920589662E1,-1.120554924E0,-3.223163128E0,-3.271942735E-1,3.428043171E0
1.921590360E1,-1.139036775E0,-3.342658043E0,-3.205159605E-1,3.545912865E0
1.922593933E1,-1.163049936E0,-4.114768028E0,-3.133378625E-1,4.287444658E0
1.923589688E1,-1.181789756E0,-4.192244530E0,-3.055822849E-1,4.366339629E0
1.924589480E1,-1.186067820E0,-4.268540859E0,-4.967252016E-1,4.458019052E0
1.925589558E1,-1.182731509E0,-4.324203968E0,-4.866836369E-1,4.509374097E0
1.926589428E1,-1.172834396E0,-4.352195740E0,-4.721998274E-1,4.532121022E0
1.927592006E1,-1.153761387E0,-4.336704731E0,-4.188429415E-1,4.507061423E0
1.928589422E1,-1.110929847E0,-4.278210640E0,-3.644530773E-1,4.435096104E0
1.929591224E1,-1.058023214E0,-4.166023254E0,-5.116441250E-1,4.328619016E0
1.930589146E1,-9.963965416E-1,-3.483182907E0,-4.573709667E-1,3.651651330E0
1.931590605E1,-9.418281317E-1,-3.386907101E0,1.018156290E0,3.659893737E0
1.932593673E1,-8.836581707E-1,-3.272612095E0,1.158796668E0,3.582408604E0
1.933589662E1,-8.370418549E-1,-2.564700127E0,1.896919489E0,3.297973522E0
1.934589636E1,-7.809814215E-1,-2.519124508E0,1.925736189E0,3.265636253E0
1.935590053E1,-7.278082371E-1,-2.499077797E0,1.901932716E0,3.223731180E0
1.936589688E1,-6.859164238E-1,-2.488070488E0,1.770913839E0,3.130033853E0
1.937590391E1,-6.177556515E-1,-2.534203529E0,6.898271441E-1,2.698086556E0
1.938589558E1,-5.397328138E-1,-2.595436573E0,5.407478213E-1,2.705551833E0
1.939589844E1,-4.530366659E-1,-2.686380863E0,-6.395202875E-1,2.798369268E0
1.940590157E1,-3.636565208E-1,-3.412368774E0,-6.480149031E-1,3.492338763E0
1.941589532E1,-2.863676548E-1,-3.479142666E0,-6.548961997E-1,3.551806464E0
1.942594089E1,-2.436403036E-1,-3.511238575E0,-6.601980925E-1,3.581063871E0
1.943589454E1,-2.468872070E-1,-3.458982468E0,-8.634344935E-1,3.573658088E0
1.944589506E1,-2.967963219E-1,-2.721127987E0,-8.474508524E-1,2.865449097E0
1.945589610E1,-3.886357546E-1,-1.269865036E0,-8.263521791E-1,1.564114089E0
1.946593745E1,-4.919428825E-1,1.332740784E0,-7.561590672E-1,1.609342204E0
1.947592193E1,-5.044847727E-1,5.251877785E0,-6.850829720E-1,5.320344334E0
1.948590037E1,-3.511193991E-1,9.725330353E0,-8.145539761E-1,9.765696774E0
1.949589303E1,1.270227671E0,1.294288540E1,-7.430768013E-1,1.302627821E1
1.950589870E1,2.591429710E0,1.486473942E1,3.830090761E-1,1.509379614E1
1.951589532E1,3.744133711E0,1.558639908E1,5.270151496E-1,1.603845748E1
1.952593907E1,4.616060257E0,1.547207069E1,5.350664854E-1,1.615485314E1
1.953589922E1,4.827882767E0,1.395747280E1,-6.237403154E-1,1.478203474E1
1.954589896E1,4.923838615E0,1.148363495E1,-5.208563209E-1,1.250557274E1
1.955589948E1,3.540640116E0,3.254610062E0,-3.085560560E0,5.713956865E0
1.956589662E1,1.849958897E0,4.279804230E-2,-4.401549816E0,4.774706313E0
1.957590027E1,3.039987087E-1,-1.785181999E0,-5.680475235E0,5.962137945E0
1.958590027E1,-7.549438477E-1,-2.883078098E0,-6.667308331E0,7.303087012E0
1.959589506E1,-9.092593193E-1,-3.018651485E0,-6.707266331E0,7.411236802E0
1.960589402E1,-1.005060434E0,-3.630124092E0,-6.587838650E0,7.588647144E0
1.961589350E1,-1.053584099E0,-3.558987617E0,-5.462266445E0,6.603997807E0
1.962593855E1,-1.042410254E0,-2.786706924E0,-4.243932247E0,5.182983266E0
1.963589506E1,-2.711026669E-1,-1.941735268E0,-2.876235247E0,3.480885189E0
1.964602360E1,5.334863663E-1,-1.126008034E0,-1.380559683E0,1.859689983E0
1.965588683E1,1.299453735E0,1.578941345E-1,5.032564402E-1,1.402418487E0
1.966590698E1,1.385643482E0,1.879796982E-1,6.728609800E-1,1.551800930E0
1.967592167E1,1.440017223E0,1.196413040E-1,6.400375962E-1,1.580383425E0
1.968589402E1,1.437533379E0,1.524677277E-1,8.041945100E-1,1.654230163E0
1.969589818E1,1.365735292E0,1.830377579E-1,9.311675429E-1,1.663072068E0
1.970589610E1,1.205662012E0,2.123317719E-1,1.006259561E0,1.584696808E0
1.971589714E1,7.517647743E-2,2.327785492E-1,2.194688797E0,2.208279029E0
1.972594089E1,-6.700289249E-1,1.533374786E-1,2.148932219E0,2.256182799E0
1.973589480E1,-2.586489677E0,1.936693192E-1,2.243341446E0,3.429288191E0
1.974589740E1,-2.551700592E0,2.138977051E-1,2.241110802E0,3.402867286E0
1.975589948E1,-2.516471148E0,2.339725494E-1,2.131764174E0,3.306325556E0
1.976589688E1,-1.522590995E0,1.513442993E-1,1.924233675E0,2.458427072E0
1.977590521E1,-3.857769966E-1,1.661024094E-1,6.326717734E-1,7.593994169E-1
1.978589376E1,3.835892677E-1,1.774711609E-1,6.092216372E-1,7.414767310E-1
1.979589532E1,1.126249790E0,1.894741058E-1,5.878446698E-1,1.284484481E0
1.980589766E1,1.297339201E0,2.020349503E-1,5.684990287E-1,1.430768419E0
1.981589584E1,2.223876715E0,1.153144836E-1,3.516218066E-1,2.254454029E0
1.982596032E1,2.306051254E0,1.291284561E-1,3.367118239E-1,2.334078276E0
1.983591678E1,2.368561745E0,-1.105233192E0,3.242365122E-1,2.633771908E0
1.984592928E1,2.363452435E0,-1.146085739E0,3.545303941E-1,2.650492734E0
1.985589146E1,2.287676811E0,-1.139960289E0,-1.098294377E0,2.781946296E0
1.986589277E1,2.172655344E0,-1.072918892E0,-1.186377168E0,2.697976460E0
1.987590521E1,1.998965979E0,-9.408073425E-1,-1.306186557E0,2.566535946E0
1.988590704E1,1.249641657E0,2.202825546E-1,-2.054990053E0,2.415183801E0
1.989590756E1,1.127022028E0,2.587261200E-1,-2.072278500E0,2.373068907E0
1.990590756E1,9.753291607E-1,2.967233658E-1,-2.051263809E0,2.290631996E0
1.991590495E1,1.067259312E-1,1.353327751E0,-1.077899456E0,1.733422529E0
1.992591120E1,-1.821637154E-2,2.021741867E0,-8.635967970E-1,2.198538478E0
1.993590209E1,-1.861157417E-1,2.067525864E0,4.950620234E-1,2.134101374E0
1.994590704E1,-1.049105644E0,2.111174583E0,5.772345662E-1,2.427113619E0
1.995590157E1,-1.175498843E0,2.154211998E0,4.579702020E-1,2.496430165E0
1.996590157E1,-1.884630919E0,2.205945969E0,5.368728042E-1,2.950637850E0
1.997590652E1,-1.954152703E0,2.261192322E0,6.124480367E-1,3.050704198E0
1.998590574E1,-1.993801355E0,2.283798218E0,1.648059368E0,3.450663389E0
1.999590235E1,-2.034089804E0,2.279403687E0,1.627918005E0,3.461693159E0
2.000593443E1,-2.057656288E0,2.243456841E0,1.602164984E0,3.440055324E0
2.001589141E1,-3.057073116E0,2.152704239E0,5.347869992E-1,3.777013200E0
2.002590959E1,-2.953847647E0,2.031506538E0,5.562776327E-1,3.627902912E0
2.003588318E1,-2.830137253E0,2.229623795E-1,5.772404075E-1,2.896997684E0
2.004589235E1,-2.707598925E0,2.191619873E-1,5.989796519E-1,2.781708205E0
2.005590521E1,-1.689996362E0,1.166343689E-1,4.219341874E-1,1.745771960E0
2.006590600E1,-1.557968378E0,1.150836945E-1,4.455474913E-1,1.624506784E0
2.007589610E1,-1.406706929E0,-8.955812454E-1,4.712205231E-1,1.732898997E0
2.008589923E1,-1.239385009E0,-9.832057953E-1,1.484803200E0,2.169656512E0
2.009591042E1,-4.630556107E-1,-1.815237045E0,1.617394805E0,2.474969088E0
2.010589303E1,-3.277790546E-1,-1.896987915E0,1.639632344E0,2.528714393E0
2.011589688E1,-1.760027409E-1,-2.017455101E0,1.624845147E0,2.596386682E0
2.012590339E1,4.804475307E-1,-2.738256454E0,1.568094492E0,3.191833106E0
2.013589844E1,5.041129589E-1,-2.802309990E0,1.464591146E0,3.201889814E0
2.014589584E1,4.790658951E-1,-2.891508579E0,1.317990422E0,3.213631085E0
2.015589532E1,4.253094196E-1,-3.618833542E0,1.109672859E-1,3.645429748E0
2.016589558E1,3.398337364E-1,-3.677561283E0,1.079781204E-1,3.694807604E0
2.017590443E1,2.306551933E-1,-3.731230736E0,1.059345379E-1,3.739853840E0
2.018591902E1,-4.975122213E-1,-3.783012390E0,1.048096865E-1,3.817025835E0
2.019589485E1,-5.726550817E-1,-3.824693680E0,-9.530272335E-2,3.868500769E0
2.020605449E1,-6.418057680E-1,-3.873389721E0,-9.470376372E-2,3.927344061E0
2.021591188E1,-6.912593842E-1,-3.918323040E0,-9.344936907E-2,3.979928111E0
2.022590110E1,-7.347087860E-1,-3.949020386E0,-5.033518374E-2,4.017100028E0
2.023589350E1,-7.772076130E-1,-3.968318939E0,-7.426902652E-3,4.043718837E0
2.024589818E1,-8.188380003E-1,-3.972771645E0,-1.625719517E-1,4.059536901E0
2.025589428E1,-8.470199108E-1,-3.971471310E0,-1.180891097E-1,4.062508108E0
2.026589818E1,-8.949267864E-1,-3.949748993E0,1.010056734E0,4.173922096E0
2.027590131E1,-9.763840437E-1,-3.904877186E0,1.090994954E0,4.170331117E0
2.028589636E1,-2.609290838E0,-3.759528160E0,1.250167608E0,4.743982474E0
2.029589923E1,-2.570184231E0,-3.677345276E0,1.274438381E0,4.664001334E0
2.030589584E1,-2.530855179E0,-3.584731579E0,1.266086102E0,4.567110952E0
2.031589454E1,-2.490532160E0,-3.492578506E0,1.173982620E0,4.447368914E0
2.032590235E1,-2.448365211E0,-3.401263714E0,1.040780663E0,4.318137498E0
2.033589584E1,-2.602388144E0,-3.306234360E0,9.218353629E-1,4.307364638E0
2.034589636E1,-2.550747156E0,-2.713885307E0,8.566929102E-1,3.821702141E0
2.035589402E1,-1.291237473E0,-2.696784496E0,8.477764130E-1,3.107839391E0
2.036589532E1,-1.076615095E0,-2.677413464E0,9.082621336E-1,3.025323623E0
2.037592636E1,-8.580112457E-2,-2.651022434E0,1.716859221E0,3.159570757E0
2.038589027E1,6.078767776E-2,-2.623291969E0,1.751391888E0,3.154794675E0
2.039588188E1,1.673920155E-1,-2.525812149E0,1.706933975E0,3.053091989E0
2.040589459E1,1.756417751E-1,-1.458478928E0,1.565581083E0,2.146870966E0
2.041589303E1,-6.039776802E-1,3.086242676E-1,5.671694875E-1,8.841488586E-1
2.042590339E1,-1.980637193E0,3.264436722E-1,-5.720007420E-1,2.087264719E0
2.043589844E1,-2.117382526E0,2.815419197E0,-7.644610405E-1,3.604760006E0
2.044589896E1,-2.053364992E0,6.836876869E0,-7.536963820E-1,7.178248488E0
2.045589740E1,-1.978862643E0,1.092511654E1,-7.368661761E-1,1.112731057E1
2.046589818E1,2.067820311E0,1.327128601E1,5.786843896E-1,1.344387551E1
2.047590027E1,3.867207766E0,1.320063591E1,4.441263080E-1,1.376260631E1
2.048589636E1,5.430813789E0,1.305195618E1,-8.225548267E-1,1.416064599E1
2.049590157E1,6.773596287E0,1.186792278E1,-7.682463527E-1,1.368646778E1
2.050589636E1,7.991268635E0,9.982004166E0,-2.465054035E0,1.302218388E1
2.051589402E1,8.057501793E0,5.907710075E0,-3.795742035E0,1.068793858E1
2.052590027E1,5.907468319E0,1.642978668E0,-6.009602070E0,8.585620413E0
2.053589402E1,3.829487324E0,-1.605415344E-2,-7.139299393E0,8.101532368E0
2.054589506E1,1.644432664E0,-1.594122887E0,-7.052135468E0,7.414715181E0
2.055591709E1,-9.379386902E-4,-1.709382057E0,-6.222285748E0,6.452815496E0
2.056588948E1,-8.832813501E-1,-2.615174770E0,-5.081691265E0,5.782984622E0
2.057589579E1,-9.778860807E-1,-2.637163639E0,-3.710113049E0,4.655731100E0
2.058589329E1,-9.914811850E-1,-2.496452332E0,-2.420493841E0,3.615812442E0
2.059589454E1,-2.824571133E-1,-1.018763542E0,-1.264801383E0,1.648448881E0
2.060589532E1,5.105969906E-1,1.553707123E-1,1.210519373E-1,5.472685964E-1
2.061589792E1,1.403947830E0,1.398460388E0,2.428242862E-1,1.996427960E0
2.062590079E1,2.101547480E0,2.142882347E0,1.623747647E-1,3.005796421E0
2.063589480E1,2.178081274E0,2.242255211E0,2.792402804E-1,3.138426612E0
2.064590001E1,2.120494843E0,2.223545074E0,3.975335062E-1,3.098174295E0
2.065589610E1,1.202416182E0,1.279496193E0,4.344246387E-1,1.808767522E0
2.066589454E1,1.665465832E-1,1.376514435E-1,2.700195909E-1,3.458269274E-1
2.067590053E1,-8.514351845E-1,-1.344163895E0,3.056521714E-1,1.620228903E0
2.068589870E1,-2.687064171E0,-2.282252312E0,3.413104713E-1,3.541960236E0
2.069589844E1,-2.663105488E0,-2.403513432E0,1.879780054E0,4.050009964E0
2.070589558E1,-2.638450384E0,-2.454152584E0,1.882750392E0,4.065591516E0
2.071589245E1,-2.812575340E0,-2.404067039E0,1.819348097E0,4.123123315E0
2.072590001E1,-2.785953283E0,-2.290544033E0,1.669923306E0,3.974515255E0
2.073592688E1,-8.536149263E-1,-1.541608810E0,2.965744436E-1,1.786945038E0
2.074589459E1,2.203536034E-1,-1.424365997E0,3.315096796E-1,1.478943161E0
2.075588417E1,1.292667150E0,2.835063934E-1,3.650266528E-1,1.372810509E0
2.076589485E1,2.343041658E0,1.980905533E-1,1.990773231E-1,2.359812675E0
2.077590521E1,3.322226286E0,2.127714157E-1,2.331824899E-1,3.337189423E0
2.078589740E1,4.068863869E0,2.275934219E-1,2.702224553E-1,4.084173371E0
2.079589740E1,4.157099724E0,2.424402237E-1,3.058219254E-1,4.175378118E0
2.080589480E1,4.128283501E0,2.734050751E-1,3.392990232E-1,4.151216547E0
2.081589688E1,3.994884014E0,2.145023346E-1,1.732772440E-1,4.004389409E0
2.082589870E1,2.490877867E0,2.850704193E-1,2.486212105E-1,2.519434500E0
2.083589402E1,1.561209440E0,3.354063034E-1,2.855615020E-1,1.622164503E0
2.084589974E1,5.806908607E-1,3.852891922E-1,3.225328922E-1,7.679043586E-1
2.085589558E1,-2.850458622E-1,3.349361420E-1,-7.622549534E-1,8.800374860E-1
2.086589532E1,-5.312416553E-1,3.840093613E-1,1.998024583E-1,6.852750603E-1
2.087589870E1,-1.649221420E0,4.324684143E-1,2.372689694E-1,1.721411278E0
2.088589350E1,-1.847516298E0,4.802494049E-1,2.747158706E-1,1.928581026E0
2.089589662E1,-3.426177263E0,5.202960968E-1,3.122322559E-1,3.479495315E0
2.090589454E1,-3.605854988E0,4.499483109E-1,1.488461792E-1,3.636866627E0
2.091592636E1,-3.557213783E0,4.688425064E-1,1.869856715E-1,3.592846620E0
2.092591490E1,-3.484017134E0,1.483969688E0,2.251024842E-1,3.793575168E0
2.093588480E1,-3.406756878E0,2.098625183E0,2.632010579E-1,4.009924548E0
2.094589589E1,-3.297025442E0,2.118824005E0,2.997882366E-1,3.930606177E0
2.095589844E1,-3.385121346E0,2.152397156E0,1.369213611E-1,4.013802125E0
2.096589610E1,-3.224925041E0,2.191569328E0,1.754402220E-1,3.903062504E0
2.097590053E1,-3.068188429E0,2.767016411E0,1.259129524E0,4.319209096E0
2.098589662E1,-2.896470547E0,2.750681877E0,1.372134447E0,4.223570215E0
2.099589428E1,-2.730004787E0,2.704611778E0,2.116456270E0,4.387167441E0
2.100589428E1,-2.727469921E0,2.583565712E0,2.316117287E0,4.413423076E0
2.101589480E1,-2.567888260E0,2.460564613E0,2.952114344E0,4.622056623E0
2.102590001E1,-2.408970594E0,2.330007553E0,2.906904459E0,4.436458955E0
2.103589298E1,-2.255323410E0,1.480769157E0,2.820320368E0,3.902994742E0
2.104589558E1,-8.754570484E-1,1.310680389E0,2.649545431E0,3.082920550E0
2.105589506E1,-6.806241274E-1,1.467514038E-2,1.730340719E0,1.859447113E0
2.106589662E1,-4.680914879E-1,1.530361176E-2,1.540957570E0,1.610557070E0
2.107590391E1,4.573750496E-1,-1.573426247E0,-1.514133513E-1,1.645535807E0
2.108590521E1,6.071060896E-1,-2.373666286E0,-1.692009866E-1,2.455910914E0
2.109597193E1,7.388163805E-1,-3.167041779E0,-3.838484883E-1,3.274651574E0
2.110590048E1,7.712825537E-1,-3.907485485E0,-3.967076540E-1,4.002586233E0
2.111588209E1,7.484961748E-1,-4.046497345E0,-4.075557888E-1,4.135273752E0
2.112589251E1,6.788641214E-1,-4.966666698E0,-4.107858241E-1,5.029650046E0
2.113590600E1,5.865858793E-1,-5.034679890E0,-4.078949094E-1,5.085121714E0
2.114590287E1,5.030626059E-1,-5.097474575E0,-5.492006540E-1,5.151595907E0
2.115590339E1,4.266874790E-1,-5.134362698E0,-4.928860068E-1,5.175584907E0
2.116590860E1,3.606182337E-1,-5.133790016E0,-4.372577071E-1,5.164982066E0
2.117590756E1,2.970185280E-1,-5.114727020E0,-3.839367628E-1,5.137709600E0
2.118590860E1,2.624897957E-1,-5.043257236E0,-4.925005436E-1,5.074041903E0
2.119590469E1,2.214987278E-1,-4.959692955E0,-4.414201081E-1,4.984221866E0
2.120590521E1,1.419184208E-1,-4.859606743E0,-3.890402317E-1,4.877219580E0
2.121589855E1,4.490613937E-3,-4.769592285E0,-3.368799090E-1,4.781476634E0
2.122590391E1,-7.792429924E-1,-4.693118572E0,-2.849264145E-1,4.765895995E0
2.123590521E1,-9.219969511E-1,-4.657756329E0,-4.343521595E-1,4.767959122E0
2.124590704E1,-1.071298599E0,-4.682787895E0,-3.822443485E-1,4.818951536E0
2.125590600E1,-2.283431053E0,-4.682340622E0,-3.303700089E-1,5.219915269E0
2.126590365E1,-2.281348228E0,-4.625445366E0,-2.785344124E-1,5.164966214E0
2.127601641E1,-2.278105021E0,-4.524212837E0,-2.267754227E-1,5.070472500E0
2.128588339E1,-2.470103264E0,-4.409531593E0,-3.766112328E-1,5.068255620E0
2.129588027E1,-2.429449558E0,-3.506873131E0,-3.250380456E-1,4.278555135E0
2.130589433E1,-1.050582886E0,-3.374810219E0,-2.736829817E-1,3.545133395E0
2.131590600E1,-8.905034065E-1,-2.360778809E0,-2.225207686E-1,2.532940661E0
2.132590990E1,6.885504723E-2,-1.429049969E0,1.236345172E0,1.890892439E0
2.133589584E1,1.551637650E-1,3.395309448E-1,1.368602633E0,1.418601503E0
2.134589818E1,2.420804501E-1,3.559894562E-1,1.476716518E0,1.538188257E0
2.135589714E1,2.713789940E-1,3.721008301E-1,1.552349448E0,1.619226481E0
2.136589818E1,-8.250225782E-1,2.683994293E0,1.474029064E0,3.171316651E0
2.137590027E1,-9.609519243E-1,4.089362144E0,1.315276504E0,4.401847752E0
2.138589766E1,-2.324996948E0,6.736054420E0,1.306937933E0,7.244868993E0
2.139589350E1,-2.237337112E0,9.825604439E0,2.640509844E0,1.041731598E1
2.140589584E1,3.207049370E-1,1.162541008E1,2.672652245E0,1.193298291E1
2.141589402E1,1.364470005E0,1.176162910E1,1.516674995E0,1.193725264E1
2.142589870E1,2.384702921E0,1.169913769E1,-6.530845761E-1,1.195755619E1
2.143589506E1,3.655992031E0,1.088749886E1,-6.460226178E-1,1.150309760E1
2.144589454E1,4.616178036E0,9.934498787E0,-6.270049810E-1,1.097253394E1
2.145600193E1,4.805723190E0,8.399588585E0,-5.954619050E-1,9.695495792E0
2.146588990E1,4.934991837E0,5.426088333E0,-1.914549112E0,7.580374485E0
2.147590079E1,4.753415108E0,2.020193100E0,-4.352478027E0,6.754272746E0
2.148589251E1,2.842180967E0,3.794860840E-2,-5.699311256E0,6.368797496E0
2.149589558E1,1.898863792E0,-1.364013672E0,-5.500243187E0,5.976528433E0
2.150589324E1,1.739114523E0,-1.395025253E0,-4.300367832E0,4.843942431E0
2.151589610E1,7.295432091E-1,-1.289155006E0,-3.535111427E0,3.832905781E0
2.152590079E1,6.638178825E-1,3.231811523E-2,-3.361252308E0,3.426326855E0
2.153590105E1,6.387338638E-1,6.308937073E-2,-2.465671301E0,2.547841475E0
2.154589480E1,1.713469028E0,1.179943085E-1,-1.269175529E0,2.135580786E0
2.155589454E1,1.752321243E0,1.148986816E0,-1.175343245E-2,2.095456654E0
2.156589844E1,1.751361609E0,1.202370644E0,-8.556322753E-2,2.126095885E0
2.157590600E1,1.686968327E0,1.196782112E0,3.758762032E-2,2.068710320E0
2.158589350E1,1.543277502E0,1.385927200E-1,1.577147394E-1,1.557493926E0
2.159589428E1,6.567311287E-1,1.714725494E-1,2.700195312E-1,7.304855631E-1
2.160589506E1,-1.323051453E-1,-1.117805481E0,3.463695049E-1,1.177695028E0
2.161589662E1,-9.720380306E-1,-2.039185047E0,1.867142469E-1,2.266714759E0
2.162590079E1,-1.144323349E0,-2.190639973E0,2.269853652E-1,2.481914941E0
2.163593751E1,-2.621233702E0,-3.004821301E0,2.656736970E-1,3.996298247E0
2.164589798E1,-2.589136600E0,-3.021367073E0,3.042405248E-1,3.990595146E0
2.165590474E1,-2.556713104E0,-2.980678558E0,3.412975073E-1,3.941790273E0
2.166590782E1,-1.097333908E0,-2.855799675E0,1.787925810E-1,3.064588109E0
2.167590261E1,-3.220670223E-1,-1.778851032E0,2.165467739E-1,1.820695105E0
2.168589844E1,4.954044819E-1,-9.909963608E-1,2.542464435E-1,1.136723644E0
2.169589480E1,1.352434874E0,2.634077072E-1,2.919099033E-1,1.408430012E0
2.170589298E1,2.032414675E0,2.827959061E-1,3.295301199E-1,2.078286081E0
2.171589636E1,2.151552200E0,2.023649216E-1,1.676035374E-1,2.167537630E0
2.172590131E1,2.792841434E0,2.418069839E-1,2.455289513E-1,2.814021741E0
2.173589480E1,2.716377497E0,2.679252625E-1,2.832981348E-1,2.744220925E0
2.174590131E1,2.550611734E0,2.988872528E-1,3.207570314E-1,2.588018331E0
2.175589428E1,1.546708107E0,2.365770340E-1,1.585777253E-1,1.572711530E0
2.176589402E1,1.349691629E0,2.738647461E-1,1.964211464E-1,1.391132869E0
2.177589740E1,4.668862820E-1,3.106718063E-1,2.342363000E-1,6.077552269E-1
2.178589532E1,3.336622715E-1,3.469343185E-1,2.720165551E-1,5.528896265E-1
2.179589376E1,1.980342865E-1,3.827266693E-1,-1.373840690E0,1.439838714E0
2.180589610E1,7.544422150E-2,3.182144165E-1,-2.156427383E0,2.181084892E0
2.181591422E1,-6.586313248E-3,3.532781601E-1,-2.299383402E0,2.326373329E0
2.182590261E1,-1.748251915E-2,3.842010498E-1,-3.067588568E0,3.091604067E0
2.183588198E1,8.733272552E-3,4.131851196E-1,-3.067034960E0,3.094753893E0
2.184589381E1,6.645607948E-2,4.323425293E-1,-3.006740093E0,3.038391427E0
2.185589506E1,1.095821857E-1,3.508443832E-1,-2.858673811E0,2.882206792E0
2.186589506E1,1.379039288E-1,3.710641861E-1,-1.690853119E0,1.736574327E0
2.187590053E1,1.188359261E-1,3.915281296E-1,-9.125202298E-1,1.000054710E0
2.188589480E1,4.361128807E-2,4.122276306E-1,-6.927077770E-1,8.072655252E-1
2.189590417E1,-1.536284924E0,3.528366089E-1,4.252066016E-1,1.632625399E0
2.190589376E1,-3.225292683E0,3.734560013E-1,5.144243836E-1,3.287341589E0
2.191589298E1,-3.173921347E0,3.943023682E-1,6.015194654E-1,3.254393452E0
2.192590652E1,-3.122228861E0,4.143028259E-1,6.754102707E-1,3.221201472E0
2.193589870E1,-3.071139812E0,4.340171814E-1,7.416721582E-1,3.189098345E0
2.194589636E1,-3.220428467E0,1.476119041E0,1.646945238E0,3.906726961E0
2.195589376E1,-3.145787954E0,1.574370384E0,1.694776058E0,3.904726603E0
2.196589792E1,-3.044124126E0,2.404177666E0,1.709182978E0,4.238875841E0
2.197589844E1,-2.890645981E0,2.487109184E0,1.723827720E0,4.184868969E0
2.198591407E1,-2.738816738E0,3.182469368E0,1.713618517E0,4.534943972E0
2.199589568E1,-2.789753437E0,3.204297066E0,1.668474436E0,4.564433247E0
2.200605896E1,-2.634008884E0,3.225796700E0,1.556398392E0,4.445913079E0
2.201589433E1,-2.479913473E0,3.226909637E0,4.432328343E-1,4.093821196E0
2.202590240E1,-2.322405815E0,3.174865723E0,4.341802001E-1,3.957505979E0
2.203589454E1,-2.170548201E0,3.020041466E0,4.273949862E-1,3.743607407E0
2.204589376E1,-2.223583460E0,2.019198418E0,2.234386057E-1,3.011878229E0
2.205589584E1,-2.080319405E0,1.851612091E0,-1.048466682E0,2.975815610E0
2.206589120E1,-8.376457691E-1,1.090049744E-3,-1.224779487E0,1.483824927E0
2.207590157E1,1.259853840E-1,2.398586273E-2,-1.264198780E0,1.270687292E0
2.208589558E1,2.795467377E-1,-1.032071114E0,-1.168981552E0,1.584245887E0
2.209590886E1,4.234348536E-1,-1.745875359E0,-1.079204559E0,2.095724296E0
2.210589173E1,5.242493153E-1,-1.914955616E0,2.375660390E-1,1.999582451E0
2.211589402E1,5.560903549E-1,-3.034735203E0,2.802440822E-1,3.097965619E0
2.212590053E1,5.462025404E-1,-3.817137718E0,3.227916658E-1,3.869505399E0
2.213589506E1,4.924261570E-1,-4.630014420E0,1.655212045E-1,4.659067966E0
2.214589506E1,4.122906923E-1,-5.380605221E0,2.079708874E-1,5.400384065E0
2.215589376E1,3.298118114E-1,-6.039678574E0,2.502219081E-1,6.053850354E0
2.216592188E1,2.709271908E-1,-6.173496246E0,2.922856212E-1,6.186346929E0
2.217589777E1,2.160614729E-1,-7.173353672E0,3.326314092E-1,7.184311318E0
2.218602105E1,1.437643766E-1,-7.264111519E0,1.732911319E-1,7.267600303E0
2.219589204E1,6.268274784E-2,-7.908048630E0,2.136098444E-1,7.911181418E0
2.220589693E1,-3.271210194E-2,-7.931416512E0,2.522774935E-1,7.935495063E0
2.221590558E1,-1.644209623E-1,-7.952307701E0,2.908799946E-1,7.959324293E0
2.222590339E1,-1.795964360E0,-7.936899185E0,3.293431699E-1,8.144220256E0
2.223589584E1,-1.998268366E0,-7.865836143E0,1.680359989E-1,8.117431293E0
2.224589376E1,-2.007762909E0,-7.154750347E0,2.066696584E-1,7.433994672E0
2.225590001E1,-1.976175785E0,-4.939818382E0,2.851233780E-1,5.328073923E0
2.226589532E1,-1.982955575E0,-3.560311317E0,3.234941661E-1,4.088102000E0
2.227590235E1,-2.186084032E0,-2.118890762E0,1.858904719E0,3.567098010E0
2.228589584E1,-5.787768364E-1,-7.225351334E-1,2.569492817E0,2.731177948E0
2.229590131E1,-3.995511532E-1,2.967233658E-1,3.467635870E0,3.503167767E0
2.230589376E1,5.263149738E-1,2.114423752E0,4.634474754E0,5.121147479E0
2.231589324E1,6.334259510E-1,3.076603889E0,5.442497253E0,6.283907724E0
2.232590574E1,6.726382971E-1,3.174013138E0,5.527824402E0,6.409652432E0
2.233593855E1,5.905069113E-1,3.184724808E0,5.377947330E0,6.278016247E0
2.234591766E1,-8.173788786E-1,3.194084167E0,3.773798943E0,5.011171556E0
2.235590261E1,-1.771911025E0,3.299222946E0,1.737227798E0,4.128256430E0
2.236595787E1,-1.688103080E0,4.932456017E0,-2.762321830E-1,5.220643503E0
2.237590735E1,-1.798046947E0,6.730485916E0,-5.617759824E-1,6.989134835E0
2.238590417E1,-1.710566759E0,7.736539841E0,-6.360851526E-1,7.948879900E0
2.239590235E1,2.769213915E-1,8.543833733E0,-7.002783418E-1,8.576955757E0
2.240590131E1,1.571574450E0,9.506973267E0,-7.554668784E-1,9.665563468E0
2.241590782E1,2.820951700E0,1.052696419E1,-7.943335176E-1,1.092729194E1
2.242590938E1,3.940148115E0,1.064147377E1,-8.810253143E-1,1.138164912E1
2.243593672E1,4.767494202E0,9.124270439E0,-7.311730981E-1,1.032065531E1
2.244590912E1,4.648084641E0,6.442058563E0,-6.241329312E-1,7.968334285E0
2.245590652E1,2.699453354E0,4.333600044E0,-2.912467480E0,5.877891167E0
2.246590469E1,1.224558830E0,2.538449287E0,-3.810797691E0,4.739773007E0
2.247590808E1,1.370747089E-1,-3.713035583E-2,-3.871595860E0,3.874199613E0
2.248590339E1,-7.149549723E-1,-1.302814484E-2,-3.886248112E0,3.951487660E0
2.249591251E1,-1.716626406E0,-1.682510376E0,-3.847305298E0,4.536452958E0
2.250590417E1,-1.701733589E0,-1.736566544E0,-3.805663109E0,4.516041659E0
2.251590313E1,-1.895982504E0,-1.633702278E0,-3.729473114E0,4.491403177E0
2.252589224E1,-6.410981417E-1,7.724761963E-4,-3.481998682E0,3.540525702E0
2.253591902E1,1.466666460E-1,2.189254761E-2,-2.068252325E0,2.073561687E0
2.254589303E1,9.495179653E-1,4.731369019E-2,-9.898918271E-1,1.372482707E0
2.255589407E1,1.084066033E0,1.699926376E0,2.815684676E-1,2.035738110E0
2.256590548E1,2.006722927E0,1.845284462E0,2.325472981E-1,2.736071983E0
2.257590756E1,2.075599670E0,1.914789200E0,3.798657358E-1,2.849356006E0
2.258590574E1,2.103876829E0,1.859364510E0,5.235792994E-1,2.856163401E0
2.259589766E1,2.041628599E0,6.776714325E-2,5.887532830E-1,2.125904549E0
2.260589558E1,1.871167660E0,9.285354614E-2,6.186820865E-1,1.972981935E0
2.261589558E1,-4.852032661E-2,-1.992331505E0,4.892326295E-1,2.052093471E0
2.262589844E1,-8.657226562E-1,-2.124595642E0,5.185748935E-1,2.352084667E0
2.263592136E1,-1.026514769E0,-2.845551491E0,5.481187105E-1,3.074301543E0
2.264589532E1,-2.090399027E0,-2.827673435E0,5.763265491E-1,3.563377252E0
2.265589662E1,-2.267519712E0,-2.761802673E0,4.051678777E-1,3.596298189E0
2.266589610E1,-1.034506559E0,-2.629615307E0,4.341301024E-1,2.858942012E0
2.267589870E1,-3.501896858E-1,-1.481289864E0,4.642691314E-1,1.591351093E0
2.268589662E1,3.552448750E-1,1.487312317E-1,4.951821864E-1,6.273159476E-1
2.269589714E1,1.156154633E0,1.682558060E-1,5.262148976E-1,1.281368670E0
2.270601683E1,2.062378168E0,8.794975281E-2,3.564242125E-1,2.094797624E0
2.271588527E1,2.961317539E0,1.076765060E-1,3.882598579E-1,2.988601933E0
2.272590209E1,3.640111923E0,1.273860931E-1,4.202522337E-1,3.666504326E0
2.273591074E1,3.686254501E0,1.470422745E-1,4.523415565E-1,3.716814034E0
2.274589688E1,3.646552563E0,1.677885056E-1,4.818679690E-1,3.682077581E0
2.275589662E1,3.523153782E0,9.545993805E-2,3.118589520E-1,3.538217231E0
2.276589923E1,3.330560446E0,1.308307648E-1,3.432924151E-1,3.350760996E0
2.277590261E1,2.392695904E0,1.711578369E-1,3.747685552E-1,2.427908599E0
2.278589532E1,2.201940298E0,2.112760544E-1,-9.253395796E-1,2.397797319E0
2.279589636E1,1.204373121E0,1.712617874E-1,-2.418985605E0,2.707644100E0
2.280589480E1,4.391710758E-1,2.108888626E-1,-2.492948055E0,2.540105382E0
2.281589376E1,2.960526943E-1,2.502117157E-1,-2.497038603E0,2.526945762E0
2.282590313E1,1.164820194E-1,2.891349792E-1,-2.386173725E0,2.406448035E0
2.283591798E1,-7.209093571E-1,3.275766373E-1,-1.308748722E0,1.529653546E0
2.284589558E1,-8.656158447E-1,1.622753143E0,3.355042338E-1,1.869540491E0
2.285589636E1,-1.535720229E0,1.746289253E0,4.159370363E-1,2.362406907E0
2.286589506E1,-1.655589819E0,2.551750183E0,4.947346151E-1,3.081747716E0
2.287590209E1,-2.980690002E0,2.637610435E0,5.721337795E-1,4.021049460E0
2.288597485E1,-2.929958344E0,2.706343651E0,6.479769349E-1,4.040894203E0
2.289590553E1,-3.075464010E0,2.740151405E0,5.228978992E-1,4.152147735E0
2.290589230E1,-2.982221365E0,2.709653854E0,5.493406653E-1,4.066650151E0
2.291588990E1,-2.886971951E0,2.616261482E0,5.747550130E-1,3.938245106E0
2.292590339E1,-2.764052391E0,2.450678825E0,6.000179052E-1,3.742436882E0
2.293591719E1,-2.641881704E0,1.588411331E0,6.245778799E-1,3.145264222E0
2.294589610E1,-2.679675341E0,1.507954597E0,4.506350756E-1,3.107677424E0
2.295589532E1,-2.522958755E0,1.431230545E0,1.883272648E0,3.458389455E0
2.296590053E1,-2.371159315E0,1.377317429E0,2.689206600E0,3.840733255E0
2.297590443E1,-2.184476137E0,1.309896469E0,3.454145432E0,4.291722896E0
2.298589558E1,-2.242285967E0,1.229573250E0,3.452450275E0,4.296406596E0
2.299589454E1,-2.111329794E0,1.125476837E0,3.410668135E0,4.166181553E0
2.300589584E1,-1.982772112E0,-9.927749634E-4,3.290811062E0,3.841981738E0
2.301589584E1,-1.857579231E0,2.250671387E-4,3.081548929E0,3.598130689E0
2.302589948E1,-1.735466599E0,-1.462227821E0,2.061609268E0,3.065972487E0
2.303591589E1,-1.817390442E0,-2.315583229E0,1.821723580E0,3.461720744E0
2.304589428E1,-1.701017618E0,-3.135107040E0,-7.915521413E-2,3.567719529E0
2.305589506E1,-1.587956667E0,-3.857439041E0,-1.314965189E-1,4.173575645E0
2.306590902E1,-1.478254676E0,-4.015061855E0,-1.800008416E-1,4.282331011E0
2.307590537E1,-1.377469897E0,-5.097269058E0,-2.266593426E-1,5.284973948E0
2.308588511E1,-1.478241205E0,-5.224631786E0,-4.698186517E-1,5.450018709E0
2.309589193E1,-1.389053464E0,-6.047595024E0,-4.798393846E-1,6.223593892E0
2.310589188E1,-1.305609107E0,-6.113483906E0,-4.857415557E-1,6.270187036E0
2.311589896E1,-1.228121996E0,-6.196074486E0,-4.277677536E-1,6.331082682E0
2.312590105E1,-1.154773235E0,-6.280817032E0,-3.720963001E-1,6.396922656E0
2.313591641E1,-1.281717420E0,-6.865915298E0,-5.168226361E-1,7.003620354E0
2.314589584E1,-1.214934945E0,-6.831949711E0,-4.634876847E-1,6.954597372E0
2.315589740E1,-1.112503529E0,-6.657841206E0,-3.725839555E-1,6.760423983E0
2.316589480E1,-1.050261378E0,-5.845243454E0,-3.220628500E-1,5.947574672E0
2.317590209E1,-1.186930180E0,-5.710356236E0,-4.714442492E-1,5.851429848E0
2.318589480E1,-1.123509645E0,-4.809759140E0,-4.209466279E-1,4.957141613E0
2.319589454E1,-1.059984207E0,-4.642413616E0,9.640514851E-1,4.858494208E0
2.320589584E1,-9.962581992E-1,-3.412888527E0,1.053430319E0,3.708106516E0
2.321591016E1,3.085376024E-1,-2.739952087E0,1.140280962E0,2.983751592E0
2.322589844E1,4.076352119E-1,-2.049709320E0,1.222149372E0,2.420975805E0
2.323593594E1,5.216786265E-1,-1.312568665E0,1.273089886E0,1.901510701E0
2.324589745E1,6.137756705E-1,1.056613922E-1,1.339988112E0,1.477651192E0
2.325606693E1,6.687996387E-1,1.248435974E-1,1.355702281E0,1.516841309E0
2.326590448E1,6.947371364E-1,1.439590454E-1,1.377501369E0,1.549481822E0
2.327590183E1,6.417715549E-1,1.210457802E0,1.413496614E0,1.968515048E0
2.328589636E1,5.532910228E-1,2.085931778E0,1.414126754E0,2.580115659E0
2.329589844E1,4.190400243E-1,2.174761772E0,1.288096666E0,2.562103887E0
2.330589350E1,-9.523748755E-1,3.184892654E0,1.075710058E0,3.493953528E0
2.331589636E1,-9.224507213E-1,4.963339806E0,-6.448869109E-1,5.089355213E0
2.332590209E1,-1.045420170E0,1.056784821E1,2.562260628E0,1.092417038E1
2.333591563E1,-1.003241062E0,1.070119095E1,2.490964174E0,1.103299066E1
2.334589324E1,1.288322330E0,1.142410278E1,8.348310590E-1,1.152678801E1
2.335589610E1,2.784171581E0,1.150539494E1,-7.832373977E-1,1.186335470E1
2.336589428E1,3.888275623E0,1.221174335E1,-9.553477168E-1,1.285138329E1
2.337590391E1,4.787003040E0,1.208800602E1,-9.111598134E-1,1.303324594E1
2.338589428E1,5.621324539E0,9.799879074E0,-8.539322019E-1,1.132987730E1
2.339589532E1,6.492953777E0,5.785333633E0,-2.560392618E0,9.065547108E0
2.340589324E1,6.457369804E0,2.583066940E0,-4.809768200E0,8.455987804E0
2.341590990E1,5.190759182E0,1.081437111E0,-5.410938263E0,7.575733628E0
2.342589615E1,3.417868137E0,-1.392488480E-1,-5.193524837E0,6.218835348E0
2.343592860E1,1.671459079E0,-1.128711700E-1,-4.070201397E0,4.401483246E0
2.344588876E1,1.396251917E-1,-1.566776276E0,-3.895764351E0,4.201340616E0
2.345590001E1,-1.303410292E0,-1.669241905E0,-3.779801130E0,4.332683177E0
2.346589553E1,-1.541212916E0,-1.668033600E0,-3.714196444E0,4.353496131E0
2.347590131E1,-1.589677334E0,-1.565268517E0,-3.613795757E0,4.246958833E0
2.348589662E1,-1.641206026E0,-5.101203918E-2,-3.451323986E0,3.822014744E0
2.349589714E1,-1.633615613E0,-2.491569519E-2,-3.190367222E0,3.584377739E0
2.350589350E1,-2.415989637E-1,-8.512020111E-2,-1.178137541E0,1.205663126E0
2.351589480E1,5.498266220E-1,-6.428813934E-2,-9.074386358E-1,1.062961503E0
2.352590001E1,7.117233276E-1,-4.227066040E-2,4.042021632E-1,8.195829992E-1
2.353591798E1,1.399578214E0,-1.927375793E-2,5.496063232E-1,1.503747906E0
2.354589870E1,1.362431288E0,-1.196663857E0,6.888797283E-1,1.939788308E0
2.355589350E1,1.247147441E0,-1.312927246E0,5.875651836E-1,1.903782429E0
2.356589428E1,2.927587032E-1,-2.091978073E0,6.583662629E-1,2.212583570E0
2.357590391E1,1.768691540E-1,-2.165685654E0,7.225798368E-1,2.289890536E0
2.358590417E1,-4.949159622E-1,-2.222037792E0,7.474077344E-1,2.396040918E0
2.359593672E1,-5.407965183E-1,-2.216854095E0,7.710185051E-1,2.408603847E0
2.360589214E1,-5.469993353E-1,-2.138305187E0,5.941067934E-1,2.285720943E0
2.361591209E1,-5.104347467E-1,-1.451933861E0,6.190748811E-1,1.658887963E0
2.362589355E1,-3.870018721E-1,-1.287063599E0,6.443046331E-1,1.490446784E0
2.363590636E1,7.376362085E-1,3.457641602E-2,6.696009636E-1,9.968290501E-1
2.364590600E1,1.485633373E0,5.812358856E-2,6.936616898E-1,1.640625311E0
2.365590443E1,2.194719315E0,-1.781463623E-2,5.184414983E-1,2.255192191E0
2.366590417E1,2.323112965E0,1.553868294E0,5.450292230E-1,2.847528292E0
2.367590600E1,3.311422825E0,1.586060524E0,5.719099045E-1,3.715937304E0
2.368590521E1,3.387769222E0,1.523803711E0,6.376354694E-1,3.769023354E0
2.369590730E1,3.321240187E0,1.435810089E0,4.623212814E-1,3.647729151E0
2.370590365E1,3.173492432E0,1.787376404E-2,4.870801270E-1,3.210704087E0
2.371590626E1,2.958543539E0,5.172252655E-2,5.137721300E-1,3.003267703E0
2.372590730E1,1.775293112E0,9.240627289E-2,-1.422932386E0,2.277046580E0
2.373593803E1,1.553437233E0,1.331977844E-1,-2.349259853E0,2.819562155E0
2.374590495E1,6.164064407E-1,7.423877716E-2,-2.513199091E0,2.588752203E0
2.375590443E1,4.375793934E-1,1.152391434E-1,-2.601105928E0,2.640171933E0
2.376590548E1,2.349245548E-1,1.560497284E-1,-2.570115805E0,2.585543717E0
2.377594714E1,-7.138764858E-1,1.965913773E-1,-2.425564528E0,2.536066065E0
2.378589115E1,-9.061877728E-1,2.369747162E-1,-1.299908161E0,1.602215505E0
2.379590803E1,-2.775625944E0,1.671285629E-1,3.983152509E-1,2.809036557E0
2.380591824E1,-2.762669563E0,1.959972382E-1,4.322158396E-1,2.803135488E0
2.381589292E1,-2.720438719E0,2.165431976E-1,4.666303992E-1,2.768649799E0
2.382589558E1,-2.675410748E0,1.720185280E0,5.012647510E-1,3.219957518E0
2.383591850E1,-2.627079010E0,1.730521202E0,1.472038627E0,3.473203921E0
2.384589922E1,-2.748649836E0,1.740394592E0,1.460112810E0,3.565947094E0
2.385589636E1,-2.609847784E0,1.745703697E0,4.011934698E-1,3.165397772E0
2.386589662E1,-2.432814598E0,1.782725334E0,4.756562412E-1,3.053349856E0
2.387589506E1,-2.285571098E0,1.740800858E0,5.077285767E-1,2.917535120E0
2.388590209E1,-2.342312574E0,1.668381691E0,3.405964971E-1,2.895847309E0
2.389589662E1,-2.201990128E0,1.603408813E0,1.423137426E0,3.073271950E0
2.390589350E1,-2.066663980E0,1.560134888E0,1.481973171E0,2.983515603E0
2.391589402E1,-1.935770392E0,1.501603127E0,1.576465726E0,2.913290776E0
2.392589506E1,-1.809071660E0,1.415082932E0,2.225083828E0,3.197842713E0
2.393593568E1,-1.887387037E0,1.288619995E0,2.201297522E0,3.173087156E0
2.394589324E1,-1.768185139E0,-6.714248657E-2,2.127614260E0,2.767260240E0
2.395591303E1,-1.652275443E0,-6.034660339E-2,1.985974908E0,2.584134708E0
2.396589251E1,-1.539496064E0,-5.239582062E-2,1.302503347E0,2.017252692E0
2.397591037E1,-1.429868937E0,-4.330635071E-2,1.231469035E0,1.887568966E0
2.398590266E1,-1.522882819E0,-1.583648682E0,1.141553402E0,2.475936065E0
2.399589584E1,-1.419123054E0,-2.320356369E0,4.391382635E-2,2.720274314E0
2.400589558E1,-1.318714738E0,-3.021194458E0,5.084006861E-2,3.296848378E0
2.401590001E1,-1.227164626E0,-3.702169418E0,5.813673139E-2,3.900688568E0
2.402589532E1,-1.137416005E0,-3.862361908E0,6.640000641E-2,4.026904970E0
2.403593673E1,-1.248902678E0,-4.910783768E0,-1.235799119E-1,5.068611951E0
2.404589636E1,-1.128747582E0,-5.911424160E0,-7.246538997E-2,6.018659148E0
2.405589714E1,-1.053172827E0,-6.006043911E0,-2.577193081E-2,6.097737339E0
2.406589584E1,-9.812809825E-1,-6.659554005E0,2.133006603E-2,6.731495144E0
2.407589636E1,-1.112347841E0,-6.713725567E0,-1.321094930E-1,6.806532276E0
2.408590261E1,-1.043808818E0,-6.768945217E0,-8.617679030E-2,6.849495065E0
2.409590808E1,-9.796690941E-1,-6.795294762E0,-4.018510133E-2,6.865668014E0
2.410589120E1,-9.162061810E-1,-6.786979675E0,5.507409573E-3,6.848544167E0
2.411589428E1,-8.566627502E-1,-6.738301754E0,5.004230887E-2,6.792723005E0
2.412589271E1,-9.982639551E-1,-6.635015965E0,-1.070626974E-1,6.710546192E0
2.413596459E1,-9.410172105E-1,-5.861648560E0,-6.332942098E-2,5.937040327E0
2.414589298E1,1.985215545E-1,-5.136634350E0,-1.964534819E-2,5.140506706E0
2.415592563E1,8.823387623E-1,-4.279919147E0,2.398539335E-2,4.369989119E0
2.416590891E1,9.680182338E-1,-3.260549545E0,6.564505398E-2,3.401845369E0
2.417589532E1,1.068698406E0,-2.239707947E0,1.012723207E0,2.680301525E0
2.418590032E1,1.156031370E0,-1.277960777E0,1.050066948E0,2.017977421E0
2.419589870E1,1.202224851E0,9.051990509E-2,1.059070110E0,1.604732982E0
2.420590209E1,1.088459015E0,1.158046722E-1,1.066648245E0,1.528362597E0
2.421590230E1,9.053388834E-1,1.769509315E0,1.152922034E0,2.297831789E0
2.422589662E1,-1.049330950E0,2.718420029E0,2.295330048E0,3.709372308E0
2.423593490E1,-2.405493259E0,3.684855461E0,2.251389980E0,4.943006619E0
2.424589818E1,-3.479869366E0,4.364878654E0,1.486347556E0,5.776753892E0
2.425589584E1,-4.202418804E0,5.894734383E0,-1.097527891E-1,7.240183901E0
2.426589610E1,-4.196496964E0,8.745657921E0,-2.992273867E-1,9.704981003E0
2.427589219E1,-2.596107721E0,1.013779449E1,1.621880531E0,1.058986067E1
2.428589870E1,-1.034874082E0,1.112407970E1,1.664810658E0,1.129547291E1
2.429589636E1,3.157208562E-1,1.195200253E1,-2.860549986E-1,1.195959328E1
2.430589402E1,1.902436495E0,1.199027443E1,-1.400732398E0,1.222080181E1
2.431591120E1,3.393187046E0,1.194127369E1,-2.380497456E0,1.264019398E1
2.432589152E1,4.505198956E0,1.122576237E1,-2.377729654E0,1.232753652E1
2.433595089E1,4.699998856E0,9.468211174E0,-2.235319138E0,1.080433541E1
2.434588990E1,4.798570156E0,5.992260933E0,-2.220392227E0,7.991470971E0
2.435589433E1,3.871774673E0,3.586696625E0,-3.979554176E0,6.609983604E0
2.436589584E1,2.724676609E0,1.406838417E0,-4.797432899E0,5.693717536E0
2.437589714E1,1.834816217E0,-2.219152451E-1,-4.620180607E0,4.976129597E0
2.438590183E1,8.992901444E-1,-2.032556534E0,-3.077497005E0,3.796181851E0
2.439589844E1,7.278276086E-1,-2.878431797E0,-2.265328646E0,3.734543682E0
2.440589558E1,8.140126467E-1,-2.896765709E0,-2.094892025E0,3.666393426E0
2.441589428E1,1.721554279E0,-2.142393112E0,-1.943357706E0,3.366041675E0
2.442589714E1,1.822143435E0,-1.534414291E-1,-1.204348683E0,2.189567702E0
2.443593542E1,2.694718838E0,-1.243896484E-1,-1.025080562E0,2.885788030E0
2.444589636E1,2.750640154E0,9.288396835E-1,-8.562131524E-1,3.026857343E0
2.445589558E1,3.527195215E0,1.085037231E0,-7.212775946E-1,3.760140057E0
2.446589376E1,3.496092796E0,1.796728134E0,-5.966439247E-1,3.975786815E0
2.447589376E1,3.360352516E0,1.751865387E0,-4.441986680E-1,3.815535850E0
2.448590730E1,2.395772934E0,9.932804108E-1,7.172372341E-1,2.690866622E0
2.449590287E1,1.441367149E0,-5.750083923E-2,7.896785736E-1,1.644517514E0
2.450589204E1,4.586842060E-1,-1.236944199E-1,6.579003930E-1,8.114951863E-1
2.451591761E1,-2.816052437E-1,-1.836942673E0,7.227037549E-1,1.993981097E0
2.452590438E1,-4.525704384E-1,-2.490880966E0,7.847018242E-1,2.650483907E0
2.453593881E1,-6.025424004E-1,-2.560455322E0,8.422843218E-1,2.761961564E0
2.454589428E1,-6.906188726E-1,-2.572729588E0,8.623540401E-1,2.799919007E0
2.455589402E1,-6.998231411E-1,-2.498065472E0,6.833974123E-1,2.682744034E0
2.456590079E1,-5.815374851E-1,-2.338530540E0,7.055419087E-1,2.510916231E0
2.457589376E1,6.411721706E-1,-1.236757278E0,7.288116813E-1,1.572207615E0
2.458590053E1,2.201921940E0,6.872367859E-2,7.922819257E-1,2.341130885E0
2.459589376E1,2.306592464E0,-7.075309753E-3,6.151435375E-1,2.387220230E0
2.460590626E1,2.996223450E0,1.370550156E0,6.383556724E-1,3.356078166E0
2.461589584E1,2.968464375E0,1.412935257E0,6.634142399E-1,3.353846335E0
2.462589454E1,2.897001743E0,1.376564026E0,6.887485981E-1,3.280536884E0
2.463593412E1,2.750655174E0,1.261473656E0,7.123779655E-1,3.108842556E0
2.464589610E1,1.768513203E0,1.515769958E-2,5.350374579E-1,1.847737477E0
2.465589584E1,1.544442415E0,4.926395416E-2,-6.622132063E-1,1.681147121E0
2.466589376E1,5.294849873E-1,8.319377899E-2,-1.668566465E0,1.752538047E0
2.467592214E1,3.731081486E-1,1.169118881E-1,-2.507288694E0,2.537592299E0
2.468589917E1,-3.166685104E-1,1.503763199E-1,-2.646412373E0,2.669530001E0
2.469600652E1,-4.244232178E-1,8.388519287E-2,-3.257023811E0,3.285631735E0
2.470589329E1,-5.328197479E-1,1.171579361E-1,-3.209841013E0,3.255871956E0
2.471589277E1,-6.355998516E-1,1.484756470E-1,-3.075303316E0,3.143807035E0
2.472589532E1,-7.228658199E-1,1.805076599E-1,-1.892107844E0,2.033516684E0
2.473593751E1,-7.892150879E-1,2.046175003E-1,-1.089657426E0,1.360912224E0
2.474589350E1,-8.840087652E-1,1.284255981E-1,-8.777058721E-1,1.252330719E0
2.475589558E1,-1.621199846E0,1.460189819E-1,7.421451211E-1,1.788963349E0
2.476589740E1,-2.559489727E0,1.836395264E-1,8.694617152E-1,2.709367973E0
2.477590105E1,-2.490374565E0,2.012252808E-1,9.548579454E-1,2.674735648E0
2.478590235E1,-2.620034456E0,1.189117432E-1,8.388512731E-1,2.753614354E0
2.479589584E1,-2.548435450E0,1.357097626E-1,9.150803685E-1,2.711145968E0
2.480589454E1,-2.475623131E0,1.464252472E-1,9.319368005E-1,2.649274701E0
2.481589532E1,-2.377458572E0,1.507892609E-1,9.483614564E-1,2.564066325E0
2.482589480E1,-2.248915672E0,1.482009888E-1,9.658111930E-1,2.452014783E0
2.483594714E1,-2.322568417E0,1.939383507E0,2.143225908E0,3.707957622E0
2.484590417E1,-2.197844028E0,2.721922874E0,2.197097301E0,4.131176474E0
2.485590709E1,-1.065602660E0,2.831975937E0,2.249875307E0,3.770614755E0
2.486591584E1,-9.299445152E-1,3.444421768E0,2.312863111E0,4.251843587E0
2.487592141E1,-8.486737013E-1,3.414540291E0,2.363682747E0,4.238670614E0
2.488589448E1,-8.493546247E-1,3.332716942E0,2.390680552E0,4.188527067E0
2.489590157E1,-1.816271663E0,3.175576210E0,2.303087950E0,4.322885740E0
2.490591016E1,-1.693491340E0,2.084142685E0,2.133857250E0,3.430001518E0
2.491590548E1,-1.576331139E0,1.359496117E0,5.480756760E-1,2.152541869E0
2.492590808E1,-1.463329673E0,1.190481186E0,5.236850381E-1,1.957760252E0
2.493593907E1,-1.553694487E0,-1.819543839E-1,3.030146360E-1,1.593390042E0
2.494590391E1,-1.407841325E0,-1.526374817E-1,3.253019452E-1,1.452975138E0
2.495590521E1,-1.303891540E0,-1.422958374E-1,3.104446828E-1,1.347871342E0
2.496590912E1,-1.205023289E0,-1.306028366E-1,2.983475327E-1,1.248258578E0
2.497590990E1,-1.312715650E0,-2.162704468E-1,1.373295337E-1,1.337480723E0
2.498590782E1,-1.223617196E0,-2.013616562E-1,1.250550508E0,1.761153637E0
2.499590704E1,-9.404957294E-2,-1.513509750E0,1.307893991E0,2.002534339E0
2.500590860E1,-5.515813828E-4,-1.634130478E0,1.327997565E0,2.105697095E0
2.501590469E1,5.859589577E-2,-2.586655617E0,1.315601826E0,2.902590037E0
2.502590782E1,6.456172466E-2,-2.721512318E0,1.250349760E0,2.995692246E0
2.503591990E1,-1.040969253E0,-3.700006008E0,1.552802324E-1,3.846787412E0
2.504588532E1,-9.661235213E-1,-3.843392372E0,1.937052757E-1,3.967692190E0
2.505588162E1,-8.924643397E-1,-4.916670322E0,2.320438921E-1,5.002397828E0
2.506589277E1,-8.259591460E-1,-5.024756908E0,2.700787187E-1,5.099346332E0
2.507590860E1,-9.599499106E-1,-5.643991947E0,1.084915698E-1,5.726073642E0
2.508589350E1,-8.977055550E-1,-5.651393890E0,1.466319859E-1,5.724126930E0
2.509589948E1,-8.346660137E-1,-5.631880760E0,1.846452653E-1,5.696388516E0
2.510589225E1,-7.750962973E-1,-5.598320961E0,2.223608494E-1,5.656095491E0
2.511589636E1,-7.212383151E-1,-5.547412395E0,2.597053051E-1,5.600126413E0
2.512589636E1,-8.256704807E-1,-5.373305798E0,1.389752626E-1,5.438148680E0
2.513590365E1,-7.714613080E-1,-4.625974655E0,1.780361086E-1,4.693238851E0
2.514589948E1,-7.152904868E-1,-4.537736893E0,2.187192440E-1,4.598971047E0
2.515589896E1,-6.589769721E-1,-4.420288086E0,2.592997551E-1,4.476654306E0
2.516589662E1,-8.038491607E-1,-3.737643242E0,1.354374766E0,4.055919314E0
2.517589506E1,-7.467827797E-1,-3.665861130E0,1.438169837E0,4.008061230E0
2.518590235E1,-6.897745132E-1,-3.558141232E0,2.087522984E0,4.182572188E0
2.519589480E1,-6.305522919E-1,-2.750085831E0,2.189707756E0,3.571468651E0
2.520589584E1,-5.710275173E-1,-2.625188828E0,2.895898342E0,3.950179238E0
2.521681381E1,-7.106812596E-1,-1.671152115E0,2.979407310E0,3.489224150E0
2.522590527E1,-6.481288075E-1,-1.511883736E0,3.556947231E0,3.918894868E0
2.523588818E1,-5.859990716E-1,-8.611679077E-4,3.563628912E0,3.611488153E0
2.524589824E1,-5.239675045E-1,1.822471619E-2,3.563914537E0,3.602271633E0
2.525589584E1,-4.602783322E-1,3.816032410E-2,3.520655394E0,3.550820575E0
2.526589792E1,-5.939390063E-1,-3.974246979E-2,3.337488413E0,3.390158096E0
2.527589740E1,-5.288686156E-1,-1.607990265E-2,3.088029385E0,3.133031448E0
2.528590417E1,-4.608095884E-1,1.929810524E0,2.948174000E0,3.553624075E0
2.529590001E1,-3.944226503E-1,3.724700928E0,4.251965523E0,5.666407772E0
2.530589714E1,-4.892444015E-1,7.212128639E0,4.356410503E0,8.439933179E0
2.531589428E1,1.069307446E0,8.882821083E0,2.714327574E0,9.349625821E0
2.532589584E1,2.278460741E0,1.047503471E1,1.053191185E0,1.077158054E1
2.533590053E1,3.144228935E0,1.157444000E1,-7.123756409E-2,1.199411988E1
2.534589610E1,3.838945627E0,1.168468380E1,-1.248413205E0,1.236235716E1
2.535589610E1,4.543550014E0,1.145347023E1,-1.466041327E0,1.240867053E1
2.536589636E1,4.596955299E0,8.971817017E0,-5.156660080E0,1.132327876E1
2.537589558E1,4.484790802E0,6.708903313E0,-7.276618958E0,1.086609017E1
2.538590027E1,3.668262720E0,4.459970474E0,-7.361037254E0,9.355872887E0
2.539590959E1,2.456481457E0,2.351556778E0,-7.166537285E0,7.932425675E0
2.540590574E1,1.278774977E0,-1.690063477E-1,-5.684158325E0,5.828677762E0
2.541588798E1,4.945874214E-1,-1.550817490E-1,-4.593108177E0,4.622262411E0
2.542589949E1,3.485835195E-1,-1.395874023E-1,-3.722589970E0,3.741479814E0
2.543590001E1,2.903924584E-1,-1.281375885E-1,-2.829185486E0,2.846934761E0
2.544589558E1,3.089240193E-1,-1.122598648E-1,-1.952696800E0,1.980166943E0
2.545589584E1,8.704636097E-1,-1.926002502E-1,-7.415878177E-1,1.159635392E0
2.546589610E1,9.294468164E-1,1.217803001E0,-6.007618904E-1,1.645548657E0
2.547589636E1,1.053055644E0,1.434136391E0,-4.237293899E-1,1.828994252E0
2.548590053E1,1.064635396E0,1.473110199E0,-2.902255058E-1,1.840579536E0
2.549590183E1,1.038472176E0,1.429845810E0,-3.847814798E-1,1.808574103E0
2.550589610E1,9.700171947E-1,1.300045013E0,-3.188912868E-1,1.653100737E0
2.551589844E1,8.687283993E-1,-1.690406799E-1,-2.540639639E-1,9.207672241E-1
2.552589506E1,7.509720325E-1,-1.460866928E-1,-1.915875673E-1,7.886736406E-1
2.553590365E1,3.493452072E-2,-1.233266830E0,-1.299767047E-1,1.240589150E0
2.554589532E1,-7.353734970E-2,-1.340808868E0,-2.701712847E-1,1.369733071E0
2.555589428E1,-1.946301460E-1,-1.429052353E0,-2.112451792E-1,1.457633715E0
2.556591407E1,-3.070833683E-1,-1.446598053E0,-1.531773359E-1,1.486744571E0
2.557589386E1,-1.321577430E0,-1.407365799E0,-9.590367228E-2,1.932988078E0
2.558589839E1,-1.303493023E0,-1.312826157E0,-4.128936678E-2,1.850489500E0
2.559588990E1,-1.481220961E0,-1.664686203E-1,-1.867946386E-1,1.502204904E0
2.560589558E1,-1.435161233E0,-1.465845108E-1,-1.329910755E-1,1.448744770E0
2.561589766E1,-1.386323094E0,-1.271305084E-1,-7.975409180E-2,1.394422677E0
2.562589818E1,-1.334178329E0,-1.081781387E-1,-2.704899013E-2,1.338830075E0
2.563590469E1,-1.186105013E-1,1.290980339E0,2.514183149E-2,1.296661405E0
2.564589688E1,-6.968796253E-2,1.375943184E0,-1.386145830E0,1.954348055E0
2.565589558E1,3.663885593E-2,1.502093315E0,-2.586935282E0,2.991631810E0
2.566589584E1,7.285165787E-2,1.485650063E0,-2.683768749E0,3.068399937E0
2.567589584E1,6.164157391E-2,1.392396927E0,-3.322644949E0,3.603128966E0
2.568590365E1,3.557682037E-2,1.256334305E0,-3.334959745E0,3.563930148E0
2.569589792E1,7.479190826E-3,-1.770935059E-1,-3.317660332E0,3.322391928E0
2.570589558E1,-8.111238480E-3,-1.570806503E-1,-3.190973282E0,3.194847509E0
2.571589506E1,4.245543480E-2,-1.366109848E-1,-2.995597363E0,2.999011268E0
2.572589532E1,1.007030010E-1,-1.145553589E-1,-2.169536591E0,2.174891501E0
2.573590235E1,1.666454077E-1,-1.914129257E-1,-2.055413723E0,2.071022736E0
2.574589303E1,2.239794731E-1,-1.674757004E-1,-1.942428350E0,1.962458359E0
2.575591412E1,2.729858160E-1,-1.427574158E-1,-1.796561956E0,1.822782433E0
2.576589282E1,2.799724340E-1,-1.165847778E-1,-1.611034393E0,1.639331690E0
2.577589329E1,2.415199280E-1,-8.994007111E-2,-9.134741426E-1,9.491343957E-1
2.578590131E1,1.625971794E-1,-1.628265381E-1,-8.128620386E-1,8.448047219E-1
2.579589454E1,-1.336682916E0,-1.355447769E-1,-7.330960631E-1,1.530530444E0
2.580589792E1,-1.297503591E0,-1.080713272E-1,-6.132023335E-1,1.439170623E0
2.581589610E1,-1.258312583E0,-8.101844788E-2,-4.537696838E-1,1.340082636E0
2.582589584E1,-1.219054937E0,-5.639266968E-2,-3.216311932E-1,1.262030783E0
2.583590391E1,-1.339742661E0,-1.116914749E-1,1.078747153E0,1.723682338E0
2.584589454E1,-1.301105142E0,-8.701324463E-2,1.149407744E0,1.738270421E0
2.585589532E1,-1.215394139E0,-6.871891022E-2,1.217293501E0,1.721542526E0
2.586589610E1,-1.129870296E0,9.122362137E-1,1.280411959E0,1.936036306E0
2.587589766E1,-1.245590806E0,9.807310104E-1,1.139407873E0,1.952326835E0
2.588589870E1,-1.162822008E0,1.034131050E0,1.148023963E0,1.933789304E0
2.589589818E1,-1.079909921E0,1.065069199E0,1.167881489E-1,1.521255175E0
2.590589584E1,-9.985851645E-1,1.071706772E0,-6.226621866E-1,1.591677082E0
2.591589454E1,-9.185947180E-1,1.022874832E0,-7.215654850E-1,1.552657698E0
2.592601402E1,-1.037284255E0,9.349718094E-1,-8.224564791E-1,1.620668248E0
2.593588584E1,-9.558930397E-1,-1.735563278E-1,-8.980785608E-1,1.323026229E0
2.594588672E1,-8.761536479E-1,-1.592321396E-1,-9.317696095E-1,1.288873421E0
2.595589277E1,-7.975505590E-1,-1.445455551E-1,-9.140845537E-1,1.221691812E0
2.596589277E1,-7.223342657E-1,-1.256608963E-1,-8.053950071E-1,1.089136617E0
2.597589688E1,2.536944747E-1,-2.035455704E-1,-6.872686148E-1,7.603484955E-1
2.598590495E1,9.421975613E-1,-1.813182831E-1,-1.400852203E-2,9.595878297E-1
2.599589662E1,1.018572927E0,-1.590156555E-1,1.078248024E-1,1.036534116E0
2.600590079E1,1.146899700E0,-1.360054016E-1,1.219197631E0,1.679380616E0
2.601589844E1,2.175745726E0,-1.927766800E-1,1.132545352E0,2.460425021E0
2.602589480E1,2.918931961E0,-1.672058105E-1,1.204252720E0,3.162016159E0
2.603589975E1,2.943055868E0,-1.430549622E-1,1.250400186E0,3.200866006E0
2.604589766E1,2.953339338E0,-1.192140579E-1,1.292892337E0,3.226142562E0
2.605589636E1,2.949475050E0,-9.961891174E-2,1.298784494E0,3.224308943E0
2.606589532E1,2.908554554E0,-1.768083572E-1,1.104286790E0,3.116151489E0
2.607589428E1,2.846217871E0,-1.530370712E-1,-6.348528862E-1,2.920173745E0
2.608590443E1,2.736618280E0,-1.257867813E-1,-7.777481079E-1,2.847770013E0
2.609591511E1,2.614843369E0,-9.756278992E-2,-1.691254854E0,3.115648780E0
2.610601995E1,2.443867445E0,-6.847858429E-2,-1.826660275E0,3.051862573E0
2.611588402E1,2.246716022E0,-1.386146545E-1,-2.466954947E0,3.339582851E0
2.612590829E1,2.061693668E0,-1.082048416E-1,-2.539895058E0,3.273126330E0
2.613589094E1,1.897166371E0,1.040376663E0,-2.624462366E0,3.401385975E0
2.614590469E1,1.742243886E0,2.033798218E0,-2.643606901E0,3.763031543E0
2.615590548E1,1.580571413E0,2.810111046E0,-2.651427746E0,4.174326194E0
2.616590443E1,8.470066786E-1,3.500324249E0,-2.595071793E0,4.438928674E0
2.617590886E1,6.957627535E-1,4.184586525E0,-2.490288973E0,4.918982554E0
2.618590521E1,5.489804745E-1,4.319886208E0,-2.310807467E0,4.929769524E0
2.619590678E1,-2.322995663E-1,4.313255310E0,-1.399639249E0,4.540608383E0
2.620590443E1,-3.556866646E-1,4.160601616E0,-1.321765304E0,4.379975151E0
2.621589829E1,-9.812343121E-1,3.007898331E0,-1.329443932E0,3.431864553E0
2.622590365E1,-1.990882397E0,2.863773346E0,-2.151846170E0,4.098201122E0
2.623590730E1,-1.934352279E0,1.819920540E0,-2.241821289E0,3.475570774E0
2.624590600E1,-1.873152614E0,1.689703941E0,-3.178566456E0,4.057965603E0
2.625590860E1,-1.989860535E0,-1.758193970E-2,-3.217823267E0,3.783416531E0
2.626590313E1,-1.904061437E0,6.649971008E-3,-3.949568510E0,4.384584997E0
2.627590548E1,-1.815709114E0,3.018951416E-2,-3.937254667E0,4.335860389E0
2.628603292E1,-1.712154746E0,5.155849457E-2,-3.903194189E0,4.262517687E0
2.629588376E1,-1.580779314E0,6.928634644E-2,-3.814140797E0,4.129326077E0
2.630588537E1,-5.430878401E-1,-8.038520813E-3,-3.631388903E0,3.671783542E0
2.631589146E1,-4.496918917E-1,2.381420135E-2,-2.825326204E0,2.860989003E0
2.632590626E1,-3.699607849E-1,-9.519510269E-1,-2.640784264E0,2.831399524E0
2.633589662E1,-3.143333197E-1,-1.031455040E0,-2.434861898E0,2.662941494E0
2.634589245E1,-2.897189856E-1,-1.092377663E0,-1.529011965E0,1.901342588E0
2.635589818E1,-1.339489341E0,-1.122401237E0,-1.307872057E0,2.182783899E0
2.636589454E1,-1.242887020E0,-1.135156631E0,-2.389166355E-1,1.700126431E0
2.637590495E1,-1.107527494E0,-1.128306389E0,1.387717247E0,2.103675739E0
2.638590756E1,-1.018823862E0,-1.072659492E0,1.640269279E0,2.208864812E0
2.639589584E1,-1.134520531E0,-1.008943558E0,3.080012798E0,3.433887414E0
2.640589610E1,-1.052909851E0,-9.419794083E-1,3.171400785E0,3.471847822E0
2.641589636E1,-9.741339684E-1,-9.019050598E-1,3.228509426E0,3.490794013E0
2.642589558E1,-8.966541886E-1,-8.698606491E-1,3.258949757E0,3.490186213E0
2.643589974E1,-8.214235902E-1,-8.357133865E-1,3.263633251E0,3.467629677E0
2.644589766E1,-9.469565749E-1,-7.938051224E-1,1.585057616E0,2.009791276E0
2.645589558E1,-8.707978725E-1,1.928768158E-1,1.528670430E0,1.769837192E0
2.646601912E1,-7.943912148E-1,1.992521286E-1,1.509405971E0,1.717284250E0
2.647589068E1,-7.190601230E-1,2.060947418E-1,1.537587881E0,1.709882743E0
2.648590667E1,-6.440469623E-1,2.125759125E-1,1.599915504E0,1.737732612E0
2.649589068E1,-7.694082856E-1,1.187477112E-1,1.646900892E0,1.821640107E0
2.650589480E1,-6.957479119E-1,1.249094009E-1,1.647565007E0,1.792801709E0
2.651589532E1,-6.232023239E-1,-8.940277100E-1,1.575474501E0,1.915668704E0
2.652589506E1,-5.515016913E-1,-9.832954407E-1,1.475358129E0,1.856799840E0
2.653590548E1,-4.804350138E-1,-1.648844719E0,1.345202565E0,2.181530805E0
2.654589480E1,-6.083773375E-1,-1.672193527E0,1.278097272E0,2.190864399E0
2.655589402E1,-4.969753623E-1,-1.804037571E0,1.355181694E0,2.310422795E0
2.656589532E1,-4.267818928E-1,-1.886169434E0,2.747961044E0,3.360218418E0
2.657589584E1,-3.572765589E-1,-1.963126659E0,2.752877712E0,3.399977723E0
2.658590053E1,-4.877859950E-1,-2.025644779E0,2.558575392E0,3.299618157E0
2.659589558E1,-4.210116565E-1,-2.074299335E0,2.568736792E0,3.328419633E0
2.660589350E1,-3.547997475E-1,-2.087513924E0,4.192403793E0,4.696791118E0
2.661589454E1,-2.895309925E-1,-2.069865227E0,4.196021557E0,4.687725158E0
2.662589688E1,-2.254580408E-1,-1.978397369E0,4.138465881E0,4.592579594E0
2.663590131E1,-3.633455634E-1,-1.123387337E0,3.956021309E0,4.128452943E0
2.664602563E1,-3.001352549E-1,-9.984235764E-1,3.774974346E0,3.916294438E0
2.665588886E1,-2.365738750E-1,2.436256409E-2,3.605230570E0,3.613066315E0
2.666588042E1,-1.728528440E-1,2.734088898E-2,2.175321579E0,2.182349560E0
2.667589355E1,-1.118196100E-1,3.136730194E-2,2.137750864E0,2.140903148E0
2.668590131E1,-2.509399951E-1,-6.348228455E-2,1.901947856E0,1.919480797E0
2.669589402E1,-1.865664721E-1,-5.897998810E-2,1.860096812E0,1.870359815E0
2.670589662E1,-1.230396032E-1,-5.358600616E-2,1.819268346E0,1.824211478E0
2.671589688E1,-6.025411189E-2,-5.645751953E-2,2.885678053E0,2.886859164E0
2.672589714E1,-8.507668972E-4,-5.762386322E-2,2.888445139E0,2.889019999E0
2.673590027E1,-1.025582924E-1,-1.713248253E0,4.383178711E0,4.707227782E0
2.674589506E1,-4.387629032E-2,-1.733223915E0,4.925960541E0,5.222171724E0
2.675589584E1,1.343805902E-2,-1.681421280E0,4.894982338E0,5.175732817E0
2.676589610E1,6.951718777E-2,-1.562059402E0,4.827799320E0,5.074692946E0
2.677589428E1,-7.661698759E-2,-1.915454865E-1,4.703630447E0,4.708152421E0
2.678590105E1,-2.258842625E-2,-1.830167770E-1,4.516560078E0,4.520323032E0
2.679589402E1,2.993940376E-2,-1.739482880E-1,4.314045906E0,4.317655203E0
2.680589870E1,8.071425557E-2,-1.630172729E-1,4.076187134E0,4.080243984E0
2.681589324E1,1.304342598E-1,1.051935196E0,3.849865437E0,3.993124670E0
2.682593615E1,-2.253144234E-2,1.071138382E0,3.639305830E0,3.793730621E0
2.683591855E1,2.493377030E-2,1.061149597E0,3.429188251E0,3.589706426E0
2.684588298E1,7.042142749E-2,1.050217628E0,3.214118004E0,3.382080837E0
2.685589329E1,1.424263477E0,1.033615112E0,2.996102333E0,3.474696511E0
2.686589428E1,1.492300868E0,9.826707840E-1,2.752524614E0,3.281614771E0
2.687589844E1,1.580498576E0,8.769903183E-1,1.922785997E0,2.638975892E0
2.688590157E1,1.638879776E0,-1.850433350E-1,1.707844019E0,2.374215481E0
2.689589870E1,1.682251334E0,-1.518859863E-1,9.406967163E-1,1.933377670E0
2.690589584E1,1.619811177E0,-1.181087494E-1,7.098426819E-1,1.772460030E0
2.691589792E1,1.449912429E0,-1.635980606E-1,-1.948049068E-1,1.472059553E0
2.692589454E1,1.304493904E0,-1.288614273E-1,-3.448611498E-1,1.355447832E0
2.693590001E1,1.166774631E0,-9.781742096E-2,-4.304455519E-1,1.247483330E0
2.694589532E1,1.038566470E0,-6.628227234E-2,-4.674890041E-1,1.140859159E0
2.695589610E1,9.213308096E-1,-1.481574059E0,-4.100246429E-1,1.792214373E0
2.696589584E1,8.082594275E-1,-1.537824631E0,2.923244238E-1,1.761715489E0
2.697589532E1,7.033213377E-1,-1.615005493E0,3.915158510E-1,1.804491149E0
2.698589844E1,6.072719693E-1,-2.288625717E0,1.251775384E0,2.678344364E0
2.699589584E1,5.154626966E-1,-2.360680580E0,1.353419423E0,2.769523195E0
2.700590886E1,4.380957484E-1,-2.451657772E0,2.160297394E0,3.296883156E0
2.701590339E1,3.698368073E-1,-3.174572945E0,2.241294384E0,3.903600026E0
2.702588167E1,-7.237459421E-1,-3.235944271E0,2.912214518E0,4.413177643E0
2.703590037E1,-7.194295526E-1,-3.325994492E0,2.962985516E0,4.512106094E0
2.704589688E1,-7.138555050E-1,-3.391062260E0,3.002937317E0,4.585468947E0
2.705589896E1,-7.069628239E-1,-3.423465729E0,3.583562374E0,5.006179513E0
2.706589428E1,-8.960289359E-1,-3.406428337E0,3.492833376E0,4.960494619E0
2.707589636E1,-8.843279481E-1,-3.364387512E0,3.339021683E0,4.821846643E0
2.708590417E1,-7.959478498E-1,-3.342133522E0,3.105997086E0,4.631480039E0
2.709590626E1,-7.456743121E-1,-3.301756382E0,2.876406670E0,4.441997379E0
2.710589355E1,-8.953855634E-1,-3.234714508E0,2.611824512E0,4.252848521E0
2.711589428E1,-8.471259475E-1,-3.188132763E0,1.753586292E0,3.735890492E0
2.712589974E1,-7.982231975E-1,-3.179397583E0,1.593165159E0,3.644709109E0
2.713590027E1,-7.487691045E-1,-3.184045315E0,1.483489037E0,3.591592886E0
2.714589324E1,-7.003082037E-1,-3.195681095E0,1.429190636E0,3.570069343E0
2.715589350E1,-8.533651233E-1,-3.184000015E0,1.929090738E0,3.819355863E0
2.716589219E1,-8.045363426E-1,-3.147395134E0,1.887112141E0,3.756935864E0
2.717590652E1,-7.553749084E-1,-3.108479977E0,1.868047953E0,3.704435473E0
2.718591646E1,-7.061175704E-1,-3.082411766E0,2.417763710E0,3.980633828E0
2.719592938E1,-6.567675471E-1,-3.067451000E0,2.352789879E0,3.921252283E0
2.720589042E1,-8.071634173E-1,-3.062106133E0,2.275042534E0,3.899208289E0
2.721591053E1,-7.577008009E-1,-3.069978714E0,2.166637897E0,3.833170957E0
2.722589818E1,-7.082916498E-1,-3.089225292E0,2.046061516E0,3.772447176E0
2.723590313E1,-6.587777138E-1,-3.112085819E0,1.902421474E0,3.706517731E0
2.724589584E1,-6.089180708E-1,-3.122328758E0,1.737178802E0,3.624570083E0
2.725589584E1,-7.592353225E-1,-3.117696762E0,1.605787277E0,3.588178390E0
2.726589610E1,-6.699817181E-1,-3.140420914E0,1.511837959E0,3.549193293E0
2.727589532E1,-6.215475202E-1,-3.101539135E0,1.425854683E0,3.469715824E0
2.728590417E1,-5.734466314E-1,-3.068408489E0,1.353991032E0,3.402537790E0
2.729589558E1,-7.253053784E-1,-3.020852566E0,1.270473003E0,3.356444513E0
2.730589584E1,4.216223359E-1,-2.975821495E0,1.172900200E0,3.226294135E0
2.731589324E1,1.096467018E0,-2.937564850E0,1.047982216E0,3.306023880E0
2.732589376E1,1.178305387E0,-2.920565605E0,8.957729340E-1,3.274219936E0
2.733590339E1,1.293423176E0,-2.908295631E0,7.209725380E-1,3.263576013E0
2.734593230E1,2.048237801E0,-2.904929161E0,5.314965248E-1,3.593936571E0
2.735594089E1,2.083829880E0,-2.909339428E0,3.584623337E-1,3.596539743E0
2.736589209E1,2.073766708E0,-2.912829399E0,2.062473297E-1,3.581566896E0
2.737591068E1,2.038774014E0,-2.935711861E0,8.268785477E-2,3.575170050E0
2.738592485E1,1.982317686E0,-3.540891171E0,-1.119232178E-2,4.058031414E0
2.739590079E1,1.900420427E0,-3.511579990E0,-6.438446045E-2,3.993361640E0
2.740590574E1,1.776640773E0,-3.485729218E0,-8.352756500E-2,3.913277075E0
2.741590678E1,1.646882296E0,-3.460979939E0,-7.823371887E-2,3.833630648E0
2.742590704E1,1.515694976E0,-3.440683842E0,-6.280708313E-2,3.760263460E0
2.743590391E1,1.400918722E0,-3.436598301E0,-6.630468369E-2,3.711762042E0
2.744593646E1,1.292698503E0,-3.494708300E0,-3.590822220E-2,3.726304459E0
2.745590521E1,1.200009108E0,-3.461741686E0,-2.858209610E-2,3.663945182E0
2.746590730E1,1.119887590E0,-3.417504072E0,-3.604412079E-3,3.596316906E0
2.747590860E1,1.031180620E0,-3.367990017E0,2.188920975E-2,3.522381206E0
2.748590443E1,9.505320787E-1,-3.322807312E0,5.771842003E-1,3.503955089E0
2.749590652E1,8.527237177E-1,-3.266207218E0,5.581188202E-1,3.421511939E0
2.750590730E1,7.406270504E-1,-3.199138165E0,5.480360985E-1,3.329167612E0
2.751590417E1,6.264488697E-1,-3.117817163E0,5.358653069E-1,3.224961035E0
2.752590469E1,5.070035458E-1,-3.028739214E0,5.459260941E-1,3.119030157E0
2.753594870E1,3.823421001E-1,-2.923538685E0,5.322294235E-1,2.996086127E0
2.754591594E1,2.577257156E-1,-2.796359062E0,4.842543602E-1,2.849657670E0
2.755591105E1,1.541988850E-1,-2.672643423E0,4.352192879E-1,2.712234502E0
2.756589355E1,5.011320114E-2,-2.538282871E0,3.812355995E-1,2.567242071E0
2.757590261E1,-3.923249245E-2,-2.404653788E0,3.034720421E-1,2.424045030E0
2.758589480E1,-1.139526367E-1,-2.262178183E0,2.291498184E-1,2.276608217E0
2.759589636E1,-1.898272038E-1,-2.117822886E0,1.535301208E-1,2.131848878E0
2.760589818E1,-2.564737797E-1,-1.968255281E0,6.793928146E-2,1.986057250E0
2.761589428E1,-3.123054504E-1,-1.825655937E0,-1.621866226E-2,1.852246566E0
2.762589584E1,-4.294092655E-1,-1.648026943E0,-1.189274788E-1,1.707199130E0
2.763590027E1,-5.214829445E-1,-1.523679256E0,-1.760911942E-1,1.620046619E0
2.764592032E1,-6.213524342E-1,-1.409751415E0,-2.139043808E-1,1.555388371E0
2.765589454E1,-7.128744125E-1,-1.305794716E0,-2.344274521E-1,1.506069719E0
2.766589636E1,-7.823662758E-1,-1.215821743E0,-2.494711876E-1,1.467158946E0
2.767589298E1,-8.280085325E-1,-1.143622398E0,-2.641191483E-1,1.436394530E0
2.768589298E1,-8.572577238E-1,-1.092015266E0,-2.834286690E-1,1.416940351E0
2.769589948E1,-8.705976009E-1,-1.044237614E0,-3.217554092E-1,1.397103761E0
2.770589402E1,-8.547682762E-1,-1.009807110E0,-3.670086861E-1,1.372965615E0
2.771589714E1,-8.176519871E-1,-9.775047302E-1,-4.331011772E-1,1.345974331E0
2.772591667E1,-7.767937183E-1,-9.416074753E-1,-5.030298233E-1,1.320254567E0
2.773589626E1,-7.593078613E-1,-8.975815773E-1,-5.853734016E-1,1.313340449E0
2.774592266E1,-7.531771660E-1,-8.366904259E-1,-6.733760834E-1,1.311778206E0
2.775589662E1,-7.752653360E-1,-7.613196373E-1,-7.714982033E-1,1.332611500E0
2.776589636E1,-8.278887272E-1,-6.781048775E-1,-8.585691452E-1,1.371993785E0
2.777589480E1,-8.873414993E-1,-5.930700302E-1,-9.310884476E-1,1.416344836E0
2.778589636E1,-9.474875927E-1,-5.067501068E-1,-1.005517006E0,1.471595345E0
2.779589662E1,-1.009318590E0,-4.411778450E-1,-1.060218334E0,1.528863900E0
2.780589714E1,-1.101317883E0,-3.677601814E-1,-1.119667053E0,1.613010521E0
2.781589376E1,-1.113229394E0,-3.462486267E-1,-1.138205528E0,1.629318759E0
2.782589454E1,-1.113488555E0,-3.488025665E-1,-1.138159752E0,1.630008470E0
2.783589402E1,-1.090770841E0,-3.680825233E-1,-1.137250900E0,1.618210549E0
2.784591693E1,-1.067475080E0,-3.969345093E-1,-1.135709286E0,1.608382925E0
2.785589350E1,-1.058117509E0,-4.229011536E-1,-1.129685402E0,1.604570708E0
2.786589350E1,-1.070800304E0,-4.363341331E-1,-1.129635811E0,1.616501727E0
2.787589454E1,-1.082801104E0,-4.368820190E-1,-1.104334354E0,1.607133627E0
2.788589480E1,-1.123403311E0,-4.314165115E-1,-1.066281319E0,1.607828055E0
2.789589084E1,-1.188362122E0,-4.111275673E-1,-1.027044296E0,1.623591819E0
2.790589662E1,-2.444534540E0,-3.738446236E-1,-1.015740871E0,2.673431959E0
2.791590813E1,-2.585194588E0,-3.313326836E-1,-1.006006718E0,2.793754091E0
2.792589537E1,-2.526198864E0,-2.940082550E-1,-9.927930832E-1,2.730157442E0
2.793589584E1,-2.467548847E0,-2.659463882E-1,-9.815335274E-1,2.668882324E0
2.794591824E1,-2.407457113E0,-2.507877350E-1,-9.676890373E-1,2.606753980E0
2.795589428E1,-2.344745159E0,-2.421360016E-1,-9.519238472E-1,2.542168113E0
2.796589636E1,-2.477953434E0,-2.344431877E-1,-9.396538734E-1,2.660482331E0
2.797589298E1,-2.357562065E0,-2.415647507E-1,-9.399895668E-1,2.549516190E0
2.798589193E1,-2.198337555E0,-2.807779312E-1,-9.062833786E-1,2.394342042E0
2.799589792E1,-2.082231522E0,-2.880129814E-1,-8.830399513E-1,2.279999812E0
2.800589558E1,-2.168517828E0,-2.843999863E-1,-8.635754585E-1,2.351407131E0
2.801590417E1,-2.055836916E0,-2.763915062E-1,-8.476819992E-1,2.240853066E0
2.802589610E1,-1.945802808E0,-2.595152855E-1,-8.443031311E-1,2.136900683E0
2.803589350E1,-1.838555932E0,-2.300691605E-1,-8.419060707E-1,2.035196690E0
2.804591667E1,-1.733786583E0,-2.038645744E-1,-8.553247452E-1,1.944005427E0
2.805589610E1,-1.832687736E0,-1.704554558E-1,-8.724627495E-1,2.036907128E0
2.806589376E1,-1.732422590E0,-1.508755684E-1,-8.882536888E-1,1.952702252E0
2.807589980E1,-1.634496331E0,-1.380143166E-1,-9.174609184E-1,1.879457567E0
2.808591261E1,-1.538894892E0,-1.318273544E-1,-9.431424141E-1,1.809721954E0
2.809590646E1,-1.445418119E0,-1.124954224E-1,-9.017415047E-1,1.707344869E0
2.810589339E1,-1.553598762E0,-8.174705505E-2,-8.555464745E-1,1.775474996E0
2.811589428E1,-1.463972211E0,-5.612897873E-2,-8.244547844E-1,1.681098090E0
2.812589714E1,-1.376339793E0,-3.941297531E-2,-7.921500206E-1,1.588510706E0
2.813589454E1,-1.290922999E0,-3.034305573E-2,-7.636899948E-1,1.500208419E0
2.814592449E1,-1.207362890E0,-3.880500793E-3,-7.579450607E-1,1.425559863E0
2.815589714E1,-1.325023532E0,3.830432892E-2,-7.527689934E-1,1.524406684E0
2.816589610E1,-1.204431057E0,1.230721474E-1,-7.972707748E-1,1.449634993E0
2.817589480E1,-1.125437379E0,1.288728714E-1,-8.603096008E-1,1.422445120E0
2.818590053E1,-1.048339725E0,1.282320023E-1,-9.246358871E-1,1.403713343E0
2.819589350E1,-1.172582030E0,1.213140488E-1,-9.798593521E-1,1.532902497E0
2.820589740E1,-1.098297954E0,1.182847023E-1,-1.036670208E0,1.514904217E0
2.821590443E1,-1.025584579E0,1.034841537E-1,-1.070048332E0,1.485777955E0
2.822589402E1,-9.544587135E-1,6.917285919E-2,-1.117519379E0,1.471266761E0
2.823589350E1,-8.849135637E-1,2.864789963E-2,-1.172978401E0,1.469615952E0
2.824591850E1,-1.018104076E0,-8.498191833E-3,-1.244354725E0,1.607801857E0
2.825589287E1,-9.510187507E-1,-3.827524185E-2,-1.280735016E0,1.595676609E0
2.826591683E1,-8.852486610E-1,-6.133747101E-2,-1.286537170E0,1.562883671E0
2.827591298E1,-8.207216263E-1,-8.843278885E-2,-1.275350571E0,1.519185118E0
2.828589277E1,-7.482613325E-1,-1.168360710E-1,-1.231726646E0,1.445924002E0
2.829589563E1,-8.746462464E-1,-1.521592140E-1,-1.171463966E0,1.469859281E0
2.830589506E1,-8.014930487E-1,-1.883196831E-1,-1.087648392E0,1.364124054E0
2.831589506E1,-7.302703857E-1,-2.286353111E-1,-1.003719807E0,1.262149909E0
2.832589636E1,-6.609772444E-1,-2.581691742E-1,-9.197387695E-1,1.161663309E0
2.833589662E1,-5.952492356E-1,-2.924008369E-1,-8.746080399E-1,1.097615199E0
2.834591902E1,-6.885337234E-1,-3.396053314E-1,-8.324666023E-1,1.132435920E0
2.835589714E1,-6.218255758E-1,-3.416051865E-1,-8.253192902E-1,1.088353381E0
2.836589923E1,-5.568418503E-1,-3.267898560E-1,-8.328413963E-1,1.053797536E0
2.837589584E1,-4.934663177E-1,-2.967638969E-1,-8.389949799E-1,1.017590484E0
2.838589376E1,-6.300352812E-1,-2.453351021E-1,-8.285508156E-1,1.069406481E0
2.839589636E1,-5.665125251E-1,-1.957674026E-1,-8.131608963E-1,1.010194021E0
2.840589584E1,-5.045026541E-1,-1.478271484E-1,-7.983126640E-1,9.558655258E-1
2.841589506E1,-4.440076649E-1,-1.158108711E-1,-7.936353683E-1,9.167399098E-1
2.842589662E1,-3.850196004E-1,-9.762239456E-2,-7.976770401E-1,8.910998176E-1
2.843589350E1,-5.258592963E-1,-8.649158478E-2,-7.994961739E-1,9.608344945E-1
2.844592449E1,-4.663639665E-1,-8.654451370E-2,-7.945933342E-1,9.253993024E-1
2.845588469E1,-4.082651138E-1,-9.261655807E-2,-7.830376625E-1,8.879224127E-1
2.846589303E1,-3.515333235E-1,-1.039047241E-1,-7.850422859E-1,8.664082525E-1
2.847589303E1,-2.978554368E-1,-1.191101074E-1,-7.700266838E-1,8.341739463E-1
2.848589948E1,-4.420848489E-1,-1.370754242E-1,-7.456755638E-1,8.776449920E-1
2.849589584E1,-3.859136701E-1,-1.480450630E-1,-7.276830673E-1,8.368807250E-1
2.850589948E1,-3.310630322E-1,-1.528973579E-1,-7.103466988E-1,7.984815375E-1
2.851589636E1,-2.774909437E-1,-1.619529724E-1,-6.937203407E-1,7.645115436E-1
2.852589558E1,-3.841799498E-1,-1.808147430E-1,-7.038011551E-1,8.219636677E-1
2.853589376E1,-3.320291340E-1,-1.954579353E-1,-7.137174606E-1,8.110732174E-1
2.854592006E1,-2.793309391E-1,-2.122821808E-1,-7.257847786E-1,8.061346306E-1
2.855589740E1,-2.278411686E-1,-2.310867310E-1,-7.443494797E-1,8.120152851E-1
2.856589688E1,-1.775307506E-1,-2.517485619E-1,-7.393941879E-1,8.009982965E-1
2.857589844E1,-3.267267048E-1,-2.642769814E-1,-7.190060616E-1,8.328039259E-1
2.858590521E1,-2.753261924E-1,-2.696537971E-1,-6.952204704E-1,7.948894169E-1
2.859590495E1,-2.250764221E-1,-2.687649727E-1,-6.685748100E-1,7.549081288E-1
2.860590600E1,-1.759331226E-1,-2.579360008E-1,-6.345195770E-1,7.071764545E-1
2.861603167E1,-1.278459579E-1,-2.527055740E-1,-5.943880081E-1,6.584085360E-1
2.862588459E1,-2.791289985E-1,-2.518596649E-1,-5.590071678E-1,6.736729936E-1
2.863591282E1,-2.297193110E-1,-2.452468872E-1,-5.181536674E-1,6.175760849E-1
2.864593183E1,-1.813605875E-1,-2.385735512E-1,-5.015382767E-1,5.842513543E-1
2.865589615E1,-1.340129673E-1,-2.418918610E-1,-4.862632751E-1,5.593953169E-1
2.866590495E1,-8.931595087E-2,-2.537817955E-1,-4.769711494E-1,5.476166690E-1
2.867590886E1,-2.421709597E-1,-2.579731941E-1,-4.780879021E-1,5.947814596E-1
2.868590391E1,-1.942403913E-1,-2.597661018E-1,-4.789347649E-1,5.784343232E-1
2.869590938E1,-1.472924799E-1,-2.507481575E-1,-4.885616302E-1,5.685615003E-1
2.870590235E1,-6.196893752E-2,-2.273416519E-1,-5.032758713E-1,5.557076376E-1
2.871590443E1,-2.158507258E-1,-2.213377953E-1,-4.981069565E-1,5.862529279E-1
2.872590626E1,-1.706876457E-1,-2.150807381E-1,-4.930367470E-1,5.643396408E-1
2.873590808E1,-1.246659905E-1,-2.090220451E-1,-4.878277779E-1,5.451676489E-1
2.874594714E1,-7.956606150E-2,-2.127885818E-1,-4.680128098E-1,5.202362240E-1
2.875590261E1,-3.537052870E-2,-2.252750397E-1,-4.451398849E-1,5.001494126E-1
2.876590548E1,-1.903068125E-1,-2.401676178E-1,-4.198207855E-1,5.197563463E-1
2.877590730E1,-1.444788277E-1,-2.666506767E-1,-4.022092819E-1,5.037350708E-1
2.878590521E1,-9.954831004E-2,-2.885494232E-1,-3.960857391E-1,5.000545454E-1
2.879598990E1,-5.549471080E-2,-2.921233177E-1,-3.997683525E-1,4.982272888E-1
2.880589876E1,-1.229766011E-2,-2.751107216E-1,-4.070491791E-1,4.914531267E-1
2.881588079E1,-1.666042805E-1,-2.548069954E-1,-4.078187943E-1,5.089201903E-1
2.882589225E1,-1.217932850E-1,-2.361006737E-1,-4.129185677E-1,4.909978370E-1
2.883589766E1,-7.783129066E-2,-2.138705254E-1,-4.218063354E-1,4.792899916E-1
2.884592292E1,-3.468052298E-2,-1.843905449E-1,-4.239201546E-1,4.635848457E-1
2.885589662E1,7.671758533E-3,-1.535687447E-1,-4.201941490E-1,4.474431116E-1
2.886589480E1,-1.474537402E-1,-1.168456078E-1,-4.114432335E-1,4.524168829E-1
2.887589428E1,-1.034322232E-1,-8.960294724E-2,-4.032044411E-1,4.257942393E-1
2.888589662E1,-2.089907601E-2,-8.464384079E-2,-3.797259331E-1,3.896063852E-1
2.889589662E1,2.083449066E-2,-8.540678024E-2,-3.744459152E-1,3.846272709E-1
2.890589896E1,-1.348734945E-1,-9.124755859E-2,-3.784208298E-1,4.119700242E-1
2.891589324E1,-9.140178561E-2,-1.065950394E-1,-3.901367188E-1,4.146365253E-1
2.892589402E1,-4.873239622E-2,-1.099581718E-1,-3.993864059E-1,4.171032813E-1
2.893590209E1,-6.846856326E-3,-1.128697395E-1,-4.159998894E-1,4.310943812E-1
2.894592006E1,3.429432586E-2,-1.103091240E-1,-4.246082306E-1,4.400413084E-1
2.895589428E1,-1.236139983E-1,-1.030430794E-1,-4.359512329E-1,4.647061160E-1
2.896589402E1,-8.059206605E-2,-1.014065742E-1,-4.399843216E-1,4.586551838E-1
2.897591006E1,-3.834350780E-2,-8.048772812E-2,-4.328913689E-1,4.419767372E-1
2.898591438E1,3.213465214E-3,-5.784416199E-2,-4.111871719E-1,4.152483158E-1
2.899588110E1,4.402503371E-2,-2.410030365E-2,-3.866138458E-1,3.898580434E-1
2.900589329E1,-1.125821024E-1,-2.269744873E-4,-3.595871925E-1,3.767993237E-1
2.901589428E1,-6.994362175E-2,1.540803909E-2,-3.210563660E-1,3.289478804E-1
2.902589818E1,-2.805497311E-2,3.357553482E-2,-2.920074463E-1,2.952672463E-1
2.903590365E1,1.308971457E-2,4.423713684E-2,-2.711787224E-1,2.750748341E-1
2.904592162E1,5.355592072E-2,5.648946762E-2,-2.660722733E-1,2.772250912E-1
2.905589688E1,-1.033466086E-1,6.118822098E-2,-2.605261803E-1,2.868769954E-1
2.906589636E1,-2.169722319E-2,7.582426071E-2,-2.648420334E-1,2.763356485E-1
2.907589532E1,1.922551170E-2,9.157133102E-2,-2.628993988E-1,2.790537992E-1
2.908590235E1,5.941854417E-2,1.091833115E-1,-2.602982521E-1,2.884557833E-1
2.909591172E1,-9.778048098E-2,1.186037064E-1,-2.618837357E-1,3.036625638E-1
2.910589298E1,-5.574962497E-2,1.211194992E-1,-2.623524666E-1,2.942902827E-1
2.911589506E1,-1.447270159E-2,1.223998070E-1,-2.569570541E-1,2.849878936E-1
2.912589506E1,2.609339170E-2,1.179485321E-1,-2.611050606E-1,2.876952797E-1
2.913589896E1,6.592871249E-2,1.130161285E-1,-2.683739662E-1,2.985696337E-1
2.914591589E1,-9.322879463E-2,1.075611115E-1,-2.685785294E-1,3.039661614E-1
2.915590615E1,-5.142717808E-2,8.731365204E-2,-2.579646111E-1,2.771536921E-1
2.916590391E1,-1.035543997E-2,5.468082428E-2,-2.382621765E-1,2.446754839E-1
2.917589089E1,2.998967469E-2,3.089761734E-2,-2.060527802E-1,2.105036616E-1
2.918588683E1,6.801193208E-2,2.446222305E-2,-1.776442528E-1,1.917850458E-1
2.919589454E1,-9.123715013E-2,1.851177216E-2,-1.429300308E-1,1.705751945E-1
2.920589740E1,-4.950882494E-2,1.781892776E-2,-1.173415184E-1,1.285988720E-1
2.921590673E1,-8.511123247E-3,2.167081833E-2,-9.484434128E-2,9.766018973E-2
2.922589844E1,3.176383674E-2,2.999639511E-2,-9.474229813E-2,1.043303796E-1
2.923590365E1,-8.760521561E-2,6.018495560E-2,-1.709103584E-1,2.012641381E-1
2.924591693E1,-4.761980101E-2,8.700466156E-2,-2.560715675E-1,2.746090026E-1
2.925589740E1,-6.665964611E-3,1.145138741E-1,-8.590750694E-1,8.666993927E-1
2.926589740E1,3.354940936E-2,1.473979950E-1,-8.745164871E-1,8.874856720E-1
2.927589688E1,7.304297388E-2,1.703724861E-1,-8.665494919E-1,8.861546603E-1
2.928590157E1,-8.644134551E-2,1.843638420E-1,-8.285231590E-1,8.531780339E-1
2.929589532E1,-4.498356208E-2,2.001371384E-1,-7.598142624E-1,7.870172224E-1
2.930589584E1,-4.274300300E-3,2.022681236E-1,-6.788482666E-1,7.083541717E-1
2.931589350E1,3.569644317E-2,2.007975578E-1,-6.057362556E-1,6.391481101E-1
2.932591146E1,7.493673265E-2,1.745572090E-1,-4.958343506E-1,5.309778115E-1
2.933589719E1,-8.477362990E-2,1.447172165E-1,1.618046761E-1,2.330459059E-1
2.934595423E1,-4.350251704E-2,1.120333672E-1,1.971449852E-1,2.308897779E-1
2.935590532E1,-2.932295203E-3,1.014566422E-1,2.331018448E-1,2.542410640E-1
2.936589355E1,3.694624081E-2,1.003055573E-1,2.646689415E-1,2.854397977E-1
2.937589558E1,7.453502715E-2,1.024107933E-1,2.779459953E-1,3.054462591E-1
2.938590105E1,-8.510625362E-2,1.236109734E-1,2.934284210E-1,3.295800137E-1
2.939589844E1,-4.372164235E-2,1.629800797E-1,3.072566986E-1,3.505435311E-1
2.940589923E1,-3.041503252E-3,2.164120674E-1,3.180775642E-1,3.847294771E-1
2.941589688E1,7.627326995E-2,3.138880730E-1,3.291773796E-1,4.611952746E-1
2.942589558E1,-8.335089684E-2,3.456411362E-1,3.014655113E-1,4.661508571E-1
2.943590131E1,-4.359892011E-2,3.668150902E-1,2.484874725E-1,4.451968107E-1
2.944591615E1,-2.851598896E-3,3.687782288E-1,1.838293076E-1,4.120664121E-1
2.945589766E1,3.733544052E-2,3.585629463E-1,1.047759056E-1,3.754188487E-1
2.946589480E1,7.676187158E-2,3.476161957E-1,2.309656143E-2,3.567391983E-1
2.947589480E1,-8.274724334E-2,3.165674210E-1,-5.087280273E-2,3.311345351E-1
2.948590105E1,-4.126578197E-2,2.734479904E-1,-1.231207848E-1,3.027133890E-1
2.949590079E1,-4.965036060E-4,2.209095955E-1,-1.750798225E-1,2.818762852E-1
2.950589277E1,3.963054344E-2,1.504697800E-1,-2.189316750E-1,2.685941417E-1
2.951591136E1,7.908149809E-2,7.353782654E-2,-2.502374649E-1,2.725444626E-1
2.952591058E1,-7.879799604E-2,4.382133484E-4,-2.703890800E-1,2.816373037E-1
2.953590370E1,-3.737552464E-2,-7.422018051E-2,-2.807569504E-1,2.927969095E-1
2.954592553E1,3.435467370E-3,-1.597156525E-1,-2.778501511E-1,3.205021038E-1
2.955589480E1,4.351765290E-2,-2.393765450E-1,-2.639002800E-1,3.589404883E-1
2.956589923E1,8.287994564E-2,-3.033781052E-1,-2.459182739E-1,3.992282023E-1
2.957589610E1,-7.513397932E-2,-3.627824783E-1,-2.346358299E-1,4.385318850E-1
2.958590157E1,-3.384603187E-2,-4.020628929E-1,-2.255058289E-1,4.622261379E-1
2.959589792E1,4.605161399E-2,-4.594964981E-1,-2.130293846E-1,5.085659265E-1
2.960589766E1,8.528003097E-2,-4.760842323E-1,-1.934642792E-1,5.209196745E-1
2.961589610E1,-7.286581397E-2,-4.875950813E-1,-1.630878448E-1,5.192841566E-1
2.962589532E1,-3.176422045E-2,-4.998731613E-1,-1.232171059E-1,5.158144999E-1
2.963589949E1,8.602705784E-3,-5.078186989E-1,-8.983659744E-2,5.157755827E-1
2.964591641E1,4.825535417E-2,-5.123229027E-1,-6.187629700E-2,5.182972236E-1
2.965589506E1,8.722776175E-2,-5.187273026E-1,-2.895116806E-2,5.268062898E-1
2.966589610E1,-7.273904979E-2,-5.218205452E-1,8.100509644E-3,5.269281441E-1
2.967589402E1,-3.176925704E-2,-5.266427994E-1,3.880977631E-2,5.290256351E-1
2.968602943E1,8.471697569E-3,-5.230741501E-1,7.831382751E-2,5.289720141E-1
2.969588339E1,4.800147936E-2,-5.122327805E-1,1.059718132E-1,5.252776300E-1
2.970589334E1,8.683463931E-2,-5.000476837E-1,1.186151505E-1,5.212077268E-1
2.971591074E1,-7.168091834E-2,-4.866113663E-1,1.375327110E-1,5.107289129E-1
2.972589454E1,-3.091842681E-2,-4.718785286E-1,1.616401672E-1,4.997527774E-1
2.973589641E1,9.138039313E-3,-4.513158798E-1,1.998825073E-1,4.936826348E-1
2.974592110E1,4.850243405E-2,-4.350986481E-1,2.451601028E-1,5.017636851E-1
2.975589610E1,8.719121665E-2,-4.129157066E-1,3.108210564E-1,5.241291998E-1
2.976589844E1,-7.143907994E-2,-4.006028175E-1,3.701219559E-1,5.500694700E-1
2.977589740E1,8.562287316E-3,-4.073853493E-1,4.854679108E-1,6.338100882E-1
2.978589818E1,4.788751155E-2,-4.043993950E-1,5.205860138E-1,6.609401502E-1
2.979590235E1,8.655890822E-2,-3.985824585E-1,5.432934761E-1,6.793586843E-1
2.980589740E1,-7.205668092E-2,-3.947176933E-1,5.453343391E-1,6.770404450E-1
2.981589714E1,-3.135618195E-2,-3.828892708E-1,5.247855186E-1,6.503746954E-1
2.982589896E1,8.663079701E-3,-3.738551140E-1,4.800219536E-1,6.084930329E-1
2.983590183E1,4.802095145E-2,-3.573627472E-1,4.192032814E-1,5.529426155E-1
2.984594688E1,8.672614396E-2,-3.345842361E-1,3.544330597E-1,4.950664894E-1
2.985590417E1,-7.344716042E-2,-3.073191643E-1,2.918138504E-1,4.301103084E-1
2.986595021E1,-3.262774274E-2,-2.859792709E-1,2.312359810E-1,3.692137483E-1
2.987589850E1,7.516630460E-3,-2.649073601E-1,1.821608543E-1,3.215820051E-1
2.988589954E1,4.700311646E-2,-2.443275452E-1,1.432309151E-1,2.870894239E-1
2.989589428E1,8.425682783E-2,-2.338018417E-1,1.082482338E-1,2.710723047E-1
2.990590287E1,-7.568389177E-2,-2.273435593E-1,8.653068542E-2,2.547561676E-1
2.991590704E1,-3.465382382E-2,-2.303261757E-1,7.214784622E-2,2.438367208E-1
2.992590495E1,5.681992043E-3,-2.318282127E-1,7.377672195E-2,2.433507961E-1
2.993590782E1,4.534889385E-2,-2.322125435E-1,6.515264511E-2,2.454058978E-1
2.994593646E1,8.277042955E-2,-2.463746071E-1,4.788398743E-2,2.642806601E-1
2.995590600E1,-3.771790117E-2,-3.165278435E-1,-1.190376282E-2,3.189893655E-1
2.996590417E1,9.861676693E-1,-3.395771980E-1,-5.844449997E-2,1.044631564E0
2.997590339E1,1.016084194E0,-3.522720337E-1,-9.932661057E-2,1.079994653E0
2.998590391E1,1.047857881E0,-3.610620499E-1,-1.302938461E-1,1.115951804E0
2.999590600E1,1.072981358E0,-3.712215424E-1,-1.720066071E-1,1.148338234E0
