"Time (s)","Linear Acceleration x (m/s^2)","Linear Acceleration y (m/s^2)","Linear Acceleration z (m/s^2)","Absolute acceleration (m/s^2)"
7.616371200E-2,0.000000000E0,0.000000000E0,0.000000000E0,0.000000000E0
8.616657700E-2,8.562046885E-1,8.935613632E-1,1.999999955E-2,1.237714983E0
9.616397200E-2,4.641364813E-1,2.303027153E0,-9.333332628E-2,2.351184351E0
1.061639720E-1,3.781023622E-1,3.268473625E0,-3.999999911E-2,3.290513825E0
1.161661600E-1,1.784888387E0,4.344863892E0,1.303851582E-9,4.697197972E0
1.261708990E-1,2.448738575E0,5.143223763E0,3.333333135E-2,5.696506156E0
1.362231390E-1,2.778342247E0,6.133420944E0,6.285714358E-2,6.733646051E0
1.461611600E-1,2.526331902E0,7.122893333E0,-8.500000089E-2,7.558120621E0
1.561871490E-1,2.299798489E0,6.436720848E0,-3.999999911E-2,6.835352834E0
1.661681390E-1,1.950026393E0,5.599305153E0,1.394295454E0,6.090885070E0
1.761657950E-1,7.647404671E-1,3.015092850E0,1.385627389E0,3.405227766E0
1.861652740E-1,6.358591318E-1,1.032756805E0,2.189300537E0,2.502786506E0
1.961657950E-1,4.661395550E-1,-5.703907013E-1,2.173139572E0,2.294595223E0
2.061626700E-1,-4.611738920E-1,-1.496478081E0,2.765458107E0,3.178031867E0
2.161702220E-1,-4.524577856E-1,-2.193969727E0,2.562343121E0,3.403501649E0
2.261639720E-1,-3.883486986E-1,-2.825201035E0,2.298328876E0,3.662634465E0
2.361657950E-1,3.148341179E-1,-3.929923058E0,2.071892738E0,4.453779887E0
2.461668370E-1,4.289252758E-1,-3.787149429E0,1.339272499E0,4.039817882E0
2.561650140E-1,1.177842140E0,-3.568879128E0,1.256556511E0,3.962719344E0
2.661603270E-1,1.180002928E0,-3.371435165E0,1.192320824E0,3.765715195E0
2.761629310E-1,1.191384554E0,-3.191843033E0,1.134308696E0,3.590809842E0
2.861590240E-1,1.182441711E0,-3.027667999E0,1.062934399E0,3.419761900E0
2.961628270E-1,1.076820135E0,-2.972552299E0,9.899606705E-1,3.312948974E0
3.061814720E-1,1.920645237E-1,-1.090953827E0,9.205522537E-1,1.440307427E0
3.161946490E-1,-8.098955154E-1,-5.208778381E-2,7.554336786E-1,1.108748811E0
3.261713680E-1,-2.112780094E0,8.068380356E-1,-1.403167248E-1,2.265947070E0
3.361717850E-1,-1.996010423E0,9.267473221E-1,-2.289887667E-1,2.212544703E0
3.461648060E-1,-2.079010010E0,1.738252640E0,-1.786654711E0,3.245911261E0
3.561767330E-1,-1.968699336E0,1.661386490E0,-1.686425209E0,3.078962834E0
3.661741290E-1,-1.827773571E0,-1.746740341E-1,-1.554605126E0,2.405839634E0
3.761743890E-1,-1.731905580E0,-1.484680176E0,-1.467273593E0,2.712317083E0
3.861767330E-1,-1.834575176E0,-2.968113899E0,-1.577962399E0,3.829534114E0
3.961762120E-1,-1.741793513E0,-2.861405373E0,-1.492728114E0,3.667386341E0
4.061730870E-1,-1.653170824E0,-3.990077019E0,-2.653578281E0,5.069039957E0
4.161790770E-1,-1.568360567E0,-4.028054237E0,-2.734713078E0,5.115039728E0
4.261759520E-1,-1.487053394E0,-4.759291649E0,-3.683839560E0,6.199424062E0
4.361759520E-1,-1.603709936E0,-4.664141178E0,-3.709260702E0,6.171281345E0
4.461764720E-1,-1.523614764E0,-4.518316269E0,-4.417602062E0,6.500137832E0
4.561717850E-1,-1.446524382E0,-4.315424919E0,-4.356927395E0,6.300646105E0
4.661741290E-1,-1.372218966E0,-3.483798027E0,-4.284660339E0,5.690179945E0
4.761667330E-1,-1.300499439E0,-3.293185234E0,-4.188466072E0,5.484488656E0
4.861550140E-1,-1.426534414E0,-1.947364807E0,-4.043446541E0,4.709213316E0
4.961546490E-1,-1.355022192E0,-1.883561134E0,-3.847537756E0,4.493042897E0
5.061622020E-1,-1.285799503E0,-1.822148323E0,-3.104088306E0,3.822155032E0
5.161684520E-1,-1.218716979E0,-1.762971878E0,-2.974997520E0,3.666599401E0
5.261775140E-1,-1.153637767E0,-1.705886841E0,-2.833756924E0,3.503014175E0
5.361754310E-1,-1.286270380E0,-1.748681068E0,-2.706489801E0,3.469504866E0
5.461782950E-1,-1.220836163E0,-1.693402290E0,-2.572304487E0,3.312823966E0
5.561657950E-1,-1.157219529E0,-1.639933586E0,-2.446939468E0,3.164814681E0
5.661631910E-1,-1.056503773E0,-1.569165230E0,-2.265884638E0,2.951730498E0
5.761648060E-1,-1.193550944E0,-1.618048668E0,-2.165507793E0,2.955007505E0
5.861657950E-1,-1.132188797E0,-1.568455696E0,-2.084596872E0,2.843844029E0
5.961650140E-1,-1.072330832E0,-1.520301819E0,-2.039875269E0,2.760851707E0
6.061637640E-1,-1.013896346E0,-1.473510742E0,-2.021571398E0,2.699253716E0
6.161655350E-1,-9.568104148E-1,-1.428009987E0,-2.021246910E0,2.653325793E0
6.261634520E-1,-1.097555041E0,-1.482009888E0,-2.012334824E0,2.729555242E0
6.361707430E-1,-1.039630294E0,-1.437230110E0,-2.000929117E0,2.673981838E0
6.461637120E-1,-9.829698205E-1,-1.393609047E0,-1.982625842E0,2.615182799E0
6.563067330E-1,-9.275112748E-1,-1.351091385E0,-1.953641176E0,2.549988028E0
6.661528270E-1,-8.731966019E-1,-1.309621811E0,-1.920382500E0,2.483032529E0
6.761598060E-1,-1.016796708E0,-1.367564201E0,-1.873885989E0,2.532894805E0
6.861616810E-1,-9.615342617E-1,-1.326508522E0,-1.825761080E0,2.453074910E0
6.961642330E-1,-9.073567986E-1,-1.286407471E0,-1.800500751E0,2.391640335E0
7.061707430E-1,-8.542150259E-1,-1.247220039E0,-1.790190578E0,2.343079905E0
7.161663160E-1,-8.020626307E-1,-1.208903313E0,-1.807319999E0,2.317575729E0
7.261642330E-1,-9.479146004E-1,-1.269948959E0,-1.828785300E0,2.419869443E0
7.361639720E-1,-8.947564363E-1,-1.231834412E0,-1.849163175E0,2.395289032E0
7.461686600E-1,-8.032809496E-1,-1.175047874E0,-1.890392780E0,2.366343731E0
7.561702220E-1,-7.526798844E-1,-1.139004707E0,-1.877421975E0,2.321329792E0
7.661657950E-1,-9.001773596E-1,-1.202305794E0,-1.843975306E0,2.378256384E0
7.761652740E-1,-8.485533595E-1,-1.166329384E0,-1.797774076E0,2.304855454E0
7.861648060E-1,-7.977726460E-1,-1.131044388E0,-1.730975628E0,2.216298542E0
7.961603270E-1,-7.478019595E-1,-1.096426010E0,-1.641669750E0,2.111027554E0
8.061670970E-1,-6.986097693E-1,-1.062445641E0,-1.547599077E0,2.002975100E0
8.161634520E-1,-8.476018906E-1,-1.127799034E0,-1.439875484E0,2.015837552E0
8.261652740E-1,-7.973791361E-1,-1.093776703E0,-8.352062106E-1,1.590512614E0
8.362624100E-1,-7.479118705E-1,-1.060354233E0,-7.920933962E-1,1.520241827E0
8.461616810E-1,-6.991721988E-1,-1.027510643E0,-7.391853333E-1,1.446034177E0
8.561497020E-1,-6.511335373E-1,-9.952230453E-1,-7.021192908E-1,1.381092065E0
8.661824620E-1,-8.013607860E-1,-1.062268257E0,-6.739581227E-1,1.491580541E0
8.761644930E-1,-7.522969842E-1,-1.029860497E0,-6.874734163E-1,1.448855787E0
8.861660560E-1,-7.039170265E-1,-9.979791641E-1,-7.273237109E-1,1.421429341E0
8.961673580E-1,-6.561970115E-1,-9.666080475E-1,-7.947604656E-1,1.413000295E0
9.061702220E-1,-6.091143489E-1,-9.357271194E-1,-8.714396954E-1,1.416337769E0
9.161637120E-1,-7.603743672E-1,-1.004184723E0,-1.462071061E0,1.929820697E0
9.261626700E-1,-6.690348387E-1,-9.481153488E-1,-1.537862301E0,1.926538550E0
9.361642330E-1,-6.185508966E-1,-9.126472473E-1,-1.581753016E0,1.928074898E0
9.461660560E-1,-5.689083934E-1,-8.777694702E-1,-1.611397743E0,1.921129535E0
9.561723060E-1,-7.167598605E-1,-9.418067932E-1,-1.633547664E0,2.017231445E0
9.661637120E-1,-6.654805541E-1,-9.064435959E-1,-1.639554262E0,1.988125383E0
9.761637120E-1,-6.150558591E-1,-8.716688156E-1,-1.641306520E0,1.957546251E0
9.861624100E-1,-5.654715896E-1,-8.374748230E-1,-1.624922276E0,1.913503227E0
9.961634520E-1,-5.167137384E-1,-8.038501740E-1,-1.597791433E0,1.861748010E0
1.006180379E0,-6.654351354E-1,-8.691196442E-1,-1.556646466E0,1.902976904E0
1.016284181E0,-6.150112748E-1,-8.349685669E-1,-1.508353233E0,1.830448265E0
1.026153243E0,-5.654277205E-1,-8.013849258E-1,-1.449185967E0,1.749876074E0
1.036151472E0,-5.166705847E-1,-7.683620453E-1,-1.395258307E0,1.674537091E0
1.046181993E0,-4.687260985E-1,-7.358884811E-1,-1.350775480E0,1.608051744E0
1.056176472E0,-6.182472706E-1,-8.022899628E-1,-1.333808303E0,1.674796543E0
1.066166837E0,-5.686098337E-1,-7.692518234E-1,-1.345375776E0,1.650788142E0
1.076163452E0,-5.197996497E-1,-7.367639542E-1,-1.391119361E0,1.657777390E0
1.086168920E0,-4.718029797E-1,-7.048187256E-1,-1.470997214E0,1.697998908E0
1.096164493E0,-4.246062636E-1,-6.734046936E-1,-2.176547050E0,2.317567998E0
1.106175691E0,-5.355294943E-1,-7.211818695E-1,-2.293226719E0,2.462881222E0
1.116162670E0,-4.872706532E-1,-6.894950867E-1,-2.340940475E0,2.488541435E0
1.126164233E0,1.155164957E0,-6.583375931E-1,-2.381941795E0,2.727904174E0
1.136162410E0,1.857309818E0,-6.326379776E-1,-2.421515703E0,3.116659890E0
1.146166316E0,1.998013258E0,-7.063312531E-1,-2.409564018E0,3.208887592E0
1.156168920E0,2.960763454E0,1.158766747E0,-2.348092079E0,3.952517807E0
1.166167879E0,2.993761778E0,1.283788681E0,-2.238881588E0,3.952633771E0
1.176160847E0,2.965858459E0,2.259534836E0,-1.560691833E0,4.041976382E0
1.186164233E0,2.846259594E0,2.390738487E0,-1.440142751E0,3.986331062E0
1.196256004E0,1.923797727E0,3.434430122E0,-7.361900806E-1,4.004782615E0
1.206165327E0,1.015052676E0,3.545362473E0,-6.399559975E-1,3.742922745E0
1.216149024E0,-6.636787057E-1,4.389975548E0,2.970933914E-2,4.439959164E0
1.226168087E0,-6.185243130E-1,4.434869766E0,1.225271225E-1,4.479470400E0
1.236163712E0,-1.904713154E0,4.459819794E0,1.554965496E0,5.092724466E0
1.246166577E0,-2.626276731E0,4.423676491E0,1.383624196E0,5.327350099E0
1.256175431E0,-2.755630970E0,4.319972992E0,1.412143469E0,5.315055773E0
1.266166577E0,-3.642037868E0,3.633152008E0,1.440526247E0,5.342223247E0
1.276168920E0,-3.689707041E0,3.465712547E0,1.468775988E0,5.270901669E0
1.286163191E0,-3.809647560E0,2.482089043E0,3.164185047E0,5.539516907E0
1.296161889E0,-3.867476940E0,2.417309761E0,3.169341564E0,5.553871651E0
1.306174129E0,-4.488563538E0,2.397811890E0,3.151465416E0,5.985686156E0
1.316162410E0,-4.512681007E0,2.432271004E0,3.128230810E0,6.005502486E0
1.326163972E0,-4.573399544E0,2.508703232E0,3.095514059E0,6.065623017E0
1.336162670E0,-4.641536236E0,2.592323303E0,3.035133839E0,6.121767405E0
1.346165014E0,-5.212627411E0,2.652915955E0,2.921582699E0,6.537973161E0
1.356167618E0,-5.129577637E0,2.698345184E0,1.252668977E0,5.929824030E0
1.366163712E0,-4.975057602E0,2.725713730E0,1.283164024E0,5.816117553E0
1.376232149E0,-3.775910854E0,2.756868362E0,1.313506007E0,4.856245873E0
1.386172097E0,-2.674322367E0,2.781561852E0,1.145147204E0,4.024978084E0
1.396148608E0,-1.221742392E0,2.781157494E0,1.176621079E0,3.257595530E0
1.406162149E0,-1.684937179E-1,2.778449059E0,-3.497563601E-1,2.805440931E0
1.416163972E0,2.074742317E0,2.807854652E0,-1.030710459E0,3.640187836E0
1.426163452E0,3.471788406E0,2.865155220E0,-1.147856712E0,4.645428312E0
1.436163972E0,4.543104172E0,2.907691002E0,-1.229202628E0,5.532214889E0
1.446168139E0,5.293228626E0,2.903276443E0,-1.293999791E0,6.174278813E0
1.456170222E0,5.344693184E0,2.833722115E0,-1.354117632E0,6.199141942E0
1.466164806E0,5.146311283E0,1.795256615E0,-1.254149795E0,5.592884573E0
1.476163712E0,3.774516821E0,1.105820656E0,-3.075454235E-1,3.945174361E0
1.486167358E0,2.799014568E0,2.529363632E-1,1.224160194E0,3.065457150E0
1.496164493E0,1.934882402E0,-1.395124435E0,1.255732417E0,2.695738490E0
1.506172045E0,1.226400614E0,-1.366018295E0,1.287151337E0,2.242057763E0
1.516165274E0,1.111875176E0,-2.580554008E0,2.258366585E0,3.604961169E0
1.526166316E0,9.968324900E-1,-3.432911873E0,2.349875212E0,4.277905147E0
1.536161368E0,9.252964258E-1,-4.274169922E0,2.972395897E0,5.287706437E0
1.546165014E0,9.208856821E-1,-5.087828159E0,2.961612701E0,5.958621956E0
1.556219181E0,9.748404622E-1,-5.807313442E0,2.954846859E0,6.588347540E0
1.566168712E0,1.079505444E0,-6.438870907E0,2.936969042E0,7.158922943E0
1.576150691E0,1.781746149E0,-6.554813862E0,2.875331402E0,7.376159893E0
1.586162722E0,1.832551241E0,-7.648101807E0,2.824453354E0,8.356389295E0
1.596175170E0,1.855858445E0,-7.756484032E0,2.831732273E0,8.463212320E0
1.606162202E0,1.879623413E0,-8.762282372E0,2.874963760E0,9.411481985E0
1.616172827E0,1.884275913E0,-8.835005760E0,2.925063610E0,9.495463107E0
1.626180639E0,1.852808475E0,-9.492894173E0,2.966486454E0,1.011671789E1
1.636171264E0,1.780207157E0,-9.500846863E0,3.000346899E0,1.012113186E1
1.646178816E0,8.672055006E-1,-1.053730011E1,3.107128143E0,1.102002651E1
1.656175691E0,7.797343731E-1,-1.043444252E1,3.755702972E0,1.111714357E1
1.666173868E0,6.835901141E-1,-1.053138065E1,3.796842575E0,1.121576067E1
1.676175691E0,-5.852111578E-1,-1.042930126E1,3.878705263E0,1.114258280E1
1.686173347E0,-5.420039892E-1,-1.032818794E1,4.600753784E0,1.131954813E1
1.696172566E0,-4.990682900E-1,-1.022802353E1,4.625681877E0,1.123647931E1
1.706173868E0,-4.563993216E-1,-1.012879086E1,4.644143581E0,1.115207488E1
1.716164910E0,-6.128363013E-1,-1.022931767E1,4.681374073E0,1.126631135E1
1.726171785E0,-5.695441961E-1,-1.013075829E1,4.695904255E0,1.118070484E1
1.736195952E0,-5.265182257E-1,-1.003309727E1,4.671181202E0,1.107972003E1
1.746169233E0,-4.837539494E-1,-8.719686508E0,4.626975536E0,9.883109495E0
1.756150118E0,-4.412468672E-1,-8.650691986E0,4.595133305E0,9.805326141E0
1.766162410E0,-5.978690386E-1,-8.594583511E0,4.588721275E0,9.761182104E0
1.776177514E0,1.021690607E0,-8.539999008E0,4.643485546E0,9.774323136E0
1.786177514E0,1.082397938E0,-8.442897797E0,4.736826897E0,9.741233882E0
1.796175691E0,1.158899426E0,-8.304012299E0,5.529583931E0,1.004370283E1
1.806165014E0,1.253979206E0,-7.578562260E0,5.593785763E0,9.502500141E0
1.816165274E0,1.977755666E0,-7.453590870E0,6.367935181E0,1.000090660E1
1.826164806E0,2.133655548E0,-5.682306290E0,8.197838783E0,1.020027703E1
1.836163712E0,3.064850330E0,-4.292490959E0,1.025562668E1,1.153241799E1
1.846167358E0,4.006042957E0,-2.965281487E0,1.022067738E1,1.137117059E1
1.856175691E0,5.224794388E0,-2.180247307E0,1.182195377E1,1.310765218E1
1.866162670E0,6.441835880E0,-2.165270805E0,1.279051208E1,1.448388230E1
1.876163972E0,7.615906239E0,-2.258226395E0,1.368773270E1,1.582579036E1
1.886162149E0,9.066192627E0,-3.234100342E0,1.375616074E1,1.678949707E1
1.896165274E0,9.038868904E0,-4.201374054E0,1.368996811E1,1.693422339E1
1.906168920E0,8.912449837E0,-5.511127472E0,1.343346882E1,1.703708815E1
1.916179233E0,8.886405945E0,-7.007493019E0,1.177065277E1,1.632854665E1
1.926165066E0,7.222138405E0,-8.143949509E0,1.074475765E1,1.529486887E1
1.936168347E0,6.077288151E0,-8.209904671E0,9.617266655E0,1.402953256E1
1.946167931E0,5.082417011E0,-8.120750427E0,9.588347435E0,1.355411217E1
1.956172306E0,4.106132030E0,-7.083402634E0,9.460325241E0,1.251130156E1
1.966164233E0,3.278251171E0,-5.681110382E0,9.432684898E0,1.148901607E1
1.976167097E0,3.097493172E0,-4.129735947E0,9.405422211E0,1.072898643E1
1.986164806E0,2.143071175E0,-2.840006828E0,9.378529549E0,1.003071330E1
1.996166056E0,2.052315235E0,-1.937494278E0,9.352002144E0,9.768614334E0
2.006168920E0,1.289493918E0,-1.725857735E0,6.924885750E0,7.252270137E0
2.016164233E0,4.214192629E-1,-1.660934448E0,5.782023430E0,6.030596354E0
2.026168660E0,3.167214394E-1,-1.686425209E0,4.574488640E0,4.885722953E0
2.036165014E0,2.204862833E-1,-1.780871391E0,3.513476372E0,3.945203839E0
2.046160847E0,1.658515930E-1,-2.575158119E0,2.684174776E0,3.723404399E0
2.056172306E0,1.816511154E-1,-2.649900913E0,2.516070843E0,3.658631501E0
2.066164233E0,2.630572319E-1,-2.726991653E0,1.514559984E0,3.130427212E0
2.076164806E0,3.248376846E-1,-2.789840698E0,1.464009523E0,3.167341871E0
2.086161889E0,3.962440491E-1,-2.817561150E0,1.432265520E0,3.185442622E0
2.096178399E0,4.184690118E-1,-2.796996117E0,8.817799091E-1,2.962404327E0
2.106162774E0,3.998361230E-1,-2.699420929E0,9.621353149E-1,2.893518039E0
2.116167618E0,3.548776507E-1,-1.985682487E0,1.029261112E0,2.264564312E0
2.126169129E0,3.083055615E-1,-1.838075638E0,1.072071910E0,2.150095940E0
2.136163972E0,2.615912557E-1,-7.246646881E-1,1.139718056E0,1.375691151E0
2.146168139E0,2.655550241E-1,6.354551315E-1,1.748114675E-1,7.105503108E-1
2.156180639E0,3.297535777E-1,6.518926620E-1,3.580041826E-1,8.135529851E-1
2.166168139E0,4.695172310E-1,6.718454361E-1,5.559459925E-1,9.904032849E-1
2.176167879E0,1.219187975E0,1.793915749E0,7.544440627E-1,2.296462252E0
2.186163452E0,2.731028318E0,1.951033592E0,8.148661256E-1,3.453846342E0
2.196163191E0,3.560657978E0,2.018139839E0,1.064929247E0,4.229095405E0
2.206174649E0,4.343760490E0,2.058314323E0,1.336034179E0,4.988977889E0
2.216163972E0,4.620828629E0,2.071849823E0,1.140737534E-1,5.065336289E0
2.226165274E0,5.685097694E0,2.072584152E0,2.726520300E-1,6.057250201E0
2.236162670E0,5.845623016E0,2.073757172E0,4.024089575E-1,6.215602161E0
2.246164493E0,5.953495502E0,2.088945389E0,5.393083096E-1,6.332349879E0
2.256168399E0,5.977646828E0,2.105540276E0,6.952497959E-1,6.375651632E0
2.266165014E0,5.909782887E0,2.117817879E0,8.761425018E-1,6.338636448E0
2.276170118E0,5.766079903E0,2.107211113E0,1.108586788E0,6.238347601E0
2.286175795E0,4.749262810E0,2.094224930E0,1.426168323E0,5.382864607E0
2.296154754E0,4.570562363E0,1.116308212E0,1.746683955E0,5.018674046E0
2.306172045E0,3.495326757E0,1.215443611E0,3.485348225E0,5.083528751E0
2.316165535E0,3.304881096E0,1.316206932E0,3.715427637E0,5.143835366E0
2.326163712E0,2.168928862E0,1.418504715E0,3.936939716E0,4.713374838E0
2.336165535E0,1.990928173E0,1.422618866E0,3.951291084E0,4.647616665E0
2.346168399E0,1.090922832E0,1.527012825E0,4.156119347E0,4.560176402E0
2.356172827E0,-6.439289451E-2,2.286090851E-1,4.329194546E0,4.335704553E0
2.366165014E0,-2.897822857E-2,1.910943985E-1,4.451550007E0,4.455743964E0
2.376168139E0,-1.922059208E-1,-5.094280243E-1,4.369275570E0,4.403070410E0
2.386162931E0,-1.120975614E-1,-5.630750656E-1,4.475136280E0,4.511813839E0
2.396164806E0,-3.062307462E-2,-1.201653481E0,4.576595306E0,4.731821368E0
2.406168660E0,8.280138671E-2,-1.252078533E0,4.668646336E0,4.834337114E0
2.416166056E0,1.807166040E-1,-1.829870701E0,4.749448776E0,5.092970543E0
2.426163452E0,1.186176091E-1,-1.861842155E0,4.620148659E0,4.982599721E0
2.436161889E0,2.522956133E-1,-1.859637737E0,4.689647675E0,5.051207866E0
2.446178035E0,3.783839643E-1,-1.812022686E0,4.751900196E0,5.099721180E0
2.456163243E0,5.027505159E-1,-1.698132038E0,4.811323166E0,5.126913409E0
2.466296733E0,6.168194413E-1,-1.018603325E0,4.866132736E0,5.009717234E0
2.476161160E0,5.343209505E-1,-8.594398499E-1,4.719272614E0,4.826558788E0
2.486164285E0,6.528664827E-1,3.247122765E-1,3.799343109E0,3.868679460E0
2.496161941E0,7.700108886E-1,2.151315689E0,3.774228096E0,4.412014697E0
2.506171524E0,8.860488534E-1,2.189384937E0,3.738379717E0,4.421987323E0
2.516166577E0,1.000132442E0,2.227505684E0,3.668976784E0,4.407202867E0
2.526170483E0,9.158280492E-1,3.936679840E0,3.595213890E0,5.409413286E0
2.536163972E0,1.084703684E0,4.772727966E0,2.831253529E0,5.654335581E0
2.546161368E0,1.219728589E0,4.812416077E0,2.780941486E0,5.690406126E0
2.556175691E0,1.348465681E0,4.764191628E0,1.974892855E0,5.330673817E0
2.566165014E0,1.278726459E0,4.016807556E0,1.949779034E0,4.644515322E0
2.576163972E0,1.419744134E0,3.939119816E0,1.926489592E0,4.609088899E0
2.586163712E0,1.552132010E0,2.449811459E0,1.946359158E0,3.492707250E0
2.596163191E0,1.672882915E0,2.540211201E0,2.055351496E0,3.670923584E0
2.606167931E0,1.788229108E0,2.628810406E0,2.263562679E0,3.902835315E0
2.616163972E0,1.698624611E0,2.616421700E0,3.346586943E0,4.575000792E0
2.626188452E0,1.806402087E0,2.700539112E0,3.558682442E0,4.818736423E0
2.636161264E0,1.909541249E0,2.781071663E0,5.504028797E0,6.455620836E0
2.646170587E0,2.007040977E0,2.857986927E0,5.585741520E0,6.587625603E0
2.656163452E0,2.091791630E0,2.929961681E0,5.664130211E0,6.711381283E0
2.666163712E0,1.973941207E0,2.899932384E0,5.540159225E0,6.557393992E0
2.676162931E0,2.054890156E0,2.964987755E0,5.609440327E0,6.669298818E0
2.686162670E0,2.136411428E0,3.023684978E0,5.669868946E0,6.771583161E0
2.696163972E0,2.221276760E0,3.059981823E0,4.571391582E0,5.932552587E0
2.706173347E0,2.301314592E0,3.094948292E0,3.901265383E0,5.485856849E0
2.716169962E0,2.220525742E0,3.049091339E0,3.908715963E0,5.431919831E0
2.726163191E0,2.302124500E0,3.082222939E0,3.959982157E0,5.520990322E0
2.736171785E0,2.383027554E0,4.569029808E0,4.046545506E0,6.552051910E0
2.746163972E0,2.460535765E0,4.632983208E0,5.714841843E0,7.757460083E0
2.756168139E0,2.346564770E0,4.682448387E0,5.506841660E0,7.599802246E0
2.766163712E0,2.433091402E0,4.728658199E0,5.498782635E0,7.649624344E0
2.776165795E0,2.517181873E0,4.791391850E0,5.491662025E0,7.710511801E0
2.786162931E0,2.597691774E0,5.388510227E0,5.486188412E0,8.116791750E0
2.796163191E0,2.683879852E0,5.449948311E0,5.476982117E0,8.179393667E0
2.806194910E0,2.563248158E0,5.550063610E0,6.401796341E0,8.851917509E0
2.816181941E0,3.937609673E0,6.374289036E0,7.096846581E0,1.031995940E1
2.826153920E0,4.122292995E0,6.423002720E0,7.161537170E0,1.046593895E1
2.836165483E0,5.271353722E0,6.476790428E0,7.896650314E0,1.149317495E1
2.846172306E0,5.431566238E0,6.554234982E0,7.904154778E0,1.161617711E1
2.856175691E0,6.163289547E0,7.250528812E0,7.859495163E0,1.234212179E1
2.866174389E0,6.149731636E0,7.275811672E0,7.730638981E0,1.226863537E1
2.876172306E0,6.010507584E0,7.291963577E0,7.537262917E0,1.208756661E1
2.886175431E0,5.095885277E0,7.829580784E0,6.790418625E0,1.154903317E1
2.896173868E0,4.931058884E0,7.839038372E0,5.817519188E0,1.093660797E1
2.906174910E0,4.886178493E0,7.803135872E0,4.580598831E0,1.028326579E1
2.916172827E0,4.922368050E0,7.736477375E0,4.524333477E0,1.022508596E1
2.926173087E0,5.062809944E0,7.634162426E0,4.474027157E0,1.019457696E1
2.936175691E0,6.345713139E0,7.476783752E0,4.430131435E0,1.076087520E1
2.946209024E0,7.162101746E0,6.535237789E0,4.194152355E0,1.056389835E1
2.956172827E0,7.250093460E0,5.638478756E0,4.170846939E0,1.008723263E1
2.966173608E0,7.272799492E0,4.568736076E0,5.344949722E0,1.011609852E1
2.976174389E0,7.218300819E0,3.432049751E0,5.369081497E0,9.628596385E0
2.986161941E0,7.080320358E0,2.085334778E0,5.426033974E0,9.160862525E0
2.996155952E0,6.859369278E0,1.978590965E0,6.052243233E0,9.359242344E0
3.006172931E0,5.882719040E0,3.293857574E-1,6.117787361E0,8.493656484E0
3.016161420E0,5.694638252E0,-4.874925613E-1,6.179255009E0,8.417229133E0
3.026163504E0,5.491794109E0,-6.466183662E-1,6.212349415E0,8.316922694E0
3.036176472E0,4.777849197E0,-1.498693466E0,6.205868721E0,7.974128895E0
3.046185587E0,4.619456291E0,-1.580696106E0,6.198064804E0,7.890119386E0
3.056165274E0,4.401524067E0,-1.697333336E0,6.196541786E0,7.787906309E0
3.066164233E0,3.461346626E0,-2.485731602E0,6.166480064E0,7.495682654E0
3.076167879E0,1.474151850E0,-3.733308315E0,5.984552383E0,7.205940735E0
3.086161108E0,1.193218350E0,-4.510970116E0,5.875421047E0,7.502879041E0
3.096177774E0,1.122066140E0,-5.350366592E0,5.810733795E0,7.978100171E0
3.106164493E0,1.051530600E0,-6.141086578E0,5.775111675E0,8.495326705E0
3.116162931E0,9.874112010E-1,-6.886672497E0,5.732875824E0,9.014826907E0
3.126163191E0,9.300852418E-1,-7.829711914E0,5.671529293E0,9.712656266E0
3.136163191E0,6.765706539E-1,-7.978895664E0,5.608623505E0,9.776358294E0
3.146208243E0,6.673914790E-1,-7.924903393E0,5.561916351E0,9.704865721E0
3.156168399E0,6.535828114E-1,-7.871927261E0,5.555106640E0,9.656791345E0
3.166272670E0,6.343905926E-1,-8.937622070E0,5.557025909E0,1.054343761E1
3.176159858E0,6.148508787E-1,-9.544311523E0,5.542543888E0,1.105403622E1
3.186148660E0,3.954311013E-1,-9.613752365E0,5.527642727E0,1.109664068E1
3.196180899E0,3.736245036E-1,-9.705994606E0,5.538804054E0,1.118142553E1
3.206165535E0,3.538116217E-1,-1.033636951E1,5.590486526E0,1.175666862E1
3.216163712E0,1.574428916E0,-1.036138153E1,6.398594379E0,1.227921266E1
3.226164233E0,1.623178720E0,-1.035894394E1,6.447610855E0,1.230910697E1
3.236165014E0,2.257654428E0,-1.033627510E1,7.206913471E0,1.280137447E1
3.246204077E0,2.245155811E0,-1.030628300E1,7.213388920E0,1.277862174E1
3.256168399E0,2.255251884E0,-1.018744850E1,8.136982918E0,1.323180861E1
3.266161889E0,2.151567936E0,-9.522584915E0,9.125098228E0,1.336324383E1
3.276162670E0,2.081057549E0,-9.437460899E0,9.074073792E0,1.325651854E1
3.286164233E0,2.011636257E0,-7.950507164E0,9.695837021E0,1.269907477E1
3.296166837E0,2.484836817E0,-7.947426319E0,9.493797302E0,1.262807136E1
3.306165795E0,2.315174103E0,-7.945077896E0,1.000148106E1,1.298129105E1
3.316164233E0,2.198107004E0,-5.691080570E0,1.226615715E1,1.369958699E1
3.326162410E0,4.791203022E0,-2.172034264E0,1.532339859E1,1.620123155E1
3.336163712E0,8.462646484E0,1.709861755E0,1.481603146E1,1.714802615E1
3.346271889E0,8.329323769E0,3.017696381E0,1.319429588E1,1.589256335E1
3.356168191E0,9.728864670E0,3.081945419E0,1.289370060E1,1.644374381E1
3.366150431E0,1.025411129E1,1.836340904E0,1.365259266E1,1.717300884E1
3.376164285E0,1.029711628E1,1.817672253E0,1.326581573E1,1.689131147E1
3.386165014E0,1.027742767E1,8.907098770E-1,1.296938419E1,1.657177752E1
3.396168660E0,1.062166405E1,-8.439631462E-1,1.122024536E1,1.547339416E1
3.406165274E0,7.382608414E0,-3.424410343E0,7.765443802E0,1.124862706E1
3.416167879E0,5.117938042E0,-5.840738297E0,7.633327961E0,1.088922446E1
3.426167097E0,3.389535427E0,-7.526027679E0,8.993915558E0,1.220739776E1
3.436165535E0,8.941149712E-1,-4.798475266E0,7.350285530E0,8.823349921E0
3.446204597E0,-1.885890961E-1,-3.055852890E0,7.276742935E0,7.894605150E0
3.456168139E0,-3.779692650E-1,-1.568576813E0,5.941784859E0,6.156955521E0
3.466165795E0,-1.198449612E0,-8.092913628E-1,4.474432945E0,4.702316893E0
3.476164806E0,-1.350303173E0,-6.978483200E-1,3.115093946E0,3.466139240E0
3.486164233E0,-1.415696502E0,-6.042356491E-1,1.994160891E0,2.519121863E0
3.496170743E0,-1.375413775E0,-5.052523613E-1,9.754250050E-1,1.760254795E0
3.506164233E0,-1.244203806E0,-4.181532860E-1,-1.781201363E-2,1.312711906E0
3.516163712E0,-1.059619188E0,-3.489995003E-1,-8.998258114E-1,1.433275956E0
3.526175222E0,-3.806419373E-1,-3.158898354E-1,-1.597448826E0,1.672279111E0
3.536166108E0,-3.423376083E-1,-2.976264954E-1,-1.680724382E0,1.740865020E0
3.546231108E0,-3.682143688E-1,-2.687344551E-1,-1.736588717E0,1.795422067E0
3.556163504E0,-1.016383767E0,2.871880531E-1,-2.721243620E0,2.919020346E0
3.566160639E0,-1.095989704E0,3.296523094E-1,-2.784071922E0,3.010136300E0
3.576165274E0,-2.757724285E0,1.067087173E0,-2.625445366E0,3.954324422E0
3.586162931E0,-2.661583900E0,1.163629055E0,-2.450075865E0,3.800122785E0
3.596173087E0,-2.564545155E0,2.340157509E0,-2.257387877E0,4.141138617E0
3.606170483E0,-2.456848621E0,2.284611702E0,-2.047450542E0,3.930344705E0
3.616165795E0,-2.507899523E0,3.455705166E0,-1.969727278E0,4.702263684E0
3.626162149E0,-2.374948978E0,4.005318642E0,-1.718958735E0,4.963645757E0
3.636167618E0,-2.179014921E0,3.941501617E0,-1.482646465E0,4.741495710E0
3.646171524E0,-9.016828537E-1,3.853112698E0,-2.647638321E0,4.761249637E0
3.656165014E0,-5.620471239E-1,3.735160828E0,-2.503092766E0,4.531312919E0
3.666167618E0,7.923357487E-1,3.591777802E0,-2.370652199E0,4.375917682E0
3.676162670E0,1.152365923E0,3.439431190E0,-2.745744705E0,4.549367881E0
3.686163712E0,2.400270462E0,2.751053810E0,-2.558485985E0,4.458188633E0
3.696171004E0,2.708025932E0,2.645297050E0,-2.397594452E0,4.481011057E0
3.706170587E0,3.504426241E0,2.528927803E0,-2.264739275E0,4.879090396E0
3.716326785E0,3.675071478E0,1.493680954E0,-2.067438126E0,4.473425261E0
3.726169493E0,3.770462990E0,1.514234543E0,-1.825783730E0,4.454523952E0
3.736165274E0,3.808106899E0,1.542598724E0,-1.544228435E0,4.389297260E0
3.746171264E0,3.752273560E0,1.582697868E0,-1.198631406E0,4.245139180E0
3.756166837E0,3.110751152E0,-3.637447357E-1,-3.034547567E-1,3.146612107E0
3.766163452E0,3.000114441E0,-4.767622948E-1,-3.149855137E-2,3.037923815E0
3.776164806E0,2.140908480E0,-1.469784737E0,2.169591188E-1,2.605921632E0
3.786167358E0,1.114823937E0,-2.200586319E0,5.001544952E-1,2.517055239E0
3.796181420E0,9.608568549E-1,-2.192628384E0,7.043131590E-1,2.495380161E0
3.806165014E0,-7.013898492E-1,-2.178089142E0,8.615487814E-1,2.445053442E0
3.816163452E0,-6.964209676E-1,-2.151546955E0,9.943263531E-1,2.470392957E0
3.826161889E0,-6.890458465E-1,-2.108336449E0,1.133213162E0,2.490790804E0
3.836165274E0,-6.641467810E-1,-2.049825668E0,1.298537612E0,2.515765519E0
3.846168660E0,-1.980844498E0,-1.950287819E0,2.510925293E0,3.745946253E0
3.856163712E0,-2.076298237E0,-1.823863029E0,2.633561850E0,3.817478059E0
3.866164233E0,-2.788077831E0,-1.004161835E0,2.753727436E0,4.045334816E0
3.876184806E0,-2.773245811E0,-8.445305824E-1,2.867357492E0,4.077482462E0
3.886170587E0,-2.756234884E0,3.417000771E-1,2.976729393E0,4.071180119E0
3.896201837E0,-2.733566046E0,2.038752079E0,2.881477594E0,4.464505179E0
3.906193868E0,-2.699914932E0,2.058755398E0,2.939225435E0,4.490775054E0
3.916166368E0,-2.578003645E0,3.215867519E0,2.991384745E0,5.092768342E0
3.926165795E0,-2.410050392E0,3.351806641E0,1.276230097E0,4.321077864E0
3.936164493E0,-2.155968666E0,4.025709629E0,1.945877075E-1,4.570820854E0
3.946171264E0,-1.827515125E0,4.068192482E0,-7.987837791E-1,4.530789901E0
3.956165535E0,-6.883108020E-1,4.124406338E0,-9.292304516E-1,4.283452887E0
3.966167618E0,7.805284858E-1,4.296598911E0,-7.829129696E-1,4.436545913E0
3.976163712E0,2.068767548E0,4.922022343E0,4.291038513E-1,5.356326467E0
3.986164493E0,3.069695950E0,5.036493301E0,1.515260935E0,6.089771235E0
3.996168920E0,4.054166794E0,5.717376709E0,3.220135450E0,7.713231304E0
4.006166316E0,4.890241146E0,5.883255482E0,3.324624300E0,8.341479501E0
4.016166837E0,5.093709469E0,6.665233612E0,3.425934076E0,9.061359697E0
4.026162670E0,5.946101665E0,6.711845875E0,4.498408794E0,1.003198294E1
4.036165535E0,5.963370800E0,6.668619633E0,4.540418625E0,1.003233175E1
4.046172827E0,5.937588215E0,5.947666645E0,3.501619577E0,9.104451219E0
4.056209493E0,5.883651257E0,5.144106388E0,3.533245087E0,8.576887750E0
4.066172149E0,5.762108326E0,4.338960648E0,3.566977262E0,8.046850232E0
4.076182254E0,5.575586796E0,4.156999588E0,3.600573301E0,7.831471240E0
4.086163243E0,4.614453793E0,2.203341007E0,3.434494734E0,6.159841676E0
4.096178556E0,4.383797646E0,2.211064339E0,3.470580816E0,6.012604969E0
4.106174389E0,3.124323130E0,3.253974438E0,4.614698410E0,6.453308150E0
4.116177254E0,2.319981098E0,4.026933670E0,4.745103359E0,6.641875712E0
4.126173868E0,1.011390924E0,4.872567654E0,5.336672306E0,7.296910198E0
4.136175952E0,8.074382544E-1,5.683149815E0,5.304979801E0,7.816198503E0
4.146174389E0,8.562660813E-1,6.596947193E0,5.195459366E0,8.440716906E0
4.156172566E0,8.783608675E-1,7.503420353E0,5.018033981E0,9.069371524E0
4.166175431E0,9.419832230E-1,7.548587322E0,3.368478060E0,8.319564135E0
4.176172045E0,2.683668613E0,7.567066669E0,3.156228304E0,8.626954985E0
4.186174649E0,4.169585705E0,7.551609039E0,3.146485567E0,9.182190123E0
4.196173347E0,5.655952454E0,7.526414394E0,3.139656782E0,9.924422225E0
4.206173347E0,6.960847378E0,7.511933327E0,3.135767698E0,1.071053582E1
4.216173087E0,7.941997528E0,7.512329102E0,3.134638309E0,1.137261494E1
4.226172566E0,8.076881409E0,7.515385151E0,2.936985254E0,1.141678193E1
4.236178764E0,8.110610962E0,7.487586975E0,2.976266384E0,1.143259072E1
4.246180222E0,7.965716839E0,7.363603592E0,3.017230749E0,1.125961740E1
4.256175274E0,6.753936768E0,6.289234161E0,3.065701485E0,9.724641576E0
4.266168712E0,5.584183693E0,5.214178562E0,3.116391897E0,8.251221973E0
4.276175170E0,4.395727158E0,3.908820629E0,4.595313549E0,7.464462644E0
4.286173087E0,3.337500811E0,1.783373356E0,4.644022942E0,5.990515944E0
4.296170483E0,2.573393822E0,1.802319050E0,4.678176880E0,5.635250539E0
4.306168660E0,2.396609783E0,-2.519869804E-1,4.727850914E0,5.306581777E0
4.316164493E0,2.225527763E0,-1.597479343E0,4.779442310E0,5.508900333E0
4.326165535E0,1.981887817E0,-4.044992447E0,4.746723652E0,6.543793139E0
4.336163972E0,1.832790375E0,-5.121089935E0,4.685193062E0,7.178838117E0
4.346166577E0,3.650921881E-1,-6.143757820E0,4.622630596E0,7.697257050E0
4.356168139E0,3.726574779E-1,-7.874964237E0,4.557054043E0,9.106079117E0
4.366164233E0,1.708508879E-1,-8.020530701E0,4.515622139E0,9.205919077E0
4.376161368E0,1.616569161E-1,-7.966341496E0,4.505581379E0,9.153632795E0
4.386164806E0,1.488585323E-1,-8.923360825E0,4.520385742E0,1.000411988E1
4.396163712E0,1.335430145E-1,-8.996503830E0,4.536174297E0,1.007629853E1
4.406163452E0,1.097992063E-1,-9.058572769E0,4.520423889E0,1.012442732E1
4.416167774E0,-8.513692766E-2,-9.096485138E0,4.436983109E0,1.012127014E1
4.426155327E0,-8.942266554E-2,-9.105242729E0,4.290052891E0,1.006568405E1
4.436182670E0,-9.417632222E-2,-9.126053810E0,2.754663467E0,9.533199785E0
4.446166108E0,-1.054169163E-1,-9.137168884E0,2.758286476E0,9.545004569E0
4.456162462E0,-1.236420274E-1,-9.156244278E0,2.756378651E0,9.562934690E0
4.466169441E0,-3.425598145E-1,-9.200965881E0,2.552383900E0,9.554568747E0
4.476167097E0,-3.625789881E-1,-9.258449554E0,2.545165300E0,9.608757364E0
4.486165535E0,-3.830408156E-1,-9.332323074E0,4.187494278E0,1.023592119E1
4.496166577E0,-4.042804539E-1,-9.949095726E0,4.285784721E0,1.084047504E1
4.506169702E0,6.720723510E-1,-1.002173519E1,5.523491859E0,1.146280157E1
4.516163712E0,7.410669327E-1,-1.001140022E1,6.444701195E0,1.192943788E1
4.526165795E0,1.666697025E0,-9.952511787E0,6.495901585E0,1.200112942E1
4.536170743E0,1.749435544E0,-9.841304779E0,7.378559113E0,1.242396632E1
4.546163972E0,2.666685343E0,-9.105136871E0,7.410528183E0,1.203871489E1
4.556166056E0,2.677956104E0,-9.021033287E0,8.149366379E0,1.244840001E1
4.566163452E0,2.630243063E0,-8.923679352E0,8.108280182E0,1.234076332E1
4.576162670E0,2.455832481E0,-7.737300873E0,1.118992233E1,1.382430106E1
4.586163191E0,3.965927124E0,-3.558864594E0,1.503025818E1,1.594687292E1
4.596295952E0,8.253674507E0,3.554210663E-1,1.473787498E1,1.689539659E1
4.606156889E0,9.411611557E0,3.842615604E0,1.364477444E1,1.701540467E1
4.616148660E0,1.079944229E1,6.439154148E0,1.332427692E1,1.832012597E1
4.626162202E0,1.187449646E1,7.410281181E0,1.382270336E1,1.967188505E1
4.636164754E0,1.178471565E1,7.365741730E0,1.328105450E1,1.922290516E1
4.646161160E0,1.167999840E1,5.743427753E0,1.282776451E1,1.827459623E1
4.656176993E0,1.152599144E1,3.852795601E0,1.093139648E1,1.634588455E1
4.666166056E0,9.754082680E0,1.869273186E-1,7.639678478E0,1.239119679E1
4.676164754E0,6.227721214E0,-3.023203373E0,6.515407562E0,9.506566460E0
4.686168660E0,4.162230492E-1,-6.681630135E0,7.443462372E0,1.001112156E1
4.696166316E0,-1.893238306E0,-6.704475880E0,6.013286591E0,9.202932344E0
4.706166837E0,-4.094289780E0,-4.794459343E0,5.843957901E0,8.596621030E0
4.716167045E0,-4.170847893E0,-2.171729088E0,4.418849945E0,6.452798944E0
4.726167879E0,-4.266949177E0,1.327362061E-1,3.452571869E0,5.490421358E0
4.736165014E0,-4.292151928E0,1.533177376E0,2.445236683E0,5.172270630E0
4.746162149E0,-4.439985752E0,1.677514076E0,1.407852650E0,4.950714700E0
4.756163191E0,-4.347800255E0,1.704050064E0,5.134935379E-1,4.697960120E0
4.766163712E0,-2.747632027E0,1.649716854E0,-2.661631107E-1,3.215880945E0
4.776255639E0,-2.492741108E0,1.545743942E0,-4.864866734E-1,2.973172018E0
4.786178087E0,-1.320213318E0,1.385660648E0,-1.497131109E0,2.429901273E0
4.796151108E0,-1.151469231E0,5.926346779E-1,-1.547518253E0,2.017897419E0
4.806165066E0,-1.044717312E0,4.749417305E-1,-1.571299195E0,1.945760795E0
4.816166316E0,-1.023084879E0,3.706579208E-1,-1.563914180E0,1.905234244E0
4.826162670E0,-1.079341412E0,3.174333572E-1,-1.529937506E0,1.899065715E0
4.836165795E0,-1.871994257E0,3.446564674E-1,-1.481378555E0,2.411976991E0
4.846162670E0,-1.917790890E0,1.154033184E0,-2.500144243E0,3.355657271E0
4.856168920E0,-3.603637457E0,1.880730629E0,-2.311878681E0,4.676337633E0
4.866163191E0,-3.456936121E0,2.881144047E0,-2.084030867E0,4.959292592E0
4.876165014E0,-3.348360300E0,4.205173969E0,-1.897428155E0,5.700459491E0
4.886166316E0,-3.437037945E0,4.259742737E0,-1.911987543E0,5.797787025E0
4.896163452E0,-3.323302269E0,4.276355743E0,-1.728313327E0,5.684947086E0
4.906166056E0,-3.197962999E0,4.217511177E0,-1.502845407E0,5.502082532E0
4.916162670E0,-1.160529256E0,4.059371471E0,-1.274746776E0,4.410249907E0
4.926162149E0,-8.735024929E-1,3.839655399E0,-1.049739480E0,4.075280747E0
4.936163191E0,2.719359398E-1,2.198694229E0,-1.004355192E0,2.432475040E0
4.946163712E0,5.443830490E-1,2.134322166E0,-1.790462017E0,2.838562708E0
4.956202879E0,1.366688013E0,2.080613613E0,-1.665427446E0,2.995068899E0
4.966169493E0,1.587816000E0,2.037347794E0,-1.549542665E0,3.012146768E0
4.976153347E0,1.747406483E0,2.017775536E0,-1.431097984E0,3.028677759E0
4.986159858E0,1.877231121E0,1.905910015E0,-1.312704921E0,2.979879843E0
4.996163452E0,1.954912424E0,1.907112122E0,-1.182886124E0,2.976235678E0
5.006162931E0,1.977564812E0,1.916958809E0,-1.050779581E0,2.947818072E0
5.016165014E0,1.947650433E0,1.936122894E0,-8.547976017E-1,2.876211572E0
5.026164233E0,1.876436114E0,1.959191799E0,-6.383664608E-1,2.786926037E0
5.036166837E0,1.252023220E0,1.885914326E0,-4.134606123E-1,2.301126825E0
5.046165795E0,4.833294153E-1,5.374398232E-1,-1.649791002E-1,7.413952999E-1
5.056167358E0,3.890726566E-1,4.456243515E-1,1.860344410E-2,5.918654264E-1
5.066163452E0,-3.460862637E-1,-1.947398186E-1,1.754667759E-1,4.341519184E-1
5.076162410E0,-4.286819696E-1,-2.098345757E-1,2.936373949E-1,5.603763913E-1
5.086163712E0,-1.928917766E0,-2.289319038E-1,3.918669224E-1,1.981588567E0
5.096163972E0,-1.858513594E0,-2.616734505E-1,4.793263674E-1,1.937085321E0
5.106162931E0,-1.802332163E0,-2.910795212E-1,5.501474142E-1,1.906774945E0
5.116163712E0,-1.726474881E0,-3.041925430E-1,6.237918139E-1,1.860743090E0
5.126162931E0,-1.848665953E0,-3.041110039E-1,7.099925280E-1,2.003531556E0
5.136186629E0,-1.755818129E0,-2.965912819E-1,7.982738018E-1,1.951436587E0
5.146170327E0,-1.662733197E0,-2.686719894E-1,9.122756720E-1,1.915492946E0
5.156158347E0,-1.525556564E0,-2.228899002E-1,1.041221976E0,1.860415530E0
5.166166108E0,-1.390798926E0,-1.322946548E-1,1.169891357E0,1.822215497E0
5.176163972E0,-1.455838442E0,5.579576492E-1,2.195139170E0,2.692474379E0
5.186168660E0,-1.322765827E0,6.695055962E-1,2.297081709E0,2.733958953E0
5.196165014E0,-1.189888239E0,2.114058018E0,1.380378604E0,2.791150375E0
5.206163712E0,-1.058448911E0,2.135659695E0,1.332452059E0,2.730711431E0
5.216167618E0,-9.281883836E-1,2.158036709E0,7.052152157E-1,2.452750418E0
5.226162670E0,4.782492518E-1,2.101628304E0,6.571006775E-1,2.253296513E0
5.236163452E0,6.583291888E-1,2.125742912E0,7.034317255E-1,2.333880126E0
5.246168399E0,8.718207479E-1,2.150149345E0,7.652853727E-1,2.443128184E0
5.256164754E0,1.640189409E0,3.154884338E0,8.668267727E-1,3.659905073E0
5.266165535E0,1.738097191E0,3.170885563E0,1.003331780E0,3.752621985E0
5.276164493E0,1.792797089E0,3.155431271E0,1.694693089E0,4.005352989E0
5.286165274E0,1.751888037E0,2.168038368E0,1.786909938E0,3.310974054E0
5.296172566E0,1.661019444E0,2.206055164E0,1.832703829E0,3.314282472E0
5.306177774E0,7.059023976E-1,2.243513107E0,1.803259373E0,2.963679069E0
5.316174285E0,-4.221037626E-1,2.180354118E0,1.169569373E0,2.509981710E0
5.326172827E0,-3.563566506E-1,2.216917992E0,1.095943213E0,2.498560980E0
5.336171316E0,-2.908987105E-1,2.253402710E0,2.599053383E-1,2.286918586E0
5.346169754E0,-2.268645167E-1,2.289110184E0,2.036142349E-1,2.309318449E0
5.356177774E0,-1.633308679E-1,2.323871613E0,-3.835923672E-1,2.360974237E0
5.366168139E0,-3.010563850E-1,2.258221149E0,-3.654911518E-1,2.307332115E0
5.376175431E0,-2.224726081E-1,2.291375160E0,-3.216881752E-1,2.324516610E0
5.386176212E0,-1.117932126E-1,3.909912109E0,-2.303402424E-1,3.918286239E0
5.396175691E0,3.799775243E-2,4.044983387E0,5.858752728E-1,4.087368868E0
5.406172827E0,1.717023849E0,4.104163647E0,7.665908337E-1,4.514420411E0
5.416182202E0,1.795772672E0,4.158627033E0,1.565560102E0,4.792698272E0
5.426173087E0,1.835627913E0,4.223752975E0,1.711753607E0,4.913218848E0
5.436173608E0,1.832151413E0,4.295751095E0,1.869769573E0,5.030536207E0
5.446172566E0,1.766966939E0,4.384407997E0,2.596423864E0,5.393201510E0
5.456209545E0,1.818249971E-1,4.487250805E0,2.676671505E0,5.228101994E0
5.466175431E0,2.639038861E-1,4.571290016E0,2.755496502E0,5.344071355E0
5.476170222E0,3.411653340E-1,4.614049435E0,2.848835945E0,5.433388649E0
5.486186629E0,4.165330827E-1,4.629931450E0,3.965050459E0,6.109941913E0
5.496164337E0,-8.481184244E-1,4.592552662E0,4.007585049E0,6.153989173E0
5.506199129E0,-8.667815924E-1,4.519016266E0,3.829597712E0,5.986537979E0
5.516152097E0,-8.551585078E-1,4.408646107E0,3.850558996E0,5.915594742E0
5.526167149E0,-7.863192558E-1,3.772037506E0,3.870319128E0,5.461312578E0
5.536179337E0,-6.183551550E-1,3.732391357E0,3.887710571E0,5.424702925E0
5.546165274E0,6.614958644E-1,3.735308170E0,5.279160500E0,6.500741457E0
5.556190274E0,1.667810678E0,3.817961216E0,5.298164368E0,6.740101333E0
5.566164754E0,2.892441273E0,4.767577648E0,5.341986656E0,7.722229897E0
5.576166577E0,5.048614502E0,6.170836926E0,5.447778702E0,9.656398373E0
5.586164493E0,5.217908382E0,6.945075512E0,5.424921513E0,1.024160218E1
5.596176212E0,6.011390686E0,7.648277283E0,5.329426765E0,1.109214826E1
5.606161941E0,6.023972988E0,7.712078571E0,5.157077312E0,1.106163880E1
5.616164754E0,5.983152390E0,7.748796463E0,4.293128967E0,1.068985105E1
5.626165535E0,5.891952991E0,7.695161819E0,3.244370222E0,1.022039939E1
5.636163972E0,5.765009880E0,7.539348602E0,3.197162390E0,1.001493702E1
5.646169962E0,5.661509991E0,6.640471935E0,2.953082800E0,9.212451407E0
5.656186629E0,5.584106445E0,5.846997261E0,2.915244341E0,8.594665283E0
5.666190274E0,5.550622463E0,4.864993572E0,2.882611036E0,7.923826006E0
5.676161264E0,5.524488926E0,3.713780880E0,4.269453049E0,7.908247319E0
5.686277879E0,5.472098351E0,1.844117641E0,4.360982895E0,7.236214621E0
5.696181212E0,5.356157780E0,1.744949341E0,5.317409515E0,7.746490710E0
5.706165795E0,5.160973549E0,4.416809082E-1,5.374431610E0,7.464264540E0
5.716167254E0,4.253538609E0,-4.607839584E-1,5.942956924E0,7.322817051E0
5.726166837E0,3.391913176E0,-1.206387997E0,5.913392067E0,6.923052270E0
5.736165535E0,2.401570320E0,-1.368923664E0,5.835798264E0,6.457401441E0
5.746174910E0,1.432278395E0,-2.375885963E0,5.692492485E0,6.332513419E0
5.756186889E0,-7.478228211E-1,-3.157514572E0,4.893370628E0,5.871474547E0
5.766164493E0,-8.205792308E-1,-3.253630161E0,4.790253639E0,5.848588670E0
5.776167879E0,-8.824689388E-1,-3.980679512E0,4.678559303E0,6.205922813E0
5.786166837E0,-1.130079031E0,-4.096741199E0,4.563654900E0,6.235969300E0
5.796168399E0,-1.158593059E0,-5.056573391E0,4.437155724E0,6.826391671E0
5.806165014E0,-1.174909711E0,-5.758973122E0,4.332844734E0,7.302035862E0
5.816164233E0,-1.190742612E0,-6.475665092E0,4.234343529E0,7.828267463E0
5.826163712E0,-1.167648554E0,-6.632242203E0,4.139997959E0,7.905037817E0
5.836162670E0,-1.349521875E0,-8.057501793E0,4.051338673E0,9.119094773E0
5.846182514E0,-1.337454677E0,-8.003528595E0,3.950248003E0,9.024949544E0
5.856195327E0,-1.327671051E0,-7.948914528E0,3.859263182E0,8.935427516E0
5.866206524E0,-1.324614048E0,-7.893558025E0,3.768885136E0,8.846883962E0
5.876173608E0,-1.327426076E0,-7.837478638E0,3.688166142E0,8.763030347E0
5.886165274E0,-1.534332395E0,-7.980453014E0,3.604418278E0,8.890086464E0
5.896171785E0,-1.541810632E0,-7.923092842E0,3.558994770E0,8.821509167E0
5.906174649E0,-1.556403518E0,-7.865268707E0,3.568906546E0,8.776214314E0
5.916164493E0,-1.571717620E0,-7.806973934E0,4.208320618E0,9.007169406E0
5.926164233E0,-1.585390806E0,-7.748547077E0,4.232326031E0,8.970285918E0
5.936165014E0,-1.755806088E0,-7.849722862E0,5.035955429E0,9.490092261E0
5.946168399E0,-2.005602121E-1,-7.791042805E0,5.655465126E0,9.629374755E0
5.956188452E0,-1.495139599E-1,-7.732128620E0,5.634908199E0,9.568717669E0
5.966163712E0,6.063938141E-1,-7.674892902E0,5.585421562E0,9.511499805E0
5.976166316E0,6.715570688E-1,-7.815952301E0,6.027995586E0,9.893271959E0
5.986163712E0,1.305712461E0,-7.756305218E0,5.860501766E0,9.808702086E0
5.996169181E0,1.364933491E0,-7.693297386E0,5.707017422E0,9.675738523E0
6.006162410E0,2.017064333E0,-7.611318111E0,5.541685104E0,9.628654408E0
6.016163972E0,2.013682365E0,-7.520412445E0,5.379379272E0,9.463046094E0
6.026181577E0,1.992095232E0,-7.611759186E0,5.890542507E0,9.828825583E0
6.036174493E0,1.941310644E0,-7.488493919E0,5.741122246E0,9.633624076E0
6.046176524E0,1.818361521E0,-7.345083237E0,6.966559410E0,1.028540891E1
6.056188764E0,1.696696520E0,-5.617442608E0,8.341959953E0,1.019915371E1
6.066164493E0,2.873475790E0,-3.170711994E0,1.185109520E1,1.259994981E1
6.076165014E0,4.774456024E0,-6.780824661E-1,1.270074558E1,1.358543943E1
6.086162931E0,6.528475761E0,1.143954277E0,1.169330502E1,1.344109405E1
6.096170483E0,6.387085915E0,1.431887150E0,1.133746433E1,1.309134312E1
6.106164493E0,6.295937538E0,1.611563206E0,1.168616104E1,1.337169867E1
6.116163712E0,6.154814720E0,1.647836208E0,1.120425606E1,1.288923823E1
6.126162670E0,7.755719662E0,4.025945663E-1,8.885934830E0,1.180140278E1
6.136162410E0,5.929512501E0,-1.245326042E0,6.043758869E0,8.557860522E0
6.146169962E0,4.618725777E0,-2.805478573E0,5.944650650E0,8.033816601E0
6.156187931E0,3.244555950E0,-3.602825642E0,5.864807129E0,7.609432211E0
6.166163452E0,3.013850212E0,-3.391227007E0,5.700021267E0,7.285187448E0
6.176162931E0,1.615043163E0,-2.132617950E0,5.646785259E0,6.248408398E0
6.186162149E0,3.129673004E-1,-8.912196159E-1,5.602676392E0,5.681743015E0
6.196168920E0,-6.295232773E-1,1.821708679E-1,5.596968651E0,5.635205751E0
6.206162097E0,-1.395880938E0,9.806332588E-1,4.059473038E0,4.403344925E0
6.216184858E0,-1.598849535E0,1.128244877E0,2.949989319E0,3.540013181E0
6.226194233E0,-2.437326908E0,1.253978729E0,1.793403149E0,3.275564068E0
6.236161681E0,-2.532143354E0,1.360570431E0,7.600617409E-1,2.973313928E0
6.246161889E0,-2.578454018E0,1.444749355E0,-2.076621056E-1,2.962912312E0
6.256186681E0,-2.567340612E0,1.528517246E0,-1.167104244E0,3.207761698E0
6.266164233E0,-2.509443998E0,1.569182873E0,-2.111926079E0,3.635914717E0
6.276164754E0,-2.466930389E0,1.578442097E0,-2.282709122E0,3.713217733E0
6.286163712E0,-2.454745531E0,1.540401459E0,-3.171500206E0,4.296164084E0
6.296174129E0,-3.323155880E0,1.582394123E0,-3.202574492E0,4.878915816E0
6.306161889E0,-4.367311954E0,2.220190048E0,-3.158979893E0,5.829392037E0
6.316169962E0,-4.281395435E0,2.278703213E0,-4.149620533E0,6.382960581E0
6.326164754E0,-4.201220036E0,3.277753353E0,-4.007068157E0,6.667121721E0
6.336165274E0,-4.120047092E0,4.217893600E0,-3.860962391E0,7.047868121E0
6.346169962E0,-4.042846203E0,4.128241539E0,-3.694849014E0,6.858490567E0
6.356184806E0,-4.159111500E0,3.938083172E0,-3.726797104E0,6.833426973E0
6.366163712E0,-4.042937756E0,5.311651230E0,-3.555238247E0,7.562982446E0
6.376163452E0,-3.897822142E0,5.253625393E0,-3.391102314E0,7.368390063E0
6.386162618E0,-2.595539093E0,5.149726391E0,-3.181632757E0,6.586295779E0
6.396186577E0,-2.327843189E0,4.985191345E0,-2.951462030E0,6.243565870E0
6.406192358E0,-1.180916548E0,4.784838676E0,-3.841208220E0,6.248529878E0
6.416161160E0,-8.973340988E-1,4.559840679E0,-3.726493835E0,5.956854187E0
6.426164233E0,2.770063877E-1,4.287560463E0,-3.587860107E0,5.597557272E0
6.436163972E0,5.492126942E-1,2.748076916E0,-3.436640739E0,4.434417762E0
6.446171264E0,1.442789316E0,2.649575710E0,-3.269346476E0,4.448653598E0
6.456190014E0,1.595283270E0,2.473816395E0,-3.089408398E0,4.267216952E0
6.466164233E0,1.721021891E0,2.405048847E0,-2.863461018E0,4.116501586E0
6.476161629E0,1.765899658E0,2.377174377E0,-2.630690098E0,3.961046581E0
6.486164493E0,1.742935896E0,2.340133190E0,-2.363940001E0,3.755297753E0
6.496172306E0,1.637702942E0,2.226632595E0,-2.097350597E0,3.469703614E0
6.506168660E0,7.867369652E-1,1.236522198E0,-1.812977791E0,2.331272328E0
6.516163452E0,6.616480350E-1,5.595474243E-1,-1.529857635E0,1.758219505E0
6.526163452E0,-2.356455326E-1,4.540295601E-1,-2.473759055E-1,5.682134257E-1
6.536165014E0,-3.376657963E-1,3.356056213E-1,-4.146875441E-2,4.778796717E-1
6.546171264E0,-1.049626470E0,-4.091348648E-1,-4.377583042E-2,1.127396730E0
6.556206160E0,-1.146027803E0,-4.556498528E-1,1.455206275E-1,1.241842489E0
6.566170014E0,-1.253172398E0,-5.035285950E-1,3.238443732E-1,1.388833065E0
6.576186785E0,-2.621011019E0,-5.476064682E-1,-5.754086971E-1,2.738734520E0
6.586168816E0,-2.563418150E0,-5.583887100E-1,-5.633518696E-1,2.683332982E0
6.596163191E0,-2.680387497E0,-5.356917381E-1,-1.077146053E0,2.937973178E0
6.606161420E0,-2.597339153E0,-4.662008286E-1,-9.949826598E-1,2.820195806E0
6.616175952E0,-2.500984430E0,-3.559842110E-1,-9.052708149E-1,2.683498300E0
6.626173868E0,-2.403499842E0,5.072102547E-1,-7.738339901E-1,2.575440307E0
6.636178295E0,-2.302324533E0,6.098170280E-1,-6.116311550E-1,2.458997303E0
6.646174910E0,-2.359903097E0,2.125457764E0,-4.274067879E-1,3.204588881E0
6.656215274E0,-2.179156542E0,2.144254684E0,1.185859799E0,3.279148495E0
6.666177254E0,-2.039259434E0,2.144974709E0,1.300586939E0,3.232804034E0
6.676171785E0,-1.891967893E0,2.146093845E0,1.417180777E0,3.192751580E0
6.686174649E0,-1.946550131E0,2.049821377E0,1.331933975E0,3.124879710E0
6.696170743E0,-1.786484361E0,2.052854538E0,1.449441314E0,3.083280436E0
6.706171524E0,-1.634434223E0,2.051601410E0,1.524120450E0,3.033708411E0
6.716166941E0,-1.485318303E0,2.051870346E0,1.594871402E0,2.993318755E0
6.726172045E0,-1.340250731E0,2.054068089E0,-9.298980236E-2,2.454407227E0
6.736174389E0,-1.398675084E0,1.958236217E0,-1.414291859E-1,2.410598119E0
6.746164077E0,-1.260031462E0,1.963862896E0,-2.353144884E-1,2.345167300E0
6.756222618E0,-1.125040412E0,1.970913410E0,-1.020396352E0,2.488257284E0
6.766162149E0,-9.935770631E-1,1.979242802E0,-1.062011600E0,2.456107914E0
6.776169754E0,-8.675727844E-1,1.989026546E0,-1.105858564E0,2.435535322E0
6.786177045E0,-9.450809956E-1,1.900489807E0,-1.145446658E0,2.411863935E0
6.796173868E0,-8.223310113E-1,1.925725460E0,-1.105913043E0,2.368056270E0
6.806163712E0,-7.034534812E-1,1.952645779E0,-1.027902722E0,2.316086428E0
6.816164233E0,-5.886201262E-1,1.981554508E0,-8.903067112E-1,2.250706103E0
6.826170483E0,-4.774801135E-1,2.019531727E0,-6.739337444E-1,2.181898794E0
6.836165535E0,-5.298155546E-1,1.978506565E0,2.240537405E-1,2.060435107E0
6.846163972E0,-4.245795310E-1,3.225771427E0,4.173185825E-1,3.280247533E0
6.856174129E0,7.955130935E-1,3.329157352E0,1.212149858E0,3.631175710E0
6.866166056E0,9.463269114E-1,3.455935955E0,1.366827965E0,3.835002821E0
6.876164233E0,1.648148775E0,4.146222115E0,1.537389636E0,4.719228655E0
6.886163972E0,1.773434281E0,4.199380875E0,2.579022884E0,5.237482975E0
6.896163191E0,1.895045042E0,4.269979954E0,2.662901402E0,5.377264025E0
6.906170483E0,2.007075548E0,4.329988003E0,2.738523722E0,5.502423151E0
6.916165014E0,2.069887161E0,4.335417747E0,2.788016558E0,5.554576152E0
6.926162462E0,2.107193232E0,4.299173355E0,2.634334326E0,5.464693239E0
6.936182774E0,2.091409683E0,4.211351395E0,2.675108671E0,5.409776468E0
6.946195170E0,2.033088446E0,4.069105625E0,4.165527344E0,6.167875426E0
6.956163920E0,1.944051504E0,3.313705921E0,4.224811554E0,5.710430443E0
6.966165535E0,1.820533872E0,3.296354771E0,4.834450722E0,6.127985977E0
6.976165795E0,1.712464333E0,3.333002090E0,4.848344803E0,6.127632851E0
6.986163191E0,1.613585830E0,3.446055412E0,4.845506668E0,6.160997647E0
6.996164493E0,1.533144712E0,4.570998669E0,4.786417484E0,6.793699572E0
7.006169441E0,1.521457672E0,5.295048714E0,4.715233326E0,7.251606694E0
7.016166316E0,2.439636230E0,6.890832901E0,4.526690960E0,8.598042455E0
7.026163972E0,3.303108931E0,7.567081928E0,3.706086636E0,9.050211913E0
7.036164754E0,4.252943993E0,7.661375046E0,3.489454031E0,9.431886854E0
7.046162410E0,5.207844734E0,8.350107193E0,2.067045689E0,1.005577520E1
7.056170222E0,6.224098682E0,8.328778267E0,2.033115387E0,1.059440937E1
7.066163972E0,7.192138672E0,8.263241768E0,1.804909825E0,1.110250975E1
7.076162931E0,7.313640118E0,8.125724792E0,1.781522274E0,1.107657694E1
7.086163712E0,7.964530468E0,7.068398476E0,1.763388872E0,1.079377334E1
7.096166577E0,7.831569672E0,6.140969276E0,2.772955894E0,1.033122798E1
7.106171368E0,7.578248501E0,5.067434311E0,3.380665779E0,9.723046948E0
7.116168399E0,6.196070671E0,3.865708351E0,3.383579731E0,8.048826288E0
7.126172462E0,5.201607227E0,1.570477486E0,3.336040497E0,6.375914325E0
7.136161160E0,3.981484652E0,1.597109795E0,3.230523348E0,5.370219812E0
7.146161056E0,2.770566463E0,5.017375946E-2,1.659592628E0,3.229985082E0
7.156172306E0,1.648096204E0,-1.079606056E0,1.718211412E0,2.614196012E0
7.166165535E0,6.810923815E-1,-2.080466747E0,1.576192260E0,2.697519371E0
7.176165274E0,-1.492255926E-1,-3.015127182E0,1.632211089E0,3.431817775E0
7.186164754E0,-3.942536116E-1,-3.933927536E0,1.684477925E0,4.297521105E0
7.196165274E0,-1.613018394E0,-5.566073418E0,1.776497245E0,6.061265882E0
7.206171524E0,-1.837746620E0,-6.216007233E0,1.626277208E0,6.682876335E0
7.216162670E0,-1.847721338E0,-6.349114418E0,1.674747825E0,6.821298140E0
7.226163712E0,-1.845460534E0,-7.944598198E0,1.722858310E0,8.336102558E0
7.236163452E0,-1.800946951E0,-7.884836674E0,1.758451104E0,8.276847804E0
7.246165274E0,-1.790250659E0,-7.814895153E0,1.805079937E0,8.218022710E0
7.256169181E0,-1.983065128E0,-7.943842888E0,1.650495410E0,8.352324361E0
7.266163972E0,-1.958161354E0,-7.877419472E0,1.694458961E0,8.292124251E0
7.276165014E0,-1.938204646E0,-7.810006142E0,1.737775445E0,8.232417426E0
7.286288295E0,-1.893459201E0,-7.750581264E0,1.773330927E0,8.173212359E0
7.296153347E0,-1.879678369E0,-7.682195663E0,1.815015197E0,8.114407011E0
7.306151160E0,-2.067472935E0,-7.813062668E0,1.656001568E0,8.249892956E0
7.316173399E0,-2.066404343E0,-7.741936684E0,3.477219582E0,8.734910792E0
7.326164754E0,-2.064580202E0,-7.671177387E0,3.573195457E0,8.710750811E0
7.336164493E0,-2.063147783E0,-7.600463867E0,4.478100777E0,9.059636656E0
7.346167097E0,-9.829207659E-1,-7.530069828E0,5.156690121E0,9.179299420E0
7.356170743E0,-9.434330463E-1,-7.659583092E0,5.294074059E0,9.358765901E0
7.366166316E0,-3.354413509E-1,-7.601792336E0,6.217220783E0,9.826169237E0
7.376166056E0,6.133360863E-1,-7.505226612E0,7.125571251E0,1.036717769E1
7.386167358E0,6.562316418E-1,-7.455242634E0,7.090407848E0,1.030946973E1
7.396162410E0,1.204167604E0,-7.598954678E0,7.023860455E0,1.041771316E1
7.406171004E0,1.204055548E0,-7.540307522E0,7.466442585E0,1.067959513E1
7.416163972E0,1.196578503E0,-7.476075172E0,7.296982765E0,1.051520126E1
7.426164233E0,1.731036186E0,-7.403796196E0,7.870913029E0,1.094367197E1
7.436165014E0,1.657626867E0,-7.313656807E0,8.760344505E0,1.153173615E1
7.446165274E0,1.591449499E0,-7.409046173E0,1.157167816E1,1.383222369E1
7.456168920E0,4.190371513E0,-4.239276409E0,1.449727440E1,1.567487298E1
7.466243295E0,6.555591583E0,-9.576096535E-1,1.412610722E1,1.560255435E1
7.476172358E0,8.529433250E0,1.742527008E0,1.306976891E1,1.570370947E1
7.486159858E0,9.487172127E0,2.923399448E0,1.282430935E1,1.621775600E1
7.496162722E0,1.037810516E1,4.588246822E0,1.328312874E1,1.746993374E1
7.506172045E0,1.038031101E1,4.730078697E0,1.265387726E1,1.703658155E1
7.516164233E0,1.029067230E1,3.538307667E0,1.131580544E1,1.569920413E1
7.526164493E0,1.011797047E1,2.417621613E0,8.613186836E0,1.350574722E1
7.536164493E0,7.285333633E0,-9.351825714E-2,6.301903248E0,9.633214228E0
7.546164754E0,3.644359589E0,-2.527042866E0,6.043611526E0,7.496168537E0
7.556169702E0,-3.062496185E-1,-5.379554749E0,5.935824394E0,8.016695663E0
7.566162931E0,-2.303783894E0,-5.162031651E0,4.745144844E0,7.380405855E0
7.576167879E0,-4.710322857E0,-2.955137968E0,4.566342831E0,7.195239306E0
7.586163972E0,-4.949286938E0,-1.042623043E0,3.664442062E0,6.245849792E0
7.596162670E0,-5.003259182E0,5.742850304E-1,2.710731983E0,5.719307093E0
7.606167931E0,-4.977819920E0,1.584684849E0,1.682084560E0,5.488107660E0
7.616162410E0,-4.908931255E0,1.760074615E0,6.380152702E-1,5.253811208E0
7.626165014E0,-4.803839684E0,2.493898392E0,-3.030984402E-1,5.421095236E0
7.636163712E0,-4.871008396E0,2.508428574E0,-1.240136385E0,5.617550619E0
7.646194181E0,-2.842307806E0,2.512828350E0,-2.239093781E0,4.405287838E0
7.656188243E0,-1.916628599E0,2.514409542E0,-3.173408985E0,4.479536262E0
7.666149754E0,-1.669540405E0,2.476868153E0,-3.368071079E0,4.501793399E0
7.676162462E0,-1.485824823E0,2.403694153E0,-4.464180470E0,5.283401201E0
7.686165535E0,-1.377833366E0,2.305955887E0,-4.595903397E0,5.323362224E0
7.696164493E0,-1.340400219E0,2.204853058E0,-4.507958412E0,5.194202422E0
7.706171264E0,-1.420062780E0,2.140442371E0,-4.378472328E0,5.076326602E0
7.716171264E0,-2.251691341E0,2.121388912E0,-4.228512764E0,5.239343948E0
7.726164493E0,-2.308309078E0,2.739901543E0,-4.055538177E0,5.411352989E0
7.736167618E0,-3.937602758E0,4.023331165E0,-4.016015530E0,6.915221608E0
7.746163191E0,-3.855234861E0,3.910442352E0,-3.815390110E0,6.686673083E0
7.756169702E0,-3.769205093E0,3.800696850E0,-3.612558365E0,6.457769082E0
7.766165274E0,-2.714963436E0,3.694638729E0,-3.408092737E0,5.712834489E0
7.776163452E0,-1.868884206E0,5.099515915E0,-3.391641378E0,6.403204040E0
7.786163972E0,-1.688454986E0,5.007456303E0,-3.173314333E0,6.164042725E0
7.796163191E0,-7.421350479E-1,4.884155750E0,-2.934755802E0,5.746175549E0
7.806174389E0,-5.309462547E-1,4.719597816E0,-2.700062513E0,5.463226615E0
7.816174389E0,3.862149715E-1,4.520098209E0,-2.469858170E0,5.165331471E0
7.826201577E0,5.551784039E-1,4.294967651E0,-3.421640873E0,5.519293111E0
7.836169493E0,7.209506035E-1,2.735055923E0,-3.290241003E0,4.338892317E0
7.846167149E0,8.762881756E-1,2.653437614E0,-3.142552614E0,4.205264448E0
7.856163243E0,9.584524632E-1,2.590889931E0,-2.986868382E0,4.068503962E0
7.866173347E0,9.973826408E-1,2.539277077E0,-2.835418224E0,3.934754975E0
7.876178816E0,9.585978985E-1,2.404730320E0,-2.678774834E0,3.725247972E0
7.886173868E0,8.674809933E-1,2.377261162E0,-2.508142471E0,3.562958400E0
7.896174129E0,2.923226357E-2,2.351001263E0,-2.279534817E0,3.274803879E0
7.906172566E0,-7.529115677E-2,2.338582993E0,-2.071630478E0,3.125106720E0
7.916173608E0,-1.018432617E0,6.150832176E-1,-1.855549812E0,2.204222644E0
7.926174129E0,-1.754641056E0,5.441408157E-1,-1.693883181E0,2.498818659E0
7.936174389E0,-1.843245745E0,4.593706131E-1,-1.530715227E0,2.439603521E0
7.946181420E0,-2.831770182E0,3.720908165E-1,-1.371656775E0,3.168409104E0
7.956172566E0,-2.748753309E0,2.636427879E-1,-1.229122043E0,3.022564023E0
7.966171785E0,-2.864075661E0,1.590533257E-1,-1.123808384E0,3.080774681E0
7.976175170E0,-2.767649889E0,-4.784989357E-1,-1.021208763E0,2.988597410E0
7.986173608E0,-2.677068949E0,-5.008850098E-1,-9.262424111E-1,2.876718435E0
7.996174129E0,-2.565761805E0,-5.178828239E-1,-8.305606842E-1,2.746118589E0
8.006198556E0,-2.453974724E0,-5.041322708E-1,-7.235379219E-1,2.607613548E0
8.016171056E0,-2.513431549E0,-4.871721268E-1,-6.282993555E-1,2.636178088E0
8.026155483E0,-2.376618385E0,-4.233045578E-1,-5.270929337E-1,2.470896327E0
8.036175222E0,-2.240433693E0,1.983780861E-1,-4.255245924E-1,2.289097677E0
8.046163243E0,-2.105207205E0,2.570476532E-1,-3.094163537E-1,2.143294042E0
8.056164754E0,-1.972190261E0,9.006605148E-1,-1.811854243E-1,2.175672757E0
8.066166837E0,-2.041542053E0,9.921383858E-1,8.368652463E-1,2.419209783E0
8.076162670E0,-1.911083221E0,2.001087666E0,9.464543462E-1,2.924442982E0
8.086166316E0,-7.513368130E-1,2.005480766E0,1.053364396E0,2.386637103E0
8.096166837E0,-5.568310022E-1,2.996539116E0,1.196541429E0,3.274296692E0
8.106173608E0,-4.136250019E-1,3.023942947E0,1.097638369E0,3.243474461E0
8.116163712E0,-3.117923737E-1,3.007948399E0,1.160343289E0,3.239037604E0
8.126161889E0,-2.475285530E-1,2.938036442E0,-8.640816212E-1,3.072452695E0
8.136165274E0,-2.647165060E-1,1.944187641E0,-1.535093427E0,2.491275224E0
8.146164493E0,-3.268308640E-1,1.955370903E0,-2.228189468E0,2.982469126E0
8.156171004E0,-1.389893293E0,1.867329121E0,-2.358138084E0,3.313538386E0
8.166166577E0,-1.305391908E0,1.879563808E0,-3.202144146E0,3.935801732E0
8.176165014E0,-1.223085642E0,1.892195225E0,-3.193585396E0,3.908366530E0
8.186197879E0,-1.142935514E0,1.905184746E0,-3.119981527E0,3.830184752E0
8.196163816E0,-1.061447978E0,1.931464195E0,-2.897153378E0,3.640154315E0
8.206153399E0,-1.180304170E0,1.863567352E0,-1.761486411E0,2.822912607E0
8.216164233E0,-1.098197937E0,1.899450302E0,-1.478096247E0,2.645509152E0
8.226163972E0,-9.852437377E-1,3.598114014E0,-2.593495846E-1,3.739571083E0
8.236166577E0,-8.758564591E-1,3.666556358E0,-1.133155823E-2,3.769733209E0
8.246165014E0,-7.701068521E-1,3.738368511E0,9.163069725E-1,3.925313001E0
8.256173608E0,-8.658602238E-1,3.798130512E0,1.074771404E0,4.041119014E0
8.266167358E0,-7.647886276E-1,3.822899818E0,1.215290070E0,4.083674157E0
8.276167618E0,5.100140572E-1,3.796530247E0,2.347758770E0,4.492852935E0
8.286165014E0,1.358640671E0,3.760230064E0,2.422412395E0,4.674753087E0
8.296163712E0,1.493714333E0,3.715263844E0,2.267185688E0,4.601575695E0
8.306170483E0,1.629173040E0,3.689170361E0,2.309188604E0,4.647207200E0
8.316162670E0,1.719653726E0,3.674779415E0,2.348958492E0,4.688157280E0
8.326167618E0,1.724661827E0,3.658412933E0,2.356179476E0,4.680814601E0
8.336164754E0,1.686283112E0,3.661895275E0,2.363432646E0,4.673204640E0
8.346162931E0,1.578801155E0,3.703506470E0,2.170903921E0,4.573991374E0
8.356166837E0,8.550379872E-1,3.807067394E0,2.179796457E0,4.469492667E0
8.366215483E0,7.336808443E-1,4.747345448E0,2.190104008E0,5.279406401E0
8.376170274E0,-5.217506886E-1,4.886279583E0,2.201596022E0,5.384698412E0
8.386157306E0,-4.998086095E-1,6.039681435E0,2.214382410E0,6.452212794E0
8.396163295E0,-6.762909889E-1,6.181385040E0,3.206873417E0,6.996493953E0
8.406168139E0,-6.520539522E-1,7.320525169E0,3.859390736E0,8.301214367E0
8.416163972E0,-6.263111830E-1,7.988109589E0,3.846759796E0,8.888178746E0
8.426164806E0,-5.749015212E-1,8.678788185E0,3.850169182E0,9.511870418E0
8.436163712E0,1.231999159E0,8.779403687E0,3.888073921E0,9.680540782E0
8.446166056E0,2.107092857E0,9.387790680E0,3.892111778E0,1.037877586E1
8.456174910E0,2.956547499E0,9.312530518E0,3.659189224E0,1.043331508E1
8.466165274E0,3.784730196E0,9.172915459E0,1.810014844E0,1.008675936E1
8.476167879E0,3.929654121E0,8.310658455E0,1.783678889E0,9.364333177E0
8.486165795E0,4.974617481E0,8.141534805E0,1.562592864E0,9.668148971E0
8.496164233E0,5.672877312E0,7.057894707E0,1.545998216E0,9.186159435E0
8.506167879E0,5.730280399E0,6.889843941E0,1.533053637E0,9.091551927E0
8.516162410E0,5.755557537E0,5.833652496E0,1.524237037E0,8.335540928E0
8.526163452E0,5.728610516E0,5.125509262E0,1.519395351E0,7.835584590E0
8.536162670E0,5.695298195E0,4.304723740E0,1.364381552E0,7.268328902E0
8.546216108E0,5.616474152E0,3.505955696E0,1.408996582E0,6.769178577E0
8.556180431E0,5.437636852E0,2.603016853E0,1.454072714E0,6.201444891E0
8.566180431E0,4.369157314E0,1.467856407E0,2.491168499E0,5.239280347E0
8.576160639E0,2.931394100E0,3.299121857E-1,2.510756493E0,3.873733546E0
8.586162722E0,1.374739766E0,-1.072302818E0,2.561748981E0,3.098757913E0
8.596163712E0,-4.303038120E-2,-2.444845200E0,2.673439980E0,3.623037536E0
8.606171056E0,-1.656689763E0,-3.760026932E0,3.652997971E0,5.497892112E0
8.616164754E0,-1.725462794E0,-5.008999825E0,3.693961143E0,6.458533117E0
8.626164493E0,-1.784824252E0,-6.144735336E0,3.671301603E0,7.377114980E0
8.636165795E0,-1.982933283E0,-7.130190849E0,3.610731602E0,8.234623771E0
8.646163191E0,-2.001813650E0,-8.122972488E0,3.571277142E0,9.096370725E0
8.656169702E0,-2.005106926E0,-8.059300423E0,3.435845852E0,8.987647846E0
8.666162931E0,-1.988633513E0,-8.000763893E0,2.702353954E0,8.675805612E0
8.676162931E0,-3.136099815E0,-8.138962746E0,2.546347618E0,9.086348156E0
8.686163712E0,-3.775185585E0,-8.074422836E0,2.386808395E0,9.227414841E0
8.696165014E0,-3.834725618E0,-8.008097649E0,2.272232056E0,9.165030662E0
8.706172306E0,-3.927930832E0,-9.566349030E0,2.167253733E0,1.056601453E1
8.716170483E0,-4.035010338E0,-1.024212074E1,2.043084860E0,1.119627355E1
8.726257566E0,-4.117299080E0,-1.089267826E1,1.888710022E0,1.179702577E1
8.736168452E0,-4.157002449E0,-1.158634758E1,1.817319155E0,1.244294051E1
8.746151368E0,-4.116202354E0,-1.165982628E1,1.784671783E0,1.249318711E1
8.756171316E0,-2.459077835E0,-1.223648834E1,1.734331727E0,1.260105620E1
8.766165535E0,-2.461776495E0,-1.226970673E1,1.684534431E0,1.262710192E1
8.776164493E0,-2.666330099E0,-1.233555794E1,1.626914024E0,1.272486366E1
8.786163191E0,-2.666408777E0,-1.234326363E1,1.579081416E0,1.272632668E1
8.796167879E0,-2.661302567E0,-1.230012798E1,1.534899116E0,1.267799649E1
8.806173868E0,-2.685503006E0,-1.219036770E1,2.233181477E0,1.268085528E1
8.816163452E0,-2.870153427E0,-1.125888062E1,3.060209990E0,1.201520115E1
8.826161889E0,-2.890802145E0,-1.108596992E1,3.596837282E0,1.200802668E1
8.836166316E0,-2.908120155E0,-1.012387466E1,4.295950890E0,1.137564043E1
8.846167879E0,-1.432221174E0,-9.928080559E0,5.052956581E0,1.123167001E1
8.856169702E0,-1.389643908E0,-8.878541946E0,5.554912567E0,1.056487912E1
8.866187149E0,-7.631618977E-1,-8.686305046E0,5.458249569E0,1.028721536E1
8.876163191E0,-7.055046558E-1,-8.515621185E0,6.065902233E0,1.047896516E1
8.886163452E0,-2.835536003E-2,-8.350067139E0,5.838586807E0,1.018889205E1
8.896163191E0,3.708863258E-2,-8.177558899E0,6.250734329E0,1.029298425E1
8.906244077E0,-7.429838181E-3,-7.924057007E0,5.839885712E0,9.843525780E0
8.916176004E0,-4.058766365E-2,-7.640999794E0,5.370598793E0,9.339692533E0
8.926178608E0,-1.474552155E-1,-7.324474335E0,4.900582314E0,8.813930697E0
8.936161681E0,-2.265529633E-1,-6.991422653E0,4.458066940E0,8.294918794E0
8.946163764E0,-3.459203243E-1,-6.641121864E0,4.159660339E0,7.843910672E0
8.956168399E0,-4.487049580E-1,-6.243200302E0,5.019847870E0,8.023575187E0
8.966191577E0,-5.456464291E-1,-5.836520672E0,4.616158009E0,7.461341591E0
8.976164806E0,-5.890340805E-1,-5.367389679E0,4.363587379E0,6.942386328E0
8.986163191E0,-5.934617519E-1,-3.778366327E0,5.661952972E0,6.832712523E0
8.996160587E0,2.064498901E0,-1.320343018E-1,9.061040878E0,9.294194455E0
9.006167879E0,3.615228653E0,4.262042046E-2,1.050433254E1,1.110912674E1
9.016165274E0,4.663864136E0,-2.892556190E0,1.047554207E1,1.182605140E1
9.026165274E0,4.794901848E0,-2.589188099E0,1.034770584E1,1.169487045E1
9.036161889E0,4.890913010E0,-4.036721230E0,1.024620819E1,1.204993488E1
9.046165274E0,4.932004929E0,-3.948333263E0,1.016217995E1,1.196594791E1
9.056173608E0,5.912512779E0,-5.068929195E0,1.003832054E1,1.270510645E1
9.066206420E0,5.863989353E0,-6.765308380E0,9.851511955E0,1.331195164E1
9.076174129E0,3.732054710E0,-8.028301239E0,8.288866043E0,1.212794927E1
9.086204806E0,1.692240238E0,-7.738948822E0,7.323648453E0,1.078845830E1
9.096170795E0,-2.115941048E-1,-5.132343292E0,7.290335655E0,8.918223685E0
9.106150274E0,-1.732300282E0,-3.110389471E0,7.373716354E0,8.188228123E0
9.116162202E0,-2.859108925E0,-1.084316850E0,7.388133526E0,7.995921702E0
9.126172306E0,-4.250215054E0,-9.203680754E-1,7.273188114E0,8.474117697E0
9.136177514E0,-4.232637882E0,-7.707863450E-1,6.136466503E0,7.494368297E0
9.146172306E0,-6.375944138E0,-6.347888112E-1,4.510800362E0,7.836002832E0
9.156176993E0,-6.436670780E0,-7.092022896E-1,2.932542324E0,7.108692081E0
9.166209806E0,-6.266051769E0,5.504367948E-1,1.359474659E0,6.435414267E0
9.176175952E0,-3.971124172E0,1.714705944E0,1.566433907E-1,4.328346199E0
9.186175431E0,-3.776607752E0,2.662307739E0,-6.405315399E-1,4.664861119E0
9.196175691E0,-2.310033083E0,2.811793327E0,-7.635345459E-1,3.718254908E0
9.206172306E0,-2.056798935E0,3.682295322E0,-8.655800819E-1,4.305688049E0
9.216173608E0,-1.254815578E0,3.721735954E0,-9.433059692E-1,4.039270578E0
9.226181160E0,-1.167580366E0,3.715761185E0,-1.019534111E0,4.026111635E0
9.236177514E0,-1.125805616E0,3.688562155E0,-1.151938438E0,4.024908846E0
9.246176212E0,-1.112672329E0,3.623218536E0,-2.193729401E0,4.379292290E0
9.256177774E0,-1.142791271E0,3.541723251E0,-2.998040199E0,4.778914156E0
9.266216629E0,-1.165509939E0,3.413383007E0,-3.779403210E0,5.224316758E0
9.276182149E0,-1.193710804E0,3.256923676E0,-3.915747404E0,5.231211623E0
9.286153972E0,-1.227786779E0,3.091767311E0,-4.820815086E0,5.857195880E0
9.296162983E0,-1.276962280E0,2.935470581E0,-4.848606110E0,5.810043150E0
9.306163712E0,-1.349696994E0,2.806668043E0,-4.847592354E0,5.761789575E0
9.316164493E0,-1.460641026E0,2.705957890E0,-4.826166153E0,5.722548387E0
9.326164754E0,-2.234507561E0,2.645542145E0,-4.811229706E0,5.927887361E0
9.336165535E0,-3.234006882E0,2.636234283E0,-4.809491158E0,6.367082291E0
9.346167879E0,-3.378985643E0,4.218722343E0,-4.894512177E0,7.291872985E0
9.356164233E0,-3.361877441E0,4.898599625E0,-5.493044376E0,8.091479144E0
9.366188712E0,-3.341618538E0,5.617507935E0,-5.491926193E0,8.537216359E0
9.376163452E0,-3.316601515E0,6.295123577E0,-5.520049095E0,9.005518779E0
9.386166577E0,-1.841060042E0,7.217638016E0,-6.728622913E0,1.003783676E1
9.396163191E0,-1.682078242E0,7.047848701E0,-6.608665466E0,9.806937227E0
9.406163452E0,-5.872194767E-1,6.851949215E0,-6.474001884E0,9.444931718E0
9.416162670E0,1.087691784E-1,7.919541359E0,-6.321302891E0,1.013359938E1
9.426163452E0,2.651884556E-1,7.692282677E0,-6.139936447E0,9.845829435E0
9.436170483E0,1.120369434E0,7.415484428E0,-6.134267330E0,9.688853010E0
9.446162774E0,1.227850437E0,7.083233356E0,-5.890608788E0,9.294034827E0
9.456185170E0,1.309716940E0,6.722160816E0,-5.616200447E0,8.856890649E0
9.466184858E0,1.318549156E0,6.368191242E0,-5.316153049E0,8.399637779E0
9.476172566E0,1.243192196E0,6.000140190E0,-4.976002216E0,7.893529451E0
9.486167358E0,1.090076685E0,5.653729439E0,-4.833119869E0,7.517444474E0
9.496170222E0,6.905698776E-2,5.317307949E0,-5.674508095E0,7.776797208E0
9.506163972E0,-9.560251236E-2,5.022740364E0,-5.444489479E0,7.408071699E0
9.516163452E0,-1.183928251E0,3.826569557E0,-5.238492489E0,6.594400976E0
9.526166316E0,-2.269510269E0,3.589733124E0,-5.691701412E0,7.101572060E0
9.536163452E0,-3.336007833E0,3.451937675E0,-6.308422089E0,7.927232255E0
9.546162931E0,-3.274866581E0,3.334009171E0,-6.166053772E0,7.736962414E0
9.556167097E0,-3.209288359E0,3.216485023E0,-6.498970032E0,7.929812050E0
9.566190535E0,-3.136609554E0,3.114335060E0,-6.231670380E0,7.640099350E0
9.576163191E0,-3.235445499E0,2.922402859E0,-5.970842361E0,7.393206649E0
9.586166577E0,-3.130536079E0,2.835173130E0,-5.650482178E0,7.054531286E0
9.596164806E0,-2.990581274E0,1.136154652E0,-5.314491749E0,6.203083612E0
9.606165274E0,-2.821084261E0,8.629331589E-1,-4.951018333E0,5.763310905E0
9.616175795E0,-2.653810978E0,-4.392843246E-1,-3.965474606E0,4.791729570E0
9.626168764E0,-2.689191103E0,-1.228342533E0,-3.661701679E0,4.706233457E0
9.636178504E0,-2.528344154E0,-2.018879890E0,-3.350054741E0,4.657388425E0
9.646172879E0,-2.370127678E0,-2.745719433E0,-3.048161983E0,4.737907966E0
9.656164233E0,-2.216234207E0,-2.926723480E0,-2.770712852E0,4.599375403E0
9.666191577E0,-2.082389116E0,-3.784251690E0,-2.561154842E0,5.021595305E0
9.676163712E0,-2.152102947E0,-3.853978872E0,-2.400446177E0,5.024623577E0
9.686162670E0,-2.033050537E0,-3.880012035E0,-2.256222963E0,4.927304531E0
9.696169702E0,-1.928358078E0,-3.813639164E0,-2.120113850E0,4.770460280E0
9.706164233E0,-1.790882468E0,-1.803675652E0,-1.962124825E0,3.210987340E0
9.716167358E0,-1.895443320E0,-1.249861717E-1,-1.812507391E0,2.625549460E0
9.726167097E0,-3.350718498E0,2.254672527E0,-1.642281055E0,4.359810744E0
9.736165014E0,-3.351124763E0,3.654664993E0,-1.464385867E0,5.170206897E0
9.746165535E0,-3.309720993E0,5.043971062E0,-1.294558167E0,6.170233219E0
9.756164493E0,-3.167888641E0,5.950362206E0,-1.151827812E0,6.838789084E0
9.766187410E0,-1.589012384E0,6.051515102E0,-1.037526608E0,6.342101927E0
9.776164493E0,-1.469905496E0,6.084305286E0,-9.652531147E-1,6.333332974E0
9.786163972E0,-1.988568306E-1,6.017239094E0,-9.400019646E-1,6.093464864E0
9.796160066E0,1.067665219E0,5.189504623E0,-9.525250196E-1,5.383137670E0
9.806177514E0,2.334555626E0,4.099637985E0,-1.683658719E0,5.009180398E0
9.816153399E0,3.551614285E0,2.169704437E0,-1.664822102E0,4.482545482E0
9.826168452E0,4.369687557E0,2.190419197E0,-1.650094390E0,5.158964732E0
9.836163712E0,4.464474678E0,2.211794853E0,-1.609704137E0,5.235906610E0
9.846164233E0,4.393156052E0,2.238537312E0,-1.557329893E0,5.170700705E0
9.856168660E0,3.325729370E0,2.269948959E0,-1.503270864E0,4.298019010E0
9.866188452E0,2.118371010E0,2.205224514E0,-1.464375973E0,3.390414117E0
9.876163191E0,6.813145876E-1,8.223700523E-1,-1.416584015E0,1.774032790E0
9.886163972E0,-1.061488748E0,8.444309235E-1,-1.300713539E0,1.879275833E0
9.896165274E0,-3.248680592E0,9.829630852E-1,-1.091665268E0,3.565371659E0
9.906166837E0,-4.002399445E0,2.326744080E0,-2.228546143E-1,4.634932956E0
9.916165535E0,-4.139451504E0,2.373730183E0,-9.066176414E-2,4.772617027E0
9.926163452E0,-4.235793114E0,2.420474052E0,1.515507698E-2,4.878613288E0
9.936160327E0,-4.224482536E0,4.178994656E0,1.231610775E-1,5.943518965E0
9.946161889E0,-4.089554310E0,4.968627453E0,2.285382748E-1,6.439250186E0
9.956165795E0,-3.906512737E0,5.117564201E0,2.937352657E-1,6.444888325E0
9.966186629E0,-2.980441093E0,5.913938999E0,2.285959721E-1,6.626459063E0
9.976289024E0,-2.800911903E0,5.957248211E0,-6.245253086E-1,6.612408457E0
9.986158660E0,-2.667961359E0,6.004294872E0,-7.220687866E-1,6.609913620E0
9.996167254E0,-2.580668688E0,6.045033932E0,-7.717883587E-1,6.618001464E0
1.000616559E1,-2.551016331E0,6.097229004E0,-7.505457401E-1,6.651857241E0
1.001616684E1,-3.056864023E0,6.159959793E0,-6.784036160E-1,6.910119664E0
1.002616345E1,-3.021590471E0,6.746499538E0,-5.612759590E-1,7.413521140E0
1.003616710E1,-3.018865108E0,6.757357597E0,2.121465206E-1,7.404082279E0
1.004616606E1,-3.626577854E0,6.770346165E0,3.357822895E-1,7.687808782E0
1.005616632E1,-3.546602964E0,6.761001110E0,1.292552948E0,7.743398590E0
1.006618741E1,-3.429638147E0,6.716004848E0,2.929008961E0,8.089884575E0
1.007616345E1,-3.299926043E0,6.627023220E0,2.954907894E0,7.971099630E0
1.008616449E1,-3.183048964E0,5.963463783E0,2.980571985E0,7.387727009E0
1.009616481E1,-3.093226910E0,5.806866646E0,2.806131601E0,7.152770618E0
1.010616527E1,-3.021561146E0,4.735243797E0,2.805104494E0,6.278612649E0
1.011616371E1,-2.991590023E0,4.036290169E0,2.801535606E0,5.752377851E0
1.012616189E1,-2.968828678E0,3.276467323E0,2.760114908E0,5.212237154E0
1.013616241E1,-2.924138784E0,2.148258209E0,2.720825672E0,4.535250082E0
1.014616371E1,-2.843131065E0,2.050728798E0,2.484817266E0,4.296882557E0
1.015624012E1,-2.717339993E0,9.463720322E-1,2.454184771E0,3.781875136E0
1.016620517E1,-2.529373646E0,8.022837639E-1,2.426423311E0,3.595680793E0
1.017614840E1,-1.622608185E0,2.403926849E-2,2.404283524E0,2.900692067E0
1.018616376E1,-1.375500441E0,-8.499622345E-3,2.385265827E0,2.753464503E0
1.019616923E1,-1.124840975E-1,2.881956100E-2,2.170585394E0,2.173689074E0
1.020616606E1,1.500440121E0,1.673536301E-1,2.161671400E0,2.636693201E0
1.021616788E1,1.619630337E0,2.070719242E0,2.153793335E0,3.398515314E0
1.022616632E1,1.717343450E0,2.087387562E0,2.147307396E0,3.452156487E0
1.023616788E1,1.808516145E0,3.088070869E0,2.140724421E0,4.170085537E0
1.024616397E1,1.705410600E0,4.612306118E0,1.976056814E0,5.299678629E0
1.025616215E1,1.720812082E0,4.680051804E0,1.973575950E0,5.362749401E0
1.026619184E1,3.351605654E0,4.687313080E0,1.972332239E0,6.090505630E0
1.027617074E1,3.407975674E0,4.602931023E0,1.972070217E0,6.057254587E0
1.028616423E1,3.483099222E0,4.427015305E0,2.894187212E0,6.332990156E0
1.029617777E1,4.196837425E0,3.245727062E0,2.917977333E0,6.054979790E0
1.030617361E1,4.218551636E0,1.899383068E0,2.929556608E0,5.475959812E0
1.031617335E1,4.242654800E0,1.901148796E0,2.925578117E0,5.493040490E0
1.032617387E1,4.226085186E0,1.895394802E0,2.911426544E0,5.470714942E0
1.033622184E1,4.212228298E0,6.590175629E-1,2.884676456E0,5.147672255E0
1.034616871E1,4.199188232E0,5.232443810E-1,2.815133572E0,5.082513504E0
1.035615204E1,4.184370041E0,-2.305250168E-1,2.715988636E0,4.993865106E0
1.036623330E1,4.171510220E0,-3.514285088E-1,2.588225365E0,4.921779155E0
1.037617804E1,4.160288334E0,-1.078808784E0,2.457813263E0,4.951027515E0
1.038617439E1,4.134383678E0,-1.214832783E0,2.362012625E0,4.914066618E0
1.039617804E1,4.099695206E0,-2.142243385E0,2.302163124E0,5.166881318E0
1.040617751E1,4.045823097E0,-2.299739838E0,2.264891624E0,5.175637345E0
1.041617361E1,3.950598001E0,-3.358296394E0,2.242624998E0,5.649313775E0
1.042617491E1,3.757427692E0,-4.454545975E0,2.250440121E0,6.247057183E0
1.043617465E1,3.588113308E0,-4.569939137E0,2.229230165E0,6.223212029E0
1.044617465E1,3.419061661E0,-5.381033897E0,2.224700451E0,6.752392209E0
1.045617387E1,3.257086754E0,-5.472800732E0,2.221622229E0,6.745055026E0
1.046621658E1,3.098246574E0,-6.109172821E0,2.223545313E0,7.201755213E0
1.047617673E1,2.934177637E0,-6.167129040E0,2.240228176E0,7.187593567E0
1.048617465E1,2.791853905E0,-6.214913368E0,2.288570404E0,7.187290929E0
1.049617387E1,2.660114288E0,-6.238883018E0,2.986950159E0,7.410920361E0
1.050617309E1,2.552392006E0,-6.246917248E0,3.044025183E0,7.403024339E0
1.051618116E1,2.462496042E0,-6.216253281E0,3.818011761E0,7.699539299E0
1.052616220E1,2.385722399E0,-6.122323990E0,3.869727612E0,7.625569762E0
1.053614934E1,2.314352989E0,-5.463724613E0,4.466100216E0,7.426612118E0
1.054616100E1,2.242617369E0,-5.306144238E0,4.478485584E0,7.296665845E0
1.055616429E1,2.179242134E0,-4.302062511E0,4.471570015E0,6.576608285E0
1.056619080E1,2.099601746E0,-4.152649879E0,5.016672134E0,6.842501576E0
1.057616371E1,1.980462193E0,-3.266316414E0,4.971332550E0,6.269385994E0
1.058616814E1,1.818588972E0,-3.125658035E0,5.459656239E0,6.548652552E0
1.059617413E1,1.611878157E0,-2.273438931E0,5.407834053E0,6.083695005E0
1.060616142E1,-2.208431959E-1,-1.070537567E0,7.022352219E0,7.106915863E0
1.061616527E1,-1.571170211E0,-9.523124695E-1,7.601271629E0,7.820153787E0
1.062616397E1,-3.719614983E0,-8.330807686E-1,9.017099380E0,9.789670088E0
1.063616215E1,-5.996954918E0,1.367702484E-1,8.822636604E0,1.066869678E1
1.064616866E1,-7.091016769E0,2.121057987E0,1.078895473E1,1.308369023E1
1.065616423E1,-6.972126484E0,4.055938244E0,1.061546230E1,1.333226247E1
1.066619027E1,-5.385514259E0,6.550868034E0,9.548190117E0,1.277049609E1
1.067616241E1,-3.991721630E0,8.752241135E0,7.840472221E0,1.241001898E1
1.068616632E1,-1.524702668E0,1.020752621E1,6.217421055E0,1.204884368E1
1.069618762E1,4.237111807E-1,1.093138885E1,4.070478439E0,1.167234287E1
1.070617418E1,2.929452419E0,1.096670341E1,1.783353329E0,1.149045797E1
1.071616642E1,5.120562077E0,1.023739910E1,-6.832721233E-1,1.146696809E1
1.072616330E1,5.333457470E0,8.099689484E0,-3.007718563E0,1.015367467E1
1.073616632E1,4.181423664E0,5.545049191E0,-4.202625275E0,8.117507843E0
1.074617080E1,2.282967091E0,2.329854012E0,-4.210666656E0,5.326337592E0
1.075616684E1,4.634278417E-1,1.413402557E-1,-4.167528629E0,4.195597372E0
1.076619418E1,-8.938791156E-1,-1.680237770E0,-3.108319521E0,3.644704252E0
1.077616475E1,-3.007158518E0,-1.899326324E0,-2.915787458E0,4.599158547E0
1.078616762E1,-3.961896420E0,-8.779950142E-1,-2.631415129E0,4.836511559E0
1.079616866E1,-3.885961771E0,7.446246147E-1,-2.412900448E0,4.634355756E0
1.080616788E1,-3.044032574E0,2.008877277E0,-4.373008728E0,5.694289030E0
1.081616684E1,-2.095701218E0,3.860253334E0,-4.958119869E0,6.623931766E0
1.082616449E1,-6.732671261E-1,4.993170738E0,-4.972238541E0,7.078714484E0
1.083616241E1,-5.873011947E-1,5.771780968E0,-5.524184704E0,8.010929713E0
1.084616892E1,-5.011922121E-1,5.803974628E0,-5.352789879E0,7.911363638E0
1.085616293E1,-6.139616370E-1,5.736766815E0,-5.120175362E0,7.713860131E0
1.086618533E1,-5.276081562E-1,5.524287224E0,-4.307021141E0,7.024710016E0
1.087618804E1,-4.345702231E-1,3.844379425E0,-4.018679619E0,5.578341180E0
1.088616455E1,-3.404270113E-1,1.704891205E0,-3.188296795E0,3.631498454E0
1.089615486E1,-2.488647252E-1,1.695095062E0,-2.924866915E0,3.389709042E0
1.090616194E1,-3.576758504E-1,-7.252597809E-2,-2.656180859E0,2.681135727E0
1.091616580E1,-2.672774792E-1,-9.673233032E-1,-2.433043480E0,2.631891373E0
1.092616397E1,-1.796275377E-1,-1.129911423E0,-2.230845690E0,2.507117542E0
1.093616736E1,-9.185420722E-2,-1.943702698E0,-2.087699652E0,2.853928382E0
1.094617022E1,-5.933716893E-3,-1.986083031E0,-2.009126902E0,2.825093259E0
1.095616267E1,-1.264813095E-1,-2.006174564E0,-1.986440778E0,2.826071632E0
1.096619080E1,-1.168002654E-2,-1.955347061E0,-2.906799078E0,3.503284092E0
1.097616241E1,5.995899439E-2,-1.873181343E0,-2.922991276E0,3.472215636E0
1.098616736E1,1.302120686E-1,-1.750912666E0,-3.535154104E0,3.947146424E0
1.099617465E1,-1.698315144E-3,-8.604421616E-1,-3.561949730E0,3.664403018E0
1.100616710E1,6.598250568E-2,-1.862282753E-1,-4.193541050E0,4.198192611E0
1.101616449E1,1.327463686E-1,6.225252151E-1,-4.141935825E0,4.190559822E0
1.102616371E1,1.997933090E-1,1.663881302E0,-4.039877415E0,4.373674414E0
1.103616241E1,2.670267224E-1,1.688095093E0,-3.841012001E0,4.204086287E0
1.104616866E1,1.331485063E-1,3.233819962E0,-3.059753418E0,4.453920862E0
1.105620074E1,2.024035752E-1,3.392884254E0,-2.818746567E0,4.415649780E0
1.106619527E1,2.730610669E-1,4.203104973E0,-1.982075691E0,4.655027154E0
1.107615043E1,1.380653262E0,4.233699799E0,-1.758060575E0,4.787608422E0
1.108616324E1,1.515443683E0,4.198495865E0,-9.509985447E-1,4.563807108E0
1.109617100E1,2.209269285E0,4.086194038E0,-8.217920065E-1,4.717329180E0
1.110616241E1,2.255095959E0,3.075252533E0,-7.552653551E-1,3.887552145E0
1.111616892E1,2.263588428E0,2.941301346E0,-7.707306147E-1,3.790661138E0
1.112616866E1,2.203691959E0,1.736045837E0,-1.526665926E0,3.193872610E0
1.113616762E1,2.128072262E0,1.763277054E0,-1.573095918E0,3.180010737E0
1.114617048E1,1.397733331E0,1.709396362E0,-2.172007084E0,3.097306759E0
1.115616345E1,1.343422294E0,1.735027313E0,-2.115596056E0,3.048089551E0
1.116619340E1,3.622398973E-1,1.760185242E0,-1.985042572E0,2.677660143E0
1.117616423E1,3.843538165E-1,1.784968376E0,-1.267378449E0,2.222630895E0
1.118616580E1,2.055937797E-1,1.710747719E0,-1.106120348E0,2.047542132E0
1.119616840E1,2.272232771E-1,1.736269951E0,-2.964725494E-1,1.775995420E0
1.120616449E1,2.493420541E-1,1.761496544E0,-1.732597351E-1,1.787473208E0
1.121616423E1,2.923425734E-1,1.787159920E0,-5.719876289E-2,1.811815790E0
1.122616345E1,3.359147310E-1,1.812478065E0,7.925510406E-3,1.843360588E0
1.123620809E1,2.104108781E-1,1.738801956E0,1.403069496E-2,1.751542703E0
1.124618408E1,2.835153937E-1,1.763749123E0,-7.006072998E-2,1.787764093E0
1.125616757E1,3.562304080E-1,1.788455009E0,-9.321043491E-1,2.047996568E0
1.126621246E1,4.275188148E-1,1.812781334E0,-1.028689623E0,2.127710234E0
1.127616762E1,4.970554113E-1,1.836833954E0,-1.705326080E0,2.555222123E0
1.128616788E1,3.657796383E-1,1.760764122E0,-1.713819504E0,2.484202554E0
1.129616996E1,4.350584149E-1,1.784244061E0,-1.710121155E0,2.509445567E0
1.130616371E1,1.580864072E0,1.807634354E0,-1.704023838E0,2.944549271E0
1.131616527E1,1.693183184E0,1.831339836E0,-1.689410210E0,3.012437841E0
1.132616501E1,1.786649704E0,1.776115894E0,-1.595185518E0,2.981831932E0
1.133616423E1,1.747736335E0,1.807258606E0,-1.495318413E0,2.925191125E0
1.134617543E1,1.616811275E0,1.838113308E0,-1.408334970E0,2.824207256E0
1.135616606E1,6.054218411E-1,3.610359669E0,-1.313580036E0,3.889309072E0
1.136618845E1,6.326908469E-1,4.504189014E0,-1.187492609E0,4.700867482E0
1.137616449E1,-1.047649980E0,5.282990932E0,-2.803452015E-1,5.393158361E0
1.138616189E1,-1.219267964E0,5.964289188E0,4.337437153E-1,6.103072464E0
1.139616840E1,-2.299368382E0,6.065574646E0,1.236442447E0,6.603565754E0
1.140616397E1,-2.425077438E0,6.152592182E0,2.780568123E0,7.174046991E0
1.141628350E1,-3.131683826E0,6.188101292E0,2.828765631E0,7.490123909E0
1.142615366E1,-3.144646406E0,6.147653580E0,2.666188955E0,7.402094913E0
1.143614819E1,-3.160929680E0,6.046029091E0,2.671002150E0,7.326677057E0
1.144617418E1,-3.144122601E0,5.896926880E0,2.651333332E0,7.189493862E0
1.145616324E1,-3.152720690E0,5.068453789E0,2.611253500E0,6.515175853E0
1.146619106E1,-3.651844501E0,4.960658073E0,2.532573223E0,6.660181973E0
1.147616371E1,-3.534090757E0,4.846564293E0,2.258246422E0,6.409263595E0
1.148616866E1,-3.371543884E0,4.719808578E0,2.187370539E0,6.199071790E0
1.149617283E1,-3.177829027E0,4.006728172E0,2.118706226E0,5.535466019E0
1.150616606E1,-2.012445927E0,3.897221565E0,2.093034029E0,4.859945060E0
1.151616319E1,-1.755084872E0,3.814986229E0,1.833450556E0,4.582137468E0
1.152616736E1,-4.975699186E-1,3.724126816E0,1.776410580E0,4.155999388E0
1.153616319E1,4.698064327E-1,3.640779495E0,1.723702908E0,4.055507999E0
1.154617413E1,1.823002100E0,3.563709259E0,1.673756719E0,4.338758105E0
1.155617100E1,1.949011087E0,3.487616539E0,1.626268864E0,4.313567405E0
1.156621632E1,3.144943714E0,3.394259453E0,1.381349564E0,4.829057342E0
1.157617152E1,3.871591330E0,2.749821663E0,1.338316441E0,4.933743963E0
1.158617387E1,4.048768520E0,2.707252502E0,1.297730207E0,5.040421246E0
1.159616262E1,5.061859131E0,2.648427010E0,1.258202553E0,5.849757016E0
1.160617762E1,5.123585701E0,2.577385902E0,1.221275806E0,5.863920457E0
1.161618267E1,5.694012642E0,2.484051704E0,-3.167456388E-1,6.220339270E0
1.162616220E1,5.645967484E0,1.417363167E0,-4.429855347E-1,5.837987954E0
1.163616892E1,5.581411362E0,1.408572197E0,-5.661806464E-1,5.784184380E0
1.164617543E1,5.516821861E0,1.401595116E0,-6.772153974E-1,5.732225834E0
1.165617335E1,5.410612106E0,1.391389847E0,-7.339625955E-1,5.634659720E0
1.166621892E1,5.264334679E0,1.280979156E0,-7.420374155E-1,5.468523268E0
1.167617413E1,5.097329617E0,1.277180672E0,-6.660657525E-1,5.296942823E0
1.168617465E1,4.841599464E0,-5.118837357E-1,7.945683002E-1,4.932995957E0
1.169617413E1,4.612726212E0,-6.273250580E-1,8.261004090E-1,4.727919386E0
1.170617543E1,3.710054159E0,-1.323079109E0,6.591780186E-1,3.993689504E0
1.171616840E1,3.486762524E0,-1.402314186E0,6.930944324E-1,3.821567462E0
1.172617491E1,2.690485239E0,-1.480178833E0,7.279776335E-1,3.155882069E0
1.173617647E1,2.505214214E0,-1.571570873E0,1.724634409E0,3.423491947E0
1.174617335E1,2.342581034E0,-2.195750713E0,1.741669416E0,3.652727673E0
1.175617699E1,2.222743273E0,-2.249915600E0,1.757726669E0,3.618329851E0
1.176621449E1,2.188041449E0,-2.339744568E0,1.767814636E0,3.658838424E0
1.177617678E1,2.247793436E0,-3.007153034E0,1.759367704E0,4.146193365E0
1.178617517E1,3.205284357E0,-3.105226040E0,1.723099470E0,4.783863329E0
1.179621621E1,3.278261423E0,-3.852144718E0,1.639739513E0,5.317401862E0
1.180616194E1,4.179534435E0,-3.953690052E0,1.534674287E0,5.954443575E0
1.181616501E1,4.202171803E0,-4.607369423E0,1.418316603E0,6.395132746E0
1.182616501E1,4.217990875E0,-4.657336712E0,1.305925369E0,6.417762331E0
1.183616710E1,4.193555355E0,-4.713193893E0,2.809058130E-1,6.314983077E0
1.184616996E1,4.096433163E0,-4.738588333E0,2.700801492E-1,6.269603443E0
1.185616319E1,3.907823563E0,-4.740176678E0,6.306603551E-2,6.143642019E0
1.186618819E1,3.574979544E0,-4.682043076E0,1.902640820E0,6.190480449E0
1.187616527E1,2.758995056E0,-4.616722107E0,1.972335458E0,5.728549894E0
1.188616554E1,2.589013100E0,-4.544386864E0,2.742558718E0,5.905596424E0
1.189617100E1,2.419072390E0,-4.460800171E0,2.795010805E0,5.793335377E0
1.190616501E1,2.274366856E0,-4.377022743E0,3.370887995E0,5.974442113E0
1.191616267E1,2.127740860E0,-4.302718639E0,3.386003017E0,5.874154006E0
1.192616345E1,1.995017529E0,-4.235875130E0,3.391293287E0,5.781315007E0
1.193616345E1,1.883117914E0,-4.166407585E0,3.396590471E0,5.695780199E0
1.194617074E1,1.803367376E0,-4.093226910E0,3.338113308E0,5.581186333E0
1.195619288E1,1.730167866E0,-4.013044834E0,3.259306908E0,5.451705348E0
1.196618564E1,1.668079734E0,-3.909946918E0,3.145883083E0,5.288360358E0
1.197618423E1,1.630141735E0,-3.802219391E0,3.028077364E0,5.126742328E0
1.198616949E1,1.613648415E0,-3.685169220E0,2.930249691E0,4.977016841E0
1.199616382E1,1.631126642E0,-3.554807186E0,2.874312878E0,4.853751412E0
1.200616293E1,2.216245174E0,-2.843460083E0,3.499021530E0,5.023958557E0
1.201616527E1,2.109740496E0,-2.666026115E0,3.463014603E0,4.852954806E0
1.202616580E1,1.291352272E0,-6.519103050E-1,4.319958210E0,4.555723507E0
1.203616554E1,2.335729599E-1,2.057333946E0,5.351215363E0,5.737829306E0
1.204617439E1,6.850481033E-3,1.188956451E1,7.876924515E0,1.426210823E1
1.205616632E1,-6.463861465E-2,1.458797455E1,7.717165947E0,1.650357021E1
1.206618637E1,-2.147281170E-1,1.582712364E1,7.560315609E0,1.754144587E1
1.207616762E1,-1.131211042E0,1.584475517E1,4.956841469E0,1.664049826E1
1.208616215E1,-1.109889388E0,1.497450256E1,3.002634525E0,1.531285067E1
1.209616814E1,-8.616694212E-1,1.261399460E1,7.152743340E-1,1.266360736E1
1.210616345E1,-5.579771996E-1,8.330881119E0,-2.797936678E0,8.805871247E0
1.211616501E1,-5.004618168E-1,1.953983307E0,-4.680996895E0,5.097081981E0
1.212616371E1,-1.760468602E0,-1.282547951E0,-6.483690262E0,6.839767420E0
1.213616866E1,-3.955448151E0,-3.456185341E0,-7.700553894E0,9.321443958E0
1.214616038E1,-5.126106739E0,-3.561818123E0,-7.805741310E0,9.994654373E0
1.215618928E1,-5.959356308E0,-3.396041870E0,-7.789955616E0,1.037932736E1
1.216619585E1,-6.534786701E0,-1.370971203E0,-7.630220413E0,1.013919439E1
1.217616220E1,-6.514485836E0,6.098642349E-1,-7.326606750E0,9.822913344E0
1.218615986E1,-6.355970383E0,1.676047325E0,-6.173169136E0,9.017511371E0
1.219616996E1,-4.454057693E0,4.288633347E0,-5.886229515E0,8.536902472E0
1.220616501E1,-2.151579142E0,5.302871704E0,-5.608782768E0,8.013001014E0
1.221616449E1,-7.938795090E-1,5.320765495E0,-4.780030251E0,7.196490765E0
1.222616527E1,2.875571251E0,5.142463684E0,-4.449144840E0,7.383002951E0
1.223616241E1,3.663325071E0,4.076590538E0,-3.468685627E0,6.486163810E0
1.224617673E1,3.805934429E0,3.139721870E0,-3.178432465E0,5.869022341E0
1.225616501E1,3.830684423E0,1.349379539E0,-2.241026640E0,4.638660226E0
1.226616580E1,2.801424503E0,1.345959663E0,-1.014863014E0,3.269485220E0
1.227616345E1,1.444791675E0,1.399097443E-1,-1.055882454E0,1.794961135E0
1.228616481E1,-4.946574867E-1,-5.578470230E-1,-9.068987370E-1,1.174029237E0
1.229616632E1,-4.723379910E-1,-7.023506165E-1,-7.904795408E-1,1.158126708E0
1.230616371E1,-4.493298829E-1,-1.462669373E0,-6.821284294E-1,1.675290492E0
1.231618116E1,-4.297453165E-1,-1.483602524E0,-6.022244096E-1,1.657839475E0
1.232616319E1,-1.557464600E0,-1.464049339E0,-7.555397749E-1,2.267151693E0
1.233630215E1,-1.612401009E0,-1.392241955E0,-2.438704491E0,3.238125116E0
1.234616382E1,-1.620739698E0,-7.401123047E-1,-2.553448200E0,3.113625075E0
1.235616507E1,-4.952727854E-1,-5.921754837E-1,-3.450405598E0,3.535712902E0
1.236616554E1,-4.185109138E-1,1.326301575E0,-3.583248138E0,3.843682411E0
1.237616423E1,-5.411412120E-1,1.241269112E0,-4.454816818E0,4.656068696E0
1.238616397E1,-4.647568464E-1,1.256398201E0,-4.507241249E0,4.702101556E0
1.239617152E1,1.138275146E0,1.267827988E0,-4.472116947E0,4.785696199E0
1.240616580E1,2.537383795E0,2.419213295E0,-4.228225708E0,5.492613415E0
1.241616554E1,2.704479933E0,2.465270996E0,-3.239649773E0,4.887443446E0
1.242616267E1,3.436141014E0,2.514979362E0,-3.025709629E0,5.223706062E0
1.243616788E1,3.493395090E0,2.577736855E0,-2.102387428E0,4.823750558E0
1.244616892E1,3.452539206E0,2.624037743E0,-1.934267640E0,4.748367335E0
1.245616397E1,3.327613354E0,2.645581245E0,-1.784492016E0,4.610479640E0
1.246616267E1,2.547658920E0,2.630952835E0,-1.657973170E0,4.020118634E0
1.247616449E1,2.329603434E0,2.559772491E0,-1.576408625E0,3.803229091E0
1.248616501E1,1.096730709E0,2.439086914E0,-1.537460089E0,3.084760404E0
1.249617231E1,-5.060313344E-1,1.218738556E0,-1.560134530E0,2.043382277E0
1.250616876E1,-5.082432032E-1,1.239142418E0,-1.595129967E0,2.082840535E0
1.251618064E1,-7.081850767E-1,1.159863472E0,-1.648242235E0,2.136237778E0
1.252615059E1,-7.062563300E-1,1.180615425E0,-1.697288036E0,2.184819778E0
1.253616220E1,-7.028284669E-1,1.201377869E0,-1.733621955E0,2.223223273E0
1.254619392E1,-1.815692544E0,1.221688271E0,-1.755084395E0,2.805277683E0
1.255616371E1,-1.796368837E0,1.238718987E0,-1.761454344E0,2.804297975E0
1.256616501E1,-1.715621591E0,1.152706146E0,-1.756143570E0,2.712218490E0
1.257616788E1,-6.545088291E-1,1.167183876E0,-1.731836796E0,2.188597426E0
1.258616632E1,-5.656937957E-1,1.182184219E0,-1.729744196E0,2.170157594E0
1.259617543E1,-4.389986992E-1,1.217602730E0,-1.834052324E0,2.244777092E0
1.260616350E1,-5.535150766E-1,1.133694649E0,-2.501799107E0,2.801899582E0
1.261616840E1,-4.688655436E-1,1.150080681E0,-2.575125217E0,2.858984148E0
1.262616481E1,-3.866616189E-1,1.166754723E0,-3.267472029E0,3.491016650E0
1.263616345E1,-3.072562814E-1,1.183602333E0,-3.322593927E0,3.540473317E0
1.264616814E1,-2.307862788E-1,1.200768471E0,-3.410873652E0,3.623419144E0
1.265616293E1,-3.553037047E-1,1.118454933E0,-4.094900131E0,4.259740514E0
1.266616481E1,1.331926346E0,1.136537552E0,-4.079070091E0,4.438981663E0
1.267616397E1,1.404357910E0,1.156731606E0,-3.998963118E0,4.393399044E0
1.268617668E1,1.473692775E0,1.177515030E0,-3.861386299E0,4.297512791E0
1.269616251E1,1.522208929E0,1.200935364E0,-3.662765980E0,4.144299747E0
1.270616267E1,1.536129832E0,1.125047684E0,-2.757906675E0,3.351339491E0
1.271616871E1,1.495627642E0,2.411259651E0,-2.598570347E0,3.847550259E0
1.272616501E1,1.345628977E0,3.114299774E0,-1.839058757E0,3.858978821E0
1.273616580E1,-1.263670921E-1,3.817602158E0,-1.648251057E0,4.160142596E0
1.274616918E1,-1.071123928E-1,3.967887878E0,-6.775738001E-1,4.026749748E0
1.275616632E1,-2.868591547E-1,4.899389267E0,-5.248173475E-1,4.935760996E0
1.276616762E1,-2.624154389E-1,4.987237930E0,-3.841689825E-1,5.008891079E0
1.277616371E1,-2.162171125E0,5.717218399E0,1.360947847E0,6.262088249E0
1.278616554E1,-2.265766621E0,5.668083191E0,1.394495487E0,6.261428200E0
1.279617335E1,-2.305702448E0,5.539486885E0,1.198853135E0,6.118776640E0
1.280617361E1,-2.338310003E0,4.558144569E0,1.195641041E0,5.260601970E0
1.281617335E1,-2.371026278E0,4.374623299E0,1.191539764E0,5.116528278E0
1.282617361E1,-2.397055626E0,3.169946671E0,1.138004184E0,4.133943770E0
1.283617361E1,-2.365045309E0,2.437513351E0,1.089567304E0,3.566800746E0
1.284617309E1,-2.336775064E0,9.823970795E-1,8.451175690E-1,2.672048920E0
1.285617205E1,-2.331374407E0,9.935941696E-1,8.052630424E-1,2.659132296E0
1.286618272E1,-2.848582745E0,1.006590843E0,7.690939307E-1,3.117555814E0
1.287616147E1,-2.799580097E0,1.021349907E0,7.381216884E-1,3.070118561E0
1.288615205E1,-2.757538080E0,1.037636757E0,7.114912868E-1,3.030994252E0
1.289618106E1,-2.708392620E0,9.556741714E-1,4.928475618E-1,2.914035419E0
1.290617699E1,-2.652468204E0,9.748668671E-1,4.787565768E-1,2.866210188E0
1.291617595E1,-2.579946280E0,9.952955246E-1,4.716537595E-1,2.805208237E0
1.292617569E1,-2.466866016E0,1.016715050E0,4.661600888E-1,2.708586839E0
1.293617309E1,-2.277465582E0,1.040741920E0,4.622051120E-1,2.546296681E0
1.294617413E1,-1.492362618E0,2.071478844E0,2.596708536E-1,2.566242338E0
1.295617283E1,-4.176869392E-1,2.212120056E0,2.980767488E-1,2.270856066E0
1.296617387E1,1.182904840E0,2.292955399E0,2.977744043E-1,2.597225041E0
1.297618064E1,1.298730016E0,2.374276161E0,2.986557484E-1,2.722697596E0
1.298617413E1,1.212241888E0,2.470689774E0,1.013737917E-1,2.753927195E0
1.299617413E1,3.107461929E0,3.235523224E0,1.022392586E-1,4.487246710E0
1.300618246E1,3.863573074E0,3.292237282E0,1.044162139E-1,5.077098184E0
1.301617335E1,4.020943642E0,3.366377831E0,1.078525335E-1,5.245199676E0
1.302617595E1,4.922873497E0,3.433105469E0,1.125835702E-1,6.002796989E0
1.303617569E1,4.955618858E0,3.484673500E0,-8.191709220E-2,6.058697722E0
1.304620361E1,4.968427658E0,3.513567924E0,-7.382680476E-2,6.085711409E0
1.305617054E1,4.884186268E0,3.520301819E0,-6.657016277E-2,6.020982643E0
1.306614986E1,4.724430084E0,3.463774681E0,-5.814106762E-2,5.858443056E0
1.307616392E1,4.505734444E0,3.339932442E0,-4.988227785E-2,5.608857266E0
1.308616840E1,3.717317104E0,2.435257912E0,-2.398100495E-1,4.450442271E0
1.309616606E1,3.527652025E0,8.560419083E-1,-2.269620299E-1,3.637120884E0
1.310616371E1,3.347423077E0,8.675251007E-1,-2.128193080E-1,3.464553811E0
1.311616632E1,3.209300756E0,8.807125092E-1,-1.947003007E-1,3.333642764E0
1.312616736E1,3.115089178E0,-7.287406921E-1,-1.764089614E-1,3.204054261E0
1.313616371E1,3.170797586E0,-2.285043716E0,-3.156678081E-1,3.921100392E0
1.314616319E1,3.780246973E0,-2.438360214E0,-2.912022471E-1,4.507844991E0
1.315616554E1,3.771111488E0,-3.339250565E0,-2.632119954E-1,5.043922754E0
1.316616319E1,3.769475937E0,-3.414087296E0,-2.347535640E-1,5.091173748E0
1.317616423E1,3.750085115E0,-3.487335205E0,-4.067037702E-1,5.137124990E0
1.318616371E1,3.689667225E0,-3.574027538E0,-3.734747469E-1,5.150417504E0
1.319616345E1,3.581640720E0,-4.160691261E0,-3.393433392E-1,5.500423249E0
1.320616423E1,3.395142555E0,-4.181036949E0,-3.041712046E-1,5.394495626E0
1.321616423E1,3.163503170E0,-4.220221996E0,-2.688785195E-1,5.281128825E0
1.322626152E1,2.183178902E0,-4.280543804E0,-4.327713847E-1,4.824584588E0
1.323616715E1,1.985728741E0,-4.878827095E0,7.818448544E-1,5.325162329E0
1.324618543E1,1.776395082E0,-4.921992302E0,8.840832710E-1,5.306900314E0
1.325618012E1,1.057362676E0,-4.985419273E0,1.688719630E0,5.368816923E0
1.326615095E1,9.414284229E-1,-5.031932831E0,1.797827244E0,5.425755089E0
1.327616710E1,8.584394455E-1,-5.073493004E0,2.620048761E0,5.774244977E0
1.328616606E1,8.250998259E-1,-5.115714073E0,2.696413279E0,5.841400925E0
1.329616684E1,8.582174778E-1,-5.151407242E0,2.708944321E0,5.883189028E0
1.330616736E1,1.508839011E0,-5.171356201E0,2.662359238E0,6.008966370E0
1.331616371E1,1.606157064E0,-5.181991100E0,2.652583361E0,6.038954443E0
1.332616371E1,1.624340415E0,-5.140555382E0,2.541630030E0,5.960174043E0
1.333616527E1,1.640068412E0,-5.092396736E0,2.400691509E0,5.863927748E0
1.334616371E1,1.634663701E0,-5.033184052E0,2.224696398E0,5.740587180E0
1.335616449E1,1.598145604E0,-4.963367939E0,2.028487921E0,5.594984711E0
1.336616345E1,1.543778658E0,-4.874155521E0,1.845767021E0,5.435761261E0
1.337616501E1,1.468204260E0,-4.767449379E0,1.699622750E0,5.270001406E0
1.338616658E1,1.388709545E0,-4.659739017E0,1.566253901E0,5.108310209E0
1.339616423E1,1.315380096E0,-4.545811176E0,1.468870163E0,4.955018023E0
1.340629840E1,1.252804041E0,-4.455517769E0,1.442273021E0,4.847814767E0
1.341615194E1,1.206137657E0,-4.375901222E0,2.120192051E0,5.009839707E0
1.342615319E1,1.160192490E0,-4.301081657E0,2.157166719E0,4.949617995E0
1.343616168E1,1.101664543E0,-4.206341743E0,3.476303339E0,5.567015406E0
1.344616168E1,9.837677479E-1,-4.040442944E0,4.768137932E0,6.326777813E0
1.345616554E1,7.509315014E-1,-2.247951984E0,6.193345070E0,6.631342956E0
1.346616632E1,-6.566126347E-1,1.929399014E0,7.215478897E0,7.497790102E0
1.347616710E1,-7.706058025E-1,7.311319828E0,9.613306046E0,1.210226772E1
1.348616007E1,1.197676659E-1,1.277452374E1,9.454182625E0,1.589290313E1
1.349616580E1,1.345608473E0,1.869725800E1,8.001934052E0,2.038207711E1
1.350616371E1,1.398544550E0,1.894447327E1,6.181025982E0,1.997633791E1
1.351617179E1,2.094222784E0,1.881614304E1,4.300736904E0,1.941466831E1
1.352616371E1,2.357381582E0,1.570745659E1,1.821583748E0,1.598748285E1
1.353616527E1,3.387681961E0,1.029844093E1,-1.294414043E0,1.091832324E1
1.354616345E1,3.363429546E0,2.273593903E0,-4.033715725E0,5.723001843E0
1.355616371E1,7.513718605E-1,-3.282774448E0,-5.541532516E0,6.484577888E0
1.356616371E1,-2.093952179E0,-7.605257511E0,-6.267644882E0,1.007511538E1
1.357616580E1,-3.213620424E0,-9.130691528E0,-6.410472870E0,1.160995463E1
1.358616637E1,-4.468344212E0,-9.100152969E0,-7.487808228E0,1.260341843E1
1.359618064E1,-5.697841167E0,-7.512838840E0,-7.520686150E0,1.206104728E1
1.360618507E1,-6.762242317E0,-3.488632202E0,-8.220396996E0,1.120149109E1
1.361616220E1,-6.941890717E0,3.593320847E-1,-8.177134514E0,1.073240398E1
1.362616684E1,-6.909497261E0,3.802936077E0,-8.085888863E0,1.129535630E1
1.363616684E1,-5.850492477E0,6.325689316E0,-7.976057053E0,1.174138380E1
1.364616762E1,-4.206286430E0,7.845510960E0,-7.819813728E0,1.184881321E1
1.365616481E1,-1.591703653E0,8.565484047E0,-7.563450813E0,1.153719315E1
1.366616527E1,-1.452800035E0,8.458382607E0,-7.196664333E0,1.120030543E1
1.367616580E1,1.970408916E0,6.034296036E0,-5.022699356E0,8.094612330E0
1.368616710E1,2.250335693E0,4.115259171E0,-4.074675560E0,6.213078922E0
1.369616970E1,2.435212612E0,1.291002274E0,-3.695908070E0,4.610497131E0
1.370616918E1,2.444574594E0,1.249248505E0,-1.984561205E0,3.387484310E0
1.371616741E1,1.691171646E0,-2.872343063E-1,-1.745090842E0,2.447020051E0
1.372616397E1,6.968287826E-1,-1.060034752E0,-1.551591277E0,2.004165542E0
1.373616293E1,-8.795663118E-1,-1.214953423E0,-1.391288519E0,2.045832950E0
1.374616371E1,-1.039874315E0,-1.911886215E0,-1.459555149E0,2.620486353E0
1.375616267E1,-1.009672403E0,-1.922019482E0,-1.342920184E0,2.552847796E0
1.376619548E1,-2.347270250E0,-1.862453938E0,-1.281731606E0,3.259025653E0
1.377616137E1,-2.467039347E0,-1.741165161E0,-1.221938252E0,3.257464098E0
1.378618350E1,-2.585667849E0,-8.804020882E-1,-2.881206036E0,3.970155448E0
1.379616298E1,-2.668380260E0,-7.606143951E-1,-2.936581612E0,4.040086513E0
1.380616241E1,-2.678432465E0,1.348543167E-1,-3.036821365E0,4.051477528E0
1.381616527E1,-2.635021210E0,1.164146423E0,-3.826467752E0,4.789616804E0
1.382616554E1,-2.503355742E0,1.175816536E0,-3.882284164E0,4.766703770E0
1.383616449E1,-8.116211295E-1,1.187668800E0,-3.952086926E0,4.205743347E0
1.384616475E1,-9.369537830E-1,1.093560219E0,-3.944411993E0,4.199064457E0
1.385616449E1,-8.181785941E-1,1.119278908E0,-3.889166594E0,4.128900371E0
1.386616241E1,3.691179752E-1,2.102774620E0,-3.731990099E0,4.299495236E0
1.387617152E1,4.736089706E-1,1.127053261E0,-3.501546144E0,3.708824600E0
1.388616632E1,5.727949739E-1,1.033303261E0,-2.544896126E0,2.805762998E0
1.389616423E1,6.125023961E-1,1.041145325E0,-2.371321440E0,2.661260630E0
1.390616215E1,6.093223095E-1,1.050497055E0,-2.220882177E0,2.531231990E0
1.391616215E1,5.572194457E-1,1.061308861E0,-2.120433092E0,2.435796894E0
1.392616345E1,4.486439824E-1,1.075722694E0,-2.063948631E0,2.370304767E0
1.393616475E1,-7.164429426E-1,9.913034439E-1,-2.051586866E0,2.388510347E0
1.394617986E1,-6.852207184E-1,1.008333206E0,-2.092380524E0,2.421635717E0
1.395616330E1,-6.553593874E-1,1.025727272E0,-2.129236460E0,2.452602753E0
1.396629147E1,-6.266410351E-1,1.043429375E0,-2.138243675E0,2.460388153E0
1.397616142E1,-5.972628593E-1,1.061260223E0,-2.117249727E0,2.442486969E0
1.398617158E1,-7.688536644E-1,9.796218872E-1,-2.046855927E0,2.395916147E0
1.399616580E1,4.482764602E-1,9.980726242E-1,-1.917588711E0,2.207769737E0
1.400616580E1,5.200750232E-1,1.016691208E0,-1.191218972E0,1.650194438E0
1.401616345E1,6.104202867E-1,1.035380363E0,-1.073830128E0,1.611749536E0
1.402616580E1,1.205223083E0,1.054080009E0,-9.940594435E-1,1.884622382E0
1.403616554E1,1.125404835E0,9.930276871E-1,-1.072591305E0,1.844747174E0
1.404617335E1,1.036459327E0,1.011970520E0,-1.796555400E0,2.307800592E0
1.405617621E1,9.202435017E-1,-6.774559021E-1,-1.916958809E0,2.231709138E0
1.406617100E1,2.113327384E-1,-7.924957275E-1,-2.918465137E0,3.031525979E0
1.407617413E1,-9.092128277E-1,-8.725237846E-1,-3.002895594E0,3.256585277E0
1.408617257E1,-8.843846917E-1,-8.830304146E-1,-3.670952559E0,3.877856584E0
1.409617413E1,-8.587501645E-1,-8.132691383E-1,-3.661812782E0,3.848081521E0
1.410617283E1,1.506201625E-1,-6.587476730E-1,-3.630757332E0,3.693106244E0
1.411617413E1,2.372819781E-1,1.078408241E0,-3.539829731E0,3.708053613E0
1.412617335E1,3.210400343E-1,9.989719391E-1,-3.402787447E0,3.560895119E0
1.413617996E1,3.874692917E-1,1.021138191E0,-2.517218828E0,2.743947209E0
1.414617095E1,3.994310498E-1,1.043688774E0,-2.332035303E0,2.585965985E0
1.415615246E1,3.205165267E-1,2.894982338E0,-1.453514338E0,3.255204680E0
1.416617569E1,-8.638089895E-1,3.031733513E0,-1.239984989E0,3.387497135E0
1.417617699E1,-1.023841143E0,4.153084755E0,7.005644441E-1,4.334415094E0
1.418617543E1,-2.747057915E0,5.010921478E0,7.926818132E-1,5.769229212E0
1.419617152E1,-3.904682875E0,5.900925636E0,8.755211830E-1,7.129797266E0
1.420617309E1,-4.810044289E0,6.666604042E0,9.179542065E-1,8.271806057E0
1.421617777E1,-4.910012245E0,6.783859253E0,9.536997676E-1,8.428434603E0
1.422617960E1,-5.440260887E0,7.474514961E0,1.898531437E0,9.437649816E0
1.423617361E1,-4.735826492E0,7.374016762E0,1.897475481E0,8.966860597E0
1.424617413E1,-3.862758875E0,6.539526939E0,1.896495581E0,7.828346837E0
1.425617517E1,-2.736352682E0,5.601423264E0,1.910838962E0,6.520343098E0
1.426617387E1,-1.689722896E0,4.653566360E0,2.545333147E0,5.566827118E0
1.427616658E1,-3.025687337E-1,3.917017937E0,2.489800930E0,4.651202643E0
1.428616397E1,-1.657767296E-1,3.777669907E0,2.451864481E0,4.506651893E0
1.429616319E1,-3.800329566E-2,3.671025276E0,2.410242319E0,4.391712521E0
1.430616241E1,8.323557675E-2,3.617317200E0,2.341300011E0,4.309709691E0
1.431618637E1,-1.273535252E0,3.643866539E0,2.203858614E0,4.444845125E0
1.432616533E1,-1.933829904E0,3.725498199E0,1.980048656E0,4.641080436E0
1.433616012E1,-2.605989456E0,4.385203362E0,1.029997587E0,5.204045023E0
1.434616142E1,-2.695877075E0,4.455183983E0,8.261128664E-1,5.272464319E0
1.435616397E1,-2.748779774E0,4.535369873E0,-2.676083446E-1,5.310083272E0
1.436616423E1,-2.656032801E0,5.145915031E0,-5.021119118E-1,5.812664460E0
1.437617335E1,-1.569371819E0,5.180897713E0,-5.322138667E-1,5.439474296E0
1.438616397E1,1.926897317E-1,5.210574150E0,-5.582910180E-1,5.243939470E0
1.439616527E1,1.769033909E0,5.218505859E0,-5.559700131E-1,5.538175424E0
1.440617022E1,4.943174839E0,5.210378647E0,-7.073759437E-1,7.216883251E0
1.441616397E1,6.077663422E0,5.169384003E0,-6.669250131E-1,8.006579332E0
1.442617387E1,6.819441795E0,5.063531876E0,-6.258318424E-1,8.516795580E0
1.443616163E1,6.851060390E0,4.178984642E0,-5.828959942E-1,8.046161125E0
1.444616710E1,6.726254940E0,3.340327263E0,-5.403963327E-1,7.529430253E0
1.445616449E1,5.870033741E0,2.391101837E0,-6.978339553E-1,6.376647736E0
1.446616814E1,4.815873623E0,6.230592728E-1,-6.542572379E-1,4.899887156E0
1.447616710E1,3.754983902E0,6.492156982E-1,6.087657809E-1,3.859012944E0
1.448616215E1,2.916692019E0,-8.672304153E-1,7.016908526E-1,3.122747344E0
1.449618064E1,2.656851768E0,-1.959512711E0,1.415236592E0,3.591858293E0
1.450617267E1,2.414261341E0,-2.925141811E0,1.510593057E0,4.082524197E0
1.451616496E1,1.669148803E0,-3.825530052E0,1.602482796E0,4.470871170E0
1.452617126E1,1.515743852E0,-4.495870590E0,2.251233578E0,5.251512583E0
1.453616606E1,1.375062346E0,-4.629484653E0,2.254296064E0,5.329613059E0
1.454616892E1,1.280491233E0,-5.661664486E0,2.254919529E0,6.227259801E0
1.455616293E1,1.189922333E0,-5.739606380E0,2.226101875E0,6.270129673E0
1.456616449E1,1.061941266E0,-6.333566666E0,2.174991131E0,6.780292942E0
1.457617205E1,8.900053501E-1,-6.344913960E0,2.073420048E0,6.734175033E0
1.458616736E1,-1.231937408E-1,-6.459381104E0,2.105973244E0,6.795138280E0
1.459616371E1,-2.787719965E-1,-6.510548592E0,2.103805065E0,6.847696879E0
1.460616293E1,-1.930579662E0,-6.552152634E0,2.057544231E0,7.133815966E0
1.461616371E1,-1.953585267E0,-7.123373985E0,1.954339504E0,7.640575582E0
1.462616918E1,-1.981111050E0,-7.085932255E0,1.830952406E0,7.582059326E0
1.463616481E1,-2.007369041E0,-7.079745770E0,1.690564156E0,7.550519041E0
1.464616345E1,-2.200310230E0,-7.131650925E0,1.557681203E0,7.624183940E0
1.465616449E1,-2.189299107E0,-8.560012817E0,1.410165429E0,8.947369253E0
1.466616481E1,-2.175335884E0,-8.468295097E0,1.241475821E0,8.830932583E0
1.467619632E1,-2.106777191E0,-8.388256073E0,1.081136107E0,8.716088880E0
1.468618324E1,-2.040030003E0,-8.304844856E0,9.698462486E-1,8.606554028E0
1.469616340E1,-2.169009686E0,-8.419511795E0,9.184951782E-1,8.742792190E0
1.470618100E1,-5.524072647E-1,-9.422427177E0,8.733673096E-1,9.478927057E0
1.471616663E1,-4.338608980E-1,-9.491496086E0,8.395607471E-1,9.538427306E0
1.472616918E1,-3.065797091E-1,-1.011710167E1,1.318898439E0,1.020731259E1
1.473616606E1,3.827744722E-1,-1.009949780E1,1.196008682E0,1.017726922E1
1.474616606E1,4.227578640E-1,-1.004216957E1,1.051710367E0,1.010593828E1
1.475616501E1,3.507542610E-1,-9.928302765E0,9.152765274E-1,9.976570326E0
1.476616501E1,9.670948982E-2,-9.704779625E0,7.811059952E-1,9.736643511E0
1.477616892E1,-8.845732212E-1,-9.468241692E0,6.088848114E-1,9.528945966E0
1.478616814E1,-1.065293193E0,-7.644036293E0,4.300158024E-1,7.729880596E0
1.479616371E1,-1.244242907E0,-7.451543331E0,2.617554665E-1,7.559242975E0
1.480616293E1,-2.381990194E0,-7.246430874E0,1.418290138E-1,7.629203967E0
1.481616501E1,-2.417605400E0,-7.028252602E0,9.261651039E-1,7.489922049E0
1.482617205E1,-1.462362170E0,-6.796492577E0,8.540778160E-1,7.004303204E0
1.483616371E1,-1.420201540E0,-6.749106407E0,1.578245163E0,7.075186747E0
1.484616267E1,-6.317942142E-1,-6.538393021E0,1.487867832E0,6.735242973E0
1.485617199E1,-5.510311127E-1,-6.320103645E0,2.284054279E0,6.742718245E0
1.486616944E1,3.138389587E-1,-6.093926907E0,3.144421577E0,6.864534004E0
1.487615428E1,1.071108341E0,-5.827237606E0,4.226935387E0,7.278114726E0
1.488616116E1,1.884538651E0,-4.222258568E0,6.465101242E0,7.948363820E0
1.489616840E1,2.686303377E0,-2.364318371E0,8.291555405E0,9.030842609E0
1.490616944E1,3.823297024E0,2.607035637E-1,9.623846054E0,1.035876341E1
1.491616918E1,5.664903641E0,2.772195816E0,9.486082077E0,1.139131055E1
1.492617361E1,7.009664536E0,4.303747177E0,1.006589222E1,1.299922393E1
1.493616762E1,8.266333580E0,4.747399330E0,9.874204636E0,1.372479466E1
1.494616423E1,8.093862534E0,3.988357544E0,8.984777451E0,1.273357108E1
1.495616397E1,6.838286877E0,3.333211422E0,7.235642433E0,1.049890410E1
1.496616580E1,6.731602669E0,2.258821726E0,5.046687603E0,8.711245941E0
1.497617309E1,3.976576805E0,6.898181438E-1,3.278669834E0,5.199873848E0
1.498616554E1,1.364772081E0,-5.135447979E-1,2.232111931E0,2.666206062E0
1.499616267E1,-1.133837938E0,-4.951164722E-1,2.251934528E0,2.569423654E0
1.500616371E1,-3.530245304E0,-3.141980171E-1,2.272272110E0,4.210056157E0
1.501616267E1,-3.551791668E0,1.009904385E0,6.270642281E-1,3.745442626E0
1.502616892E1,-3.781532288E0,2.414154053E0,-3.767843246E-1,4.502231964E0
1.503617481E1,-3.832953453E0,3.553150177E0,-1.463327885E0,5.427498213E0
1.504617496E1,-3.823491573E0,4.277318001E0,-2.413729191E0,6.224196791E0
1.505616986E1,-3.756934643E0,4.364798546E0,-3.365516663E0,6.670286850E0
1.506616095E1,-3.624835730E0,4.428817749E0,-4.296003342E0,7.156081709E0
1.507617022E1,-3.633124113E0,5.046579361E0,-5.145508289E0,8.071171515E0
1.508616762E1,-1.716002226E0,4.997425079E0,-5.881726265E0,7.906555819E0
1.509616481E1,-1.453545094E0,4.863887310E0,-6.021925926E0,7.876152929E0
1.510616449E1,-6.086392403E-1,4.665251732E0,-7.452078342E0,8.812972658E0
1.511616710E1,-5.258028507E-1,4.435254097E0,-7.359342575E0,8.608592840E0
1.512617074E1,-6.148686409E-1,4.210549831E0,-7.406758308E0,8.542064269E0
1.513616319E1,-1.413888574E0,4.122300148E0,-7.264748573E0,8.471659297E0
1.514616710E1,-1.520544887E0,4.805564880E0,-7.109752178E0,8.715164176E0
1.515616632E1,-3.005668163E0,5.809866905E0,-6.949160576E0,9.543554226E0
1.516616554E1,-3.174966097E0,5.510796547E0,-6.962241650E0,9.429851382E0
1.517620356E1,-3.140100718E0,6.702228546E0,-6.770888329E0,1.003120276E1
1.518616423E1,-3.106080770E0,7.167247295E0,-6.572972775E0,1.020887568E1
1.519616481E1,-3.068065643E0,7.058154106E0,-6.371906281E0,9.991584250E0
1.520616580E1,-3.021145105E0,6.888136387E0,-6.153932095E0,9.718262234E0
1.521617007E1,-3.156183958E0,6.629635811E0,-6.116273880E0,9.556274082E0
1.522617861E1,-1.245477319E0,6.290912151E0,-5.874338627E0,8.696818024E0
1.523616616E1,-1.087207198E0,5.104939461E0,-5.614984512E0,7.666190544E0
1.524616975E1,-2.833104134E-1,3.780362606E0,-5.357288361E0,6.562921971E0
1.525616319E1,-1.610810757E-1,3.599293232E0,-6.522097588E0,7.451081520E0
1.526616163E1,-3.474593163E-2,3.333895206E0,-6.379958153E0,7.198606154E0
1.527622595E1,6.178555489E-1,2.062786102E0,-6.256156921E0,6.616368446E0
1.528617647E1,6.858150959E-1,1.905777454E0,-6.139633656E0,6.465093308E0
1.529617569E1,7.125663757E-1,1.898535728E0,-6.004641533E0,6.337815767E0
1.530617100E1,6.347372532E-1,2.782258987E0,-5.798649311E0,6.462831445E0
1.531617595E1,5.134193897E-1,2.685028553E0,-5.515387058E0,6.155686168E0
1.532617491E1,-2.163784504E-1,2.603632927E0,-5.207989693E0,5.826566801E0
1.533617283E1,-3.179271221E-1,2.530579090E0,-3.466291666E0,4.303496962E0
1.534617361E1,-4.509792328E-1,2.466335773E0,-3.224721670E0,4.084730623E0
1.535617335E1,-1.245996714E0,2.310387611E0,-3.190247774E0,4.131353239E0
1.536617465E1,-1.339857459E0,2.262003422E0,-2.963923216E0,3.961908419E0
1.537621580E1,-1.441220760E0,7.187261581E-1,-2.745388031E0,3.182898052E0
1.538618767E1,-1.539572001E0,5.587124825E-1,-2.534167290E0,3.017357360E0
1.539617361E1,-1.611930013E0,-1.987166405E-1,-2.383133888E0,2.883944139E0
1.540619293E1,-3.107646465E0,-3.133482933E-1,-2.437008142E0,3.961648949E0
1.541616439E1,-3.042857409E0,-4.207339287E-1,-2.297589779E0,3.836002742E0
1.542616923E1,-2.952616930E0,-5.352621078E-1,-2.164196968E0,3.699756854E0
1.543617231E1,-2.861389160E0,-6.474533081E-1,-2.036735296E0,3.571419099E0
1.544616944E1,-2.784700394E0,-7.399339676E-1,-1.923275352E0,3.464252681E0
1.545617517E1,-2.906680584E0,-8.129520416E-1,-2.012737751E0,3.627781180E0
1.546617491E1,-2.787277460E0,-8.814644814E-1,-1.912614942E0,3.493421129E0
1.547621762E1,-2.628891945E0,-8.078875542E-1,-1.774572492E0,3.273050975E0
1.548617309E1,-2.512735844E0,-3.106117249E-2,-1.678546906E0,3.021973847E0
1.549617179E1,-2.597703218E0,7.170991898E-1,-1.783292770E0,3.231474333E0
1.550617387E1,-2.482715607E0,1.736707687E0,-1.689575672E0,3.469105984E0
1.551617804E1,-2.369348764E0,1.722486496E0,-1.597249150E0,3.336461920E0
1.552616606E1,-2.257754087E0,3.218758583E0,-1.506145120E0,4.210265248E0
1.553616345E1,-2.147918463E0,3.308884621E0,-3.595783234E0,5.337783081E0
1.554616632E1,-2.235000134E0,3.353466988E0,-4.289256573E0,5.885464160E0
1.555616319E1,-2.116123915E0,3.318512917E0,-4.935205936E0,6.312429488E0
1.556617074E1,-1.991823912E0,3.165072441E0,-5.003231049E0,6.246388315E0
1.557624496E1,-1.871692538E0,1.532499313E0,-5.662061214E0,6.157168529E0
1.558617231E1,-1.755087495E0,1.524646759E0,-5.599686623E0,6.063115546E0
1.559615444E1,-1.841669083E0,1.419054031E0,-5.439721107E0,5.915743832E0
1.560616324E1,-1.732467890E0,1.406206131E0,-4.285468102E0,4.831572986E0
1.561617100E1,-1.626216412E0,1.395967484E0,-3.259908199E0,3.901321122E0
1.562616449E1,-1.522732854E0,1.389663696E0,-2.212717533E0,3.024235344E0
1.563616319E1,-1.415090442E0,2.609360695E0,-4.635639787E-1,3.004352802E0
1.564615981E1,-1.509211898E0,3.666997910E0,-5.023126602E-1,3.997112987E0
1.565616944E1,-1.406559348E0,4.634327888E0,-3.485076129E-1,4.855601068E0
1.566617335E1,-1.267526627E0,5.405629158E0,-1.618791521E-1,5.554606665E0
1.567617126E1,-1.761085987E-1,5.392782211E0,-5.591955781E-2,5.395946739E0
1.568616371E1,1.807916164E-2,5.312203407E0,-2.078439593E-1,5.316298619E0
1.569616397E1,8.270612955E-1,5.161518097E0,-1.599807143E-1,5.229808149E0
1.570616345E1,8.901197910E-1,4.130349159E0,-1.140463725E-1,4.226713143E0
1.571617861E1,9.182968140E-1,3.964840889E0,-6.862690300E-2,4.070373689E0
1.572616345E1,8.997592926E-1,3.007246017E0,-2.495360374E-2,3.139063248E0
1.573616267E1,8.166320324E-1,2.898328781E0,-1.812977493E-1,3.016631644E0
1.574616554E1,7.047685385E-1,2.793142319E0,-1.378928423E-1,2.883982861E0
1.575616783E1,-1.049793005E0,2.722163200E0,-9.474617988E-2,2.919111968E0
1.576617882E1,-1.025393605E0,2.698687553E0,-5.171409249E-2,2.887389981E0
1.577617001E1,-1.001227856E0,2.755996704E0,-1.025716960E-2,2.932248329E0
1.578616116E1,-1.176111460E0,2.903276443E0,1.842885733E0,3.634347272E0
1.579616606E1,-1.150099039E0,4.140602112E0,1.935851932E0,4.713261753E0
1.580616449E1,-1.123418331E0,4.904180527E0,2.046410084E0,5.431468459E0
1.581617335E1,-1.096011519E0,5.671335220E0,2.126548529E0,6.155281722E0
1.582616449E1,6.424868107E-1,6.360974312E0,2.166710138E0,6.750512301E0
1.583616501E1,1.429709077E0,7.520303726E0,-2.067210674E-1,7.657791443E0
1.584616007E1,2.370635509E0,7.563094139E0,-2.213522345E-1,7.929016489E0
1.585616371E1,3.045921087E0,7.559082031E0,-2.323994637E-1,8.152997359E0
1.586617283E1,3.808115005E0,7.484770775E0,-2.396090180E-1,8.401246689E0
1.587616267E1,3.929605484E0,7.349322319E0,-4.423172474E-1,8.345656496E0
1.588616345E1,4.536860466E0,6.438553810E0,-4.421009421E-1,7.888823188E0
1.589616345E1,4.454427719E0,6.289325714E0,-4.390074313E-1,7.719473542E0
1.590616345E1,4.302178383E0,5.214522362E0,-3.782313168E-1,6.770748941E0
1.591616762E1,4.124956608E0,4.358448982E0,1.552474618E0,6.198509659E0
1.592617934E1,3.306159496E0,3.367363930E0,2.372798443E0,5.282045333E0
1.593617090E1,3.123307943E0,2.269110680E0,2.426555395E0,4.559834084E0
1.594632054E1,2.186346054E0,9.956722260E-1,2.341594219E0,3.354778046E0
1.595615330E1,1.429093122E0,-7.571220398E-2,1.572944522E0,2.126545076E0
1.596616871E1,1.203466892E0,-1.271414757E0,1.493389606E0,2.301095513E0
1.597616293E1,2.463892698E-1,-2.482891560E0,1.371781588E0,2.847322056E0
1.598616319E1,9.333539009E-2,-3.720840931E0,1.266602635E0,3.931621925E0
1.599616371E1,-9.027767181E-2,-4.794616699E0,1.224333763E0,4.949292123E0
1.600616554E1,-9.021725655E-1,-5.670641899E0,1.219983339E0,5.870132386E0
1.601617100E1,-1.118401051E0,-6.433818817E0,1.277498960E0,6.654085142E0
1.602616371E1,-2.242684603E0,-7.115196228E0,1.272530913E0,7.568023951E0
1.603616554E1,-2.220086575E0,-7.175494671E0,1.270390034E0,7.617768637E0
1.604617257E1,-2.202737808E0,-7.257187366E0,1.255524039E0,7.687337832E0
1.605616475E1,-2.189389467E0,-8.437397003E0,1.225047588E0,8.802490331E0
1.606616788E1,-3.474618673E0,-8.567382812E0,1.165066004E0,9.318283210E0
1.607616345E1,-3.550260544E0,-8.496289253E0,1.079133034E0,9.271235576E0
1.608616554E1,-3.625104904E0,-8.425381660E0,9.759807587E-1,9.223935176E0
1.609616580E1,-3.680598021E0,-8.360774994E0,8.655986190E-1,9.175980670E0
1.610618428E1,-3.686523438E0,-8.295955658E0,7.648737431E-1,9.110343966E0
1.611616257E1,-3.639436007E0,-8.430321693E0,6.722985506E-1,9.206943230E0
1.612618923E1,-3.510460377E0,-8.361329079E0,6.008813381E-1,9.088245947E0
1.613616272E1,-2.213092804E0,-8.291623116E0,5.618515015E-1,8.600259924E0
1.614616298E1,-2.163796902E0,-8.221007347E0,5.451055765E-1,8.518457544E0
1.615616918E1,-2.115696192E0,-8.148859978E0,5.902112722E-1,8.439694228E0
1.616617257E1,-2.263346195E0,-8.275964737E0,1.666284084E0,8.740184836E0
1.617616554E1,-7.619154453E-1,-8.201774597E0,2.352477551E0,8.566432882E0
1.618616163E1,-6.497615576E-1,-8.126297951E0,2.394641638E0,8.496659169E0
1.619616449E1,9.134864807E-2,-8.008564949E0,3.055773258E0,8.572234675E0
1.620616397E1,1.810748577E-1,-8.127999306E0,3.005640507E0,8.667816084E0
1.621617387E1,8.040108681E-1,-8.031761169E0,2.915192604E0,8.582189049E0
1.622616449E1,8.317074776E-1,-7.903496742E0,2.799524307E0,8.425813577E0
1.623616345E1,1.435775518E0,-7.764821529E0,3.201900005E0,8.520919455E0
1.624616397E1,1.435690641E0,-7.596783161E0,3.071718931E0,8.319121300E0
1.625616371E1,2.029998302E0,-7.616696835E0,4.046960831E0,8.860748035E0
1.626616762E1,2.024991274E0,-7.423466206E0,5.037775993E0,9.197153208E0
1.627616241E1,1.981692076E0,-7.207735062E0,6.333245277E0,9.797374339E0
1.628618376E1,2.517731667E0,-5.345338821E0,9.930046082E0,1.155497447E1
1.629616423E1,4.134696007E0,-2.645113945E0,1.239789581E1,1.333417262E1
1.630624845E1,6.601701736E0,-3.953647614E-2,1.203613091E1,1.372779939E1
1.631617027E1,6.446331978E0,1.604959488E0,1.163359451E1,1.339670154E1
1.632616246E1,6.320764542E0,2.606326103E0,1.143549919E1,1.332349961E1
1.633616684E1,8.220519066E0,2.935661793E0,1.111540699E1,1.413319909E1
1.634616580E1,8.309743881E0,2.637953281E0,1.059065533E1,1.371760260E1
1.635616632E1,8.218595505E0,2.136091232E0,9.252657890E0,1.255865741E1
1.636616996E1,8.098928452E0,6.822009087E-1,6.571790218E0,1.045210346E1
1.637616632E1,4.165572166E0,-3.138512373E0,5.076255798E0,7.278092080E0
1.638616554E1,2.772686958E0,-3.082478762E0,5.013119221E0,6.505446380E0
1.639616397E1,1.017526150E0,-2.941992521E0,3.256088257E0,4.504751957E0
1.640616554E1,-1.109886885E0,-2.584443808E0,3.206072807E0,4.264985526E0
1.641616970E1,-2.594228745E0,-4.064230919E-1,3.165938377E0,4.113194418E0
1.642616371E1,-4.189865112E0,1.471857548E0,8.960142136E-1,4.530361550E0
1.643616710E1,-4.223378658E0,2.951910019E0,-3.635835648E-1,5.165548670E0
1.644616527E1,-4.404069424E0,4.004457474E0,-1.655932903E0,6.178480471E0
1.645616449E1,-4.367648125E0,4.699838161E0,-2.846726418E0,7.019165205E0
1.646617710E1,-4.285164833E0,4.795751572E0,-3.854409218E0,7.497889116E0
1.647618642E1,-2.617079735E0,4.862864494E0,-4.822099686E0,7.331384781E0
1.648620397E1,-2.363449812E0,4.866431236E0,-5.651478291E0,7.823506558E0
1.649617288E1,-1.451351881E0,4.742192268E0,-6.859525204E0,8.464508008E0
1.650616423E1,-1.323217869E0,4.499353886E0,-6.789146423E0,8.251521076E0
1.651617673E1,-1.252184629E0,3.567627668E0,-6.698972702E0,7.692344817E0
1.652617569E1,-1.250322819E0,3.329020977E0,-6.590071201E0,7.488305967E0
1.653617439E1,-1.307028294E0,3.087579250E0,-6.464903355E0,7.282612441E0
1.654617595E1,-1.926112056E0,2.885471821E0,-6.508903503E0,7.375749460E0
1.655617725E1,-2.025817871E0,3.546312809E0,-7.987931728E0,8.971472894E0
1.656617465E1,-2.042685509E0,5.138516903E0,-7.921481133E0,9.660578833E0
1.657617751E1,-2.031981468E0,4.955022812E0,-7.818678379E0,9.476968468E0
1.658617178E1,-1.998054981E0,4.677032948E0,-7.674705505E0,9.206952020E0
1.659617465E1,-1.909412503E0,6.105798244E0,-7.495495796E0,9.854394225E0
1.660616397E1,-1.762742758E0,6.046105862E0,-7.296235085E0,9.638345529E0
1.661617465E1,-9.235007763E-1,6.440294266E0,-7.075322151E0,9.611993938E0
1.662617387E1,-7.760276794E-1,6.179423809E0,-6.839900017E0,9.250498895E0
1.663617361E1,1.067399979E-3,5.869888783E0,-6.594503403E0,8.828537285E0
1.664617163E1,1.258966923E-1,4.952010155E0,-6.328929901E0,8.037014884E0
1.665618465E1,2.706675529E-1,4.640831470E0,-6.045351982E0,7.626064401E0
1.666615611E1,3.960683346E-1,3.072735310E0,-5.754301548E0,6.535331569E0
1.667617522E1,4.319789410E-1,2.928288460E0,-5.458350182E0,6.209272567E0
1.668617100E1,3.823728561E-1,2.701874733E0,-5.140758514E0,5.820114619E0
1.669616423E1,2.505493164E-1,2.600114822E0,-4.778355598E0,5.445737257E0
1.670617465E1,-8.085701466E-1,2.511768818E0,-3.022086382E0,4.011953935E0
1.671616866E1,-9.285886288E-1,2.435794353E0,-2.764223576E0,3.799513515E0
1.672617361E1,-1.861823559E0,2.383673191E0,-2.533283710E0,3.945353115E0
1.673617699E1,-3.245193481E0,1.010276794E0,-2.472288609E0,4.202874123E0
1.674617152E1,-3.196684837E0,1.811842918E-1,-2.263595104E0,3.921158565E0
1.675617621E1,-3.142289639E0,3.435945511E-2,-2.115246773E0,3.788064632E0
1.676616449E1,-3.052586317E0,-7.727675438E-1,-1.977466702E0,3.718309758E0
1.677616580E1,-3.159727573E0,-9.184660912E-1,-2.045658350E0,3.874554992E0
1.678616527E1,-3.037688255E0,-1.616401672E0,-1.920980215E0,3.940871641E0
1.679616137E1,-2.927863598E0,-1.679143429E0,-1.808166027E0,3.829017143E0
1.680616632E1,-2.782126188E0,-1.709721088E0,-1.701645613E0,3.682250687E0
1.681616554E1,-2.646707773E0,-1.666574001E0,-1.602412224E0,3.514293083E0
1.682616121E1,-2.714198589E0,-9.169707298E-1,-1.706314087E0,3.334549005E0
1.683617632E1,-2.591174603E0,-2.318339348E-1,-1.614415526E0,3.061743014E0
1.684614746E1,-2.468316555E0,6.031060219E-1,-1.523558497E0,2.962693704E0
1.685616090E1,-2.347110987E0,1.827947617E0,-4.716448784E-1,3.012104142E0
1.686616918E1,-2.229013205E0,1.814141273E0,-1.348905087E0,3.174768237E0
1.687616658E1,-2.312131882E0,3.260037422E0,-1.462169528E0,4.255788712E0
1.688616501E1,-2.195493460E0,3.925423622E0,-1.374915123E0,4.703140838E0
1.689617100E1,-2.065312862E0,3.997098923E0,-2.875867128E0,5.339749878E0
1.690616710E1,-1.926849604E0,4.014055252E0,-3.795277596E0,5.850600054E0
1.691616658E1,-1.953964710E0,3.870189667E0,-4.768839359E0,6.445011635E0
1.692616710E1,-1.813242435E0,3.145706177E0,-5.369997978E0,6.482298494E0
1.693616892E1,-1.676280379E0,3.016663551E0,-5.220461369E0,6.258066138E0
1.694616345E1,-1.545009494E0,2.893088341E0,-4.182110786E0,5.314796808E0
1.695616319E1,-1.419828176E0,2.783209801E0,-3.083419800E0,4.389720550E0
1.696616397E1,-1.500528455E0,2.694844246E0,-1.967057228E0,3.658289941E0
1.697616580E1,1.809676886E-1,2.632250786E0,-5.857458711E-1,2.702700821E0
1.698616345E1,3.475551605E-1,2.607013702E0,-4.280444682E-1,2.664683302E0
1.699616501E1,1.057165742E0,2.594988823E0,-2.773416340E-1,2.815756520E0
1.700616199E1,1.168336868E0,2.599199295E0,9.325436354E-1,2.998413855E0
1.701615673E1,1.252735615E0,2.607900620E0,1.070331812E0,3.084818042E0
1.702616856E1,1.324725270E0,2.644947052E0,1.180686951E0,3.185068857E0
1.703616350E1,1.343626857E0,2.717355728E0,1.273871303E0,3.288176300E0
1.704617621E1,1.341259003E0,3.409039497E0,1.954975963E0,4.152403764E0
1.705616501E1,1.300655365E0,3.537564278E0,2.054364920E0,4.292607671E0
1.706616866E1,1.246144652E0,4.493233681E0,2.691986084E0,5.384126158E0
1.707616397E1,1.156859994E0,4.610219955E0,2.719187737E0,5.475987128E0
1.708616554E1,1.037785530E0,5.398603439E0,2.736260891E0,6.140768809E0
1.709616788E1,1.842502356E-1,5.538614273E0,2.813363552E0,6.214918398E0
1.710616345E1,5.727052689E-2,5.573771477E0,2.754071474E0,6.217324028E0
1.711616814E1,-1.293717504E0,5.589116096E0,2.558147430E0,6.281404460E0
1.712616684E1,-1.262436509E0,5.596949577E0,1.408108950E0,5.907822046E0
1.713616397E1,-1.226513505E0,5.621906281E0,5.615689754E-1,5.781481239E0
1.714616371E1,4.682561159E-1,5.691164017E0,4.041314125E-1,5.724677620E0
1.715616397E1,1.569876075E0,6.331606865E0,3.117722273E-1,6.530770116E0
1.716616449E1,2.828077793E0,6.383980751E0,-7.858764529E-1,7.026438360E0
1.717616293E1,3.829677105E0,6.452620506E0,-7.961676121E-1,7.545635891E0
1.718629418E1,4.506039619E0,6.486458778E0,-8.030030131E-1,7.938724984E0
1.719615470E1,4.599514961E0,6.433068275E0,-7.767584324E-1,7.946273276E0
1.720615960E1,4.660969257E0,6.269514084E0,-9.250789285E-1,7.866842587E0
1.721616871E1,4.632187843E0,4.974287033E0,2.516769767E-1,6.801767197E0
1.722616554E1,4.464229584E0,3.869759560E0,9.002488256E-1,5.976188817E0
1.723616527E1,3.328828335E0,2.636133194E0,9.125193954E-1,4.343154147E0
1.724616658E1,2.277812481E0,1.150179863E0,9.041839242E-1,2.707192639E0
1.725616762E1,1.445592165E0,-2.574920654E-5,8.925064206E-1,1.698912717E0
1.726616632E1,1.269721389E0,-1.396289825E0,9.219019413E-1,2.100409691E0
1.727616684E1,1.030128837E0,-3.697651863E0,1.780797482E0,4.231434082E0
1.728616554E1,3.608138561E-1,-4.490944862E0,1.796171665E0,4.850258245E0
1.729616606E1,2.042968273E-1,-5.146128654E0,1.765507698E0,5.444391128E0
1.730616527E1,-4.943765402E-1,-5.814346790E0,1.673568845E0,6.070574062E0
1.731616996E1,-6.328740120E-1,-5.955131531E0,1.562675714E0,6.189190291E0
1.732616345E1,-1.927693844E0,-7.086259365E0,1.495110750E0,7.494426696E0
1.733616423E1,-1.924662709E0,-7.199432373E0,1.439802647E0,7.590071456E0
1.734616449E1,-2.125732899E0,-8.513113976E0,1.357025146E0,8.878815640E0
1.735616580E1,-2.114584446E0,-8.436187744E0,1.259606957E0,8.787908780E0
1.736628668E1,-2.105800152E0,-8.357839584E0,1.173754334E0,8.698596211E0
1.737615934E1,-2.082418442E0,-8.282163620E0,1.077148080E0,8.607609934E0
1.738615215E1,-2.057107925E0,-8.206291199E0,9.631463289E-1,8.514843458E0
1.739616376E1,-2.201076031E0,-8.335951805E0,8.372410536E-1,8.662205307E0
1.740616501E1,-2.145751238E0,-8.264414787E0,6.808214188E-1,8.565530804E0
1.741616814E1,-2.098785162E0,-8.188582420E0,4.967669249E-1,8.467854427E0
1.742616632E1,-2.051889420E0,-8.111610413E0,3.430508375E-1,8.374136227E0
1.743617074E1,-2.004635811E0,-8.033474922E0,2.593599558E-1,8.283872986E0
1.744616554E1,-2.155528307E0,-8.154242516E0,2.578631639E-1,8.438273917E0
1.745616554E1,-2.066384792E0,-8.034068108E0,1.301892638E0,8.397090026E0
1.746616267E1,-3.687865734E-1,-7.952341080E0,1.307303190E0,8.067513484E0
1.747616684E1,-2.946931124E-1,-7.868941784E0,1.301795006E0,7.981338175E0
1.748616788E1,-2.040647268E-1,-7.983241558E0,1.276583672E0,8.087240200E0
1.749616423E1,-1.154550314E-1,-7.895155430E0,1.248601913E0,7.994111324E0
1.750616501E1,-1.709175110E-2,-7.804992199E0,1.212837458E0,7.898681539E0
1.751616527E1,6.586713791E-1,-7.697441578E0,1.121631861E0,7.806568572E0
1.752616580E1,6.374344826E-1,-7.564321041E0,1.040221214E0,7.662071241E0
1.753616371E1,6.368708611E-1,-7.623278618E0,1.477735996E0,7.791256962E0
1.754623590E1,6.426959038E-1,-6.387697697E0,1.348148346E0,6.559972854E0
1.755617418E1,6.591246128E-1,-6.210867405E0,1.248605013E0,6.369327567E0
1.756618434E1,1.265658379E0,-6.018803596E0,1.702592611E0,6.381748151E0
1.757615934E1,1.187575579E0,-5.782827854E0,1.685382843E0,6.139376929E0
1.758616012E1,1.080647230E0,-4.207527161E0,3.539482594E0,5.603482870E0
1.759616632E1,1.694634914E0,-1.407519817E0,5.754683495E0,6.161921912E0
1.760616090E1,4.312042236E0,1.368754864E0,8.666974068E0,9.776688479E0
1.761616684E1,6.786014557E0,3.386941910E0,9.569761276E0,1.221072070E1
1.762616423E1,8.989059448E0,3.581737995E0,9.359567642E0,1.346230082E1
1.763616397E1,1.020450878E1,2.497445583E0,9.898654938E0,1.443442425E1
1.764616241E1,1.105352116E1,1.757818222E0,9.694030762E0,1.480690674E1
1.765616580E1,1.178939056E1,8.699097633E-1,8.766870499E0,1.471748930E1
1.766616527E1,1.165499496E1,-1.111018181E0,6.422912598E0,1.335391610E1
1.767616840E1,9.787363052E0,-2.949933529E0,4.103155136E0,1.101501091E1
1.768616527E1,7.561539650E0,-4.931436539E0,4.050749302E0,9.894671198E0
1.769616397E1,5.604822636E0,-4.676157475E0,4.015495777E0,8.330947836E0
1.770616397E1,5.466774940E0,-2.920269012E0,3.992237091E0,7.372350802E0
1.771617132E1,3.943038464E0,-7.400901318E-1,3.977097034E0,5.649122635E0
1.772622335E1,2.829052448E0,1.023256302E0,3.854305267E0,4.889402858E0
1.773616793E1,1.467010021E0,2.210846424E0,3.862100601E0,4.685699667E0
1.774615554E1,5.975818634E-2,2.442197561E0,2.757762909E0,3.684176466E0
1.775616637E1,-1.462032557E0,2.611500502E0,1.902019978E0,3.546146368E0
1.776617361E1,-2.824666739E0,2.746056557E0,9.303154945E-1,4.047845812E0
1.777616606E1,-3.831467152E0,2.865641832E0,-2.429676056E-1,4.790728223E0
1.778617335E1,-3.965609550E0,2.945123434E0,-1.492838860E0,5.160269277E0
1.779617595E1,-5.003464699E0,2.953228235E0,-2.654471397E0,6.387678326E0
1.780617413E1,-4.889153957E0,2.885160446E0,-3.622900486E0,6.734492197E0
1.781617387E1,-4.916216373E0,2.702775240E0,-4.443121433E0,7.156500926E0
1.782617491E1,-4.768472672E0,2.559051275E0,-6.015797615E0,8.091779532E0
1.783617491E1,-4.614994049E0,2.424531460E0,-5.980116844E0,7.933367529E0
1.784617309E1,-4.475048542E0,2.336174965E0,-5.922676563E0,7.782150769E0
1.785617569E1,-4.325201035E0,2.303289413E0,-5.855317593E0,7.635263599E0
1.786617283E1,-4.385962009E0,3.046302795E0,-5.968118191E0,8.008436689E0
1.787617413E1,-4.252475739E0,3.638474941E0,-5.865778446E0,8.107367426E0
1.788617335E1,-4.118837833E0,5.147490025E0,-5.758409023E0,8.753328117E0
1.789617804E1,-3.999379635E0,4.992335320E0,-5.619239807E0,8.514358779E0
1.790625283E1,-3.878111362E0,4.839035034E0,-5.475634575E0,8.272761437E0
1.791617731E1,-2.080825806E0,6.052457809E0,-6.530425072E0,9.143770184E0
1.792616173E1,-1.829617620E0,6.012297630E0,-6.436501503E0,8.995764283E0
1.793616298E1,-5.870382786E-1,6.668446064E0,-6.328080177E0,9.211806857E0
1.794617204E1,-3.187248707E-1,6.485983372E0,-6.201813698E0,8.979535566E0
1.795617413E1,6.497838497E-1,6.285714149E0,-6.072361946E0,8.763903298E0
1.796616168E1,8.349256516E-1,6.050919533E0,-5.930315018E0,8.513481323E0
1.797617986E1,9.507050514E-1,5.768874645E0,-5.739037991E0,8.192698690E0
1.798617387E1,9.914009571E-1,4.917236805E0,-5.488666058E0,7.435559747E0
1.799616684E1,9.164400101E-1,3.080971718E0,-5.211859703E0,6.123375751E0
1.800616397E1,7.961010933E-1,2.864681244E0,-4.943197727E0,5.768481546E0
1.801616293E1,-9.357786179E-2,2.761843204E0,-4.657013893E0,5.415192804E0
1.802616527E1,-1.877608299E-1,2.671821117E0,-4.358356476E0,5.115579477E0
1.803616371E1,-9.064724445E-1,1.434304714E0,-4.050103188E0,4.391156811E0
1.804617283E1,-1.004245281E0,1.283735752E0,-2.753698111E0,3.199896772E0
1.805616241E1,-1.747962952E0,1.127326488E0,-2.723722219E0,3.427083632E0
1.806616189E1,-1.862407804E0,9.735450745E-1,-2.518247366E0,3.279927230E0
1.807616319E1,-3.205058336E0,1.793446541E-1,-2.322146177E0,3.961934668E0
1.808625793E1,-3.134817839E0,6.951665878E-2,-2.138655424E0,3.795492388E0
1.809617835E1,-3.061637640E0,-4.317617416E-2,-1.964820027E0,3.638132345E0
1.810615262E1,-3.176595688E0,-1.468834877E-1,-2.039281845E0,3.777698422E0
1.811616335E1,-3.090028286E0,-2.600293159E-1,-3.138106823E0,4.411757528E0
1.812616501E1,-2.981331110E0,-3.840065002E-1,-3.116757393E0,4.330123881E0
1.813616658E1,-2.872152567E0,-5.051097870E-1,-3.110974312E0,4.264101011E0
1.814617152E1,-2.732155800E0,-6.232819557E-1,-3.131233454E0,4.202115973E0
1.815616423E1,-2.792952061E0,-7.197203636E-1,-3.156921864E0,4.276065279E0
1.816616658E1,-2.657307148E0,-7.765340805E-1,-3.158591032E0,4.200117113E0
1.817616918E1,-2.485441208E0,-6.940855980E-1,-3.056034565E0,3.999815005E0
1.818616215E1,-2.356122017E0,-2.139186859E-2,-2.904500008E0,3.740038618E0
1.819617178E1,-2.427853823E0,6.762981415E-2,-2.743710041E0,3.664286119E0
1.820616501E1,-9.732960463E-1,1.754132271E0,-2.569345951E0,3.259727570E0
1.821616241E1,-8.176527023E-1,1.734984398E0,-2.381630421E0,3.057922540E0
1.822616423E1,-6.451203823E-1,1.719065666E0,-8.655507565E-1,2.029912605E0
1.823616345E1,-4.764387608E-1,1.705784798E0,-7.308396101E-1,1.915938988E0
1.824616918E1,-3.213706017E-1,3.421435356E0,-7.959181666E-1,3.527461508E0
1.825616215E1,-1.916497946E-1,3.484692574E0,-6.637098789E-1,3.552509364E0
1.826622824E1,-1.259510517E-1,3.554343224E0,-5.296204090E-1,3.595791595E0
1.827617574E1,-1.166357994E-1,3.604969978E0,-4.039261639E-1,3.629403367E0
1.828616116E1,-1.770510674E-1,3.636437416E0,-3.346045613E-1,3.656088672E0
1.829617939E1,-1.791909575E0,3.632953644E0,-4.664565921E-1,4.077606388E0
1.830616814E1,-1.700785875E0,3.600796700E0,-3.977906704E-1,4.002080319E0
1.831616475E1,-1.612158179E0,3.536915779E0,-1.934328318E0,4.341710868E0
1.832616580E1,-1.525860786E0,3.460079193E0,-1.944581270E0,4.252269450E0
1.833616736E1,-2.599427700E0,3.367225647E0,-1.946549535E0,4.678064559E0
1.834617100E1,-2.621906281E0,3.265339851E0,-1.906996965E0,4.601464366E0
1.835616501E1,-2.599611759E0,2.525874138E0,-1.705109000E0,4.005673247E0
1.836616267E1,-2.447581291E0,2.461365700E0,-1.566231847E-1,3.474695110E0
1.837616265E1,-2.214200258E0,2.379567146E0,-9.717839956E-2,3.251840437E0
1.838616421E1,-1.211583376E0,1.309124947E0,-2.384603769E-1,1.799612668E0
1.839616630E1,-1.008367538E-2,1.316280365E0,-1.809637249E-1,1.328699947E0
1.840616447E1,9.418833256E-1,1.324597359E0,-1.245843992E-1,1.630099271E0
1.841616187E1,1.895038128E0,1.333899498E0,-6.927215308E-2,2.318459835E0
1.842616187E1,2.765049934E0,2.381484985E0,1.069170475E0,3.802643473E0
1.843616213E1,3.592770576E0,3.538800240E0,1.137832284E0,5.169697269E0
1.844623140E1,3.791415930E0,4.193909645E0,1.201435208E0,5.779892683E0
1.845616505E1,4.515318871E0,4.344317436E0,1.231022000E0,6.385656869E0
1.846614963E1,4.476119041E0,5.556019783E0,1.252041698E0,7.243797755E0
1.847616062E1,4.388991833E0,6.266902924E0,1.303082943E0,7.761143390E0
1.848616682E1,4.245688438E0,6.413384438E0,1.315124393E0,7.803007268E0
1.849616921E1,4.054234505E0,7.372556686E0,1.291836500E0,8.512358725E0
1.850616057E1,3.266108036E0,7.428494453E0,1.174650431E0,8.199377731E0
1.851616447E1,3.108932495E0,7.446099281E0,-1.710880101E-1,8.070881419E0
1.852616265E1,2.946594715E0,7.425451279E0,-1.571646631E-1,7.990272075E0
1.853616864E1,2.953983307E0,7.317379951E0,-3.009840548E-1,7.896876480E0
1.854616942E1,3.811784983E0,7.211404800E0,-2.818441987E-1,8.161709386E0
1.855616291E1,3.908144236E0,6.294670105E0,-2.614058852E-1,7.413824663E0
1.856616343E1,4.582604408E0,5.605706215E0,-2.395781428E-1,7.244418749E0
1.857616395E1,4.500691414E0,4.750492096E0,-3.803086281E-1,6.555000611E0
1.858615900E1,4.371018410E0,3.794171333E0,8.622814417E-1,5.851928514E0
1.859616942E1,4.209667206E0,2.827596664E0,1.613870740E0,5.321764712E0
1.860616812E1,3.376974106E0,1.196429253E0,1.770545244E0,3.996276708E0
1.861616395E1,2.653411627E0,1.222329140E0,1.858339548E0,3.462384679E0
1.862620255E1,1.677188754E0,-4.940109253E-1,1.855843782E0,2.549738233E0
1.863616687E1,7.327330112E-1,-1.783113480E0,1.817917705E0,2.649757749E0
1.864617807E1,5.192594528E-1,-3.101728916E0,1.725438356E0,3.587128402E0
1.865616244E1,-3.393188715E-1,-4.314858913E0,1.596547246E0,4.613253499E0
1.866616109E1,-4.525115490E-1,-5.297066689E0,1.483651876E0,5.519502251E0
1.867617202E1,-5.907039642E-1,-6.082682133E0,1.378260612E0,6.264786941E0
1.868616317E1,-7.490634918E-1,-6.755453587E0,1.272071719E0,6.914869177E0
1.869616942E1,-2.272067547E0,-6.883125305E0,1.176786423E0,7.343332431E0
1.870616005E1,-2.253396749E0,-8.350063324E0,1.107658863E0,8.719418707E0
1.871616765E1,-2.382546425E0,-8.441290855E0,1.156601667E0,8.847013405E0
1.872616374E1,-2.358724117E0,-8.370294571E0,1.166200519E0,8.774134391E0
1.873616343E1,-2.340402365E0,-8.297348022E0,1.116776705E0,8.693138538E0
1.874616812E1,-2.325650692E0,-8.222836494E0,1.049178004E0,8.609556646E0
1.875616395E1,-2.270556688E0,-8.159399986E0,9.663351178E-1,8.524379119E0
1.876616161E1,-2.427908421E0,-8.290937424E0,8.762590885E-1,8.683444746E0
1.877616291E1,-2.384379148E0,-8.222215652E0,8.074707389E-1,8.598959423E0
1.878616109E1,-2.341114283E0,-8.152832985E0,7.568525076E-1,8.516004197E0
1.879616838E1,-2.296154976E0,-8.083275795E0,7.118636370E-1,8.433174081E0
1.880619755E1,-2.250674725E0,-8.013050079E0,7.197965384E-1,8.354197469E0
1.881616661E1,-2.405709505E0,-8.141173363E0,1.327853441E0,8.592399939E0
1.882617317E1,-8.033604622E-1,-8.068231583E0,1.335687757E0,8.217409001E0
1.883616140E1,-6.684577465E-1,-7.994362354E0,1.909875989E0,8.246471458E0
1.884616661E1,1.757340431E-1,-7.919484138E0,1.915918589E0,8.149837760E0
1.885616812E1,2.693524361E-1,-7.843110561E0,2.487421036E0,8.232508574E0
1.886616552E1,9.960334301E-1,-7.964397907E0,2.492181778E0,8.404444457E0
1.887616374E1,1.040656567E0,-7.857484341E0,2.472348213E0,8.302742435E0
1.888616604E1,1.636691093E0,-7.737991333E0,2.986656904E0,8.454311744E0
1.889618088E1,1.582470655E0,-7.559960365E0,2.947001934E0,8.266924126E0
1.890616083E1,1.456117392E0,-7.605377197E0,2.797153234E0,8.233231831E0
1.891616447E1,1.279606342E0,-7.430231571E0,2.621314526E0,7.982294372E0
1.892616447E1,1.110494375E0,-7.242754936E0,2.428876162E0,7.719464763E0
1.893616395E1,9.236450195E-1,-7.024111748E0,2.233888865E0,7.428426847E0
1.894616864E1,7.765629292E-1,-6.795392036E0,2.126278639E0,7.162504015E0
1.895616291E1,6.816072464E-1,-6.757949352E0,3.403394461E0,7.597207496E0
1.896616447E1,6.458513737E-1,-6.511900425E0,6.066740036E0,8.923413349E0
1.897616187E1,2.988205433E0,-3.207829952E0,8.829151154E0,9.857659702E0
1.898619770E1,5.980033398E0,-1.360406876E-1,1.032788372E1,1.193501105E1
1.899619630E1,8.414662361E0,2.478626251E0,1.001407528E1,1.331284472E1
1.900615354E1,9.298869133E0,4.090533733E0,9.851367950E0,1.415100293E1
1.901616052E1,9.212553978E0,4.340444565E0,1.039125443E1,1.454952846E1
1.902617697E1,9.174840927E0,4.648300171E0,1.020056534E1,1.448571482E1
1.903617124E1,9.214187622E0,4.940807819E0,9.879853249E0,1.438486481E1
1.904617150E1,9.174484253E0,2.575938225E0,8.065248489E0,1.248418408E1
1.905618166E1,7.679019451E0,3.587231636E-1,5.341985703E0,9.361241012E0
1.906617385E1,5.256207466E0,-1.805670023E0,3.945226192E0,6.815641633E0
1.907617333E1,3.094763279E0,-4.039835453E0,5.259203911E0,7.318268649E0
1.908617202E1,2.416998863E0,-2.340826511E0,5.127735615E0,6.133108901E0
1.909617593E1,2.215598583E0,-9.111113548E-1,3.758271694E0,4.456860679E0
1.910617307E1,6.942253113E-1,3.372349739E-1,3.739567757E0,3.818382277E0
1.911617176E1,-3.502769470E-1,1.318410873E0,3.761996746E0,4.001689729E0
1.912617359E1,-1.398611069E0,1.516382694E0,2.535619259E0,3.268775676E0
1.913617333E1,-2.373534203E0,2.366880178E0,1.660491467E0,3.740724302E0
1.914617229E1,-3.214851856E0,2.483981609E0,5.558481216E-1,4.100537066E0
1.915617255E1,-3.340475082E0,2.578523874E0,-6.845035553E-1,4.275056054E0
1.916618041E1,-4.773808479E0,2.669876337E0,-1.901559353E0,5.790804350E0
1.917616223E1,-4.667305470E0,2.723800898E0,-3.101929188E0,6.230954691E0
1.918615838E1,-4.541070461E0,2.762484789E0,-4.056915283E0,6.686643759E0
1.919619499E1,-3.485894203E0,2.758255482E0,-4.231657028E0,6.137291984E0
1.920617046E1,-3.311056614E0,2.750855207E0,-5.016413212E0,6.610196804E0
1.921617775E1,-3.160027742E0,3.313202620E0,-5.070541382E0,6.831798946E0
1.922617255E1,-3.052581310E0,3.295563221E0,-5.088515282E0,6.787634151E0
1.923617150E1,-2.964604855E0,3.883543968E0,-5.074487209E0,7.044232828E0
1.924616447E1,-2.908170700E0,3.837677002E0,-5.032042503E0,6.964673241E0
1.925616833E1,-2.821511745E0,4.504944801E0,-5.081279755E0,7.353561051E0
1.926616312E1,-2.711861610E0,5.368785858E0,-5.978068829E0,8.480292560E0
1.927616416E1,-2.562657833E0,5.209489822E0,-5.832095146E0,8.229175729E0
1.928616234E1,-1.781971693E0,4.936094284E0,-5.872489452E0,7.875695669E0
1.929617223E1,-1.620718241E0,4.765759468E0,-5.708347321E0,7.610809422E0
1.930616338E1,-8.075373173E-1,4.584697247E0,-5.531394482E0,7.229653538E0
1.931616234E1,-6.327316761E-1,4.409290791E0,-6.924421310E0,8.233456451E0
1.932616338E1,7.498955727E-2,4.220320225E0,-6.857327938E0,8.052308531E0
1.933616234E1,2.315044403E-1,3.929107189E0,-6.782539368E0,7.841831284E0
1.934619103E1,3.863155842E-1,3.757730007E0,-7.270507336E0,8.193293078E0
1.935617213E1,1.096055031E0,3.598455429E0,-7.101255417E0,8.036046702E0
1.936617327E1,1.164181471E0,3.458875656E0,-6.919229507E0,7.822715403E0
1.937616265E1,1.226610899E0,3.331050396E0,-6.712904930E0,7.593652852E0
1.938616030E1,1.236384630E0,3.100444794E0,-6.420751572E0,7.236536162E0
1.939617093E1,1.230029583E0,2.982123852E0,-6.068280220E0,6.872412988E0
1.940616312E1,1.178915739E0,2.885090828E0,-5.061161518E0,5.943815889E0
1.941616312E1,1.101331472E0,2.799061775E0,-4.766644478E0,5.636362072E0
1.942616885E1,9.909555912E-1,1.638956547E0,-4.498160362E0,4.888928123E0
1.943616468E1,1.219928265E-1,1.433664322E0,-4.211954117E0,4.450936207E0
1.944616859E1,-6.976947784E-1,1.335974216E0,-3.950895309E0,4.228614295E0
1.945616780E1,-8.438704014E-1,1.279512882E0,-3.683790445E0,3.989935152E0
1.946616260E1,-1.937181711E0,1.249001503E0,-3.412105560E0,4.117662212E0
1.947616520E1,-3.415554047E0,1.231425285E0,-2.183152199E0,4.236575410E0
1.948615869E1,-3.377502203E0,1.208375454E0,-1.991616368E0,4.102953586E0
1.949617275E1,-3.315129042E0,1.148803711E0,-1.810424089E0,3.948096492E0
1.950616468E1,-3.249281406E0,1.040369034E0,-1.636762023E0,3.784070203E0
1.951616156E1,-3.157895327E0,8.704538345E-1,-1.472607255E0,3.591457211E0
1.952617379E1,-3.262134790E0,-1.524543762E-1,-1.516281843E0,3.600538342E0
1.953617411E1,-3.131334782E0,-3.402142525E-1,-1.404803872E0,3.448837075E0
1.954617046E1,-2.960132122E0,-1.303752899E0,-1.299957514E0,3.485978104E0
1.955616572E1,-2.791166544E0,-1.449708939E0,-1.197263956E0,3.365368875E0
1.956616702E1,-2.625530005E0,-1.588943005E0,-1.098399997E0,3.259544482E0
1.957616494E1,-2.662845850E0,-1.697753906E0,-2.810039043E0,4.227225541E0
1.958616494E1,-2.503764868E0,-1.755057812E0,-3.454875946E0,4.613592336E0
1.959617275E1,-2.362167120E0,-1.733023643E0,-3.559591770E0,4.610195009E0
1.960616004E1,-2.227833986E0,-1.073514938E0,-4.469967365E0,5.108452490E0
1.961616338E1,-9.419608116E-1,1.729994774E0,-4.528651237E0,4.938507276E0
1.962616182E1,-8.043981791E-1,1.719016075E0,-4.452954292E0,4.840544869E0
1.963616598E1,-6.753596067E-1,3.053875923E0,-4.263130188E0,5.287395176E0
1.964616754E1,-5.679296255E-1,3.177547455E0,-3.494755745E0,4.757380540E0
1.965616286E1,-4.861953259E-1,4.088430405E0,-3.223654509E0,5.229110580E0
1.966616051E1,-4.247515202E-1,4.114496231E0,-2.169157505E0,4.670624944E0
1.967616338E1,-4.370784760E-1,4.127367020E0,-1.889166117E0,4.560169375E0
1.968616364E1,-4.880024195E-1,4.099847794E0,-3.468599170E-2,4.128934658E0
1.969616807E1,-1.527417660E0,4.029360771E0,1.349403262E-1,4.311259888E0
1.970617333E1,-1.419032931E0,3.953174591E0,2.957574129E-1,4.210548213E0
1.971656885E1,-1.505972147E0,3.914827347E0,2.487337440E-1,4.201867887E0
1.972616171E1,-1.398932934E0,3.943653107E0,3.590654135E-1,4.199802513E0
1.973616031E1,-1.296525955E0,4.007039070E0,4.591778815E-1,4.236529947E0
1.974616447E1,-1.200048923E0,4.092585564E0,4.950955212E-1,4.293540915E0
1.975616728E1,-1.103363872E0,4.718543053E0,5.296192169E-1,4.874685312E0
1.976616728E1,-1.171736479E0,4.729363441E0,3.654282689E-1,4.886039578E0
1.977616156E1,9.399378300E-2,4.737452507E0,4.012042880E-1,4.755339732E0
1.978616390E1,3.275803924E-1,4.714920998E0,4.750849605E-1,4.750104699E0
1.979616859E1,4.886502624E-1,4.687610626E0,5.090246797E-1,4.740419664E0
1.980616598E1,6.373179555E-1,4.647393227E0,3.436949253E-1,4.703462999E0
1.981616312E1,7.813628912E-1,4.586475372E0,3.784449995E-1,4.667922978E0
1.982616546E1,8.720363379E-1,4.485701561E0,4.125239253E-1,4.588261311E0
1.983616676E1,9.357891679E-1,3.783040047E0,4.462532997E-1,3.922529206E0
1.984616676E1,9.954083562E-1,3.723293304E0,4.796056151E-1,3.883783255E0
1.985616129E1,1.080312371E0,3.723826408E0,3.116155863E-1,3.889866606E0
1.986616129E1,1.782630682E0,3.821161270E0,1.598391294E0,4.509312623E0
1.987617796E1,1.931187391E0,4.771414757E0,1.733693957E0,5.431535534E0
1.988615801E1,3.089430809E0,5.458338737E0,2.610070944E0,6.793417022E0
1.989618385E1,3.225612640E0,6.126472473E0,2.567562580E0,7.384485051E0
1.990615874E1,3.921347380E0,6.264120102E0,1.887403846E0,7.627480528E0
1.991616135E1,3.943042755E0,7.271432877E0,2.722417414E-1,8.276197062E0
1.992616338E1,3.915445805E0,7.334142685E0,3.011355996E-1,8.319317726E0
1.993616702E1,3.861727715E0,7.328127861E0,3.287425637E-1,8.289901722E0
1.994616885E1,3.740390539E0,7.196061134E0,3.537639380E-1,8.117817820E0
1.995616338E1,2.853187084E0,6.007195473E0,1.789739877E-1,6.652751737E0
1.996616260E1,8.909180164E-1,3.999864578E0,2.444456369E-1,4.105168112E0
1.997616234E1,-8.313486576E-1,2.995243073E0,2.099434853E0,3.751032972E0
1.998616598E1,-8.273608685E-1,1.111275673E0,2.944398642E0,3.254065609E0
1.999616833E1,-1.020432591E0,1.032107353E0,3.038939476E0,3.367741291E0
2.000616051E1,-1.011486053E0,-3.887653351E-2,3.073903084E0,3.236278046E0
2.001616182E1,-9.952686429E-1,-9.377746582E-1,3.016882420E0,3.312334602E0
2.002616103E1,-9.568242431E-1,-1.777555943E0,2.884989738E0,3.521133845E0
2.003616286E1,-8.973747492E-1,-2.588249207E0,2.165725708E0,3.492088664E0
2.004617067E1,-9.979782104E-1,-3.327016354E0,2.022749662E0,4.019516703E0
2.005618968E1,-9.100518823E-1,-4.103303432E0,1.901847839E0,4.613276351E0
2.006616093E1,2.453944683E-1,-4.799553394E0,1.791535258E0,5.128891675E0
2.007618531E1,3.443447351E-1,-5.493005276E0,1.691282511E0,5.757787491E0
2.008615062E1,4.095665216E-1,-5.640534401E0,1.591314793E0,5.875002624E0
2.009616416E1,4.300735593E-1,-6.803781509E0,1.476564050E0,6.975431706E0
2.010616286E1,4.279500842E-1,-6.938541889E0,1.355168581E0,7.082583336E0
2.011616286E1,3.714206815E-1,-8.599901199E0,1.244371414E0,8.697396977E0
2.012616338E1,-6.669600010E-1,-8.531265259E0,1.148813248E0,8.634065927E0
2.013616494E1,-6.353960633E-1,-8.460494995E0,1.069966078E0,8.551522153E0
2.014616937E1,-7.725902796E-1,-8.547173500E0,1.107253790E0,8.653154427E0
2.015616364E1,-7.604861856E-1,-8.471604347E0,1.062033772E0,8.571717167E0
2.016616572E1,-7.519448996E-1,-8.394916534E0,1.007848263E0,8.488568953E0
2.017616494E1,-7.519959211E-1,-8.315964699E0,9.512026310E-1,8.403901069E0
2.018616234E1,-9.531880617E-1,-8.435411453E0,8.815560341E-1,8.534745158E0
2.019616598E1,-9.558334947E-1,-8.353741646E0,8.052742481E-1,8.446720297E0
2.020616833E1,-9.536557198E-1,-8.271293640E0,7.358647585E-1,8.358543812E0
2.021616312E1,-9.498229623E-1,-9.672554970E0,6.811382771E-1,9.742917051E0
2.022616234E1,-9.428253770E-1,-9.671977043E0,6.684982777E-1,9.740787933E0
2.023617067E1,-1.132597327E0,-9.668593407E0,1.295100808E0,9.820476632E0
2.024617671E1,-1.119602561E0,-9.642817497E0,1.281524420E0,9.791820261E0
2.025618051E1,4.541845322E-1,-9.577687263E0,1.854178905E0,9.766081933E0
2.026616864E1,5.209767818E-1,-9.477308273E0,1.819899321E0,9.664513565E0
2.027615218E1,1.142711759E0,-9.325998306E0,1.805069923E0,9.567565626E0
2.028616682E1,1.237145066E0,-7.923483849E0,2.297611952E0,8.342130717E0
2.029616286E1,2.140344143E0,-7.808768272E0,2.177814722E0,8.384557946E0
2.030617353E1,2.218078136E0,-7.664445877E0,2.045089483E0,8.236867864E0
2.031617119E1,3.265369654E0,-7.510000229E0,2.560148954E0,8.580041089E0
2.032617900E1,3.998986959E0,-7.500513077E0,3.882849216E0,9.344844095E0
2.033617145E1,3.933315754E0,-7.308468819E0,4.645235062E0,9.511198561E0
2.034617848E1,3.834048271E0,-7.111009121E0,6.045065403E0,1.009005414E1
2.035617301E1,3.719345093E0,-8.180728912E0,5.854819298E0,1.072551922E1
2.036617197E1,3.664858341E0,-8.280630112E0,5.860133171E0,1.078615698E1
2.037617145E1,3.581901073E0,-9.096588135E0,5.765682697E0,1.134993515E1
2.038617379E1,2.941890240E0,-9.192020416E0,5.771217823E0,1.124521732E1
2.039617536E1,2.782461166E0,-9.818635941E0,5.776740074E0,1.172682514E1
2.040617223E1,2.794144154E0,-6.809257984E0,9.532035828E0,1.204296238E1
2.041619645E1,7.533663750E0,-4.075792313E0,1.016510296E1,1.329276084E1
2.042616671E1,1.014937496E1,-2.712202072E-1,8.726956367E0,1.338817164E1
2.043620947E1,1.236085701E1,2.606985569E0,8.500320435E0,1.522637867E1
2.044615244E1,1.343549347E1,3.932527065E0,8.415187836E0,1.633378830E1
2.045616812E1,1.327914810E1,4.202273369E0,8.957832336E0,1.656012186E1
2.046617379E1,1.303052902E1,4.516441345E0,9.426498413E0,1.670484365E1
2.047616859E1,1.266092491E1,3.567257404E0,9.168928146E0,1.603413822E1
2.048616676E1,1.033803940E1,8.890190125E-1,4.491642475E0,1.130664696E1
2.049616312E1,5.447122097E0,-1.376959324E0,4.566581726E0,7.240222702E0
2.050616885E1,2.961196899E-1,-3.606526375E0,4.636857033E0,5.881765254E0
2.051616494E1,-4.715367317E0,-4.833934784E0,3.311615944E0,7.521197683E0
2.052616312E1,-6.403788567E0,-2.534356594E0,2.465642452E0,7.315112033E0
2.053617041E1,-6.523603916E0,-1.397638321E-1,1.240305901E0,6.641935013E0
2.054616520E1,-6.479539871E0,1.886672020E0,4.438748360E-1,6.763208789E0
2.055616364E1,-4.856637001E0,3.095952034E0,-6.039733887E-1,5.791081575E0
2.056616260E1,-4.966672421E0,3.166354656E0,-1.645309925E0,6.115609658E0
2.057616520E1,-3.479844570E0,3.163412094E0,-2.390828609E0,5.275656902E0
2.058616781E1,-2.652035236E0,3.096832275E0,-2.565615416E0,4.817265147E0
2.059616234E1,-1.815960407E0,2.987082481E0,-3.671182156E0,5.069314783E0
2.060617999E1,-1.586613178E0,2.810106277E0,-3.741658926E0,4.941057598E0
2.061618379E1,-8.365054131E-1,2.039148808E0,-3.777486086E0,4.373473482E0
2.062616051E1,-8.287205696E-1,1.843031883E0,-3.779402971E0,4.285724107E0
2.063616577E1,-1.453642845E0,1.639558792E0,-4.708976746E0,5.193812910E0
2.064616109E1,-1.561106205E0,1.478451252E0,-4.557680607E0,5.039377263E0
2.065616468E1,-2.560928822E0,1.418292522E0,-4.402681828E0,5.287108603E0
2.066616338E1,-2.633151531E0,2.023433208E0,-4.415687561E0,5.525039871E0
2.067616442E1,-4.265884399E0,2.848172665E0,-4.222306252E0,6.643623057E0
2.068616911E1,-4.165690422E0,3.846383095E0,-5.477107048E0,7.883295074E0
2.069616937E1,-4.028114319E0,5.561227322E0,-5.479014397E0,8.784791008E0
2.070616520E1,-2.321442842E0,6.108823299E0,-5.380444050E0,8.464986541E0
2.071616812E1,-2.116505623E0,6.049201965E0,-5.268178463E0,8.296152409E0
2.072616364E1,-1.057971716E0,5.926907063E0,-5.105352402E0,7.893804826E0
2.073616806E1,-8.096265793E-1,5.693071842E0,-4.889323235E0,7.547982770E0
2.074616312E1,2.560086250E-1,4.844971657E0,-4.600286484E0,6.685949933E0
2.075616234E1,4.936225414E-1,3.977718830E0,-4.257853985E0,5.847668840E0
2.076616129E1,7.061762810E-1,2.502229691E0,-3.892699242E0,4.681126547E0
2.077616234E1,8.836178780E-1,2.376819611E0,-3.536007404E0,4.351252737E0
2.078623317E1,9.985580444E-1,2.277456760E0,-3.196025848E0,4.049507215E0
2.079616682E1,1.055997133E0,2.194589138E0,-2.867928505E0,3.762494563E0
2.080616713E1,1.033318996E0,2.033771038E0,-2.560531139E0,3.429328287E0
2.081616187E1,2.974262238E-1,1.983704090E0,-2.272105455E0,3.030842701E0
2.082616702E1,2.528059483E-1,1.947430134E0,-2.022953749E0,2.819350429E0
2.083617614E1,-5.687785149E-1,1.927129269E0,-1.833259821E0,2.719959152E0
2.084616395E1,-6.356735229E-1,1.912483215E0,-1.686436653E0,2.627877749E0
2.085615895E1,-1.444467306E0,1.802529812E0,-1.581216574E0,2.799258004E0
2.086616546E1,-1.501620293E0,1.797340870E0,-1.487696052E0,2.774623803E0
2.087616546E1,-2.426466465E0,-6.581974030E-2,-1.463703394E0,2.834519248E0
2.088616806E1,-2.309046984E0,-2.231016159E-1,-1.407033563E0,2.713156050E0
2.089616572E1,-2.370030403E0,-1.147890091E0,-1.371559381E0,2.969153231E0
2.090616416E1,-3.597148895E0,-1.270874977E0,-1.339994907E0,4.043536785E0
2.091616260E1,-3.543414116E0,-1.398327351E0,-1.293213248E0,4.022872541E0
2.092616364E1,-3.491033077E0,-2.028640747E0,-1.228747845E0,4.220487708E0
2.093616911E1,-3.385798454E0,-2.044231415E0,-1.170776606E0,4.124709821E0
2.094616364E1,-3.256378174E0,-2.013220787E0,-1.124033213E0,3.990051054E0
2.095616234E1,-3.065126181E0,-1.926087856E0,-1.083165646E0,3.778632127E0
2.096622234E1,-2.822481394E0,-1.070792675E0,-1.045616627E0,3.194731961E0
2.097616916E1,-1.250587106E0,-4.151535034E-1,-1.023330569E0,1.668390240E0
2.098615187E1,-1.060513973E0,2.810392380E-1,-1.013085485E0,1.493323521E0
2.099616489E1,5.131709576E-2,4.360618591E-1,-1.542605996E0,1.603875509E0
2.100616260E1,8.879909515E-1,1.599894524E0,-1.519503355E0,2.378461869E0
2.101616182E1,1.170066118E0,1.616458893E0,-1.498743892E0,2.495641666E0
2.102616395E1,2.207632542E0,1.636320114E0,-1.479865193E0,3.121087302E0
2.103617119E1,2.402722836E0,1.661122322E0,-1.470399857E0,3.270241601E0
2.104616364E1,2.578932524E0,2.630212784E0,-1.438399911E0,3.954479302E0
2.105616364E1,3.403559446E0,1.640646935E0,-1.357047677E0,4.014662833E0
2.106616156E1,3.430557251E0,1.675084114E0,-1.241241574E0,4.014387934E0
2.107616494E1,3.397457838E0,1.710131645E0,-1.116209030E0,3.963986958E0
2.108617067E1,3.339740038E0,1.645846367E0,-9.987642765E-1,3.854893496E0
2.109616260E1,3.259455442E0,1.681798935E0,-8.691463470E-1,3.769338511E0
2.110616338E1,2.603382111E0,1.717491150E0,-7.429287434E-1,3.206137455E0
2.111616338E1,2.479682922E0,1.752862930E0,-6.075065136E-1,3.096840327E0
2.112616025E1,1.605669737E0,1.787639618E0,-4.356262684E-1,2.442048516E0
2.113616859E1,8.386023641E-1,1.722447395E0,3.404414654E-1,1.945759324E0
2.114626864E1,-4.741261899E-1,1.756667137E0,4.505617619E-1,1.874481522E0
2.115615327E1,-4.515760541E-1,1.790473938E0,5.362539291E-1,1.922832840E0
2.116616536E1,-1.643941879E0,1.823268890E0,5.988620520E-1,2.526952731E0
2.117616265E1,-2.381821156E0,6.934862137E-1,6.182253361E-1,2.556598856E0
2.118616213E1,-2.529011250E0,6.091508865E-1,5.825688839E-1,2.665773660E0
2.119616624E1,-3.314589262E0,5.161347389E-1,-4.549574852E-2,3.354842307E0
2.120616494E1,-3.277344465E0,4.501967430E-1,-1.390874386E-1,3.311043516E0
2.121616286E1,-3.157762051E0,4.717459679E-1,-9.927120209E-1,3.343573325E0
2.122616598E1,-2.967906237E0,5.611400604E-1,-1.057379246E0,3.200218190E0
2.123616780E1,-1.994320869E0,1.863924980E0,-1.187859297E0,2.977002145E0
2.124616494E1,-1.747339249E0,1.895632267E0,-1.181107283E0,2.835776887E0
2.125616286E1,-8.837114573E-1,3.392389297E0,-1.142905951E0,3.687205595E0
2.126616520E1,-6.602724791E-1,3.550518513E0,-1.082874298E0,3.770246438E0
2.127616520E1,-4.560460448E-1,4.477221012E0,-9.557282925E-1,4.600750217E0
2.128616859E1,6.829456091E-1,4.570199490E0,-7.825562954E-1,4.686740065E0
2.129616260E1,8.398822546E-1,4.674982548E0,3.073835373E-2,4.749927249E0
2.130616260E1,9.867041707E-1,4.769702435E0,1.138296127E-1,4.872022538E0
2.131616103E1,-3.455758095E-2,4.823968410E0,2.930281162E-1,4.832983647E0
2.132616322E1,-2.213132381E-2,4.828022480E0,1.352483034E0,5.013930716E0
2.133617343E1,2.462184429E-2,4.805898190E0,1.548293114E0,5.049205404E0
2.134617202E1,3.565883636E-2,4.777313709E0,3.402467012E0,5.865217779E0
2.135616864E1,4.727768898E-2,4.723741531E0,3.441547632E0,5.844674443E0
2.136616156E1,7.597768307E-2,4.603042126E0,3.479229927E0,5.770512135E0
2.137616416E1,1.339976788E-1,3.953443050E0,4.619271755E0,6.081557274E0
2.138616833E1,2.838157415E-1,3.901320457E0,4.707339764E0,6.120449357E0
2.139616312E1,1.506037116E0,3.815366745E0,4.592365742E0,6.157515270E0
2.140616312E1,1.582331896E0,3.747563839E0,4.404687405E0,5.995771851E0
2.141616416E1,1.498471618E0,3.583227158E0,3.004698515E0,4.910513946E0
2.142616416E1,1.577009678E0,1.919131756E0,2.958434343E0,3.862947059E0
2.143617327E1,4.011133909E-1,1.914983273E0,2.915628910E0,3.511259721E0
2.144616572E1,3.578053713E-1,1.912633419E0,9.287459850E-1,2.156098417E0
2.145616182E1,-3.265714645E-1,1.911502838E0,7.646442652E-1,2.084507825E0
2.146616338E1,-3.565846682E-1,1.811308384E0,6.671597958E-1,1.962929668E0
2.147616286E1,-3.534857035E-1,1.812712193E0,6.184300184E-1,1.947648152E0
2.148617197E1,-3.082751036E-1,1.816624165E0,6.069930792E-1,1.939999354E0
2.149617484E1,-2.271049023E-1,1.823831081E0,6.336648464E-1,1.944085283E0
2.150616827E1,-1.038358212E-1,1.832578659E0,1.271703124E0,2.233014835E0
2.151617734E1,5.170798302E-2,1.751965523E0,1.340864539E0,2.206801899E0
2.152620093E1,8.639097214E-1,1.771539688E0,2.279887915E0,3.013732201E0
2.153616031E1,9.836064577E-1,1.791045189E0,2.281913757E0,3.063079321E0
2.154616989E1,1.094300389E0,2.878530502E0,2.280845642E0,3.832191023E0
2.155617406E1,1.195650458E0,3.554957390E0,2.278784990E0,4.388640233E0
2.156617067E1,1.290457487E0,3.668416977E0,2.073183298E0,4.406886955E0
2.157617249E1,2.294882536E0,3.738228798E0,2.039335966E0,4.837326905E0
2.158617718E1,2.371691704E0,3.742372513E0,1.997847676E0,4.860212845E0
2.159617874E1,2.483848333E0,2.912425995E0,1.991443515E0,4.314808801E0
2.160616187E1,2.352417231E0,1.676239967E0,1.746061444E0,3.375259667E0
2.161617223E1,2.419849634E0,1.683492661E0,1.697148800E0,3.401489944E0
2.162617067E1,4.001862526E0,5.471677780E-1,1.649769187E0,4.363030440E0
2.163616989E1,4.107788086E0,3.956346512E-1,1.604297519E0,4.427665329E0
2.164617275E1,4.160149097E0,-3.312234879E-1,1.558121562E0,4.454693291E0
2.165617249E1,4.183781147E0,-3.836851120E-1,1.310905337E0,4.401103470E0
2.166617249E1,4.235963821E0,-4.501633644E-1,1.264450431E0,4.443520163E0
2.167617223E1,4.261286736E0,-4.646682739E-1,1.217772603E0,4.456170033E0
2.168621312E1,4.229092598E0,-4.912414551E-1,1.175296664E0,4.416770836E0
2.169616359E1,4.215929508E0,-5.507249832E-1,1.135818362E0,4.400845712E0
2.170630145E1,4.194361210E0,-6.290674210E-1,9.003208876E-1,4.335777840E0
2.171615968E1,4.186090469E0,-7.379980087E-1,8.693048954E-1,4.338627142E0
2.172616624E1,4.836441994E0,-1.395672798E0,8.431685567E-1,5.103920741E0
2.173616806E1,4.887403011E0,-1.468907833E0,8.179475665E-1,5.168504294E0
2.174616390E1,4.902722359E0,-1.519294739E0,7.941418290E-1,5.193804412E0
2.175616754E1,5.430062294E0,-1.628168583E0,5.754606724E-1,5.698040403E0
2.176616338E1,5.392592907E0,-2.275425434E0,5.606544018E-1,5.879791878E0
2.177616494E1,5.356252670E0,-2.318224907E0,5.905888677E-1,5.866208707E0
2.178616338E1,5.282511711E0,-2.298408031E0,5.855737925E-1,5.790553179E0
2.179616728E1,5.227478027E0,-2.222993851E0,3.846828938E-1,5.693523436E0
2.180616364E1,5.165374279E0,-1.517494202E0,3.876531124E-1,5.397606417E0
2.181616416E1,5.139815331E0,-1.407828331E0,3.935365081E-1,5.343646061E0
2.182616338E1,5.813909531E0,-4.250183105E-1,4.020153880E-1,5.843269715E0
2.183616364E1,5.769145966E0,2.635755539E-1,4.137496352E-1,5.789965976E0
2.184616442E1,5.739991188E0,1.282723427E0,2.267059237E-1,5.885938651E0
2.185616520E1,5.704498291E0,1.288587570E0,2.449046373E-1,5.853352626E0
2.186617067E1,5.658785820E0,1.296258926E0,1.638739467E0,6.032214452E0
2.187616770E1,5.559214115E0,2.542678833E0,2.379012108E0,6.559708518E0
2.188617838E1,5.382402420E0,2.659056664E0,3.068477392E0,6.742135541E0
2.189616109E1,5.143759251E0,3.549457550E0,3.180840015E0,7.012463999E0
2.190616056E1,4.073228836E0,3.661335945E0,3.960838795E0,6.759054521E0
2.191616364E1,3.802684069E0,4.383462906E0,3.936919928E0,7.012452616E0
2.192616754E1,2.695870876E0,4.428057671E0,3.807083845E0,6.431897226E0
2.193616234E1,2.480399370E0,4.413129807E0,2.987463236E0,5.878182739E0
2.194616624E1,1.622672081E0,4.341848373E0,1.985458612E0,5.042495204E0
2.195616546E1,1.494639874E0,3.662384987E0,8.720781803E-1,4.050621248E0
2.196616208E1,1.296491504E0,1.222393036E0,-3.086158633E-1,1.808418841E0
2.197616520E1,1.193371892E0,1.244030952E0,-1.867031336E0,2.541172071E0
2.198616051E1,-4.869664907E-1,1.006793976E-1,-2.045319557E0,2.104900187E0
2.199616260E1,-4.275207222E-1,-6.447677612E-1,-2.219800711E0,2.350747674E0
2.200616494E1,-3.438440561E-1,-7.548465729E-1,-2.345471621E0,2.487822181E0
2.201616182E1,-2.615307570E-1,-8.231410980E-1,-2.412398338E0,2.562347624E0
2.202616260E1,-1.856757253E-1,-8.012866974E-1,-2.419914722E0,2.555880105E0
2.203616182E1,-3.214998245E-1,-6.837277412E-1,-2.405949116E0,2.521792400E0
2.204616312E1,-2.567034066E-1,1.189884186E0,-2.324617386E0,2.624036396E0
2.205617926E1,-1.426265687E-1,1.202054024E0,-2.264588833E0,2.567808170E0
2.206616103E1,-2.994251996E-2,1.215183258E0,-2.211991787E0,2.523979907E0
2.207615260E1,8.003123105E-2,1.229327202E0,-2.171759129E0,2.496835613E0
2.208616520E1,-1.079297811E-2,2.211856842E0,-2.133162022E0,3.072915129E0
2.209616728E1,9.576653689E-2,2.860073090E0,-2.087671757E0,3.542253897E0
2.210616312E1,1.997770518E-1,2.851128578E0,-2.066394091E0,3.526872492E0
2.211616806E1,3.014241159E-1,2.774795532E0,-2.071027756E0,3.475557899E0
2.212616442E1,4.008586407E-1,2.654374123E0,-2.088677883E0,3.401318117E0
2.213616286E1,2.983645797E-1,1.116294861E0,-2.102854729E0,2.399402769E0
2.214616598E1,4.333643913E-1,1.156547546E0,-2.160560369E0,2.488659887E0
2.215616234E1,5.259636641E-1,1.177267075E0,-2.175074577E0,2.528546017E0
2.216616338E1,6.163116097E-1,1.198431015E0,-2.205947876E0,2.585011205E0
2.217616260E1,5.049002171E-1,1.120219231E0,-2.241987228E0,2.556623180E0
2.218616395E1,5.911936760E-1,1.142291069E0,-2.259195328E0,2.599673514E0
2.219616103E1,6.753400564E-1,1.164648056E0,-2.258745432E0,2.629528515E0
2.220616286E1,7.573078871E-1,1.187221527E0,-2.248357773E0,2.652946073E0
2.221616624E1,8.373315334E-1,1.210041046E0,-2.247966290E0,2.686759362E0
2.222616182E1,7.145266533E-1,1.133165359E0,-2.247069120E0,2.616090920E0
2.223619546E1,7.911804318E-1,1.156598091E0,-2.225671053E0,2.630075523E0
2.224616942E1,8.659021854E-1,1.180138588E0,-2.182323217E0,2.627745860E0
2.225615275E1,9.386936426E-1,1.203680038E0,-2.106126785E0,2.601107730E0
2.226616135E1,1.007820249E0,1.226627350E0,-2.035262585E0,2.581203227E0
2.227616468E1,8.755302429E-1,1.149644852E0,-1.961007833E0,2.435936825E0
2.228616494E1,9.429313540E-1,1.172701836E0,-1.873392344E0,2.402904078E0
2.229616546E1,1.008585930E0,1.195518494E0,-1.760622978E0,2.355059090E0
2.230616494E1,1.072468400E0,1.218022346E0,-1.650988579E0,2.315065915E0
2.231616338E1,1.133329749E0,1.240051270E0,-1.568609715E0,2.298412476E0
2.232616390E1,1.033272147E0,1.182146072E0,-1.568993926E0,2.219653713E0
2.233616312E1,1.092353582E0,1.203569412E0,-1.590134144E0,2.273838665E0
2.234616676E1,1.149672866E0,1.224281311E0,-1.620847225E0,2.334043306E0
2.235616208E1,1.205758929E0,1.244773865E0,-1.636749506E0,2.383750305E0
2.236616208E1,1.059600949E0,1.165032387E0,-1.664750338E0,2.291603875E0
2.237616312E1,1.113735199E0,1.185338974E0,-1.707109809E0,2.357892804E0
2.238616312E1,1.166426897E0,1.205274582E0,-1.739146829E0,2.416168499E0
2.239616077E1,1.218214869E0,1.225112915E0,-1.731144786E0,2.445774191E0
2.240616286E1,1.269298077E0,1.244927406E0,-1.687766552E0,2.451431783E0
2.241628671E1,1.118028998E0,1.164318085E0,-1.616410971E0,2.284383915E0
2.242615223E1,1.166907430E0,1.183685303E0,-1.533552885E0,2.261541133E0
2.243617062E1,1.215148330E0,1.203003883E0,-1.449802995E0,2.241814562E0
2.244616343E1,1.262490630E0,1.222118378E0,-1.356411338E0,2.219753959E0
2.245616260E1,1.307292700E0,1.240673065E0,-1.260579109E0,2.199396178E0
2.246616416E1,1.152264714E0,1.159502029E0,-1.175233960E0,2.013289296E0
2.247616416E1,1.197508812E0,1.178196907E0,-1.125459790E0,2.022086805E0
2.248616520E1,1.240941286E0,1.195857048E0,-1.111725688E0,2.050839672E0
2.249616395E1,1.283579230E0,1.213008881E0,-1.127120614E0,2.095081636E0
2.250616598E1,1.147346616E0,1.133058548E0,-1.255264044E0,2.043505260E0
2.251616286E1,1.170844555E0,1.133277893E0,-1.999196291E0,2.579143572E0
2.252616624E1,1.193303585E0,1.132905006E0,-2.060639858E0,2.636983850E0
2.253616312E1,1.214845300E0,1.132381439E0,-2.144862175E0,2.712668534E0
2.254616338E1,1.235882282E0,1.131870270E0,-2.713846207E0,3.189591911E0
2.255616260E1,1.058917880E0,1.033004761E0,-2.717559814E0,3.094113323E0
2.256616395E1,1.083161831E0,1.034398079E0,-2.763877153E0,3.143602369E0
2.257616286E1,1.107495546E0,1.036067963E0,-3.374512672E0,3.699637683E0
2.258616395E1,1.131440520E0,1.041384697E0,-3.354315042E0,3.689995819E0
2.259616473E1,1.155361056E0,1.047184944E0,-3.267469406E0,3.620471212E0
2.260615723E1,9.952901006E-1,9.688415527E-1,-3.123549938E0,3.418452948E0
2.261618088E1,1.036456466E0,9.923620224E-1,-2.079453230E0,2.526489684E0
2.262616598E1,1.077063322E0,1.015594482E0,-1.889064908E0,2.400013287E0
2.263616546E1,1.117324233E0,1.038652420E0,-8.280137777E-1,1.735747420E0
2.264616624E1,1.156034112E0,1.061439514E0,-6.533453465E-1,1.699979074E0
2.265616833E1,9.949808717E-1,9.842929840E-1,4.670177698E-1,1.475440684E0
2.266616650E1,1.034841657E0,1.007031441E0,6.332780123E-1,1.576721478E0
2.267616364E1,1.074311495E0,1.028552055E0,1.681020975E0,2.244525793E0
2.268616624E1,1.153309822E0,1.063322067E0,1.741996765E0,2.344212041E0
2.269616286E1,9.911178946E-1,9.773550034E-1,4.664291143E-1,1.468023706E0
2.270616676E1,1.028422832E0,9.847803116E-1,3.659485579E-1,1.470157859E0
2.271616499E1,1.065439701E0,9.924230576E-1,2.706838846E-1,1.480991238E0
2.272617145E1,1.102081299E0,1.000670433E0,1.578091383E-1,1.496939621E0
2.273617379E1,1.137351036E0,1.009076118E0,1.332771778E-2,1.520519523E0
2.274617223E1,9.713893533E-1,9.181098938E-1,-6.750195026E-1,1.497389188E0
2.275617197E1,1.004491568E0,9.270849228E-1,-7.706289291E-1,1.569190463E0
2.276617171E1,1.037237644E0,9.365816116E-1,-8.881942034E-1,1.655879219E0
2.277619275E1,1.069815278E0,9.468259811E-1,-1.018022537E0,1.754238882E0
2.278616973E1,1.101877570E0,9.576025009E-1,-1.129589438E0,1.845835591E0
2.279625473E1,9.333849549E-1,8.690280914E-1,-1.195723772E0,1.748191247E0
2.280616213E1,9.651145339E-1,8.813219070E-1,-1.218980193E0,1.787200906E0
2.281616379E1,2.396182537E0,8.966522217E-1,-1.195443392E0,2.823961908E0
2.282616520E1,2.518307447E0,9.123468399E-1,-1.149133801E0,2.914576753E0
2.283617353E1,3.270196676E0,9.282093048E-1,-1.053516746E0,3.558884144E0
2.284617510E1,3.296835184E0,8.444404602E-1,-5.091202259E-2,3.403644217E0
2.285617848E1,3.272389412E0,8.604183197E-1,1.017715693E0,3.533354975E0
2.286617067E1,2.215713024E0,8.919410706E-1,1.088768482E0,2.624949502E0
2.287617301E1,9.038137794E-1,9.040517807E-1,1.120186925E0,1.699708127E0
2.288617093E1,6.917430162E-1,8.167915344E-1,9.516438842E-1,1.432230042E0
2.289617249E1,-4.385095835E-1,8.260784149E-1,9.485595822E-1,1.332089142E0
2.290617353E1,-1.176982641E0,8.322811127E-1,9.105212688E-1,1.705001164E0
2.291616963E1,-1.365021348E0,8.395261765E-1,8.733378053E-1,1.825049699E0
2.292617275E1,-2.308480978E0,8.479413986E-1,8.387895823E-1,2.598395082E0
2.293617275E1,-2.396673203E0,7.576599121E-1,6.054990292E-1,2.585482558E0
2.294617275E1,-2.373900890E0,7.709217072E-1,5.732795000E-1,2.560932467E0
2.295620583E1,-2.258792639E0,7.852745056E-1,5.439882278E-1,2.452493308E0
2.296615859E1,-1.450265884E0,8.026676178E-1,5.150382519E-1,1.735745039E0
2.297628640E1,-1.267657280E0,8.226356506E-1,4.879461527E-1,1.588010025E0
2.298616114E1,-4.752575159E-1,7.437124252E-1,2.638970613E-1,9.212054803E-1
2.299615978E1,-3.113162518E-1,7.655391693E-1,2.425344586E-1,8.612728905E-1
2.300616390E1,9.100795388E-1,7.880287170E-1,2.238880247E-1,1.224483513E0
2.301616338E1,1.007539392E0,8.110437393E-1,2.077111304E-1,1.309989117E0
2.302616494E1,1.102668405E0,8.345260620E-1,1.940936148E-1,1.396418164E0
2.303616364E1,9.749065042E-1,7.561416626E-1,-1.593767852E-2,1.233874757E0
2.304616468E1,1.082691312E0,7.975549698E-1,1.670621522E-2,1.344839583E0
2.305616286E1,1.111054182E0,8.144788742E-1,1.266440935E-2,1.377671085E0
2.306616442E1,1.138448477E0,8.314666748E-1,1.058682054E-2,1.409792129E0
2.307616260E1,9.654023051E-1,7.487468719E-1,-1.891338825E-1,1.236282781E0
2.308616416E1,9.928581119E-1,7.662124634E-1,-1.871377826E-1,1.268017870E0
2.309616260E1,1.020781875E0,7.838401794E-1,-1.835059673E-1,1.300029039E0
2.310617379E1,1.049141288E0,8.016004562E-1,-1.783165038E-1,1.332312842E0
2.311616208E1,1.077663183E0,8.194551468E-1,-1.718460768E-1,1.364696211E0
2.312616286E1,9.055001140E-1,7.375354767E-1,-3.650498390E-1,1.223580982E0
2.313617952E1,9.350954294E-1,7.558059692E-1,-3.554319441E-1,1.253785465E0
2.314616161E1,9.645722508E-1,7.741041183E-1,-3.448916376E-1,1.283973152E0
2.315634416E1,9.943579435E-1,7.924528122E-1,-3.331211209E-1,1.314419591E0
2.316617098E1,1.021215200E0,8.106336594E-1,-3.230814338E-1,1.343275485E0
2.317616161E1,8.485632539E-1,7.290954590E-1,-5.116096139E-1,1.230196806E0
2.318616416E1,8.767722249E-1,7.476129532E-1,-4.982008934E-1,1.255332144E0
2.319616442E1,9.042517543E-1,7.660961151E-1,-4.844892621E-1,1.280353208E0
2.320616156E1,9.318615794E-1,7.845888138E-1,-4.698269665E-1,1.305635090E0
2.321616442E1,-7.096294761E-1,8.031806946E-1,-4.556846619E-1,1.164612267E0
2.322616650E1,-7.711668015E-1,7.419815063E-1,-1.854626417E0,2.141231874E0
2.323616312E1,-7.727601528E-1,7.607822418E-1,-1.922661781E0,2.207391265E0
2.324616234E1,-7.452870011E-1,7.794589996E-1,-1.996697426E0,2.269319206E0
2.325616364E1,-6.926857233E-1,7.980928421E-1,-2.067613602E0,2.322023191E0
2.326616312E1,-6.021304727E-1,7.170639038E-1,-2.121158123E0,2.318631823E0
2.327616676E1,8.534374237E-1,7.406749725E-1,-2.153841972E0,2.432280842E0
2.328618942E1,9.321539402E-1,7.611713409E-1,-2.120219469E0,2.437954753E0
2.329616312E1,1.009122968E0,7.816877365E-1,-2.076950550E0,2.437845046E0
2.330616286E1,1.084084749E0,8.021612167E-1,-2.059156656E0,2.461468768E0
2.331616208E1,9.577779174E-1,7.228279114E-1,-2.033779621E0,2.361372117E0
2.332617619E1,1.029917955E0,7.434568405E-1,-2.001643896E0,2.370661797E0
2.333616932E1,1.051607251E0,7.581853867E-1,-1.953296661E0,2.344374274E0
2.334615572E1,1.072465301E0,7.729864120E-1,-1.898064613E0,2.313080001E0
2.335616629E1,1.092461586E0,7.878513336E-1,-1.812564015E0,2.258222830E0
2.336616004E1,9.137330651E-1,7.031946182E-1,-1.715334177E0,2.066824164E0
2.337616494E1,9.356806278E-1,7.187376022E-1,-1.612884045E0,1.998368565E0
2.338618864E1,9.580790997E-1,7.344474792E-1,-2.915187478E-1,1.241898483E0
2.339616286E1,9.800888300E-1,7.502384186E-1,-2.282991111E-1,1.255210056E0
2.340616520E1,1.001365542E0,7.660865784E-1,-1.679912508E-1,1.271944439E0
2.341616182E1,-1.577806473E-1,1.780539513E0,-2.710641026E-1,1.807952277E0
2.342616234E1,-2.052785158E-1,1.811133385E0,-2.175159305E-1,1.835662438E0
2.343616395E1,-2.118480802E-1,1.798883438E0,-2.112313211E-1,1.823589840E0
2.344616260E1,-2.157902122E-1,1.763156891E0,-2.060954422E-1,1.788229003E0
2.345616338E1,-2.143183351E-1,1.741502762E0,-4.005386233E-1,1.799776488E0
2.346616312E1,-1.894648671E-1,1.712453842E0,-3.941870332E-1,1.767421431E0
2.347616364E1,8.435087204E-1,1.714097023E0,-1.397132158E0,2.366772873E0
2.348618577E1,8.961234689E-1,1.700675011E0,-1.426642895E0,2.393876085E0
2.349616338E1,9.477513433E-1,1.693675995E0,-1.493848205E0,2.449153618E0
2.350619525E1,7.982235551E-1,1.697036743E0,-1.578048825E0,2.450986056E0
2.351616171E1,8.474913239E-1,1.724188805E0,-1.658523083E0,2.538063710E0
2.352615806E1,8.962164521E-1,1.762252808E0,-1.738798738E0,2.632899530E0
2.353616057E1,9.100602269E-1,1.723359108E0,-1.820407152E0,2.666844283E0
2.354616312E1,9.194867611E-1,7.155122757E-1,-1.836505890E0,2.174894849E0
2.355616468E1,7.306944132E-1,6.310644150E-1,-1.844169974E0,2.081614641E0
2.356616286E1,7.434970737E-1,6.467418671E-1,-1.833462000E0,2.081500864E0
2.357616494E1,7.573560476E-1,6.624622345E-1,-1.796234369E0,2.058859467E0
2.358618760E1,7.716395855E-1,-1.038922310E0,-1.734039187E0,2.163718817E0
2.359616754E1,6.263133287E-1,-1.200816154E0,-1.762330294E0,2.222619150E0
2.360616208E1,6.430942416E-1,-1.258886337E0,-1.819042087E0,2.303753269E0
2.361616364E1,6.625131965E-1,-1.299426556E0,-1.899794102E0,2.395130631E0
2.362616208E1,6.829033494E-1,-1.324763775E0,-2.620382309E0,3.014591098E0
2.363616156E1,7.043217421E-1,-1.297611713E0,-2.656840801E0,3.039517777E0
2.364616182E1,5.271989107E-1,-1.239510059E0,-2.710646629E0,3.026867858E0
2.365616416E1,5.523418784E-1,-1.168846130E0,-2.773098469E0,3.059633629E0
2.366616338E1,5.782235265E-1,-1.097081184E0,-2.799602032E0,3.061976667E0
2.367616182E1,6.047441363E-1,-1.043997765E0,-2.739017487E0,2.992969027E0
2.368622145E1,6.322025657E-1,-9.583005905E-1,-2.659248590E0,2.896484623E0
2.369616067E1,4.593130350E-1,6.294565201E-1,-2.543437243E0,2.660123490E0
2.370614999E1,4.884528816E-1,6.464824677E-1,-2.394659519E0,2.528026901E0
2.371616629E1,5.186157227E-1,6.639213562E-1,-2.258323431E0,2.410348223E0
2.372616421E1,5.494671464E-1,6.817216873E-1,-2.104076862E0,2.278990576E0
2.373616702E1,-5.423080921E-1,6.998605728E-1,-1.289686322E0,1.564350887E0
2.374616754E1,-5.931332111E-1,6.185150146E-1,-1.198984027E0,1.473747104E0
2.375616702E1,-6.484769583E-1,1.725579262E0,-1.166802406E0,2.181644795E0
2.376616395E1,-6.956473589E-1,1.815940857E0,-1.157216430E0,2.262899978E0
2.377616395E1,-6.768325567E-1,1.942597389E0,-1.166624784E0,2.364910213E0
2.378618890E1,-6.474105120E-1,1.988950729E0,-1.162448049E0,2.392979490E0
2.379616260E1,-5.748153925E-1,2.065037727E0,-1.188357711E0,2.450915666E0
2.380616156E1,-4.978982806E-1,2.680480003E0,-1.284478307E0,3.013761813E0
2.381616234E1,6.209129095E-1,2.731138229E0,-1.388387442E0,3.126062788E0
2.382616468E1,6.881961823E-1,2.784491539E0,-1.445153952E0,3.211771639E0
2.383616208E1,5.537313819E-1,2.825449944E0,-1.465712667E0,3.230804768E0
2.384616442E1,6.175028086E-1,2.855589867E0,-1.474115610E0,3.272418072E0
2.385616395E1,6.797615886E-1,2.876276016E0,-1.516008735E0,3.321644476E0
2.386616713E1,7.381108999E-1,2.912935257E0,-1.588742137E0,3.399132402E0
2.387619187E1,7.608785033E-1,2.951425552E0,-1.643532872E0,3.462809436E0
2.388620484E1,5.848720670E-1,2.998805046E0,-1.653367758E0,3.473979272E0
2.389617171E1,6.081631184E-1,3.024439812E0,-1.640020251E0,3.493818109E0
2.390616572E1,6.325382590E-1,3.001821518E0,-1.622165918E0,3.470224682E0
2.391616546E1,6.565579772E-1,2.936997414E0,-1.639862299E0,3.427268671E0
2.392616234E1,6.812921166E-1,2.850138664E0,-1.682652235E0,3.379166746E0
2.393616468E1,5.072960854E-1,2.744183540E0,-1.714857697E0,3.275458677E0
2.394616182E1,5.738750696E-1,1.871411324E0,-1.676195979E0,2.577042083E0
2.395616312E1,6.009945273E-1,5.548820496E-1,-1.613601327E0,1.809087547E0
2.396616286E1,6.286163330E-1,5.730600357E-1,-1.582129598E0,1.796299074E0
2.397617327E1,4.572090507E-1,4.914913177E-1,-1.572969198E0,1.710215171E0
2.398620921E1,4.862379730E-1,5.099143982E-1,-1.558999181E0,1.710823926E0
2.399617093E1,5.156609416E-1,5.283422470E-1,-1.550238013E0,1.717058425E0
2.400617458E1,5.460022688E-1,5.469284058E-1,-1.542762995E0,1.725504801E0
2.401617301E1,5.763416290E-1,5.654954910E-1,-1.554064751E0,1.751305819E0
2.402617093E1,4.064195156E-1,-7.761631012E-1,-1.600219131E0,1.824364889E0
2.403619124E1,4.380902350E-1,-7.554521561E-1,-1.638134122E0,1.856371303E0
2.404616364E1,4.699957669E-1,-7.370576859E-1,-1.644649267E0,1.862530876E0
2.405617744E1,5.020890236E-1,-7.011213303E-1,-1.648374796E0,1.860323621E0
2.406615395E1,5.330318809E-1,-6.499443054E-1,-1.659379482E0,1.860131945E0
2.407616734E1,3.646997213E-1,-5.903139114E-1,-1.691472411E0,1.828265659E0
2.408620504E1,3.979603648E-1,-5.134429932E-1,-1.712148428E0,1.831242310E0
2.409617275E1,4.317301810E-1,5.394220352E-1,-1.701458573E0,1.836390034E0
2.410617379E1,4.659402370E-1,5.588827133E-1,-1.688096642E0,1.838238414E0
2.411617406E1,4.989122748E-1,5.783529282E-1,-1.706909895E0,1.870012555E0
2.412617327E1,3.725401163E-1,5.180826187E-1,-1.770293951E0,1.881790746E0
2.413617197E1,4.081655145E-1,5.379934311E-1,-1.756219864E0,1.881580248E0
2.414617093E1,4.439381957E-1,5.579710007E-1,-1.686285973E0,1.830839463E0
2.415617510E1,4.797020555E-1,5.779228210E-1,-1.617688894E0,1.783543161E0
2.416617119E1,3.145690560E-1,4.980335236E-1,-1.560147524E0,1.667648458E0
2.417617093E1,3.509811163E-1,5.182151794E-1,-1.472679615E0,1.600162481E0
2.418621286E1,3.877486587E-1,5.383682251E-1,-1.364602804E0,1.517343132E0
2.419617301E1,4.246706367E-1,5.584735870E-1,-1.292522430E0,1.470663840E0
2.420617249E1,4.616236091E-1,5.785226822E-1,-1.232405663E0,1.437570370E0
2.421618525E1,2.979753017E-1,4.987115860E-1,-1.202402115E0,1.335392591E0
2.422616395E1,3.354818225E-1,5.188884735E-1,-1.188887954E0,1.339868601E0
2.423619463E1,3.731918931E-1,5.388011932E-1,-1.182314754E0,1.351831014E0
2.424617046E1,4.108380079E-1,5.583591461E-1,-1.177941561E0,1.366784228E0
2.425614629E1,4.476364851E-1,5.776729584E-1,-1.193875313E0,1.399793818E0
2.426616520E1,2.846523523E-1,4.971580505E-1,-1.221341729E0,1.349025096E0
2.427618291E1,3.230156302E-1,5.166406631E-1,-1.204943657E0,1.350239197E0
2.428618760E1,3.612421453E-1,5.360507965E-1,-1.165084124E0,1.332391594E0
2.429616338E1,3.994762599E-1,5.553750992E-1,-1.104969144E0,1.299607476E0
2.430616260E1,2.768832445E-1,4.947061539E-1,-1.000145674E0,1.149647719E0
2.431616286E1,3.143651783E-1,2.410527229E0,-9.553223848E-1,2.611916509E0
2.432616494E1,3.537286818E-1,3.121663094E0,-8.616757989E-1,3.257666286E0
2.433616911E1,3.932285011E-1,3.257840157E0,-9.169912338E-2,3.282767106E0
2.434616390E1,4.325564504E-1,4.084715843E0,-3.805255890E-2,4.107731320E0
2.435616260E1,2.707871795E-1,4.115534782E0,8.905063868E-1,4.219473174E0
2.436616754E1,3.106851876E-1,4.141069412E0,9.295828938E-1,4.255479470E0
2.437616208E1,3.505702019E-1,4.165531158E0,9.545496702E-1,4.287856617E0
2.438618629E1,3.901589215E-1,4.174912453E0,9.721542001E-1,4.304323612E0
2.439619098E1,4.295714498E-1,4.125198364E0,9.630578756E-1,4.257848476E0
2.440616260E1,2.678192258E-1,3.991663933E0,7.500190735E-1,4.070336190E0
2.441618208E1,3.072209656E-1,3.102486610E0,7.079051733E-1,3.197020116E0
2.442616004E1,3.461776078E-1,2.991497040E0,6.689603925E-1,3.084866526E0
2.443616572E1,3.849152923E-1,2.864520073E0,6.343851089E-1,2.959067336E0
2.444616416E1,4.222049117E-1,1.952663422E0,6.025888920E-1,2.086687518E0
2.445616442E1,2.597051859E-1,1.834218979E0,3.751316071E-1,1.890113692E0
2.446616156E1,2.986772954E-1,3.497266769E-1,3.513326645E-1,5.787499603E-1
2.447616650E1,3.376110792E-1,3.666534424E-1,3.347920179E-1,6.004179235E-1
2.448619671E1,4.163951874E-1,4.039134979E-1,-1.965067148E0,2.048907017E0
2.449616442E1,2.540709376E-1,3.216667175E-1,-2.747066259E0,2.777479892E0
2.450616182E1,2.917061448E-1,3.397197723E-1,-3.720506191E0,3.747354843E0
2.451616208E1,3.305433989E-1,3.579969406E-1,-4.768006325E0,4.792838935E0
2.452616468E1,3.695729375E-1,3.764600754E-1,-5.650598049E0,5.675170892E0
2.453616364E1,4.085040092E-1,3.949832916E-1,-5.751162052E0,5.779165362E0
2.454616442E1,2.463477105E-1,3.144569397E-1,-5.677603722E0,5.691638989E0
2.455616156E1,2.855545282E-1,3.345041275E-1,-5.488439560E0,5.506033346E0
2.456616260E1,3.246376514E-1,3.554782867E-1,-4.315575123E0,4.342343038E0
2.457618447E1,3.635869920E-1,3.781709671E-1,-4.126676083E0,4.159887531E0
2.458618468E1,4.023978114E-1,4.028577805E-1,-3.906502724E0,3.947781899E0
2.459618244E1,2.416989654E-1,3.289375305E-1,-3.106417418E0,3.133121042E0
2.460616343E1,2.806100845E-1,3.559780121E-1,-2.925641060E0,2.960546905E0
2.461616239E1,3.193576932E-1,3.838529587E-1,-2.747927189E0,2.792926112E0
2.462616520E1,3.568499088E-1,4.123430252E-1,-2.622773170E0,2.678863142E0
2.463616468E1,3.930905461E-1,4.413213730E-1,-2.519497633E0,2.587885827E0
2.464616806E1,2.251988500E-1,3.673648834E-1,-2.478382111E0,2.515561441E0
2.465616702E1,2.561764121E-1,3.931055069E-1,-2.395128727E0,2.440655632E0
2.466616780E1,-8.332496285E-1,4.384670258E-1,-1.624905705E0,1.877998090E0
2.467616156E1,-8.990914226E-1,4.638652802E-1,-1.544265747E0,1.846156299E0
2.468619541E1,-9.912208319E-1,3.893795013E-1,-1.538250089E0,1.870921823E0
2.469616312E1,-1.671447754E0,4.148378372E-1,-1.592010975E0,2.345277589E0
2.470616260E1,-1.747552633E0,4.402427673E-1,-2.159166336E0,2.812428340E0
2.471615848E1,-1.835054278E0,4.654092789E-1,-2.145368338E0,2.861229684E0
2.472616077E1,-1.863292456E0,4.913969040E-1,-2.095414400E0,2.846768554E0
2.473616494E1,-1.932414293E0,4.175777435E-1,-2.082258940E0,2.871306056E0
2.474616156E1,-1.929669619E0,4.437065125E-1,-2.062115669E0,2.858814674E0
2.475617119E1,-1.956699491E0,4.697608948E-1,-2.026432753E0,2.855832260E0
2.476617379E1,-1.984482408E0,4.966497421E-1,-1.967864037E0,2.838541925E0
2.477615150E1,-2.564678907E0,5.238428116E-1,-1.922435164E0,3.247729384E0
2.478618713E1,-2.514560461E0,4.515914917E-1,-1.883651495E0,3.174128564E0
2.479616030E1,-2.464631081E0,4.793376923E-1,-1.827340126E0,3.105373234E0
2.480616234E1,-2.412863970E0,-1.082250595E0,-1.804231405E0,3.201316893E0
2.481616624E1,-2.303007364E0,-1.172262192E0,-1.756665945E0,3.124726677E0
2.482616494E1,-2.243760347E0,-1.253952026E0,-1.731783748E0,3.099343661E0
2.483616390E1,-2.122112274E0,-1.982689857E0,-1.712873459E0,3.371699136E0
2.484616416E1,-1.250070095E0,-2.126269817E0,-1.704787493E0,2.998332699E0
2.485616129E1,-1.114481091E0,-2.166716099E0,-1.708002567E0,2.975567093E0
2.486616650E1,-9.318268299E-1,-2.200786591E0,-1.746897936E0,2.960306615E0
2.487616234E1,-1.101367474E-1,-2.217775822E0,-1.790650368E0,2.852558227E0
2.488618525E1,5.404615402E-2,-2.229662895E0,-1.799490452E0,2.865743097E0
2.489616364E1,1.263789415E0,-2.201055050E0,-1.736471653E0,3.075246465E0
2.490616390E1,1.332172513E0,-2.132217407E0,-1.645325661E0,3.004684876E0
2.491616182E1,1.397499323E0,-2.035312176E0,-1.510552883E0,2.894351399E0
2.492616494E1,1.258139968E0,-1.923893929E0,-6.635847092E-1,2.392619630E0
2.493615989E1,1.289472580E0,-1.265410423E0,-4.842019081E-1,1.870415612E0
2.494618103E1,1.316210628E0,-1.222914696E0,3.008503914E-1,1.821659059E0
2.495614739E1,1.303546548E0,-1.199089050E0,4.325220585E-1,1.823217893E0
2.496616083E1,1.290340424E0,-1.186839581E0,5.570716858E-1,1.839536752E0
2.497616187E1,1.079068422E0,-1.174666405E0,6.506855488E-1,1.722678585E0
2.498619984E1,1.069756389E0,-1.160397530E0,6.803882122E-1,1.718670788E0
2.499616416E1,1.057862759E0,-1.117280006E0,5.725541115E-1,1.641708390E0
2.500617406E1,1.047412872E0,-1.025818825E0,-5.431158543E-1,1.563442617E0
2.501616520E1,1.037304759E0,-4.015445709E-1,-1.438863993E0,1.818672262E0
2.502616468E1,8.693022728E-1,7.570505142E-1,-2.281526804E0,2.556203529E0
2.503619572E1,8.642858863E-1,7.714586258E-1,-3.328110695E0,3.523983442E0
2.504612775E1,8.603755832E-1,7.859792709E-1,-3.427907944E0,3.620574876E0
2.505617713E1,8.576861620E-1,8.004207611E-1,-4.084049702E0,4.249207092E0
2.506617098E1,6.527200341E-1,7.153511047E-1,-4.109797001E0,4.222345561E0
2.507614364E1,6.505284905E-1,7.399282455E-1,-4.123536110E0,4.239602714E0
2.508610275E1,6.464774609E-1,1.811890602E0,-4.179432869E0,4.600928142E0
2.509609952E1,6.445139647E-1,1.881407738E0,-4.859789371E0,5.250966203E0
2.510610353E1,6.441166401E-1,1.974092484E0,-4.843065739E0,5.269460421E0
2.511609515E1,4.446282983E-1,2.048186302E0,-4.798243999E0,5.236020142E0
2.512609708E1,4.484816790E-1,2.112737656E0,-4.724635124E0,5.194898774E0
2.513609416E1,4.540668428E-1,2.196578026E0,-4.646544456E0,5.159603387E0
2.514610187E1,4.591448009E-1,2.267602921E0,-4.573536873E0,5.125434272E0
2.515610270E1,4.645235538E-1,2.337077141E0,-4.466899872E0,5.062697518E0
2.516610468E1,2.718613148E-1,2.408033371E0,-4.291548729E0,4.928480880E0
2.517609958E1,2.824745476E-1,2.467127800E0,-4.078846931E0,4.775301429E0
2.518610406E1,2.948201299E-1,2.505517960E0,-3.014930964E0,3.931201835E0
2.519610442E1,3.087280095E-1,2.530757904E0,-2.827838659E0,3.807455848E0
2.520610754E1,-1.109116673E0,2.504169464E0,-1.811848879E0,3.283869800E0
2.521610281E1,-1.205820084E0,2.453783035E0,-5.611877441E-1,2.791054450E0
2.522610296E1,-1.299646139E0,2.352264404E0,3.388729095E-1,2.708701306E0
2.523609921E1,-1.386875153E0,1.085657120E0,1.254168034E0,2.162177497E0
2.524609999E1,-1.473367691E0,1.111882210E0,2.128280640E0,2.817210124E0
2.525610083E1,-1.523512244E0,1.027791977E0,2.802945614E0,3.351708523E0
2.526609895E1,-1.537125349E0,1.041930199E0,3.864626884E0,4.287623332E0
2.527610504E1,-1.510428667E0,-2.578954697E-1,3.855087280E0,4.148445826E0
2.528609879E1,-1.481170535E0,-3.967361450E-1,3.824557543E0,4.120498286E0
2.529608911E1,-1.488680959E0,-1.096334457E0,3.772969723E0,4.201597407E0
2.530610025E1,-1.526374578E0,-1.198103905E0,3.517554760E0,4.017270692E0
2.531609301E1,-1.562799454E0,-1.360054493E0,5.087727547E0,5.493365266E0
2.532610312E1,-1.583985209E0,-2.356512070E0,5.046321392E0,5.790295145E0
2.533609796E1,-1.568947792E0,-2.479646683E0,5.692098618E0,6.403923135E0
2.534610432E1,-1.519746304E0,-2.593241692E0,5.655304909E0,6.404451960E0
2.535610166E1,-1.423204064E0,-2.698630333E0,5.614269733E0,6.389690143E0
2.536610338E1,-1.298826456E0,-2.799341679E0,5.533167839E0,6.335551304E0
2.537610551E1,-1.137895703E0,-2.903854847E0,5.421855927E0,6.254894187E0
2.538610098E1,-3.425797820E-1,-3.076036453E0,5.326085091E0,6.160076587E0
2.539609937E1,6.244410872E-1,-3.161604404E0,5.220901012E0,6.135427977E0
2.540610192E1,7.047240138E-1,-3.246916294E0,5.124313354E0,6.107183370E0
2.541610088E1,7.841497064E-1,-3.346209526E0,5.673755169E0,6.633513901E0
2.542610077E1,8.590058684E-1,-3.452392101E0,5.579096317E0,6.616888848E0
2.543610270E1,9.035185575E-1,-4.111526966E0,6.023427963E0,7.348651863E0
2.544609879E1,7.477002740E-1,-4.179777145E0,5.950965405E0,7.310511742E0
2.545609786E1,7.535767555E-1,-4.260861397E0,6.526017189E0,7.830179955E0
2.546610109E1,7.595745325E-1,-4.354548454E0,6.428128719E0,7.801274546E0
2.547609807E1,7.634230256E-1,-4.465993404E0,6.299598217E0,7.759693905E0
2.548609421E1,7.675248981E-1,-5.131364346E0,6.168157578E0,8.060158957E0
2.549609260E1,5.713188052E-1,-5.146553040E0,6.010722160E0,7.933611678E0
2.550610369E1,5.777231455E-1,-5.158291817E0,5.847594261E0,7.818957548E0
2.551609906E1,5.812898874E-1,-5.165803909E0,5.651581764E0,7.678789254E0
2.552610468E1,5.841016769E-1,-5.143061638E0,5.960560799E0,7.894336122E0
2.553610114E1,5.858202577E-1,-5.102230072E0,5.703908920E0,7.675318498E0
2.554610317E1,3.901696801E-1,-5.049244881E0,5.463160515E0,7.449377763E0
2.555610228E1,3.937388659E-1,-4.960115433E0,5.236289024E0,7.223330129E0
2.556610041E1,4.366787970E-1,-4.869324207E0,5.117636681E0,7.077514522E0
2.557609833E1,4.377118945E-1,-4.811650276E0,5.488852978E0,7.312392023E0
2.558610046E1,2.383808047E-1,-4.753194809E0,5.224672318E0,7.067311167E0
2.559609869E1,2.386970222E-1,-4.703088284E0,4.952538490E0,6.834007109E0
2.560610145E1,2.383651435E-1,-4.649831295E0,4.669633865E0,6.594181484E0
2.561610103E1,2.381617725E-1,-4.578465939E0,4.348882198E0,6.319165115E0
2.562609765E1,2.380632907E-1,-4.500330925E0,4.005466461E0,6.029379250E0
2.563609973E1,3.393318504E-2,-4.390821457E0,3.639377832E0,5.703116300E0
2.564610004E1,3.224661946E-2,-4.259286880E0,3.282844782E0,5.377697875E0
2.565609932E1,3.106439300E-2,-4.104311466E0,2.936614513E0,5.046785354E0
2.566609906E1,3.075726703E-2,-3.929556847E0,2.635342121E0,4.731531582E0
2.567609796E1,2.981841564E-2,-3.747550011E0,2.364251614E0,4.431106624E0
2.568610234E1,-1.693146974E-1,-3.560376644E0,2.131487370E0,4.153093753E0
2.569610182E1,-1.647211909E-1,-3.374328136E0,1.928446293E0,3.890003669E0
2.570610046E1,-1.583783329E-1,-3.196881294E0,1.755244255E0,3.650481626E0
2.571609301E1,-1.502939165E-1,-3.033017635E0,1.579931259E0,3.423151621E0
2.572610442E1,-1.424338818E-1,-2.883547783E0,1.405701637E0,3.211095190E0
2.573610619E1,-3.325591087E-1,-2.750588894E0,1.235552788E0,3.033632396E0
2.574610187E1,-2.790383399E-1,-2.601236343E0,1.034351349E0,2.813214464E0
2.575610077E1,-2.645114362E-1,-2.451263905E0,8.806428909E-1,2.618051361E0
2.576610124E1,-2.481185645E-1,-2.299506664E0,7.488117218E-1,2.431051772E0
2.577610145E1,-4.319249392E-1,-2.151547432E0,6.317038536E-1,2.283586053E0
2.578609968E1,-4.124343395E-1,-1.992733002E0,5.276775360E-1,2.102267938E0
2.579609827E1,-3.920164108E-1,-1.830265522E0,4.360165596E-1,1.921889484E0
2.580609812E1,-3.702028096E-1,-1.660958767E0,3.561964035E-1,1.738594267E0
2.581609754E1,-3.467533588E-1,-1.505544662E0,3.014812469E-1,1.574100875E0
2.582609796E1,-5.240558982E-1,-1.367722511E0,2.398877144E-1,1.484198628E0
2.583609536E1,-4.985750914E-1,-1.245749950E0,1.870517731E-1,1.354790916E0
2.584610051E1,-4.721431434E-1,-1.148037910E0,1.375150681E-1,1.248927774E0
2.585609629E1,-4.449631274E-1,-1.052716255E0,1.012310982E-1,1.147367175E0
2.586610812E1,-4.191378355E-1,-9.798641205E-1,7.233238220E-2,1.068195765E0
2.587610281E1,-5.919781923E-1,-9.170923233E-1,4.005908966E-2,1.092291738E0
2.588610520E1,-5.622828007E-1,-8.826251030E-1,9.461879730E-3,1.046555564E0
2.589610223E1,-5.322786570E-1,-8.527750969E-1,-3.956604004E-2,1.006037477E0
2.590610687E1,-5.018743873E-1,-8.264064789E-1,-1.002316475E-1,9.720452418E-1
2.591610327E1,-4.729460478E-1,-8.086256981E-1,-1.752862930E-1,9.530366038E-1
2.592610379E1,7.438226938E-1,-8.409986496E-1,-3.326454163E-1,1.170984159E0
2.593610197E1,7.895678878E-1,-8.289227486E-1,-4.297838211E-1,1.222801908E0
2.594610109E1,8.360790014E-1,-8.132405281E-1,-5.145812035E-1,1.274826289E0
2.595609952E1,8.475827575E-1,-7.800912857E-1,-5.690836906E-1,1.284832749E0
2.596609978E1,8.113511801E-1,-7.362823486E-1,-6.124010086E-1,1.255164304E0
2.597610077E1,6.895459294E-1,-6.807160378E-1,-6.233143806E-1,1.152114894E0
2.598609911E1,5.373734832E-1,-6.085219383E-1,-5.985326767E-1,1.008618151E0
2.599609916E1,3.595160246E-1,-5.272474289E-1,-5.428929329E-1,8.378391014E-1
2.600610129E1,-8.678038120E-1,-4.484391212E-1,-4.848651886E-1,1.090539019E0
2.601609463E1,-1.068186522E0,-3.762698174E-1,-4.110107422E-1,1.204795107E0
2.602610156E1,-1.066238523E0,-3.057141304E-1,-3.281059265E-1,1.156710515E0
2.603610359E1,-1.062088490E0,-2.512879372E-1,-2.568368912E-1,1.121223785E0
2.604610067E1,-1.056040883E0,-2.110786438E-1,3.107948303E-1,1.120879105E0
2.605610124E1,-1.047851682E0,-1.829929352E-1,2.961950302E-1,1.104178906E0
2.606610437E1,-1.229636669E0,-1.798133850E-1,2.572946548E-1,1.269070420E0
2.607610208E1,-1.158293366E0,-1.802105904E-1,2.007060051E-1,1.189286458E0
2.608610562E1,2.668629885E-1,-1.714906693E-1,1.444063187E-1,3.485370699E-1
2.609610473E1,2.997127771E-1,-1.539711952E-1,7.979774475E-2,3.462694873E-1
2.610610406E1,3.274801970E-1,-1.687302589E-1,-6.026268005E-2,3.732891243E-1
2.611610213E1,3.043931723E-1,-1.609692574E-1,-1.507039070E-1,3.758696220E-1
2.612610265E1,2.690762281E-1,-1.473875046E-1,-2.451872826E-1,3.927364213E-1
2.613609879E1,1.584662199E-1,-1.145853996E-1,-3.329863548E-1,3.861622317E-1
2.614610197E1,4.338705540E-2,-7.285833359E-2,-4.104933739E-1,4.191605699E-1
2.615610046E1,-5.587244034E-2,-2.840662003E-2,-4.887013435E-1,4.927044437E-1
2.616609843E1,-1.512333155E-1,1.724529266E-2,-5.765690804E-1,5.963227484E-1
2.617609791E1,-2.483005524E-1,7.307100296E-2,-6.577439308E-1,7.068377567E-1
2.618609937E1,-1.303251982E0,1.368041039E-1,-7.227444649E-1,1.496509490E0
2.619609004E1,-1.298558116E0,2.076101303E-1,-7.787790298E-1,1.528349412E0
2.620609374E1,-1.489292502E0,2.594528198E-1,-8.221616745E-1,1.720830539E0
2.621609708E1,-1.475603819E0,2.997684479E-1,-8.498849869E-1,1.729037953E0
2.622609916E1,-1.458405614E0,3.346657753E-1,-8.686609268E-1,1.730179159E0
2.623610010E1,-1.437790394E0,3.588438034E-1,-8.790979385E-1,1.723027358E0
2.624610275E1,-1.413766503E0,3.730640411E-1,-8.820266724E-1,1.707595841E0
2.625610265E1,-1.546962857E0,3.638324738E-1,-9.028096199E-1,1.827712603E0
2.626610525E1,-1.479604721E0,3.333730698E-1,-9.344072342E-1,1.781427690E0
2.627610244E1,-1.373370290E0,2.543449402E-1,-9.853482246E-1,1.709312267E0
2.628610317E1,-1.308119297E0,2.217917442E-1,-1.005806446E0,1.664936720E0
2.629610499E1,-1.443209887E0,1.930027008E-1,-1.038160324E0,1.788262195E0
2.630610213E1,-1.377516508E0,1.625232697E-1,-1.066420078E0,1.749633484E0
2.631610161E1,-1.313031435E0,1.351394653E-1,-1.070992947E0,1.699805905E0
2.632610124E1,-1.249487042E0,1.151938438E-1,-1.079286575E0,1.655097279E0
2.633610208E1,-1.187079430E0,1.078839302E-1,-1.091487885E0,1.616212337E0
2.634610041E1,-1.326818466E0,1.164107323E-1,-1.111674309E0,1.734882840E0
2.635610312E1,-1.265785813E0,1.238927841E-1,-1.134332657E0,1.704192983E0
2.636610666E1,-1.205813885E0,1.350884438E-1,-1.163600445E0,1.681131169E0
2.637609020E1,-1.146658063E0,1.400327682E-1,-1.193926811E0,1.661293207E0
2.638609687E1,-1.088284254E0,1.489429474E-1,-1.229842663E0,1.648957123E0
2.639610728E1,-1.230057478E0,1.564188004E-1,-1.265740395E0,1.771893616E0
2.640610182E1,-1.172489047E0,1.625385284E-1,-1.281963825E0,1.744872657E0
2.641610208E1,-1.115584493E0,1.622772217E-1,-1.275931835E0,1.702605270E0
2.642610343E1,-1.059309244E0,1.467905045E-1,-1.255439281E0,1.649185046E0
2.643610109E1,-1.003661990E0,1.227517128E-1,-1.212440968E0,1.578739520E0
2.644610322E1,-1.148110151E0,9.145164490E-2,-1.159708500E0,1.634455300E0
2.645610504E1,-1.053135276E0,3.827333450E-2,-1.023932934E0,1.469352718E0
2.646609791E1,-9.986317754E-1,2.230119705E-2,-9.407987595E-1,1.372175307E0
2.647609583E1,-9.445732236E-1,3.362178802E-3,-8.631348610E-1,1.279543539E0
2.648609395E1,-1.090394020E0,-1.320171356E-2,-7.805223465E-1,1.341025182E0
2.649609504E1,-1.036783695E0,-1.804113388E-2,-6.983966827E-1,1.250201520E0
2.650609234E1,-9.835021496E-1,-1.027488708E-2,-6.425948143E-1,1.174866012E0
2.651609359E1,-9.307332635E-1,1.362895966E-2,-6.098990440E-1,1.112846351E0
2.652609228E1,-8.657488823E-1,3.675937653E-2,-5.939488411E-1,1.050546336E0
2.653609223E1,-1.000655651E0,6.831836700E-2,-5.945358276E-1,1.165955394E0
2.654610119E1,-9.350741506E-1,1.024193764E-1,-6.195211411E-1,1.126348010E0
2.655608629E1,-8.706752062E-1,1.437554359E-1,-6.461348534E-1,1.093723543E0
2.656609411E1,-8.075119257E-1,1.801595688E-1,-6.684317589E-1,1.063641855E0
2.657609369E1,-7.472705841E-1,2.169904709E-1,-6.819081306E-1,1.034648196E0
2.658609426E1,-8.849540353E-1,2.538843155E-1,-6.684956551E-1,1.137755392E0
2.659609666E1,-8.219957948E-1,2.856106758E-1,-6.319894791E-1,1.075481867E0
2.660609322E1,-7.604884505E-1,3.175201416E-1,-5.850601196E-1,1.010671592E0
2.661609546E1,-7.003036141E-1,3.384099007E-1,-5.428948402E-1,9.485152716E-1
2.662609603E1,-6.431754231E-1,3.650436401E-1,-5.052042007E-1,8.956353994E-1
2.663609504E1,-7.445967793E-1,4.545121193E-1,-4.984159470E-1,1.004700994E0
2.664609223E1,-6.855673194E-1,5.059242249E-1,-5.273656845E-1,1.002036145E0
2.665609447E1,-6.278417110E-1,5.580992699E-1,-5.749564171E-1,1.017956232E0
2.666609322E1,-5.714575648E-1,6.008338928E-1,-6.286311150E-1,1.040548987E0
2.667609114E1,-7.146375179E-1,6.308112144E-1,-6.633281708E-1,1.161306950E0
2.668609140E1,-6.572549939E-1,6.588854790E-1,-6.767711639E-1,1.150709959E0
2.669609218E1,-6.009659171E-1,6.655659676E-1,-6.618800163E-1,1.114550693E0
2.670609140E1,-5.458298922E-1,6.487393379E-1,-6.224699020E-1,1.051789798E0
2.671608859E1,-4.918245077E-1,6.115226746E-1,-5.715608597E-1,9.708414619E-1
2.672609666E1,-6.372467875E-1,5.710806847E-1,-5.250601768E-1,1.003944623E0
2.673608687E1,-5.819778442E-1,5.230026245E-1,-4.826045036E-1,9.193133652E-1
2.674609223E1,-5.277737379E-1,4.847121239E-1,-4.543194771E-1,8.484675296E-1
2.675609557E1,-4.745868742E-1,4.597997665E-1,-4.479689598E-1,7.983261962E-1
2.676609489E1,-4.239672422E-1,4.369478226E-1,-4.701337814E-1,7.692186910E-1
2.677609650E1,-5.710461736E-1,4.296259880E-1,-5.115842819E-1,8.788576104E-1
2.678609510E1,-5.174916983E-1,4.313302040E-1,-5.699396133E-1,8.824253881E-1
2.679609494E1,-4.650122523E-1,4.406132698E-1,-6.424989700E-1,9.072934337E-1
2.680609421E1,-4.136286974E-1,4.562430382E-1,-7.077279091E-1,9.381498827E-1
2.681609499E1,-5.223017335E-1,4.729285240E-1,-7.909507751E-1,1.059275044E0
2.682609374E1,-4.719350338E-1,4.519758224E-1,-7.928657532E-1,1.027443878E0
2.683609614E1,-4.209129214E-1,4.178986549E-1,-7.732400894E-1,9.745292243E-1
2.684609265E1,-3.709298372E-1,3.712620735E-1,-7.582941055E-1,9.221900140E-1
2.685609176E1,-3.219600320E-1,3.235721588E-1,-7.473998070E-1,8.757646234E-1
2.686609202E1,-4.722641706E-1,2.747497559E-1,-7.397007942E-1,9.196076012E-1
2.687609129E1,-4.219093919E-1,2.155652046E-1,-7.494983673E-1,8.866925595E-1
2.688609280E1,-3.725470304E-1,1.721487045E-1,-7.793498039E-1,8.808022384E-1
2.689609103E1,-3.241082132E-1,1.524748802E-1,-8.218522072E-1,8.965131195E-1
2.690610411E1,-2.766196132E-1,1.390666962E-1,-8.801469803E-1,9.330148248E-1
2.691608593E1,-4.283555746E-1,1.360068321E-1,-9.422464371E-1,1.043941907E0
2.692609145E1,-3.793534040E-1,1.425881386E-1,-9.936594963E-1,1.073126077E0
2.693609322E1,-3.313601911E-1,1.526536942E-1,-1.040540695E0,1.102645757E0
2.694609541E1,-2.843995988E-1,1.599645615E-1,-1.053863049E0,1.103222153E0
2.695609312E1,-2.399571687E-1,1.642704010E-1,-1.057084084E0,1.096353486E0
2.696609489E1,1.052340865E0,1.559185982E-1,-1.065848351E0,1.505909895E0
2.697609312E1,1.076359510E0,1.315398216E-1,-1.079126358E0,1.529825551E0
2.698609572E1,1.094855666E0,1.015882492E-1,-1.085565090E0,1.545147458E0
2.699609588E1,1.133870006E0,6.726837158E-2,-1.103351116E0,1.583530836E0
2.700609301E1,1.113613605E0,4.645872116E-2,-1.069645882E0,1.544809369E0
2.701609489E1,9.822765589E-1,3.378677368E-2,-1.054760456E0,1.441710236E0
2.702609296E1,8.166476488E-1,2.612543106E-2,-1.034552097E0,1.318292063E0
2.703609208E1,-5.419656634E-1,3.241586685E-2,-9.900660515E-1,1.129162679E0
2.704609254E1,-5.520558953E-1,3.563690186E-2,-9.240026474E-1,1.076947813E0
2.705609327E1,-7.597659230E-1,4.231500626E-2,-8.449301720E-1,1.137075993E0
2.706609296E1,-7.657791376E-1,5.180931091E-2,-7.445917130E-1,1.069354343E0
2.707609228E1,-7.701447606E-1,5.400276184E-2,-6.306457520E-1,9.968717646E-1
2.708609145E1,-7.729529142E-1,4.991292953E-2,-5.885124207E-3,7.745851424E-1
2.709608744E1,-7.704830170E-1,3.058910370E-2,3.657341003E-2,7.719568557E-1
2.710609348E1,-9.132662416E-1,-9.601116180E-3,1.046009064E-1,9.192870928E-1
2.711609640E1,-8.550488353E-1,-7.419490814E-2,1.980137825E-1,8.808080683E-1
2.712609468E1,-7.974840999E-1,-1.495318413E-1,2.936029434E-1,8.628692540E-1
2.713609687E1,-7.405465245E-1,-2.288556099E-1,3.760232925E-1,8.614972790E-1
2.714609593E1,-6.836161017E-1,-3.110637665E-1,4.048433304E-1,8.532231616E-1
2.715609656E1,-8.252587914E-1,-3.953919411E-1,3.938279152E-1,9.962365616E-1
2.716609510E1,-7.676837444E-1,-9.934930801E-1,3.774590492E-1,1.311046210E0
2.717609364E1,-7.109027505E-1,-9.902648926E-1,3.411531448E-1,1.265856527E0
2.718609603E1,-6.151022315E-1,-9.667921066E-1,2.632360458E-1,1.175725711E0
2.719609390E1,-7.596958876E-1,-9.308357239E-1,2.170643806E-1,1.220946326E0
2.720609072E1,-7.051132917E-1,-8.810505867E-1,1.937360764E-1,1.144975352E0
2.721609077E1,-6.513984203E-1,-7.995285988E-1,2.196707726E-1,1.054429291E0
2.722609171E1,-5.989848375E-1,-6.991772652E-1,3.103065491E-1,9.715563999E-1
2.723609129E1,-5.472465158E-1,-5.986461639E-1,1.200424194E0,1.448749193E0
2.724609129E1,-6.972131133E-1,-5.277204514E-1,1.304211140E0,1.570210717E0
2.725609187E1,-6.459646821E-1,-4.726533890E-1,2.843880177E0,2.954374055E0
2.726609390E1,-5.953414440E-1,-4.516344070E-1,2.838249683E0,2.934972971E0
2.727609739E1,-5.452087522E-1,-4.504613876E-1,2.833470345E0,2.920397617E0
2.728609645E1,-4.955722690E-1,-4.734058380E-1,2.830740452E0,2.912524071E0
2.729609619E1,-6.455308199E-1,-5.083327293E-1,1.696701050E0,1.885180802E0
2.730609473E1,-5.960373282E-1,-5.649495125E-1,9.662957191E-1,1.268130855E0
2.731609478E1,-5.469977260E-1,-1.192604303E0,8.288335800E-1,1.551926751E0
2.732609406E1,8.201484084E-1,-1.190039873E0,5.193996429E-2,1.446214393E0
2.733609520E1,9.389094710E-1,-1.189757109E0,-4.604625702E-2,1.516309081E0
2.734609317E1,1.026326776E0,-1.191784382E0,-1.180276871E-1,1.577221354E0
2.735609504E1,1.052068472E0,-1.170994997E0,-1.479506493E-1,1.581128315E0
2.736609697E1,8.311975002E-1,-1.020381927E0,-2.229990959E-1,1.334839750E0
2.737609364E1,-5.034143925E-1,-1.868467331E-1,-2.838339806E-1,6.073709581E-1
2.738609906E1,-7.103654146E-1,-3.951787949E-2,-3.593835831E-1,7.970804507E-1
2.739609359E1,-7.156093121E-1,7.685799599E-1,-4.545788765E-1,1.144313680E0
2.740609202E1,-2.372925758E0,8.997612000E-1,-5.425758362E-1,2.595136877E0
2.741609312E1,-2.532041550E0,1.674668312E0,-6.391353607E-1,3.102296307E0
2.742609254E1,-2.669108629E0,1.757021904E0,-1.252842903E0,3.432328974E0
2.743609234E1,-2.741522074E0,1.777188301E0,-1.235651970E0,3.493018369E0
2.744609452E1,-2.701144457E0,1.743931293E0,-1.202398777E0,3.432672509E0
2.745609525E1,-2.623592854E0,1.631213665E0,-1.134562492E0,3.291098530E0
2.746609119E1,-2.497894764E0,1.486097813E0,-1.070805550E0,3.097513436E0
2.747610083E1,-1.722076297E0,7.218923569E-1,-1.000615597E0,2.118468060E0
2.748610385E1,-7.052332759E-1,6.235742569E-1,-8.970990181E-1,1.300378974E0
2.749609958E1,-6.095902920E-1,5.301256180E-1,-1.947102547E-1,8.309907209E-1
2.750609999E1,-5.163188577E-1,4.556679726E-1,-1.017079353E-1,6.961055725E-1
2.751609525E1,-4.253425300E-1,4.076838493E-1,1.060056686E-2,5.892662903E-1
2.752609478E1,-3.365767002E-1,3.731665611E-1,1.053996086E-1,5.134649306E-1
2.753609640E1,-4.883607626E-1,3.536911011E-1,1.604270935E-1,6.239635260E-1
2.754609624E1,-4.005965590E-1,3.797216415E-1,8.560481071E-1,1.018569826E0
2.755608937E1,-1.399200201E0,3.863391876E-1,8.691887856E-1,1.691894889E0
2.756609234E1,-3.068491817E-1,3.830590248E-1,8.211011887E-1,9.566074424E-1
2.757609161E1,-4.612331390E-1,3.660988808E-1,7.441468239E-1,9.489567401E-1
2.758609166E1,-4.159210920E-1,3.317079544E-1,6.619915962E-1,8.492663865E-1
2.759609150E1,-3.709230423E-1,2.827906609E-1,6.042332649E-1,7.633166444E-1
2.760609416E1,-3.277859092E-1,2.122836113E-1,5.885071754E-1,7.062921700E-1
2.761609249E1,-2.848852873E-1,1.365156174E-1,5.889277458E-1,6.683053423E-1
2.762609338E1,-4.416836500E-1,4.613018036E-2,5.497841835E-1,7.067355154E-1
2.763609629E1,-3.987346292E-1,-6.083350182E-1,5.448942184E-1,9.088291963E-1
2.764610307E1,-3.560073972E-1,-6.235141754E-1,5.404481888E-1,8.986631396E-1
2.765609333E1,-3.134925067E-1,-6.463503838E-1,4.874548912E-1,8.681351515E-1
2.766609411E1,-2.711856961E-1,-6.751728058E-1,4.063305855E-1,8.333693924E-1
2.767609463E1,-4.285988212E-1,-6.983072758E-1,3.244128227E-1,8.812341803E-1
2.768609338E1,-3.862410486E-1,-7.015028000E-1,2.220702171E-1,8.310255756E-1
2.769609374E1,-3.441201746E-1,-6.922407150E-1,-4.699988365E-1,9.047180823E-1
2.770609687E1,-3.023763895E-1,-6.409866810E-1,-5.384550095E-1,8.900725832E-1
2.771608994E1,-2.623598576E-1,-5.650458336E-1,-6.380767822E-1,8.917687306E-1
2.772609442E1,-3.819653094E-1,-3.783516884E-1,-6.993961334E-1,8.821578369E-1
2.773609437E1,-3.400623202E-1,3.082151413E-1,-6.319203377E-1,7.810008119E-1
2.774609577E1,-2.982692420E-1,3.770923615E-1,-5.090665817E-1,7.002228034E-1
2.775609432E1,-2.565850616E-1,4.513306618E-1,4.824767113E-1,7.087446910E-1
2.776609275E1,-4.160892963E-1,5.261979103E-1,6.118412018E-1,9.079450421E-1
2.777609280E1,-3.740422130E-1,5.850524902E-1,1.547791958E0,1.696423867E0
2.778609197E1,-3.321043253E-1,6.094045639E-1,2.622452259E0,2.712733503E0
2.779609254E1,-2.901971340E-1,5.729441643E-1,2.647889614E0,2.724664897E0
2.780609166E1,-2.484263629E-1,4.986834526E-1,2.673798561E0,2.731226755E0
2.781609713E1,-4.078086019E-1,4.090580940E-1,2.589121342E0,2.652769440E0
2.782609958E1,-3.656791449E-1,3.034725189E-1,2.602741718E0,2.645766668E0
2.783609338E1,-3.236816823E-1,-3.399295807E-1,2.605681419E0,2.647621123E0
2.784609603E1,-2.818732858E-1,-3.482093811E-1,2.597550392E0,2.635900294E0
2.785609718E1,-2.418174595E-1,-3.677477837E-1,1.472052097E0,1.536441178E0
2.786609551E1,-4.013122320E-1,-3.774995804E-1,4.125843048E-1,6.883191479E-1
2.787609796E1,-3.593813181E-1,-3.692946434E-1,2.340588570E-1,5.659655590E-1
2.788610004E1,-3.176894784E-1,-3.380231857E-1,-8.584370613E-1,9.757563564E-1
2.789609916E1,-2.763231993E-1,-2.713012695E-1,-9.872269630E-1,1.060460261E0
2.790609437E1,-3.961714506E-1,-1.700291634E-1,-1.779533386E0,1.831010870E0
2.791609458E1,-3.560461104E-1,-1.129398346E-1,-1.809490681E0,1.847641947E0
2.792609744E1,-3.144963980E-1,-7.761859894E-2,-1.841253281E0,1.869531031E0
2.793609213E1,-2.730498016E-1,-5.340766907E-2,-1.862484932E0,1.883151267E0
2.794609202E1,-2.317595929E-1,-3.926038742E-2,-1.875525475E0,1.890198321E0
2.795609234E1,-3.915902972E-1,-1.499938965E-2,-1.899281502E0,1.939288056E0
2.796609265E1,-3.499781787E-1,3.235816956E-3,-1.932394505E0,1.963833933E0
2.797609244E1,-3.085331619E-1,-3.823280334E-3,-1.972383499E0,1.996372710E0
2.798609077E1,-2.672033012E-1,-3.792762756E-3,-2.004399300E0,2.022134650E0
2.799609718E1,-2.259946316E-1,-2.472877502E-3,-2.039206028E0,2.051692207E0
2.800609442E1,-3.859743476E-1,1.456451416E-2,-2.027357101E0,2.063822943E0
2.801609432E1,-3.444492519E-1,1.549577713E-2,-1.994183540E0,2.023772072E0
2.802609984E1,-3.030543327E-1,-7.475852966E-3,-1.888447762E0,1.912624575E0
2.803609879E1,-2.617897987E-1,-6.009817123E-2,-1.231098652E0,1.260059356E0
2.804609900E1,-2.222807258E-1,-1.190886497E-1,-1.094649792E0,1.123320522E0
2.805609499E1,-3.823629618E-1,-1.784934998E-1,-2.219238281E-1,4.767720100E-1
2.806609687E1,-3.408863842E-1,-2.426762581E-1,-1.068134308E-1,4.318615544E-1
2.807609598E1,-2.995707691E-1,-3.155708313E-1,2.464485168E-2,4.358152865E-1
2.808610010E1,-2.183977813E-1,-4.357252121E-1,6.513309479E-1,8.135023386E-1
2.809609312E1,-3.784863949E-1,-4.858727455E-1,6.127634048E-1,8.687941449E-1
2.810609567E1,-3.385432065E-1,-5.243973732E-1,5.397863388E-1,8.252111240E-1
2.811609145E1,-2.969680130E-1,-5.606698990E-1,4.304513931E-1,7.667001619E-1
2.812609265E1,-2.555453181E-1,-6.031613350E-1,-3.022279739E-1,7.214213428E-1
2.813609312E1,-2.142598182E-1,-6.576831341E-1,-3.864631653E-1,7.923434563E-1
2.814609208E1,-3.742661476E-1,-7.125201225E-1,-5.053381920E-1,9.503298178E-1
2.815609202E1,-3.326816261E-1,-7.581067085E-1,-1.253442287E0,1.502171899E0
2.816609484E1,-2.912324667E-1,-7.809395790E-1,-1.317996025E0,1.559421847E0
2.817610291E1,-2.499164641E-1,-7.887418270E-1,-1.365463257E0,1.596578158E0
2.818609484E1,-2.087294310E-1,-7.833809853E-1,-1.393128395E0,1.611850014E0
2.819609385E1,-3.671824932E-1,-7.720558643E-1,-1.380402565E0,1.623700860E0
2.820609577E1,-3.257611394E-1,-7.462301254E-1,-1.335247517E0,1.563926357E0
2.821609478E1,-2.844638824E-1,-7.083237171E-1,-1.256547451E0,1.470222325E0
2.822609327E1,-2.432837784E-1,-6.553213596E-1,-6.122064590E-1,9.292092497E-1
2.823609661E1,-2.022320777E-1,-6.129453182E-1,-5.667309761E-1,8.589434066E-1
2.824609661E1,-3.608106971E-1,-6.141152382E-1,-5.126800537E-1,8.775891535E-1
2.825609697E1,-3.195181489E-1,-6.384568214E-1,-4.757266045E-1,8.579246835E-1
2.826610145E1,-2.384460568E-1,-6.742920876E-1,-4.561953545E-1,8.483162988E-1
2.827610187E1,-1.974985749E-1,-6.836724281E-1,-4.909939766E-1,8.645743236E-1
2.828609520E1,-3.561668396E-1,-6.799724102E-1,-5.321707726E-1,9.340358812E-1
2.829609333E1,-3.149510920E-1,-6.748976707E-1,-5.640563965E-1,9.342594258E-1
2.830609176E1,-2.738547623E-1,-6.596899033E-1,-5.334587097E-1,8.914961549E-1
2.831609208E1,-2.328776419E-1,-6.355228424E-1,-4.484081268E-1,8.119058613E-1
2.832609135E1,-1.920166165E-1,-6.184146404E-1,3.119692802E-1,7.187710903E-1
2.833609322E1,-3.524729013E-1,-6.114521027E-1,4.300994873E-1,8.264964543E-1
2.834609161E1,-3.112829924E-1,-6.187908649E-1,1.279253960E0,1.454747376E0
2.835609510E1,-2.702120543E-1,-6.237988472E-1,1.389844894E0,1.547193713E0
2.836608640E1,-2.292605042E-1,-6.566565037E-1,2.616671562E0,2.707531755E0
2.837609327E1,-1.884325296E-1,-7.277026176E-1,2.624775887E0,2.730294192E0
2.838610010E1,-3.472241759E-1,-7.889242172E-1,2.524603367E0,2.667693425E0
2.839609635E1,-3.061548173E-1,-8.379535675E-1,2.523773193E0,2.676813046E0
2.840609562E1,-2.652584314E-1,-8.531389236E-1,2.514510632E0,2.668514901E0
2.841609650E1,-2.245088816E-1,-8.560202122E-1,3.911309242E0,4.010176409E0
2.842609525E1,-1.840163320E-1,-8.293716908E-1,3.960301876E0,4.050396322E0
2.843609812E1,-3.431897163E-1,-8.025660515E-1,4.032077789E0,4.125474851E0
2.844609546E1,1.374675632E0,-7.552700043E-1,4.743775368E0,4.996355733E0
2.845609239E1,2.039730549E0,-6.888830662E-1,4.667427540E0,5.140033116E0
2.846609952E1,2.196107864E0,-6.072156429E-1,4.492082596E0,5.036904470E0
2.847609359E1,3.232902288E0,-5.376930237E-1,3.342725277E0,4.681301451E0
2.848609286E1,3.320635319E0,-4.707124233E-1,2.143685818E0,3.980399225E0
2.849609588E1,3.395892143E0,-4.114239216E-1,2.124200821E0,4.026609271E0
2.850609254E1,3.351763248E0,-3.601331711E-1,5.329151154E-1,3.412918296E0
2.851610984E1,3.224413872E0,-3.061442375E-1,-3.139786720E-1,3.254097681E0
2.852610682E1,3.017842293E0,-2.547082901E-1,-4.857306480E-1,3.067276101E0
2.853611333E1,2.058409691E0,-2.252089977E-1,-1.355623245E0,2.474971501E0
2.854609322E1,1.809965134E0,-2.001590729E-1,-1.412610054E0,2.304670173E0
2.855610119E1,7.627391815E-1,-1.888630390E-1,-1.439913273E0,1.640362929E0
2.856609603E1,5.433859825E-1,-1.809051037E-1,-1.423046589E0,1.533967593E0
2.857610583E1,-1.195355177E0,-1.903417110E-1,-1.368587971E0,1.827056923E0
2.858609770E1,-1.251635313E0,-2.174313068E-1,-1.279636383E0,1.803146307E0
2.859609572E1,-1.304947615E0,-2.523970604E-1,-1.163993835E0,1.766769425E0
2.860609900E1,-1.327679873E0,-2.983129025E-1,-5.057883263E-1,1.451739048E0
2.861609504E1,-1.309960842E0,-3.336036205E-1,-4.513182640E-1,1.425123489E0
2.862609254E1,-1.446958780E0,-4.458355904E-1,-3.584904671E-1,1.555948103E0
2.863609327E1,-1.369782209E0,-5.268585682E-1,-3.365297318E-1,1.505701004E0
2.864609775E1,-1.292321205E0,-6.066651344E-1,-3.426346779E-1,1.468174106E0
2.865609406E1,-1.216070175E0,-6.800937653E-1,-3.878183365E-1,1.446290864E0
2.866609333E1,-1.340344548E0,-7.565405369E-1,-4.725012779E-1,1.610010730E0
2.867609275E1,-1.264312148E0,-8.218731880E-1,-1.130529881E0,1.884690573E0
2.868609140E1,-1.189514518E0,-8.669393063E-1,-1.244850636E0,1.927740038E0
2.869609213E1,-1.115944982E0,-8.791160583E-1,-2.055860996E0,2.498948315E0
2.870609270E1,-1.043594956E0,-8.564784527E-1,-2.176999569E0,2.561634809E0
2.871608640E1,-1.173457861E0,-8.034567833E-1,-2.947218418E0,3.272406234E0
2.872609249E1,-1.102898121E0,-7.288858891E-1,-3.040137291E0,3.315131016E0
2.873609504E1,9.936344624E-2,-6.413908005E-1,-3.150973797E0,3.217124667E0
2.874609911E1,1.658016443E-1,-5.622212887E-1,-3.838335037E0,3.882833865E0
2.875609536E1,2.256078720E-1,-4.545836449E-1,-3.861647367E0,3.894851164E0
2.876609984E1,2.759124637E-1,2.037227154E-1,-3.885737419E0,3.900844258E0
2.877609385E1,3.113741875E-1,2.251427174E-1,-3.909528255E0,3.928365348E0
2.878609682E1,2.992051840E-1,2.427678108E-1,-3.914121151E0,3.933040088E0
2.879609577E1,2.535971403E-1,2.458038330E-1,-3.922623634E0,3.938490474E0
2.880609614E1,1.722239256E-1,2.418396473E-1,-3.925381899E0,3.936593775E0
2.881609827E1,-3.050208092E-3,2.929692268E-1,-3.928999424E0,3.939908215E0
2.882609275E1,-9.774899483E-2,2.906503677E-1,-3.871072531E0,3.883199073E0
2.883609338E1,-1.111564875E0,2.797791958E-1,-3.774810553E0,3.945002861E0
2.884609583E1,-1.100418687E0,2.620475292E-1,-3.625709295E0,3.798072944E0
2.885609369E1,-1.288146615E0,2.335600853E-1,-2.726017952E0,3.024077692E0
2.886609359E1,-1.275280833E0,1.956329346E-1,-2.550977230E0,2.858688209E0
2.887609322E1,-1.259215713E0,1.336874962E-1,-1.593940735E0,2.035716980E0
2.888609286E1,-2.555458546E-1,4.104638100E-2,-1.452747822E0,1.475623503E0
2.889609421E1,-1.967842579E-1,-7.775425911E-2,-1.314011574E0,1.330938085E0
2.890609718E1,-1.470170021E-1,-1.927561760E-1,-1.207513809E0,1.231608112E0
2.891609333E1,-8.626055717E-2,-2.875747681E-1,-1.134501934E0,1.173556462E0
2.892609249E1,-3.865528107E-2,-3.718693256E-1,-1.108182907E0,1.169551359E0
2.893609968E1,-8.041977882E-3,-4.458422661E-1,-1.161937237E0,1.244563434E0
2.894609562E1,-9.620189667E-4,-5.151095390E-1,-1.267144680E0,1.367842974E0
2.895609781E1,-2.334654331E-2,-5.769412518E-1,-2.043565273E0,2.123573708E0
2.896609536E1,-7.470941544E-2,-6.172654629E-1,-2.051206112E0,2.143372264E0
2.897609911E1,-1.131967306E-1,-6.404953003E-1,-2.008687019E0,2.111367157E0
2.898609687E1,-1.240981817E-1,-6.895754337E-1,-1.902208328E0,2.027143597E0
2.899609447E1,-8.474564552E-2,-7.888679504E-1,-9.474825859E-1,1.235806505E0
2.900609390E1,-6.335926056E-2,-8.148503304E-1,1.602072716E-1,8.328636303E-1
2.901609432E1,-2.691745758E-2,-8.309876919E-1,3.225836754E-1,8.918101374E-1
2.902609369E1,7.308125496E-3,-8.437030315E-1,1.290874004E0,1.542155605E0
2.903609348E1,3.573203087E-2,-8.787672520E-1,1.362866402E0,1.622009091E0
2.904609197E1,1.479828358E-2,-9.273800850E-1,1.385752201E0,1.667501716E0
2.905609353E1,-5.351734161E-2,-9.557478428E-1,1.368941784E0,1.670424992E0
2.906609312E1,-1.728596687E-1,-9.469866753E-1,1.304935455E0,1.621579715E0
2.907609307E1,-1.500433683E0,-9.331364632E-1,1.250203133E0,2.164498272E0
2.908609536E1,-1.458260298E0,-9.242458344E-1,1.203697205E0,2.104671095E0
2.909609275E1,-1.615589857E0,-9.515743256E-1,1.224600792E0,2.239480159E0
2.910609666E1,-1.572825313E0,-1.014383793E0,1.333106995E0,2.297809436E0
2.911609754E1,-1.530197382E0,-1.711930513E0,2.639162540E0,3.498197968E0
2.912609890E1,-1.487478137E0,-1.730929613E0,2.629479408E0,3.481791276E0
2.913609932E1,-1.443819165E0,-1.777270555E0,2.620725155E0,3.480158724E0
2.914610077E1,-3.946042061E-2,-2.380385399E0,2.513229370E0,3.461807857E0
2.915609661E1,2.520394325E-2,-2.384565115E0,2.504495144E0,3.458219477E0
2.916609603E1,1.327483654E-1,-2.359038830E0,2.483183861E0,3.427665155E0
2.917609635E1,7.946705818E-1,-2.280661106E0,2.472702980E0,3.456468782E0
2.918609468E1,8.273642063E-1,-2.164303303E0,1.295173645E0,2.654470773E0
2.919609635E1,8.754109144E-1,-2.027954578E0,1.092028141E0,2.464035207E0
2.920609176E1,9.666726589E-1,-1.899375081E0,-1.129293442E-1,2.134205886E0
2.921609088E1,1.678418875E0,-1.811919928E0,-2.716641426E-1,2.484742471E0
2.922609359E1,1.700693846E0,-1.740535498E0,-9.746761322E-1,2.621415064E0
2.923609145E1,1.691891313E0,-1.660807490E0,-1.070333481E0,2.601228843E0
2.924609156E1,1.646101475E0,-1.554587960E0,-1.134603500E0,2.532532111E0
2.925609114E1,1.546301603E0,-1.442867279E0,-1.204442501E0,2.433843950E0
2.926609452E1,1.407034755E0,-1.336048841E0,-1.263973236E0,2.315686000E0
2.927610223E1,6.905595064E-1,-1.255700946E0,-1.314347744E0,1.944522381E0
2.928610088E1,5.608631372E-1,-1.158448100E0,-1.337460995E0,1.856171159E0
2.929609645E1,4.094433784E-1,-1.057546377E0,-1.348423004E0,1.761900343E0
2.930609557E1,-3.074723482E-1,-9.766343832E-1,-1.337107658E0,1.684105357E0
2.931609999E1,-3.973823786E-1,-9.325339794E-1,-1.306494713E0,1.653620516E0
2.932609963E1,-4.852322340E-1,-9.327223301E-1,-1.248513222E0,1.632239728E0
2.933609900E1,-5.699510574E-1,-9.660739899E-1,-1.137852669E0,1.597764644E0
2.934609744E1,-6.493669748E-1,-1.002629876E0,-3.891010284E-1,1.256321514E0
2.935609963E1,-7.507997751E-1,-1.117510319E0,-1.992354393E-1,1.360964502E0
2.936609515E1,-7.829587460E-1,-1.150805831E0,4.049267769E-1,1.449601377E0
2.937609499E1,-7.948348522E-1,-1.153052926E0,4.050760269E-1,1.457868334E0
2.938609588E1,-7.736561298E-1,-1.152238727E0,3.598141670E-1,1.433758740E0
2.939609478E1,-7.125763893E-1,-1.126214147E0,2.463850975E-1,1.355296658E0
2.940609265E1,-6.071008444E-1,-1.073813677E0,-5.761866570E-1,1.361483864E0
2.941609286E1,1.096062660E-1,-1.002876520E0,-6.867852211E-1,1.220429756E0
2.942609197E1,1.804594994E-1,-8.909904957E-1,-7.994408607E-1,1.210592989E0
2.943609218E1,2.478928566E-1,-7.559094429E-1,-8.837184906E-1,1.189036721E0
2.944609249E1,3.074016571E-1,-8.626747131E-2,-9.333767891E-1,9.864735606E-1
2.945609103E1,3.550636768E-1,-5.262684822E-2,-9.478964806E-1,1.013581540E0
2.946609728E1,3.655354977E-1,-3.038835526E-2,-8.968238831E-1,9.689338106E-1
2.947609619E1,3.345582485E-1,-3.918027878E-2,-7.608747482E-1,8.321025768E-1
2.948609864E1,2.929358482E-1,-8.459627628E-2,3.208608627E-1,4.426280994E-1
2.949609702E1,2.568707466E-1,-1.604424715E-1,1.054028988E0,1.096677471E0
2.950609869E1,2.296080589E-1,-8.006606102E-1,2.109479904E0,2.267968858E0
2.951609416E1,2.127506733E-1,-8.356902599E-1,2.127966881E0,2.296058385E0
2.952610176E1,1.855363846E-1,-8.742482662E-1,2.046686649E0,2.233306970E0
2.953609801E1,1.649203300E-1,-9.123706818E-1,3.659185886E0,3.774819244E0
2.954609244E1,1.356863976E-1,-8.624354601E-1,3.674532890E0,3.776823756E0
2.955616504E1,8.446812630E-2,-7.778009176E-1,3.662069798E0,3.744711515E0
2.956615093E1,-9.621858597E-3,-6.828308105E-1,3.603726864E0,3.667860113E0
2.957609056E1,-6.739485264E-1,-6.094263792E-1,3.516481876E0,3.631976310E0
2.958609161E1,-7.440751791E-1,-5.175503492E-1,3.419051647E0,3.537148626E0
2.959609166E1,-8.119549751E-1,-4.085735083E-1,3.311830044E0,3.434300720E0
2.960619874E1,-8.652940989E-1,-2.816473246E-1,3.211949348E0,3.338364526E0
2.961617510E1,-8.716951609E-1,-1.437371969E-1,3.138004303E0,3.259997522E0
2.962620603E1,-8.353368044E-1,-1.590096951E-2,3.042158604E0,3.154801006E0
2.963616656E1,-7.551752329E-1,9.263288975E-2,1.889783382E0,2.037192116E0
2.964614911E1,-6.455935240E-1,7.229547501E-1,1.888635159E0,2.122827673E0
2.965616369E1,-5.510787964E-1,8.057221174E-1,1.888859749E0,2.126186050E0
2.966617432E1,-4.910211563E-1,8.907368183E-1,1.791266918E0,2.059891023E0
2.967617926E1,-4.561692476E-1,9.771696329E-1,1.795401573E0,2.094377636E0
2.968617458E1,-4.578660727E-1,1.039974689E0,1.801033974E0,2.129533299E0
2.969617588E1,-5.190734863E-1,1.066793561E0,3.040809631E-1,1.224724874E0
2.970617197E1,-1.881549478E0,1.090078831E0,3.223228455E-1,2.198270300E0
2.971621286E1,-1.975384355E0,1.158875465E0,1.766461372E0,2.892321122E0
2.972617406E1,-1.910360098E0,1.161416650E0,1.781266212E0,2.858543975E0
2.973617379E1,-1.846325397E0,1.154372454E0,1.796585083E0,2.822979135E0
2.974617458E1,-1.783231258E0,1.129925489E0,1.812239647E0,2.782239722E0
2.975617301E1,-1.920533180E0,1.094502211E0,3.567561150E0,4.196888769E0
2.976617301E1,-1.811729431E0,1.049048066E0,3.609545708E0,4.172731191E0
2.977617379E1,-1.705727935E0,9.661689997E-1,3.640295982E0,4.134579200E0
2.978618265E1,-2.682141066E0,8.621281385E-1,3.611755371E0,4.580602852E0
2.979617275E1,-2.647486448E0,7.643939257E-1,3.531470299E0,4.479371054E0
2.980619254E1,-2.591753483E0,6.821032763E-1,3.376965523E0,4.311188599E0
2.981616838E1,-2.483864307E0,6.148778200E-1,1.647870064E0,3.043539449E0
2.982617051E1,-1.373430014E0,5.701000690E-1,1.655163765E0,2.225059815E0
2.983617421E1,-1.273881674E0,5.352456570E-1,1.663540840E0,2.162551863E0
2.984617562E1,-1.177603483E0,4.952480793E-1,1.672483444E0,2.104571570E0
2.985616364E1,-1.283951521E0,5.015426874E-1,3.143377304E-1,1.413819219E0
2.986616468E1,-1.191920400E0,5.433386564E-1,2.023057938E-1,1.325450402E0
2.987616234E1,-1.102712750E0,5.961029530E-1,9.407997131E-2,1.257046213E0
2.988616494E1,-1.023096085E0,6.362843513E-1,1.233482361E-2,1.204879879E0
2.989616416E1,-1.104824066E0,7.760826349E-1,-5.760765076E-2,1.351391548E0
2.990617484E1,-1.028199792E0,1.413825750E0,-4.671001434E-2,1.748793839E0
2.991616208E1,-9.571666718E-1,1.469967246E0,-2.992153168E-2,1.754385089E0
2.992616338E1,-8.874931335E-1,1.540638089E0,-5.095481873E-3,1.777986431E0
2.993616286E1,-8.190788627E-1,2.135267973E0,2.689170837E-2,2.287134159E0
2.994616468E1,-9.526133537E-1,2.156988621E0,5.089378357E-2,2.358529688E0
2.995616807E1,-8.856076002E-1,2.190040588E0,8.735370636E-2,2.363939354E0
2.996616312E1,-8.191554546E-1,2.199666023E0,1.588068008E-1,2.352608313E0
2.997616520E1,-7.535766363E-1,2.191029072E0,2.521419525E-1,2.330678379E0
2.998622661E1,-6.888430119E-1,2.160991192E0,1.670966148E0,2.817182191E0
2.999616812E1,-1.781915426E0,2.089977026E0,1.601600647E0,3.179363331E0
3.000615171E1,-1.860930204E0,1.990769386E0,1.632493019E0,3.176673958E0
