"Time (s)","Linear Acceleration x (m/s^2)","Linear Acceleration y (m/s^2)","Linear Acceleration z (m/s^2)","Absolute acceleration (m/s^2)"
0.000000000E0,1.252789140E0,1.674580097E0,1.134928703E0,2.379445795E0
0.000000000E0,1.024023175E0,1.718166828E0,1.331944466E0,2.403080684E0
0.000000000E0,9.422926903E-1,1.707664490E0,1.572956085E0,2.505638515E0
0.000000000E0,9.395759106E-1,1.628839493E0,1.905505180E0,2.677101227E0
3.213451000E-3,9.534400702E-1,1.496048927E0,2.353467941E0,2.947205746E0
8.239076000E-3,1.085168839E0,1.409359932E0,2.931635857E0,3.429048793E0
1.326470100E-2,1.312180996E0,1.439710617E0,3.506847382E0,4.011553837E0
1.828918000E-2,1.530866146E0,1.571539402E0,3.941532135E0,4.510982467E0
2.331366000E-2,1.642203808E0,1.727075100E0,4.227313042E0,4.852813339E0
2.833819100E-2,1.709743381E0,1.800024033E0,4.480038643E0,5.121919092E0
3.336282600E-2,1.773088932E0,1.765719891E0,4.628762245E0,5.261848631E0
3.838761800E-2,1.833029151E0,1.623630047E0,4.650197983E0,5.255522017E0
4.341256600E-2,1.871417522E0,1.445436478E0,4.511306763E0,5.093464328E0
4.843767000E-2,1.931920767E0,1.288674355E0,4.269703865E0,4.860387900E0
5.346298300E-2,1.934062719E0,1.158558846E0,3.963677406E0,4.559999538E0
5.848850300E-2,1.831037521E0,1.022459507E0,3.640835762E0,4.201643356E0
6.351423300E-2,1.733409882E0,9.054384232E-1,3.334131241E0,3.865353760E0
6.854011800E-2,1.622406006E0,7.849702835E-1,3.023726463E0,3.520128026E0
7.356616000E-2,1.450044274E0,6.336145401E-1,2.766309738E0,3.186936672E0
7.859235800E-2,1.254040241E0,4.669365883E-1,2.580193520E0,2.906552133E0
8.361866000E-2,1.133672476E0,2.714896202E-1,2.426336288E0,2.691844661E0
8.864501400E-2,1.092067480E0,9.576082230E-2,2.280166626E0,2.530008174E0
9.367142000E-2,1.074876785E0,-2.161741257E-2,2.179435730E0,2.430178495E0
9.869782600E-2,1.042318106E0,-9.485149384E-2,2.104607582E0,2.350488654E0
1.037240240E-1,1.021505356E0,-1.481118202E-1,2.074628830E0,2.317217099E0
1.087495970E-1,1.106857538E0,-2.393288612E-1,2.103890419E0,2.389302578E0
1.137751700E-1,1.220575571E0,-3.835699558E-1,2.087348938E0,2.448255751E0
1.188007430E-1,1.352160931E0,-5.815978050E-1,2.063652039E0,2.534808657E0
1.238263160E-1,1.554414988E0,-7.674539089E-1,2.066938400E0,2.697670441E0
1.288518890E-1,1.737474203E0,-9.516913891E-1,1.987931252E0,2.806493144E0
1.338774620E-1,1.940779448E0,-8.434970379E-1,1.990034103E0,2.904883449E0
1.389030350E-1,2.051063299E0,-8.220734596E-1,2.006956100E0,2.985052465E0
1.439286080E-1,2.046636820E0,-9.358270168E-1,2.015421867E0,3.020996488E0
1.489541800E-1,2.058336735E0,-1.070429802E0,2.082875252E0,3.117842105E0
1.539797530E-1,2.030034065E0,-1.198052645E0,2.147571564E0,3.188797903E0
1.590053260E-1,1.910090685E0,-1.228484392E0,2.138085365E0,3.119139201E0
1.640308990E-1,1.742365718E0,-1.181340694E0,2.021175385E0,2.918313565E0
1.690564720E-1,1.574877024E0,-1.142948627E0,1.777815819E0,2.635753837E0
1.740820450E-1,1.489082932E0,-1.122617960E0,1.441473007E0,2.357007317E0
1.791076180E-1,1.436998367E0,-1.124682665E0,1.050270081E0,2.105455449E0
1.841331910E-1,1.409242630E0,-1.124673367E0,6.470832825E-1,1.915612629E0
1.891587640E-1,1.381887317E0,-1.174602032E0,1.934013367E-1,1.823926140E0
1.941843370E-1,1.354644775E0,-1.230324268E0,-3.207406998E-1,1.857857602E0
1.992099100E-1,1.346098065E0,-1.285975456E0,-8.670625687E-1,2.053657803E0
2.042354830E-1,1.364828229E0,-1.306991816E0,-1.326504707E0,2.308808879E0
2.092610550E-1,1.337745547E0,-1.278346777E0,-1.718743324E0,2.525433081E0
2.142866280E-1,1.259085655E0,-1.233225822E0,-2.010645390E0,2.673731007E0
2.193122010E-1,1.175658584E0,-1.190590143E0,-2.250361919E0,2.804247985E0
2.243377740E-1,1.115596294E0,-1.179211617E0,-2.442771912E0,2.932955803E0
2.293633470E-1,1.087930441E0,-1.199274302E0,-2.578341484E0,3.044617596E0
2.343889200E-1,1.111066103E0,-1.203133583E0,-2.709753036E0,3.166190112E0
2.394144930E-1,1.074700713E0,-1.205358744E0,-2.817831039E0,3.247775099E0
2.444400660E-1,9.643118382E-1,-1.215887547E0,-2.859454155E0,3.253422492E0
2.494656390E-1,7.799682021E-1,-1.168355942E0,-2.781883240E0,3.116453170E0
2.544912120E-1,5.125678182E-1,-1.015897274E0,-2.580123901E0,2.819895811E0
2.595167850E-1,2.394808531E-1,-9.127538204E-1,-2.306468487E0,2.492040830E0
2.645423580E-1,4.586935043E-3,-8.933568001E-1,-2.041867733E0,2.228751052E0
2.695679300E-1,-1.580040455E-1,-8.772010803E-1,-1.838547707E0,2.043209408E0
2.745935030E-1,-2.001296282E-1,-8.554553986E-1,-1.705729485E0,1.918689366E0
2.796190760E-1,-2.171049118E-1,-8.142948151E-1,-1.633559227E0,1.838131208E0
2.846446490E-1,-2.609672546E-1,-7.920649052E-1,-1.583625793E0,1.789788081E0
2.896702220E-1,-3.264636993E-1,-7.980947495E-1,-1.622881889E0,1.837737577E0
2.946957950E-1,-4.226187468E-1,-8.175749779E-1,-1.736942291E0,1.965706991E0
2.997213680E-1,-4.728307724E-1,-7.828915119E-1,-1.882870674E0,2.093248680E0
3.047469410E-1,-4.446299076E-1,-7.078208923E-1,-2.147052288E0,2.304026844E0
3.097725140E-1,-4.633316994E-1,-6.347591877E-1,-2.424477100E0,2.548663316E0
3.147980870E-1,-4.195584059E-1,-5.775048733E-1,-2.653229713E0,2.747575121E0
3.198236600E-1,-2.659035921E-1,-5.355496407E-1,-2.785753250E0,2.849199766E0
3.248492330E-1,-7.923805714E-2,-4.798035622E-1,-2.879711151E0,2.920483940E0
3.298748050E-1,7.825529575E-2,-4.197182655E-1,-2.935188770E0,2.966078291E0
3.349003780E-1,-2.680289745E-2,-1.833162308E-1,-2.842028618E0,2.848060726E0
3.399259510E-1,-9.274816513E-2,-4.386496544E-2,-2.781995773E0,2.783887002E0
3.449515240E-1,5.091428757E-2,-8.748078346E-2,-2.683526993E0,2.685435211E0
3.499770970E-1,3.548200130E-1,-2.040235996E-1,-2.594685555E0,2.626769118E0
3.550026700E-1,7.381840944E-1,-2.737140656E-1,-2.558425903E0,2.676822417E0
3.600282430E-1,9.006912708E-1,-2.055289745E-1,-2.560225487E0,2.721808492E0
3.650538160E-1,8.473535180E-1,-4.741692543E-2,-2.442237854E0,2.585494553E0
3.700793890E-1,7.836648226E-1,8.566284180E-2,-2.204660892E0,2.341366765E0
3.751049620E-1,7.815400362E-1,1.553914547E-1,-2.014968395E0,2.166806167E0
3.801305350E-1,7.455152869E-1,1.909649372E-1,-1.863626480E0,2.016274859E0
3.851561080E-1,6.709489822E-1,2.835834026E-1,-1.621540070E0,1.777634462E0
3.901816800E-1,6.582056880E-1,4.239184856E-1,-1.331985474E0,1.545032981E0
3.952072530E-1,6.352121234E-1,6.261970997E-1,-9.854831696E-1,1.329208158E0
4.002328260E-1,5.736106634E-1,7.851874828E-1,-6.346750259E-1,1.161189461E0
4.052583990E-1,5.697289705E-1,8.866698742E-1,-3.273038864E-1,1.103586154E0
4.102839720E-1,5.616620779E-1,9.500660896E-1,8.408546448E-3,1.103703116E0
4.153095450E-1,5.545183420E-1,1.023191214E0,3.438081741E-1,1.213513458E0
4.203351180E-1,5.674885511E-1,1.120294094E0,6.645917892E-1,1.420839315E0
4.253606910E-1,5.386326313E-1,1.217539310E0,1.013830185E0,1.673433216E0
4.303862640E-1,5.447446108E-1,1.238353491E0,1.386769295E0,1.937368095E0
4.354118370E-1,4.665904045E-1,1.264106035E0,1.754766464E0,2.212436670E0
4.404374100E-1,4.571641684E-1,1.256294012E0,2.170499802E0,2.549184793E0
4.454629830E-1,4.828116894E-1,1.181277275E0,2.490498543E0,2.798411356E0
4.504885550E-1,4.758988619E-1,1.015332699E0,2.719514847E0,2.941622209E0
4.555141280E-1,4.979044199E-1,8.400030136E-1,2.934002876E0,3.092230061E0
4.605397010E-1,4.530243874E-1,6.841611862E-1,3.090855598E0,3.197920567E0
4.655652740E-1,2.841495275E-1,5.335371494E-1,3.228405952E0,3.284510289E0
4.705908470E-1,4.432678223E-2,3.502020836E-1,3.322705269E0,3.341403398E0
4.756164200E-1,-2.656697035E-1,1.966180801E-1,3.378639221E0,3.394766862E0
4.806419930E-1,-5.543522835E-1,4.915356636E-2,3.405821800E0,3.450991837E0
4.856675660E-1,-7.978926897E-1,-6.309008598E-2,3.365880013E0,3.459734291E0
4.906931390E-1,-1.049350023E0,-1.256053448E-1,3.373528481E0,3.535195409E0
4.957187120E-1,-1.232640386E0,-5.705356598E-2,3.457280159E0,3.670891381E0
5.007442850E-1,-1.253687143E0,1.468992233E-1,3.597699165E0,3.812709026E0
5.057698580E-1,-1.181713343E0,4.855139256E-1,3.684466362E0,3.899674675E0
5.107954300E-1,-1.042898178E0,8.672873974E-1,3.588194847E0,3.836009163E0
5.158210030E-1,-9.158122540E-1,1.187160015E0,3.303790092E0,3.628097292E0
5.208465760E-1,-8.107335567E-1,1.350401402E0,2.988813400E0,3.378443190E0
5.258721490E-1,-6.698088646E-1,1.291105986E0,2.810466766E0,3.164541361E0
5.308977220E-1,-5.117224455E-1,1.120280981E0,2.639313698E0,2.912536031E0
5.359232950E-1,-3.557705879E-1,9.298663139E-1,2.455883026E0,2.650016134E0
5.409488680E-1,-2.353938818E-1,7.634677887E-1,2.317454338E0,2.451303317E0
5.459744410E-1,-1.833505630E-1,5.640757084E-1,2.276666641E0,2.352660160E0
5.510000140E-1,-1.883411407E-1,3.126423359E-1,2.415136337E0,2.442560366E0
5.560255870E-1,-1.768033504E-1,5.671286583E-2,2.680619240E0,2.687042107E0
5.610511600E-1,-1.281229258E-1,-1.708762646E-1,3.001835823E0,3.009423947E0
5.660767330E-1,-1.082373857E-1,-3.856279850E-1,3.403282166E0,3.426770166E0
5.711023050E-1,-2.262458801E-1,-5.458812714E-1,3.794653893E0,3.840386924E0
5.761278780E-1,-4.905823469E-1,-6.487846375E-1,4.162410736E0,4.241138489E0
5.811534510E-1,-8.138998747E-1,-6.724967957E-1,4.440438271E0,4.564227972E0
5.861790240E-1,-9.988437891E-1,-6.189775467E-1,4.581756592E0,4.730043931E0
5.912045970E-1,-1.087462306E0,-6.000621319E-1,4.553712845E0,4.720058210E0
5.962301700E-1,-1.112599611E0,-6.028199196E-1,4.337862968E0,4.518664060E0
6.012557430E-1,-1.034933448E0,-6.423614025E-1,3.963481903E0,4.146432709E0
6.062813160E-1,-8.200626373E-1,-6.708424091E-1,3.454803467E0,3.613613048E0
6.113068890E-1,-5.244854689E-1,-7.022542953E-1,2.835959435E0,2.968318045E0
6.163324620E-1,-2.866213322E-1,-7.358264923E-1,2.197812080E0,2.335373708E0
6.213580350E-1,-5.872654915E-2,-7.324564457E-1,1.607133865E0,1.767150394E0
6.263836080E-1,1.731947660E-1,-7.299499512E-1,1.058983803E0,1.297794303E0
6.314091800E-1,3.893725872E-1,-7.132577896E-1,5.483427048E-1,9.803200539E-1
6.364347530E-1,6.703448296E-1,-6.624367237E-1,-1.593589783E-2,9.425701864E-1
6.414603260E-1,7.854752541E-1,-6.290993690E-1,-6.389179230E-1,1.192037543E0
6.464858990E-1,8.341693878E-1,-6.266646385E-1,-1.268293381E0,1.642289632E0
6.515114720E-1,9.202721119E-1,-6.160485744E-1,-1.880558014E0,2.182410376E0
6.565370450E-1,9.759340286E-1,-7.017712593E-1,-2.447343826E0,2.726613638E0
6.615626180E-1,8.668065071E-1,-6.968424320E-1,-3.040578365E0,3.237600916E0
6.665881910E-1,8.127542734E-1,-7.636892796E-1,-3.602931976E0,3.771592456E0
6.716137640E-1,9.524629116E-1,-1.002360106E0,-4.158366680E0,4.382228295E0
6.766393370E-1,1.079506159E0,-1.263990641E0,-4.687968254E0,4.973937297E0
6.816649100E-1,1.098201752E0,-1.500315189E0,-5.220572472E0,5.541783980E0
6.866904830E-1,9.179946184E-1,-1.663529038E0,-5.579127312E0,5.893785247E0
6.917160550E-1,7.927119732E-1,-1.806688786E0,-5.916657925E0,6.236934955E0
6.967416280E-1,7.942608595E-1,-1.987428784E0,-6.323822021E0,6.676185172E0
7.017672010E-1,8.658128977E-1,-2.181771278E0,-6.666311264E0,7.067493456E0
7.067927740E-1,9.410136938E-1,-2.385199547E0,-6.886358738E0,7.348239267E0
7.118183470E-1,1.058495164E0,-2.554985523E0,-6.978911400E0,7.506901316E0
7.168439200E-1,1.247376919E0,-2.715620756E0,-6.953109741E0,7.568109430E0
7.218694930E-1,1.455580711E0,-2.886970520E0,-6.798766613E0,7.528382393E0
7.268950660E-1,1.085730553E0,-3.361271858E0,-6.558388233E0,7.449121798E0
7.319206390E-1,1.185652494E0,-3.564961672E0,-6.346283913E0,7.374960546E0
7.369462120E-1,1.621747375E0,-3.732847214E0,-6.424610615E0,7.605250451E0
7.419717850E-1,1.635786295E0,-3.514548302E0,-7.251048565E0,8.222259535E0
7.469973580E-1,2.018050194E0,-3.139545202E0,-7.346139431E0,8.239844368E0
7.520229300E-1,2.552059650E0,-2.952822208E0,-7.336674213E0,8.310171837E0
7.570485030E-1,2.772015572E0,-3.088190556E0,-7.557525635E0,8.621901470E0
7.620740760E-1,2.935054779E0,-3.339152575E0,-7.826898575E0,9.001379215E0
7.670996490E-1,3.207754374E0,-3.580296278E0,-8.087551117E0,9.408331022E0
7.721252220E-1,3.598134518E0,-3.772172213E0,-8.368949890E0,9.859775731E0
7.771507950E-1,3.984465837E0,-3.937413692E0,-8.739445686E0,1.038061200E1
7.821763680E-1,4.245582581E0,-4.060155392E0,-9.171802521E0,1.089182238E1
7.872019410E-1,4.447704315E0,-4.153008461E0,-9.581338882E0,1.135040121E1
7.922275140E-1,4.738313675E0,-4.176542282E0,-9.902461052E0,1.174537598E1
7.972530870E-1,5.150138855E0,-4.196889877E0,-1.010298443E1,1.209165453E1
8.022786600E-1,5.496482849E0,-4.213109493E0,-1.022695446E1,1.235120289E1
8.073042330E-1,5.830495834E0,-4.233822823E0,-1.037535667E1,1.263202135E1
8.123298050E-1,6.152641296E0,-4.272274971E0,-1.050563812E1,1.290254861E1
8.173553780E-1,6.434571743E0,-4.332045555E0,-1.051323700E1,1.306516301E1
8.223809510E-1,6.657310486E0,-4.426549435E0,-1.037023544E1,1.309411723E1
8.274065240E-1,6.801988602E0,-4.579033852E0,-1.017753220E1,1.306968866E1
8.324320970E-1,6.802065372E0,-4.712305069E0,-9.858673096E0,1.287118284E1
8.374576700E-1,6.548323154E0,-4.744554043E0,-9.379774094E0,1.238432442E1
8.424832430E-1,5.912559509E0,-4.680459976E0,-8.668229103E0,1.148926722E1
8.475088160E-1,4.981367111E0,-4.506304741E0,-7.661008835E0,1.018881039E1
8.525343890E-1,3.869122744E0,-4.271811008E0,-6.496080399E0,8.684327299E0
8.575599620E-1,2.431143761E0,-4.051381111E0,-5.239955902E0,7.055585500E0
8.625855350E-1,8.287692070E-1,-3.776913643E0,-3.772512436E0,5.402201879E0
8.676111080E-1,-6.427707672E-1,-3.328119755E0,-2.074211836E0,3.973901119E0
8.726366800E-1,-1.956345558E0,-2.819444895E0,-3.601827621E-1,3.450549098E0
8.776622530E-1,-3.060540676E0,-2.288087368E0,1.374405384E0,4.060941171E0
8.826878260E-1,-3.974739552E0,-1.856522322E0,3.020472050E0,5.326207003E0
8.877133990E-1,-4.779681206E0,-1.512099028E0,4.431583881E0,6.691093453E0
8.927389720E-1,-5.675251007E0,-1.150169373E0,5.605189323E0,8.059125941E0
8.977645450E-1,-6.584489822E0,-7.470153570E-1,6.302905083E0,9.145498928E0
9.027901180E-1,-7.201924324E0,-3.260598183E-1,6.370349884E0,9.620571013E0
9.078156910E-1,-7.552846909E0,7.538509369E-2,6.034423351E0,9.667752816E0
9.128412640E-1,-7.700502396E0,4.258081913E-1,5.621650696E0,9.543689345E0
9.178668370E-1,-7.640701294E0,7.324035168E-1,5.209586143E0,9.276665293E0
9.228924100E-1,-7.455097198E0,9.836695194E-1,4.885025024E0,8.967137194E0
9.279179830E-1,-7.311100006E0,1.172792435E0,4.797010422E0,8.822637609E0
9.329435550E-1,-7.275208473E0,1.349826694E0,4.918313026E0,8.884846282E0
9.379691280E-1,-7.327706337E0,1.497021079E0,5.112398148E0,9.059413176E0
9.429947010E-1,-7.434681892E0,1.677505732E0,5.204652309E0,9.229134628E0
9.480202740E-1,-7.686652184E0,1.824336171E0,5.212788105E0,9.464987273E0
9.530458470E-1,-8.078208923E0,2.018650532E0,5.208447456E0,9.821422213E0
9.580714200E-1,-8.450933456E0,2.355215073E0,5.273811817E0,1.023613235E1
9.630969930E-1,-8.703976631E0,2.756567955E0,5.362521172E0,1.058841392E1
9.681225660E-1,-8.827512741E0,3.178610086E0,5.457481384E0,1.085415341E1
9.731481390E-1,-8.854667664E0,3.519383430E0,5.509228706E0,1.100648900E1
9.781737120E-1,-8.813640594E0,3.715605497E0,5.483006477E0,1.102494194E1
9.831992850E-1,-8.622477531E0,3.833364010E0,5.406580448E0,1.087533496E1
9.882248580E-1,-8.227859497E0,3.939049006E0,5.331781864E0,1.056606250E1
9.932504300E-1,-7.791644096E0,4.051481247E0,5.276888847E0,1.024547578E1
9.982760030E-1,-7.432537079E0,4.227879524E0,5.259428024E0,1.003888220E1
1.003301576E0,-7.197679520E0,4.415308952E0,5.223860741E0,9.929263047E0
1.008327149E0,-7.029348373E0,4.441214561E0,5.103592396E0,9.756166290E0
1.013352722E0,-6.941835403E0,4.253399849E0,4.816817284E0,9.459504098E0
1.018378295E0,-6.935315132E0,4.005477428E0,4.343164444E0,9.110736677E0
1.023403868E0,-6.866609573E0,3.779375553E0,3.767098427E0,8.696265702E0
1.028429441E0,-6.549766541E0,3.690721035E0,3.053099632E0,8.114325656E0
1.033455014E0,-6.224689484E0,3.539553881E0,2.557959795E0,7.603838449E0
1.038480587E0,-5.949095726E0,3.431236029E0,2.519342661E0,7.315203899E0
1.043506160E0,-5.656187057E0,3.341462851E0,2.773357153E0,7.130872030E0
1.048531733E0,-5.293560028E0,3.226339817E0,3.108712196E0,6.935065818E0
1.053557305E0,-4.866130829E0,3.099574566E0,3.486985445E0,6.741339572E0
1.058582878E0,-4.459928513E0,2.902969837E0,3.927825451E0,6.614076578E0
1.063608451E0,-3.988661766E0,2.669038534E0,4.484468937E0,6.568382680E0
1.068634024E0,-3.356382370E0,2.454397917E0,5.086329460E0,6.569636149E0
1.073659597E0,-2.533983231E0,2.330700874E0,5.606188774E0,6.578950536E0
1.078685170E0,-1.659550667E0,2.346203327E0,6.022826195E0,6.673321050E0
1.083710743E0,-8.711900711E-1,2.377300262E0,6.223461151E0,6.718779456E0
1.088736316E0,-2.641105652E-1,2.396297693E0,6.151772499E0,6.607291571E0
1.093761889E0,1.381053925E-1,2.394397020E0,5.918193817E0,6.385704992E0
1.098787462E0,4.168901443E-1,2.424466133E0,5.536723137E0,6.058641475E0
1.103813035E0,6.486892700E-1,2.448109150E0,5.174083710E0,5.760657811E0
1.108838608E0,8.810997009E-1,2.508138418E0,4.791005135E0,5.479126318E0
1.113864180E0,1.133023262E0,2.571363688E0,4.329349518E0,5.161290553E0
1.118889753E0,1.418672085E0,2.610186100E0,3.774497032E0,4.803387326E0
1.123915326E0,1.613468647E0,2.596710920E0,3.121166945E0,4.368966900E0
1.128940899E0,1.635818005E0,2.560000420E0,2.473429680E0,3.917570302E0
1.133966472E0,1.628797054E0,2.566948414E0,1.834148645E0,3.550535911E0
1.138992045E0,1.611042500E0,2.603096962E0,1.254268646E0,3.308286802E0
1.144017618E0,1.615654469E0,2.601477861E0,7.660000324E-1,3.156704369E0
1.149043191E0,1.656651020E0,2.566689253E0,2.344355583E-1,3.063877666E0
1.154068764E0,1.738473892E0,2.527301311E0,-3.411922455E-1,3.086414674E0
1.159094337E0,1.794006348E0,2.487927198E0,-8.462591171E-1,3.181885449E0
1.164119910E0,1.971622467E0,2.443608046E0,-1.285187960E0,3.392672033E0
1.169145483E0,2.228247166E0,2.384577274E0,-1.647947788E0,3.656094381E0
1.174171055E0,2.540132046E0,2.306045294E0,-1.909726143E0,3.926470380E0
1.179196628E0,2.897877693E0,2.227350712E0,-2.117587328E0,4.224093087E0
1.184222201E0,3.301717281E0,2.115292788E0,-2.304044008E0,4.548012684E0
1.189247774E0,3.751835823E0,1.956158876E0,-2.458684683E0,4.893665289E0
1.194273347E0,4.100337505E0,1.745885849E0,-2.561110497E0,5.140055645E0
1.199298920E0,4.151928425E0,1.585428238E0,-2.489944935E0,5.094302516E0
1.204324493E0,4.041596889E0,1.531940460E0,-2.167050123E0,4.835023602E0
1.209350066E0,3.889422417E0,1.532259703E0,-1.783354282E0,4.544862927E0
1.214375639E0,3.695512772E0,1.427865505E0,-1.492031097E0,4.233411313E0
1.219401212E0,3.378696918E0,1.247418880E0,-1.273783922E0,3.820231958E0
1.224426785E0,3.025125980E0,1.071998358E0,-1.104987144E0,3.394342980E0
1.229452358E0,2.677558899E0,9.108500481E-1,-8.956742287E-1,2.966681950E0
1.234477930E0,2.369097710E0,7.442564368E-1,-6.421751976E-1,2.564942609E0
1.239503503E0,2.142563343E0,6.196848154E-1,-4.215877056E-1,2.269872935E0
1.244529076E0,2.035967350E0,5.177679658E-1,-2.773344517E-1,2.119000027E0
1.249554649E0,1.967671871E0,3.764237165E-1,-1.715269089E-1,2.010683687E0
1.254580222E0,1.837135792E0,1.812930703E-1,-4.690289497E-2,1.846655078E0
1.259605795E0,1.630134583E0,-1.504957676E-2,6.311154366E-2,1.631425240E0
1.264631368E0,1.299134254E0,-1.793011427E-1,1.637268066E-1,1.321629743E0
1.269656941E0,1.040443897E0,-1.923750639E-1,2.598090172E-1,1.089510162E0
1.274682514E0,9.304327965E-1,-1.887149215E-1,2.985303402E-1,9.952079553E-1
1.279708087E0,1.031151295E0,-2.447590828E-1,1.892318726E-1,1.076563376E0
1.284733660E0,1.380790710E0,-3.835090995E-1,-2.012574673E-1,1.447123624E0
1.289759233E0,1.811763287E0,-5.843307972E-1,-7.334458828E-1,2.040066555E0
1.294784805E0,2.199757576E0,-7.402220368E-1,-1.296612024E0,2.658583231E0
1.299810378E0,2.482741356E0,-8.640467525E-1,-1.794636011E0,3.182970286E0
1.304835951E0,2.603685379E0,-9.260217547E-1,-2.260380745E0,3.570156153E0
1.309861524E0,2.696922779E0,-9.348968863E-1,-2.736266613E0,3.954058629E0
1.314887097E0,2.738682270E0,-9.425846338E-1,-3.193163395E0,4.311048461E0
1.319912670E0,2.796022892E0,-9.435417056E-1,-3.573366642E0,4.634324559E0
1.324938243E0,2.849682331E0,-9.322597980E-1,-3.910371542E0,4.927555511E0
1.329963868E0,2.923541546E0,-9.703019261E-1,-4.246973038E0,5.246461758E0
1.334989493E0,2.840622425E0,-1.076081634E0,-4.544426918E0,5.466159846E0
1.340015118E0,2.610676289E0,-1.182195902E0,-4.792699814E0,5.584191019E0
1.345040743E0,2.267186165E0,-1.274607658E0,-4.953509331E0,5.594820147E0
1.350066368E0,1.767157078E0,-1.325465918E0,-5.007662296E0,5.473242705E0
1.355091993E0,1.182609558E0,-1.307517409E0,-4.792283058E0,5.106284760E0
1.360117618E0,6.044940948E-1,-1.208414197E0,-4.389091969E0,4.592363911E0
1.365143243E0,9.461498260E-2,-1.135652542E0,-3.938131332E0,4.099699633E0
1.370168868E0,-2.804889679E-1,-1.095976472E0,-3.593731403E0,3.767591258E0
1.375194493E0,-4.305686951E-1,-1.095658779E0,-3.390801430E0,3.589344216E0
1.380220118E0,-3.466835022E-1,-1.111881852E0,-3.282709837E0,3.483196029E0
1.385245743E0,-4.859542847E-2,-1.159398556E0,-3.213133812E0,3.416254589E0
1.390271368E0,3.961696625E-1,-1.199957252E0,-3.321719646E0,3.553965281E0
1.395296993E0,9.108204842E-1,-1.256934643E0,-3.680136204E0,3.994105798E0
1.400322618E0,1.485650063E0,-1.310148478E0,-4.297338009E0,4.731887478E0
1.405348243E0,2.134813309E0,-1.300732851E0,-4.962001801E0,5.556149357E0
1.410373868E0,2.805632114E0,-1.298749924E0,-5.548395157E0,6.351614892E0
1.415399493E0,3.373946190E0,-1.388765812E0,-6.116851807E0,7.122363329E0
1.420425118E0,3.734885693E0,-1.516721964E0,-6.641324997E0,7.768977691E0
1.425450743E0,3.778836727E0,-1.705876827E0,-7.086737156E0,8.210448604E0
1.430476368E0,3.506231785E0,-1.956210136E0,-7.361202717E0,8.384970177E0
1.435501993E0,2.941465855E0,-2.301758766E0,-7.535771847E0,8.410598797E0
1.440527618E0,2.113913536E0,-2.748363733E0,-7.604665756E0,8.357815200E0
1.445553243E0,1.172586441E0,-3.197258949E0,-7.509786606E0,8.245866760E0
1.450578868E0,3.138647079E-1,-3.578403473E0,-7.260916233E0,8.100888039E0
1.455604493E0,-3.619527817E-1,-3.931613684E0,-6.882726192E0,7.934766273E0
1.460630066E0,-9.605636597E-1,-4.301138878E0,-6.410114288E0,7.778948732E0
1.465655639E0,-1.716581345E0,-4.750182152E0,-6.054846764E0,7.884925575E0
1.470681212E0,-2.634465218E0,-5.246531010E0,-5.779471397E0,8.238251286E0
1.475706785E0,-3.517633438E0,-5.763029099E0,-5.307709694E0,8.588249623E0
1.480732358E0,-4.580780983E0,-6.268149376E0,-4.493064404E0,8.969998815E0
1.485757930E0,-5.751392365E0,-6.739764214E0,-3.730129480E0,9.613365785E0
1.490783503E0,-6.684830666E0,-7.259702206E0,-3.149739265E0,1.035910684E1
1.495809076E0,-7.472639084E0,-8.056251526E0,-2.819206476E0,1.134422535E1
1.500834649E0,-8.532018661E0,-9.083421707E0,-2.460153103E0,1.270260783E1
1.505860222E0,-9.830430984E0,-1.019922161E1,-1.837355852E0,1.428416506E1
1.510885795E0,-1.156527424E1,-1.141447639E1,-8.447676897E-1,1.627143116E1
1.515911368E0,-1.378523922E1,-1.260672188E1,6.530191302E-1,1.869194187E1
1.520936941E0,-1.620434952E1,-1.351996231E1,2.704264641E0,2.127635710E1
1.525962514E0,-1.875698662E1,-1.402331161E1,5.201905727E0,2.399036554E1
1.530988087E0,-2.157328415E1,-1.404425812E1,7.884211063E0,2.692226883E1
1.536013660E0,-2.476790237E1,-1.355008507E1,1.052236176E1,3.012928626E1
1.541039233E0,-2.854434013E1,-1.215692902E1,1.257946587E1,3.347854893E1
1.546064805E0,-3.246726227E1,-1.010627747E1,1.370809841E1,3.666295031E1
1.551090378E0,-3.589409256E1,-7.799334049E0,1.401016521E1,3.931285059E1
1.556115951E0,-3.829700089E1,-5.465132713E0,1.366061115E1,4.102609230E1
1.561141524E0,-3.901599121E1,-3.235263348E0,1.274224758E1,4.117134164E1
1.566167097E0,-3.760993195E1,-1.247562885E0,1.132826519E1,3.929876571E1
1.571192670E0,-3.441161346E1,3.209633827E-1,9.716116905E0,3.575842679E1
1.576218243E0,-2.986134338E1,1.464121103E0,8.161268234E0,3.099112419E1
1.581243816E0,-2.470154572E1,2.282822609E0,6.746225357E0,2.570776529E1
1.586269389E0,-1.940126419E1,2.820940256E0,5.519836903E0,2.036750735E1
1.591294962E0,-1.419933796E1,3.290200472E0,4.703903675E0,1.531578687E1
1.596320535E0,-9.237995148E0,3.868484497E0,4.204718113E0,1.086210758E1
1.601346108E0,-4.792181969E0,4.570137024E0,3.904643059E0,7.687483194E0
1.606371680E0,-1.020763397E0,5.360809326E0,3.775946856E0,6.636114014E0
1.611397253E0,1.947282791E0,6.128272533E0,3.855676889E0,7.497591532E0
1.616422826E0,4.165760517E0,6.792201996E0,4.006806374E0,8.918635880E0
1.621448399E0,5.789333344E0,7.352389812E0,4.162921906E0,1.024226222E1
1.626473972E0,7.006041527E0,7.894133568E0,4.424592972E0,1.144460509E1
1.631499545E0,7.974775314E0,8.411782265E0,4.819647312E0,1.255325147E1
1.636525118E0,8.920772552E0,8.847581863E0,5.331376076E0,1.364856984E1
1.641550691E0,9.695866585E0,9.215565681E0,5.789271355E0,1.457573815E1
1.646576264E0,1.020948792E1,9.563131332E0,6.028421879E0,1.523249798E1
1.651601837E0,1.056258774E1,9.946903229E0,6.070972919E0,1.572786876E1
1.656627410E0,1.088962364E1,1.042783737E1,5.986829758E0,1.622238657E1
1.661652983E0,1.132500076E1,1.094700241E1,5.788317204E0,1.678085576E1
1.666678555E0,1.201229095E1,1.146527481E1,5.407203674E0,1.746383440E1
1.671704128E0,1.302765560E1,1.198729134E1,4.819456100E0,1.834780971E1
1.676729701E0,1.423633957E1,1.242294312E1,4.050107956E0,1.932372258E1
1.681755274E0,1.534570312E1,1.272574520E1,3.225223541E0,2.019498111E1
1.686780847E0,1.611611748E1,1.294957352E1,2.455721140E0,2.081949238E1
1.691806420E0,1.642346191E1,1.314253712E1,1.888935328E0,2.111929118E1
1.696831993E0,1.639314461E1,1.333692551E1,1.526881933E0,2.118820758E1
1.701857566E0,1.618432236E1,1.354028702E1,1.194146156E0,2.113522292E1
1.706883139E0,1.599425316E1,1.377925777E1,9.075500369E-1,2.113072942E1
1.711908712E0,1.590498352E1,1.405214310E1,7.661414146E-1,2.123718906E1
1.716934285E0,1.563475513E1,1.419036674E1,9.173316956E-1,2.113418023E1
1.721959858E0,1.512218285E1,1.420226860E1,1.532592773E0,2.080225199E1
1.726985430E0,1.451657867E1,1.414398384E1,2.394362450E0,2.040873114E1
1.732011003E0,1.405335808E1,1.395683479E1,3.150145054E0,2.005526177E1
1.737036576E0,1.392908478E1,1.368816280E1,3.567932367E0,1.985233853E1
1.742062149E0,1.422009277E1,1.346273804E1,3.650980473E0,1.991948826E1
1.747087722E0,1.482518768E1,1.322934628E1,3.494181633E0,2.017451605E1
1.752113295E0,1.564783001E1,1.293748951E1,3.111362696E0,2.054054032E1
1.757138868E0,1.649584579E1,1.253709602E1,2.679220200E0,2.089186268E1
1.762164441E0,1.722501373E1,1.208802795E1,2.394330978E0,2.117910146E1
1.767190014E0,1.794943237E1,1.156933308E1,2.166249514E0,2.146448759E1
1.772215587E0,1.878309250E1,1.093657017E1,1.832759142E0,2.181220156E1
1.777241160E0,1.960065269E1,1.011738586E1,1.480625272E0,2.210744974E1
1.782266733E0,2.021014786E1,9.264480591E0,1.325147986E0,2.227188125E1
1.787292305E0,2.039142609E1,8.444494247E0,1.627673626E0,2.213072666E1
1.792317878E0,1.980019951E1,7.490094185E0,2.490805626E0,2.131556999E1
1.797343451E0,1.824536514E1,6.481834412E0,4.085627079E0,1.978888262E1
1.802369024E0,1.553047180E1,5.652530670E0,6.635553360E0,1.780947011E1
1.807394597E0,1.115741539E1,5.104571342E0,9.914929390E0,1.577499260E1
1.812420170E0,4.476006985E0,4.755772591E0,1.385964489E1,1.532128480E1
1.817445743E0,-4.870030403E0,4.610084534E0,1.827137375E1,1.946312344E1
1.822471316E0,-1.619673920E1,4.627690315E0,2.298563957E1,2.849718416E1
1.827496889E0,-2.809685898E1,4.793450832E0,2.714099312E1,3.935789835E1
1.832522462E0,-3.893872070E1,4.894402504E0,3.037140846E1,4.962460678E1
1.837548035E0,-5.007651520E1,4.215817451E0,3.076902962E1,5.892506830E1
1.842573608E0,-5.965464020E1,2.289776802E0,2.904935074E1,6.639114364E1
1.847599180E0,-6.519995117E1,-7.672944069E-1,2.510883904E1,6.987185536E1
1.852624753E0,-6.675579834E1,-4.490836143E0,2.105759811E1,7.014218887E1
1.857650326E0,-6.467911530E1,-7.997243404E0,1.714513016E1,6.738916341E1
1.862675899E0,-6.020827484E1,-1.037058640E1,1.267321491E1,6.239547898E1
1.867701472E0,-5.469588852E1,-1.253508472E1,9.999719620E0,5.699792069E1
1.872727045E0,-4.984627914E1,-1.444092846E1,8.091527939E0,5.252299290E1
1.877752618E0,-4.599282074E1,-1.622064209E1,6.662913799E0,4.922238525E1
1.882778191E0,-4.237230682E1,-1.744286537E1,6.281734943E0,4.625068791E1
1.887803764E0,-3.842248535E1,-1.809566879E1,6.082158089E0,4.290376739E1
1.892829337E0,-3.404935837E1,-1.872786713E1,6.736977100E0,3.943955721E1
1.897854910E0,-2.924856949E1,-1.943732452E1,7.388908386E0,3.588710589E1
1.902880483E0,-2.430605888E1,-2.018530464E1,7.898669720E0,3.256716146E1
1.907906055E0,-1.956812286E1,-2.099324417E1,8.049364090E0,2.980637508E1
1.912931628E0,-1.531255150E1,-2.175230789E1,7.794362545E0,2.771983441E1
1.917957201E0,-1.153921318E1,-2.227216530E1,7.083167076E0,2.606480469E1
1.922982774E0,-8.329673767E0,-2.247785378E1,6.000693321E0,2.471124634E1
1.928008347E0,-5.847497940E0,-2.247251129E1,4.677019119E0,2.368715905E1
1.933033920E0,-3.860261917E0,-2.236974144E1,3.024562120E0,2.290098099E1
1.938059493E0,-2.175142288E0,-2.215429306E1,1.293892384E0,2.229838789E1
1.943085066E0,-7.103996277E-1,-2.181608582E1,-4.233593941E-1,2.183175442E1
1.948110639E0,7.871742249E-1,-2.135952377E1,-2.284782887E0,2.149579335E1
1.953136212E0,2.484143734E0,-2.077411842E1,-4.218437195E0,2.134315297E1
1.958161785E0,4.336263657E0,-2.007294083E1,-6.066864491E0,2.141338321E1
1.963187358E0,6.203926086E0,-1.944063950E1,-7.648838997E0,2.179293236E1
1.968212930E0,8.149032593E0,-1.901340485E1,-8.849781036E0,2.249966490E1
1.973238503E0,1.015273952E1,-1.879271698E1,-9.779466629E0,2.349217527E1
1.978264076E0,1.203366470E1,-1.862304306E1,-1.080562592E1,2.466553001E1
1.983289649E0,1.362501907E1,-1.827824402E1,-1.174489212E1,2.564523036E1
1.988315222E0,1.501877213E1,-1.767667198E1,-1.257478905E1,2.638472225E1
1.993340795E0,1.613936234E1,-1.700499153E1,-1.337731838E1,2.699261752E1
1.998366368E0,1.692080307E1,-1.642601013E1,-1.407108212E1,2.746129526E1
2.003391941E0,1.745916176E1,-1.587368393E1,-1.464696217E1,2.777282253E1
2.008417514E0,1.779255676E1,-1.533504105E1,-1.501991844E1,2.788075519E1
2.013443087E0,1.782483292E1,-1.480230713E1,-1.507173157E1,2.764037006E1
2.018468660E0,1.771312714E1,-1.431127071E1,-1.485667229E1,2.718985204E1
2.023494233E0,1.757576942E1,-1.386468220E1,-1.441530418E1,2.662589112E1
2.028519805E0,1.756467056E1,-1.348382568E1,-1.377382374E1,2.607775733E1
2.033545378E0,1.763577271E1,-1.320387554E1,-1.300090885E1,2.558097807E1
2.038570951E0,1.769763756E1,-1.306895447E1,-1.219278622E1,2.515289211E1
2.043596524E0,1.788883209E1,-1.296489906E1,-1.142508888E1,2.487230543E1
2.048622097E0,1.821896362E1,-1.285834885E1,-1.074362183E1,2.475263987E1
2.053647670E0,1.864995766E1,-1.274866295E1,-1.028525639E1,2.482208344E1
2.058673243E0,1.899532318E1,-1.262578201E1,-9.871554375E0,2.485317404E1
2.063698816E0,1.918358994E1,-1.247958851E1,-9.491350174E0,2.477571352E1
2.068724389E0,1.925318909E1,-1.238169098E1,-9.324802399E0,2.471727132E1
2.073749962E0,1.922327042E1,-1.226512623E1,-9.422640800E0,2.467293267E1
2.078775535E0,1.902209663E1,-1.206299210E1,-9.696731567E0,2.452310220E1
2.083801108E0,1.867352867E1,-1.171362686E1,-1.004005432E1,2.422214726E1
2.088826680E0,1.823948288E1,-1.118444824E1,-1.042766190E1,2.380140229E1
2.093852253E0,1.774352837E1,-1.054342461E1,-1.079179287E1,2.329075771E1
2.098877826E0,1.717089462E1,-9.825347900E0,-1.108389091E1,2.267663382E1
2.103903399E0,1.656912613E1,-9.107955933E0,-1.130292892E1,2.202832277E1
2.108928972E0,1.589969540E1,-8.387796402E0,-1.139487171E1,2.128376244E1
2.113954545E0,1.495210648E1,-7.737993240E0,-1.125719357E1,2.025256612E1
2.118980118E0,1.384611988E1,-7.184079647E0,-1.094518185E1,1.905578762E1
2.124005691E0,1.282078362E1,-6.656091690E0,-1.052956581E1,1.787590012E1
2.129031264E0,1.186612511E1,-6.170172215E0,-9.938464165E0,1.666280349E1
2.134056837E0,1.089571285E1,-5.751769066E0,-9.167373657E0,1.535708780E1
2.139082410E0,9.966689110E0,-5.378429413E0,-8.298617363E0,1.404027937E1
2.144107983E0,9.097896576E0,-5.089608192E0,-7.405680656E0,1.278749153E1
2.149133555E0,8.179129601E0,-4.938721180E0,-6.581133366E0,1.160174316E1
2.154159128E0,7.205637932E0,-5.007314205E0,-5.783263683E0,1.050907001E1
2.159184701E0,6.086643219E0,-5.280416965E0,-5.051411629E0,9.510351647E0
2.164210274E0,4.645380497E0,-5.670692444E0,-4.525907993E0,8.615112067E0
2.169235847E0,3.020954132E0,-5.961377144E0,-4.190575600E0,7.888289116E0
2.174261420E0,1.405027866E0,-6.203185558E0,-4.142029285E0,7.590126546E0
2.179286993E0,-3.454904556E-1,-6.713747501E0,-4.320618629E0,7.991339970E0
2.184312566E0,-2.397341728E0,-7.536768436E0,-4.573587418E0,9.136072881E0
2.189338139E0,-4.740348816E0,-8.491014481E0,-4.643647671E0,1.077644178E1
2.194363712E0,-7.335914612E0,-9.200263977E0,-4.626347542E0,1.264371749E1
2.199389285E0,-1.029368973E1,-9.415202141E0,-4.609438896E0,1.469193679E1
2.204414858E0,-1.360813713E1,-9.204728127E0,-4.658799648E0,1.707667503E1
2.209440430E0,-1.729742813E1,-8.802314758E0,-4.657893658E0,1.995940226E1
2.214466003E0,-2.095406151E1,-8.266084671E0,-4.619904518E0,2.299444209E1
2.219491576E0,-2.405154037E1,-7.678512096E0,-4.381413937E0,2.562484986E1
2.224517149E0,-2.627923584E1,-7.202384472E0,-3.681150436E0,2.749588054E1
2.229542722E0,-2.800615883E1,-7.083993912E0,-2.458501339E0,2.899262201E1
2.234568295E0,-2.920388031E1,-7.233443737E0,-6.631668210E-1,3.009367249E1
2.239593868E0,-3.017389297E1,-7.503229618E0,1.439412236E0,3.112610126E1
2.244619441E0,-3.066256332E1,-7.726476669E0,3.650727272E0,3.183110179E1
2.249645014E0,-3.067019653E1,-7.836256981E0,5.846639156E0,3.219085380E1
2.254670587E0,-3.034569168E1,-7.730965137E0,7.974892616E0,3.231451280E1
2.259696160E0,-2.979483414E1,-7.443029404E0,9.907499313E0,3.226901564E1
2.264721733E0,-2.887920761E1,-6.962388515E0,1.125515747E1,3.176731112E1
2.269747305E0,-2.740774727E1,-6.155024529E0,1.177541161E1,3.045864829E1
2.274772878E0,-2.543812561E1,-5.083272934E0,1.152727413E1,2.838689746E1
2.279798451E0,-2.295627594E1,-3.971493721E0,1.066206455E1,2.562114338E1
2.284824024E0,-2.019223404E1,-2.990753174E0,9.390815735E0,2.246905294E1
2.289849597E0,-1.717513084E1,-2.172951221E0,7.759284973E0,1.897138213E1
2.294875170E0,-1.405396557E1,-1.534817219E0,6.001191139E0,1.535851253E1
2.299900743E0,-1.104954147E1,-1.059379339E0,4.505056381E0,1.197957363E1
2.304926316E0,-8.248661995E0,-6.338818073E-1,3.421440363E0,8.952568626E0
2.309951889E0,-5.819390297E0,-1.839282513E-1,2.801492214E0,6.461229887E0
2.314977462E0,-3.771525383E0,3.208966255E-1,2.586464405E0,4.584449419E0
2.320003035E0,-2.124045372E0,7.470065355E-1,2.626379013E0,3.459400848E0
2.325028608E0,-8.429975510E-1,1.194215417E0,2.924068451E0,3.269093397E0
2.330054180E0,2.251605988E-1,1.637671709E0,3.453845024E0,3.829061422E0
2.335079753E0,1.128679276E0,2.090323687E0,4.003779411E0,4.655493486E0
2.340105326E0,2.025819302E0,2.603218317E0,4.538438797E0,5.610536174E0
2.345130899E0,2.974146366E0,3.093957424E0,4.963943005E0,6.561924207E0
2.350156472E0,3.887602329E0,3.495037079E0,5.166442871E0,7.349888978E0
2.355182045E0,4.766266346E0,3.806236744E0,5.174707413E0,7.998895539E0
2.360207618E0,5.691466331E0,4.060981750E0,5.136384487E0,8.675644494E0
2.365233191E0,6.548268318E0,4.355224133E0,5.083690643E0,9.364384965E0
2.370258764E0,7.279231071E0,4.699110985E0,4.933366299E0,9.970303510E0
2.375284337E0,7.826990604E0,4.930995464E0,4.874061584E0,1.045624094E1
2.380309910E0,8.239568710E0,5.166343689E0,4.874512196E0,1.087853247E1
2.385335483E0,8.588932037E0,5.401010036E0,4.773443222E0,1.121277946E1
2.390361055E0,8.793988228E0,5.362194061E0,5.186234474E0,1.153188545E1
2.395386628E0,9.141928673E0,5.254838943E0,5.654157639E0,1.196485231E1
2.400412201E0,9.704324722E0,5.509009838E0,5.856961727E0,1.260266275E1
2.405437774E0,1.040433025E1,5.770766735E0,5.895276070E0,1.327803136E1
2.410463347E0,1.114606094E1,6.222411156E0,5.836093903E0,1.403613434E1
2.415488920E0,1.167594719E1,6.568115711E0,5.683861256E0,1.455246252E1
2.420514493E0,1.203255844E1,6.769876957E0,5.265998363E0,1.477648251E1
2.425540066E0,1.251748657E1,6.860974312E0,4.730488777E0,1.503788425E1
2.430565639E0,1.315443325E1,7.012992859E0,4.289120197E0,1.551185789E1
2.435591212E0,1.390480614E1,7.221121311E0,4.010199547E0,1.617312360E1
2.440616785E0,1.477305984E1,7.428857327E0,3.904567242E0,1.699049333E1
2.445642358E0,1.540494537E1,7.613697529E0,3.906805038E0,1.762225461E1
2.450667930E0,1.571936035E1,7.609079361E0,3.864750624E0,1.788666196E1
2.455693503E0,1.586016273E1,7.506413460E0,3.812193394E0,1.795616394E1
2.460719076E0,1.574152756E1,7.358787537E0,3.887555838E0,1.780619370E1
2.465744649E0,1.538780212E1,7.223795414E0,4.032426357E0,1.747077951E1
2.470770222E0,1.483776379E1,7.077700138E0,4.106179714E0,1.694443228E1
2.475795795E0,1.415424728E1,6.896962166E0,4.096050262E0,1.626924802E1
2.480821368E0,1.336661720E1,6.658227444E0,4.132518291E0,1.549439110E1
2.485846941E0,1.251384544E1,6.390752792E0,4.254701138E0,1.468129868E1
2.490872514E0,1.154878044E1,6.224104881E0,4.363051414E0,1.382570175E1
2.495898087E0,1.038123989E1,6.110788822E0,4.472949505E0,1.284987000E1
2.500923660E0,9.007104874E0,6.070031643E0,4.566487312E0,1.178244579E1
2.505949233E0,7.398056984E0,6.106591225E0,4.765413284E0,1.071124957E1
2.510974805E0,5.367566586E0,6.210495949E0,4.997047424E0,9.609969508E0
2.516000378E0,2.805312634E0,6.341986656E0,5.306535721E0,8.732118590E0
2.521025951E0,6.946945190E-2,6.518050194E0,5.832530975E0,8.746897845E0
2.526051524E0,-2.510923386E0,6.669256687E0,6.705353260E0,9.784962103E0
2.531077097E0,-4.908291817E0,6.678436279E0,7.807075024E0,1.138609943E1
2.536102670E0,-7.094757080E0,6.509885788E0,8.877223015E0,1.309653693E1
2.541128243E0,-9.099488258E0,6.232935429E0,9.784317970E0,1.474391565E1
2.546153816E0,-1.092742825E1,5.921101093E0,1.046240997E1,1.624592714E1
2.551179389E0,-1.254516792E1,5.408665657E0,1.087299252E1,1.746015088E1
2.556204962E0,-1.372815228E1,4.510906219E0,1.093822479E1,1.812333307E1
2.561230535E0,-1.412309265E1,3.164376259E0,1.053176212E1,1.789952615E1
2.566256108E0,-1.375020599E1,1.471152544E0,9.803116798E0,1.695091601E1
2.571281680E0,-1.293091583E1,-3.777529001E-1,8.975188255E0,1.574500828E1
2.576307253E0,-1.175169849E1,-2.342594147E0,8.067734718E0,1.444570899E1
2.581332826E0,-1.023638153E1,-4.162694454E0,6.884794235E0,1.301967448E1
2.586358399E0,-8.575801849E0,-5.544486046E0,5.498569012E0,1.159827418E1
2.591383972E0,-7.079801559E0,-6.625599861E0,3.831934929E0,1.042621163E1
2.596409545E0,-5.679765701E0,-7.544259548E0,1.858638167E0,9.624454602E0
2.601435118E0,-4.264076233E0,-8.258197784E0,-2.465772033E-1,9.297363986E0
2.606460691E0,-3.032348633E0,-8.703041077E0,-2.164618731E0,9.466976099E0
2.611486264E0,-2.103076935E0,-9.007347107E0,-3.502946377E0,9.890696023E0
2.616511837E0,-1.475584030E0,-9.248118401E0,-4.274389267E0,1.029443761E1
2.621537410E0,-1.192875862E0,-9.479675293E0,-4.705571175E0,1.065033317E1
2.626562983E0,-1.245809555E0,-9.699598312E0,-4.723442078E0,1.086025570E1
2.631588555E0,-1.290874481E0,-9.920580864E0,-4.320221901E0,1.089718307E1
2.636614128E0,-1.152401924E0,-1.015036106E1,-3.655496836E0,1.084990862E1
2.641639701E0,-8.605060577E-1,-1.041556740E1,-2.979998350E0,1.086760807E1
2.646665274E0,-6.315603256E-1,-1.076612377E1,-2.343170881E0,1.103624661E1
2.651690847E0,-4.471244812E-1,-1.115139961E1,-1.793506622E0,1.130355252E1
2.656716420E0,-1.976070404E-1,-1.143450356E1,-1.421987176E0,1.152427731E1
2.661741993E0,1.263532639E-1,-1.149271393E1,-1.180714965E0,1.155389659E1
2.666767566E0,4.722566605E-1,-1.129868889E1,-9.883737564E-1,1.135166418E1
2.671793139E0,8.453140259E-1,-1.093005562E1,-8.163419962E-1,1.099304716E1
2.676818712E0,1.217373848E0,-1.050735855E1,-6.173818707E-1,1.059564737E1
2.681844285E0,1.526805878E0,-1.011756516E1,-3.885207176E-1,1.023949262E1
2.686869858E0,1.783651829E0,-9.784983635E0,-2.095591426E-1,9.948428701E0
2.691895430E0,2.088588715E0,-9.481127739E0,-1.422860026E-1,9.709491816E0
2.696921003E0,2.460620880E0,-9.220215797E0,-2.161586285E-1,9.545352745E0
2.701946576E0,2.841995716E0,-8.982513428E0,-3.849061131E-1,9.429243864E0
2.706972149E0,3.256195068E0,-8.743278503E0,-5.928355455E-1,9.348752820E0
2.711997722E0,3.683516979E0,-8.468190193E0,-8.130288124E-1,9.270359126E0
2.717023295E0,4.027650833E0,-8.170557976E0,-1.023754001E0,9.166682122E0
2.722048868E0,4.264093399E0,-7.844803333E0,-1.232053518E0,9.013400453E0
2.727074441E0,4.344468117E0,-7.476458549E0,-1.387835383E0,8.757735022E0
2.732100014E0,4.359209061E0,-7.070246696E0,-1.503351450E0,8.441040076E0
2.737125587E0,4.154844284E0,-6.683684349E0,-1.595451355E0,8.029933532E0
2.742151160E0,3.678694248E0,-6.322282791E0,-1.762295127E0,7.523944124E0
2.747176733E0,2.988365173E0,-5.891674995E0,-1.934424043E0,6.883615114E0
2.752202305E0,2.246828079E0,-5.288251400E0,-2.137912035E0,6.130620454E0
2.757227878E0,1.693602085E0,-4.451766491E0,-2.494296312E0,5.376618548E0
2.762253451E0,1.266828537E0,-3.470404148E0,-3.048275471E0,4.789628674E0
2.767279024E0,7.900638580E-1,-2.475132465E0,-3.613759518E0,4.450813350E0
2.772304597E0,4.028282166E-1,-1.501136303E0,-4.152734280E0,4.434059401E0
2.777330170E0,9.141635895E-2,-6.595964432E-1,-4.722796440E0,4.769510523E0
2.782355743E0,-1.339778900E-1,5.620956421E-3,-5.285436630E0,5.287137415E0
2.787381316E0,-2.489557266E-1,5.468887091E-1,-5.940646648E0,5.970958785E0
2.792406889E0,-2.675380707E-1,9.741034508E-1,-6.583387852E0,6.660439157E0
2.797432462E0,-2.040357590E-1,1.331593037E0,-7.113389969E0,7.239826480E0
2.802458035E0,-3.263835907E-1,1.558651805E0,-7.478105545E0,7.645782121E0
2.807483608E0,-8.832340240E-1,1.680780053E0,-7.777323723E0,8.005740954E0
2.812509180E0,-1.893168449E0,1.722377181E0,-8.053111076E0,8.450045440E0
2.817534753E0,-3.240708351E0,1.769492626E0,-8.247247696E0,9.036060498E0
2.822560326E0,-4.963302612E0,1.687284350E0,-8.330379486E0,9.842587245E0
2.827585899E0,-6.969092369E0,1.455268264E0,-8.277355194E0,1.091790562E1
2.832611472E0,-9.132418633E0,1.185660362E0,-8.115629196E0,1.227478301E1
2.837637045E0,-1.115054035E1,1.009015560E0,-7.791449547E0,1.364035735E1
2.842662618E0,-1.283095169E1,9.169042110E-1,-7.399940014E0,1.484025427E1
2.847688191E0,-1.408194160E1,8.488693237E-1,-7.041717052E0,1.576729011E1
2.852713764E0,-1.474045658E1,7.258999348E-1,-6.769437790E0,1.623678783E1
2.857739337E0,-1.482114697E1,4.653017521E-1,-6.491965294E0,1.618729491E1
2.862764910E0,-1.447814178E1,-5.225276947E-2,-6.103364944E0,1.571210946E1
2.867790483E0,-1.384684181E1,-7.869269848E-1,-5.526450157E0,1.492969972E1
2.872816055E0,-1.325399590E1,-1.741437674E0,-4.751644135E0,1.418728777E1
2.877841628E0,-1.260026646E1,-2.813045979E0,-3.617455959E0,1.340768176E1
2.882867201E0,-1.214513779E1,-3.918086767E0,-2.273542404E0,1.296243692E1
2.887892774E0,-1.174099064E1,-4.939954281E0,-9.608577490E-1,1.277408537E1
2.892918347E0,-1.144564819E1,-5.992793083E0,2.567156553E-1,1.292216446E1
2.897943920E0,-1.136936951E1,-7.205553055E0,1.344434500E0,1.352738193E1
2.902969493E0,-1.137841320E1,-8.659645081E0,2.277989864E0,1.447919120E1
2.907995066E0,-1.120553303E1,-1.025906277E1,2.990617752E0,1.548406064E1
2.913020639E0,-1.046444511E1,-1.164868736E1,3.453799248E0,1.603512576E1
2.918046212E0,-8.889184952E0,-1.250029087E1,3.638712168E0,1.576436193E1
2.923071785E0,-6.764196396E0,-1.266568661E1,3.622073650E0,1.480855792E1
2.928097358E0,-4.579098701E0,-1.227295017E1,3.591466904E0,1.358278636E1
2.933122930E0,-2.722105026E0,-1.160312366E1,3.520226717E0,1.242716101E1
2.938148503E0,-1.556601524E0,-1.089040565E1,3.559782028E0,1.156269829E1
2.943174076E0,-1.129548073E0,-1.008838272E1,3.871748447E0,1.086470344E1
2.948199649E0,-1.267495155E0,-9.128385544E0,4.387043476E0,1.020686617E1
2.953225222E0,-1.925997734E0,-8.096591949E0,5.063394547E0,9.741777702E0
2.958250795E0,-3.070135117E0,-7.147315502E0,5.900339603E0,9.763393670E0
2.963276368E0,-4.641119957E0,-6.330948830E0,6.671752453E0,1.030209631E1
2.968301941E0,-6.499110222E0,-5.622428417E0,7.295329571E0,1.127262030E1
2.973327514E0,-8.289415359E0,-4.930494308E0,7.679459572E0,1.232875827E1
2.978353087E0,-9.657800674E0,-4.226356983E0,7.703192711E0,1.305658398E1
2.983378660E0,-1.041797352E1,-3.457486153E0,7.365272522E0,1.321876023E1
2.988404233E0,-1.059932995E1,-2.656774044E0,6.823143959E0,1.288252837E1
2.993429805E0,-1.033195305E1,-1.861203074E0,6.235142708E0,1.221025533E1
2.998455378E0,-9.530671120E0,-1.144767284E0,5.553781509E0,1.109002584E1
3.003480951E0,-8.215559006E0,-5.895445347E-1,4.769055843E0,9.517713285E0
3.008506524E0,-6.554830551E0,-3.235011101E-1,3.947068214E0,7.658316004E0
3.013532097E0,-4.754617691E0,-3.203728199E-1,3.234875679E0,5.759639641E0
3.018557670E0,-2.867549896E0,-5.055894852E-1,2.597255945E0,3.901820291E0
3.023583243E0,-9.937820435E-1,-7.811017632E-1,1.993661642E0,2.360595149E0
3.028608816E0,7.332696915E-1,-1.125452757E0,1.498647690E0,2.012529067E0
3.033634389E0,2.180306911E0,-1.498266459E0,1.130114913E0,2.876751697E0
3.038659962E0,3.400566101E0,-1.802733183E0,8.827131987E-1,3.948782006E0
3.043685535E0,4.499908447E0,-1.990348339E0,7.076313496E-1,4.971056696E0
3.048711108E0,5.211052895E0,-2.161498070E0,7.087492943E-1,5.685901137E0
3.053736680E0,5.443761826E0,-2.302421093E0,9.615545273E-1,5.988344747E0
3.058762253E0,5.547544956E0,-2.405034542E0,1.240701675E0,6.172421473E0
3.063787826E0,5.852330685E0,-2.427413940E0,1.411795855E0,6.491169418E0
3.068813399E0,6.328948975E0,-2.446777344E0,1.522312284E0,6.954117427E0
3.073838972E0,6.933891296E0,-2.525139809E0,1.495855331E0,7.529459658E0
3.078864545E0,7.609285831E0,-2.671276093E0,1.343130469E0,8.175631247E0
3.083890118E0,8.306921959E0,-2.836276531E0,1.094376087E0,8.845737731E0
3.088915691E0,9.016983032E0,-3.019174576E0,8.179413080E-1,9.544130453E0
3.093941264E0,9.658021927E0,-3.133000851E0,6.344227195E-1,1.017327745E1
3.098966837E0,1.025401783E1,-3.172204494E0,6.256694794E-1,1.075170802E1
3.103992410E0,1.085765934E1,-3.069392920E0,6.766549945E-1,1.130344201E1
3.109017983E0,1.152163219E1,-2.929297924E0,7.297401428E-1,1.191055479E1
3.114043555E0,1.228421021E1,-2.813288212E0,8.714600801E-1,1.263233366E1
3.119069128E0,1.298273849E1,-2.739406586E0,1.170634270E0,1.332014384E1
3.124094701E0,1.363644028E1,-2.606600285E0,1.538444281E0,1.396830982E1
3.129120274E0,1.429323769E1,-2.376442909E0,1.938511968E0,1.461854826E1
3.134145847E0,1.498682785E1,-2.096505642E0,2.363015175E0,1.531614134E1
3.139171420E0,1.546872807E1,-1.819279313E0,2.751525879E0,1.581651731E1
3.144196993E0,1.561032104E1,-1.468339920E0,3.043625355E0,1.597190660E1
3.149222566E0,1.562265015E1,-1.139837265E0,3.159209251E0,1.597958165E1
3.154248139E0,1.571645355E1,-8.964595795E-1,3.217300653E0,1.606740724E1
3.159273712E0,1.585829735E1,-7.576329708E-1,3.322614670E0,1.622033818E1
3.164299285E0,1.606281662E1,-6.656613350E-1,3.517407417E0,1.645689332E1
3.169324858E0,1.637827682E1,-4.860742092E-1,3.744849682E0,1.680797784E1
3.174350430E0,1.662836266E1,-2.132859230E-1,3.843308926E0,1.706806840E1
3.179376003E0,1.689989853E1,1.055049896E-1,3.836603165E0,1.733024020E1
3.184401576E0,1.710720444E1,4.850158691E-1,3.594855785E0,1.748755764E1
3.189427149E0,1.713098907E1,9.014539719E-1,3.661827087E0,1.754116255E1
3.194452722E0,1.685194778E1,1.349636078E0,3.860526085E0,1.734108772E1
3.199478295E0,1.662908936E1,1.523002148E0,3.703197956E0,1.710438024E1
3.204503868E0,1.652902794E1,1.684257507E0,3.639296055E0,1.700852621E1
3.209529441E0,1.620215225E1,1.737173557E0,3.610380650E0,1.669018748E1
3.214555014E0,1.532797050E1,1.662268639E0,3.577163696E0,1.582737871E1
3.219580587E0,1.414571953E1,1.616670609E0,3.859196901E0,1.475155604E1
3.224606160E0,1.285133934E1,1.651547909E0,4.667796612E0,1.377217697E1
3.229631733E0,1.147778320E1,1.773757458E0,5.924494743E0,1.303784341E1
3.234657305E0,1.012493038E1,2.008558750E0,7.528159142E0,1.277582497E1
3.239682878E0,8.854156494E0,2.304335594E0,9.152282715E0,1.294103275E1
3.244708451E0,7.740594864E0,2.304838657E0,1.087097454E1,1.354279061E1
3.249734024E0,7.073678017E0,2.100090027E0,1.237462997E1,1.440759403E1
3.254759597E0,6.677057266E0,1.551901340E0,1.210915661E1,1.391485412E1
3.259785170E0,6.255558014E0,1.025488377E0,1.187443447E1,1.346052846E1
3.264810743E0,5.689490318E0,7.521038055E-1,1.254548359E1,1.379583701E1
3.269836316E0,4.916643143E0,5.223312378E-1,1.331382465E1,1.420225815E1
3.274861889E0,3.961423874E0,1.648569107E-1,1.388679886E1,1.444171872E1
3.279887462E0,2.962704659E0,-3.574614525E-1,1.431035423E1,1.461819537E1
3.284913035E0,2.030402184E0,-9.624021053E-1,1.461148262E1,1.478323967E1
3.289938608E0,1.011338234E0,-1.534619093E0,1.462197113E1,1.473702482E1
3.294964180E0,-2.145290375E-1,-2.236889362E0,1.437387276E1,1.454846778E1
3.299989753E0,-1.432485580E0,-3.030883074E0,1.371693420E1,1.412064273E1
3.305015326E0,-2.064701080E0,-3.596111059E0,1.315141678E1,1.378966166E1
3.310040899E0,-1.877449036E0,-3.708132744E0,1.293208885E1,1.358359251E1
3.315066472E0,-1.094686508E0,-3.658646822E0,1.304074669E1,1.358841821E1
3.320092045E0,7.104969025E-2,-3.618096828E0,1.303565216E1,1.352863260E1
3.325117618E0,1.375415325E0,-3.654029846E0,1.282889557E1,1.340985693E1
3.330143191E0,2.292983532E0,-3.937481880E0,1.242701912E1,1.323602437E1
3.335168764E0,2.503738403E0,-4.452698708E0,1.191961861E1,1.296813554E1
3.340194337E0,1.747842789E0,-5.023413658E0,1.135022354E1,1.253464055E1
3.345219910E0,-1.371116638E-1,-5.687618256E0,1.064968586E1,1.207408837E1
3.350245483E0,-2.718544006E0,-6.458480358E0,9.728269577E0,1.198923179E1
3.355271055E0,-5.168772697E0,-7.269811153E0,8.691740036E0,1.245442533E1
3.360296628E0,-6.737051010E0,-7.988165855E0,7.536146641E0,1.288379433E1
3.365322201E0,-7.140826225E0,-8.473726273E0,6.186221123E0,1.269112950E1
3.370347774E0,-6.780035019E0,-8.751902580E0,4.696798801E0,1.202599653E1
3.375373347E0,-5.866456985E0,-9.013543129E0,2.960093021E0,1.115443535E1
3.380398920E0,-4.587183952E0,-9.328547478E0,1.197771311E0,1.046416317E1
3.385424493E0,-3.061700821E0,-9.770446777E0,-4.076346159E-1,1.024703899E1
3.390450066E0,-1.557307243E0,-1.028316212E1,-1.716313004E0,1.054107961E1
3.395475639E0,-4.221448898E-1,-1.088271332E1,-2.663178921E0,1.121178743E1
3.400501212E0,2.924346924E-2,-1.150959969E1,-3.253092289E0,1.196053300E1
3.405526785E0,-5.875682831E-2,-1.213440514E1,-3.480192661E0,1.262374672E1
3.410552358E0,-4.707403183E-1,-1.271947861E1,-3.428633213E0,1.318189130E1
3.415577930E0,-1.111291885E0,-1.322306538E1,-3.167207479E0,1.364242027E1
3.420603503E0,-1.808623314E0,-1.356561279E1,-2.835623264E0,1.397632742E1
3.425629076E0,-2.472496033E0,-1.375382233E1,-2.635959864E0,1.422072957E1
3.430654649E0,-3.237514496E0,-1.384688187E1,-2.588788509E0,1.445404661E1
3.435680222E0,-4.118664742E0,-1.382289696E1,-2.686774731E0,1.467155881E1
3.440705795E0,-4.853629112E0,-1.363155270E1,-2.923810720E0,1.476230380E1
3.445731368E0,-5.175473213E0,-1.329386139E1,-3.251467705E0,1.463162041E1
3.450756941E0,-5.123517990E0,-1.288275433E1,-3.559959412E0,1.431394797E1
3.455782514E0,-4.813426971E0,-1.246082020E1,-3.988838196E0,1.394101680E1
3.460808087E0,-4.384604454E0,-1.205647755E1,-4.592182636E0,1.362613476E1
3.465833660E0,-3.914175034E0,-1.166912460E1,-5.362971306E0,1.342574752E1
3.470859233E0,-3.445726395E0,-1.138429928E1,-6.319032669E0,1.346868495E1
3.475884805E0,-3.003595352E0,-1.116306782E1,-7.373082161E0,1.371123659E1
3.480910378E0,-2.635887146E0,-1.094269943E1,-8.504307747E0,1.410722588E1
3.485935951E0,-2.505312920E0,-1.067990303E1,-9.609107971E0,1.458327390E1
3.490961524E0,-2.535195351E0,-1.037523937E1,-1.064535904E1,1.507967097E1
3.495987097E0,-2.486269951E0,-9.900429726E0,-1.147467422E1,1.535800103E1
3.501012670E0,-2.545105934E0,-9.404835701E0,-1.214390373E1,1.556929339E1
3.506038243E0,-2.620600700E0,-9.013928413E0,-1.261847973E1,1.572718933E1
3.511063816E0,-2.631272316E0,-8.589988708E0,-1.283021832E1,1.566288613E1
3.516089389E0,-2.859168053E0,-8.138662338E0,-1.285831547E1,1.548382844E1
3.521114962E0,-3.294115067E0,-7.685233116E0,-1.272404194E1,1.522548014E1
3.526140535E0,-3.777544975E0,-7.116532803E0,-1.232911491E1,1.472827077E1
3.531166108E0,-4.289593697E0,-6.458492279E0,-1.170519161E1,1.404009428E1
3.536191680E0,-4.910681725E0,-5.789671898E0,-1.093684292E1,1.331351301E1
3.541217253E0,-5.668302536E0,-5.198335648E0,-1.011844349E1,1.270965168E1
3.546242826E0,-6.312366486E0,-4.624415874E0,-9.263206482E0,1.212593036E1
3.551268399E0,-6.645849228E0,-4.093164444E0,-8.399497986E0,1.146616211E1
3.556293972E0,-6.744735718E0,-3.624403238E0,-7.575507164E0,1.077107550E1
3.561319545E0,-6.761790276E0,-3.232212543E0,-6.806228638E0,1.012391989E1
3.566345118E0,-6.883438110E0,-2.848591805E0,-5.968204021E0,9.545452044E0
3.571370691E0,-6.999659538E0,-2.405072451E0,-4.996086121E0,8.929752722E0
3.576396264E0,-7.081921577E0,-1.842791080E0,-3.954428673E0,8.317872223E0
3.581421837E0,-7.259471893E0,-1.284969807E0,-2.931312561E0,7.933704866E0
3.586447410E0,-7.694590569E0,-8.075780869E-1,-1.971062064E0,7.983983470E0
3.591472983E0,-8.357728958E0,-3.867964745E-1,-1.040951967E0,8.431181759E0
3.596498555E0,-9.118737221E0,2.948522568E-2,-1.653985977E-1,9.120284786E0
3.601524128E0,-9.905224800E0,3.407049179E-1,5.977730155E-1,9.929093149E0
3.606549701E0,-1.061145782E1,5.516943932E-1,1.066660166E0,1.067919322E1
3.611575274E0,-1.132320309E1,6.721186638E-1,1.274897814E0,1.141455370E1
3.616600847E0,-1.216923046E1,6.972360611E-1,1.309127688E0,1.225928723E1
3.621626420E0,-1.291454887E1,7.081780434E-1,1.317761898E0,1.300090709E1
3.626651993E0,-1.349184513E1,7.381205559E-1,1.396419048E0,1.358398664E1
3.631677566E0,-1.394399071E1,7.294158936E-1,1.482909560E0,1.404157915E1
3.636703139E0,-1.421848106E1,6.437897682E-1,1.568484545E0,1.431921132E1
3.641728712E0,-1.434950638E1,5.010719299E-1,1.768986225E0,1.446681439E1
3.646754285E0,-1.435725880E1,4.172701836E-1,2.372179747E0,1.455789241E1
3.651779858E0,-1.423346996E1,5.186319351E-1,3.473019123E0,1.466023561E1
3.656805430E0,-1.407020283E1,8.264594078E-1,4.916343689E0,1.492729306E1
3.661831003E0,-1.396387100E1,1.410027266E0,6.493390083E0,1.546421628E1
3.666856576E0,-1.400084496E1,2.266292334E0,8.187104225E0,1.637645920E1
3.671882149E0,-1.452557087E1,3.133110523E0,9.876983643E0,1.784274072E1
3.676907722E0,-1.548955822E1,3.795455933E0,1.128572464E1,1.953713081E1
3.681933295E0,-1.684386063E1,4.276506424E0,1.231381798E1,2.129869154E1
3.686958868E0,-1.830984497E1,4.565041542E0,1.279585075E1,2.279964525E1
3.691984441E0,-1.953709030E1,4.759130478E0,1.266693974E1,2.376549142E1
3.697010014E0,-2.033796310E1,4.913260460E0,1.210119057E1,2.417047134E1
3.702035587E0,-2.054941750E1,5.092069626E0,1.125333405E1,2.397593084E1
3.707061160E0,-2.001412010E1,5.356467724E0,1.016302872E1,2.307691276E1
3.712086733E0,-1.882904053E1,5.682291031E0,8.946203232E0,2.160684500E1
3.717112305E0,-1.722081757E1,6.089404583E0,7.785777569E0,1.985587415E1
3.722137878E0,-1.549252510E1,6.593084812E0,6.893251896E0,1.819351596E1
3.727163451E0,-1.382255745E1,7.122925282E0,6.307168961E0,1.678033192E1
3.732189024E0,-1.227844048E1,7.574773788E0,5.878322124E0,1.557857405E1
3.737214597E0,-1.096549034E1,7.935291290E0,5.667501450E0,1.467417456E1
3.742240170E0,-9.931043625E0,8.233426094E0,5.663669586E0,1.408872194E1
3.747265743E0,-9.169445038E0,8.531314850E0,5.898441315E0,1.384390354E1
3.752291316E0,-8.564631462E0,8.790104866E0,6.407772064E0,1.384479680E1
3.757316889E0,-7.957575798E0,8.999633789E0,7.064937592E0,1.393663389E1
3.762342462E0,-7.218159676E0,9.197710037E0,7.829312325E0,1.407117019E1
3.767368035E0,-6.293278694E0,9.427380562E0,8.569702148E0,1.420987881E1
3.772393608E0,-5.106264114E0,9.669977188E0,9.246060371E0,1.432033604E1
3.777419180E0,-3.839057922E0,9.950496674E0,9.928426743E0,1.457135571E1
3.782444753E0,-2.506075859E0,1.026991367E1,1.062010956E1,1.498460110E1
3.787470326E0,-1.030800819E0,1.068196678E1,1.125715542E1,1.555282974E1
3.792495899E0,4.095621109E-1,1.113069248E1,1.185223579E1,1.626454886E1
3.797521472E0,1.613853455E0,1.147403049E1,1.231343937E1,1.690794748E1
3.802547045E0,2.662999153E0,1.171774292E1,1.266019249E1,1.745501468E1
3.807572618E0,3.599365234E0,1.189124870E1,1.281685734E1,1.785018369E1
3.812598191E0,4.307405949E0,1.200929928E1,1.276555443E1,1.804816874E1
3.817623764E0,4.767405510E0,1.205263710E1,1.251737213E1,1.801884628E1
3.822649337E0,5.141314030E0,1.201587009E1,1.216534138E1,1.785524502E1
3.827674910E0,5.657716751E0,1.202727795E1,1.168346691E1,1.769656952E1
3.832700483E0,6.324800014E0,1.202383900E1,1.102727318E1,1.749790139E1
3.837726055E0,7.107608795E0,1.196220970E1,1.024857140E1,1.728137088E1
3.842751628E0,7.890067101E0,1.183305836E1,9.337016106E0,1.701335648E1
3.847777201E0,8.513605118E0,1.157904243E1,8.334471703E0,1.661382299E1
3.852802774E0,8.863230705E0,1.128142262E1,7.287056923E0,1.609125705E1
3.857828347E0,8.996694565E0,1.097749901E1,6.168298721E0,1.547559067E1
3.862853920E0,9.043610573E0,1.064241505E1,4.960391521E0,1.482070762E1
3.867879493E0,9.080909729E0,1.018432713E1,3.793173790E0,1.416233060E1
3.872905066E0,9.104067802E0,9.550118446E0,2.810339212E0,1.349024905E1
3.877930639E0,9.204206467E0,8.806829453E0,2.016042233E0,1.289736748E1
3.882956212E0,9.414969444E0,8.036470413E0,1.418328166E0,1.245946071E1
3.887981785E0,9.688636780E0,7.250353813E0,1.115601301E0,1.215244335E1
3.893007358E0,9.910618782E0,6.512805939E0,1.124787569E0,1.191226901E1
3.898032930E0,9.980790138E0,5.845026016E0,1.348681450E0,1.164471737E1
3.903058503E0,9.770483971E0,5.239231586E0,1.838918209E0,1.123803919E1
3.908084076E0,9.189426422E0,4.663545132E0,2.733964920E0,1.066155595E1
3.913109649E0,8.204836845E0,4.005111217E0,3.986364126E0,9.962497803E0
3.918135222E0,7.094867706E0,3.394429684E0,5.462921143E0,9.576158314E0
3.923160795E0,5.802693367E0,2.904222488E0,6.895908356E0,9.468860049E0
3.928186368E0,4.257149696E0,2.462530136E0,8.032293320E0,9.418339248E0
3.933211941E0,2.348773003E0,1.728969097E0,8.748897552E0,9.222216498E0
3.938237514E0,-1.466789246E-1,4.442146420E-1,9.152418137E0,9.164365723E0
3.943263087E0,-3.013214111E0,-1.398105621E0,9.381833076E0,9.952534877E0
3.948288660E0,-5.800718307E0,-3.575404167E0,9.492736816E0,1.168520005E1
3.953314233E0,-8.255661964E0,-5.879836082E0,9.409991264E0,1.383026979E1
3.958339805E0,-1.004821587E1,-8.207962036E0,8.986179352E0,1.578254423E1
3.963365378E0,-1.080571365E1,-1.038270950E1,8.116923332E0,1.704255112E1
3.968390951E0,-1.019865513E1,-1.193737698E1,7.023263931E0,1.719999336E1
3.973416524E0,-8.547988892E0,-1.257037544E1,5.811579227E0,1.627442490E1
3.978442097E0,-6.499501228E0,-1.249612331E1,4.293478966E0,1.472516811E1
3.983467670E0,-4.550321579E0,-1.203484249E1,2.475027323E0,1.310223723E1
3.988493243E0,-3.106723785E0,-1.131695366E1,1.173859596E0,1.179419854E1
3.993518816E0,-2.493631363E0,-1.058443546E1,6.873761415E-1,1.089591471E1
3.998544389E0,-2.820537567E0,-1.027663803E1,7.043532133E-1,1.067992672E1
4.003569962E0,-4.015178680E0,-1.054245949E1,8.634516597E-1,1.131417963E1
4.008595535E0,-5.670808792E0,-1.122646713E1,8.735090494E-1,1.260772203E1
4.013621108E0,-7.314305305E0,-1.204533672E1,6.097592115E-1,1.410535378E1
4.018646680E0,-8.726556778E0,-1.279753208E1,2.199168652E-1,1.549122281E1
4.023672253E0,-9.884671211E0,-1.334831333E1,-6.637647748E-2,1.660989463E1
4.028697826E0,-1.077517223E1,-1.377766800E1,-2.103105783E-1,1.749207543E1
4.033723399E0,-1.131265068E1,-1.411738014E1,-3.028779328E-1,1.809331983E1
4.038748972E0,-1.133029556E1,-1.425053978E1,-3.786317408E-1,1.820980076E1
4.043774545E0,-1.078090286E1,-1.412197399E1,-4.205445051E-1,1.777174369E1
4.048800118E0,-9.751150131E0,-1.369049931E1,-3.638809919E-1,1.681211199E1
4.053825691E0,-8.361066818E0,-1.298087597E1,-2.723815739E-1,1.544295215E1
4.058851264E0,-6.850127220E0,-1.207914543E1,-2.129114866E-1,1.388795624E1
4.063876837E0,-5.400154114E0,-1.120510769E1,-1.745538116E-1,1.243971751E1
4.068902410E0,-4.001453400E0,-1.045846558E1,-2.563318610E-1,1.120075165E1
4.073927983E0,-2.692184448E0,-9.843144417E0,-4.377751648E-1,1.021405875E1
4.078953555E0,-1.472217560E0,-9.338980675E0,-7.316586971E-1,9.482579240E0
4.083979128E0,-3.940553665E-1,-8.911310196E0,-1.179016590E0,8.997600189E0
4.089004701E0,5.137739182E-1,-8.540073395E0,-1.801753044E0,8.743176268E0
4.094030274E0,1.275385857E0,-8.167243958E0,-2.512031555E0,8.639489885E0
4.099055847E0,1.967471600E0,-7.768613815E0,-3.179540634E0,8.621588238E0
4.104081420E0,2.566171646E0,-7.348772049E0,-3.788816214E0,8.657067393E0
4.109106993E0,2.990304470E0,-6.912909508E0,-4.334818363E0,8.690275538E0
4.114132566E0,3.321402550E0,-6.399616241E0,-4.856873035E0,8.693446878E0
4.119158139E0,3.746194363E0,-5.791099072E0,-5.251533031E0,8.668875350E0
4.124183712E0,4.298087120E0,-5.078617096E0,-5.482503891E0,8.621122515E0
4.129209285E0,4.761686802E0,-4.338885307E0,-5.537000179E0,8.494584033E0
4.134234858E0,5.008005142E0,-3.591335535E0,-5.402076244E0,8.195134787E0
4.139260430E0,5.123483658E0,-2.836426258E0,-5.160931587E0,7.805806400E0
4.144286003E0,5.141961098E0,-2.127500772E0,-4.796528339E0,7.346611980E0
4.149311576E0,5.116379738E0,-1.517678499E0,-4.425450325E0,6.932914267E0
4.154337149E0,5.090084076E0,-9.834322929E-1,-4.168430328E0,6.652210638E0
4.159362722E0,5.053812027E0,-4.535250664E-1,-4.087820053E0,6.515901609E0
4.164388295E0,4.998329163E0,7.625627518E-2,-4.288403511E0,6.586312634E0
4.169413868E0,5.005311966E0,6.292178631E-1,-4.721524239E0,6.909548041E0
4.174439441E0,5.089500427E0,1.199607015E0,-5.338448524E0,7.472690562E0
4.179465014E0,5.169955730E0,1.772234559E0,-6.070467949E0,8.168221269E0
4.184490587E0,5.309355259E0,2.398806572E0,-6.877322674E0,9.013384126E0
4.189516160E0,5.527277946E0,3.068757772E0,-7.661549568E0,9.933147414E0
4.194541733E0,5.699803352E0,3.675889015E0,-8.187064171E0,1.063145983E1
4.199567305E0,5.836915970E0,4.138429642E0,-8.524322510E0,1.112925254E1
4.204592878E0,5.981945038E0,4.427529335E0,-8.748973846E0,1.148613189E1
4.209618451E0,6.120586872E0,4.457382202E0,-8.817860603E0,1.162258600E1
4.214644024E0,6.209661961E0,4.228762627E0,-8.645247459E0,1.145349897E1
4.219669597E0,6.301506996E0,3.747673273E0,-8.294816017E0,1.107059249E1
4.224695170E0,6.390979767E0,3.144528389E0,-7.869081497E0,1.061391185E1
4.229720743E0,6.439408302E0,2.487651348E0,-7.389509678E0,1.011233118E1
4.234746316E0,6.365163803E0,1.802170157E0,-6.762244701E0,9.459972564E0
4.239771889E0,6.273315430E0,1.227841854E0,-6.089619637E0,8.828677671E0
4.244797462E0,6.307145119E0,9.184486866E-1,-5.411561966E0,8.361138107E0
4.249823035E0,6.403992653E0,8.892457485E-1,-4.676735878E0,7.979582594E0
4.254848608E0,6.281240463E0,1.035806179E0,-3.899333954E0,7.465365462E0
4.259874180E0,5.881292343E0,1.210757732E0,-3.106269836E0,6.760506357E0
4.264899753E0,5.108325481E0,1.438899398E0,-2.385593891E0,5.818632048E0
4.269925326E0,3.871670723E0,1.615298510E0,-1.788006663E0,4.560262195E0
4.274950899E0,1.932939053E0,1.548028231E0,-1.250301957E0,2.774148476E0
4.279976472E0,-6.874361038E-1,1.245568514E0,-6.812092662E-1,1.577357088E0
4.285002045E0,-3.691414833E0,9.164884090E-1,-6.135451794E-2,3.803979344E0
4.290027618E0,-6.881566048E0,5.486600399E-1,7.235358953E-1,6.941216269E0
4.295053191E0,-1.036674881E1,5.280256271E-3,1.682796001E0,1.050244310E1
4.300078764E0,-1.404048634E1,-8.839411736E-1,2.534064531E0,1.429468753E1
4.305104337E0,-1.753346634E1,-2.222188711E0,3.162362099E0,1.795441724E1
4.310129910E0,-2.054400253E1,-4.030820847E0,3.500210047E0,2.122628152E1
4.315155483E0,-2.265645981E1,-6.062261581E0,3.455756187E0,2.370671714E1
4.320181055E0,-2.344680595E1,-7.861760616E0,3.257457256E0,2.494335617E1
4.325206628E0,-2.248257828E1,-8.920042038E0,3.256779671E0,2.440573887E1
4.330232201E0,-2.004966927E1,-8.955417633E0,3.517031193E0,2.223866568E1
4.335257774E0,-1.699345207E1,-8.048551559E0,3.682490110E0,1.916030608E1
4.340283347E0,-1.406223774E1,-6.825524807E0,3.699966431E0,1.606312768E1
4.345308920E0,-1.190717220E1,-5.793399334E0,3.956922531E0,1.382032784E1
4.350334493E0,-1.061364841E1,-5.015565395E0,4.500722885E0,1.257226851E1
4.355360066E0,-1.011821365E1,-4.456104279E0,5.416069031E0,1.231133285E1
4.360385639E0,-1.036674690E1,-4.094700336E0,6.629234314E0,1.296852959E1
4.365411212E0,-1.112339783E1,-3.840860128E0,7.871343613E0,1.415769176E1
4.370436785E0,-1.207138824E1,-3.567398071E0,8.884636879E0,1.540719039E1
4.375462358E0,-1.296139145E1,-3.253364563E0,9.589230537E0,1.644796010E1
4.380487930E0,-1.397016907E1,-3.012453556E0,9.949253082E0,1.741344702E1
4.385513503E0,-1.495871353E1,-2.829689503E0,9.924745560E0,1.817335488E1
4.390539076E0,-1.543918228E1,-2.580251217E0,9.509889603E0,1.831567760E1
4.395564649E0,-1.504400539E1,-2.191190243E0,8.841788292E0,1.758694496E1
4.400590222E0,-1.378881454E1,-1.688425541E0,7.956053257E0,1.600877793E1
4.405615795E0,-1.195249939E1,-1.191344500E0,6.926456928E0,1.386568963E1
4.410641368E0,-9.818457603E0,-7.266324162E-1,5.773587227E0,1.141334368E1
4.415666941E0,-7.545298576E0,-3.295867443E-1,4.593701363E0,8.839810532E0
4.420692514E0,-5.339047432E0,7.573187351E-3,3.438654184E0,6.350576937E0
4.425718087E0,-3.300087929E0,3.302774429E-1,2.517801285E0,4.164010907E0
4.430743660E0,-1.475948334E0,6.640986204E-1,1.767223835E0,2.396357766E0
4.435769233E0,1.864404678E-1,9.861316681E-1,1.165352106E0,1.537940586E0
4.440794805E0,1.725768089E0,1.249108553E0,8.050203323E-1,2.277411998E0
4.445820378E0,3.013264179E0,1.424492478E0,7.502655387E-1,3.416407208E0
4.450845951E0,4.068456173E0,1.416620970E0,1.032826781E0,4.430110807E0
4.455871524E0,5.164218426E0,1.359434247E0,1.652335882E0,5.589939829E0
4.460897097E0,6.386518478E0,1.520511866E0,2.479982853E0,7.017826555E0
4.465922670E0,7.649047852E0,1.852012515E0,3.310914278E0,8.538151834E0
4.470948243E0,8.832151413E0,2.186517239E0,4.022246838E0,9.948177011E0
4.475973816E0,9.907238960E0,2.495683670E0,4.616143703E0,1.121118207E1
4.480999389E0,1.081711292E1,2.765137196E0,5.162244320E0,1.230059682E1
4.486024962E0,1.166251850E1,3.075931549E0,5.633830070E0,1.331224000E1
4.491050535E0,1.249628925E1,3.494832754E0,5.988858223E0,1.429116944E1
4.496076108E0,1.317508030E1,3.935129166E0,6.218130112E0,1.509082915E1
4.501101680E0,1.373742867E1,4.300479889E0,6.269506454E0,1.570088484E1
4.506127253E0,1.420745754E1,4.571083069E0,6.181910038E0,1.615433880E1
4.511152826E0,1.466187286E1,4.731982231E0,5.965933800E0,1.652133584E1
4.516178399E0,1.521083164E1,4.902624607E0,5.651524544E0,1.695124942E1
4.521203972E0,1.565354538E1,5.054424286E0,5.325985909E0,1.729007848E1
4.526229545E0,1.590432358E1,5.230737686E0,4.957383633E0,1.746092144E1
4.531255118E0,1.584889984E1,5.436558247E0,4.566632271E0,1.736657485E1
4.536280691E0,1.550695992E1,5.657339096E0,4.111990452E0,1.701116565E1
4.541306264E0,1.496022320E1,5.825964928E0,3.569851637E0,1.644670138E1
4.546331837E0,1.435236740E1,5.890025139E0,2.986837864E0,1.579886219E1
4.551357410E0,1.364992714E1,5.859980583E0,2.441617012E0,1.505394888E1
4.556382983E0,1.269517708E1,5.770415783E0,2.098488569E0,1.410208756E1
4.561408555E0,1.154571533E1,5.774832249E0,2.049780130E0,1.307110663E1
4.566434128E0,1.032589054E1,5.987401009E0,2.354264975E0,1.216616414E1
4.571459701E0,9.073766708E0,6.440559387E0,3.085071564E0,1.154693527E1
4.576485274E0,7.903959274E0,7.013827324E0,4.100690842E0,1.133499057E1
4.581510847E0,6.754097939E0,7.472590923E0,5.303059101E0,1.138331630E1
4.586536420E0,5.504643917E0,7.697952747E0,6.627779961E0,1.155365952E1
4.591561993E0,3.859290123E0,7.633414745E0,8.240734100E0,1.187740878E1
4.596587566E0,1.775387287E0,7.379577637E0,1.016493130E1,1.268605512E1
4.601613139E0,-6.178960800E-1,7.140861034E0,1.218874264E1,1.413998370E1
4.606638712E0,-2.971990585E0,6.866882324E0,1.402379513E1,1.589508197E1
4.611664285E0,-5.197418213E0,6.401331902E0,1.539602566E1,1.746504544E1
4.616689858E0,-7.243240356E0,5.568855286E0,1.627193832E1,1.866152879E1
4.621715430E0,-8.900814056E0,4.443102360E0,1.655746269E1,1.931619062E1
4.626741003E0,-1.002823925E1,3.137463331E0,1.654290581E1,1.959788231E1
4.631766576E0,-1.093291569E1,1.704466105E0,1.585383034E1,1.933333356E1
4.636792149E0,-1.181648922E1,3.046870232E-2,1.451596165E1,1.871746480E1
4.641817722E0,-1.259335709E1,-1.963798165E0,1.259195805E1,1.791665575E1
4.646843295E0,-1.289550400E1,-4.198560238E0,1.052196026E1,1.716489380E1
4.651868868E0,-1.262726402E1,-6.291644096E0,8.540927887E0,1.649181710E1
4.656894441E0,-1.185040092E1,-7.874127388E0,6.690721989E0,1.572258391E1
4.661920014E0,-1.074660969E1,-8.806366920E0,4.884946823E0,1.472767543E1
4.666945587E0,-9.737521172E0,-9.197556496E0,3.316200256E0,1.379896910E1
4.671971160E0,-9.149954796E0,-9.210862160E0,2.358546972E0,1.319562042E1
4.676996733E0,-8.880584717E0,-9.035072327E0,2.050075054E0,1.283355464E1
4.682022305E0,-8.965260506E0,-8.707363129E0,2.590816975E0,1.276347920E1
4.687047878E0,-9.498105049E0,-8.439172745E0,3.848026037E0,1.327557684E1
4.692073451E0,-1.028255081E1,-8.362586021E0,5.589867592E0,1.438437749E1
4.697099024E0,-1.113245869E1,-8.658861160E0,7.447280407E0,1.594896544E1
4.702124597E0,-1.188120651E1,-9.418818474E0,9.128898621E0,1.769785297E1
4.707150170E0,-1.234184074E1,-1.047006035E1,1.047016716E1,1.927608874E1
4.712175743E0,-1.231119537E1,-1.155836201E1,1.111686134E1,2.021746448E1
4.717201316E0,-1.162229729E1,-1.250454807E1,1.077260971E1,2.018639732E1
4.722226889E0,-1.057947159E1,-1.320396423E1,9.408538818E0,1.935950653E1
4.727252462E0,-9.413394928E0,-1.345953941E1,7.491666794E0,1.805259750E1
4.732278035E0,-7.677577019E0,-1.294505882E1,5.532678127E0,1.603528185E1
4.737303608E0,-6.307018757E0,-1.207653141E1,3.465240955E0,1.405805788E1
4.742329180E0,-5.431169033E0,-1.149380779E1,1.188832283E0,1.276787127E1
4.747354753E0,-4.785053730E0,-1.085485268E1,-1.045910835E0,1.190875708E1
4.752380326E0,-4.407753468E0,-1.023433781E1,-3.119735718E0,1.157163393E1
4.757405899E0,-3.711585283E0,-9.338779449E0,-4.840057850E0,1.115413945E1
4.762431472E0,-2.777238846E0,-8.077354431E0,-5.893090248E0,1.037714907E1
4.767457045E0,-1.916841030E0,-6.777091503E0,-6.588553429E0,9.644287691E0
4.772482618E0,-1.458562255E0,-5.674742222E0,-7.136341095E0,9.233497028E0
4.777508191E0,-1.626290321E0,-4.892224312E0,-7.617519379E0,9.198112872E0
4.782533764E0,-2.070604801E0,-4.335264206E0,-7.994009018E0,9.326633914E0
4.787559337E0,-2.529962301E0,-3.861149788E0,-8.223187447E0,9.430270341E0
4.792584910E0,-3.183535099E0,-3.551126719E0,-8.836380959E0,1.004126611E1
4.797610483E0,-3.824343443E0,-3.442615032E0,-9.225192070E0,1.056320831E1
4.802636055E0,-4.251534939E0,-3.432973146E0,-9.837881088E0,1.125365533E1
4.807661628E0,-4.887284756E0,-3.191359043E0,-9.246232033E0,1.093449275E1
4.812687201E0,-5.852486134E0,-3.078023911E0,-8.653467178E0,1.089074466E1
4.817712774E0,-6.334940434E0,-2.395750999E0,-7.864505768E0,1.037889898E1
4.822738347E0,-7.227279186E0,-2.213505983E0,-6.430435181E0,9.923893882E0
4.827763920E0,-7.322526932E0,-9.002194405E-1,-3.887610435E0,8.339263193E0
4.832789493E0,-7.154994488E0,7.759485245E-1,-1.010304451E0,7.267513833E0
4.837815066E0,-7.504133224E0,1.452945232E0,-1.644325256E-1,7.645266729E0
4.842840639E0,-8.087690353E0,1.439023495E0,-1.524278641E0,8.354935622E0
4.847866212E0,-8.619151115E0,6.462309361E-1,-3.620143890E0,9.370849596E0
4.852891785E0,-8.190695763E0,4.411420822E-1,-5.505511284E0,9.878904692E0
4.857917358E0,-7.064569473E0,1.325234413E0,-5.947196007E0,9.329176193E0
4.862942930E0,-8.523738861E0,-1.874437332E-1,-6.754515648E0,1.087716604E1
4.867968503E0,-9.232956886E0,-1.177533627E0,-8.444204330E0,1.256736508E1
4.872994076E0,-9.570208549E0,-2.277786970E0,-9.949833870E0,1.399201198E1
4.878019649E0,-8.922159195E0,-2.536144733E0,-1.140734959E1,1.470253650E1
4.883045222E0,-7.717547417E0,-2.069030046E0,-1.199597359E1,1.441335512E1
4.888070795E0,-6.186043262E0,-1.238691807E0,-1.206227970E1,1.361249721E1
4.893096368E0,-4.914141655E0,-5.657944679E-1,-1.173681545E1,1.273663019E1
4.898121941E0,-4.150891781E0,-2.648892403E-1,-1.079104710E1,1.156489370E1
4.903147514E0,-3.749506712E0,-1.781663895E-1,-9.321382523E0,1.004881665E1
4.908173087E0,-3.413272381E0,-1.777505875E-1,-7.576487541E0,8.311749941E0
4.913198660E0,-3.162551641E0,-1.805434227E-1,-5.464464188E0,6.316224954E0
4.918224233E0,-3.197801590E0,-4.012601376E-1,-2.802330971E0,4.270831720E0
4.923249805E0,-1.009612274E1,-1.303012967E0,4.085842133E0,1.096921342E1
4.928275378E0,-4.403952408E1,-2.893941402E-1,1.989608002E1,4.832615679E1
4.933300951E0,-2.844878769E1,9.939682484E-1,1.333754730E1,3.143583404E1
4.938326524E0,2.671530724E0,1.795377254E0,4.004197121E0,5.137514036E0
4.943352097E0,1.090175438E1,9.706792831E-1,-1.366077423E0,1.102980663E1
4.948377670E0,6.843742371E0,-1.216410398E0,-2.674798012E0,7.447886163E0
4.953403243E0,1.485716581E0,-2.999165058E0,-2.883718014E0,4.417937798E0
4.958428816E0,-7.999961972E-1,-4.329418182E0,-2.779698372E0,5.206781996E0
4.963454389E0,-1.998831034E0,-4.916735649E0,-2.558862686E0,5.892146739E0
4.968479962E0,-3.300243616E0,-5.262943745E0,-2.351787567E0,6.642370778E0
4.973505535E0,-3.278965712E0,-5.654181004E0,-2.059170246E0,6.852850579E0
4.978531108E0,-2.440032005E0,-5.368185520E0,-1.935351849E0,6.206187134E0
4.983556680E0,-1.177101374E0,-4.416313171E0,-1.756137848E0,4.896264884E0
4.988582253E0,-4.985755682E-1,-2.667489052E0,-1.464126587E0,3.083462680E0
4.993607826E0,-6.786894798E-1,-6.031465530E-1,2.566995621E-1,9.435570145E-1
4.998633399E0,-1.656255841E0,3.390617371E-1,3.911278725E0,4.261014848E0
5.003658972E0,-1.306116819E0,-4.196443558E-1,7.174880981E0,7.304858632E0
5.008684545E0,4.190919399E-1,-1.858138204E0,8.866353989E0,9.068657491E0
5.013710118E0,4.201728821E0,-4.592501640E0,5.608553886E0,8.378631935E0
5.018735691E0,7.486083984E0,-6.499181747E0,-1.025193214E0,9.966535904E0
5.023761264E0,7.942952633E0,-5.911938190E0,-4.947036266E0,1.106863485E1
5.028786837E0,7.574058533E0,-5.180308342E0,-5.937994003E0,1.092985498E1
5.033812410E0,8.408208847E0,-4.848916531E0,-3.949604034E0,1.047899516E1
5.038837983E0,1.082175922E1,-3.795445919E0,1.222745895E0,1.153303906E1
5.043863555E0,8.444488525E0,-6.502899647E0,1.467234612E0,1.075871125E1
5.048889128E0,6.448255539E0,-8.825737000E0,5.324811935E-1,1.094336188E1
5.053914701E0,5.324391365E0,-9.142009735E0,2.703309059E0,1.091940316E1
5.058940274E0,3.639876842E0,-8.302350998E0,7.815260887E0,1.196896145E1
5.063965847E0,1.517031670E0,-7.394890785E0,1.714846420E1,1.873647831E1
5.068991420E0,-2.071377277E0,-6.102505684E0,2.480380440E1,2.562732706E1
5.074016993E0,-4.858908176E0,-3.600609303E0,2.273246193E1,2.352314183E1
5.079042566E0,-3.831442833E0,-7.722572088E-1,1.580106640E1,1.627728585E1
5.084068139E0,-2.047999144E0,4.757747650E-1,8.696958542E0,8.947499651E0
5.089093712E0,-3.498158455E-1,8.230408430E-1,3.352455139E0,3.469686270E0
5.094119285E0,3.303605318E-1,1.270831823E0,1.684484482E-1,1.323830232E0
5.099144858E0,-8.704280853E-2,1.294411063E0,-1.215982437E0,1.778114096E0
5.104170430E0,-7.875895500E-1,2.418150902E-1,-1.865874290E0,2.039671225E0
5.109196003E0,-4.656009674E-1,-1.189035058E0,-2.984453201E0,3.246159198E0
5.114221576E0,9.671764374E-1,-1.814364791E0,-4.476429462E0,4.926029901E0
5.119247149E0,2.611532688E0,-1.228684306E0,-5.508707523E0,6.218973121E0
5.124272722E0,4.074300289E0,1.481890678E-2,-5.904527664E0,7.173812751E0
5.129298295E0,4.937292099E0,1.292299986E0,-6.186148643E0,8.019683757E0
5.134323868E0,4.972102165E0,2.407749891E0,-6.516422272E0,8.542998227E0
5.139349441E0,4.610767365E0,3.305016756E0,-7.138711929E0,9.118306831E0
5.144375014E0,3.874219418E0,4.493696690E0,-7.602973461E0,9.644070276E0
5.149400587E0,1.264811397E0,4.134849072E0,-7.723164082E0,8.851213936E0
5.154426160E0,-1.055668235E0,3.535006523E0,-8.370392799E0,9.147359300E0
5.159451733E0,-2.030218840E-1,4.183638573E0,-8.652389526E0,9.612902481E0
5.164477305E0,-2.575448036E0,3.577988625E0,-9.079261780E0,1.009296436E1
5.169502878E0,-3.216417789E0,3.120873928E0,-9.511873245E0,1.051479577E1
5.174528451E0,-1.113242865E0,3.143771648E0,-8.958951950E0,9.559572684E0
5.179554024E0,1.413774967E0,3.377928734E0,-7.238559723E0,8.112084137E0
5.184579597E0,3.029349327E0,3.435606003E0,-5.293365002E0,7.000004214E0
5.189605170E0,3.609915018E0,3.164917946E0,-3.687505722E0,6.053584929E0
5.194630743E0,3.510900497E0,2.630078793E0,-2.438527584E0,5.018979332E0
5.199656316E0,4.230485439E0,2.891207933E0,-1.540269852E0,5.350562735E0
5.204681889E0,6.059853554E0,3.596743584E0,-1.110931396E0,7.133902023E0
5.209707462E0,6.666862488E0,3.710914612E0,-9.567508698E-1,7.689818913E0
5.214733035E0,5.843548298E0,2.984585047E0,-6.506652832E-1,6.593797838E0
5.219758608E0,4.639876842E0,1.404739022E0,7.877254486E-2,4.848500175E0
5.224784180E0,3.010656834E0,-1.203441620E-2,1.078358650E0,3.197976982E0
5.229809753E0,1.327113628E0,-4.163480997E-1,1.609830856E0,2.127470730E0
5.234835326E0,1.631994247E-1,-3.553411961E-1,1.695884705E0,1.740381093E0
5.239860899E0,-8.321633339E-1,-6.955860853E-1,1.851416588E0,2.145711816E0
5.244886472E0,-1.615167379E0,-1.456647277E0,1.386376381E0,2.579268583E0
5.249912045E0,-2.473701477E0,-2.602111578E0,8.110542297E-1,3.680759789E0
5.254937618E0,-3.202666998E0,-3.929770947E0,1.652345657E-1,5.072226144E0
5.259963191E0,-3.622767448E0,-5.391625881E0,-5.621109009E-1,6.519972568E0
5.264988764E0,-3.875066757E0,-6.920485020E0,-1.285974979E0,8.035109640E0
5.270014337E0,-4.102722168E0,-8.214507103E0,-2.085256577E0,9.415877608E0
5.275039910E0,-3.720742941E0,-9.368261337E0,-2.862340927E0,1.047860888E1
5.280065483E0,-2.789316416E0,-1.034249020E1,-3.343327045E0,1.122164093E1
5.285091055E0,-1.269927740E0,-1.083943176E1,-3.380640507E0,1.142517955E1
5.290116628E0,6.566548347E-1,-1.070130444E1,-3.190557957E0,1.118609728E1
5.295142201E0,3.345139980E0,-1.047046089E1,-2.103856087E0,1.119136825E1
5.300167774E0,6.111038685E0,-1.001773262E1,-9.552145004E-1,1.177336806E1
5.305193347E0,9.160725594E0,-1.016960335E1,-3.276424408E-1,1.369113126E1
5.310218920E0,1.180215645E1,-1.074764919E1,1.312309265E0,1.601639833E1
5.315244493E0,1.330334663E1,-1.170457745E1,4.198801994E0,1.821005500E1
5.320270066E0,1.037466431E1,-1.151227570E1,5.987435341E0,1.661371521E1
5.325295639E0,5.613584042E0,-1.076376247E1,6.908011436E0,1.396751697E1
5.330321212E0,1.649094582E0,-1.021373081E1,7.327324867E0,1.267791386E1
5.335346785E0,-1.199354887E0,-9.101514816E0,7.706458092E0,1.198605525E1
5.340372358E0,-3.332287788E0,-7.992262363E0,7.695054054E0,1.158422447E1
5.345397930E0,-4.625492096E0,-7.103264809E0,6.279913902E0,1.054935385E1
5.350423503E0,-4.309535980E0,-5.555387020E0,4.479271889E0,8.336564158E0
5.355449076E0,-2.557359219E0,-3.662033081E0,2.845877647E0,5.296186557E0
5.360474649E0,9.765768051E-2,-2.010904789E0,2.762252808E0,3.418086550E0
5.365500222E0,3.455887318E0,1.993343234E-1,3.875859261E0,5.196650492E0
5.370525795E0,4.502081394E0,1.176041126E0,4.093008041E0,6.197138407E0
5.375551368E0,4.087531090E0,1.852825284E0,3.927141190E0,5.963498123E0
5.380576941E0,2.756492138E0,2.234991550E0,3.653750420E0,5.093459361E0
5.385602514E0,7.385778427E-1,2.050684452E0,2.887185097E0,3.617546369E0
5.390628087E0,-1.513623238E0,1.493745923E0,1.782544136E0,2.774850588E0
5.395653660E0,-3.191863775E0,7.728331089E-1,3.852596283E-1,3.306613125E0
5.400679233E0,-4.824344635E0,8.677554131E-2,-9.014024734E-1,4.908600368E0
5.405704805E0,-6.722382545E0,-4.327208996E-1,-2.053000450E0,7.042193218E0
5.410730378E0,-8.372997284E0,-1.714905500E-1,-3.089022636E0,8.926284410E0
5.415755951E0,-6.714957237E0,3.341028690E0,-4.873862267E0,8.944699928E0
5.420781524E0,-4.543987751E0,5.271257401E0,-5.788641930E0,9.052201647E0
5.425807097E0,-3.702111721E0,5.204311848E0,-6.329872131E0,8.992095095E0
5.430832670E0,-4.372301102E0,5.175703526E0,-6.846188545E0,9.631989488E0
5.435858243E0,-3.479887724E0,5.280747890E0,-7.349922657E0,9.696250818E0
5.440883816E0,-2.334759474E0,4.829578400E0,-7.232502460E0,9.004722159E0
5.445909389E0,-1.977068782E0,4.229717255E0,-7.002167702E0,8.416035976E0
5.450934962E0,-1.017584562E0,4.700407982E0,-7.022746086E0,8.511655311E0
5.455960535E0,1.059749126E0,6.641107559E0,-6.498665810E0,9.352007011E0
5.460986108E0,1.403817654E0,7.620058060E0,-3.399704933E0,8.461322738E0
5.466011680E0,4.074055672E0,7.360839844E0,2.604433060E0,8.806983841E0
5.471037253E0,3.092816353E0,6.735173225E0,2.934581757E0,7.971188208E0
5.476062826E0,3.504802227E0,6.252345085E0,3.476866722E0,7.966433325E0
5.481088399E0,4.917459488E0,5.574735641E0,3.576797485E0,8.249397889E0
5.486113972E0,5.026040077E0,4.554389477E0,3.082474709E0,7.450180715E0
5.491139545E0,5.351714134E0,3.622890949E0,3.007846832E0,7.128346623E0
5.496165118E0,5.858469486E0,2.776175976E0,3.020973206E0,7.152279139E0
5.501190691E0,5.517922878E0,1.938527942E0,3.054130554E0,6.597960057E0
5.506216264E0,5.028104305E0,8.856058121E-2,2.061312675E0,5.434950398E0
5.511241837E0,4.192060471E0,-5.761983395E-1,1.766612053E0,4.585443671E0
5.516267410E0,2.944022894E0,-1.097611189E0,5.393133163E-1,3.187927222E0
5.521292983E0,1.693855762E0,-1.278451204E0,3.046417236E-1,2.143919636E0
5.526318555E0,7.051558495E-1,-1.922212362E0,1.595792770E-1,2.053682226E0
5.531344128E0,-6.894922256E-2,-2.999323845E0,-5.607824326E-1,3.052077073E0
5.536369701E0,-4.139750004E-1,-3.627427340E0,-2.025315762E0,4.175105788E0
5.541395274E0,-7.817068100E-1,-4.633642197E0,-3.148385525E0,5.656327161E0
5.546420847E0,-8.355700970E-1,-5.717122555E0,-4.367972374E0,7.243124350E0
5.551446420E0,-4.599709511E-1,-6.369118214E0,-5.576993942E0,8.478213345E0
5.556471993E0,3.163650036E-1,-6.613336086E0,-6.486449242E0,9.268782270E0
5.561497566E0,1.160114765E0,-6.761502743E0,-7.329393387E0,1.003911316E1
5.566523139E0,1.686588287E0,-7.028518200E0,-8.439129829E0,1.111141577E1
5.571548712E0,1.835454464E0,-7.451181412E0,-9.750896454E0,1.240842372E1
5.576574285E0,1.764320374E0,-8.075062752E0,-1.114614296E1,1.387645371E1
5.581599858E0,1.409647942E0,-8.982965469E0,-1.238112259E1,1.536141180E1
5.586625430E0,6.473059654E-1,-1.007056904E1,-1.317437840E1,1.659516833E1
5.591651003E0,-3.624219894E-1,-1.119528103E1,-1.374304199E1,1.772954794E1
5.596676576E0,-1.463300705E0,-1.238649845E1,-1.406527328E1,1.879889639E1
5.601702149E0,-2.612900972E0,-1.356346512E1,-1.376137161E1,1.949795338E1
5.606727722E0,-3.633495331E0,-1.471314812E1,-1.283601189E1,1.986056940E1
5.611753295E0,-4.528983593E0,-1.587090588E1,-1.164846420E1,2.020109066E1
5.616778868E0,-5.341088295E0,-1.697163773E1,-1.032910156E1,2.057313905E1
5.621804441E0,-6.102223873E0,-1.779221535E1,-9.027894020E0,2.086391463E1
5.626830014E0,-6.672360420E0,-1.829649734E1,-7.642575741E0,2.092107006E1
5.631855587E0,-7.131516457E0,-1.861660194E1,-6.216178894E0,2.088246334E1
5.636881160E0,-7.598122120E0,-1.894696808E1,-4.889483452E0,2.099109591E1
5.641906733E0,-8.005135536E0,-1.935743713E1,-3.742309809E0,2.127903781E1
5.646932305E0,-8.335144997E0,-1.967457008E1,-2.662899971E0,2.153263538E1
5.651957878E0,-8.543390274E0,-1.976387978E1,-1.530469894E0,2.158570822E1
5.656983451E0,-8.486063957E0,-1.964000702E1,-3.390400410E-1,2.139761915E1
5.662009024E0,-8.212006569E0,-1.936152840E1,1.199968696E0,2.106527376E1
5.667034597E0,-7.842791557E0,-1.888717651E1,3.069930315E0,2.067992476E1
5.672060170E0,-7.428795338E0,-1.824293900E1,5.136489391E0,2.035621150E1
5.677085743E0,-6.920133591E0,-1.747452354E1,7.261723042E0,2.014894150E1
5.682111316E0,-6.425069332E0,-1.686651802E1,8.910607338E0,2.012858339E1
5.687136889E0,-5.937358856E0,-1.657815742E1,9.796599388E0,2.015095267E1
5.692162462E0,-5.384079933E0,-1.653450775E1,9.772443771E0,1.994690253E1
5.697188035E0,-4.850421906E0,-1.662776947E1,9.040552139E0,1.953819063E1
5.702213608E0,-4.268622398E0,-1.673662567E1,7.693547249E0,1.890836972E1
5.707239180E0,-3.704186916E0,-1.684088516E1,5.889129639E0,1.822136827E1
5.712264753E0,-3.321685791E0,-1.679527855E1,4.251368523E0,1.764055306E1
5.717290326E0,-1.974379539E0,-1.704765701E1,2.265994549E0,1.731056081E1
5.722315899E0,-6.212997437E-2,-1.714384270E1,3.615064621E-1,1.714776631E1
5.727341472E0,1.217214584E0,-1.664441681E1,-3.635938168E-1,1.669282549E1
5.732367045E0,3.465985298E0,-1.651952362E1,-9.248552322E-1,1.690452815E1
5.737392618E0,6.649027348E0,-1.674858856E1,-1.316974640E0,1.806818214E1
5.742418191E0,1.014252663E1,-1.669874573E1,-1.047268867E0,1.956567728E1
5.747443764E0,1.360462570E1,-1.605801773E1,1.154756546E-2,2.104628013E1
5.752469337E0,1.706106949E1,-1.480621243E1,1.502216816E0,2.263980287E1
5.757494910E0,2.025513840E1,-1.310426331E1,3.105925798E0,2.432363302E1
5.762520483E0,2.284932709E1,-1.132260609E1,4.576157570E0,2.590819127E1
5.767546055E0,2.475158501E1,-9.781915665E0,5.910729408E0,2.726286039E1
5.772571628E0,2.622932625E1,-8.614789963E0,6.857587814E0,2.844676910E1
5.777597201E0,2.723904800E1,-7.723831177E0,7.278874397E0,2.923363331E1
5.782622774E0,2.754598618E1,-6.993110657E0,7.252198696E0,2.933051887E1
5.787648347E0,2.727479935E1,-6.268621922E0,6.711858749E0,2.877949527E1
5.792673920E0,2.610088158E1,-5.334503174E0,5.913426399E0,2.728885404E1
5.797699493E0,2.402216339E1,-4.012369633E0,5.117575645E0,2.488680423E1
5.802725066E0,2.182642937E1,-2.587656498E0,4.054348946E0,2.235009464E1
5.807750639E0,2.004212189E1,-1.427102089E0,2.751523256E0,2.028038832E1
5.812776212E0,1.864111519E1,-6.538686752E-1,1.366035104E0,1.870253383E1
5.817801785E0,1.733629799E1,-1.521534920E-1,1.212644577E-1,1.733738976E1
5.822827358E0,1.597442818E1,2.128558159E-1,-8.371549845E-1,1.599776521E1
5.827852930E0,1.454168320E1,5.620684624E-1,-1.570353150E0,1.463702429E1
5.832878503E0,1.307753181E1,9.689159393E-1,-2.068018198E0,1.327544107E1
5.837904076E0,1.172716331E1,1.373202801E0,-2.344245434E0,1.203775444E1
5.842929649E0,1.050612926E1,1.633216381E0,-2.533869267E0,1.093007966E1
5.847955222E0,9.353603363E0,1.741288185E0,-2.800238371E0,9.917828157E0
5.852980795E0,8.323677063E0,1.866599083E0,-3.004829645E0,9.044157959E0
5.858006368E0,7.398481369E0,2.330940723E0,-2.838737726E0,8.260099461E0
5.863031941E0,6.698985577E0,3.063402653E0,-2.602596283E0,7.812448463E0
5.868057514E0,6.426603317E0,4.054572582E0,-2.601533175E0,8.031734799E0
5.873083087E0,6.408307076E0,5.241500378E0,-2.904278994E0,8.773514818E0
5.878108660E0,6.345951080E0,6.637167931E0,-3.501555204E0,9.827714999E0
5.883134233E0,6.276412487E0,8.235456467E0,-4.430507183E0,1.126257035E1
5.888159805E0,6.298423290E0,9.972866058E0,-5.631923676E0,1.307083615E1
5.893185378E0,6.634764671E0,1.166183376E1,-7.107413769E0,1.518333954E1
5.898210951E0,6.823757648E0,1.312938881E1,-8.490726471E0,1.705980524E1
5.903236524E0,6.877906799E0,1.429395866E1,-9.740964890E0,1.861475902E1
5.908262097E0,6.656997204E0,1.539483833E1,-1.050656319E1,1.979152670E1
5.913287670E0,6.868000984E0,1.616908646E1,-1.103544521E1,2.074583923E1
5.918313243E0,7.479400635E0,1.634870529E1,-1.165616131E1,2.142633181E1
5.923338816E0,7.259528637E0,1.642642593E1,-1.147806644E1,2.131371001E1
5.928364389E0,7.055845261E0,1.623039627E1,-1.123940849E1,2.096509048E1
5.933389962E0,7.259769440E0,1.552654934E1,-1.149420071E1,2.063721485E1
5.938415535E0,5.886608124E0,1.471294308E1,-1.096925068E1,1.927296837E1
5.943441108E0,4.027318954E0,1.370074558E1,-1.060833836E1,1.778950731E1
5.948466680E0,2.562034607E0,1.271260929E1,-1.003440189E1,1.639706308E1
5.953492253E0,1.632646561E0,1.189388943E1,-9.273319244E0,1.516985795E1
5.958517826E0,1.212287903E0,1.120731449E1,-8.618807793E0,1.419004538E1
5.963543399E0,1.315603256E0,1.074869347E1,-8.033744812E0,1.348355587E1
5.968568972E0,1.974764824E0,1.073702431E1,-7.218189716E0,1.308761437E1
5.973594545E0,2.909715176E0,1.095005035E1,-6.227220535E0,1.292858541E1
5.978620118E0,3.959875584E0,1.103635406E1,-5.034632206E0,1.276045638E1
5.983645691E0,5.060901165E0,1.086034203E1,-3.868075132E0,1.259054227E1
5.988671264E0,6.106113911E0,1.052606583E1,-3.050822258E0,1.254552531E1
5.993696837E0,7.008582592E0,1.018571663E1,-2.665568590E0,1.264809508E1
5.998722410E0,7.786461353E0,9.843053818E0,-2.817149639E0,1.286277656E1
6.003747983E0,8.132863045E0,9.588065147E0,-3.169254303E0,1.296605674E1
6.008773555E0,7.675390720E0,9.238625526E0,-3.510643721E0,1.251353042E1
6.013799128E0,6.517012119E0,8.432192802E0,-4.174979210E0,1.144568800E1
6.018824701E0,5.110416889E0,7.108845711E0,-5.197249413E0,1.018152491E1
6.023850274E0,3.879304409E0,5.295334816E0,-6.415233135E0,9.178496047E0
6.028875847E0,2.725468159E0,3.118884087E0,-7.098001480E0,8.218104382E0
6.033901420E0,1.111541271E0,1.060727119E0,-6.413880348E0,6.595341321E0
6.038926993E0,-6.090879440E-1,-4.939117432E-1,-4.731637478E0,4.796178703E0
6.043952566E0,-1.620421410E0,-1.371143818E0,-2.673296928E0,3.413549089E0
6.048978139E0,-1.822053432E0,-1.508838177E0,-5.921930075E-1,2.438680773E0
6.054003712E0,-1.425995350E0,-1.243031979E0,9.827737808E-1,2.131768173E0
6.059029285E0,-4.684062004E-1,-9.391474724E-1,1.941366196E0,2.206876763E0
6.064054858E0,9.467153549E-1,-8.674283028E-1,2.676497459E0,2.968558653E0
6.069080430E0,2.596256256E0,-9.294104576E-1,3.145457268E0,4.183091174E0
6.074106003E0,4.147763252E0,-9.453201294E-1,3.338453054E0,5.407664832E0
6.079131576E0,5.770539761E0,-1.047334194E0,3.514112234E0,6.837033190E0
6.084157149E0,6.816034794E0,-1.702320576E0,3.500245571E0,7.849072857E0
6.089182722E0,6.231915474E0,-3.107069016E0,3.880433798E0,7.971725961E0
6.094208295E0,4.156992912E0,-4.579209805E0,3.893316746E0,7.308054994E0
6.099233868E0,2.099154949E0,-5.411265850E0,3.091299057E0,6.576045883E0
6.104259441E0,4.253296852E-1,-5.858334541E0,1.960640073E0,6.192341918E0
6.109285014E0,-4.657320976E-1,-5.874717712E0,9.639190435E-1,5.971461673E0
6.114310587E0,-2.594256401E-1,-5.407479286E0,3.484801054E-1,5.424902974E0
6.119336160E0,4.247393608E-1,-4.682463646E0,-2.752760053E-1,4.709739504E0
6.124361733E0,5.033607483E-1,-3.753583431E0,-1.992439628E-1,3.792421229E0
6.129387305E0,3.341546059E-1,-3.315994263E0,-6.852459908E-2,3.333492594E0
6.134412878E0,7.047157288E-1,-3.055081844E0,3.384975195E-1,3.153526582E0
6.139438451E0,8.767409325E-1,-2.718738556E0,1.326392293E0,3.149528618E0
6.144464024E0,8.498029709E-1,-2.212671757E0,2.371511459E0,3.352931254E0
6.149489597E0,6.477112770E-1,-1.839436054E0,3.194374561E0,3.742603871E0
6.154515170E0,3.185710907E-1,-1.556475639E0,3.864635944E0,4.178458440E0
6.159540743E0,2.166895866E-1,-1.273460388E0,4.225845814E0,4.418871867E0
6.164566316E0,-3.094863892E-2,-1.038604259E0,4.165675163E0,4.293309468E0
6.169591889E0,-9.731135368E-1,-9.848914146E-1,4.343190193E0,4.558537277E0
6.174617462E0,-2.243726730E0,-1.033784389E0,4.679073811E0,5.291195662E0
6.179643035E0,-3.606009960E0,-1.115811348E0,4.792703152E0,6.100684084E0
6.184668608E0,-4.795012474E0,-1.089835644E0,4.667988777E0,6.780118405E0
6.189694180E0,-6.001124859E0,-7.820868492E-1,4.581482887E0,7.590464074E0
6.194719753E0,-6.812682152E0,-3.353929520E-1,4.275633812E0,8.050228011E0
6.199745326E0,-7.182712555E0,2.741122246E-1,3.666589260E0,8.069099947E0
6.204770899E0,-7.509754658E0,9.880695343E-1,3.078189850E0,8.176059514E0
6.209796472E0,-7.861697674E0,1.518703699E0,2.632355690E0,8.428644477E0
6.214822045E0,-8.066765785E0,1.861086845E0,2.367813587E0,8.610626903E0
6.219847618E0,-8.077685356E0,2.048343897E0,2.527585030E0,8.708237452E0
6.224873191E0,-8.119803429E0,2.247352600E0,2.856496811E0,8.896143853E0
6.229898764E0,-8.088489532E0,2.280118227E0,2.608010292E0,8.799109030E0
6.234924337E0,-7.974939823E0,2.227407217E0,1.913428187E0,8.498365462E0
6.239949910E0,-7.679409981E0,2.084043503E0,1.267782569E0,8.057533594E0
6.244975483E0,-7.479892731E0,2.088902473E0,8.203264475E-1,7.809304981E0
6.250001055E0,-7.409902096E0,2.150905371E0,4.951306581E-1,7.731636137E0
6.255026628E0,-7.148831844E0,1.849568367E0,7.345676422E-2,7.384585011E0
6.260052201E0,-6.629820824E0,1.673614740E0,-3.053098321E-1,6.844612812E0
6.265077774E0,-5.714709282E0,1.565277338E0,-4.974426627E-1,5.946044444E0
6.270103347E0,-4.662714958E0,1.093124151E0,-3.028037548E-1,4.798699960E0
6.275128920E0,-3.139516354E0,9.436559677E-2,-1.862695217E-1,3.146452627E0
6.280154493E0,-8.926506042E-1,-1.895169258E0,-6.599928737E-1,2.196379341E0
6.285180066E0,1.239702225E0,-4.826990128E0,-1.813613534E0,5.303384707E0
6.290205639E0,1.642200470E0,-8.052222252E0,-2.803327084E0,8.682957348E0
6.295231212E0,-4.767227173E-2,-1.048785686E1,-2.653844357E0,1.081851673E1
6.300256785E0,-1.795263290E0,-1.152888203E1,-1.491038799E0,1.176270750E1
6.305282358E0,-1.881226540E0,-1.143980217E1,4.078085423E-1,1.160062045E1
6.310307930E0,1.418104172E-1,-1.053326607E1,2.873942614E0,1.091921931E1
6.315333503E0,3.632655144E0,-9.289791107E0,5.218664646E0,1.125748031E1
6.320359076E0,7.355688095E0,-8.312896729E0,7.035696030E0,1.314197162E1
6.325384649E0,1.016222095E1,-7.727064610E0,8.750276566E0,1.547726081E1
6.330410222E0,1.141870499E1,-8.045346260E0,9.704805374E0,1.700875267E1
6.335435795E0,1.096932888E1,-9.942966461E0,9.255187988E0,1.745987580E1
6.340461368E0,1.023062897E1,-1.350709724E1,7.041258812E0,1.834902642E1
6.345486941E0,9.784073830E0,-1.695014381E1,2.757472992E-1,1.957323460E1
6.350512514E0,7.162164688E0,-1.938919640E1,-1.049645138E1,2.318217055E1
6.355538087E0,3.197486877E0,-2.060452461E1,-2.156550217E1,2.999735389E1
6.360563660E0,5.252761841E-1,-2.028727913E1,-3.000113678E1,3.622040609E1
6.365589233E0,3.844194412E-1,-1.852580452E1,-3.437772751E1,3.905357039E1
6.370614805E0,2.239921570E0,-1.538819790E1,-3.470887756E1,3.803314429E1
6.375640378E0,5.005485535E0,-1.171869087E1,-3.127524376E1,3.377163711E1
6.380665951E0,7.863581657E0,-8.559833527E0,-2.510886765E1,2.766878929E1
6.385691524E0,1.033348656E1,-6.364368916E0,-1.828858566E1,2.194899774E1
6.390717097E0,1.191196156E1,-4.932220459E0,-1.215084171E1,1.771622367E1
6.395742670E0,1.222189903E1,-3.782978535E0,-7.427196980E0,1.479354581E1
6.400768243E0,1.129405975E1,-2.797121525E0,-4.289863110E0,1.240091126E1
6.405793816E0,9.661779404E0,-2.020599365E0,-2.356024504E0,1.014808625E1
6.410819389E0,7.896155357E0,-1.355020046E0,-1.063175440E0,8.081812344E0
6.415844962E0,6.251807213E0,-7.598543167E-1,1.695531607E-2,6.297837684E0
6.420870535E0,4.805886269E0,-2.430491447E-1,1.115205050E0,4.939564557E0
6.425896108E0,3.644512177E0,2.869501114E-1,2.471604347E0,4.412894449E0
6.430921680E0,2.681266785E0,9.066324234E-1,4.042582035E0,4.934941077E0
6.435947253E0,1.949148178E0,1.553261280E0,5.588003159E0,6.118625542E0
6.440972826E0,1.256161690E0,2.159126282E0,7.058659077E0,7.487618877E0
6.445998399E0,4.441862106E-1,2.719108105E0,8.390431404E0,8.831205434E0
6.451023972E0,-2.954320908E-1,3.281067848E0,9.375523567E0,9.937460868E0
6.456049545E0,-1.192223549E0,3.768935204E0,9.691356659E0,1.046654974E1
6.461075118E0,-2.135922432E0,4.159347534E0,9.213239670E0,1.033180148E1
6.466100691E0,-2.982665062E0,4.501110554E0,8.191139221E0,9.810761888E0
6.471126264E0,-3.937641144E0,4.718960285E0,7.032501698E0,9.339683296E0
6.476151837E0,-4.780200958E0,4.766269207E0,5.915555477E0,8.975602484E0
6.481177410E0,-5.414580822E0,4.921134472E0,4.913753986E0,8.813638761E0
6.486202983E0,-5.926911354E0,5.164671421E0,4.095350266E0,8.864197814E0
6.491228555E0,-5.996915817E0,5.468080521E0,3.394217730E0,8.796795888E0
6.496254128E0,-5.888543129E0,5.916767120E0,2.777152777E0,8.797479803E0
6.501279701E0,-6.013583183E0,6.510118008E0,2.138414860E0,9.116887478E0
6.506305274E0,-6.175801277E0,7.061223030E0,1.549844384E0,9.508070767E0
6.511330847E0,-6.265190601E0,7.527026176E0,1.260417938E0,9.874076651E0
6.516356420E0,-6.286805630E0,7.950374603E0,1.355976224E0,1.022599887E1
6.521381993E0,-6.212178707E0,8.350246429E0,1.711299896E0,1.054733744E1
6.526407566E0,-6.175595760E0,8.826726913E0,2.081469536E0,1.097185520E1
6.531433139E0,-6.029010773E0,9.302803040E0,2.356318474E0,1.133328514E1
6.536458712E0,-5.820887566E0,9.634181976E0,2.598481655E0,1.155215570E1
6.541484285E0,-5.599600792E0,9.868099213E0,2.923250198E0,1.171666774E1
6.546509858E0,-5.356108665E0,1.000864983E1,3.302133799E0,1.182222733E1
6.551535430E0,-5.162534237E0,1.003147221E1,3.677875042E0,1.186629509E1
6.556561003E0,-4.985689163E0,9.883561134E0,3.892715931E0,1.173435616E1
6.561586576E0,-4.749230385E0,9.612632751E0,3.865734100E0,1.139744699E1
6.566612149E0,-4.510780334E0,9.395530701E0,3.731057882E0,1.106995616E1
6.571637722E0,-4.428191185E0,9.236906052E0,3.541063547E0,1.083828592E1
6.576663295E0,-4.443860054E0,8.940586090E0,3.367327452E0,1.053664396E1
6.581688868E0,-4.562111855E0,8.559808731E0,3.415519238E0,1.028343142E1
6.586714441E0,-4.844318390E0,8.172174454E0,3.484169960E0,1.011885845E1
6.591740014E0,-5.146131992E0,7.687796593E0,3.358260155E0,9.841890174E0
6.596765587E0,-5.390410423E0,7.217666626E0,3.134406805E0,9.538120469E0
6.601791160E0,-5.672252655E0,6.734025002E0,2.799742937E0,9.239053167E0
6.606816733E0,-5.828228951E0,6.152091503E0,2.547827005E0,8.849175386E0
6.611842253E0,-5.680943489E0,5.716957569E0,2.623927593E0,8.475949433E0
6.616867774E0,-5.211462498E0,5.534010410E0,2.955677986E0,8.156018940E0
6.621893295E0,-4.477899551E0,5.401563644E0,3.250066280E0,7.732490221E0
6.626918816E0,-3.510031700E0,5.189196110E0,3.343598843E0,7.101248624E0
6.631944337E0,-2.366621494E0,4.909576416E0,3.341082573E0,6.392782699E0
6.636969858E0,-1.326471806E0,4.670793533E0,3.428636551E0,5.944021221E0
6.641995378E0,-5.720109940E-1,4.347048283E0,3.557824135E0,5.646427005E0
6.647020899E0,-3.141355515E-2,3.717919111E0,3.474657297E0,5.088924509E0
6.652046420E0,3.914499283E-1,2.807917833E0,3.126307964E0,4.220359830E0
6.657071941E0,8.838720322E-1,1.646975279E0,2.598755121E0,3.201138160E0
6.662097462E0,1.690398216E0,2.173128128E-1,1.733942747E0,2.431301799E0
6.667122983E0,2.868313789E0,-1.642650604E0,5.730532408E-1,3.354685532E0
6.672148503E0,4.417063713E0,-3.850614071E0,-3.143935800E-1,5.868264129E0
6.677174024E0,5.370400429E0,-6.022543907E0,-6.576876640E-1,8.095973625E0
6.682199545E0,5.979125023E0,-8.065435410E0,-9.139410257E-1,1.008149159E1
6.687225066E0,6.369457245E0,-9.580290794E0,-9.279294014E-1,1.154179407E1
6.692250587E0,5.729571342E0,-1.015005112E1,-1.357218623E-1,1.165632643E1
6.697276108E0,4.807094574E0,-1.010031700E1,1.085318565E0,1.123843753E1
6.702301628E0,4.553257942E0,-9.638149261E0,2.117356300E0,1.086780920E1
6.707327149E0,4.918334961E0,-8.865879059E0,2.403574228E0,1.041974085E1
6.712352670E0,5.627972603E0,-7.958061218E0,1.656033278E0,9.886721407E0
6.717378191E0,6.460198402E0,-6.980130672E0,-1.313479543E-1,9.511763238E0
6.722403712E0,7.111970901E0,-5.829879761E0,-2.508773565E0,9.532133703E0
6.727429233E0,7.358088493E0,-4.556783676E0,-5.281147957E0,1.013884942E1
6.732454753E0,6.855281830E0,-3.352171421E0,-9.132390976E0,1.190094564E1
6.737480274E0,5.810776711E0,-2.276863575E0,-1.311747646E1,1.452643874E1
6.742505795E0,4.289027214E0,-1.580455780E0,-1.490333748E1,1.558855551E1
6.747531368E0,3.422184944E0,-1.812789440E0,-1.504024601E1,1.553082597E1
6.752556941E0,4.166816711E0,-2.694498062E0,-1.377977085E1,1.464598122E1
6.757582514E0,4.338793755E0,-3.490807533E0,-1.140891361E1,1.269543927E1
6.762608087E0,3.880188942E0,-3.969652653E0,-8.179461479E0,9.885221216E0
6.767633660E0,3.149835587E0,-4.175460339E0,-4.633494854E0,6.987503690E0
6.772659233E0,1.956533432E0,-4.410037041E0,-1.286045074E0,4.993031314E0
6.777684805E0,5.786790848E-1,-4.715343952E0,1.963345647E0,5.140434242E0
6.782710378E0,-5.423378944E-1,-4.950439453E0,5.028190613E0,7.076982550E0
6.787735951E0,-1.080007553E0,-5.026669502E0,7.599119186E0,9.174989646E0
6.792761524E0,-9.472713470E-1,-4.755184650E0,9.290723801E0,1.047982122E1
6.797787097E0,-2.351307869E-1,-4.016058445E0,9.634196281E0,1.044039031E1
6.802812670E0,7.634544373E-1,-2.892231941E0,8.981968880E0,9.466975929E0
6.807838243E0,1.697910309E0,-1.558270931E0,8.125139236E0,8.445649491E0
6.812863816E0,2.423995018E0,-2.215528488E-1,7.194556713E0,7.595161869E0
6.817889389E0,2.950819969E0,9.684295654E-1,6.066919804E0,6.815622511E0
6.822914962E0,3.942453384E0,2.110739946E0,5.240949154E0,6.889536257E0
6.827940535E0,5.372763634E0,3.504183292E0,5.084267139E0,8.185087779E0
6.832966108E0,6.751338005E0,5.159788132E0,5.343863010E0,1.003797043E1
6.837991680E0,7.679224014E0,6.677429199E0,5.483702183E0,1.155982404E1
6.843017253E0,8.207901955E0,7.715478897E0,5.234061241E0,1.242150016E1
6.848042826E0,8.370531082E0,8.259151459E0,4.858901978E0,1.272353339E1
6.853068399E0,8.158115387E0,8.452739716E0,4.602931976E0,1.261707724E1
6.858093972E0,7.629631996E0,8.537372589E0,4.476449966E0,1.229376344E1
6.863119545E0,6.629267693E0,8.524964333E0,4.131423473E0,1.156247668E1
6.868145118E0,5.432516098E0,8.227607727E0,3.235143423E0,1.037650775E1
6.873170691E0,4.438609123E0,7.835148335E0,2.192564011E0,9.268124800E0
6.878196264E0,3.777622223E0,7.579040527E0,1.488214493E0,8.598085098E0
6.883221837E0,3.396939278E0,7.383170128E0,9.259709120E-1,8.179720027E0
6.888247410E0,3.229184151E0,6.993970394E0,2.063849866E-1,7.706221312E0
6.893272983E0,3.349842072E0,6.611686707E0,-5.324652195E-1,7.430973168E0
6.898298555E0,3.876369476E0,6.559245110E0,-9.048572183E-1,7.672594301E0
6.903324128E0,4.385125160E0,6.651397228E0,-1.157812357E0,8.050524033E0
6.908349701E0,4.663691521E0,6.411891460E0,-1.393516779E0,8.050109298E0
6.913375274E0,4.673093796E0,5.505218029E0,-1.704544902E0,7.419616196E0
6.918400847E0,5.082928658E0,3.855276108E0,-2.242880821E0,6.762383602E0
6.923426420E0,5.863861084E0,1.371503830E0,-3.114933491E0,6.780022140E0
6.928451993E0,6.360701561E0,-2.036130905E0,-4.885560989E0,8.274844989E0
6.933477566E0,6.321793556E0,-5.891763687E0,-7.418246746E0,1.138895684E1
6.938503139E0,4.932681084E0,-9.105561256E0,-1.052169895E1,1.476308698E1
6.943528712E0,2.533933640E0,-1.093965816E1,-1.337887573E1,1.746686166E1
6.948554285E0,-4.087719917E-1,-1.165413857E1,-1.548286247E1,1.938311303E1
6.953579858E0,-2.683681011E0,-1.157490730E1,-1.554128265E1,1.956302863E1
6.958605430E0,-2.461312771E0,-1.127663803E1,-1.420665264E1,1.830436028E1
6.963631003E0,2.026338577E-1,-1.073279572E1,-1.101705265E1,1.538211343E1
6.968656576E0,4.198417664E0,-9.572069168E0,-5.867640018E0,1.198667670E1
6.973682149E0,9.182166100E0,-7.998912334E0,7.067307234E-1,1.219812449E1
6.978707722E0,1.502465343E1,-6.356683254E0,7.772645950E0,1.807101707E1
6.983733295E0,2.073836708E1,-4.917102337E0,1.385245609E1,2.541944737E1
6.988758868E0,2.503765106E1,-3.836725712E0,1.771245384E1,3.090850135E1
6.993784441E0,2.810055161E1,-3.324043274E0,1.898050880E1,3.407271604E1
6.998810014E0,2.944715309E1,-3.327635765E0,1.825043106E1,3.480353745E1
7.003835587E0,2.802024841E1,-3.658038139E0,1.629908943E1,3.262170873E1
7.008861160E0,2.453413773E1,-4.274455070E0,1.340211868E1,2.828094173E1
7.013886733E0,1.973881912E1,-4.965653896E0,9.674201012E0,2.253594605E1
7.018912305E0,1.492938042E1,-5.562406540E0,5.402422905E0,1.682298842E1
7.023937878E0,1.065748215E1,-5.574816227E0,1.373108625E0,1.210561560E1
7.028963451E0,7.046683311E0,-4.700876713E0,-2.404509783E0,8.805433258E0
7.033989024E0,4.142007828E0,-3.003990173E0,-6.193651199E0,8.033772525E0
7.039014597E0,2.049116135E0,-7.883229256E-1,-9.498929977E0,9.749358988E0
7.044040170E0,6.281719208E-1,1.649786472E0,-1.226214027E1,1.238856245E1
7.049065743E0,-6.106109619E-1,3.960100651E0,-1.388534927E1,1.445192608E1
7.054091316E0,-1.041970730E0,5.682927608E0,-1.400080585E1,1.514608642E1
7.059116889E0,7.170019150E-1,6.455780983E0,-1.390557194E1,1.534783798E1
7.064142462E0,1.498375893E0,7.061844826E0,-1.196342468E1,1.397277041E1
7.069168035E0,1.248214722E0,7.151782990E0,-9.031609535E0,1.158775262E1
7.074193608E0,2.978105545E-1,6.524116516E0,-6.208925247E0,9.011300692E0
7.079219180E0,-1.493156910E0,5.439993858E0,-3.865920782E0,6.838742153E0
7.084244753E0,-3.914766312E0,4.247897148E0,-2.176948547E0,6.173259304E0
7.089270326E0,-6.465839386E0,3.066845417E0,-8.319830298E-1,7.204499673E0
7.094295899E0,-8.943046570E0,2.020495176E0,5.109772682E-1,9.182678284E0
7.099321472E0,-1.102445221E1,1.098302126E0,1.933869123E0,1.124654008E1
7.104347045E0,-1.248008347E1,4.087829590E-1,3.440223217E0,1.295201616E1
7.109372618E0,-1.340148735E1,-1.770687103E-2,5.142762661E0,1.435437858E1
7.114398191E0,-1.382330132E1,-2.957041264E-1,6.989748001E0,1.549282664E1
7.119423764E0,-1.375172806E1,-4.498288631E-1,8.827841759E0,1.634757354E1
7.124449337E0,-1.335075188E1,-4.858002663E-1,1.038291454E1,1.691991407E1
7.129474910E0,-1.282238579E1,-5.101730824E-1,1.137633038E1,1.714919085E1
7.134500483E0,-1.227278709E1,-5.867745876E-1,1.169098759E1,1.696009429E1
7.139526055E0,-1.185094643E1,-7.890183926E-1,1.140581322E1,1.646693828E1
7.144551628E0,-1.161458778E1,-1.137195587E0,1.075344372E1,1.586910253E1
7.149577201E0,-1.155405045E1,-1.573981524E0,9.990972519E0,1.535555376E1
7.154602774E0,-1.173130608E1,-2.008113623E0,9.269337654E0,1.508564494E1
7.159628347E0,-1.216991425E1,-2.476998806E0,8.494384766E0,1.504649156E1
7.164653920E0,-1.271642399E1,-3.137261391E0,7.520127773E0,1.510305167E1
7.169679493E0,-1.338482285E1,-4.025358200E0,6.250543594E0,1.531098581E1
7.174705066E0,-1.430365562E1,-4.923691750E0,4.950780392E0,1.591689452E1
7.179730639E0,-1.538596344E1,-5.624300003E0,3.767868519E0,1.680944540E1
7.184756212E0,-1.620515823E1,-6.162961006E0,2.816305161E0,1.756476064E1
7.189781785E0,-1.645477104E1,-6.571140289E0,2.081463814E0,1.784017563E1
7.194807358E0,-1.616842651E1,-6.752303600E0,1.624130249E0,1.759685821E1
7.199832930E0,-1.553275490E1,-6.577068806E0,1.455560684E0,1.693053353E1
7.204858503E0,-1.462895584E1,-6.088675499E0,1.489105105E0,1.591526790E1
7.209884076E0,-1.345710945E1,-5.498464584E0,1.687866449E0,1.463474635E1
7.214909649E0,-1.207512379E1,-4.903630257E0,1.979449272E0,1.318227687E1
7.219935222E0,-1.054133320E1,-4.253514290E0,2.180018902E0,1.157430654E1
7.224960795E0,-8.967063904E0,-3.526413679E0,2.133964539E0,9.869023920E0
7.229986368E0,-7.545355797E0,-2.705925941E0,1.833878040E0,8.222988384E0
7.235011941E0,-6.560317993E0,-1.761604309E0,1.233984590E0,6.903893096E0
7.240037514E0,-6.056427479E0,-8.061099052E-1,2.712526321E-1,6.115856847E0
7.245063087E0,-5.910051346E0,2.463531494E-2,-9.226118326E-1,5.981682573E0
7.250088660E0,-6.101740360E0,7.301383018E-1,-2.116789818E0,6.499625874E0
7.255114233E0,-6.768965721E0,1.435074925E0,-3.183358192E0,7.616567886E0
7.260139805E0,-7.770925045E0,1.963437676E0,-4.188794136E0,9.043691717E0
7.265165378E0,-8.933015823E0,2.250129700E0,-5.112069607E0,1.053542173E1
7.270190951E0,-1.010933495E1,2.402501583E0,-5.858777046E0,1.192878600E1
7.275216524E0,-1.094864559E1,2.594496727E0,-6.055885315E0,1.277802804E1
7.280242097E0,-1.110089684E1,2.984542370E0,-5.542284012E0,1.276143862E1
7.285267670E0,-1.071971512E1,3.566820621E0,-4.705244064E0,1.223821160E1
7.290293243E0,-9.997439384E0,4.177050591E0,-3.958379030E0,1.153539381E1
7.295318816E0,-9.007127762E0,4.760470867E0,-3.248337269E0,1.069308788E1
7.300344389E0,-8.328739166E0,5.176484108E0,-2.987317085E0,1.025124125E1
7.305369962E0,-8.333484650E0,5.317510605E0,-2.910684347E0,1.030509431E1
7.310395535E0,-7.652557373E0,5.609757900E0,-2.597300291E0,9.837529509E0
7.315421108E0,-5.992128372E0,6.365765572E0,-1.978204608E0,8.963362495E0
7.320446680E0,-4.188571453E0,7.389422894E0,-1.261553884E0,8.587154343E0
7.325472253E0,-2.508096218E0,8.418544769E0,-3.617112637E-1,8.791659554E0
7.330497826E0,-9.633321762E-1,9.296817780E0,3.145943284E-1,9.351887473E0
7.335523399E0,1.946225166E-1,1.005090714E1,8.177810907E-1,1.008599911E1
7.340548972E0,8.496532440E-1,1.073706150E1,1.405838013E0,1.086198789E1
7.345574545E0,6.519651413E-1,1.173260498E1,2.451038361E0,1.200361059E1
7.350600118E0,1.237422943E0,1.204202652E1,2.681993484E0,1.239898009E1
7.355625691E0,-1.091673851E0,1.260877800E1,3.598795891E0,1.315767329E1
7.360651264E0,-1.260239601E0,1.189110374E1,3.967306376E0,1.259865358E1
7.365676837E0,-2.614331245E-1,1.086543655E1,2.341015339E0,1.111784204E1
7.370702410E0,-6.037716866E-1,1.025282478E1,1.520993233E0,1.038259971E1
7.375727983E0,-2.395072937E0,1.013471794E1,1.386978865E0,1.050583612E1
7.380753555E0,-3.919051886E0,9.963731766E0,8.475356698E-1,1.074026234E1
7.385779128E0,-5.350378036E0,9.767244339E0,2.288765311E-1,1.113903010E1
7.390804701E0,-6.882828712E0,9.797053337E0,-9.955084324E-2,1.197353313E1
7.395830274E0,-7.940677166E0,1.005014515E1,-6.927764416E-2,1.280876929E1
7.400855847E0,-8.418407440E0,1.050335503E1,2.347593904E-1,1.346273236E1
7.405881420E0,-8.570024490E0,1.101799202E1,6.259959936E-1,1.397259242E1
7.410906993E0,-8.400803566E0,1.140249443E1,7.845442295E-1,1.418470618E1
7.415932566E0,-7.907136917E0,1.165578556E1,8.025972843E-1,1.410759773E1
7.420958139E0,-7.300863266E0,1.173342323E1,8.292180300E-1,1.384425613E1
7.425983712E0,-7.209416866E0,1.160572815E1,1.017245173E0,1.370048923E1
7.431009285E0,-6.527634621E0,1.099515343E1,8.882637024E-1,1.281766067E1
7.436034858E0,-5.701553822E0,1.015479469E1,2.085453868E-1,1.164779217E1
7.441060430E0,-5.315406322E0,9.308650970E0,-6.821864843E-1,1.074103839E1
7.446086003E0,-4.971876144E0,8.327040672E0,-1.673611641E0,9.841754654E0
7.451111576E0,-4.479471207E0,7.243189812E0,-2.390005827E0,8.845427564E0
7.456137149E0,-4.579087257E0,5.995123863E0,-2.455051422E0,7.933273456E0
7.461162722E0,-5.712888718E0,4.556647778E0,-1.933664799E0,7.559047296E0
7.466188295E0,-7.101894855E0,3.042475700E0,-9.400840998E-1,7.783143776E0
7.471213868E0,-8.297837257E0,1.764262438E0,3.045875132E-1,8.488786642E0
7.476239441E0,-8.978090286E0,8.076570034E-1,1.702999353E0,9.173800838E0
7.481265014E0,-8.912403107E0,2.699518204E-2,3.267090559E0,9.492393723E0
7.486290587E0,-8.096433640E0,-8.342790604E-1,5.150258064E0,9.631895834E0
7.491316160E0,-6.536174297E0,-1.794219017E0,7.169409275E0,9.866165703E0
7.496341733E0,-4.271902084E0,-2.762269974E0,9.031965256E0,1.036608312E1
7.501367305E0,-1.444785595E0,-3.811821938E0,1.070068455E1,1.145085332E1
7.506392878E0,2.239230156E0,-5.036388397E0,1.159150600E1,1.283520047E1
7.511418451E0,6.581183434E0,-6.721601486E0,1.161170292E1,1.494401374E1
7.516444024E0,1.057933044E1,-8.640212059E0,1.127082062E1,1.770894956E1
7.521469597E0,1.287978077E1,-1.037306309E1,1.043214512E1,1.955297528E1
7.526495170E0,1.522006416E1,-1.204652882E1,8.931726456E0,2.136691244E1
7.531520743E0,1.710967445E1,-1.391533852E1,6.502699852E0,2.299266647E1
7.536546316E0,1.880208206E1,-1.682550812E1,2.738963604E0,2.537947862E1
7.541571889E0,1.994165421E1,-2.098209000E1,-1.650269389E0,2.899381076E1
7.546597462E0,1.927315140E1,-2.480531502E1,-4.667887688E0,3.175763205E1
7.551623035E0,1.682364655E1,-2.682700729E1,-5.142556190E0,3.208066844E1
7.556648608E0,1.527608776E1,-2.689337540E1,-3.115329266E0,3.108565222E1
7.561674180E0,1.581017113E1,-2.549934769E1,7.144792080E-1,3.001147654E1
7.566699753E0,1.789993668E1,-2.351311493E1,5.623872757E0,3.008159323E1
7.571725326E0,2.101706314E1,-2.196457863E1,1.025825119E1,3.208412964E1
7.576750899E0,2.478007126E1,-2.075277710E1,1.364342690E1,3.508379664E1
7.581776472E0,2.831629944E1,-1.925524902E1,1.572482586E1,3.768086487E1
7.586802045E0,3.137854576E1,-1.784845924E1,1.671949768E1,3.978344171E1
7.591827618E0,3.374395752E1,-1.736262894E1,1.633725929E1,4.131611785E1
7.596853191E0,3.419006729E1,-1.782558441E1,1.446123695E1,4.118057230E1
7.601878764E0,3.218367004E1,-1.834806252E1,1.156162167E1,3.880864738E1
7.606904337E0,2.811943817E1,-1.808570099E1,8.784082413E0,3.456812820E1
7.611929910E0,2.262601662E1,-1.676928711E1,6.965653419E0,2.901147955E1
7.616955483E0,1.695416260E1,-1.505868435E1,5.574058533E0,2.335118267E1
7.621981055E0,1.208025932E1,-1.371249676E1,3.946425438E0,1.869597567E1
7.627006628E0,8.423909187E0,-1.313550377E1,2.377827406E0,1.578473213E1
7.632032201E0,6.024489880E0,-1.319292259E1,1.563947439E0,1.458744722E1
7.637057774E0,4.635973930E0,-1.347873974E1,1.894315004E0,1.437905103E1
7.642083347E0,3.943154335E0,-1.359259605E1,3.093459368E0,1.448711926E1
7.647108920E0,3.562613964E0,-1.335973358E1,4.577161789E0,1.456451543E1
7.652134493E0,3.230485439E0,-1.274963760E1,5.876461029E0,1.440562701E1
7.657160066E0,2.932210445E0,-1.184242058E1,6.811367989E0,1.397267036E1
7.662185639E0,2.940386295E0,-1.080973816E1,7.442786694E0,1.344958677E1
7.667211212E0,3.354675293E0,-9.819242477E0,7.817814827E0,1.299190509E1
7.672236785E0,4.178029060E0,-9.115934372E0,7.796784401E0,1.270220584E1
7.677262358E0,5.302639008E0,-8.787727356E0,7.297867775E0,1.259368916E1
7.682287930E0,6.495694637E0,-8.708380699E0,6.316515923E0,1.256695335E1
7.687313503E0,7.448049068E0,-8.756899834E0,5.116696358E0,1.258321546E1
7.692339076E0,8.023677826E0,-8.893236160E0,3.890921354E0,1.259397968E1
7.697364649E0,8.336414337E0,-9.081096649E0,2.669180870E0,1.261295552E1
7.702390222E0,8.620197296E0,-9.221462250E0,1.510542870E0,1.271317849E1
7.707415795E0,8.883901596E0,-9.138952255E0,4.646258354E-1,1.275382425E1
7.712441368E0,9.035966873E0,-8.710941315E0,-2.899348736E-1,1.255441190E1
7.717466941E0,8.980260849E0,-8.053866386E0,-7.327480316E-1,1.208498111E1
7.722492514E0,8.712036133E0,-7.321763515E0,-9.346184731E-1,1.141846339E1
7.727518087E0,8.356388092E0,-6.792049885E0,-8.756558895E-1,1.080407038E1
7.732543660E0,7.962489128E0,-6.530467033E0,-5.173451900E-1,1.031095916E1
7.737569233E0,7.512351990E0,-6.377766132E0,1.876473427E-1,9.856294678E0
7.742594805E0,7.040194988E0,-6.198172569E0,1.284466982E0,9.467393733E0
7.747620378E0,6.627681255E0,-6.003928661E0,2.639888048E0,9.324286949E0
7.752645951E0,6.217215061E0,-5.745130539E0,4.019750595E0,9.371162301E0
7.757671524E0,5.660340786E0,-5.367400169E0,5.252840042E0,9.404295343E0
7.762697097E0,5.000191689E0,-4.864594936E0,6.164288998E0,9.309385569E0
7.767722670E0,4.299291134E0,-4.379289627E0,6.552165985E0,8.977358241E0
7.772748243E0,3.615630150E0,-3.910797119E0,6.507778645E0,8.409417243E0
7.777773816E0,3.031008244E0,-3.396693707E0,6.189935684E0,7.683738861E0
7.782799389E0,2.554878235E0,-2.828024864E0,5.681102753E0,6.841056637E0
7.787824962E0,2.206135273E0,-2.224933147E0,5.049759388E0,5.942846980E0
7.792850535E0,2.013480186E0,-1.693852425E0,4.317426205E0,5.056026852E0
7.797876108E0,1.703978062E0,-1.345762730E0,3.911343098E0,4.473614130E0
7.802901680E0,1.110316753E0,-1.161481857E0,3.711444139E0,4.044336905E0
7.807927253E0,4.584288597E-1,-1.011092186E0,3.612516165E0,3.779250914E0
7.812952826E0,-2.078819275E-2,-8.509178162E-1,3.505785465E0,3.607634267E0
7.817978399E0,-4.219336510E-1,-7.522368431E-1,3.345194101E0,3.454592863E0
7.823003972E0,-8.633894920E-1,-6.953001022E-1,3.175701618E0,3.363623703E0
7.828029545E0,-1.439570427E0,-7.370324135E-1,2.946831226E0,3.361457135E0
7.833055118E0,-2.058074474E0,-8.241324425E-1,2.780668020E0,3.556259195E0
7.838080691E0,-2.693607807E0,-8.696789742E-1,2.961378336E0,4.096538317E0
7.843106264E0,-3.378646374E0,-7.961177826E-1,3.579950333E0,4.986491675E0
7.848131837E0,-4.222311020E0,-5.735168457E-1,4.386505127E0,6.115411609E0
7.853157410E0,-5.151754379E0,-2.580375671E-1,5.064511299E0,7.228860994E0
7.858182983E0,-5.879063129E0,1.275558472E-1,5.613461494E0,8.129612766E0
7.863208555E0,-6.217446327E0,4.739861488E-1,5.965801239E0,8.629721092E0
7.868234128E0,-6.052759171E0,6.522841454E-1,6.096676826E0,8.615731920E0
7.873259701E0,-5.458445549E0,5.899319649E-1,5.995587349E0,8.129558118E0
7.878285274E0,-4.565861702E0,3.765139580E-1,5.699637413E0,7.312641279E0
7.883310795E0,-3.497159958E0,1.678276062E-1,5.212725639E0,6.279395072E0
7.888336316E0,-2.446454048E0,1.000404358E-1,4.672753334E0,5.275392802E0
7.893361837E0,-1.516793728E0,1.848049164E-1,4.098222256E0,4.373813179E0
7.898387358E0,-7.389736176E-1,3.431658745E-1,3.494019747E0,3.587759582E0
7.903412878E0,-1.767220497E-1,5.062470436E-1,2.913452625E0,2.962384673E0
7.908438399E0,1.211619377E-1,6.152834892E-1,2.400522470E0,2.481080837E0
7.913463920E0,1.735391617E-1,6.792640686E-1,1.912923694E0,2.037349399E0
7.918489441E0,1.288094521E-1,7.649364471E-1,1.432407856E0,1.628960377E0
7.923514962E0,2.453780174E-1,8.385915756E-1,1.084502697E0,1.392692465E0
7.928540483E0,7.429447174E-1,7.755284309E-1,8.989863396E-1,1.400566899E0
7.933566003E0,1.477004051E0,5.513920784E-1,1.014947414E0,1.875017985E0
7.938591524E0,2.082934856E0,2.758750916E-1,1.455271959E0,2.555883635E0
7.943617045E0,2.378476143E0,-1.284313202E-2,2.098648548E0,3.172008738E0
7.948642566E0,2.335566044E0,-2.279853821E-1,2.828662872E0,3.675347565E0
7.953668087E0,2.817005634E0,-8.465046883E-1,3.128642559E0,4.294239769E0
7.958693608E0,2.938895702E0,-1.933355808E0,3.491206884E0,4.956157598E0
7.963719128E0,2.790002346E0,-2.969491005E0,3.500396967E0,5.371663508E0
7.968744649E0,2.688499451E0,-3.647112846E0,3.783862591E0,5.903141326E0
7.973770170E0,2.908057213E0,-3.936584473E0,4.283026695E0,6.503676786E0
7.978795691E0,3.405447960E0,-3.761030197E0,4.967260361E0,7.100429525E0
7.983821212E0,3.897316456E0,-3.230972290E0,5.590142250E0,7.541747004E0
7.988846733E0,4.214900017E0,-2.534197807E0,5.925566673E0,7.700641602E0
7.993872253E0,4.553399086E0,-1.810565948E0,5.911293030E0,7.678214478E0
7.998897774E0,5.055553913E0,-1.214299679E0,5.711341381E0,7.723507587E0
8.003923295E0,5.643784046E0,-7.036547661E-1,5.508901596E0,7.918044278E0
8.008948816E0,6.169143677E0,-2.460308075E-1,5.443257332E0,8.230912176E0
8.013974337E0,6.544863701E0,1.720204353E-1,5.466289520E0,8.529076914E0
8.018999858E0,6.780315876E0,5.212788582E-1,5.510675430E0,8.752825757E0
8.024025430E0,6.952019691E0,7.247800827E-1,5.466415405E0,8.873419935E0
8.029051003E0,7.098320007E0,7.774972916E-1,5.443720818E0,8.979128315E0
8.034076576E0,7.195436478E0,6.889581680E-1,5.547500134E0,9.111735685E0
8.039102149E0,7.191018581E0,4.688749313E-1,5.781730652E0,9.238993520E0
8.044127722E0,7.047445297E0,1.417188644E-1,6.102337360E0,9.323362629E0
8.049153295E0,6.727585793E0,-2.436633110E-1,6.503676891E0,9.360427101E0
8.054178868E0,6.237346172E0,-6.049408913E-1,6.956010818E0,9.362506463E0
8.059204441E0,5.687944412E0,-8.836355209E-1,7.300605297E0,9.296900617E0
8.064230014E0,5.118643284E0,-1.164946556E0,7.465296745E0,9.126240466E0
8.069255587E0,4.516054630E0,-1.514801502E0,7.531172752E0,8.911113064E0
8.074281160E0,3.804408073E0,-1.846279144E0,7.521952629E0,8.629138939E0
8.079306733E0,3.089759827E0,-2.168290138E0,7.413850784E0,8.319451987E0
8.084332305E0,2.406154633E0,-2.432567596E0,7.278995514E0,8.043055447E0
8.089357878E0,1.639461517E0,-2.662416935E0,7.108193398E0,7.765482044E0
8.094383451E0,8.624067307E-1,-2.818618774E0,6.897345543E0,7.500782139E0
8.099409024E0,2.574834824E-1,-2.905230045E0,6.609255791E0,7.224190022E0
8.104434597E0,-2.372093201E-1,-2.926716328E0,6.298073292E0,6.948932574E0
8.109460170E0,-6.552124023E-1,-2.873692513E0,6.027233124E0,6.709318227E0
8.114485743E0,-1.073004246E0,-2.751008034E0,5.774252892E0,6.485474521E0
8.119511316E0,-1.524202347E0,-2.559091091E0,5.559677601E0,6.307309651E0
8.124536889E0,-2.032780170E0,-2.307755947E0,5.370480537E0,6.188698889E0
8.129562462E0,-2.493557930E0,-2.059198380E0,5.145234585E0,6.077134855E0
8.134588035E0,-2.940324306E0,-1.808784485E0,4.865374565E0,5.965658220E0
8.139613608E0,-3.387679577E0,-1.499299526E0,4.527181625E0,5.849756017E0
8.144639180E0,-3.811964035E0,-1.169252396E0,4.213233471E0,5.800823842E0
8.149664753E0,-4.223075390E0,-8.810443878E-1,3.867090225E0,5.793530165E0
8.154690326E0,-4.678710938E0,-6.203718185E-1,3.580096483E0,5.923874413E0
8.159715899E0,-5.155179501E0,-3.633465767E-1,3.328366280E0,6.147025176E0
8.164741472E0,-5.652734756E0,-1.387510300E-1,3.063820601E0,6.431147545E0
8.169767045E0,-6.109376907E0,1.044130325E-2,2.728875875E0,6.691140318E0
8.174792618E0,-6.515701294E0,6.061673164E-2,2.423684835E0,6.952142542E0
8.179818191E0,-6.852700233E0,6.478214264E-2,2.109361649E0,7.170293145E0
8.184843764E0,-7.096679688E0,3.739023209E-2,1.813868999E0,7.324915110E0
8.189869337E0,-7.319709301E0,-3.610897064E-2,1.527009606E0,7.477379651E0
8.194894910E0,-7.536196232E0,-2.176692486E-1,1.219331264E0,7.637303338E0
8.199920483E0,-7.655173302E0,-4.157178402E-1,8.097979426E-1,7.709103210E0
8.204946055E0,-7.714940071E0,-6.296787262E-1,4.378048480E-1,7.752965154E0
8.209971628E0,-7.772894859E0,-8.590111732E-1,9.856167436E-2,7.820838132E0
8.214997201E0,-7.790623665E0,-1.145951271E0,-2.031141222E-1,7.877072854E0
8.220022774E0,-7.720190048E0,-1.451326132E0,-4.480139315E-1,7.868189017E0
8.225048347E0,-7.537697315E0,-1.702740908E0,-5.309972167E-1,7.745848272E0
8.230073920E0,-7.271986008E0,-1.880826712E0,-4.476153255E-1,7.524602919E0
8.235099493E0,-6.861031532E0,-1.990332365E0,-1.648617387E-1,7.145792888E0
8.240125066E0,-6.324316025E0,-2.055632353E0,1.776403785E-1,6.652379548E0
8.245150639E0,-5.700584412E0,-2.077686548E0,5.887376070E-1,6.095904855E0
8.250176212E0,-5.224514008E0,-1.923365593E0,1.086637735E0,5.672359596E0
8.255201785E0,-4.877083778E0,-1.627310753E0,1.608244419E0,5.387071243E0
8.260227358E0,-4.491182804E0,-1.281881332E0,2.153452635E0,5.143082828E0
8.265252930E0,-3.995675087E0,-9.986584187E-1,2.780437708E0,4.969262710E0
8.270278503E0,-3.438998699E0,-8.267278671E-1,3.484938145E0,4.965378625E0
8.275304076E0,-2.721148968E0,-8.100697994E-1,4.085101604E0,4.974828631E0
8.280329649E0,-1.756610394E0,-9.689185619E-1,4.498918056E0,4.925925998E0
8.285355222E0,-5.890512466E-1,-1.237468719E0,4.700970173E0,4.896675481E0
8.290380795E0,9.148302078E-1,-1.899614811E0,4.721729279E0,5.171090612E0
8.295406368E0,2.237558365E0,-2.703976631E0,4.663934708E0,5.836989294E0
8.300431941E0,2.833784103E0,-3.221532345E0,4.734064579E0,6.389050824E0
8.305457514E0,3.106613159E0,-3.790972233E0,4.837896824E0,6.886781648E0
8.310483087E0,3.301607132E0,-4.887090683E0,4.740566254E0,7.566850957E0
8.315508660E0,3.611495972E0,-6.511384964E0,4.222065926E0,8.559607350E0
8.320534233E0,3.463171005E0,-7.887496948E0,3.048142910E0,9.137687712E0
8.325559805E0,2.441712379E0,-8.330420494E0,1.479277968E0,8.806027950E0
8.330585378E0,6.874618530E-1,-7.885518074E0,1.159639955E-1,7.916277329E0
8.335610951E0,-1.200196266E0,-7.098769188E0,-7.099660039E-1,7.234434794E0
8.340636524E0,-2.584650517E0,-6.784319878E0,-1.367868662E0,7.387724898E0
8.345662097E0,-3.160580635E0,-6.920306206E0,-2.026930809E0,7.873268472E0
8.350687670E0,-3.278594017E0,-6.979394913E0,-2.607852697E0,8.140149124E0
8.355713243E0,-3.116650581E0,-6.702801704E0,-3.026886940E0,7.987684651E0
8.360738816E0,-2.474524021E0,-6.292057037E0,-3.135574341E0,7.452856992E0
8.365764389E0,-1.496617794E0,-5.902098656E0,-2.935447693E0,6.759547804E0
8.370789962E0,-9.774227142E-1,-5.334117889E0,-2.046423912E0,5.796207350E0
8.375815535E0,6.902599335E-1,-5.226474762E0,-1.747495532E0,5.553938949E0
8.380841108E0,1.945516586E0,-4.835332394E0,-1.475167274E0,5.416788036E0
8.385866680E0,2.692822456E0,-4.350068092E0,-9.103897810E-1,5.196459828E0
8.390892253E0,3.338865280E0,-3.911879778E0,-3.272082210E-1,5.153434775E0
8.395917826E0,3.778047562E0,-3.504026413E0,1.678872108E-1,5.155582469E0
8.400943399E0,3.847668648E0,-3.041834831E0,7.082610130E-1,4.955698420E0
8.405968972E0,3.619752884E0,-2.617006540E0,1.254907489E0,4.639625737E0
8.410994545E0,3.123429298E0,-2.263047934E0,1.763784051E0,4.241241647E0
8.416020118E0,2.478823662E0,-2.003361464E0,2.214685917E0,3.881089745E0
8.421045691E0,1.767569542E0,-1.689044476E0,2.636210918E0,3.595383336E0
8.426071264E0,1.209920883E0,-1.395908117E0,3.057424307E0,3.572157808E0
8.431096837E0,8.154020309E-1,-1.138042688E0,3.467946768E0,3.739876524E0
8.436122410E0,5.120649338E-1,-8.631803989E-1,3.794807911E0,3.925284446E0
8.441147983E0,3.284206390E-1,-5.575706959E-1,4.084524155E0,4.135466451E0
8.446173555E0,2.161493301E-1,-1.843006611E-1,4.235377312E0,4.244892017E0
8.451199128E0,1.030454636E-1,2.120506763E-1,4.370268822E0,4.376623519E0
8.456224701E0,-1.643762589E-1,5.533821583E-1,4.320517540E0,4.358913073E0
8.461250274E0,-6.725072861E-1,7.808401585E-1,3.999642611E0,4.130268565E0
8.466275847E0,-1.435749531E0,8.841967583E-1,3.355976105E0,3.755763070E0
8.471301420E0,-2.444407940E0,9.639813900E-1,2.539937735E0,3.654541557E0
8.476326993E0,-3.664741039E0,1.073365450E0,1.759787321E0,4.204674980E0
8.481352566E0,-5.038986206E0,1.193979025E0,9.983129501E-1,5.273859748E0
8.486378139E0,-6.480697155E0,1.283674955E0,1.854557991E-1,6.609209549E0
8.491403712E0,-8.003850937E0,1.262598515E0,-7.054160237E-1,8.133473833E0
8.496429285E0,-9.560162544E0,1.209242582E0,-1.490166068E0,9.750875366E0
8.501454858E0,-1.096744347E1,1.140104294E0,-2.200131178E0,1.124389751E1
8.506480430E0,-1.214884090E1,1.028846979E0,-2.886233807E0,1.252929395E1
8.511506003E0,-1.303724384E1,8.393023014E-1,-3.508732796E0,1.352720818E1
8.516531576E0,-1.364207458E1,6.262044907E-1,-3.990189791E0,1.422743637E1
8.521557149E0,-1.400631142E1,4.342036247E-1,-4.234299183E0,1.463880398E1
8.526582722E0,-1.407238197E1,2.405216694E-1,-4.208291054E0,1.469011568E1
8.531608295E0,-1.379701996E1,-3.993177414E-2,-4.062239170E0,1.438266809E1
8.536633868E0,-1.329485321E1,-3.921108246E-1,-3.798646927E0,1.383244705E1
8.541659441E0,-1.267564392E1,-6.960577965E-1,-3.377376080E0,1.313632804E1
8.546685014E0,-1.192002487E1,-8.943066597E-1,-2.829621792E0,1.228387304E1
8.551710587E0,-1.106149006E1,-9.874048233E-1,-2.171901703E0,1.131586000E1
8.556736160E0,-1.008094883E1,-1.033284187E0,-1.501667976E0,1.024442347E1
8.561761733E0,-8.873431206E0,-1.032842159E0,-7.629603148E-1,8.965860401E0
8.566787305E0,-7.386896610E0,-1.102237225E0,-7.209473848E-2,7.469027117E0
8.571812878E0,-5.732144356E0,-1.276488781E0,4.599920511E-1,5.890542862E0
8.576838451E0,-4.086892605E0,-1.514180422E0,7.944151163E-1,4.430183844E0
8.581864024E0,-2.403903484E0,-1.788190603E0,8.834538460E-1,3.123598613E0
8.586889597E0,-6.074476242E-1,-2.047710657E0,7.090823650E-1,2.250535348E0
8.591915170E0,1.205829620E0,-2.333056688E0,3.493727446E-1,2.649384815E0
8.596940743E0,2.752944946E0,-2.646019459E0,-2.720466256E-2,3.818489878E0
8.601966316E0,3.918770790E0,-2.959346533E0,-3.628847599E-1,4.924041202E0
8.606991889E0,4.712882996E0,-3.211713791E0,-6.809213161E-1,5.743694407E0
8.612017462E0,5.274129868E0,-3.384490967E0,-8.702209592E-1,6.326808791E0
8.617043035E0,5.617102623E0,-3.429771900E0,-8.386250734E-1,6.634641601E0
8.622068608E0,5.699174881E0,-3.394990683E0,-6.094093919E-1,6.661676656E0
8.627094180E0,5.659750938E0,-3.389171600E0,-2.206426561E-1,6.600602094E0
8.632119753E0,5.513710022E0,-3.430430889E0,2.554918528E-1,6.498779145E0
8.637145326E0,5.299860001E0,-3.536802053E0,7.752121091E-1,6.418600985E0
8.642170899E0,5.114430428E0,-3.678261995E0,1.260982752E0,6.424724695E0
8.647196472E0,5.125169754E0,-3.762881994E0,1.692840934E0,6.579692724E0
8.652222045E0,5.351100922E0,-3.752069235E0,2.146428585E0,6.878914179E0
8.657247618E0,5.428509712E0,-3.707936049E0,2.590634346E0,7.066038052E0
8.662273191E0,5.424592972E0,-3.706703424E0,2.894055843E0,7.179235225E0
8.667298764E0,5.516416550E0,-3.757686138E0,2.984090567E0,7.311350981E0
8.672324337E0,5.665563583E0,-3.856045961E0,2.990145206E0,7.477210010E0
8.677349910E0,5.795417786E0,-3.877399206E0,3.012758970E0,7.595907354E0
8.682375483E0,5.886781693E0,-3.793365717E0,3.118553400E0,7.666107061E0
8.687401055E0,5.968315125E0,-3.618647337E0,3.273170471E0,7.709023214E0
8.692426628E0,6.102077484E0,-3.444606066E0,3.356086254E0,7.769425688E0
8.697452201E0,6.220911026E0,-3.300447941E0,3.271311045E0,7.764931845E0
8.702477774E0,6.276836395E0,-3.182052851E0,3.014835835E0,7.655936950E0
8.707503347E0,6.260166168E0,-3.028006077E0,2.645563602E0,7.440262632E0
8.712528920E0,6.127745628E0,-2.858252764E0,2.217812538E0,7.116007856E0
8.717554493E0,5.946498871E0,-2.639978647E0,1.776461840E0,6.744342277E0
8.722580066E0,5.635016441E0,-2.402497053E0,1.203559041E0,6.242912521E0
8.727605639E0,5.241176605E0,-2.217865944E0,5.777412653E-1,5.720371187E0
8.732631212E0,4.788854599E0,-2.105423689E0,-6.092268229E-2,5.231600984E0
8.737656785E0,4.263812065E0,-2.074429274E0,-6.583089828E-1,4.787141199E0
8.742682358E0,3.675725937E0,-2.052832842E0,-1.203824997E0,4.378844421E0
8.747707930E0,3.005637169E0,-1.997172594E0,-1.720523357E0,3.997843642E0
8.752733503E0,2.263363838E0,-1.887811184E0,-2.207895994E0,3.682587630E0
8.757759076E0,1.453944206E0,-1.757709503E0,-2.598563671E0,3.457749211E0
8.762784649E0,5.394678116E-1,-1.582175255E0,-2.954612494E0,3.394707505E0
8.767810222E0,-4.412746429E-1,-1.398383379E0,-3.271344900E0,3.584954231E0
8.772835795E0,-1.425632000E0,-1.238675594E0,-3.534565210E0,4.007479888E0
8.777861368E0,-2.398845196E0,-1.068322897E0,-3.730025768E0,4.561673412E0
8.782886941E0,-3.317466259E0,-8.190758228E-1,-3.819512367E0,5.124952908E0
8.787912514E0,-4.066373825E0,-3.894572258E-1,-3.808647633E0,5.585057726E0
8.792938087E0,-4.554310322E0,2.060985565E-2,-4.049823284E0,6.094525076E0
8.797963660E0,-4.905445099E0,4.262795448E-1,-4.570089340E0,6.717947785E0
8.802989233E0,-5.119711876E0,8.039934635E-1,-5.270564079E0,7.391664285E0
8.808014805E0,-5.273757458E0,1.153681040E0,-5.889221191E0,7.989144128E0
8.813040378E0,-5.410851002E0,1.498667836E0,-6.240355492E0,8.394364211E0
8.818065951E0,-5.402261257E0,1.794664383E0,-6.348598003E0,8.527012580E0
8.823091524E0,-5.411134243E0,2.169617653E0,-6.262246132E0,8.555895112E0
8.828117097E0,-5.562033653E0,2.536354065E0,-6.000968933E0,8.566267474E0
8.833142670E0,-5.874087334E0,2.831787109E0,-5.728059769E0,8.679550043E0
8.838168243E0,-6.462171078E0,3.141066313E0,-5.519464016E0,9.060377235E0
8.843193816E0,-7.316631794E0,3.516465902E0,-5.367953777E0,9.732089242E0
8.848219389E0,-8.164649010E0,3.858114481E0,-5.169517994E0,1.040530908E1
8.853244962E0,-8.867657661E0,4.099823952E0,-4.935519218E0,1.094546750E1
8.858270535E0,-9.359018326E0,4.242190361E0,-4.606699467E0,1.126095391E1
8.863296108E0,-9.691683769E0,4.295039177E0,-4.311873913E0,1.144414053E1
8.868321680E0,-9.894645691E0,4.277307034E0,-4.080275059E0,1.152597125E1
8.873347253E0,-1.006376362E1,4.212791443E0,-3.936292648E0,1.159833392E1
8.878372826E0,-1.029001713E1,4.149183750E0,-3.880127430E0,1.175395964E1
8.883398399E0,-1.052542114E1,4.043709755E0,-3.816212654E0,1.190376234E1
8.888423972E0,-1.079847717E1,3.939908981E0,-3.720995903E0,1.208204463E1
8.893449545E0,-1.104669571E1,3.905357838E0,-3.618839741E0,1.226284253E1
8.898475118E0,-1.133692646E1,3.945219994E0,-3.543107986E0,1.251576113E1
8.903500639E0,-1.162121582E1,4.036209106E0,-3.325357914E0,1.274369045E1
8.908526160E0,-1.178964996E1,4.135725021E0,-2.945206881E0,1.283644465E1
8.913551680E0,-1.186635590E1,4.133986473E0,-2.478547096E0,1.280794449E1
8.918577201E0,-1.179893112E1,4.098106384E0,-2.044461727E0,1.265658229E1
8.923602722E0,-1.147271824E1,4.042504787E0,-1.743495345E0,1.228840448E1
8.928628243E0,-1.106494427E1,4.024630547E0,-1.494152069E0,1.186857755E1
8.933653764E0,-1.050391006E1,3.996671915E0,-1.143231869E0,1.129656993E1
8.938679285E0,-9.761104584E0,3.924712181E0,-7.297551036E-1,1.054585563E1
8.943704805E0,-8.946993828E0,3.874546051E0,-3.503513336E-1,9.756205805E0
8.948730326E0,-8.114457130E0,3.816308260E0,-8.751249313E-2,8.967512570E0
8.953755847E0,-7.187024117E0,3.754069328E0,1.935791969E-2,8.108435540E0
8.958781368E0,-6.198414803E0,3.644035339E0,-6.399214268E-2,7.190510038E0
8.963806889E0,-5.211133003E0,3.504688025E0,-1.797547340E-1,6.282599549E0
8.968832410E0,-4.230447769E0,3.325329542E0,-3.185269833E-1,5.390358460E0
8.973857930E0,-3.405000687E0,3.067002773E0,-5.231350064E-1,4.612396982E0
8.978883451E0,-2.797008991E0,2.705643415E0,-7.499502301E-1,3.963103700E0
8.983908972E0,-2.387030602E0,2.198776245E0,-9.742686749E-1,3.388470380E0
8.988934493E0,-2.064476013E0,1.557274342E0,-1.195098877E0,2.848758661E0
8.993960014E0,-1.618433475E0,8.494250774E-1,-1.430374384E0,2.320952553E0
8.998985535E0,-1.005669594E0,4.668235779E-3,-1.688116789E0,1.964976187E0
9.004011055E0,-2.595329285E-1,-9.615154266E-1,-1.918881774E0,2.161938139E0
9.009036576E0,6.107425690E-1,-1.995360374E0,-1.949341774E0,2.855591508E0
9.014062097E0,1.505393028E0,-3.076524258E0,-1.736876249E0,3.840305819E0
9.019087618E0,2.262642860E0,-4.031949520E0,-1.244738460E0,4.788062602E0
9.024113139E0,2.854866028E0,-4.808404922E0,-5.084031820E-1,5.615112798E0
9.029138660E0,3.436191559E0,-5.290634632E0,4.697559476E-1,6.326049153E0
9.034164180E0,4.021588326E0,-5.402275085E0,1.606023908E0,6.923659549E0
9.039189701E0,4.630380630E0,-5.168126106E0,2.768977642E0,7.471090243E0
9.044215222E0,5.262099266E0,-4.590013027E0,3.813326597E0,7.956089995E0
9.049240795E0,5.963696480E0,-3.828051090E0,4.527205467E0,8.409235411E0
9.054266368E0,6.791103363E0,-3.033164978E0,4.857736111E0,8.883511400E0
9.059291941E0,7.742553711E0,-2.341816902E0,4.853507519E0,9.433333430E0
9.064317514E0,8.672681808E0,-1.780284882E0,4.534874439E0,9.947356945E0
9.069343087E0,9.532114029E0,-1.374398232E0,3.955756903E0,1.041144471E1
9.074368660E0,1.024789333E1,-1.101628304E0,3.198687315E0,1.079187209E1
9.079394233E0,1.077129841E1,-8.960709572E-1,2.469966888E0,1.108713439E1
9.084419805E0,1.101084614E1,-7.059254646E-1,1.851249933E0,1.118768027E1
9.089445378E0,1.098540020E1,-5.317554474E-1,1.452424765E0,1.109375135E1
9.094470951E0,1.073821640E1,-4.356083870E-1,1.320467710E0,1.082786595E1
9.099496524E0,1.028894234E1,-4.694037437E-1,1.363510370E0,1.038950599E1
9.104522097E0,9.652857780E0,-6.317977905E-1,1.513656378E0,9.791219914E0
9.109547670E0,8.931484222E0,-9.212131500E-1,1.755887747E0,9.148944522E0
9.114573243E0,8.221461296E0,-1.297810078E0,2.008271933E0,8.562119656E0
9.119598816E0,7.581180573E0,-1.716824532E0,2.237003803E0,8.088632231E0
9.124624389E0,6.992487907E0,-2.128695965E0,2.394172430E0,7.691442990E0
9.129649962E0,6.484918594E0,-2.517635822E0,2.513320684E0,7.396583006E0
9.134675535E0,6.073406219E0,-2.806029797E0,2.565796614E0,7.165429407E0
9.139701108E0,5.820358276E0,-2.983815193E0,2.589921474E0,7.034729335E0
9.144726680E0,5.677766800E0,-3.074978352E0,2.638508320E0,6.975260128E0
9.149752253E0,5.544949532E0,-3.132380486E0,2.640012264E0,6.894050882E0
9.154777826E0,5.412174225E0,-3.204116344E0,2.604208708E0,6.807341212E0
9.159803399E0,5.255275726E0,-3.223622322E0,2.507558823E0,6.655637842E0
9.164828972E0,5.083650589E0,-3.263059616E0,2.350777864E0,6.482068955E0
9.169854545E0,4.873182297E0,-3.303677082E0,2.182229757E0,6.278878457E0
9.174880118E0,4.614381790E0,-3.350273609E0,1.983396769E0,6.037442778E0
9.179905691E0,4.331398964E0,-3.421715736E0,1.754519224E0,5.792019792E0
9.184931264E0,4.057794571E0,-3.527503014E0,1.558311105E0,5.597973543E0
9.189956837E0,3.779335976E0,-3.633940220E0,1.438035250E0,5.436620947E0
9.194982410E0,3.448384285E0,-3.745538712E0,1.379439235E0,5.274776490E0
9.200007983E0,3.060422897E0,-3.818916321E0,1.367914438E0,5.081486012E0
9.205033555E0,2.596616745E0,-3.820257664E0,1.460674644E0,4.844621508E0
9.210059128E0,2.052496910E0,-3.754037380E0,1.556761622E0,4.552916315E0
9.215084701E0,1.409286499E0,-3.591198921E0,1.608184814E0,4.179600044E0
9.220110274E0,7.439851761E-1,-3.388616562E0,1.676985502E0,3.853377288E0
9.225135847E0,1.095094681E-1,-3.150617123E0,1.772715211E0,3.616752659E0
9.230161420E0,-4.079246521E-1,-2.829107285E0,1.861962676E0,3.411327536E0
9.235186993E0,-8.610253334E-1,-2.424095154E0,1.968454242E0,3.239199599E0
9.240212566E0,-1.297823906E0,-1.955000877E0,2.053435087E0,3.118167888E0
9.245238139E0,-1.775820255E0,-1.445964336E0,2.063769817E0,3.082774124E0
9.250263712E0,-2.328629494E0,-9.165039062E-1,2.003954172E0,3.205983009E0
9.255289285E0,-2.960963249E0,-3.380308151E-1,1.897972345E0,3.533251650E0
9.260314858E0,-3.663122654E0,3.420090675E-1,1.789046288E0,4.090980860E0
9.265340430E0,-4.372813225E0,1.066099644E0,1.653872848E0,4.795139137E0
9.270366003E0,-4.975274086E0,1.752786398E0,1.388278365E0,5.454624571E0
9.275391576E0,-5.427768707E0,2.387436867E0,1.056249857E0,6.022971998E0
9.280417149E0,-5.730872154E0,2.945549488E0,7.506198287E-1,6.487109338E0
9.285442722E0,-5.904331207E0,3.412174702E0,4.775045812E-1,6.836086148E0
9.290468295E0,-6.025220871E0,3.767693996E0,2.712825239E-1,7.111427339E0
9.295493868E0,-6.180068970E0,4.025993347E0,1.173784286E-1,7.376696591E0
9.300519441E0,-6.378601074E0,4.186873436E0,6.291328371E-2,7.630230594E0
9.305545014E0,-6.558753490E0,4.288443565E0,1.213304549E-1,7.837264615E0
9.310570587E0,-6.720618725E0,4.340206623E0,2.055418491E-1,8.002896790E0
9.315596160E0,-6.902470589E0,4.370919704E0,3.577458262E-1,8.177837206E0
9.320621733E0,-7.128043175E0,4.376049995E0,5.529432893E-1,8.382395800E0
9.325647305E0,-7.382675648E0,4.327345371E0,7.517779469E-1,8.590400908E0
9.330672878E0,-7.527179241E0,4.158688068E0,9.677699804E-1,8.653883089E0
9.335698451E0,-7.575704098E0,3.885120392E0,1.200238705E0,8.598024540E0
9.340724024E0,-7.532812595E0,3.536012888E0,1.424459457E0,8.442495928E0
9.345749597E0,-7.374340534E0,3.116829872E0,1.443759680E0,8.135107177E0
9.350775170E0,-6.985328674E0,2.518207312E0,1.186819673E0,7.519622709E0
9.355800743E0,-6.327609062E0,1.683354855E0,6.168648005E-1,6.576689303E0
9.360826316E0,-5.324852943E0,6.416978836E-1,-2.820463479E-1,5.370789996E0
9.365851889E0,-4.039551735E0,-7.303075790E-1,-1.385742188E0,4.332621469E0
9.370877462E0,-2.768510342E0,-2.230936050E0,-2.288773298E0,4.228499543E0
9.375903035E0,-1.779191494E0,-3.596268654E0,-2.670006037E0,4.819502344E0
9.380928608E0,-1.132856369E0,-4.596074581E0,-2.455106258E0,5.332430201E0
9.385954180E0,-7.567009926E-1,-5.091251850E0,-1.800012827E0,5.452842192E0
9.390979753E0,-4.825606346E-1,-5.019734383E0,-8.644288778E-1,5.116427985E0
9.396005326E0,-2.816772461E-1,-4.368222713E0,1.881160736E-1,4.381335345E0
9.401030899E0,-8.270740509E-2,-3.382391453E0,1.098917723E0,3.557391266E0
9.406056472E0,3.575601578E-1,-2.422696114E0,1.786841631E0,3.031519213E0
9.411082045E0,1.200492859E0,-1.701236248E0,2.256892681E0,3.070659937E0
9.416107618E0,2.363192558E0,-1.296137810E0,2.403920174E0,3.611576455E0
9.421133191E0,3.691147804E0,-1.213592529E0,2.222971439E0,4.476492037E0
9.426158764E0,5.116100311E0,-1.454948425E0,1.728445530E0,5.592752566E0
9.431184337E0,6.651166916E0,-1.940184593E0,1.059611678E0,7.008931053E0
9.436209910E0,8.041775703E0,-2.541298866E0,4.750333428E-1,8.447130464E0
9.441235483E0,9.191863060E0,-3.168134212E0,-3.063131869E-2,9.722569577E0
9.446261055E0,1.018748379E1,-3.868929863E0,-4.815639555E-1,1.090804052E1
9.451286628E0,1.111010265E1,-4.586221695E0,-8.012209535E-1,1.204615148E1
9.456312201E0,1.187856865E1,-5.238611698E0,-9.178439975E-1,1.301483320E1
9.461337774E0,1.236919022E1,-5.792046070E0,-7.457060218E-1,1.367847732E1
9.466363347E0,1.252575302E1,-6.278905869E0,-2.096492350E-1,1.401296187E1
9.471388920E0,1.250778103E1,-6.692487717E0,5.304450393E-1,1.419561024E1
9.476414493E0,1.235501575E1,-6.896913052E0,1.462530375E0,1.422507712E1
9.481440066E0,1.200176907E1,-6.766180992E0,2.502532959E0,1.400308313E1
9.486465639E0,1.156396675E1,-6.284684658E0,3.508891821E0,1.362112000E1
9.491491212E0,1.104203415E1,-5.495121956E0,4.345011711E0,1.307677369E1
9.496516785E0,1.057464600E1,-4.512691975E0,4.785019875E0,1.245327033E1
9.501542358E0,1.037155914E1,-3.506011963E0,4.882174015E0,1.198736760E1
9.506567930E0,1.035502625E1,-2.534106255E0,4.608996391E0,1.161426325E1
9.511593503E0,1.033254433E1,-1.761345387E0,4.004924774E0,1.122066096E1
9.516619076E0,1.024580574E1,-1.256248951E0,3.209604263E0,1.081000723E1
9.521644649E0,1.011800289E1,-9.484391212E-1,2.362488031E0,1.043335368E1
9.526670222E0,9.924571037E0,-8.249297142E-1,1.497866273E0,1.007081043E1
9.531695795E0,9.473874092E0,-8.054246902E-1,7.358576059E-1,9.536481828E0
9.536721368E0,8.627980232E0,-8.657307625E-1,1.243309230E-1,8.672196424E0
9.541746941E0,7.440741539E0,-9.285941124E-1,-2.842859626E-1,7.503848358E0
9.546772514E0,5.952021599E0,-9.208893776E-1,-5.425765514E-1,6.047229752E0
9.551798087E0,4.297328949E0,-7.693243027E-1,-7.689531446E-1,4.432852909E0
9.556823660E0,2.673868179E0,-4.679288864E-1,-1.018669248E0,2.899347430E0
9.561849233E0,1.077612877E0,-2.026939392E-2,-1.198748827E0,1.612035704E0
9.566874805E0,-5.050907135E-1,5.701646805E-1,-1.293289423E0,1.500933684E0
9.571900378E0,-2.040139675E0,1.213869095E0,-1.406131268E0,2.759139941E0
9.576925951E0,-3.479358673E0,1.840462923E0,-1.645318031E0,4.266182365E0
9.581951524E0,-4.775040150E0,2.431742668E0,-2.013382912E0,5.724342022E0
9.586977097E0,-5.846365929E0,3.012188911E0,-2.455360413E0,7.020119042E0
9.592002670E0,-6.636742592E0,3.581901312E0,-2.893018723E0,8.077495068E0
9.597028243E0,-7.233210564E0,4.102326393E0,-3.220325232E0,8.917337691E0
9.602053816E0,-7.732247353E0,4.592119217E0,-3.528130531E0,9.660378516E0
9.607079389E0,-8.196620941E0,5.002942085E0,-3.811977863E0,1.033175685E1
9.612104962E0,-8.664953232E0,5.339372635E0,-4.019516945E0,1.094288952E1
9.617130535E0,-9.099182129E0,5.567770004E0,-4.117915630E0,1.143470189E1
9.622156108E0,-9.575781822E0,5.764926910E0,-3.988668680E0,1.186758011E1
9.627181680E0,-1.011827946E1,5.983799934E0,-3.657660961E0,1.231113011E1
9.632207253E0,-1.067832565E1,6.258296490E0,-3.236891747E0,1.279337258E1
9.637232826E0,-1.109290123E1,6.497961044E0,-2.813923597E0,1.316032376E1
9.642258399E0,-1.134769154E1,6.736426830E0,-2.403907537E0,1.341373628E1
9.647283972E0,-1.152418232E1,6.997447968E0,-2.074451208E0,1.364090921E1
9.652309545E0,-1.163696289E1,7.232831001E0,-1.849553466E0,1.382583081E1
9.657335118E0,-1.167194843E1,7.461359978E0,-1.781690478E0,1.396712905E1
9.662360691E0,-1.160081291E1,7.639609337E0,-1.879807830E0,1.401699570E1
9.667386264E0,-1.139037895E1,7.729167938E0,-2.181641579E0,1.393701294E1
9.672411837E0,-1.109842968E1,7.772865295E0,-2.552694798E0,1.378799576E1
9.677437410E0,-1.080675125E1,7.784564972E0,-2.939549208E0,1.363914491E1
9.682462983E0,-1.041505718E1,7.730823517E0,-3.279362679E0,1.337883657E1
9.687488555E0,-9.971375465E0,7.573452950E0,-3.586196899E0,1.302483499E1
9.692514128E0,-9.471077919E0,7.383950233E0,-3.841286182E0,1.260870800E1
9.697539701E0,-8.909666061E0,7.171309471E0,-4.054460049E0,1.213459827E1
9.702565274E0,-8.449996948E0,6.968497276E0,-4.206834316E0,1.173285377E1
9.707590847E0,-8.149457932E0,6.818140984E0,-4.217332840E0,1.143182432E1
9.712616420E0,-7.950459003E0,6.720093727E0,-4.205798626E0,1.122756430E1
9.717641993E0,-7.795529842E0,6.650369644E0,-4.128897667E0,1.104742042E1
9.722667566E0,-7.722822666E0,6.575556755E0,-3.862293243E0,1.085344395E1
9.727693139E0,-7.693963528E0,6.466922760E0,-3.449262619E0,1.062617416E1
9.732718712E0,-7.641864300E0,6.324454308E0,-2.909526348E0,1.033741534E1
9.737744285E0,-7.566507816E0,6.148061752E0,-2.234090090E0,1.000209290E1
9.742769858E0,-7.510875702E0,5.913621902E0,-1.519740462E0,9.679555201E0
9.747795430E0,-7.450976372E0,5.673470974E0,-8.680515289E-1,9.405255724E0
9.752820951E0,-7.420127869E0,5.451539993E0,-3.324866295E-1,9.213475633E0
9.757846472E0,-7.465968132E0,5.281398773E0,1.246825457E-1,9.146004531E0
9.762871993E0,-7.554703236E0,5.091563702E0,5.315895081E-1,9.125795818E0
9.767897514E0,-7.623836994E0,4.805985451E0,9.210780859E-1,9.059181614E0
9.772923035E0,-7.625442982E0,4.477656841E0,1.221153617E0,8.926813968E0
9.777948555E0,-7.530938148E0,4.130581856E0,1.389018416E0,8.700925699E0
9.782974076E0,-7.287760735E0,3.669615507E0,1.415943027E0,8.281450908E0
9.787999597E0,-6.781258106E0,3.052293539E0,1.307589889E0,7.550612470E0
9.793025118E0,-6.002247810E0,2.317276716E0,1.084131241E0,6.524729167E0
9.798050639E0,-4.946369171E0,1.541148424E0,8.081974983E-1,5.243556964E0
9.803076160E0,-3.771949291E0,6.134781837E-1,4.891693592E-1,3.852693032E0
9.808101680E0,-2.484109879E0,-4.420685768E-1,5.067551136E-2,2.523647068E0
9.813127201E0,-1.107229233E0,-1.754706383E0,-4.767840505E-1,2.128913830E0
9.818152722E0,3.534936905E-1,-3.262051821E0,-8.328225613E-1,3.385193242E0
9.823178243E0,1.783284187E0,-4.867662430E0,-8.969932795E-1,5.261068044E0
9.828203764E0,3.364411354E0,-6.775720596E0,-1.027714133E0,7.634516992E0
9.833229285E0,5.585155487E0,-9.313661575E0,-1.543091536E0,1.096901934E1
9.838254805E0,8.306467056E0,-1.241654015E1,-2.428934574E0,1.513497893E1
9.843280326E0,1.102107143E1,-1.548936081E1,-3.321705103E0,1.929813563E1
9.848305847E0,1.313636303E1,-1.772371674E1,-3.464378834E0,2.233150441E1
9.853331368E0,1.456742859E1,-1.865785789E1,-2.531175137E0,2.380614384E1
9.858356889E0,1.531521416E1,-1.805160522E1,-1.012194395E0,2.369474147E1
9.863382410E0,1.492639446E1,-1.599429417E1,8.080451488E-1,2.189218204E1
9.868407930E0,1.375164890E1,-1.305261898E1,2.315325737E0,1.910077075E1
9.873433451E0,1.266192818E1,-9.984162331E0,2.909489393E0,1.638514727E1
9.878458972E0,1.198579597E1,-7.307793140E0,2.399023056E0,1.424143453E1
9.883484493E0,1.175916767E1,-5.265627861E0,1.164420247E0,1.293679773E1
9.888510014E0,1.196073627E1,-3.994326353E0,-1.069923416E-1,1.261052349E1
9.893535535E0,1.231141949E1,-3.409540176E0,-8.593106270E-1,1.280368809E1
9.898561055E0,1.264279652E1,-3.416296959E0,-1.196937442E0,1.315081929E1
9.903586628E0,1.293484211E1,-3.814129829E0,-1.490817070E0,1.356761815E1
9.908612201E0,1.288082218E1,-4.263652325E0,-1.815716386E0,1.368908825E1
9.913637774E0,1.219862556E1,-4.597740173E0,-1.947255492E0,1.318095157E1
9.918663347E0,1.084641552E1,-4.782072067E0,-1.885046482E0,1.200276398E1
9.923688920E0,9.046069145E0,-4.814765930E0,-1.551696658E0,1.036441510E1
9.928714493E0,6.981367111E0,-4.764762878E0,-1.061874628E0,8.518804479E0
9.933740066E0,4.850308418E0,-4.882354736E0,-6.979264021E-1,6.917368053E0
9.938765639E0,2.621218681E0,-5.034569740E0,-4.590338767E-1,5.694593220E0
9.943791212E0,2.865047455E-1,-5.088135719E0,-2.908581495E-1,5.104489057E0
9.948816785E0,-1.917521477E0,-4.890545845E0,-2.536452711E-1,5.259150426E0
9.953842358E0,-3.764718056E0,-4.390430450E0,-2.443744689E-1,5.788670008E0
9.958867930E0,-5.182734966E0,-3.623560429E0,-2.607104182E-1,6.329210206E0
9.963893503E0,-6.104735374E0,-2.713357925E0,-2.624396384E-1,6.685729563E0
9.968919076E0,-6.579361916E0,-1.717825890E0,-2.907843590E-1,6.806135801E0
9.973944649E0,-6.517073631E0,-7.060468197E-1,-3.340780437E-1,6.563715333E0
9.978970222E0,-6.053513527E0,3.335359097E-1,-2.658709288E-1,6.068522026E0
9.983995795E0,-5.324453831E0,1.378196001E0,-5.195552111E-2,5.500175651E0
9.989021368E0,-4.523019791E0,2.452677250E0,2.114385962E-1,5.149566972E0
9.994046941E0,-3.904239655E0,3.467052460E0,3.088282645E-1,5.230575010E0
9.999072514E0,-3.584130287E0,4.446398258E0,3.216941953E-1,5.720134137E0
1.000409809E1,-3.673537254E0,5.335167885E0,2.503167391E-1,6.482403165E0
1.000912366E1,-4.239742756E0,6.045502663E0,-7.656604052E-2,7.384401360E0
1.001414923E1,-5.258508205E0,6.510352135E0,-5.856266022E-1,8.389252171E0
1.001917480E1,-6.509051323E0,6.692744255E0,-1.088766575E0,9.399254622E0
1.002420038E1,-7.765643120E0,6.609447479E0,-1.455943584E0,1.030096019E1
1.002922595E1,-8.869659424E0,6.349284649E0,-1.600578547E0,1.102479594E1
1.003425152E1,-9.868254662E0,6.025079727E0,-1.469902039E0,1.165524122E1
1.003927710E1,-1.082273865E1,5.744933605E0,-9.882118106E-1,1.229278229E1
1.004430267E1,-1.148357677E1,5.554356098E0,-3.193697333E-1,1.276030580E1
1.004932824E1,-1.164011955E1,5.493217468E0,3.969935179E-1,1.287732213E1
1.005435382E1,-1.131672764E1,5.480541706E0,1.026021719E0,1.261575929E1
1.005937939E1,-1.052845383E1,5.511019707E0,1.542820334E0,1.198332061E1
1.006440496E1,-9.266545296E0,5.521392822E0,1.879117727E0,1.094923394E1
1.006943054E1,-7.455395699E0,5.275784492E0,1.851417899E0,9.319043689E0
1.007445611E1,-5.301838875E0,4.743865490E0,1.310568571E0,7.234040726E0
1.007948168E1,-3.122495174E0,3.952936649E0,4.769736528E-1,5.059959302E0
1.008450725E1,-1.109030247E0,2.868775368E0,-4.673201442E-1,3.110981889E0
1.008953283E1,6.812982559E-1,1.563226223E0,-1.459876418E0,2.244790122E0
1.009455840E1,2.363761902E0,-2.470517159E-2,-2.552440643E0,3.478927121E0
1.009958397E1,4.550920486E0,-2.217991590E0,-3.981408596E0,6.440650462E0
1.010460954E1,7.452415466E0,-5.128847122E0,-5.822227478E0,1.075834104E1
1.010963512E1,1.012502003E1,-8.310212135E0,-7.457541943E0,1.507284273E1
1.011466069E1,1.143149090E1,-1.092240429E1,-8.250752449E0,1.783403531E1
1.011968626E1,1.144181824E1,-1.230750275E1,-8.065416336E0,1.863976312E1
1.012471184E1,1.115364933E1,-1.239177799E1,-7.309329033E0,1.820402005E1
1.012973741E1,1.103668213E1,-1.130913162E1,-6.087263107E0,1.693397716E1
1.013476298E1,1.109046555E1,-9.536005974E0,-4.599627018E0,1.533265811E1
1.013978856E1,1.146713734E1,-7.430659294E0,-2.971276283E0,1.398350525E1
1.014481413E1,1.265330410E1,-5.524021149E0,-1.406158805E0,1.387797524E1
1.014983970E1,1.466605568E1,-4.614750385E0,-2.152960896E-1,1.537645807E1
1.015486527E1,1.664714241E1,-4.806575775E0,6.207517982E-1,1.733827713E1
1.015989085E1,1.798840904E1,-5.618073463E0,1.636758327E0,1.891625193E1
1.016491642E1,1.861870956E1,-6.599756241E0,2.895932198E0,1.996495809E1
1.016994199E1,1.836207771E1,-7.454277039E0,4.332646847E0,2.028556070E1
1.017496757E1,1.737779617E1,-7.955474854E0,6.098640442E0,2.006167479E1
1.017999314E1,1.598782063E1,-7.924901485E0,8.069918633E0,1.958412772E1
1.018501871E1,1.438004398E1,-7.437834263E0,9.737885475E0,1.889268263E1
1.019004428E1,1.279928875E1,-6.580050468E0,1.065181065E1,1.790474593E1
1.019506986E1,1.128872871E1,-5.567711830E0,1.068501663E1,1.651073564E1
1.020009543E1,9.776159286E0,-4.641748428E0,9.893439293E0,1.466285306E1
1.020512100E1,8.265642166E0,-3.813574314E0,8.437749863E0,1.241208331E1
1.021014658E1,6.823023796E0,-3.051687956E0,6.526377678E0,9.922704203E0
1.021517215E1,5.317986488E0,-2.452995300E0,4.347808838E0,7.293943236E0
1.022019772E1,3.807140350E0,-2.069966316E0,2.061024904E0,4.798635416E0
1.022522330E1,2.289964676E0,-1.820125341E0,-1.574702263E-1,2.929435329E0
1.023024887E1,6.324605942E-1,-1.495889902E0,-2.300306082E0,2.815865954E0
1.023527444E1,-1.270151615E0,-1.018448353E0,-4.480719090E0,4.767322701E0
1.024030001E1,-3.197003365E0,-3.754136562E-1,-6.601844788E0,7.344802280E0
1.024532559E1,-4.826762199E0,3.123757839E-1,-8.418920517E0,9.709450789E0
1.025035116E1,-5.972412109E0,9.331319332E-1,-9.669414520E0,1.140342136E1
1.025537673E1,-6.676819801E0,1.532154441E0,-1.025445271E1,1.233212148E1
1.026040231E1,-7.045150757E0,2.077081203E0,-1.031975555E1,1.266671900E1
1.026542788E1,-7.077252388E0,2.515563011E0,-9.911666870E0,1.243610465E1
1.027045345E1,-6.691673279E0,2.785044193E0,-9.120862961E0,1.165011174E1
1.027547902E1,-5.931610107E0,2.932193995E0,-8.206092834E0,1.054142873E1
1.028050460E1,-5.189679146E0,3.160782337E0,-7.296313763E0,9.495236129E0
1.028553017E1,-4.743366241E0,3.559326649E0,-6.382024765E0,8.711978512E0
1.029055574E1,-4.645153522E0,4.006055832E0,-5.663474083E0,8.348704885E0
1.029558132E1,-4.861658096E0,4.408197880E0,-4.860109329E0,8.166308265E0
1.030060689E1,-5.464722157E0,4.802794456E0,-3.953326225E0,8.280024824E0
1.030563246E1,-6.396748066E0,5.175209045E0,-3.224707603E0,8.837415550E0
1.031065804E1,-7.523307323E0,5.497583389E0,-2.807051420E0,9.731552491E0
1.031568361E1,-8.700258255E0,5.623311043E0,-2.809350014E0,1.073352544E1
1.032070918E1,-9.893645287E0,5.673724174E0,-3.067767620E0,1.181044289E1
1.032573475E1,-1.108431435E1,5.845617771E0,-3.254779100E0,1.294707916E1
1.033076033E1,-1.200448322E1,6.139485359E0,-3.248542309E0,1.386917175E1
1.033578590E1,-1.271191025E1,6.498315811E0,-3.219424725E0,1.463507657E1
1.034081147E1,-1.336487198E1,6.907760143E0,-3.251489639E0,1.539185298E1
1.034583705E1,-1.381073666E1,7.324402809E0,-3.380790949E0,1.599415740E1
1.035086262E1,-1.390656281E1,7.666813374E0,-3.533448219E0,1.626830577E1
1.035588819E1,-1.376780510E1,7.896316528E0,-3.541393757E0,1.626178778E1
1.036091376E1,-1.351440716E1,7.979120731E0,-3.496133327E0,1.607882199E1
1.036593934E1,-1.311331558E1,7.876276493E0,-3.244636536E0,1.563721341E1
1.037096491E1,-1.267016029E1,7.759466171E0,-2.557485104E0,1.507590817E1
1.037599048E1,-1.235258102E1,7.757113457E0,-1.421011448E0,1.465531783E1
1.038101606E1,-1.203113556E1,7.773485661E0,-3.772230148E-1,1.432890782E1
1.038604163E1,-1.166250038E1,7.703875542E0,3.341003060E-1,1.398124589E1
1.039106720E1,-1.127982616E1,7.601966858E0,9.044506550E-1,1.363240292E1
1.039609277E1,-1.082531738E1,7.621689796E0,1.395268917E0,1.331256651E1
1.040111835E1,-1.012655926E1,7.715433121E0,1.680456042E0,1.284130224E1
1.040614392E1,-9.241199493E0,7.830146790E0,1.586505651E0,1.221588994E1
1.041116949E1,-8.308362007E0,7.888557434E0,1.256781578E0,1.152552461E1
1.041619507E1,-7.419270515E0,7.880305290E0,8.396697640E-1,1.085586624E1
1.042122064E1,-6.665081978E0,7.924101830E0,5.504525900E-1,1.036907448E1
1.042624621E1,-5.988413334E0,8.019494057E0,5.421878099E-1,1.002334010E1
1.043127178E1,-5.341523170E0,8.103927612E0,8.198444843E-1,9.740516285E0
1.043629736E1,-4.734225750E0,8.124300957E0,1.211929560E0,9.480819202E0
1.044132293E1,-4.008807659E0,8.008728981E0,1.623451948E0,9.101970939E0
1.044634850E1,-3.222885132E0,7.728360176E0,2.039260149E0,8.618185513E0
1.045137408E1,-2.505784988E0,7.440887451E0,2.468692780E0,8.230444004E0
1.045639965E1,-1.819212437E0,7.174946785E0,2.897521019E0,7.948900761E0
1.046142522E1,-1.048250675E0,6.844652176E0,3.143562317E0,7.604608927E0
1.046645080E1,-6.556510925E-3,6.177340984E0,3.001365423E0,6.867880243E0
1.047147637E1,1.377140045E0,5.039364815E0,2.639804840E0,5.853228343E0
1.047650194E1,2.810729027E0,3.603639841E0,2.461229324E0,5.190767530E0
1.048152751E1,4.093722343E0,2.005446434E0,2.569594860E0,5.232895544E0
1.048655309E1,5.317756653E0,2.368385792E-1,2.891760111E0,6.057797031E0
1.049157866E1,6.789677620E0,-1.939201355E0,3.140646935E0,7.728123139E0
1.049660423E1,9.222516060E0,-5.002812862E0,2.750258446E0,1.084651375E1
1.050162980E1,1.258219337E1,-9.223335266E0,1.502609015E0,1.567288542E1
1.050665538E1,1.604132080E1,-1.412276649E1,2.608296275E-2,2.137234631E1
1.051168095E1,1.854939842E1,-1.855344391E1,-6.438614130E-1,2.624357103E1
1.051670652E1,1.996650696E1,-2.134465218E1,-1.462973952E-1,2.922801703E1
1.052173204E1,2.060691452E1,-2.177337456E1,1.322631359E0,3.000790095E1
1.052675757E1,2.056816864E1,-1.982357407E1,3.289057732E0,2.875485265E1
1.053178309E1,2.018531799E1,-1.607086563E1,5.022853374E0,2.628590574E1
1.053680861E1,2.058092308E1,-1.200105286E1,5.880059242E0,2.453924940E1
1.054183413E1,2.180884743E1,-8.678530693E0,5.922603130E0,2.420784891E1
1.054685965E1,2.328619003E1,-6.655138016E0,5.645038128E0,2.486772936E1
1.055188517E1,2.487035561E1,-5.783396244E0,5.141241074E0,2.604639361E1
1.055691069E1,2.644727707E1,-5.466054916E0,4.389373302E0,2.736060706E1
1.056193621E1,2.754401016E1,-5.178261757E0,3.439991474E0,2.823686300E1
1.056696173E1,2.748284912E1,-4.849120140E0,2.500896215E0,2.801919777E1
1.057198725E1,2.597060204E1,-4.821675777E0,1.811847687E0,2.647647105E1
1.057701277E1,2.313716507E1,-5.377696037E0,1.634793878E0,2.381009393E1
1.058203830E1,1.940611839E1,-6.502965450E0,2.087100267E0,2.057284565E1
1.058706382E1,1.505875206E1,-7.859922886E0,2.961643696E0,1.724284590E1
1.059208934E1,1.032950115E1,-8.937082291E0,3.910099506E0,1.420770608E1
1.059711486E1,5.457689285E0,-9.366559982E0,4.715833664E0,1.182192477E1
1.060214038E1,7.733335495E-1,-9.086881638E0,5.212097168E0,1.050406681E1
1.060716590E1,-3.250747204E0,-8.219209671E0,5.306128502E0,1.030911076E1
1.061219142E1,-6.186249256E0,-6.896324158E0,5.093373775E0,1.057220049E1
1.061721694E1,-7.726190567E0,-5.292053699E0,4.564683437E0,1.041807026E1
1.062224246E1,-7.953064442E0,-3.665387154E0,3.711252928E0,9.511030191E0
1.062726798E1,-7.237605095E0,-2.134793282E0,2.643891335E0,7.995650771E0
1.063229350E1,-5.951133251E0,-6.436271667E-1,1.663636804E0,6.212723261E0
1.063731902E1,-4.522547722E0,8.687858582E-1,8.445048332E-1,4.682031095E0
1.064234454E1,-3.189252377E0,2.420021057E0,2.442699075E-1,4.010922640E0
1.064737007E1,-2.030685902E0,4.032621861E0,-7.092308998E-2,4.515612294E0
1.065239559E1,-1.169090748E0,5.576572418E0,-1.308615208E-1,5.699303278E0
1.065742111E1,-7.258644104E-1,6.885203362E0,-2.738052607E-2,6.923413476E0
1.066244663E1,-7.257080078E-1,7.764951229E0,9.105896950E-2,7.799321217E0
1.066747215E1,-1.120495319E0,8.143903732E0,1.964515448E-1,8.222972149E0
1.067249767E1,-1.842270851E0,8.138065338E0,3.665093780E-1,8.352029601E0
1.067752324E1,-2.707756042E0,7.874145508E0,5.778816938E-1,8.346739334E0
1.068254882E1,-3.658025742E0,7.369285583E0,7.295253277E-1,8.259523566E0
1.068757439E1,-4.624608994E0,6.736523628E0,6.911219954E-1,8.200329783E0
1.069259996E1,-5.567854881E0,6.017012596E0,4.760912955E-1,8.211705760E0
1.069762554E1,-6.534441948E0,5.342351437E0,1.897719800E-1,8.442491566E0
1.070265111E1,-7.566142082E0,4.925600529E0,-9.054195881E-2,9.028634693E0
1.070767668E1,-8.436977386E0,4.663959026E0,-4.889273643E-1,9.652675856E0
1.071270225E1,-9.050923347E0,4.429753780E0,-1.047995329E0,1.013115128E1
1.071772783E1,-9.489361763E0,4.233455181E0,-1.638072491E0,1.051919250E1
1.072275340E1,-9.762090683E0,4.075345993E0,-2.072053432E0,1.077962267E1
1.072777897E1,-9.893295288E0,3.955582619E0,-2.272972584E0,1.089450916E1
1.073280454E1,-9.844944954E0,3.821779013E0,-2.255335331E0,1.079886445E1
1.073783012E1,-9.526532173E0,3.702666759E0,-2.077129126E0,1.042971820E1
1.074285569E1,-8.972234726E0,3.631027460E0,-1.863471270E0,9.856869765E0
1.074788126E1,-8.307180405E0,3.615232944E0,-1.643649936E0,9.207645770E0
1.075290684E1,-7.680248260E0,3.587016582E0,-1.423011065E0,8.595223196E0
1.075793241E1,-7.144304276E0,3.488196611E0,-1.211947203E0,8.042227005E0
1.076295798E1,-6.603902817E0,3.241433144E0,-9.872737527E-1,7.422474702E0
1.076798356E1,-6.030568123E0,2.941890478E0,-6.632514596E-1,6.742579178E0
1.077300913E1,-5.606252670E0,2.670312405E0,-2.263228595E-1,6.213844171E0
1.077803470E1,-5.412065029E0,2.440874338E0,1.740030199E-1,5.939578475E0
1.078306027E1,-5.342433453E0,2.248793602E0,6.231733561E-1,5.829838153E0
1.078808585E1,-5.396981716E0,2.065812588E0,1.187428117E0,5.899574461E0
1.079311142E1,-5.723505020E0,1.916581392E0,1.870524406E0,6.319070779E0
1.079813699E1,-6.278295040E0,1.854533195E0,2.442646027E0,6.987331507E0
1.080316257E1,-6.878982544E0,1.890311122E0,2.852805376E0,7.683239908E0
1.080818814E1,-7.372269154E0,2.010442019E0,3.232649088E0,8.297122978E0
1.081321371E1,-7.586161613E0,2.258224726E0,3.632440567E0,8.708849029E0
1.081823928E1,-7.463909626E0,2.699972868E0,4.092098713E0,8.930009646E0
1.082326486E1,-7.164203644E0,3.214725971E0,4.535967827E0,9.068367055E0
1.082829043E1,-6.764342308E0,3.652446270E0,4.777987480E0,9.051290238E0
1.083331600E1,-6.336877346E0,3.958324909E0,4.766177654E0,8.862324752E0
1.083834158E1,-6.016410828E0,4.125573158E0,4.487390041E0,8.564707964E0
1.084336715E1,-5.956276894E0,4.272535324E0,3.971679449E0,8.337027658E0
1.084839272E1,-6.218451500E0,4.379612923E0,3.329850912E0,8.302894405E0
1.085341830E1,-6.692377090E0,4.437615395E0,2.619299412E0,8.446364361E0
1.085844387E1,-7.267423153E0,4.500210762E0,1.916117668E0,8.760070953E0
1.086346944E1,-7.914367676E0,4.611608982E0,1.325021505E0,9.255259861E0
1.086849501E1,-8.642289162E0,4.739417076E0,9.264571071E-1,9.899977725E0
1.087352059E1,-9.292816162E0,4.813317299E0,8.196938038E-1,1.049744510E1
1.087854616E1,-9.918165207E0,4.796616077E0,9.355590940E-1,1.105679871E1
1.088357173E1,-1.057055378E1,4.781695366E0,1.114013672E0,1.165513810E1
1.088859731E1,-1.097231865E1,4.721981049E0,1.349440575E0,1.202122587E1
1.089362288E1,-1.089887905E1,4.508246899E0,1.832164168E0,1.193594069E1
1.089864845E1,-1.070946121E1,4.173985481E0,2.444797039E0,1.175124448E1
1.090367402E1,-1.063857746E1,3.852770329E0,3.137416840E0,1.174165891E1
1.090869960E1,-1.055699062E1,3.549283504E0,3.871042728E0,1.179120164E1
1.091372517E1,-1.030215645E1,3.258772373E0,4.612182617E0,1.174845749E1
1.091875074E1,-9.783455849E0,2.947856903E0,5.351451874E0,1.153446600E1
1.092377632E1,-8.872259140E0,2.510738373E0,5.850500584E0,1.092012575E1
1.092880189E1,-7.732044220E0,1.936549664E0,5.714908123E0,9.807900248E0
1.093382746E1,-6.750846863E0,1.276830196E0,5.593645096E0,8.859632846E0
1.093885304E1,-6.143974304E0,3.546125889E-1,5.494781494E0,8.250260239E0
1.094387861E1,-5.246476650E0,-8.244405985E-1,5.613315105E0,7.727517455E0
1.094890418E1,-3.853274345E0,-2.021245718E0,6.065138817E0,7.464520500E0
1.095392975E1,-2.443348408E0,-3.211566448E0,6.784460068E0,7.893858936E0
1.095895533E1,-9.785108566E-1,-4.403634548E0,7.687269688E0,8.913113709E0
1.096398090E1,7.757301331E-1,-6.034965992E0,8.296260834E0,1.028836797E1
1.096900647E1,2.470599174E0,-8.382542610E0,8.218085289E0,1.199615800E1
1.097403205E1,4.547013283E0,-1.124333286E1,7.155611038E0,1.408157069E1
1.097905762E1,7.516959190E0,-1.396506119E1,5.718677521E0,1.685914832E1
1.098408319E1,1.116959190E1,-1.585010147E1,4.661843300E0,1.994287549E1
1.098910876E1,1.533751297E1,-1.659158134E1,4.012187004E0,2.294814851E1
1.099413434E1,1.960015297E1,-1.608751869E1,3.780452967E0,2.563720107E1
1.099915991E1,2.369501114E1,-1.445576763E1,4.275349140E0,2.808382775E1
1.100418548E1,2.781342697E1,-1.225790977E1,5.777080536E0,3.093893553E1
1.100921106E1,3.179130936E1,-1.026743412E1,7.943931103E0,3.433967961E1
1.101423663E1,3.468913651E1,-8.671319008E0,1.010979271E1,3.715825445E1
1.101926220E1,3.633379364E1,-7.628462791E0,1.197924519E1,3.901077185E1
1.102428777E1,3.624182892E1,-7.233052731E0,1.310046959E1,3.920981406E1
1.102931335E1,3.457109451E1,-7.190585136E0,1.360782719E1,3.784227862E1
1.103433892E1,3.211604309E1,-7.500824928E0,1.371955490E1,3.572014537E1
1.103936449E1,2.878218079E1,-8.241178513E0,1.352682686E1,3.285279286E1
1.104439007E1,2.497366714E1,-9.142473221E0,1.350754738E1,2.982821992E1
1.104941564E1,2.109938049E1,-9.930273056E0,1.383756256E1,2.711590525E1
1.105444121E1,1.748151016E1,-1.046006203E1,1.440950012E1,2.495295151E1
1.105946679E1,1.431734657E1,-1.087531853E1,1.493045902E1,2.337044228E1
1.106449236E1,1.170795536E1,-1.136854267E1,1.530048561E1,2.237017749E1
1.106951793E1,9.591326714E0,-1.196551800E1,1.561615658E1,2.188678860E1
1.107454350E1,7.909929276E0,-1.252550125E1,1.594467545E1,2.176437083E1
1.107956908E1,6.668181419E0,-1.302805710E1,1.618424225E1,2.182027984E1
1.108459465E1,5.769708633E0,-1.339212894E1,1.620253181E1,2.179818095E1
1.108962022E1,4.912492752E0,-1.365222359E1,1.594759941E1,2.156018833E1
1.109464580E1,3.895341873E0,-1.382371902E1,1.535282230E1,2.102327398E1
1.109967137E1,2.766109467E0,-1.388313103E1,1.447642708E1,2.024745983E1
1.110469694E1,1.515265465E0,-1.376832008E1,1.339143276E1,1.926637326E1
1.110972251E1,2.529191971E-1,-1.342153740E1,1.218059826E1,1.812646155E1
1.111474809E1,-8.966569901E-1,-1.286188030E1,1.078826237E1,1.681126300E1
1.111977366E1,-1.909728527E0,-1.223259258E1,9.201663971E0,1.542575782E1
1.112479923E1,-2.705120087E0,-1.169093037E1,7.508168697E0,1.415514481E1
1.112982480E1,-3.239970684E0,-1.127938461E1,5.780217171E0,1.308177503E1
1.113485038E1,-3.562275887E0,-1.089700699E1,4.137922764E0,1.218839512E1
1.113987595E1,-3.719923496E0,-1.040968323E1,2.730018616E0,1.138649803E1
1.114490152E1,-3.736765385E0,-9.784151077E0,1.685310483E0,1.060817134E1
1.114992710E1,-3.622220039E0,-8.997032166E0,9.688362479E-1,9.747087230E0
1.115495267E1,-3.333200455E0,-8.040155411E0,4.967484176E-1,8.717860018E0
1.115997824E1,-2.917694569E0,-7.015882492E0,2.279617488E-1,7.601810001E0
1.116500382E1,-2.533761024E0,-6.017045021E0,1.067864299E-1,6.529638509E0
1.117002939E1,-2.181572914E0,-5.112387657E0,6.354139745E-2,5.558759344E0
1.117505496E1,-1.875748158E0,-4.308206081E0,8.696435392E-2,4.699641858E0
1.118008054E1,-1.712214947E0,-3.562638760E0,1.661559343E-1,3.956220766E0
1.118510611E1,-1.657655239E0,-2.814424515E0,3.138864040E-1,3.281361138E0
1.119013168E1,-1.597549915E0,-2.069266319E0,5.093834996E-1,2.663362608E0
1.119515725E1,-1.561001301E0,-1.404367447E0,7.223627567E-1,2.220536183E0
1.120018283E1,-1.620164394E0,-8.872840405E-1,9.132310748E-1,2.060630153E0
1.120520840E1,-1.760868549E0,-5.036914349E-1,1.009637833E0,2.091346854E0
1.121023397E1,-1.978376389E0,-1.671903133E-1,1.026160359E0,2.234934187E0
1.121525954E1,-2.196198463E0,1.797800064E-1,1.111221075E0,2.467877797E0
1.122028512E1,-2.452632427E0,5.948736668E-1,1.279249072E0,2.829444944E0
1.122531069E1,-2.761999130E0,1.025646687E0,1.434406877E0,3.276906073E0
1.123033626E1,-3.124316216E0,1.395558596E0,1.514594793E0,3.742049304E0
1.123536184E1,-3.491658688E0,1.690541744E0,1.477429628E0,4.151193815E0
1.124038741E1,-3.859204292E0,1.987322092E0,1.395556092E0,4.559658285E0
1.124541298E1,-4.169532299E0,2.386400938E0,1.308198571E0,4.979085512E0
1.125043856E1,-4.432378292E0,2.844358206E0,1.201779723E0,5.401909424E0
1.125546413E1,-4.657523155E0,3.298569679E0,1.101332188E0,5.812573996E0
1.126048965E1,-4.840416908E0,3.638642788E0,1.007588387E0,6.138777691E0
1.126551517E1,-4.957439423E0,3.845105886E0,8.780815005E-1,6.334987926E0
1.127054069E1,-4.956245899E0,3.927369118E0,6.851171255E-1,6.360659327E0
1.127556621E1,-4.875401497E0,3.942729712E0,5.063990951E-1,6.290556206E0
1.128059173E1,-4.681821823E0,3.905117750E0,3.429922462E-1,6.106311809E0
1.128561725E1,-4.347421169E0,3.756356716E0,5.690075457E-2,5.745739665E0
1.129064277E1,-4.059087276E0,3.434161901E0,-2.177046537E-1,5.321376965E0
1.129566830E1,-3.926788807E0,3.029702663E0,-4.809660912E-1,4.982980729E0
1.130069382E1,-3.816242218E0,2.605772495E0,-7.326757908E-1,4.678735810E0
1.130571934E1,-3.688879967E0,2.158336163E0,-8.431435823E-1,4.356276105E0
1.131074486E1,-3.659142494E0,1.774375439E0,-7.883072495E-1,4.142361683E0
1.131577038E1,-3.621291161E0,1.392535448E0,-6.072697639E-1,3.927044844E0
1.132079590E1,-3.460196495E0,1.023146391E0,-4.491931796E-1,3.636146701E0
1.132582142E1,-3.175884724E0,6.329908371E-1,-3.860454857E-1,3.261280775E0
1.133084694E1,-2.821050644E0,2.079291344E-1,-4.459565282E-1,2.863640775E0
1.133587246E1,-2.386249542E0,-3.141503334E-1,-5.752073526E-1,2.474619326E0
1.134089798E1,-1.828366280E0,-9.326429367E-1,-7.726863623E-1,2.193123415E0
1.134592350E1,-1.128297329E0,-1.589661121E0,-1.099730968E0,2.238188005E0
1.135094902E1,-3.723955154E-1,-2.223091125E0,-1.454963923E0,2.682859032E0
1.135597454E1,3.673429489E-1,-2.728139400E0,-1.814205647E0,3.296820826E0
1.136100007E1,1.095518112E0,-3.124535561E0,-2.258482933E0,4.007945554E0
1.136602559E1,1.768922806E0,-3.441524506E0,-2.734546185E0,4.738240354E0
1.137105111E1,2.382655144E0,-3.693977594E0,-3.112224102E0,5.385949764E0
1.137607663E1,2.955773354E0,-3.834573984E0,-3.266466618E0,5.840407342E0
1.138110215E1,3.143911362E0,-3.658226490E0,-3.058685064E0,5.711598202E0
1.138612767E1,2.962289810E0,-3.317778111E0,-2.260138035E0,4.989091746E0
1.139115319E1,1.948016167E0,-2.726450920E0,-1.298128724E0,3.593527486E0
1.139617871E1,3.163455963E0,-3.179521322E0,-1.109719634E0,4.620420667E0
1.140120423E1,4.911772728E0,-4.032904148E0,-2.059000254E0,6.680517139E0
1.140622975E1,5.866645813E0,-4.662525654E0,-2.193202734E0,7.808125050E0
1.141125527E1,5.899653435E0,-5.213625908E0,-1.393203139E0,7.995550059E0
1.141628080E1,5.414264679E0,-5.570468903E0,-7.330378890E-2,7.768510749E0
1.142130637E1,4.885494232E0,-5.635131359E0,1.701606750E0,7.649720574E0
1.142633194E1,4.385877609E0,-5.625292778E0,3.485286474E0,7.938958562E0
1.143135751E1,3.863160133E0,-5.606091499E0,5.179164410E0,8.554297873E0
1.143638309E1,3.288815498E0,-5.571698666E0,6.725047588E0,9.332009348E0
1.144140866E1,2.639092445E0,-5.516635895E0,8.036650658E0,1.009880361E1
1.144643423E1,1.914364815E0,-5.425575256E0,9.056387901E0,1.072939054E1
1.145145980E1,1.196418762E0,-5.249665737E0,9.741374969E0,1.113035464E1
1.145648538E1,6.148948669E-1,-5.040472031E0,1.011157322E1,1.131496208E1
1.146151095E1,1.461906433E-1,-4.802041054E0,1.015876675E1,1.123750470E1
1.146653652E1,-3.433132172E-1,-4.486129761E0,9.965907097E0,1.093446517E1
1.147156210E1,-9.440784454E-1,-4.130900383E0,9.587469101E0,1.048213651E1
1.147658767E1,-1.560087681E0,-3.712745667E0,9.097496033E0,9.949009399E0
1.148161324E1,-2.076432228E0,-3.284840345E0,8.489176750E0,9.336373428E0
1.148663882E1,-2.474086285E0,-2.909826040E0,7.784831047E0,8.671319678E0
1.149166439E1,-2.767588139E0,-2.611798048E0,7.054536819E0,8.015455251E0
1.149668996E1,-2.909519196E0,-2.295487881E0,6.440266609E0,7.430450899E0
1.150171554E1,-2.924539566E0,-1.952403069E0,5.958798885E0,6.918966221E0
1.150674111E1,-2.890056610E0,-1.646150351E0,5.434887886E0,6.371832116E0
1.151176668E1,-2.878468513E0,-1.396671772E0,4.783954144E0,5.755214181E0
1.151679225E1,-2.899925232E0,-1.233224630E0,4.022220612E0,5.109664176E0
1.152181783E1,-2.931108475E0,-1.122730255E0,3.232866526E0,4.505923445E0
1.152684340E1,-2.919982910E0,-1.084506273E0,2.455858231E0,3.966572034E0
1.153186897E1,-2.876537323E0,-1.103972673E0,1.782974839E0,3.559806443E0
1.153689455E1,-2.815324783E0,-1.152069330E0,1.276234865E0,3.298801723E0
1.154192012E1,-2.793759823E0,-1.266741276E0,8.820215464E-1,3.191816006E0
1.154694569E1,-2.869043350E0,-1.437829971E0,6.423752308E-1,3.272829160E0
1.155197126E1,-3.007380486E0,-1.516450167E0,5.515292883E-1,3.412937598E0
1.155699684E1,-3.194080353E0,-1.516400337E0,6.085454226E-1,3.587749547E0
1.156202241E1,-3.428725719E0,-1.437061548E0,7.882776260E-1,3.800353611E0
1.156704798E1,-3.629546642E0,-1.311347485E0,1.031885624E0,3.994750179E0
1.157207356E1,-3.762845993E0,-1.196493387E0,1.266368270E0,4.146600413E0
1.157709913E1,-3.814069748E0,-1.049141169E0,1.438044190E0,4.209013700E0
1.158212470E1,-3.807058334E0,-8.837125301E-1,1.593826413E0,4.220772871E0
1.158715027E1,-3.765665054E0,-6.906628609E-1,1.766607285E0,4.216414328E0
1.159217585E1,-3.708947659E0,-4.989275932E-1,1.974545836E0,4.231318085E0
1.159720142E1,-3.646339893E0,-3.230617046E-1,2.115941286E0,4.228164023E0
1.160222699E1,-3.596782207E0,-1.630468369E-1,2.237580776E0,4.239126590E0
1.160725257E1,-3.526775837E0,4.810810089E-3,2.343904972E0,4.234626485E0
1.161227814E1,-3.350366116E0,1.992340088E-1,2.501893997E0,4.186182136E0
1.161730371E1,-3.063123703E0,4.864811897E-1,2.788165569E0,4.170522510E0
1.162232929E1,-2.832775116E0,7.938985825E-1,3.211707830E0,4.355451412E0
1.162735486E1,-2.697685242E0,1.111014605E0,3.604018211E0,4.636896201E0
1.163238043E1,-2.600428104E0,1.389447212E0,3.882941246E0,4.875451015E0
1.163740600E1,-2.517262936E0,1.619015336E0,4.019644737E0,5.011523437E0
1.164243158E1,-2.534413815E0,1.780323505E0,4.052687168E0,5.100693918E0
1.164745715E1,-2.632665634E0,1.863898635E0,4.111506939E0,5.225852636E0
1.165248272E1,-2.811877251E0,1.865329027E0,4.172554016E0,5.366219626E0
1.165750830E1,-2.890195847E0,1.809007883E0,4.212806702E0,5.419730792E0
1.166253387E1,-2.829527855E0,1.781399369E0,4.290873528E0,5.439780071E0
1.166755944E1,-2.773654938E0,1.825525880E0,4.355163574E0,5.476600790E0
1.167258501E1,-2.703571320E0,1.840738416E0,4.382377148E0,5.468349409E0
1.167761059E1,-2.499891281E0,1.836435914E0,4.353968620E0,5.345932662E0
1.168263616E1,-2.182113171E0,1.778824568E0,4.280003548E0,5.122915684E0
1.168766173E1,-1.855712891E0,1.701118708E0,4.222535610E0,4.916023003E0
1.169268731E1,-1.535127640E0,1.646075726E0,4.200234413E0,4.765307051E0
1.169771288E1,-1.239614010E0,1.651486635E0,4.183886528E0,4.665721539E0
1.170273845E1,-1.017077923E0,1.702555895E0,4.211250305E0,4.654865541E0
1.170776402E1,-9.009771347E-1,1.784659147E0,4.205406189E0,4.656415927E0
1.171278960E1,-9.294061661E-1,1.826049089E0,4.146968365E0,4.625537560E0
1.171781517E1,-9.825253487E-1,1.783925056E0,4.069169998E0,4.550372418E0
1.172284074E1,-1.050532818E0,1.625320911E0,3.957320690E0,4.405187205E0
1.172786632E1,-1.099612713E0,1.374978065E0,3.806403399E0,4.193854985E0
1.173289189E1,-1.076910496E0,1.076709747E0,3.659571886E0,3.963774273E0
1.173791746E1,-1.020499706E0,7.359759808E-1,3.478518963E0,3.699077516E0
1.174294304E1,-9.302086830E-1,4.011378288E-1,3.315913677E0,3.467201071E0
1.174796861E1,-8.345546722E-1,5.840802193E-2,3.224644184E0,3.331399573E0
1.175299418E1,-6.760044098E-1,-2.534608841E-1,3.195704460E0,3.276240434E0
1.175801975E1,-4.545497894E-1,-5.007324219E-1,3.277358294E0,3.346404915E0
1.176304533E1,-1.128177643E-1,-6.928677559E-1,3.445904970E0,3.516682334E0
1.176807090E1,3.154897690E-1,-8.636088371E-1,3.648713112E0,3.762773098E0
1.177309647E1,8.062648773E-1,-1.037203789E0,3.813778877E0,4.033703519E0
1.177812204E1,1.373531342E0,-1.199822426E0,3.941312313E0,4.342822233E0
1.178314762E1,2.031090736E0,-1.299738884E0,4.146633148E0,4.796792388E0
1.178817319E1,2.663443565E0,-1.338195801E0,4.406198978E0,5.319707611E0
1.179319876E1,3.174342155E0,-1.359572887E0,4.552677155E0,5.714171491E0
1.179822434E1,3.573143959E0,-1.450638771E0,4.452466488E0,5.890345357E0
1.180324991E1,3.807162285E0,-1.678586483E0,4.115815163E0,5.852526950E0
1.180827548E1,3.881428719E0,-1.985680103E0,3.595888615E0,5.651444886E0
1.181330106E1,3.820290565E0,-2.232514381E0,3.022682190E0,5.358670366E0
1.181832663E1,3.710287094E0,-2.351472378E0,2.459360123E0,5.034292888E0
1.182335220E1,3.585354805E0,-2.341827393E0,1.964090109E0,4.711324078E0
1.182837777E1,3.498426437E0,-2.289209366E0,1.551806450E0,4.459548219E0
1.183340335E1,3.440253258E0,-2.212168217E0,1.251585007E0,4.277323430E0
1.183842892E1,3.478089333E0,-2.124575138E0,1.044545770E0,4.207374572E0
1.184345449E1,3.640815735E0,-2.006987572E0,9.735831022E-1,4.269824632E0
1.184848007E1,3.928548813E0,-1.806731224E0,1.032893181E0,4.445744236E0
1.185350564E1,4.250390053E0,-1.519340515E0,1.201846123E0,4.671043278E0
1.185853121E1,4.553766251E0,-1.164332867E0,1.430674195E0,4.913174813E0
1.186355678E1,4.862505913E0,-7.805304527E-1,1.708268404E0,5.212616663E0
1.186858236E1,5.185828209E0,-3.257613182E-1,2.037554741E0,5.581269029E0
1.187360793E1,5.518384933E0,1.700801849E-1,2.349547148E0,6.000155943E0
1.187863350E1,5.845241547E0,6.628875732E-1,2.623064995E0,6.441020000E0
1.188365908E1,6.060381889E0,1.093933344E0,2.803434372E0,6.766399566E0
1.188868465E1,6.172747612E0,1.409545183E0,2.865076780E0,6.949697523E0
1.189371022E1,6.076633453E0,1.661617279E0,2.859085798E0,6.918151322E0
1.189873580E1,5.743176460E0,1.859278679E0,2.851322889E0,6.676154228E0
1.190376137E1,5.177501678E0,2.036380529E0,2.879240513E0,6.264454902E0
1.190878694E1,4.413723946E0,2.188926697E0,2.885045767E0,5.709277382E0
1.191381251E1,3.548233032E0,2.289187431E0,2.735281229E0,5.031113212E0
1.191883809E1,2.701247215E0,2.323794127E0,2.388463020E0,4.289698271E0
1.192386366E1,1.935404778E0,2.365352869E0,1.827534914E0,3.560978757E0
1.192888923E1,1.255658150E0,2.423790216E0,1.217895031E0,2.989097641E0
1.193391480E1,6.237716675E-1,2.542262077E0,7.339800596E-1,2.718623602E0
1.193894038E1,5.889606476E-2,2.629911423E0,2.868166566E-1,2.646160734E0
1.194396595E1,-4.104099274E-1,2.657966137E0,-6.400114298E-2,2.690226095E0
1.194899152E1,-7.844467163E-1,2.712260962E0,-2.161415815E-1,2.831683838E0
1.195401710E1,-1.135376453E0,2.806523800E0,-2.068453431E-1,3.034541238E0
1.195904262E1,-1.506492615E0,2.935458660E0,-3.123602271E-2,3.299608042E0
1.196406814E1,-1.893163681E0,3.007680893E0,2.236907780E-1,3.560933956E0
1.196909366E1,-2.290754795E0,2.946216106E0,4.897489846E-1,3.763987373E0
1.197411918E1,-2.737501144E0,2.798815727E0,7.465176582E-1,3.985545208E0
1.197914470E1,-3.367066860E0,2.603943825E0,1.007134318E0,4.374012142E0
1.198417022E1,-4.145294666E0,2.371902704E0,1.289595366E0,4.946963363E0
1.198919574E1,-5.009288311E0,2.151488781E0,1.583547235E0,5.677102712E0
1.199422126E1,-5.886495590E0,1.853228331E0,1.859910011E0,6.445506251E0
1.199924678E1,-6.742738724E0,1.488295555E0,2.056755066E0,7.204844936E0
1.200427230E1,-7.476943016E0,1.082339525E0,2.236937523E0,7.879087840E0
1.200929783E1,-8.093428612E0,7.470984459E-1,2.468279362E0,8.494359646E0
1.201432335E1,-8.534457207E0,4.935352802E-1,2.660307407E0,8.953087310E0
1.201934887E1,-8.752208710E0,3.127708435E-1,2.736604214E0,9.175401110E0
1.202437439E1,-8.785262108E0,2.288746834E-1,2.717004299E0,9.198658940E0
1.202939991E1,-8.744106293E0,2.031199932E-1,2.621285915E0,9.130815541E0
1.203442543E1,-8.614767075E0,1.441783905E-1,2.474161148E0,8.964177182E0
1.203945095E1,-8.230266571E0,1.823401451E-2,2.286217928E0,8.541920904E0
1.204447647E1,-7.481269836E0,-2.468333244E-1,2.020370007E0,7.753207080E0
1.204950199E1,-6.464319229E0,-6.612350941E-1,1.691853523E0,6.714687133E0
1.205452751E1,-5.395535946E0,-1.096876383E0,1.315833330E0,5.660950741E0
1.205955304E1,-4.294506550E0,-1.564168453E0,8.495801687E-1,4.648784349E0
1.206457856E1,-3.123399258E0,-2.097375154E0,3.176547289E-1,3.775646963E0
1.206960408E1,-1.901753426E0,-2.658796310E0,-1.691293120E-1,3.273296295E0
1.207462960E1,-7.015752792E-1,-3.272703648E0,-5.862980485E-1,3.398020371E0
1.207965512E1,3.384609222E-1,-3.938964367E0,-9.047048092E-1,4.055673418E0
1.208468064E1,1.127999306E0,-4.589819908E0,-1.134183168E0,4.860576168E0
1.208970616E1,1.696608543E0,-5.099889755E0,-1.243028402E0,5.516563756E0
1.209473168E1,2.078784943E0,-5.372201443E0,-1.290825367E0,5.903230074E0
1.209975720E1,2.366358757E0,-5.348200798E0,-1.189253926E0,5.968017296E0
1.210478272E1,2.636610985E0,-5.055741310E0,-1.017877340E0,5.792090465E0
1.210980824E1,3.043043137E0,-4.585219860E0,-9.275029302E-1,5.580736007E0
1.211483376E1,3.695593834E0,-4.056468010E0,-9.584745765E-1,5.570549346E0
1.211985934E1,4.646409988E0,-3.556343079E0,-9.830958843E-1,5.933226727E0
1.212488491E1,5.913881302E0,-3.176955938E0,-8.830598593E-1,6.771029154E0
1.212991048E1,7.425165176E0,-2.963331938E0,-5.107247233E-1,8.010945875E0
1.213493606E1,9.006904602E0,-2.936877966E0,1.960926652E-1,9.475654860E0
1.213996163E1,1.047616673E1,-2.956873655E0,1.214129448E0,1.095295765E1
1.214498720E1,1.164538288E1,-3.002389431E0,2.353479385E0,1.225431148E1
1.215001277E1,1.247550488E1,-3.095305681E0,3.348517418E0,1.328275981E1
1.215503835E1,1.295637798E1,-3.242766142E0,4.144213676E0,1.398419714E1
1.216006392E1,1.307327843E1,-3.413093567E0,4.776605129E0,1.433093762E1
1.216508949E1,1.280225468E1,-3.621690512E0,5.238620281E0,1.429886392E1
1.217011507E1,1.218195152E1,-3.906985283E0,5.527658463E0,1.393626510E1
1.217514064E1,1.123219109E1,-4.345085621E0,5.611215115E0,1.328636973E1
1.218016621E1,1.004960537E1,-4.901520729E0,5.379434586E0,1.240797284E1
1.218519178E1,8.754976273E0,-5.488385201E0,4.875280857E0,1.142542538E1
1.219021736E1,7.335321426E0,-5.993252277E0,4.155181885E0,1.034367197E1
1.219524293E1,5.777791977E0,-6.399042130E0,3.298953295E0,9.231127404E0
1.220026850E1,4.203254700E0,-6.688844681E0,2.209797859E0,8.203121346E0
1.220529408E1,2.612619400E0,-6.779014111E0,9.446543455E-1,7.326198487E0
1.221031965E1,9.492712021E-1,-6.657726288E0,-3.820430636E-1,6.735903209E0
1.221534522E1,-6.617975235E-1,-6.342282772E0,-1.665730000E0,6.590689126E0
1.222037080E1,-2.239261627E0,-5.912134171E0,-2.950652599E0,6.976673552E0
1.222539637E1,-3.715820789E0,-5.379772663E0,-4.228081226E0,7.786266686E0
1.223042194E1,-5.072257519E0,-4.748414040E0,-5.584514618E0,8.914148066E0
1.223544751E1,-6.255969048E0,-4.078991890E0,-6.953586102E0,1.020429729E1
1.224047309E1,-7.257484436E0,-3.470922232E0,-8.350543976E0,1.159525619E1
1.224549866E1,-8.053102493E0,-2.899548054E0,-9.508071899E0,1.279309462E1
1.225052423E1,-8.662175179E0,-2.340443611E0,-1.022144127E1,1.360105940E1
1.225554981E1,-9.003536224E0,-1.798383594E0,-1.039678288E1,1.387050620E1
1.226057538E1,-9.168322563E0,-1.374658465E0,-1.020358086E1,1.378625717E1
1.226560095E1,-9.343330383E0,-1.084767818E0,-9.824452400E0,1.360126497E1
1.227062652E1,-9.571707726E0,-8.006314039E-1,-9.306880951E0,1.337447690E1
1.227565210E1,-9.839271545E0,-4.183437824E-1,-8.597099304E0,1.307273470E1
1.228067767E1,-1.015597630E1,-5.922722816E-2,-7.755382061E0,1.277862721E1
1.228570324E1,-1.052236557E1,1.171606779E-1,-6.918057442E0,1.259338805E1
1.229072882E1,-1.103487206E1,1.477986574E-1,-6.119957924E0,1.261919691E1
1.229575439E1,-1.167520046E1,1.609815359E-1,-5.357097149E0,1.284658362E1
1.230077996E1,-1.236281204E1,2.521833181E-1,-4.664230347E0,1.321581487E1
1.230580554E1,-1.301255226E1,3.878117800E-1,-4.071420670E0,1.364013858E1
1.231083111E1,-1.362535286E1,5.295920372E-1,-3.590348244E0,1.410040101E1
1.231585668E1,-1.413507843E1,6.536653042E-1,-3.223674774E0,1.451274611E1
1.232088225E1,-1.458550739E1,7.410753965E-1,-2.984146118E0,1.490608422E1
1.232590783E1,-1.502007294E1,7.540670633E-1,-2.784672737E0,1.529462685E1
1.233093340E1,-1.536229324E1,7.171367407E-1,-2.467319727E0,1.557568636E1
1.233595897E1,-1.553073788E1,7.933624983E-1,-2.094969273E0,1.569146709E1
1.234098455E1,-1.547260189E1,9.348435402E-1,-1.721445084E0,1.559611217E1
1.234601012E1,-1.516372871E1,1.146308303E0,-1.434153080E0,1.527447172E1
1.235103569E1,-1.457506657E1,1.532793283E0,-1.320844650E0,1.471484459E1
1.235606126E1,-1.381608200E1,2.117934465E0,-1.522559881E0,1.406015494E1
1.236108684E1,-1.284310722E1,2.829587460E0,-2.070242882E0,1.331307154E1
1.236611241E1,-1.181340027E1,3.528343201E0,-2.670285702E0,1.261491409E1
1.237113798E1,-1.088390446E1,4.151765823E0,-3.336293697E0,1.211723530E1
1.237616356E1,-9.910259247E0,4.566143036E0,-4.157701492E0,1.167687382E1
1.238118913E1,-9.135609627E0,4.882190704E0,-4.726795197E0,1.138585711E1
1.238621470E1,-8.391811371E0,5.133722305E0,-5.113887787E0,1.108735546E1
1.239124027E1,-7.755258560E0,5.329802513E0,-5.139691353E0,1.072227855E1
1.239626585E1,-7.254827976E0,5.445698738E0,-4.943927288E0,1.033104935E1
1.240129142E1,-6.991489887E0,5.566445827E0,-4.535083294E0,1.002163811E1
1.240631699E1,-6.989603519E0,5.643538475E0,-4.087751389E0,9.869842719E0
1.241134257E1,-7.149064541E0,5.624228001E0,-3.646649122E0,9.799954808E0
1.241636814E1,-7.183084011E0,5.427446365E0,-3.324386835E0,9.597156755E0
1.242139371E1,-6.977159023E0,5.087154388E0,-3.014456749E0,9.145864492E0
1.242641929E1,-6.732582092E0,4.670543194E0,-2.696834564E0,8.626386962E0
1.243144486E1,-6.636447906E0,4.234675407E0,-2.144456387E0,8.159265274E0
1.243647043E1,-6.645857811E0,3.808303833E0,-1.350823641E0,7.777874301E0
1.244149600E1,-6.531111717E0,3.305927753E0,-5.541797280E-1,7.341096222E0
1.244652158E1,-6.096029282E0,2.675899506E0,5.945158005E-2,6.657743286E0
1.245154715E1,-5.426849365E0,1.947584987E0,4.854671955E-1,5.786143769E0
1.245657272E1,-4.590553284E0,1.159694672E0,6.997213364E-1,4.786196938E0
1.246159830E1,-3.496451378E0,3.694503307E-1,6.687122583E-1,3.578944239E0
1.246662387E1,-2.144899368E0,-5.140681267E-1,4.841550589E-1,2.258155322E0
1.247164944E1,-4.933614731E-1,-1.624738216E0,1.095527411E-1,1.701523323E0
1.247667501E1,1.553146362E0,-3.172775984E0,-4.283828139E-1,3.558410165E0
1.248170059E1,3.821868896E0,-5.152470589E0,-1.035484433E0,6.498219990E0
1.248672616E1,6.269760132E0,-7.409419060E0,-1.541372776E0,9.827777620E0
1.249175173E1,8.787267685E0,-9.688733101E0,-1.814739227E0,1.320533608E1
1.249677730E1,1.109797668E1,-1.166419315E1,-1.630551815E0,1.618261992E1
1.250180288E1,1.303613377E1,-1.304845905E1,-9.147244096E-1,1.846726260E1
1.250682845E1,1.468480587E1,-1.366967773E1,1.857767105E-1,2.006335281E1
1.251185402E1,1.613613892E1,-1.340470028E1,1.600092888E0,2.103856616E1
1.251687960E1,1.742396164E1,-1.228955269E1,3.161343336E0,2.155508377E1
1.252190517E1,1.858094025E1,-1.053862572E1,4.525910854E0,2.183570108E1
1.252693074E1,1.944262123E1,-8.438763618E0,5.475747108E0,2.189091268E1
1.253195632E1,2.009281731E1,-6.305482388E0,5.803700924E0,2.184406921E1
1.253698189E1,2.074871063E1,-4.267612457E0,5.535010338E0,2.189424236E1
1.254200746E1,2.114876747E1,-2.492212772E0,5.129947662E0,2.190428846E1
1.254703304E1,2.111826134E1,-1.054412365E0,4.817627430E0,2.168645387E1
1.255205861E1,2.076554871E1,-2.797651291E-2,4.796844006E0,2.131240268E1
1.255708418E1,2.023782349E1,4.668884277E-1,5.173482895E0,2.089383664E1
1.256210975E1,1.961571121E1,5.504293442E-1,6.032045841E0,2.052960486E1
1.256713533E1,1.873125839E1,4.722228050E-1,7.207638264E0,2.007568392E1
1.257216090E1,1.741270065E1,2.433772087E-1,8.273062706E0,1.927965101E1
1.257718647E1,1.571896553E1,-2.102594376E-1,8.860351562E0,1.804538490E1
1.258221204E1,1.373851109E1,-7.947802544E-1,8.795516968E0,1.633216095E1
1.258723762E1,1.146036148E1,-1.319859028E0,7.950660229E0,1.401052858E1
1.259226319E1,9.065429688E0,-1.599852562E0,6.516586304E0,1.127862761E1
1.259728876E1,6.820202827E0,-1.626853466E0,4.933816910E0,8.573468849E0
1.260231434E1,4.827710152E0,-1.527412415E0,3.398470640E0,6.098309330E0
1.260733986E1,3.123148918E0,-1.467069626E0,1.953571558E0,3.965197887E0
1.261236538E1,1.611956596E0,-1.396474600E0,6.041810513E-1,2.216659676E0
1.261739090E1,2.229490280E-1,-1.171280384E0,-5.384292603E-1,1.308246947E0
1.262241642E1,-1.144281387E0,-7.816298008E-1,-1.511101723E0,2.050305698E0
1.262744194E1,-2.485534191E0,-3.093335629E-1,-2.355853796E0,3.438548324E0
1.263246746E1,-3.763555527E0,2.400395870E-1,-3.072731972E0,4.864529882E0
1.263749298E1,-4.960496902E0,7.410261631E-1,-3.538603067E0,6.138188736E0
1.264251850E1,-6.048841476E0,1.068544149E0,-3.904383898E0,7.278357193E0
1.264754402E1,-7.058286667E0,1.270139575E0,-4.197136402E0,8.309549879E0
1.265256954E1,-8.175976753E0,1.355343223E0,-4.283026695E0,9.328872858E0
1.265759507E1,-9.420977592E0,1.281529784E0,-4.188331604E0,1.038938203E1
1.266262059E1,-1.053933907E1,1.035698414E0,-4.016047955E0,1.132603109E1
1.266764611E1,-1.148762131E1,6.484761238E-1,-3.792928219E0,1.211496055E1
1.267267163E1,-1.229884720E1,1.460840702E-1,-3.617790222E0,1.282074058E1
1.267769715E1,-1.305853176E1,-4.162762165E-1,-3.398870945E0,1.350003190E1
1.268272267E1,-1.368954849E1,-1.016796589E0,-3.293158531E0,1.411674560E1
1.268774819E1,-1.404328728E1,-1.652887106E0,-3.299111128E0,1.451998924E1
1.269277371E1,-1.390454674E1,-2.331387281E0,-3.576085567E0,1.454510827E1
1.269779923E1,-1.312069702E1,-3.212171793E0,-4.243788242E0,1.415911285E1
1.270282475E1,-1.158730698E1,-4.522856712E0,-5.235129356E0,1.349549907E1
1.270785027E1,-9.759929657E0,-6.114479542E0,-6.118538857E0,1.304145715E1
1.271287580E1,-7.912070274E0,-7.619222641E0,-6.652180672E0,1.284153096E1
1.271790132E1,-6.254551888E0,-8.798164368E0,-6.737119675E0,1.272461776E1
1.272292684E1,-4.777753353E0,-9.560987473E0,-6.543467045E0,1.253221327E1
1.272795236E1,-3.629662037E0,-9.726605415E0,-6.227954865E0,1.210655695E1
1.273297788E1,-2.656857014E0,-9.205764771E0,-5.822456837E0,1.121186861E1
1.273800340E1,-1.543637753E0,-8.273494720E0,-5.343711376E0,9.969392342E0
1.274302892E1,-1.326704025E-1,-7.262787342E0,-4.459124565E0,8.523466038E0
1.274805444E1,1.388898849E0,-6.329856873E0,-3.130278349E0,7.196858383E0
1.275307996E1,2.796023369E0,-5.448972702E0,-1.574491382E0,6.323612361E0
1.275810548E1,4.103055000E0,-4.431671619E0,7.598769665E-2,6.039912897E0
1.276313100E1,5.295458794E0,-3.214195728E0,1.778818607E0,6.444930849E0
1.276815652E1,6.262918472E0,-1.928663731E0,3.380851507E0,7.373876083E0
1.277318210E1,7.048103333E0,-7.449386120E-1,4.714816570E0,8.512355104E0
1.277820767E1,7.659855843E0,2.915925980E-1,5.834301472E0,9.633145459E0
1.278323324E1,8.102144241E0,1.164662838E0,6.768977165E0,1.062168690E1
1.278825882E1,8.369318962E0,1.800813317E0,7.443413258E0,1.134428620E1
1.279328439E1,8.235824585E0,2.213098764E0,7.759039879E0,1.152949750E1
1.279830996E1,7.405048370E0,2.410706997E0,7.580522537E0,1.086786877E1
1.280333554E1,6.011744499E0,2.399275064E0,6.890313625E0,9.453783085E0
1.280836111E1,4.272399902E0,2.290897846E0,6.064594746E0,7.764079037E0
1.281338668E1,2.389274597E0,2.179183483E0,5.101871014E0,6.040410714E0
1.281841225E1,4.353342056E-1,2.086056471E0,4.087484837E0,4.609629026E0
1.282343783E1,-1.420922756E0,2.062151432E0,3.188216448E0,4.054160101E0
1.282846340E1,-3.054497719E0,2.152715206E0,2.507708073E0,4.500304306E0
1.283348897E1,-4.350255489E0,2.306980133E0,1.962067842E0,5.300621697E0
1.283851454E1,-5.346546650E0,2.550086498E0,1.458030701E0,6.100357018E0
1.284354012E1,-6.067612648E0,2.849069595E0,9.690634012E-1,6.772902235E0
1.284856569E1,-6.513874054E0,3.180210829E0,5.110405684E-1,7.266736446E0
1.285359126E1,-6.724177361E0,3.581439018E0,1.087039113E-1,7.619257389E0
1.285861684E1,-6.723101616E0,3.970558405E0,-2.475841045E-1,7.811960527E0
1.286364241E1,-6.592633247E0,4.222221851E0,-5.867643356E-1,7.850749192E0
1.286866798E1,-6.419419289E0,4.464728832E0,-8.469629884E-1,7.865118807E0
1.287369356E1,-6.285259247E0,4.720861435E0,-1.071656108E0,7.933439563E0
1.287871913E1,-6.190398693E0,5.013792992E0,-1.337585688E0,8.077641464E0
1.288374470E1,-6.111208439E0,5.328201294E0,-1.645327091E0,8.273070703E0
1.288877027E1,-6.143467426E0,5.610932350E0,-1.976546526E0,8.551695155E0
1.289379585E1,-6.272739410E0,5.756491184E0,-2.289215088E0,8.816175825E0
1.289882142E1,-6.508294106E0,5.765324116E0,-2.502902508E0,9.047727631E0
1.290384699E1,-6.801918030E0,5.709857941E0,-2.556203604E0,9.241360476E0
1.290887257E1,-7.143617153E0,5.619627953E0,-2.507361650E0,9.428591984E0
1.291389814E1,-7.465956688E0,5.505159855E0,-2.414551735E0,9.585267569E0
1.291892371E1,-7.615595818E0,5.324151993E0,-2.307032108E0,9.574251472E0
1.292394928E1,-7.640334129E0,5.096305847E0,-2.070638895E0,9.414594220E0
1.292897486E1,-7.554410934E0,4.884414673E0,-1.729946733E0,9.160750349E0
1.293400043E1,-7.367419243E0,4.664754391E0,-1.361955166E0,8.825741991E0
1.293902600E1,-7.060339451E0,4.375146866E0,-1.077033877E0,8.375577904E0
1.294405158E1,-6.714616776E0,4.010893822E0,-8.655598164E-1,7.869087716E0
1.294907715E1,-6.268122673E0,3.591326714E0,-7.267514467E-1,7.260520441E0
1.295410272E1,-5.658839226E0,3.111743450E0,-5.497347116E-1,6.481328331E0
1.295912830E1,-4.949230671E0,2.586387157E0,-4.010227621E-1,5.598669665E0
1.296415387E1,-4.139531612E0,1.948154092E0,-2.702934444E-1,4.583021370E0
1.296917944E1,-3.287373543E0,1.168296099E0,-2.330325842E-1,3.496576150E0
1.297420501E1,-2.392736435E0,1.993966103E-1,-2.115271986E-1,2.410329938E0
1.297923059E1,-1.450689316E0,-8.621404171E-1,-1.852656305E-1,1.697677515E0
1.298425616E1,-5.470447540E-1,-1.867229939E0,-1.244716346E-1,1.949691974E0
1.298928173E1,3.569288254E-1,-2.839090586E0,-5.746489763E-2,2.862016030E0
1.299430731E1,1.381450653E0,-3.920051813E0,-1.754086316E-1,4.160045710E0
1.299933288E1,2.651455879E0,-5.209140301E0,-4.392911792E-1,5.861598561E0
1.300435845E1,4.219962120E0,-6.838948250E0,-8.625656366E-1,8.082283894E0
1.300938402E1,5.963101387E0,-8.674026489E0,-1.286610842E0,1.060437085E1
1.301440960E1,7.580234528E0,-1.050277901E1,-1.544349790E0,1.304428375E1
1.301943517E1,8.991048813E0,-1.203760815E1,-1.479501963E0,1.509741351E1
1.302446074E1,1.025871563E1,-1.314455605E1,-1.219094276E0,1.671845659E1
1.302948632E1,1.165135384E1,-1.367655945E1,-9.585327506E-1,1.799225138E1
1.303451189E1,1.300522423E1,-1.333073997E1,-5.622146726E-1,1.863224546E1
1.303953746E1,1.407909775E1,-1.179199409E1,3.745896816E-1,1.836878971E1
1.304456304E1,1.473137188E1,-9.187005043E0,2.252428055E0,1.750679329E1
1.304958861E1,1.519753742E1,-6.015990257E0,4.790890694E0,1.703261331E1
1.305461418E1,1.563599396E1,-2.653530121E0,7.156135559E0,1.739930474E1
1.305963975E1,1.598530960E1,2.883481979E-1,8.576213837E0,1.814289700E1
1.306466533E1,1.633293343E1,1.955136061E0,8.449032784E0,1.849252352E1
1.306969090E1,1.615055847E1,2.211432457E0,6.854143143E0,1.768361532E1
1.307471647E1,1.507043743E1,1.502588987E0,4.493560314E0,1.579771953E1
1.307974205E1,1.319599056E1,6.156082153E-1,2.374960184E0,1.342213009E1
1.308476762E1,1.081363678E1,-1.500701904E-2,9.230667353E-1,1.085297276E1
1.308979319E1,8.200101852E0,-3.945732117E-1,-1.988524199E-2,8.209613501E0
1.309481876E1,5.540719986E0,-6.718826294E-1,-5.499784350E-1,5.608340263E0
1.309984434E1,3.029951096E0,-9.334263802E-1,-6.143456697E-1,3.229444078E0
1.310486991E1,7.468461990E-1,-1.227485180E0,-3.374969959E-1,1.475941508E0
1.310989548E1,-1.287501335E0,-1.454354763E0,1.694392115E-1,1.949747961E0
1.311492106E1,-3.129040241E0,-1.548463821E0,6.660043001E-1,3.554179901E0
1.311994663E1,-4.834036350E0,-1.411346912E0,9.466547966E-1,5.124057264E0
1.312497220E1,-6.397017479E0,-9.836997986E-1,9.888759255E-1,6.547318040E0
1.312999777E1,-7.798486233E0,-2.928395271E-1,9.090211391E-1,7.856746269E0
1.313502335E1,-8.894986153E0,5.089399815E-1,8.516891599E-1,8.950149328E0
1.314004892E1,-9.529024124E0,1.235757589E0,7.504911423E-1,9.638082513E0
1.314507449E1,-9.577315331E0,1.805930853E0,3.956729174E-1,9.754122833E0
1.315010007E1,-9.180152893E0,2.232551575E0,-2.689530849E-1,9.451551695E0
1.315512564E1,-8.425498009E0,2.608934402E0,-1.236886263E0,8.906483203E0
1.316015121E1,-7.544954300E0,3.070711136E0,-2.271626472E0,8.456706753E0
1.316517679E1,-6.597705841E0,3.509266853E0,-3.281032562E0,8.161485826E0
1.317020236E1,-5.676260948E0,3.854470491E0,-4.226096630E0,8.058335675E0
1.317522793E1,-5.011352062E0,4.041884422E0,-4.971864700E0,8.134489398E0
1.318025350E1,-4.794791222E0,4.055797100E0,-5.464855671E0,8.324912040E0
1.318527908E1,-4.992659092E0,3.805803061E0,-5.732262611E0,8.501153827E0
1.319030465E1,-5.431798935E0,3.384777069E0,-5.753402710E0,8.605974565E0
1.319533022E1,-5.843180656E0,2.809864998E0,-5.580207825E0,8.554345145E0
1.320035580E1,-6.048796177E0,2.074469328E0,-5.342272758E0,8.332540813E0
1.320538137E1,-5.990359783E0,1.181645632E0,-5.135972500E0,7.978653411E0
1.321040694E1,-5.394628525E0,1.292700768E-1,-4.985635281E0,7.346787517E0
1.321543251E1,-4.080025196E0,-1.186196089E0,-5.144055843E0,6.671954532E0
1.322045809E1,-2.157135487E0,-2.954546690E0,-5.651387215E0,6.732069303E0
1.322548366E1,1.774301529E-1,-5.193725586E0,-6.270165443E0,8.143785459E0
1.323050918E1,2.612932205E0,-7.648819447E0,-6.664264202E0,1.047588999E1
1.323553470E1,4.915824890E0,-1.009878731E1,-6.744025230E0,1.310086698E1
1.324056022E1,6.781217575E0,-1.221798229E1,-6.369877338E0,1.535706158E1
1.324558574E1,8.091094017E0,-1.369077682E1,-5.523737907E0,1.683492955E1
1.325061126E1,8.885183334E0,-1.438852501E1,-4.431502819E0,1.748182920E1
1.325563678E1,9.322402000E0,-1.426431274E1,-3.112334251E0,1.732236767E1
1.326066230E1,9.470254898E0,-1.336256218E1,-1.718355060E0,1.646804603E1
1.326568783E1,9.515253067E0,-1.186714172E1,-3.814465702E-1,1.521560367E1
1.327071335E1,9.532945633E0,-1.007785034E1,8.532196879E-1,1.389849286E1
1.327573887E1,9.660516739E0,-8.213424683E0,2.041380882E0,1.284340938E1
1.328076439E1,9.828957558E0,-6.401804924E0,3.123858690E0,1.213878108E1
1.328578991E1,9.993054390E0,-4.655942440E0,4.036573410E0,1.174022406E1
1.329081543E1,1.011232185E1,-2.993407249E0,4.682221889E0,1.153874959E1
1.329584095E1,1.021808720E1,-1.383791924E0,5.098597527E0,1.150303798E1
1.330086647E1,1.018861103E1,1.650567055E-1,5.295336723E0,1.148371148E1
1.330589199E1,9.907444954E0,1.511926413E0,5.292267799E0,1.133364396E1
1.331091751E1,9.354545593E0,2.550152540E0,5.272171497E0,1.103660245E1
1.331594304E1,8.405486107E0,3.394296646E0,5.489748955E0,1.059767852E1
1.332096856E1,7.151835442E0,4.040068150E0,5.935989380E0,1.013443983E1
1.332599408E1,5.785972595E0,4.545893669E0,6.314860344E0,9.696395685E0
1.333101960E1,4.280294418E0,4.927236080E0,6.383928299E0,9.129792781E0
1.333604512E1,2.559534073E0,5.223495960E0,6.135998726E0,8.454975167E0
1.334107064E1,6.588411331E-1,5.469820976E0,5.611945629E0,7.864282987E0
1.334609616E1,-1.257600784E0,5.696588993E0,4.843716145E0,7.582497740E0
1.335112168E1,-3.040227413E0,5.891247272E0,3.901619434E0,7.692360584E0
1.335614720E1,-4.645296574E0,6.026474953E0,2.874813557E0,8.133986329E0
1.336117272E1,-6.172845840E0,6.127432823E0,1.842535734E0,8.890691576E0
1.336619824E1,-7.550709724E0,6.238473892E0,7.830566168E-1,9.825729058E0
1.337122376E1,-8.745201111E0,6.317767620E0,-2.827230096E-1,1.079225011E1
1.337624928E1,-9.880519867E0,6.294843197E0,-1.435339570E0,1.180296248E1
1.338127480E1,-1.105210495E1,6.252373219E0,-2.697317600E0,1.298139888E1
1.338630033E1,-1.235992432E1,6.239999294E0,-3.918321848E0,1.438952975E1
1.339132585E1,-1.365980148E1,6.254843235E0,-4.930356503E0,1.581207310E1
1.339635137E1,-1.477410126E1,6.323113441E0,-5.843098640E0,1.709963840E1
1.340137694E1,-1.550628090E1,6.365754128E0,-6.407629490E0,1.794506307E1
1.340640251E1,-1.586112404E1,6.360466957E0,-6.644048214E0,1.833505310E1
1.341142809E1,-1.583881378E1,6.250780106E0,-6.611385822E0,1.826610786E1
1.341645366E1,-1.539676094E1,6.122872353E0,-6.412060261E0,1.776694487E1
1.342147923E1,-1.463135147E1,6.023825645E0,-5.947731018E0,1.690379915E1
1.342650480E1,-1.359579659E1,5.813928127E0,-5.326313019E0,1.571677624E1
1.343153038E1,-1.253467560E1,5.530209541E0,-4.502524376E0,1.442130492E1
1.343655595E1,-1.150587559E1,5.238151073E0,-3.555080891E0,1.313247882E1
1.344158152E1,-1.051455116E1,4.912398815E0,-2.648723125E0,1.190391459E1
1.344660710E1,-9.608783722E0,4.580451965E0,-1.938637018E0,1.081977718E1
1.345163267E1,-8.994240761E0,4.275168419E0,-1.397182226E0,1.005612003E1
1.345665824E1,-8.474514961E0,3.967725277E0,-9.665777683E-1,9.407152613E0
1.346168382E1,-7.973134995E0,3.705852509E0,-6.165460348E-1,8.813872785E0
1.346670939E1,-7.442450523E0,3.403204918E0,-3.026309013E-1,8.189228228E0
1.347173496E1,-6.873173714E0,3.059465408E0,-1.242824793E-1,7.524379816E0
1.347676054E1,-6.299171448E0,2.683812618E0,-1.085493565E-1,6.847933561E0
1.348178611E1,-5.687341213E0,2.280691624E0,-1.386499405E-1,6.129162109E0
1.348681168E1,-4.999790192E0,1.840252638E0,-1.461153030E-1,5.329707442E0
1.349183725E1,-4.246610641E0,1.404891729E0,-8.231830597E-2,4.473723171E0
1.349686283E1,-3.538086414E0,9.742662907E-1,1.943141222E-2,3.669826680E0
1.350188840E1,-2.883827209E0,5.673029423E-1,2.068854570E-1,2.946369562E0
1.350691397E1,-2.283708572E0,1.218852997E-1,4.128251076E-1,2.323920274E0
1.351193954E1,-1.675489902E0,-4.240365028E-1,5.323699713E-1,1.808449932E0
1.351696512E1,-9.538650513E-1,-1.041234016E0,5.762614012E-1,1.525157046E0
1.352199069E1,-8.812904358E-3,-1.800907135E0,5.694344640E-1,1.888809092E0
1.352701626E1,1.317617416E0,-2.888658047E0,4.787960649E-1,3.210873189E0
1.353204184E1,3.011130333E0,-4.465829372E0,2.232665420E-1,5.390768574E0
1.353706741E1,4.933091164E0,-6.406706810E0,-1.250025034E-1,8.086835364E0
1.354209298E1,6.887608528E0,-8.318181992E0,-3.510822654E-1,1.080530248E1
1.354711856E1,8.645666122E0,-9.888963699E0,-2.845439315E-1,1.313849729E1
1.355214413E1,1.006919670E1,-1.091386795E1,6.175875664E-2,1.484941245E1
1.355716970E1,1.104885769E1,-1.122640324E1,5.740894675E-1,1.576194673E1
1.356219527E1,1.165657330E1,-1.076154327E1,1.115485787E0,1.590379902E1
1.356722085E1,1.203519726E1,-9.641783714E0,1.464651108E0,1.549048641E1
1.357224642E1,1.220753288E1,-8.142773628E0,1.516932845E0,1.475227802E1
1.357727199E1,1.222992039E1,-6.549121380E0,1.445448637E0,1.394816351E1
1.358229757E1,1.219213867E1,-5.168928146E0,1.164293766E0,1.329366930E1
1.358732314E1,1.214087200E1,-4.142403126E0,5.919346809E-1,1.284175468E1
1.359234871E1,1.201783180E1,-3.460810184E0,-1.469652653E-1,1.250708148E1
1.359737428E1,1.179848957E1,-2.981187820E0,-8.701616526E-1,1.220036960E1
1.360239986E1,1.137738991E1,-2.526799679E0,-1.443701744E0,1.174367883E1
1.360742543E1,1.070217419E1,-1.954124928E0,-1.820666313E0,1.103041080E1
1.361245100E1,9.730332375E0,-1.286937714E0,-2.012082577E0,1.001918425E1
1.361747658E1,8.606066704E0,-6.492443085E-1,-2.124500036E0,8.888160816E0
1.362250215E1,7.334884644E0,-1.694431305E-1,-2.173155069E0,7.651917842E0
1.362752772E1,5.979910851E0,1.154389381E-1,-2.321063042E0,6.415605472E0
1.363255330E1,4.637719154E0,2.546005249E-1,-2.529258728E0,5.288705900E0
1.363757887E1,3.424148560E0,2.546291351E-1,-2.748611689E0,4.398237780E0
1.364260444E1,2.426361084E0,1.251220703E-2,-2.915205002E0,3.792862358E0
1.364763001E1,1.616542816E0,-4.646520615E-1,-2.989349127E0,3.430061285E0
1.365265559E1,9.858293533E-1,-9.739613533E-1,-2.903206348E0,3.216996632E0
1.365768116E1,4.342832565E-1,-1.384824753E0,-2.690100431E0,3.056629169E0
1.366270673E1,-3.289794922E-2,-1.653192997E0,-2.426097393E0,2.935996921E0
1.366773231E1,-3.821268082E-1,-1.673383236E0,-2.138987064E0,2.742534961E0
1.367275788E1,-6.185398102E-1,-1.417086601E0,-1.893978119E0,2.444970153E0
1.367778345E1,-7.092952728E-1,-9.760766029E-1,-1.827243328E0,2.189667440E0
1.368280902E1,-5.212020874E-1,-6.764473915E-1,-2.017873049E0,2.191128552E0
1.368783460E1,8.830356598E-2,-8.918251991E-1,-2.554832935E0,2.707456562E0
1.369286017E1,1.108742714E0,-1.674576283E0,-3.354464531E0,3.909724852E0
1.369788574E1,2.295515060E0,-2.732317924E0,-4.094357014E0,5.431271489E0
1.370291132E1,3.572124481E0,-4.116753578E0,-4.798274517E0,7.261623212E0
1.370793689E1,5.058542252E0,-5.864673138E0,-5.485747337E0,9.490872698E0
1.371296246E1,6.515758514E0,-7.802822113E0,-5.841812134E0,1.172458575E1
1.371798804E1,7.604552269E0,-9.533706665E0,-5.639010906E0,1.343574419E1
1.372301361E1,8.144072533E0,-1.072232628E1,-4.756763935E0,1.428009108E1
1.372803918E1,8.077985764E0,-1.123035049E1,-3.354314804E0,1.423467787E1
1.373306475E1,7.325897217E0,-1.097726440E1,-1.834677219E0,1.332423147E1
1.373809033E1,6.084800720E0,-9.944765091E0,-4.360322654E-1,1.166675948E1
1.374311590E1,4.757205009E0,-8.582838058E0,5.823264718E-1,9.830321091E0
1.374814147E1,3.716561317E0,-7.536672592E0,1.341130495E0,8.509576534E0
1.375316705E1,2.919630051E0,-6.791121960E0,1.870596290E0,7.625136562E0
1.375819262E1,2.279973030E0,-6.183367252E0,2.201039314E0,6.948156709E0
1.376321819E1,1.825995445E0,-5.484014511E0,2.386190653E0,6.253205606E0
1.376824376E1,1.514092445E0,-4.526679039E0,2.441382408E0,5.361310205E0
1.377326934E1,1.152145386E0,-3.279731750E0,2.453857660E0,4.255055436E0
1.377829491E1,7.106990814E-1,-1.807594776E0,2.572261095E0,3.223200149E0
1.378332048E1,3.276863098E-1,-3.276038170E-1,2.687044382E0,2.726703154E0
1.378834606E1,4.526424408E-2,9.625239372E-1,2.703744888E0,2.870320122E0
1.379337163E1,-2.572040558E-1,2.008686066E0,2.672236681E0,3.352882717E0
1.379839720E1,-5.327615738E-1,2.804825068E0,2.445466995E0,3.759147161E0
1.380342277E1,-8.060750961E-1,3.335697651E0,2.038813353E0,3.991665788E0
1.380844835E1,-1.249762058E0,3.749133348E0,1.600639582E0,4.263795626E0
1.381347392E1,-2.002399921E0,4.112106800E0,1.187933207E0,4.725485487E0
1.381849949E1,-2.958308697E0,4.463183880E0,9.395263791E-1,5.436387634E0
1.382352507E1,-4.035451412E0,4.774789810E0,9.470261335E-1,6.323001212E0
1.382855064E1,-5.123002052E0,5.043661594E0,1.153499126E0,7.281087319E0
1.383357621E1,-6.105551720E0,5.266402245E0,1.449330211E0,8.192271508E0
1.383860179E1,-6.939612865E0,5.444307804E0,1.686612844E0,8.980165760E0
1.384362736E1,-7.534101486E0,5.540108204E0,1.803886890E0,9.524153087E0
1.384865293E1,-7.994284153E0,5.554393291E0,1.882355452E0,9.914793291E0
1.385367850E1,-8.463612556E0,5.597588539E0,1.979000807E0,1.033838378E1
1.385870402E1,-8.841413498E0,5.708374023E0,1.768439770E0,1.067162152E1
1.386372954E1,-9.118139267E0,5.791203499E0,1.490080714E0,1.090407457E1
1.386875507E1,-9.356010437E0,5.894040108E0,1.311052442E0,1.113523680E1
1.387378059E1,-9.526089668E0,5.955149651E0,1.129984856E0,1.129101667E1
1.387880611E1,-9.566110611E0,5.974883080E0,8.364531398E-1,1.130970176E1
1.388383163E1,-9.528762817E0,6.001187325E0,5.400346518E-1,1.127400583E1
1.388885715E1,-9.447573662E0,6.053112030E0,2.253061533E-1,1.122263678E1
1.389388267E1,-9.341727257E0,6.111371994E0,-1.994935870E-1,1.116496903E1
1.389890819E1,-9.206478119E0,6.147233963E0,-6.053009033E-1,1.108666379E1
1.390393371E1,-9.060899734E0,6.127419949E0,-8.966866732E-1,1.097493627E1
1.390895923E1,-8.876317978E0,6.085429668E0,-1.088402033E0,1.081693552E1
1.391398475E1,-8.499811172E0,6.045075417E0,-1.147066355E0,1.049311622E1
1.391901027E1,-8.013112068E0,6.082489967E0,-1.134979010E0,1.012397287E1
1.392403580E1,-7.603148937E0,6.139559746E0,-1.028845429E0,9.826524846E0
1.392906132E1,-7.265205383E0,6.124980927E0,-9.538758993E-1,9.550313076E0
1.393408684E1,-6.980349541E0,5.999989510E0,-9.102004766E-1,9.249519919E0
1.393911236E1,-6.806094646E0,5.864833832E0,-8.398427963E-1,9.023554518E0
1.394413788E1,-6.713650227E0,5.781702995E0,-7.564990520E-1,8.892327013E0
1.394916340E1,-6.631147861E0,5.731546402E0,-7.264593840E-1,8.794912697E0
1.395418892E1,-6.458118439E0,5.714437008E0,-7.491205931E-1,8.655822650E0
1.395921444E1,-6.175691605E0,5.644017220E0,-8.095366955E-1,8.405322530E0
1.396423996E1,-5.851156235E0,5.519996643E0,-8.450944424E-1,8.088298761E0
1.396926548E1,-5.551784992E0,5.361021042E0,-8.606421947E-1,7.765537212E0
1.397429100E1,-5.301579475E0,5.162117004E0,-8.752496839E-1,7.451191778E0
1.397931652E1,-5.033585548E0,4.947164536E0,-9.314882159E-1,7.118924828E0
1.398434204E1,-4.762302876E0,4.739887714E0,-1.033455491E0,6.798094915E0
1.398936757E1,-4.416178703E0,4.487353325E0,-1.194743872E0,6.408306104E0
1.399439309E1,-3.995332718E0,4.136977196E0,-1.386023283E0,5.915938166E0
1.399941861E1,-3.566727161E0,3.602952957E0,-1.573314905E0,5.308307870E0
1.400444413E1,-3.163703918E0,2.981394768E0,-1.613078356E0,4.636783263E0
1.400946965E1,-2.728460789E0,2.359153032E0,-1.496474504E0,3.905065588E0
1.401449517E1,-2.203261375E0,1.679518700E0,-1.272176743E0,3.048536930E0
1.401952069E1,-1.635575771E0,9.816792011E-1,-1.089484334E0,2.196765411E0
1.402454621E1,-1.010688305E0,2.329931259E-1,-9.920989871E-1,1.435282915E0
1.402957179E1,-2.280626297E-1,-5.804581642E-1,-1.137863755E0,1.297566248E0
1.403459736E1,8.557424545E-1,-1.673371077E0,-1.673300743E0,2.516426292E0
1.403962293E1,2.412629128E0,-3.250672102E0,-2.680288792E0,4.855058849E0
1.404464850E1,4.255892754E0,-5.301356316E0,-3.704144239E0,7.741943326E0
1.404967408E1,6.160946846E0,-7.455780983E0,-4.293183327E0,1.058193551E1
1.405469965E1,8.023167610E0,-9.516923904E0,-4.433887482E0,1.321372080E1
1.405972522E1,9.632903099E0,-1.127359772E1,-4.172097683E0,1.540432493E1
1.406475080E1,1.064176369E1,-1.240060616E1,-3.373531818E0,1.668540932E1
1.406977637E1,1.104106236E1,-1.272645760E1,-2.230077028E0,1.699532360E1
1.407480194E1,1.096523285E1,-1.219982529E1,-8.420618773E-1,1.642501558E1
1.407982751E1,1.037600613E1,-1.072213936E1,6.098338366E-1,1.493310660E1
1.408485309E1,9.526597023E0,-8.692733765E0,1.816699266E0,1.302382691E1
1.408987866E1,8.756029129E0,-6.534425735E0,2.582250834E0,1.122652151E1
1.409490423E1,8.235176086E0,-4.598621845E0,2.974668264E0,9.890101078E0
1.409992980E1,7.838144302E0,-3.150255203E0,2.961343050E0,8.951545487E0
1.410495538E1,7.558692932E0,-2.181436539E0,2.624359608E0,8.293356833E0
1.410998095E1,7.414677620E0,-1.511796951E0,2.093674660E0,7.851525190E0
1.411500652E1,7.295144081E0,-9.797253609E-1,1.523064971E0,7.516562768E0
1.412003210E1,7.022485733E0,-4.856009483E-1,9.793460965E-1,7.107055152E0
1.412505767E1,6.491363525E0,-6.331729889E-2,5.961407423E-1,6.518987136E0
1.413008324E1,5.702086449E0,2.250237465E-1,4.210154414E-1,5.722034564E0
1.413510882E1,4.865706444E0,4.182949066E-1,3.870111108E-1,4.898963914E0
1.414013439E1,4.040258408E0,5.604701042E-1,4.755500853E-1,4.106575535E0
1.414515996E1,3.221524239E0,6.668069363E-1,6.198030710E-1,3.347686628E0
1.415018554E1,2.338396072E0,7.766418457E-1,8.097991943E-1,2.593654465E0
1.415521111E1,1.401256561E0,8.529191017E-1,1.002251625E0,1.922368140E0
1.416023668E1,6.790227890E-1,5.386874676E-1,9.444001317E-1,1.281853246E0
1.416526225E1,4.695835114E-1,-5.168499947E-1,4.108814597E-1,8.102259963E-1
1.417028783E1,7.834844589E-1,-2.004167080E0,-4.241085052E-1,2.193262776E0
1.417531340E1,1.401334763E0,-3.600174427E0,-1.262448907E0,4.064329251E0
1.418033897E1,2.074941635E0,-5.030326843E0,-1.694020629E0,5.699059293E0
1.418536454E1,2.828679085E0,-6.082896233E0,-1.599551678E0,6.896493131E0
1.419039012E1,3.652995110E0,-6.547107697E0,-9.965989590E-1,7.563213731E0
1.419541569E1,4.437201500E0,-6.347850800E0,-2.151494622E-1,7.747919477E0
1.420044126E1,5.017508507E0,-5.607721329E0,4.682036042E-1,7.539306648E0
1.420546684E1,5.392596245E0,-4.545845509E0,8.984602094E-1,7.109995527E0
1.421049241E1,5.676008224E0,-3.572479486E0,1.094870090E0,6.795470518E0
1.421551798E1,5.995985985E0,-2.914707899E0,1.130158067E0,6.761998767E0
1.422054356E1,6.303982735E0,-2.707444906E0,1.137275457E0,6.954412391E0
1.422556913E1,6.398770332E0,-2.845274448E0,1.151505470E0,7.096887578E0
1.423059470E1,6.165698051E0,-3.188684940E0,1.221664667E0,7.048120932E0
1.423562027E1,5.638966560E0,-3.573551416E0,1.297109365E0,6.800787182E0
1.424064585E1,4.862730026E0,-3.873513460E0,1.343219399E0,6.360384280E0
1.424567142E1,3.996184349E0,-4.038424492E0,1.384113073E0,5.847574773E0
1.425069699E1,3.217511177E0,-4.037352562E0,1.406527519E0,5.350786255E0
1.425572257E1,2.551487923E0,-3.854143620E0,1.354481459E0,4.816547901E0
1.426074814E1,2.031889915E0,-3.502660275E0,1.196199417E0,4.222333321E0
1.426577371E1,1.620411873E0,-2.983234167E0,9.195896983E-1,3.517252613E0
1.427079928E1,1.192683220E0,-2.315309048E0,6.701788902E-1,2.689291541E0
1.427582486E1,8.300886154E-1,-1.561382055E0,4.974814355E-1,1.836967286E0
1.428085043E1,5.850887299E-1,-8.032634258E-1,2.834837139E-1,1.033404069E0
1.428587600E1,5.145969391E-1,-5.148291588E-2,1.539602876E-1,5.395963959E-1
1.429090158E1,6.226148605E-1,6.877858639E-1,8.082160354E-2,9.312522702E-1
1.429592715E1,8.986835480E-1,1.403419971E0,3.544437885E-2,1.666876132E0
1.430095272E1,1.212812424E0,2.213484287E0,1.184177995E-1,2.526746810E0
1.430597830E1,1.458922386E0,3.039496899E0,2.336308360E-1,3.379582710E0
1.431100387E1,1.593307495E0,3.774514198E0,2.183205187E-1,4.102834393E0
1.431602944E1,1.529333115E0,4.383539200E0,1.686722785E-1,4.645721260E0
1.432105501E1,1.281087875E0,4.798564911E0,6.104862690E-2,4.967004961E0
1.432608059E1,8.820838928E-1,5.086252213E0,5.898207426E-3,5.162176707E0
1.433110616E1,2.798910141E-1,5.342306614E0,1.175396442E-1,5.350924640E0
1.433613173E1,-5.441846848E-1,5.591134071E0,3.558689058E-1,5.628815138E0
1.434115731E1,-1.493795872E0,5.838583946E0,6.612482071E-1,6.062815995E0
1.434618288E1,-2.568306446E0,6.100237846E0,1.055420518E0,6.702463148E0
1.435120845E1,-3.767044067E0,6.396518707E0,1.508046508E0,7.574977020E0
1.435623402E1,-5.074786663E0,6.662246704E0,1.908242702E0,8.589550689E0
1.436125960E1,-6.438077927E0,6.932749271E0,2.232020855E0,9.720790963E0
1.436628517E1,-7.798719406E0,7.176492691E0,2.350494862E0,1.085573110E1
1.437131074E1,-9.026907921E0,7.361799240E0,2.212678432E0,1.185652143E1
1.437633632E1,-1.005535603E1,7.556998253E0,1.983552933E0,1.273392672E1
1.438136189E1,-1.080268192E1,7.863361835E0,1.665899515E0,1.346497743E1
1.438638746E1,-1.131212234E1,8.271615982E0,1.424836159E0,1.408594693E1
1.439141304E1,-1.151707554E1,8.628458023E0,1.228719354E0,1.444309759E1
1.439643861E1,-1.138941860E1,8.804267883E0,1.069473267E0,1.443529571E1
1.440146418E1,-1.110680199E1,8.870138168E0,9.766612053E-1,1.424760571E1
1.440648975E1,-1.068891716E1,8.877636909E0,1.051041484E0,1.393449229E1
1.441151533E1,-1.021272945E1,8.868936539E0,1.296854615E0,1.358821953E1
1.441654090E1,-9.707322121E0,8.876480103E0,1.617369294E0,1.325291987E1
1.442156647E1,-9.177644730E0,8.799263000E0,1.954276800E0,1.286372380E1
1.442659205E1,-8.662092209E0,8.565158844E0,2.235004902E0,1.238503268E1
1.443161762E1,-8.194235802E0,8.259991646E0,2.410736799E0,1.188211321E1
1.443664319E1,-7.797902107E0,7.946000099E0,2.480567932E0,1.140611293E1
1.444166876E1,-7.506372452E0,7.618750095E0,2.505348921E0,1.098488751E1
1.444669434E1,-7.295513153E0,7.307352066E0,2.407128334E0,1.060264935E1
1.445171991E1,-7.069608212E0,6.968872070E0,2.232552767E0,1.017491180E1
1.445674548E1,-6.900444508E0,6.617813587E0,2.138612270E0,9.797206414E0
1.446177106E1,-6.778353691E0,6.244966507E0,2.090912819E0,9.450799006E0
1.446679658E1,-6.593217850E0,5.845952988E0,2.098501921E0,9.058112290E0
1.447182210E1,-6.345046043E0,5.449889660E0,2.156105995E0,8.637690644E0
1.447684762E1,-6.043380260E0,5.004663944E0,2.248866081E0,8.162506038E0
1.448187314E1,-5.697786331E0,4.525128365E0,2.467024088E0,7.682952794E0
1.448689866E1,-5.341717720E0,4.059549332E0,2.781390667E0,7.262921108E0
1.449192418E1,-4.946284771E0,3.637156010E0,3.139304161E0,6.895641195E0
1.449694970E1,-4.506544113E0,3.358614683E0,3.464835405E0,6.602599247E0
1.450197522E1,-3.984164715E0,3.218869209E0,3.691945076E0,6.313885167E0
1.450700074E1,-3.326483727E0,3.121872902E0,3.726394176E0,5.890466701E0
1.451202626E1,-2.409134865E0,2.789699554E0,3.489104748E0,5.075451344E0
1.451705179E1,-1.107769966E0,2.097733498E0,2.944970131E0,3.781598762E0
1.452207731E1,4.388580322E-1,1.136979342E0,2.445857763E0,2.732679746E0
1.452710283E1,2.092126846E0,9.451770782E-2,2.159468412E0,3.008194170E0
1.453212835E1,3.804069519E0,-1.029605150E0,1.940848589E0,4.392940350E0
1.453715387E1,5.502845764E0,-2.101425409E0,1.721716523E0,6.136905412E0
1.454217939E1,7.025637627E0,-2.973083735E0,1.529289722E0,7.780587253E0
1.454720491E1,8.142543793E0,-3.554716587E0,1.342593074E0,8.985520886E0
1.455223043E1,8.786581039E0,-3.775542736E0,1.136099696E0,9.630651683E0
1.455725595E1,9.001110077E0,-3.636285305E0,8.707604408E-1,9.746834213E0
1.456228147E1,8.915684700E0,-3.166277409E0,4.986906052E-1,9.474356897E0
1.456730699E1,8.707676888E0,-2.452403545E0,-2.181077003E-1,9.049060222E0
1.457233251E1,8.539938927E0,-1.811543941E0,-1.248259068E0,8.818752691E0
1.457735804E1,8.484173775E0,-1.331051350E0,-2.316086292E0,8.894782631E0
1.458238356E1,8.597519875E0,-1.074414253E0,-3.184859276E0,9.231199412E0
1.458740908E1,8.841111183E0,-9.804515839E-1,-3.691492558E0,9.630869616E0
1.459243460E1,9.180498123E0,-9.784121513E-1,-3.846811056E0,1.000183940E1
1.459746012E1,9.542873383E0,-9.830317497E-1,-3.561887264E0,1.023327048E1
1.460248564E1,9.831762314E0,-1.038077831E0,-2.972251415E0,1.032353787E1
1.460751116E1,9.993693352E0,-1.230128765E0,-2.103835583E0,1.028655665E1
1.461253668E1,1.000873566E1,-1.492184639E0,-1.069116354E0,1.017567758E1
1.461756220E1,9.861698151E0,-1.747420788E0,6.215500832E-2,1.001550963E1
1.462258772E1,9.479948997E0,-1.914049149E0,1.277362823E0,9.755238230E0
1.462761324E1,8.810122490E0,-1.986587524E0,2.463379383E0,9.361251319E0
1.463263876E1,7.871254444E0,-1.959125042E0,3.503371239E0,8.835633961E0
1.463766434E1,6.707067013E0,-1.787092209E0,4.391914368E0,8.213851611E0
1.464268991E1,5.457518101E0,-1.507103443E0,5.182068825E0,7.675265592E0
1.464771548E1,4.339310169E0,-1.122175217E0,5.865261555E0,7.381746614E0
1.465274106E1,3.391753674E0,-6.979727745E-1,6.260910988E0,7.154730280E0
1.465776663E1,2.610945225E0,-2.336955070E-1,6.399512291E0,6.915591523E0
1.466279220E1,2.045439243E0,3.043313026E-1,6.402817726E0,6.728485273E0
1.466781777E1,1.690634251E0,9.635753632E-1,6.377674103E0,6.667941857E0
1.467284335E1,1.484072208E0,1.767364264E0,6.310370445E0,6.719138480E0
1.467786892E1,1.363009930E0,2.643295288E0,6.248643875E0,6.920285856E0
1.468289449E1,1.245523930E0,3.471030712E0,6.096706390E0,7.125251776E0
1.468792007E1,1.064276218E0,4.254673004E0,5.811874390E0,7.280989642E0
1.469294564E1,8.716502190E-1,5.036292076E0,5.509955883E0,7.515558916E0
1.469797121E1,6.242103577E-1,5.766945362E0,5.029143810E0,7.677212049E0
1.470299679E1,2.498250008E-1,6.397359371E0,4.260921955E0,7.690518537E0
1.470802236E1,-2.849678993E-1,7.021897793E0,3.365321159E0,7.791895907E0
1.471304793E1,-1.018282890E0,7.629653454E0,2.397053480E0,8.061909033E0
1.471807350E1,-1.883176327E0,8.109375000E0,1.472305536E0,8.454347968E0
1.472309908E1,-2.798335552E0,8.369615555E0,6.873111725E-1,8.851753671E0
1.472812465E1,-3.691933632E0,8.434279442E0,1.569073200E-1,9.208260615E0
1.473315022E1,-4.525954247E0,8.284569740E0,-1.632659435E-1,9.441663698E0
1.473817580E1,-5.276896477E0,7.906740189E0,-3.373715878E-1,9.511887112E0
1.474320137E1,-5.935579300E0,7.454629898E0,-2.479302883E-1,9.532265102E0
1.474822694E1,-6.440347672E0,7.019776344E0,2.746188641E-1,9.530516963E0
1.475325251E1,-6.791852474E0,6.564899921E0,1.174124956E0,9.518704766E0
1.475827809E1,-6.995702744E0,5.985949516E0,2.293486834E0,9.488494630E0
1.476330366E1,-7.086323738E0,5.279269218E0,3.289161205E0,9.428958004E0
1.476832923E1,-6.891697407E0,4.159241676E0,3.915025949E0,8.951101198E0
1.477335480E1,-6.166895866E0,2.336275101E0,3.947017431E0,7.685553498E0
1.477838038E1,-5.154208660E0,1.378979683E-1,3.713886261E0,6.354355508E0
1.478340595E1,-3.928974152E0,-2.008762836E0,3.514328003E0,5.641140605E0
1.478843152E1,-2.715306282E0,-4.078453064E0,3.300436497E0,5.907583996E0
1.479345710E1,-1.612504005E0,-6.255861282E0,2.842581034E0,7.058061808E0
1.479848267E1,-3.696932793E-1,-8.700901031E0,2.056896210E0,8.948361520E0
1.480350824E1,1.125972748E0,-1.141994381E1,1.192740917E0,1.153713839E1
1.480853382E1,2.714990616E0,-1.410802269E1,6.968517303E-1,1.438377838E1
1.481355939E1,4.098822594E0,-1.628827095E1,7.658624649E-1,1.681352618E1
1.481858496E1,5.342083931E0,-1.737930870E1,1.685331106E0,1.825975281E1
1.482361054E1,7.010612488E0,-1.722225189E1,3.078599930E0,1.884761060E1
1.482863611E1,9.458156586E0,-1.609630013E1,4.287374020E0,1.915539558E1
1.483366168E1,1.269664478E1,-1.423125076E1,5.398782253E0,1.982120422E1
1.483868725E1,1.617116928E1,-1.177425003E1,6.186035156E0,2.093816398E1
1.484371283E1,1.906749725E1,-8.926944733E0,6.382285595E0,2.199984916E1
1.484873840E1,2.087297249E1,-5.972159386E0,5.705518246E0,2.244773055E1
1.485376397E1,2.127692032E1,-3.358340740E0,4.467414856E0,2.199871783E1
1.485878954E1,2.041519356E1,-1.372663021E0,3.146652460E0,2.070182971E1
1.486381512E1,1.897040558E1,-3.421006203E-1,2.044699907E0,1.908334662E1
1.486884069E1,1.746840286E1,-3.083591461E-1,1.688234925E0,1.755250185E1
1.487386626E1,1.569014835E1,-9.951286316E-1,2.283916950E0,1.588670239E1
1.487889184E1,1.379631042E1,-2.009286880E0,3.589322090E0,1.439648041E1
1.488391741E1,1.184806156E1,-3.090440273E0,5.171969414E0,1.329197696E1
1.488894298E1,9.992941856E0,-3.978021145E0,6.730004311E0,1.268765137E1
1.489396856E1,8.712762833E0,-4.685784340E0,7.839881420E0,1.262269986E1
1.489899413E1,8.172485352E0,-5.267609596E0,8.559041023E0,1.295354820E1
1.490401970E1,8.215538979E0,-5.587962627E0,9.252203941E0,1.357658590E1
1.490904527E1,8.675156593E0,-5.785221100E0,1.003008270E1,1.446823017E1
1.491407085E1,9.455558777E0,-6.189625740E0,1.074778175E1,1.559595689E1
1.491909642E1,1.059422684E1,-6.892758846E0,1.130684471E1,1.695855254E1
1.492412199E1,1.207538223E1,-7.810174942E0,1.172280407E1,1.855364719E1
1.492914757E1,1.360547543E1,-8.824866295E0,1.189075565E1,2.010913466E1
1.493417314E1,1.494821644E1,-9.782572746E0,1.181434631E1,2.141790566E1
1.493919871E1,1.565718651E1,-1.055835342E1,1.146861458E1,2.209423990E1
1.494422428E1,1.517714500E1,-1.112214851E1,1.068612671E1,2.163888218E1
1.494924986E1,1.360979080E1,-1.145615196E1,9.444372177E0,2.014115164E1
1.495427543E1,1.153587055E1,-1.157417870E1,7.804347038E0,1.810927261E1
1.495930100E1,9.205747604E0,-1.150331879E1,5.980489254E0,1.590089255E1
1.496432658E1,6.878823280E0,-1.119401455E1,4.070574284E0,1.375477177E1
1.496935215E1,4.460327148E0,-1.058642864E1,2.132184505E0,1.168388636E1
1.497437772E1,2.281085968E0,-9.711199760E0,2.435377240E-1,9.978480075E0
1.497940330E1,3.172578812E-1,-8.699889183E0,-1.576273084E0,8.847223361E0
1.498442887E1,-1.493537903E0,-7.637071609E0,-3.293266535E0,8.449918503E0
1.498945444E1,-3.113328934E0,-6.498375893E0,-4.846918106E0,8.684141951E0
1.499448001E1,-4.580652714E0,-5.274323463E0,-5.935030460E0,9.166539906E0
1.499950559E1,-5.948249817E0,-4.031789780E0,-6.360583305E0,9.596563171E0
1.500453116E1,-7.173021317E0,-2.813151836E0,-6.127871037E0,9.844636179E0
1.500955673E1,-7.920216560E0,-1.632171869E0,-5.527873993E0,9.795468659E0
1.501458231E1,-8.094902992E0,-6.088037491E-1,-4.798791409E0,9.430084594E0
1.501960788E1,-8.009040833E0,1.601443291E-1,-3.987916470E0,8.948399803E0
1.502463345E1,-7.931378365E0,7.640954256E-1,-2.929138899E0,8.489432211E0
1.502965902E1,-7.738298893E0,1.225430846E0,-1.769384146E0,8.032040262E0
1.503468460E1,-7.287378311E0,1.202490687E0,-7.610743046E-1,7.425032027E0
1.503971017E1,-8.209967613E0,-3.264665604E-2,-4.327576160E-1,8.221430117E0
1.504473574E1,-1.394120979E1,-5.534872055E0,2.116489410E0,1.514832224E1
1.504976132E1,-2.192530441E1,-1.083269882E1,-7.602601528E0,2.560987871E1
1.505478689E1,-2.464447403E1,-8.853794098E0,-1.137918663E1,2.855215681E1
1.505981246E1,-1.998715973E1,-5.991522312E0,-7.011074066E0,2.201227051E1
1.506483798E1,-1.228089237E1,-3.062362432E0,-7.020734310E0,1.447373799E1
1.506986350E1,-7.999141693E0,3.682656288E-1,-5.034131050E0,9.458560294E0
1.507488902E1,-5.349192142E0,2.413828135E0,-2.078001022E0,6.225633389E0
1.507991455E1,-3.771594048E0,3.026919842E0,-7.892106771E-1,4.900001927E0
1.508494007E1,-4.399258137E0,2.796620607E0,-4.701366425E-1,5.234079426E0
1.508996559E1,-5.846488953E0,2.676007748E0,-7.306134701E-1,6.471185871E0
1.509499111E1,-7.188208103E0,2.581928730E0,-1.073946714E0,7.712979531E0
1.510001663E1,-7.974531174E0,2.017646790E0,-1.492705584E0,8.360156456E0
1.510504215E1,-8.429948807E0,1.275617719E0,-1.274559975E0,8.620657781E0
1.511006767E1,-9.007326126E0,6.499805450E-1,-8.031821251E-2,9.031104565E0
1.511509319E1,-9.541911125E0,1.016423702E-1,1.699815392E0,9.692665859E0
1.512011871E1,-9.783381462E0,-4.658613205E-1,3.516823769E0,1.040671077E1
1.512514423E1,-9.544178963E0,-1.039905310E0,5.137871742E0,1.088900735E1
1.513016975E1,-9.024848938E0,-1.552178144E0,6.464004993E0,1.120894803E1
1.513519527E1,-8.205818176E0,-1.954637766E0,7.406593323E0,1.122558174E1
1.514022080E1,-7.091547489E0,-2.271820784E0,8.112051010E0,1.101165687E1
1.514524632E1,-5.839843750E0,-2.495427370E0,8.558800697E0,1.065757956E1
1.515027184E1,-4.508243561E0,-2.632198334E0,8.748762131E0,1.018791278E1
1.515529736E1,-3.030145168E0,-2.641468525E0,8.697916031E0,9.581903725E0
1.516032288E1,-1.530797005E0,-2.559955597E0,8.397924423E0,8.911893556E0
1.516534840E1,8.929157257E-2,-2.491426945E0,7.744946480E0,8.136299969E0
1.517037392E1,1.900629997E0,-2.558803558E0,6.669222832E0,7.391779435E0
1.517539944E1,3.744204521E0,-2.812760353E0,5.130824089E0,6.946657047E0
1.518042496E1,5.327383995E0,-3.293925047E0,3.391633749E0,7.122790319E0
1.518545048E1,6.511183739E0,-4.094408512E0,1.669327021E0,7.870600196E0
1.519047600E1,7.386791229E0,-5.175786018E0,2.329453230E-1,9.022622074E0
1.519550152E1,8.021924973E0,-6.455551147E0,-8.403503895E-1,1.033109915E1
1.520052705E1,7.848922729E0,-7.524514198E0,-1.239839435E0,1.094354165E1
1.520555257E1,7.760195732E0,-8.474486351E0,-9.913642406E-1,1.153344527E1
1.521057809E1,7.254822731E0,-8.996412277E0,-2.465624809E-1,1.155978719E1
1.521560361E1,7.950716019E0,-9.691049576E0,2.685641050E-1,1.253804027E1
1.522062913E1,8.683882713E0,-1.006618404E1,7.956138849E-1,1.331806599E1
1.522565465E1,8.487707138E0,-9.740026474E0,2.316530228E0,1.312538001E1
1.523068017E1,8.295677185E0,-8.975737572E0,4.003657341E0,1.286123622E1
1.523570574E1,8.566189766E0,-8.094438553E0,5.141041756E0,1.285806568E1
1.524073132E1,8.991623878E0,-7.279093266E0,5.962070465E0,1.301463726E1
1.524575689E1,9.527729988E0,-6.593536377E0,6.620162964E0,1.334462133E1
1.525078246E1,1.012994385E1,-6.068586826E0,7.134719372E0,1.379665644E1
1.525580804E1,1.066727066E1,-5.673151970E0,7.481627941E0,1.421091388E1
1.526083361E1,1.104697514E1,-5.347176552E0,7.774846077E0,1.452846132E1
1.526585918E1,1.112393570E1,-5.059036732E0,7.908224583E0,1.455595459E1
1.527088475E1,1.082056332E1,-4.771896362E0,7.967638016E0,1.425969288E1
1.527591033E1,1.020826912E1,-4.558241844E0,7.972538471E0,1.373126712E1
1.528093590E1,9.373323441E0,-4.451313972E0,7.999680996E0,1.310222441E1
1.528596147E1,8.397548676E0,-4.469040871E0,8.149007797E0,1.252587235E1
1.529098705E1,7.377153397E0,-4.590703487E0,8.462477684E0,1.212891089E1
1.529601262E1,6.379706383E0,-4.670943260E0,8.847826004E0,1.186601827E1
1.530103819E1,5.314771652E0,-4.664981842E0,9.169380188E0,1.157956762E1
1.530606376E1,4.192790031E0,-4.604566574E0,9.383224487E0,1.126172382E1
1.531108934E1,3.091320992E0,-4.416336536E0,9.513092041E0,1.093431361E1
1.531611491E1,2.006784439E0,-4.146496773E0,9.549674988E0,1.060268417E1
1.532114048E1,9.882335663E-1,-3.803187847E0,9.412353516E0,1.019966872E1
1.532616606E1,1.465520859E-1,-3.380869865E0,9.126173973E0,9.733386356E0
1.533119163E1,-5.032877922E-1,-2.874372005E0,8.831211090E0,9.300838798E0
1.533621720E1,-9.802083969E-1,-2.336564541E0,8.476037979E0,8.846669553E0
1.534124277E1,-1.317642689E0,-1.796462536E0,8.181132317E0,8.479055719E0
1.534626835E1,-1.544374943E0,-1.297718048E0,7.866067886E0,8.120602816E0
1.535129392E1,-1.684643269E0,-8.554997444E-1,7.555397034E0,7.788063116E0
1.535631949E1,-1.748356342E0,-4.897565842E-1,7.230520725E0,7.455001098E0
1.536134507E1,-1.798019409E0,-2.156620026E-1,6.882530212E0,7.116783404E0
1.536637064E1,-1.881688118E0,-1.009654999E-2,6.521836281E0,6.787871580E0
1.537139621E1,-2.047224045E0,1.742668152E-1,6.173031807E0,6.505983162E0
1.537642179E1,-2.232389450E0,3.418145180E-1,5.760150909E0,6.187062172E0
1.538144736E1,-2.408474445E0,5.160923004E-1,5.317473888E0,5.860258439E0
1.538647293E1,-2.589857578E0,7.110219002E-1,4.836363792E0,5.532027580E0
1.539149850E1,-2.786089420E0,8.784160614E-1,4.360941887E0,5.248973535E0
1.539652408E1,-3.078380585E0,9.991011620E-1,3.887163639E0,5.058129231E0
1.540154965E1,-3.456945896E0,1.087483883E0,3.377582550E0,4.953903512E0
1.540657522E1,-3.873581409E0,1.134284973E0,2.900460243E0,4.970302301E0
1.541160080E1,-4.241931915E0,1.144628048E0,2.485577822E0,5.047995330E0
1.541662637E1,-4.590454578E0,1.119129181E0,2.162275553E0,5.196167715E0
1.542165194E1,-4.918960571E0,1.110966206E0,1.882994771E0,5.382944205E0
1.542667751E1,-5.251140594E0,1.082442284E0,1.590805769E0,5.592568447E0
1.543170309E1,-5.505475998E0,1.015012741E0,1.329222202E0,5.753898547E0
1.543672866E1,-5.677152157E0,9.139409065E-1,1.055566192E0,5.846329154E0
1.544175423E1,-5.828504086E0,8.128604889E-1,8.561271429E-1,5.946860998E0
1.544677980E1,-5.911794662E0,6.784095764E-1,6.495837569E-1,5.985943095E0
1.545180538E1,-6.032304764E0,5.587201118E-1,5.456715822E-1,6.082649620E0
1.545683095E1,-6.175486565E0,4.304161072E-1,5.530706644E-1,6.215125059E0
1.546185652E1,-6.274148941E0,3.037209511E-1,6.610373259E-1,6.316182526E0
1.546688210E1,-6.280409813E0,1.360540390E-1,8.539163470E-1,6.339655452E0
1.547190767E1,-6.213321686E0,-5.759906769E-2,1.115988374E0,6.313011490E0
1.547693324E1,-6.006088257E0,-2.006216049E-1,1.364774823E0,6.162463427E0
1.548195882E1,-5.759368420E0,-2.834672928E-1,1.618521571E0,5.989181111E0
1.548698439E1,-5.573704720E0,-3.110008240E-1,1.819000721E0,5.871257909E0
1.549200996E1,-5.453996658E0,-3.361587524E-1,1.951039076E0,5.802209556E0
1.549703554E1,-5.357157707E0,-3.302941322E-1,2.028786182E0,5.737961858E0
1.550206111E1,-5.249679565E0,-3.699698448E-1,2.033201694E0,5.641801340E0
1.550708668E1,-5.055013657E0,-4.550967216E-1,1.979166865E0,5.447694703E0
1.551211225E1,-4.596495152E0,-5.047039986E-1,1.852969885E0,4.981565135E0
1.551713783E1,-3.994314671E0,-5.481491089E-1,1.636218309E0,4.351117959E0
1.552216340E1,-3.497830391E0,-5.290250778E-1,1.439631462E0,3.819322417E0
1.552718897E1,-3.116923332E0,-4.721946716E-1,1.273214102E0,3.399890148E0
1.553221454E1,-2.837327480E0,-5.598812103E-1,1.003684044E0,3.061253969E0
1.553724012E1,-2.639619350E0,-8.681254387E-1,6.179175377E-1,2.846586408E0
1.554226569E1,-2.399104118E0,-1.305329800E0,6.943874061E-2,2.732106915E0
1.554729126E1,-1.809403896E0,-1.908975601E0,-6.727077365E-1,2.714897052E0
1.555231684E1,-8.659567833E-1,-2.649873257E0,-1.576041222E0,3.202438970E0
1.555734241E1,2.637500763E-1,-3.541769028E0,-2.340072393E0,4.253190656E0
1.556236798E1,1.393536568E0,-4.607616425E0,-2.757165194E0,5.547434829E0
1.556739356E1,2.390243530E0,-5.635713100E0,-2.751686096E0,6.711654241E0
1.557241913E1,3.230895996E0,-6.567636490E0,-2.522320032E0,7.741746337E0
1.557744470E1,3.739449501E0,-7.168172359E0,-2.143873453E0,8.364351196E0
1.558247027E1,3.840192795E0,-7.274595737E0,-1.495600939E0,8.360840030E0
1.558749585E1,3.734523773E0,-6.681887627E0,-5.667678714E-1,7.675644330E0
1.559252142E1,3.570234299E0,-5.540397167E0,3.667531013E-1,6.601293930E0
1.559754699E1,3.255624771E0,-4.120039463E0,1.331305742E0,5.417212642E0
1.560257257E1,2.890316963E0,-2.618562698E0,2.477336407E0,4.620389424E0
1.560759814E1,2.616799355E0,-1.338560104E0,3.505605459E0,4.574784328E0
1.561262371E1,2.424370766E0,-4.195666313E-1,4.299670219E0,4.953864528E0
1.561764928E1,2.288076401E0,8.532381058E-2,4.843898773E0,5.357791438E0
1.562267486E1,2.307554245E0,2.813353539E-1,5.237425804E0,5.730147051E0
1.562770043E1,2.568028450E0,3.310256004E-1,5.579343796E0,6.150888168E0
1.563272600E1,2.863040924E0,3.059973717E-1,5.887691498E0,6.554048283E0
1.563775158E1,3.034540176E0,1.682271957E-1,6.180460453E0,6.887294526E0
1.564277715E1,3.106627464E0,-1.104731560E-1,6.332163334E0,7.054050681E0
1.564780267E1,3.165845871E0,-5.199055672E-1,6.146740913E0,6.933635824E0
1.565282819E1,3.169837952E0,-9.302053452E-1,5.687927246E0,6.577664554E0
1.565785371E1,2.937772751E0,-1.154195309E0,5.105858326E0,6.002704790E0
1.566287923E1,2.657365799E0,-1.143496513E0,4.569346428E0,5.408151629E0
1.566790475E1,2.439315796E0,-9.363365173E-1,3.983925819E0,4.764310292E0
1.567293027E1,2.169181824E0,-6.430459023E-1,3.394252777E0,4.079192289E0
1.567795580E1,1.804336548E0,-3.356404305E-1,2.845215321E0,3.385784266E0
1.568298132E1,1.359602928E0,-9.409904480E-3,2.286079884E0,2.659843962E0
1.568800684E1,9.407091141E-1,3.070640564E-1,1.633258939E0,1.909648327E0
1.569303236E1,6.436252594E-1,5.518617630E-1,9.133632183E-1,1.246209151E0
1.569805788E1,4.012956619E-1,8.397998810E-1,2.487909794E-1,9.634308485E-1
1.570308340E1,2.323818207E-1,1.179839134E0,-2.858270109E-1,1.236009212E0
1.570810892E1,1.457185745E-1,1.532944918E0,-7.690020204E-1,1.721196715E0
1.571313444E1,8.779239655E-2,1.840930939E0,-1.159705400E0,2.177533201E0
1.571815996E1,5.256652832E-3,2.031611681E0,-1.431798935E0,2.485462099E0
1.572318548E1,-1.025753021E-1,2.061585665E0,-1.621806502E0,2.625054947E0
1.572821100E1,-1.501073837E-1,1.921248436E0,-1.785681248E0,2.627239102E0
1.573323652E1,-1.470451355E-1,1.587246180E0,-1.802903771E0,2.406539988E0
1.573826204E1,-7.902431488E-2,1.203630447E0,-1.554458857E0,1.967565357E0
1.574328757E1,1.112270355E-2,8.569426537E-1,-1.057214260E0,1.360946883E0
1.574831309E1,1.142082214E-1,5.571208000E-1,-5.007364750E-1,7.577361817E-1
1.575333861E1,7.296466827E-2,2.712578773E-1,1.120607853E-1,3.024273441E-1
1.575836413E1,-8.774948120E-2,-4.466533661E-3,6.927787066E-1,6.983281876E-1
1.576338965E1,-2.712926865E-1,-2.736873627E-1,1.234814525E0,1.293549923E0
1.576841517E1,-3.524436951E-1,-5.638942719E-1,1.607460022E0,1.739574957E0
1.577344069E1,-2.683830261E-1,-8.213214874E-1,1.900036573E0,2.087279908E0
1.577846621E1,-6.663799286E-2,-9.018201828E-1,2.296579123E0,2.468196899E0
1.578349173E1,2.143583298E-1,-7.626323700E-1,2.793876648E0,2.904015212E0
1.578851725E1,4.593153000E-1,-5.289912224E-1,3.173838139E0,3.250238574E0
1.579354277E1,6.151189804E-1,-1.970243454E-1,3.382051468E0,3.443176162E0
1.579856830E1,6.670713425E-1,1.942257881E-1,3.432718992E0,3.502323159E0
1.580359382E1,6.867151260E-1,5.676898956E-1,3.326530218E0,3.443784658E0
1.580861934E1,6.547842026E-1,9.422311783E-1,3.126694918E0,3.330579988E0
1.581364486E1,5.713605881E-1,1.270008087E0,2.919766903E0,3.234874376E0
1.581867038E1,4.938802719E-1,1.541418076E0,2.716032982E0,3.161759410E0
1.582369595E1,4.174404144E-1,1.813661814E0,2.554812908E0,3.160806016E0
1.582872152E1,3.753452301E-1,2.091180325E0,2.489990473E0,3.273220394E0
1.583374710E1,4.438285828E-1,2.344846487E0,2.513186693E0,3.465746127E0
1.583877267E1,6.032381058E-1,2.626692772E0,2.611126184E0,3.752517966E0
1.584379824E1,7.430562973E-1,2.907374144E0,2.755530119E0,4.074052443E0
1.584882382E1,7.576723099E-1,3.167138577E0,2.845912457E0,4.324818124E0
1.585384939E1,6.182146072E-1,3.362517595E0,2.715670586E0,4.366186048E0
1.585887496E1,4.346799850E-1,3.474268198E0,2.466809511E0,4.283063783E0
1.586390054E1,2.644920349E-1,3.512171984E0,2.187432528E0,4.146102886E0
1.586892611E1,1.651716232E-1,3.467130423E0,1.855343938E0,3.935806926E0
1.587395168E1,1.844329834E-1,3.430235624E0,1.553227663E0,3.770019647E0
1.587897725E1,2.073564529E-1,3.411175489E0,1.386974931E0,3.688199341E0
1.588400283E1,2.243223190E-1,3.462505579E0,1.346554518E0,3.721891247E0
1.588902840E1,2.878684998E-1,3.579242945E0,1.292369843E0,3.816289840E0
1.589405397E1,3.835210800E-1,3.684643269E0,1.175408363E0,3.886549788E0
1.589907955E1,4.920911789E-1,3.692550182E0,1.061482549E0,3.873477221E0
1.590410512E1,6.230773926E-1,3.574259043E0,9.780854583E-1,3.757686031E0
1.590913069E1,7.619438171E-1,3.391834259E0,9.817213416E-1,3.612322634E0
1.591415626E1,8.656802177E-1,3.221890450E0,1.095301270E0,3.511362297E0
1.591918184E1,8.530864716E-1,3.074021578E0,1.293914199E0,3.442612256E0
1.592420741E1,7.339606285E-1,2.876541138E0,1.499919653E0,3.326100733E0
1.592923298E1,5.470142365E-1,2.610799074E0,1.640865803E0,3.131762597E0
1.593425856E1,2.688908577E-1,2.282299519E0,1.725868225E0,2.873989303E0
1.593928413E1,-1.810917854E-1,2.006581545E0,1.797725916E0,2.700181883E0
1.594430970E1,-7.207612991E-1,1.860991955E0,1.899093151E0,2.754876168E0
1.594933527E1,-1.191513538E0,1.846293449E0,2.058653355E0,3.011072508E0
1.595436085E1,-1.516459942E0,1.833814144E0,2.204705238E0,3.243955958E0
1.595938642E1,-1.657288551E0,1.785594940E0,2.313608170E0,3.359722815E0
1.596441199E1,-1.604810238E0,1.701467991E0,2.304709435E0,3.283610026E0
1.596943757E1,-1.469524384E0,1.585898399E0,2.212414026E0,3.093436838E0
1.597446314E1,-1.280401707E0,1.443474770E0,2.075735092E0,2.834029660E0
1.597948871E1,-1.032988071E0,1.316914558E0,1.947828293E0,2.568143954E0
1.598451429E1,-7.803702354E-1,1.205663204E0,1.834087133E0,2.329480002E0
1.598953986E1,-5.374193192E-1,1.085116386E0,1.787689447E0,2.159196762E0
1.599456543E1,-3.046197891E-1,9.259958267E-1,1.780696392E0,2.030059390E0
1.599959100E1,-1.254091263E-1,7.039732933E-1,1.799437404E0,1.936305972E0
1.600461658E1,7.160139084E-2,4.521355629E-1,1.830119610E0,1.886502349E0
1.600964215E1,3.243622780E-1,1.271862984E-1,1.839803219E0,1.872501836E0
1.601466772E1,6.133584976E-1,-2.041602135E-1,1.795517802E0,1.908343318E0
1.601969330E1,8.569464684E-1,-5.470027924E-1,1.735897779E0,2.011693417E0
1.602471887E1,1.040589809E0,-8.920354843E-1,1.637272120E0,2.135231709E0
1.602974444E1,1.135591984E0,-1.215378284E0,1.495328784E0,2.236676485E0
1.603477001E1,1.165975571E0,-1.555241585E0,1.320318818E0,2.349790884E0
1.603979559E1,1.151165485E0,-1.925590992E0,1.113072157E0,2.504398584E0
1.604482116E1,1.091703415E0,-2.287440300E0,8.695008755E-1,2.679595351E0
1.604984673E1,9.930171967E-1,-2.568260193E0,6.716347337E-1,2.834278883E0
1.605487230E1,8.462991714E-1,-2.733756065E0,5.773291588E-1,2.919409781E0
1.605989788E1,7.096991539E-1,-2.792823315E0,5.863219500E-1,2.940630610E0
1.606492345E1,6.460862160E-1,-2.754396915E0,7.456612587E-1,2.925771775E0
1.606994902E1,6.558666229E-1,-2.637286663E0,1.015814304E0,2.901261910E0
1.607497460E1,7.151966095E-1,-2.374655247E0,1.376080990E0,2.836210962E0
1.608000017E1,8.382253647E-1,-2.019680023E0,1.757858872E0,2.805672285E0
1.608502574E1,9.577994347E-1,-1.615829945E0,2.135644674E0,2.844163206E0
1.609005132E1,1.068806171E0,-1.206753254E0,2.440890551E0,2.925157556E0
1.609507689E1,1.166143894E0,-8.120474815E-1,2.634174109E0,2.993022875E0
1.610010246E1,1.297281742E0,-4.752125740E-1,2.752734661E0,3.079986205E0
1.610512804E1,1.433069706E0,-1.679716110E-1,2.800332069E0,3.150200461E0
1.611015361E1,1.549008369E0,1.042499542E-1,2.756737709E0,3.163842249E0
1.611517918E1,1.620630741E0,3.743171692E-1,2.702255726E0,3.173128322E0
1.612020475E1,1.585350990E0,6.321625710E-1,2.641003370E0,3.144497747E0
1.612523033E1,1.476386547E0,8.917260170E-1,2.601733685E0,3.121523777E0
1.613025590E1,1.250671864E0,1.133794785E0,2.522408962E0,3.035163537E0
1.613528147E1,9.848847389E-1,1.296271801E0,2.422570229E0,2.918760875E0
1.614030704E1,7.366523743E-1,1.422567844E0,2.302272320E0,2.804784096E0
1.614533262E1,5.203242302E-1,1.512754917E0,2.190169573E0,2.712196066E0
1.615035819E1,3.119926453E-1,1.533432961E0,2.086163759E0,2.607841116E0
1.615538376E1,7.824277878E-2,1.513423920E0,1.951939344E0,2.471161892E0
1.616040934E1,-2.141227722E-1,1.448259830E0,1.796949744E0,2.317829476E0
1.616543491E1,-5.265307426E-1,1.352574348E0,1.611763477E0,2.168979829E0
1.617046048E1,-8.109331131E-1,1.216997623E0,1.449016690E0,2.058724143E0
1.617548606E1,-1.043266773E0,1.036914825E0,1.279971600E0,1.949852613E0
1.618051163E1,-1.242587566E0,8.124208450E-1,1.014179230E0,1.797946328E0
1.618553720E1,-1.351324558E0,5.437407494E-1,6.813546419E-1,1.608097078E0
1.619056277E1,-1.441202641E0,3.027114868E-1,3.780644238E-1,1.520405210E0
1.619558835E1,-1.641344070E0,4.138851166E-2,-1.000764966E-2,1.641896318E0
1.620061392E1,-1.889364243E0,-2.401928902E-1,-5.297472477E-1,1.976871774E0
1.620563949E1,-2.180379391E0,-4.654569626E-1,-1.064962626E0,2.470799438E0
1.621066507E1,-2.122481823E0,-5.154104233E-1,-1.313863277E0,2.548884796E0
1.621569064E1,-1.918487549E0,-6.222076416E-1,-1.669117093E0,2.617955060E0
1.622071621E1,-2.062045097E0,-7.152986526E-1,-1.984817266E0,2.950115545E0
1.622574178E1,-2.461955547E0,-8.281741142E-1,-2.411381960E0,3.544271496E0
1.623076730E1,-2.892803192E0,-9.887762070E-1,-2.836228848E0,4.170153807E0
1.623579283E1,-3.134194374E0,-1.176943302E0,-3.342440367E0,4.730779800E0
1.624081835E1,-3.277030468E0,-1.339151382E0,-3.739916563E0,5.149682613E0
1.624584387E1,-3.373897076E0,-1.551276207E0,-3.911538839E0,5.393493806E0
1.625086939E1,-3.410364628E0,-1.851051331E0,-3.932641745E0,5.524730673E0
1.625589491E1,-3.562801838E0,-2.246920586E0,-3.803245068E0,5.675110757E0
1.626092043E1,-3.863418102E0,-2.698950291E0,-3.438493729E0,5.833829894E0
1.626594595E1,-4.535110950E0,-3.195211411E0,-2.812947750E0,6.220070927E0
1.627097147E1,-4.399266243E0,-3.608881950E0,-2.422590971E0,6.184377044E0
1.627599699E1,-4.321455956E0,-3.938576698E0,-2.232145071E0,6.258581277E0
1.628102251E1,-4.219615936E0,-4.154637337E0,-1.971320391E0,6.241175701E0
1.628604804E1,-4.628802776E0,-4.126927376E0,-1.464406729E0,6.371956668E0
1.629107356E1,-4.538506031E0,-4.198573589E0,-1.057364821E0,6.272485755E0
1.629609908E1,-4.083374977E0,-4.269100189E0,-1.113700032E0,6.011613377E0
1.630112460E1,-3.594247341E0,-4.281808853E0,-1.116384864E0,5.700773296E0
1.630615012E1,-2.942619801E0,-4.338294983E0,-1.084141374E0,5.353053070E0
1.631117564E1,-2.311067581E0,-4.325029373E0,-9.740126729E-1,4.999561294E0
1.631620116E1,-1.848433971E0,-4.157298088E0,-7.675322890E-1,4.613994078E0
1.632122668E1,-1.526612759E0,-3.855995178E0,-4.992710352E-1,4.177142192E0
1.632625220E1,-1.436981201E0,-3.398674488E0,-1.559914351E-1,3.693269091E0
1.633127772E1,-1.522483349E0,-2.810507298E0,3.181968033E-1,3.212188665E0
1.633630324E1,-1.659053326E0,-2.168890953E0,7.778967619E-1,2.839307887E0
1.634132876E1,-1.732440472E0,-1.546412945E0,1.101951599E0,2.570416369E0
1.634635428E1,-1.757678509E0,-9.055442810E-1,1.332277775E0,2.384199709E0
1.635137980E1,-1.850076199E0,-2.516026497E-1,1.554243565E0,2.429353596E0
1.635640533E1,-2.033911705E0,3.766431808E-1,1.700432301E0,2.677709267E0
1.636143085E1,-2.223265648E0,8.880920410E-1,1.708639383E0,2.941269480E0
1.636645637E1,-2.317987919E0,1.268173695E0,1.546035290E0,3.061299990E0
1.637148189E1,-2.270717621E0,1.535602808E0,1.300083160E0,3.033883769E0
1.637650741E1,-2.125040054E0,1.708967209E0,9.725299478E-1,2.895199242E0
1.638153293E1,-1.924560547E0,1.773163319E0,5.990482569E-1,2.684567054E0
1.638655845E1,-1.698219776E0,1.670507431E0,2.007723153E-1,2.390576292E0
1.639158397E1,-1.470032215E0,1.367494822E0,-2.635959983E-1,2.024973988E0
1.639660949E1,-1.239861488E0,9.123058319E-1,-7.542606592E-1,1.714195900E0
1.640163501E1,-1.112405777E0,3.824152946E-1,-1.150706291E0,1.645543387E0
1.640666054E1,-9.816856384E-1,-1.302146912E-1,-1.414483786E0,1.726680902E0
1.641168611E1,-8.086271286E-1,-6.386456490E-1,-1.655666590E0,1.950122549E0
1.641671168E1,-5.256323814E-1,-1.175257206E0,-1.864657402E0,2.265936038E0
1.642173725E1,-9.403896332E-2,-1.657882690E0,-2.017388821E0,2.612905661E0
1.642676283E1,4.527673721E-1,-2.076633453E0,-2.051632643E0,2.954082141E0
1.643178840E1,9.761304855E-1,-2.402663708E0,-2.020047903E0,3.287281118E0
1.643681397E1,1.442660332E0,-2.645613194E0,-1.994470000E0,3.613647546E0
1.644183954E1,1.871639252E0,-2.815070152E0,-1.927207470E0,3.891244285E0
1.644686512E1,2.267897606E0,-2.887231827E0,-1.856968403E0,4.114340630E0
1.645189069E1,2.597819328E0,-2.910263062E0,-1.789488554E0,4.291918643E0
1.645691626E1,2.799143791E0,-2.846212387E0,-1.720518351E0,4.346989109E0
1.646194184E1,2.943652153E0,-2.762322426E0,-1.631239057E0,4.353901014E0
1.646696741E1,3.040897369E0,-2.697049618E0,-1.545580268E0,4.348557441E0
1.647199298E1,3.119630814E0,-2.669606686E0,-1.463152647E0,4.358865900E0
1.647701856E1,3.170166969E0,-2.675510406E0,-1.340557456E0,4.359519336E0
1.648204413E1,3.159090042E0,-2.671697140E0,-1.196935415E0,4.307025643E0
1.648706970E1,3.124670982E0,-2.591333389E0,-9.656105042E-1,4.172646777E0
1.649209527E1,3.038439751E0,-2.376793385E0,-6.279286146E-1,3.908395739E0
1.649712085E1,2.866994858E0,-2.051981926E0,-1.609973907E-1,3.529335561E0
1.650214642E1,2.615226746E0,-1.678923130E0,2.950132489E-1,3.121734554E0
1.650717199E1,2.369235039E0,-1.343467712E0,7.001963258E-1,2.812197550E0
1.651219757E1,2.147817612E0,-1.026489735E0,1.029123425E0,2.593433379E0
1.651722314E1,1.850129128E0,-6.707749367E-1,1.371561050E0,2.398769793E0
1.652224871E1,1.442426682E0,-2.429933548E-1,1.788305044E0,2.310340978E0
1.652727428E1,9.820423126E-1,2.425189018E-1,2.244709015E0,2.462100949E0
1.653229986E1,4.497671127E-1,8.001356125E-1,2.663350105E0,2.817080268E0
1.653732543E1,-1.735672951E-1,1.372406006E0,3.005394697E0,3.308477163E0
1.654235100E1,-7.779560089E-1,1.882704020E0,3.170318365E0,3.768382745E0
1.654737658E1,-1.282301426E0,2.388041735E0,3.225881100E0,4.213472338E0
1.655240215E1,-1.749231339E0,2.906760454E0,3.249669790E0,4.697810166E0
1.655742772E1,-2.260357380E0,3.409418344E0,3.285807133E0,5.246892170E0
1.656245330E1,-2.811100960E0,3.861877918E0,3.330374718E0,5.823039191E0
1.656747887E1,-3.396719456E0,4.273339272E0,3.379453421E0,6.420267675E0
1.657250444E1,-3.969169140E0,4.667718410E0,3.438798904E0,7.026182230E0
1.657753001E1,-4.561669350E0,5.093057632E0,3.523313999E0,7.691671134E0
1.658255559E1,-5.178420544E0,5.516501904E0,3.647682428E0,8.399608305E0
1.658758116E1,-5.890429497E0,5.943711758E0,3.797839642E0,9.189584052E0
1.659260673E1,-6.639584541E0,6.332381248E0,3.868868828E0,9.957473634E0
1.659763230E1,-7.191168308E0,6.692443371E0,3.818337679E0,1.053951624E1
1.660265788E1,-7.540433884E0,7.004848003E0,3.609396458E0,1.090659349E1
1.660768345E1,-7.840700626E0,7.269345284E0,3.272573709E0,1.118166829E1
1.661270902E1,-8.163639069E0,7.538590908E0,2.943570375E0,1.149521476E1
1.661773460E1,-8.547419548E0,7.860411644E0,2.570958614E0,1.189345536E1
1.662276017E1,-8.939142227E0,8.201556206E0,2.088887691E0,1.231004629E1
1.662778574E1,-9.262171745E0,8.428291321E0,1.522059917E0,1.261509360E1
1.663281132E1,-9.392196655E0,8.493105888E0,9.424911141E-1,1.269781458E1
1.663783689E1,-9.353610039E0,8.395930290E0,3.839202523E-1,1.257493781E1
1.664286246E1,-9.237737656E0,8.184482574E0,-1.055309772E-1,1.234231294E1
1.664788804E1,-8.997073174E0,8.045149803E0,-3.966566920E-1,1.207597191E1
1.665291361E1,-8.928490639E0,7.968060017E0,-4.422456622E-1,1.197512032E1
1.665793918E1,-8.945493698E0,7.872190475E0,-3.340546489E-1,1.192077317E1
1.666296475E1,-8.908865929E0,7.715193748E0,-1.735580564E-1,1.178652744E1
1.666799033E1,-8.727431297E0,7.612545967E0,1.406019926E-2,1.158098056E1
1.667301590E1,-8.396566391E0,7.588204384E0,2.658376992E-1,1.132050540E1
1.667804147E1,-7.973998547E0,7.522412777E0,4.128210843E-1,1.097003956E1
1.668306704E1,-7.622571945E0,7.467789173E0,4.200343192E-1,1.067932147E1
1.668809262E1,-7.256417274E0,7.414467335E0,2.765647173E-1,1.037816966E1
1.669311819E1,-6.952305794E0,7.410034180E0,8.206719160E-2,1.016119567E1
1.669814376E1,-6.715094566E0,7.439943790E0,-1.641891003E-1,1.002358303E1
1.670316934E1,-6.573457718E0,7.475346088E0,-4.907568693E-1,9.966543424E0
1.670819491E1,-6.460268974E0,7.525774479E0,-8.633114696E-1,9.955785425E0
1.671322048E1,-6.332481384E0,7.571911812E0,-1.199437380E0,9.943481231E0
1.671824606E1,-6.199703217E0,7.623215675E0,-1.512899160E0,9.941760462E0
1.672327163E1,-5.999927521E0,7.641161442E0,-1.750743389E0,9.871756726E0
1.672829720E1,-5.680813789E0,7.544219494E0,-1.917634606E0,9.636608094E0
1.673332277E1,-5.362183571E0,7.451933861E0,-1.984825850E0,9.392755962E0
1.673834835E1,-5.110882759E0,7.335696220E0,-1.861081600E0,9.132205995E0
1.674337392E1,-4.625400543E0,7.157401562E0,-1.813827991E0,8.712789409E0
1.674839949E1,-4.001764774E0,6.864356518E0,-1.765761137E0,8.139497780E0
1.675342507E1,-3.345445156E0,6.442236423E0,-1.764349461E0,7.470431209E0
1.675845064E1,-2.546829700E0,5.948134422E0,-1.866349697E0,6.734233870E0
1.676347621E1,-1.582427979E0,5.376977444E0,-2.060575008E0,5.971761390E0
1.676850178E1,-3.999996185E-1,4.556396961E0,-2.187150955E0,5.069948941E0
1.677352736E1,9.713354111E-1,3.429080486E0,-2.096737385E0,4.135020329E0
1.677855293E1,2.473912716E0,2.081440449E0,-1.775025845E0,3.688272660E0
1.678357850E1,4.361247540E0,4.087619781E-1,-1.542377710E0,4.643974102E0
1.678860408E1,6.958374977E0,-1.889641762E0,-1.822543859E0,7.437163063E0
1.679362965E1,1.010254383E1,-4.841229916E0,-2.634725571E0,1.150828735E1
1.679865522E1,1.348783875E1,-7.937940121E0,-3.141162634E0,1.596244311E1
1.680368080E1,1.668413925E1,-1.062486553E1,-2.866527319E0,1.998662675E1
1.680870632E1,1.900299835E1,-1.255388832E1,-1.790263653E0,2.284554885E1
1.681373184E1,2.016706657E1,-1.346399593E1,-6.875526905E-2,2.424859765E1
1.681875736E1,2.016143799E1,-1.318544197E1,1.989746332E0,2.417226825E1
1.682378288E1,1.905623817E1,-1.180233574E1,4.151756763E0,2.279632485E1
1.682880840E1,1.714605331E1,-9.661497116E0,6.036862850E0,2.058580540E1
1.683383392E1,1.477908707E1,-7.328433037E0,7.164844990E0,1.798505905E1
1.683885944E1,1.244828224E1,-5.295974255E0,7.173643112E0,1.531235545E1
1.684388496E1,1.018336868E1,-3.774268150E0,6.090329647E0,1.245143417E1
1.684891048E1,8.053141594E0,-2.662161350E0,4.270633698E0,9.496236347E0
1.685393600E1,6.188590527E0,-1.839242458E0,2.031816959E0,6.768289716E0
1.685896152E1,4.672584057E0,-1.309247971E0,-2.912121415E-1,4.861273139E0
1.686398705E1,3.611456871E0,-1.171220303E0,-2.213966131E0,4.394999859E0
1.686901257E1,3.368540764E0,-1.672992706E0,-3.754179955E0,5.314116917E0
1.687403809E1,3.421265125E0,-2.445606232E0,-4.679485321E0,6.291552095E0
1.687906361E1,3.395844460E0,-3.230518341E0,-4.936779022E0,6.807333947E0
1.688408913E1,3.149118900E0,-3.869146347E0,-4.774724960E0,6.905450148E0
1.688911465E1,2.639208794E0,-4.235805511E0,-4.421528816E0,6.667637397E0
1.689414017E1,1.934859276E0,-4.376458168E0,-4.012971401E0,6.245078541E0
1.689916569E1,1.171456814E0,-4.456885815E0,-3.621667862E0,5.861110845E0
1.690419121E1,5.365867615E-1,-4.513995171E0,-3.247026682E0,5.586345856E0
1.690921673E1,6.913614273E-2,-4.403320789E0,-2.758215189E0,5.196322239E0
1.691424225E1,-2.118787766E-1,-4.167984486E0,-2.106339693E0,4.674789214E0
1.691926777E1,-2.545685768E-1,-3.899669647E0,-1.395993471E0,4.149822441E0
1.692429330E1,-2.937555313E-1,-3.641793251E0,-6.260335445E-1,3.706867734E0
1.692931882E1,-4.395990372E-1,-3.322820663E0,2.135307789E-1,3.358568128E0
1.693434434E1,-6.203870773E-1,-2.861576080E0,1.007167101E0,3.096430745E0
1.693936986E1,-7.361712456E-1,-2.277760029E0,1.642906427E0,2.903322301E0
1.694439538E1,-8.451738358E-1,-1.605739594E0,2.090178967E0,2.767953498E0
1.694942090E1,-1.120079994E0,-7.982769012E-1,2.376356602E0,2.745704992E0
1.695444642E1,-1.513428211E0,3.379201889E-2,2.323723316E0,2.773318752E0
1.695947194E1,-1.910834312E0,8.609061241E-1,1.851593018E0,2.796577163E0
1.696449746E1,-2.307983398E0,1.663012743E0,1.119698763E0,3.057143122E0
1.696952298E1,-2.810315132E0,2.444270611E0,3.885891140E-1,3.744773886E0
1.697454850E1,-3.393774509E0,3.118343115E0,-2.298824787E-1,4.614608884E0
1.697957402E1,-4.020246983E0,3.632282972E0,-6.586642265E-1,5.457994499E0
1.698459955E1,-4.622918129E0,3.957273960E0,-9.552809596E-1,6.159866146E0
1.698962512E1,-5.192367077E0,4.184204102E0,-1.062376976E0,6.752546532E0
1.699465069E1,-5.637728691E0,4.322787762E0,-1.032768369E0,7.178933718E0
1.699967626E1,-5.839753151E0,4.344170094E0,-8.618738055E-1,7.329212585E0
1.700470184E1,-5.884983063E0,4.300833702E0,-5.786629319E-1,7.311979689E0
1.700972741E1,-5.849969864E0,4.145201206E0,-3.074694872E-1,7.176306706E0
1.701475298E1,-5.696185112E0,3.858792782E0,-4.824513197E-2,6.880344043E0
1.701977856E1,-5.318203926E0,3.361077309E0,7.891577482E-2,6.291769336E0
1.702480413E1,-4.639506340E0,2.605023861E0,3.520923853E-2,5.320940526E0
1.702982970E1,-3.315882206E0,1.347472906E0,-2.511059046E-1,3.588009506E0
1.703485527E1,-8.120584488E-1,-8.506498337E-1,-1.380071878E0,1.813185720E0
1.703988085E1,2.694078445E0,-3.959929943E0,-3.176751614E0,5.747247571E0
1.704490642E1,6.293279648E0,-7.401287079E0,-4.695345879E0,1.079030547E1
1.704993199E1,9.144832611E0,-1.097327232E1,-5.352806568E0,1.525428488E1
1.705495757E1,1.055310631E1,-1.390871048E1,-4.576613426E0,1.804897976E1
1.705998314E1,1.044946575E1,-1.535871410E1,-2.085124493E0,1.869302484E1
1.706500871E1,9.524385452E0,-1.496307945E1,1.086407423E0,1.777042335E1
1.707003429E1,8.136669159E0,-1.277327919E1,3.865158558E0,1.563014705E1
1.707505986E1,6.945165634E0,-9.506571770E0,5.965952873E0,1.319859183E1
1.708008543E1,6.272095680E0,-5.953703880E0,7.303150177E0,1.131908904E1
1.708511100E1,6.147773743E0,-2.902103901E0,7.539579391E0,1.015197451E1
1.709013658E1,6.426701546E0,-8.101511002E-1,6.428873062E0,9.126294232E0
1.709516215E1,6.997715950E0,4.703636169E-1,4.324886322E0,8.239776220E0
1.710018772E1,7.495840073E0,1.129867554E0,1.950696230E0,7.827479471E0
1.710521330E1,8.125194550E0,1.149091721E0,-3.045964241E-1,8.211697585E0
1.711023887E1,8.123538017E0,6.109290123E-1,-2.009410858E0,8.390639795E0
1.711526444E1,6.961455345E0,-1.429591179E-1,-1.897874594E0,7.216940197E0
1.712029001E1,8.376586914E0,-2.004398823E0,-2.767189741E0,9.046665796E0
1.712531559E1,8.893977165E0,-3.665705681E0,-3.360440731E0,1.018983758E1
1.713034116E1,7.913347244E0,-4.670631886E0,-2.576145887E0,9.543185760E0
1.713536673E1,6.634323120E0,-5.226774693E0,-1.561482787E0,8.589042173E0
1.714039231E1,5.758289337E0,-5.540689468E0,-1.129675865E0,8.070520642E0
1.714541788E1,5.100748062E0,-5.757058620E0,-1.114381671E0,7.771949644E0
1.715044345E1,4.524803162E0,-5.953926086E0,-1.291065693E0,7.588802944E0
1.715546902E1,4.117821693E0,-6.071245193E0,-1.489070415E0,7.485573084E0
1.716049460E1,3.985202789E0,-6.079168797E0,-1.663994074E0,7.457010849E0
1.716552017E1,4.150032997E0,-5.944648266E0,-1.767946720E0,7.462389194E0
1.717054574E1,4.414796829E0,-5.587956429E0,-1.701940775E0,7.322041416E0
1.717557132E1,4.634449959E0,-5.169471264E0,-1.625809193E0,7.130555034E0
1.718059689E1,4.759783745E0,-4.729953766E0,-1.598667383E0,6.898096935E0
1.718562246E1,4.737109184E0,-4.333693027E0,-1.497819543E0,6.592765889E0
1.719064804E1,4.541831970E0,-4.020416260E0,-1.415958643E0,6.228717639E0
1.719567361E1,4.120985031E0,-3.800622463E0,-1.454917669E0,5.791721174E0
1.720069918E1,3.598890305E0,-3.679602623E0,-1.691745877E0,5.417886211E0
1.720572475E1,2.836980820E0,-3.595129490E0,-1.959191799E0,4.981149338E0
1.721075033E1,1.797601700E0,-3.427086830E0,-2.209592819E0,4.456298513E0
1.721577590E1,5.152492523E-1,-3.207822323E0,-2.494977951E0,4.096403401E0
1.722080147E1,-9.036598206E-1,-2.973931789E0,-2.852186918E0,4.218511773E0
1.722582705E1,-2.371901512E0,-2.723494053E0,-3.240622520E0,4.852316041E0
1.723085262E1,-3.763962746E0,-2.487659454E0,-3.624171257E0,5.787096199E0
1.723587819E1,-4.940311909E0,-2.302589417E0,-3.914066076E0,6.710328831E0
1.724090376E1,-5.862130165E0,-2.190246582E0,-4.003401279E0,7.428928050E0
1.724592934E1,-6.562684059E0,-2.058479786E0,-3.867600203E0,7.890785285E0
1.725095491E1,-7.056120396E0,-1.815474987E0,-3.511955261E0,8.088177435E0
1.725598048E1,-7.270560265E0,-1.451157093E0,-2.970833302E0,7.987036620E0
1.726100606E1,-7.211020470E0,-9.657697678E-1,-2.283867836E0,7.625456036E0
1.726603163E1,-7.040639400E0,-3.650574684E-1,-1.457734346E0,7.199226316E0
1.727105720E1,-6.898620129E0,2.779254913E-1,-6.574068069E-1,6.935444180E0
1.727608277E1,-6.660989761E0,9.619281292E-1,1.101642698E-1,6.730990008E0
1.728110835E1,-6.376236916E0,1.738110542E0,7.857736349E-1,6.655438803E0
1.728613392E1,-6.136007309E0,2.542542696E0,1.377675772E0,6.783295629E0
1.729115949E1,-5.921784401E0,3.392896652E0,1.894312620E0,7.082915959E0
1.729618507E1,-5.672236919E0,4.273100376E0,2.334635735E0,7.475572387E0
1.730121064E1,-5.373837471E0,5.100455284E0,2.669086695E0,7.875074416E0
1.730623621E1,-5.108905792E0,5.873455048E0,2.935302734E0,8.319518900E0
1.731126179E1,-5.021627426E0,6.614964962E0,3.108761549E0,8.867857792E0
1.731628736E1,-5.064662933E0,7.300123215E0,3.174773693E0,9.435136331E0
1.732131293E1,-5.099805832E0,7.899435997E0,3.152499437E0,9.917023812E0
1.732633850E1,-5.161035538E0,8.378920555E0,3.051763535E0,1.030319650E1
1.733136408E1,-5.244244099E0,8.742581367E0,2.843891621E0,1.058407033E1
1.733638965E1,-5.388219357E0,8.980277061E0,2.572515011E0,1.078406776E1
1.734141522E1,-5.559770584E0,9.144336700E0,2.262346745E0,1.093837993E1
1.734644080E1,-5.778131485E0,9.182107925E0,1.833372593E0,1.100268897E1
1.735146637E1,-6.105375767E0,9.122564316E0,1.382729053E0,1.106384800E1
1.735649194E1,-6.469328880E0,9.047639847E0,8.971337080E-1,1.115871193E1
1.736151751E1,-6.850357056E0,8.919818878E0,3.300558329E-1,1.125164421E1
1.736654309E1,-7.190522194E0,8.711299896E0,-2.311919183E-1,1.129795579E1
1.737156866E1,-7.503714561E0,8.466029167E0,-7.092112899E-1,1.133500608E1
1.737659423E1,-7.775188923E0,8.189527512E0,-1.122748852E0,1.134823725E1
1.738161975E1,-8.047592163E0,7.901673794E0,-1.490519404E0,1.137637185E1
1.738664527E1,-8.310871124E0,7.665420532E0,-1.807128429E0,1.144967091E1
1.739167080E1,-8.550222397E0,7.471873760E0,-2.033665180E0,1.153564019E1
1.739669632E1,-8.683898926E0,7.316940784E0,-2.169880867E0,1.156097340E1
1.740172184E1,-8.788155556E0,7.162922859E0,-2.235176563E0,1.155574127E1
1.740674736E1,-8.771842957E0,6.967248917E0,-2.239960432E0,1.142388765E1
1.741177288E1,-8.735309601E0,6.739863396E0,-2.194762468E0,1.124937219E1
1.741679840E1,-8.659297943E0,6.528815746E0,-2.095941544E0,1.104544462E1
1.742182392E1,-8.519968987E0,6.343566895E0,-1.935351849E0,1.079705049E1
1.742684944E1,-8.307779312E0,6.184111118E0,-1.785812974E0,1.050959349E1
1.743187496E1,-8.113688469E0,5.992964745E0,-1.667162418E0,1.022384456E1
1.743690048E1,-7.966157913E0,5.837341309E0,-1.637416244E0,1.001076208E1
1.744192600E1,-7.788518906E0,5.650300980E0,-1.677379727E0,9.767319522E0
1.744695152E1,-7.504070759E0,5.494271278E0,-1.724942684E0,9.459044460E0
1.745197704E1,-7.074832439E0,5.330689907E0,-1.808314443E0,9.040990546E0
1.745700257E1,-6.568029404E0,5.159394741E0,-1.902898073E0,8.566176826E0
1.746202809E1,-6.017370701E0,4.984978676E0,-1.969409704E0,8.058370625E0
1.746705361E1,-5.394582748E0,4.787849426E0,-1.987608552E0,7.481685165E0
1.747207913E1,-4.743285179E0,4.600893974E0,-1.880427599E0,6.870443043E0
1.747710465E1,-4.006648540E0,4.361275673E0,-1.843789220E0,6.202702372E0
1.748213017E1,-3.233366966E0,4.039442539E0,-1.862921715E0,5.499294071E0
1.748715569E1,-2.481450081E0,3.606144667E0,-1.880183458E0,4.764133048E0
1.749218121E1,-1.598376751E0,3.022685051E0,-1.957276702E0,3.939843302E0
1.749720673E1,-4.556865692E-1,2.193152189E0,-2.011697769E0,3.010729926E0
1.750223225E1,1.194355011E0,8.782005310E-1,-2.122907162E0,2.589296214E0
1.750725777E1,3.694981575E0,-1.309156895E0,-2.832815170E0,4.836488644E0
1.751228330E1,6.915325165E0,-4.415960789E0,-4.144435406E0,9.192321614E0
1.751730882E1,1.004568195E1,-7.843541622E0,-5.074970245E0,1.371831601E1
1.752233434E1,1.110249519E1,-1.059567261E1,-4.350236893E0,1.595174719E1
1.752735986E1,1.268348980E1,-1.357411575E1,-2.969383717E0,1.881341999E1
1.753238538E1,1.373707390E1,-1.551076984E1,-1.699348211E0,2.078891447E1
1.753741090E1,1.295899010E1,-1.543611145E1,5.973734856E-1,2.016347728E1
1.754243642E1,1.119430256E1,-1.380588722E1,3.429512262E0,1.810183654E1
1.754746194E1,9.717136383E0,-1.160107422E1,5.448138237E0,1.608383887E1
1.755248746E1,8.857137680E0,-9.696947098E0,6.253408432E0,1.454595435E1
1.755751298E1,8.579206467E0,-8.438081741E0,6.192542076E0,1.353335082E1
1.756253856E1,8.699365616E0,-7.906678677E0,5.515883446E0,1.298535714E1
1.756756413E1,9.095466614E0,-7.922647476E0,4.475377560E0,1.286564652E1
1.757258970E1,9.473146439E0,-8.115073204E0,3.470011234E0,1.294742810E1
1.757761527E1,9.505462646E0,-8.165405273E0,2.822762489E0,1.284506331E1
1.758264085E1,9.048528671E0,-7.969521999E0,2.712857485E0,1.235915643E1
1.758766642E1,8.160711288E0,-7.579747200E0,2.995439053E0,1.153353508E1
1.759269199E1,7.044429302E0,-7.066684246E0,3.405617476E0,1.054325570E1
1.759771757E1,5.906965733E0,-6.557964802E0,3.528548956E0,9.505251403E0
1.760274314E1,4.830795765E0,-6.157583237E0,3.225893736E0,8.465152653E0
1.760776871E1,3.893402100E0,-5.897911549E0,2.653932333E0,7.548993136E0
1.761279428E1,3.076441765E0,-5.706149578E0,2.060154676E0,6.802122774E0
1.761781986E1,2.328025818E0,-5.538311005E0,1.618886948E0,6.222008353E0
1.762284543E1,1.682341099E0,-5.350495338E0,1.248963952E0,5.746127643E0
1.762787100E1,1.116009712E0,-5.118154526E0,8.638424277E-1,5.309162567E0
1.763289658E1,5.720934868E-1,-4.769083500E0,4.445758164E-1,4.823805142E0
1.763792215E1,3.114223480E-3,-4.212223530E0,-4.580649734E-2,4.212473739E0
1.764294772E1,-5.907578468E-1,-3.462021828E0,-6.050496101E-1,3.563800640E0
1.764797330E1,-1.118741512E0,-2.537871361E0,-1.177680016E0,3.013188317E0
1.765299887E1,-1.557512760E0,-1.555156231E0,-1.718062162E0,2.792148724E0
1.765802444E1,-1.955740929E0,-6.150078773E-1,-2.305730581E0,3.085376927E0
1.766305001E1,-2.366946220E0,2.483978271E-1,-2.905675650E0,3.755940211E0
1.766807559E1,-2.758477688E0,1.015363216E0,-3.506643772E0,4.575665215E0
1.767310116E1,-3.131096840E0,1.632850647E0,-4.054740906E0,5.376885015E0
1.767812673E1,-3.571291447E0,2.153455257E0,-4.496809006E0,6.132926168E0
1.768315230E1,-4.079149723E0,2.687210560E0,-4.799727917E0,6.848207877E0
1.768817788E1,-4.620908737E0,3.191356659E0,-5.035852909E0,7.543034496E0
1.769320345E1,-5.091082573E0,3.575395107E0,-5.229289532E0,8.126994582E0
1.769822902E1,-5.522821903E0,3.796983957E0,-5.384722710E0,8.597318629E0
1.770325460E1,-5.877470970E0,3.899867773E0,-5.344611168E0,8.849774132E0
1.770828017E1,-6.049302101E0,3.918284655E0,-5.162502766E0,8.865576425E0
1.771330574E1,-6.109907150E0,3.910013914E0,-4.868070602E0,8.735976510E0
1.771833132E1,-6.054151535E0,3.942403078E0,-4.472313404E0,8.496874721E0
1.772335689E1,-5.896347523E0,3.957994699E0,-4.105787277E0,8.203055852E0
1.772838246E1,-5.641367435E0,3.951835394E0,-3.679087639E0,7.808822919E0
1.773340804E1,-5.437735558E0,4.014442444E0,-3.203207970E0,7.479656237E0
1.773843361E1,-5.127799034E0,4.049638271E0,-2.818319082E0,7.115954997E0
1.774345918E1,-4.659706116E0,4.013545990E0,-2.487336397E0,6.633871784E0
1.774848475E1,-4.091636658E0,3.872016668E0,-2.249285698E0,6.065747256E0
1.775351033E1,-3.371706486E0,3.571871758E0,-2.147382975E0,5.360776634E0
1.775853590E1,-2.553306103E0,3.103104115E0,-2.209524632E0,4.585916080E0
1.776356147E1,-1.794946194E0,2.484418631E0,-2.248643637E0,3.801390006E0
1.776858704E1,-1.149429321E0,1.816106796E0,-2.164963961E0,3.050655767E0
1.777361262E1,-4.110498428E-1,9.785766602E-1,-2.150940180E0,2.398565803E0
1.777863819E1,9.414644241E-1,-3.912358284E-1,-2.717508793E0,2.902460125E0
1.778366376E1,3.356898308E0,-2.612953663E0,-4.170395851E0,5.957222058E0
1.778868934E1,6.723517418E0,-5.733742714E0,-6.212635040E0,1.080177421E1
1.779371491E1,9.762860298E0,-9.112334251E0,-7.476013660E0,1.530486383E1
1.779874048E1,1.143328667E1,-1.209336567E1,-7.311977386E0,1.817785880E1
1.780376606E1,1.175784111E1,-1.426445198E1,-5.915556431E0,1.940915314E1
1.780879163E1,1.124832439E1,-1.518369484E1,-3.752910614E0,1.926535047E1
1.781381720E1,1.057825279E1,-1.471085072E1,-1.243261218E0,1.816189030E1
1.781884277E1,1.001264668E1,-1.322790909E1,1.122394800E0,1.662800176E1
1.782386835E1,9.733392715E0,-1.139031792E1,2.983815670E0,1.527682663E1
1.782889392E1,1.001621342E1,-9.835378647E0,4.108233452E0,1.462657808E1
1.783391949E1,1.080032921E1,-8.818939209E0,4.634587765E0,1.469354292E1
1.783894507E1,1.174201393E1,-8.263061523E0,4.789579868E0,1.513582347E1
1.784397064E1,1.251706314E1,-8.099615097E0,4.723514557E0,1.563944450E1
1.784899621E1,1.301764488E1,-8.278553009E0,4.814602852E0,1.616087618E1
1.785402178E1,1.312763214E1,-8.551865578E0,5.375615597E0,1.656400838E1
1.785904736E1,1.279414940E1,-8.650808334E0,6.495862484E0,1.675478956E1
1.786407293E1,1.203252602E1,-8.458217621E0,7.751820564E0,1.662569847E1
1.786909850E1,1.100284958E1,-8.013806343E0,8.622131348E0,1.611288118E1
1.787412408E1,9.942050934E0,-7.305002689E0,8.933770180E0,1.523219258E1
1.787914965E1,8.881267548E0,-6.358290195E0,8.822786331E0,1.404088053E1
1.788417522E1,7.741677284E0,-5.373056889E0,8.131114960E0,1.244661954E1
1.788920080E1,6.965274811E0,-4.372439861E0,7.285151482E0,1.098666080E1
1.789422637E1,6.699678421E0,-3.415253639E0,6.293286324E0,9.805870747E0
1.789925194E1,6.723159313E0,-2.475262642E0,5.178536415E0,8.839968083E0
1.790427751E1,6.656018734E0,-1.488388538E0,4.112218857E0,7.964184186E0
1.790930309E1,6.377058506E0,-4.671354294E-1,3.087921619E0,7.100728880E0
1.791432866E1,5.947257519E0,5.383648872E-1,2.074765205E0,6.321737056E0
1.791935423E1,5.442088604E0,1.435426712E0,1.108679652E0,5.736370698E0
1.792437980E1,4.755593300E0,2.122576237E0,2.008425593E-1,5.211653792E0
1.792940538E1,3.906609058E0,2.613698721E0,-6.283599138E-1,4.742135755E0
1.793443095E1,3.038638115E0,2.884808540E0,-1.363347769E0,4.406150139E0
1.793945647E1,2.194648743E0,2.950302839E0,-1.955370426E0,4.164642056E0
1.794448199E1,1.240749359E0,2.882125616E0,-2.394552708E0,3.947149568E0
1.794950751E1,1.059927940E-1,2.662024498E0,-2.728931427E0,3.813748239E0
1.795453304E1,-1.332463264E0,2.435203314E0,-2.935215235E0,4.039945792E0
1.795955856E1,-2.981491566E0,2.290221930E0,-3.029116392E0,4.828038376E0
1.796458408E1,-4.666449547E0,2.177418947E0,-3.088483572E0,6.004634495E0
1.796960960E1,-6.317986012E0,2.138439894E0,-3.047339678E0,7.333222452E0
1.797463512E1,-7.962834358E0,2.252856731E0,-2.930743694E0,8.779029164E0
1.797966064E1,-9.532276154E0,2.523442507E0,-2.734848022E0,1.023286101E1
1.798468616E1,-1.081939793E1,2.966777086E0,-2.536661625E0,1.150199070E1
1.798971168E1,-1.181898403E1,3.550754547E0,-2.303162336E0,1.255391565E1
1.799473720E1,-1.241646004E1,4.199259758E0,-2.082723856E0,1.327177460E1
1.799976272E1,-1.267467785E1,4.950408459E0,-1.822916031E0,1.372869350E1
1.800478824E1,-1.269503880E1,5.731616020E0,-1.524173617E0,1.401208541E1
1.800981376E1,-1.238765621E1,6.431801796E0,-1.282446265E0,1.401666041E1
1.801483928E1,-1.176355171E1,6.987213135E0,-1.097608328E0,1.372614441E1
1.801986480E1,-1.090083694E1,7.458262444E0,-9.119835496E-1,1.323954828E1
1.802489033E1,-9.997316360E0,7.900178909E0,-7.061496973E-1,1.276157548E1
1.802991585E1,-9.121471405E0,8.329860687E0,-4.083071351E-1,1.235939053E1
1.803494137E1,-8.360666275E0,8.721456528E0,-1.094583869E-1,1.208207456E1
1.803996689E1,-7.763566494E0,9.064020157E0,1.284416020E-1,1.193507115E1
1.804499241E1,-7.321104050E0,9.318376541E0,2.960636616E-1,1.185404402E1
1.805001793E1,-7.081373215E0,9.469654083E0,2.933628261E-1,1.182819753E1
1.805504345E1,-6.871752262E0,9.518206596E0,2.652084231E-1,1.174255387E1
1.806006897E1,-6.567997456E0,9.507033348E0,2.881823182E-1,1.155877687E1
1.806509449E1,-6.337906361E0,9.464521408E0,2.330372930E-1,1.139300351E1
1.807012001E1,-6.272433281E0,9.400051117E0,1.045637727E-1,1.130112003E1
1.807514554E1,-6.285276890E0,9.323255539E0,-9.255504608E-2,1.124439264E1
1.808017106E1,-6.366558075E0,9.224845886E0,-3.006057739E-1,1.121254686E1
1.808519658E1,-6.467935562E0,9.071901321E0,-4.810977578E-1,1.115190742E1
1.809022210E1,-6.550765514E0,8.821889877E0,-6.532391906E-1,1.100749705E1
1.809524762E1,-6.648063183E0,8.528157234E0,-7.312223911E-1,1.083793781E1
1.810027314E1,-6.759357929E0,8.277486801E0,-7.494881153E-1,1.071295663E1
1.810529866E1,-6.731389523E0,8.060576439E0,-8.570725918E-1,1.053655878E1
1.811032418E1,-6.554654598E0,7.839235306E0,-9.678221345E-1,1.026419928E1
1.811534970E1,-6.353924751E0,7.627491951E0,-9.671890140E-1,9.974289338E0
1.812037522E1,-6.224919319E0,7.410967827E0,-9.131178260E-1,9.721411874E0
1.812540080E1,-6.038340092E0,7.127698421E0,-8.350349069E-1,9.378854895E0
1.813042637E1,-5.913618088E0,6.816331863E0,-7.476170063E-1,9.054953901E0
1.813545194E1,-5.783565521E0,6.520216942E0,-6.177885532E-1,8.737535225E0
1.814047751E1,-5.519006729E0,6.263381481E0,-4.745973349E-1,8.361496606E0
1.814550309E1,-5.177362442E0,6.007652283E0,-1.982589960E-1,7.933238584E0
1.815052866E1,-4.868737221E0,5.800841331E0,1.584343910E-1,7.574923348E0
1.815555423E1,-4.616939545E0,5.590393543E0,6.048076153E-1,7.275604647E0
1.816057980E1,-4.402624607E0,5.352766514E0,1.096910954E0,7.017009792E0
1.816560538E1,-4.182430267E0,5.107634544E0,1.538365602E0,6.778438043E0
1.817063095E1,-3.860619545E0,4.922102928E0,1.905299187E0,6.539238908E0
1.817565652E1,-3.456367016E0,4.800952435E0,2.279251337E0,6.339605972E0
1.818068210E1,-2.998750687E0,4.705490112E0,2.559821606E0,6.138959971E0
1.818570767E1,-2.521540165E0,4.515786648E0,2.594349384E0,5.786289189E0
1.819073324E1,-2.053790092E0,4.241015434E0,2.421820164E0,5.298063662E0
1.819575882E1,-1.672293186E0,3.866362810E0,2.086429596E0,4.700905693E0
1.820078439E1,-1.352957726E0,3.386895895E0,1.728425503E0,4.035964956E0
1.820580996E1,-1.090640545E0,2.721343517E0,1.497616529E0,3.292121293E0
1.821083554E1,-9.038801193E-1,1.942017078E0,1.523735285E0,2.628725703E0
1.821586111E1,-6.819143295E-1,1.073618889E0,1.806595325E0,2.209400675E0
1.822088668E1,-2.995724678E-1,1.171474457E-1,2.135428190E0,2.159518637E0
1.822591225E1,5.166993141E-1,-1.069732189E0,2.362359047E0,2.644247606E0
1.823093783E1,2.088193893E0,-2.744105816E0,2.345680952E0,4.170478341E0
1.823596340E1,4.391619682E0,-5.000485897E0,2.059869289E0,6.966652290E0
1.824098897E1,6.882053852E0,-7.637461185E0,1.943557978E0,1.046283404E1
1.824601454E1,8.804834366E0,-1.016633797E1,2.537447929E0,1.368642312E1
1.825104012E1,9.716773987E0,-1.209354210E1,3.923494339E0,1.600197691E1
1.825606569E1,9.710509300E0,-1.289169025E1,5.959788322E0,1.720490469E1
1.826109126E1,9.174324036E0,-1.225862312E1,8.215488434E0,1.737631470E1
1.826611684E1,8.504418373E0,-1.023766136E1,1.023135376E1,1.678735958E1
1.827114241E1,7.784587860E0,-7.390207767E0,1.145062065E1,1.569495754E1
1.827616798E1,7.207852840E0,-4.393417835E0,1.179385185E1,1.450345491E1
1.828119356E1,6.947751045E0,-1.786402225E0,1.113796520E1,1.324827333E1
1.828621913E1,7.067681789E0,1.207318306E-1,9.603324890E0,1.192436795E1
1.829124470E1,7.377237320E0,1.304552078E0,7.460895538E0,1.057310025E1
1.829627027E1,7.796463490E0,1.833117008E0,5.115688324E0,9.503442952E0
1.830129585E1,8.313426971E0,2.058051109E0,2.890225649E0,9.038918446E0
1.830632142E1,8.778127670E0,2.585147858E0,8.615698814E-1,9.191344706E0
1.831134699E1,8.749395370E0,3.647171021E0,-8.370745182E-1,9.516011221E0
1.831637257E1,8.647119522E0,4.696933746E0,-2.522610188E0,1.015861333E1
1.832139814E1,8.001298904E0,5.580095768E0,-3.947188854E0,1.052323870E1
1.832642371E1,6.922302246E0,6.009384155E0,-4.625012875E0,1.026750751E1
1.833144928E1,5.512609482E0,5.857213020E0,-4.350504875E0,9.144544840E0
1.833647486E1,3.815037727E0,5.429142952E0,-2.759584904E0,7.186474441E0
1.834150043E1,4.448680878E0,4.106166363E0,-2.310054302E0,6.479792792E0
1.834652600E1,3.944672108E0,3.224845886E0,-1.424654961E0,5.290530293E0
1.835155158E1,2.316402912E0,2.720144749E0,2.698516846E-1,3.582977789E0
1.835657715E1,1.294610023E0,2.135462284E0,1.663863659E0,3.000775992E0
1.836160272E1,8.520183563E-1,1.698058605E0,2.850542784E0,3.425628770E0
1.836662830E1,5.395727158E-1,1.500243187E0,4.000108719E0,4.306127971E0
1.837165387E1,3.626060486E-1,1.389927387E0,5.058150291E0,5.258161814E0
1.837667944E1,2.921752930E-1,1.391529560E0,6.037536621E0,6.202706616E0
1.838170501E1,3.083529472E-1,1.466850758E0,6.841031075E0,7.003316275E0
1.838673059E1,3.572759628E-1,1.505532742E0,7.467360497E0,7.625991590E0
1.839175616E1,2.847452164E-1,1.574220181E0,7.963233948E0,8.122336112E0
1.839678173E1,1.330704689E-1,1.796844959E0,8.528772354E0,8.717013102E0
1.840180731E1,-5.515956879E-2,2.120328426E0,9.048507690E0,9.293778921E0
1.840683288E1,1.025357246E-1,2.175999641E0,9.149639130E0,9.405391231E0
1.841185845E1,7.206745148E-1,1.738934040E0,8.924890518E0,9.121235339E0
1.841688402E1,1.306224346E0,1.100878716E0,8.782605171E0,8.947195627E0
1.842190960E1,1.596352100E0,4.004845619E-1,8.618032455E0,8.773779762E0
1.842693517E1,1.993717194E0,-5.725202560E-1,8.068303108E0,8.330678408E0
1.843196074E1,2.996667862E0,-2.080599785E0,7.092607021E0,7.975837768E0
1.843698632E1,4.897714138E0,-4.275980473E0,5.771616459E0,8.693858138E0
1.844201189E1,7.376932621E0,-7.172228813E0,4.326169968E0,1.116135062E1
1.844703746E1,1.000977325E1,-1.063897896E1,2.957662344E0,1.490406657E1
1.845206304E1,1.213788223E1,-1.416272545E1,2.085628748E0,1.876861275E1
1.845708861E1,1.344275284E1,-1.683317757E1,2.073389530E0,2.164168235E1
1.846211418E1,1.384415054E1,-1.805702782E1,2.825815916E0,2.292819211E1
1.846713975E1,1.347117996E1,-1.779703903E1,3.786228418E0,2.263940842E1
1.847216533E1,1.263339996E1,-1.627057266E1,4.522233963E0,2.108992483E1
1.847719090E1,1.153406334E1,-1.411708641E1,4.795314312E0,1.884998104E1
1.848221647E1,1.051968479E1,-1.207695198E1,4.552930355E0,1.665069704E1
1.848724205E1,9.683801651E0,-1.065080357E1,3.909274817E0,1.491636888E1
1.849226762E1,8.991590500E0,-1.011808205E1,3.151823044E0,1.389813917E1
1.849729314E1,8.404170990E0,-1.030209160E1,2.713420153E0,1.356929734E1
1.850231866E1,7.758841515E0,-1.088117886E1,2.758968115E0,1.364593639E1
1.850734418E1,6.979809761E0,-1.153742790E1,2.933751106E0,1.379988704E1
1.851236970E1,6.202406406E0,-1.200067616E1,2.922478437E0,1.382125007E1
1.851739522E1,5.332791805E0,-1.223539925E1,2.938617229E0,1.366671630E1
1.852242074E1,4.239167213E0,-1.213943672E1,3.063616276E0,1.321825281E1
1.852744626E1,2.981293201E0,-1.172550774E1,3.197967529E0,1.251409754E1
1.853247179E1,1.757355213E0,-1.112598991E1,3.118155718E0,1.168755081E1
1.853749731E1,7.217369080E-1,-1.044507790E1,2.792998314E0,1.083611536E1
1.854252283E1,-6.778478622E-2,-9.735189438E0,2.115486622E0,9.962619727E0
1.854754835E1,-5.779747963E-1,-9.097324371E0,1.066119432E0,9.177798005E0
1.855257387E1,-8.096251488E-1,-8.642513275E0,-2.400174141E-1,8.683670707E0
1.855759939E1,-8.735575676E-1,-8.462417603E0,-1.563264966E0,8.649821493E0
1.856262491E1,-8.613057137E-1,-8.418712616E0,-2.602951765E0,8.853921591E0
1.856765043E1,-7.971434593E-1,-8.458838463E0,-3.284880400E0,9.109216491E0
1.857267595E1,-6.859354973E-1,-8.482093811E0,-3.564495325E0,9.226161165E0
1.857770147E1,-5.660581589E-1,-8.359220505E0,-3.279235840E0,8.997242743E0
1.858272699E1,-4.280486107E-1,-8.090269089E0,-2.540924072E0,8.490699305E0
1.858775251E1,-2.720360756E-1,-7.637150764E0,-1.576511860E0,7.802913883E0
1.859277804E1,-1.220755577E-1,-7.086168766E0,-3.983460665E-1,7.098406146E0
1.859780356E1,-1.188755035E-2,-6.475875378E0,8.422836065E-1,6.530432213E0
1.860282908E1,1.155014038E-1,-5.859258652E0,1.993490458E0,6.190174208E0
1.860785460E1,3.073606491E-1,-5.246267796E0,3.033109188E0,6.067746509E0
1.861288012E1,5.150346756E-1,-4.604020119E0,3.891381741E0,6.050216014E0
1.861790564E1,6.946392059E-1,-3.885473251E0,4.575942039E0,6.043068059E0
1.862293116E1,8.071670532E-1,-3.163097382E0,5.185448647E0,6.127444929E0
1.862795668E1,7.514142990E-1,-2.442289829E0,5.751270294E0,6.293370564E0
1.863298220E1,5.027933121E-1,-1.737797737E0,6.222720146E0,6.480354011E0
1.863800772E1,1.419448853E-1,-9.639325142E-1,6.563733101E0,6.635654185E0
1.864303324E1,-2.792830467E-1,-1.069822311E-1,6.767558098E0,6.774163183E0
1.864805876E1,-7.330303192E-1,7.890286446E-1,6.795019627E0,6.879839488E0
1.865308429E1,-1.291562557E0,1.632343292E0,6.603493690E0,6.923785625E0
1.865810981E1,-2.021902561E0,2.388893366E0,6.218236923E0,6.961420251E0
1.866313533E1,-2.851747513E0,3.006109476E0,5.746192455E0,7.084340886E0
1.866816085E1,-3.699090004E0,3.446154833E0,5.222304344E0,7.268542677E0
1.867318637E1,-4.510662079E0,3.728845358E0,4.671295643E0,7.488081402E0
1.867821189E1,-5.290581226E0,3.921843529E0,4.051117420E0,7.731924646E0
1.868323746E1,-5.937659264E0,4.044921398E0,3.377815723E0,7.938943614E0
1.868826304E1,-6.427454472E0,4.103273392E0,2.644082069E0,8.070947497E0
1.869328861E1,-6.788239479E0,4.073406219E0,1.866412163E0,8.133654026E0
1.869831418E1,-7.096311569E0,4.003411293E0,1.190018296E0,8.234141328E0
1.870333975E1,-7.451897144E0,3.898323059E0,6.396456957E-1,8.434265845E0
1.870836533E1,-7.873821259E0,3.772771358E0,2.064024210E-1,8.733468205E0
1.871339090E1,-8.280332565E0,3.627213478E0,-2.234678268E-1,9.042705507E0
1.871841647E1,-8.752379417E0,3.543435574E0,-6.723561883E-1,9.466369102E0
1.872344205E1,-9.346757889E0,3.474350452E0,-9.859551787E-1,1.002023461E1
1.872846762E1,-9.871478081E0,3.267834663E0,-1.330516577E0,1.048308625E1
1.873349319E1,-1.023504639E1,2.987504482E0,-1.623186588E0,1.078499385E1
1.873851876E1,-1.043219090E1,2.639522314E0,-1.747769237E0,1.090194397E1
1.874354434E1,-1.050558090E1,2.268239975E0,-1.780341148E0,1.089411572E1
1.874856991E1,-1.030672836E1,1.845890522E0,-1.706514835E0,1.060887149E1
1.875359548E1,-9.596717834E0,1.301167965E0,-1.564512849E0,9.810083166E0
1.875862106E1,-8.409759521E0,5.814900398E-1,-1.306697488E0,8.530512540E0
1.876364663E1,-6.823203087E0,-3.372321129E-1,-1.077366471E0,6.915963011E0
1.876867220E1,-4.713652134E0,-1.560816765E0,-1.102118969E0,5.086190287E0
1.877369777E1,-2.072580338E0,-3.266819477E0,-1.466556191E0,4.137449192E0
1.877872335E1,8.647775650E-1,-5.536851883E0,-1.858699799E0,5.904179363E0
1.878374892E1,3.935437202E0,-8.217842102E0,-2.258493185E0,9.387299199E0
1.878877449E1,6.886094093E0,-1.107055092E1,-2.554140806E0,1.328529355E1
1.879380007E1,9.272624016E0,-1.377916622E1,-2.257315159E0,1.676133794E1
1.879882564E1,1.080922985E1,-1.583161545E1,-1.213131309E0,1.920810207E1
1.880385121E1,1.136334324E1,-1.684977341E1,5.297919512E-1,2.033030037E1
1.880887679E1,1.114160633E1,-1.670457649E1,2.605490208E0,2.024763805E1
1.881390236E1,1.070385838E1,-1.569803810E1,4.391069412E0,1.950083267E1
1.881892793E1,1.043701839E1,-1.452002335E1,5.846308708E0,1.881333985E1
1.882395350E1,1.035927296E1,-1.348269653E1,7.139500141E0,1.844098979E1
1.882897908E1,1.046474457E1,-1.280771065E1,8.181618690E0,1.845229566E1
1.883400465E1,1.063731480E1,-1.248745728E1,8.926945686E0,1.867563693E1
1.883903022E1,1.084204006E1,-1.237550259E1,9.514799118E0,1.900616477E1
1.884405580E1,1.092414951E1,-1.227726364E1,1.015871716E1,1.932013922E1
1.884908137E1,1.072917175E1,-1.208348846E1,1.093182182E1,1.950975521E1
1.885410694E1,1.018448067E1,-1.173701763E1,1.171603298E1,1.946141460E1
1.885913251E1,9.227836609E0,-1.124731445E1,1.233779907E1,1.907554290E1
1.886415809E1,7.979482651E0,-1.065692997E1,1.271598911E1,1.841028731E1
1.886918366E1,6.574488640E0,-1.008923435E1,1.273231983E1,1.752508257E1
1.887420923E1,5.148089409E0,-9.571756363E0,1.247505856E1,1.654534467E1
1.887923481E1,3.740044594E0,-9.079046249E0,1.211875343E1,1.559747413E1
1.888426038E1,2.452196121E0,-8.547212601E0,1.171747684E1,1.470943142E1
1.888928595E1,1.390801430E0,-7.979428291E0,1.125743675E1,1.386850701E1
1.889431152E1,6.615610123E-1,-7.417759895E0,1.071511555E1,1.304892816E1
1.889933710E1,2.548017502E-1,-6.857074261E0,1.019110870E1,1.228588979E1
1.890436267E1,7.905101776E-2,-6.283213615E0,9.751673698E0,1.160086903E1
1.890938824E1,1.409244537E-2,-5.754259109E0,9.123822212E0,1.078683588E1
1.891441382E1,6.845474243E-3,-5.175514698E0,8.303609848E0,9.784474220E0
1.891943939E1,2.332401276E-2,-4.514875889E0,7.387941837E0,8.658310048E0
1.892446496E1,-7.097911835E-2,-3.783560753E0,6.378180504E0,7.416303429E0
1.892949054E1,-3.768286705E-1,-3.030899525E0,5.314205647E0,6.129366479E0
1.893451611E1,-8.464059830E-1,-2.353747368E0,4.236373901E0,4.919694461E0
1.893954168E1,-1.398220539E0,-1.771912575E0,3.166113853E0,3.888312202E0
1.894456725E1,-1.998538971E0,-1.242760181E0,2.196936131E0,3.219493632E0
1.894959283E1,-2.651717663E0,-7.661681175E-1,1.407379150E0,3.098279558E0
1.895461840E1,-3.285580158E0,-3.321704865E-1,8.129816055E-1,3.400928300E0
1.895964397E1,-3.847334862E0,5.003499985E-2,4.141225815E-1,3.869881982E0
1.896466954E1,-4.408523083E0,3.380746841E-1,1.435488462E-1,4.423796620E0
1.896969512E1,-4.920902252E0,5.185518265E-1,-2.788376808E-2,4.948227205E0
1.897472069E1,-5.364966869E0,6.642007828E-1,-9.594857693E-2,5.406777073E0
1.897974626E1,-5.773888588E0,8.141050339E-1,-9.953355789E-2,5.831849052E0
1.898477184E1,-6.128195763E0,9.547338486E-1,-5.861353874E-2,6.202397567E0
1.898979741E1,-6.341549397E0,1.077202797E0,8.830654621E-2,6.432994067E0
1.899482298E1,-6.394684315E0,1.220296383E0,2.787332535E-1,6.516041971E0
1.899984856E1,-6.388087749E0,1.427234650E0,7.659555078E-1,6.590246709E0
1.900487413E1,-6.508509159E0,1.569165468E0,1.494827390E0,6.859845528E0
1.900989970E1,-6.545516014E0,1.546309710E0,2.122802496E0,7.052740180E0
1.901492527E1,-6.451260090E0,1.498254776E0,2.629287958E0,7.125775697E0
1.901995085E1,-6.264129162E0,1.473136425E0,3.142837048E0,7.161485167E0
1.902497642E1,-5.965005875E0,1.437666893E0,3.672799587E0,7.151058522E0
1.903000199E1,-5.683254242E0,1.372740269E0,4.089452744E0,7.134943473E0
1.903502757E1,-5.409492493E0,1.297452927E0,4.368188381E0,7.072981186E0
1.904005314E1,-5.105672359E0,1.225985527E0,4.513364792E0,6.923972306E0
1.904507871E1,-4.767319679E0,1.138685703E0,4.640108109E0,6.749410738E0
1.905010423E1,-4.514296532E0,1.059014320E0,4.729404926E0,6.623266223E0
1.905512975E1,-4.336944580E0,9.770569801E-1,4.700790882E0,6.470020367E0
1.906015527E1,-4.206274509E0,9.452872276E-1,4.670328140E0,6.355963981E0
1.906518080E1,-4.107721806E0,9.826412201E-1,4.610231400E0,6.252455178E0
1.907020632E1,-4.103318214E0,1.055387020E0,4.583474636E0,6.241738690E0
1.907523184E1,-4.030237198E0,1.129863262E0,4.648116112E0,6.254948941E0
1.908025736E1,-3.835771561E0,1.167688370E0,4.867224693E0,6.306069759E0
1.908528288E1,-3.376634598E0,1.077627659E0,5.117250443E0,6.224885113E0
1.909030840E1,-2.614767551E0,7.592921257E-1,5.274578094E0,5.935883081E0
1.909533392E1,-1.627129078E0,2.031106949E-1,5.315888405E0,5.563045256E0
1.910035944E1,-6.006546021E-1,-5.430917740E-1,5.184092522E0,5.246956251E0
1.910538496E1,4.216752052E-1,-1.440863609E0,4.831986904E0,5.059841436E0
1.911041048E1,1.425621033E0,-2.327657700E0,4.318201065E0,5.108546382E0
1.911543600E1,2.301618099E0,-3.050398350E0,3.868908644E0,5.437906772E0
1.912046152E1,2.930490017E0,-3.441912651E0,3.680563688E0,5.829329593E0
1.912548704E1,3.312549591E0,-3.411916733E0,3.695428371E0,6.022487147E0
1.913051257E1,3.490837097E0,-2.956447124E0,4.079729557E0,6.129495615E0
1.913553809E1,3.593811989E0,-2.234521389E0,4.788053513E0,6.390150772E0
1.914056361E1,3.677280903E0,-1.458121777E0,5.755233288E0,6.983639750E0
1.914558913E1,3.753583431E0,-7.338361740E-1,6.987445831E0,7.965695409E0
1.915061465E1,3.772812366E0,-1.441760063E-1,8.271128654E0,9.092110266E0
1.915564017E1,3.681091785E0,2.292256355E-1,9.570551872E0,1.025662928E1
1.916066569E1,3.544842243E0,3.247475624E-1,1.074485111E1,1.131915160E1
1.916569121E1,3.440801144E0,1.197085381E-1,1.164942741E1,1.214753480E1
1.917071673E1,3.288512707E0,-2.501668930E-1,1.217858791E1,1.261724625E1
1.917574225E1,3.046234131E0,-6.827268600E-1,1.232304668E1,1.271232229E1
1.918076777E1,2.672376156E0,-1.104699612E0,1.207849693E1,1.241982462E1
1.918579330E1,2.316704750E0,-1.486160278E0,1.144104958E1,1.176747248E1
1.919081882E1,2.113945007E0,-1.793326855E0,1.060854530E1,1.096476257E1
1.919584434E1,2.045473576E0,-2.016709328E0,9.764758110E0,1.017848612E1
1.920086986E1,2.164225101E0,-2.171131611E0,8.907377243E0,9.420140769E0
1.920589538E1,2.431812286E0,-2.190408707E0,8.048305511E0,8.688315309E0
1.921092090E1,2.814361095E0,-2.046804905E0,7.160657883E0,7.961473482E0
1.921594642E1,3.210482597E0,-1.784675121E0,6.369726181E0,7.352936517E0
1.922097194E1,3.609619617E0,-1.429244995E0,5.590005398E0,6.805898573E0
1.922599746E1,4.034442902E0,-1.091992378E0,4.750349522E0,6.327321507E0
1.923102304E1,4.488324642E0,-8.031330109E-1,3.818258524E0,5.947199247E0
1.923604861E1,4.902899265E0,-4.971799850E-1,2.923956633E0,5.730194720E0
1.924107418E1,5.176694870E0,-1.610426903E-1,2.211846828E0,5.631728946E0
1.924609975E1,5.265881062E0,1.707167625E-1,1.758796453E0,5.554458797E0
1.925112533E1,5.141636372E0,4.355053902E-1,1.560026765E0,5.390711737E0
1.925615090E1,4.751601696E0,6.525163651E-1,1.480986595E0,5.019643173E0
1.926117647E1,4.101507664E0,8.462986946E-1,1.473368168E0,4.439527042E0
1.926620204E1,3.341214180E0,9.128522873E-1,1.513067365E0,3.779733370E0
1.927122762E1,2.491427422E0,8.823709488E-1,1.604823828E0,3.092126874E0
1.927625319E1,1.621031284E0,7.806825638E-1,1.739030719E0,2.502286061E0
1.928127876E1,7.796278000E-1,6.575183868E-1,1.906018019E0,2.161724918E0
1.928630434E1,4.520750046E-2,5.384874344E-1,2.067302465E0,2.136762017E0
1.929132991E1,-5.618815422E-1,4.634099007E-1,2.189275980E0,2.307247044E0
1.929635548E1,-1.026529312E0,4.190473557E-1,2.295690775E0,2.549423317E0
1.930138106E1,-1.319664478E0,4.156761169E-1,2.419960260E0,2.787563207E0
1.930640663E1,-1.431817532E0,4.248538017E-1,2.571340084E0,2.973615985E0
1.931143220E1,-1.420728683E0,4.418554306E-1,2.720525742E0,3.100800949E0
1.931645777E1,-1.334831715E0,4.233422279E-1,2.890693665E0,3.212024939E0
1.932148335E1,-1.251191616E0,4.121241570E-1,3.095318079E0,3.363973958E0
1.932650892E1,-1.170335770E0,3.983459473E-1,3.328341961E0,3.550524682E0
1.933153449E1,-1.102261066E0,4.105391502E-1,3.607647181E0,3.794553996E0
1.933656007E1,-1.071226120E0,3.864555359E-1,3.864902496E0,4.029186591E0
1.934158564E1,-1.058248520E0,3.263173103E-1,4.146625519E0,4.291954812E0
1.934661121E1,-1.053965569E0,2.780232430E-1,4.365791798E0,4.499808703E0
1.935163678E1,-1.053744316E0,2.511234283E-1,4.541078568E0,4.668493827E0
1.935666236E1,-1.100624561E0,2.170481682E-1,4.700817108E0,4.832821724E0
1.936168793E1,-1.165870667E0,1.807284355E-1,4.844515324E0,4.986105284E0
1.936671350E1,-1.215889454E0,1.567301750E-1,5.019667625E0,5.167205684E0
1.937173908E1,-1.231609344E0,1.257519722E-1,5.130899906E0,5.278144464E0
1.937676465E1,-1.227324486E0,1.211571693E-1,5.140802860E0,5.286667996E0
1.938179022E1,-1.222015858E0,1.237096786E-1,5.083933830E0,5.230201720E0
1.938681580E1,-1.191524029E0,1.047363281E-1,5.004364967E0,5.145324862E0
1.939184137E1,-1.145477295E0,7.359695435E-2,4.926599979E0,5.058549407E0
1.939686694E1,-1.093572617E0,3.004741669E-2,4.870041847E0,4.991403761E0
1.940189251E1,-1.064546585E0,-6.899356842E-3,4.806121349E0,4.922612056E0
1.940691809E1,-1.058533192E0,-3.282880783E-2,4.677884579E0,4.796266713E0
1.941194366E1,-9.798588753E-1,-2.883052826E-2,4.572216988E0,4.676122624E0
1.941696923E1,-8.717722893E-1,5.258417130E-2,4.527906895E0,4.611365618E0
1.942199480E1,-8.348441124E-1,1.824030876E-1,4.530861378E0,4.610741849E0
1.942702038E1,-8.930606842E-1,3.412303925E-1,4.566555977E0,4.665557743E0
1.943204595E1,-9.889640808E-1,4.906377792E-1,4.587400913E0,4.718370749E0
1.943707152E1,-1.026961803E0,6.351928711E-1,4.479129791E0,4.639043459E0
1.944209710E1,-9.786930084E-1,7.696223259E-1,4.372044086E0,4.545869336E0
1.944712267E1,-9.402403831E-1,9.269275665E-1,4.300244808E0,4.498372161E0
1.945214824E1,-8.976082802E-1,1.082653522E0,4.135150433E0,4.367757820E0
1.945717382E1,-8.416070938E-1,1.212438583E0,3.958389521E0,4.224589615E0
1.946219939E1,-8.060231209E-1,1.335130692E0,3.717282295E0,4.031182816E0
1.946722496E1,-7.910284996E-1,1.431429386E0,3.507316828E0,3.869882105E0
1.947225054E1,-7.680859566E-1,1.482070446E0,3.275516510E0,3.676342918E0
1.947727611E1,-7.229638100E-1,1.472621441E0,2.945630550E0,3.371650919E0
1.948230168E1,-6.081094742E-1,1.493660450E0,2.532701015E0,3.002564422E0
1.948732725E1,-5.051560402E-1,1.597358227E0,2.214651585E0,2.776943926E0
1.949235283E1,-4.621005058E-1,1.725974083E0,1.981893420E0,2.668412438E0
1.949737840E1,-4.933838844E-1,1.807536602E0,1.700064659E0,2.529987366E0
1.950240397E1,-5.414996147E-1,1.842143059E0,1.363993883E0,2.355247799E0
1.950742954E1,-5.443587303E-1,1.839220047E0,9.450525641E-1,2.138265923E0
1.951245512E1,-5.547356606E-1,1.784235001E0,5.486540198E-1,1.947369360E0
1.951748069E1,-6.778845787E-1,1.638797283E0,2.659254372E-1,1.793293165E0
1.952250626E1,-9.420604706E-1,1.374640942E0,1.395167410E-1,1.672297991E0
1.952753184E1,-1.356069088E0,9.830718040E-1,1.449755728E-1,1.681181567E0
1.953255741E1,-1.904499054E0,4.893641472E-1,2.479671240E-1,1.981938851E0
1.953758298E1,-2.509255409E0,-2.779436111E-2,3.996384442E-1,2.541032491E0
1.954260856E1,-2.996862888E0,-4.947204590E-1,6.036564112E-1,3.096826855E0
1.954763413E1,-3.342545033E0,-9.050102234E-1,7.869755030E-1,3.551194340E0
1.955265970E1,-3.564842224E0,-1.262110710E0,9.578037262E-1,3.901078249E0
1.955768527E1,-3.620469093E0,-1.574826241E0,1.105685949E0,4.100050678E0
1.956271085E1,-3.557245255E0,-1.828374863E0,1.211095810E0,4.178959380E0
1.956773642E1,-3.375364780E0,-1.984530449E0,1.293103695E0,4.123538004E0
1.957276199E1,-3.008278847E0,-2.024604797E0,1.279871464E0,3.845365674E0
1.957778757E1,-2.475919247E0,-1.997437954E0,1.157379270E0,3.385182605E0
1.958281314E1,-1.932199478E0,-1.956770420E0,9.928318262E-1,2.923706609E0
1.958783871E1,-1.435300350E0,-1.937339783E0,7.912691236E-1,2.537612925E0
1.959286428E1,-9.761924744E-1,-1.978359699E0,5.148616433E-1,2.265378855E0
1.959788986E1,-5.265793800E-1,-2.142697334E0,1.594217271E-1,2.212205460E0
1.960291543E1,-9.144115448E-2,-2.454535961E0,-2.309441268E-1,2.467071839E0
1.960794100E1,3.530502319E-1,-2.856542587E0,-5.692290068E-1,2.934024826E0
1.961296658E1,8.595724106E-1,-3.338960648E0,-8.499357104E-1,3.551044022E0
1.961799215E1,1.375520706E0,-3.839427948E0,-1.029517770E0,4.206325121E0
1.962301772E1,1.824510574E0,-4.252471447E0,-1.093973041E0,4.754905809E0
1.962804330E1,2.201902390E0,-4.549397945E0,-1.020318508E0,5.156204579E0
1.963306882E1,2.522173882E0,-4.797244072E0,-9.150719643E-1,5.496568791E0
1.963809434E1,2.814037323E0,-4.996190071E0,-8.651401997E-1,5.799067929E0
1.964311986E1,3.029601097E0,-5.151293755E0,-8.658601046E-1,6.038544847E0
1.964814538E1,3.168859482E0,-5.224576473E0,-9.266756773E-1,6.180339598E0
1.965317090E1,3.193591118E0,-5.244977951E0,-1.051626205E0,6.230147319E0
1.965819642E1,3.156470299E0,-5.198361874E0,-1.273178816E0,6.213473683E0
1.966322194E1,3.086219788E0,-5.065735340E0,-1.494196892E0,6.117111366E0
1.966824746E1,2.944494247E0,-4.861692429E0,-1.637262225E0,5.914957924E0
1.967327298E1,2.735977173E0,-4.620022297E0,-1.716340065E0,5.637020519E0
1.967829850E1,2.479631424E0,-4.345864296E0,-1.788638473E0,5.313599163E0
1.968332402E1,2.208744049E0,-4.106516838E0,-1.911364913E0,5.039379589E0
1.968834954E1,1.932662964E0,-3.911742210E0,-2.098143816E0,4.841396568E0
1.969337507E1,1.679951668E0,-3.747184277E0,-2.357301235E0,4.735028693E0
1.969840059E1,1.459981918E0,-3.588930130E0,-2.601227522E0,4.666728115E0
1.970342611E1,1.267828941E0,-3.427400589E0,-2.714396238E0,4.552187602E0
1.970845163E1,1.084170341E0,-3.277086735E0,-2.701658964E0,4.383341643E0
1.971347715E1,8.706741333E-1,-3.104566574E0,-2.601759672E0,4.143134134E0
1.971850267E1,6.033668518E-1,-2.938740253E0,-2.429879189E0,3.860642266E0
1.972352819E1,3.207473755E-1,-2.788964272E0,-2.229830027E0,3.585155859E0
1.972855371E1,6.118392944E-2,-2.683834553E0,-1.997427821E0,3.346106585E0
1.973357923E1,-2.230582237E-1,-2.627967834E0,-1.833663940E0,3.212210042E0
1.973860475E1,-5.652108192E-1,-2.630611420E0,-1.729390860E0,3.198495343E0
1.974363027E1,-9.362306595E-1,-2.662641525E0,-1.617936373E0,3.253291540E0
1.974865580E1,-1.302163601E0,-2.661228180E0,-1.513797045E0,3.327062813E0
1.975368132E1,-1.686527252E0,-2.630617619E0,-1.393107414E0,3.421296756E0
1.975870684E1,-2.060186386E0,-2.589398861E0,-1.318368196E0,3.561944568E0
1.976373236E1,-2.413135052E0,-2.556090832E0,-1.242288232E0,3.728283944E0
1.976875788E1,-2.702003479E0,-2.534969807E0,-1.222618580E0,3.901498547E0
1.977378340E1,-2.921781540E0,-2.444269657E0,-1.139784575E0,3.976225648E0
1.977880892E1,-3.144135952E0,-2.298199654E0,-1.032138109E0,4.028972773E0
1.978383444E1,-3.306881428E0,-2.106400013E0,-8.854665756E-1,4.019507040E0
1.978885996E1,-3.438569546E0,-1.830373287E0,-6.856052876E-1,3.955259979E0
1.979388548E1,-3.563186169E0,-1.508588314E0,-5.526384115E-1,3.908649842E0
1.979891100E1,-3.589915276E0,-1.184244156E0,-5.058630705E-1,3.813898708E0
1.980393658E1,-3.504630566E0,-8.862266541E-1,-5.501899719E-1,3.656575186E0
1.980896215E1,-3.303013325E0,-5.767302513E-1,-6.133017540E-1,3.408614652E0
1.981398772E1,-3.100580692E0,-2.088170052E-1,-6.372123361E-1,3.172261769E0
1.981901330E1,-2.969562531E0,1.545319557E-1,-6.837661862E-1,3.051183040E0
1.982403887E1,-2.905520439E0,4.935441017E-1,-6.956330538E-1,3.028124857E0
1.982906444E1,-2.865735054E0,8.124270439E-1,-6.540731788E-1,3.049637163E0
1.983409001E1,-2.855383873E0,1.101037025E0,-6.498419046E-1,3.128545044E0
1.983911559E1,-2.788596153E0,1.387769222E0,-4.663229585E-1,3.149544256E0
1.984414116E1,-2.914143562E0,1.643896580E0,-1.992664337E-1,3.351766069E0
1.984916673E1,-3.068976879E0,1.807549953E0,1.551623223E-3,3.561721259E0
1.985419230E1,-3.066390514E0,1.912543774E0,1.682214588E-1,3.617854742E0
1.985921788E1,-3.083548069E0,2.006781816E0,4.814944863E-1,3.710428398E0
1.986424345E1,-3.230327606E0,2.042631865E0,8.060200214E-1,3.906024789E0
1.986926902E1,-3.100239754E0,2.139525175E0,8.790860176E-1,3.868054644E0
1.987429460E1,-3.023959637E0,2.273015499E0,1.031807184E0,3.921167863E0
1.987932017E1,-3.226520538E0,2.361341476E0,1.268517137E0,4.194699522E0
1.988434574E1,-3.588011742E0,2.404614449E0,1.516721368E0,4.577820727E0
1.988937132E1,-3.878363132E0,2.427281857E0,1.742566466E0,4.895910098E0
1.989439689E1,-4.044744015E0,2.420279026E0,1.912258267E0,5.086692087E0
1.989942246E1,-4.173074722E0,2.388895988E0,2.016095638E0,5.214021318E0
1.990444804E1,-4.306161880E0,2.314456940E0,2.058563232E0,5.304472042E0
1.990947361E1,-4.410398483E0,2.221123457E0,1.982000947E0,5.321027339E0
1.991449918E1,-4.466655731E0,2.137666941E0,1.786454201E0,5.264223778E0
1.991952475E1,-4.460782051E0,2.054299593E0,1.458199263E0,5.122994087E0
1.992455033E1,-4.402540207E0,1.966034412E0,1.108097792E0,4.947275240E0
1.992957590E1,-4.297139168E0,1.814946175E0,7.466198206E-1,4.724074068E0
1.993460147E1,-4.202075958E0,1.648830414E0,4.177355468E-1,4.533275535E0
1.993962704E1,-4.107854366E0,1.477129936E0,1.269236952E-1,4.367206197E0
1.994465262E1,-4.024119854E0,1.309285164E0,-1.205321848E-1,4.233473308E0
1.994967819E1,-4.022586346E0,1.135722637E0,-3.527409434E-1,4.194698200E0
1.995470376E1,-4.074388027E0,9.517555237E-1,-5.933175683E-1,4.225932100E0
1.995972934E1,-4.097872734E0,7.051739693E-1,-8.606858253E-1,4.246246738E0
1.996475491E1,-4.145280361E0,4.013972282E-1,-1.015777230E0,4.286755462E0
1.996978048E1,-4.192242622E0,9.370851517E-2,-1.130577564E0,4.343027184E0
1.997480606E1,-4.133174419E0,-1.265039444E-1,-1.200002789E0,4.305710246E0
1.997983163E1,-4.120939732E0,-1.776137352E-1,-1.209799409E0,4.298523644E0
1.998485720E1,-4.074083805E0,-1.792578697E-1,-1.265334368E0,4.269820054E0
1.998988277E1,-3.930714130E0,-1.509628296E-1,-1.366234660E0,4.164120615E0
1.999490835E1,-3.672115803E0,-1.888351440E-1,-1.473887444E0,3.961368119E0
1.999993392E1,-3.308352470E0,-3.363404274E-1,-1.535408139E0,3.662758401E0
2.000495949E1,-2.878141880E0,-5.412073135E-1,-1.522192478E0,3.300556919E0
2.000998507E1,-2.396246433E0,-6.890587807E-1,-1.434496403E0,2.876556779E0
2.001501064E1,-1.968312740E0,-7.996153831E-1,-1.311237335E0,2.496594311E0
2.002003621E1,-1.695085049E0,-8.973579407E-1,-1.172339439E0,2.247875521E0
2.002506179E1,-1.543066502E0,-1.039921761E0,-1.032869577E0,2.128217813E0
2.003008736E1,-1.464210033E0,-1.222364902E0,-9.315385222E-1,2.122698988E0
2.003511293E1,-1.477332592E0,-1.449108601E0,-8.112217188E-1,2.222725354E0
2.004013850E1,-1.581979275E0,-1.647879601E0,-6.292051077E-1,2.369401754E0
2.004516408E1,-1.672484875E0,-1.808659554E0,-3.954739869E-1,2.494965874E0
2.005018965E1,-1.700766563E0,-1.902387142E0,-2.109276056E-1,2.560502723E0
2.005521522E1,-1.748084068E0,-1.976761341E0,-5.218207836E-2,2.639338227E0
2.006024080E1,-1.852643490E0,-2.041285992E0,1.815482974E-2,2.756712897E0
2.006526637E1,-1.942353725E0,-2.100324154E0,4.293185472E-2,2.861108647E0
2.007029194E1,-2.036158085E0,-2.163146496E0,-1.602590084E-3,2.970714574E0
2.007531751E1,-2.090797424E0,-2.219889641E0,-1.006725132E-1,3.051143858E0
2.008034309E1,-2.187402248E0,-2.179391861E0,-1.678868830E-1,3.092355653E0
2.008536866E1,-2.301901340E0,-2.022507668E0,-1.790323257E-1,3.069420079E0
2.009039423E1,-2.367389202E0,-1.792539120E0,-1.529946923E-1,2.973404699E0
2.009541981E1,-2.417587757E0,-1.508984089E0,-9.432369471E-2,2.851431308E0
2.010044538E1,-2.476675987E0,-1.239222527E0,-5.554607511E-2,2.769960610E0
2.010547095E1,-2.564025402E0,-1.012280941E0,-4.153570533E-2,2.756930210E0
2.011049652E1,-2.722596169E0,-8.280382156E-1,9.869992733E-3,2.845746756E0
2.011552210E1,-2.952171326E0,-6.336441040E-1,9.362301230E-2,3.020858430E0
2.012054767E1,-3.209431648E0,-3.427457809E-1,1.854829192E-1,3.233006355E0
2.012557324E1,-3.403270721E0,-1.736402512E-2,2.281919867E-1,3.410956566E0
2.013059882E1,-3.476340294E0,2.994384766E-1,2.126230001E-1,3.495685023E0
2.013562437E1,-3.538904667E0,6.218256950E-1,1.822206825E-1,3.597737874E0
2.014064994E1,-3.614953041E0,9.401116371E-1,9.901556373E-2,3.736508994E0
2.014567551E1,-3.613790035E0,1.249230862E0,5.904892087E-2,3.824074128E0
2.015070093E1,-3.535732746E0,1.582340717E0,2.915176749E-2,3.873765355E0
2.015572650E1,-3.352370739E0,1.862607002E0,-6.199336052E-2,3.835562226E0
2.016075208E1,-3.126244545E0,2.113675356E0,-5.635046959E-2,3.774149419E0
2.016577765E1,-2.833806515E0,2.344734669E0,-1.407532990E-1,3.680767790E0
2.017080322E1,-2.465887070E0,2.474087000E0,-4.059444666E-1,3.516602968E0
2.017582879E1,-2.104061127E0,2.472893476E0,-7.315325737E-1,3.328275120E0
2.018085437E1,-1.743727684E0,2.364948750E0,-1.011667490E0,3.107577824E0
2.018587994E1,-1.270043373E0,2.179138660E0,-1.351052761E0,2.861293245E0
2.019090551E1,-5.157265663E-1,1.724222660E0,-1.814975500E0,2.555983908E0
2.019593109E1,5.284013748E-1,8.759994507E-1,-2.291107655E0,2.509134778E0
2.020095666E1,1.637268543E0,-1.594796181E-1,-2.600686073E0,3.077279656E0
2.020598223E1,2.572087288E0,-1.118523121E0,-2.686053991E0,3.883505251E0
2.021100780E1,3.314388752E0,-2.048499584E0,-2.472219229E0,4.614476272E0
2.021603338E1,3.850642681E0,-2.805141926E0,-2.071891308E0,5.195094212E0
2.022105895E1,4.138657570E0,-3.354237556E0,-1.411438465E0,5.511039340E0
2.022608452E1,4.136361599E0,-3.666199684E0,-5.897809863E-1,5.558628339E0
2.023111010E1,3.945132256E0,-3.725917816E0,2.807185054E-1,5.433722018E0
2.023613567E1,3.785573006E0,-3.547374249E0,1.108189821E0,5.304951623E0
2.024116124E1,3.829856396E0,-3.322161198E0,1.697527409E0,5.346602130E0
2.024618682E1,4.115733624E0,-3.270871639E0,2.065097332E0,5.648229061E0
2.025121239E1,4.632891178E0,-3.355861187E0,2.351444721E0,6.185044644E0
2.025623791E1,5.284665108E0,-3.535025597E0,2.581251383E0,6.861993149E0
2.026126343E1,5.921909809E0,-3.732712269E0,2.735310078E0,7.515588992E0
2.026628895E1,6.515296459E0,-3.944825649E0,2.826867580E0,8.124156428E0
2.027131447E1,7.054822445E0,-4.147845268E0,2.868839264E0,8.672103483E0
2.027633999E1,7.458731651E0,-4.356535912E0,2.845425367E0,9.094422935E0
2.028136551E1,7.755631924E0,-4.551868916E0,2.817883492E0,9.423895401E0
2.028639103E1,7.811606884E0,-4.724302292E0,2.780800104E0,9.543221860E0
2.029141656E1,7.550729275E0,-4.777714252E0,2.762531996E0,9.352627924E0
2.029644208E1,7.007358074E0,-4.730688572E0,2.758193254E0,8.893262145E0
2.030146760E1,6.264073372E0,-4.572577477E0,2.801337242E0,8.245882023E0
2.030649312E1,5.408328533E0,-4.273430347E0,2.873062611E0,7.467711378E0
2.031151864E1,4.489231110E0,-3.717240334E0,2.944805384E0,6.530156997E0
2.031654416E1,3.560402870E0,-2.888826370E0,2.939803600E0,5.446488006E0
2.032156968E1,2.732346058E0,-1.874075413E0,2.824517727E0,4.353822920E0
2.032659520E1,2.057408810E0,-7.931008339E-1,2.637281656E0,3.437614649E0
2.033162072E1,1.515814781E0,2.193078995E-1,2.354621887E0,2.808920547E0
2.033664624E1,1.178583145E0,1.190913200E0,2.025576591E0,2.628743618E0
2.034167176E1,9.969911575E-1,2.072832584E0,1.670617104E0,2.842813360E0
2.034669728E1,9.029455185E-1,2.830291271E0,1.334092736E0,3.256633648E0
2.035172280E1,8.619418144E-1,3.466949463E0,1.007555723E0,3.711852746E0
2.035674832E1,8.252043724E-1,4.043951511E0,6.874876022E-1,4.184154071E0
2.036177385E1,8.494820595E-1,4.627503872E0,3.846910894E-1,4.720529535E0
2.036679937E1,6.997141838E-1,5.245569229E0,1.955506206E-1,5.295643164E0
2.037182489E1,3.420996666E-1,5.902373791E0,1.200512052E-1,5.913498190E0
2.037685041E1,-1.085548401E-1,6.549955368E0,1.527979374E-1,6.552636621E0
2.038187593E1,-5.662722588E-1,7.116494179E0,1.688374877E-1,7.140984509E0
2.038690145E1,-1.026450157E0,7.630690098E0,2.014266253E-1,7.702051933E0
2.039192697E1,-1.527596474E0,8.106763840E0,2.600084543E-1,8.253531083E0
2.039695249E1,-2.098356247E0,8.563969612E0,3.444483578E-1,8.824019443E0
2.040197801E1,-2.781536102E0,9.040857315E0,4.685094953E-1,9.470667623E0
2.040700353E1,-3.538459063E0,9.494775772E0,5.883576870E-1,1.014975981E1
2.041202906E1,-4.292105675E0,9.878492355E0,6.647784114E-1,1.079114047E1
2.041705458E1,-5.022878647E0,1.015919209E1,6.782189608E-1,1.135334641E1
2.042208015E1,-5.629878521E0,1.034234142E1,6.047817469E-1,1.179089985E1
2.042710572E1,-6.112710476E0,1.040950394E1,4.592232704E-1,1.208030991E1
2.043213129E1,-6.495010376E0,1.038995743E1,2.850014567E-1,1.225632902E1
2.043715687E1,-6.800414562E0,1.028426456E1,1.489497423E-1,1.233020364E1
2.044218244E1,-7.076453686E0,1.017428684E1,9.379357100E-2,1.239359136E1
2.044720801E1,-7.327560425E0,1.007482910E1,5.688232183E-2,1.245787136E1
2.045223359E1,-7.558230400E0,1.000534630E1,7.653307915E-2,1.253952386E1
2.045725916E1,-7.729879379E0,9.980512619E0,1.862640679E-1,1.262522719E1
2.046228473E1,-7.808955193E0,9.995641708E0,3.429045677E-1,1.268898018E1
2.046731030E1,-7.747639179E0,9.983814240E0,4.606022239E-1,1.264573501E1
2.047233588E1,-7.541373253E0,9.992825508E0,5.871157646E-1,1.253289979E1
2.047736145E1,-7.271958351E0,9.988836288E0,6.217182875E-1,1.237112615E1
2.048238702E1,-6.968530655E0,9.961906433E0,5.451653004E-1,1.216951948E1
2.048741260E1,-6.688874722E0,9.911663055E0,4.963757694E-1,1.196781093E1
2.049243817E1,-6.447594643E0,9.847374916E0,4.371401966E-1,1.177851268E1
2.049746374E1,-6.163634300E0,9.759159088E0,4.059123695E-1,1.154973328E1
2.050248932E1,-5.813331127E0,9.637249947E0,3.216380775E-1,1.125943411E1
2.050751489E1,-5.459415913E0,9.514638901E0,2.229548544E-1,1.097193166E1
2.051254046E1,-5.150074959E0,9.376602173E0,1.578311920E-1,1.069901169E1
2.051756603E1,-4.809089184E0,9.251476288E0,1.024787426E-1,1.042725535E1
2.052259161E1,-4.427284241E0,9.043226242E0,-4.801440239E-2,1.006891712E1
2.052761718E1,-3.995361328E0,8.684771538E0,-2.119161189E-1,9.562064487E0
2.053264275E1,-3.623533964E0,8.219167709E0,-3.887981772E-1,8.990877613E0
2.053766833E1,-3.364264011E0,7.689633369E0,-6.208453178E-1,8.416304569E0
2.054269390E1,-3.073772669E0,7.153789997E0,-8.309172392E-1,7.830403131E0
2.054771947E1,-2.665970802E0,6.573403358E0,-9.130553007E-1,7.151971897E0
2.055274504E1,-2.088214874E0,5.848268986E0,-9.578294158E-1,6.283337384E0
2.055777062E1,-1.450282097E0,4.950307369E0,-8.550062180E-1,5.228756721E0
2.056279619E1,-6.897010803E-1,3.899277687E0,-6.387785077E-1,4.010996390E0
2.056782176E1,3.517441750E-1,2.700743914E0,-6.109704971E-1,2.791241050E0
2.057284734E1,1.774644852E0,1.173626900E0,-9.136998057E-1,2.315515447E0
2.057787291E1,3.660165787E0,-8.775529861E-1,-1.673171282E0,4.119030829E0
2.058289848E1,5.783198357E0,-3.361356735E0,-2.626209021E0,7.186172566E0
2.058792406E1,7.962038040E0,-5.923421860E0,-3.113817215E0,1.040080929E1
2.059294963E1,9.862332344E0,-8.333992004E0,-2.843670607E0,1.322147815E1
2.059797520E1,1.111220741E1,-1.018133736E1,-1.785477638E0,1.517658441E1
2.060300077E1,1.153624916E1,-1.107788181E1,-5.095505714E-2,1.599397094E1
2.060802635E1,1.125528336E1,-1.091864395E1,1.910965443E0,1.579715095E1
2.061305192E1,1.062351608E1,-9.967433929E0,3.570178032E0,1.499850007E1
2.061807749E1,9.764604568E0,-8.588693619E0,4.757801533E0,1.384737650E1
2.062310307E1,8.806594849E0,-7.166072369E0,5.590216637E0,1.265540312E1
2.062812864E1,7.824991226E0,-5.910989285E0,5.900631905E0,1.144498750E1
2.063315421E1,6.948281288E0,-4.929591179E0,5.612260818E0,1.020181129E1
2.063817978E1,6.180547237E0,-4.261339664E0,4.823312759E0,8.923145514E0
2.064320536E1,5.458772182E0,-3.778453827E0,3.904637814E0,7.702019444E0
2.064823093E1,4.806087017E0,-3.458197117E0,3.310500622E0,6.783584162E0
2.065325650E1,4.332083702E0,-3.252960682E0,3.261070728E0,6.323233721E0
2.065828208E1,3.821319103E0,-3.162150860E0,3.632715702E0,6.148032297E0
2.066330765E1,3.216815948E0,-3.170233250E0,4.032664299E0,6.054805121E0
2.066833322E1,2.505331039E0,-3.237357140E0,4.185014725E0,5.854187656E0
2.067335879E1,1.807703018E0,-3.180458069E0,4.151559353E0,5.533403003E0
2.067838431E1,1.167962074E0,-3.046694756E0,4.053411484E0,5.203520827E0
2.068340989E1,6.633634567E-1,-2.897799969E0,3.930912495E0,4.928424573E0
2.068843546E1,2.227191925E-1,-2.738076687E0,3.800244093E0,4.689192142E0
2.069346103E1,-2.058930397E-1,-2.581237316E0,3.581378460E0,4.419439976E0
2.069848661E1,-4.783034325E-1,-2.426607132E0,3.327880144E0,4.146321575E0
2.070351218E1,-3.456525803E-1,-2.302600861E0,3.031481028E0,3.822476115E0
2.070853775E1,4.111580849E-1,-2.204915524E0,2.635949373E0,3.461059453E0
2.071356332E1,1.355734825E0,-2.115067959E0,2.082096100E0,3.262921016E0
2.071858890E1,2.229238033E0,-1.851719379E0,1.835033417E0,3.430118731E0
2.072361447E1,2.892424107E0,-1.530296803E0,1.604755402E0,3.644607718E0
2.072864004E1,3.483344555E0,-1.118083954E0,1.220012426E0,3.856453207E0
2.073366562E1,4.072478771E0,-6.068596840E-1,6.673432589E-1,4.171175978E0
2.073869119E1,4.547754288E0,-1.329565048E-2,-4.650875926E-2,4.548011533E0
2.074371676E1,4.668049812E0,6.122474670E-1,-7.753030062E-1,4.771439066E0
2.074874234E1,4.240530014E0,1.233784199E0,-1.654057145E0,4.715954123E0
2.075376791E1,3.345923901E0,1.796791077E0,-2.824889183E0,4.733250872E0
2.075879348E1,2.051537514E0,2.204769611E0,-4.125715256E0,5.107968440E0
2.076381905E1,3.060503006E-1,2.429520130E0,-5.464385509E0,5.987966587E0
2.076884463E1,-1.730462074E0,2.448981285E0,-6.719466209E0,7.358208645E0
2.077387020E1,-3.634629488E0,2.155933857E0,-7.884878159E0,8.945942426E0
2.077889577E1,-5.217734337E0,1.506006718E0,-8.779668808E0,1.032353584E1
2.078392134E1,-6.391588688E0,5.603947639E-1,-9.192327499E0,1.121005500E1
2.078894692E1,-7.072973728E0,-5.481319427E-1,-9.053021431E0,1.150150438E1
2.079397249E1,-6.739315987E0,-1.883689880E0,-8.804404259E0,1.124651955E1
2.079899806E1,-4.903102875E0,-3.860530853E0,-9.038750648E0,1.098376664E1
2.080402364E1,-1.537135124E0,-6.615752220E0,-1.004093075E1,1.212234516E1
2.080904921E1,2.787556171E0,-9.818479538E0,-1.101169872E1,1.501434376E1
2.081407478E1,7.305077553E0,-1.313369370E1,-1.128398323E1,1.879325266E1
2.081910036E1,1.100209427E1,-1.585436440E1,-1.001185703E1,2.174038247E1
2.082412593E1,1.286153030E1,-1.720767021E1,-6.897492886E0,2.256320642E1
2.082915150E1,1.245914364E1,-1.668009186E1,-2.557503462E0,2.097609469E1
2.083417707E1,1.038356972E1,-1.447522736E1,1.403134823E0,1.786951355E1
2.083920265E1,7.967873573E0,-1.148002243E1,4.019010544E0,1.454064545E1
2.084422822E1,6.194956779E0,-8.465799332E0,5.404305458E0,1.180058326E1
2.084925379E1,5.258677006E0,-6.084369659E0,5.724380016E0,9.871259523E0
2.085427937E1,5.147839546E0,-4.892307281E0,4.871270180E0,8.611863660E0
2.085930494E1,5.707422733E0,-5.131186962E0,3.152022123E0,8.296926983E0
2.086433051E1,6.652915001E0,-6.339366436E0,1.467280149E0,9.306006440E0
2.086935608E1,7.576034546E0,-7.848509789E0,5.395812988E-1,1.092183837E1
2.087438166E1,8.074645996E0,-9.189688683E0,4.497916102E-1,1.224142960E1
2.087940723E1,7.992411613E0,-1.010732079E1,8.148087263E-1,1.291125440E1
2.088443280E1,7.484857559E0,-1.055084419E1,1.330080986E0,1.300432702E1
2.088945838E1,6.827061653E0,-1.072350216E1,1.791338682E0,1.283788003E1
2.089448395E1,6.135624886E0,-1.068103409E1,2.103929043E0,1.249627542E1
2.089950952E1,5.373620033E0,-1.046550560E1,2.299701214E0,1.198712749E1
2.090453510E1,4.465766907E0,-1.008559608E1,2.329267979E0,1.127332301E1
2.090956067E1,3.762146473E0,-9.645821571E0,2.404731274E0,1.062912755E1
2.091458624E1,3.224181175E0,-9.150977135E0,2.448878288E0,1.000663438E1
2.091961181E1,2.755761147E0,-8.625256538E0,2.379750252E0,9.362290377E0
2.092463739E1,2.332706451E0,-8.040183067E0,2.254422426E0,8.669975987E0
2.092966296E1,1.897369385E0,-7.372232914E0,2.077957630E0,7.890990852E0
2.093468853E1,1.449687958E0,-6.621682167E0,1.879448652E0,7.034244603E0
2.093971411E1,9.419288635E-1,-5.831592083E0,1.639834762E0,6.130559049E0
2.094473968E1,4.410858154E-1,-5.049952984E0,1.311676025E0,5.236131762E0
2.094976525E1,2.846050262E-2,-4.339009762E0,8.575440049E-1,4.423030345E0
2.095479082E1,-2.387547493E-1,-3.703745842E0,3.364634812E-1,3.726653293E0
2.095981640E1,-4.039616585E-1,-3.144443512E0,-7.297480106E-2,3.171125249E0
2.096484192E1,-6.922979355E-1,-2.623132706E0,-3.795210421E-1,2.739368147E0
2.096986744E1,-1.160974026E0,-2.168397903E0,-6.786161661E-1,2.551534843E0
2.097489296E1,-1.814235687E0,-1.722260475E0,-9.413815737E-1,2.672794706E0
2.097991848E1,-2.589278698E0,-1.188419342E0,-1.182101011E0,3.084488209E0
2.098494400E1,-3.413765430E0,-6.236858368E-1,-1.299733996E0,3.705683054E0
2.098996952E1,-4.210663319E0,-4.654932022E-2,-1.312723041E0,4.410792922E0
2.099499504E1,-4.941227913E0,4.815773964E-1,-1.277711987E0,5.126421559E0
2.100002056E1,-5.562168121E0,9.325160980E-1,-1.265089273E0,5.779943888E0
2.100504608E1,-5.910622597E0,1.335597992E0,-1.211585402E0,6.179580946E0
2.101007161E1,-6.077793121E0,1.705193996E0,-1.102871418E0,6.408087168E0
2.101509713E1,-6.097518921E0,2.074572802E0,-9.445654154E-1,6.509669202E0
2.102012265E1,-6.075359344E0,2.467358351E0,-6.998492479E-1,6.594515704E0
2.102514817E1,-6.011567116E0,2.854506969E0,-5.047242641E-1,6.673971517E0
2.103017369E1,-5.916072845E0,3.264231205E0,-3.081886768E-1,6.763882283E0
2.103519921E1,-5.846674919E0,3.676800489E0,-1.018801928E-1,6.907448807E0
2.104022473E1,-5.851443291E0,4.096567154E0,9.407681227E-2,7.143535643E0
2.104525025E1,-5.983112335E0,4.527970314E0,3.887754083E-1,7.513407662E0
2.105027577E1,-6.236873627E0,5.009068966E0,7.188841105E-1,8.031572630E0
2.105530129E1,-6.488477230E0,5.438974380E0,1.041245222E0,8.530355836E0
2.106032681E1,-6.651983261E0,5.807907104E0,1.399287939E0,8.940842968E0
2.106535234E1,-6.727973461E0,6.100888252E0,1.865179539E0,9.271750594E0
2.107037786E1,-6.716983318E0,6.413071632E0,2.338401794E0,9.576715283E0
2.107540338E1,-6.619602680E0,6.748567581E0,2.838352203E0,9.870083448E0
2.108042890E1,-6.527160168E0,7.188245296E0,3.335868597E0,1.026658218E1
2.108545442E1,-6.588170052E0,7.726987362E0,3.877374172E0,1.086942265E1
2.109047994E1,-6.898156643E0,8.288267136E0,4.340767860E0,1.162420762E1
2.109550546E1,-7.432796001E0,8.824532509E0,4.704319954E0,1.245991399E1
2.110053098E1,-7.976336956E0,9.269243240E0,4.884707928E0,1.316818868E1
2.110555650E1,-8.361046791E0,9.651509285E0,4.871675014E0,1.366718524E1
2.111058202E1,-8.639554024E0,1.002877808E1,4.674886703E0,1.403826375E1
2.111560754E1,-8.921845436E0,1.042004299E1,4.242350578E0,1.435876598E1
2.112063312E1,-9.298633575E0,1.082032013E1,3.484037638E0,1.468613061E1
2.112565869E1,-9.631105423E0,1.121488762E1,2.429572582E0,1.498114545E1
2.113068426E1,-9.828630447E0,1.149796772E1,1.085273027E0,1.516519224E1
2.113570984E1,-9.920433044E0,1.163553333E1,-4.220157266E-1,1.529636313E1
2.114073541E1,-1.006026173E1,1.174177551E1,-1.907583475E0,1.557937845E1
2.114576098E1,-9.961709976E0,1.176354980E1,-3.439916372E0,1.579397969E1
2.115078655E1,-9.778909683E0,1.167175007E1,-4.991109371E0,1.602398193E1
2.115581213E1,-9.646452904E0,1.150468254E1,-6.337723255E0,1.629657970E1
2.116083770E1,-9.502376556E0,1.128186035E1,-7.377253532E0,1.649240440E1
2.116586327E1,-9.379981041E0,1.094190598E1,-8.108775139E0,1.653667394E1
2.117088884E1,-9.206830978E0,1.059607124E1,-8.565479279E0,1.644414479E1
2.117591442E1,-8.886725426E0,1.027400017E1,-8.699689865E0,1.613113672E1
2.118093999E1,-8.366701126E0,9.966821671E0,-8.564792633E0,1.557866794E1
2.118596556E1,-7.622900009E0,9.693914413E0,-8.233557701E0,1.482808328E1
2.119099114E1,-6.684525967E0,9.517162323E0,-7.697735786E0,1.394684202E1
2.119601671E1,-5.738916874E0,9.378392220E0,-6.959048271E0,1.301221581E1
2.120104228E1,-4.882241249E0,9.190815926E0,-6.253934383E0,1.214162560E1
2.120606786E1,-4.000021935E0,8.887001991E0,-5.670067310E0,1.127513384E1
2.121109343E1,-3.016111374E0,8.385348320E0,-5.318752289E0,1.037786684E1
2.121611900E1,-2.007489681E0,7.657036304E0,-5.143139839E0,9.439920932E0
2.122114457E1,-1.098572254E0,6.826643467E0,-5.119548321E0,8.603470058E0
2.122617015E1,-2.603502274E-1,5.875424862E0,-5.299916267E0,7.916913034E0
2.123119572E1,6.652727127E-1,4.722553253E0,-5.874063492E0,7.566354401E0
2.123622129E1,1.864709854E0,3.215507746E0,-6.623834133E0,7.595512591E0
2.124124687E1,3.380905151E0,1.202144146E0,-7.379035473E0,8.205232154E0
2.124627244E1,5.443196774E0,-1.469554424E0,-8.275007248E0,1.001317763E1
2.125129801E1,8.390828133E0,-4.960747719E0,-9.645583153E0,1.371321585E1
2.125632358E1,1.174974442E1,-9.068992615E0,-1.079902458E1,1.835543660E1
2.126134916E1,1.484641075E1,-1.334812355E1,-1.105547142E1,2.282130064E1
2.126637473E1,1.734850883E1,-1.718048477E1,-9.726140022E0,2.628188759E1
2.127140030E1,1.847425652E1,-1.975393677E1,-6.723910809E0,2.786982505E1
2.127642588E1,1.767797852E1,-2.037570953E1,-2.918320656E0,2.713295153E1
2.128145145E1,1.576368904E1,-1.906977654E1,6.569471359E-1,2.475039088E1
2.128647702E1,1.348087120E1,-1.638578033E1,3.405661821E0,2.149014234E1
2.129150260E1,1.127586555E1,-1.309771347E1,5.491952896E0,1.813440897E1
2.129652817E1,9.550954819E0,-9.807071686E0,7.022876263E0,1.538571363E1
2.130155374E1,8.295812607E0,-6.857818127E0,7.842129707E0,1.331725102E1
2.130657931E1,7.810106754E0,-4.427971840E0,7.546238899E0,1.172818927E1
2.131160489E1,8.147521973E0,-2.520569324E0,6.290347099E0,1.059735111E1
2.131663046E1,9.039228439E0,-8.725805283E-1,4.602826595E0,1.018111292E1
2.132165603E1,1.058799744E1,4.191064835E-1,2.975553989E0,1.100614653E1
2.132668161E1,1.247947693E1,1.243715286E0,2.161853552E0,1.272626351E1
2.133170718E1,1.428058720E1,1.535220623E0,2.410233498E0,1.456369797E1
2.133673275E1,1.551300049E1,1.445307255E0,3.328950644E0,1.593185518E1
2.134175832E1,1.597393227E1,1.089100361E0,4.345242500E0,1.659017131E1
2.134678390E1,1.562602425E1,5.829415321E-1,5.090806007E0,1.644471831E1
2.135180947E1,1.459577751E1,2.010746002E-1,5.429881096E0,1.557436229E1
2.135683504E1,1.307256126E1,-4.081344604E-2,5.396011829E0,1.414250570E1
2.136186062E1,1.126044083E1,-1.700320244E-1,5.085680008E0,1.235680297E1
2.136688619E1,9.282200813E0,-2.806854248E-1,4.537599564E0,1.033575571E1
2.137191176E1,7.251203060E0,-4.140105247E-1,3.733368397E0,8.166357212E0
2.137693734E1,5.352544308E0,-5.682020187E-1,2.708371639E0,6.025600471E0
2.138196291E1,3.618208885E0,-7.270660400E-1,1.637814283E0,4.037634975E0
2.138698848E1,2.146780014E0,-8.601326942E-1,5.963335633E-1,2.388327113E0
2.139201405E1,9.929890633E-1,-9.181170464E-1,-3.132139444E-1,1.388189168E0
2.139703963E1,1.533765793E-1,-8.904652596E-1,-1.112636209E0,1.433322045E0
2.140206520E1,-5.004734993E-1,-7.908320427E-1,-1.771782279E0,2.003771815E0
2.140709077E1,-9.634084702E-1,-7.192196846E-1,-2.261022568E0,2.560792043E0
2.141211634E1,-1.331072330E0,-6.513786316E-1,-2.603781223E0,2.995951323E0
2.141714192E1,-1.608067989E0,-6.443142891E-1,-2.761290550E0,3.259716102E0
2.142216749E1,-1.842212677E0,-6.641583443E-1,-2.776602268E0,3.397701283E0
2.142719306E1,-2.052550316E0,-6.818318367E-1,-2.687996387E0,3.450098844E0
2.143221864E1,-2.301238537E0,-6.205110550E-1,-2.500507832E0,3.454456859E0
2.143724421E1,-2.626546860E0,-4.895954132E-1,-2.200376511E0,3.461229386E0
2.144226978E1,-3.042994499E0,-2.364511490E-1,-1.769563794E0,3.528042048E0
2.144729536E1,-3.417140961E0,8.592367172E-2,-1.381473064E0,3.686828319E0
2.145232093E1,-4.016622543E0,3.341617584E-1,-1.144820929E0,4.189932660E0
2.145734650E1,-4.725618362E0,5.999941826E-1,-7.375259399E-1,4.820311861E0
2.146237207E1,-5.308802605E0,8.510046005E-1,-2.834688425E-1,5.384045738E0
2.146739765E1,-5.612599373E0,1.073746681E0,9.857296944E-2,5.715235803E0
2.147242322E1,-5.679998398E0,1.283103943E0,5.052300096E-1,5.844997424E0
2.147744879E1,-5.621413231E0,1.531700134E0,9.412851334E-1,5.901898823E0
2.148247437E1,-5.336863518E0,1.785774231E0,1.282244444E0,5.771936644E0
2.148749994E1,-4.731484413E0,1.896565914E0,1.575709105E0,5.335425588E0
2.149252551E1,-3.935451269E0,1.815764427E0,1.926315904E0,4.742938974E0
2.149755108E1,-3.059479237E0,1.595838070E0,2.299482107E0,4.146652904E0
2.150257666E1,-2.080188274E0,1.284466743E0,2.603291512E0,3.571297351E0
2.150760223E1,-9.837026596E-1,9.196891785E-1,2.717760801E0,3.033104496E0
2.151262780E1,3.537054062E-1,3.335452080E-1,2.490083694E0,2.537100062E0
2.151765338E1,2.366762161E0,-8.141694069E-1,1.573786616E0,2.956558686E0
2.152267895E1,5.035922527E0,-2.882534981E0,7.509398460E-2,5.803030478E0
2.152770452E1,8.170045853E0,-5.555928707E0,-1.487085104E0,9.991467116E0
2.153273010E1,1.130087662E1,-8.409226418E0,-2.389925480E0,1.428763959E1
2.153775567E1,1.386955261E1,-1.081639099E1,-2.284185886E0,1.773629919E1
2.154278124E1,1.552274323E1,-1.225171089E1,-9.129810333E-1,1.979630045E1
2.154780681E1,1.623129272E1,-1.249056530E1,1.304903746E0,2.052247204E1
2.155283239E1,1.634252548E1,-1.179121780E1,3.523150921E0,2.045784810E1
2.155785796E1,1.611211967E1,-1.062195873E1,5.228225708E0,1.999401790E1
2.156288353E1,1.596695423E1,-9.279231071E0,6.597884178E0,1.961070708E1
2.156790911E1,1.612253761E1,-8.170659065E0,7.429935455E0,1.954225753E1
2.157293468E1,1.644122696E1,-7.585391521E0,7.432081699E0,1.957263260E1
2.157796025E1,1.672034073E1,-7.574411392E0,6.533457279E0,1.948403362E1
2.158298582E1,1.686901093E1,-7.964387894E0,4.911050797E0,1.929024168E1
2.158801140E1,1.671204758E1,-8.561943054E0,2.991689920E0,1.901445796E1
2.159303697E1,1.619989014E1,-9.277251244E0,1.109633684E0,1.870120632E1
2.159806254E1,1.543180847E1,-1.009947395E1,-3.808269501E-1,1.844681859E1
2.160308812E1,1.465023136E1,-1.098749638E1,-1.354189873E0,1.836268460E1
2.160811369E1,1.402066898E1,-1.180387974E1,-2.040404320E0,1.844109502E1
2.161313926E1,1.379855728E1,-1.253664303E1,-2.525270700E0,1.881341526E1
2.161816484E1,1.345820808E1,-1.306055832E1,-2.765499115E0,1.895651692E1
2.162319041E1,1.294731903E1,-1.333270454E1,-2.751629353E0,1.878737727E1
2.162821598E1,1.219394588E1,-1.329650497E1,-2.747260571E0,1.824929592E1
2.163324155E1,1.116407013E1,-1.290074921E1,-2.757853746E0,1.728211646E1
2.163826713E1,9.766425133E0,-1.219950294E1,-2.764853954E0,1.586995115E1
2.164329270E1,8.072764397E0,-1.130876923E1,-2.711106062E0,1.415654910E1
2.164831827E1,6.231569290E0,-1.028677559E1,-2.630111694E0,1.231128325E1
2.165334385E1,4.267092705E0,-9.243856430E0,-2.521862268E0,1.048888703E1
2.165836942E1,2.170020103E0,-8.218362808E0,-2.429881096E0,8.840520156E0
2.166339499E1,3.070831299E-3,-7.319630623E0,-2.455450296E0,7.720507629E0
2.166842056E1,-2.037090778E0,-6.532329559E0,-2.460416079E0,7.271500230E0
2.167344609E1,-3.907134533E0,-5.826521873E0,-2.345536709E0,7.396999382E0
2.167847161E1,-5.602420807E0,-5.210880756E0,-2.241704226E0,7.972805967E0
2.168349713E1,-7.166069031E0,-4.703632832E0,-2.269672632E0,8.867249913E0
2.168852265E1,-8.645732880E0,-4.284759998E0,-2.362677813E0,9.934289694E0
2.169354817E1,-1.017967606E1,-3.871534824E0,-2.492302895E0,1.117256283E1
2.169857369E1,-1.181505585E1,-3.347377062E0,-2.711678505E0,1.257591659E1
2.170359921E1,-1.333088207E1,-2.662080526E0,-3.073587418E0,1.393721741E1
2.170862473E1,-1.468869019E1,-1.808617115E0,-3.584061623E0,1.522741649E1
2.171365025E1,-1.572206020E1,-9.148900509E-1,-4.399409294E0,1.635160552E1
2.171867577E1,-1.618395615E1,-1.910994053E-1,-5.226319313E0,1.700797957E1
2.172370129E1,-1.624814224E1,3.145475388E-1,-5.588132381E0,1.718511827E1
2.172872681E1,-1.616465187E1,6.489467621E-1,-5.094518185E0,1.696087314E1
2.173375234E1,-1.586743546E1,7.876219749E-1,-3.868072510E0,1.635108074E1
2.173877786E1,-1.537617683E1,7.353684902E-1,-2.251093864E0,1.555747423E1
2.174380338E1,-1.501106834E1,6.312446594E-1,-5.455501080E-1,1.503423651E1
2.174882890E1,-1.507669067E1,6.290953159E-1,9.922480583E-1,1.512239792E1
2.175385442E1,-1.543174362E1,7.733259201E-1,2.276186228E0,1.561786695E1
2.175887994E1,-1.580593204E1,9.125900269E-1,3.230828524E0,1.615854453E1
2.176390546E1,-1.597756958E1,9.768673182E-1,3.933798075E0,1.648368183E1
2.176893098E1,-1.603199959E1,1.044085979E0,4.518852711E0,1.668937255E1
2.177395650E1,-1.604547119E1,1.181893229E0,4.865152836E0,1.680844221E1
2.177898202E1,-1.587911606E1,1.414407611E0,4.871721268E0,1.666974936E1
2.178400754E1,-1.552386475E1,1.563762188E0,4.738633156E0,1.630614525E1
2.178903306E1,-1.494226742E1,1.585757494E0,4.272781372E0,1.562186426E1
2.179405859E1,-1.420247459E1,1.459536433E0,3.853731155E0,1.478823096E1
2.179908411E1,-1.360680771E1,1.112424374E0,3.451874971E0,1.408183741E1
2.180410963E1,-1.294516659E1,8.262786865E-1,2.841856956E0,1.327916509E1
2.180913515E1,-1.213675976E1,7.912688255E-1,2.321202278E0,1.238204441E1
2.181416067E1,-1.145478439E1,6.426832676E-1,1.956324935E0,1.163839914E1
2.181918619E1,-1.086582756E1,5.810029507E-1,1.621885061E0,1.100155826E1
2.182421171E1,-1.037461090E1,6.680076122E-1,1.345781088E0,1.048283894E1
2.182923728E1,-9.914181709E0,8.311479092E-1,1.055120707E0,1.000475315E1
2.183426286E1,-9.580270767E0,1.045794010E0,8.344390392E-1,9.673239457E0
2.183928843E1,-9.148027420E0,1.254021645E0,5.478102565E-1,9.249814703E0
2.184431400E1,-8.684780121E0,1.464462996E0,1.982962489E-1,8.809618551E0
2.184933957E1,-8.291377068E0,1.642655969E0,-1.111796498E-1,8.453260508E0
2.185436515E1,-7.920316219E0,1.668245077E0,-4.835327864E-1,8.108529744E0
2.185939072E1,-7.586286545E0,1.574359894E0,-8.253192902E-1,7.791758758E0
2.186441629E1,-7.366125107E0,1.499538660E0,-1.095861912E0,7.596665625E0
2.186944187E1,-7.279164314E0,1.558342695E0,-1.311465859E0,7.558743796E0
2.187446744E1,-7.210701942E0,1.688331127E0,-1.568853498E0,7.570071717E0
2.187949301E1,-7.112938881E0,1.803399324E0,-1.839287758E0,7.564993596E0
2.188451859E1,-6.976307869E0,1.951340914E0,-2.074093819E0,7.535148838E0
2.188954416E1,-6.925136566E0,2.184703827E0,-2.296477079E0,7.616052406E0
2.189456973E1,-6.916136742E0,2.484368563E0,-2.548795223E0,7.778264053E0
2.189959530E1,-6.820183754E0,2.845255375E0,-2.811459541E0,7.906623131E0
2.190462088E1,-6.618332386E0,3.276478291E0,-3.021542788E0,7.979182563E0
2.190964645E1,-6.425778866E0,3.724554777E0,-3.159167528E0,8.071138816E0
2.191467202E1,-6.381247044E0,4.131806374E0,-3.108974457E0,8.213273398E0
2.191969760E1,-6.532309532E0,4.498464584E0,-2.899912834E0,8.444924268E0
2.192472317E1,-6.778263092E0,4.877532959E0,-2.585472822E0,8.741844658E0
2.192974874E1,-6.961150646E0,5.250340939E0,-2.252908707E0,9.005514751E0
2.193477431E1,-6.999818325E0,5.578979492E0,-1.908067703E0,9.152223288E0
2.193979989E1,-6.975943089E0,5.901903629E0,-1.494567394E0,9.259048554E0
2.194482546E1,-6.751104355E0,6.214498520E0,-1.032569051E0,9.233829147E0
2.194985103E1,-6.330748558E0,6.583554745E0,-5.134660006E-1,9.147962490E0
2.195487661E1,-5.863777637E0,7.085500717E0,1.571681499E-1,9.198527623E0
2.195990218E1,-5.341337681E0,7.681540966E0,9.206243753E-1,9.401250399E0
2.196492775E1,-4.859901428E0,8.289811134E0,1.632090688E0,9.746965197E0
2.196995332E1,-4.486958504E0,8.881223679E0,2.204823494E0,1.019167196E1
2.197497890E1,-4.222818851E0,9.393182755E0,2.557635546E0,1.061157768E1
2.198000447E1,-3.981265783E0,9.839923859E0,2.653441429E0,1.094145010E1
2.198503004E1,-3.642655373E0,1.021624184E1,2.513493061E0,1.113365092E1
2.199005562E1,-3.350429535E0,1.055052185E1,2.235621929E0,1.129322340E1
2.199508119E1,-3.247641563E0,1.084757042E1,1.816921592E0,1.146813689E1
2.200010676E1,-3.343272686E0,1.112178993E1,1.373915672E0,1.169441439E1
2.200513234E1,-3.397719860E0,1.128700256E1,9.799140096E-1,1.182798202E1
2.201015791E1,-3.286751270E0,1.129986000E1,5.549345016E-1,1.178123602E1
2.201518348E1,-3.259257317E0,1.122241306E1,2.103148699E-1,1.168800862E1
2.202020905E1,-3.367837906E0,1.113598251E1,-1.207177639E-1,1.163473298E1
2.202523463E1,-3.540566683E0,1.100244808E1,-4.811971188E-1,1.156810386E1
2.203026020E1,-3.686574697E0,1.081230927E1,-6.750522852E-1,1.144345054E1
2.203528577E1,-3.954212904E0,1.052280903E1,-5.931752920E-1,1.125687197E1
2.204031135E1,-4.429429054E0,1.015363979E1,-4.141087532E-1,1.108547378E1
2.204533692E1,-5.069045067E0,9.777041435E0,-2.591483593E-1,1.101602991E1
2.205036249E1,-5.825048923E0,9.450950623E0,-3.977161646E-1,1.110899819E1
2.205538806E1,-6.419849396E0,8.850333214E0,-9.542084932E-1,1.097512543E1
2.206041364E1,-6.963215351E0,7.976020336E0,-1.621840715E0,1.071137880E1
2.206543921E1,-7.654964924E0,6.944291115E0,-2.371016502E0,1.060393259E1
2.207046478E1,-8.225173950E0,5.656544209E0,-3.290021420E0,1.051067171E1
2.207549036E1,-8.456254005E0,4.100471020E0,-3.977127075E0,1.020488286E1
2.208051593E1,-8.575232506E0,2.402887583E0,-4.188779354E0,9.841460956E0
2.208554150E1,-8.119933128E0,4.515681267E-1,-4.255970001E0,9.178807571E0
2.209056707E1,-6.260540009E0,-1.832558632E0,-4.599929810E0,7.981978864E0
2.209559265E1,-2.838356495E0,-4.405714035E0,-5.205136776E0,7.386476332E0
2.210061822E1,1.491970539E0,-7.162970543E0,-5.582699776E0,9.203296142E0
2.210564379E1,6.459486008E0,-1.008093452E1,-5.174350739E0,1.304316319E1
2.211066937E1,1.192342567E1,-1.303518295E1,-3.578120470E0,1.802462262E1
2.211569494E1,1.727016830E1,-1.569971275E1,-9.509999752E-1,2.335902598E1
2.212072051E1,2.219318581E1,-1.806826401E1,2.053998470E0,2.869178576E1
2.212574609E1,2.682540321E1,-2.032050896E1,5.000770569E0,3.402253736E1
2.213077166E1,3.127899551E1,-2.255488205E1,7.476029873E0,3.928090232E1
2.213579723E1,3.508475494E1,-2.444525909E1,9.659285545E0,4.383848217E1
2.214082280E1,3.785690308E1,-2.566255760E1,1.103135777E1,4.704681527E1
2.214584838E1,3.925995255E1,-2.609984970E1,1.112364197E1,4.843842936E1
2.215087395E1,4.036924362E1,-2.553313828E1,9.857217789E0,4.877275595E1
2.215589952E1,4.302432251E1,-2.358307266E1,8.680722237E0,4.982578230E1
2.216092510E1,4.661398697E1,-2.008832550E1,8.048260689E0,5.139240316E1
2.216595067E1,4.940888596E1,-1.532788086E1,7.519483566E0,5.227546821E1
2.217097624E1,5.041640472E1,-9.794971466E0,6.307739735E0,5.174497958E1
2.217600181E1,4.983309174E1,-4.364204884E0,4.267493725E0,5.020552578E1
2.218102739E1,4.881375122E1,-2.243375778E-2,3.099387646E0,4.891205389E1
2.218605296E1,4.716372299E1,2.420802593E0,5.043921947E0,4.749440178E1
2.219107853E1,4.858637238E1,9.406576157E-1,6.662700653E0,4.905009681E1
2.219610411E1,4.898096466E1,-2.920620441E0,7.730853081E0,4.967324242E1
2.220112968E1,4.474851990E1,-6.955938816E0,1.105100441E1,4.661480254E1
2.220615525E1,3.889652252E1,-1.128090858E1,1.374045563E1,4.276679183E1
2.221118082E1,3.271963120E1,-1.572689152E1,1.541628170E1,3.944072925E1
2.221620640E1,2.646738815E1,-2.018122864E1,1.649114609E1,3.714515479E1
2.222123197E1,2.071197128E1,-2.446292114E1,1.668733978E1,3.613706649E1
2.222625754E1,1.550431252E1,-2.811351395E1,1.581019783E1,3.578708885E1
2.223128312E1,1.029308891E1,-3.090882683E1,1.380181122E1,3.538069033E1
2.223630869E1,5.047465801E0,-3.248597336E1,1.065993023E1,3.456080856E1
2.224133426E1,-2.574210167E-1,-3.261676788E1,6.738263130E0,3.330651592E1
2.224635984E1,-4.968918324E0,-3.112239265E1,2.765770435E0,3.163768259E1
2.225138541E1,-8.581132889E0,-2.807527542E1,-4.595332146E-1,2.936099628E1
2.225641098E1,-1.083863258E1,-2.437854767E1,-3.239038706E0,2.687528445E1
2.226143655E1,-1.198265648E1,-2.091423225E1,-6.306122780E0,2.491498247E1
2.226646213E1,-1.233236313E1,-1.800649452E1,-9.600257874E0,2.384294396E1
2.227148770E1,-1.187202644E1,-1.530130959E1,-1.202416039E1,2.279595402E1
2.227651327E1,-1.049515438E1,-1.271773338E1,-1.279809380E1,2.087295410E1
2.228153884E1,-8.348832130E0,-1.042381573E1,-1.200607014E1,1.795841453E1
2.228656442E1,-5.900572777E0,-8.449462891E0,-1.010170746E1,1.443103170E1
2.229158999E1,-3.588005066E0,-6.700091362E0,-7.608160019E0,1.075402731E1
2.229661556E1,-1.637016296E0,-5.257626534E0,-4.991461277E0,7.432169589E0
2.230164114E1,-1.956591606E-1,-4.174083233E0,-2.587172031E0,4.914744394E0
2.230666671E1,5.417013168E-1,-3.408874512E0,-3.847572803E-1,3.473025182E0
2.231169228E1,4.351987839E-1,-2.919255257E0,1.469878554E0,3.297270416E0
2.231671786E1,-4.092583656E-1,-2.607842922E0,2.866376638E0,3.896723258E0
2.232174343E1,-1.722110748E0,-2.419109344E0,3.959267616E0,4.949096433E0
2.232676900E1,-3.247758389E0,-2.239340782E0,4.908766747E0,6.297505273E0
2.233179457E1,-4.845583916E0,-2.012259483E0,5.732079506E0,7.770817664E0
2.233682015E1,-6.470910072E0,-1.643472672E0,6.489583015E0,9.310658801E0
2.234184572E1,-8.022001266E0,-1.082350731E0,7.136971951E0,1.079167995E1
2.234687129E1,-9.297069550E0,-4.082431793E-1,7.597387791E0,1.201342857E1
2.235189687E1,-1.009005833E1,2.125263214E-1,7.713791847E0,1.270263867E1
2.235692244E1,-1.044921875E1,7.033176422E-1,7.573940277E0,1.292460442E1
2.236194801E1,-1.036584949E1,9.721889496E-1,7.198783875E0,1.265774373E1
2.236697358E1,-1.026684952E1,1.218435764E0,6.652058601E0,1.229400945E1
2.237199916E1,-1.020544815E1,1.402407885E0,6.106740952E0,1.197539999E1
2.237702473E1,-1.000524044E1,1.436571360E0,5.233644485E0,1.138242541E1
2.238205030E1,-9.791174889E0,1.372397900E0,4.258860588E0,1.076515096E1
2.238707588E1,-9.563675880E0,1.304367065E0,3.283931732E0,1.019556165E1
2.239210145E1,-9.299117088E0,1.164500237E0,2.261998177E0,9.640864856E0
2.239712697E1,-9.093510628E0,1.004600525E0,1.227117777E0,9.230762471E0
2.240215249E1,-9.037845612E0,9.149198532E-1,1.701556444E-1,9.085630665E0
2.240717801E1,-9.122349739E0,9.046735764E-1,-8.797985315E-1,9.209220624E0
2.241220353E1,-9.360992432E0,9.643039703E-1,-1.846053958E0,9.589889294E0
2.241722905E1,-9.494900703E0,9.650030136E-1,-2.771400213E0,9.938059636E0
2.242225457E1,-9.471057892E0,8.833608627E-1,-3.678836346E0,1.019877938E1
2.242728010E1,-9.336988449E0,7.294425964E-1,-4.452601433E0,1.037000961E1
2.243230562E1,-9.092089653E0,5.805234909E-1,-5.129415035E0,1.045533359E1
2.243733114E1,-8.697722435E0,4.943547249E-1,-5.669194221E0,1.039396581E1
2.244235666E1,-8.163260460E0,4.136962891E-1,-6.003067970E0,1.014134069E1
2.244738218E1,-7.555673599E0,2.907743454E-1,-6.182101250E0,9.766838236E0
2.245240770E1,-6.942077637E0,9.673881531E-2,-6.257426262E0,9.346506499E0
2.245743322E1,-6.346286297E0,-1.442685127E-1,-6.251518726E0,8.909413536E0
2.246245874E1,-5.639090538E0,-4.512472153E-1,-6.234584332E0,8.418610808E0
2.246748426E1,-4.696317673E0,-7.859716415E-1,-6.190501213E0,7.809958795E0
2.247250978E1,-3.575830936E0,-1.191740513E0,-5.993752956E0,7.080387478E0
2.247753530E1,-2.507728100E0,-1.678437710E0,-5.759133816E0,6.501805570E0
2.248256082E1,-1.583168507E0,-2.260797024E0,-5.563552380E0,6.210534662E0
2.248758634E1,-7.973985672E-1,-2.895984173E0,-5.364374161E0,6.148095554E0
2.249261187E1,-6.911277771E-3,-3.579490662E0,-5.204981804E0,6.317011694E0
2.249763739E1,8.120803833E-1,-4.216103554E0,-4.889115810E0,6.506800837E0
2.250266291E1,1.525417328E0,-4.758693218E0,-4.216451168E0,6.538388152E0
2.250768843E1,2.090089798E0,-5.308105469E0,-3.351347208E0,6.616342429E0
2.251271395E1,2.587628365E0,-5.950377464E0,-2.472751617E0,6.943868740E0
2.251773947E1,3.065918922E0,-6.713954449E0,-1.539932966E0,7.539790230E0
2.252276499E1,3.491487503E0,-7.450163364E0,-4.117915630E-1,8.238021087E0
2.252779051E1,3.735037804E0,-8.034457207E0,8.990513682E-1,8.905689382E0
2.253281603E1,3.796560287E0,-8.428300858E0,2.303394556E0,9.526581330E0
2.253784155E1,3.781373024E0,-8.549886703E0,3.784224033E0,1.008561828E1
2.254286707E1,3.603231430E0,-8.417936325E0,5.281383514E0,1.057061685E1
2.254789260E1,3.266954422E0,-8.027041435E0,6.567686081E0,1.087386251E1
2.255291812E1,2.911447525E0,-7.543909550E0,7.732725620E0,1.118848263E1
2.255794369E1,2.689854622E0,-7.077774525E0,8.857005119E0,1.165232808E1
2.256296926E1,2.640272141E0,-6.628054619E0,9.949625969E0,1.224325128E1
2.256799484E1,2.681161880E0,-6.122650146E0,1.112034702E1,1.297449775E1
2.257302041E1,2.764279366E0,-5.571087837E0,1.226287937E1,1.374978075E1
2.257804598E1,2.836526871E0,-5.040298939E0,1.324648476E1,1.445406021E1
2.258307155E1,2.825725555E0,-4.554086208E0,1.395455170E1,1.494837580E1
2.258809713E1,2.789075851E0,-4.198441982E0,1.427568626E1,1.513938828E1
2.259312270E1,2.759972572E0,-3.992650032E0,1.416663361E1,1.497505294E1
2.259814827E1,2.776744843E0,-3.927654743E0,1.359499645E1,1.442084298E1
2.260317384E1,2.734253883E0,-3.961293221E0,1.265361881E1,1.353817038E1
2.260819942E1,2.575340271E0,-4.056583881E0,1.136457062E1,1.233862697E1
2.261322499E1,2.281301498E0,-4.109487057E0,9.970384598E0,1.102273965E1
2.261825056E1,1.780776978E0,-4.102144718E0,8.574820518E0,9.670899899E0
2.262327614E1,1.117285728E0,-4.021328449E0,7.100193977E0,8.236028437E0
2.262830171E1,3.584585190E-1,-3.896273136E0,5.656005859E0,6.877487851E0
2.263332728E1,-3.230834007E-1,-3.803834438E0,4.279851913E0,5.735038947E0
2.263835286E1,-9.129123688E-1,-3.791870117E0,2.975260973E0,4.905493435E0
2.264337843E1,-1.473164082E0,-3.850467205E0,1.697209835E0,4.458344012E0
2.264840400E1,-2.180519581E0,-3.916647911E0,4.766151011E-1,4.507988294E0
2.265342957E1,-3.101076126E0,-3.931540489E0,-6.472240090E-1,5.049017991E0
2.265845515E1,-4.046967506E0,-3.859623432E0,-1.645116091E0,5.829326375E0
2.266348072E1,-4.782686234E0,-3.675017834E0,-2.554771185E0,6.550320564E0
2.266850629E1,-5.264343739E0,-3.452472687E0,-3.337424278E0,7.125397074E0
2.267353187E1,-5.524807930E0,-3.223942280E0,-3.912183285E0,7.498165412E0
2.267855744E1,-5.558895111E0,-3.040978909E0,-4.399625778E0,7.713985647E0
2.268358301E1,-5.457427979E0,-2.812271118E0,-4.777110577E0,7.779021432E0
2.268860858E1,-5.234751225E0,-2.451813221E0,-5.107817650E0,7.713871246E0
2.269363416E1,-4.953325272E0,-1.883938313E0,-5.339478016E0,7.522943592E0
2.269865973E1,-4.665991783E0,-1.176705360E0,-5.472262859E0,7.287096516E0
2.270368530E1,-4.330022812E0,-4.605202675E-1,-5.449194431E0,6.975306188E0
2.270871088E1,-3.974508286E0,1.392259598E-1,-5.171149254E0,6.523563795E0
2.271373645E1,-3.566431046E0,6.024756432E-1,-4.592101097E0,5.845493973E0
2.271876202E1,-3.001252174E0,9.713788033E-1,-3.666773558E0,4.836974232E0
2.272378760E1,-2.045645237E0,1.091827393E0,-2.636713266E0,3.511268765E0
2.272881317E1,-1.241675377E0,1.221060276E0,-1.375347853E0,2.219082616E0
2.273383874E1,-5.710921288E-1,1.272069931E0,4.560828209E-3,1.394391957E0
2.273886431E1,6.104803085E-2,1.215753555E0,1.381217003E0,1.841071421E0
2.274388989E1,5.585365295E-1,1.080827236E0,2.681239367E0,2.944349692E0
2.274891546E1,9.163436890E-1,9.057970047E-1,3.874701500E0,4.083315526E0
2.275394103E1,1.129886150E0,6.722240448E-1,4.979908943E0,5.150535988E0
2.275896661E1,1.371530056E0,3.473181725E-1,6.024793148E0,6.188687832E0
2.276399218E1,1.732213020E0,-4.892539978E-2,7.022816658E0,7.233457642E0
2.276901775E1,2.087297916E0,-3.962163925E-1,7.910373688E0,8.190714981E0
2.277404332E1,2.383862019E0,-6.749081612E-1,8.881834030E0,9.220915079E0
2.277906890E1,2.573782921E0,-9.085292816E-1,9.844550133E0,1.021591657E1
2.278409447E1,2.633218765E0,-1.015227795E0,1.055341148E1,1.092424013E1
2.278912004E1,2.548082829E0,-9.230942726E-1,1.100374603E1,1.133257499E1
2.279414562E1,2.275959969E0,-6.988554001E-1,1.121989822E1,1.146972139E1
2.279917119E1,1.994768143E0,-4.378876686E-1,1.108331490E1,1.126990304E1
2.280419676E1,1.714687824E0,-1.307163239E-1,1.068193245E1,1.081946958E1
2.280922234E1,1.426845074E0,2.082228661E-1,1.015620804E1,1.025806051E1
2.281424791E1,1.366101742E0,5.450382233E-1,9.498564720E0,9.611765310E0
2.281927348E1,1.470174313E0,9.650373459E-1,8.802161217E0,8.976121193E0
2.282429905E1,1.561572552E0,1.414531231E0,8.168918610E0,8.436269240E0
2.282932463E1,1.649386406E0,1.854250431E0,7.504343033E0,7.904042291E0
2.283435020E1,1.747344494E0,2.230682373E0,6.809409142E0,7.375446392E0
2.283937577E1,1.854799747E0,2.490415096E0,6.080469131E0,6.827485212E0
2.284440134E1,1.985686302E0,2.613854408E0,5.356991768E0,6.282718023E0
2.284942692E1,2.096593380E0,2.734549046E0,4.688114643E0,5.818236949E0
2.285445249E1,2.158838749E0,2.909721851E0,4.146726131E0,5.506578212E0
2.285947806E1,2.210543156E0,3.139183521E0,3.780966282E0,5.388569406E0
2.286450364E1,2.270580292E0,3.355852604E0,3.514110565E0,5.363418185E0
2.286952921E1,2.348223209E0,3.516657352E0,3.322035789E0,5.377448555E0
2.287455478E1,2.424034119E0,3.621643066E0,3.147054672E0,5.375517930E0
2.287958036E1,2.469062805E0,3.680451393E0,2.998447180E0,5.350951232E0
2.288460593E1,2.502320766E0,3.745830536E0,2.828024864E0,5.318889006E0
2.288963150E1,2.590492725E0,3.846413136E0,2.673955917E0,5.353091333E0
2.289465707E1,2.805021286E0,3.972526550E0,2.579433441E0,5.504778695E0
2.289968265E1,3.231183052E0,3.980348110E0,2.539539814E0,5.721274112E0
2.290470822E1,3.777101517E0,3.826585293E0,2.516033411E0,5.936301458E0
2.290973379E1,4.284045696E0,3.544513702E0,2.432510853E0,6.069080158E0
2.291475937E1,4.593905449E0,3.248959064E0,2.255702257E0,6.062004202E0
2.291978494E1,4.816919804E0,2.992598057E0,2.053132772E0,6.031062403E0
2.292481051E1,5.001201153E0,2.818614006E0,1.963785410E0,6.067375959E0
2.292983608E1,5.094152451E0,2.688701630E0,2.001911640E0,6.098127242E0
2.293486166E1,5.124573231E0,2.612463951E0,2.090662479E0,6.120219628E0
2.293988723E1,5.102017879E0,2.503770351E0,2.158046007E0,6.079195258E0
2.294491280E1,5.093478680E0,2.367476940E0,2.270940304E0,6.058518134E0
2.294993838E1,5.055909634E0,2.246738911E0,2.467183828E0,6.057809340E0
2.295496395E1,5.003765583E0,2.108163357E0,2.593266249E0,6.017229644E0
2.295998952E1,4.879681110E0,1.956625938E0,2.730006695E0,5.923901532E0
2.296501510E1,4.721871853E0,1.739502907E0,2.824231625E0,5.770461717E0
2.297004067E1,4.535301208E0,1.447377682E0,2.847148418E0,5.547081514E0
2.297506624E1,4.277321339E0,1.075720310E0,2.808593273E0,5.228847693E0
2.298009181E1,4.044449329E0,5.915651321E-1,2.785548449E0,4.946392609E0
2.298511739E1,3.861546993E0,-9.160995483E-3,2.806978703E0,4.773966751E0
2.299014296E1,3.686254978E0,-5.536746979E-1,2.896731138E0,4.720813778E0
2.299516853E1,3.461660385E0,-9.460387230E-1,2.973032236E0,4.660150487E0
2.300019411E1,3.212375641E0,-1.233832359E0,3.011866093E0,4.573077400E0
2.300521968E1,3.001184464E0,-1.474169731E0,3.051467657E0,4.526780251E0
2.301024525E1,2.885799885E0,-1.729053974E0,3.092025757E0,4.569255071E0
2.301527082E1,2.909682274E0,-1.964668274E0,3.110048294E0,4.690263612E0
2.302029640E1,3.087191105E0,-2.195287704E0,3.124947071E0,4.910736322E0
2.302532197E1,3.303154945E0,-2.349303246E0,3.236971617E0,5.187296365E0
2.303034754E1,3.404194832E0,-2.340872765E0,3.402475595E0,5.352108737E0
2.303537312E1,3.337385178E0,-2.146540642E0,3.544236898E0,5.320469128E0
2.304039869E1,3.164887428E0,-1.905339241E0,3.604474068E0,5.161304424E0
2.304542426E1,2.910542011E0,-1.684500694E0,3.593101501E0,4.921298181E0
2.305044984E1,2.617555618E0,-1.450577736E0,3.534597874E0,4.631323279E0
2.305547541E1,2.305362701E0,-1.246549606E0,3.530007362E0,4.396536715E0
2.306050098E1,2.041237831E0,-1.120025635E0,3.555565119E0,4.250076778E0
2.306552655E1,1.830285549E0,-1.108864307E0,3.563321829E0,4.156535541E0
2.307055213E1,1.576959610E0,-1.054921150E0,3.615197659E0,4.082807166E0
2.307557765E1,1.338807106E0,-9.102735519E-1,3.677299023E0,4.017901257E0
2.308060317E1,1.144685268E0,-6.844730377E-1,3.797580481E0,4.024975181E0
2.308562869E1,1.042413235E0,-3.918972015E-1,3.913655281E0,4.069017870E0
2.309065421E1,1.022146225E0,-8.532619476E-2,4.082690716E0,4.209563748E0
2.309567973E1,1.069136143E0,1.873016357E-1,4.342107296E0,4.475715559E0
2.310070525E1,1.192213058E0,4.017696381E-1,4.652482986E0,4.819583878E0
2.310573077E1,1.313928604E0,5.576591492E-1,4.974339485E0,5.175079267E0
2.311075629E1,1.366405010E0,6.831827164E-1,5.244154930E0,5.462138977E0
2.311578181E1,1.368226051E0,7.923946381E-1,5.422459602E0,5.648274066E0
2.312080734E1,1.328331947E0,9.327287674E-1,5.579831600E0,5.811107416E0
2.312583286E1,1.227113724E0,1.036959171E0,5.714640617E0,5.936178046E0
2.313085838E1,1.069058418E0,1.100237370E0,5.753399849E0,5.954411641E0
2.313588390E1,7.489061356E-1,1.060524940E0,5.689526558E0,5.835776384E0
2.314090942E1,2.862911224E-1,9.278016090E-1,5.473925591E0,5.559374048E0
2.314593494E1,-2.890295982E-1,7.362627983E-1,5.101456642E0,5.162410376E0
2.315096046E1,-8.608922958E-1,5.488495827E-1,4.625526428E0,4.736862479E0
2.315598598E1,-1.480267048E0,3.999681473E-1,4.105241299E0,4.382256402E0
2.316101150E1,-2.102446556E0,2.570385933E-1,3.590426922E0,4.168634769E0
2.316603702E1,-2.563559055E0,1.255908012E-1,2.896354198E0,3.869945183E0
2.317106254E1,-2.843731880E0,3.004074097E-2,2.058747292E0,3.510862268E0
2.317608806E1,-3.053007603E0,9.450483322E-2,1.309448957E0,3.323318095E0
2.318111359E1,-3.253899574E0,2.417292595E-1,7.029945254E-1,3.337738273E0
2.318613911E1,-3.561513901E0,2.893748283E-1,3.368024528E-1,3.589088317E0
2.319116463E1,-4.090544224E0,1.035814285E-1,2.073833346E-1,4.097107395E0
2.319619015E1,-4.988539696E0,-3.147873878E-1,1.627643108E-1,5.001111038E0
2.320121567E1,-6.397404671E0,-8.923316002E-1,-1.243773401E-1,6.460534957E0
2.320624119E1,-8.114146233E0,-1.617367744E0,-5.914646983E-1,8.294882639E0
2.321126671E1,-9.630220413E0,-2.430542946E0,-8.873264790E-1,9.971761755E0
2.321629223E1,-1.061557388E1,-3.015234947E0,-4.278243780E-1,1.104378035E1
2.322131775E1,-1.086104012E1,-3.185494900E0,8.326293826E-1,1.134913397E1
2.322634327E1,-1.043110657E1,-2.962421894E0,2.701924086E0,1.117516539E1
2.323136879E1,-9.467453003E0,-2.487744808E0,4.587547779E0,1.081051041E1
2.323639431E1,-8.313186646E0,-1.908767223E0,5.312032223E0,1.004839046E1
2.324141989E1,-7.573817253E0,-1.286375999E0,4.485825539E0,8.896072266E0
2.324644546E1,-7.307074070E0,-8.420028687E-1,2.851009369E0,7.888634528E0
2.325147103E1,-6.746253967E0,-9.429678917E-1,1.099995613E0,6.900081259E0
2.325649661E1,-6.100794792E0,-1.582250118E0,-4.423970580E-1,6.318142741E0
2.326152218E1,-5.838120937E0,-2.293303490E0,-1.830462456E0,6.534025541E0
2.326654775E1,-5.850609303E0,-2.690657616E0,-2.920120955E0,7.070811411E0
2.327157332E1,-5.801151276E0,-2.738311768E0,-3.594652176E0,7.353450328E0
2.327659890E1,-5.401902199E0,-2.530582905E0,-4.028719902E0,7.198262377E0
2.328162447E1,-4.515080452E0,-2.168201923E0,-4.429714203E0,6.686510225E0
2.328665004E1,-3.310784340E0,-1.878138065E0,-4.951564789E0,6.245533556E0
2.329167562E1,-2.275024891E0,-1.734676361E0,-5.580325127E0,6.270954381E0
2.329670119E1,-1.772923946E0,-1.639108181E0,-5.966774464E0,6.436795200E0
2.330172676E1,-1.622751713E0,-1.620792866E0,-5.818631649E0,6.254339845E0
2.330675234E1,-1.742537022E0,-1.741700649E0,-5.158878803E0,5.716991073E0
2.331177791E1,-2.025993824E0,-1.848046303E0,-4.148939133E0,4.973290866E0
2.331680348E1,-2.199495316E0,-1.857775688E0,-3.075130939E0,4.212545602E0
2.332182905E1,-2.157610893E0,-1.761053085E0,-1.875296593E0,3.357578003E0
2.332685463E1,-1.958011150E0,-1.562780857E0,-5.976990461E-1,2.575526319E0
2.333188020E1,-1.629849911E0,-1.325502872E0,6.852355003E-1,2.209732175E0
2.333690577E1,-1.273848534E0,-1.092445850E0,1.762528062E0,2.433646069E0
2.334193135E1,-8.806557655E-1,-8.925971985E-1,2.524232388E0,2.818516185E0
2.334695692E1,-3.070821762E-1,-7.359986305E-1,2.856467962E0,2.965704413E0
2.335198249E1,4.603028297E-1,-5.807185173E-1,2.780185699E0,2.877246116E0
2.335700806E1,1.329403400E0,-3.995585442E-1,2.445658207E0,2.812153000E0
2.336203364E1,2.189013004E0,-2.276039124E-1,2.036561966E0,2.998527324E0
2.336705921E1,2.899342060E0,-1.332974434E-1,1.668950915E0,3.348036700E0
2.337208478E1,3.292565823E0,-1.652770042E-1,1.343660831E0,3.560018345E0
2.337711036E1,3.369196415E0,-3.808088303E-1,1.018244028E0,3.540243035E0
2.338213593E1,3.321704388E0,-6.690049171E-1,6.029908061E-1,3.441639948E0
2.338716150E1,3.237392902E0,-1.052641869E0,2.259945869E-2,3.404302931E0
2.339218707E1,3.270440102E0,-1.501767635E0,-6.641380787E-1,3.659530554E0
2.339721265E1,3.474179268E0,-1.910149097E0,-1.240528464E0,4.154214972E0
2.340223822E1,3.734411716E0,-2.267320633E0,-1.701210380E0,4.688356906E0
2.340726379E1,4.094720840E0,-2.548655510E0,-2.059910297E0,5.244579497E0
2.341228937E1,4.588564873E0,-2.725340843E0,-2.306777000E0,5.814088960E0
2.341731494E1,5.229781628E0,-2.788278580E0,-2.451285124E0,6.413572489E0
2.342234051E1,5.950656891E0,-2.786093235E0,-2.569854021E0,7.055266305E0
2.342736609E1,6.692856789E0,-2.753389835E0,-2.652791977E0,7.707969438E0
2.343239166E1,7.331231594E0,-2.672099590E0,-2.542578459E0,8.206812909E0
2.343741723E1,7.731448650E0,-2.600462914E0,-2.321771145E0,8.481056942E0
2.344244280E1,7.850492001E0,-2.615470886E0,-2.125588417E0,8.543362261E0
2.344746838E1,7.669597626E0,-2.721966267E0,-2.012362719E0,8.383402162E0
2.345249395E1,7.247088909E0,-2.895392895E0,-2.039987326E0,8.066296917E0
2.345751952E1,6.770580292E0,-3.201750278E0,-2.261006355E0,7.823305700E0
2.346254510E1,6.374904633E0,-3.529855728E0,-2.508100033E0,7.706481448E0
2.346757067E1,5.969720840E0,-3.764118671E0,-2.604855776E0,7.522727557E0
2.347259624E1,5.493436813E0,-3.946913719E0,-2.595509291E0,7.245180771E0
2.347762181E1,4.913255692E0,-4.168266296E0,-2.572139978E0,6.937609781E0
2.348264739E1,4.249140739E0,-4.508319855E0,-2.759893417E0,6.782120362E0
2.348767296E1,3.578466415E0,-4.865232468E0,-3.019734144E0,6.752384997E0
2.349269853E1,2.954566956E0,-5.099010468E0,-3.284408808E0,6.746607656E0
2.349772411E1,2.420729637E0,-5.127778530E0,-3.472754002E0,6.649365758E0
2.350274968E1,1.986452103E0,-5.013675690E0,-3.579847574E0,6.472885333E0
2.350777525E1,1.670464516E0,-4.709311008E0,-3.576773167E0,6.145027922E0
2.351280082E1,1.519786835E0,-4.316298485E0,-3.530272722E0,5.779533729E0
2.351782640E1,1.394737244E0,-3.893376827E0,-3.430570364E0,5.373312584E0
2.352285197E1,1.175060272E0,-3.475186348E0,-3.258097649E0,4.906412853E0
2.352787754E1,8.078927994E-1,-3.028862000E0,-2.936640739E0,4.295410879E0
2.353290312E1,3.552532196E-1,-2.641054630E0,-2.519800901E0,3.667529276E0
2.353792869E1,-1.302967072E-1,-2.326238155E0,-1.999101877E0,3.069978746E0
2.354295426E1,-6.584033966E-1,-2.122667789E0,-1.452679396E0,2.655087758E0
2.354797984E1,-1.348616600E0,-1.953620911E0,-8.486634493E-1,2.521037692E0
2.355300541E1,-2.152729511E0,-1.737246990E0,-3.608852029E-1,2.789714965E0
2.355803098E1,-3.022486210E0,-1.530338764E0,-2.846992016E-2,3.387944828E0
2.356305655E1,-3.904889584E0,-1.356147289E0,2.439551950E-1,4.140870955E0
2.356808213E1,-4.747042656E0,-1.194951057E0,4.371429682E-1,4.914612496E0
2.357310770E1,-5.558229446E0,-9.982857704E-1,5.179427862E-1,5.670868874E0
2.357813327E1,-6.343086243E0,-7.323870659E-1,5.440006256E-1,6.408359429E0
2.358315884E1,-7.001030445E0,-3.874545097E-1,5.918809175E-1,7.036680418E0
2.358818442E1,-7.556056976E0,-1.610469818E-2,6.039358377E-1,7.580171165E0
2.359320999E1,-8.041797638E0,3.622932434E-1,5.756561160E-1,8.070510864E0
2.359823556E1,-8.482254982E0,7.857670784E-1,4.361872673E-1,8.529732634E0
2.360326114E1,-8.848893166E0,1.263390064E0,1.726006567E-1,8.940293938E0
2.360828671E1,-9.242315292E0,1.809093475E0,-9.399586916E-2,9.418176383E0
2.361331228E1,-9.624337196E0,2.417660952E0,-2.621895969E-1,9.926816928E0
2.361833786E1,-9.985510826E0,2.978718758E0,-3.460142612E-1,1.042606914E1
2.362336343E1,-1.027333736E1,3.487293005E0,-4.172190428E-1,1.085710573E1
2.362838900E1,-1.055494118E1,3.876245499E0,-6.190586686E-1,1.126122978E1
2.363341457E1,-1.091645432E1,4.188673496E0,-8.739641905E-1,1.172509164E1
2.363844015E1,-1.130992413E1,4.501352310E0,-1.137786269E0,1.222583796E1
2.364346572E1,-1.175914860E1,4.805129051E0,-1.380303502E0,1.277779632E1
2.364849129E1,-1.229739189E1,5.076748371E0,-1.562184811E0,1.339550830E1
2.365351687E1,-1.286698723E1,5.273912430E0,-1.792941570E0,1.402098970E1
2.365854244E1,-1.348681259E1,5.416753292E0,-2.100396872E0,1.468492414E1
2.366356801E1,-1.408976555E1,5.573034286E0,-2.406771183E0,1.534186273E1
2.366859358E1,-1.459450722E1,5.729130745E0,-2.701269150E0,1.590972769E1
2.367361916E1,-1.488160706E1,5.818667412E0,-2.911100626E0,1.624172484E1
2.367864473E1,-1.498014641E1,5.827576637E0,-2.963968992E0,1.634474068E1
2.368367030E1,-1.495266151E1,5.784666061E0,-2.845463514E0,1.628315419E1
2.368869588E1,-1.483764076E1,5.713911057E0,-2.632327080E0,1.611624984E1
2.369372145E1,-1.459236336E1,5.643529892E0,-2.296328545E0,1.581327363E1
2.369874697E1,-1.422196484E1,5.611206532E0,-1.804672480E0,1.539502404E1
2.370377249E1,-1.372199059E1,5.558793545E0,-1.225499749E0,1.485580900E1
2.370879801E1,-1.323153687E1,5.499739647E0,-6.508376002E-1,1.434378937E1
2.371382353E1,-1.282237244E1,5.404810429E0,-1.299499869E-1,1.391553440E1
2.371884905E1,-1.247525311E1,5.307170391E0,3.312323093E-1,1.356125778E1
2.372387457E1,-1.210877323E1,5.244754791E0,7.123102546E-1,1.321503795E1
2.372890010E1,-1.170389748E1,5.212271214E0,1.012318850E0,1.285199505E1
2.373392562E1,-1.131817436E1,5.185205936E0,1.234902382E0,1.251049221E1
2.373895114E1,-1.102346325E1,5.139104843E0,1.350534916E0,1.223728259E1
2.374397666E1,-1.083888531E1,5.097577572E0,1.311002254E0,1.204929287E1
2.374900218E1,-1.077864361E1,5.089348793E0,1.102155447E0,1.197060465E1
2.375402770E1,-1.079942036E1,5.062149525E0,7.534186840E-1,1.195075218E1
2.375905322E1,-1.082923031E1,4.987752914E0,3.851498365E-1,1.192888296E1
2.376407874E1,-1.079616547E1,4.876121044E0,2.137178183E-2,1.184627376E1
2.376910426E1,-1.076250076E1,4.789442062E0,-3.185158372E-1,1.178438078E1
2.377412978E1,-1.080479336E1,4.713248730E0,-6.391979456E-1,1.180537365E1
2.377915530E1,-1.085605431E1,4.609266281E0,-9.207853675E-1,1.182992377E1
2.378418082E1,-1.089705849E1,4.391780376E0,-1.114361048E0,1.180150071E1
2.378920634E1,-1.088926888E1,4.042436600E0,-1.267257690E0,1.168432336E1
2.379423187E1,-1.083235359E1,3.619454384E0,-1.341377258E0,1.149954901E1
2.379925739E1,-1.067804241E1,3.114130497E0,-1.265696287E0,1.119465880E1
2.380428291E1,-1.034964275E1,2.507722378E0,-1.074734688E0,1.070321593E1
2.380930843E1,-9.980889320E0,1.920225143E0,-7.416656017E-1,1.019095109E1
2.381433395E1,-9.681325912E0,1.280452013E0,-6.170521975E-1,9.785110229E0
2.381935947E1,-9.316389084E0,5.319194794E-1,-7.434957623E-1,9.361134004E0
2.382438499E1,-8.612850189E0,-3.336381912E-1,-1.090568542E0,8.688028693E0
2.382941051E1,-7.379133224E0,-1.420158386E0,-1.655574918E0,7.694763498E0
2.383443603E1,-5.557714462E0,-2.812276363E0,-2.320492744E0,6.646937262E0
2.383946155E1,-2.890522003E0,-4.652489662E0,-3.096033812E0,6.291756740E0
2.384448707E1,9.467816353E-1,-7.174678326E0,-4.431414604E0,8.485861178E0
2.384951260E1,5.541513443E0,-1.030193138E1,-5.907613754E0,1.310488694E1
2.385453812E1,1.017600250E1,-1.377549648E1,-7.035411358E0,1.851519223E1
2.385956364E1,1.451230717E1,-1.716902161E1,-7.787275791E0,2.379125946E1
2.386458916E1,1.781185913E1,-1.954512405E1,-7.331789017E0,2.744137989E1
2.386961473E1,1.971016693E1,-2.021186447E1,-5.667347431E0,2.879459972E1
2.387464030E1,2.097112656E1,-1.921983719E1,-3.518913746E0,2.866309552E1
2.387966588E1,2.179156876E1,-1.680694962E1,-1.326233625E0,2.755185874E1
2.388469145E1,2.185863686E1,-1.347975540E1,3.176582754E-1,2.568277083E1
2.388971702E1,2.152300262E1,-9.912029266E0,7.145925760E-1,2.370650984E1
2.389474260E1,2.108190155E1,-6.446903229E0,2.649794817E-1,2.204720727E1
2.389976817E1,2.044455910E1,-3.270023346E0,-8.824872971E-1,2.072321966E1
2.390479374E1,1.969747734E1,-2.232441902E-1,-2.925232172E0,1.991475420E1
2.390981931E1,1.993019485E1,2.356729507E0,-5.389501572E0,2.078012435E1
2.391484489E1,2.100835800E1,3.916134119E0,-5.997636795E0,2.219591988E1
2.391987046E1,2.248118210E1,4.104775429E0,-3.687209606E0,2.314839615E1
2.392489603E1,2.328416824E1,3.568084478E0,2.551006079E-1,2.355735117E1
2.392992161E1,2.242944717E1,2.797058105E0,3.961879730E0,2.294776951E1
2.393494718E1,2.035995483E1,1.734394073E0,6.114992142E0,2.132906497E1
2.393997275E1,1.777086639E1,5.098662376E-1,6.642115593E0,1.897844450E1
2.394499832E1,1.502368164E1,-8.574857712E-1,6.099104881E0,1.623716023E1
2.395002390E1,1.232163239E1,-2.368505478E0,5.162249565E0,1.356765504E1
2.395504947E1,9.890983582E0,-3.914153576E0,4.290322304E0,1.146991804E1
2.396007504E1,7.827763081E0,-5.318402767E0,3.503977776E0,1.009143910E1
2.396510062E1,6.040700912E0,-6.424438953E0,2.789165735E0,9.248942041E0
2.397012619E1,4.567099571E0,-7.248056889E0,2.079508305E0,8.815729235E0
2.397515176E1,3.333589554E0,-7.819721699E0,1.275870562E0,8.595854376E0
2.398017734E1,2.265966415E0,-8.118157387E0,4.813459516E-1,8.442202146E0
2.398520291E1,1.289210320E0,-8.189760208E0,-3.876153231E-1,8.299667533E0
2.399022848E1,3.946290016E-1,-8.095874786E0,-1.146388769E0,8.186154642E0
2.399525405E1,-4.459476471E-1,-7.783107281E0,-1.659062862E0,7.970452799E0
2.400027963E1,-1.213444233E0,-7.165277958E0,-1.986259818E0,7.533849161E0
2.400530520E1,-1.951451302E0,-6.257353783E0,-2.178901672E0,6.907260748E0
2.401033077E1,-2.603321075E0,-5.232572079E0,-2.468645811E0,6.344391485E0
2.401535634E1,-3.303878784E0,-4.178081989E0,-2.736855268E0,5.988519090E0
2.402038192E1,-4.049114227E0,-3.161714554E0,-2.960796118E0,5.929424812E0
2.402540749E1,-4.882760048E0,-2.265350342E0,-3.089429379E0,6.206265523E0
2.403043306E1,-5.704941750E0,-1.450998306E0,-3.096668959E0,6.651399484E0
2.403545864E1,-6.382343292E0,-7.857689857E-1,-2.996204376E0,7.094292034E0
2.404048421E1,-6.925084114E0,-2.551455498E-1,-2.731260300E0,7.448602021E0
2.404550978E1,-7.362392426E0,1.648879051E-1,-2.370881319E0,7.736477782E0
2.405053536E1,-7.747198105E0,5.367541313E-1,-1.927515388E0,8.001406067E0
2.405556093E1,-8.065323830E0,9.180703163E-1,-1.447219610E0,8.245407581E0
2.406058650E1,-8.206982613E0,1.304097176E0,-9.372645617E-1,8.362637019E0
2.406561207E1,-8.158321381E0,1.651498079E0,-3.991974592E-1,8.333367403E0
2.407063765E1,-8.020166397E0,1.998397827E0,1.421578825E-1,8.266611868E0
2.407566322E1,-7.807137489E0,2.325459480E0,6.573113203E-1,8.172589292E0
2.408068879E1,-7.462179184E0,2.584552050E0,1.155077577E0,7.981117195E0
2.408571437E1,-7.076570034E0,2.794630051E0,1.681913614E0,7.792087908E0
2.409073994E1,-6.674753666E0,2.974328518E0,2.068775654E0,7.594655972E0
2.409576551E1,-6.214169979E0,3.099261999E0,2.300092459E0,7.315173189E0
2.410079108E1,-5.695350647E0,3.187992811E0,2.366158485E0,6.942551630E0
2.410581666E1,-5.085426331E0,3.254163027E0,2.305200100E0,6.462591235E0
2.411084223E1,-4.466491699E0,3.315947056E0,2.126929760E0,5.955575806E0
2.411586780E1,-3.810492039E0,3.334223747E0,1.888704658E0,5.404082055E0
2.412089338E1,-3.070364475E0,3.174145460E0,1.509212017E0,4.666911005E0
2.412591895E1,-1.916839123E0,2.581478119E0,7.982380390E-1,3.312927024E0
2.413094452E1,-1.691174507E-1,1.106122971E0,-5.753839016E-1,1.258242970E0
2.413597010E1,2.024030209E0,-1.112815380E0,-2.351321459E0,3.296023204E0
2.414099567E1,4.021570683E0,-3.630207062E0,-3.667454720E0,6.542297623E0
2.414602124E1,5.508934498E0,-6.316133022E0,-4.344855309E0,9.440321144E0
2.415104681E1,6.368554592E0,-8.767032623E0,-4.322911263E0,1.166648663E1
2.415607239E1,6.530969143E0,-1.051207161E1,-3.501267433E0,1.286141832E1
2.416109796E1,6.137113094E0,-1.124781704E1,-2.016456842E0,1.297087674E1
2.416612353E1,5.408620358E0,-1.082418823E1,-3.217364550E-1,1.210453384E1
2.417114911E1,4.561672688E0,-9.407504082E0,1.040890932E0,1.050682848E1
2.417617468E1,3.797087193E0,-7.481105804E0,2.159230471E0,8.662972436E0
2.418120025E1,3.114108562E0,-5.758625984E0,2.659547806E0,7.066303128E0
2.418622582E1,2.665148735E0,-4.231527328E0,2.937123299E0,5.799615037E0
2.419125140E1,2.659188271E0,-3.117203712E0,2.799086571E0,4.962169573E0
2.419627697E1,3.156167507E0,-2.428077221E0,2.421859980E0,4.660725060E0
2.420130254E1,3.908959389E0,-2.019579411E0,2.167077541E0,4.904578429E0
2.420632812E1,4.780242443E0,-1.751724243E0,2.373628139E0,5.617238306E0
2.421135369E1,5.551599979E0,-1.641245842E0,3.069976091E0,6.552763039E0
2.421637926E1,6.082412720E0,-1.779477119E0,3.847263336E0,7.413751985E0
2.422140484E1,6.338916302E0,-2.155807495E0,4.355704308E0,7.987585734E0
2.422643041E1,6.379771233E0,-2.696750164E0,4.454948902E0,8.235321011E0
2.423145598E1,6.226165295E0,-3.218763828E0,4.155561447E0,8.148267656E0
2.423648155E1,5.990381718E0,-3.577078819E0,3.541543484E0,7.824493354E0
2.424150713E1,5.731471539E0,-3.757055283E0,2.597083569E0,7.328715676E0
2.424653270E1,5.474507332E0,-3.854655266E0,1.507852316E0,6.863105445E0
2.425155827E1,5.268002987E0,-3.937395096E0,2.775480151E-1,6.582702220E0
2.425658384E1,5.021438122E0,-4.005876541E0,-9.227479696E-1,6.489480063E0
2.426160942E1,4.629706860E0,-4.094337463E0,-2.046769619E0,6.510533829E0
2.426663499E1,4.050159454E0,-4.183874130E0,-3.163213730E0,6.626802807E0
2.427166056E1,3.321597576E0,-4.279116154E0,-4.264338493E0,6.894086473E0
2.427668614E1,2.559341431E0,-4.384331226E0,-5.189840317E0,7.259960838E0
2.428171171E1,1.759066582E0,-4.623031616E0,-5.919227600E0,7.713883065E0
2.428673728E1,9.309854507E-1,-5.008165836E0,-6.514344215E0,8.269530791E0
2.429176286E1,1.850032806E-2,-5.509337902E0,-7.027636528E0,8.929771640E0
2.429678843E1,-9.819297791E-1,-6.028612137E0,-7.449398994E0,9.633374059E0
2.430181395E1,-2.001892090E0,-6.472554684E0,-7.788764000E0,1.032309938E1
2.430683947E1,-3.015964508E0,-6.819289207E0,-8.078464508E0,1.099364980E1
2.431186499E1,-3.970092773E0,-7.066077709E0,-8.303127289E0,1.160314671E1
2.431689051E1,-4.762437820E0,-7.195802689E0,-8.409052849E0,1.204875762E1
2.432191603E1,-5.315525532E0,-7.201561928E0,-8.371566772E0,1.225562875E1
2.432694155E1,-5.523533821E0,-7.057949066E0,-8.099183083E0,1.207976976E1
2.433196707E1,-5.304972172E0,-6.788184166E0,-7.539322376E0,1.144829926E1
2.433699260E1,-4.669960976E0,-6.426370621E0,-6.835981846E0,1.048033505E1
2.434201812E1,-3.806109428E0,-6.022045612E0,-6.052032948E0,9.347652386E0
2.434704364E1,-2.810067177E0,-5.634636879E0,-5.126232624E0,8.119351650E0
2.435206916E1,-1.745012283E0,-5.228104591E0,-4.141183853E0,6.894022715E0
2.435709468E1,-6.261863708E-1,-4.814185143E0,-3.151072502E0,5.787723721E0
2.436212020E1,4.498019218E-1,-4.308926582E0,-2.220162153E0,4.868088952E0
2.436714572E1,1.410163879E0,-3.733738422E0,-1.346395373E0,4.212142599E0
2.437217124E1,2.225088596E0,-3.095499516E0,-4.612818956E-1,3.840041341E0
2.437719676E1,2.826353073E0,-2.467867851E0,4.169650078E-1,3.775248766E0
2.438222228E1,3.236647606E0,-1.857130051E0,1.165355206E0,3.909331465E0
2.438724780E1,3.416673660E0,-1.235616207E0,1.767290115E0,4.040262450E0
2.439227332E1,3.403943539E0,-6.231079102E-1,2.206995964E0,4.104378914E0
2.439729884E1,3.293659687E0,2.322101593E-2,2.565166235E0,4.174782768E0
2.440232437E1,3.104361534E0,6.982517242E-1,2.851070404E0,4.272378548E0
2.440734989E1,2.902524948E0,1.325267792E0,3.026292801E0,4.397662323E0
2.441237541E1,2.615995884E0,1.904273033E0,3.153101921E0,4.517935588E0
2.441740093E1,2.182407856E0,2.430543900E0,3.207889318E0,4.578318641E0
2.442242645E1,1.673762321E0,2.909245253E0,3.239118099E0,4.664447910E0
2.442745197E1,1.128687382E0,3.355216026E0,3.228341579E0,4.790991457E0
2.443247749E1,5.379710197E-1,3.802384853E0,3.099686384E0,4.935139215E0
2.443750301E1,-2.270460129E-1,4.217696190E0,2.815869808E0,5.076379992E0
2.444252853E1,-1.184413433E0,4.525455952E0,2.249189377E0,5.190514387E0
2.444755405E1,-2.194122791E0,4.807946205E0,1.488089204E0,5.490439965E0
2.445257957E1,-3.106965065E0,5.166203499E0,7.360397577E-1,6.073273008E0
2.445760510E1,-3.884184837E0,5.662739754E0,1.569624543E-1,6.868635278E0
2.446263062E1,-4.544803619E0,6.197183132E0,-1.869859099E-1,7.687345604E0
2.446765614E1,-5.155774117E0,6.721862793E0,-3.684577942E-1,8.479457960E0
2.447268171E1,-5.755221844E0,7.241855621E0,-4.700282216E-1,9.262179972E0
2.447770728E1,-6.261672020E0,7.738266945E0,-5.691914558E-1,9.970621380E0
2.448273286E1,-6.656187534E0,8.254072189E0,-6.185214520E-1,1.062153986E1
2.448775843E1,-6.943782806E0,8.841741562E0,-5.802558661E-1,1.125740691E1
2.449278400E1,-7.167838573E0,9.457939148E0,-5.172609687E-1,1.187847135E1
2.449780957E1,-7.304554462E0,1.011211205E1,-5.063834786E-1,1.248470064E1
2.450283515E1,-7.354518414E0,1.071289635E1,-7.060709000E-1,1.301359387E1
2.450786072E1,-7.414181232E0,1.126925373E1,-1.106746674E0,1.353480887E1
2.451288629E1,-7.436183453E0,1.179506493E1,-1.669425964E0,1.404305394E1
2.451791187E1,-7.387560844E0,1.222766495E1,-2.335290194E0,1.447568394E1
2.452293744E1,-7.287985325E0,1.253798866E1,-3.007071495E0,1.481075180E1
2.452796301E1,-7.161760807E0,1.278804779E1,-3.568630219E0,1.508509548E1
2.453298859E1,-7.061771870E0,1.298250961E1,-4.004579544E0,1.531178746E1
2.453801416E1,-7.026163101E0,1.307852554E1,-4.342875481E0,1.546852823E1
2.454303973E1,-7.021022320E0,1.306223869E1,-4.597661495E0,1.552595650E1
2.454806530E1,-6.988546371E0,1.298198891E1,-4.787625790E0,1.550139275E1
2.455309088E1,-6.832615852E0,1.283832645E1,-4.945939064E0,1.536130134E1
2.455811645E1,-6.605917931E0,1.261710262E1,-5.038343430E0,1.510676454E1
2.456314202E1,-6.313183308E0,1.231859684E1,-5.078498840E0,1.474432983E1
2.456816760E1,-6.021324158E0,1.198133564E1,-5.041917801E0,1.432583971E1
2.457319317E1,-5.715762138E0,1.164866066E1,-4.937811375E0,1.388319895E1
2.457821874E1,-5.334367275E0,1.125365734E1,-4.866396427E0,1.337094207E1
2.458324431E1,-4.929880142E0,1.077730370E1,-4.712687492E0,1.275395690E1
2.458826989E1,-4.583639622E0,1.028191280E1,-4.467212677E0,1.211129523E1
2.459329546E1,-4.118477821E0,9.762860298E0,-4.225781441E0,1.140756458E1
2.459832103E1,-3.491321564E0,9.167716980E0,-3.902282953E0,1.055765945E1
2.460334661E1,-2.917235613E0,8.558995247E0,-3.463784695E0,9.683205444E0
2.460837218E1,-2.462590694E0,7.999233723E0,-3.126414299E0,8.934571028E0
2.461339775E1,-2.036011696E0,7.464678288E0,-2.842901230E0,8.243109423E0
2.461842332E1,-1.493957043E0,6.931370258E0,-2.604112148E0,7.553621740E0
2.462344890E1,-8.512134552E-1,6.332108021E0,-2.338555813E0,6.803601959E0
2.462847447E1,-1.558957100E-1,5.585519791E0,-2.108368397E0,5.972231752E0
2.463350004E1,7.307982445E-1,4.600997925E0,-1.941844344E0,5.047178166E0
2.463852562E1,2.086260796E0,3.101558685E0,-2.101132870E0,4.287996003E0
2.464355119E1,3.886335373E0,9.349203110E-1,-2.622264624E0,4.780580548E0
2.464857676E1,6.001902103E0,-1.768797398E0,-3.105035782E0,6.985178616E0
2.465360234E1,8.600816727E0,-4.826933384E0,-3.446428776E0,1.044754543E1
2.465862791E1,1.138296032E1,-8.018321037E0,-3.343595982E0,1.431938867E1
2.466365348E1,1.375255203E1,-1.082052517E1,-2.281216621E0,1.764710746E1
2.466867905E1,1.547361755E1,-1.256313705E1,-3.125302792E-1,1.993396418E1
2.467370463E1,1.667830658E1,-1.292573166E1,1.842258573E0,2.118099067E1
2.467873020E1,1.772701454E1,-1.203825855E1,3.132614613E0,2.165594579E1
2.468375577E1,1.850386810E1,-1.032343864E1,3.571303844E0,2.148768790E1
2.468878135E1,1.908765602E1,-8.362142563E0,3.349913359E0,2.110653833E1
2.469380692E1,1.984758949E1,-6.568099976E0,2.315179348E0,2.103394403E1
2.469883249E1,2.057357407E1,-4.876863480E0,6.259654760E-1,2.115295677E1
2.470385806E1,2.127010727E1,-3.574083328E0,-1.563054085E0,2.162486238E1
2.470888364E1,2.146790314E1,-2.161067963E0,-3.854852438E0,2.191805117E1
2.471390921E1,2.189359474E1,-8.140153885E-1,-5.280108452E0,2.253600801E1
2.471893478E1,2.241708183E1,1.532278061E-1,-5.031760693E0,2.297537056E1
2.472396036E1,2.260365677E1,5.769948959E-1,-2.887408018E0,2.279463418E1
2.472898593E1,2.250352859E1,5.822606087E-1,1.918493509E-1,2.251187759E1
2.473401150E1,2.221537781E1,2.800378799E-1,3.049963474E0,2.242551470E1
2.473903707E1,2.164312363E1,-4.433717728E-1,5.129123688E0,2.224700629E1
2.474406265E1,2.062088013E1,-1.419261932E0,6.335268021E0,2.161875627E1
2.474908822E1,1.917572975E1,-2.503000259E0,6.782650948E0,2.049336419E1
2.475411379E1,1.748402977E1,-3.588203430E0,6.648557186E0,1.904651710E1
2.475913937E1,1.562238312E1,-4.577761650E0,6.234648705E0,1.743231483E1
2.476416494E1,1.373918533E1,-5.465294838E0,5.646043301E0,1.582758561E1
2.476919051E1,1.196411133E1,-6.181766510E0,4.825919151E0,1.430537286E1
2.477421609E1,1.040728188E1,-6.715602398E0,3.905199051E0,1.298697083E1
2.477924166E1,9.106114388E0,-7.074601173E0,2.938786030E0,1.189990606E1
2.478426723E1,8.092357635E0,-7.199815750E0,1.967463255E0,1.100883784E1
2.478929280E1,7.257761478E0,-7.075927734E0,1.007745504E0,1.018623610E1
2.479431838E1,6.674757004E0,-6.688293457E0,4.247283936E-2,9.449203901E0
2.479934395E1,6.529139042E0,-6.114126682E0,-1.084244728E0,9.010426646E0
2.480436952E1,6.742380619E0,-5.599038124E0,-2.398116589E0,9.086247163E0
2.480939510E1,7.072843075E0,-5.269515038E0,-3.618443489E0,9.533416553E0
2.481442067E1,7.350783348E0,-5.075113297E0,-4.485012054E0,9.995305094E0
2.481944624E1,7.516615391E0,-5.070779324E0,-4.902050972E0,1.030739606E1
2.482447181E1,7.635953903E0,-5.248611450E0,-4.952064037E0,1.050612452E1
2.482949739E1,7.597966194E0,-5.504692554E0,-4.627331257E0,1.046149726E1
2.483452296E1,7.254536629E0,-5.815839291E0,-4.045014381E0,1.013974505E1
2.483954853E1,6.625603199E0,-6.177679539E0,-3.317243814E0,9.647095353E0
2.484457411E1,5.703085899E0,-6.508651733E0,-2.550865650E0,9.021898455E0
2.484959968E1,4.565209866E0,-6.784415245E0,-1.852395535E0,8.384557266E0
2.485462525E1,3.228149414E0,-7.061683655E0,-1.351245522E0,7.881255556E0
2.485965082E1,1.756206512E0,-7.329494476E0,-9.324724674E-1,7.594422657E0
2.486467640E1,2.040805817E-1,-7.595613480E0,-5.957547426E-1,7.621674142E0
2.486970197E1,-1.498128414E0,-7.767158508E0,-3.169863224E-1,7.916667251E0
2.487472754E1,-3.468088150E0,-7.860883713E0,-1.819302142E-1,8.593848193E0
2.487975312E1,-5.785065174E0,-7.931184769E0,-4.139569402E-1,9.825580454E0
2.488477864E1,-8.456540108E0,-7.849895000E0,-8.429284096E-1,1.156911623E1
2.488980416E1,-1.132754421E1,-7.564734459E0,-1.284283400E0,1.368166105E1
2.489482968E1,-1.418148232E1,-7.223879814E0,-1.874448538E0,1.602536856E1
2.489985520E1,-1.689351082E1,-6.765211582E0,-2.534713268E0,1.837344733E1
2.490488072E1,-1.922478485E1,-6.175292492E0,-3.224769354E0,2.044812283E1
2.490990624E1,-2.089424706E1,-5.432251930E0,-3.737230539E0,2.190994781E1
2.491493176E1,-2.166484833E1,-4.673990726E0,-3.956622601E0,2.251370038E1
2.491995728E1,-2.153935242E1,-4.044945717E0,-3.835577250E0,2.224897618E1
2.492498280E1,-2.075511360E1,-3.566871405E0,-3.471582651E0,2.134359853E1
2.493000832E1,-1.965924835E1,-3.162357807E0,-3.096664429E0,2.015132460E1
2.493503385E1,-1.853141594E1,-2.678220987E0,-2.717661142E0,1.892014605E1
2.494005937E1,-1.755979156E1,-2.056797028E0,-2.340615273E0,1.783410143E1
2.494508489E1,-1.669769287E1,-1.373809576E0,-1.985036492E0,1.687129722E1
2.495011041E1,-1.593647766E1,-8.523962498E-1,-1.808395267E0,1.606138827E1
2.495513593E1,-1.525766945E1,-5.282058716E-1,-1.600044847E0,1.535042742E1
2.496016145E1,-1.466652298E1,-4.412176609E-1,-1.485235810E0,1.474813530E1
2.496518697E1,-1.432103729E1,-5.349063873E-1,-1.574805379E0,1.441728983E1
2.497021249E1,-1.438836479E1,-7.617111206E-1,-1.931271553E0,1.453736754E1
2.497523801E1,-1.477676105E1,-1.168171883E0,-2.548956156E0,1.504042786E1
2.498026353E1,-1.526520920E1,-1.751726389E0,-3.243786812E0,1.570405394E1
2.498528905E1,-1.566144848E1,-2.365442276E0,-3.750706673E0,1.627710313E1
2.499031457E1,-1.585957336E1,-2.905679464E0,-4.121467113E0,1.664198100E1
2.499534010E1,-1.575872803E1,-3.436822176E0,-4.441804886E0,1.672958118E1
2.500036562E1,-1.516752052E1,-3.942688704E0,-4.692664623E0,1.635908232E1
2.500539114E1,-1.414846420E1,-4.541941166E0,-4.783691883E0,1.561063666E1
2.501041666E1,-1.271147060E1,-5.257925987E0,-4.811094284E0,1.457305386E1
2.501544218E1,-1.067515659E1,-6.276680946E0,-5.027689457E0,1.336537890E1
2.502046770E1,-7.877517700E0,-7.875131607E0,-5.550423145E0,1.244508658E1
2.502549322E1,-4.534431458E0,-1.006200027E1,-6.226679802E0,1.267187672E1
2.503051874E1,-9.950227737E-1,-1.247244263E1,-6.855967999E0,1.426731203E1
2.503554426E1,2.406668663E0,-1.470393372E1,-7.166766644E0,1.653361016E1
2.504056978E1,5.370759964E0,-1.644560242E1,-6.880899906E0,1.861853069E1
2.504559530E1,7.860658646E0,-1.735911179E1,-6.016292095E0,1.998310504E1
2.505062082E1,1.009727859E1,-1.703638077E1,-4.743186951E0,2.036396639E1
2.505564635E1,1.198013783E1,-1.626132774E1,-3.900546789E0,2.057106579E1
2.506067192E1,1.310740948E1,-1.472573662E1,-2.861770630E0,1.992087431E1
2.506569749E1,1.389970207E1,-1.286797333E1,-1.996490598E0,1.904658578E1
2.507072306E1,1.480556679E1,-1.109255314E1,-1.479389071E0,1.855904456E1
2.507574864E1,1.587112522E1,-9.704204559E0,-1.327290654E0,1.865009122E1
2.508077421E1,1.666449738E1,-8.859338760E0,-1.534750223E0,1.893538524E1
2.508579978E1,1.702256775E1,-8.273546219E0,-1.775971055E0,1.900982517E1
2.509082536E1,1.705972290E1,-7.642621994E0,-1.657583952E0,1.876676320E1
2.509585093E1,1.700924110E1,-6.862052917E0,-8.689922094E-1,1.836184088E1
2.510087650E1,1.690264702E1,-5.964588642E0,4.701817036E-1,1.793033365E1
2.510590207E1,1.696285248E1,-4.938653946E0,2.025530815E0,1.778289746E1
2.511092765E1,1.739810944E1,-3.749326706E0,3.632749319E0,1.816448541E1
2.511595322E1,1.806742096E1,-2.367921829E0,4.877705097E0,1.886347690E1
2.512097879E1,1.872481537E1,-7.387533188E-1,5.669939518E0,1.957837279E1
2.512600437E1,1.918730927E1,1.150006771E0,6.122081280E0,2.017313143E1
2.513102994E1,1.940180779E1,3.205128193E0,6.289678574E0,2.064613883E1
2.513605551E1,1.934005737E1,5.281477928E0,6.075979233E0,2.094873151E1
2.514108109E1,1.910373878E1,7.186882019E0,5.342001438E0,2.109836695E1
2.514610666E1,1.879940414E1,8.757788658E0,4.093185425E0,2.113931468E1
2.515113223E1,1.844232559E1,9.854033470E0,2.468760014E0,2.105507361E1
2.515615780E1,1.801379776E1,1.035392284E1,7.601568699E-1,2.079130747E1
2.516118338E1,1.722229767E1,1.030356789E1,-6.768181324E-1,2.008056600E1
2.516620895E1,1.572952175E1,9.870412827E0,-1.502929926E0,1.863066564E1
2.517123452E1,1.359095573E1,9.224735260E0,-1.519343615E0,1.649600629E1
2.517626010E1,1.101151371E1,8.443634987E0,-8.328242302E-1,1.390115111E1
2.518128567E1,8.263514519E0,7.558534622E0,3.971576691E-2,1.119904885E1
2.518631124E1,5.857885361E0,6.668283939E0,6.790387630E-1,8.901793372E0
2.519133681E1,4.036049843E0,5.975857735E0,1.029971361E0,7.284326668E0
2.519636239E1,2.946517944E0,5.758034706E0,1.141028166E0,6.568019256E0
2.520138796E1,2.678604126E0,6.149402142E0,9.297789335E-1,6.771599193E0
2.520641353E1,2.952576637E0,6.980202675E0,7.066197395E-1,7.611849292E0
2.521143911E1,3.321644783E0,8.122230530E0,7.970466614E-1,8.811312968E0
2.521646468E1,3.598238945E0,9.327697754E0,1.249735832E0,1.007547064E1
2.522149025E1,3.848792076E0,1.038289928E1,1.955493212E0,1.124463213E1
2.522651582E1,3.972352028E0,1.103179932E1,2.689512014E0,1.202969874E1
2.523154140E1,3.853975296E0,1.116333485E1,3.298094034E0,1.226175333E1
2.523656697E1,3.551281929E0,1.093073940E1,3.828330517E0,1.211399116E1
2.524159254E1,3.174324989E0,1.050701141E1,4.440731049E0,1.184034291E1
2.524661812E1,2.665413857E0,1.002206421E1,5.041135311E0,1.153079560E1
2.525164369E1,2.009934425E0,9.495656013E0,5.468554974E0,1.114057508E1
2.525666926E1,1.255681038E0,8.918735504E0,5.840760231E0,1.073475933E1
2.526169484E1,5.030927658E-1,8.277380943E0,6.075064182E0,1.027981237E1
2.526672041E1,-2.815027237E-1,7.566939831E0,6.504693031E0,9.982427241E0
2.527174598E1,-1.012284279E0,6.701969624E0,7.184185028E0,9.876924158E0
2.527677155E1,-1.694435120E0,5.678898811E0,8.105340004E0,1.004079373E1
2.528179713E1,-2.390392303E0,4.623579979E0,9.174158096E0,1.054782650E1
2.528682270E1,-3.076270580E0,3.704679489E0,1.041192150E1,1.147153870E1
2.529184827E1,-3.727991104E0,2.846889973E0,1.166337681E1,1.257127912E1
2.529687384E1,-4.216003895E0,1.898462772E0,1.271682262E1,1.353131285E1
2.530189942E1,-4.530286789E0,9.322195053E-1,1.365269089E1,1.441487080E1
2.530692499E1,-4.756171227E0,-3.196835518E-2,1.438933563E1,1.515503767E1
2.531195056E1,-4.940281391E0,-9.076014161E-1,1.474119473E1,1.557346919E1
2.531697614E1,-5.081153393E0,-1.613001227E0,1.480646896E1,1.573694430E1
2.532200171E1,-5.029037952E0,-2.134265900E0,1.477433872E1,1.575206013E1
2.532702728E1,-4.672615051E0,-2.640181065E0,1.448827457E1,1.545037176E1
2.533205286E1,-4.168347836E0,-3.194907665E0,1.381573868E1,1.478029749E1
2.533707843E1,-3.782455921E0,-3.723702908E0,1.299807644E1,1.404004727E1
2.534210400E1,-3.604099274E0,-4.285073757E0,1.213896942E1,1.336809513E1
2.534712957E1,-3.531496048E0,-4.927618027E0,1.116177464E1,1.270189343E1
2.535215515E1,-3.415794373E0,-5.613965988E0,1.009130573E1,1.204237172E1
2.535718072E1,-3.295703888E0,-6.273137093E0,8.876640320E0,1.135819776E1
2.536220629E1,-3.268015862E0,-6.900584698E0,7.647769928E0,1.080677481E1
2.536723187E1,-3.401162624E0,-7.529306412E0,6.623775482E0,1.058927589E1
2.537225744E1,-3.510101795E0,-8.153745651E0,5.782690048E0,1.059452155E1
2.537728301E1,-3.472191334E0,-8.802465439E0,5.039936543E0,1.072102937E1
2.538230858E1,-3.389919281E0,-9.508716583E0,4.387494564E0,1.100715006E1
2.538733416E1,-3.231950760E0,-1.026765633E1,3.879683256E0,1.144212455E1
2.539235973E1,-2.905049801E0,-1.102184105E1,3.561252594E0,1.194164204E1
2.539738530E1,-2.530960560E0,-1.166668606E1,3.414022446E0,1.241663699E1
2.540241088E1,-2.273880959E0,-1.223158073E1,3.438020229E0,1.290744301E1
2.540743645E1,-2.215994358E0,-1.281255627E1,3.536704063E0,1.347518106E1
2.541246202E1,-2.166659832E0,-1.348116112E1,3.541736603E0,1.410602772E1
2.541748760E1,-1.902209282E0,-1.430380630E1,3.405010223E0,1.482603688E1
2.542251317E1,-1.519539356E0,-1.514111519E1,3.111826897E0,1.553209051E1
2.542753874E1,-1.157572746E0,-1.586356449E1,2.617647171E0,1.611970005E1
2.543256431E1,-1.002070427E0,-1.637968063E1,1.809799671E0,1.650979884E1
2.543758989E1,-1.228647709E0,-1.658776093E1,5.701842308E-1,1.664297142E1
2.544261546E1,-1.783911228E0,-1.643301392E1,-9.746999741E-1,1.655827061E1
2.544764103E1,-2.472470760E0,-1.600333595E1,-2.486758947E0,1.638303523E1
2.545266655E1,-3.147633076E0,-1.537691784E1,-3.752067566E0,1.613800506E1
2.545769207E1,-3.787092686E0,-1.454196644E1,-4.738372803E0,1.575636493E1
2.546271760E1,-4.257564068E0,-1.343057060E1,-5.404392242E0,1.509021319E1
2.546774312E1,-4.463390350E0,-1.224378777E1,-5.866833687E0,1.429167344E1
2.547276864E1,-4.500040054E0,-1.112578011E1,-6.208371162E0,1.351211367E1
2.547779416E1,-4.481574059E0,-1.019227409E1,-6.291561604E0,1.278869441E1
2.548281968E1,-4.416167259E0,-9.468336105E0,-6.055855274E0,1.207581488E1
2.548784520E1,-4.234836578E0,-8.974607468E0,-5.594112396E0,1.139173005E1
2.549287072E1,-4.069098473E0,-8.602732658E0,-5.051941395E0,1.077435304E1
2.549789624E1,-4.031401634E0,-8.210925102E0,-4.598281860E0,1.023795323E1
2.550292176E1,-4.268597126E0,-7.828901291E0,-4.310182571E0,9.904054253E0
2.550794728E1,-4.669994831E0,-7.619565010E0,-4.039173126E0,9.807218882E0
2.551297280E1,-5.072957993E0,-7.577703476E0,-3.646270514E0,9.820986785E0
2.551799832E1,-5.434271812E0,-7.679186821E0,-3.184173346E0,9.931776289E0
2.552302384E1,-5.653241634E0,-7.852348804E0,-2.762814283E0,1.006238866E1
2.552804937E1,-5.720340729E0,-7.982906342E0,-2.544064999E0,1.014501643E1
2.553307489E1,-5.870732784E0,-7.923610210E0,-2.602324963E0,1.019907826E1
2.553810041E1,-6.163323879E0,-7.732627869E0,-2.906029224E0,1.030655621E1
2.554312593E1,-6.404104233E0,-7.606456757E0,-3.356445789E0,1.049459212E1
2.554815145E1,-6.466338158E0,-7.526123047E0,-3.850355148E0,1.064336845E1
2.555317697E1,-6.462679386E0,-7.420044899E0,-4.413907528E0,1.078451996E1
2.555820249E1,-6.419865608E0,-7.220932007E0,-4.992201328E0,1.087559688E1
2.556322801E1,-6.451516151E0,-6.937442780E0,-5.788369179E0,1.110204444E1
2.556825353E1,-6.260788918E0,-6.491716385E0,-6.598116875E0,1.117474858E1
2.557327905E1,-5.592743397E0,-5.940212250E0,-6.816840649E0,1.063175511E1
2.557830457E1,-4.629902840E0,-5.359734535E0,-6.497501850E0,9.611466323E0
2.558333010E1,-3.514117956E0,-4.822853088E0,-5.775733948E0,8.304699848E0
2.558835562E1,-2.309555054E0,-4.416602612E0,-4.739833832E0,6.877968299E0
2.559338114E1,-9.795231819E-1,-4.218656540E0,-3.530701160E0,5.587698932E0
2.559840666E1,3.700971603E-1,-4.206288815E0,-2.060539961E0,4.698474479E0
2.560343218E1,1.678051949E0,-4.299602032E0,-5.495367050E-1,4.648056213E0
2.560845770E1,2.750150681E0,-4.332478523E0,5.654540062E-1,5.162696694E0
2.561348322E1,3.171581745E0,-4.386523247E0,9.242091179E-1,5.491327659E0
2.561850874E1,2.740493774E0,-4.641417503E0,4.360885620E-1,5.407701527E0
2.562353426E1,1.553319931E0,-5.168593407E0,-4.039349556E-1,5.412053590E0
2.562855984E1,2.589139938E-1,-5.731942177E0,-1.118442535E0,5.845777218E0
2.563358541E1,-8.352503777E-1,-6.167364597E0,-1.486986637E0,6.398840405E0
2.563861098E1,-1.322045803E0,-6.311813354E0,-1.478932381E0,6.616194821E0
2.564363655E1,-9.770483971E-1,-6.190906525E0,-1.233404160E0,6.387740836E0
2.564866213E1,1.067371368E-1,-5.937383652E0,-6.181182861E-1,5.970426087E0
2.565368770E1,1.764720440E0,-5.724364281E0,9.309391975E-1,6.062114519E0
2.565871327E1,4.073097229E0,-5.947155476E0,3.656244755E0,8.082506109E0
2.566373884E1,7.134574413E0,-6.917293549E0,7.735836029E0,1.259342134E1
2.566876442E1,1.044250202E1,-8.407647133E0,1.268455124E1,1.845622440E1
2.567378999E1,1.339318275E1,-9.852005959E0,1.779371452E1,2.435273377E1
2.567881556E1,1.556728745E1,-1.088027191E1,2.242343521E1,2.938590141E1
2.568384114E1,1.667514420E1,-1.133175087E1,2.600434494E1,3.290433053E1
2.568886671E1,1.658891678E1,-1.119650936E1,2.831625748E1,3.467512681E1
2.569389228E1,1.551426888E1,-1.043406487E1,2.956058121E1,3.497699543E1
2.569891786E1,1.386571693E1,-9.255233765E0,2.958061790E1,3.395482902E1
2.570394343E1,1.225653648E1,-8.002458572E0,2.826475334E1,3.183014784E1
2.570896900E1,1.108820629E1,-6.987937450E0,2.593783760E1,2.906115978E1
2.571399457E1,1.034561920E1,-6.260654926E0,2.322610855E1,2.618548749E1
2.571902015E1,9.899273872E0,-5.631174088E0,2.060187149E1,2.354023903E1
2.572404572E1,9.705274582E0,-4.911137104E0,1.799772263E1,2.102925681E1
2.572907129E1,9.885776520E0,-4.009474277E0,1.582229614E1,1.908270203E1
2.573409687E1,1.039434719E1,-2.970404863E0,1.428005314E1,1.791049068E1
2.573912244E1,1.089290524E1,-1.949538589E0,1.337452126E1,1.735897186E1
2.574414801E1,1.097301102E1,-1.045358658E0,1.291167450E1,1.697678073E1
2.574917358E1,1.055262470E1,-2.649596035E-1,1.273016357E1,1.653738662E1
2.575419916E1,9.780685425E0,4.574753344E-1,1.285799026E1,1.616165229E1
2.575922473E1,8.874351501E0,1.035487294E0,1.304318810E1,1.580984200E1
2.576425030E1,8.018062592E0,1.397706747E0,1.286463356E1,1.522306502E1
2.576927588E1,7.223933220E0,1.654551864E0,1.224548149E1,1.431344019E1
2.577430145E1,6.384074211E0,1.992974281E0,1.120509815E1,1.304923655E1
2.577932702E1,5.332596779E0,2.422867298E0,9.893232346E0,1.149708313E1
2.578435260E1,4.012758255E0,2.859093428E0,8.413883209E0,9.750388438E0
2.578937817E1,2.539418221E0,3.274900436E0,6.944325447E0,8.086858085E0
2.579440374E1,9.694614410E-1,3.658097029E0,5.567183971E0,6.731646658E0
2.579942931E1,-6.068687439E-1,4.001291752E0,4.298356533E0,5.903769494E0
2.580445489E1,-2.065982342E0,4.349271297E0,3.129922867E0,5.742896569E0
2.580948046E1,-3.351187229E0,4.703814507E0,2.044043541E0,6.126535787E0
2.581450603E1,-4.382010937E0,5.104588509E0,9.943113327E-1,6.800551354E0
2.581953161E1,-5.101870060E0,5.504439831E0,2.970790863E-2,7.505252729E0
2.582455718E1,-5.583362579E0,5.951308250E0,-8.535237312E-1,8.204907699E0
2.582958275E1,-5.989993572E0,6.444866657E0,-1.644526243E0,8.951022053E0
2.583460832E1,-6.408607483E0,6.951258659E0,-2.284512281E0,9.726728288E0
2.583963390E1,-6.729947090E0,7.369477272E0,-2.714607477E0,1.034265328E1
2.584465947E1,-6.921461582E0,7.579573154E0,-2.828112602E0,1.064682021E1
2.584968504E1,-7.108183384E0,7.609735012E0,-2.624256611E0,1.073876440E1
2.585471062E1,-7.333520889E0,7.473761082E0,-2.260411024E0,1.071200688E1
2.585973619E1,-7.545019150E0,7.195545673E0,-1.831904173E0,1.058579541E1
2.586476176E1,-7.671034813E0,6.813061714E0,-1.343298197E0,1.034732019E1
2.586978734E1,-7.816882610E0,6.316426754E0,-8.470871449E-1,1.008555687E1
2.587481291E1,-8.059078217E0,5.719747543E0,-2.856273651E-1,9.886649415E0
2.587983848E1,-8.402312279E0,5.004261017E0,4.177708626E-1,9.788565393E0
2.588486405E1,-8.789036751E0,4.199604034E0,1.167313576E0,9.810528122E0
2.588988963E1,-9.128237724E0,3.412041187E0,1.871935844E0,9.923250114E0
2.589491520E1,-9.315154076E0,2.647511005E0,2.431935310E0,9.984774376E0
2.589994077E1,-9.341125488E0,1.854827285E0,2.834296227E0,9.936309413E0
2.590496635E1,-9.149524689E0,1.049949527E0,3.146883965E0,9.732372513E0
2.590999192E1,-8.745790482E0,1.676253080E-1,3.398756504E0,9.384481614E0
2.591501749E1,-8.187338829E0,-7.186507583E-1,3.670238495E0,9.001090302E0
2.592004306E1,-7.540944576E0,-1.530790091E0,3.959915161E0,8.653906140E0
2.592506864E1,-6.801824093E0,-2.210106850E0,4.372067928E0,8.382383984E0
2.593009421E1,-5.955776215E0,-2.698754787E0,4.953926086E0,8.203409742E0
2.593511978E1,-4.993323326E0,-3.111395597E0,5.709573746E0,8.198371348E0
2.594014536E1,-3.985448360E0,-3.544135094E0,6.512525558E0,8.417700479E0
2.594517093E1,-2.911763668E0,-3.997907639E0,7.125839233E0,8.674054296E0
2.595019650E1,-1.847917080E0,-4.387600422E0,7.342303276E0,8.750728678E0
2.595522207E1,-8.133225441E-1,-4.737796307E0,6.957397938E0,8.456571023E0
2.596024765E1,3.150577545E-1,-4.934000015E0,6.371534824E0,8.064742622E0
2.596527322E1,1.554928780E0,-5.134726048E0,5.884335995E0,7.962953296E0
2.597029879E1,2.829341888E0,-5.350513458E0,5.463228226E0,8.153528833E0
2.597532437E1,4.057377815E0,-5.525618553E0,5.017123699E0,8.495075358E0
2.598034994E1,5.048223495E0,-5.532842159E0,4.469486237E0,8.721995760E0
2.598537551E1,5.682123184E0,-5.373617649E0,3.817355633E0,8.702556782E0
2.599040109E1,5.967886925E0,-5.057873249E0,3.250302792E0,8.471258725E0
2.599542666E1,6.133946419E0,-4.680504799E0,2.953456640E0,8.261678399E0
2.600045223E1,6.356303215E0,-4.321139336E0,2.890680552E0,8.211630153E0
2.600547780E1,6.730290413E0,-4.140475273E0,2.995486975E0,8.450638245E0
2.601050338E1,7.208825111E0,-4.098491192E0,3.414232016E0,8.967818564E0
2.601552890E1,7.774492264E0,-4.189460278E0,4.061482430E0,9.720593958E0
2.602055442E1,8.400875092E0,-4.399001122E0,4.821746349E0,1.063838103E1
2.602557994E1,8.956547737E0,-4.622612953E0,5.760445595E0,1.160909261E1
2.603060546E1,9.362595558E0,-4.751216888E0,6.789643288E0,1.250326011E1
2.603563098E1,9.587487221E0,-4.752718925E0,7.736228943E0,1.320444950E1
2.604065650E1,9.656712532E0,-4.633631706E0,8.538154602E0,1.369754444E1
2.604568202E1,9.490074158E0,-4.448360443E0,9.053342819E0,1.384963661E1
2.605070754E1,8.973406792E0,-4.222613335E0,9.290283203E0,1.358903436E1
2.605573306E1,8.221710205E0,-3.957551003E0,9.201999664E0,1.295899404E1
2.606075859E1,7.411578178E0,-3.639553308E0,8.905904770E0,1.214466875E1
2.606578411E1,6.518433571E0,-3.264613152E0,8.496126175E0,1.119517017E1
2.607080963E1,5.680523872E0,-2.914628029E0,8.118877411E0,1.032858066E1
2.607583515E1,4.916415215E0,-2.676252604E0,7.752810955E0,9.562402641E0
2.608086067E1,4.273515701E0,-2.545442104E0,7.385808945E0,8.904627209E0
2.608588619E1,3.698603630E0,-2.489859343E0,6.848476410E0,8.171945759E0
2.609091171E1,3.042598724E0,-2.486613750E0,6.206506729E0,7.345841049E0
2.609593723E1,2.290026665E0,-2.469294310E0,5.464141846E0,6.418604414E0
2.610096275E1,1.444263458E0,-2.409229279E0,4.750091553E0,5.518482800E0
2.610598827E1,5.660228729E-1,-2.415979147E0,4.101564884E0,4.793763827E0
2.611101379E1,-2.597599030E-1,-2.503208160E0,3.535322905E0,4.339589190E0
2.611603931E1,-1.019642830E0,-2.694097519E0,3.033648968E0,4.183402802E0
2.612106484E1,-1.752632141E0,-2.911174774E0,2.626163960E0,4.294577410E0
2.612609036E1,-2.430650234E0,-3.129591465E0,2.313550234E0,4.588563826E0
2.613111588E1,-3.044701099E0,-3.338766575E0,2.091506004E0,4.979152979E0
2.613614140E1,-3.566298485E0,-3.547463894E0,1.964636326E0,5.400257480E0
2.614116692E1,-4.052728176E0,-3.740637302E0,1.831695080E0,5.811375049E0
2.614619244E1,-4.536889076E0,-3.893524647E0,1.671956539E0,6.207925204E0
2.615121796E1,-4.970231533E0,-4.010066032E0,1.392753124E0,6.536328659E0
2.615624348E1,-5.304328918E0,-4.151127815E0,9.922032356E-1,6.808247548E0
2.616126900E1,-5.557646751E0,-4.310750961E0,5.016214848E-1,7.051356988E0
2.616629452E1,-5.772476196E0,-4.502226353E0,2.855992317E-2,7.320678878E0
2.617132004E1,-6.015015125E0,-4.705444813E0,-4.104578495E-1,7.647881634E0
2.617634556E1,-6.327522278E0,-4.919540405E0,-8.945698738E-1,8.064717679E0
2.618137109E1,-6.738274097E0,-5.086096764E0,-1.483018398E0,8.571584548E0
2.618639661E1,-7.261801720E0,-5.146426201E0,-2.085633039E0,9.141626334E0
2.619142213E1,-7.788675785E0,-5.156711578E0,-2.592374325E0,9.694098691E0
2.619644765E1,-8.324716568E0,-5.115715027E0,-2.959549427E0,1.020932804E1
2.620147322E1,-8.890192032E0,-5.060448647E0,-3.243740797E0,1.073151943E1
2.620649879E1,-9.371471405E0,-4.941823006E0,-3.491800547E0,1.115521232E1
2.621152437E1,-9.430394173E0,-4.782584190E0,-3.515891314E0,1.114302192E1
2.621654994E1,-9.077414513E0,-4.549107552E0,-3.263476372E0,1.066508846E1
2.622157551E1,-8.560969353E0,-4.175364017E0,-2.937150717E0,9.967482895E0
2.622660109E1,-8.119085312E0,-3.777525902E0,-2.630053997E0,9.333082678E0
2.623162666E1,-7.807912350E0,-3.495023727E0,-2.420860291E0,8.890402165E0
2.623665223E1,-7.597833157E0,-3.313425541E0,-2.306436777E0,8.603807767E0
2.624167780E1,-7.421587467E0,-3.208414316E0,-2.162871599E0,8.369701101E0
2.624670338E1,-7.226551056E0,-3.169817686E0,-1.932934046E0,8.124470343E0
2.625172895E1,-6.926916122E0,-3.144443750E0,-1.630481005E0,7.779984690E0
2.625675452E1,-6.437053680E0,-3.141647816E0,-1.120490313E0,7.249904111E0
2.626178010E1,-5.834008217E0,-3.142617702E0,-4.111032486E-1,6.639330070E0
2.626680567E1,-5.051198959E0,-3.129346848E0,3.801043034E-1,5.954149973E0
2.627183124E1,-4.156074524E0,-3.060357332E0,1.293821573E0,5.320969528E0
2.627685681E1,-3.191856384E0,-2.956802368E0,2.456368685E0,4.996436184E0
2.628188239E1,-2.330760956E0,-2.878338099E0,3.749773502E0,5.270491264E0
2.628690796E1,-1.577461720E0,-2.851148844E0,5.060905457E0,6.019152702E0
2.629193353E1,-8.938393593E-1,-2.872855902E0,6.305827141E0,6.986823725E0
2.629695911E1,-2.805509567E-1,-2.935846567E0,7.377223492E0,7.944893351E0
2.630198468E1,3.620729446E-1,-2.989391804E0,8.268331528E0,8.799594674E0
2.630701025E1,9.279060364E-1,-2.982284784E0,9.005514145E0,9.531753100E0
2.631203582E1,1.397466660E0,-2.853663921E0,9.695478439E0,1.020287278E1
2.631706140E1,1.809475899E0,-2.719456434E0,1.015141296E1,1.066399698E1
2.632208697E1,2.164991379E0,-2.628566504E0,1.035291576E1,1.089859690E1
2.632711254E1,2.298047066E0,-2.633813858E0,1.030238152E1,1.087920313E1
2.633213812E1,2.191122055E0,-2.734453917E0,9.910883904E0,1.051208228E1
2.633716369E1,1.888589859E0,-2.885668278E0,9.304864883E0,9.923424992E0
2.634218926E1,1.458273888E0,-3.046617031E0,8.558363914E0,9.200762520E0
2.634721484E1,1.001398087E0,-3.157213211E0,7.730743408E0,8.410421335E0
2.635224041E1,5.425853729E-1,-3.143135071E0,6.823654175E0,7.532327214E0
2.635726598E1,1.303606033E-1,-3.021607399E0,5.872311592E0,6.605387846E0
2.636229155E1,-2.300596237E-1,-2.829315186E0,4.859871864E0,5.628170785E0
2.636731713E1,-5.481290817E-1,-2.531414986E0,3.889984608E0,4.673380743E0
2.637234270E1,-9.195451736E-1,-2.179726124E0,3.105268478E0,3.903775304E0
2.637736827E1,-1.315705776E0,-1.821515083E0,2.744563818E0,3.547059266E0
2.638239385E1,-1.636290550E0,-1.547487736E0,2.755059719E0,3.558443355E0
2.638741942E1,-1.742772102E0,-1.400832176E0,2.926416159E0,3.682865314E0
2.639244499E1,-1.745309830E0,-1.282060027E0,3.177794456E0,3.845537924E0
2.639747056E1,-1.854483604E0,-1.092141271E0,3.491162539E0,4.101231262E0
2.640249614E1,-2.151782513E0,-7.370949984E-1,3.801460981E0,4.429964177E0
2.640752171E1,-2.561082840E0,-4.050353765E-1,4.144711018E0,4.888949620E0
2.641254728E1,-2.996788502E0,-2.501124144E-1,4.566150665E0,5.467451823E0
2.641757286E1,-3.401967049E0,-2.248539925E-1,5.148503304E0,6.175032420E0
2.642259843E1,-3.681342125E0,-2.537027597E-1,5.816278458E0,6.888086819E0
2.642762400E1,-3.816036224E0,-2.567175627E-1,6.388258934E0,7.445662400E0
2.643264957E1,-3.968885899E0,-2.547322512E-1,6.721575737E0,7.810027156E0
2.643767515E1,-4.178379536E0,-1.676934958E-1,6.822005272E0,8.001670612E0
2.644270072E1,-4.425882339E0,-5.630970001E-3,6.781778336E0,8.098208665E0
2.644772629E1,-4.635331154E0,1.979668140E-1,6.654459476E0,8.112170899E0
2.645275187E1,-4.744708061E0,3.093990088E-1,6.416117191E0,7.985896452E0
2.645777744E1,-4.830420017E0,2.766140699E-1,5.956019402E0,7.673567619E0
2.646280301E1,-5.025830746E0,1.961919069E-1,5.368499756E0,7.356511101E0
2.646782859E1,-5.172475815E0,1.890648603E-1,4.743090630E0,7.020481486E0
2.647285416E1,-5.155221939E0,2.708678842E-1,4.092972755E0,6.588027674E0
2.647787973E1,-5.059876442E0,4.854695201E-1,3.464799881E0,6.151655751E0
2.648290530E1,-5.015059948E0,7.089571357E-1,2.842906952E0,5.808232643E0
2.648793088E1,-5.029685020E0,8.510797024E-1,2.249983311E0,5.575346892E0
2.649295645E1,-5.041031837E0,8.551609516E-1,1.536862850E0,5.339030779E0
2.649798202E1,-5.044178963E0,7.985526919E-1,7.657103539E-1,5.164081734E0
2.650300760E1,-5.015254021E0,7.248146534E-1,-2.486228943E-2,5.067420183E0
2.650803317E1,-4.968951225E0,6.487761736E-1,-7.861788273E-1,5.072421902E0
2.651305874E1,-4.972466469E0,5.182430744E-1,-1.508054018E0,5.221898657E0
2.651808431E1,-5.021253586E0,3.289602995E-1,-2.161060095E0,5.476438915E0
2.652310989E1,-5.211112976E0,2.898925543E-2,-2.711233854E0,5.874293816E0
2.652813546E1,-5.570649624E0,-4.189947248E-1,-3.120109797E0,6.398654464E0
2.653316103E1,-5.989926338E0,-9.086043835E-1,-3.372861385E0,6.934044519E0
2.653818661E1,-6.306633949E0,-1.391308427E0,-3.502287865E0,7.346794621E0
2.654321218E1,-6.468898296E0,-1.799995661E0,-3.492902756E0,7.568817557E0
2.654823775E1,-6.592721939E0,-2.106841564E0,-3.371578455E0,7.698721012E0
2.655326332E1,-6.698781013E0,-2.355968237E0,-3.188489676E0,7.784004099E0
2.655828890E1,-6.717017174E0,-2.548834801E0,-2.912406445E0,7.752224832E0
2.656331447E1,-6.572965622E0,-2.725669861E0,-2.588426828E0,7.571862829E0
2.656834004E1,-6.316253185E0,-2.950744152E0,-2.338848829E0,7.353377401E0
2.657336562E1,-6.106099606E0,-3.316601992E0,-2.305602312E0,7.321209134E0
2.657839114E1,-6.000669003E0,-3.752229214E0,-2.439786911E0,7.485974400E0
2.658341666E1,-5.894841194E0,-4.181209087E0,-2.741193056E0,7.729540834E0
2.658844218E1,-5.764727592E0,-4.598349094E0,-3.286253691E0,8.073187842E0
2.659346770E1,-5.624765873E0,-4.979346275E0,-4.021937370E0,8.521024625E0
2.659849322E1,-5.542093277E0,-5.337723732E0,-4.923580170E0,9.134973137E0
2.660351874E1,-5.602972984E0,-5.720017910E0,-5.870501041E0,9.928478918E0
2.660854426E1,-5.749731064E0,-6.081145763E0,-6.732793808E0,1.074105458E1
2.661356978E1,-5.800378799E0,-6.361901283E0,-7.509569645E0,1.142417692E1
2.661859530E1,-5.673131943E0,-6.570548534E0,-8.119025230E0,1.188592044E1
2.662362082E1,-5.357644558E0,-6.706341743E0,-8.455918312E0,1.204914641E1
2.662864634E1,-4.948445320E0,-6.783734798E0,-8.477779388E0,1.193226350E1
2.663367187E1,-4.568227291E0,-6.851103783E0,-8.224199295E0,1.163803152E1
2.663869739E1,-4.267791748E0,-6.937755585E0,-7.777861118E0,1.126239861E1
2.664372291E1,-4.021331787E0,-7.082508087E0,-7.283744812E0,1.092638864E1
2.664874843E1,-3.774564266E0,-7.261817932E0,-6.766905785E0,1.061943261E1
2.665377395E1,-3.559396744E0,-7.485156059E0,-6.185433865E0,1.034197556E1
2.665879947E1,-3.412344933E0,-7.761691093E0,-5.584064960E0,1.015232624E1
2.666382499E1,-3.307709694E0,-7.981070518E0,-4.926649094E0,9.945365822E0
2.666885051E1,-3.110084057E0,-8.191109657E0,-4.406659126E0,9.807422950E0
2.667387603E1,-2.803937912E0,-8.391847610E0,-3.849429607E0,9.649004220E0
2.667890155E1,-2.488773346E0,-8.607187271E0,-3.386700153E0,9.578486489E0
2.668392707E1,-2.202050686E0,-8.837093353E0,-2.954057932E0,9.574429718E0
2.668895260E1,-1.986239433E0,-9.076585770E0,-2.491745234E0,9.619685578E0
2.669397812E1,-1.769202232E0,-9.334926605E0,-2.026013374E0,9.714713658E0
2.669900364E1,-1.397830486E0,-9.578455925E0,-1.539838076E0,9.801624828E0
2.670402916E1,-8.246431351E-1,-9.845497131E0,-1.039972544E0,9.934555499E0
2.670905468E1,-2.034368515E-1,-1.010348511E1,-5.143234730E-1,1.011861287E1
2.671408020E1,3.358182907E-1,-1.029620075E1,1.576900482E-2,1.030168785E1
2.671910572E1,7.874383926E-1,-1.044399452E1,3.909723163E-1,1.048093222E1
2.672413124E1,1.236553192E0,-1.061947441E1,5.730649829E-1,1.070657294E1
2.672915676E1,1.715643883E0,-1.075630283E1,6.393939257E-1,1.091101779E1
2.673418228E1,2.156826973E0,-1.079290581E1,6.912523508E-1,1.102798931E1
2.673920780E1,2.535398483E0,-1.076346874E1,8.059075475E-1,1.108737984E1
2.674423332E1,2.836274147E0,-1.066869354E1,8.927407265E-1,1.107530853E1
2.674925884E1,3.087566376E0,-1.053294373E1,9.712560177E-1,1.101904297E1
2.675428437E1,3.355575562E0,-1.040940094E1,1.051489234E0,1.098731746E1
2.675930989E1,3.678044319E0,-1.031734562E1,1.182170868E0,1.101694870E1
2.676433546E1,4.021039009E0,-1.025204086E1,1.397679687E0,1.110074795E1
2.676936103E1,4.494067192E0,-1.018501854E1,1.851376057E0,1.128533721E1
2.677438661E1,5.110825539E0,-1.005920219E1,2.543188810E0,1.156615302E1
2.677941218E1,5.779547691E0,-9.865671158E0,3.400140762E0,1.192877178E1
2.678443775E1,6.628440857E0,-9.562105179E0,4.367612362E0,1.242763539E1
2.678946332E1,7.617810249E0,-9.044612885E0,5.506047249E0,1.304425588E1
2.679448890E1,8.621620178E0,-8.185896873E0,6.803747177E0,1.369789100E1
2.679951447E1,9.485089302E0,-7.064605236E0,8.142168045E0,1.435863735E1
2.680454004E1,1.002994633E1,-5.873709202E0,9.070947647E0,1.474389278E1
2.680956562E1,1.009781837E1,-4.906105042E0,9.192798615E0,1.451011196E1
2.681459119E1,9.699155807E0,-4.190542221E0,8.300418854E0,1.343619070E1
2.681961676E1,8.721389771E0,-3.687885284E0,6.674147129E0,1.158479077E1
2.682464234E1,7.129846573E0,-3.252573013E0,4.635965824E0,9.105279923E0
2.682966791E1,5.043649673E0,-2.761960506E0,2.513779163E0,6.275819751E0
2.683469348E1,2.735108852E0,-2.202628613E0,6.205998063E-1,3.566165638E0
2.683971905E1,5.713872910E-1,-1.747703552E0,-1.085379720E0,2.135181556E0
2.684474463E1,-1.172875404E0,-1.489705563E0,-2.607629538E0,3.224064389E0
2.684977020E1,-2.507154942E0,-1.316712379E0,-3.906342506E0,4.824838771E0
2.685479577E1,-3.504499435E0,-1.170648575E0,-4.808164120E0,6.063858226E0
2.685982134E1,-4.095483303E0,-1.003849983E0,-5.298242569E0,6.771415849E0
2.686484692E1,-4.345381737E0,-8.316569328E-1,-5.339712620E0,6.934444935E0
2.686987249E1,-4.572974205E0,-6.268057823E-1,-5.180117130E0,6.938198041E0
2.687489806E1,-4.881091118E0,-3.954186440E-1,-5.101358414E0,7.071440028E0
2.687992364E1,-5.113853455E0,-3.346486092E-1,-5.227358341E0,7.320434555E0
2.688494921E1,-5.272981644E0,-4.209613800E-1,-5.538088322E0,7.658457166E0
2.688997478E1,-5.507876873E0,-5.874547958E-1,-5.918156624E0,8.105947731E0
2.689500036E1,-5.794409275E0,-8.621120453E-1,-6.204797745E0,8.533342316E0
2.690002593E1,-6.069206238E0,-1.181739807E0,-6.117086887E0,8.697731044E0
2.690505150E1,-6.115005970E0,-1.588531971E0,-5.735185146E0,8.532823712E0
2.691007707E1,-5.800653934E0,-2.134529114E0,-5.278869629E0,8.128361776E0
2.691510265E1,-5.187065125E0,-2.638130665E0,-4.709634304E0,7.486389870E0
2.692012822E1,-4.355085850E0,-3.105038166E0,-4.332670212E0,6.883317945E0
2.692515379E1,-3.419584990E0,-3.665390015E0,-4.379675388E0,6.656590867E0
2.693017937E1,-2.552672386E0,-4.348220348E0,-4.879408836E0,7.016536689E0
2.693520494E1,-1.457490444E0,-5.273136616E0,-5.658820629E0,7.870990984E0
2.694023051E1,1.045718193E-1,-6.497616291E0,-6.825936317E0,9.424614546E0
2.694525608E1,1.888090134E0,-7.873650074E0,-8.663139343E0,1.185787642E1
2.695028166E1,3.604382038E0,-9.530815125E0,-1.117559814E1,1.512355781E1
2.695530723E1,4.756021023E0,-1.175109100E1,-1.333328438E1,1.839794413E1
2.696033280E1,5.189903259E0,-1.451834393E1,-1.372329712E1,2.064088879E1
2.696535838E1,5.436664104E0,-1.730853462E1,-1.181557465E1,2.165064645E1
2.697038395E1,6.022672653E0,-1.946985245E1,-7.923745632E0,2.186626363E1
2.697540952E1,7.160508633E0,-2.037702942E1,-3.026602030E0,2.180955139E1
2.698043510E1,8.856111526E0,-1.984790421E1,1.722720623E0,2.180224252E1
2.698546067E1,1.087017632E1,-1.839539528E1,5.721380711E0,2.211979877E1
2.699048624E1,1.288294888E1,-1.652652740E1,8.989162445E0,2.280134911E1
2.699551181E1,1.436864185E1,-1.483638096E1,1.112193680E1,2.345791011E1
2.700053739E1,1.533111095E1,-1.366802406E1,1.203643227E1,2.380616615E1
2.700556296E1,1.608876610E1,-1.294675159E1,1.237690926E1,2.407601824E1
2.701058853E1,1.708989906E1,-1.239723301E1,1.231515217E1,2.444215639E1
2.701561411E1,1.859819412E1,-1.170765877E1,1.160798168E1,2.485371878E1
2.702063968E1,1.896201324E1,-1.014169025E1,1.131321621E1,2.429816225E1
2.702566525E1,1.904750061E1,-8.451457024E0,1.042737961E1,2.330160189E1
2.703069082E1,1.878768349E1,-6.876925468E0,8.740125656E0,2.183252050E1
2.703571640E1,1.804113388E1,-5.442834854E0,6.570664883E0,1.995696871E1
2.704074197E1,1.688422775E1,-4.192944527E0,4.316190720E0,1.792449254E1
2.704576754E1,1.555329895E1,-3.075043678E0,2.173192739E0,1.600261755E1
2.705079312E1,1.410888195E1,-2.079620361E0,2.557457685E-1,1.426361724E1
2.705581869E1,1.255434418E1,-1.168169022E0,-1.256843209E0,1.267106276E1
2.706084426E1,1.104170799E1,-3.163013458E-1,-2.330662489E0,1.128943531E1
2.706586984E1,9.760849953E0,4.765977859E-1,-2.866925716E0,1.018433112E1
2.707089541E1,8.728973389E0,1.192120552E0,-2.893382072E0,9.272960026E0
2.707592098E1,8.053369522E0,1.854895592E0,-2.463409662E0,8.623559908E0
2.708094655E1,7.744573593E0,2.508610725E0,-1.737105727E0,8.324006500E0
2.708597213E1,7.625440598E0,3.149056911E0,-8.279054165E-1,8.291521641E0
2.709099770E1,7.628209591E0,3.881976604E0,9.794664383E-2,8.559726483E0
2.709602327E1,7.780253410E0,4.683821678E0,9.605367184E-1,9.131985514E0
2.710104884E1,8.036764145E0,5.464093208E0,1.565672159E0,9.843638647E0
2.710607442E1,8.396149635E0,6.074942112E0,1.667729974E0,1.049674110E1
2.711109999E1,8.733006477E0,6.497703552E0,1.386088014E0,1.097300294E1
2.711612556E1,8.817453384E0,6.880936146E0,8.939059377E-1,1.122024217E1
2.712115114E1,8.506548882E0,7.286745071E0,2.313359976E-1,1.120319347E1
2.712617671E1,7.997599602E0,7.676606178E0,-5.322705507E-1,1.109843204E1
2.713120228E1,7.416365147E0,8.045407295E0,-1.289006948E0,1.101783052E1
2.713622780E1,6.788379192E0,8.388032913E0,-1.936232448E0,1.096312840E1
2.714125332E1,6.110441685E0,8.737669945E0,-2.367311954E0,1.092192930E1
2.714627884E1,5.322300434E0,9.122658730E0,-2.624322653E0,1.088286973E1
2.715130437E1,4.516626835E0,9.547387123E0,-2.706724644E0,1.090315904E1
2.715632989E1,3.800130606E0,1.002098370E1,-2.614250660E0,1.103156441E1
2.716135541E1,3.341290712E0,1.048565865E1,-2.375970602E0,1.125870761E1
2.716638093E1,3.269452572E0,1.088378048E1,-1.882880688E0,1.151916826E1
2.717140645E1,3.363831997E0,1.129667950E1,-1.070058346E0,1.183534360E1
2.717643197E1,3.570788145E0,1.167187691E1,-6.447482109E-2,1.220603931E1
2.718145749E1,3.473458529E0,1.207666683E1,9.256191254E-1,1.260030026E1
2.718648301E1,3.527522326E0,1.264513111E1,1.492000341E0,1.321244942E1
2.719150853E1,3.657627344E0,1.325745964E1,1.978803515E0,1.389439230E1
2.719653405E1,3.888975382E0,1.396121216E1,2.309372902E0,1.467558441E1
2.720155957E1,4.146409512E0,1.469863510E1,2.708413124E0,1.551057985E1
2.720658510E1,4.465421677E0,1.529737282E1,3.366326809E0,1.628747255E1
2.721161062E1,5.077938557E0,1.567642403E1,4.443654060E0,1.706697957E1
2.721663614E1,6.177220345E0,1.587501717E1,6.108794212E0,1.809672865E1
2.722166166E1,7.811071873E0,1.608145332E1,8.408777237E0,1.975686006E1
2.722668718E1,1.000642204E1,1.646556664E1,1.106416702E1,2.221844186E1
2.723171270E1,1.263989830E1,1.703014755E1,1.363807106E1,2.521487531E1
2.723673822E1,1.554334831E1,1.751517868E1,1.553239059E1,2.810039712E1
2.724176374E1,1.830842972E1,1.770320892E1,1.657350731E1,3.038557798E1
2.724678926E1,2.047839546E1,1.760569191E1,1.699738121E1,3.190981097E1
2.725181478E1,2.240738106E1,1.786026382E1,1.743385887E1,3.354130565E1
2.725684030E1,2.356915665E1,1.817108154E1,1.724528313E1,3.439612100E1
2.726186582E1,2.339525795E1,1.821728897E1,1.629801559E1,3.383538125E1
2.726689134E1,2.192185020E1,1.786793327E1,1.482752800E1,3.193252484E1
2.727191687E1,1.956156540E1,1.727355194E1,1.323607635E1,2.926130815E1
2.727694239E1,1.692442513E1,1.666080284E1,1.169528866E1,2.647259515E1
2.728196791E1,1.468630314E1,1.594077682E1,1.036174393E1,2.402418787E1
2.728699343E1,1.301426315E1,1.509230232E1,9.371931076E0,2.202230067E1
2.729201895E1,1.183935165E1,1.431036758E1,8.731772423E0,2.052317514E1
2.729704447E1,1.122555161E1,1.371383858E1,8.293190956E0,1.956679314E1
2.730206999E1,1.090549469E1,1.317801285E1,7.874200821E0,1.883063662E1
2.730709551E1,1.081225300E1,1.264076233E1,7.483980179E0,1.824016575E1
2.731212103E1,1.085019302E1,1.208808613E1,7.159714699E0,1.775133881E1
2.731714655E1,1.123477077E1,1.168775940E1,6.761355400E0,1.756529877E1
2.732217213E1,1.185515690E1,1.141127586E1,6.555696487E0,1.771268242E1
2.732719770E1,1.258515358E1,1.106759739E1,6.359757900E0,1.792552156E1
2.733222327E1,1.331784534E1,1.059026814E1,6.043053150E0,1.805650230E1
2.733724884E1,1.385142708E1,1.007047462E1,5.638184547E0,1.802957615E1
2.734227442E1,1.421472549E1,9.522385597E0,5.011186123E0,1.782824261E1
2.734729999E1,1.466654205E1,8.730332375E0,4.067292690E0,1.754619700E1
2.735232556E1,1.542714024E1,7.397397995E0,2.870569944E0,1.734815047E1
2.735735114E1,1.639157867E1,5.590423584E0,1.796328068E0,1.741159044E1
2.736237671E1,1.738817787E1,3.624924660E0,1.329426169E0,1.781168668E1
2.736740228E1,1.841766739E1,1.620328903E0,1.575073719E0,1.855577525E1
2.737242786E1,1.970098877E1,-4.804239273E-1,2.396883965E0,1.985207340E1
2.737745343E1,2.112399673E1,-2.490054131E0,3.494509459E0,2.155539849E1
2.738247900E1,2.265365791E1,-4.240692139E0,4.362316608E0,2.345637425E1
2.738750457E1,2.439943314E1,-5.641613007E0,4.664016247E0,2.547377440E1
2.739253015E1,2.639714622E1,-6.660260201E0,4.352630615E0,2.757016119E1
2.739755572E1,2.895344734E1,-7.542374611E0,3.398145914E0,3.011207272E1
2.740258129E1,3.212944412E1,-8.596329689E0,2.207651138E0,3.333274347E1
2.740760687E1,3.561675262E1,-9.786505699E0,1.365661621E0,3.696205883E1
2.741263244E1,3.884354019E1,-1.104921436E1,1.048470736E0,4.039808218E1
2.741765801E1,4.149757385E1,-1.249356365E1,9.951651096E-1,4.334891143E1
2.742268358E1,4.449784470E1,-1.442513752E1,8.143214583E-1,4.678467585E1
2.742770916E1,4.839913559E1,-1.710272217E1,-4.490485191E-1,5.133401480E1
2.743273473E1,5.265163040E1,-2.058540344E1,-1.984577775E0,5.656758407E1
2.743776030E1,5.647266006E1,-2.435514450E1,-4.098820686E0,6.163712136E1
2.744278588E1,5.965165329E1,-2.878078651E1,-6.850607872E0,6.658516532E1
2.744781145E1,6.200130844E1,-3.415471649E1,-9.787988663E0,7.145986027E1
2.745283702E1,6.090776825E1,-3.992929077E1,-1.176252174E1,7.377303988E1
2.745786260E1,6.483423615E1,-4.799500275E1,-1.587211514E1,8.221266632E1
2.746288817E1,6.726243591E1,-5.721519470E1,-1.999412537E1,9.054048177E1
2.746791374E1,6.001759720E1,-6.524544525E1,-1.807481384E1,9.047529494E1
2.747293931E1,4.716721344E1,-7.144525909E1,-1.354925823E1,8.667614129E1
2.747796489E1,3.207646179E1,-7.523843384E1,-9.204398155E0,8.230700015E1
2.748299046E1,1.638636017E1,-7.614659119E1,-4.965258598E0,7.804786955E1
2.748801603E1,2.609486580E0,-7.438162231E1,-9.869751930E-1,7.443392559E1
2.749304161E1,-7.497738361E0,-7.110728455E1,2.024075985E0,7.153012568E1
2.749806718E1,-1.369728851E1,-6.656451416E1,4.533096313E0,6.811019909E1
2.750309275E1,-1.635033035E1,-6.183512878E1,7.126882076E0,6.435611006E1
2.750811832E1,-1.768780708E1,-5.949877167E1,8.190116882E0,6.261022571E1
2.751314390E1,-1.776017189E1,-5.569779587E1,1.009419441E1,5.932588753E1
2.751816947E1,-1.744824028E1,-5.140291977E1,1.066884232E1,5.532201593E1
2.752319504E1,-1.868862534E1,-5.062319946E1,9.276144028E0,5.475417691E1
2.752822062E1,-2.270354843E1,-5.253371048E1,8.385958672E0,5.784086921E1
2.753324619E1,-2.852154160E1,-5.362229919E1,9.808869362E0,6.152270495E1
2.753827176E1,-3.362462616E1,-5.347995758E1,1.214535904E1,6.432908435E1
2.754329734E1,-3.822535324E1,-5.268197250E1,1.367704582E1,6.651037092E1
2.754832291E1,-4.162567520E1,-5.211310196E1,1.515865612E1,6.839778569E1
2.755334848E1,-4.386664963E1,-5.119646835E1,1.686439514E1,6.949654052E1
2.755837405E1,-4.509243393E1,-4.984884644E1,1.810747147E1,6.961404752E1
2.756339963E1,-4.468453598E1,-4.840528107E1,1.854077339E1,6.843638849E1
2.756842520E1,-4.252056122E1,-4.713275909E1,1.809306145E1,6.600646922E1
2.757345077E1,-3.930361938E1,-4.627199554E1,1.683057404E1,6.300111341E1
2.757847635E1,-3.640773773E1,-4.564677811E1,1.496951485E1,6.027634771E1
2.758350192E1,-3.404571915E1,-4.500618362E1,1.253768158E1,5.780883164E1
2.758852749E1,-3.123209381E1,-4.387309265E1,9.433604240E0,5.467435259E1
2.759355306E1,-2.729746246E1,-4.257556534E1,6.127365112E0,5.094482137E1
2.759857864E1,-2.196169281E1,-4.190210342E1,3.011588097E0,4.740434458E1
2.760360421E1,-1.593161964E1,-4.213836288E1,-9.584546089E-2,4.504960951E1
2.760862978E1,-1.023406219E1,-4.276116180E1,-3.646338224E0,4.411970954E1
2.761365536E1,-5.063101292E0,-4.310867310E1,-6.748682022E0,4.392649997E1
2.761868093E1,1.029291153E-1,-4.285457993E1,-8.428728104E0,4.367572635E1
2.762370650E1,5.610045433E0,-4.209136200E1,-8.720255852E0,4.334972003E1
2.762873207E1,1.095435429E1,-4.070938873E1,-7.917869568E0,4.289457853E1
2.763375765E1,1.517597675E1,-3.854283905E1,-5.684245110E0,4.181113913E1
2.763878322E1,1.809394836E1,-3.579325485E1,-2.345692158E0,4.017524526E1
2.764380879E1,1.982789612E1,-3.278342056E1,1.679113865E0,3.834993548E1
2.764883437E1,2.061218643E1,-3.015305138E1,5.579996586E0,3.694868196E1
2.765385994E1,2.080689621E1,-2.845643806E1,8.804173470E0,3.633468409E1
2.765888551E1,2.105084419E1,-2.735076714E1,1.159604836E1,3.640976300E1
2.766391109E1,2.130853271E1,-2.630164337E1,1.399436283E1,3.662884385E1
2.766893666E1,2.093307114E1,-2.492300415E1,1.594184017E1,3.624212840E1
2.767396218E1,2.001161385E1,-2.346011543E1,1.715845299E1,3.528815968E1
2.767898770E1,1.891994095E1,-2.220084000E1,1.732403946E1,3.392585747E1
2.768401322E1,1.790516281E1,-2.113222885E1,1.660850525E1,3.229564054E1
2.768903874E1,1.741497612E1,-2.016127777E1,1.538786316E1,3.076596898E1
2.769406426E1,1.756531334E1,-1.920655060E1,1.394652081E1,2.952858380E1
2.769908978E1,1.805868149E1,-1.809756279E1,1.222291374E1,2.833791411E1
2.770411530E1,1.871173096E1,-1.685597610E1,1.011717033E1,2.714055897E1
2.770914082E1,1.937936592E1,-1.557527733E1,7.836923122E0,2.606849538E1
2.771416635E1,1.990209579E1,-1.428654289E1,5.456469536E0,2.509923873E1
2.771919187E1,2.041767311E1,-1.300098324E1,2.917057753E0,2.438065148E1
2.772421739E1,2.092934036E1,-1.162935352E1,4.571572542E-1,2.394761249E1
2.772924291E1,2.114819717E1,-1.015863228E1,-1.786420941E0,2.352945714E1
2.773426843E1,2.089603615E1,-8.656497002E0,-3.667654037E0,2.291355392E1
2.773929395E1,2.040711975E1,-7.151455879E0,-4.883555889E0,2.216851316E1
2.774431947E1,2.000693703E1,-5.585383415E0,-5.462868690E0,2.147829070E1
2.774934499E1,2.004503441E1,-3.890229225E0,-5.317031860E0,2.109995535E1
2.775437051E1,2.069766617E1,-2.184732437E0,-4.594376087E0,2.131372169E1
2.775939603E1,2.166594887E1,-4.541501999E-1,-3.955509186E0,2.202874589E1
2.776442155E1,2.269745255E1,1.530614853E0,-3.976219654E0,2.309388353E1
2.776944707E1,2.383042717E1,3.753978252E0,-4.591559410E0,2.455736203E1
2.777447260E1,2.488191414E1,6.042522430E0,-5.528071880E0,2.619506265E1
2.777949812E1,2.565027237E1,8.190134048E0,-6.630597591E0,2.773048129E1
2.778452364E1,2.580224991E1,1.011134624E1,-7.360627651E0,2.867358127E1
2.778954916E1,2.528919601E1,1.148705673E1,-7.320328712E0,2.872426013E1
2.779457468E1,2.438080025E1,1.231945324E1,-6.215821266E0,2.801479578E1
2.779960020E1,2.292732239E1,1.274482346E1,-3.738909721E0,2.649664286E1
2.780462572E1,2.129306030E1,1.351641941E1,-1.068192720E0,2.524339610E1
2.780965124E1,2.060109138E1,1.470686722E1,1.083544493E0,2.533517275E1
2.781467676E1,1.989981270E1,1.582876205E1,2.965229034E0,2.559970384E1
2.781970228E1,1.967318153E1,1.693571472E1,4.495531559E0,2.634506232E1
2.782472780E1,2.026938629E1,1.804766083E1,5.550992012E0,2.770161718E1
2.782975332E1,2.131257439E1,1.933748245E1,6.257653236E0,2.945033580E1
2.783477885E1,2.212971687E1,2.080564880E1,6.655817986E0,3.109500449E1
2.783980437E1,2.224057388E1,2.217054558E1,6.819811821E0,3.213543295E1
2.784482989E1,2.219153023E1,2.346177673E1,6.442348003E0,3.293057590E1
2.784985541E1,2.202146149E1,2.475167847E1,5.834539413E0,3.363974142E1
2.785488093E1,2.157800102E1,2.588277054E1,5.135353088E0,3.408665120E1
2.785990650E1,2.096255875E1,2.673585892E1,4.507860184E0,3.427179343E1
2.786493207E1,2.013376045E1,2.722539520E1,4.124167442E0,3.411157005E1
2.786995765E1,1.923358727E1,2.742385864E1,3.835378647E0,3.371511577E1
2.787498322E1,1.850444794E1,2.756616974E1,3.469110727E0,3.338177702E1
2.788000879E1,1.802480316E1,2.777681160E1,3.092635632E0,3.325671642E1
2.788503437E1,1.777166939E1,2.791685104E1,2.649487972E0,3.319943661E1
2.789005994E1,1.789322662E1,2.786643600E1,2.256118774E0,3.319331087E1
2.789508551E1,1.841227913E1,2.775441360E1,1.861767173E0,3.335844232E1
2.790011109E1,1.909724808E1,2.755148315E1,1.449598908E0,3.355429101E1
2.790513666E1,1.946815109E1,2.724750137E1,1.050550938E0,3.350431159E1
2.791016223E1,1.986889648E1,2.677018356E1,5.475724339E-1,3.334239960E1
2.791518780E1,2.019344330E1,2.610470963E1,1.443241835E-1,3.300381563E1
2.792021338E1,2.036015701E1,2.529373741E1,3.432810307E-2,3.247014512E1
2.792523895E1,2.051726151E1,2.414568329E1,2.378050089E-1,3.168641022E1
2.793026452E1,2.063170052E1,2.284245300E1,5.825920105E-1,3.078610301E1
2.793529010E1,2.085665131E1,2.153212357E1,9.877997637E-1,2.999346591E1
2.794031567E1,2.112962151E1,1.994174194E1,1.639800549E0,2.910022204E1
2.794534124E1,2.157985687E1,1.808579063E1,2.733370781E0,2.828882043E1
2.795036681E1,2.239863586E1,1.610317993E1,4.184739113E0,2.790203100E1
2.795539239E1,2.338866425E1,1.396997261E1,5.784727097E0,2.785054429E1
2.796041796E1,2.408078957E1,1.177715683E1,7.295269966E0,2.778141129E1
2.796544353E1,2.442344475E1,9.687507629E0,8.584157944E0,2.764127756E1
2.797046911E1,2.454214096E1,7.662667751E0,9.572627068E0,2.743480178E1
2.797549468E1,2.485473061E1,5.219652176E0,9.987020493E0,2.728997949E1
2.798052025E1,2.615749550E1,1.579641819E0,9.623632431E0,2.791637763E1
2.798554582E1,2.909305191E1,-3.318153381E0,8.871503830E0,3.059606824E1
2.799057140E1,3.302557755E1,-8.382018089E0,9.162648201E0,3.528315634E1
2.799559697E1,3.701738739E1,-1.279851913E1,1.147231579E1,4.081302599E1
2.800062254E1,4.068460846E1,-1.571679688E1,1.514135075E1,4.616833950E1
2.800564812E1,4.438117981E1,-1.682433128E1,1.840312195E1,5.090601283E1
2.801067369E1,4.771081161E1,-1.732842445E1,1.906724930E1,5.422320384E1
2.801569926E1,4.936949539E1,-1.795925713E1,1.706587601E1,5.523699952E1
2.802072484E1,4.960385513E1,-1.925938797E1,1.417552280E1,5.506733983E1
2.802575041E1,4.921060181E1,-2.191189957E1,1.133536816E1,5.504820836E1
2.803077598E1,4.799341583E1,-2.610454559E1,1.002564430E1,5.554573618E1
2.803580155E1,4.772415924E1,-3.103280258E1,9.324521065E0,5.768515324E1
2.804082713E1,4.758249664E1,-3.549881744E1,7.704864025E0,5.986338577E1
2.804585270E1,4.602587891E1,-3.977171326E1,6.684505463E0,6.119520666E1
2.805087827E1,4.256868744E1,-4.448047638E1,8.215310097E0,6.211358345E1
2.805590385E1,3.737831497E1,-4.951605606E1,1.226851177E1,6.324155769E1
2.806092942E1,2.997193336E1,-5.367309952E1,1.764863968E1,6.395774296E1
2.806595499E1,2.078951073E1,-5.581388855E1,2.229726982E1,6.359687219E1
2.807098056E1,1.093869781E1,-5.564953613E1,2.478567123E1,6.189390503E1
2.807600614E1,1.830067635E0,-5.336017227E1,2.441807175E1,5.871030029E1
2.808103171E1,-5.115135193E0,-4.957555008E1,2.141124344E1,5.424335092E1
2.808605728E1,-9.554926872E0,-4.482564163E1,1.752106857E1,4.906753121E1
2.809108286E1,-1.187215519E1,-3.985678101E1,1.356563759E1,4.374400055E1
2.809610843E1,-1.270873547E1,-3.518923950E1,1.023648548E1,3.878891812E1
2.810113400E1,-1.240507317E1,-3.098641968E1,8.259920120E0,3.438415805E1
2.810615957E1,-1.116303444E1,-2.742766571E1,7.659121037E0,3.058679976E1
2.811118515E1,-9.572808266E0,-2.435021591E1,8.120787621E0,2.739559937E1
2.811621072E1,-7.951644897E0,-2.167036438E1,8.673504829E0,2.465893418E1
2.812123629E1,-6.801693439E0,-1.978363037E1,9.219843864E0,2.286177126E1
2.812626187E1,-7.008913040E0,-1.880871964E1,9.810415268E0,2.234137516E1
2.813128744E1,-9.163530350E0,-1.889195824E1,1.032231712E1,2.339714951E1
2.813631301E1,-1.320236683E1,-2.012872314E1,1.033670235E1,2.619762204E1
2.814133859E1,-1.832487106E1,-2.195258522E1,9.621643066E0,3.017106085E1
2.814636416E1,-2.398525238E1,-2.370796204E1,8.261552811E0,3.472193904E1
2.815138973E1,-2.900321960E1,-2.486256981E1,6.130750179E0,3.869005328E1
2.815641530E1,-3.231626892E1,-2.496447182E1,3.619714260E0,4.099595616E1
2.816144088E1,-3.366323090E1,-2.409794617E1,1.678355694E0,4.143357336E1
2.816646645E1,-3.283696747E1,-2.285514259E1,9.910164475E-1,4.002007108E1
2.817149202E1,-3.021009064E1,-2.149317360E1,1.757909417E0,3.711733198E1
2.817651760E1,-2.666724777E1,-1.994752884E1,3.195730925E0,3.345532404E1
2.818154317E1,-2.328864861E1,-1.836108589E1,4.851701736E0,3.005045156E1
2.818656874E1,-2.038414192E1,-1.684316635E1,6.698020935E0,2.727762781E1
2.819159431E1,-1.826883507E1,-1.543109703E1,8.353112221E0,2.533068444E1
2.819661989E1,-1.773977280E1,-1.421782970E1,9.397635460E0,2.460003603E1
2.820164546E1,-1.895481491E1,-1.344456482E1,9.801609039E0,2.522127814E1
2.820667103E1,-2.114152527E1,-1.334159279E1,9.639953613E0,2.679348605E1
2.821169655E1,-2.341700363E1,-1.363817215E1,9.357775688E0,2.866921283E1
2.821672207E1,-2.521005440E1,-1.390093231E1,9.136070251E0,3.020348559E1
2.822174760E1,-2.617490578E1,-1.399927044E1,8.911312103E0,3.099220464E1
2.822677312E1,-2.617661667E1,-1.384801292E1,8.668109894E0,3.085642318E1
2.823179864E1,-2.542962074E1,-1.335939789E1,8.390875816E0,2.992567326E1
2.823682416E1,-2.410549736E1,-1.270133018E1,8.029192924E0,2.840539967E1
2.824184968E1,-2.231855202E1,-1.200455856E1,7.608174801E0,2.645962045E1
2.824687520E1,-2.020220947E1,-1.123326302E1,6.994948864E0,2.415046118E1
2.825190072E1,-1.789484024E1,-1.026713943E1,6.071421623E0,2.150585083E1
2.825692624E1,-1.558300781E1,-9.201902390E0,4.924664497E0,1.875519823E1
2.826195176E1,-1.329099274E1,-8.095123291E0,3.703206062E0,1.599672605E1
2.826697728E1,-1.103388023E1,-7.085452080E0,2.655689478E0,1.337919395E1
2.827200280E1,-8.970694542E0,-6.010209084E0,1.953942060E0,1.097332508E1
2.827702832E1,-7.442142487E0,-4.672820568E0,1.397030473E0,8.897889131E0
2.828205384E1,-6.400938988E0,-3.282215834E0,9.857110381E-1,7.260618910E0
2.828707937E1,-5.517677307E0,-2.279749155E0,8.000014424E-1,6.023455934E0
2.829210489E1,-4.812853813E0,-1.861920595E0,9.122629166E-1,5.240470757E0
2.829713041E1,-4.598333836E0,-1.850924015E0,1.158643603E0,5.090486104E0
2.830215593E1,-4.992836952E0,-2.014993668E0,1.558973312E0,5.605266996E0
2.830718145E1,-6.012420654E0,-2.144574165E0,2.313555241E0,6.789767178E0
2.831220697E1,-7.599786758E0,-2.143638134E0,3.351682663E0,8.578211929E0
2.831723249E1,-9.094223976E0,-2.040228844E0,4.273931503E0,1.025348399E1
2.832225801E1,-9.559073448E0,-2.074690819E0,5.265161991E0,1.110865239E1
2.832728353E1,-8.954401016E0,-2.298288345E0,6.165560722E0,1.111204598E1
2.833230905E1,-7.695967197E0,-2.582629204E0,6.997326851E0,1.071729760E1
2.833733457E1,-6.262524605E0,-2.715062618E0,7.710960865E0,1.029804335E1
2.834236010E1,-4.764932632E0,-2.545954227E0,8.220131874E0,9.836515336E0
2.834738562E1,-2.923279762E0,-2.007970810E0,8.783560753E0,9.472510271E0
2.835241114E1,-8.088703156E-1,-9.965324402E-1,9.351030350E0,9.438703126E0
2.835743666E1,1.376293182E0,3.626675606E-1,9.684859276E0,9.788881952E0
2.836246218E1,3.515423298E0,2.011065483E0,1.003873920E1,1.082491894E1
2.836748770E1,4.984462738E0,3.790217400E0,1.019102383E1,1.196108621E1
2.837251322E1,5.520185471E0,5.371689796E0,9.967523575E0,1.259678630E1
2.837753874E1,5.550360203E0,6.343451500E0,9.074973106E0,1.238551623E1
2.838256426E1,5.393862247E0,6.792688370E0,7.694334984E0,1.159470379E1
2.838758978E1,5.025922775E0,7.146600246E0,5.992227554E0,1.059436576E1
2.839261530E1,4.346654415E0,7.655766010E0,3.762801647E0,9.574070923E0
2.839764088E1,3.343624115E0,8.332300186E0,1.007569313E0,9.034503004E0
2.840266645E1,2.015716553E0,9.026930809E0,-2.156647682E0,9.497353435E0
2.840769202E1,2.341804504E-1,9.682751656E0,-5.774651527E0,1.127639660E1
2.841271760E1,-1.736772060E0,1.042089653E1,-9.602555275E0,1.427657275E1
2.841774317E1,-3.318005323E0,1.135782623E1,-1.327101231E1,1.778002091E1
2.842276874E1,-3.941489697E0,1.223599815E1,-1.628267479E1,2.074561376E1
2.842779431E1,-3.715450764E0,1.282971001E1,-1.806656837E1,2.246790880E1
2.843281989E1,-2.998457432E0,1.318851089E1,-1.841768074E1,2.285035077E1
2.843784546E1,-1.849488258E0,1.322559738E1,-1.753875351E1,2.204415813E1
2.844287103E1,-1.801200390E0,1.320194626E1,-1.507444286E1,2.011900931E1
2.844789661E1,1.880083084E-1,1.276548958E1,-1.145144081E1,1.715017691E1
2.845292218E1,3.893516541E0,1.254624557E1,-9.127805710E0,1.599639291E1
2.845794775E1,4.840917110E0,1.297917366E1,-5.961830139E0,1.508100945E1
2.846297332E1,5.303040981E0,1.287878418E1,-2.175951481E0,1.409681136E1
2.846799890E1,6.164801121E0,1.262596321E1,7.626264095E-1,1.407129414E1
2.847302447E1,6.674942970E0,1.238250160E1,2.964555740E0,1.437601476E1
2.847805004E1,6.987216473E0,1.189000893E1,4.399306774E0,1.447575236E1
2.848307562E1,7.184081078E0,1.101562500E1,4.947386742E0,1.405103735E1
2.848810119E1,7.239282131E0,9.904879570E0,4.972729206E0,1.323789563E1
2.849312676E1,7.619388580E0,8.578880310E0,4.423042297E0,1.229697413E1
2.849815234E1,8.186606407E0,7.106327057E0,2.784572601E0,1.119259815E1
2.850317791E1,8.897927284E0,5.197296619E0,4.896579981E-1,1.031623803E1
2.850820348E1,9.476903915E0,2.763716698E0,-1.436414957E0,9.975626584E0
2.851322905E1,9.883525848E0,8.673810959E-2,-3.036968708E0,1.033996062E1
2.851825463E1,1.077563763E1,-2.930733681E0,-4.779823303E0,1.214702750E1
2.852328020E1,1.186725235E1,-6.046816826E0,-5.831056118E0,1.453949406E1
2.852830577E1,1.252516460E1,-8.828534126E0,-5.752079487E0,1.636793150E1
2.853333134E1,1.392553806E1,-1.134119797E1,-5.393181801E0,1.875179436E1
2.853835692E1,1.757099915E1,-1.383825016E1,-5.296718121E0,2.298461227E1
2.854338249E1,2.322833252E1,-1.649864197E1,-5.176615238E0,2.895786532E1
2.854840806E1,2.975503540E1,-1.857479477E1,-4.284937859E0,3.533759789E1
2.855343364E1,3.595204926E1,-1.913968658E1,-2.443633080E0,4.080255863E1
2.855845921E1,4.015172577E1,-1.811018372E1,-7.815034986E-1,4.405395083E1
2.856348478E1,4.158215332E1,-1.642116737E1,-5.833393335E-2,4.470719870E1
2.856851036E1,4.112749100E1,-1.505261421E1,5.741134286E-2,4.379560488E1
2.857353593E1,4.067298126E1,-1.493818760E1,8.942464590E-1,4.333867246E1
2.857856150E1,4.032818604E1,-1.603401947E1,2.899170160E0,4.349548893E1
2.858358707E1,3.926934433E1,-1.703832626E1,5.970395565E0,4.322073101E1
2.858861265E1,3.751016998E1,-1.728148270E1,9.501302719E0,4.237849985E1
2.859363822E1,3.479577637E1,-1.694001389E1,1.447972107E1,4.132036357E1
2.859866379E1,3.172774887E1,-1.658530998E1,1.938881683E1,4.071423306E1
2.860368937E1,2.856440163E1,-1.646158600E1,2.275607872E1,4.005930569E1
2.860871494E1,2.536043167E1,-1.597135162E1,2.376448631E1,3.824900491E1
2.861374051E1,2.245870399E1,-1.494512749E1,2.226516914E1,3.497839301E1
2.861876608E1,2.001977348E1,-1.373250961E1,1.893265533E1,3.078666251E1
2.862379166E1,1.813708305E1,-1.278425884E1,1.503993702E1,2.680654326E1
2.862881723E1,1.682256317E1,-1.246960163E1,1.150808907E1,2.389405178E1
2.863384280E1,1.590118027E1,-1.262173176E1,8.522895813E0,2.201806984E1
2.863886838E1,1.532224083E1,-1.264391708E1,6.292591095E0,2.083833981E1
2.864389395E1,1.516273689E1,-1.234245491E1,5.371210098E0,2.027546994E1
2.864891952E1,1.476139450E1,-1.150448608E1,5.618086338E0,1.954008346E1
2.865394510E1,1.556672668E1,-1.028665257E1,6.578801632E0,1.978430771E1
2.865897067E1,1.668867874E1,-9.754494667E0,9.597958565E0,2.158200577E1
2.866399624E1,1.784868813E1,-1.001326561E1,1.453792381E1,2.510363290E1
2.866902181E1,1.915939331E1,-1.051086426E1,1.976099396E1,2.946281558E1
2.867404739E1,1.976314926E1,-1.088112736E1,2.454646492E1,3.333931525E1
2.867907296E1,1.918922806E1,-1.087169456E1,2.852244186E1,3.605481807E1
2.868409853E1,1.771829033E1,-1.047291660E1,3.153208160E1,3.765490625E1
2.868912411E1,1.578601646E1,-9.871078491E0,3.359871674E1,3.841237135E1
2.869414968E1,1.383724594E1,-9.300825119E0,3.483811951E1,3.862213477E1
2.869917525E1,1.232009983E1,-8.839784622E0,3.543347168E1,3.854163421E1
2.870420082E1,1.116402912E1,-8.428406715E0,3.549629974E1,3.815312414E1
2.870922640E1,1.011114693E1,-7.917647839E0,3.521488953E1,3.748350149E1
2.871425197E1,8.793769836E0,-7.240583897E0,3.457185364E1,3.640013059E1
2.871927754E1,7.223293304E0,-6.364410400E0,3.346990204E1,3.482694400E1
2.872430312E1,5.612614632E0,-5.505317688E0,3.197544098E1,3.292778146E1
2.872932869E1,4.131053925E0,-4.841662407E0,3.013155746E1,3.079639681E1
2.873435426E1,2.909257412E0,-4.455916405E0,2.817243767E1,2.867063330E1
2.873937984E1,1.880439281E0,-4.330338478E0,2.623532867E1,2.665671311E1
2.874440536E1,9.341478348E-1,-4.322620392E0,2.433164597E1,2.473027850E1
2.874943088E1,6.495428085E-2,-4.261832714E0,2.253433037E1,2.293389374E1
2.875445640E1,-6.800980568E-1,-4.087038994E0,2.079129219E1,2.120010028E1
2.875948192E1,-1.144610882E0,-3.976905823E0,1.916017151E1,1.960199189E1
2.876450744E1,-1.502209663E0,-3.994915485E0,1.758840942E1,1.809884332E1
2.876953296E1,-1.907671928E0,-3.951246262E0,1.593683529E1,1.652979970E1
2.877455848E1,-2.238354683E0,-3.771569729E0,1.402386665E1,1.469366550E1
2.877958400E1,-2.505359173E0,-3.530232906E0,1.198501492E1,1.274283922E1
2.878460952E1,-2.925284863E0,-3.306187630E0,1.024272442E1,1.115354525E1
2.878963504E1,-3.398016691E0,-3.081581593E0,8.654134750E0,9.794728726E0
2.879466056E1,-3.847051382E0,-2.843065739E0,7.153456211E0,8.605507707E0
2.879968608E1,-4.334597588E0,-2.562769890E0,5.866075516E0,7.730935759E0
2.880471161E1,-4.760318756E0,-2.279799461E0,4.797218323E0,7.132420619E0
2.880973713E1,-5.176906586E0,-2.166778088E0,3.903621197E0,6.836193936E0
2.881476265E1,-5.793967247E0,-2.333292007E0,3.252767801E0,7.042358016E0
2.881978817E1,-6.642913818E0,-2.763325691E0,2.807234287E0,7.723007006E0
2.882481369E1,-7.672861576E0,-3.444133759E0,2.529360056E0,8.782512420E0
2.882983921E1,-8.713035583E0,-4.338124275E0,2.544038773E0,1.006024078E1
2.883486473E1,-9.545374870E0,-5.263977528E0,2.731309175E0,1.123760164E1
2.883989025E1,-1.010573769E1,-6.184483051E0,2.971384048E0,1.221486340E1
2.884491577E1,-1.012496758E1,-7.144269943E0,3.202152729E0,1.279880243E1
2.884994129E1,-9.588486671E0,-8.184000015E0,3.447489738E0,1.306912845E1
2.885496681E1,-8.845996857E0,-9.153961182E0,3.615875244E0,1.323333743E1
2.885999234E1,-8.094240189E0,-9.900726318E0,3.749796867E0,1.332674313E1
2.886501786E1,-7.314700603E0,-1.034333134E1,3.978076935E0,1.327834493E1
2.887004338E1,-6.422108173E0,-1.045391655E1,4.376522064E0,1.302619630E1
2.887506890E1,-5.575412750E0,-1.021940994E1,5.139925480E0,1.272558057E1
2.888009442E1,-4.789890289E0,-9.756008148E0,6.103803158E0,1.246511761E1
2.888511994E1,-3.922994614E0,-9.237403870E0,7.051682949E0,1.226563286E1
2.889014546E1,-2.856198311E0,-8.827615738E0,7.787058353E0,1.211292476E1
2.889517098E1,-1.585674763E0,-8.594594955E0,8.401182175E0,1.212275913E1
2.890019650E1,-1.648321152E-1,-8.601255417E0,9.009587288E0,1.245718377E1
2.890522202E1,1.477487564E0,-8.781042099E0,9.655865669E0,1.313489291E1
2.891024754E1,3.446030617E0,-9.210567474E0,1.028732777E1,1.423161245E1
2.891527306E1,5.352758408E0,-9.832435608E0,1.077329445E1,1.553681711E1
2.892029858E1,7.011066437E0,-1.041703796E1,1.111098194E1,1.676674245E1
2.892532411E1,8.664944649E0,-1.097444725E1,1.113044930E1,1.787195176E1
2.893034963E1,1.035215664E1,-1.165885735E1,1.080336571E1,1.896862705E1
2.893537520E1,1.162242794E1,-1.238540363E1,1.016520214E1,1.979420089E1
2.894040077E1,1.257637310E1,-1.286302662E1,9.358133316E0,2.027799974E1
2.894542634E1,1.358672810E1,-1.284908867E1,8.663338661E0,2.060950501E1
2.895045192E1,1.504361343E1,-1.230843163E1,8.447767258E0,2.119369165E1
2.895547749E1,1.663209343E1,-1.143760967E1,9.266590118E0,2.221069876E1
2.896050306E1,1.780710220E1,-1.021943283E1,1.073248386E1,2.316712986E1
2.896552864E1,1.824428177E1,-8.895461082E0,1.178783894E1,2.347202999E1
2.897055421E1,1.788803864E1,-7.768779278E0,1.188144970E1,2.283647750E1
2.897557978E1,1.650268936E1,-6.953567028E0,1.098904896E1,2.101071269E1
2.898060536E1,1.380804348E1,-6.497486115E0,9.514664650E0,1.798355454E1
2.898563093E1,1.030707836E1,-6.452958107E0,7.794147015E0,1.444386584E1
2.899065650E1,6.915440559E0,-6.916813850E0,5.998205662E0,1.147362642E1
2.899568207E1,4.141202927E0,-7.779140949E0,4.396049023E0,9.848342124E0
2.900070765E1,1.916773796E0,-8.625125885E0,3.330770493E0,9.442502337E0
2.900573322E1,2.068309784E-1,-9.214128494E0,2.612522602E0,9.579572919E0
2.901075879E1,-1.058753014E0,-9.446208954E0,2.185432911E0,9.753355246E0
2.901578437E1,-2.089494705E0,-9.380439758E0,2.155873299E0,9.849184122E0
2.902080994E1,-2.899350166E0,-9.129714966E0,2.448249817E0,9.886953722E0
2.902583551E1,-3.483789921E0,-8.812577248E0,2.854312897E0,9.896737446E0
2.903086108E1,-3.939250946E0,-8.414651871E0,3.353171349E0,9.877642543E0
2.903588666E1,-4.405387402E0,-7.951142311E0,3.862067699E0,9.876419854E0
2.904091223E1,-4.801978588E0,-7.452453613E0,4.351606846E0,9.875957946E0
2.904593780E1,-5.010687828E0,-6.963431358E0,4.884331703E0,9.871831896E0
2.905096338E1,-4.947140694E0,-6.505769730E0,5.542906761E0,9.875376255E0
2.905598895E1,-4.823763371E0,-5.943872929E0,6.204882622E0,9.853876739E0
2.906101452E1,-4.579877377E0,-5.309587002E0,6.857215405E0,9.807568201E0
2.906604010E1,-4.279129982E0,-4.936223507E0,7.204214096E0,9.725119879E0
2.907106567E1,-4.118894577E0,-4.783485889E0,7.166083813E0,9.549857957E0
2.907609124E1,-4.228879929E0,-4.623785496E0,6.858763218E0,9.290072693E0
2.908111681E1,-4.613688946E0,-4.429453850E0,6.273069382E0,8.958659864E0
2.908614239E1,-5.248760223E0,-4.243470192E0,5.413936615E0,8.652585326E0
2.909116796E1,-6.075821877E0,-4.122207165E0,4.377400875E0,8.548089951E0
2.909619353E1,-7.003384590E0,-4.050137520E0,3.083541393E0,8.657900275E0
2.910121911E1,-7.949652195E0,-3.968271732E0,1.701891541E0,9.046578656E0
2.910624468E1,-8.876002312E0,-3.778902769E0,4.024845362E-1,9.655336192E0
2.911127025E1,-9.767887115E0,-3.480338812E0,-7.214586139E-1,1.039446389E1
2.911629582E1,-1.058679008E1,-3.147522926E0,-1.649473786E0,1.116726415E1
2.912132140E1,-1.141851807E1,-2.817236185E0,-2.362005234E0,1.199576772E1
2.912634697E1,-1.234376144E1,-2.468304396E0,-2.936073065E0,1.292600086E1
2.913137254E1,-1.323747826E1,-2.165821552E0,-3.391690731E0,1.383564887E1
2.913639812E1,-1.396040916E1,-1.912594557E0,-3.763820171E0,1.458483405E1
2.914142369E1,-1.444533825E1,-1.644708395E0,-4.068105221E0,1.509709717E1
2.914644926E1,-1.471612740E1,-1.318116069E0,-4.253595829E0,1.537513945E1
2.915147484E1,-1.479671097E1,-9.563169479E-1,-4.298471451E0,1.543807159E1
2.915650041E1,-1.469196129E1,-5.688096285E-1,-4.262485027E0,1.530836534E1
2.916152598E1,-1.441650295E1,-2.328220606E-1,-4.200405121E0,1.501776171E1
2.916655155E1,-1.395639229E1,3.633499146E-2,-4.070352077E0,1.453788059E1
2.917157713E1,-1.335519123E1,3.662668467E-1,-3.844727039E0,1.390241742E1
2.917660270E1,-1.269472790E1,7.597277164E-1,-3.529467583E0,1.319812275E1
2.918162827E1,-1.207589626E1,1.085467100E0,-3.201771259E0,1.254020927E1
2.918665385E1,-1.150857162E1,1.356053233E0,-2.881422520E0,1.194105091E1
2.919167942E1,-1.103606987E1,1.536507368E0,-2.583437920E0,1.143808745E1
2.919670499E1,-1.070160198E1,1.544574499E0,-2.151092529E0,1.102439089E1
2.920173056E1,-1.062000656E1,1.385057330E0,-1.567076683E0,1.082398506E1
2.920675614E1,-1.072896194E1,1.096986532E0,-1.067328691E0,1.083758250E1
2.921178171E1,-1.078443336E1,8.200498819E-1,-6.519049406E-1,1.083519565E1
2.921680728E1,-1.068128586E1,6.221567392E-1,-2.768886089E-1,1.070297220E1
2.922183286E1,-1.041495323E1,5.374333858E-1,1.397545338E-1,1.042974673E1
2.922685843E1,-1.003351593E1,6.045018435E-1,5.790846348E-1,1.006837640E1
2.923188400E1,-9.551586151E0,7.752572298E-1,8.882396221E-1,9.624073535E0
2.923690957E1,-8.959805489E0,1.063726425E0,1.029738903E0,9.081298944E0
2.924193515E1,-8.363647461E0,1.507538676E0,1.071029544E0,8.565650938E0
2.924696072E1,-7.715445995E0,1.952865601E0,9.884029627E-1,8.019895970E0
2.925198629E1,-6.982023239E0,2.322321177E0,7.290031314E-1,7.394137524E0
2.925701187E1,-6.163708687E0,2.615128040E0,2.689113021E-1,6.700933721E0
2.926203744E1,-5.217780113E0,2.792098284E0,-4.298888445E-1,5.933451488E0
2.926706301E1,-4.297619820E0,2.804663181E0,-1.237912297E0,5.279024392E0
2.927208859E1,-3.628108501E0,2.628761292E0,-1.820531607E0,4.836103034E0
2.927711416E1,-3.185085297E0,2.327353716E0,-2.135743141E0,4.485837985E0
2.928213973E1,-2.781565189E0,2.022062302E0,-2.055137157E0,4.006173934E0
2.928716525E1,-2.359653473E0,1.773459911E0,-1.521662593E0,3.320930836E0
2.929219077E1,-1.894822598E0,1.561112165E0,-7.358294725E-1,2.562980468E0
2.929721629E1,-1.166466713E0,1.411558509E0,1.269004345E-1,1.835550527E0
2.930224181E1,-1.552677155E-1,1.259201527E0,1.197194815E0,1.744411641E0
2.930726734E1,1.047867775E0,1.075513482E0,2.782083750E0,3.161446839E0
2.931229286E1,2.342511177E0,9.843356609E-1,4.920371056E0,5.537718540E0
2.931731838E1,3.671412468E0,1.027317047E0,7.479511261E0,8.395102056E0
2.932234390E1,4.929502487E0,1.293220043E0,1.026065063E1,1.145658607E1
2.932736942E1,6.135938644E0,1.617081165E0,1.284380341E1,1.432578027E1
2.933239494E1,7.299980164E0,1.867459297E0,1.480301476E1,1.661042927E1
2.933742046E1,8.416202545E0,1.998745084E0,1.588381958E1,1.808654670E1
2.934244598E1,9.297198296E0,2.060923815E0,1.603664970E1,1.865099024E1
2.934747150E1,9.750767708E0,2.218533993E0,1.539297295E1,1.835600665E1
2.935249702E1,9.742927551E0,2.272883654E0,1.404223251E1,1.724166266E1
2.935752254E1,9.082297325E0,2.338001251E0,1.242324257E1,1.556571009E1
2.936254806E1,8.142616272E0,2.319110870E0,1.042512417E1,1.342995491E1
2.936757359E1,7.283245087E0,2.165724516E0,8.110059738E0,1.111346438E1
2.937259911E1,6.762851715E0,1.994893551E0,5.607769012E0,9.009041952E0
2.937762463E1,6.509624481E0,1.908361793E0,3.210310459E0,7.504875006E0
2.938265015E1,6.427717209E0,1.973299623E0,1.132881761E0,6.818568838E0
2.938767567E1,6.344830513E0,2.141403675E0,-3.800989389E-1,6.707231854E0
2.939270119E1,6.179841995E0,2.263677835E0,-1.274168372E0,6.703595264E0
2.939772671E1,5.933259010E0,2.315833092E0,-1.397200108E0,6.520645178E0
2.940275223E1,5.572298050E0,2.336386204E0,-7.637319565E-1,6.090360626E0
2.940777775E1,5.126377106E0,2.321225405E0,2.140923738E-1,5.631488716E0
2.941280327E1,4.610353470E0,2.242208004E0,1.171278000E0,5.258778185E0
2.941782879E1,4.120268822E0,2.090335608E0,2.105458021E0,5.077309484E0
2.942285431E1,3.766173363E0,1.875492811E0,2.945138931E0,5.135696487E0
2.942787984E1,3.509495735E0,1.616698503E0,3.717472076E0,5.361890805E0
2.943290536E1,3.340257645E0,1.346887112E0,4.420161724E0,5.701688846E0
2.943793088E1,3.133689880E0,1.065764308E0,5.198181152E0,6.162544371E0
2.944295640E1,2.832025528E0,8.017756939E-1,5.894407272E0,6.588417864E0
2.944798192E1,2.463744164E0,5.837037563E-1,6.500662804E0,6.976343044E0
2.945300744E1,1.990373611E0,4.021608829E-1,6.971138477E0,7.260860291E0
2.945803296E1,1.555293083E0,2.767429352E-1,7.380028725E0,7.547207908E0
2.946305848E1,1.167669296E0,2.603080273E-1,7.700859547E0,7.793231012E0
2.946808400E1,7.982921600E-1,2.762181759E-1,7.783059120E0,7.828765939E0
2.947310952E1,4.897165298E-1,2.573635578E-1,7.605677605E0,7.625771443E0
2.947813510E1,1.744794846E-1,1.841194630E-1,7.215771675E0,7.220228801E0
2.948316067E1,-1.954298019E-1,1.306366920E-2,6.537160397E0,6.540093999E0
2.948818624E1,-5.672206879E-1,-1.123795509E-1,5.652743816E0,5.682242614E0
2.949321181E1,-9.740314484E-1,-3.432679176E-2,4.698599339E0,4.798619732E0
2.949823739E1,-1.420375347E0,1.941030025E-1,3.815351963E0,4.075788599E0
2.950326296E1,-1.815201283E0,3.955166340E-1,2.975404739E0,3.507766022E0
2.950828853E1,-2.077243805E0,4.500162601E-1,2.107669115E0,2.993280067E0
2.951331411E1,-2.278507233E0,3.809347153E-1,1.236668110E0,2.620315722E0
2.951833968E1,-2.366480350E0,2.020335197E-1,2.583342195E-1,2.389096767E0
2.952336525E1,-2.432102680E0,-4.886436462E-2,-7.923010588E-1,2.558369039E0
2.952839082E1,-2.743134975E0,-1.808674335E-1,-1.789395809E0,3.280158515E0
2.953341640E1,-3.299142838E0,-1.511089802E-1,-2.617539883E0,4.214106361E0
2.953844197E1,-3.946554184E0,-1.456706524E-1,-3.200538158E0,5.083301523E0
2.954346754E1,-4.646618366E0,-3.117542267E-1,-3.462010622E0,5.802910519E0
2.954849312E1,-5.355815411E0,-5.714948177E-1,-3.454573393E0,6.398862584E0
2.955351869E1,-5.992324829E0,-8.707041740E-1,-3.283143044E0,6.888041148E0
2.955854426E1,-6.507927418E0,-1.184000731E0,-3.023560524E0,7.273025178E0
2.956356984E1,-6.864151955E0,-1.529243946E0,-2.684982300E0,7.527569266E0
2.956859541E1,-7.180531502E0,-1.991348743E0,-2.286939621E0,7.794587564E0
2.957362098E1,-7.624451160E0,-2.473773479E0,-1.749135017E0,8.204345436E0
2.957864655E1,-7.980495453E0,-2.846812010E0,-1.139164925E0,8.549289036E0
2.958367213E1,-8.110024452E0,-3.139125109E0,-4.181244969E-1,8.706401734E0
2.958869770E1,-8.089824677E0,-3.384299278E0,4.241281152E-1,8.779443579E0
2.959372327E1,-8.001356125E0,-3.677837133E0,1.292083263E0,8.900430606E0
2.959874885E1,-7.921206474E0,-3.981198311E0,2.056622744E0,9.100832331E0
2.960377442E1,-7.878101349E0,-4.184328079E0,2.684211731E0,9.315475026E0
2.960879999E1,-7.800351143E0,-4.225438118E0,3.136737347E0,9.409512550E0
2.961382556E1,-7.487313747E0,-4.172549725E0,3.348106384E0,9.202165762E0
2.961885114E1,-6.972949028E0,-4.141520500E0,3.247614861E0,8.736201262E0
2.962387671E1,-6.439524174E0,-4.138486385E0,2.951137304E0,8.203886429E0
2.962890228E1,-6.073856354E0,-4.207764626E0,2.569375515E0,7.822960098E0
2.963392786E1,-5.947550774E0,-4.340174675E0,2.169702291E0,7.675811647E0
2.963895343E1,-5.969325066E0,-4.559096336E0,1.837984920E0,7.732812535E0
2.964397900E1,-6.086157799E0,-4.844249249E0,1.611750126E0,7.943916289E0
2.964900457E1,-6.311999321E0,-5.189328194E0,1.379699469E0,8.286979737E0
2.965403015E1,-6.598506451E0,-5.506474495E0,1.031176090E0,8.655915484E0
2.965905572E1,-7.021637917E0,-5.794068336E0,6.050472260E-1,9.123634641E0
2.966408129E1,-7.504166126E0,-6.007444382E0,3.508029580E-1,9.618989550E0
2.966910687E1,-7.902134895E0,-6.145312309E0,3.779788017E-1,1.001755795E1
2.967413244E1,-8.172365189E0,-6.096887589E0,5.561299920E-1,1.021121303E1
2.967915801E1,-8.382101059E0,-5.724108696E0,7.927429676E-1,1.018103531E1
2.968418359E1,-8.660845757E0,-5.219951153E0,7.281239033E-1,1.013845667E1
2.968920916E1,-9.075823784E0,-4.710518837E0,2.043885589E-1,1.022747964E1
2.969423473E1,-9.770656586E0,-4.135273933E0,-8.399181366E-1,1.064291704E1
2.969926030E1,-1.078337574E1,-3.576708317E0,-2.173897266E0,1.156718912E1
2.970428588E1,-1.181667137E1,-3.330790997E0,-3.681371689E0,1.281719113E1
2.970931145E1,-1.255378151E1,-3.815804005E0,-5.202415466E0,1.411463485E1
2.971433702E1,-1.294087029E1,-5.089517593E0,-6.195109367E0,1.522329442E1
2.971936260E1,-1.277548981E1,-6.797450066E0,-6.702348709E0,1.594803892E1
2.972438817E1,-1.181697655E1,-8.595461845E0,-6.953541756E0,1.618254127E1
2.972941374E1,-1.000706291E1,-1.022280979E1,-6.700566769E0,1.579698526E1
2.973443931E1,-7.302544594E0,-1.140659237E1,-5.907529831E0,1.477621114E1
2.973946489E1,-3.957488537E0,-1.213415909E1,-4.649568558E0,1.358374102E1
2.974449046E1,2.243995667E-2,-1.259964752E1,-3.188628435E0,1.299688319E1
2.974951603E1,4.783552170E0,-1.290297127E1,-1.590608835E0,1.385276418E1
2.975454161E1,9.964056969E0,-1.296779346E1,-7.946872711E-2,1.635397242E1
2.975956718E1,1.493361187E1,-1.253170204E1,1.196432114E0,1.953171189E1
2.976459275E1,1.922927475E1,-1.137078285E1,2.017111301E0,2.243052492E1
2.976961832E1,2.267083359E1,-9.399842262E0,2.475903988E0,2.466685693E1
2.977464390E1,2.525537491E1,-6.743839264E0,2.815904140E0,2.629149379E1
2.977966947E1,2.698532867E1,-3.713674068E0,3.038339853E0,2.740859077E1
2.978469504E1,2.792619705E1,-6.716694832E-1,3.256573200E0,2.812345801E1
2.978972062E1,2.830707550E1,1.863538504E0,3.446675777E0,2.857696403E1
2.979474619E1,2.833841515E1,3.647456169E0,3.551636696E0,2.879207934E1
2.979977176E1,2.805871773E1,4.742826462E0,3.604552031E0,2.868412172E1
2.980479734E1,2.747336388E1,5.346842289E0,3.489516258E0,2.820551664E1
2.980982291E1,2.659720802E1,5.632488728E0,3.276415348E0,2.738377807E1
2.981484848E1,2.539719009E1,5.710211754E0,3.158855915E0,2.622216913E1
2.981987400E1,2.386913109E1,5.489602566E0,3.200432777E0,2.470048431E1
2.982489952E1,2.207130241E1,4.928561211E0,3.516289711E0,2.288662053E1
2.982992504E1,2.000527573E1,4.048198223E0,3.957481384E0,2.079087840E1
2.983495056E1,1.764928246E1,2.923045158E0,4.455570698E0,1.843620011E1
2.983997609E1,1.511165619E1,1.690997601E0,4.812896252E0,1.594947008E1
2.984500161E1,1.257738972E1,5.141406059E-1,4.990054131E0,1.354089040E1
2.985002713E1,1.013526630E1,-4.792985916E-1,5.047931671E0,1.133291509E1
2.985505265E1,7.921429634E0,-1.261983871E0,4.860907078E0,9.379236022E0
2.986007817E1,5.922986984E0,-1.692553043E0,4.557210922E0,7.662550620E0
2.986510369E1,4.112211227E0,-1.726186752E0,4.212718487E0,6.134900075E0
2.987012921E1,2.585392952E0,-1.443032265E0,3.798466921E0,4.816113556E0
2.987515473E1,1.385650635E0,-9.144010544E-1,3.305464745E0,3.698953115E0
2.988018025E1,5.940122604E-1,-2.216258049E-1,2.739494324E0,2.811902863E0
2.988520577E1,2.047510147E-1,5.196542740E-1,2.111100912E0,2.183737760E0
2.989023129E1,2.981472015E-2,1.173969269E0,1.501608253E0,1.906284372E0
2.989525681E1,-2.048244476E-1,1.730189800E0,9.053855538E-1,1.963474675E0
2.990028234E1,-5.907077789E-1,2.254185677E0,1.692806482E-1,2.336438461E0
2.990530786E1,-1.113645554E0,2.802685499E0,-6.771232486E-1,3.090913833E0
2.991033338E1,-1.658770084E0,3.365810633E0,-1.536964893E0,4.054930393E0
2.991535890E1,-2.144923210E0,3.885708570E0,-2.404038906E0,5.047655865E0
2.992038442E1,-2.558035851E0,4.309335709E0,-3.209693909E0,5.951139105E0
2.992540994E1,-2.917492390E0,4.684263229E0,-3.952272654E0,6.787823140E0
2.993043546E1,-3.304911613E0,5.053111076E0,-4.596750259E0,7.588575971E0
2.993546098E1,-3.668008327E0,5.377016544E0,-5.118187428E0,8.280243629E0
2.994048650E1,-4.050069332E0,5.574382305E0,-5.434614182E0,8.775638494E0
2.994551202E1,-4.551379204E0,5.655188560E0,-5.588914871E0,9.161450745E0
2.995053754E1,-5.190658569E0,5.658318043E0,-5.676547527E0,9.548962838E0
2.995556306E1,-5.895573139E0,5.641979218E0,-5.692211151E0,9.949421085E0
2.996058859E1,-6.603394508E0,5.626205921E0,-5.502362728E0,1.027302330E1
2.996561411E1,-7.222817421E0,5.611908436E0,-5.065591335E0,1.045575551E1
2.997063963E1,-7.677151203E0,5.523241043E0,-4.422234058E0,1.044035422E1
2.997566515E1,-8.043002129E0,5.408590317E0,-3.493590593E0,1.030281067E1
2.998069067E1,-8.368292809E0,5.349656105E0,-2.397410631E0,1.021737357E1
2.998571619E1,-8.648517609E0,5.408588409E0,-1.141753435E0,1.026417490E1
2.999074171E1,-8.874467850E0,5.585165501E0,2.653944492E-2,1.048575022E1
2.999576723E1,-9.032275200E0,5.864536285E0,1.071999073E0,1.082238251E1
3.000079275E1,-9.175004959E0,6.174485207E0,1.916559100E0,1.122400028E1
3.000581827E1,-9.269636154E0,6.461727619E0,2.526038408E0,1.157846917E1
3.001084384E1,-9.402566910E0,6.768888474E0,2.857307911E0,1.193274169E1
3.001586942E1,-9.564438820E0,7.104904175E0,2.910953045E0,1.226506424E1
3.002089499E1,-9.760248184E0,7.435546875E0,2.773972988E0,1.257953608E1
3.002592056E1,-9.951771736E0,7.717277527E0,2.447762012E0,1.282909475E1
3.003094614E1,-1.009597492E1,7.935413361E0,1.938845158E0,1.298686318E1
3.003597171E1,-1.022645760E1,8.122972488E0,1.368888497E0,1.313152591E1
3.004099728E1,-1.036717892E1,8.279539108E0,6.206763983E-1,1.328210848E1
3.004602286E1,-1.055166054E1,8.462144852E0,-6.448912621E-2,1.352588609E1
3.005104843E1,-1.069379044E1,8.641815186E0,-8.186703324E-1,1.377346524E1
3.005607400E1,-1.083672523E1,8.827857971E0,-1.544127226E0,1.406236179E1
3.006109957E1,-1.098060131E1,8.976900101E0,-2.086378574E0,1.433566588E1
3.006612515E1,-1.110156918E1,9.007528305E0,-2.477847815E0,1.450931198E1
3.007115072E1,-1.132389355E1,9.010990143E0,-2.617622375E0,1.470647665E1
3.007617629E1,-1.161873436E1,8.996950150E0,-2.530045509E0,1.491111097E1
3.008120187E1,-1.189977455E1,8.937034607E0,-2.373612165E0,1.507014455E1
3.008622744E1,-1.214758205E1,8.851096153E0,-2.096332550E0,1.517564704E1
3.009125301E1,-1.242888546E1,8.720617294E0,-1.718351364E0,1.528002262E1
3.009627858E1,-1.268124771E1,8.555700302E0,-1.245436788E0,1.534813226E1
3.010130416E1,-1.288532066E1,8.385660172E0,-7.265608311E-1,1.539086339E1
3.010632973E1,-1.307927322E1,8.220462799E0,-2.729172409E-1,1.545049774E1
3.011135530E1,-1.321528816E1,8.088855743E0,7.146160305E-2,1.549446789E1
3.011638088E1,-1.332692146E1,7.947809219E0,3.725768626E-1,1.552138269E1
3.012140645E1,-1.344294548E1,7.754251480E0,5.435844660E-1,1.552857634E1
3.012643202E1,-1.359204674E1,7.527472496E0,6.793409586E-1,1.555210857E1
3.013145760E1,-1.373590088E1,7.310696125E0,7.553420067E-1,1.557856837E1
3.013648317E1,-1.382666016E1,7.051481247E0,7.709578276E-1,1.554008671E1
3.014150874E1,-1.402210808E1,6.721593857E0,7.060869932E-1,1.556592104E1
3.014653431E1,-1.433155251E1,6.374268532E0,6.166169643E-1,1.569728999E1
3.015155989E1,-1.458740807E1,5.933396816E0,3.907022774E-1,1.575278769E1
3.015658546E1,-1.470361519E1,5.361083984E0,3.184288740E-3,1.565048022E1
3.016161103E1,-1.480456352E1,4.700839043E0,-6.461687088E-1,1.554639903E1
3.016663661E1,-1.498088932E1,3.977196932E0,-1.321882606E0,1.555610857E1
3.017166218E1,-1.517465019E1,3.215222359E0,-1.774062157E0,1.561265384E1
3.017668775E1,-1.549513245E1,2.321116447E0,-1.944752097E0,1.578824790E1
3.018171332E1,-1.589821911E1,1.283193469E0,-1.991258502E0,1.607373842E1
3.018673890E1,-1.614851570E1,3.726840019E-2,-2.083945036E0,1.628246834E1
3.019176447E1,-1.608259392E1,-1.394465923E0,-2.353745461E0,1.631362866E1
3.019679004E1,-1.549916267E1,-2.880430698E0,-2.944975853E0,1.603726309E1
3.020181562E1,-1.399194813E1,-4.448238850E0,-4.000488758E0,1.521727149E1
3.020684119E1,-1.138510513E1,-6.380058765E0,-5.523533344E0,1.417163326E1
3.021186676E1,-7.766205311E0,-9.130589485E0,-7.402942657E0,1.408847647E1
3.021689234E1,-3.724725246E0,-1.258505535E1,-9.141728401E0,1.599463643E1
3.022191791E1,2.200317383E-2,-1.629350662E1,-1.026895618E1,1.925955096E1
3.022694348E1,3.079024315E0,-1.977629662E1,-1.020136738E1,2.246442065E1
3.023196905E1,5.684301376E0,-2.275852585E1,-9.175468445E0,2.518831082E1
3.023699463E1,8.612240791E0,-2.532812881E1,-7.770783424E0,2.785803072E1
3.024202020E1,1.212036133E1,-2.757366943E1,-6.048615456E0,3.072126550E1
3.024704577E1,1.603064346E1,-2.925067902E1,-4.076991558E0,3.360365476E1
3.025207134E1,2.008780289E1,-2.997906876E1,-1.711580276E0,3.612746733E1
3.025709692E1,2.399162102E1,-2.947302246E1,1.110562682E0,3.801960391E1
3.026212249E1,2.776449394E1,-2.783649826E1,4.008765697E0,3.951971611E1
3.026714806E1,3.142507935E1,-2.518468285E1,6.630840302E0,4.081386903E1
3.027217364E1,3.473946762E1,-2.146177292E1,8.363563538E0,4.168198055E1
3.027719921E1,3.747129822E1,-1.660781097E1,8.886496544E0,4.193909151E1
3.028222478E1,3.934880447E1,-1.083610153E1,8.277109146E0,4.164444796E1
3.028725036E1,3.956933212E1,-4.708007812E0,7.037815094E0,4.046514826E1
3.029227593E1,3.778254700E1,1.017207146E0,5.892072201E0,3.825273955E1
3.029730150E1,3.428365707E1,5.499354362E0,5.579526901E0,3.516735932E1
3.030232707E1,2.970849991E1,7.914498329E0,6.451579094E0,3.141428216E1
3.030735265E1,2.508978462E1,8.099253654E0,8.257526398E0,2.762755770E1
3.031237822E1,2.100265503E1,6.718812466E0,1.018722725E1,2.429060638E1
3.031740379E1,1.720986938E1,4.901009560E0,1.180620766E1,2.143795788E1
3.032242937E1,1.317865372E1,3.408301592E0,1.258168793E1,1.853624300E1
3.032745494E1,8.913036346E0,2.485651970E0,1.247060108E1,1.552857282E1
3.033248051E1,4.852200985E0,2.013858318E0,1.142726326E1,1.257703563E1
3.033750608E1,1.553766727E0,1.739227772E0,9.494918823E0,9.777146196E0
3.034253166E1,-7.521185875E-1,1.507527828E0,7.043898582E0,7.242570660E0
3.034755718E1,-2.430844784E0,1.287360191E0,4.334712505E0,5.133812923E0
3.035258270E1,-3.600128174E0,9.653286934E-1,1.335788608E0,3.959433490E0
3.035760822E1,-4.704113960E0,7.048110962E-1,-1.673595428E0,5.042456593E0
3.036263374E1,-6.439791203E0,7.897787094E-1,-3.683969259E0,7.460984563E0
3.036765926E1,-7.442050934E0,6.008682251E-1,-5.399404049E0,9.214050619E0
3.037268478E1,-7.769120216E0,5.131072998E-1,-7.090405941E0,1.053073428E1
3.037771030E1,-7.930125237E0,7.514657974E-1,-8.423078537E0,1.159309446E1
3.038273582E1,-7.769887924E0,1.023040771E0,-9.385670662E0,1.222737030E1
3.038776134E1,-7.009604454E0,1.106161118E0,-1.000787354E1,1.226848319E1
3.039278687E1,-5.762488365E0,9.851889610E-1,-1.017871761E1,1.173810725E1
3.039781239E1,-4.275173664E0,6.441731453E-1,-9.985095978E0,1.088091037E1
3.040283791E1,-2.501489162E0,-1.906976700E-1,-9.873251915E0,1.018699745E1
3.040786343E1,-1.078538895E-1,-1.754496098E0,-1.018769360E1,1.033822953E1
3.041288895E1,2.937978745E0,-4.334671974E0,-1.094605732E1,1.213413660E1
3.041791447E1,5.875116348E0,-7.663029671E0,-1.148159885E1,1.500220411E1
3.042293999E1,7.820660591E0,-1.131704521E1,-1.082760429E1,1.750643479E1
3.042796551E1,8.577297211E0,-1.459121227E1,-9.116183281E0,1.922441938E1
3.043299103E1,8.272706032E0,-1.662709236E1,-6.650381565E0,1.972626271E1
3.043801655E1,7.698186874E0,-1.722728348E1,-4.385765553E0,1.937204988E1
3.044304207E1,7.389640808E0,-1.667393684E1,-2.849890232E0,1.845938340E1
3.044806760E1,7.269682884E0,-1.552751541E1,-2.095469236E0,1.727260882E1
3.045309312E1,7.079352379E0,-1.427666378E1,-1.899623752E0,1.604833104E1
3.045811864E1,7.014485359E0,-1.315138149E1,-1.785944700E0,1.501171005E1
3.046314416E1,7.428214073E0,-1.227188492E1,-1.442561030E0,1.441729885E1
3.046816968E1,8.443174362E0,-1.172042561E1,-7.802848816E-1,1.446597436E1
3.047319520E1,9.937209129E0,-1.138392830E1,1.115608215E-2,1.511099180E1
3.047822072E1,1.158234501E1,-1.092056274E1,7.621997595E-1,1.593707486E1
3.048324624E1,1.298872089E1,-1.010408497E1,1.538650393E0,1.652775994E1
3.048827176E1,1.402990532E1,-9.033855438E0,2.143029928E0,1.682383323E1
3.049329728E1,1.473283482E1,-7.880846977E0,2.498408556E0,1.689396981E1
3.049832280E1,1.510094547E1,-6.848877907E0,2.609738827E0,1.678560155E1
3.050334832E1,1.502801418E1,-6.002627850E0,2.491925240E0,1.637322335E1
3.050837384E1,1.440888977E1,-5.429718494E0,2.247292995E0,1.556111414E1
3.051339937E1,1.328287888E1,-5.034966946E0,2.050543785E0,1.435236891E1
3.051842489E1,1.160385704E1,-4.765457153E0,1.832867146E0,1.267747933E1
3.052345041E1,9.537000656E0,-4.643572330E0,1.473510504E0,1.070926602E1
3.052847593E1,7.329029083E0,-4.614231110E0,1.058117867E0,8.724987648E0
3.053350145E1,5.063649178E0,-4.622241497E0,6.202147007E-1,6.884063170E0
3.053852697E1,2.853075981E0,-4.578502178E0,3.267062902E-1,5.404577851E0
3.054355254E1,5.840234756E-1,-4.246144772E0,2.619226277E-1,4.294116010E0
3.054857812E1,-1.560380936E0,-3.680239201E0,3.845863044E-1,4.015825676E0
3.055360369E1,-3.340320110E0,-2.998484612E0,4.803828895E-1,4.514356668E0
3.055862926E1,-4.751170158E0,-2.257137775E0,6.115169525E-1,5.295492592E0
3.056365484E1,-5.903320312E0,-1.503263950E0,7.391764522E-1,6.136397562E0
3.056868041E1,-6.816282272E0,-7.793803215E-1,8.672035933E-1,6.915285950E0
3.057370598E1,-7.543015480E0,-1.519289017E-1,1.008763909E0,7.611686380E0
3.057873155E1,-8.165027618E0,3.702406883E-1,1.171903372E0,8.257003796E0
3.058375713E1,-8.711167336E0,8.020615578E-1,1.263849616E0,8.838837873E0
3.058878270E1,-9.186282158E0,1.163305283E0,1.172720194E0,9.333613005E0
3.059380827E1,-9.647812843E0,1.521514416E0,9.687007666E-1,9.814972234E0
3.059883384E1,-1.010525036E1,1.896394253E0,6.743288040E-1,1.030374278E1
3.060385942E1,-1.050587368E1,2.283744097E0,2.788538933E-1,1.075484209E1
3.060888499E1,-1.085926533E1,2.664804459E0,-1.041064262E-1,1.118193473E1
3.061391056E1,-1.108406639E1,3.020924330E0,-5.235397220E-1,1.150028719E1
3.061893614E1,-1.110386276E1,3.371479988E0,-9.991891384E-1,1.164736127E1
3.062396171E1,-1.094298840E1,3.783008814E0,-1.488014460E0,1.167366000E1
3.062898728E1,-1.071201229E1,4.264058590E0,-1.932350397E0,1.169031142E1
3.063401286E1,-1.045933342E1,4.803676128E0,-2.274576902E0,1.173229134E1
3.063903843E1,-1.025241566E1,5.323947430E0,-2.432786465E0,1.180571442E1
3.064406400E1,-1.006768036E1,5.866843224E0,-2.444598198E0,1.190605298E1
3.064908957E1,-9.910221100E0,6.383576393E0,-2.352319241E0,1.202064622E1
3.065411515E1,-9.775573730E0,6.820648193E0,-2.226640701E0,1.212604686E1
3.065914072E1,-9.659261703E0,7.220373154E0,-2.070915937E0,1.223616843E1
3.066416629E1,-9.494788170E0,7.576956272E0,-1.869931698E0,1.229056196E1
3.066919187E1,-9.287480354E0,7.865526199E0,-1.689990520E0,1.228738628E1
3.067421744E1,-9.052206993E0,8.080470085E0,-1.415840507E0,1.221642552E1
3.067924301E1,-8.842067719E0,8.192317963E0,-1.061825752E0,1.210056648E1
3.068426858E1,-8.724317551E0,8.176704407E0,-6.281273961E-1,1.197358575E1
3.068929416E1,-8.761071205E0,8.105502129E0,-9.207633883E-2,1.193582890E1
3.069431973E1,-8.904295921E0,8.026715279E0,4.160892069E-1,1.199532302E1
3.069934530E1,-9.043859482E0,7.921282768E0,8.001434803E-1,1.204899766E1
3.070437088E1,-9.146127701E0,7.765709400E0,1.117060781E0,1.205013358E1
3.070939645E1,-9.230150223E0,7.565122604E0,1.394960284E0,1.201551777E1
3.071442202E1,-9.290991783E0,7.367771626E0,1.647557735E0,1.197167630E1
3.071944760E1,-9.314171791E0,7.140493393E0,1.740069628E0,1.186458109E1
3.072447317E1,-9.414443016E0,6.888236523E0,1.657516837E0,1.178248284E1
3.072949874E1,-9.558177948E0,6.673285484E0,1.404559016E0,1.174156254E1
3.073452431E1,-9.639966965E0,6.500642776E0,1.077409625E0,1.167682025E1
3.073954989E1,-9.669294357E0,6.399265766E0,7.392342091E-1,1.161861967E1
3.074457546E1,-9.756087303E0,6.335860252E0,4.817403555E-1,1.164287071E1
3.074960103E1,-9.866670609E0,6.296301365E0,2.768183053E-1,1.170774223E1
3.075462661E1,-9.957868576E0,6.323827267E0,6.749002635E-2,1.179637626E1
3.075965218E1,-1.001039124E1,6.428291798E0,-2.320477068E-1,1.189893753E1
3.076467775E1,-1.005280304E1,6.533420563E0,-6.552854776E-1,1.200724083E1
3.076970332E1,-1.002745819E1,6.587091446E0,-1.087770224E0,1.204669812E1
3.077472890E1,-9.953402519E0,6.522679329E0,-1.448795438E0,1.198810142E1
3.077975447E1,-9.849787712E0,6.354707241E0,-1.676477194E0,1.184108094E1
3.078478004E1,-9.821684837E0,6.064414501E0,-1.762131453E0,1.167680280E1
3.078980562E1,-9.993042946E0,5.824520111E0,-1.850633621E0,1.171370081E1
3.079483119E1,-1.026769066E1,5.840985298E0,-1.975807667E0,1.197691098E1
3.079985676E1,-1.054953766E1,6.018387318E0,-2.074521780E0,1.232141921E1
3.080488234E1,-1.081914902E1,6.194509506E0,-2.245643139E0,1.266762987E1
3.080990791E1,-1.090911198E1,6.359973431E0,-2.453648806E0,1.286383996E1
3.081493348E1,-1.070024681E1,6.442874908E0,-2.649005413E0,1.276805187E1
3.081995905E1,-1.040834904E1,6.442977905E0,-2.749543428E0,1.254614216E1
3.082498463E1,-1.001000118E1,6.354902267E0,-2.912819386E0,1.220939897E1
3.083001020E1,-9.448398590E0,6.149275780E0,-3.133659840E0,1.170066889E1
3.083503577E1,-8.838911057E0,5.763381004E0,-3.411982775E0,1.108983930E1
3.084006135E1,-8.301367760E0,5.259249210E0,-3.575540066E0,1.045738474E1
3.084508692E1,-7.912019730E0,4.622838020E0,-3.544088125E0,9.825031715E0
3.085011249E1,-7.502958775E0,3.720746040E0,-3.591819763E0,9.112601751E0
3.085513806E1,-7.136052132E0,2.558622360E0,-3.938039780E0,8.542713018E0
3.086016364E1,-6.719919682E0,1.242933512E0,-4.302603245E0,8.075555642E0
3.086518916E1,-5.603781700E0,-5.648751259E-1,-4.931624413E0,7.486145376E0
3.087021468E1,-3.396481991E0,-3.251706123E0,-6.046661854E0,7.659752098E0
3.087524020E1,-5.253672600E-1,-7.065733910E0,-7.534066200E0,1.034228021E1
3.088026572E1,2.134125233E0,-1.172282314E1,-8.888452530E0,1.486551921E1
3.088529124E1,4.192424774E0,-1.653534508E1,-9.887728691E0,1.971702921E1
3.089031676E1,5.735403061E0,-2.089636612E1,-1.030071926E1,2.399286941E1
3.089534228E1,7.318349361E0,-2.430465126E1,-1.034982681E1,2.741155277E1
3.090036780E1,9.357366562E0,-2.640413094E1,-1.012707996E1,2.978751732E1
3.090539332E1,1.173621941E1,-2.694716263E1,-9.281646729E0,3.082267648E1
3.091041885E1,1.423673725E1,-2.605280876E1,-7.693038464E0,3.066946972E1
3.091544437E1,1.685376930E1,-2.418198967E1,-5.733456135E0,3.002816483E1
3.092046989E1,1.977044296E1,-2.207423782E1,-3.929318666E0,2.989284088E1
3.092549541E1,2.276494217E1,-1.992873192E1,-1.787105441E0,3.030826115E1
3.093052093E1,2.548401451E1,-1.749927902E1,1.457355499E0,3.094807986E1
3.093554645E1,2.750058937E1,-1.446708870E1,5.646184921E0,3.158256600E1
3.094057197E1,2.840206528E1,-1.086500454E1,9.812380791E0,3.195322288E1
3.094559749E1,2.832772636E1,-7.063093662E0,1.294927597E1,3.193792606E1
3.095062301E1,2.764847374E1,-3.564085007E0,1.445759678E1,3.140323083E1
3.095564853E1,2.634595108E1,-9.037280083E-1,1.410853004E1,2.989943950E1
3.096067405E1,2.442975807E1,6.501841545E-1,1.186282730E1,2.716546503E1
3.096569957E1,2.194663811E1,1.093252182E0,8.461647034E0,2.354675339E1
3.097072510E1,1.896457863E1,7.708630562E-1,4.909862995E0,1.960500515E1
3.097575062E1,1.569701385E1,1.385688782E-3,1.578203917E0,1.577615205E1
3.098077614E1,1.227663422E1,-7.327537537E-1,-1.137407422E0,1.235096642E1
3.098580166E1,8.816821098E0,-1.029843807E0,-3.259750366E0,9.456367431E0
3.099082718E1,5.425225735E0,-8.373756409E-1,-5.095085621E0,7.489604110E0
3.099585270E1,2.236711502E0,-2.466492653E-1,-6.811071396E0,7.173172782E0
3.100087822E1,-3.861036301E-1,4.495449066E-1,-8.298326492E0,8.319458469E0
3.100590374E1,-2.169008255E0,9.814186096E-1,-9.386196136E0,9.683411445E0
3.101092926E1,-3.246223211E0,1.240825176E0,-9.939208984E0,1.052926814E1
3.101595478E1,-3.829597712E0,1.352786541E0,-9.852071762E0,1.065641441E1
3.102098030E1,-4.183875084E0,1.498772621E0,-9.159138680E0,1.018042000E1
3.102600582E1,-4.559204102E0,1.826210022E0,-8.053262711E0,9.432731596E0
3.103103135E1,-5.028007507E0,2.315154076E0,-6.803565502E0,8.770935037E0
3.103605687E1,-5.475604057E0,2.912526369E0,-5.482858658E0,8.278090885E0
3.104108239E1,-5.662802219E0,3.383801222E0,-4.197848320E0,7.819166848E0
3.104610791E1,-5.379714489E0,3.585268497E0,-2.988943577E0,7.122447745E0
3.105113343E1,-4.684800625E0,3.540523052E0,-1.806124449E0,6.143675276E0
3.105615895E1,-3.665680885E0,3.377968073E0,-4.474135637E-1,5.004804047E0
3.106118452E1,-2.568373680E0,3.263722658E0,1.211297631E0,4.326161220E0
3.106621010E1,-1.782567024E0,3.301607370E0,3.129668236E0,4.885998331E0
3.107123567E1,-1.396060944E0,3.476421833E0,4.874694824E0,6.147938236E0
3.107626124E1,-1.046586514E0,3.563009262E0,6.115996838E0,7.155123734E0
3.108128681E1,-6.010966301E-1,3.308098793E0,6.751471519E0,7.542360536E0
3.108631239E1,-2.033224106E-1,2.712429762E0,6.877536774E0,7.395885835E0
3.109133796E1,1.234846115E-1,1.949236870E0,6.654125214E0,6.934850769E0
3.109636353E1,6.722240448E-1,9.576063156E-1,6.088039398E0,6.199445035E0
3.110138911E1,2.027110577E0,-5.245223045E-1,4.976487160E0,5.399048563E0
3.110641468E1,4.312621117E0,-2.654331684E0,3.306035280E0,6.047648044E0
3.111144025E1,6.725029945E0,-5.274081230E0,1.543481946E0,8.684716294E0
3.111646582E1,8.552600861E0,-8.010304451E0,5.163353682E-1,1.172938878E1
3.112149140E1,9.606485367E0,-1.032541656E1,4.493205547E-1,1.411030394E1
3.112651697E1,9.946907043E0,-1.162877083E1,1.171755195E0,1.534738678E1
3.113154254E1,9.748464584E0,-1.164128876E1,2.191554546E0,1.534128668E1
3.113656812E1,9.309442520E0,-1.036725998E1,2.898930073E0,1.423199196E1
3.114159369E1,9.046106339E0,-8.181505203E0,3.079391241E0,1.257981390E1
3.114661926E1,9.382328033E0,-6.067984104E0,2.792526960E0,1.151723566E1
3.115164484E1,1.040091896E1,-4.503905773E0,2.208245039E0,1.154732127E1
3.115667041E1,1.173899937E1,-3.693729401E0,1.695362806E0,1.242264054E1
3.116169598E1,1.320135689E1,-3.487237930E0,1.491017818E0,1.373534806E1
3.116672155E1,1.453100014E1,-3.681145668E0,1.433986783E0,1.505845664E1
3.117174713E1,1.547197342E1,-4.076410294E0,1.425704956E0,1.606336568E1
3.117677270E1,1.591788292E1,-4.530827522E0,1.483531237E0,1.661650564E1
3.118179827E1,1.592622757E1,-5.073417664E0,1.634904861E0,1.679455880E1
3.118682385E1,1.552161980E1,-5.756351948E0,1.859322190E0,1.665873188E1
3.119184942E1,1.472936726E1,-6.516075611E0,2.102667332E0,1.624298960E1
3.119687499E1,1.384283257E1,-7.308038712E0,2.244208574E0,1.581353583E1
3.120190056E1,1.291150856E1,-8.121105194E0,2.317442417E0,1.542821902E1
3.120692614E1,1.185599518E1,-8.819661140E0,2.299190044E0,1.495450832E1
3.121195171E1,1.070231628E1,-9.359155655E0,2.119267702E0,1.437444482E1
3.121697728E1,9.419072151E0,-9.608997345E0,1.798886299E0,1.357526214E1
3.122200286E1,7.974722862E0,-9.596634865E0,1.440570712E0,1.256052743E1
3.122702843E1,6.371092796E0,-9.349626541E0,9.032622576E-1,1.134998778E1
3.123205400E1,4.662435532E0,-8.910053253E0,2.761390209E-1,1.006000034E1
3.123707957E1,2.988793373E0,-8.286666870E0,-3.563104868E-1,8.816387628E0
3.124210515E1,1.327079773E0,-7.536210537E0,-9.484579563E-1,7.710718674E0
3.124713072E1,-2.887201309E-1,-6.648576260E0,-1.532077193E0,6.828922764E0
3.125215629E1,-1.767711163E0,-5.642682076E0,-2.197327614E0,6.308162363E0
3.125718187E1,-3.186758995E0,-4.604758739E0,-2.967626095E0,6.337668387E0
3.126220744E1,-4.522355080E0,-3.568564415E0,-3.737587929E0,6.867016162E0
3.126723301E1,-5.731959820E0,-2.582222462E0,-4.359331608E0,7.650294653E0
3.127225859E1,-6.610701561E0,-1.603350163E0,-4.752355576E0,8.298011231E0
3.127728416E1,-7.470366478E0,-7.806229591E-1,-4.961069107E0,9.001552877E0
3.128230973E1,-8.129873276E0,-1.188769341E-1,-4.887396812E0,9.486602069E0
3.128733530E1,-8.637924194E0,3.436045647E-1,-4.753826141E0,9.865630313E0
3.129236088E1,-9.023916245E0,7.408812046E-1,-4.514462471E0,1.011732874E1
3.129738645E1,-9.341108322E0,1.087128162E0,-4.060822964E0,1.024345818E1
3.130241202E1,-9.556590080E0,1.310314894E0,-3.398989677E0,1.022733934E1
3.130743760E1,-9.694778442E0,1.362850189E0,-2.607207537E0,1.013131881E1
3.131246317E1,-9.875709534E0,1.302513123E0,-1.744611979E0,1.011285569E1
3.131748874E1,-1.013780117E1,1.158555746E0,-8.748109341E-1,1.024121859E1
3.132251431E1,-1.050956345E1,1.147014380E0,-6.550073624E-2,1.057217367E1
3.132753989E1,-1.087590981E1,1.249266148E0,7.261281013E-1,1.097147857E1
3.133256546E1,-1.117440796E1,1.394261122E0,1.480694294E0,1.135798454E1
3.133759103E1,-1.144309998E1,1.554035902E0,2.150310993E0,1.174663365E1
3.134261661E1,-1.169125938E1,1.724262714E0,2.663833380E0,1.211423279E1
3.134764218E1,-1.185616684E1,1.934129000E0,3.056271791E0,1.239557761E1
3.135266775E1,-1.196586227E1,2.193524837E0,3.397052526E0,1.263065228E1
3.135769332E1,-1.202454758E1,2.474032879E0,3.692996025E0,1.281985970E1
3.136271890E1,-1.202708530E1,2.747071743E0,3.830806255E0,1.291790465E1
3.136774447E1,-1.187283802E1,2.940927267E0,3.735236883E0,1.278926622E1
3.137277004E1,-1.138986778E1,3.002424717E0,3.407639265E0,1.226195937E1
3.137779556E1,-1.056450939E1,3.002030849E0,2.916894674E0,1.136350837E1
3.138282109E1,-9.622508049E0,3.052836895E0,2.580031395E0,1.041964665E1
3.138784661E1,-8.746422768E0,3.119750977E0,2.354055882E0,9.579892300E0
3.139287213E1,-7.975175858E0,3.201160908E0,2.162387609E0,8.861533800E0
3.139789765E1,-7.266229630E0,3.219209194E0,2.009863853E0,8.197618775E0
3.140292317E1,-6.600821018E0,3.077253103E0,1.858619094E0,7.516301598E0
3.140794869E1,-6.026993752E0,2.750937462E0,1.761522889E0,6.855309875E0
3.141297421E1,-5.654998302E0,2.312105656E0,1.846304893E0,6.382294268E0
3.141799973E1,-5.465784073E0,1.832959175E0,2.019719362E0,6.108502367E0
3.142302525E1,-5.416257858E0,1.376194000E0,2.169892550E0,5.994847187E0
3.142805077E1,-5.491823673E0,1.023684978E0,2.305481434E0,6.043451235E0
3.143307629E1,-5.792202950E0,7.476212978E-1,2.283205986E0,6.270692321E0
3.143810181E1,-6.196743011E0,4.439320564E-1,1.970068455E0,6.517504840E0
3.144312734E1,-6.546728611E0,1.328411102E-1,1.429404140E0,6.702275618E0
3.144815286E1,-6.769731522E0,-2.135410309E-1,8.635880947E-1,6.827931535E0
3.145317838E1,-6.860445976E0,-5.611658096E-1,4.844095707E-1,6.900382503E0
3.145820390E1,-6.818522453E0,-8.042659760E-1,4.260017872E-1,6.878994820E0
3.146322942E1,-6.648724556E0,-8.517498970E-1,6.061215401E-1,6.730408563E0
3.146825494E1,-6.452068806E0,-6.800770760E-1,8.791267872E-1,6.547103223E0
3.147328046E1,-6.363284588E0,-3.139262199E-1,1.146928549E0,6.473436917E0
3.147830598E1,-6.368697643E0,1.167387962E-1,1.407573462E0,6.523434729E0
3.148333150E1,-6.439803123E0,4.920048714E-1,1.746496916E0,6.690544413E0
3.148835702E1,-6.600320816E0,8.504614830E-1,2.149017334E0,6.993267842E0
3.149338254E1,-6.711194992E0,1.273953438E0,2.581272364E0,7.302469623E0
3.149840806E1,-6.772337914E0,1.767463446E0,2.894727707E0,7.574162419E0
3.150343359E1,-6.755111694E0,2.307064295E0,3.093959093E0,7.779888337E0
3.150845911E1,-6.588105679E0,2.739475965E0,3.130657434E0,7.791590401E0
3.151348463E1,-6.314769745E0,3.026506901E0,3.023327112E0,7.627356539E0
3.151851015E1,-5.925606728E0,3.254741192E0,2.742716312E0,7.295796604E0
3.152353567E1,-5.511598587E0,3.610667706E0,2.322467566E0,6.986307741E0
3.152856119E1,-5.153900623E0,4.122434616E0,1.825908661E0,6.847707736E0
3.153358671E1,-4.900014877E0,4.664966583E0,1.221218348E0,6.874840600E0
3.153861223E1,-4.405200958E0,5.151728630E0,6.151344776E-1,6.806209943E0
3.154363775E1,-3.693890095E0,5.648768425E0,8.845090866E-3,6.749332336E0
3.154866327E1,-3.135053158E0,6.303426743E0,-2.242016792E-1,7.043579587E0
3.155368879E1,-2.671679497E0,6.995653152E0,-3.783798218E-2,7.488555674E0
3.155871431E1,-2.132188797E0,7.648939610E0,4.741289616E-1,7.954703294E0
3.156373984E1,-1.493518829E0,8.292112350E0,1.122107029E0,8.499932347E0
3.156876536E1,-9.859056473E-1,8.963441849E0,1.822689891E0,9.199864029E0
3.157379088E1,-7.628192902E-1,9.739268303E0,2.664823294E0,1.012603197E1
3.157881645E1,-6.860709190E-1,1.051409531E1,3.937122583E0,1.124801439E1
3.158384202E1,-6.846637726E-1,1.100101089E1,5.371808052E0,1.226162008E1
3.158886760E1,-8.163485527E-1,1.102394295E1,6.494840622E0,1.282094762E1
3.159389317E1,-1.080732346E0,1.068446636E1,6.914453030E0,1.277244943E1
3.159891874E1,-1.347717285E0,1.013121986E1,6.298582077E0,1.200541936E1
3.160394431E1,-1.659096241E0,9.435593605E0,4.933805943E0,1.077615275E1
3.160896989E1,-1.850315571E0,8.668609619E0,3.060233593E0,9.377285859E0
3.161399546E1,-1.718109608E0,7.891607761E0,9.195860624E-1,8.128653776E0
3.161902103E1,-1.021146297E0,7.485911846E0,-1.406390309E0,7.685021121E0
3.162404661E1,-7.410621643E-2,7.869997025E0,-3.550834179E0,8.634278677E0
3.162907218E1,8.458390236E-1,9.241920471E0,-5.309055328E0,1.069180088E1
3.163409775E1,2.162657261E0,1.129670143E1,-6.954862118E0,1.344108094E1
3.163912332E1,4.057972908E0,1.389600945E1,-8.080346107E0,1.657884845E1
3.164414890E1,5.702217102E0,1.677635384E1,-8.258172989E0,1.954888102E1
3.164917447E1,6.166839123E0,1.912506485E1,-7.738148212E0,2.153315927E1
3.165420004E1,5.320612431E0,2.023320770E1,-7.131652832E0,2.210321431E1
3.165922562E1,4.072660446E0,2.005999756E1,-6.593599319E0,2.150501377E1
3.166425119E1,2.619648457E0,1.918285561E1,-6.149930954E0,2.031418613E1
3.166927676E1,7.387275696E-1,1.810314178E1,-5.942814350E0,1.906794439E1
3.167430234E1,-1.145572662E0,1.683506393E1,-6.664752007E0,1.814250902E1
3.167932791E1,-2.561768532E0,1.543634129E1,-8.053846359E0,1.759851504E1
3.168435348E1,-3.780787230E0,1.414654732E1,-9.632452011E0,1.752721555E1
3.168937905E1,-5.115588665E0,1.295725060E1,-1.132086658E1,1.795053232E1
3.169440463E1,-6.610399723E0,1.185153866E1,-1.301046085E1,1.879969268E1
3.169943020E1,-7.917544842E0,1.040140724E1,-1.456337166E1,1.956958311E1
3.170445577E1,-8.556102753E0,8.466040611E0,-1.523903561E1,1.941929309E1
3.170948134E1,-8.185628891E0,6.012917995E0,-1.494779778E1,1.807197724E1
3.171450692E1,-6.219147682E0,3.030643463E0,-1.356549263E1,1.522777686E1
3.171953249E1,-2.765494108E0,-4.145164490E-1,-1.096772766E1,1.131860555E1
3.172455806E1,1.402149200E0,-4.110301495E0,-7.207436562E0,8.414733659E0
3.172958364E1,5.838743210E0,-7.979179859E0,-2.557706356E0,1.021274181E1
3.173460921E1,1.109262180E1,-1.216911888E1,3.069441319E0,1.674978158E1
3.173963478E1,1.669625854E1,-1.624461365E1,9.971409798E0,2.533932784E1
3.174466036E1,2.237664986E1,-1.974149895E1,1.760110283E1,3.464448095E1
3.174968593E1,2.834900475E1,-2.234863853E1,2.514133263E1,4.399107092E1
3.175471150E1,3.415014648E1,-2.424780083E1,3.130634117E1,5.229029879E1
3.175973707E1,3.908191299E1,-2.511322784E1,3.573683167E1,5.861050481E1
3.176476265E1,4.301885605E1,-2.503482819E1,3.925775528E1,6.339192336E1
3.176978822E1,4.538953400E1,-2.495749855E1,4.045861053E1,6.572659809E1
3.177481379E1,4.596529007E1,-2.505865669E1,3.955999756E1,6.561811924E1
3.177983937E1,4.481956863E1,-2.525721169E1,3.626536560E1,6.294360346E1
3.178486494E1,4.229667282E1,-2.525805092E1,3.088808250E1,5.814680824E1
3.178989051E1,3.902205658E1,-2.456274605E1,2.375908089E1,5.187044744E1
3.179491608E1,3.461236572E1,-2.282123947E1,1.654063416E1,4.463650311E1
3.179994166E1,2.993357849E1,-1.992062378E1,1.053320885E1,3.746730390E1
3.180496723E1,2.595002747E1,-1.621905708E1,6.103051186E0,3.120431015E1
3.180999280E1,2.380196571E1,-1.260901642E1,3.403296471E0,2.714964629E1
3.181501838E1,2.350957108E1,-9.978992462E0,2.194415569E0,2.563387763E1
3.182004395E1,2.444294167E1,-8.424860954E0,2.177945852E0,2.594569574E1
3.182506952E1,2.587379837E1,-7.757114410E0,3.082457542E0,2.718690513E1
3.183009510E1,2.679608345E1,-7.193557739E0,4.857919693E0,2.816694419E1
3.183512067E1,2.666495132E1,-6.626180649E0,7.092057228E0,2.837645459E1
3.184014624E1,2.561251640E1,-6.338150024E0,9.276518822E0,2.796832036E1
3.184517181E1,2.432257462E1,-6.616038322E0,1.137174988E1,2.765278095E1
3.185019739E1,2.300070000E1,-7.472887993E0,1.324700546E1,2.757461530E1
3.185522296E1,2.135056686E1,-8.648744583E0,1.475728989E1,2.735735903E1
3.186024853E1,1.933072662E1,-9.854462624E0,1.591534901E1,2.690884166E1
3.186527411E1,1.739307404E1,-1.097784805E1,1.650991440E1,2.637440892E1
3.187029968E1,1.529611397E1,-1.188782597E1,1.665227318E1,2.554583549E1
3.187532525E1,1.292402458E1,-1.242457771E1,1.667033005E1,2.448061369E1
3.188035082E1,1.052575970E1,-1.262905121E1,1.659686279E1,2.336108744E1
3.188537640E1,8.226078033E0,-1.253241920E1,1.632720947E1,2.216546097E1
3.189040197E1,6.134841442E0,-1.221403980E1,1.557158470E1,2.071939425E1
3.189542749E1,4.241494179E0,-1.182086658E1,1.429546547E1,1.902849160E1
3.190045301E1,2.500768185E0,-1.143850708E1,1.292903042E1,1.744285279E1
3.190547853E1,1.086507797E0,-1.122943020E1,1.165299416E1,1.621952140E1
3.191050405E1,-5.795192719E-2,-1.117417526E1,1.056066227E1,1.537508175E1
3.191552957E1,-1.056607246E0,-1.110025978E1,9.720615387E0,1.479265188E1
3.192055510E1,-2.023905754E0,-1.090688610E1,9.109709740E0,1.435420393E1
3.192558062E1,-2.944818974E0,-1.055517197E1,8.604275703E0,1.393259396E1
3.193060614E1,-3.718477726E0,-9.973011017E0,8.147937775E0,1.340436180E1
3.193563166E1,-4.359115124E0,-9.255849838E0,7.660352707E0,1.278098762E1
3.194065718E1,-4.771231651E0,-8.537576675E0,7.137825966E0,1.210799019E1
3.194568270E1,-5.112972736E0,-7.889628887E0,6.643255234E0,1.151180152E1
3.195070822E1,-5.489756584E0,-7.349699974E0,6.253255367E0,1.110219437E1
3.195573374E1,-5.930336952E0,-6.893222332E0,6.058668137E0,1.092670445E1
3.196075926E1,-6.491967678E0,-6.518837452E0,6.134851456E0,1.105790615E1
3.196578478E1,-7.117080688E0,-6.129412174E0,6.379830360E0,1.135450424E1
3.197081030E1,-7.705067158E0,-5.680470467E0,6.653662205E0,1.165791685E1
3.197583582E1,-8.088445663E0,-5.147024155E0,6.827030182E0,1.176958589E1
3.198086134E1,-8.195678711E0,-4.571747780E0,7.015942574E0,1.171722994E1
3.198588687E1,-8.132523537E0,-4.112385273E0,7.154309273E0,1.158593082E1
3.199091239E1,-8.057432175E0,-3.773727894E0,7.323973179E0,1.152405391E1
3.199593791E1,-8.009241104E0,-3.503252029E0,7.409871101E0,1.145979527E1
3.200096343E1,-8.002677917E0,-3.200614929E0,7.455134392E0,1.139586849E1
3.200598895E1,-7.985454082E0,-2.837421894E0,7.402565002E0,1.125239568E1
3.201101447E1,-7.891071796E0,-2.510053635E0,7.152449131E0,1.094197934E1
3.201603999E1,-7.739156723E0,-2.295757771E0,6.749137402E0,1.052216262E1
3.202106551E1,-7.563685417E0,-2.166483402E0,6.361122131E0,1.011765102E1
3.202609103E1,-7.465563774E0,-2.084649563E0,5.969963551E0,9.783704363E0
3.203111655E1,-7.401970863E0,-1.983727455E0,5.561938286E0,9.468870301E0
3.203614207E1,-7.215455532E0,-1.864403248E0,5.084928036E0,9.021933891E0
3.204116760E1,-6.935298920E0,-1.775229454E0,4.563288212E0,8.489605999E0
3.204619312E1,-6.542920113E0,-1.788733244E0,3.978903770E0,7.863907771E0
3.205121864E1,-6.077201843E0,-1.781385660E0,3.452498198E0,7.212867732E0
3.205624416E1,-5.610524178E0,-1.763830423E0,2.956297874E0,6.582459755E0
3.206126968E1,-5.148271084E0,-1.698966026E0,2.452908516E0,5.950457201E0
3.206629520E1,-4.738756180E0,-1.621193647E0,1.966751575E0,5.380723997E0
3.207132072E1,-4.258109570E0,-1.598452091E0,1.464450598E0,4.778196495E0
3.207634624E1,-3.683014870E0,-1.794266701E0,9.462636709E-1,4.204688628E0
3.208137176E1,-3.181326389E0,-2.166045666E0,4.462280273E-1,3.874494919E0
3.208639728E1,-2.848821640E0,-2.537072420E0,3.157517314E-2,3.814907364E0
3.209142280E1,-2.680490017E0,-2.825984478E0,-3.836383820E-1,3.913871920E0
3.209644838E1,-2.613815784E0,-3.104292631E0,-7.756057978E-1,4.131613492E0
3.210147395E1,-2.586251736E0,-3.486206532E0,-1.130529046E0,4.485580224E0
3.210649952E1,-2.592659473E0,-3.975653648E0,-1.272238135E0,4.913887967E0
3.211152510E1,-2.737911701E0,-4.571736336E0,-1.245618701E0,5.472522230E0
3.211655067E1,-3.016551018E0,-5.167714119E0,-1.153154135E0,6.093817664E0
3.212157624E1,-3.332176685E0,-5.608824730E0,-9.390641451E-1,6.591218232E0
3.212660181E1,-3.607698917E0,-5.888798237E0,-6.668934822E-1,6.938168567E0
3.213162739E1,-3.895346642E0,-6.111569405E0,-4.233680665E-1,7.259769043E0
3.213665296E1,-4.237843513E0,-6.266460896E0,-1.705662012E-1,7.566831743E0
3.214167853E1,-4.481878757E0,-6.352622986E0,9.928286076E-3,7.774519572E0
3.214670411E1,-4.488757610E0,-6.450759888E0,1.515875161E-1,7.860294319E0
3.215172968E1,-4.268370628E0,-6.613334656E0,3.313826621E-1,7.878134142E0
3.215675525E1,-3.955073357E0,-6.744946480E0,5.065089464E-1,7.835397857E0
3.216178082E1,-3.687757969E0,-6.845757008E0,6.816012859E-1,7.805672819E0
3.216680640E1,-3.471280575E0,-6.892179966E0,8.420984745E-1,7.762799969E0
3.217183197E1,-3.248272896E0,-6.860511303E0,9.395679235E-1,7.648573725E0
3.217685754E1,-2.913724899E0,-6.751410961E0,9.929487705E-1,7.420059974E0
3.218188312E1,-2.386791706E0,-6.432132721E0,1.045769930E0,6.939938093E0
3.218690869E1,-1.840360165E0,-5.856719494E0,1.132179260E0,6.242589098E0
3.219193426E1,-1.361095428E0,-5.223321438E0,1.185301065E0,5.526355601E0
3.219695984E1,-1.021268845E0,-4.662991524E0,1.209645987E0,4.924400818E0
3.220198541E1,-8.164176941E-1,-4.220044613E0,1.194920897E0,4.461294693E0
3.220701098E1,-7.515354156E-1,-3.933578730E0,1.116343141E0,4.157411347E0
3.221203655E1,-7.501859665E-1,-3.751395226E0,9.969605207E-1,3.953438428E0
3.221706213E1,-8.123617172E-1,-3.673443079E0,8.361002207E-1,3.853982251E0
3.222208770E1,-9.810218811E-1,-3.594258308E0,6.283200979E-1,3.778343931E0
3.222711327E1,-1.232029915E0,-3.570857048E0,4.684564769E-1,3.806359053E0
3.223213884E1,-1.574628353E0,-3.592916727E0,3.702147007E-1,3.940249228E0
3.223716442E1,-2.003688812E0,-3.631030798E0,3.714834154E-1,4.163790754E0
3.224218999E1,-2.466183186E0,-3.650824070E0,4.908978045E-1,4.433007619E0
3.224721556E1,-2.971254349E0,-3.651312590E0,6.708972454E-1,4.755054063E0
3.225224114E1,-3.465825558E0,-3.612375259E0,8.116530776E-1,5.071487211E0
3.225726671E1,-3.916021347E0,-3.537833214E0,8.804800510E-1,5.350395514E0
3.226229228E1,-4.331135273E0,-3.465232849E0,8.736957312E-1,5.615150548E0
3.226731786E1,-4.682203770E0,-3.417736053E0,8.257614970E-1,5.855410654E0
3.227234343E1,-4.964314461E0,-3.370906830E0,7.803548574E-1,6.051147381E0
3.227736900E1,-5.187041283E0,-3.272050142E0,7.812322974E-1,6.182397052E0
3.228239457E1,-5.336076260E0,-3.116466522E0,7.813944817E-1,6.228695752E0
3.228742015E1,-5.459297657E0,-2.932893515E0,7.961015105E-1,6.248165562E0
3.229244572E1,-5.547214985E0,-2.755022049E0,8.353698254E-1,6.249766662E0
3.229747129E1,-5.595118999E0,-2.626022339E0,8.133145571E-1,6.234005976E0
3.230249687E1,-5.560135365E0,-2.560572624E0,7.445638180E-1,6.166523552E0
3.230752244E1,-5.461651325E0,-2.520818233E0,6.293620467E-1,6.048161402E0
3.231254801E1,-5.328545094E0,-2.459232330E0,4.727166295E-1,5.887671652E0
3.231757359E1,-5.189711094E0,-2.361962080E0,2.987461090E-1,5.709747397E0
3.232259916E1,-5.059727669E0,-2.258357048E0,9.336236119E-2,5.541636687E0
3.232762473E1,-4.933987617E0,-2.182400703E0,-1.146045625E-1,5.396317341E0
3.233265030E1,-4.836615562E0,-2.153727531E0,-3.583965003E-1,5.306584629E0
3.233767588E1,-4.681635857E0,-2.158202887E0,-6.853365898E-1,5.200503844E0
3.234270145E1,-4.387978077E0,-2.186454296E0,-1.075337410E0,5.019092003E0
3.234772702E1,-3.999108315E0,-2.124124289E0,-1.451079011E0,4.755039600E0
3.235275260E1,-3.649285316E0,-1.986114502E0,-1.735789061E0,4.502765572E0
3.235777817E1,-3.410464764E0,-1.873543978E0,-2.015794516E0,4.382335504E0
3.236280374E1,-3.273166180E0,-1.863396645E0,-2.210149050E0,4.366992411E0
3.236782931E1,-3.352042675E0,-1.931555748E0,-2.323926210E0,4.513062235E0
3.237285489E1,-3.574851990E0,-1.995971918E0,-2.381196260E0,4.736408584E0
3.237788046E1,-3.811927795E0,-2.065232038E0,-2.463006496E0,4.986218797E0
3.238290603E1,-4.057977200E0,-2.166851759E0,-2.454724550E0,5.214220758E0
3.238793161E1,-4.398489475E0,-2.266012430E0,-2.375968933E0,5.488784052E0
3.239295718E1,-4.765685081E0,-2.318215847E0,-2.232359886E0,5.750592115E0
3.239798275E1,-5.082449436E0,-2.331996918E0,-2.048339367E0,5.955266246E0
3.240300832E1,-5.286189079E0,-2.287410021E0,-1.828985810E0,6.043279629E0
3.240803390E1,-5.338349342E0,-2.212541819E0,-1.545777559E0,5.981867874E0
3.241305947E1,-5.167083740E0,-2.145356178E0,-1.275261760E0,5.738257581E0
3.241808504E1,-4.767750263E0,-2.172079563E0,-1.070416093E0,5.347444512E0
3.242311056E1,-4.355637550E0,-2.278338909E0,-9.081467390E-1,4.998713550E0
3.242813609E1,-4.064563274E0,-2.340065956E0,-8.041170239E-1,4.758485839E0
3.243316161E1,-3.736470699E0,-2.257271290E0,-7.163920999E-1,4.423765885E0
3.243818713E1,-3.275942802E0,-2.035733223E0,-5.734613538E-1,3.899342114E0
3.244321265E1,-2.831745625E0,-1.791455269E0,-4.184885323E-1,3.376866582E0
3.244823817E1,-2.370816231E0,-1.515981197E0,-2.605391145E-1,2.826101417E0
3.245326369E1,-1.845936298E0,-1.244109631E0,-1.711315215E-1,2.232616310E0
3.245828921E1,-1.133430481E0,-9.339513779E-1,-1.785720885E-1,1.479465384E0
3.246331473E1,-3.970217705E-1,-5.823321342E-1,-2.491122484E-1,7.475251923E-1
3.246834025E1,1.422786713E-1,-1.861252785E-1,-2.681809962E-1,3.560995455E-1
3.247336577E1,5.078144073E-1,2.343139648E-1,-1.836068630E-1,5.886340005E-1
3.247839129E1,7.039384842E-1,5.729465485E-1,-1.345826089E-1,9.175563283E-1
3.248341681E1,7.830314636E-1,8.342723846E-1,-1.161693931E-1,1.150062613E0
3.248844234E1,7.880001068E-1,1.003924847E0,-8.500868082E-2,1.279076128E0
3.249346786E1,7.523889542E-1,1.053602695E0,-1.219055653E-1,1.300395611E0
3.249849338E1,7.433300018E-1,1.003084660E0,-2.019619644E-1,1.264716158E0
3.250351890E1,8.087930679E-1,8.529858589E-1,-3.582157493E-1,1.228840765E0
3.250854442E1,9.248633385E-1,6.946315765E-1,-6.475101113E-1,1.325577069E0
3.251356994E1,1.091423035E0,5.424633026E-1,-9.499930739E-1,1.545301756E0
3.251859546E1,1.294015408E0,3.439497948E-1,-1.255982399E0,1.835829274E0
3.252362098E1,1.523063660E0,1.376118660E-1,-1.560257196E0,2.184733955E0
3.252864650E1,1.826350212E0,-1.242032051E-1,-1.823699474E0,2.583962327E0
3.253367202E1,2.246706963E0,-5.609555244E-1,-2.159751415E0,3.166526402E0
3.253869754E1,2.798195839E0,-1.143736839E0,-2.557126284E0,3.959410151E0
3.254372306E1,3.447038651E0,-1.805452347E0,-2.913924694E0,4.861346599E0
3.254874859E1,4.102245331E0,-2.565088272E0,-3.191265106E0,5.795883675E0
3.255377411E1,4.568056107E0,-3.359961033E0,-3.360706568E0,6.591723854E0
3.255879963E1,4.711456299E0,-4.007565498E0,-3.442723036E0,7.078894234E0
3.256382515E1,4.557796478E0,-4.482990742E0,-3.386349201E0,7.234505902E0
3.256885067E1,4.839826584E0,-5.010488033E0,-3.508486271E0,7.799896641E0
3.257387619E1,5.031124592E0,-5.307689190E0,-3.594366312E0,8.148818833E0
3.257890171E1,5.031526089E0,-5.326939106E0,-3.438850403E0,8.094333025E0
3.258392723E1,4.898856163E0,-5.135357857E0,-3.128818512E0,7.756300491E0
3.258895275E1,4.767208099E0,-4.824100018E0,-2.746055841E0,7.317037428E0
3.259397827E1,4.627064228E0,-4.436337948E0,-2.391379595E0,6.841747885E0
3.259900379E1,4.449622631E0,-3.986689568E0,-2.083995819E0,6.327390761E0
3.260402931E1,4.258663654E0,-3.537655830E0,-1.809392691E0,5.824528033E0
3.260905484E1,4.140079021E0,-3.156486988E0,-1.528913975E0,5.425978470E0
3.261408036E1,4.117308617E0,-2.767066479E0,-1.180307627E0,5.099216924E0
3.261910593E1,4.137126923E0,-2.365221024E0,-8.069291115E-1,4.833345038E0
3.262413150E1,4.213017941E0,-2.014027596E0,-4.095467925E-1,4.687595961E0
3.262915707E1,4.434835911E0,-1.714403629E0,-1.774913073E-2,4.754709706E0
3.263418265E1,4.677054882E0,-1.462485313E0,3.578486741E-1,4.913426639E0
3.263920822E1,4.857379913E0,-1.172997475E0,7.302230597E-1,5.050078060E0
3.264423379E1,4.931837082E0,-8.659973145E-1,1.031124830E0,5.112356283E0
3.264925937E1,4.842424393E0,-5.899701118E-1,1.283811092E0,5.044334411E0
3.265428494E1,4.646155834E0,-3.645133972E-1,1.545252204E0,4.909932629E0
3.265931051E1,4.376392365E0,-2.041044235E-1,1.786397696E0,4.731351337E0
3.266433608E1,4.057324886E0,-1.705904007E-1,1.987913370E0,4.521369912E0
3.266936166E1,3.722984791E0,-2.441134453E-1,2.125598669E0,4.293993110E0
3.267438723E1,3.292806149E0,-3.998341560E-1,2.184881926E0,3.971920029E0
3.267941280E1,2.772510529E0,-5.841488838E-1,2.060409784E0,3.503331704E0
3.268443838E1,2.148955345E0,-7.384653091E-1,1.857790232E0,2.935085115E0
3.268946395E1,1.461398602E0,-7.853894234E-1,1.615581512E0,2.315734450E0
3.269448952E1,8.208909035E-1,-8.292322159E-1,1.324678183E0,1.765293242E0
3.269951510E1,1.756124496E-1,-7.543482780E-1,1.086275816E0,1.334120012E0
3.270454067E1,-3.778495789E-1,-7.224416733E-1,8.960740566E-1,1.211462336E0
3.270956624E1,-7.765603065E-1,-7.659254074E-1,7.212311625E-1,1.307616928E0
3.271459181E1,-1.048872471E0,-8.075318336E-1,5.573616028E-1,1.436277508E0
3.271961739E1,-1.208930492E0,-7.798523903E-1,3.952687979E-1,1.491951778E0
3.272464296E1,-1.261551380E0,-7.402606010E-1,1.686283350E-1,1.472390287E0
3.272966853E1,-1.207074642E0,-6.221594810E-1,-1.551112533E-1,1.366810562E0
3.273469411E1,-1.089038372E0,-4.262638092E-1,-5.123647451E-1,1.276801881E0
3.273971968E1,-1.003652096E0,-1.199512482E-1,-7.680600882E-1,1.269496802E0
3.274474525E1,-9.418621063E-1,1.571350098E-1,-1.036452532E0,1.409265585E0
3.274977082E1,-8.371543884E-1,3.564577103E-1,-1.407404900E0,1.675911131E0
3.275479640E1,-6.517152786E-1,5.826411247E-1,-1.697817564E0,1.909656505E0
3.275982197E1,-4.961609840E-1,8.013281822E-1,-1.873440504E0,2.097160437E0
3.276484754E1,-4.187436104E-1,9.256749153E-1,-1.976943493E0,2.222729366E0
3.276987312E1,-3.287358284E-1,9.027161598E-1,-2.146629572E0,2.351804037E0
3.277489869E1,-2.310781479E-1,7.896738052E-1,-2.276958942E0,2.421058416E0
3.277992426E1,-1.258316040E-1,5.768723488E-1,-2.401541710E0,2.473058407E0
3.278494984E1,-2.731609344E-2,2.739133835E-1,-2.472994804E0,2.488268075E0
3.278997541E1,7.889556885E-2,-8.087968826E-2,-2.534891844E0,2.537408657E0
3.279500098E1,1.260032654E-1,-4.539208412E-1,-2.582706213E0,2.625317569E0
3.280002655E1,8.084297180E-2,-7.732715607E-1,-2.535505295E0,2.652031597E0
3.280505213E1,-5.613708496E-2,-1.081664562E0,-2.417983532E0,2.649489377E0
3.281007770E1,-2.651548386E-1,-1.445314407E0,-2.297730923E0,2.727417866E0
3.281510327E1,-5.407419205E-1,-1.829713345E0,-2.165970564E0,2.886465179E0
3.282012884E1,-8.486657143E-1,-2.243194103E0,-2.009143353E0,3.128707447E0
3.282515442E1,-1.164404869E0,-2.584121704E0,-1.895139575E0,3.409556817E0
3.283017999E1,-1.525720596E0,-2.851473808E0,-1.786399364E0,3.694583726E0
3.283520556E1,-1.922614574E0,-2.972620964E0,-1.707433462E0,3.930426341E0
3.284023114E1,-2.292594910E0,-3.004329681E0,-1.682380199E0,4.136712631E0
3.284525671E1,-2.635554314E0,-2.922234535E0,-1.653912783E0,4.268609693E0
3.285028228E1,-2.898787022E0,-2.783360004E0,-1.645751953E0,4.342644195E0
3.285530786E1,-3.053681850E0,-2.687915325E0,-1.676925540E0,4.400220552E0
3.286033343E1,-3.081343174E0,-2.640576363E0,-1.699455738E0,4.399485094E0
3.286535900E1,-3.010798931E0,-2.641439438E0,-1.703634262E0,4.352525957E0
3.287038457E1,-2.871164322E0,-2.666908741E0,-1.684847832E0,4.265524471E0
3.287541015E1,-2.715419769E0,-2.679060936E0,-1.624251604E0,4.145969765E0
3.288043572E1,-2.539213181E0,-2.673780918E0,-1.560478091E0,4.003973008E0
3.288546129E1,-2.357155323E0,-2.689660072E0,-1.503388524E0,3.879514090E0
3.289048687E1,-2.207799435E0,-2.703281164E0,-1.390834689E0,3.757196898E0
3.289551244E1,-2.105694294E0,-2.705432892E0,-1.247153640E0,3.648110167E0
3.290053801E1,-2.051054478E0,-2.710969448E0,-1.072595000E0,3.564637408E0
3.290556358E1,-1.967453957E0,-2.705797434E0,-9.342420101E-1,3.473474191E0
3.291058916E1,-1.792902946E0,-2.699937105E0,-8.841842413E-1,3.359455777E0
3.291561473E1,-1.580322266E0,-2.670092106E0,-8.261268139E-1,3.210809217E0
3.292064030E1,-1.382671833E0,-2.602771759E0,-7.454476357E-1,3.040048421E0
3.292566588E1,-1.281416416E0,-2.536759853E0,-6.564753056E-1,2.916871340E0
3.293069145E1,-1.310110569E0,-2.510842085E0,-5.640053749E-1,2.887701463E0
3.293571702E1,-1.420783520E0,-2.515487671E0,-4.394164085E-1,2.922223608E0
3.294074254E1,-1.622848511E0,-2.564910650E0,-3.019813299E-1,3.050179774E0
3.294576806E1,-1.901740074E0,-2.630167723E0,-1.899735928E-1,3.251228618E0
3.295079358E1,-2.252247334E0,-2.734337091E0,-9.382712841E-2,3.543729802E0
3.295581911E1,-2.592757702E0,-2.862393141E0,1.972258091E-2,3.862133604E0
3.296084463E1,-2.832164764E0,-2.956219196E0,1.266781092E-1,4.095904849E0
3.296587015E1,-3.037361145E0,-2.977046490E0,2.269458771E-1,4.259092974E0
3.297089567E1,-3.265654087E0,-2.943782330E0,3.637603521E-1,4.411651914E0
3.297592119E1,-3.564772129E0,-2.827586412E0,4.940781593E-1,4.576784732E0
3.298094671E1,-3.848374367E0,-2.709454298E0,5.704314709E-1,4.740940827E0
3.298597223E1,-4.082902908E0,-2.613046885E0,6.218405366E-1,4.887207365E0
3.299099775E1,-4.273089886E0,-2.557190418E0,6.343238354E-1,5.020048479E0
3.299602327E1,-4.509729862E0,-2.560654879E0,5.892230868E-1,5.219367843E0
3.300104879E1,-4.658698559E0,-2.651613712E0,5.347300768E-1,5.387064488E0
3.300607431E1,-4.691318989E0,-2.724509478E0,4.377610087E-1,5.442707088E0
3.301109984E1,-4.617310047E0,-2.750783920E0,3.706659079E-1,5.387370181E0
3.301612536E1,-4.479897976E0,-2.697219610E0,2.859888673E-1,5.237009560E0
3.302115088E1,-4.403657436E0,-2.621786356E0,1.744711399E-1,5.128001823E0
3.302617640E1,-4.369493961E0,-2.553583860E0,4.602122307E-2,5.061164487E0
3.303120192E1,-4.334454060E0,-2.521748304E0,-8.955299854E-2,5.015448758E0
3.303622744E1,-4.298562527E0,-2.550289154E0,-2.128300071E-1,5.002690394E0
3.304125296E1,-4.228283405E0,-2.677296877E0,-3.425898552E-1,5.016339994E0
3.304627848E1,-4.161882401E0,-2.907383442E0,-4.308020473E-1,5.095069577E0
3.305130400E1,-4.094538689E0,-3.182836056E0,-5.017272234E-1,5.210318861E0
3.305632952E1,-3.983252525E0,-3.369706154E0,-5.605647564E-1,5.247423472E0
3.306135504E1,-3.871122360E0,-3.448924780E0,-6.171414852E-1,5.221257902E0
3.306638056E1,-3.863413811E0,-3.439909458E0,-6.524624825E-1,5.213890164E0
3.307140608E1,-3.936062813E0,-3.428800583E0,-6.475393772E-1,5.260092314E0
3.307643161E1,-4.041023254E0,-3.448822498E0,-6.548622847E-1,5.352858132E0
3.308145713E1,-4.139757633E0,-3.523302078E0,-6.694127321E-1,5.477167535E0
3.308648265E1,-4.136477947E0,-3.632755518E0,-6.671255827E-1,5.545486363E0
3.309150817E1,-4.122034550E0,-3.786381006E0,-6.337554455E-1,5.632894098E0
3.309653369E1,-4.144189358E0,-3.974276066E0,-5.747237206E-1,5.770570425E0
3.310155921E1,-4.193228245E0,-4.109983444E0,-5.623399019E-1,5.898419550E0
3.310658473E1,-4.135054111E0,-4.135923862E0,-5.630582571E-1,5.875506217E0
3.311161025E1,-3.878814697E0,-4.114403248E0,-5.573726892E-1,5.681917093E0
3.311663577E1,-3.496462345E0,-4.103165627E0,-5.496790409E-1,5.418797296E0
3.312166129E1,-3.098366261E0,-4.150857925E0,-5.447078943E-1,5.208282029E0
3.312668681E1,-2.737400055E0,-4.229539394E0,-5.473483801E-1,5.067736457E0
3.313171234E1,-2.451944828E0,-4.334875584E0,-5.292472839E-1,5.008321321E0
3.313673786E1,-2.213255405E0,-4.533981800E0,-4.858466387E-1,5.068682019E0
3.314176343E1,-2.011682987E0,-4.798107624E0,-4.650766850E-1,5.223504718E0
3.314678900E1,-1.799219131E0,-5.103096008E0,-4.046863317E-1,5.426098910E0
3.315181457E1,-1.580519676E0,-5.405703545E0,-3.620966673E-1,5.643650171E0
3.315684015E1,-1.374557495E0,-5.681860924E0,-2.893692255E-1,5.852921186E0
3.316186572E1,-1.281703472E0,-5.898072720E0,-1.486555338E-1,6.037559446E0
3.316689129E1,-1.273006439E0,-6.044609070E0,3.084087372E-2,6.177280580E0
3.317191687E1,-1.352903366E0,-6.164110661E0,2.486724854E-1,6.315730026E0
3.317694244E1,-1.415786743E0,-6.198718548E0,4.805794954E-1,6.376481819E0
3.318196801E1,-1.451750755E0,-6.167239189E0,7.649666071E-1,6.381817404E0
3.318699358E1,-1.412770271E0,-6.021778107E0,1.111364603E0,6.284334705E0
3.319201916E1,-1.308320045E0,-5.800718784E0,1.529314280E0,6.139938267E0
3.319704473E1,-1.215004921E0,-5.461309910E0,2.013568401E0,5.946141656E0
3.320207030E1,-1.137651443E0,-5.061325550E0,2.453608990E0,5.738594271E0
3.320709588E1,-1.052374840E0,-4.644171715E0,2.877955914E0,5.564032167E0
3.321212145E1,-9.353504181E-1,-4.214980602E0,3.224232912E0,5.388563793E0
3.321714702E1,-7.102608681E-1,-3.740726948E0,3.573609352E0,5.221895480E0
3.322217260E1,-3.968253136E-1,-3.250915051E0,3.915992260E0,5.104989165E0
3.322719817E1,-4.539489746E-4,-2.765507698E0,4.188819885E0,5.019386921E0
3.323222374E1,4.542007446E-1,-2.247175217E0,4.477936745E0,5.030706934E0
3.323724931E1,9.519290924E-1,-1.687426090E0,4.763827324E0,5.142725598E0
3.324227489E1,1.472577572E0,-1.125701427E0,4.979056835E0,5.312880140E0
3.324730046E1,1.943490505E0,-5.869240761E-1,5.128312588E0,5.515543963E0
3.325232603E1,2.335144997E0,-1.197137833E-1,5.220857620E0,5.720540869E0
3.325735161E1,2.709060192E0,2.753715515E-1,5.242255211E0,5.907290099E0
3.326237718E1,3.069249153E0,6.073746681E-1,5.249720573E0,6.111363224E0
3.326740275E1,3.396108627E0,8.953881264E-1,5.295454025E0,6.354298312E0
3.327242832E1,3.617555141E0,1.115587711E0,5.230649948E0,6.456852176E0
3.327745390E1,3.700070858E0,1.244283199E0,5.026623726E0,6.364409723E0
3.328247947E1,3.662999630E0,1.291354656E0,4.607307434E0,6.025980827E0
3.328750504E1,3.506795883E0,1.319314480E0,4.036068439E0,5.507091475E0
3.329253062E1,3.308635712E0,1.304613590E0,3.486487389E0,4.980429821E0
3.329755619E1,3.121776104E0,1.281158447E0,2.921613455E0,4.463482742E0
3.330258176E1,2.956361771E0,1.220644951E0,2.371413231E0,3.981664191E0
3.330760734E1,2.812840462E0,1.152120590E0,1.865579128E0,3.566488301E0
3.331263291E1,2.615162373E0,1.109372139E0,1.429028988E0,3.179922110E0
3.331765848E1,2.382805824E0,1.063769341E0,1.043450594E0,2.810366159E0
3.332268405E1,2.154506207E0,1.029914379E0,6.810264587E-1,2.483227267E0
3.332770963E1,1.944883347E0,9.983978271E-1,3.710303307E-1,2.217438378E0
3.333273520E1,1.759087086E0,9.455318451E-1,1.380767822E-1,2.001869887E0
3.333776077E1,1.625998497E0,9.049940109E-1,3.974270821E-2,1.861307270E0
3.334278634E1,1.531352520E0,9.008359909E-1,6.634783745E-2,1.777905526E0
3.334781192E1,1.479826927E0,8.948493004E-1,2.124481201E-1,1.742348188E0
3.335283749E1,1.423381329E0,8.727617264E-1,4.723169804E-1,1.735168801E0
3.335786306E1,1.376398563E0,8.635935783E-1,8.019254208E-1,1.812002002E0
3.336288864E1,1.348296642E0,8.770198822E-1,1.142954111E0,1.973173031E0
3.336791421E1,1.286441326E0,8.893427849E-1,1.480308294E0,2.153409975E0
3.337293978E1,1.238697529E0,9.247164726E-1,1.798950195E0,2.371854533E0
3.337796536E1,1.200216770E0,9.929280281E-1,2.098059177E0,2.613097525E0
3.338299093E1,1.204281807E0,1.065358639E0,2.376819134E0,2.869591067E0
3.338801650E1,1.174134731E0,1.170762539E0,2.577199697E0,3.064512289E0
3.339304207E1,1.128672123E0,1.309047222E0,2.708269596E0,3.212822684E0
3.339806765E1,1.077368259E0,1.494522095E0,2.779447079E0,3.334613129E0
3.340309322E1,9.579186440E-1,1.664870262E0,2.752460003E0,3.356402417E0
3.340811879E1,8.182601929E-1,1.805682659E0,2.642153740E0,3.303182707E0
3.341314437E1,6.967830658E-1,1.888196468E0,2.506655216E0,3.214671510E0
3.341816994E1,5.888319016E-1,1.960330486E0,2.413359642E0,3.164478375E0
3.342319551E1,5.039343834E-1,2.031579018E0,2.333709717E0,3.134878660E0
3.342822109E1,4.756894112E-1,2.063794136E0,2.263062477E0,3.099512611E0
3.343324666E1,4.178934097E-1,2.061772346E0,2.249210596E0,3.079689662E0
3.343827223E1,3.497529030E-1,2.044768333E0,2.287218571E0,3.087842843E0
3.344329780E1,2.906765938E-1,2.013118744E0,2.376945019E0,3.128419342E0
3.344832338E1,2.646255493E-1,1.986149788E0,2.470218420E0,3.180691231E0
3.345334895E1,2.717623711E-1,1.997594357E0,2.557363987E0,3.256431876E0
3.345837452E1,2.880730629E-1,2.033066750E0,2.599958181E0,3.313024154E0
3.346340010E1,3.183121681E-1,2.082956314E0,2.607626915E0,3.352573306E0
3.346842562E1,3.719239235E-1,2.113592148E0,2.628423214E0,3.393259165E0
3.347345114E1,4.441108704E-1,2.129740715E0,2.676825285E0,3.449409165E0
3.347847666E1,5.874915123E-1,2.112286568E0,2.719432354E0,3.493166636E0
3.348350218E1,7.971692085E-1,2.056529999E0,2.784773111E0,3.552429544E0
3.348852770E1,9.342236519E-1,1.967293739E0,2.867673397E0,3.600912273E0
3.349355322E1,9.938411713E-1,1.906886101E0,2.905360460E0,3.614561423E0
3.349857874E1,9.999723434E-1,1.870539188E0,2.888036728E0,3.583241226E0
3.350360426E1,1.019865036E0,1.824892044E0,2.849462509E0,3.534090018E0
3.350862978E1,1.077531338E0,1.784263134E0,2.780497551E0,3.475030265E0
3.351365530E1,1.177998543E0,1.686645985E0,2.719766617E0,3.410217837E0
3.351868082E1,1.302162170E0,1.589560032E0,2.652951241E0,3.355663526E0
3.352370634E1,1.392569542E0,1.579136848E0,2.598938704E0,3.344757914E0
3.352873187E1,1.477715492E0,1.669432640E0,2.524018288E0,3.367687149E0
3.353375739E1,1.571740150E0,1.826653957E0,2.437669754E0,3.427720177E0
3.353878291E1,1.655381203E0,1.978773594E0,2.359210014E0,3.495955342E0
3.354380843E1,1.699890137E0,2.058681488E0,2.307968378E0,3.529095349E0
3.354883395E1,1.705403805E0,2.066520214E0,2.274410725E0,3.514520177E0
3.355385947E1,1.657743454E0,2.031248093E0,2.215291262E0,3.432433182E0
3.355888499E1,1.657608986E0,2.015280247E0,2.125859499E0,3.365754096E0
3.356391051E1,1.642879009E0,1.994745255E0,1.996667147E0,3.265691315E0
3.356893603E1,1.604238033E0,1.984115601E0,1.866313815E0,3.161237359E0
3.357396155E1,1.527580738E0,1.935683727E0,1.739806414E0,3.017830472E0
3.357898707E1,1.432269573E0,1.892712593E0,1.602800369E0,2.864040173E0
3.358401260E1,1.337780952E0,1.845865726E0,1.455570340E0,2.704729778E0
3.358903812E1,1.296831608E0,1.809557438E0,1.269553900E0,2.562818262E0
3.359406364E1,1.323885918E0,1.735990047E0,1.088286161E0,2.439406103E0
3.359908916E1,1.299664497E0,1.649377346E0,1.007786989E0,2.329207602E0
3.360411468E1,1.195662975E0,1.578607559E0,1.022979736E0,2.228923354E0
3.360914020E1,1.093468189E0,1.519197941E0,1.004160166E0,2.124140462E0
3.361416572E1,9.837751389E-1,1.524041176E0,1.022935152E0,2.082525235E0
3.361919124E1,8.858103752E-1,1.636353970E0,1.054668665E0,2.138840884E0
3.362421676E1,8.186640739E-1,1.832159996E0,1.074929953E0,2.276509504E0
3.362924228E1,7.821836472E-1,2.049089909E0,9.973580241E-1,2.409419793E0
3.363426780E1,8.097915649E-1,2.205743313E0,8.124682307E-1,2.486196003E0
3.363929332E1,8.441076279E-1,2.330863476E0,5.875195265E-1,2.547669803E0
3.364431884E1,9.136543274E-1,2.428974152E0,2.893265486E-1,2.611204609E0
3.364934437E1,9.752011299E-1,2.504587173E0,-4.337441921E-2,2.688095142E0
3.365436989E1,1.009530544E0,2.562224388E0,-3.191081285E-1,2.772359236E0
3.365939541E1,1.069367409E0,2.582695484E0,-6.043695211E-1,2.859916981E0
3.366442093E1,1.135673523E0,2.589941978E0,-8.269537687E-1,2.946422634E0
3.366944650E1,1.222808361E0,2.626945019E0,-9.866293669E-1,3.060970096E0
3.367447207E1,1.364341259E0,2.684159756E0,-1.126353741E0,3.214780461E0
3.367949765E1,1.560197830E0,2.737591267E0,-1.317761660E0,3.415423693E0
3.368452322E1,1.786374569E0,2.787153721E0,-1.484038353E0,3.627909839E0
3.368954879E1,2.028293133E0,2.818327904E0,-1.682697892E0,3.858551205E0
3.369457437E1,2.323750973E0,2.835460186E0,-1.894365430E0,4.126532858E0
3.369959994E1,2.686776161E0,2.795212269E0,-2.137665749E0,4.427368589E0
3.370462551E1,3.112287045E0,2.745225430E0,-2.373854637E0,4.780980981E0
3.370965109E1,3.556725502E0,2.732914448E0,-2.545171022E0,5.157229218E0
3.371467666E1,3.995746136E0,2.686172962E0,-2.680364847E0,5.510523394E0
3.371970223E1,4.414607048E0,2.580823421E0,-2.774640560E0,5.817906424E0
3.372472780E1,4.774664402E0,2.440579891E0,-2.837785244E0,6.066867021E0
3.372975338E1,5.118828773E0,2.188879490E0,-2.870046377E0,6.263446946E0
3.373477895E1,5.375226021E0,1.773225307E0,-2.847876310E0,6.336227761E0
3.373980452E1,5.472651005E0,1.266046524E0,-2.757600307E0,6.257566802E0
3.374483010E1,5.411696434E0,8.735938072E-1,-2.624197483E0,6.077502519E0
3.374985567E1,5.274504185E0,6.776356697E-1,-2.438656807E0,5.850353111E0
3.375488124E1,5.185659409E0,6.876630783E-1,-2.215833902E0,5.681009056E0
3.375990681E1,5.140275955E0,8.125376701E-1,-1.956044555E0,5.559565150E0
3.376493239E1,5.123935699E0,1.018668175E0,-1.721970081E0,5.500689308E0
3.376995796E1,5.112590790E0,1.272397041E0,-1.614177704E0,5.510276624E0
3.377498353E1,5.101006508E0,1.549368382E0,-1.594160676E0,5.564365016E0
3.378000911E1,5.122114658E0,1.820413113E0,-1.695233822E0,5.694188281E0
3.378503468E1,5.156152725E0,2.027648926E0,-1.840359449E0,5.838167006E0
3.379006025E1,5.226445198E0,2.204133034E0,-2.047906637E0,6.030576542E0
3.379508582E1,5.351809502E0,2.301788807E0,-2.297459602E0,6.262460960E0
3.380011140E1,5.527154446E0,2.287007809E0,-2.516220331E0,6.489314736E0
3.380513697E1,5.685367584E0,2.150264263E0,-2.655448914E0,6.633132737E0
3.381016254E1,5.812235355E0,1.949221611E0,-2.700623274E0,6.698873844E0
3.381518812E1,5.931918144E0,1.693723679E0,-2.752134323E0,6.755042272E0
3.382021369E1,6.135360718E0,1.431748390E0,-2.776344538E0,6.884812531E0
3.382523926E1,6.365060329E0,1.235058308E0,-2.758813858E0,7.046305126E0
3.383026484E1,6.601717949E0,1.065248966E0,-2.656653881E0,7.195501725E0
3.383529041E1,6.787697792E0,8.647613525E-1,-2.527622223E0,7.294486110E0
3.384031598E1,6.923082829E0,7.102131844E-1,-2.319571257E0,7.335795078E0
3.384534155E1,6.964807034E0,6.206707954E-1,-2.009361029E0,7.275390092E0
3.385036713E1,6.927396774E0,6.727046967E-1,-1.679532528E0,7.159761671E0
3.385539270E1,6.825271130E0,8.709850311E-1,-1.350381374E0,7.011880687E0
3.386041827E1,6.677515030E0,1.191398144E0,-1.094753742E0,6.870743938E0
3.386544384E1,6.483908176E0,1.667108536E0,-8.991092443E-1,6.754902926E0
3.387046942E1,6.286799431E0,2.192134857E0,-7.924247980E-1,6.705015986E0
3.387549499E1,6.080862045E0,2.684645176E0,-8.080355525E-1,6.696052896E0
3.388052056E1,5.836947918E0,3.115509987E0,-9.164657593E-1,6.679541374E0
3.388554614E1,5.545208931E0,3.446159363E0,-1.121706486E0,6.624468423E0
3.389057171E1,5.195876598E0,3.676331043E0,-1.403471947E0,6.517842977E0
3.389559728E1,4.774907112E0,3.830048084E0,-1.765290737E0,6.370655982E0
3.390062286E1,4.277961731E0,3.888355732E0,-2.119868279E0,6.157443332E0
3.390564843E1,3.806055069E0,3.889819384E0,-2.427728415E0,5.959078392E0
3.391067400E1,3.335904598E0,3.834851503E0,-2.668755531E0,5.740784060E0
3.391569957E1,2.935025215E0,3.714262486E0,-2.775490761E0,5.487573944E0
3.392072515E1,2.565700531E0,3.523741245E0,-2.709579945E0,5.132386877E0
3.392575072E1,2.257380962E0,3.240064144E0,-2.519555330E0,4.684222831E0
3.393077629E1,2.058317184E0,2.906772137E0,-2.244407654E0,4.209912066E0
3.393580187E1,1.897286415E0,2.543618202E0,-1.880341649E0,3.688546328E0
3.394082744E1,1.755388737E0,2.150911331E0,-1.490640402E0,3.151161370E0
3.394585301E1,1.599570274E0,1.781716824E0,-1.142886400E0,2.653173426E0
3.395087859E1,1.482905865E0,1.441229820E0,-8.756493330E-1,2.245643550E0
3.395590416E1,1.348261833E0,1.144062042E0,-5.741289258E-1,1.859115906E0
3.396092973E1,1.248510361E0,8.426280022E-1,-2.578870058E-1,1.528170730E0
3.396595530E1,1.207728863E0,5.802245140E-1,2.038407326E-2,1.340031717E0
3.397098088E1,1.154233456E0,3.761258125E-1,3.322356939E-1,1.258612750E0
3.397600645E1,1.107128143E0,2.111730576E-1,6.103459001E-1,1.281736675E0
3.398103197E1,1.061579704E0,9.972190857E-2,8.686817884E-1,1.375319591E0
3.398605749E1,1.008044243E0,-1.223087311E-3,1.063961506E0,1.465663255E0
3.399108301E1,9.320383072E-1,-3.915214539E-2,1.277457476E0,1.581810955E0
3.399610853E1,8.669791222E-1,-6.199121475E-2,1.461177111E0,1.700157127E0
3.400113405E1,7.982926369E-1,-6.515264511E-2,1.605531693E0,1.794226300E0
3.400615957E1,7.736964226E-1,-2.004289627E-2,1.710543633E0,1.877489651E0
3.401118510E1,7.737312317E-1,2.038621902E-2,1.805007458E0,1.963957112E0
3.401621062E1,7.407341003E-1,8.937692642E-2,1.869714737E0,2.013084310E0
3.402123614E1,7.128291130E-1,1.771402359E-1,1.909453988E0,2.045853988E0
3.402626166E1,6.849822998E-1,2.594614029E-1,1.914655566E0,2.049982173E0
3.403128718E1,7.096805573E-1,3.314213753E-1,1.851829052E0,2.010660951E0
3.403631270E1,7.769742012E-1,4.260945320E-1,1.740254402E0,1.952877580E0
3.404133822E1,8.768811226E-1,5.525536537E-1,1.560765862E0,1.873559746E0
3.404636374E1,9.659295082E-1,6.719594002E-1,1.356433749E0,1.795678637E0
3.405138926E1,9.338507652E-1,7.647452354E-1,1.084232926E0,1.622489928E0
3.405641478E1,7.901129723E-1,8.161811829E-1,7.680829763E-1,1.371270101E0
3.406144030E1,5.540189743E-1,8.453469276E-1,4.607316852E-1,1.110775467E0
3.406646582E1,2.881255150E-1,8.333215714E-1,1.767607331E-1,8.992694315E-1
3.407149135E1,-1.198673248E-2,8.043532372E-1,-1.028378010E-1,8.109891647E-1
3.407651687E1,-3.459272385E-1,7.874822617E-1,-3.443696499E-1,9.264903791E-1
3.408154239E1,-7.132911682E-1,7.783303261E-1,-5.574686527E-1,1.193881772E0
3.408656791E1,-1.085056782E0,7.724766731E-1,-7.758218050E-1,1.541417498E0
3.409159343E1,-1.456108570E0,7.559947968E-1,-9.898459911E-1,1.916135535E0
3.409661895E1,-1.816581726E0,7.006325722E-1,-1.170866966E0,2.271956122E0
3.410164447E1,-2.147088051E0,6.690115929E-1,-1.266246080E0,2.580880227E0
3.410666999E1,-2.480819225E0,6.377191544E-1,-1.319120526E0,2.881185296E0
3.411169551E1,-2.731429577E0,5.976543427E-1,-1.358237267E0,3.108489459E0
3.411672103E1,-2.927563667E0,5.396146774E-1,-1.345402241E0,3.266790507E0
3.412174655E1,-3.112321854E0,4.780678749E-1,-1.285421729E0,3.401088831E0
3.412677207E1,-3.218764305E0,4.227070808E-1,-1.178452015E0,3.453675445E0
3.413179760E1,-3.237468719E0,3.831396103E-1,-1.015099764E0,3.414443908E0
3.413682312E1,-3.182995796E0,3.115162849E-1,-8.196861744E-1,3.301573876E0
3.414184864E1,-3.113075256E0,2.362861633E-1,-6.260175705E-1,3.184174414E0
3.414687416E1,-3.080483437E0,1.669154167E-1,-4.440876245E-1,3.116801690E0
3.415189968E1,-3.071008682E0,6.492471695E-2,-3.172153234E-1,3.088030943E0
3.415692520E1,-3.065562725E0,-4.107141495E-2,-2.691187859E-1,3.077626781E0
3.416195072E1,-3.045075893E0,-1.320834160E-1,-2.755570412E-1,3.060370061E0
3.416697624E1,-3.071796894E0,-1.939921379E-1,-3.120800257E-1,3.093697311E0
3.417200176E1,-3.126574993E0,-2.700052261E-1,-3.257559538E-1,3.155073842E0
3.417702728E1,-3.209361076E0,-3.791913986E-1,-3.118190765E-1,3.246693052E0
3.418205280E1,-3.320123672E0,-4.975819588E-1,-2.655792236E-1,3.367690801E0
3.418707838E1,-3.425265312E0,-6.631903648E-1,-2.063266039E-1,3.494972759E0
3.419210395E1,-3.562932014E0,-8.660616875E-1,-1.055428982E-1,3.668199380E0
3.419712952E1,-3.675549507E0,-1.067506313E0,-1.644134521E-3,3.827432117E0
3.420215510E1,-3.763020515E0,-1.262405634E0,8.633035421E-2,3.970068553E0
3.420718067E1,-3.782263756E0,-1.445779085E0,1.250329614E-1,4.051102260E0
3.421220624E1,-3.809784889E0,-1.622270346E0,1.343486905E-1,4.142978584E0
3.421723181E1,-3.821573257E0,-1.810773849E0,2.676756978E-1,4.237331044E0
3.422225739E1,-3.798504829E0,-2.030239820E0,3.717398643E-1,4.323043279E0
3.422728296E1,-3.726144791E0,-2.304152966E0,4.277254641E-1,4.401843360E0
3.423230853E1,-3.609330177E0,-2.637095213E0,4.214295149E-1,4.489892908E0
3.423733411E1,-3.428981304E0,-3.004994392E0,3.962832093E-1,4.576564701E0
3.424235968E1,-3.209062099E0,-3.374223948E0,3.384707570E-1,4.668835964E0
3.424738525E1,-3.030956745E0,-3.735301256E0,3.013057113E-1,4.819746819E0
3.425241082E1,-2.875528336E0,-4.093025208E0,3.280111551E-1,5.012894361E0
3.425743640E1,-2.809659958E0,-4.404101849E0,3.897625208E-1,5.238531950E0
3.426246197E1,-2.747116089E0,-4.706595898E0,4.481957555E-1,5.468050035E0
3.426748754E1,-2.721251488E0,-5.062177658E0,4.742745161E-1,5.766783212E0
3.427251312E1,-2.645811081E0,-5.398590565E0,5.063014030E-1,6.033360380E0
3.427753869E1,-2.511180401E0,-5.672371864E0,5.536272526E-1,6.228027995E0
3.428256426E1,-2.379500866E0,-5.959717751E0,6.112543941E-1,6.446230834E0
3.428758984E1,-2.312839031E0,-6.217169762E0,6.453160048E-1,6.664747330E0
3.429261541E1,-2.272741795E0,-6.425238609E0,6.697405577E-1,6.848182158E0
3.429764098E1,-2.215944767E0,-6.631272793E0,6.699039936E-1,7.023742693E0
3.430266655E1,-2.142339230E0,-6.768023491E0,6.887244582E-1,7.132327862E0
3.430769213E1,-2.080452442E0,-6.830419540E0,6.879256368E-1,7.173294581E0
3.431271770E1,-2.030119896E0,-6.818335533E0,5.956947207E-1,7.139043244E0
3.431774327E1,-1.957759857E0,-6.712777138E0,4.076357186E-1,7.004310633E0
3.432276884E1,-1.877635002E0,-6.513921261E0,1.912000179E-1,6.781831673E0
3.432779442E1,-1.694165230E0,-6.241577625E0,-8.640703559E-2,6.467994531E0
3.433281999E1,-1.378889561E0,-6.020896435E0,-4.480504096E-1,6.193002460E0
3.433784556E1,-9.751024246E-1,-5.967258453E0,-8.637779951E-1,6.107790977E0
3.434287114E1,-4.399595261E-1,-6.124161720E0,-1.322688580E0,6.280798217E0
3.434789671E1,2.120523453E-1,-6.520405769E0,-1.761469841E0,6.757472426E0
3.435292228E1,9.090976715E-1,-6.998149872E0,-2.131722450E0,7.371892621E0
3.435794786E1,1.598330498E0,-7.390659809E0,-2.423891306E0,7.940513954E0
3.436297343E1,2.107513428E0,-7.751106739E0,-2.561883688E0,8.431163417E0
3.436799900E1,2.326831818E0,-7.979366302E0,-2.508855343E0,8.682095832E0
3.437302457E1,2.204239845E0,-7.922259808E0,-2.204556227E0,8.513573980E0
3.437805015E1,1.836120605E0,-7.522208214E0,-1.842487097E0,7.959253356E0
3.438307572E1,1.380919456E0,-6.769623280E0,-1.419114590E0,7.053270455E0
3.438810129E1,9.872760773E-1,-5.860788822E0,-1.030584097E0,6.032052988E0
3.439312687E1,7.653255463E-1,-5.068547249E0,-6.809777617E-1,5.171037141E0
3.439815244E1,7.915735245E-1,-4.498152256E0,-3.499417305E-1,4.580657330E0
3.440317801E1,9.988584518E-1,-4.077915192E0,-5.106574297E-2,4.198775801E0
3.440820358E1,1.315190315E0,-3.717234135E0,2.060999274E-1,3.948421502E0
3.441322916E1,1.706644058E0,-3.364193439E0,3.443062007E-1,3.788004514E0
3.441825473E1,2.172595978E0,-2.924120426E0,3.818306625E-1,3.662847008E0
3.442328030E1,2.597391129E0,-2.441402912E0,3.035178781E-1,3.577570678E0
3.442830588E1,3.018443108E0,-1.879165173E0,1.138841510E-1,3.557419028E0
3.443333145E1,3.453915596E0,-1.315367699E0,-1.198230982E-1,3.697848388E0
3.443835702E1,3.878744602E0,-7.514390945E-1,-3.160532117E-1,3.963484582E0
3.444338260E1,4.263228416E0,-2.171845436E-1,-4.699298739E-1,4.294545348E0
3.444840817E1,4.601528168E0,2.624192238E-1,-5.862535238E-1,4.646140175E0
3.445343374E1,4.844930649E0,6.627573967E-1,-6.603838801E-1,4.934440924E0
3.445845931E1,4.992764950E0,9.929938316E-1,-7.309029698E-1,5.142757796E0
3.446348489E1,5.058949947E0,1.296041012E0,-7.930515409E-1,5.282199127E0
3.446851046E1,5.047998428E0,1.562346935E0,-8.516268134E-1,5.352427889E0
3.447353603E1,4.935889244E0,1.768219948E0,-9.116041660E-1,5.321712748E0
3.447856161E1,4.713313580E0,1.923804760E0,-1.016095519E0,5.191223339E0
3.448358718E1,4.437901974E0,2.072607040E0,-1.126774669E0,5.025962100E0
3.448861275E1,4.176957607E0,2.243851662E0,-1.276875615E0,4.910423247E0
3.449363827E1,3.901897430E0,2.428210735E0,-1.422877669E0,4.810986572E0
3.449866379E1,3.565091133E0,2.602049351E0,-1.569218397E0,4.684333676E0
3.450368931E1,3.152475357E0,2.746552944E0,-1.658219576E0,4.497926868E0
3.450871484E1,2.731357098E0,2.842926741E0,-1.708596826E0,4.296725167E0
3.451374036E1,2.302159309E0,2.877348185E0,-1.681805372E0,4.050622097E0
3.451876588E1,1.860635281E0,2.869611502E0,-1.529899120E0,3.746628503E0
3.452379140E1,1.397771835E0,2.877772570E0,-1.319990277E0,3.460883615E0
3.452881692E1,9.906802177E-1,2.907310247E0,-1.090866804E0,3.259431017E0
3.453384244E1,7.019047737E-1,2.958798170E0,-8.240164518E-1,3.150580904E0
3.453886796E1,4.646668434E-1,3.004017115E0,-5.346158743E-1,3.086397290E0
3.454389348E1,3.126769066E-1,3.038675547E0,-2.187243700E-1,3.062540820E0
3.454891900E1,2.412390709E-1,3.106195927E0,6.543934345E-2,3.116236790E0
3.455394452E1,1.881847382E-1,3.197206020E0,3.029506207E-1,3.217035734E0
3.455897004E1,1.774754524E-1,3.350141287E0,4.501717091E-1,3.384907494E0
3.456399556E1,2.042236328E-1,3.584056377E0,5.403405428E-1,3.630307881E0
3.456902108E1,3.112754822E-1,3.865218401E0,5.877501369E-1,3.922021919E0
3.457404661E1,4.169769287E-1,4.116797924E0,5.730490088E-1,4.177353238E0
3.457907213E1,4.350800514E-1,4.343392372E0,4.867535830E-1,4.392184081E0
3.458409765E1,4.371614456E-1,4.697677135E0,3.053061962E-1,4.727842264E0
3.458912317E1,4.037799835E-1,5.107180595E0,3.449022770E-2,5.123233499E0
3.459414869E1,3.155565262E-1,5.523507118E0,-1.718626022E-1,5.535182342E0
3.459917421E1,2.536225319E-1,5.860127449E0,-4.279383421E-1,5.881203051E0
3.460419973E1,2.226200104E-1,6.121557236E0,-7.277480364E-1,6.168682182E0
3.460922525E1,7.872962952E-2,6.307353020E0,-9.365001917E-1,6.376984638E0
3.461425077E1,-1.972975731E-1,6.398002625E0,-1.139646530E0,6.501704248E0
3.461927629E1,-5.429496765E-1,6.412769794E0,-1.326810837E0,6.571060629E0
3.462430181E1,-9.336781502E-1,6.356997013E0,-1.439847708E0,6.584552174E0
3.462932734E1,-1.349764347E0,6.269529343E0,-1.502210379E0,6.586766885E0
3.463435286E1,-1.757154942E0,6.131846905E0,-1.489763021E0,6.550307917E0
3.463937838E1,-2.136069298E0,5.935175896E0,-1.435774565E0,6.469200380E0
3.464440390E1,-2.519380569E0,5.694689751E0,-1.359285355E0,6.373729402E0
3.464942942E1,-2.858486176E0,5.435272217E0,-1.255182147E0,6.268062660E0
3.465445494E1,-3.152526855E0,5.115023136E0,-1.146932721E0,6.116971630E0
3.465948046E1,-3.333837986E0,4.763704300E0,-9.720660448E-1,5.895105323E0
3.466450598E1,-3.344472885E0,4.425346375E0,-6.779192090E-1,5.588270204E0
3.466953150E1,-3.141094208E0,4.134129524E0,-4.462486506E-1,5.211203086E0
3.467455702E1,-2.728527069E0,3.899861574E0,-2.860642672E-1,4.768187604E0
3.467958254E1,-2.150152683E0,3.712780714E0,-1.632657647E-1,4.293547822E0
3.468460806E1,-1.511704922E0,3.586743355E0,2.287143469E-2,3.892364675E0
3.468963358E1,-7.946338654E-1,3.477982998E0,2.433315516E-1,3.575894148E0
3.469465911E1,7.200574875E-2,3.380746365E0,4.931725264E-1,3.417286928E0
3.469968463E1,1.006095886E0,3.270203352E0,7.866586447E-1,3.510739341E0
3.470471020E1,1.992695808E0,3.155150175E0,1.099832535E0,3.890429387E0
3.470973577E1,2.978615284E0,3.063492537E0,1.480383873E0,4.522020781E0
3.471476134E1,3.925142765E0,3.008855820E0,1.942269325E0,5.313414082E0
3.471978692E1,4.908328056E0,3.028792143E0,2.517930508E0,6.293269436E0
3.472481249E1,5.879766941E0,3.022121668E0,2.986243725E0,7.254138835E0
3.472983806E1,6.795761108E0,2.992852449E0,3.480204582E0,8.200692578E0
3.473486364E1,7.569529057E0,2.978446722E0,3.964859486E0,9.049255536E0
3.473988921E1,8.190980911E0,2.992457628E0,4.319506168E0,9.731654766E0
3.474491478E1,8.650148392E0,3.010408163E0,4.638422489E0,1.026657624E1
3.474994036E1,8.947048187E0,3.037014246E0,4.767576694E0,1.058314293E1
3.475496593E1,9.196699142E0,2.976759195E0,4.916975975E0,1.084513823E1
3.475999150E1,9.494857788E0,2.805945158E0,5.009629250E0,1.109603703E1
3.476501707E1,9.865499496E0,2.520059586E0,5.064518929E0,1.137225275E1
3.477004265E1,1.010282421E1,2.195726156E0,5.219755173E0,1.158162832E1
3.477506822E1,1.016880512E1,1.833255768E0,5.479023933E0,1.169551741E1
3.478009379E1,1.020707226E1,1.447224140E0,5.912657738E0,1.188437223E1
3.478511937E1,1.030363274E1,1.013947010E0,6.380149364E0,1.216138323E1
3.479014494E1,1.044878483E1,5.096945763E-1,6.722383022E0,1.243492366E1
3.479517051E1,1.051804256E1,-5.107498169E-2,6.947835445E0,1.260572272E1
3.480019608E1,1.045897770E1,-6.011652946E-1,7.060312271E0,1.263327446E1
3.480522166E1,1.027188110E1,-1.039979458E0,7.125683308E0,1.254465868E1
3.481024723E1,1.000504494E1,-1.333873749E0,7.142958164E0,1.236535461E1
3.481527280E1,9.711700439E0,-1.516179562E0,7.092675209E0,1.212113722E1
3.482029838E1,9.445063591E0,-1.663399696E0,6.936686516E0,1.183612034E1
3.482532395E1,9.196435928E0,-1.813439369E0,6.642590046E0,1.148855947E1
3.483034952E1,8.895020485E0,-2.023354053E0,6.346062183E0,1.111250900E1
3.483537510E1,8.551383018E0,-2.273438454E0,6.086741924E0,1.073979056E1
3.484040067E1,8.195015907E0,-2.582680225E0,5.852126598E0,1.039595636E1
3.484542624E1,7.874474525E0,-2.926864147E0,5.653729916E0,1.012613178E1
3.485045181E1,7.475472450E0,-3.329640865E0,5.540777683E0,9.882783716E0
3.485547739E1,7.127709389E0,-3.761985779E0,5.342692852E0,9.669599011E0
3.486050296E1,6.740645409E0,-4.171017647E0,5.166940689E0,9.462080364E0
3.486552853E1,6.252305031E0,-4.499323845E0,5.010457039E0,9.189119272E0
3.487055411E1,5.691805840E0,-4.751077652E0,4.875133514E0,8.873348824E0
3.487557968E1,5.073829651E0,-4.949245453E0,4.829133511E0,8.576672335E0
3.488060525E1,4.489528656E0,-5.106914520E0,4.868281841E0,8.362811223E0
3.488563082E1,4.039441109E0,-5.179688454E0,4.988236427E0,8.247954874E0
3.489065640E1,3.780805588E0,-5.199936867E0,5.217819691E0,8.280065014E0
3.489568197E1,3.665380478E0,-5.200552940E0,5.628360748E0,8.494657712E0
3.490070754E1,3.601845741E0,-5.104837894E0,6.147243500E0,8.764774117E0
3.490573312E1,3.584978104E0,-4.965934753E0,6.672840118E0,9.057558789E0
3.491075869E1,3.662124634E0,-4.794346809E0,7.208927155E0,9.400295149E0
3.491578426E1,3.823136330E0,-4.682507515E0,7.677742958E0,9.771897715E0
3.492080984E1,3.971847534E0,-4.584259987E0,8.025568008E0,1.005985856E1
3.492583541E1,4.098369598E0,-4.515704155E0,8.184860229E0,1.020686800E1
3.493086098E1,4.102099419E0,-4.497372627E0,8.184105873E0,1.019966515E1
3.493588655E1,3.983184814E0,-4.530172348E0,7.998949528E0,1.001855360E1
3.494091213E1,3.670219421E0,-4.633674145E0,7.614500046E0,9.639608790E0
3.494593770E1,3.245086670E0,-4.745660782E0,7.106668472E0,9.140931054E0
3.495096327E1,2.760945320E0,-4.832424641E0,6.532309532E0,8.581737283E0
3.495598884E1,2.256520271E0,-4.946199417E0,5.881767273E0,8.009491785E0
3.496101442E1,1.770437241E0,-5.038561821E0,5.255829334E0,7.493016431E0
3.496603999E1,1.264717102E0,-5.089683533E0,4.707506657E0,7.047340401E0
3.497106556E1,8.017740250E-1,-5.127506256E0,4.227836609E0,6.693934895E0
3.497609114E1,3.817892075E-1,-5.146328926E0,3.802775145E0,6.410270136E0
3.498111671E1,3.843212128E-2,-5.130958557E0,3.394116640E0,6.152092368E0
3.498614228E1,-1.946792603E-1,-5.090237141E0,2.963533163E0,5.893296444E0
3.499116786E1,-3.796281815E-1,-5.114505768E0,2.544396877E0,5.725053910E0
3.499619338E1,-4.729919434E-1,-5.165051937E0,2.159684658E0,5.618337896E0
3.500121890E1,-5.031652451E-1,-5.227484226E0,1.722549200E0,5.526928835E0
3.500624442E1,-5.274600983E-1,-5.234430790E0,1.324277878E0,5.425052235E0
3.501126994E1,-5.792293549E-1,-5.147892475E0,1.065526962E0,5.288823242E0
3.501629546E1,-6.582241058E-1,-5.044391632E0,8.266937733E-1,5.153888678E0
3.502132098E1,-7.880010605E-1,-4.952286243E0,6.363663673E-1,5.054804335E0
3.502634650E1,-8.915348053E-1,-4.880743027E0,4.367752075E-1,4.980688646E0
3.503137202E1,-8.967485428E-1,-4.776896477E0,2.709307671E-1,4.867884692E0
3.503639754E1,-7.842969894E-1,-4.612405300E0,3.844451904E-2,4.678769326E0
3.504142306E1,-5.828733444E-1,-4.459786415E0,-2.600407600E-1,4.505225566E0
3.504644858E1,-4.312391281E-1,-4.343678474E0,-5.901861191E-1,4.404750791E0
3.505147411E1,-3.389654160E-1,-4.274099350E0,-9.414503574E-1,4.389664176E0
3.505649963E1,-3.061017990E-1,-4.179815292E0,-1.202869177E0,4.360211973E0
3.506152515E1,-2.943744659E-1,-4.056681156E0,-1.479005098E0,4.327906470E0
3.506655067E1,-2.897453308E-1,-3.910182714E0,-1.792618990E0,4.311260148E0
3.507157619E1,-3.837313652E-1,-3.769588709E0,-2.127844572E0,4.345661206E0
3.507660171E1,-4.955611229E-1,-3.610836267E0,-2.421300173E0,4.375661539E0
3.508162723E1,-5.729789734E-1,-3.509989023E0,-2.672439098E0,4.448624347E0
3.508665275E1,-6.543965340E-1,-3.442157507E0,-3.005547523E0,4.616275451E0
3.509167827E1,-5.916976929E-1,-3.401736736E0,-3.463446856E0,4.890540165E0
3.509670379E1,-4.911127090E-1,-3.436094761E0,-3.959008455E0,5.265138825E0
3.510172931E1,-6.529974937E-1,-3.220430613E0,-3.584648609E0,4.862847387E0
3.510675484E1,-1.379089355E-1,-3.459784985E0,-4.011988640E0,5.299545628E0
3.511178036E1,6.128787994E-2,-3.608702421E0,-4.161572456E0,5.508645449E0
3.511680588E1,2.165765762E-1,-3.662985802E0,-4.228747368E0,5.598810114E0
3.512183140E1,-7.388877869E-2,-3.766455650E0,-3.902597189E0,5.424196949E0
3.512685692E1,3.996987343E-1,-3.914567947E0,-4.349891663E0,5.865591084E0
3.513188244E1,9.393682480E-1,-4.112001419E0,-4.792188644E0,6.384045769E0
3.513690796E1,1.217514992E0,-4.177152634E0,-4.749957085E0,6.441509077E0
3.514193348E1,1.291208267E0,-4.168087006E0,-4.582573891E0,6.327728782E0
3.514695900E1,1.275308132E0,-4.114086151E0,-4.352773666E0,6.123622644E0
3.515198452E1,1.270631313E0,-4.073153973E0,-4.161672115E0,5.960251842E0
3.515701004E1,1.320976257E0,-4.040906429E0,-4.019628525E0,5.850753500E0
3.516203556E1,1.432091713E0,-4.003393173E0,-3.989601135E0,5.830519770E0
3.516706108E1,1.556751251E0,-3.970261097E0,-4.067214012E0,5.893104229E0
3.517208661E1,1.767211437E0,-3.941288710E0,-4.291030407E0,6.088492006E0
3.517711213E1,2.048674107E0,-3.920932770E0,-4.651231766E0,6.419091549E0
3.518213765E1,2.290204048E0,-3.870046377E0,-4.994458199E0,6.720632875E0
3.518716317E1,2.462316990E0,-3.797481060E0,-5.291945457E0,6.963372321E0
3.519218869E1,2.516607285E0,-3.750064850E0,-5.558250427E0,7.161734875E0
3.519721421E1,2.471368313E0,-3.717194080E0,-5.812627792E0,7.328835857E0
3.520223973E1,2.301358461E0,-3.640205145E0,-6.131679058E0,7.492985542E0
3.520726525E1,2.067893505E0,-3.584759235E0,-6.262272835E0,7.506180346E0
3.521229082E1,1.780088425E0,-3.516418934E0,-6.243474007E0,7.383419573E0
3.521731640E1,1.365521669E0,-3.477460384E0,-6.123777866E0,7.173425647E0
3.522234197E1,9.764361382E-1,-3.452928782E0,-6.018473148E0,7.007008187E0
3.522736754E1,7.644944191E-1,-3.504751205E0,-5.922930717E0,6.924510164E0
3.523239312E1,7.230060101E-1,-3.551450491E0,-5.741539001E0,6.789757609E0
3.523741869E1,5.750389099E-1,-3.401844740E0,-5.054308891E0,6.119579704E0
3.524244426E1,6.109244823E-1,-3.223744869E0,-4.151727676E0,5.291748520E0
3.524746984E1,8.634552956E-1,-3.284573555E0,-3.733975887E0,5.047430476E0
3.525249541E1,8.174333572E-1,-3.278806210E0,-2.911107540E0,4.460192212E0
3.525752098E1,1.195801497E0,-3.308533192E0,-2.735216618E0,4.456202761E0
3.526254655E1,1.859135389E0,-3.288813353E0,-2.396653175E0,4.473994201E0
3.526757213E1,2.485643387E0,-3.273271561E0,-2.153129578E0,4.639902664E0
3.527259770E1,2.748104334E0,-3.252870083E0,-1.984611988E0,4.698076835E0
3.527762327E1,2.697561264E0,-3.237473011E0,-1.837810993E0,4.597348966E0
3.528264885E1,2.533438683E0,-3.236572504E0,-1.707614422E0,4.450804438E0
3.528767442E1,2.392417431E0,-3.317131758E0,-1.517148018E0,4.362196966E0
3.529269999E1,2.162295580E0,-3.416568041E0,-1.376392365E0,4.271172590E0
3.529772556E1,2.013420582E0,-3.558558941E0,-1.318740845E0,4.296077466E0
3.530275114E1,1.838501692E0,-3.618820190E0,-1.224391937E0,4.239703251E0
3.530777671E1,1.583761454E0,-3.545198679E0,-1.184142113E0,4.059424412E0
3.531280228E1,1.266890049E0,-3.343156815E0,-1.168933868E0,3.761397915E0
3.531782786E1,9.868950844E-1,-3.046741962E0,-1.183219910E0,3.414177477E0
3.532285343E1,8.913108110E-1,-2.723265171E0,-9.828987122E-1,3.029306527E0
3.532787900E1,1.219424367E0,-2.344240904E0,-4.820957184E-1,2.686052398E0
3.533290457E1,2.040420055E0,-1.690466881E0,5.340871811E-1,2.703005992E0
3.533793015E1,1.036105990E0,-1.231540203E0,5.683336258E-1,1.706812821E0
3.534295572E1,1.487691402E-1,-1.291005611E0,-8.663272858E-2,1.302433482E0
3.534798129E1,2.390118837E-1,-1.273555994E0,-3.210487366E-1,1.334969603E0
3.535300687E1,9.155069590E-1,-1.259376764E0,-3.944778442E-1,1.606174211E0
3.535803244E1,1.630506873E0,-1.238281250E0,-3.843212128E-1,2.083169679E0
3.536305801E1,2.291279316E0,-1.234096050E0,-4.920139313E-1,2.648590507E0
3.536808358E1,2.632613182E0,-1.212751865E0,-6.512556076E-1,2.970783250E0
3.537310916E1,2.923320293E0,-1.181361675E0,-9.174876213E-1,3.283778385E0
3.537813473E1,3.232165575E0,-1.259863853E0,-1.099386692E0,3.639066135E0
3.538316030E1,3.544208527E0,-1.400901794E0,-1.110762119E0,3.969601038E0
3.538818588E1,4.157397270E0,-1.372928619E0,-9.638276100E-1,4.483062426E0
3.539321145E1,4.772059917E0,-1.077259064E0,-6.431903839E-1,4.934241260E0
3.539823702E1,5.231132507E0,-6.097793579E-1,-9.719753265E-2,5.267449623E0
3.540326260E1,5.588624954E0,-7.672309875E-2,6.403570175E-1,5.625715281E0
3.540828817E1,5.651196003E0,3.730273247E-1,1.358278751E0,5.824095365E0
3.541331374E1,5.241946220E0,5.256519318E-1,2.164292336E0,5.695478158E0
3.541833931E1,4.377353191E0,3.415579796E-1,2.748147964E0,5.179787645E0
3.542336489E1,3.495331526E0,-1.220550537E-1,3.066873074E0,4.651661032E0
3.542839046E1,2.789064884E0,-6.591391563E-1,2.995882988E0,4.145921156E0
3.543341603E1,2.082425833E0,-1.082001209E0,2.558560371E0,3.471808627E0
3.543844161E1,1.351087332E0,-1.422215939E0,1.773253918E0,2.644345781E0
3.544346718E1,4.270961285E-1,-1.777526140E0,7.438817024E-1,1.973669240E0
3.544849275E1,-4.596130848E-1,-2.139934063E0,-3.019862175E-1,2.209469995E0
3.545351832E1,-1.146031380E0,-2.487350702E0,-1.294841290E0,3.029342405E0
3.545854390E1,-1.627622366E0,-2.745812416E0,-2.269837856E0,3.916733880E0
3.546356947E1,-1.953264952E0,-2.885277987E0,-3.079518795E0,4.650108498E0
3.546859504E1,-2.120011806E0,-2.948593378E0,-3.494223595E0,5.039667796E0
3.547362062E1,-1.886009216E0,-2.998445272E0,-3.958268881E0,5.311835591E0
3.547864619E1,-1.545512676E0,-3.069302082E0,-4.317183495E0,5.517907033E0
3.548367176E1,-6.120243073E-1,-3.713217735E0,-3.805176735E0,5.351815550E0
3.548869734E1,-1.375378370E-1,-3.856366873E0,-4.288653374E0,5.769144640E0
3.549372291E1,-2.452872992E-1,-3.226195574E0,-5.373115540E0,6.272070977E0
3.549874848E1,-2.636808157E-1,-2.515518188E0,-6.348924637E0,6.834193689E0
3.550377400E1,-7.461333275E-2,-1.870944738E0,-6.972115040E0,7.219168199E0
3.550879952E1,3.248713017E-1,-1.496839523E0,-7.387119770E0,7.544243396E0
3.551382504E1,7.200667858E-1,-1.301082134E0,-7.465818405E0,7.612473669E0
3.551885056E1,1.842522860E0,-1.719946146E0,-6.610627174E0,7.074849601E0
3.552387609E1,2.350057125E0,-2.148276567E0,-6.007686615E0,6.799276371E0
3.552890161E1,2.218855143E0,-2.841171265E0,-5.493171692E0,6.570426739E0
3.553392713E1,2.589998007E0,-2.671212673E0,-4.683072090E0,5.981189766E0
3.553895265E1,3.101634502E0,-2.049983025E0,-2.655125618E0,4.568616753E0
3.554397817E1,3.485525608E0,-1.361417532E0,-1.443014622E0,4.010565753E0
3.554900369E1,3.569205284E0,-9.112710953E-1,-2.228533268E0,4.305345735E0
3.555402921E1,2.801007748E0,-7.510175705E-1,-2.895103455E0,4.097718366E0
3.555905473E1,2.505949259E0,2.230167389E-3,-6.707420349E-1,2.594162975E0
3.556408025E1,-1.315967143E-1,1.162309647E-1,1.496352196E0,1.506617810E0
3.556910577E1,-2.463786840E0,-1.707310677E-1,1.646122932E0,2.968015398E0
3.557413129E1,-3.109019756E0,-4.652690887E-1,3.495292664E-1,3.163012785E0
3.557915681E1,-3.459612370E0,-1.440630674E0,-6.515331268E-1,3.803791517E0
3.558418234E1,-3.318325758E0,-2.182082176E0,-1.104491234E0,4.122216557E0
3.558920786E1,-2.705032825E0,-2.029674768E0,-1.555662632E0,3.722481495E0
3.559423338E1,-2.292989016E0,-1.807156324E0,-1.612987995E0,3.335467415E0
3.559925890E1,-1.916609406E0,-1.739735603E0,-1.238634109E0,2.869544571E0
3.560428442E1,-1.137792349E0,-1.535690308E0,-1.030930519E0,2.171574057E0
3.560930994E1,-7.195432484E-2,-1.128201485E0,-1.157086372E0,1.617672676E0
3.561433546E1,1.072956443E0,-6.228260994E-1,-1.420548916E0,1.886029454E0
3.561936098E1,1.979093075E0,-2.448506355E-1,-1.624866009E0,2.572343441E0
3.562438650E1,2.353833675E0,-7.615852356E-2,-1.640626431E0,2.870189572E0
3.562941202E1,2.149997711E0,-1.795291901E-1,-1.515475750E0,2.636548432E0
3.563443754E1,2.010390520E0,-2.781109810E-1,-1.191789627E0,2.353588383E0
3.563946306E1,2.128361464E0,-4.302692413E-1,-9.180364609E-1,2.357508236E0
3.564448859E1,2.137587786E0,-6.412739754E-1,-7.369279861E-1,2.350229076E0
3.564951411E1,2.470631123E0,-7.486307621E-1,-7.869405746E-1,2.698840794E0
3.565453963E1,2.936659575E0,-8.624875546E-1,-1.019909859E0,3.226154113E0
3.565956515E1,3.373474598E0,-9.730420113E-1,-1.225232124E0,3.718646982E0
3.566459067E1,3.270490408E0,-1.080038071E0,-1.206903458E0,3.649548698E0
3.566961619E1,2.974213362E0,-1.087679386E0,-1.051233292E0,3.336777338E0
3.567464171E1,2.587151766E0,-9.336435795E-1,-7.487869263E-1,2.850565988E0
3.567966723E1,-2.342226744E0,-8.808920383E-1,-6.535387039E-1,2.586331328E0
3.568469275E1,-5.680533886E0,1.723389626E-1,-1.291953564E0,5.828148073E0
3.568971827E1,2.415286779E0,2.095701218E0,-9.890441895E-1,3.347205137E0
3.569474379E1,3.815287590E0,2.644665718E0,-5.824594498E-1,4.678668097E0
3.569976931E1,1.813242316E0,2.223323345E0,-4.502782822E-1,2.904094511E0
3.570479484E1,-8.905000687E-1,1.571240425E0,-7.652378082E-1,1.961472852E0
3.570982036E1,-3.756184101E0,1.212224007E0,-1.207621098E0,4.127560388E0
3.571484588E1,-4.891232491E0,1.692822933E0,-1.558360100E0,5.405394617E0
3.571987140E1,-4.056190014E0,2.840383530E0,-1.416409016E0,5.150404889E0
3.572489697E1,-3.169348240E0,3.869353771E0,-1.016851902E0,5.103984195E0
3.572992254E1,-3.362132072E0,4.148620129E0,-8.674340248E-1,5.409937415E0
3.573494812E1,-3.354725838E0,4.153573036E0,-1.179548740E0,5.467877984E0
3.573997369E1,-2.490772724E0,3.641790867E0,-1.212852955E0,4.575762425E0
3.574499926E1,-1.848716974E0,2.777493477E0,-1.059774876E0,3.500763810E0
3.575002484E1,-1.546231031E0,2.102980137E0,-1.051671028E0,2.814137134E0
3.575505041E1,-1.465954542E0,1.576350212E0,-1.017131805E0,2.380852751E0
3.576007598E1,-1.208903551E0,1.241153240E0,-8.227100372E-1,1.918009637E0
3.576510155E1,-6.541994214E-1,1.077734947E0,-5.400257111E-1,1.371538285E0
3.577012713E1,-2.700752020E-1,9.227352142E-1,-3.408722878E-1,1.020085686E0
3.577515270E1,-1.321433187E-1,7.899961472E-1,-2.198672295E-1,8.306006067E-1
3.578017827E1,-3.811460733E-2,6.888337135E-1,-1.391792297E-2,6.900277652E-1
3.578520385E1,-6.992518902E-3,5.901417732E-1,3.585844040E-1,6.905787302E-1
3.579022942E1,-2.096083164E-1,5.125007629E-1,7.881207466E-1,9.631858541E-1
3.579525499E1,-4.094944000E-1,4.311017990E-1,1.399916649E0,1.520953993E0
3.580028056E1,-3.324860334E-1,4.450478554E-1,2.041902542E0,2.116123944E0
3.580530614E1,-6.480020285E-2,6.675515175E-1,2.600358963E0,2.685459147E0
3.581033171E1,3.904479742E-2,9.247002602E-1,2.985560417E0,3.125726487E0
3.581535728E1,5.553674698E-2,1.186527252E0,3.145945549E0,3.362722803E0
3.582038286E1,8.512091637E-2,1.327661514E0,2.986824036E0,3.269716882E0
3.582540843E1,1.998149753E-1,1.227967739E0,2.686021805E0,2.960159443E0
3.583043400E1,2.860383093E-1,8.537044525E-1,2.540625572E0,2.695441987E0
3.583545957E1,6.274623275E-1,5.202965736E-1,2.412107468E0,2.546110746E0
3.584048515E1,8.762366772E-1,2.032847404E-1,2.425067902E0,2.586516910E0
3.584551072E1,8.055331707E-1,-1.983890533E-1,2.761402130E0,2.883328568E0
3.585053629E1,3.949316144E-1,-3.794746399E-1,3.239475250E0,3.285448505E0
3.585556187E1,6.844219565E-2,-2.927365303E-1,3.227917671E0,3.241887028E0
3.586058744E1,-3.100425005E-2,-1.776628494E-1,3.372835159E0,3.377653381E0
3.586561301E1,-1.562457532E-1,-1.250395775E-1,3.621191025E0,3.626716431E0
3.587063858E1,-3.353777826E-1,-1.293969154E-1,3.699760437E0,3.717182954E0
3.587566416E1,-3.466978073E-1,-1.416411400E-1,3.631858826E0,3.651117652E0
3.588068973E1,-1.584023237E-3,-9.372568130E-2,3.416952133E0,3.418237688E0
3.588571530E1,1.671784818E-1,-1.185002327E-1,3.059289932E0,3.066145111E0
3.589074088E1,2.504934669E-1,-1.667938232E-1,2.577425003E0,2.594934836E0
3.589576645E1,4.267261028E-1,-2.762870789E-1,2.195994377E0,2.254067661E0
3.590079202E1,5.683130026E-1,-4.180183411E-1,1.910020828E0,2.036147973E0
3.590581760E1,6.365222335E-1,-6.109967232E-1,1.585425377E0,1.814401051E0
3.591084317E1,8.980425596E-1,-7.361006737E-1,1.409058571E0,1.825861631E0
3.591586874E1,1.340178490E0,-8.752417564E-1,1.132410049E0,1.960734311E0
3.592089431E1,1.821889520E0,-1.003801823E0,6.834974289E-1,2.189536082E0
3.592591989E1,2.090910673E0,-1.058858395E0,2.581644058E-1,2.357909541E0
3.593094546E1,2.056892157E0,-1.121269226E0,9.097099304E-3,2.342676414E0
3.593597103E1,1.811330795E0,-1.224461794E0,-4.003715515E-2,2.186739333E0
3.594099661E1,1.426681757E0,-1.316048861E0,1.011142731E-1,1.943612496E0
3.594602218E1,1.009127140E0,-1.339232206E0,2.748498917E-1,1.699241875E0
3.595104775E1,7.690629363E-1,-1.261240721E0,3.667316437E-1,1.522063748E0
3.595607332E1,3.469382524E-1,-1.422379017E0,3.963699341E-1,1.516785200E0
3.596109890E1,-1.156941131E-1,-1.602638483E0,3.639965057E-1,1.647521985E0
3.596612447E1,-4.419962764E-1,-1.506350994E0,4.901924133E-1,1.644610175E0
3.597115004E1,-6.393221021E-1,-1.354166031E0,4.784746170E-1,1.572080261E0
3.597617562E1,-8.450051546E-1,-1.356156349E0,3.575267792E-1,1.637381798E0
3.598120119E1,-1.131812215E0,-1.373081684E0,2.277393341E-1,1.793939075E0
3.598622676E1,-1.300954342E0,-1.385324478E0,1.223173141E-1,1.904354913E0
3.599125234E1,-1.387612343E0,-1.464388371E0,6.498622894E-2,2.018446067E0
3.599627791E1,-1.330162287E0,-1.624255419E0,-6.403827667E-2,2.100390029E0
3.600130343E1,-1.109346390E0,-1.778572083E0,-3.030004501E-1,2.117965377E0
3.600632895E1,-7.200388908E-1,-1.864898682E0,-6.136188507E-1,2.091131558E0
3.601135447E1,-2.912150621E-1,-1.916226387E0,-9.769544601E-1,2.170522931E0
3.601637999E1,1.915103197E-2,-1.956251860E0,-1.302196026E0,2.350106932E0
3.602140551E1,2.156620324E-1,-1.946656466E0,-1.512901783E0,2.474844099E0
3.602643103E1,3.460389376E-1,-1.844609737E0,-1.652157307E0,2.500390329E0
3.603145655E1,4.484510422E-1,-1.693754673E0,-1.801073074E0,2.512723114E0
3.603648207E1,4.461080432E-1,-1.556921721E0,-1.878009796E0,2.479906939E0
3.604150760E1,2.626931369E-1,-1.406340837E0,-1.815570831E0,2.311514585E0
3.604653312E1,9.970802069E-2,-1.238291740E0,-1.742443562E0,2.139957404E0
3.605155864E1,8.145844936E-2,-1.072958946E0,-1.677207470E0,1.992712041E0
3.605658416E1,-5.055719614E-2,-9.446828365E-1,-1.571567059E0,1.834340402E0
3.606160968E1,-2.245627642E-1,-8.683230877E-1,-1.511363506E0,1.757450730E0
3.606663520E1,-3.685753345E-1,-8.393523693E-1,-1.630245686E0,1.870310448E0
3.607166072E1,-4.448940754E-1,-8.383991718E-1,-1.904220581E0,2.127651271E0
3.607668624E1,-7.793005705E-1,-1.022772312E0,-2.113404274E0,2.473833100E0
3.608171176E1,-2.153474092E-1,-6.693205833E-1,-2.535823345E0,2.631494744E0
3.608673728E1,1.622546911E-1,-6.292381287E-1,-3.420696735E0,3.481872106E0
3.609176280E1,-4.642872810E-1,-6.590089798E-1,-6.161398888E0,6.213911149E0
3.609678832E1,-1.923930645E-2,-3.143391609E-1,-6.143111229E0,6.151178329E0
3.610181384E1,-5.147485733E-1,-5.775418282E-1,-4.545387268E0,4.610755478E0
3.610683937E1,5.990576148E-1,-3.153004646E-1,-4.617117882E0,4.666482824E0
3.611186489E1,1.865772247E0,-2.786884308E-1,-4.247543812E0,4.647623237E0
3.611689041E1,2.043490887E0,-2.767167091E-1,-3.336217403E0,3.922087927E0
3.612191593E1,1.174528718E0,-3.011798859E-1,-2.595206738E0,2.864493855E0
3.612694145E1,8.775941133E-1,4.329013824E-2,-2.095011711E0,2.271809749E0
3.613196697E1,8.752671480E-1,2.612829208E-1,-1.293545246E0,1.583546857E0
3.613699249E1,9.921506643E-1,3.700323105E-1,-4.528369904E-1,1.151671911E0
3.614201801E1,1.149347186E0,4.542064667E-1,2.752246857E-1,1.266116541E0
3.614704353E1,1.242763162E0,5.365104675E-1,8.676900864E-1,1.607852557E0
3.615206905E1,1.324589491E0,6.303591728E-1,1.272540092E0,1.941970209E0
3.615709457E1,1.451605678E0,6.779799461E-1,1.384920120E0,2.117739264E0
3.616212010E1,1.490085721E0,6.748046875E-1,1.363031387E0,2.129218492E0
3.616714562E1,1.426818967E0,6.649627686E-1,1.053702354E0,1.894274663E0
3.617217114E1,1.377727866E0,4.013962746E-1,4.519023895E-1,1.504482905E0
3.617719666E1,1.117997885E0,3.024654388E-1,-3.999347687E-1,1.225296875E0
3.618222218E1,9.092462063E-1,3.650026321E-1,-1.268360615E0,1.602714645E0
3.618724770E1,9.161525965E-1,4.421362877E-1,-1.968132019E0,2.215482729E0
3.619227322E1,1.015960574E0,6.214237213E-1,-2.620390892E0,2.878331419E0
3.619729874E1,1.077076793E0,8.374700546E-1,-3.236213207E0,3.512054446E0
3.620232426E1,9.931956530E-1,1.025032520E0,-3.620889664E0,3.892039469E0
