"Time (s)","Linear Acceleration x (m/s^2)","Linear Acceleration y (m/s^2)","Linear Acceleration z (m/s^2)","Absolute acceleration (m/s^2)"
6.037148000E-3,1.227126122E-1,-3.914117813E-2,-6.009745598E-1,6.146225171E-1
1.106277300E-2,9.494686127E-2,-2.026002407E-1,-4.411740303E-1,4.946678573E-1
1.608850200E-2,7.913827896E-2,-3.275032043E-1,-3.024463654E-1,4.527637574E-1
2.111433500E-2,9.375429153E-2,-3.565921783E-1,-2.272653580E-1,4.331251456E-1
2.614027300E-2,9.500837326E-2,-3.616573811E-1,-1.432991028E-1,4.004463574E-1
3.116626200E-2,8.220338821E-2,-3.475275040E-1,-1.175498962E-2,3.573107091E-1
3.619230400E-2,1.174354553E-2,-3.430294991E-1,1.629881859E-1,3.799635467E-1
4.121839800E-2,-8.755874634E-2,-3.077182770E-1,3.026227951E-1,4.403835012E-1
4.624449200E-2,-1.497306824E-1,-2.681496143E-1,3.760013580E-1,4.854899733E-1
5.127058500E-2,-2.138133049E-1,-2.006537914E-1,4.031949043E-1,4.985420787E-1
5.629667900E-2,-3.134913445E-1,-1.482398510E-1,3.896574974E-1,5.216175244E-1
6.132225200E-2,-4.203062057E-1,-1.392619610E-1,2.931952477E-1,5.310505189E-1
6.634782500E-2,-5.199518204E-1,-1.446120739E-1,2.188487053E-1,5.823721347E-1
7.137339800E-2,-5.883102417E-1,-1.116931438E-1,1.755137444E-1,6.240107157E-1
7.639897100E-2,-5.535507202E-1,-5.027174950E-2,1.338000298E-1,5.717063028E-1
8.142454400E-2,-4.299597740E-1,5.836105347E-2,7.413482666E-2,4.401901775E-1
8.645011700E-2,-2.745594978E-1,1.899764538E-1,-2.278900146E-2,3.346540145E-1
9.147568900E-2,-1.677813530E-1,2.826347351E-1,-7.632637024E-2,3.374295344E-1
9.650126200E-2,-1.608686447E-1,3.129303455E-1,-7.301044464E-2,3.593530952E-1
1.015268350E-1,-1.908588409E-1,3.242104053E-1,5.364418030E-3,3.762555795E-1
1.065524080E-1,-1.861634254E-1,3.308150768E-1,5.844354630E-2,3.840717174E-1
1.115779810E-1,-9.487771988E-2,3.658599854E-1,1.435098648E-1,4.042899849E-1
1.166035540E-1,6.303453445E-2,4.240527153E-1,2.558388710E-1,4.992470188E-1
1.216291270E-1,2.061290741E-1,4.524521828E-1,3.385281563E-1,6.015010270E-1
1.266547000E-1,2.392945290E-1,4.035835266E-1,3.208680153E-1,5.684169401E-1
1.316802730E-1,1.679577827E-1,3.112387657E-1,2.561273575E-1,4.366699089E-1
1.367058460E-1,2.138042450E-2,2.140452862E-1,1.921553612E-1,2.884374974E-1
1.417314190E-1,-1.284642220E-1,1.407837868E-1,6.229305267E-2,2.005082426E-1
1.467569920E-1,-3.193521500E-1,2.529931068E-2,-2.044553757E-1,3.800366449E-1
1.517825640E-1,-5.604090691E-1,-1.216871738E-1,-4.933209419E-1,7.564599426E-1
1.568081370E-1,-7.703304291E-1,-2.327132225E-1,-6.572866440E-1,1.039033275E0
1.618337100E-1,-8.538107872E-1,-2.410750389E-1,-6.220097542E-1,1.083515652E0
1.668592830E-1,-7.636809349E-1,-1.950705051E-1,-4.988703728E-1,9.328090486E-1
1.718848560E-1,-5.721354485E-1,-9.072303772E-2,-3.362736702E-1,6.698131248E-1
1.769104290E-1,-3.464345932E-1,-2.872943878E-4,-1.723566055E-1,3.869416098E-1
1.819360020E-1,-9.207820892E-2,1.089284420E-1,-8.727216721E-2,1.672131371E-1
1.869615750E-1,1.611895561E-1,1.935737133E-1,-7.000446320E-2,2.614449853E-1
1.919871480E-1,3.981556892E-1,2.439415455E-1,-3.371334076E-2,4.681581141E-1
1.970127210E-1,6.279172897E-1,2.645285130E-1,5.996608734E-2,6.839966290E-1
2.020382940E-1,8.602423668E-1,2.315528393E-1,2.389969826E-1,9.223628379E-1
2.070638670E-1,1.129106045E0,1.448843479E-1,3.646554947E-1,1.195343283E0
2.120894390E-1,1.439709663E0,1.233541965E-1,4.987306595E-1,1.528630905E0
2.171150120E-1,1.645053864E0,9.002971649E-2,5.554642677E-1,1.738633980E0
2.221405850E-1,1.736289978E0,3.556823730E-2,4.691581726E-1,1.798910053E0
2.271661580E-1,1.694785595E0,-6.322312355E-2,3.552255630E-1,1.732766740E0
2.321917310E-1,1.578203201E0,-1.865637302E-1,1.190614700E-1,1.593645821E0
2.372173040E-1,1.296120167E0,-3.096835613E-1,-1.336026192E-1,1.339283784E0
2.422428770E-1,9.065690041E-1,-3.888599873E-1,-3.505268097E-1,1.046875586E0
2.472684500E-1,5.431756973E-1,-4.045047760E-1,-6.081724167E-1,9.102404300E-1
2.522940230E-1,2.008433342E-1,-4.132416248E-1,-8.636913300E-1,9.782992379E-1
2.573195960E-1,-1.254353523E-1,-3.859987259E-1,-1.098277092E0,1.170872160E0
2.623451690E-1,-4.401106834E-1,-3.607583046E-1,-1.184271336E0,1.313903560E0
2.673707420E-1,-6.806244850E-1,-2.994437218E-1,-1.076014042E0,1.307945890E0
2.723963140E-1,-7.800164223E-1,-2.452721596E-1,-9.086766243E-1,1.222406339E0
2.774218870E-1,-7.526965141E-1,-2.172863483E-1,-7.117824554E-1,1.058489331E0
2.824474600E-1,-6.223711967E-1,-1.966950893E-1,-4.480533600E-1,7.916986031E-1
2.874730330E-1,-3.089790344E-1,-1.268408298E-1,-3.126449585E-1,4.574970053E-1
2.924986060E-1,9.027910233E-2,-2.279186249E-2,-1.519079208E-1,1.781735158E-1
2.975241790E-1,5.550947189E-1,1.049845219E-1,2.245197296E-1,6.079152949E-1
3.025497520E-1,1.013339043E0,2.791266441E-1,8.961019516E-1,1.381219174E0
3.075753250E-1,1.412876129E0,4.741096497E-1,1.737373352E0,2.288987785E0
3.126008980E-1,1.790865421E0,6.696500778E-1,2.484633446E0,3.135128952E0
3.176264710E-1,1.846044064E0,9.136037827E-1,3.613571167E0,4.159380619E0
3.226520440E-1,1.605900764E0,1.046554089E0,5.328128815E0,5.662433169E0
3.276776170E-1,9.500298500E-1,1.027919769E0,6.973569870E0,7.112654392E0
3.327031890E-1,6.015524864E-1,9.911100864E-1,6.273966789E0,6.380189956E0
3.377287620E-1,8.734941483E-2,6.591615677E-1,5.166838646E0,5.209447714E0
3.427543350E-1,-2.186059952E-1,-7.687395811E-1,2.858190536E0,2.967827870E0
3.477799080E-1,2.869296074E-1,-1.624971867E0,2.134842873E0,2.698224649E0
3.528054810E-1,1.003007889E-1,-2.257325172E0,8.103179932E-1,2.400456713E0
3.578310540E-1,-4.318177700E-1,-2.146938801E0,-6.929588318E-2,2.191030516E0
3.628566270E-1,-6.205954552E-1,-1.279338598E0,-1.133805275E0,1.818614959E0
3.678822000E-1,1.415529251E-1,1.222537279E0,-2.830851078E0,3.086802951E0
3.729077730E-1,-3.832626343E-1,2.390028954E0,-4.311206818E0,4.944252509E0
3.779333460E-1,-6.300263405E-1,2.808427334E0,-4.815706730E0,5.610278833E0
3.829589190E-1,-1.633356094E0,2.385039568E0,-5.578515053E0,6.283000562E0
3.879844920E-1,-1.906018019E0,1.430632114E0,-6.170420170E0,6.614657815E0
3.930100640E-1,-2.770361423E0,2.479696274E-1,-6.982279778E0,7.515891314E0
3.980356370E-1,-3.086411953E0,-6.412653923E-1,-7.074831963E0,7.745347464E0
4.030612100E-1,-2.846970081E0,-9.051482677E-1,-7.200969696E0,7.796056477E0
4.080867830E-1,-1.431683183E0,-1.613641500E0,-7.580015182E0,7.881001573E0
4.131123560E-1,1.022451401E0,-1.680927157E0,-8.672964096E0,8.893324979E0
4.181379290E-1,1.570281267E0,-7.057564259E-1,-8.478395462E0,8.651419826E0
4.231635020E-1,1.226666451E0,-2.603185177E-1,-7.906418800E0,8.005244191E0
4.281890750E-1,-4.427270293E-1,-6.798576117E-1,-9.904530525E0,9.937702879E0
4.332146480E-1,-2.683668733E-1,-8.982241154E-1,-7.893662453E0,7.949134183E0
4.382402210E-1,-4.236915112E-1,-1.016266942E0,-6.956321716E0,7.042920191E0
4.432657940E-1,-1.978839636E-1,-1.490063190E0,-6.267595291E0,6.445323662E0
4.482913670E-1,1.202336550E-1,-2.290711880E0,-4.284840107E0,4.860213142E0
4.533169390E-1,1.104586005E0,-2.141698360E0,8.770236015E0,9.095274700E0
4.583425120E-1,1.326720715E0,-1.027907372E0,1.386659813E1,1.396779600E1
4.633680850E-1,-1.007865667E-1,3.096368313E-1,1.017139721E1,1.017660818E1
4.683936580E-1,5.325423479E-1,1.575599551E0,6.242782593E0,6.460530148E0
4.734192310E-1,5.281953812E-1,2.129878998E0,2.165032387E0,3.082651479E0
4.784448040E-1,-9.305202961E-1,1.889026880E0,-1.693466187E0,2.702243198E0
4.834703770E-1,-2.904386282E0,1.470809340E0,-3.595363140E0,4.850296475E0
4.884959500E-1,-4.472650528E0,1.059652090E0,-4.178131580E0,6.211622075E0
4.935215230E-1,-5.505681038E0,7.532836199E-1,-4.605961323E0,7.217675499E0
4.985470960E-1,-6.354513645E0,6.448024511E-1,-4.956488609E0,8.084701182E0
5.035726690E-1,-6.896549225E0,8.071583509E-1,-4.943604469E0,8.523680013E0
5.085982420E-1,-6.984262943E0,1.130257130E0,-4.525549412E0,8.398690822E0
5.136238140E-1,-6.736097336E0,1.564787745E0,-3.914368629E0,7.946436294E0
5.186493870E-1,-6.370564461E0,2.027599335E0,-3.494101048E0,7.543473520E0
5.236749600E-1,-6.546971321E0,2.296978474E0,-3.294200420E0,7.680540345E0
5.287005330E-1,-7.844020844E0,2.166313410E0,-3.047197342E0,8.689475728E0
5.337261060E-1,-6.783550739E0,2.356436729E0,-3.288244724E0,7.898221829E0
5.387516790E-1,-5.324707031E0,2.721697330E0,-4.010293961E0,7.200180482E0
5.437772520E-1,-4.267752171E0,3.001153946E0,-4.330973148E0,6.780705126E0
5.488028250E-1,-4.362692356E0,2.732963562E0,-4.134649277E0,6.602840227E0
5.538283980E-1,-5.202162266E0,2.044490337E0,-3.861457825E0,6.793621237E0
5.588539710E-1,-6.158295155E0,1.110859871E0,-3.783780098E0,7.312701327E0
5.638795440E-1,-7.367202282E0,1.842931509E-1,-3.919812202E0,8.347128915E0
5.689051170E-1,-8.741767883E0,-5.248919725E-1,-4.110738754E0,9.674305681E0
5.739306890E-1,-9.854317665E0,-9.693198204E-1,-3.911290169E0,1.064637724E1
5.789562620E-1,-1.059283352E1,-1.173761845E0,-3.532097340E0,1.122771350E1
5.839818350E-1,-1.083017921E1,-1.196419001E0,-3.370204449E0,1.140537059E1
5.890074080E-1,-1.045425797E1,-1.199358225E0,-3.563989162E0,1.110999498E1
5.940329810E-1,-9.008365631E0,-1.124493122E0,-3.218741417E0,9.632000438E0
5.990585540E-1,-7.489821911E0,-9.815351963E-1,-3.219939232E0,8.211507307E0
6.040841270E-1,-6.188739300E0,-9.359732866E-1,-4.987708092E0,8.003360052E0
6.091097000E-1,-5.033678055E0,-1.412985086E0,-4.617577076E0,6.975418243E0
6.141352730E-1,-4.365682602E0,-2.193327427E0,-5.148812294E0,7.097896718E0
6.191608460E-1,-3.758114100E0,-2.862396717E0,-5.279264927E0,7.084304816E0
6.241864190E-1,-2.815937996E0,-3.422226906E0,-5.463281155E0,7.034812348E0
6.292119920E-1,-2.217355013E0,-3.526089668E0,-5.757364273E0,7.106139245E0
6.342375640E-1,-6.533823609E-1,-3.674279213E0,-6.236852646E0,7.268119920E0
6.392631370E-1,5.849695206E-1,-4.050649166E0,-6.484297276E0,7.667858838E0
6.442887100E-1,1.115055561E0,-4.583946228E0,-6.722504616E0,8.212671930E0
6.493143350E-1,1.718906164E0,-4.938372612E0,-7.303697586E0,8.982547572E0
6.543399600E-1,2.274973392E0,-5.280003548E0,-7.288377285E0,9.283015935E0
6.593655850E-1,2.572161436E0,-5.535615921E0,-7.440498352E0,9.623932346E0
6.643912100E-1,2.991872787E0,-5.732323647E0,-7.198382854E0,9.676133158E0
6.694168350E-1,3.493462324E0,-5.983624935E0,-6.890663147E0,9.771861899E0
6.744424600E-1,3.892660856E0,-6.336598396E0,-6.544218063E0,9.906163629E0
6.794680850E-1,4.225175381E0,-6.766779423E0,-6.205096245E0,1.010666266E1
6.844937100E-1,4.535486221E0,-7.254798889E0,-5.814410210E0,1.034456902E1
6.895193350E-1,4.843806744E0,-7.796064854E0,-5.280157566E0,1.058872773E1
6.945449600E-1,5.098233700E0,-8.252279282E0,-4.448762894E0,1.067162553E1
6.995705850E-1,5.213630676E0,-8.553006172E0,-3.458725929E0,1.059710548E1
7.045962100E-1,5.143291950E0,-8.713801384E0,-2.525357246E0,1.042886455E1
7.096218350E-1,5.022712231E0,-8.711334229E0,-1.711048126E0,1.020013078E1
7.146474600E-1,5.054304600E0,-8.616996765E0,-9.975237846E-1,1.003960567E1
7.196730850E-1,5.154328346E0,-8.553459167E0,-3.761491776E-1,9.993510526E0
7.246987100E-1,5.062553406E0,-8.599282265E0,9.437417984E-2,9.979278979E0
7.297243350E-1,4.652695179E0,-8.646469116E0,3.116440773E-1,9.823752981E0
7.347499600E-1,4.090473175E0,-8.616196632E0,4.026122093E-1,9.546355943E0
7.397755850E-1,3.608524323E0,-8.549688339E0,4.507212639E-1,9.290950874E0
7.448012100E-1,3.171783924E0,-8.412254333E0,6.446871758E-1,9.013426529E0
7.498268350E-1,2.558911324E0,-8.237032890E0,1.005648375E0,8.683781817E0
7.548524600E-1,1.663790226E0,-8.062808037E0,1.640877485E0,8.394614361E0
7.598780850E-1,6.150074005E-1,-7.910121918E0,2.586026430E0,8.344806502E0
7.649037100E-1,-4.682149887E-1,-7.776131630E0,3.905880213E0,8.714548103E0
7.699293350E-1,-1.610150337E0,-7.720131874E0,5.415896416E0,9.566867525E0
7.749549600E-1,-2.863718033E0,-7.667478561E0,6.949135780E0,1.073692677E1
7.799805850E-1,-4.329030991E0,-7.572263718E0,8.447845459E0,1.214272540E1
7.850062100E-1,-5.985715866E0,-7.350019932E0,9.714838028E0,1.357312290E1
7.900318350E-1,-7.473014832E0,-6.949338913E0,1.048472881E1,1.463109019E1
7.950574600E-1,-8.764393806E0,-6.399706364E0,1.066419220E1,1.521498720E1
8.000830850E-1,-1.023905277E1,-5.807087898E0,1.035713482E1,1.567898955E1
8.051087100E-1,-1.188319111E1,-5.153839111E0,9.611557007E0,1.612929994E1
8.101342830E-1,-1.320000935E1,-4.398922443E0,8.343553543E0,1.622361400E1
8.151598560E-1,-1.393764305E1,-3.596630812E0,6.787353039E0,1.591420147E1
8.201854290E-1,-1.438562393E1,-2.824591637E0,5.302786827E0,1.558986985E1
8.252110020E-1,-1.470966721E1,-2.122020245E0,3.935754299E0,1.537424603E1
8.302365750E-1,-1.494213676E1,-1.389481544E0,2.651682854E0,1.523907911E1
8.352621480E-1,-1.475730038E1,-7.857022882E-1,1.440462589E0,1.484823811E1
8.402877210E-1,-1.468631935E1,-3.637528419E-1,1.914746761E-1,1.469207115E1
8.453132940E-1,-1.466694164E1,6.177520752E-2,-7.271076441E-1,1.468508355E1
8.503388670E-1,-1.435497093E1,4.849308729E-1,-1.363693714E0,1.442775135E1
8.553644390E-1,-1.393277836E1,8.091193438E-1,-1.785824180E0,1.407004459E1
8.603900120E-1,-1.355861568E1,1.105465531E0,-1.989272952E0,1.374828426E1
8.654155850E-1,-1.313219166E1,1.397435188E0,-2.066073895E0,1.336697214E1
8.704411580E-1,-1.271581936E1,1.593942761E0,-1.979844689E0,1.296736290E1
8.754667310E-1,-1.236210251E1,1.671272635E0,-1.671045661E0,1.258598920E1
8.804923040E-1,-1.211403561E1,1.701850653E0,-1.248179793E0,1.229650792E1
8.855178770E-1,-1.201919556E1,1.666927457E0,-8.252305984E-1,1.216226601E1
8.905434500E-1,-1.216329861E1,1.547749281E0,-4.544326067E-1,1.226979502E1
8.955690230E-1,-1.240714931E1,1.440282822E0,-2.074607611E-1,1.249218991E1
9.005945960E-1,-1.269774151E1,1.473833084E0,-9.933990240E-2,1.278337560E1
9.056201690E-1,-1.287197971E1,1.676743865E0,-1.557120085E-1,1.298166314E1
9.106457420E-1,-1.285302925E1,1.971846104E0,-4.979071021E-1,1.301293393E1
9.156713140E-1,-1.272680378E1,2.214918852E0,-1.155580997E0,1.296968648E1
9.206968870E-1,-1.257912827E1,2.376371384E0,-2.056844473E0,1.296580958E1
9.257224600E-1,-1.251012039E1,2.536570549E0,-3.348940372E0,1.319669292E1
9.307480330E-1,-1.236152172E1,2.819013596E0,-6.031432629E0,1.404037879E1
9.357736060E-1,-1.174588966E1,3.285891771E0,-1.006956768E1,1.581642191E1
9.407991790E-1,-1.076949024E1,3.823186398E0,-1.272272587E1,1.710164986E1
9.458247520E-1,-9.252120018E0,4.208006382E0,-1.276677990E1,1.631869209E1
9.508503250E-1,-8.099136353E0,3.801417112E0,-1.214046192E1,1.508103436E1
9.558758980E-1,-7.343729973E0,3.317515612E0,-1.066151237E1,1.336428546E1
9.609014710E-1,-6.779740334E0,2.914221764E0,-8.871012688E0,1.153916954E1
9.659270440E-1,-6.144062996E0,2.730667114E0,-7.673846245E0,1.020264520E1
9.709526170E-1,-5.762223244E0,2.628556013E0,-6.634874344E0,9.172463191E0
9.759781890E-1,-5.371129036E0,2.441131830E0,-5.495774746E0,8.062982810E0
9.810037620E-1,-4.994876862E0,2.121162415E0,-4.256642342E0,6.896892697E0
9.860293350E-1,-4.824711800E0,1.730792880E0,-3.027568102E0,5.953121581E0
9.910549080E-1,-4.664271355E0,1.403820038E0,-1.880338907E0,5.221284552E0
9.960804810E-1,-4.446676254E0,1.240678430E0,-8.629444838E-1,4.696475898E0
1.001106054E0,-3.909246445E0,1.236908436E0,-1.483051181E-1,4.102943413E0
1.006131627E0,-3.640952110E0,1.192394495E0,6.656440496E-1,3.888626866E0
1.011157200E0,-3.761167526E0,9.018833637E-1,1.497477651E0,4.147555193E0
1.016182773E0,-3.752837181E0,5.035562515E-1,2.035548210E0,4.298931533E0
1.021208346E0,-2.989534378E0,5.373890400E-1,2.519586086E0,3.946443567E0
1.026233919E0,-2.036169052E0,9.410994053E-1,3.173564911E0,3.886279293E0
1.031259492E0,-1.671939850E0,1.222729325E0,3.801707268E0,4.329368085E0
1.036285064E0,-1.541892052E0,1.158314586E0,3.779285431E0,4.242890777E0
1.041310637E0,-1.602709770E0,9.256700277E-1,3.555740833E0,4.008595325E0
1.046336210E0,-1.394982338E0,7.358458042E-1,3.035415888E0,3.420700861E0
1.051361783E0,-1.014670372E0,5.467852354E-1,2.391234875E0,2.654530897E0
1.056387356E0,-1.988315582E-1,7.468404770E-1,1.877623081E0,2.030461308E0
1.061412929E0,-2.437715530E-1,8.815448284E-1,1.887488842E0,2.097417456E0
1.066438502E0,-4.117183685E-1,8.876640797E-1,2.218455553E0,2.424665869E0
1.071464075E0,-1.909303665E-1,9.700123072E-1,2.648093224E0,2.826619182E0
1.076489648E0,-1.060000420E0,4.146419764E-1,2.895845890E0,3.111503218E0
1.081515221E0,-1.014275551E0,4.263523817E-1,3.469949484E0,3.640203383E0
1.086540794E0,-1.517747879E0,2.452462912E-1,4.450729370E0,4.708789260E0
1.091566367E0,-3.288201332E0,-9.723393917E-1,6.012805939E0,6.921816752E0
1.096591939E0,2.064409256E-1,-7.096278667E-2,-8.683114648E-1,8.953314318E-1
1.101617512E0,2.001216412E0,1.214081526E0,-5.798609734E0,6.253218045E0
1.106643085E0,4.584566593E0,2.333878040E0,-1.153928280E1,1.263409217E1
1.111668658E0,5.536766529E0,2.199579477E0,-1.451685047E1,1.569180936E1
1.116694231E0,3.153528214E0,9.290446043E-1,-1.246527290E1,1.289150467E1
1.121719804E0,5.666761398E-1,6.903421879E-2,-9.242891312E0,9.260503624E0
1.126745377E0,-1.138185501E0,7.407069206E-2,-6.347259998E0,6.448927212E0
1.131770950E0,-2.143662453E0,3.345652819E-1,-4.355743408E0,4.866181591E0
1.136796523E0,-2.813571930E0,3.680608273E-1,-3.142905235E0,4.234325105E0
1.141822096E0,-2.459260941E0,1.347893476E-1,-2.514844418E0,3.520024856E0
1.146847669E0,-1.875725746E0,-3.021819592E-1,-2.420457363E0,3.077056200E0
1.151873242E0,-9.053249359E-1,-3.769773245E-1,-1.999977946E0,2.227473216E0
1.156898814E0,3.463563919E-1,-2.940785885E-2,-1.622492552E0,1.659309993E0
1.161924387E0,1.190311432E0,5.200205445E-1,-1.503877401E0,1.987186431E0
1.166949960E0,1.920318604E-1,6.524361372E-1,-1.280106664E0,1.449559319E0
1.171975533E0,-1.503776550E0,-6.263029575E-2,-1.175453424E0,1.909700820E0
1.177001106E0,-2.786354065E0,-7.174519897E-1,9.928382635E-1,3.043720445E0
1.182026679E0,-2.787907600E0,-9.037889838E-1,2.571706772E0,3.899094643E0
1.187052252E0,2.106852055E0,1.181138754E0,-1.025757790E0,2.624136692E0
1.192077825E0,2.674048424E0,1.552062869E0,-4.039288163E-1,3.118107216E0
1.197103398E0,2.846925259E0,1.632298529E-1,1.894111633E-1,2.857884533E0
1.202128971E0,3.082148075E0,-9.021612406E-1,6.567318439E-1,3.277930502E0
1.207154544E0,1.815931320E0,-1.297247767E0,1.424121618E0,2.647372417E0
1.212180117E0,1.048491478E0,-1.038746595E0,1.156037092E0,1.874766819E0
1.217205689E0,3.433780670E-1,-7.598420978E-1,8.577629328E-1,1.196254889E0
1.222231262E0,5.706386566E-1,-7.151363492E-1,4.550817013E-1,1.021835520E0
1.227256835E0,1.322882652E0,-8.797816038E-1,-5.957937241E-2,1.589837691E0
1.232282408E0,1.992354870E0,-1.022487402E0,-5.984148979E-1,2.317985937E0
1.237307981E0,2.607793808E0,-1.050904512E0,-1.076723337E0,3.010701245E0
1.242333554E0,3.116622448E0,-1.073405623E0,-1.367149353E0,3.568561681E0
1.247359127E0,3.409067154E0,-1.108021021E0,-1.561455727E0,3.909935221E0
1.252384700E0,3.667289257E0,-1.192662239E0,-1.683440208E0,4.207781440E0
1.257410273E0,3.728814602E0,-1.413523793E0,-1.599298954E0,4.296494501E0
1.262435846E0,3.636904716E0,-1.603687763E0,-1.424711227E0,4.222403633E0
1.267461419E0,2.913273335E0,-1.655071139E0,-8.554533720E-1,3.458066290E0
1.272486992E0,2.596286774E0,-1.440437794E0,-1.944699883E-1,2.975463766E0
1.277512564E0,2.728479862E0,-1.395895123E0,1.282086372E-1,3.067501102E0
1.282538137E0,3.658648014E0,-1.357171535E0,2.342950106E-1,3.909285615E0
1.287563710E0,4.070903301E0,-1.523280740E0,5.370969772E-1,4.379624534E0
1.292589283E0,3.779446125E0,-1.567697287E0,8.836799860E-1,4.186021752E0
1.297614856E0,3.846684933E0,-1.534148932E0,1.364137173E0,4.360214231E0
1.302640429E0,3.660039425E0,-1.502494335E0,1.610135078E0,4.271523474E0
1.307666002E0,2.961321354E0,-1.522844076E0,2.578185081E0,4.211355667E0
1.312691575E0,3.827028751E0,-1.058624506E0,2.017374516E0,4.453833724E0
1.317717148E0,5.079463005E0,-3.808909357E-1,7.044175863E-1,5.142200547E0
1.322742721E0,5.809911251E0,1.025502086E-1,-5.589786172E-1,5.837640138E0
1.327768294E0,3.871461391E0,-5.701771379E-1,-4.537514448E-1,3.939442302E0
1.332793867E0,2.131490707E-1,-1.254163146E0,2.180287361E0,2.524284196E0
1.337819439E0,-9.217586517E-1,-5.809590220E-2,2.979215384E0,3.119092568E0
1.342845012E0,-5.256280899E-1,1.455288172E0,1.418852091E0,2.099354617E0
1.347870585E0,-2.042819023E0,7.931802273E-1,9.643591642E-1,2.394208227E0
1.352896158E0,-1.439379692E0,1.551807404E0,-1.128821373E-1,2.119590171E0
1.357921731E0,-2.500643730E0,1.189950466E0,-4.917843342E-1,2.812659419E0
1.362947356E0,-2.355037689E0,1.460552335E0,-1.082257986E0,2.975012267E0
1.367972981E0,-2.630071640E0,1.643466592E0,-9.612410665E-1,3.246882144E0
1.372998606E0,-5.568744659E0,-1.113136768E0,3.870209455E0,6.872300326E0
1.378024231E0,-5.492459297E0,-5.351213217E-1,1.274449348E1,1.388796523E1
1.383049856E0,1.479891777E0,4.671176434E0,3.967532635E0,6.304861946E0
1.388075481E0,5.032903671E0,4.750794888E0,-5.088312626E0,8.590174434E0
1.393101106E0,5.382225037E0,2.905631304E0,-9.001730919E0,1.088311532E1
1.398126731E0,3.275837898E0,1.796050429E0,-8.746168137E0,9.510644991E0
1.403152356E0,1.200606346E0,1.874325275E0,-5.886182785E0,6.292988051E0
1.408177981E0,-1.366270065E0,1.812078953E0,-2.694034815E0,3.522520065E0
1.413203606E0,-2.344705582E0,1.658243418E0,-1.211141348E0,3.116773791E0
1.418229231E0,-4.777908325E-2,1.752657413E0,-1.560859442E0,2.347418379E0
1.423254856E0,5.863132477E-1,1.486198902E0,-2.289982319E0,2.792233769E0
1.428280481E0,8.175430298E-1,1.271005630E0,-2.861785650E0,3.236301751E0
1.433306106E0,-1.281509399E0,9.138228893E-1,-2.858374596E0,3.263072776E0
1.438331731E0,-1.515378952E-1,1.194118619E0,-3.067658186E0,3.295361855E0
1.443357356E0,2.894881725E0,1.552195549E0,-2.988046169E0,4.440503478E0
1.448382981E0,2.730575085E0,1.346181393E0,-2.629866600E0,4.022989308E0
1.453408606E0,2.343837738E0,1.149225473E0,-2.251301289E0,3.447122281E0
1.458434231E0,1.705654621E0,1.074232459E0,-1.830945611E0,2.723158992E0
1.463459856E0,-1.227111816E0,1.277080059E0,-1.550702929E0,2.354021339E0
1.468485481E0,2.720946789E0,1.431806564E0,-1.496367455E0,3.419464435E0
1.473511106E0,4.428273201E0,1.338326216E0,-1.246624112E0,4.791115974E0
1.478536731E0,3.884161472E0,1.443745375E0,-1.041108131E0,4.272589050E0
1.483562356E0,1.558625221E0,1.081544399E0,-9.816440940E-1,2.136042133E0
1.488587981E0,2.165555954E-1,7.716140151E-1,-3.890165091E-1,8.908526020E-1
1.493613606E0,-5.342969894E-1,4.278355837E-1,3.332703114E-1,7.613052345E-1
1.498639231E0,-2.787199020E-1,1.356414795E0,-9.073987007E-1,1.655571890E0
1.503664856E0,2.281149864E0,1.890400171E0,-4.693276286E-1,2.999587627E0
1.508690481E0,2.118082047E-1,2.357956886E0,-3.938309550E-1,2.399984628E0
1.513716106E0,-1.389690399E0,2.793762207E0,-1.115239859E0,3.313624393E0
1.518741731E0,-7.697677612E-1,2.193156242E0,-1.613909960E0,2.829696462E0
1.523767304E0,-2.086794853E0,1.194221139E0,-1.130347490E0,2.656795502E0
1.528792877E0,-1.908479691E0,1.166402578E0,2.007207870E-1,2.245679972E0
1.533818450E0,-1.545850754E0,1.581489921E0,1.040998459E0,2.444267316E0
1.538844023E0,-1.898145676E-1,1.404534936E0,1.803976297E0,2.294140021E0
1.543869596E0,1.905777454E0,9.957112074E-1,1.417319417E0,2.575310242E0
1.548895169E0,2.320150375E0,8.460608721E-1,3.232930899E-1,2.490669626E0
1.553920742E0,1.839766026E0,3.088635206E-1,-7.342755795E-2,1.866956697E0
1.558946314E0,1.542296410E0,-3.059132099E-1,6.566131115E-2,1.573712971E0
1.563971887E0,2.016264915E0,1.538426876E-1,1.076424122E0,2.290781673E0
1.568997460E0,1.476465225E0,9.289259911E-1,1.239878178E0,2.140128724E0
1.574023033E0,6.549043655E-1,8.820178509E-1,6.370973587E-2,1.100415443E0
1.579048606E0,1.297330856E-1,5.945694447E-2,-9.077103138E-1,9.188600631E-1
1.584074179E0,2.878599167E-1,-7.298018932E-1,-1.106668830E0,1.356536042E0
1.589099752E0,1.018883705E0,5.117487907E-2,-5.517948866E-1,1.159836398E0
1.594125325E0,1.490862846E0,3.428211212E-1,3.184217215E-2,1.530102046E0
1.599150898E0,1.699731350E0,-3.883700371E-1,-9.111768007E-2,1.745915341E0
1.604176471E0,2.129344940E0,-1.388337493E0,2.673593163E-1,2.555987455E0
1.609202044E0,1.809263706E0,-2.513049126E0,5.361871719E-1,3.142665708E0
1.614227617E0,2.931045532E0,-1.606366873E0,1.767883778E0,3.781118286E0
1.619253189E0,2.579761982E0,-1.772116661E0,4.581372738E-1,3.163140703E0
1.624278762E0,1.516456604E0,-1.740801930E0,-5.915047526E-1,2.383256148E0
1.629304335E0,5.686550140E-1,-1.563550711E0,-6.165918708E-1,1.774329418E0
1.634329908E0,3.255462646E-2,-1.466960788E0,-3.716901541E-1,1.513666848E0
1.639355481E0,-5.274353027E-1,-1.403808117E0,-3.754275441E-1,1.545901377E0
1.644381054E0,-8.671703339E-1,-1.115573406E0,3.592991829E-1,1.457938378E0
1.649406627E0,-1.154000282E0,-9.179062843E-1,1.002047062E0,1.782797496E0
1.654432200E0,-1.206744194E0,-1.250520110E0,-8.292296529E-1,1.925526918E0
1.659457773E0,-9.831953049E-1,-1.174224734E0,-7.638271451E-1,1.711405458E0
1.664483346E0,-5.071125031E-1,-1.070166826E0,-1.185231924E0,1.675468544E0
1.669508919E0,-8.786087036E-1,-1.166430593E0,-1.382252932E0,2.010755268E0
1.674534492E0,-6.948442459E-1,-1.389089942E0,-1.598474026E0,2.228788596E0
1.679560064E0,-4.297227859E-1,-1.382878065E0,-1.681357026E0,2.219003124E0
1.684585637E0,-1.310701370E-1,-1.243257403E0,-1.152949095E0,1.700635166E0
1.689611210E0,-3.313350677E-2,-1.300060153E0,-1.079757690E0,1.690304973E0
1.694636783E0,2.802886963E-1,-1.099277496E0,-6.094490290E-1,1.287789147E0
1.699662356E0,7.849836349E-1,-1.147548676E0,-7.528833151E-1,1.581107383E0
1.704687929E0,1.442794323E0,-1.715371728E0,-1.323219299E0,2.602895491E0
1.709713502E0,1.834562302E0,-2.326552629E0,-1.490695477E0,3.316721119E0
1.714739075E0,8.663650513E0,-8.804917336E-1,5.349363804E0,1.022006844E1
1.719764648E0,9.136269569E0,2.257451773E0,6.637638092E0,1.151632535E1
1.724790221E0,-4.347963333E-1,3.067264557E0,-2.270482540E0,3.840865876E0
1.729815794E0,-2.143335342E0,2.878889799E0,-4.227278233E0,5.545428218E0
1.734841367E0,2.594476223E0,1.952491045E0,-2.486718893E0,4.089902078E0
1.739866939E0,6.823506355E0,5.660080910E-1,-6.709082723E-1,6.879732702E0
1.744892512E0,4.616308689E0,-1.079889417E0,1.429790378E0,4.951844867E0
1.749918085E0,1.041380882E0,-2.054250479E0,2.729910135E0,3.571670270E0
1.754943658E0,-1.217279434E-1,-1.946381211E0,4.109072685E0,4.548372879E0
1.759969231E0,2.397384644E-1,-1.547847271E0,5.705393791E0,5.916487473E0
1.764994804E0,2.344287395E0,-1.268560171E0,5.760049820E0,6.346897055E0
1.770020377E0,3.730690479E0,-1.312233448E0,4.354885101E0,5.882604212E0
1.775045950E0,3.556931019E0,-1.629532814E0,2.445663929E0,4.613936228E0
1.780071523E0,1.785391331E0,-1.794254065E0,4.600901604E-1,2.572674252E0
1.785097096E0,-5.117168427E-1,-1.664122939E0,-1.598716736E0,2.363695091E0
1.790122669E0,-1.488725662E0,-1.214803100E0,-2.762855053E0,3.365325944E0
1.795148242E0,-1.123064041E0,-7.035988569E-1,-4.672190666E0,4.856510045E0
1.800173814E0,1.526927948E0,-4.872322083E-1,-5.873485565E0,6.088245796E0
1.805199387E0,5.082143784E0,-1.147317886E-2,-5.773397446E0,7.691582096E0
1.810224960E0,8.117693901E0,2.665807009E-1,-4.990209103E0,9.532586555E0
1.815250533E0,1.086931610E1,8.368725777E-1,-4.709875584E0,1.187540804E1
1.820276106E0,1.170099640E1,1.783064008E-1,-4.468425274E0,1.252644939E1
1.825301679E0,1.077610016E1,-2.599668741E0,-1.801742315E0,1.123071180E1
1.830327252E0,1.052411938E1,-4.304816723E0,-1.568814516E0,1.147822785E1
1.835352825E0,1.104745293E1,-4.513150215E0,4.104510546E-1,1.194082121E1
1.840378398E0,1.017674541E1,-5.121298313E0,2.478391886E0,1.165917107E1
1.845403971E0,8.542644501E0,-5.353724003E0,3.224120617E0,1.058461570E1
1.850429544E0,6.607592106E0,-5.133877754E0,3.262618303E0,8.981183242E0
1.855455117E0,5.508019924E0,-4.916509628E0,2.157336950E0,7.691843285E0
1.860480689E0,5.040780067E0,-4.638046265E0,1.434269786E0,6.998433158E0
1.865506262E0,1.637329578E0,-4.561122894E0,2.051319122E0,5.262375922E0
1.870531835E0,-2.459019661E0,-4.229121685E0,2.754813194E0,5.614378296E0
1.875557408E0,-4.973287582E0,-4.246396542E0,2.396335602E0,6.964761107E0
1.880582981E0,-9.456815720E0,-5.635506630E0,3.024717808E0,1.141662018E1
1.885608554E0,-1.203785324E1,-5.870044708E0,2.683098555E0,1.365892944E1
1.890634127E0,-1.251786518E1,-4.702557087E0,6.277505159E-1,1.338674951E1
1.895659700E0,-1.299516964E1,-2.679445267E0,-1.041590571E0,1.330934904E1
1.900685273E0,-1.450499153E1,-5.557379723E-1,-2.991675854E0,1.482072024E1
1.905710846E0,-1.579161549E1,1.239161015E0,-6.057362556E0,1.695884079E1
1.910736419E0,-1.607588577E1,2.324911356E0,-6.970865250E0,1.767575397E1
1.915761992E0,-1.630624771E1,2.153086185E0,-6.982524395E0,1.786855175E1
1.920787564E0,-1.512993240E1,2.578011513E0,-6.260476589E0,1.657572216E1
1.925813137E0,-1.322425556E1,3.363568306E0,-5.236454010E0,1.461557312E1
1.930838710E0,-1.096974564E1,4.265398979E0,-4.559720993E0,1.262220279E1
1.935864283E0,-8.818312645E0,4.895977020E0,-4.335365295E0,1.097855278E1
1.940889856E0,-6.996465683E0,5.097446442E0,-4.258253574E0,9.647135107E0
1.945915429E0,-6.447376251E0,4.491065025E0,-3.936957836E0,8.788513105E0
1.950941002E0,-6.471788406E0,3.260912895E0,-3.438546658E0,8.021296728E0
1.955966575E0,-6.156040192E0,2.298457146E0,-3.088086367E0,7.260579419E0
1.960992148E0,-5.931292534E0,6.189200878E-1,-2.572741747E0,6.494789704E0
1.966017721E0,-5.223745346E0,-1.121047497E0,-2.257321596E0,5.799979631E0
1.971043294E0,-4.206274986E0,-2.543248653E0,-2.453753710E0,5.493793793E0
1.976068867E0,-3.285729408E0,-4.159833431E0,-2.603734493E0,5.905900882E0
1.981094439E0,-2.725049019E0,-5.693121433E0,-2.988152504E0,6.983307182E0
1.986120012E0,-2.709867477E0,-7.014971256E0,-3.430017948E0,8.265484051E0
1.991145585E0,-2.192037582E0,-5.816072464E0,-2.053964615E0,6.546029202E0
1.996171158E0,-1.254287720E0,-4.852859020E0,-1.699992299E0,5.292773580E0
2.001196731E0,-1.889457703E-1,-4.120375156E0,-1.789827228E0,4.496295524E0
2.006222304E0,7.835540771E-1,-3.359792709E0,-1.948782921E0,3.962312319E0
2.011247877E0,1.208430290E0,-2.465030670E0,-2.041548252E0,3.421198509E0
2.016273450E0,1.368513107E0,-1.723349571E0,-2.075645447E0,3.025072874E0
2.021299023E0,1.622591019E0,-1.287389278E0,-2.094688416E0,2.945826255E0
2.026324596E0,2.089656353E0,-1.136991501E0,-2.319009304E0,3.322230802E0
2.031350169E0,2.543972015E0,-1.361689568E0,-2.326737881E0,3.706710301E0
2.036375742E0,3.056596279E0,-1.539383411E0,-2.011606216E0,3.969765947E0
2.041401314E0,3.684534550E0,-1.492634296E0,-1.362321377E0,4.202341196E0
2.046426939E0,4.093126297E0,-1.570834160E0,-9.242639542E-1,4.480565444E0
2.051452564E0,4.231178284E0,-1.932325840E0,-9.678071737E-1,4.751147603E0
2.056478189E0,3.102949142E0,-2.953101635E0,-7.160021067E-1,4.343012971E0
2.061503814E0,1.854075909E0,-3.395063877E0,4.351341724E-2,3.868584964E0
2.066529439E0,1.592418194E0,-2.999625683E0,1.186551452E0,3.597423285E0
2.071555064E0,1.707520008E0,-2.327521324E0,2.446268082E0,3.783808613E0
2.076580689E0,3.160786629E0,-1.997570992E0,3.401683807E0,5.054929743E0
2.081606314E0,4.665173054E0,-1.965899467E0,4.123130322E0,6.529073746E0
2.086631939E0,5.525194168E0,-1.966319084E0,4.725901127E0,7.531820683E0
2.091657564E0,5.979902267E0,-2.049831390E0,4.905384064E0,8.001489403E0
2.096683189E0,6.014730453E0,-2.105077744E0,4.629984856E0,7.876870857E0
2.101708814E0,5.735536098E0,-2.146887779E0,4.064592838E0,7.350266418E0
2.106734439E0,5.587934971E0,-2.061797142E0,3.604227304E0,6.961787066E0
2.111760064E0,5.500229359E0,-1.707209587E0,3.709211349E0,6.850207034E0
2.116785689E0,5.271556854E0,-1.059863567E0,4.727680683E0,7.159859432E0
2.121811314E0,4.639196873E0,-2.975115776E-1,6.021630287E0,7.607278888E0
2.126836939E0,3.412984371E0,4.255180359E-1,6.488761425E0,7.343946674E0
2.131862564E0,1.495131016E0,7.814989090E-1,5.550334930E0,5.801066724E0
2.136888189E0,-4.030103683E-1,9.635455608E-1,4.076235294E0,4.207912972E0
2.141913814E0,-1.624633789E0,1.284961224E0,3.505241394E0,4.071520297E0
2.146939439E0,-2.050765038E0,1.989097834E0,3.802750826E0,4.756370599E0
2.151965064E0,-1.840206146E0,2.478745699E0,4.217808247E0,5.226896336E0
2.156990689E0,-1.303865433E0,2.028370142E0,2.250309944E0,3.298218511E0
2.162016314E0,-5.716695786E-1,1.836808443E0,3.097440004E-1,1.948489854E0
2.167041939E0,-6.255693436E-1,1.622519016E0,-1.062810063E0,2.038006426E0
2.172067564E0,-5.909366608E-1,1.812356234E0,-4.946910143E-1,1.969406117E0
2.177093189E0,-1.104690552E0,1.943504095E0,1.035277247E0,2.463604750E0
2.182118814E0,-1.204214096E0,7.065079212E-1,-2.115208626E0,2.534441272E0
2.187144439E0,-2.047868729E0,3.599500656E-2,-3.886015177E0,4.392741277E0
2.192170064E0,-2.407009125E0,-2.058143616E-1,-3.267226219E0,4.063350790E0
2.197195689E0,-1.810527802E0,5.955131054E-1,-1.059435129E0,2.180607615E0
2.202221314E0,-1.352329254E0,5.573923588E-1,3.108705282E-1,1.495366557E0
2.207246939E0,-1.044731140E0,-4.167022705E-1,-5.254946947E-1,1.241470343E0
2.212272512E0,-7.939395905E-1,-8.696484566E-1,-1.835805178E-1,1.191776119E0
2.217298085E0,-5.000753403E-1,-8.872785568E-1,2.822867036E-1,1.056893735E0
2.222323658E0,-7.792854309E-1,-4.516282082E-1,6.434451342E-1,1.106921615E0
2.227349231E0,-1.365780830E0,-5.942344666E-3,5.296062231E-1,1.464880657E0
2.232374804E0,-1.501594543E0,2.652068138E-1,3.320564628E-1,1.560571152E0
2.237400377E0,-9.570827484E-1,1.838588715E-1,4.510570168E-1,1.073901254E0
2.242425950E0,6.094455719E-2,-2.591810226E-1,5.293930769E-1,5.925757938E-1
2.247451523E0,9.442553520E-1,-5.950078964E-1,7.890514731E-1,1.366841174E0
2.252477096E0,1.693176746E0,-8.678507805E-1,9.590701461E-1,2.130687217E0
2.257502669E0,2.160096169E0,-8.825669289E-1,1.118983388E0,2.587868556E0
2.262528242E0,2.556348324E0,-7.260346413E-1,1.388935089E0,2.998530262E0
2.267553814E0,2.839063644E0,-4.607815742E-1,1.676507473E0,3.329155951E0
2.272579387E0,3.218327045E0,-8.676385880E-2,2.040898800E0,3.811879438E0
2.277604960E0,3.745148659E0,2.678179741E-1,2.295993328E0,4.401073767E0
2.282630533E0,4.226622105E0,3.886518478E-1,2.413017273E0,4.882421227E0
2.287656106E0,4.819721222E0,3.624911308E-1,2.484426498E0,5.434472146E0
2.292681679E0,5.432898521E0,2.852864265E-1,2.494800568E0,5.985131959E0
2.297707252E0,5.922228336E0,1.858530045E-1,2.551993847E0,6.451356633E0
2.302732825E0,6.421354294E0,9.280920029E-2,2.611135483E0,6.932563236E0
2.307758398E0,6.910813808E0,-8.002996445E-2,2.664917469E0,7.407262477E0
2.312783971E0,7.366711617E0,-2.897105217E-1,2.661680222E0,7.838170311E0
2.317809544E0,7.584123135E0,-4.315128326E-1,2.380950928E0,7.960782271E0
2.322835117E0,7.206885815E0,-3.635492325E-1,-2.412469864E0,7.608638645E0
2.327860689E0,5.709691525E0,8.730454445E-1,-8.168397903E0,1.000427458E1
2.332886262E0,3.458819628E0,2.931039095E0,-4.174732208E0,6.163019747E0
2.337911835E0,1.118494034E0,4.484035492E0,-4.166234016E0,6.222146661E0
2.342937408E0,-1.416702747E0,5.999024391E0,-5.001058578E0,7.937627305E0
2.347962981E0,-2.936398983E0,7.067341805E0,-4.929925919E0,9.103511890E0
2.352988554E0,-2.910704613E0,7.110900879E0,-4.727012634E0,9.021184019E0
2.358014127E0,-2.082364559E0,6.620831013E0,-3.784542322E0,7.905340350E0
2.363039700E0,-1.461055279E0,5.983590603E0,-2.137369633E0,6.519692322E0
2.368065273E0,-1.255421162E0,5.608111382E0,-1.707056761E-1,5.749446581E0
2.373090846E0,-6.847424507E-1,5.806752205E0,1.738518834E0,6.099974683E0
2.378116419E0,7.534003258E-1,6.051147461E0,2.720060349E0,6.677029725E0
2.383141992E0,2.868879557E0,5.765688896E0,2.186191082E0,6.800960947E0
2.388167564E0,5.330750465E0,5.174508095E0,2.200098753E0,7.748088091E0
2.393193137E0,7.081635475E0,4.118324280E0,2.375283480E0,8.529485769E0
2.398218710E0,7.601064205E0,2.568534374E0,2.691577911E0,8.462749998E0
2.403244283E0,7.415406227E0,1.747285843E0,3.174842358E0,8.253537504E0
2.408269856E0,7.425496101E0,1.190914631E0,4.119032860E0,8.574537988E0
2.413295429E0,9.196037292E0,-5.000877380E-1,5.631261826E0,1.079482744E1
2.418321002E0,1.188721561E1,-2.887964249E0,1.781987190E0,1.236210787E1
2.423346575E0,1.068655014E1,-3.240139961E0,-6.161531448E0,1.275403194E1
2.428372148E0,8.904672623E0,-2.999011040E0,-4.681248188E0,1.049768290E1
2.433397721E0,6.917027950E0,-2.157465935E0,-1.771129966E0,7.459010409E0
2.438423294E0,5.024355888E0,-9.373502731E-1,1.015951157E0,5.211039664E0
2.443448867E0,3.589424133E0,3.987712860E-1,2.174551487E0,4.215644472E0
2.448474439E0,2.564703465E0,1.801917076E0,1.336099982E0,3.407311576E0
2.453500012E0,2.065977812E0,3.005159378E0,6.925350428E-2,3.647470802E0
2.458525585E0,1.885797143E0,3.924310684E0,-7.310050130E-1,4.414840149E0
2.463551158E0,1.848882198E0,4.503936291E0,-1.140517235E0,5.000458685E0
2.468576731E0,1.256176591E0,4.558754444E0,-1.119264364E0,4.859318309E0
2.473602304E0,2.040204406E-1,4.419509888E0,-8.509232998E-1,4.505303813E0
2.478627877E0,-3.512675166E-1,4.641841412E0,-9.662176967E-1,4.754330363E0
2.483653450E0,-1.096853733E0,3.963846684E0,-1.349511147E0,4.328550448E0
2.488679023E0,-2.692605495E0,1.431390762E0,-1.387461662E0,3.350231892E0
2.493704596E0,-4.851873398E0,-2.128916740E0,-1.996583223E0,5.662093829E0
2.498730169E0,-6.342750072E0,-6.062707901E0,-3.108401537E0,9.308547990E0
2.503755742E0,-6.224452972E0,-8.950541496E0,-4.341358185E0,1.173470915E1
2.508781314E0,-6.832363129E0,-1.164178848E1,-4.572340012E0,1.425197243E1
2.513806887E0,-6.197444916E0,-1.346007442E1,-4.847399712E0,1.559099775E1
2.518832460E0,-4.469092846E0,-1.489359188E1,-4.840378761E0,1.628561133E1
2.523858033E0,-3.362196445E0,-1.745000458E1,-4.686469555E0,1.837852066E1
2.528883606E0,-1.619306207E0,-1.895860481E1,-3.873133898E0,1.941782725E1
2.533909179E0,1.458539724E0,-1.925143433E1,-2.472753525E0,1.946431534E1
2.538934752E0,4.619916439E0,-1.976734161E1,-7.003325224E-1,2.031211186E1
2.543960325E0,6.379283428E0,-2.022052383E1,1.585873604E0,2.126216913E1
2.548985898E0,7.327984333E0,-1.988903236E1,4.037544727E0,2.157718077E1
2.554011471E0,7.256923676E0,-1.862922859E1,6.811540127E0,2.112127312E1
2.559037044E0,7.698468208E0,-1.573689842E1,1.007162094E1,2.020776913E1
2.564062617E0,8.365491867E0,-1.095189476E1,1.441642094E1,1.994388743E1
2.569088189E0,6.987205982E0,-6.162528038E0,1.303465462E1,1.602186070E1
2.574113762E0,4.820886612E0,-3.215577126E0,8.841624260E0,1.057143337E1
2.579139335E0,2.770979404E0,-1.422718048E0,4.797591686E0,5.720082123E0
2.584164908E0,1.116839767E0,-1.966648102E-1,1.886479497E0,2.201093593E0
2.589190481E0,-1.183749735E-1,7.391185760E-1,-1.763492674E-1,7.690305377E-1
2.594216054E0,-8.609306812E-1,1.446413040E0,-1.721718311E0,2.407826045E0
2.599241627E0,-1.301578164E0,2.135792255E0,-2.833940983E0,3.779806314E0
2.604267200E0,-1.584139228E0,2.759735107E0,-3.623215675E0,4.822170340E0
2.609292773E0,-1.794896364E0,3.141900539E0,-4.119333744E0,5.482891797E0
2.614318346E0,-1.928615928E0,3.288051605E0,-4.386013985E0,5.811020687E0
2.619343919E0,-2.113154411E0,3.261234283E0,-4.513346672E0,5.955784482E0
2.624369492E0,-2.413902283E0,3.162572384E0,-4.683207035E0,6.145015577E0
2.629395064E0,-2.690692186E0,3.073853970E0,-4.757100105E0,6.270438906E0
2.634420637E0,-2.908651590E0,2.885310650E0,-4.697856903E0,6.233388413E0
2.639446210E0,-3.167855740E0,2.721572399E0,-4.851119041E0,6.401220373E0
2.644471783E0,-3.296949625E0,2.286223412E0,-4.911619663E0,6.341979347E0
2.649497356E0,-3.568622589E0,1.871295452E0,-4.718395710E0,6.204842619E0
2.654522981E0,-3.809257746E0,1.462219238E0,-4.474518776E0,6.055563388E0
2.659548606E0,-3.931978464E0,1.034893990E0,-4.310548782E0,5.925562506E0
2.664574231E0,-3.927294493E0,6.322336197E-1,-4.059973717E0,5.683902529E0
2.669599856E0,-3.795668840E0,2.397251129E-1,-3.761894464E0,5.349431749E0
2.674625481E0,-3.489901066E0,-1.140546799E-1,-3.478952885E0,4.929049715E0
2.679651106E0,-3.030137539E0,-3.861503601E-1,-3.273248434E0,4.477164383E0
2.684676731E0,-2.513589382E0,-5.479373932E-1,-3.077476501E0,4.011138066E0
2.689702356E0,-2.022699118E0,-6.520442963E-1,-2.957724571E0,3.642060972E0
2.694727981E0,-1.620697975E0,-7.606105804E-1,-2.808000088E0,3.330173400E0
2.699753606E0,-1.212764502E0,-8.209896088E-1,-2.580375671E0,2.967012012E0
2.704779231E0,-8.047734499E-1,-8.571033478E-1,-2.332288742E0,2.611868532E0
2.709804856E0,-3.976705074E-1,-8.498582840E-1,-2.045050144E0,2.250029117E0
2.714830481E0,-3.064966202E-2,-8.184490204E-1,-1.762370825E0,1.943385995E0
2.719856106E0,3.523815870E-1,-7.389440536E-1,-1.432366729E0,1.649813790E0
2.724881731E0,7.592917681E-1,-6.639013290E-1,-1.041633606E0,1.449927423E0
2.729907356E0,1.164516807E0,-5.788202286E-1,-6.628682017E-1,1.459632318E0
2.734932981E0,1.480610251E0,-4.883546829E-1,-3.113858104E-1,1.589861043E0
2.739958606E0,1.701793194E0,-4.258556366E-1,1.190358400E-2,1.754307497E0
2.744984231E0,1.789486170E0,-3.577547073E-1,3.491492867E-1,1.857997418E0
2.750009856E0,1.810554862E0,-2.792520523E-1,7.615639567E-1,1.983953194E0
2.755035481E0,1.693391085E0,-2.095165253E-1,1.176354289E0,2.072505719E0
2.760061106E0,1.304948568E0,-1.343126297E-1,1.602187514E0,2.070733078E0
2.765086731E0,6.378694177E-1,-1.352224350E-1,1.918874025E0,2.026632682E0
2.770112356E0,-6.541180611E-2,-1.647558212E-1,2.030384064E0,2.038107610E0
2.775137981E0,-6.582896709E-1,-1.802272797E-1,2.032722473E0,2.144245279E0
2.780163606E0,-1.076338053E0,-1.723861694E-1,1.973867893E0,2.254855883E0
2.785189231E0,-1.279624820E0,-9.843158722E-2,1.911514044E0,2.302393189E0
2.790214856E0,-1.253326774E0,2.236461639E-2,1.826790094E0,2.215511279E0
2.795240481E0,-1.016947985E0,1.660766602E-1,1.734362602E0,2.017369152E0
2.800266106E0,-6.577465534E-1,2.945709229E-1,1.605893970E0,1.760198284E0
2.805291731E0,-2.633763552E-1,4.081010818E-1,1.446784973E0,1.526139036E0
2.810317356E0,8.338701725E-2,4.686584473E-1,1.262333393E0,1.349103306E0
2.815342981E0,3.239892721E-1,4.860649109E-1,1.100644112E0,1.246052008E0
2.820368606E0,4.530146122E-1,4.700727463E-1,9.715178013E-1,1.170485995E0
2.825394179E0,5.323773026E-1,3.873157501E-1,8.654574156E-1,1.087407753E0
2.830419752E0,5.572155118E-1,2.905092239E-1,7.585080266E-1,9.849970366E-1
2.835445325E0,4.943923950E-1,1.652803421E-1,6.888011694E-1,8.638220203E-1
2.840470898E0,4.020706415E-1,3.548431396E-2,6.563342214E-1,7.705157672E-1
2.845496471E0,3.047804832E-1,-5.114078522E-2,5.939449668E-1,6.695350226E-1
2.850522044E0,2.746042013E-1,-1.090421677E-1,5.495868921E-1,6.239738886E-1
2.855547617E0,2.927663326E-1,-1.430969238E-1,5.137566924E-1,6.083870430E-1
2.860573189E0,3.306013346E-1,-1.581249237E-1,4.770003557E-1,6.015231278E-1
2.865598762E0,4.071427584E-1,-1.445808411E-1,4.487887621E-1,6.229608321E-1
2.870624335E0,5.174378157E-1,-1.407432556E-1,4.004328847E-1,6.692511130E-1
2.875649908E0,6.085546613E-1,-1.178693771E-1,3.510428071E-1,7.123643859E-1
2.880675481E0,7.184396386E-1,-9.028434753E-2,2.957927585E-1,7.821765361E-1
2.885701054E0,8.180000186E-1,-6.272220612E-2,2.299036384E-1,8.520057444E-1
2.890726627E0,8.688785434E-1,-3.037834167E-2,1.917647123E-1,8.903069536E-1
2.895752200E0,8.950020075E-1,-2.814292908E-3,1.479103565E-1,9.071460672E-1
2.900777773E0,9.107638597E-1,4.387950897E-2,1.174453497E-1,9.193528320E-1
2.905803346E0,8.922874928E-1,8.576774597E-2,1.195707321E-1,9.043396685E-1
2.910828919E0,8.636580110E-1,1.467409134E-1,1.302753091E-1,8.856690757E-1
2.915854492E0,8.442559838E-1,2.219533920E-1,1.399842501E-1,8.840967508E-1
2.920880064E0,8.437674642E-1,2.635297775E-1,1.533702016E-1,8.971699371E-1
2.925905637E0,8.574168086E-1,3.336734772E-1,1.608560085E-1,9.340108289E-1
2.930931210E0,8.994623423E-1,3.845243454E-1,1.480428576E-1,9.893473430E-1
2.935956783E0,9.552496672E-1,4.639558792E-1,1.291500330E-1,1.069783490E0
2.940982356E0,1.019698262E0,5.384979248E-1,1.091033816E-1,1.158303979E0
2.946007929E0,1.068509459E0,6.177711487E-1,6.398272514E-2,1.235899448E0
2.951033502E0,1.101322412E0,6.970453262E-1,2.742809057E-2,1.303662358E0
2.956059075E0,1.093934298E0,7.524557114E-1,-1.003152132E-2,1.327773503E0
2.961084648E0,1.036676049E0,7.601490021E-1,-6.732553244E-2,1.287267052E0
2.966110221E0,9.009126425E-1,7.249698639E-1,-1.156048179E-1,1.162148599E0
2.971135794E0,7.395057678E-1,6.660890579E-1,-1.689990759E-1,1.009506860E0
2.976161367E0,5.478101373E-1,5.548267365E-1,-2.178236246E-1,8.095528305E-1
2.981186939E0,3.550230265E-1,4.342145920E-1,-2.620863914E-1,6.190904116E-1
2.986212512E0,1.376290321E-1,2.803058624E-1,-3.064057231E-1,4.374901075E-1
2.991238085E0,-8.027374744E-2,1.170425415E-1,-3.554275632E-1,3.827160615E-1
2.996263658E0,-2.792127132E-1,-1.734256744E-2,-4.042587876E-1,4.916153692E-1
3.001289231E0,-4.637188911E-1,-1.229228973E-1,-4.863466024E-1,6.831385411E-1
3.006314804E0,-6.383588314E-1,-2.140913010E-1,-5.345486403E-1,8.596972325E-1
3.011340377E0,-7.885409594E-1,-2.717504501E-1,-5.917856097E-1,1.022670699E0
3.016365950E0,-9.331070185E-1,-3.103227615E-1,-6.388930678E-1,1.172677823E0
3.021391523E0,-1.043289661E0,-3.154935837E-1,-6.950743794E-1,1.292717259E0
3.026417096E0,-1.123844266E0,-2.873296738E-1,-7.509217262E-1,1.381834909E0
3.031442669E0,-1.193735719E0,-2.593927383E-1,-7.922731638E-1,1.456017282E0
3.036468242E0,-1.224400997E0,-1.982145309E-1,-8.385167718E-1,1.497183081E0
3.041493814E0,-1.235155463E0,-1.229877472E-1,-8.947302699E-1,1.530123283E0
3.046519387E0,-1.192540526E0,-3.854084015E-2,-9.802322388E-1,1.544180542E0
3.051544960E0,-1.139877796E0,4.078483582E-2,-1.099818468E0,1.584482709E0
3.056570533E0,-1.077208400E0,1.006460190E-1,-1.219985485E0,1.630604839E0
3.061596106E0,-1.038216591E0,1.411056519E-1,-1.331033230E0,1.693946266E0
3.066621679E0,-1.008365035E0,1.382780075E-1,-1.447142005E0,1.769220403E0
3.071647252E0,-9.589955807E-1,1.018056870E-1,-1.553830743E0,1.828777433E0
3.076672825E0,-9.045070410E-1,1.263904572E-2,-1.650862336E0,1.882455626E0
3.081698398E0,-8.113888502E-1,-1.004257202E-1,-1.742770910E0,1.925016269E0
3.086723971E0,-7.181229591E-1,-2.181673050E-1,-1.838873386E0,1.986140199E0
3.091749544E0,-6.297752857E-1,-3.644313812E-1,-1.919889927E0,2.053145020E0
3.096775117E0,-5.510404110E-1,-4.769773483E-1,-1.976035714E0,2.106150533E0
3.101800689E0,-4.771398306E-1,-5.797510147E-1,-2.036040068E0,2.170076684E0
3.106826262E0,-4.225082397E-1,-6.727390289E-1,-2.066354990E0,2.213800795E0
3.111851835E0,-3.536770344E-1,-7.368335724E-1,-2.067151785E0,2.222864742E0
3.116877408E0,-2.800120115E-1,-7.864789963E-1,-2.072186947E0,2.234035515E0
3.121902981E0,-2.349847555E-1,-8.026113510E-1,-2.062620640E0,2.225714878E0
3.126928554E0,-1.657704115E-1,-7.996692657E-1,-2.052999020E0,2.209469560E0
3.131954127E0,-1.202301979E-1,-7.490596771E-1,-2.053348303E0,2.189014608E0
3.136979700E0,-5.519890785E-2,-6.795854568E-1,-2.087772369E0,2.196287044E0
3.142005273E0,6.369352341E-4,-5.817251205E-1,-2.113266468E0,2.191871275E0
3.147031002E0,8.069878817E-2,-4.460077286E-1,-2.177999973E0,2.224661563E0
3.152056731E0,1.657126546E-1,-2.915983200E-1,-2.234069824E0,2.259105629E0
3.157082460E0,2.556099892E-1,-1.328296661E-1,-2.343450308E0,2.361088633E0
3.162108189E0,3.455003500E-1,2.080249786E-2,-2.467448235E0,2.491606716E0
3.167133919E0,4.543293715E-1,1.502437592E-1,-2.586639404E0,2.630530702E0
3.172159648E0,5.724530220E-1,2.556285858E-1,-2.753120661E0,2.823600859E0
3.177185325E0,6.517571211E-1,3.132324219E-1,-2.880115032E0,2.969505766E0
3.182210898E0,7.113821507E-1,3.088588715E-1,-2.986382723E0,3.085440023E0
3.187236471E0,7.799611688E-1,2.714176178E-1,-3.085700512E0,3.194300330E0
3.192262044E0,8.431058526E-1,2.201585770E-1,-3.163415194E0,3.281233452E0
3.197287617E0,9.051488638E-1,1.695899963E-1,-3.214337826E0,3.343654122E0
3.202313189E0,9.417670965E-1,4.809284210E-2,-3.219044685E0,3.354323609E0
3.207338762E0,8.664789200E-1,-1.919584274E-1,-3.201210976E0,3.321955067E0
3.212364335E0,6.454066038E-1,-5.502624512E-1,-3.165151596E0,3.276815997E0
3.217389908E0,2.979375720E-1,-9.500913620E-1,-3.077045441E0,3.234138067E0
3.222415481E0,-1.468068361E-1,-1.348317146E0,-2.912685633E0,3.212981321E0
3.227441054E0,-6.878236532E-1,-1.768919945E0,-2.662429333E0,3.269664983E0
3.232466627E0,-1.209205389E0,-2.116383553E0,-2.355331421E0,3.389519600E0
3.237492200E0,-1.676784515E0,-2.405364990E0,-2.020841599E0,3.561065545E0
3.242517773E0,-2.066234827E0,-2.578816414E0,-1.636138678E0,3.687352740E0
3.247543346E0,-2.410687685E0,-2.728012085E0,-1.269365788E0,3.855483699E0
3.252568919E0,-2.681285143E0,-2.843641281E0,-9.598205686E-1,4.024529945E0
3.257594492E0,-2.921040773E0,-2.935467720E0,-6.364979744E-1,4.189818565E0
3.262620064E0,-3.062719822E0,-3.032357216E0,-3.383550644E-1,4.323184838E0
3.267645637E0,-3.211455822E0,-3.100899696E0,-1.039955616E-1,4.465405077E0
3.272671210E0,-3.266677856E0,-3.021579742E0,4.267549515E-2,4.450050512E0
3.277696783E0,-3.228507996E0,-2.861506462E0,9.708619118E-2,4.315195110E0
3.282722356E0,-3.187994957E0,-2.702080727E0,9.753417969E-2,4.180199160E0
3.287747929E0,-3.159650803E0,-2.442849159E0,8.235692978E-2,3.994707483E0
3.292773502E0,-3.081560135E0,-2.079161644E0,8.362174034E-3,3.717391012E0
3.297799075E0,-2.963340282E0,-1.620711327E0,-9.568655491E-2,3.378941661E0
3.302824648E0,-2.771532536E0,-1.091482162E0,-2.629657984E-1,2.990297129E0
3.307850221E0,-2.486908674E0,-5.727806091E-1,-4.975777864E-1,2.600072313E0
3.312875794E0,-2.099759817E0,-1.027297974E-1,-7.411796451E-1,2.229101157E0
3.317901367E0,-1.648665190E0,3.332195282E-1,-1.012087822E0,1.963021630E0
3.322926939E0,-1.134080648E0,7.209081650E-1,-1.266492128E0,1.846577865E0
3.327952512E0,-6.141186357E-1,1.074864388E0,-1.556529045E0,1.988782999E0
3.332978085E0,-1.184062958E-1,1.333085060E0,-1.862687111E0,2.293630114E0
3.338003658E0,3.571243286E-1,1.562713623E0,-2.203974724E0,2.725273608E0
3.343029231E0,7.879409790E-1,1.778197765E0,-2.575432777E0,3.227335165E0
3.348054804E0,1.182984114E0,2.017882824E0,-2.914725780E0,3.737235460E0
3.353080377E0,1.551423550E0,2.262619019E0,-3.255468130E0,4.257279953E0
3.358105950E0,1.873579979E0,2.483721733E0,-3.621671438E0,4.774482128E0
3.363131523E0,2.101574421E0,2.685971737E0,-4.013447285E0,5.266765452E0
3.368157096E0,2.211548090E0,2.783308506E0,-4.325371265E0,5.598802352E0
3.373182669E0,2.189904451E0,2.794930935E0,-4.581222057E0,5.796112143E0
3.378208242E0,2.138019085E0,2.744835377E0,-4.651198864E0,5.808519409E0
3.383233814E0,2.113823414E0,2.657004833E0,-4.568189621E0,5.691773056E0
3.388259387E0,2.089105606E0,2.483663559E0,-4.293075562E0,5.381769661E0
3.393284960E0,2.121404171E0,2.239243507E0,-3.930475473E0,4.996319104E0
3.398310533E0,2.196216106E0,1.871225834E0,-3.450669050E0,4.497996021E0
3.403336106E0,1.973711014E0,1.413141251E0,-2.599848747E0,3.556925199E0
3.408361679E0,1.636325836E0,9.270505905E-1,-1.512418270E0,2.413378143E0
3.413387252E0,1.304003954E0,3.505373001E-1,-5.623298287E-1,1.462708975E0
3.418412825E0,8.288046718E-1,-2.926273346E-1,4.938578606E-2,8.803334009E-1
3.423438398E0,1.921591163E-1,-9.548034668E-1,5.475907326E-1,1.117331820E0
3.428463971E0,-6.145849228E-1,-1.468903542E0,1.199210048E0,1.993363233E0
3.433489544E0,-1.246276140E0,-1.825831413E0,1.902449369E0,2.916535302E0
3.438515117E0,-1.449629068E0,-2.021178246E0,2.612858057E0,3.607438587E0
3.443540689E0,-1.469999790E0,-2.107793808E0,3.348108292E0,4.220606977E0
3.448566262E0,-1.614568114E0,-2.124039650E0,4.245054245E0,5.013866789E0
3.453591835E0,-1.893012643E0,-2.136890411E0,5.143723965E0,5.882830418E0
3.458617408E0,-2.156892061E0,-2.189260483E0,5.826970100E0,6.587763306E0
3.463642981E0,-2.463435411E0,-2.257009506E0,6.331844330E0,7.159249860E0
3.468668554E0,-2.764350891E0,-2.296863556E0,6.714427948E0,7.615823049E0
3.473694127E0,-2.930040836E0,-2.318202019E0,6.926046371E0,7.869518298E0
3.478719700E0,-2.936669350E0,-2.239483833E0,7.013900280E0,7.926797074E0
3.483745273E0,-2.884964228E0,-2.012728691E0,7.049071312E0,7.878039207E0
3.488770846E0,-2.784659386E0,-1.771787643E0,6.945249557E0,7.689606672E0
3.493796419E0,-2.654890537E0,-1.511688232E0,6.754846573E0,7.413608925E0
3.498821992E0,-2.510076523E0,-1.265771866E0,6.406268120E0,6.995922655E0
3.503847564E0,-2.397822142E0,-9.718151093E-1,5.862196445E0,6.407754895E0
3.508873137E0,-2.346289635E0,-6.442546844E-1,5.338861942E0,5.867161664E0
3.513898710E0,-2.369135857E0,-3.214712143E-1,4.932716846E0,5.481591369E0
3.518924283E0,-2.369979858E0,-3.552436829E-3,4.476806641E0,5.065433333E0
3.523949856E0,-2.267008305E0,2.902278900E-1,3.953133345E0,4.566270045E0
3.528975429E0,-2.074479580E0,5.597753525E-1,3.396204948E0,4.018833416E0
3.534001002E0,-1.821203947E0,7.332735062E-1,2.802175522E0,3.421499891E0
3.539026575E0,-1.526411653E0,7.915925980E-1,2.181618452E0,2.777770769E0
3.544052148E0,-1.185775518E0,7.778482437E-1,1.611961126E0,2.146981635E0
3.549077721E0,-8.379005194E-1,7.398881912E-1,1.141674042E0,1.597789546E0
3.554103294E0,-4.592067003E-1,6.872758865E-1,7.327774167E-1,1.104618341E0
3.559128867E0,-5.524742603E-2,5.865840912E-1,3.807985187E-1,7.015273950E-1
3.564154439E0,3.254650235E-1,4.235630035E-1,-1.081228256E-4,5.341658087E-1
3.569180012E0,6.775827408E-1,2.509326935E-1,-3.616579175E-1,8.080111612E-1
3.574205585E0,1.067366123E0,6.398296356E-2,-5.456233621E-1,1.200445381E0
3.579231158E0,1.417684197E0,-9.896564484E-2,-5.659887195E-1,1.529694712E0
3.584256731E0,1.713356256E0,-2.856864929E-1,-5.895227194E-1,1.834323709E0
3.589282304E0,2.006346703E0,-4.721689224E-1,-5.866959691E-1,2.143031204E0
3.594307877E0,2.276973248E0,-6.440048218E-1,-5.089812875E-1,2.420415529E0
3.599333502E0,2.495762348E0,-7.723836899E-1,-3.129937053E-1,2.631230002E0
3.604359127E0,2.676486969E0,-8.237752914E-1,-7.503920794E-2,2.801395921E0
3.609384752E0,2.780637741E0,-8.364610672E-1,1.666501760E-1,2.908502303E0
3.614410377E0,2.812933683E0,-7.817335129E-1,3.209968209E-1,2.937131620E0
3.619436002E0,2.740084171E0,-7.314071655E-1,4.501300454E-1,2.871521333E0
3.624461627E0,2.562764645E0,-6.472654343E-1,5.822238922E-1,2.706603005E0
3.629487252E0,2.358235836E0,-5.341882706E-1,7.214346528E-1,2.523311579E0
3.634512877E0,2.108340740E0,-3.923263550E-1,8.096899986E-1,2.292295474E0
3.639538502E0,1.828298330E0,-2.457323074E-1,8.513514996E-1,2.031713200E0
3.644564127E0,1.566744447E0,-1.088380814E-1,8.745077848E-1,1.797581084E0
3.649589752E0,1.333880424E0,7.092189789E-2,9.454911947E-1,1.636526963E0
3.654615377E0,1.116019130E0,2.790956497E-1,1.044433594E0,1.553780748E0
3.659641002E0,9.279377460E-1,4.725999832E-1,1.065459013E0,1.489839627E0
3.664666627E0,7.841133475E-1,5.893106461E-1,1.017758131E0,1.413489438E0
3.669692252E0,6.846640110E-1,6.580352783E-1,8.962920308E-1,1.305800383E0
3.674717877E0,5.866011381E-1,6.836223602E-1,7.201616764E-1,1.153288024E0
3.679743502E0,5.282363892E-1,7.091484070E-1,5.278559923E-1,1.029833528E0
3.684769127E0,5.141730309E-1,7.489709854E-1,3.100230694E-1,9.599196561E-1
3.689794752E0,4.916067123E-1,7.695941925E-1,1.386815310E-1,9.236801112E-1
3.694820377E0,4.556518793E-1,7.518930435E-1,-1.965761185E-4,8.791824740E-1
3.699846002E0,4.444365501E-1,7.293720245E-1,-1.110129356E-1,8.612962726E-1
3.704871627E0,4.912197590E-1,7.163600922E-1,-2.363466024E-1,9.001823980E-1
3.709897252E0,5.623757839E-1,6.745481491E-1,-3.566215038E-1,9.478716289E-1
3.714922877E0,6.431846619E-1,6.230974197E-1,-4.234783649E-1,9.905911514E-1
3.719948502E0,7.285767198E-1,5.620365143E-1,-4.128143787E-1,1.008526049E0
3.724974127E0,8.232181668E-1,5.248422623E-1,-3.436151743E-1,1.034997072E0
3.729999752E0,9.461212158E-1,4.971570969E-1,-2.733672857E-1,1.103195453E0
3.735025377E0,1.101784229E0,5.124778748E-1,-2.307051420E-1,1.236845553E0
3.740051002E0,1.275555253E0,5.373296738E-1,-2.109080553E-1,1.400088065E0
3.745076627E0,1.414714575E0,5.860719681E-1,-1.757616997E-1,1.541359742E0
3.750102252E0,1.571758389E0,6.252412796E-1,-2.067432404E-1,1.704140211E0
3.755127877E0,1.737132788E0,6.739826202E-1,-2.464818954E-1,1.879530851E0
3.760153502E0,1.877347469E0,7.179517746E-1,-3.142160177E-1,2.034359845E0
3.765179127E0,2.044964314E0,7.524089813E-1,-4.196835756E-1,2.219038671E0
3.770204752E0,2.235047579E0,7.869749069E-1,-5.964932442E-1,2.443475266E0
3.775230325E0,2.404455662E0,7.929916382E-1,-8.399573565E-1,2.667540277E0
3.780255898E0,2.538843632E0,7.896184921E-1,-1.078198671E0,2.869100334E0
3.785281471E0,2.624036312E0,7.720403671E-1,-1.330220342E0,3.041561943E0
3.790307044E0,2.693507671E0,7.545957565E-1,-1.543155789E0,3.194640531E0
3.795332617E0,2.761590719E0,7.372512817E-1,-1.726397395E0,3.339217082E0
3.800358189E0,2.756613255E0,7.391128540E-1,-1.870389462E0,3.412266283E0
3.805383762E0,2.716898918E0,7.171144485E-1,-1.922601461E0,3.404730422E0
3.810409335E0,2.642533302E0,7.286481857E-1,-1.940476894E0,3.358475995E0
3.815434908E0,2.533741236E0,7.497491837E-1,-1.924247980E0,3.268745750E0
3.820460481E0,2.419352055E0,7.899684906E-1,-1.845419526E0,3.143706063E0
3.825486054E0,2.275558710E0,8.492946625E-1,-1.709068775E0,2.969913289E0
3.830511627E0,2.083585024E0,9.277019501E-1,-1.539515972E0,2.751738884E0
3.835537200E0,1.910673499E0,1.025176048E0,-1.337107062E0,2.547452541E0
3.840562773E0,1.690167069E0,1.132137299E0,-1.097446918E0,2.311447452E0
3.845588346E0,1.465440750E0,1.234230995E0,-7.730131149E-1,2.066008717E0
3.850613919E0,1.270293236E0,1.360190392E0,-4.217119217E-1,1.908298654E0
3.855639492E0,1.085519791E0,1.476562500E0,-1.490087509E-1,1.838693460E0
3.860665064E0,8.919941187E-1,1.583404064E0,9.284079075E-2,1.819736616E0
3.865690637E0,6.897490621E-1,1.671177387E0,3.373163939E-1,1.839122067E0
3.870716210E0,4.499900341E-1,1.763830662E0,5.701564550E-1,1.907529297E0
3.875741783E0,2.492760420E-1,1.823095798E0,8.010169864E-1,2.006849533E0
3.880767356E0,1.554405689E-2,1.887301922E0,1.034815073E0,2.152438709E0
3.885792929E0,-2.370742559E-1,1.922973156E0,1.286098957E0,2.325528002E0
3.890818502E0,-5.233602524E-1,1.935016155E0,1.559567928E0,2.539772745E0
3.895844075E0,-8.485225439E-1,1.890039921E0,1.793119192E0,2.739985009E0
3.900869648E0,-1.193631887E0,1.878992558E0,2.010853529E0,2.999816999E0
3.905895221E0,-1.549309731E0,1.825370312E0,2.160044193E0,3.224612897E0
3.910920794E0,-1.930029869E0,1.743629932E0,2.250131130E0,3.439236942E0
3.915946367E0,-2.369296551E0,1.672121525E0,2.261779785E0,3.677662890E0
3.920971939E0,-2.824028015E0,1.591699123E0,2.247688055E0,3.944710626E0
3.925997512E0,-3.360793591E0,1.468877792E0,2.164613724E0,4.258883434E0
3.931023085E0,-3.936093330E0,1.341959953E0,2.026725531E0,4.626154299E0
3.936048658E0,-4.549376488E0,1.182221413E0,1.766864061E0,5.021581674E0
3.941074231E0,-5.109015465E0,1.013525009E0,1.375509024E0,5.387141825E0
3.946099804E0,-5.618892193E0,8.309688568E-1,9.675279260E-1,5.761819938E0
3.951125377E0,-5.977987289E0,7.014265060E-1,5.477198362E-1,6.043866990E0
3.956150950E0,-6.277074814E0,5.482225418E-1,6.376087666E-2,6.301292060E0
3.961176523E0,-6.525349617E0,4.142866135E-1,-3.977783918E-1,6.550576209E0
3.966202096E0,-6.665083885E0,3.186397552E-1,-8.033038378E-1,6.720875802E0
3.971227669E0,-6.624538898E0,2.611455917E-1,-1.128640056E0,6.725068105E0
3.976253242E0,-6.423370838E0,2.704753876E-1,-1.388153434E0,6.577219763E0
3.981278814E0,-6.167406559E0,2.700500488E-1,-1.567479610E0,6.369208979E0
3.986304387E0,-5.852271080E0,2.838230133E-1,-1.637977004E0,6.083798235E0
3.991329960E0,-5.406639099E0,2.878551483E-1,-1.656937838E0,5.662159476E0
3.996355533E0,-4.869143486E0,3.012828827E-1,-1.605135679E0,5.135736579E0
4.001381106E0,-4.311919689E0,3.001623154E-1,-1.544525623E0,4.590022682E0
4.006406679E0,-3.730403185E0,2.988576889E-1,-1.451069355E0,4.013829358E0
4.011432252E0,-3.139132023E0,3.021535873E-1,-1.315158725E0,3.416882954E0
4.016457825E0,-2.514373302E0,3.196182251E-1,-1.179829240E0,2.795751410E0
4.021483398E0,-1.865942597E0,3.369235992E-1,-1.035609126E0,2.160496598E0
4.026508971E0,-1.251574039E0,3.015422821E-1,-8.636746407E-1,1.550257788E0
4.031534544E0,-6.332950592E-1,1.466531754E-1,-7.359788418E-1,9.819545007E-1
4.036560117E0,-2.079343796E-2,-2.327814102E-1,-6.813268661E-1,7.202956688E-1
4.041585689E0,5.378565788E-1,-9.177532196E-1,-6.279134750E-1,1.235247345E0
4.046611262E0,9.903312325E-1,-1.931857109E0,-6.281648874E-1,2.259959948E0
4.051636835E0,1.289364338E0,-3.255671501E0,-6.481542587E-1,3.561174141E0
4.056662408E0,1.535973310E0,-4.740661621E0,-6.731884480E-1,5.028545446E0
4.061687981E0,1.740517616E0,-6.185922623E0,-7.124209404E-1,6.465491773E0
4.066713554E0,1.865374088E0,-7.601194382E0,-8.133213520E-1,7.868879726E0
4.071739127E0,1.973366976E0,-8.867082596E0,-9.084623456E-1,9.129328278E0
4.076764700E0,2.165425539E0,-9.959963799E0,-9.544822574E-1,1.023723513E1
4.081790273E0,2.556392193E0,-1.066486073E1,-9.945940971E-1,1.101197588E1
4.086815846E0,3.241223335E0,-1.088650513E1,-1.144003153E0,1.141622818E1
4.091841419E0,4.126873493E0,-1.020434380E1,-1.440987349E0,1.110117839E1
4.096866992E0,4.694541931E0,-8.045244217E0,-1.943070173E0,9.515261434E0
4.101892564E0,4.890108109E0,-4.999002457E0,-2.587233305E0,7.456336838E0
4.106918137E0,4.760506630E0,-2.195231438E0,-3.099165440E0,6.089851465E0
4.111943710E0,4.510950565E0,8.425235748E-2,-3.233191729E0,5.550612778E0
4.116969283E0,4.399320602E0,1.864056110E0,-2.969259977E0,5.625409475E0
4.121994856E0,4.267189026E0,3.163996696E0,-2.331155539E0,5.801212237E0
4.127020429E0,4.095641136E0,4.099425793E0,-1.534402132E0,5.994493978E0
4.132046002E0,3.880462646E0,4.809395313E0,-7.369738817E-1,6.223455964E0
4.137071575E0,3.546114922E0,5.241375923E0,-3.886252642E-2,6.328385489E0
4.142097148E0,3.151436329E0,5.553265572E0,4.647771716E-1,6.402056487E0
4.147122721E0,2.803043842E0,5.859729290E0,7.934166193E-1,6.543927877E0
4.152148294E0,2.525907516E0,6.069704056E0,1.133471489E0,6.671302251E0
4.157173867E0,2.440257072E0,6.125817299E0,1.522224069E0,6.767396713E0
4.162199439E0,2.316690922E0,5.956516266E0,2.020410299E0,6.702924782E0
4.167225012E0,2.084245682E0,5.648169041E0,2.530372620E0,6.530595621E0
4.172250585E0,1.834583282E0,5.229657173E0,2.854493141E0,6.234030884E0
4.177276210E0,1.730745077E0,4.662895679E0,3.092361927E0,5.856686514E0
4.182301835E0,1.695964336E0,4.010327816E0,3.295970440E0,5.460993075E0
4.187327460E0,1.701276183E0,3.257828712E0,3.536380768E0,5.100370330E0
4.192353085E0,1.727153778E0,2.424794197E0,3.731534243E0,4.773576738E0
4.197378710E0,1.672733188E0,1.559299469E0,3.899971247E0,4.520976319E0
4.202404335E0,1.542753339E0,7.332344055E-1,4.031578541E0,4.378509574E0
4.207429960E0,1.423469067E0,-9.640598297E-2,4.106687069E0,4.347463281E0
4.212455585E0,1.367351055E0,-8.960456848E-1,4.081898689E0,4.397094914E0
4.217481210E0,1.345185757E0,-1.598663330E0,3.971529484E0,4.487571237E0
4.222506835E0,1.323127389E0,-2.228205681E0,3.909374952E0,4.690285616E0
4.227532460E0,1.248024702E0,-2.698596001E0,3.919293880E0,4.919436000E0
4.232558085E0,1.095443249E0,-2.962111473E0,3.914958000E0,5.030009586E0
4.237583710E0,8.604432344E-1,-2.980740547E0,3.829600811E0,4.928592004E0
4.242609335E0,5.620498061E-1,-2.826548576E0,3.687554836E0,4.680100160E0
4.247634960E0,2.148863077E-1,-2.528507233E0,3.556065798E0,4.368652986E0
4.252660585E0,-1.376662254E-1,-2.168194771E0,3.478555679E0,4.101264460E0
4.257686210E0,-4.617022276E-1,-1.784015656E0,3.411910057E0,3.877758508E0
4.262711835E0,-6.898057461E-1,-1.390436172E0,3.346673965E0,3.689088146E0
4.267737460E0,-8.791983128E-1,-9.540309906E-1,3.282664061E0,3.529737687E0
4.272763085E0,-1.020337224E0,-4.509601593E-1,3.181549549E0,3.371455272E0
4.277788710E0,-1.075001717E0,4.216003418E-2,3.038377762E0,3.223219754E0
4.282814335E0,-1.115305185E0,5.205879211E-1,2.838459015E0,3.093827245E0
4.287839960E0,-1.184744477E0,9.269914627E-1,2.657894373E0,3.054068622E0
4.292865585E0,-1.336286306E0,1.266267776E0,2.443523407E0,3.059395662E0
4.297891210E0,-1.545922041E0,1.481059074E0,2.218954563E0,3.083369957E0
4.302916835E0,-1.803616047E0,1.552244186E0,1.979607105E0,3.095373507E0
4.307942460E0,-2.051626444E0,1.532447815E0,1.764340520E0,3.109737102E0
4.312968085E0,-2.332249165E0,1.388070107E0,1.454796672E0,3.079376259E0
4.317993710E0,-2.615860939E0,1.152510643E0,1.071918011E0,3.052870363E0
4.323019335E0,-2.834635735E0,8.926448822E-1,6.464191675E-1,3.041353707E0
4.328044960E0,-2.968847275E0,5.701293945E-1,2.422903031E-1,3.032788528E0
4.333070585E0,-3.041932106E0,2.806396484E-1,-9.591194987E-2,3.056355453E0
4.338096210E0,-3.039293528E0,-9.329795837E-3,-3.670631945E-1,3.061393078E0
4.343121835E0,-2.970326662E0,-2.566890717E-1,-5.753098726E-1,3.036397736E0
4.348147460E0,-2.830134630E0,-4.662179947E-1,-7.203896642E-1,2.957360734E0
4.353173085E0,-2.571108341E0,-5.900564194E-1,-8.360325098E-1,2.767257675E0
4.358198658E0,-2.198582649E0,-6.760358810E-1,-9.276298881E-1,2.480178902E0
4.363224231E0,-1.770664454E0,-6.954183578E-1,-9.861439466E-1,2.142741044E0
4.368249804E0,-1.331315041E0,-6.864366531E-1,-1.017163515E0,1.810584611E0
4.373275377E0,-9.339115620E-1,-6.299066544E-1,-1.035670638E0,1.530224451E0
4.378300950E0,-6.172640920E-1,-5.640764236E-1,-1.023238420E0,1.321443921E0
4.383326523E0,-3.433039784E-1,-4.889173508E-1,-1.028245091E0,1.189195428E0
4.388352096E0,-8.362817764E-2,-3.948402405E-1,-1.060570240E0,1.134769457E0
4.393377669E0,1.615917087E-1,-3.248863220E-1,-1.072725058E0,1.132431919E0
4.398403242E0,3.874030113E-1,-2.646551132E-1,-1.084073186E0,1.181244299E0
4.403428814E0,5.648940802E-1,-2.284507751E-1,-1.128248453E0,1.282279084E0
4.408454387E0,6.700236797E-1,-1.683940887E-1,-1.171834946E0,1.360325491E0
4.413479960E0,7.649670839E-1,-8.450412750E-2,-1.176782608E0,1.406105577E0
4.418505533E0,7.969919443E-1,2.798652649E-2,-1.129146934E0,1.382371948E0
4.423531106E0,7.995188236E-1,1.738414764E-1,-1.062743306E0,1.341221288E0
4.428556679E0,8.349344730E-1,3.673381805E-1,-9.683750868E-1,1.330339514E0
4.433582252E0,8.793144226E-1,5.510168076E-1,-8.656550646E-1,1.351359340E0
4.438607825E0,9.181840420E-1,7.153320312E-1,-7.785683274E-1,1.400332279E0
4.443633398E0,9.371472597E-1,8.507480621E-1,-7.167359591E-1,1.454554120E0
4.448658971E0,9.122673273E-1,9.333972931E-1,-6.463483572E-1,1.456443745E0
4.453684544E0,8.867001534E-1,9.920425415E-1,-5.956090689E-1,1.457784528E0
4.458710117E0,8.698106408E-1,1.031533241E0,-5.450521708E-1,1.455236492E0
4.463735689E0,8.900896907E-1,1.004112244E0,-4.559459388E-1,1.417175979E0
4.468761262E0,8.946433663E-1,8.859958649E-1,-3.663936257E-1,1.311342714E0
4.473786835E0,8.547339439E-1,7.155933380E-1,-2.758747637E-1,1.148368767E0
4.478812408E0,7.752381563E-1,5.169076920E-1,-2.220928371E-1,9.578689834E-1
4.483837981E0,6.707718968E-1,3.138904572E-1,-8.011588454E-2,7.449031559E-1
4.488863554E0,5.847739577E-1,1.160840988E-1,9.267789125E-2,6.033450846E-1
4.493889127E0,4.888172150E-1,-9.568309784E-2,2.865622640E-1,5.746437644E-1
4.498914700E0,4.119791985E-1,-2.640666962E-1,5.010603666E-1,7.003710238E-1
4.503940273E0,4.117610455E-1,-3.652534485E-1,7.067703605E-1,8.958133637E-1
4.508965846E0,4.928530455E-1,-3.802356720E-1,8.740959764E-1,1.073092292E0
4.513991419E0,5.785211921E-1,-2.995853424E-1,1.059577465E0,1.243841851E0
4.519016992E0,5.774511695E-1,-1.760263443E-1,1.209425688E0,1.351719505E0
4.524042564E0,5.997707248E-1,-3.835201263E-2,1.284728169E0,1.418351955E0
4.529068137E0,6.262097359E-1,7.034873962E-2,1.261068106E0,1.409744780E0
4.534093710E0,6.281120777E-1,1.691999435E-1,1.123874187E0,1.298555579E0
4.539119283E0,6.245124340E-1,2.916860580E-1,9.498369098E-1,1.173578584E0
4.544144856E0,6.633620262E-1,4.616508484E-1,7.390611768E-1,1.095163050E0
4.549170429E0,7.349460721E-1,5.881595612E-1,4.869649410E-1,1.059817084E0
4.554196002E0,8.198218346E-1,6.999769211E-1,1.841675639E-1,1.093614750E0
4.559221575E0,8.843165636E-1,7.732210159E-1,-1.020202637E-1,1.179107569E0
4.564247148E0,9.187817574E-1,8.175134659E-1,-3.903913498E-1,1.290307557E0
4.569272721E0,9.185225964E-1,8.472318649E-1,-6.279495358E-1,1.398501417E0
4.574298294E0,9.171723127E-1,8.289041519E-1,-8.430809975E-1,1.496353138E0
4.579323867E0,9.052650928E-1,8.151865005E-1,-1.054635644E0,1.611300798E0
4.584349439E0,9.260113835E-1,7.725887299E-1,-1.295713186E0,1.770102565E0
4.589375012E0,9.601696730E-1,6.868305206E-1,-1.513307691E0,1.919312932E0
4.594400585E0,9.932317734E-1,6.106309891E-1,-1.716499805E0,2.075030396E0
4.599426158E0,1.058462620E0,4.914369583E-1,-1.928828239E0,2.254380575E0
4.604451731E0,1.141173005E0,3.676424026E-1,-2.121226311E0,2.436603748E0
4.609477304E0,1.202867270E0,2.106332779E-1,-2.288535118E0,2.593963961E0
4.614502877E0,1.190620065E0,4.926872253E-2,-2.444556236E0,2.719532816E0
4.619528450E0,1.118860245E0,-1.355228424E-1,-2.565053940E0,2.801734535E0
4.624554023E0,9.638892412E-1,-2.910356522E-1,-2.678186417E0,2.861200221E0
4.629579596E0,7.261319160E-1,-3.933782578E-1,-2.740631104E0,2.862354426E0
4.634605169E0,4.538453817E-1,-4.282484055E-1,-2.785642147E0,2.854675901E0
4.639630742E0,1.906425953E-1,-3.957338333E-1,-2.779493570E0,2.813989050E0
4.644656314E0,-5.355763435E-2,-3.198318481E-1,-2.722148657E0,2.741396385E0
4.649681887E0,-2.498397827E-1,-1.623754501E-1,-2.642592907E0,2.659338823E0
4.654707460E0,-4.030864239E-1,-4.762649536E-3,-2.569696903E0,2.601123512E0
4.659733033E0,-5.422320366E-1,1.195211411E-1,-2.484618425E0,2.545904477E0
4.664758606E0,-7.009212971E-1,1.770286560E-1,-2.387629986E0,2.494675682E0
4.669784179E0,-9.032363296E-1,1.726522446E-1,-2.288304806E0,2.466167786E0
4.674809752E0,-1.206382513E0,6.820392609E-2,-2.181848526E0,2.494087716E0
4.679835325E0,-1.614248991E0,-6.453609467E-2,-2.049214363E0,2.609452858E0
4.684860898E0,-2.044497013E0,-2.160739899E-1,-1.914537191E0,2.809289708E0
4.689886471E0,-2.448288441E0,-3.338871002E-1,-1.734984398E0,3.019232973E0
4.694912044E0,-2.767340422E0,-4.468498230E-1,-1.525428176E0,3.191360038E0
4.699937617E0,-2.943802357E0,-4.833707809E-1,-1.291414738E0,3.250749399E0
4.704963189E0,-3.025536299E0,-4.819116592E-1,-1.028926492E0,3.231841343E0
4.709988762E0,-2.998320818E0,-4.330930710E-1,-7.533325553E-1,3.121699421E0
4.715014335E0,-2.910412788E0,-3.705701828E-1,-5.230407119E-1,2.980167184E0
4.720039908E0,-2.795619011E0,-3.279838562E-1,-3.247553110E-1,2.833465206E0
4.725065481E0,-2.644784689E0,-3.006410599E-1,-1.928236485E-1,2.668792247E0
4.730091106E0,-2.491430283E0,-3.317108154E-1,-1.375452280E-1,2.517176118E0
4.735116731E0,-2.282909632E0,-3.638286591E-1,-1.640167236E-1,2.317530834E0
4.740142356E0,-1.995468378E0,-3.826923370E-1,-3.152644634E-1,2.056146676E0
4.745167981E0,-1.672530293E0,-3.739404678E-1,-6.003422141E-1,1.815929467E0
4.750193606E0,-1.300384283E0,-2.992143631E-1,-9.847889543E-1,1.658414244E0
4.755219231E0,-8.991800547E-1,-2.062072754E-1,-1.414856672E0,1.689042810E0
4.760244856E0,-5.322120190E-1,-2.190122604E-1,-1.932324171E0,2.016207506E0
4.765270481E0,-2.246716619E-1,-4.518909454E-1,-2.459044695E0,2.510295519E0
4.770296106E0,-5.861610174E-2,-8.611240387E-1,-2.978927374E0,3.101447848E0
4.775321731E0,-5.345666409E-2,-1.345640182E0,-3.494928837E0,3.745414889E0
4.780347356E0,-1.947314143E-1,-1.895359039E0,-3.938161850E0,4.374862851E0
4.785372981E0,-5.439102650E-1,-2.500287056E0,-4.268705845E0,4.976858781E0
4.790398606E0,-9.898186922E-1,-3.040621758E0,-4.442550659E0,5.473698756E0
4.795424231E0,-1.416755915E0,-3.492431641E0,-4.463951588E0,5.842186223E0
4.800449856E0,-1.704638720E0,-3.745849609E0,-4.347307205E0,5.986339649E0
4.805475481E0,-1.949061632E0,-3.887258530E0,-4.131139755E0,5.997994315E0
4.810501106E0,-2.173840284E0,-3.955163956E0,-3.911496162E0,5.972328334E0
4.815526731E0,-2.417177677E0,-4.098034859E0,-3.683875799E0,6.017273347E0
4.820552356E0,-2.721626759E0,-4.315995216E0,-3.405756950E0,6.134675813E0
4.825577981E0,-3.067425251E0,-4.594854355E0,-3.058654785E0,6.314835968E0
4.830603606E0,-3.406080246E0,-4.910894394E0,-2.719816208E0,6.566252097E0
4.835629231E0,-3.651104212E0,-5.168714523E0,-2.461855412E0,6.790206466E0
4.840654856E0,-3.817010641E0,-5.306444168E0,-2.318962574E0,6.935813389E0
4.845680481E0,-3.923464775E0,-5.314868927E0,-2.239336252E0,6.975387760E0
4.850706106E0,-4.028436184E0,-5.199036598E0,-2.175585508E0,6.927586300E0
4.855731731E0,-4.088903427E0,-4.858866692E0,-2.056837320E0,6.675200111E0
4.860757356E0,-4.028073311E0,-4.227885246E0,-1.884006619E0,6.135948924E0
4.865782981E0,-3.682937145E0,-3.354530334E0,-1.720561266E0,5.270410881E0
4.870808606E0,-3.101417780E0,-2.377942085E0,-1.629587889E0,4.234259970E0
4.875834231E0,-2.527719021E0,-1.484842300E0,-1.783899426E0,3.431678492E0
4.880859856E0,-2.067046165E0,-6.942243576E-1,-2.297776222E0,3.167712562E0
4.885885481E0,-1.570894361E0,2.759456635E-2,-2.906831264E0,3.304260667E0
4.890911106E0,-9.918595552E-1,7.286653519E-1,-3.633465052E0,3.836249060E0
4.895936731E0,-1.107807159E-1,1.399640083E0,-4.518570423E0,4.731674481E0
4.900962356E0,1.032209992E0,2.088647366E0,-5.741232395E0,6.195938565E0
4.905987981E0,2.023854256E0,2.599872589E0,-7.584067822E0,8.268821455E0
4.911013606E0,2.481067657E0,2.943157673E0,-9.013022423E0,9.800635031E0
4.916039179E0,2.319489479E0,3.070337772E0,-8.046359062E0,8.919131103E0
4.921064752E0,2.019820690E0,2.932955265E0,-5.774949551E0,6.784684556E0
4.926090325E0,1.569792032E0,2.597422600E0,-3.486602545E0,4.622472119E0
4.931115898E0,1.148396254E0,2.173336983E0,-1.315001965E0,2.787729858E0
4.936141471E0,9.669948816E-1,1.670075417E0,4.873507321E-1,1.990412453E0
4.941167044E0,1.192235351E0,1.173902512E0,1.836696148E0,2.484537176E0
4.946192617E0,1.649706483E0,6.708593369E-1,2.765047789E0,3.288931894E0
4.951218189E0,1.916188598E0,8.017063141E-2,3.520529270E0,4.009031356E0
4.956243762E0,1.884981275E0,-6.310176849E-1,4.174467564E0,4.623582720E0
4.961269335E0,1.693996787E0,-1.385600090E0,4.769791603E0,5.247897166E0
4.966294908E0,1.395392656E0,-2.154470444E0,5.301674366E0,5.890383234E0
4.971320481E0,9.941369295E-1,-2.923046112E0,5.832478046E0,6.599265639E0
4.976346054E0,5.671108961E-1,-3.633728981E0,6.357217789E0,7.344373294E0
4.981371627E0,1.676067114E-1,-3.942111015E0,6.952100754E0,7.993749818E0
4.986397200E0,-2.898681164E-1,-4.030262947E0,7.717039585E0,8.710897939E0
4.991422773E0,-8.949614763E-1,-4.252240181E0,8.612812996E0,9.646919213E0
4.996448346E0,-1.330737233E0,-4.349449158E0,9.413448334E0,1.045473955E1
5.001473919E0,-1.362284541E0,-4.316975594E0,9.739953041E0,1.074052060E1
5.006499492E0,-1.037709236E0,-4.207281113E0,9.477298737E0,1.042100025E1
5.011525064E0,-6.636083126E-1,-4.091953278E0,8.812463760E0,9.738787150E0
5.016550637E0,-3.647574186E-1,-3.903858185E0,8.210027695E0,9.098225731E0
5.021576210E0,-2.125453949E-1,-3.595207214E0,7.827778816E0,8.616542906E0
5.026601783E0,-1.920745373E-1,-3.137385368E0,7.636390686E0,8.257998685E0
5.031627356E0,-3.121056557E-1,-2.592737198E0,7.510760784E0,7.951806315E0
5.036652929E0,-4.763634205E-1,-1.985304832E0,7.306907654E0,7.586781719E0
5.041678502E0,-6.224651337E-1,-1.348748207E0,7.044147491E0,7.199069277E0
5.046704075E0,-6.789073944E-1,-6.305809021E-1,6.655765533E0,6.719952556E0
5.051729648E0,-5.366718769E-1,1.068725586E-1,6.023000717E0,6.047807544E0
5.056755221E0,-2.448487282E-1,8.491926193E-1,5.032187462E0,5.109206363E0
5.061780794E0,2.619240284E-1,1.486361980E0,3.340686798E0,3.665796560E0
5.066806367E0,8.767942190E-1,1.970399857E0,7.658075690E-1,2.288603271E0
5.071831939E0,1.407023549E0,2.324689388E0,-2.331590176E0,3.580531911E0
5.076857512E0,1.884884119E0,2.505504131E0,-4.379536629E0,5.386156345E0
5.081883085E0,2.213634491E0,2.517483234E0,-4.149965286E0,5.334801906E0
5.086908658E0,2.306645870E0,2.504521847E0,-2.892847061E0,4.467864028E0
5.091934231E0,2.269010067E0,2.476613522E0,-1.495092750E0,3.676591295E0
5.096959804E0,2.186843157E0,2.376807690E0,-1.834527254E-1,3.234988824E0
5.101985377E0,2.117569447E0,2.205630302E0,1.039841175E0,3.229578155E0
5.107010950E0,2.128109455E0,2.030641556E0,2.076367855E0,3.600508082E0
5.112036523E0,2.022790432E0,1.842610359E0,2.751468182E0,3.880395756E0
5.117062096E0,1.845573664E0,1.665671825E0,3.101426601E0,3.974852418E0
5.122087669E0,1.650093436E0,1.528551579E0,3.249239922E0,3.951814564E0
5.127113242E0,1.432827115E0,1.431139469E0,3.250921249E0,3.830096956E0
5.132138814E0,1.209395528E0,1.325366497E0,3.177518368E0,3.649089869E0
5.137164387E0,1.004936934E0,1.258852482E0,3.090575695E0,3.485149342E0
5.142189960E0,8.826228380E-1,1.250498295E0,3.018226147E0,3.384148066E0
5.147215533E0,8.384075165E-1,1.247475147E0,2.945635319E0,3.306945545E0
5.152241106E0,8.866857290E-1,1.297576427E0,2.891878366E0,3.291333568E0
5.157266679E0,1.065351009E0,1.372075558E0,2.885844707E0,3.368332493E0
5.162292252E0,1.306787968E0,1.485346317E0,2.923155785E0,3.529700868E0
5.167317825E0,1.653133273E0,1.608783245E0,2.985156536E0,3.772557845E0
5.172343398E0,2.055341482E0,1.771238327E0,3.019986391E0,4.059806845E0
5.177368971E0,2.455012798E0,1.982387543E0,3.047406197E0,4.386756517E0
5.182394544E0,2.836953402E0,2.204031467E0,3.044190884E0,4.708838227E0
5.187420117E0,3.195452690E0,2.484073162E0,3.035269976E0,5.059090945E0
5.192445689E0,3.515644073E0,2.755495071E0,2.964040279E0,5.360787360E0
5.197471262E0,3.768356323E0,3.013513565E0,2.845769644E0,5.601801340E0
5.202496835E0,3.963052273E0,3.229381084E0,2.690648794E0,5.777047381E0
5.207522408E0,4.047542572E0,3.412511349E0,2.561292648E0,5.881160991E0
5.212547981E0,4.060662746E0,3.534060955E0,2.405225992E0,5.896073341E0
5.217573554E0,4.113035679E0,3.589126110E0,2.165126562E0,5.872534526E0
5.222599127E0,4.128821373E0,3.615883350E0,1.821521163E0,5.782708507E0
5.227624700E0,4.123190880E0,3.623770237E0,1.445730805E0,5.676491110E0
5.232650273E0,4.049253464E0,3.607867718E0,1.132757902E0,5.540424492E0
5.237675846E0,3.969985962E0,3.577651501E0,9.489114285E-1,5.427781471E0
5.242701419E0,3.967193127E0,3.490084171E0,7.784750462E-1,5.340911179E0
5.247726992E0,4.016947269E0,3.321390629E0,6.112646461E-1,5.247965848E0
5.252752564E0,4.080697060E0,3.071836472E0,3.604551554E-1,5.120370662E0
5.257778137E0,4.134374619E0,2.746394157E0,-6.519293785E-2,4.963867894E0
5.262803710E0,4.154118538E0,2.378631115E0,-6.369764805E-1,4.829112325E0
5.267829335E0,4.125657082E0,1.973350525E0,-1.340377688E0,4.765686834E0
5.272854960E0,4.082570076E0,1.554406643E0,-2.131742954E0,4.860852442E0
5.277880585E0,4.020158768E0,1.112120628E0,-2.914684296E0,5.088602299E0
5.282906210E0,3.895236015E0,6.464185715E-1,-3.769649982E0,5.459027530E0
5.287931835E0,3.736433983E0,1.571807861E-1,-4.767064095E0,6.058922742E0
5.292957460E0,3.380972862E0,-3.701257706E-1,-5.957447529E0,6.859967321E0
5.297983085E0,2.752757549E0,-9.453372955E-1,-7.237868309E0,7.801158528E0
5.303008710E0,1.795444012E0,-1.573588371E0,-8.352424622E0,8.686932521E0
5.308034335E0,5.583730936E-1,-2.236081123E0,-8.826106071E0,9.122060496E0
5.313059960E0,-8.416913748E-1,-2.913999557E0,-8.659016609E0,9.174879096E0
5.318085585E0,-2.278339863E0,-3.617175102E0,-8.253802299E0,9.295162218E0
5.323111210E0,-3.744995832E0,-4.307502747E0,-7.807593346E0,9.671509063E0
5.328136835E0,-5.096686363E0,-4.875109673E0,-7.503170490E0,1.029759553E1
5.333162460E0,-6.103086472E0,-5.224442482E0,-7.011957645E0,1.066348975E1
5.338188085E0,-6.654409885E0,-5.283737183E0,-6.068911076E0,1.044177816E1
5.343213710E0,-6.770878792E0,-5.057516098E0,-4.663978577E0,9.652769802E0
5.348239335E0,-6.449654102E0,-4.550076485E0,-3.050354481E0,8.462026738E0
5.353264960E0,-5.741254807E0,-3.823033333E0,-1.394163966E0,7.037136050E0
5.358290585E0,-4.987836361E0,-3.009863853E0,2.527368069E-2,5.825669982E0
5.363316210E0,-4.239059925E0,-2.158149719E0,9.690526724E-1,4.854513605E0
5.368341835E0,-3.491583109E0,-1.296566010E0,1.424660325E0,3.987717777E0
5.373367460E0,-2.804018021E0,-3.630781174E-1,1.600501299E0,3.248991719E0
5.378393085E0,-2.301655769E0,6.037845612E-1,1.786214113E0,2.975354758E0
5.383418710E0,-1.965690970E0,1.555944920E0,1.979071021E0,3.193998699E0
5.388444335E0,-1.700617790E0,2.378455162E0,2.042135000E0,3.566435922E0
5.393469960E0,-1.478116512E0,3.085738182E0,1.938623905E0,3.932540044E0
5.398495585E0,-1.346410275E0,3.610956669E0,1.664930820E0,4.198073764E0
5.403521210E0,-1.305970192E0,3.853949070E0,1.260199904E0,4.259880911E0
5.408546835E0,-1.381307244E0,3.753005505E0,8.923400640E-1,4.097478592E0
5.413572460E0,-1.530127525E0,3.170008659E0,5.806660652E-1,3.567550732E0
5.418598085E0,-1.887028337E0,2.067448616E0,2.867394090E-1,2.813794451E0
5.423623710E0,-2.451536179E0,4.268321991E-1,1.478981972E-2,2.488460187E0
5.428649335E0,-3.274497032E0,-1.698781013E0,-2.094185352E-2,3.688987165E0
5.433674960E0,-4.271839142E0,-4.227790833E0,1.011834145E-1,6.011078361E0
5.438700585E0,-5.329976082E0,-6.997512817E0,2.597175241E-1,8.800072946E0
5.443726210E0,-6.359068394E0,-9.658955574E0,3.763421774E-1,1.157042813E1
5.448751835E0,-7.440896988E0,-1.216016674E1,3.442770839E-1,1.426026402E1
5.453777460E0,-8.470586777E0,-1.429150391E1,1.386942863E-1,1.661376418E1
5.458803033E0,-8.995281219E0,-1.573832226E1,-1.106228709E0,1.816132191E1
5.463828606E0,-8.799162865E0,-1.582292747E1,-3.090504646E0,1.836685928E1
5.468854179E0,-7.426176071E0,-1.368161488E1,-2.700592041E0,1.579961626E1
5.473879752E0,-5.571233749E0,-1.025904369E1,-1.350921869E0,1.175208972E1
5.478905325E0,-3.818332195E0,-6.493721962E0,1.379808187E-1,7.534396086E0
5.483930898E0,-2.146956444E0,-3.150888443E0,1.529527307E0,4.108159409E0
5.488956471E0,-5.877819061E-1,-5.693511963E-1,2.811643600E0,2.928308059E0
5.493982044E0,7.337453365E-1,1.476824760E0,3.903795958E0,4.237807979E0
5.499007617E0,2.079730511E0,3.031682491E0,4.599849701E0,5.888547783E0
5.504033189E0,3.156735420E0,4.244644165E0,4.802648067E0,7.144747096E0
5.509058762E0,3.853754044E0,5.217172623E0,4.873292923E0,8.112909115E0
5.514084335E0,4.309023380E0,5.988427162E0,4.875423431E0,8.843002658E0
5.519109908E0,4.627722740E0,6.654784679E0,4.796396732E0,9.418460517E0
5.524135481E0,4.824375153E0,7.164145470E0,4.604943275E0,9.788006870E0
5.529161054E0,4.866284370E0,7.483409405E0,4.543049812E0,1.001605918E1
5.534186627E0,4.888302803E0,7.660725117E0,4.551657677E0,1.016365098E1
5.539212200E0,4.881598473E0,7.715445995E0,4.572144032E0,1.021090650E1
5.544237773E0,4.923345089E0,7.705126286E0,4.637106895E0,1.025236842E1
5.549263346E0,4.837093830E0,7.538944721E0,4.769861698E0,1.014813997E1
5.554288919E0,4.714798927E0,7.159495354E0,4.826813221E0,9.837978884E0
5.559314492E0,4.438307762E0,6.557090282E0,4.679367065E0,9.197308568E0
5.564340064E0,4.033377647E0,5.697947979E0,4.405632019E0,8.254958504E0
5.569365637E0,3.745901823E0,4.624783039E0,4.093482971E0,7.223364968E0
5.574391210E0,3.596379280E0,3.485571384E0,3.773164988E0,6.270560248E0
5.579416783E0,3.447191000E0,2.279971123E0,3.551001549E0,5.448945413E0
5.584442356E0,3.514570475E0,1.002900124E0,3.150727272E0,4.825463358E0
5.589467929E0,3.554847717E0,-2.501974106E-1,2.655394077E0,4.444171322E0
5.594493502E0,3.640199661E0,-1.398300171E0,2.305640221E0,4.530151628E0
5.599519075E0,3.827941895E0,-2.412924767E0,2.049348354E0,4.967411172E0
5.604544648E0,4.103142262E0,-3.318088531E0,1.963072896E0,5.630199207E0
5.609570221E0,4.340641975E0,-4.051638603E0,2.061008930E0,6.285276918E0
5.614595794E0,4.611098289E0,-4.575262070E0,2.184591055E0,6.853297638E0
5.619621367E0,5.094580650E0,-4.831437111E0,2.385781527E0,7.415489873E0
5.624646939E0,5.802177429E0,-4.786235809E0,2.797318459E0,8.024855556E0
5.629672512E0,6.480848312E0,-4.611053467E0,3.460202217E0,8.673880810E0
5.634698085E0,6.887288094E0,-4.185279846E0,4.066327572E0,9.026977600E0
5.639723658E0,6.970467567E0,-3.388654709E0,4.279772758E0,8.853635056E0
5.644749231E0,6.743264198E0,-2.369395256E0,4.138809204E0,8.259260715E0
5.649774804E0,6.277144432E0,-1.338088036E0,3.562252045E0,7.340481009E0
5.654800377E0,5.597986221E0,-6.109933853E-1,2.317352772E0,6.089407731E0
5.659825950E0,4.828558445E0,-1.361408234E-1,1.038789272E0,4.940910253E0
5.664851523E0,4.087095261E0,2.770271301E-1,-2.801716328E-3,4.096474039E0
5.669877096E0,3.524521589E0,6.182489395E-1,-7.578643560E-1,3.657710017E0
5.674902669E0,3.065838575E0,8.441190720E-1,-1.215830564E0,3.404430516E0
5.679928242E0,2.669119358E0,9.832153320E-1,-1.338329315E0,3.143570564E0
5.684953814E0,2.335123539E0,1.155068398E0,-1.350468636E0,2.934408029E0
5.689979387E0,1.968729734E0,1.345228195E0,-1.305324435E0,2.718346473E0
5.695004960E0,1.546654940E0,1.453189850E0,-1.165399790E0,2.421168914E0
5.700030533E0,1.141138077E0,1.498177528E0,-9.508876801E-1,2.109720218E0
5.705056106E0,8.863931298E-1,1.480283737E0,-7.013136148E-1,1.862464365E0
5.710081679E0,6.623388529E-1,1.404508591E0,-4.371746778E-1,1.613213822E0
5.715107252E0,4.543254375E-1,1.247137070E0,-1.841733754E-1,1.340030711E0
5.720132825E0,2.569378614E-1,1.027574539E0,5.101166666E-2,1.060437970E0
5.725158398E0,6.466162205E-2,7.651910782E-1,2.187647372E-1,7.984713657E-1
5.730183971E0,-1.611487865E-1,4.935798645E-1,2.746890783E-1,5.874045487E-1
5.735209544E0,-4.399447441E-1,1.744976044E-1,2.136973888E-1,5.192950662E-1
5.740235117E0,-7.621340752E-1,-1.777296066E-1,1.032240242E-1,7.893613626E-1
5.745260689E0,-1.127472758E0,-5.010194778E-1,-5.601200461E-2,1.235051692E0
5.750286262E0,-1.511404753E0,-7.812528610E-1,-2.340564579E-1,1.717405830E0
5.755311835E0,-1.874953270E0,-1.023436546E0,-4.389470220E-1,2.180721582E0
5.760337408E0,-2.246279716E0,-1.184693336E0,-6.068983674E-1,2.611052756E0
5.765362981E0,-2.567293644E0,-1.274779320E0,-7.700177431E-1,2.967993648E0
5.770388554E0,-2.870866776E0,-1.274703026E0,-9.605324864E-1,3.284717112E0
5.775414127E0,-3.127927303E0,-1.184555054E0,-1.057564378E0,3.507925641E0
5.780439700E0,-3.366698742E0,-1.071387291E0,-1.136976004E0,3.711501796E0
5.785465273E0,-3.510364532E0,-9.399623871E-1,-1.346622586E0,3.875510396E0
5.790490898E0,-3.592371464E0,-7.519807816E-1,-1.466028810E0,3.952195377E0
5.795516523E0,-3.579567909E0,-5.121984482E-1,-1.490723372E0,3.911254254E0
5.800542148E0,-3.491615295E0,-2.875385284E-1,-1.559802651E0,3.834975891E0
5.805567773E0,-3.305351257E0,-1.113529205E-1,-1.630703688E0,3.687403005E0
5.810593398E0,-3.112479687E0,-4.087066650E-2,-1.651394367E0,3.523677563E0
5.815619023E0,-2.937514305E0,2.453708649E-2,-1.636899471E0,3.362890459E0
5.820644648E0,-2.713910103E0,7.058525085E-2,-1.554101944E0,3.128182088E0
5.825670273E0,-2.480276108E0,1.212339401E-1,-1.456082344E0,2.878652989E0
5.830695898E0,-2.265251875E0,1.716728210E-1,-1.333602428E0,2.634261386E0
5.835721523E0,-2.063923597E0,2.601413727E-1,-1.244226933E0,2.423954374E0
5.840747148E0,-1.832968712E0,3.674259186E-1,-1.159244061E0,2.199687000E0
5.845772773E0,-1.543561816E0,5.030660629E-1,-1.107067943E0,1.965008390E0
5.850798398E0,-1.152869940E0,6.814126968E-1,-1.058748007E0,1.707155442E0
5.855824023E0,-7.379126549E-1,8.977022171E-1,-9.710375071E-1,1.514363958E0
5.860849648E0,-3.090459108E-1,1.085063934E0,-9.203507900E-1,1.455994057E0
5.865875273E0,9.954059124E-2,1.238855362E0,-8.827941418E-1,1.524465950E0
5.870900898E0,4.249450564E-1,1.330548286E0,-8.439607620E-1,1.631933458E0
5.875926523E0,6.620861888E-1,1.369864464E0,-7.941454649E-1,1.716261574E0
5.880952148E0,8.490036726E-1,1.323427200E0,-7.336224914E-1,1.735070244E0
5.885977773E0,9.235495329E-1,1.210473061E0,-6.195088625E-1,1.643770057E0
5.891003398E0,8.669646978E-1,1.045379639E0,-4.712741375E-1,1.437548500E0
5.896029023E0,8.233743906E-1,8.807020187E-1,-3.229110837E-1,1.248139816E0
5.901054648E0,8.121767044E-1,7.498331070E-1,-1.844508648E-1,1.120670696E0
5.906080273E0,7.666195035E-1,5.856933594E-1,-7.068026066E-2,9.673354504E-1
5.911105898E0,7.106740475E-1,3.930482864E-1,-3.948986530E-2,8.130830257E-1
5.916131523E0,6.395700574E-1,2.244882584E-1,-3.856939077E-2,6.789200500E-1
5.921157148E0,6.010244489E-1,1.134214401E-1,-5.401235819E-2,6.140131481E-1
5.926182773E0,5.804838538E-1,6.452751160E-2,-8.615094423E-2,5.903789372E-1
5.931208398E0,5.632498860E-1,4.900360107E-2,-1.498222947E-1,5.848918764E-1
5.936234023E0,5.391805172E-1,6.206703186E-2,-2.450638413E-1,5.955033442E-1
5.941259648E0,4.553846717E-1,1.036577225E-1,-3.768635392E-1,6.001218625E-1
5.946285273E0,3.211261630E-1,1.259460449E-1,-5.497624874E-1,6.490171118E-1
5.951310898E0,1.127542257E-1,1.336917877E-1,-7.491513491E-1,7.692949716E-1
5.956336523E0,-1.597100496E-1,1.221075058E-1,-9.505015016E-1,9.715300548E-1
5.961362148E0,-4.336962700E-1,1.246891022E-1,-1.158002496E0,1.242823240E0
5.966387773E0,-7.039635181E-1,1.414146423E-1,-1.385372877E0,1.560391215E0
5.971413398E0,-9.557523727E-1,1.627140045E-1,-1.593704581E0,1.865430979E0
5.976439023E0,-1.207837224E0,1.982040405E-1,-1.796589017E0,2.173910692E0
5.981464648E0,-1.431467891E0,2.288513184E-1,-1.998007774E0,2.468503254E0
5.986490273E0,-1.683857083E0,2.834415436E-1,-2.159053564E0,2.752676167E0
5.991515846E0,-1.945528984E0,2.616014481E-1,-2.293483257E0,3.018871279E0
5.996541419E0,-2.273463964E0,1.826086044E-1,-2.381779432E0,3.297704893E0
6.001566992E0,-2.690965176E0,4.657173157E-2,-2.409299850E0,3.612227605E0
6.006592564E0,-3.115661621E0,-1.464767456E-1,-2.366441727E0,3.915207430E0
6.011618137E0,-3.517610788E0,-3.008909225E-1,-2.291504383E0,4.208932566E0
6.016643710E0,-3.771533251E0,-4.024496078E-1,-2.203819752E0,4.386712921E0
6.021669283E0,-3.848417044E0,-3.986406326E-1,-2.098758698E0,4.401592458E0
6.026694856E0,-3.781986713E0,-3.613414764E-1,-2.029195309E0,4.307159710E0
6.031720429E0,-3.544253588E0,-2.475728989E-1,-1.890418649E0,4.024513449E0
6.036746002E0,-3.246353626E0,-1.005115509E-1,-1.692878962E0,3.662615680E0
6.041771575E0,-2.979755163E0,3.186416626E-2,-1.461541176E0,3.319044858E0
6.046797148E0,-2.792562485E0,1.063594818E-1,-1.254992485E0,3.063449642E0
6.051822721E0,-2.646363497E0,1.228542328E-1,-1.098158836E0,2.867801553E0
6.056848294E0,-2.492804050E0,9.556388855E-2,-9.965913892E-1,2.686335587E0
6.061873867E0,-2.283691883E0,4.826354980E-2,-9.461888671E-1,2.472418120E0
6.066899439E0,-1.971180916E0,-2.390861511E-2,-9.759390950E-1,2.199677918E0
6.071925012E0,-1.555506945E0,-8.750629425E-2,-1.085941315E0,1.899086029E0
6.076950585E0,-1.080593228E0,-1.376867294E-1,-1.266311646E0,1.670384550E0
6.081976158E0,-5.522711277E-1,-1.647548676E-1,-1.497370481E0,1.604451908E0
6.087001731E0,-5.118966103E-3,-1.637926102E-1,-1.778598309E0,1.786131621E0
6.092027304E0,5.359655619E-1,-1.585569382E-1,-2.080669403E0,2.154433696E0
6.097052877E0,1.022126675E0,-1.392230988E-1,-2.388405085E0,2.601654254E0
6.102078450E0,1.428810239E0,-1.772623062E-1,-2.748626232E0,3.102880402E0
6.107104023E0,1.760287762E0,-3.439617157E-1,-3.140712738E0,3.616766397E0
6.112129596E0,1.901399970E0,-6.339168549E-1,-3.481556177E0,4.017263476E0
6.117155169E0,1.790336132E0,-1.022606850E0,-3.874427319E0,4.388874033E0
6.122180742E0,1.528325677E0,-1.442471504E0,-4.202229023E0,4.698428692E0
6.127206314E0,1.197473288E0,-1.893068314E0,-4.400880337E0,4.938157314E0
6.132231887E0,8.270008564E-1,-2.383586884E0,-4.425842762E0,5.094457871E0
6.137257460E0,4.033091664E-1,-2.856456757E0,-4.271504879E0,5.154392051E0
6.142283033E0,-8.247447014E-2,-3.383464813E0,-3.990226269E0,5.232259728E0
6.147308606E0,-6.820061207E-1,-3.988686562E0,-3.572692394E0,5.398044440E0
6.152334179E0,-1.331881762E0,-4.581517220E0,-3.033809423E0,5.654043569E0
6.157359752E0,-1.858744383E0,-5.076441765E0,-2.456193924E0,5.937851486E0
6.162385325E0,-2.281039238E0,-5.550729752E0,-1.827286124E0,6.273174265E0
6.167410898E0,-2.565421581E0,-6.148515701E0,-1.230867863E0,6.775003241E0
6.172436471E0,-2.788983822E0,-6.855948448E0,-6.796252131E-1,7.432654325E0
6.177462044E0,-2.928895950E0,-7.534752846E0,-1.675605774E-1,8.085728692E0
6.182487617E0,-2.958061218E0,-7.998847961E0,1.820062399E-1,8.530229842E0
6.187513189E0,-2.854076862E0,-8.004743576E0,2.803676128E-1,8.502957159E0
6.192538762E0,-2.756581783E0,-7.514670372E0,6.924140453E-2,8.004611690E0
6.197564335E0,-2.541147709E0,-6.533758163E0,-3.352617621E-1,7.018534595E0
6.202589908E0,-2.130782366E0,-5.263157845E0,-7.776359916E-1,5.731123949E0
6.207615481E0,-1.620806098E0,-3.965948105E0,-1.317526340E0,4.482369065E0
6.212641054E0,-1.068455815E0,-2.732725143E0,-1.904461861E0,3.498050817E0
6.217666627E0,-5.404188633E-1,-1.572803497E0,-2.412189484E0,2.929918343E0
6.222692200E0,-4.102361202E-2,-5.003728867E-1,-2.815512657E0,2.859924385E0
6.227717773E0,4.637076259E-1,4.798631668E-1,-3.266744375E0,3.334203388E0
6.232743346E0,1.021963716E0,1.353615761E0,-3.827290058E0,4.186267389E0
6.237768919E0,1.547702909E0,2.159255981E0,-4.495985031E0,5.222226736E0
6.242794492E0,1.912369609E0,2.829839230E0,-5.208962440E0,6.228839161E0
6.247820064E0,2.145639420E0,3.293662071E0,-5.906611443E0,7.095071324E0
6.252845637E0,2.324717999E0,3.703815937E0,-6.304511547E0,7.672641795E0
6.257871210E0,2.550561190E0,4.069547176E0,-6.114774227E0,7.775412558E0
6.262896783E0,2.469238758E0,4.208683014E0,-5.510646343E0,7.360528234E0
6.267922356E0,2.076809883E0,4.077819347E0,-4.532855034E0,6.441158644E0
6.272947929E0,1.904542565E0,3.825026035E0,-3.380863905E0,5.448701432E0
6.277973502E0,1.965666771E0,3.474125862E0,-1.982342601E0,4.456801381E0
6.282999075E0,2.171957970E0,3.030190945E0,-6.426172256E-1,3.783175317E0
6.288024648E0,2.033846378E0,2.331089973E0,5.539088249E-1,3.142821430E0
6.293050221E0,1.694545150E0,1.430109978E0,1.743853807E0,2.820943799E0
6.298075794E0,1.326209664E0,3.852472305E-1,2.744176626E0,3.072092586E0
6.303101367E0,8.381909132E-1,-6.643753052E-1,3.722246647E0,3.872864399E0
6.308126992E0,3.123264313E-1,-1.680304527E0,4.773807526E0,5.070523582E0
6.313152617E0,-1.885732412E-1,-2.657728195E0,5.650616646E0,6.247283210E0
6.318178242E0,-6.878930330E-1,-3.539282799E0,6.434824467E0,7.376088765E0
6.323203867E0,-9.747490883E-1,-4.238984108E0,7.093413353E0,8.320795338E0
6.328229492E0,-6.814756393E-1,-4.560828209E0,7.559949398E0,8.855416303E0
6.333255117E0,-1.587469578E-1,-4.691516876E0,7.806065559E0,9.108797435E0
6.338280742E0,3.052930832E-1,-4.693088531E0,7.951249123E0,9.238000132E0
6.343306367E0,7.341989279E-1,-4.565327644E0,8.066389084E0,9.297736145E0
6.348331992E0,1.051104903E0,-4.360532761E0,8.274404526E0,9.411951855E0
6.353357617E0,1.232048273E0,-3.973206520E0,8.306364059E0,9.289779162E0
6.358383242E0,1.315762758E0,-3.417716980E0,8.214455605E0,8.993848001E0
6.363408867E0,1.321799755E0,-2.765866280E0,8.137138367E0,8.695412105E0
6.368434492E0,1.294016838E0,-2.084711075E0,7.925718307E0,8.296837381E0
6.373460117E0,1.223651290E0,-1.307420731E0,7.613742828E0,7.821492908E0
6.378485742E0,1.044152141E0,-4.677467346E-1,7.211568832E0,7.301764562E0
6.383511367E0,8.370405436E-1,3.240699768E-1,6.772832870E0,6.832051179E0
6.388536992E0,5.975321531E-1,9.818677902E-1,6.327055454E0,6.430609594E0
6.393562617E0,2.346370220E-1,1.544080257E0,5.773895264E0,5.981396567E0
6.398588242E0,-7.968974113E-2,1.986945152E0,5.003642082E0,5.384304559E0
6.403613867E0,-3.652632236E-1,2.267568111E0,4.127341270E0,4.723370441E0
6.408639492E0,-6.034975052E-1,2.424313068E0,3.108083248E0,3.987691634E0
6.413665117E0,-6.848988533E-1,2.409296513E0,1.924078345E0,3.158460638E0
6.418690742E0,-6.436648369E-1,2.275051594E0,5.879006982E-1,2.436347965E0
6.423716367E0,-4.949598312E-1,2.064445496E0,-8.344308138E-1,2.281051341E0
6.428741992E0,-3.015513420E-1,1.796327591E0,-2.071063519E0,2.758084503E0
6.433767617E0,-1.161315441E-1,1.537412167E0,-2.650802612E0,3.066574179E0
6.438793242E0,7.576823235E-2,1.254134655E0,-2.549818516E0,2.842563811E0
6.443818867E0,3.124289513E-1,9.658088684E-1,-2.066392183E0,2.302254390E0
6.448844492E0,5.270795822E-1,7.204751968E-1,-1.461166978E0,1.712281032E0
6.453870117E0,7.440855503E-1,4.992141724E-1,-7.178872824E-1,1.148146439E0
6.458895742E0,9.401185513E-1,3.356704712E-1,1.080675125E-1,1.004079749E0
6.463921367E0,1.139625669E0,2.682409286E-1,9.137756824E-1,1.485155163E0
6.468946992E0,1.314448118E0,2.587156296E-1,1.658903360E0,2.132291723E0
6.473972617E0,1.498201609E0,2.928962708E-1,2.299037218E0,2.759704407E0
6.478998242E0,1.710052371E0,3.995876312E-1,2.838120461E0,3.337495638E0
6.484023867E0,1.964089036E0,5.884180069E-1,3.295030355E0,3.880864148E0
6.489049492E0,2.254907846E0,8.260354996E-1,3.598004341E0,4.325803888E0
6.494075117E0,2.529283762E0,1.088634491E0,3.737882853E0,4.642646834E0
6.499100742E0,2.762809992E0,1.361938000E0,3.744004250E0,4.848253499E0
6.504126367E0,2.950450420E0,1.669830322E0,3.665058136E0,4.992608750E0
6.509151992E0,3.106319904E0,1.978743553E0,3.549833536E0,5.115268080E0
6.514177564E0,3.239927292E0,2.307679653E0,3.413676023E0,5.241726646E0
6.519203137E0,3.360558748E0,2.618304253E0,3.286241055E0,5.380358030E0
6.524228710E0,3.477572441E0,2.910583496E0,3.115730286E0,5.502070663E0
6.529254283E0,3.581471205E0,3.174839497E0,2.926822186E0,5.610065055E0
6.534279856E0,3.686501980E0,3.391943455E0,2.715220213E0,5.698069678E0
6.539305429E0,3.763979197E0,3.557109833E0,2.524341106E0,5.761325175E0
6.544331002E0,3.809385061E0,3.665497780E0,2.316130400E0,5.771633092E0
6.549356575E0,3.813442230E0,3.702715874E0,2.090743303E0,5.711712006E0
6.554382148E0,3.790882111E0,3.673537254E0,1.828867197E0,5.586628532E0
6.559407721E0,3.723091125E0,3.573084831E0,1.554491997E0,5.389321674E0
6.564433294E0,3.658448935E0,3.415648937E0,1.291331530E0,5.168988623E0
6.569458867E0,3.597323656E0,3.229920864E0,1.134590626E0,4.965926113E0
6.574484439E0,3.540163040E0,3.025437355E0,1.093037724E0,4.783383427E0
6.579510012E0,3.472758532E0,2.802246094E0,1.146801829E0,4.607362524E0
6.584535585E0,3.395124435E0,2.589159489E0,1.213680506E0,4.438877917E0
6.589561158E0,3.264235973E0,2.376684666E0,1.221187830E0,4.218431724E0
6.594586731E0,3.104259491E0,2.179171085E0,1.130533099E0,3.957691081E0
6.599612304E0,2.982361317E0,1.963113785E0,9.461730123E-1,3.693716032E0
6.604637877E0,2.898599863E0,1.728534698E0,5.817222595E-1,3.424633434E0
6.609663450E0,2.824276209E0,1.465881824E0,1.805806160E-2,3.182086064E0
6.614689023E0,2.768912792E0,1.179941177E0,-7.014257908E-1,3.090491445E0
6.619714596E0,2.698939323E0,8.706798553E-1,-1.561767459E0,3.237510537E0
6.624740169E0,2.614370823E0,5.619182587E-1,-2.490211010E0,3.654016667E0
6.629765742E0,2.452967644E0,2.487487793E-1,-3.447272301E0,4.238232241E0
6.634791314E0,2.243593693E0,-1.072683334E-1,-4.455384254E0,4.989555893E0
6.639816887E0,1.928892374E0,-4.583950043E-1,-5.446031570E0,5.795689056E0
6.644842460E0,1.499689579E0,-8.287534714E-1,-6.288598061E0,6.517849854E0
6.649868033E0,8.894881010E-1,-1.266283989E0,-6.968011856E0,7.137776506E0
6.654893606E0,6.095027924E-2,-1.685014725E0,-7.421732426E0,7.610854207E0
6.659919179E0,-9.223515987E-1,-2.070874214E0,-7.769474030E0,8.093452859E0
6.664944752E0,-2.016164780E0,-2.424090385E0,-8.198059082E0,8.783467842E0
6.669970325E0,-3.223545074E0,-2.745001793E0,-8.669549942E0,9.648179822E0
6.674995898E0,-4.418446541E0,-3.014772415E0,-8.897777557E0,1.038180948E1
6.680021471E0,-5.542327404E0,-3.310100555E0,-8.535194397E0,1.070157475E1
6.685047044E0,-6.450839520E0,-3.607069969E0,-7.397869110E0,1.045718660E1
6.690072617E0,-7.196225643E0,-3.939094543E0,-5.498434067E0,9.875976231E0
6.695098189E0,-7.625713825E0,-4.200753212E0,-3.317812204E0,9.316958555E0
6.700123762E0,-7.664237022E0,-4.272302628E0,-1.292301416E0,8.869224421E0
6.705149335E0,-7.490703106E0,-4.105854034E0,3.485297561E-1,8.549277359E0
6.710174908E0,-7.159521580E0,-3.672775269E0,1.381000757E0,8.164263011E0
6.715200481E0,-6.591580391E0,-2.925219536E0,1.744419575E0,7.419490618E0
6.720226054E0,-5.770617485E0,-1.915654182E0,1.569652081E0,6.279615017E0
6.725251627E0,-4.776362419E0,-7.298116684E-1,1.044736147E0,4.943453919E0
6.730277200E0,-3.808306217E0,5.611715317E-1,5.009201765E-1,3.881884949E0
6.735302773E0,-2.931445599E0,1.838395119E0,2.210230231E-1,3.467264208E0
6.740328346E0,-2.286935091E0,2.930419922E0,1.529424787E-1,3.720325850E0
6.745353919E0,-1.952124357E0,3.799516678E0,2.445541620E-1,4.278659046E0
6.750379492E0,-1.821594477E0,4.350323200E0,4.340659380E-1,4.736236018E0
6.755405064E0,-1.885051489E0,4.626042843E0,6.073169708E-1,5.032149183E0
6.760430637E0,-2.241626978E0,4.507016659E0,6.169039607E-1,5.071356936E0
6.765456210E0,-2.750008583E0,3.954718590E0,5.497002006E-1,4.848145691E0
6.770481783E0,-3.368942738E0,2.901837349E0,4.782129526E-1,4.472037880E0
6.775507356E0,-3.880026102E0,1.209359169E0,4.417400062E-1,4.088066338E0
6.780532929E0,-4.232468605E0,-1.151482582E0,4.886816740E-1,4.413446772E0
6.785558502E0,-4.418883324E0,-4.285776138E0,5.904082060E-1,6.184091589E0
6.790584075E0,-4.527357101E0,-7.848944664E0,6.611022949E-1,9.085150021E0
6.795609648E0,-4.960401058E0,-1.134882832E1,9.882033467E-1,1.242489552E1
6.800635221E0,-5.305421829E0,-1.376335239E1,1.351568460E0,1.481229581E1
6.805660794E0,-4.855530739E0,-1.538147926E1,1.571618080E0,1.620605030E1
6.810686419E0,-3.644717693E0,-1.656723595E1,1.647435665E0,1.704321913E1
6.815712044E0,-1.982751846E0,-1.708065033E1,1.709985256E0,1.728016117E1
6.820737669E0,-1.100931168E-1,-1.647561073E1,1.626577735E0,1.655607516E1
6.825763294E0,1.602968216E0,-1.345060158E1,1.406996489E0,1.361865739E1
6.830788919E0,2.678500175E0,-8.701158524E0,1.488119364E0,9.224913121E0
6.835814544E0,3.305995226E0,-4.477216721E0,1.655101776E0,5.806413341E0
6.840840169E0,3.623694181E0,-1.519980431E0,1.675904751E0,4.272020220E0
6.845865794E0,3.927966356E0,6.402559280E-1,1.657765985E0,4.311268422E0
6.850891419E0,4.175971031E0,2.472763538E0,1.691018581E0,5.139342119E0
6.855917044E0,4.439474106E0,3.915763855E0,1.714649081E0,6.162966686E0
6.860942669E0,4.608662605E0,4.969821930E0,1.752051234E0,7.000613155E0
6.865968294E0,4.654989243E0,5.764691353E0,1.936185002E0,7.658289862E0
6.870993919E0,4.655078888E0,6.496920109E0,2.375923634E0,8.338149883E0
6.876019544E0,4.723763466E0,7.071070671E0,2.945524216E0,8.999449684E0
6.881045169E0,5.018224716E0,7.430252552E0,3.346911430E0,9.570425717E0
6.886070794E0,5.260329247E0,7.689724922E0,3.326138020E0,9.892731033E0
6.891096419E0,5.540362358E0,8.012415886E0,3.189863682E0,1.025034895E1
6.896122044E0,5.829053879E0,8.336246490E0,3.129487038E0,1.064258257E1
6.901147669E0,6.082887650E0,8.517894745E0,3.130406141E0,1.092499408E1
6.906173294E0,6.034294128E0,8.404432297E0,3.168636799E0,1.082069531E1
6.911198919E0,5.689577103E0,7.948036194E0,2.995692253E0,1.022334285E1
6.916224544E0,5.309233665E0,7.181985855E0,2.483859777E0,9.270298934E0
6.921250169E0,4.919276237E0,6.115553856E0,1.922037125E0,8.080439615E0
6.926275794E0,4.483683109E0,4.810556412E0,1.360237956E0,6.715289607E0
6.931301419E0,4.204893589E0,3.443743229E0,8.769698143E-1,5.505413116E0
6.936327044E0,4.098248482E0,2.110471725E0,5.212954283E-1,4.639124966E0
6.941352669E0,4.273965836E0,7.244596481E-1,2.845267653E-1,4.344258421E0
6.946378294E0,4.606903076E0,-6.854267120E-1,1.237846911E-1,4.659258351E0
6.951403919E0,4.966798782E0,-2.018486023E0,1.104033589E-1,5.362421549E0
6.956429544E0,5.304329872E0,-3.221811295E0,3.056449890E-1,6.213646455E0
6.961455169E0,5.636973381E0,-4.385929108E0,6.503379345E-1,7.171804687E0
6.966480794E0,5.905731678E0,-5.309491158E0,1.056036949E0,8.011465349E0
6.971506419E0,6.247517109E0,-5.882134438E0,1.577497959E0,8.724647579E0
6.976532044E0,6.588288307E0,-6.065203667E0,2.278653622E0,9.240373405E0
6.981557669E0,6.862586021E0,-5.743091583E0,3.694955111E0,9.681471020E0
6.986583294E0,6.722609520E0,-4.867083549E0,4.575744629E0,9.477310797E0
6.991608919E0,5.742403030E0,-3.719663620E0,4.221365929E0,8.039342032E0
6.996634544E0,4.360810757E0,-2.727752686E0,3.476185083E0,6.208153341E0
7.001660169E0,3.084752560E0,-1.911827087E0,2.711723804E0,4.530367221E0
7.006685794E0,2.056847334E0,-1.249193192E0,2.084130764E0,3.183505242E0
7.011711419E0,1.360797167E0,-6.449680328E-1,1.614967585E0,2.208137901E0
7.016737044E0,9.498730898E-1,-1.330928802E-1,1.325206876E0,1.635892987E0
7.021762617E0,6.761935949E-1,2.719545364E-1,1.125088215E0,1.340529947E0
7.026788189E0,5.683950186E-1,5.606870651E-1,9.915950894E-1,1.273068617E0
7.031813762E0,5.826951265E-1,8.099069595E-1,8.916467428E-1,1.338101942E0
7.036839335E0,6.654295921E-1,1.010327339E0,8.255231977E-1,1.464597700E0
7.041864908E0,7.150102854E-1,1.167040825E0,7.552842498E-1,1.563226885E0
7.046890481E0,7.302941084E-1,1.237336159E0,7.383663654E-1,1.615399376E0
7.051916054E0,6.863321066E-1,1.250249863E0,7.555912733E-1,1.614030561E0
7.056941627E0,5.441219807E-1,1.186896324E0,7.969472408E-1,1.529678567E0
7.061967200E0,3.177807331E-1,1.061772346E0,8.619500399E-1,1.404030976E0
7.066992773E0,-3.077769279E-2,9.036054611E-1,8.398611546E-1,1.234024657E0
7.072018346E0,-5.008687973E-1,7.266368866E-1,7.206941843E-1,1.139416879E0
7.077043919E0,-1.033866525E0,5.832433701E-1,5.805796981E-1,1.321410461E0
7.082069492E0,-1.580537558E0,4.539632797E-1,4.384512305E-1,1.701887514E0
7.087095064E0,-2.086882830E0,3.337240219E-1,2.990918159E-1,2.134457210E0
7.092120637E0,-2.527721405E0,2.318391800E-1,1.435613334E-1,2.542387611E0
7.097146210E0,-2.873481035E0,1.337890625E-1,-5.646539852E-2,2.877148087E0
7.102171783E0,-3.109337330E0,9.210872650E-2,-2.765166163E-1,3.122967193E0
7.107197356E0,-3.268460512E0,1.484870911E-3,-4.967289567E-1,3.305990923E0
7.112222929E0,-3.317180157E0,-9.975147247E-2,-7.211729288E-1,3.396133823E0
7.117248502E0,-3.260221958E0,-2.402505875E-1,-9.443566799E-1,3.402730830E0
7.122274075E0,-3.116956949E0,-4.103069305E-1,-1.165551305E0,3.352951274E0
7.127299648E0,-2.925969601E0,-5.858697891E-1,-1.369883418E0,3.283461907E0
7.132325221E0,-2.735721111E0,-7.715587616E-1,-1.561701536E0,3.243205915E0
7.137350794E0,-2.551374912E0,-9.385490417E-1,-1.735939503E0,3.225503713E0
7.142376367E0,-2.292274714E0,-1.072368622E0,-1.887677431E0,3.157186074E0
7.147401939E0,-2.011837959E0,-1.177694321E0,-2.002643108E0,3.073277616E0
7.152427512E0,-1.772891879E0,-1.235322952E0,-2.138613224E0,3.040203107E0
7.157453085E0,-1.585543871E0,-1.230875969E0,-2.248226166E0,3.013888835E0
7.162478658E0,-1.440609813E0,-1.164367676E0,-2.269785881E0,2.929682007E0
7.167504231E0,-1.285721779E0,-9.784612656E-1,-2.256599426E0,2.775375274E0
7.172529804E0,-1.140321851E0,-7.163391113E-1,-2.199954033E0,2.579393997E0
7.177555377E0,-1.014198184E0,-4.067802429E-1,-2.081277132E0,2.350698327E0
7.182580950E0,-8.981622458E-1,-4.502010345E-2,-1.977491617E0,2.172370900E0
7.187606523E0,-8.019025326E-1,3.449954987E-1,-1.907574654E0,2.097834747E0
7.192632096E0,-6.776058674E-1,7.297925949E-1,-1.890082598E0,2.136389283E0
7.197657669E0,-5.874434710E-1,1.075934410E0,-1.828794360E0,2.201638821E0
7.202683242E0,-5.027151108E-1,1.383520126E0,-1.727987289E0,2.269975880E0
7.207708814E0,-3.851764202E-1,1.652643681E0,-1.587243557E0,2.323560655E0
7.212734387E0,-3.496124744E-1,1.802087307E0,-1.420559049E0,2.321149619E0
7.217759960E0,-4.530513287E-1,1.875010967E0,-1.175343752E0,2.258839208E0
7.222785533E0,-5.132597685E-1,1.871469975E0,-8.755676746E-1,2.128956131E0
7.227811106E0,-5.160194635E-1,1.777194500E0,-5.935066342E-1,1.943436776E0
7.232836679E0,-5.187700987E-1,1.644839764E0,-3.060709834E-1,1.751656276E0
7.237862252E0,-5.314493179E-1,1.436185837E0,-2.373486757E-2,1.531545455E0
7.242887825E0,-5.686285496E-1,1.165644646E0,2.813290358E-1,1.327106587E0
7.247913398E0,-5.780047178E-1,8.810997009E-1,5.986638069E-1,1.211950696E0
7.252938971E0,-6.461317539E-1,6.064596176E-1,9.702813029E-1,1.314049207E0
7.257964544E0,-8.304197788E-1,3.607730865E-1,1.323574901E0,1.603622383E0
7.262990117E0,-9.871931076E-1,1.869554520E-1,1.437949896E0,1.754195678E0
7.268015689E0,-9.922133684E-1,-5.967140198E-3,1.356763601E0,1.680871930E0
7.273041262E0,-1.060849905E0,-1.032190323E-1,1.233490705E0,1.630201218E0
7.278066835E0,-1.183123708E0,-1.384429932E-1,1.068664312E0,1.600309840E0
7.283092408E0,-1.363093495E0,-1.644182205E-1,8.485346437E-1,1.614022388E0
7.288117981E0,-1.499537349E0,-1.573085785E-1,5.835448503E-1,1.616750705E0
7.293143554E0,-1.582319617E0,-9.329128265E-2,2.840088606E-1,1.610310426E0
7.298169127E0,-1.596771121E0,3.637313843E-3,-3.034770489E-2,1.597063626E0
7.303194752E0,-1.528548002E0,9.520244598E-2,-3.638934493E-1,1.574147688E0
7.308220377E0,-1.416288376E0,1.718854904E-1,-6.879323125E-1,1.583877600E0
7.313246002E0,-1.265017629E0,2.337093353E-1,-1.031337380E0,1.648801518E0
7.318271627E0,-1.118264794E0,3.094358444E-1,-1.379870415E0,1.802861352E0
7.323297252E0,-1.009647727E0,3.512468338E-1,-1.771698952E0,2.069222087E0
7.328322877E0,-9.011313915E-1,3.831968307E-1,-2.168071032E0,2.378951364E0
7.333348502E0,-7.737524509E-1,3.815164566E-1,-2.568273306E0,2.709294269E0
7.338374127E0,-6.468458176E-1,4.085655212E-1,-2.895079136E0,2.994464643E0
7.343399752E0,-5.396977663E-1,4.070825577E-1,-3.181272507E0,3.252304514E0
7.348425377E0,-4.476783276E-1,3.581161499E-1,-3.416784763E0,3.464546317E0
7.353451002E0,-4.042625427E-1,2.905111313E-1,-3.586970329E0,3.621350724E0
7.358476627E0,-3.808472157E-1,2.235136032E-1,-3.691684246E0,3.718001547E0
7.363502252E0,-3.821731806E-1,1.523551941E-1,-3.707152605E0,3.729912718E0
7.368527877E0,-4.131358862E-1,8.193302155E-2,-3.618799210E0,3.643226866E0
7.373553502E0,-4.925740957E-1,3.139877319E-2,-3.426519394E0,3.461885365E0
7.378579127E0,-5.961451530E-1,-2.320861816E-2,-3.173394680E0,3.228987686E0
7.383604752E0,-6.803526878E-1,-8.189582825E-2,-2.854526520E0,2.935627422E0
7.388630377E0,-7.208086252E-1,-1.590938568E-1,-2.465360165E0,2.573495030E0
7.393656002E0,-7.124562263E-1,-2.309474945E-1,-2.010991096E0,2.145930057E0
7.398681627E0,-6.456471682E-1,-3.214731216E-1,-1.496757627E0,1.661471825E0
7.403707252E0,-5.154075623E-1,-4.499320984E-1,-9.377456307E-1,1.160797448E0
7.408732877E0,-3.171774149E-1,-6.116704941E-1,-3.829525709E-1,7.882861012E-1
7.413758502E0,-8.486413956E-2,-7.829036713E-1,1.424565315E-1,8.002711691E-1
7.418784127E0,1.903111935E-1,-9.780988693E-1,6.180006266E-1,1.172527408E0
7.423809752E0,5.265978575E-1,-1.130354881E0,1.037801504E0,1.622356133E0
7.428835377E0,8.846062422E-1,-1.354521751E0,1.343571782E0,2.102960416E0
7.433861002E0,1.148620486E0,-1.865663528E0,1.520738363E0,2.666959803E0
7.438886627E0,1.179617405E0,-2.577248573E0,1.603177309E0,3.256360686E0
7.443912252E0,1.049902916E0,-3.307288170E0,1.581883073E0,3.813503013E0
7.448937877E0,8.555471897E-1,-4.055706024E0,1.577163696E0,4.434879668E0
7.453963502E0,6.019061804E-1,-4.760292053E0,1.623113632E0,5.065290648E0
7.458989127E0,2.513056993E-1,-5.521432877E0,1.701553106E0,5.783135701E0
7.464014752E0,-1.188571453E-1,-6.238569260E0,1.789470792E0,6.491230942E0
7.469040377E0,-3.931175470E-1,-6.734728813E0,1.859016538E0,6.997646467E0
7.474066002E0,-5.426133871E-1,-6.933634758E0,1.877092242E0,7.203693187E0
7.479091627E0,-6.296262741E-1,-6.964823723E0,1.843529105E0,7.232136496E0
7.484117252E0,-7.830435038E-1,-6.929064751E0,1.695764542E0,7.176399712E0
7.489142877E0,-1.002249837E0,-6.884020805E0,1.414188266E0,7.098885521E0
7.494168502E0,-1.286551833E0,-6.858560562E0,1.017669439E0,7.052001113E0
7.499194127E0,-1.582341433E0,-6.776249886E0,6.020016670E-1,6.984538133E0
7.504219752E0,-1.764484644E0,-6.565438271E0,1.818857193E-1,6.800843195E0
7.509245377E0,-1.823424101E0,-6.240599632E0,-2.950875759E-1,6.508228323E0
7.514271002E0,-1.773843169E0,-5.787325859E0,-8.137280941E-1,6.107521068E0
7.519296575E0,-1.611809969E0,-5.152893066E0,-1.363611460E0,5.568633095E0
7.524322148E0,-1.219025373E0,-4.289326668E0,-1.986724854E0,4.881743722E0
7.529347721E0,-6.882368326E-1,-3.287368774E0,-2.600792646E0,4.247891923E0
7.534373294E0,-3.509495258E-1,-2.362104416E0,-3.229218245E0,4.016286010E0
7.539398867E0,-2.741225958E-1,-1.594571114E0,-3.804460049E0,4.134212923E0
7.544424439E0,-3.274554014E-1,-9.701833725E-1,-4.287672997E0,4.408244837E0
7.549450012E0,-3.710101843E-1,-4.600105286E-1,-4.682888031E0,4.720031626E0
7.554475585E0,-3.367455006E-1,-3.999233246E-2,-4.999057770E0,5.010546428E0
7.559501158E0,-2.142997980E-1,3.426542282E-1,-5.287941933E0,5.303363669E0
7.564526731E0,3.472626209E-2,6.306533813E-1,-5.510574341E0,5.546652970E0
7.569552304E0,3.427609205E-1,8.768138885E-1,-5.585157871E0,5.663945276E0
7.574577877E0,6.277128458E-1,1.066814423E0,-5.530945301E0,5.667757259E0
7.579603450E0,8.507608175E-1,1.195820808E0,-5.329178333E0,5.527560319E0
7.584629023E0,9.444960952E-1,1.292345047E0,-5.019097328E0,5.268165391E0
7.589654596E0,9.518994093E-1,1.337006569E0,-4.639886379E0,4.921609967E0
7.594680169E0,8.539768457E-1,1.329520226E0,-4.192625523E0,4.480514396E0
7.599705742E0,6.512259245E-1,1.231318474E0,-3.673679352E0,3.928887930E0
7.604731314E0,4.063988924E-1,1.061256409E0,-3.098751545E0,3.300558492E0
7.609756887E0,2.014749646E-1,8.525085449E-1,-2.584151745E0,2.728589969E0
7.614782460E0,2.688157558E-2,5.857343674E-1,-2.135979891E0,2.214998298E0
7.619808033E0,-1.604480743E-1,2.751569748E-1,-1.745927691E0,1.774744615E0
7.624833606E0,-3.509669304E-1,-1.031818390E-1,-1.457969427E0,1.503163041E0
7.629859179E0,-5.543060303E-1,-5.492238998E-1,-1.220039845E0,1.448240066E0
7.634884752E0,-8.040388823E-1,-1.024628639E0,-1.080615163E0,1.692356789E0
7.639910325E0,-1.028493404E0,-1.505399704E0,-1.025648236E0,2.091884618E0
7.644935898E0,-1.227922201E0,-1.962736130E0,-9.976578355E-1,2.521001230E0
7.649961471E0,-1.445496202E0,-2.343971252E0,-1.001340866E0,2.930246411E0
7.654987044E0,-1.633614302E0,-2.644305229E0,-9.647131562E-1,3.254491866E0
7.660012617E0,-1.773075700E0,-2.825521469E0,-8.015607595E-1,3.430724218E0
7.665038189E0,-1.911743283E0,-2.892487526E0,-5.357077122E-1,3.508308598E0
7.670063762E0,-2.006457329E0,-2.835743904E0,-1.671664715E-1,3.477823907E0
7.675089335E0,-2.190973282E0,-2.674552917E0,1.559119523E-1,3.460911118E0
7.680114908E0,-2.244878769E0,-2.389908791E0,2.189486921E-1,3.286195862E0
7.685140481E0,-2.182439566E0,-1.986742973E0,2.336516827E-1,2.960537655E0
7.690166054E0,-2.304462910E0,-1.556148529E0,3.112747669E-1,2.798042088E0
7.695191627E0,-2.327783108E0,-1.050473213E0,5.005421638E-1,2.602423990E0
7.700217200E0,-2.137041569E0,-5.608491898E-1,9.119619131E-1,2.390224469E0
7.705242773E0,-1.708340883E0,-1.065044403E-1,1.688823819E0,2.404557685E0
7.710268346E0,-1.171131253E0,3.316564560E-1,2.715259790E0,2.975597444E0
7.715293919E0,-5.927710533E-1,8.636331558E-1,3.416257143E0,3.573241192E0
7.720319492E0,7.063984871E-3,1.336301804E0,3.700988293E0,3.934852825E0
7.725345064E0,5.940697193E-1,1.749840260E0,3.918713808E0,4.332571716E0
7.730370637E0,1.114872575E0,2.085325718E0,4.188312054E0,4.809727858E0
7.735396210E0,1.563955188E0,2.323928833E0,4.360249043E0,5.182506417E0
7.740421783E0,1.926304102E0,2.466002464E0,4.380990505E0,5.383762017E0
7.745447356E0,2.148975372E0,2.492741585E0,4.292813301E0,5.409260744E0
7.750472929E0,2.251074553E0,2.399671555E0,4.142985344E0,5.290565922E0
7.755498502E0,2.142092705E0,2.244408607E0,3.892862320E0,4.977982342E0
7.760524075E0,1.947072268E0,2.031828403E0,3.642707109E0,4.603122002E0
7.765549648E0,1.781394243E0,1.876763821E0,3.315799236E0,4.205963916E0
7.770575221E0,1.621335268E0,1.755234241E0,2.955373287E0,3.800500830E0
7.775600794E0,1.485887647E0,1.614614964E0,2.562114477E0,3.373317977E0
7.780626367E0,1.417664289E0,1.407134056E0,2.089342117E0,2.890527421E0
7.785651939E0,1.406658649E0,1.190232277E0,1.619996071E0,2.453513542E0
7.790677512E0,1.318369627E0,9.543619156E-1,1.141165018E0,1.987753188E0
7.795703137E0,1.171690583E0,7.329359055E-1,6.546598673E-1,1.529259104E0
7.800728762E0,1.047938943E0,5.257921219E-1,3.484851122E-1,1.223141552E0
7.805754387E0,1.133368015E0,3.615369797E-1,9.433430433E-2,1.193369602E0
7.810780012E0,1.384148717E0,2.784557343E-1,9.805279970E-2,1.415280756E0
7.815805637E0,1.579661131E0,3.387889862E-1,3.633540869E-1,1.655938845E0
7.820831262E0,1.538489819E0,4.659233093E-1,6.877115369E-1,1.748422892E0
7.825856887E0,1.677187800E0,5.690011978E-1,1.055556893E0,2.061776330E0
7.830882512E0,1.895082951E0,6.434278488E-1,1.317535996E0,2.396088456E0
7.835908137E0,1.967402816E0,7.611026764E-1,1.544596195E0,2.614522620E0
7.840933762E0,1.928466558E0,8.501825333E-1,1.807826161E0,2.776693904E0
7.845959387E0,1.869933605E0,9.824075699E-1,2.087257862E0,2.969582749E0
7.850985012E0,1.840367675E0,1.081151009E0,2.286485195E0,3.127915477E0
7.856010637E0,1.854559541E0,1.222925186E0,2.448284626E0,3.305909060E0
7.861036262E0,1.898380160E0,1.398084164E0,2.639539242E0,3.539160066E0
7.866061887E0,1.981286526E0,1.525357723E0,2.788332939E0,3.745265419E0
7.871087512E0,2.074218273E0,1.647951603E0,2.923537731E0,3.945275503E0
7.876113137E0,2.133770466E0,1.818598747E0,3.030899048E0,4.128756089E0
7.881138762E0,2.197808266E0,1.946453094E0,3.077440739E0,4.253196718E0
7.886164387E0,2.227614880E0,2.045968056E0,2.982585430E0,4.247831115E0
7.891190012E0,2.299262524E0,2.121998787E0,2.795157909E0,4.195520795E0
7.896215637E0,2.416949749E0,2.165070057E0,2.549519062E0,4.126647779E0
7.901241262E0,2.575102568E0,2.213614941E0,2.279959202E0,4.090166048E0
7.906266887E0,2.772939682E0,2.267783642E0,1.991933823E0,4.098760481E0
7.911292512E0,2.909485579E0,2.298947811E0,1.810465336E0,4.126506041E0
7.916318137E0,3.003467083E0,2.321609974E0,1.783571720E0,4.194259824E0
7.921343762E0,2.997472525E0,2.288017750E0,1.839226842E0,4.195547895E0
7.926369387E0,2.915710926E0,2.255621433E0,1.967550278E0,4.178570611E0
7.931395012E0,2.835327864E0,2.195632458E0,2.096271992E0,4.153822607E0
7.936420637E0,2.737882614E0,2.107973576E0,2.196039200E0,4.094159495E0
7.941446262E0,2.643215179E0,2.040390491E0,2.237551451E0,4.019504489E0
7.946471887E0,2.585537195E0,1.992728233E0,2.253732204E0,3.966771641E0
7.951497512E0,2.584461927E0,1.950515747E0,2.244216681E0,3.939601965E0
7.956523137E0,2.625832319E0,1.947212219E0,2.227788448E0,3.955966654E0
7.961548762E0,2.628567219E0,1.968400955E0,2.175416470E0,3.939086793E0
7.966574387E0,2.583203077E0,2.052306652E0,2.087095261E0,3.903955348E0
7.971600012E0,2.485197067E0,2.136633396E0,2.068018913E0,3.875320497E0
7.976625637E0,2.368331909E0,2.245243549E0,2.079684019E0,3.869780387E0
7.981651262E0,2.189623833E0,2.354198933E0,2.059787750E0,3.818302073E0
7.986676887E0,2.035134077E0,2.444334507E0,2.023061991E0,3.769525396E0
7.991702512E0,1.856809497E0,2.496586800E0,1.983975172E0,3.690100898E0
7.996728137E0,1.692769289E0,2.525372505E0,1.937880278E0,3.605323027E0
8.001753762E0,1.542662144E0,2.526001930E0,1.913691044E0,3.524585884E0
8.006779387E0,1.391671538E0,2.469910145E0,1.825537205E0,3.371912199E0
8.011805012E0,1.287084699E0,2.381151676E0,1.693140268E0,3.192678232E0
8.016830637E0,1.247438192E0,2.264616489E0,1.517111540E0,2.997702005E0
8.021856210E0,1.210000038E0,2.101271152E0,1.226225019E0,2.717180219E0
8.026881783E0,1.193429470E0,1.919914246E0,8.259398937E-1,2.406765738E0
8.031907356E0,1.202000141E0,1.725402832E0,3.312578201E-1,2.128744000E0
8.036932929E0,1.192663431E0,1.512866497E0,-1.520643234E-1,1.932442666E0
8.041958502E0,1.131949663E0,1.296612263E0,-5.855308771E-1,1.818064852E0
8.046984075E0,1.001064897E0,1.081266403E0,-9.497734308E-1,1.753093703E0
8.052009648E0,8.196170330E-1,8.666706085E-1,-1.240043879E0,1.720639080E0
8.057035221E0,6.215794086E-1,6.622142792E-1,-1.446802258E0,1.708252173E0
8.062060794E0,4.219512939E-1,4.629373550E-1,-1.704335928E0,1.815795926E0
8.067086367E0,2.500381470E-1,2.686605453E-1,-1.998409033E0,2.031830757E0
8.072111939E0,1.300363541E-1,1.414718628E-1,-2.319586515E0,2.327532029E0
8.077137512E0,1.147425175E-1,6.209850311E-2,-2.663187981E0,2.666381872E0
8.082163085E0,1.274681091E-1,1.614189148E-2,-3.000526190E0,3.003275894E0
8.087188658E0,1.108233929E-1,-1.557445526E-2,-3.274312973E0,3.276224936E0
8.092214231E0,9.353351593E-2,-3.787422180E-2,-3.522766113E0,3.524211127E0
8.097239804E0,1.816201210E-2,-6.035709381E-2,-3.726651907E0,3.727184899E0
8.102265377E0,-9.135746956E-2,-1.213111877E-1,-3.780607462E0,3.783656350E0
8.107290950E0,-3.351371288E-1,-1.920776367E-1,-3.699172497E0,3.719285936E0
8.112316523E0,-7.172179222E-1,-2.870950699E-1,-3.592797756E0,3.674917801E0
8.117342096E0,-1.255633116E0,-3.826274872E-1,-3.614690304E0,3.845647450E0
8.122367669E0,-1.867668390E0,-4.502668381E-1,-3.779001236E0,4.239313126E0
8.127393242E0,-2.523310661E0,-4.711780548E-1,-4.061678886E0,4.804824745E0
8.132418814E0,-3.173567772E0,-4.790983200E-1,-4.338352203E0,5.396514379E0
8.137444387E0,-3.750454903E0,-4.742269516E-1,-4.566088200E0,5.927897150E0
8.142469960E0,-4.238833427E0,-4.709672928E-1,-4.559115410E0,6.243000267E0
8.147495533E0,-4.671518326E0,-5.362243652E-1,-4.199216843E0,6.304287599E0
8.152521106E0,-4.985878944E0,-6.697626114E-1,-3.512113810E0,6.135349559E0
8.157546679E0,-5.148582458E0,-8.999061584E-1,-2.676676750E0,5.872165772E0
8.162572252E0,-5.103057861E0,-1.130551338E0,-1.899814248E0,5.561352357E0
8.167597825E0,-4.783640862E0,-1.318413734E0,-1.301184773E0,5.129767683E0
8.172623398E0,-4.244774818E0,-1.429813385E0,-8.946123123E-1,4.567582595E0
8.177648971E0,-3.569759369E0,-1.435936928E0,-6.263945103E-1,3.898392861E0
8.182674544E0,-2.817961693E0,-1.298460007E0,-4.473521709E-1,3.134809477E0
8.187700117E0,-2.048607349E0,-1.022098541E0,-3.086177111E-1,2.310134713E0
8.192725689E0,-1.330159187E0,-6.498250961E-1,-1.902500391E-1,1.492578707E0
8.197751262E0,-7.260150909E-1,-1.910343170E-1,-3.455507755E-2,7.515225053E-1
8.202776835E0,-3.086409569E-1,3.113479614E-1,1.681071520E-1,4.695282823E-1
8.207802408E0,-2.574467659E-2,9.052820206E-1,3.839915991E-1,9.836909440E-1
8.212827981E0,6.023716927E-2,1.523825169E0,5.987179279E-1,1.638332939E0
8.217853554E0,2.192258835E-3,2.166995049E0,7.449616194E-1,2.291471178E0
8.222879127E0,-1.279020309E-1,2.763011932E0,8.418419361E-1,2.891243973E0
8.227904700E0,-2.775490284E-1,3.307171345E0,8.368681073E-1,3.422683742E0
8.232930273E0,-3.940947056E-1,3.813815117E0,7.351680994E-1,3.903968304E0
8.237955846E0,-5.258555412E-1,4.225594997E0,5.708760023E-1,4.296286366E0
8.242981419E0,-6.157581806E-1,4.375176907E0,3.065264225E-1,4.428915166E0
8.248006992E0,-6.162319183E-1,4.014075279E0,-2.340996265E-2,4.061168570E0
8.253032564E0,-5.514283180E-1,3.090074539E0,-1.877368689E-1,3.144499798E0
8.258058137E0,-4.542179108E-1,1.699082851E0,-1.324975491E-1,1.763732419E0
8.263083710E0,-3.808970451E-1,-1.253318787E-1,5.243766308E-2,4.044012207E-1
8.268109283E0,-4.064652920E-1,-2.206161499E0,3.006976247E-1,2.263356281E0
8.273134856E0,-6.242837906E-1,-4.428895950E0,5.984821320E-1,4.512541463E0
8.278160429E0,-9.076595306E-1,-6.588294029E0,9.323357344E-1,6.715557606E0
8.283186002E0,-1.120567799E0,-8.474506378E0,1.274286985E0,8.642727455E0
8.288211627E0,-1.251777291E0,-1.006435299E1,1.796969175E0,1.029986630E1
8.293237252E0,-1.252412677E0,-1.127223873E1,2.480404139E0,1.160966443E1
8.298262877E0,-1.116515279E0,-1.209385872E1,3.212683916E0,1.256301568E1
8.303288502E0,-8.338723183E-1,-1.268237495E1,3.966410637E0,1.331429273E1
8.308314127E0,-2.415517569E-1,-1.291787243E1,4.665049553E0,1.373653751E1
8.313339752E0,7.549638748E-1,-1.232153034E1,5.279373646E0,1.342616351E1
8.318365377E0,1.904534698E0,-1.039092731E1,5.789510727E0,1.204645414E1
8.323391002E0,2.783288240E0,-7.537755013E0,5.971141338E0,1.001094266E1
8.328416627E0,3.269461632E0,-4.613711357E0,5.598057747E0,7.957007125E0
8.333442252E0,3.404780388E0,-2.097057343E0,4.796229839E0,6.244517568E0
8.338467877E0,3.408270121E0,-5.454540253E-2,3.831724167E0,5.128488131E0
8.343493502E0,3.360242367E0,1.547425270E0,3.028359413E0,4.780869635E0
8.348519127E0,3.226531982E0,2.766234875E0,2.351251125E0,4.857051150E0
8.353544752E0,3.045542240E0,3.654335499E0,1.708196640E0,5.054446679E0
8.358570377E0,2.855910301E0,4.345467567E0,1.093212247E0,5.313607536E0
8.363596002E0,2.624701977E0,4.882452488E0,5.669009686E-1,5.572143167E0
8.368621627E0,2.295191765E0,5.246045113E0,2.177413702E-1,5.730297188E0
8.373647252E0,1.911459565E0,5.378830910E0,-2.422595024E-2,5.708422420E0
8.378672877E0,1.546286106E0,5.405276299E0,-1.432711482E-1,5.623925605E0
8.383698502E0,1.305733442E0,5.502385616E0,-1.815926433E-1,5.658105971E0
8.388724127E0,1.075428128E0,5.598366261E0,-1.582740545E-1,5.702920403E0
8.393749752E0,8.224495649E-1,5.654990673E0,-7.820111513E-2,5.715020404E0
8.398775377E0,6.383808851E-1,5.657975674E0,9.638100863E-2,5.694691228E0
8.403801002E0,4.807875752E-1,5.573908329E0,3.314158618E-1,5.604413192E0
8.408826627E0,3.742403984E-1,5.469837189E0,6.166831851E-1,5.517197921E0
8.413852252E0,2.904554605E-1,5.269292831E0,9.607043862E-1,5.364025003E0
8.418877877E0,2.727336884E-1,4.881596088E0,1.333264828E0,5.067737082E0
8.423903502E0,3.736722469E-1,4.273593903E0,1.651603937E0,4.596850156E0
8.428929127E0,5.783640146E-1,3.474391937E0,1.885867596E0,3.995297343E0
8.433954752E0,7.855567336E-1,2.513088226E0,2.063837528E0,3.345465163E0
8.438980377E0,9.132267237E-1,1.433090210E0,2.175069332E0,2.760191515E0
8.444006002E0,9.847911000E-1,2.729501724E-1,2.242682219E0,2.464536232E0
8.449031627E0,9.996700883E-1,-8.092803955E-1,2.251842022E0,2.593273517E0
8.454057252E0,1.014734268E0,-1.770546913E0,2.245316029E0,3.034133497E0
8.459082877E0,9.861137271E-1,-2.955089569E0,2.522667170E0,4.008593805E0
8.464108502E0,9.272964001E-1,-4.376511574E0,2.782311201E0,5.268300275E0
8.469134127E0,8.325763941E-1,-5.350259781E0,2.700276375E0,6.050616140E0
8.474159752E0,6.343451142E-1,-5.805069923E0,2.352879524E0,6.295813895E0
8.479185377E0,2.609806061E-1,-5.756160736E0,1.761537433E0,6.025322516E0
8.484211002E0,-2.433418036E-1,-5.281120300E0,1.178679347E0,5.416523965E0
8.489236627E0,-7.430176735E-1,-4.476616859E0,6.604745984E-1,4.585673393E0
8.494262252E0,-1.102539062E0,-3.486942291E0,2.674078941E-1,3.666860498E0
8.499287877E0,-1.287466645E0,-2.475176811E0,3.517326713E-2,2.790216438E0
8.504313502E0,-1.283060551E0,-1.479708672E0,-5.407601595E-2,1.959261684E0
8.509339127E0,-1.170905828E0,-5.722198486E-1,-8.591654897E-2,1.306077206E0
8.514364752E0,-1.008819222E0,1.948814392E-1,-6.038796902E-2,1.029243268E0
8.519390325E0,-8.498098850E-1,8.457841873E-1,3.634646535E-2,1.199520236E0
8.524415898E0,-7.133928537E-1,1.395084381E0,1.842762232E-1,1.577703242E0
8.529441471E0,-6.094874144E-1,1.847795963E0,3.916871846E-1,1.984752801E0
8.534467044E0,-4.905565977E-1,2.199346542E0,5.758461952E-1,2.325805200E0
8.539492617E0,-4.191634655E-1,2.449950218E0,7.066124082E-1,2.584038540E0
8.544518189E0,-3.333469629E-1,2.638050556E0,8.067687154E-1,2.778723933E0
8.549543762E0,-2.192537785E-1,2.754235744E0,8.848404884E-1,2.901177252E0
8.554569335E0,-1.251677275E-1,2.736473560E0,8.877668381E-1,2.879597969E0
8.559594908E0,-4.182088375E-2,2.561035156E0,8.539331555E-1,2.699972572E0
8.564620481E0,-1.708090305E-2,2.223312378E0,7.216717005E-1,2.337567054E0
8.569646054E0,-5.549776554E-2,1.742579937E0,5.160406828E-1,1.818230685E0
8.574671627E0,-1.470004320E-1,1.238497734E0,2.862579525E-1,1.279620795E0
8.579697200E0,-2.526743412E-1,7.970952988E-1,7.667799294E-2,8.396932491E-1
8.584722773E0,-2.714836597E-1,4.230070114E-1,-1.116443351E-1,5.148813133E-1
8.589748346E0,-2.271764278E-1,1.496133804E-1,-2.394882590E-1,3.624195347E-1
8.594773919E0,-1.628168821E-1,-5.188465118E-2,-3.207786977E-1,3.634560868E-1
8.599799492E0,-4.984366894E-2,-1.815347672E-1,-3.553681672E-1,4.021514606E-1
8.604825064E0,9.716343880E-2,-2.632951736E-1,-3.243390322E-1,4.289066216E-1
8.609850637E0,2.491345406E-1,-3.210821152E-1,-2.617216110E-1,4.833838492E-1
8.614876210E0,4.105647802E-1,-3.357524872E-1,-1.251574308E-1,5.449381193E-1
8.619901783E0,5.285540819E-1,-3.168907166E-1,2.711622417E-2,6.168666253E-1
8.624927356E0,6.173817515E-1,-2.693138123E-1,1.799671054E-1,6.971931695E-1
8.629952929E0,6.672991514E-1,-1.978158951E-1,3.231957555E-1,7.673817708E-1
8.634978502E0,6.832791567E-1,-1.741952896E-1,4.561946988E-1,8.398380845E-1
8.640004075E0,6.749184132E-1,-1.075391769E-1,5.880402923E-1,9.015935472E-1
8.645029648E0,7.092465162E-1,2.079963684E-3,7.038707733E-1,9.992342131E-1
8.650055221E0,7.239822745E-1,8.286762238E-2,7.938975692E-1,1.077632000E0
8.655080794E0,7.717000842E-1,1.061563492E-1,8.290683031E-1,1.137604695E0
8.660106367E0,8.282861710E-1,1.198463440E-1,8.283966780E-1,1.177566212E0
8.665131939E0,8.839616776E-1,1.478757858E-1,7.871152759E-1,1.192814299E0
8.670157512E0,9.004290104E-1,9.456920624E-2,7.245135307E-1,1.159584233E0
8.675183085E0,9.159133434E-1,-3.039932251E-2,6.695910692E-1,1.134977344E0
8.680208658E0,9.255204201E-1,-8.824729919E-2,6.272491813E-1,1.121524484E0
8.685234231E0,9.006211758E-1,-1.603746414E-1,5.451685786E-1,1.064916573E0
8.690259804E0,8.507253528E-1,-2.276191711E-1,4.045707583E-1,9.691344651E-1
8.695285377E0,7.853691578E-1,-1.847743988E-1,2.391308546E-1,8.415045205E-1
8.700310950E0,7.141017318E-1,-7.023620605E-2,5.863025784E-2,7.199388273E-1
8.705336523E0,6.033612490E-1,7.287502289E-2,-1.367410421E-1,6.229395463E-1
8.710362096E0,5.009932518E-1,2.110576630E-1,-3.275265098E-1,6.346756574E-1
8.715387669E0,3.878203630E-1,2.869415283E-1,-5.612699986E-1,7.401108606E-1
8.720413242E0,2.209265232E-1,3.388671875E-1,-7.754164338E-1,8.745914162E-1
8.725438814E0,5.323517323E-2,3.811941147E-1,-9.458264709E-1,1.021141836E0
8.730464387E0,-6.741023064E-2,4.522104263E-1,-1.077072740E0,1.170095763E0
8.735489960E0,-2.125841379E-1,5.135879517E-1,-1.183637142E0,1.307654956E0
8.740515533E0,-3.438885212E-1,5.701036453E-1,-1.279986382E0,1.442789873E0
8.745541106E0,-4.660518169E-1,6.026268005E-1,-1.356570601E0,1.555842908E0
8.750566679E0,-5.742526054E-1,6.350870132E-1,-1.403977156E0,1.644461439E0
8.755592252E0,-6.684920788E-1,6.531229019E-1,-1.446299553E0,1.721985360E0
8.760617825E0,-7.678014040E-1,6.471738815E-1,-1.488314390E0,1.795392089E0
8.765643398E0,-8.722059727E-1,6.220445633E-1,-1.525368214E0,1.863982533E0
8.770668971E0,-9.767963886E-1,5.968675613E-1,-1.543195009E0,1.921414299E0
8.775694596E0,-1.067189932E0,5.620822906E-1,-1.565627456E0,1.976365397E0
8.780720221E0,-1.119447231E0,5.224838257E-1,-1.563900471E0,1.992971684E0
8.785745846E0,-1.157435656E0,4.780607224E-1,-1.562052011E0,2.002050408E0
8.790771471E0,-1.200427175E0,4.192562103E-1,-1.550623655E0,2.005301696E0
8.795797096E0,-1.238918662E0,3.747653961E-1,-1.544177771E0,2.014907824E0
8.800822721E0,-1.268104434E0,3.493289948E-1,-1.538081646E0,2.023811936E0
8.805848346E0,-1.335900545E0,3.524599075E-1,-1.551728010E0,2.077671310E0
8.810873971E0,-1.384837151E0,4.080266953E-1,-1.594651937E0,2.151086823E0
8.815899596E0,-1.448382735E0,4.824810028E-1,-1.623717785E0,2.228690178E0
8.820925221E0,-1.507276058E0,5.710344315E-1,-1.686480284E0,2.332847441E0
8.825950846E0,-1.542366624E0,6.737346649E-1,-1.734521985E0,2.416894644E0
8.830976471E0,-1.587208986E0,7.619295120E-1,-1.772230148E0,2.498113017E0
8.836002096E0,-1.651346922E0,7.926816940E-1,-1.779873252E0,2.554063374E0
8.841027721E0,-1.744198561E0,7.613286972E-1,-1.757130146E0,2.590242528E0
8.846053346E0,-1.860629797E0,6.966819763E-1,-1.698881030E0,2.614097506E0
8.851078971E0,-1.976419926E0,5.844278336E-1,-1.614748001E0,2.618244206E0
8.856104596E0,-2.129474640E0,4.293413162E-1,-1.500371933E0,2.640096995E0
8.861130221E0,-2.295435429E0,2.457437515E-1,-1.346672773E0,2.672628174E0
8.866155846E0,-2.454799414E0,6.226825714E-2,-1.168644428E0,2.719493941E0
8.871181471E0,-2.592737913E0,-1.021013260E-1,-1.010171652E0,2.784449916E0
8.876207096E0,-2.680269003E0,-2.427530289E-1,-8.864508867E-1,2.833472452E0
8.881232721E0,-2.726743221E0,-3.598794937E-1,-7.744676471E-1,2.857348768E0
8.886258346E0,-2.736913919E0,-4.679899216E-1,-6.941166520E-1,2.862081462E0
8.891283971E0,-2.672341108E0,-5.433320999E-1,-6.843468547E-1,2.811573828E0
8.896309596E0,-2.514003277E0,-5.717124939E-1,-7.886258960E-1,2.696108020E0
8.901335221E0,-2.252577305E0,-5.627937317E-1,-1.011648655E0,2.532641763E0
8.906360846E0,-1.912528515E0,-5.309314728E-1,-1.328996181E0,2.388699311E0
8.911386471E0,-1.552118897E0,-4.999437332E-1,-1.711188674E0,2.363722379E0
8.916412096E0,-1.162583828E0,-4.505119324E-1,-2.152391911E0,2.487439064E0
8.921437721E0,-7.540828586E-1,-3.872184753E-1,-2.665733337E0,2.797268906E0
8.926463346E0,-3.893576264E-1,-3.432350159E-1,-3.244788647E0,3.286040627E0
8.931488971E0,-4.969877005E-2,-3.707513809E-1,-3.849439621E0,3.867571842E0
8.936514596E0,1.735867858E-1,-5.696134567E-1,-4.463165283E0,4.502714316E0
8.941540221E0,2.040215731E-1,-9.629764557E-1,-5.035756111E0,5.131061105E0
8.946565846E0,1.777160168E-2,-1.521308899E0,-5.521702290E0,5.727468269E0
8.951591471E0,-3.174693584E-1,-2.153066635E0,-5.818467140E0,6.212168912E0
8.956617096E0,-7.674825191E-1,-2.848297119E0,-5.848239899E0,6.550094336E0
8.961642721E0,-1.307468891E0,-3.535107613E0,-5.639244080E0,6.782885413E0
8.966668346E0,-1.826778054E0,-4.132368088E0,-5.158423424E0,6.857325739E0
8.971693971E0,-2.281884670E0,-4.564065933E0,-4.421545029E0,6.751870551E0
8.976719596E0,-2.619979382E0,-4.897945404E0,-3.421377182E0,6.523801266E0
8.981745221E0,-2.707494020E0,-5.077342987E0,-2.495436192E0,6.271932514E0
8.986770846E0,-2.751000881E0,-5.251219749E0,-1.827702880E0,6.203532262E0
8.991796471E0,-2.756050587E0,-5.529977798E0,-1.214253187E0,6.296894480E0
8.996822096E0,-2.761780024E0,-5.856398582E0,-6.712198853E-1,6.509636656E0
9.001847721E0,-2.802134991E0,-6.206765175E0,-2.672249079E-1,6.815225865E0
9.006873346E0,-2.905985832E0,-6.609922409E0,3.471577168E-2,7.220597835E0
9.011898919E0,-2.948857784E0,-7.018078804E0,2.672592402E-1,7.617126744E0
9.016924492E0,-3.002178907E0,-7.278240204E0,4.681500196E-1,7.887016109E0
9.021950064E0,-3.017455339E0,-7.237583160E0,6.467028856E-1,7.868028428E0
9.026975637E0,-2.807374477E0,-6.657389641E0,7.118639946E-1,7.260092192E0
9.032001210E0,-2.209036589E0,-5.485708237E0,6.256052256E-1,5.946782273E0
9.037026783E0,-1.366951823E0,-4.091385841E0,3.119122386E-1,4.324960651E0
9.042052356E0,-5.788544416E-1,-2.727994919E0,-2.809634805E-1,2.802850196E0
9.047077929E0,8.749252558E-2,-1.443094254E0,-1.127408624E0,1.833364713E0
9.052103502E0,6.222885847E-1,-2.316217422E-1,-2.124929905E0,2.226256682E0
9.057129075E0,9.733753204E-1,9.114255905E-1,-3.242318153E0,3.505821320E0
9.062154648E0,1.084088683E0,1.914502621E0,-4.447587967E0,4.962016453E0
9.067180221E0,1.037019491E0,2.816004276E0,-5.388469219E0,6.167729731E0
9.072205794E0,8.619385362E-1,3.606319427E0,-5.828408241E0,6.907881041E0
9.077231367E0,5.264924765E-1,4.213473320E0,-5.580714226E0,7.012483370E0
9.082256939E0,1.033694744E-1,4.656345844E0,-4.929231167E0,6.781560423E0
9.087282512E0,-2.540436387E-1,5.039891720E0,-4.063056946E0,6.478694194E0
9.092308085E0,-3.882001638E-1,5.277749062E0,-3.009252310E0,6.087769213E0
9.097333658E0,-5.059489012E-1,5.293427467E0,-1.895402670E0,5.645255523E0
9.102359231E0,-8.905501962E-1,5.015483379E0,-6.097013950E-1,5.130291315E0
9.107384804E0,-1.580093145E0,4.501759529E0,8.258970380E-1,4.841966452E0
9.112410377E0,-2.306163549E0,3.824463367E0,2.337223291E0,5.040587573E0
9.117435950E0,-2.953652620E0,3.070113659E0,3.850933552E0,5.742765092E0
9.122461523E0,-3.503483772E0,2.282127380E0,5.212949276E0,6.682615063E0
9.127487096E0,-3.884126186E0,1.379487038E0,6.255970955E0,7.491768370E0
9.132512669E0,-4.052731514E0,4.533166885E-1,6.952713966E0,8.060419359E0
9.137538242E0,-4.000525951E0,-3.575830460E-1,7.553541660E0,8.555002346E0
9.142563814E0,-3.700343370E0,-1.077158928E0,8.045489311E0,8.920914228E0
9.147589387E0,-3.426147461E0,-1.762876511E0,8.272214890E0,9.125555281E0
9.152614960E0,-3.383947134E0,-2.405233383E0,8.407115936E0,9.376344927E0
9.157640533E0,-3.544839382E0,-3.004222870E0,8.684489250E0,9.849446423E0
9.162666106E0,-3.931890965E0,-3.535850525E0,9.117369652E0,1.053984985E1
9.167691679E0,-4.280441761E0,-4.000041008E0,9.527024269E0,1.118421661E1
9.172717252E0,-4.407723427E0,-4.262689590E0,9.768117905E0,1.153319885E1
9.177742825E0,-4.408801556E0,-4.376328468E0,9.896462440E0,1.168459460E1
9.182768398E0,-4.239928722E0,-4.278613091E0,9.833887100E0,1.153207965E1
9.187793971E0,-3.900932312E0,-3.873811722E0,9.631861687E0,1.109037645E1
9.192819544E0,-3.530399799E0,-3.195494652E0,9.380368233E0,1.051980119E1
9.197845117E0,-3.209472656E0,-2.368140221E0,9.078768730E0,9.916291872E0
9.202870689E0,-2.957086802E0,-1.477957726E0,8.722244263E0,9.327714960E0
9.207896262E0,-2.758488655E0,-6.064624786E-1,8.277932167E0,8.746497434E0
9.212921835E0,-2.575346947E0,2.126474380E-1,7.742238998E0,8.162101172E0
9.217947408E0,-2.331230640E0,9.121637344E-1,7.131027699E0,7.557660684E0
9.222972981E0,-1.950192690E0,1.487159729E0,6.469757557E0,6.919007041E0
9.227998554E0,-1.562171817E0,1.966207504E0,5.774366379E0,6.296797584E0
9.233024127E0,-1.215433121E0,2.406616211E0,4.978926659E0,5.662048210E0
9.238049700E0,-8.772479296E-1,2.722385883E0,3.978380919E0,4.899843218E0
9.243075273E0,-6.196700335E-1,2.861049175E0,2.830297470E0,4.071876361E0
9.248100846E0,-4.522998333E-1,2.746159077E0,1.640630484E0,3.230732610E0
9.253126419E0,-3.463954926E-1,2.415999413E0,5.017567277E-1,2.491746940E0
9.258151992E0,-2.780712843E-1,1.961337090E0,-3.354701996E-1,2.009155811E0
9.263177617E0,-1.851154566E-1,1.405915260E0,-6.684437990E-1,1.567699768E0
9.268203242E0,3.700685501E-2,8.358259201E-1,-7.159283161E-1,1.101148414E0
9.273228867E0,3.824388981E-1,3.085069656E-1,-5.245884657E-1,7.187691681E-1
9.278254492E0,6.636677980E-1,-1.711750031E-1,-1.321051121E-1,6.980025705E-1
9.283280117E0,9.516437054E-1,-5.647773743E-1,3.515563011E-1,1.161116298E0
9.288305742E0,1.173934579E0,-8.721590042E-1,8.401868343E-1,1.686623147E0
9.293331367E0,1.411131382E0,-1.069266319E0,1.338766098E0,2.219665944E0
9.298356992E0,1.652980089E0,-1.265954971E0,1.832681417E0,2.773753115E0
9.303382617E0,1.827239990E0,-1.414127350E0,2.326105595E0,3.278616992E0
9.308408242E0,1.867156267E0,-1.446706772E0,2.765205860E0,3.636701316E0
9.313433867E0,1.873566628E0,-1.421086311E0,3.096193790E0,3.887949871E0
9.318459492E0,1.851852775E0,-1.370785713E0,3.308547020E0,4.031736047E0
9.323485117E0,1.802688718E0,-1.228910446E0,3.348933220E0,3.996906455E0
9.328510742E0,1.745810270E0,-1.033923149E0,3.322480679E0,3.893035890E0
9.333536367E0,1.648377419E0,-7.908020020E-1,3.310466051E0,3.781759035E0
9.338561992E0,1.563746929E0,-5.045709610E-1,3.289106369E0,3.676699202E0
9.343587617E0,1.540107489E0,-1.992979050E-1,3.244202137E0,3.596734385E0
9.348613242E0,1.544179678E0,1.249008179E-1,3.171251774E0,3.529437477E0
9.353638867E0,1.556883335E0,4.297008514E-1,3.080079794E0,3.477847046E0
9.358664492E0,1.568746328E0,6.815757751E-1,2.952028751E0,3.411742125E0
9.363690117E0,1.603539944E0,8.853750229E-1,2.835304499E0,3.375526756E0
9.368715742E0,1.656353354E0,1.041157722E0,2.667965651E0,3.308406951E0
9.373741367E0,1.741234779E0,1.153804779E0,2.440801620E0,3.212580984E0
9.378766992E0,1.776579142E0,1.204294205E0,2.144370079E0,3.033954682E0
9.383792617E0,1.776732445E0,1.183107376E0,1.783922672E0,2.781888090E0
9.388818242E0,1.756047726E0,1.133358002E0,1.364480495E0,2.495998998E0
9.393843867E0,1.714771271E0,1.055044174E0,9.814862013E-1,2.239837915E0
9.398869492E0,1.705761433E0,9.625139236E-1,6.585317850E-1,2.066329894E0
9.403895117E0,1.705544472E0,8.413515091E-1,3.329535723E-1,1.930702563E0
9.408920742E0,1.771889448E0,7.298049927E-1,4.727947712E-2,1.916883641E0
9.413946367E0,1.871662140E0,6.230401993E-1,-2.182650566E-1,1.984675765E0
9.418971992E0,2.043402433E0,5.497303009E-1,-4.881623983E-1,2.171635199E0
9.423997617E0,2.253729105E0,4.955015182E-1,-7.580994368E-1,2.428895096E0
9.429023242E0,2.497943163E0,5.033779144E-1,-1.023577452E0,2.746055384E0
9.434048867E0,2.728319883E0,5.541296005E-1,-1.337236166E0,3.088525468E0
9.439074492E0,3.002107620E0,6.334123611E-1,-1.632174850E0,3.475321010E0
9.444100117E0,3.271418095E0,7.698936462E-1,-1.889295101E0,3.855431047E0
9.449125742E0,3.540851355E0,9.204988480E-1,-2.089412689E0,4.213145123E0
9.454151367E0,3.795743704E0,1.070939064E0,-2.189562321E0,4.510960419E0
9.459176992E0,4.031011581E0,1.226057053E0,-2.204079628E0,4.755022321E0
9.464202617E0,4.256038666E0,1.366782188E0,-2.224045277E0,4.992828464E0
9.469228242E0,4.465632915E0,1.498013973E0,-2.306838036E0,5.244752132E0
9.474253867E0,4.616252899E0,1.595940113E0,-2.366073132E0,5.427256926E0
9.479279492E0,4.693376541E0,1.646313190E0,-2.344421148E0,5.498585363E0
9.484305117E0,4.730181217E0,1.654022694E0,-2.198681831E0,5.472166592E0
9.489330742E0,4.673760414E0,1.580918789E0,-2.015007496E0,5.329502400E0
9.494356367E0,4.500292301E0,1.474924564E0,-1.803018212E0,5.067436032E0
9.499381992E0,4.238680363E0,1.359983921E0,-1.553310752E0,4.714736660E0
9.504407564E0,3.913303375E0,1.245615959E0,-1.323512793E0,4.314764019E0
9.509433137E0,3.510385513E0,1.155646324E0,-1.099446535E0,3.855788838E0
9.514458710E0,3.083036900E0,1.109115601E0,-9.147968292E-1,3.401780001E0
9.519484283E0,2.622327805E0,1.077155113E0,-7.408840656E-1,2.930149391E0
9.524509856E0,2.171761274E0,1.059678078E0,-5.347378254E-1,2.474956404E0
9.529535429E0,1.693395019E0,1.032710075E0,-2.582517862E-1,2.000192684E0
9.534561002E0,1.225717187E0,9.914598465E-1,5.015730858E-2,1.577304982E0
9.539586575E0,7.544060946E-1,9.025077820E-1,3.997745514E-1,1.242364095E0
9.544612148E0,2.460494041E-1,7.707347870E-1,7.424551249E-1,1.098094729E0
9.549637721E0,-2.849999666E-1,6.201419830E-1,1.058960199E0,1.259840372E0
9.554663294E0,-8.390727043E-1,4.747419357E-1,1.320612073E0,1.635065490E0
9.559688867E0,-1.421086907E0,3.584499359E-1,1.527616978E0,2.116976142E0
9.564714439E0,-2.074321270E0,2.808170319E-1,1.665873051E0,2.675219609E0
9.569740012E0,-2.746283054E0,2.131023407E-1,1.716541529E0,3.245612121E0
9.574765585E0,-3.408275127E0,1.743698120E-1,1.723103881E0,3.823065676E0
9.579791158E0,-4.041275024E0,1.406784058E-1,1.719140291E0,4.393988800E0
9.584816731E0,-4.635822773E0,1.694326401E-1,1.690229297E0,4.937249769E0
9.589842304E0,-5.143754005E0,1.792507172E-1,1.597681880E0,5.389148678E0
9.594867877E0,-5.498185635E0,2.324047089E-1,1.417108178E0,5.682627281E0
9.599893450E0,-5.942987442E0,2.905960083E-1,1.114740610E0,6.053609866E0
9.604919023E0,-6.429387093E0,3.633346558E-1,7.426214218E-1,6.482323429E0
9.609944596E0,-6.808219433E0,4.456949234E-1,2.958313227E-1,6.829202880E0
9.614970169E0,-7.002377510E0,5.087709427E-1,-2.538137436E-1,7.025422413E0
9.619995742E0,-6.930345535E0,4.758939743E-1,-6.999359131E-1,6.981838912E0
9.625021314E0,-6.563788891E0,2.227182388E-1,-1.041829467E0,6.649686959E0
9.630046887E0,-6.056527615E0,-3.462066650E-1,-1.216464639E0,6.187178034E0
9.635072460E0,-5.457207680E0,-1.216177940E0,-1.242091417E0,5.727389941E0
9.640098033E0,-4.766381741E0,-2.358182907E0,-1.208726287E0,5.453479693E0
9.645123606E0,-3.975178242E0,-3.647547722E0,-1.115526676E0,5.509178360E0
9.650149179E0,-3.170456886E0,-5.045813560E0,-9.999655485E-1,6.042512925E0
9.655174752E0,-2.467180252E0,-6.567222595E0,-9.188021421E-1,7.075280093E0
9.660200325E0,-1.836094618E0,-8.173527718E0,-8.902778625E-1,8.424392766E0
9.665225898E0,-1.400507927E0,-9.716638565E0,-9.085147381E-1,9.859000278E0
9.670251471E0,-1.039444208E0,-1.104388046E1,-8.627250195E-1,1.112618688E1
9.675277044E0,-8.186804056E-1,-1.211743546E1,-6.813869476E-1,1.216415915E1
9.680302617E0,-7.462102175E-1,-1.299503994E1,-3.138332367E-1,1.302022980E1
9.685328189E0,-7.104016542E-1,-1.325599098E1,4.548895359E-2,1.327509083E1
9.690353762E0,-5.713195801E-1,-1.215955734E1,6.559976935E-1,1.219063468E1
9.695379335E0,4.878938198E-2,-9.305282593E0,1.250607371E0,9.389072549E0
9.700404908E0,1.218697786E0,-5.502990723E0,1.468863726E0,5.824576537E0
9.705430481E0,2.460075140E0,-2.073094368E0,1.559930921E0,3.575342561E0
9.710456054E0,3.352869034E0,6.028060913E-1,1.568428278E0,3.750343078E0
9.715481627E0,3.904584408E0,2.655019283E0,1.654214382E0,5.003132220E0
9.720507200E0,4.219560623E0,4.079545021E0,1.766769767E0,6.129343753E0
9.725532773E0,4.288090229E0,4.996535301E0,1.789057255E0,6.823035152E0
9.730558346E0,4.206339836E0,5.578558445E0,1.904808521E0,7.241678303E0
9.735583919E0,3.946470976E0,5.887932777E0,2.187053680E0,7.417923520E0
9.740609492E0,3.528597593E0,5.991718292E0,2.426036119E0,7.364600486E0
9.745635064E0,3.159467459E0,6.038225174E0,2.617286682E0,7.300177220E0
9.750660689E0,2.921014309E0,6.166102409E0,2.712830544E0,7.342519532E0
9.755686314E0,2.656042099E0,6.317765236E0,2.740864277E0,7.381128247E0
9.760711939E0,2.394251347E0,6.421339035E0,2.834558964E0,7.416249661E0
9.765737564E0,2.136748314E0,6.424206734E0,3.025995970E0,7.415711505E0
9.770763189E0,1.884606481E0,6.331195831E0,3.208764076E0,7.343837494E0
9.775788814E0,1.748750925E0,6.108874321E0,3.362912178E0,7.189273509E0
9.780814439E0,1.715447307E0,5.709545612E0,3.468549490E0,6.897282517E0
9.785840064E0,1.789708376E0,5.109512329E0,3.453593731E0,6.421641688E0
9.790865689E0,1.832799315E0,4.294684410E0,3.361144543E0,5.753326008E0
9.795891314E0,1.845036030E0,3.322659492E0,3.277529240E0,5.018607573E0
9.800916939E0,1.874676347E0,2.298783302E0,3.264915466E0,4.411177743E0
9.805942564E0,1.874154568E0,1.261347771E0,3.275272846E0,3.978802051E0
9.810968189E0,1.877215743E0,2.390527725E-1,3.317905903E0,3.819631495E0
9.815993814E0,1.965385914E0,-7.585430145E-1,3.378003597E0,3.981084978E0
9.821019439E0,2.104940891E0,-1.697927475E0,3.421696663E0,4.361392200E0
9.826045064E0,2.267005682E0,-2.550409317E0,3.477236271E0,4.871865611E0
9.831070689E0,2.484682798E0,-3.263383865E0,3.577617884E0,5.442671456E0
9.836096314E0,2.685518503E0,-3.827309608E0,3.665014744E0,5.940761024E0
9.841121939E0,2.825880766E0,-4.261355400E0,3.786855698E0,6.362784612E0
9.846147564E0,2.890810490E0,-4.493802071E0,3.909314156E0,6.620708384E0
9.851173189E0,2.932022572E0,-4.476889610E0,4.051324844E0,6.712118141E0
9.856198814E0,2.972454071E0,-4.162931442E0,4.289345264E0,6.675624630E0
9.861224439E0,3.001323938E0,-3.542473793E0,4.551151276E0,6.501541655E0
9.866250064E0,3.008084297E0,-2.749608994E0,4.544722557E0,6.104377436E0
9.871275689E0,2.953540325E0,-1.918299675E0,4.418660164E0,5.650471816E0
9.876301314E0,2.913637161E0,-1.125025749E0,4.225735188E0,5.254693361E0
9.881326939E0,2.878121376E0,-3.457174301E-1,4.185776234E0,5.091544547E0
9.886352564E0,2.813020229E0,3.815250397E-1,4.192103863E0,5.062842972E0
9.891378189E0,2.694330931E0,9.180316925E-1,3.718113184E0,4.682581233E0
9.896403814E0,2.498549700E0,1.187197685E0,2.947569370E0,4.042320390E0
9.901429439E0,2.255341768E0,1.236704826E0,2.112854481E0,3.328687335E0
9.906455064E0,1.951611280E0,1.157222748E0,1.364705086E0,2.647710530E0
9.911480689E0,1.603099227E0,1.005919456E0,7.574544549E-1,2.038513757E0
9.916506314E0,1.273207068E0,9.260873795E-1,3.782917559E-1,1.619196939E0
9.921531939E0,1.015397906E0,8.887939453E-1,1.224103272E-1,1.354980396E0
9.926557564E0,8.634757996E-1,8.700523376E-1,-3.875172138E-2,1.226410707E0
9.931583189E0,7.266732454E-1,8.363914490E-1,-9.112185240E-2,1.111713926E0
9.936608814E0,6.001993418E-1,7.544317245E-1,-5.948278308E-2,9.658906141E-1
9.941634439E0,5.029726028E-1,6.386909485E-1,1.651616395E-2,8.131299715E-1
9.946660064E0,3.914670944E-1,4.941263199E-1,1.350884736E-1,6.447140465E-1
9.951685689E0,2.270941734E-1,2.921571732E-1,2.795427442E-1,4.637582595E-1
9.956711314E0,1.426041126E-2,8.985519409E-3,3.663369715E-1,3.667245228E-1
9.961736939E0,-2.469558716E-1,-2.549524307E-1,2.744301260E-1,4.486645055E-1
9.966762564E0,-5.323719978E-1,-4.711599350E-1,-2.058606595E-2,7.112210729E-1
9.971788189E0,-8.081396818E-1,-6.446828842E-1,-5.131753683E-1,1.154146752E0
9.976813814E0,-1.040226936E0,-7.470941544E-1,-1.158693194E0,1.727076047E0
9.981839439E0,-1.232894897E0,-7.595052719E-1,-1.921650052E0,2.406162299E0
9.986865064E0,-1.366314054E0,-6.964616776E-1,-2.713225126E0,3.116642993E0
9.991890689E0,-1.444867611E0,-5.819082260E-1,-3.497217655E0,3.828418854E0
9.996916262E0,-1.463525772E0,-4.348497391E-1,-4.227664471E0,4.494902542E0
1.000194184E1,-1.450908780E0,-2.406892776E-1,-4.844500542E0,5.062830544E0
1.000696741E1,-1.392879128E0,-8.042716980E-2,-5.321772099E0,5.501621494E0
1.001199298E1,-1.313530087E0,3.674507141E-2,-5.591070652E0,5.743412098E0
1.001701855E1,-1.222576261E0,1.398391724E-1,-5.618262291E0,5.751444938E0
1.002204413E1,-1.048417926E0,2.338294983E-1,-5.384287834E0,5.490392687E0
1.002706970E1,-8.729695082E-1,2.997083664E-1,-4.923620224E0,5.009384890E0
1.003209527E1,-7.109848261E-1,3.470401764E-1,-4.290757656E0,4.363088077E0
1.003712085E1,-6.150666475E-1,3.661174774E-1,-3.550178766E0,3.621618183E0
1.004214642E1,-5.517077446E-1,3.472251892E-1,-2.799855471E0,2.874741279E0
1.004717199E1,-4.683686495E-1,3.141479492E-1,-2.075475216E0,2.150733711E0
1.005219756E1,-3.986253738E-1,3.097705841E-1,-1.398298383E0,1.486639960E0
1.005722314E1,-2.997591496E-1,3.483009338E-1,-8.133108616E-1,9.341539733E-1
1.006224871E1,-1.580765247E-1,3.865995407E-1,-2.744784951E-1,4.997857909E-1
1.006727428E1,1.612043381E-2,4.581546783E-1,1.833480597E-1,4.937429378E-1
1.007229986E1,1.739778519E-1,5.103940964E-1,5.303965807E-1,7.563669476E-1
1.007732543E1,2.429317236E-1,5.577678680E-1,7.612633705E-1,9.744961448E-1
1.008235100E1,2.272748947E-1,5.955476761E-1,9.426014423E-1,1.137905265E0
1.008737658E1,1.269426346E-1,5.807104111E-1,1.064971209E0,1.219632194E0
1.009240215E1,-7.680046558E-2,5.467176437E-1,1.118924618E0,1.247714228E0
1.009742772E1,-3.735349178E-1,4.695672989E-1,1.109905481E0,1.261709935E0
1.010245329E1,-6.331579685E-1,4.113607407E-1,1.038728476E0,1.284158681E0
1.010747887E1,-8.834844828E-1,3.432693481E-1,9.302368164E-1,1.328050907E0
1.011250444E1,-1.004174590E0,3.178291321E-1,7.805704474E-1,1.310981384E0
1.011753001E1,-1.066538095E0,3.445253372E-1,6.146268249E-1,1.278267324E0
1.012255558E1,-1.032363653E0,4.185638428E-1,4.284355640E-1,1.193535687E0
1.012758116E1,-9.545965195E-1,4.777898788E-1,2.704125643E-1,1.101208717E0
1.013260673E1,-8.813363314E-1,5.366334915E-1,1.026135683E-1,1.036946854E0
1.013763230E1,-8.415817022E-1,6.047306061E-1,-6.030070782E-2,1.038072754E0
1.014265788E1,-8.308959007E-1,6.390705109E-1,-1.992879510E-1,1.067012091E0
1.014768345E1,-8.496483564E-1,6.397285461E-1,-3.001759648E-1,1.105106580E0
1.015270902E1,-9.313992262E-1,6.114931107E-1,-4.064149261E-1,1.186002291E0
1.015773460E1,-1.052220583E0,5.734825134E-1,-5.278579593E-1,1.309459573E0
1.016276017E1,-1.173707962E0,5.447778702E-1,-6.790621877E-1,1.461334583E0
1.016778574E1,-1.310209155E0,5.061931610E-1,-8.697246909E-1,1.652059498E0
1.017281131E1,-1.447080970E0,4.911956787E-1,-1.113878608E0,1.891042591E0
1.017783689E1,-1.603388309E0,4.758987427E-1,-1.382249117E0,2.169780244E0
1.018286246E1,-1.783670306E0,4.412565231E-1,-1.654902577E0,2.472830286E0
1.018788803E1,-2.002007484E0,3.731031418E-1,-1.949867368E0,2.819436588E0
1.019291361E1,-2.262668848E0,2.668447495E-1,-2.194296122E0,3.163196470E0
1.019793918E1,-2.521875381E0,1.466255188E-1,-2.391730547E0,3.478754014E0
1.020296475E1,-2.750118732E0,6.042575836E-2,-2.526884794E0,3.735231061E0
1.020799032E1,-2.908443213E0,3.548622131E-3,-2.541610003E0,3.862490896E0
1.021301590E1,-2.948617935E0,1.906585693E-2,-2.478777647E0,3.852148733E0
1.021804147E1,-2.928113937E0,7.818603516E-2,-2.314843178E0,3.733425133E0
1.022306704E1,-2.856760979E0,1.520729065E-1,-2.060298920E0,3.525484519E0
1.022809262E1,-2.787667274E0,2.261838913E-1,-1.759633064E0,3.304323911E0
1.023311819E1,-2.726124287E0,3.050584793E-1,-1.467165589E0,3.110850232E0
1.023814381E1,-2.696241379E0,3.453769684E-1,-1.213158488E0,2.976702259E0
1.024316944E1,-2.693474770E0,3.612499237E-1,-1.008776426E0,2.898782110E0
1.024819506E1,-2.698615074E0,3.381204605E-1,-8.838357329E-1,2.859722778E0
1.025322069E1,-2.726091862E0,2.663211823E-1,-8.389778733E-1,2.864679333E0
1.025824631E1,-2.761338711E0,1.266784668E-1,-8.313474655E-1,2.886551146E0
1.026327194E1,-2.780020237E0,-9.033775330E-2,-8.798623681E-1,2.917332894E0
1.026829756E1,-2.777089119E0,-4.037828445E-1,-1.003330231E0,2.980257726E0
1.027332319E1,-2.661378622E0,-7.609128952E-1,-1.162897110E0,3.002374775E0
1.027834881E1,-2.385018826E0,-1.094685555E0,-1.381934762E0,2.965871701E0
1.028337444E1,-1.958257556E0,-1.385890961E0,-1.640818119E0,2.906501421E0
1.028840006E1,-1.406307340E0,-1.605755806E0,-1.905903816E0,2.861576733E0
1.029342569E1,-8.261332512E-1,-1.744689941E0,-2.182034731E0,2.913368275E0
1.029845131E1,-2.525148392E-1,-1.845721245E0,-2.521975040E0,3.135412056E0
1.030347694E1,3.182541132E-1,-1.970993996E0,-2.964179277E0,3.573858111E0
1.030850256E1,9.043279886E-1,-2.067834854E0,-3.470647335E0,4.139944809E0
1.031352819E1,1.433182240E0,-2.155364037E0,-4.065415382E0,4.819461349E0
1.031855381E1,1.999963284E0,-2.195278168E0,-4.767518044E0,5.616789801E0
1.032357944E1,2.527824163E0,-2.177910805E0,-5.614491463E0,6.531133505E0
1.032860506E1,3.074101448E0,-2.040760994E0,-6.590187073E0,7.552838592E0
1.033363069E1,3.762999058E0,-1.778522491E0,-7.586704254E0,8.653403123E0
1.033865631E1,4.388385296E0,-1.662794113E0,-8.719484329E0,9.902131929E0
1.034368194E1,4.701487064E0,-1.940586090E0,-9.777504921E0,1.102131832E1
1.034870756E1,4.425471783E0,-2.557278633E0,-1.048281670E1,1.166250061E1
1.035373319E1,3.552801132E0,-3.329641342E0,-1.060650253E1,1.167076704E1
1.035875881E1,2.306273699E0,-4.151992798E0,-1.001763344E1,1.108651984E1
1.036378444E1,9.037065506E-1,-4.780949593E0,-8.774518013E0,1.003326123E1
1.036881006E1,-3.373430967E-1,-5.055394173E0,-7.119407654E0,8.738236432E0
1.037383569E1,-1.287376046E0,-4.962929726E0,-5.377095222E0,7.429748420E0
1.037886131E1,-2.043198109E0,-4.754104614E0,-3.724304914E0,6.375469888E0
1.038388694E1,-2.830599785E0,-4.655136108E0,-2.213388205E0,5.880618562E0
1.038891256E1,-3.673993587E0,-4.628635406E0,-9.964554906E-1,5.992947368E0
1.039393819E1,-4.453953743E0,-4.684721947E0,-2.147502899E-1,6.467645735E0
1.039896381E1,-5.127243042E0,-4.785417557E0,3.455696106E-1,7.021984104E0
1.040398944E1,-5.764868736E0,-4.873449326E0,8.370814323E-1,7.595059262E0
1.040901506E1,-6.408876419E0,-4.963271141E0,1.259549975E0,8.203305646E0
1.041404069E1,-7.024384499E0,-5.088493347E0,1.483463645E0,8.799739003E0
1.041906631E1,-7.729813576E0,-5.182281494E0,1.771067023E0,9.473264369E0
1.042409194E1,-8.265677452E0,-5.110930443E0,2.192626715E0,9.962461826E0
1.042911756E1,-8.211142540E0,-4.673753738E0,2.134933472E0,9.686319050E0
1.043414319E1,-8.179476738E0,-3.794429779E0,1.202442408E0,9.096560053E0
1.043916881E1,-8.008053780E0,-2.568897247E0,2.400000691E-1,8.413427271E0
1.044419444E1,-7.453041077E0,-1.260429382E0,-9.459609389E-1,7.617830768E0
1.044922006E1,-6.549034119E0,-1.367559433E-1,-2.290220261E0,6.939283747E0
1.045424569E1,-5.650504112E0,6.541595459E-1,-3.937270164E0,6.917963413E0
1.045927131E1,-4.480297089E0,1.213087082E0,-5.528569221E0,7.218706249E0
1.046429694E1,-3.130173683E0,1.367842674E0,-5.531096935E0,6.500924102E0
1.046932256E1,-2.155191183E0,1.022698402E0,-4.238643646E0,4.863831927E0
1.047434819E1,-1.348649740E0,5.027742386E-1,-2.673637629E0,3.036441375E0
1.047937381E1,-6.764155626E-1,-2.490711212E-2,-7.634944916E-1,1.020334365E0
1.048439944E1,-1.185114384E-1,-5.128908157E-1,1.371992469E0,1.469511920E0
1.048942506E1,6.122890711E-1,-9.708013535E-1,3.369012356E0,3.559156842E0
1.049445064E1,1.362357616E0,-1.431831360E0,5.065870285E0,5.437756988E0
1.049947621E1,1.944548368E0,-1.804540634E0,6.554899216E0,7.071374618E0
1.050450178E1,2.434740782E0,-2.050029755E0,7.957639217E0,8.570566293E0
1.050952736E1,2.879678726E0,-2.244099617E0,9.161876678E0,9.862480263E0
1.051455293E1,3.191681385E0,-2.323660851E0,1.005618191E1,1.080338023E1
1.051957850E1,3.178412914E0,-2.326334953E0,1.064037323E1,1.134599865E1
1.052460408E1,3.030333519E0,-2.332891464E0,1.111135197E1,1.175106150E1
1.052962965E1,2.961285353E0,-2.390607834E0,1.152785587E1,1.213983846E1
1.053465522E1,3.055795193E0,-2.369879723E0,1.162381554E1,1.225019599E1
1.053968079E1,3.207538366E0,-2.433244705E0,1.095229149E1,1.166883332E1
1.054470637E1,3.363563061E0,-2.542426109E0,9.789367676E0,1.065876196E1
1.054973194E1,3.523732901E0,-2.621052742E0,8.430192947E0,9.505512304E0
1.055475751E1,3.496991396E0,-2.612052917E0,7.427424908E0,8.615010739E0
1.055978309E1,3.451175213E0,-2.463126183E0,6.342381001E0,7.629115132E0
1.056480866E1,3.247956276E0,-2.102819443E0,5.300223351E0,6.562273779E0
1.056983423E1,2.816474915E0,-1.655832291E0,4.601896763E0,5.643736824E0
1.057485980E1,2.205523491E0,-1.198838234E0,4.140923977E0,4.842395932E0
1.057988538E1,1.554478407E0,-6.409835815E-1,3.571881771E0,3.947860491E0
1.058491095E1,9.500162601E-1,-1.607704163E-2,2.823590040E0,2.979169361E0
1.058993652E1,3.207206726E-1,5.511646271E-1,2.045981646E0,2.143055083E0
1.059496210E1,-2.469589710E-1,1.022184372E0,1.083457708E0,1.509877554E0
1.059998767E1,-5.374479294E-1,1.449269772E0,1.826633811E-1,1.556470063E0
1.060501324E1,-4.651038647E-1,1.808364868E0,-3.579176664E-1,1.901212812E0
1.061003881E1,-1.503674984E-1,2.070941925E0,-4.137648344E-1,2.117218028E0
1.061506439E1,1.335244179E-1,2.266056538E0,1.364755630E-2,2.270028030E0
1.062008996E1,3.481328487E-1,2.322293758E0,6.451331377E-1,2.435249791E0
1.062511553E1,5.554997921E-1,2.264040470E0,1.378343225E0,2.708189305E0
1.063014111E1,6.840288639E-1,2.148994923E0,2.001211166E0,3.015115387E0
1.063516668E1,8.059096336E-1,1.967658997E0,2.570479155E0,3.335945945E0
1.064019225E1,8.879559040E-1,1.753586769E0,3.090420485E0,3.662544336E0
1.064521783E1,9.640500546E-1,1.511508465E0,3.470069408E0,3.905820278E0
1.065024340E1,1.082423687E0,1.250917912E0,3.661589622E0,4.017919265E0
1.065526897E1,1.190849543E0,1.000363350E0,3.703589439E0,4.016892356E0
1.066029454E1,1.390116453E0,7.692308426E-1,3.572660923E0,3.909993084E0
1.066532012E1,1.747078776E0,5.765399933E-1,3.212249279E0,3.701787142E0
1.067034569E1,2.237141132E0,4.079627991E-1,2.747852802E0,3.566781338E0
1.067537126E1,2.706303835E0,3.067131042E-1,2.319043636E0,3.577166024E0
1.068039684E1,3.091636181E0,2.442588806E-1,1.993192434E0,3.686555676E0
1.068542241E1,3.368936777E0,2.541875839E-1,1.794083238E0,3.825321032E0
1.069044798E1,3.571432590E0,3.461599350E-1,1.716559052E0,3.977628996E0
1.069547355E1,3.737197876E0,4.820146561E-1,1.740712166E0,4.150790881E0
1.070049913E1,3.923315048E0,6.762924194E-1,1.817874908E0,4.376578754E0
1.070552470E1,4.110243320E0,9.483146667E-1,1.856386781E0,4.608641095E0
1.071055027E1,4.273802757E0,1.274239063E0,1.884603024E0,4.841570381E0
1.071557585E1,4.409000397E0,1.630205154E0,1.897595763E0,5.069292162E0
1.072060142E1,4.477464199E0,2.021010876E0,1.885822654E0,5.261986098E0
1.072562699E1,4.498651981E0,2.403427601E0,1.787373304E0,5.404538575E0
1.073065262E1,4.525397778E0,2.739089966E0,1.640847683E0,5.538431186E0
1.073567824E1,4.510297298E0,3.032594204E0,1.484932065E0,5.634219783E0
1.074070387E1,4.492199898E0,3.235912800E0,1.310227990E0,5.689260844E0
1.074572949E1,4.481023788E0,3.363310337E0,1.112209320E0,5.712130967E0
1.075075512E1,4.467685699E0,3.385966778E0,9.053258896E-1,5.678433014E0
1.075578074E1,4.385728359E0,3.332498074E0,7.135034204E-1,5.554209555E0
1.076080637E1,4.255056858E0,3.221890926E0,6.369628906E-1,5.375110392E0
1.076583199E1,4.119248867E0,3.063642025E0,6.322449446E-1,5.172412141E0
1.077085762E1,3.997788906E0,2.881708145E0,6.889955997E-1,4.976070026E0
1.077588324E1,3.847780228E0,2.681015015E0,7.869955301E-1,4.755272458E0
1.078090887E1,3.702841759E0,2.533465385E0,8.533992767E-1,4.567031232E0
1.078593449E1,3.587048531E0,2.405610561E0,7.486981153E-1,4.383426537E0
1.079096012E1,3.500298023E0,2.287984371E0,4.390864372E-1,4.204730150E0
1.079598574E1,3.437706470E0,2.161528111E0,7.749569416E-2,4.061531132E0
1.080101137E1,3.289521694E0,2.050068378E0,-3.694593906E-1,3.893614461E0
1.080603699E1,3.080137491E0,1.900792122E0,-7.148096561E-1,3.689337407E0
1.081106262E1,2.838609934E0,1.746994972E0,-9.626604319E-1,3.469353383E0
1.081608824E1,2.627393484E0,1.607562065E0,-1.164673209E0,3.293010173E0
1.082111387E1,2.446501255E0,1.515770435E0,-1.348545551E0,3.178286253E0
1.082613949E1,2.357940435E0,1.461861134E0,-1.556173801E0,3.180974374E0
1.083116512E1,2.342190266E0,1.412246227E0,-1.729097724E0,3.235749308E0
1.083619074E1,2.389036894E0,1.366961956E0,-1.966858625E0,3.382989081E0
1.084121637E1,2.397253036E0,1.297391415E0,-2.301873922E0,3.567726189E0
1.084624199E1,2.333119869E0,1.155729771E0,-2.671133041E0,3.730162376E0
1.085126762E1,2.134174824E0,9.373111725E-1,-3.059634209E0,3.846376984E0
1.085629324E1,1.824437380E0,6.517839432E-1,-3.280671597E0,3.810013148E0
1.086131887E1,1.418433905E0,3.327159882E-1,-3.286825418E0,3.595257432E0
1.086634449E1,9.213246107E-1,-6.286907196E-2,-3.074315786E0,3.210016996E0
1.087137012E1,3.145959377E-1,-4.487552643E-1,-2.692516804E0,2.747726083E0
1.087639574E1,-4.439449310E-1,-7.961978912E-1,-2.181625843E0,2.364425829E0
1.088142137E1,-1.429495811E0,-1.086150169E0,-1.787469506E0,2.533422132E0
1.088644699E1,-2.707214594E0,-1.309306145E0,-1.573378801E0,3.393937874E0
1.089147262E1,-3.988127232E0,-1.494728088E0,-1.554365396E0,4.533808847E0
1.089649824E1,-5.156092167E0,-1.681012154E0,-1.481817365E0,5.621998844E0
1.090152387E1,-6.124472618E0,-1.806083679E0,-1.164983392E0,6.490630895E0
1.090654949E1,-6.759583950E0,-1.865144730E0,-6.383125782E-1,7.041177671E0
1.091157512E1,-7.292160034E0,-1.867589951E0,2.074187994E-1,7.530372683E0
1.091660074E1,-7.699457169E0,-1.832369804E0,1.065624237E0,7.985911019E0
1.092162637E1,-7.887112617E0,-1.778533936E0,1.616625071E0,8.245192843E0
1.092665199E1,-7.947458267E0,-1.663017273E0,1.862287521E0,8.330416206E0
1.093167762E1,-7.872183800E0,-1.543309212E0,1.790613651E0,8.219451219E0
1.093670324E1,-7.571222305E0,-1.424263954E0,1.197950363E0,7.796603112E0
1.094172887E1,-6.949739456E0,-1.143311501E0,1.676080227E-1,7.045149547E0
1.094675449E1,-6.186634064E0,-7.147846222E-1,-1.111337304E0,6.326170145E0
1.095178012E1,-5.569732666E0,-2.104539871E-1,-2.173859358E0,5.982631307E0
1.095680574E1,-4.798723221E0,5.516881943E-1,-2.522601604E0,5.449369071E0
1.096183137E1,-3.961815119E0,1.156000137E0,-2.336261749E0,4.742408071E0
1.096685699E1,-3.171098709E0,1.350179195E0,-1.780504346E0,3.879310069E0
1.097188262E1,-2.667469740E0,9.395685196E-1,-1.135697961E0,3.047620986E0
1.097690824E1,-2.537677288E0,-8.891582489E-2,-6.522216797E-1,2.621660764E0
1.098193387E1,-2.575536013E0,-1.495417595E0,-4.545274973E-1,3.012682323E0
1.098695944E1,-2.641244411E0,-3.141215324E0,-3.838258982E-1,4.121981086E0
1.099198501E1,-2.666423798E0,-4.950159073E0,-3.717844486E-1,5.634901454E0
1.099701058E1,-2.682557344E0,-7.018571854E0,-4.598667622E-1,7.527811250E0
1.100203616E1,-2.691289663E0,-9.309018135E0,-7.469427586E-1,9.718990800E0
1.100706173E1,-2.937507153E0,-1.160247135E1,-1.131055832E0,1.202187910E1
1.101208730E1,-3.200989485E0,-1.362769699E1,-1.548934937E0,1.408402139E1
1.101711288E1,-3.439018488E0,-1.505615234E1,-1.895412922E0,1.555979311E1
1.102213845E1,-3.366253614E0,-1.580796051E1,-2.013480186E0,1.628733807E1
1.102716402E1,-2.618484974E0,-1.552542973E1,-1.741752267E0,1.584074281E1
1.103218960E1,-1.222556829E0,-1.396527290E1,-1.057770610E0,1.405853375E1
1.103721517E1,4.140586853E-1,-1.097941303E1,-2.404713631E-1,1.098984903E1
1.104224074E1,1.869356394E0,-7.137140274E0,8.910043836E-1,7.431497388E0
1.104726631E1,2.847037554E0,-3.705524445E0,2.039640665E0,5.098692802E0
1.105229189E1,3.454685211E0,-9.080486298E-1,2.967174053E0,4.643654174E0
1.105731746E1,3.925698757E0,1.203759193E0,3.550898552E0,5.428538243E0
1.106234303E1,4.197773457E0,2.721593380E0,3.959902763E0,6.380376354E0
1.106736861E1,4.386121750E0,3.875628471E0,4.156892300E0,7.179018989E0
1.107239418E1,4.543618679E0,4.771501064E0,4.084446430E0,7.752057517E0
1.107741975E1,4.551038742E0,5.524309635E0,3.804018497E0,8.105584945E0
1.108244532E1,4.347281933E0,6.086246490E0,3.391175032E0,8.212266718E0
1.108747090E1,4.039122581E0,6.576842785E0,3.031366825E0,8.292077971E0
1.109249647E1,3.757224798E0,7.101110458E0,2.771169424E0,8.498346186E0
1.109752204E1,3.564846516E0,7.572695255E0,2.580892801E0,8.758701488E0
1.110254762E1,3.386146069E0,7.919777870E0,2.383304358E0,8.936946143E0
1.110757319E1,3.245622635E0,8.204546928E0,2.235596180E0,9.102007848E0
1.111259876E1,3.139030218E0,8.431705475E0,2.094709158E0,9.237693131E0
1.111762434E1,3.014173746E0,8.553380966E0,1.979868412E0,9.282534581E0
1.112264991E1,2.828711033E0,8.507366180E0,1.900613785E0,9.164563175E0
1.112767548E1,2.564465046E0,8.140596390E0,1.876338959E0,8.738789301E0
1.113270105E1,2.346944332E0,7.453159809E0,1.945859671E0,8.052583976E0
1.113772663E1,2.220034361E0,6.536049366E0,2.023711920E0,7.193323558E0
1.114275220E1,2.213135004E0,5.389337063E0,2.095953465E0,6.191602494E0
1.114777777E1,2.264300585E0,4.118381500E0,2.196799755E0,5.187875527E0
1.115280335E1,2.455095530E0,2.809295654E0,2.221616983E0,4.342259568E0
1.115782892E1,2.756508827E0,1.447770596E0,2.218863010E0,3.823314488E0
1.116285449E1,3.082087994E0,4.349231720E-2,2.303354502E0,3.847934503E0
1.116788006E1,3.464543343E0,-1.336353302E0,2.393589020E0,4.417937201E0
1.117290564E1,3.869328976E0,-2.576766014E0,2.474950314E0,5.266574681E0
1.117793121E1,4.299945354E0,-3.653683662E0,2.494490862E0,6.169393732E0
1.118295678E1,4.659020424E0,-4.581223488E0,2.557149172E0,7.016629664E0
1.118798236E1,4.940220833E0,-5.378253937E0,2.710175753E0,7.789508964E0
1.119300793E1,5.108738899E0,-5.910598755E0,2.938301563E0,8.346736300E0
1.119803350E1,5.106057167E0,-6.144701958E0,3.178237200E0,8.598277365E0
1.120305908E1,4.931200027E0,-6.061467171E0,3.391195774E0,8.518117559E0
1.120808465E1,4.564624310E0,-5.594180107E0,3.620127678E0,8.076878764E0
1.121311022E1,4.030466080E0,-4.800704956E0,3.888636589E0,7.376511331E0
1.121813585E1,3.453860760E0,-3.762845993E0,4.085675716E0,6.540711748E0
1.122316147E1,3.031294584E0,-2.590937614E0,4.023421288E0,5.664770378E0
1.122818710E1,2.614783049E0,-1.538797379E0,3.649480104E0,4.745913273E0
1.123321272E1,2.243452787E0,-6.831388474E-1,3.127569914E0,3.909149864E0
1.123823835E1,1.970779896E0,2.374172211E-2,2.659709454E0,3.310376330E0
1.124326397E1,1.744719148E0,6.439151764E-1,2.246860504E0,2.916685410E0
1.124828960E1,1.570344687E0,1.148619652E0,1.904059410E0,2.722269600E0
1.125331522E1,1.438145280E0,1.547465801E0,1.574565649E0,2.634799658E0
1.125834085E1,1.333813667E0,1.864412785E0,1.297371030E0,2.634058754E0
1.126336647E1,1.233069420E0,2.075695038E0,1.082339644E0,2.645832419E0
1.126839210E1,1.173829079E0,2.205409050E0,8.960661292E-1,2.654173749E0
1.127341772E1,1.102992892E0,2.248951912E0,7.337341905E-1,2.610123347E0
1.127844335E1,1.015241861E0,2.192173958E0,6.430881023E-1,2.499981001E0
1.128346897E1,8.290327787E-1,2.092611313E0,5.858218670E-1,2.325834198E0
1.128849460E1,5.636035204E-1,1.892895222E0,5.522881150E-1,2.050786047E0
1.129352022E1,2.051030397E-1,1.607379436E0,5.377297997E-1,1.707304673E0
1.129854585E1,-2.120145559E-1,1.293361664E0,5.182650089E-1,1.409373331E0
1.130357147E1,-6.434617043E-1,9.745502472E-1,5.179427862E-1,1.277519424E0
1.130859710E1,-1.083158016E0,6.124544144E-1,4.889029860E-1,1.336921025E0
1.131362272E1,-1.472478271E0,2.499694824E-1,3.881601691E-1,1.543160820E0
1.131864835E1,-1.762498498E0,-4.133224487E-2,2.398888916E-1,1.779229044E0
1.132367397E1,-1.990963817E0,-2.472562790E-1,7.297876477E-2,2.007585238E0
1.132869960E1,-2.133730888E0,-4.109468460E-1,-1.171674430E-1,2.176100417E0
1.133372522E1,-2.205338955E0,-4.941320419E-1,-3.304215670E-1,2.284045707E0
1.133875085E1,-2.239577293E0,-5.303096771E-1,-5.859098434E-1,2.374915820E0
1.134377647E1,-2.251361847E0,-5.242185593E-1,-8.742962480E-1,2.471402273E0
1.134880210E1,-2.255432367E0,-4.901962280E-1,-1.157607555E0,2.582115946E0
1.135382772E1,-2.280931950E0,-4.282073975E-1,-1.455229282E0,2.739289032E0
1.135885335E1,-2.294557095E0,-3.717327118E-1,-1.757636070E0,2.914182909E0
1.136387897E1,-2.267848015E0,-3.255014420E-1,-2.083833694E0,3.097006405E0
1.136890460E1,-2.210551262E0,-3.038158417E-1,-2.405005455E0,3.280684713E0
1.137393022E1,-2.108680725E0,-3.448143005E-1,-2.687216520E0,3.433156555E0
1.137895585E1,-1.981586099E0,-4.435348511E-1,-2.915374279E0,3.552859949E0
1.138398147E1,-1.834450483E0,-5.184659958E-1,-3.098443508E0,3.637907055E0
1.138900710E1,-1.715260267E0,-5.025653839E-1,-3.178369522E0,3.646467135E0
1.139403272E1,-1.585661173E0,-4.197711945E-1,-3.149875164E0,3.551371955E0
1.139905835E1,-1.431201220E0,-2.844781876E-1,-3.046422482E0,3.377862446E0
1.140408397E1,-1.223361731E0,-1.014785767E-1,-2.872928619E0,3.124200806E0
1.140910960E1,-9.955765009E-1,1.004724503E-1,-2.696565628E0,2.876235990E0
1.141413522E1,-7.480947971E-1,3.070306778E-1,-2.503323078E0,2.630691942E0
1.141916085E1,-4.909011126E-1,5.134544373E-1,-2.293550491E0,2.401040028E0
1.142418647E1,-2.194395065E-1,7.149448395E-1,-2.096538305E0,2.225931869E0
1.142921210E1,-5.790948868E-3,8.828363419E-1,-1.893482685E0,2.089188891E0
1.143423772E1,1.976084709E-1,1.036320686E0,-1.689528704E0,1.991862674E0
1.143926335E1,3.666154146E-1,1.122838020E0,-1.513494730E0,1.919853739E0
1.144428897E1,4.677158594E-1,1.171180725E0,-1.341497064E0,1.841205254E0
1.144931460E1,5.200735927E-1,1.200532913E0,-1.173575640E0,1.757565248E0
1.145434022E1,5.952726603E-1,1.191832542E0,-9.666442275E-1,1.645969444E0
1.145936585E1,7.123053074E-1,1.140352249E0,-8.021663427E-1,1.565647772E0
1.146439147E1,7.035152912E-1,1.031846046E0,-6.943699121E-1,1.428912035E0
1.146941710E1,6.216658950E-1,8.663558960E-1,-5.716772676E-1,1.209899137E0
1.147444272E1,5.530464649E-1,7.347593307E-1,-4.774708152E-1,1.036199810E0
1.147946835E1,4.927877784E-1,6.130762100E-1,-3.737036586E-1,8.708367575E-1
1.148449397E1,4.077728987E-1,4.963874817E-1,-2.321602106E-1,6.830648814E-1
1.148951954E1,3.316609859E-1,3.606758118E-1,-1.107594967E-1,5.023482028E-1
1.149454512E1,2.502372265E-1,2.010593414E-1,-4.359447956E-2,3.239506242E-1
1.149957069E1,1.826781034E-1,7.486915588E-2,-7.173538208E-3,1.975554090E-1
1.150459626E1,1.530193090E-1,-1.802349091E-2,-1.613962650E-2,1.549201172E-1
1.150962184E1,1.517014503E-1,-6.814861298E-2,-8.973062038E-2,1.889686422E-1
1.151464741E1,1.545361280E-1,-9.467315674E-2,-1.848227978E-1,2.588510924E-1
1.151967298E1,1.661715508E-1,-7.849121094E-2,-2.821903229E-1,3.367569343E-1
1.152469855E1,1.387656927E-1,-7.703876495E-2,-4.390189648E-1,4.668281699E-1
1.152972413E1,8.668327332E-2,-7.112312317E-2,-6.070258021E-1,6.172947537E-1
1.153474970E1,6.721317768E-2,-6.069564819E-2,-7.858536839E-1,7.910547298E-1
1.153977527E1,6.104838848E-2,-1.222610474E-2,-9.512324929E-1,9.532678737E-1
1.154480085E1,5.845892429E-2,5.998897552E-2,-1.073951244E0,1.077212792E0
1.154982642E1,2.101099491E-2,1.272754669E-1,-1.177757382E0,1.184800809E0
1.155485199E1,-7.043004036E-2,1.657819748E-1,-1.276697159E0,1.289340796E0
1.155987756E1,-2.058473825E-1,1.659965515E-1,-1.346469164E0,1.372190661E0
1.156490314E1,-3.849506378E-1,1.279497147E-1,-1.387018204E0,1.445122009E0
1.156992871E1,-6.216132641E-1,4.212570190E-2,-1.388555288E0,1.521927532E0
1.157495428E1,-9.007309675E-1,-7.234573364E-2,-1.394057989E0,1.661309080E0
1.157997986E1,-1.164172769E0,-1.963787079E-1,-1.365284443E0,1.804955524E0
1.158500543E1,-1.377973676E0,-3.540019989E-1,-1.336148739E0,1.951774146E0
1.159003100E1,-1.532276630E0,-5.309591293E-1,-1.264084578E0,2.056136933E0
1.159505658E1,-1.674815178E0,-7.035026550E-1,-1.178664207E0,2.165449418E0
1.160008215E1,-1.762467623E0,-8.719005585E-1,-1.095379114E0,2.250857194E0
1.160510772E1,-1.809670091E0,-1.012577057E0,-1.015629530E0,2.309052073E0
1.161013329E1,-1.778258562E0,-1.125905991E0,-1.036386490E0,2.346053019E0
1.161515887E1,-1.654357076E0,-1.216964722E0,-1.158520222E0,2.357979977E0
1.162018444E1,-1.452904105E0,-1.305102348E0,-1.430353642E0,2.420771368E0
1.162521001E1,-1.141385913E0,-1.342462540E0,-1.808438540E0,2.524958895E0
1.163023559E1,-8.067690134E-1,-1.367228508E0,-2.306271076E0,2.799835051E0
1.163526116E1,-4.309786558E-1,-1.407800674E0,-2.898610830E0,3.251090600E0
1.164028673E1,-1.508593559E-2,-1.396800041E0,-3.598232746E0,3.859864873E0
1.164531230E1,4.445417523E-1,-1.362364769E0,-4.402979851E0,4.630322527E0
1.165033788E1,8.082597852E-1,-1.365879059E0,-5.271889687E0,5.505608990E0
1.165536345E1,1.004218102E0,-1.530638695E0,-6.134732246E0,6.402050339E0
1.166038902E1,9.563027620E-1,-1.902956009E0,-6.872647285E0,7.195070344E0
1.166541460E1,6.225552559E-1,-2.347208023E0,-7.361709595E0,7.751885494E0
1.167044017E1,1.453280449E-2,-2.708910942E0,-7.406596184E0,7.886448930E0
1.167546574E1,-7.697397470E-1,-2.949016571E0,-6.947383881E0,7.586523631E0
1.168049131E1,-1.608335733E0,-3.009980202E0,-6.107460022E0,6.996269904E0
1.168551689E1,-2.422528505E0,-3.011761665E0,-5.073326111E0,6.377929955E0
1.169054246E1,-3.133837938E0,-3.194218636E0,-4.022820950E0,6.017230368E0
1.169556803E1,-3.712607145E0,-3.682510376E0,-3.077284575E0,6.067455384E0
1.170059361E1,-4.268425941E0,-4.434487343E0,-2.272513151E0,6.561132070E0
1.170561918E1,-4.791778564E0,-5.245496750E0,-1.568051577E0,7.275655552E0
1.171064475E1,-5.321334839E0,-6.078475952E0,-8.566496372E-1,8.123935190E0
1.171567038E1,-5.747792244E0,-7.068535805E0,-1.846411228E-1,9.112376553E0
1.172069600E1,-6.106818676E0,-8.173957825E0,6.524996758E-1,1.022411740E1
1.172572163E1,-6.445864201E0,-9.463629723E0,1.709736705E0,1.157724719E1
1.173074725E1,-6.633853912E0,-1.036461544E1,2.498649597E0,1.255693118E1
1.173577288E1,-6.613389492E0,-1.064770794E1,2.825167179E0,1.284881997E1
1.174079850E1,-6.325675011E0,-1.015014553E1,2.654298782E0,1.225091509E1
1.174582413E1,-5.745553970E0,-9.058256149E0,2.298163891E0,1.097018469E1
1.175084975E1,-4.709797382E0,-7.467460632E0,1.929667592E0,9.037077885E0
1.175587538E1,-3.448722363E0,-5.707645416E0,1.490470171E0,6.833183992E0
1.176090100E1,-2.269418716E0,-4.137198448E0,1.021402478E0,4.828036385E0
1.176592663E1,-1.258894444E0,-2.769908905E0,6.720581055E-1,3.115906394E0
1.177095225E1,-4.606493711E-1,-1.600611687E0,4.617218971E-1,1.728393105E0
1.177597788E1,1.875627637E-1,-5.717000961E-1,3.563024998E-1,6.992655158E-1
1.178100350E1,7.098225355E-1,4.890727997E-1,3.213123083E-1,9.199357775E-1
1.178602913E1,1.207103133E0,1.590971947E0,3.165569305E-1,2.022003462E0
1.179105475E1,1.722913980E0,2.685851574E0,1.772729158E-1,3.195881247E0
1.179608038E1,2.401121140E0,3.783104420E0,-3.417891860E-1,4.493782552E0
1.180110600E1,3.365467072E0,4.863670826E0,-1.273904800E0,6.050164953E0
1.180613163E1,4.347540855E0,5.865626812E0,-2.626832485E0,7.759313004E0
1.181115725E1,5.433344841E0,6.889960289E0,-4.788552284E0,9.996150355E0
1.181618288E1,6.789804935E0,7.798821926E0,-7.770035744E0,1.293431598E1
1.182120850E1,7.760523319E0,8.474012375E0,-1.075658512E1,1.573971828E1
1.182623413E1,7.423082352E0,8.667789459E0,-1.092790794E1,1.580037651E1
1.183125975E1,6.296724796E0,8.356319427E0,-9.094826698E0,1.386335783E1
1.183628538E1,5.077113152E0,7.634786129E0,-7.157253742E0,1.163156560E1
1.184131100E1,3.985323429E0,6.698676586E0,-5.387500286E0,9.475243014E0
1.184633663E1,3.026639462E0,5.643019199E0,-3.645426273E0,7.368401783E0
1.185136225E1,2.315668583E0,4.529500484E0,-1.800047159E0,5.396189897E0
1.185638788E1,1.703346848E0,3.424727440E0,1.121556461E-1,3.826581688E0
1.186141350E1,1.203125954E0,2.328474998E0,2.049960613E0,3.327408360E0
1.186643913E1,7.567265034E-1,1.140264511E0,3.857919216E0,4.093455610E0
1.187146475E1,2.727752924E-1,-2.018356323E-2,5.286043167E0,5.293114971E0
1.187649038E1,-2.394242287E-1,-1.148051262E0,6.262783051E0,6.371640071E0
1.188151600E1,-7.030683756E-1,-2.296010017E0,7.018240452E0,7.417659077E0
1.188654163E1,-1.094167709E0,-3.487933159E0,7.662307262E0,8.489630927E0
1.189156725E1,-1.336532593E0,-4.714050293E0,8.184457779E0,9.539074309E0
1.189659288E1,-1.512041092E0,-5.825783730E0,8.588189125E0,1.048727881E1
1.190161850E1,-1.635443449E0,-6.885068893E0,8.838479042E0,1.132243617E1
1.190664413E1,-1.616062760E0,-7.695485115E0,8.804892540E0,1.180501091E1
1.191166975E1,-1.563973308E0,-8.156368256E0,8.949407578E0,1.220918718E1
1.191669538E1,-1.583570123E0,-8.066655159E0,9.359489441E0,1.245707279E1
1.192172100E1,-1.706980228E0,-7.402281761E0,9.901347160E0,1.247975290E1
1.192674663E1,-1.951635957E0,-6.186932564E0,1.033085823E1,1.219892000E1
1.193177225E1,-2.210633755E0,-4.645371437E0,1.035791397E1,1.156515280E1
1.193679788E1,-2.391986370E0,-2.988171577E0,1.004412746E1,1.074873317E1
1.194182350E1,-2.495325565E0,-1.411738396E0,9.395773888E0,9.823452648E0
1.194684913E1,-2.449482679E0,-1.201534271E-2,8.549474716E0,8.893459827E0
1.195187475E1,-2.245935202E0,1.134122849E0,7.403418064E0,7.819274813E0
1.195690038E1,-1.972481966E0,2.059948921E0,6.119231224E0,6.751226958E0
1.196192600E1,-1.745175838E0,2.770009518E0,4.776744843E0,5.791017417E0
1.196695163E1,-1.526709557E0,3.216262817E0,3.302703857E0,4.856237366E0
1.197197725E1,-1.346566916E0,3.393805981E0,1.719687939E0,4.035899912E0
1.197700288E1,-1.200497150E0,3.297762871E0,4.583942890E-2,3.509777003E0
1.198202850E1,-1.165316105E0,2.990216255E0,-1.656998277E0,3.611786008E0
1.198705413E1,-1.131002426E0,2.542787075E0,-3.039810419E0,4.121332307E0
1.199207975E1,-1.049455166E0,2.055783272E0,-3.764257193E0,4.415567146E0
1.199710533E1,-8.202784061E-1,1.490924358E0,-3.837916613E0,4.198251545E0
1.200213090E1,-5.060551167E-1,8.819360733E-1,-3.389626026E0,3.538851172E0
1.200715647E1,-1.361126900E-1,3.200750351E-1,-2.525705099E0,2.549541320E0
1.201218204E1,3.746585846E-1,-1.942224503E-1,-1.439507008E0,1.500090611E0
1.201720762E1,9.102054834E-1,-5.934705734E-1,-3.391422629E-1,1.138287669E0
1.202223319E1,1.392693758E0,-8.723440170E-1,7.488111854E-1,1.805906470E0
1.202725876E1,1.673400879E0,-1.059187889E0,1.735309243E0,2.633144063E0
1.203228434E1,1.795579791E0,-1.153762817E0,2.498029947E0,3.285639822E0
1.203730991E1,1.802891135E0,-1.156003952E0,3.044301510E0,3.722167818E0
1.204233548E1,1.791796446E0,-1.070770264E0,3.329442024E0,3.929665082E0
1.204736105E1,1.782219172E0,-8.982715607E-1,3.419818163E0,3.959590034E0
1.205238663E1,1.870298266E0,-6.434850693E-1,3.300993204E0,3.848200199E0
1.205741220E1,2.046855450E0,-3.448915482E-1,3.011362076E0,3.657440220E0
1.206243777E1,2.273766279E0,2.127361298E-2,2.642322063E0,3.486019441E0
1.206746335E1,2.541471481E0,3.639974594E-1,2.290156841E0,3.440405470E0
1.207248892E1,2.811688900E0,7.501478195E-1,1.989396572E0,3.525055311E0
1.207751449E1,3.055492401E0,1.122248650E0,1.745886326E0,3.693723718E0
1.208254006E1,3.291866779E0,1.480245113E0,1.560804248E0,3.932381262E0
1.208756564E1,3.520742416E0,1.871891022E0,1.449548960E0,4.242734419E0
1.209259121E1,3.756329775E0,2.206223965E0,1.346039653E0,4.559524132E0
1.209761678E1,3.979135513E0,2.478559971E0,1.212792635E0,4.842276834E0
1.210264236E1,4.212963581E0,2.669833183E0,1.098071933E0,5.107135531E0
1.210766793E1,4.404956341E0,2.737146378E0,1.006771922E0,5.282915896E0
1.211269350E1,4.502487183E0,2.747624397E0,9.338521957E-1,5.356669729E0
1.211771908E1,4.572726250E0,2.677432060E0,8.690870404E-1,5.369709496E0
1.212274465E1,4.639769077E0,2.550636768E0,7.873577476E-1,5.352862527E0
1.212777022E1,4.703931808E0,2.367320538E0,7.114214301E-1,5.313878192E0
1.213279579E1,4.689063072E0,2.132361889E0,6.207969785E-1,5.188416773E0
1.213782137E1,4.648306847E0,1.912772179E0,5.287325382E-1,5.054207361E0
1.214284694E1,4.553522587E0,1.708469391E0,4.057247043E-1,4.880373771E0
1.214787251E1,4.453097820E0,1.509814739E0,2.319836617E-1,4.707805982E0
1.215289808E1,4.318803787E0,1.359777927E0,4.532456398E-2,4.528036714E0
1.215792366E1,4.165499210E0,1.229503155E0,-8.271861076E-2,4.343950281E0
1.216294923E1,3.993700027E0,1.123656273E0,-2.720811367E-1,4.157676211E0
1.216797480E1,3.784710407E0,1.037333488E0,-4.941241741E-1,3.955281574E0
1.217300038E1,3.543853045E0,9.846925735E-1,-7.342665195E-1,3.750688095E0
1.217802595E1,3.309694529E0,9.751281738E-1,-1.145094156E0,3.635408293E0
1.218305152E1,3.068129539E0,9.797363281E-1,-1.529673338E0,3.565557834E0
1.218807710E1,2.838256598E0,1.051023483E0,-1.810797930E0,3.526944856E0
1.219310267E1,2.701284647E0,1.136253357E0,-2.002410173E0,3.549317813E0
1.219812824E1,2.546762466E0,1.225886822E0,-2.190243959E0,3.575746938E0
1.220315381E1,2.379201889E0,1.262534618E0,-2.407181263E0,3.612356146E0
1.220817939E1,2.136178732E0,1.251042843E0,-2.657366753E0,3.631799255E0
1.221320496E1,1.832148790E0,1.186629772E0,-2.925988436E0,3.650516091E0
1.221823053E1,1.534133077E0,1.074097633E0,-3.179171562E0,3.689767180E0
1.222325616E1,1.266001582E0,9.087285995E-1,-3.311644077E0,3.659991007E0
1.222828178E1,1.022942901E0,7.192935944E-1,-3.314048767E0,3.542134199E0
1.223330741E1,8.286705017E-1,5.154838562E-1,-3.119893074E0,3.268967910E0
1.223833303E1,5.826687813E-1,3.404130936E-1,-2.768029690E0,2.849100270E0
1.224335866E1,2.466952801E-1,1.463098526E-1,-2.383502007E0,2.400697180E0
1.224838428E1,-1.741745472E-1,-3.814983368E-2,-2.028604984E0,2.036425880E0
1.225340991E1,-7.176883221E-1,-1.652421951E-1,-1.803927541E0,1.948470190E0
1.225843553E1,-1.416545153E0,-2.735033035E-1,-1.704326391E0,2.232964996E0
1.226346116E1,-2.145548344E0,-3.727502823E-1,-1.695888638E0,2.760137450E0
1.226848678E1,-2.932760715E0,-4.153728485E-1,-1.701766014E0,3.416083662E0
1.227351241E1,-3.653123856E0,-4.111995697E-1,-1.688451290E0,4.045400691E0
1.227853803E1,-4.349282265E0,-3.604278564E-1,-1.474347591E0,4.606502500E0
1.228356366E1,-5.002112389E0,-2.822370529E-1,-1.093476057E0,5.128008969E0
1.228858928E1,-5.621425629E0,-1.813907623E-1,-6.610180140E-1,5.663062204E0
1.229361491E1,-6.221764088E0,-5.789852142E-2,-1.771059036E-1,6.224553567E0
1.229864053E1,-6.784463882E0,3.086757660E-2,2.341713309E-1,6.788574165E0
1.230366616E1,-7.347898483E0,8.967113495E-2,3.867179155E-1,7.358614257E0
1.230869178E1,-7.548934460E0,2.141790390E-1,2.336174846E-1,7.555584773E0
1.231371741E1,-7.584873199E0,3.183317184E-1,-2.096638680E-1,7.594445040E0
1.231874303E1,-7.380237579E0,4.167442322E-1,-7.562521696E-1,7.430578701E0
1.232376866E1,-6.620930672E0,7.871818542E-1,-1.209862351E0,6.776440448E0
1.232879428E1,-5.750299454E0,1.253195286E0,-1.560578108E0,6.088665393E0
1.233381991E1,-4.957136631E0,1.805922508E0,-1.660735965E0,5.531058093E0
1.233884553E1,-4.376670837E0,2.350230694E0,-1.573403835E0,5.210991418E0
1.234387116E1,-3.746896029E0,3.044491291E0,-1.251217008E0,4.987354115E0
1.234889678E1,-3.255472660E0,3.640254021E0,-9.813320637E-1,4.981221155E0
1.235392241E1,-2.854979277E0,4.156982899E0,-7.108719349E-1,5.092813800E0
1.235894803E1,-2.564306974E0,4.518203735E0,-4.492689371E-1,5.214564012E0
1.236397366E1,-2.339717388E0,4.733458519E0,-2.442995310E-1,5.285791262E0
1.236899928E1,-2.151642799E0,4.721327782E0,9.180188179E-3,5.188505279E0
1.237402491E1,-1.812530518E0,4.424332142E0,6.169831157E-1,4.820855727E0
1.237905053E1,-1.431835890E0,3.651230812E0,1.143335462E0,4.085199681E0
1.238407616E1,-8.747806549E-1,2.077111721E0,1.587728739E0,2.756903488E0
1.238910178E1,6.002020836E-2,-5.745458603E-1,1.905872107E0,1.991495382E0
1.239412741E1,1.410525322E0,-4.613147736E0,1.995725393E0,5.220501275E0
1.239915303E1,2.793485403E0,-9.702056885E0,1.942239761E0,1.028133084E1
1.240417866E1,2.224740505E0,-1.481709385E1,2.211592197E0,1.514552345E1
1.240920428E1,1.234056950E-1,-1.956330490E1,3.064146519E0,1.980219992E1
1.241422991E1,-7.744162083E-1,-2.206371689E1,3.774863958E0,2.239769902E1
1.241925553E1,-5.598804951E-1,-2.309678268E1,4.080484390E0,2.346114212E1
1.242428116E1,-1.014552116E-1,-2.385055161E1,3.852087975E0,2.415983623E1
1.242930678E1,2.917761803E-1,-2.425406456E1,3.289542198E0,2.447786488E1
1.243433241E1,4.816846848E-1,-2.283526039E1,3.484748602E0,2.310464477E1
1.243935803E1,9.542231560E-1,-1.746329498E1,4.389125824E0,1.803168431E1
1.244438366E1,2.516206026E0,-1.061444950E1,4.600091934E0,1.183886299E1
1.244940928E1,4.297585964E0,-5.297040939E0,4.263236046E0,8.043821816E0
1.245443491E1,5.664544106E0,-1.378550529E0,3.736464024E0,6.924494558E0
1.245946053E1,6.765730858E0,1.430819988E0,3.109720707E0,7.582395582E0
1.246448616E1,7.750747204E0,3.539983273E0,2.510879517E0,8.883134567E0
1.246951178E1,8.158496857E0,5.007942200E0,1.923172951E0,9.764176885E0
1.247453741E1,8.271698952E0,5.945694923E0,1.267037392E0,1.026536290E1
1.247956303E1,8.345081329E0,6.736377716E0,8.171547055E-1,1.075578491E1
1.248458866E1,8.432508469E0,7.375190258E0,3.798145056E-1,1.120914312E1
1.248961428E1,8.348396301E0,7.838352203E0,-2.479198277E-1,1.145412373E1
1.249463991E1,8.241629601E0,8.264916420E0,-7.152395844E-1,1.169379620E1
1.249966553E1,8.069317818E0,8.616864204E0,-9.745417237E-1,1.184541980E1
1.250469111E1,7.908193588E0,8.908747673E0,-1.122028232E0,1.196512676E1
1.250971668E1,7.710801125E0,9.083235741E0,-1.210127831E0,1.197606091E1
1.251474225E1,7.325385571E0,9.178391457E0,-1.205198646E0,1.180494165E1
1.251976782E1,6.925560951E0,9.150878906E0,-1.016900659E0,1.152111393E1
1.252479340E1,6.770846367E0,8.952574730E0,-7.612957954E-1,1.125044560E1
1.252981897E1,6.579292297E0,8.521233559E0,-4.599145353E-1,1.077543641E1
1.253484454E1,5.997560978E0,7.952475548E0,-3.213743865E-1,9.965735624E0
1.253987012E1,5.127517223E0,7.298676014E0,-4.002083540E-1,8.928732898E0
1.254489569E1,4.305709839E0,6.401667118E0,-6.246802807E-1,7.740200550E0
1.254992126E1,3.791459560E0,5.285379887E0,-9.451887012E-1,6.572958833E0
1.255494684E1,3.365034819E0,3.935607910E0,-1.167938232E0,5.308158689E0
1.255997241E1,2.845405579E0,2.414610386E0,-1.262424946E0,3.939592995E0
1.256499798E1,2.310173988E0,7.079610825E-1,-1.266263723E0,2.727917991E0
1.257002355E1,1.736577272E0,-1.160556793E0,-1.246894479E0,2.432558023E0
1.257504913E1,1.250219822E0,-3.061999321E0,-1.210081577E0,3.521815848E0
1.258007470E1,9.330987930E-1,-4.776596069E0,-1.138056755E0,4.998171320E0
1.258510027E1,8.332504034E-1,-6.218644142E0,-9.274259806E-1,6.342393882E0
1.259012585E1,1.165046215E0,-7.230509758E0,-1.033079326E-1,7.324498384E0
1.259515142E1,2.000498295E0,-7.907144547E0,2.460924387E0,8.519452867E0
1.260017699E1,2.332661629E0,-7.749349594E0,4.045889378E0,9.047814668E0
1.260520256E1,1.766031265E0,-6.579851151E0,4.114510059E0,7.958800200E0
1.261022814E1,6.082446575E-1,-5.112672806E0,3.324209452E0,6.128601248E0
1.261525371E1,-6.818397045E-1,-3.923411369E0,2.318316221E0,4.607890218E0
1.262027928E1,-1.597640514E0,-3.061035156E0,1.460046411E0,3.748883429E0
1.262530486E1,-2.060318947E0,-2.267842293E0,1.044516087E0,3.237134023E0
1.263033043E1,-2.317808390E0,-1.572834015E0,8.432559967E-1,2.925256099E0
1.263535600E1,-2.441745758E0,-1.028499603E0,5.929124355E-1,2.715046765E0
1.264038158E1,-2.451003551E0,-6.106290817E-1,3.117703795E-1,2.545090775E0
1.264540715E1,-2.297667027E0,-1.753759384E-1,1.319622397E-1,2.308125759E0
1.265043272E1,-2.053947926E0,2.632083893E-1,1.317433715E-1,2.074930614E0
1.265545829E1,-1.859250426E0,6.767501831E-1,2.110938430E-1,1.989814958E0
1.266048387E1,-1.637787819E0,1.065556526E0,3.456495106E-1,1.984246264E0
1.266550944E1,-1.452401638E0,1.410690308E0,5.245086551E-1,2.091560898E0
1.267053501E1,-1.356567264E0,1.750599384E0,7.502983809E-1,2.338337145E0
1.267556059E1,-1.331720948E0,2.004032135E0,9.820907116E-1,2.598870456E0
1.268058616E1,-1.349375129E0,2.156713486E0,1.179054022E0,2.803996199E0
1.268561173E1,-1.366830945E0,2.232677460E0,1.339023352E0,2.940418169E0
1.269063730E1,-1.417782307E0,2.179394722E0,1.450631022E0,2.977280367E0
1.269566288E1,-1.535698652E0,2.044821739E0,1.536495090E0,2.983367804E0
1.270068845E1,-1.677305579E0,1.819445133E0,1.609897375E0,2.952203272E0
1.270571402E1,-1.751484275E0,1.546367645E0,1.569659233E0,2.814743357E0
1.271073960E1,-1.772591114E0,1.297362328E0,1.444120407E0,2.628823314E0
1.271576517E1,-1.759853721E0,1.091518402E0,1.237605929E0,2.412502016E0
1.272079079E1,-1.756494284E0,9.287919998E-1,1.050274730E0,2.247443827E0
1.272581642E1,-1.834228635E0,7.421464920E-1,8.482837677E-1,2.152849612E0
1.273084204E1,-1.968535781E0,5.123586655E-1,6.265384555E-1,2.128425465E0
1.273586767E1,-2.148719311E0,2.153625488E-1,3.471601009E-1,2.187211887E0
1.274089329E1,-2.287285805E0,-7.248115540E-2,5.888020992E-2,2.289191287E0
1.274591892E1,-2.216112614E0,-2.460889816E-1,-2.225016356E-1,2.240808310E0
1.275094454E1,-1.906837702E0,-2.959899902E-1,-5.097389221E-1,1.995864190E0
1.275597017E1,-1.427750230E0,-2.890548706E-1,-7.534217834E-1,1.640020677E0
1.276099579E1,-9.241197109E-1,-2.537126541E-1,-9.142121077E-1,1.324443705E0
1.276602142E1,-5.359134674E-1,-2.471103668E-1,-9.722990990E-1,1.137379583E0
1.277104704E1,-3.402228355E-1,-2.738447189E-1,-8.990927935E-1,9.995550806E-1
1.277607267E1,-2.458208799E-1,-3.147792816E-1,-7.287972569E-1,8.310591693E-1
1.278109829E1,-2.233591080E-1,-3.604831696E-1,-4.626383185E-1,6.275919219E-1
1.278612392E1,-2.146404982E-1,-4.350900650E-1,-1.883248091E-1,5.204230412E-1
1.279114954E1,-1.184411049E-1,-4.910030365E-1,7.347476482E-2,5.104026041E-1
1.279617517E1,1.178711653E-1,-4.662103653E-1,2.690132856E-1,5.510116733E-1
1.280120079E1,4.363093376E-1,-4.038753510E-1,3.403440118E-1,6.850658242E-1
1.280622642E1,7.642418146E-1,-3.470077515E-1,2.970300317E-1,8.903408170E-1
1.281125204E1,1.091054678E0,-2.475881577E-1,1.828966141E-1,1.133645173E0
1.281627767E1,1.358437896E0,-1.102685928E-1,3.218233585E-2,1.363285877E0
1.282130329E1,1.541651011E0,-1.820564270E-3,-1.874772310E-1,1.553009615E0
1.282632892E1,1.587787747E0,9.711742401E-2,-4.411265254E-1,1.650785975E0
1.283135454E1,1.549585104E0,2.106122971E-1,-7.273738384E-1,1.724715697E0
1.283638017E1,1.451286793E0,3.052740097E-1,-9.780545235E-1,1.776518006E0
1.284140579E1,1.322190523E0,3.859558105E-1,-1.201746941E0,1.827934730E0
1.284643142E1,1.210818052E0,4.574756622E-1,-1.378534317E0,1.890957747E0
1.285145704E1,1.136702538E0,5.007343292E-1,-1.503281116E0,1.950046574E0
1.285648267E1,1.095371366E0,5.205698013E-1,-1.585330248E0,1.996021879E0
1.286150829E1,1.086798429E0,5.361309052E-1,-1.625121593E0,2.027211722E0
1.286653392E1,1.053584814E0,5.474262238E-1,-1.646833181E0,2.030215742E0
1.287155954E1,9.717174768E-1,5.353031158E-1,-1.646286726E0,1.985206353E0
1.287658517E1,8.793873191E-1,5.523710251E-1,-1.595342278E0,1.903563183E0
1.288161079E1,7.811408639E-1,5.698719025E-1,-1.547252655E0,1.824534410E0
1.288663642E1,6.288323402E-1,5.830144882E-1,-1.492992640E0,1.721732566E0
1.289166204E1,4.177587032E-1,5.487270355E-1,-1.447150469E0,1.603080838E0
1.289668767E1,1.194226742E-1,4.718036652E-1,-1.405094862E0,1.486994299E0
1.290171329E1,-2.083457708E-1,3.666019440E-1,-1.328446507E0,1.393762917E0
1.290673892E1,-4.980736971E-1,2.761173248E-1,-1.245926380E0,1.369909022E0
1.291176454E1,-7.636513710E-1,2.002124786E-1,-1.124272108E0,1.373767166E0
1.291679017E1,-1.014401674E0,1.292400360E-1,-9.397600293E-1,1.388835000E0
1.292181579E1,-1.221476674E0,6.308460236E-2,-7.743112445E-1,1.447598990E0
1.292684142E1,-1.351480842E0,1.125907898E-2,-6.234586835E-1,1.488397784E0
1.293186704E1,-1.461874962E0,1.190853119E-2,-5.212506652E-1,1.552070383E0
1.293689267E1,-1.590953827E0,-1.638317108E-2,-4.344670773E-1,1.649292008E0
1.294191829E1,-1.705145478E0,2.885818481E-3,-3.824502230E-1,1.747511832E0
1.294694392E1,-1.785251975E0,1.700592041E-2,-3.844494820E-1,1.826257162E0
1.295196954E1,-1.821580291E0,4.986572266E-2,-4.260271788E-1,1.871400679E0
1.295699517E1,-1.814226985E0,8.232498169E-2,-4.735908508E-1,1.876828508E0
1.296202079E1,-1.767980099E0,1.047916412E-1,-4.937490225E-1,1.838619867E0
1.296704642E1,-1.726135850E0,1.029415131E-1,-5.105401278E-1,1.802995604E0
1.297207204E1,-1.703001022E0,1.102495193E-1,-5.431975126E-1,1.790930199E0
1.297709767E1,-1.679331660E0,8.838748932E-2,-5.871100426E-1,1.781197736E0
1.298212329E1,-1.645540833E0,6.604003906E-2,-6.376395226E-1,1.765998324E0
1.298714892E1,-1.596875668E0,3.838157654E-2,-7.140972614E-1,1.749691385E0
1.299217454E1,-1.523942947E0,2.455806732E-2,-7.925098538E-1,1.717869923E0
1.299720017E1,-1.407870054E0,1.021289825E-2,-8.968244195E-1,1.669280214E0
1.300222579E1,-1.311046958E0,1.925659180E-2,-9.935646653E-1,1.645109628E0
1.300725137E1,-1.204879999E0,-5.694389343E-3,-1.106440783E0,1.635842121E0
1.301227694E1,-1.089498758E0,2.357482910E-3,-1.221067667E0,1.636465505E0
1.301730251E1,-9.985189438E-1,5.153656006E-3,-1.322846651E0,1.657404568E0
1.302232809E1,-9.271020889E-1,-1.162815094E-2,-1.430725217E0,1.704883616E0
1.302735366E1,-8.703936338E-1,-3.362083435E-2,-1.539801121E0,1.769096642E0
1.303237923E1,-7.948565483E-1,-6.079864502E-2,-1.625956535E0,1.810863899E0
1.303740480E1,-7.289412022E-1,-9.321975708E-2,-1.698817492E0,1.850952746E0
1.304243038E1,-6.581442356E-1,-1.261024475E-1,-1.796529293E0,1.917439220E0
1.304745595E1,-5.728285313E-1,-1.690578461E-1,-1.890452266E0,1.982554627E0
1.305248152E1,-4.681586027E-1,-1.981878281E-1,-2.018843412E0,2.081869260E0
1.305750710E1,-3.633733988E-1,-2.278738022E-1,-2.176928759E0,2.218780187E0
1.306253267E1,-2.584909201E-1,-2.485466003E-1,-2.345464706E0,2.372719465E0
1.306755824E1,-1.201987267E-1,-2.554111481E-1,-2.548273325E0,2.563860278E0
1.307258381E1,8.321523666E-3,-2.531948090E-1,-2.794595242E0,2.806054066E0
1.307760939E1,1.554939747E-1,-2.656984329E-1,-3.098363638E0,3.113620283E0
1.308263496E1,2.638031244E-1,-2.497119904E-1,-3.415946007E0,3.435205276E0
1.308766053E1,3.475891352E-1,-2.385740280E-1,-3.765866280E0,3.789391061E0
1.309268611E1,4.210977554E-1,-2.559394836E-1,-4.109056473E0,4.138498935E0
1.309771168E1,4.653683901E-1,-2.872381210E-1,-4.468799591E0,4.502137632E0
1.310273725E1,5.092396140E-1,-3.226079941E-1,-4.839413643E0,4.876815078E0
1.310776282E1,6.436463594E-1,-2.803459167E-1,-5.186212063E0,5.233514119E0
1.311278840E1,8.250437379E-1,-2.460708618E-1,-5.493378639E0,5.560436756E0
1.311781397E1,9.187023640E-1,-4.390411377E-1,-5.744770527E0,5.834308833E0
1.312283954E1,7.902291417E-1,-9.634342194E-1,-5.823670864E0,5.955485700E0
1.312786512E1,3.634283543E-1,-1.765485764E0,-5.718416691E0,5.995774312E0
1.313289069E1,-3.271814585E-1,-2.566896439E0,-5.345785141E0,5.939143356E0
1.313791626E1,-1.126623273E0,-3.243113518E0,-4.718897820E0,5.835671505E0
1.314294184E1,-1.846407890E0,-3.679779053E0,-3.942954779E0,5.700604210E0
1.314796741E1,-2.475951195E0,-3.982997894E0,-3.128957510E0,5.637817099E0
1.315299298E1,-2.995058060E0,-4.225539207E0,-2.326384544E0,5.677818192E0
1.315801855E1,-3.312712669E0,-4.532739639E0,-1.589969635E0,5.835049041E0
1.316304413E1,-3.549091339E0,-4.824114799E0,-9.173018932E-1,6.058842769E0
1.316806970E1,-3.743463993E0,-5.162742615E0,-2.873106003E-1,6.383571207E0
1.317309527E1,-3.987970829E0,-5.496770859E0,2.824575901E-1,6.796924562E0
1.317812085E1,-4.326853752E0,-5.898653984E0,7.886705399E-1,7.357838231E0
1.318314642E1,-4.622264385E0,-6.287530899E0,1.156588316E0,7.888984053E0
1.318817199E1,-4.970306396E0,-6.582376480E0,1.398654580E0,8.365874756E0
1.319319756E1,-5.222454071E0,-6.740425110E0,1.594792008E0,8.674717214E0
1.319822314E1,-5.454848289E0,-6.694907188E0,1.787323475E0,8.818825167E0
1.320324871E1,-5.637926102E0,-6.359971046E0,1.899394512E0,8.708796814E0
1.320827428E1,-5.655412674E0,-5.731193542E0,1.950363398E0,8.284575385E0
1.321329986E1,-5.286236286E0,-4.813617706E0,1.931482792E0,7.405797410E0
1.321832548E1,-4.453940392E0,-3.607392311E0,1.772113562E0,5.999270853E0
1.322335111E1,-3.308319569E0,-2.322956085E0,1.420857787E0,4.284850078E0
1.322837673E1,-2.200468063E0,-1.199131012E0,1.017563224E0,2.704701425E0
1.323340236E1,-1.284813643E0,-2.449293137E-1,6.348365545E-1,1.453875481E0
1.323842798E1,-5.476640463E-1,6.213760376E-1,3.065296412E-1,8.831786391E-1
1.324345361E1,7.743000984E-2,1.414391518E0,-1.032721996E-2,1.416547007E0
1.324847923E1,6.093818545E-1,2.182030678E0,-3.688716888E-1,2.295358457E0
1.325350486E1,1.091437697E0,2.914580822E0,-9.137712717E-1,3.243608415E0
1.325853048E1,1.648399353E0,3.669216633E0,-1.756228924E0,4.389158366E0
1.326355611E1,2.357150555E0,4.393149376E0,-3.011298656E0,5.824417548E0
1.326858173E1,3.394781351E0,5.005336761E0,-5.628427982E0,8.261787825E0
1.327360736E1,5.081316948E0,5.526361942E0,-1.125700760E1,1.353073089E1
1.327863298E1,7.056518555E0,5.849479675E0,-1.767390823E1,1.990924154E1
1.328365861E1,7.678743839E0,5.804572105E0,-1.636233139E1,1.898373127E1
1.328868423E1,6.796890259E0,5.367198944E0,-1.248442936E1,1.519425938E1
1.329370986E1,5.332616806E0,4.607493877E0,-9.063643456E0,1.148109030E1
1.329873548E1,4.120376587E0,3.643489361E0,-6.369520187E0,8.415658344E0
1.330376111E1,3.308529139E0,2.588856220E0,-4.129586697E0,5.890842713E0
1.330878673E1,2.680802822E0,1.505049706E0,-2.094482899E0,3.720045295E0
1.331381236E1,1.906394124E0,4.489889145E-1,3.336274624E-2,1.958837072E0
1.331883798E1,9.565633535E-1,-5.413885117E-1,2.068609238E0,2.342489946E0
1.332386361E1,5.139303207E-2,-1.547517776E0,3.822313786E0,4.124019300E0
1.332888923E1,-9.386147261E-1,-2.530977249E0,5.422163010E0,6.056954279E0
1.333391486E1,-2.080070019E0,-3.386430740E0,7.029234409E0,8.074945252E0
1.333894048E1,-3.114172935E0,-4.161643982E0,8.350333214E0,9.835924892E0
1.334396611E1,-3.968888521E0,-4.756050110E0,9.217742920E0,1.110580359E1
1.334899173E1,-4.625092506E0,-5.183964729E0,9.593564034E0,1.184489096E1
1.335401736E1,-4.925092697E0,-5.512307167E0,9.368407249E0,1.193352935E1
1.335904298E1,-4.883592606E0,-5.707506180E0,8.815663338E0,1.158192659E1
1.336406861E1,-4.897977352E0,-5.788627625E0,8.523823738E0,1.140850398E1
1.336909423E1,-4.943265438E0,-5.655310631E0,8.353169441E0,1.123360366E1
1.337411986E1,-4.821907043E0,-5.283907890E0,8.092212677E0,1.080066554E1
1.337914548E1,-4.432380676E0,-4.679484367E0,7.802217960E0,1.012018663E1
1.338417111E1,-3.884183168E0,-3.861405373E0,7.511127472E0,9.295932779E0
1.338919673E1,-3.258374453E0,-2.982921600E0,7.395444870E0,8.614373464E0
1.339422236E1,-2.602898121E0,-2.120556831E0,7.311324120E0,8.045327854E0
1.339924798E1,-1.861408234E0,-1.341052055E0,7.038994789E0,7.403425482E0
1.340427361E1,-1.136000395E0,-6.297025681E-1,6.536253929E0,6.664055646E0
1.340929923E1,-6.003234386E-1,-5.807876587E-4,5.847527981E0,5.878262673E0
1.341432486E1,-1.743052006E-1,5.275268555E-1,4.992862701E0,5.023678417E0
1.341935048E1,1.791534424E-1,8.879690170E-1,3.959157944E0,4.061467291E0
1.342437611E1,5.787652731E-1,1.095329285E0,2.714992762E0,2.984275654E0
1.342940173E1,1.076072097E0,1.187994957E0,1.359435797E0,2.101744242E0
1.343442736E1,1.726950645E0,1.185173988E0,-1.665067673E-2,2.094581858E0
1.343945298E1,2.395813942E0,1.115626335E0,-1.221284151E0,2.911371076E0
1.344447861E1,2.846896648E0,1.027348518E0,-1.772256613E0,3.507300815E0
1.344950423E1,3.041777134E0,9.443283081E-1,-1.506160021E0,3.523163649E0
1.345452986E1,3.095744610E0,8.570756912E-1,-9.175834656E-1,3.340684488E0
1.345955548E1,3.148248672E0,7.704601288E-1,-3.441607952E-1,3.259374966E0
1.346458111E1,3.113913059E0,6.702651978E-1,2.538490891E-1,3.195332430E0
1.346960673E1,2.888953686E0,5.756549835E-1,9.158005118E-1,3.084821330E0
1.347463236E1,2.518343210E0,5.439081192E-1,1.590507507E0,3.027804931E0
1.347965798E1,2.114134312E0,5.843629837E-1,2.164958954E0,3.081897347E0
1.348468361E1,1.763868690E0,6.537694931E-1,2.670783520E0,3.266761686E0
1.348970923E1,1.439932942E0,7.615413666E-1,3.049343586E0,3.457144550E0
1.349473486E1,1.214792252E0,8.644742966E-1,3.228476763E0,3.556135294E0
1.349976048E1,1.074135423E0,9.721031189E-1,3.237181187E0,3.546560787E0
1.350478605E1,1.065625787E0,1.055634499E0,3.181641102E0,3.517493797E0
1.350981163E1,1.188208818E0,1.124752998E0,2.943654060E0,3.367789888E0
1.351483720E1,1.555125713E0,1.103112221E0,2.463226795E0,3.114925168E0
1.351986277E1,2.082920313E0,1.038958549E0,1.972374201E0,3.050942786E0
1.352488835E1,2.501876831E0,1.009185791E0,1.683451653E0,3.179914009E0
1.352991392E1,2.753760099E0,1.004372597E0,1.592712164E0,3.335969280E0
1.353493949E1,2.866848469E0,1.019798279E0,1.681915045E0,3.476729338E0
1.353996506E1,2.912952185E0,1.026694298E0,1.870351672E0,3.610762660E0
1.354499064E1,3.006827831E0,1.025053024E0,2.086698771E0,3.800797162E0
1.355001621E1,3.043388367E0,1.005213737E0,2.211690903E0,3.894129435E0
1.355504178E1,3.127946854E0,1.005432129E0,2.164206743E0,3.934302494E0
1.356006736E1,3.236662865E0,1.039965630E0,1.891819596E0,3.890565048E0
1.356509293E1,3.355391264E0,1.113492489E0,1.475743175E0,3.830970370E0
1.357011850E1,3.431848049E0,1.201968670E0,1.097348928E0,3.798221214E0
1.357514408E1,3.428370476E0,1.310052395E0,7.939952612E-1,3.755048584E0
1.358016965E1,3.398279667E0,1.432814121E0,5.360471010E-1,3.726742209E0
1.358519522E1,3.428395033E0,1.546190262E0,2.699519396E-1,3.770606168E0
1.359022079E1,3.476197243E0,1.650102615E0,4.451155663E-3,3.847961243E0
1.359524637E1,3.523117781E0,1.725358963E0,-1.177639961E-1,3.924677160E0
1.360027194E1,3.574311733E0,1.752838135E0,-1.548163891E-1,3.983982180E0
1.360529751E1,3.653743505E0,1.766174316E0,-1.456705332E-1,4.060841443E0
1.361032309E1,3.737573624E0,1.770230293E0,-1.195297241E-1,4.137325131E0
1.361534866E1,3.783004761E0,1.722015381E0,-8.174419403E-2,4.157300098E0
1.362037423E1,3.742411613E0,1.674282074E0,-5.678498745E-2,4.100254831E0
1.362539980E1,3.640162945E0,1.622251511E0,-1.120514870E-1,3.986858634E0
1.363042538E1,3.500550747E0,1.546789169E0,-6.599414349E-2,3.827632100E0
1.363545095E1,3.276247740E0,1.466975689E0,-9.108614922E-2,3.590837453E0
1.364047652E1,2.939011335E0,1.339679241E0,-2.971438169E-1,3.243581747E0
1.364550210E1,2.484703779E0,1.217368603E0,-4.444935322E-1,2.802376435E0
1.365052767E1,1.999839544E0,1.095054150E0,-6.042511463E-1,2.358732974E0
1.365555324E1,1.633096576E0,9.725103378E-1,-6.896975040E-1,2.021994913E0
1.366057881E1,1.350483298E0,8.449954987E-1,-6.574598551E-1,1.723390842E0
1.366560439E1,1.142066836E0,7.412271500E-1,-6.268925667E-1,1.498909149E0
1.367062996E1,1.031206727E0,6.564579010E-1,-6.310740709E-1,1.375710279E0
1.367565553E1,1.026808143E0,5.907688141E-1,-7.079281807E-1,1.380038066E0
1.368068111E1,1.099620700E0,5.489616394E-1,-7.899761200E-1,1.461022531E0
1.368570668E1,1.225011826E0,5.837564468E-1,-7.861160040E-1,1.568248684E0
1.369073225E1,1.340035558E0,6.187343597E-1,-7.346435785E-1,1.648705156E0
1.369575783E1,1.448772907E0,7.018642426E-1,-6.496107578E-1,1.735958089E0
1.370078340E1,1.540966153E0,8.045167923E-1,-5.641236305E-1,1.827582946E0
1.370580897E1,1.558624387E0,9.077091217E-1,-4.542176723E-1,1.859989119E0
1.371083454E1,1.444186449E0,1.035437584E0,-2.865465879E-1,1.799976232E0
1.371586017E1,1.197852731E0,1.139812946E0,-8.980226517E-2,1.655925471E0
1.372088579E1,8.249635696E-1,1.244678974E0,1.214543581E-1,1.498179496E0
1.372591142E1,3.692419529E-1,1.378628254E0,2.320950031E-1,1.445968040E0
1.373093704E1,-1.397604942E-1,1.503190517E0,2.371726036E-1,1.528190293E0
1.373596267E1,-7.917585373E-1,1.622884750E0,9.357941151E-2,1.808146454E0
1.374098829E1,-1.518506527E0,1.761342049E0,-1.316835880E-1,2.329276379E0
1.374601392E1,-2.332821608E0,1.894255638E0,-4.338380098E-1,3.036194410E0
1.375103954E1,-3.190266848E0,1.968667984E0,-7.888002396E-1,3.830882667E0
1.375606517E1,-4.017903328E0,2.013045311E0,-1.139103770E0,4.636103534E0
1.376109079E1,-4.829119682E0,1.998497963E0,-1.384510398E0,5.406594127E0
1.376611642E1,-5.580091476E0,1.872336388E0,-1.429872990E0,6.057029074E0
1.377114204E1,-6.069993019E0,1.663457870E0,-1.271172166E0,6.420886700E0
1.377616767E1,-6.357225418E0,1.353145123E0,-1.062557578E0,6.585920235E0
1.378119329E1,-6.467155457E0,9.515113831E-1,-9.148231745E-1,6.600482941E0
1.378621892E1,-6.368116379E0,4.447212219E-1,-1.066997170E0,6.472184032E0
1.379124454E1,-6.047809601E0,-1.093816757E-1,-1.603913188E0,6.257835315E0
1.379627017E1,-5.608867645E0,-6.962518692E-1,-2.455819607E0,6.162403173E0
1.380129579E1,-4.957591534E0,-1.138792038E0,-3.323206425E0,6.076039998E0
1.380632142E1,-4.052939415E0,-1.370100975E0,-3.840035915E0,5.748858184E0
1.381134704E1,-3.054661989E0,-1.390137672E0,-3.694486141E0,4.991259407E0
1.381637267E1,-2.165165663E0,-1.294291496E0,-3.002411842E0,3.921429547E0
1.382139829E1,-1.561882257E0,-1.244773865E0,-2.139455795E0,2.926808716E0
1.382642392E1,-1.043386936E0,-1.293610573E0,-7.266887426E-1,1.813880134E0
1.383144954E1,-4.513983727E-1,-1.530970573E0,7.385188937E-1,1.758704507E0
1.383647517E1,3.289461136E-1,-2.152081490E0,2.094117880E0,3.020759835E0
1.384150079E1,1.316846251E0,-3.476577759E0,2.873488426E0,4.698682017E0
1.384652642E1,2.326007843E0,-5.532358170E0,3.152582884E0,6.779091255E0
1.385155204E1,3.165470600E0,-7.917119026E0,2.927282095E0,9.014985206E0
1.385657767E1,3.816751003E0,-1.047818089E1,2.128867149E0,1.135305854E1
1.386160329E1,3.697324991E0,-1.386691284E1,1.107368827E0,1.439401784E1
1.386662892E1,3.030680656E0,-1.813631821E1,6.180595160E-1,1.839818091E1
1.387165454E1,2.534163952E0,-2.192353249E1,6.995494366E-1,2.208059404E1
1.387668017E1,2.211988449E0,-2.416364288E1,7.430631518E-1,2.427605143E1
1.388170579E1,1.242303848E0,-2.389852905E1,3.943006992E-1,2.393404443E1
1.388673142E1,-5.586163998E-1,-1.964077377E1,6.063260436E-1,1.965806903E1
1.389175704E1,-9.197006226E-1,-1.202247810E1,1.756299496E0,1.218484374E1
1.389678267E1,5.064325333E-1,-5.197769165E0,2.618145943E0,5.841914616E0
1.390180829E1,2.346019745E0,-2.157535553E-1,3.354582548E0,4.099217280E0
1.390683392E1,3.916226387E0,3.252937317E0,4.138701439E0,6.561042593E0
1.391185954E1,4.982384682E0,5.570162296E0,4.933353424E0,8.954822228E0
1.391688517E1,5.623418808E0,6.977256775E0,5.547997475E0,1.053969768E1
1.392191079E1,5.828947544E0,7.671838284E0,5.653233051E0,1.117106871E1
1.392693642E1,5.838132381E0,8.147593498E0,5.177819252E0,1.128170562E1
1.393196204E1,5.813974857E0,8.634399414E0,4.533022404E0,1.135356548E1
1.393698767E1,5.690028191E0,9.055659294E0,3.923875332E0,1.139202281E1
1.394201329E1,5.500361443E0,9.377861977E0,3.363979816E0,1.138044953E1
1.394703892E1,5.260215759E0,9.572204590E0,2.838321924E0,1.128508050E1
1.395206454E1,4.994397640E0,9.652929306E0,2.408627748E0,1.113213994E1
1.395709017E1,4.718187809E0,9.662927628E0,2.002726555E0,1.093820736E1
1.396211579E1,4.461221695E0,9.678502083E0,1.673006773E0,1.078771770E1
1.396714142E1,4.267317772E0,9.651544571E0,1.386065483E0,1.064347176E1
1.397216704E1,4.089253426E0,9.490996361E0,1.013102174E0,1.038399641E1
1.397719267E1,3.889533997E0,9.053293228E0,5.550058484E-1,9.869074145E0
1.398221829E1,3.559307098E0,8.281086922E0,1.947411895E-1,9.015708056E0
1.398724392E1,3.076034546E0,7.389724731E0,-7.134497166E-2,8.004693013E0
1.399226954E1,2.560420990E0,6.360038757E0,-3.854704499E-1,6.866908774E0
1.399729517E1,1.960799694E0,5.172937393E0,-6.363072395E-1,5.568563874E0
1.400232079E1,1.249740720E0,3.842808247E0,-7.174354196E-1,4.104112653E0
1.400734637E1,5.336502790E-1,2.178441048E0,-7.390246391E-1,2.361471032E0
1.401237194E1,-1.778662205E-1,-4.126243591E-1,-9.292885065E-1,1.032217217E0
1.401739751E1,-1.091235399E0,-3.345445633E0,-1.224262714E0,3.725804661E0
1.402242309E1,-2.111493587E0,-5.978430748E0,-1.537224889E0,6.524040139E0
1.402744866E1,-3.033646345E0,-7.857509613E0,-2.169800758E0,8.697787236E0
1.403247423E1,-3.777289391E0,-8.988518715E0,-2.981585026E0,1.019564775E1
1.403749980E1,-4.347569466E0,-9.420471191E0,-3.669890642E0,1.100521399E1
1.404252538E1,-4.677384853E0,-9.221393585E0,-4.083241463E0,1.111687409E1
1.404755095E1,-5.095821381E0,-8.535621643E0,-3.826273441E0,1.065197638E1
1.405257652E1,-5.442435741E0,-7.607719421E0,-3.180287838E0,9.879864995E0
1.405760210E1,-5.504030228E0,-6.447554588E0,-2.428133011E0,8.818227647E0
1.406262767E1,-5.092613697E0,-5.036190987E0,-1.586245060E0,7.335809929E0
1.406765324E1,-4.165541649E0,-3.412032127E0,-7.877258658E-1,5.441894202E0
1.407267881E1,-3.031218052E0,-1.819047928E0,-4.348737001E-2,3.535407953E0
1.407770439E1,-2.003733873E0,-4.530677795E-1,7.103707194E-1,2.173671182E0
1.408272996E1,-1.190864086E0,6.815214157E-1,1.484142065E0,2.021214086E0
1.408775553E1,-5.370800495E-1,1.623334885E0,2.240181923E0,2.818170714E0
1.409278111E1,-4.888582230E-2,2.477939606E0,2.970135689E0,3.868369233E0
1.409780668E1,3.302238584E-1,3.116394997E0,3.628129244E0,4.794193090E0
1.410283225E1,6.331619024E-1,3.505576134E0,4.130836010E0,5.454701107E0
1.410785783E1,8.120101094E-1,3.660192013E0,4.410262108E0,5.788503939E0
1.411288340E1,7.906329036E-1,3.599670887E0,4.465867519E0,5.790224830E0
1.411790897E1,7.182381153E-1,3.510750771E0,4.507699490E0,5.758523392E0
1.412293454E1,6.480041742E-1,3.369546890E0,4.630402565E0,5.763192134E0
1.412796012E1,5.854494572E-1,3.094805717E0,4.674693584E0,5.636783977E0
1.413298569E1,4.642261863E-1,2.591046810E0,4.596482754E0,5.296855976E0
1.413801126E1,3.187691569E-1,1.915905476E0,4.418910027E0,4.826911372E0
1.414303684E1,2.266241312E-1,1.160394669E0,4.065083981E0,4.233530684E0
1.414806241E1,2.026194334E-1,3.963088989E-1,3.649960756E0,3.676999986E0
1.415308798E1,1.802014709E-1,-3.429307938E-1,3.269467831E0,3.292338682E0
1.415811355E1,2.218273282E-1,-1.000036240E0,2.828441381E0,3.008215500E0
1.416313913E1,2.605326772E-1,-1.508224487E0,2.399527073E0,2.846111128E0
1.416816470E1,2.865408659E-1,-1.839037895E0,1.969204307E0,2.709599906E0
1.417319027E1,2.948864102E-1,-1.964055061E0,1.543406487E0,2.515268149E0
1.417821585E1,2.518935204E-1,-1.869236946E0,1.113746285E0,2.190417288E0
1.418324142E1,1.528291106E-1,-1.569253922E0,7.577702999E-1,1.749322850E0
1.418826699E1,2.716839314E-3,-1.117016792E0,5.053200126E-1,1.226002533E0
1.419329256E1,-1.407565475E-1,-5.844955444E-1,3.568056822E-1,6.991121097E-1
1.419831814E1,-1.629266739E-1,-6.266689301E-2,3.549915254E-1,3.955897163E-1
1.420334371E1,-1.075530648E-1,3.958568573E-1,4.980653524E-1,6.452436815E-1
1.420836928E1,-4.249113798E-2,7.241201401E-1,5.916324854E-1,9.360472594E-1
1.421339486E1,2.182126045E-3,8.982877731E-1,4.473434091E-1,1.003514729E0
1.421842048E1,-3.099024296E-3,9.327945709E-1,1.300069690E-2,9.328903117E-1
1.422344611E1,-1.348139048E-1,8.659782410E-1,-5.848391056E-1,1.053627013E0
1.422847173E1,-3.060322404E-1,7.122974396E-1,-1.242352724E0,1.464398739E0
1.423349736E1,-4.630036354E-1,5.101928711E-1,-1.884504676E0,2.006496201E0
1.423852298E1,-5.042845011E-1,3.173160553E-1,-2.460246325E0,2.531364121E0
1.424354861E1,-4.577466249E-1,1.578445435E-1,-2.966890335E0,3.006141236E0
1.424857423E1,-3.037508726E-1,3.208255768E-2,-3.469100475E0,3.482520925E0
1.425359986E1,-8.065897226E-2,-5.963039398E-2,-3.926803350E0,3.928084292E0
1.425862548E1,1.682575941E-1,-7.395553589E-2,-4.247964382E0,4.251938550E0
1.426365111E1,3.945886791E-1,-2.028656006E-2,-4.336615562E0,4.354577627E0
1.426867673E1,5.736198425E-1,5.841636658E-2,-4.188457012E0,4.227957466E0
1.427370236E1,6.470330954E-1,1.382417679E-1,-3.847898006E0,3.904367001E0
1.427872798E1,5.714160204E-1,1.951303482E-1,-3.326637268E0,3.380992108E0
1.428375361E1,3.897396922E-1,2.384538651E-1,-2.746601105E0,2.784344609E0
1.428877923E1,8.778589964E-2,2.823333740E-1,-2.124245167E0,2.144722832E0
1.429380486E1,-3.099188209E-1,2.787132263E-1,-1.528215885E0,1.584037414E0
1.429883048E1,-7.164295316E-1,2.609062195E-1,-9.886145592E-1,1.248479906E0
1.430385611E1,-1.126111269E0,2.383241653E-1,-4.919676781E-1,1.251781608E0
1.430888173E1,-1.495218277E0,2.203874588E-1,-1.524472237E-2,1.511449877E0
1.431390736E1,-1.804129362E0,2.069692612E-1,4.073178768E-1,1.861082181E0
1.431893298E1,-2.023637772E0,2.170619965E-1,7.462325096E-1,2.167738153E0
1.432395861E1,-2.158432484E0,2.218894958E-1,9.868754148E-1,2.383692266E0
1.432898423E1,-2.222907066E0,2.214040756E-1,1.152850986E0,2.513841878E0
1.433400986E1,-2.140769005E0,2.347106934E-1,1.229577780E0,2.479887610E0
1.433903548E1,-2.003429174E0,2.522106171E-1,1.259911895E0,2.380066519E0
1.434406111E1,-1.854458332E0,2.404165268E-1,1.262790442E0,2.256425383E0
1.434908673E1,-1.684700012E0,2.089099884E-1,1.209267378E0,2.084270881E0
1.435411236E1,-1.489992142E0,1.720590591E-1,1.137382865E0,1.882371027E0
1.435913798E1,-1.280619621E0,1.203136444E-1,1.056488156E0,1.664520715E0
1.436416361E1,-1.062019587E0,7.761573792E-2,9.473289251E-1,1.425251521E0
1.436918923E1,-8.491483927E-1,4.396915436E-2,7.907190323E-1,1.161129996E0
1.437421486E1,-6.712331772E-1,2.414703369E-2,7.013758421E-1,9.711154047E-1
1.437924048E1,-4.999813437E-1,3.726387024E-2,7.126682997E-1,8.713587352E-1
1.438426611E1,-3.069206476E-1,4.022407532E-2,5.519617796E-1,6.328349440E-1
1.438929173E1,-2.691732645E-1,6.652927399E-2,2.819892168E-1,3.954722607E-1
1.439431736E1,-3.429518938E-1,1.113567352E-1,-1.033818722E-2,3.607259376E-1
1.439934298E1,-3.553589582E-1,2.176980972E-1,-2.765939236E-1,5.001766181E-1
1.440436861E1,-2.580509782E-1,3.233079910E-1,-5.017454028E-1,6.502821031E-1
1.440939423E1,-1.036255956E-1,4.473552704E-1,-6.517663598E-1,7.972856388E-1
1.441441986E1,8.866906166E-2,5.611858368E-1,-7.883933187E-1,9.717796925E-1
1.441944548E1,3.951433301E-1,6.552848816E-1,-9.879086614E-1,1.249599956E0
1.442447111E1,6.669678092E-1,7.250385284E-1,-1.230467558E0,1.576254211E0
1.442949673E1,8.893295527E-1,7.084560394E-1,-1.491567492E0,1.875524086E0
1.443452236E1,1.076632023E0,6.344833374E-1,-1.760898113E0,2.159274828E0
1.443954798E1,1.200044990E0,5.320577621E-1,-2.009078979E0,2.399914954E0
1.444457361E1,1.283630610E0,4.157123566E-1,-2.168544769E0,2.554038121E0
1.444959923E1,1.366027951E0,2.903671265E-1,-2.305781364E0,2.695732393E0
1.445462486E1,1.409179449E0,1.274452209E-1,-2.401284456E0,2.787148371E0
1.445965048E1,1.312704563E0,-1.073265076E-2,-2.493124008E0,2.817618814E0
1.446467611E1,1.191932917E0,-1.145858765E-1,-2.538060427E0,2.806347222E0
1.446970173E1,1.066396713E0,-2.032918930E-1,-2.550549269E0,2.771972423E0
1.447472736E1,9.552627802E-1,-2.673320770E-1,-2.535701752E0,2.722825149E0
1.447975298E1,8.774944544E-1,-3.115653992E-1,-2.489189625E0,2.657655829E0
1.448477861E1,7.515667677E-1,-3.456649780E-1,-2.449893951E0,2.585791418E0
1.448980423E1,5.532900691E-1,-3.793020248E-1,-2.389764309E0,2.482130814E0
1.449482986E1,3.065455556E-1,-3.886528015E-1,-2.314098835E0,2.366447674E0
1.449985548E1,8.312559128E-2,-3.690681458E-1,-2.242524862E0,2.274211714E0
1.450488111E1,-1.409505606E-1,-3.350257874E-1,-2.175479650E0,2.205633933E0
1.450990673E1,-3.368446827E-1,-2.674837112E-1,-2.103616238E0,2.147140692E0
1.451493236E1,-5.333492756E-1,-2.143363953E-1,-2.036656141E0,2.116215910E0
1.451995793E1,-7.209166288E-1,-1.899442673E-1,-2.017761946E0,2.151084117E0
1.452498350E1,-9.042350054E-1,-1.846990585E-1,-1.984617829E0,2.188712548E0
1.453000908E1,-1.068820834E0,-2.129716873E-1,-1.942143917E0,2.227028942E0
1.453503465E1,-1.224185705E0,-2.842903137E-1,-1.875986338E0,2.258047024E0
1.454006022E1,-1.365306139E0,-4.130067825E-1,-1.791077733E0,2.289671352E0
1.454508579E1,-1.496653676E0,-5.799989700E-1,-1.706730843E0,2.342925778E0
1.455011137E1,-1.608382344E0,-7.757577896E-1,-1.628001928E0,2.416419705E0
1.455513694E1,-1.695391536E0,-1.014738083E0,-1.540931225E0,2.505696485E0
1.456016251E1,-1.724257469E0,-1.263645172E0,-1.455983639E0,2.586455354E0
1.456518808E1,-1.690414310E0,-1.508379936E0,-1.421962261E0,2.674824712E0
1.457021366E1,-1.608778954E0,-1.725281715E0,-1.425451040E0,2.756207065E0
1.457523923E1,-1.499385595E0,-1.876344681E0,-1.476923943E0,2.819597641E0
1.458026480E1,-1.382058978E0,-1.976186752E0,-1.634388208E0,2.913181408E0
1.458529038E1,-1.152595043E0,-2.139565468E0,-1.916601419E0,3.095089131E0
1.459031595E1,-9.795516729E-1,-2.318213463E0,-2.317371607E0,3.421088468E0
1.459534152E1,-8.873160481E-1,-2.511314392E0,-2.785911083E0,3.854261318E0
1.460036710E1,-9.859286547E-1,-2.655617714E0,-3.232414007E0,4.298006639E0
1.460539267E1,-1.226759434E0,-2.840866089E0,-3.614636660E0,4.758261975E0
1.461041824E1,-1.780283213E0,-3.046663284E0,-3.804173470E0,5.188766835E0
1.461544381E1,-2.609725475E0,-3.386865616E0,-3.740526199E0,5.680938479E0
1.462046939E1,-3.577275276E0,-3.922919273E0,-3.469399214E0,6.342154597E0
1.462549496E1,-4.587662697E0,-4.592249870E0,-3.061287642E0,7.176830074E0
1.463052053E1,-5.426870823E0,-5.313633919E0,-2.573401451E0,8.019228603E0
1.463554611E1,-5.930551529E0,-5.963192940E0,-2.054186344E0,8.657412605E0
1.464057168E1,-6.194716930E0,-6.426980972E0,-1.514510393E0,9.053968412E0
1.464559725E1,-6.278059006E0,-6.773240089E0,-9.423606396E-1,9.283256420E0
1.465062283E1,-6.039556980E0,-7.098759651E0,-5.219686031E-1,9.334939117E0
1.465564840E1,-5.626685619E0,-7.160861015E0,-5.634999275E-2,9.107178315E0
1.466067397E1,-4.944753647E0,-6.933200836E0,6.174528599E-1,8.538214714E0
1.466569954E1,-3.927346706E0,-6.121420860E0,9.438295364E-1,7.333938894E0
1.467072512E1,-2.549125671E0,-4.893832207E0,7.612276077E-1,5.570197737E0
1.467575069E1,-1.275849342E0,-3.699635506E0,2.338619232E-1,3.920431841E0
1.468077626E1,-3.615082502E-1,-2.705015182E0,-3.428940773E-1,2.750522078E0
1.468580184E1,2.471739054E-1,-1.860926628E0,-8.268270493E-1,2.051288820E0
1.469082741E1,6.085672379E-1,-1.209493637E0,-1.195859432E0,1.806463042E0
1.469585298E1,7.953534722E-1,-6.400089264E-1,-1.428780198E0,1.756021477E0
1.470087855E1,8.759959936E-1,-7.566928864E-2,-1.567300320E0,1.797087954E0
1.470590413E1,9.192201495E-1,5.360832214E-1,-1.586916924E0,1.910669052E0
1.471092970E1,1.046622276E0,1.214078903E0,-1.530684948E0,2.216393959E0
1.471595527E1,1.273992062E0,1.938852787E0,-1.441991568E0,2.731582981E0
1.472098085E1,1.621668458E0,2.638346195E0,-1.354794025E0,3.380258287E0
1.472600642E1,2.100777149E0,3.398326874E0,-1.379711390E0,4.226759242E0
1.473103204E1,2.995105267E0,4.252002716E0,-1.860738993E0,5.523815009E0
1.473605767E1,4.310675144E0,5.079798698E0,-3.034667492E0,7.320893511E0
1.474108329E1,5.651433468E0,5.657538891E0,-4.690919876E0,9.270985699E0
1.474610892E1,6.716217041E0,5.924390793E0,-6.158214569E0,1.086874345E1
1.475113454E1,7.069076538E0,5.829177856E0,-6.756761551E0,1.138441848E1
1.475616017E1,6.670286655E0,5.434983730E0,-6.337005138E0,1.068594434E1
1.476118579E1,5.962213516E0,4.909484863E0,-5.695022583E0,9.596057204E0
1.476621142E1,5.243338108E0,4.257314682E0,-5.211090088E0,8.530696497E0
1.477123704E1,4.506222725E0,3.473578930E0,-4.824556828E0,7.459768255E0
1.477626267E1,3.686940670E0,2.615469456E0,-4.340927601E0,6.267205471E0
1.478128829E1,2.770493507E0,1.701747417E0,-3.632835865E0,4.875353830E0
1.478631392E1,1.824349642E0,7.318706512E-1,-2.578044415E0,3.241943749E0
1.479133954E1,8.880128860E-1,-2.851991653E-1,-1.317582607E0,1.614289124E0
1.479636517E1,1.592726707E-1,-1.259203911E0,3.470886946E-1,1.315839213E0
1.480139079E1,-4.796971083E-1,-2.252963066E0,2.260215998E0,3.227154823E0
1.480641642E1,-1.160286903E0,-3.204828262E0,4.046526432E0,5.290705629E0
1.481144204E1,-1.764672995E0,-4.086644173E0,5.479693890E0,7.059870855E0
1.481646767E1,-2.199585915E0,-4.889254570E0,6.558973789E0,8.471311918E0
1.482149329E1,-2.396605492E0,-5.689427376E0,7.235974789E0,9.511710303E0
1.482651892E1,-2.335937500E0,-6.415449142E0,7.491053104E0,1.013560399E1
1.483154454E1,-1.865107417E0,-6.866339684E0,7.810888290E0,1.056575706E1
1.483657017E1,-1.052804232E0,-6.951104164E0,8.312534332E0,1.088689455E1
1.484159579E1,-7.389438152E-2,-6.530725479E0,8.949966431E0,1.107960896E1
1.484662142E1,7.293708324E-1,-5.734010696E0,9.667548180E0,1.126376262E1
1.485164704E1,1.288497448E0,-4.718389511E0,1.006592846E1,1.119135117E1
1.485667267E1,1.502488136E0,-3.665258408E0,1.003917599E1,1.079243459E1
1.486169829E1,1.543784499E0,-2.650906563E0,9.502281189E0,9.985185225E0
1.486672392E1,1.527548552E0,-1.718348503E0,8.582371712E0,8.885000301E0
1.487174954E1,1.449290037E0,-8.581094742E-1,7.598616123E0,7.783043137E0
1.487677517E1,1.347544909E0,-5.599021912E-2,6.668704510E0,6.803721924E0
1.488180079E1,1.260349393E0,7.262287140E-1,5.799464703E0,5.979103576E0
1.488682642E1,1.124747157E0,1.455199242E0,4.915003777E0,5.247849381E0
1.489185204E1,8.344932795E-1,2.035552025E0,4.111437798E0,4.663021750E0
1.489687767E1,3.840743303E-1,2.410260677E0,3.346153736E0,4.141692221E0
1.490190329E1,-1.167557240E-1,2.574807644E0,2.395889759E0,3.519027428E0
1.490692892E1,-6.917510033E-1,2.462297916E0,1.034496784E0,2.758915380E0
1.491195454E1,-1.315979719E0,2.096530914E0,-6.374488473E-1,2.556087934E0
1.491698017E1,-1.796890736E0,1.673383236E0,-2.280003548E0,3.350737821E0
1.492200579E1,-2.013904810E0,1.268963814E0,-3.415889978E0,4.163458429E0
1.492703142E1,-1.785433054E0,8.830957413E-1,-3.962537527E0,4.435012168E0
1.493205704E1,-1.389784098E0,5.254077911E-1,-3.930980682E0,4.202399590E0
1.493708267E1,-1.028307915E0,2.151107788E-1,-3.477259874E0,3.632495843E0
1.494210829E1,-7.585191727E-1,-6.206798553E-2,-2.758017063E0,2.861094527E0
1.494713392E1,-5.560839176E-1,-2.200031281E-1,-1.930299759E0,2.020813663E0
1.495215954E1,-3.919458389E-1,-3.065433502E-1,-1.021555781E0,1.136295112E0
1.495718517E1,-1.698071957E-1,-3.934679031E-1,3.510355949E-3,4.285601441E-1
1.496221079E1,7.236051559E-2,-4.328613281E-1,9.610332847E-1,1.056498910E0
1.496723642E1,3.779070377E-1,-4.390640259E-1,1.854431391E0,1.942808980E0
1.497226204E1,7.847886086E-1,-3.736581802E-1,2.816803455E0,2.947862836E0
1.497728767E1,1.277902842E0,-3.129787445E-1,3.608629704E0,3.840989417E0
1.498231329E1,1.870641351E0,-2.471570969E-1,3.976823568E0,4.401762305E0
1.498733892E1,2.523375273E0,-1.328277588E-1,4.028348923E0,4.755277176E0
1.499236454E1,3.134168625E0,4.462718964E-2,3.837264538E0,4.954755664E0
1.499739017E1,3.596676826E0,2.949638367E-1,3.472668648E0,5.008244742E0
1.500241579E1,3.843372345E0,5.799245834E-1,3.023111820E0,4.924127190E0
1.500744142E1,3.964982033E0,8.612232208E-1,2.533534050E0,4.783469738E0
1.501246704E1,3.999779224E0,1.229653835E0,2.053466797E0,4.661223904E0
1.501749267E1,3.966959238E0,1.618077278E0,1.631826639E0,4.584517189E0
1.502251829E1,3.881079197E0,1.997685432E0,1.302425861E0,4.555198782E0
1.502754392E1,3.756680489E0,2.325386524E0,1.060290813E0,4.543598507E0
1.503256949E1,3.622869492E0,2.586792946E0,8.951314092E-1,4.540698331E0
1.503759506E1,3.489764452E0,2.767518044E0,8.249024749E-1,4.529688305E0
1.504262064E1,3.372226477E0,2.920179367E0,8.147872686E-1,4.534670577E0
1.504764621E1,3.251649380E0,3.035196781E0,8.488588333E-1,4.528377691E0
1.505267178E1,3.152388334E0,3.141298771E0,8.731149435E-1,4.535155993E0
1.505769736E1,3.022440672E0,3.224071980E0,8.864234686E-1,4.507275708E0
1.506272293E1,2.919825077E0,3.307377338E0,8.831345439E-1,4.499338836E0
1.506774850E1,2.816326857E0,3.352861881E0,8.245315552E-1,4.455696583E0
1.507277408E1,2.741103172E0,3.350902081E0,6.961256862E-1,4.384835496E0
1.507779965E1,2.661006212E0,3.315824032E0,5.887637734E-1,4.292119040E0
1.508282522E1,2.566771984E0,3.242812634E0,4.737206101E-1,4.162759110E0
1.508785079E1,2.449146032E0,3.136641979E0,4.226444364E-1,4.001932972E0
1.509287637E1,2.303600788E0,3.002115250E0,3.922042251E-1,3.804352339E0
1.509790194E1,2.120656013E0,2.820147514E0,3.823739290E-1,3.549172263E0
1.510292751E1,1.914801836E0,2.614663124E0,3.933633566E-1,3.264607795E0
1.510795308E1,1.695472717E0,2.419195652E0,3.679991961E-1,2.977004996E0
1.511297866E1,1.448159933E0,2.228951931E0,2.589492798E-1,2.670664455E0
1.511800423E1,1.215844512E0,2.086955547E0,1.001093388E-1,2.417371137E0
1.512302980E1,9.506198168E-1,1.978763580E0,-6.981682777E-2,2.196373769E0
1.512805538E1,7.003700733E-1,1.899523735E0,-2.123924494E-1,2.035637299E0
1.513308095E1,4.842472076E-1,1.849178314E0,-3.275820017E-1,1.939398299E0
1.513810652E1,3.212721348E-1,1.803795815E0,-4.058151245E-1,1.876587605E0
1.514313210E1,2.495007515E-1,1.806432724E0,-4.135320187E-1,1.869881959E0
1.514815767E1,1.968839169E-1,1.814018250E0,-3.554009199E-1,1.858960812E0
1.515318324E1,1.821014881E-1,1.855327606E0,-2.312414646E-1,1.878529769E0
1.515820881E1,1.330268383E-1,1.892132759E0,-1.031155586E-1,1.899603995E0
1.516323439E1,-1.269268990E-2,1.929228783E0,1.975047588E-2,1.929371629E0
1.516825996E1,-1.975057125E-1,1.995260239E0,1.184337139E-1,2.008506527E0
1.517328553E1,-4.357421398E-1,2.042339325E0,2.075166702E-1,2.098591027E0
1.517831111E1,-8.226115704E-1,2.041666985E0,2.966560125E-1,2.221058005E0
1.518333668E1,-1.295218706E0,1.983607292E0,3.808649182E-1,2.399447326E0
1.518836225E1,-1.814657211E0,1.872887611E0,4.073342681E-1,2.639433652E0
1.519338782E1,-2.437870264E0,1.709456444E0,3.331415653E-1,2.996070103E0
1.519841340E1,-3.034992456E0,1.512360096E0,1.200060844E-1,3.393053747E0
1.520343897E1,-3.620107174E0,1.291151524E0,-1.890077591E-1,3.848112802E0
1.520846454E1,-4.235897064E0,1.007530212E0,-5.557243824E-1,4.389392971E0
1.521349012E1,-4.820110798E0,6.854915619E-1,-1.027975321E0,4.975952175E0
1.521851569E1,-5.329880714E0,3.633699417E-1,-1.624633074E0,5.583824744E0
1.522354126E1,-5.808373928E0,2.894401550E-3,-2.244947672E0,6.227118605E0
1.522856684E1,-6.054947853E0,-2.571468353E-1,-2.874526262E0,6.707564329E0
1.523359241E1,-6.180912971E0,-5.027971268E-1,-3.502877712E0,7.122263852E0
1.523861803E1,-6.378199100E0,-7.722873688E-1,-4.009772301E0,7.573382695E0
1.524364366E1,-6.522265434E0,-9.509267807E-1,-4.389957428E0,7.919339263E0
1.524866928E1,-6.599194527E0,-1.048474312E0,-4.771381378E0,8.210648393E0
1.525369491E1,-6.632651329E0,-1.094000816E0,-5.081015587E0,8.426483302E0
1.525872053E1,-6.569598198E0,-1.059217453E0,-5.293674469E0,8.503208305E0
1.526374616E1,-6.371784687E0,-9.252996445E-1,-5.322340488E0,8.353629619E0
1.526877178E1,-5.991687298E0,-7.545938492E-1,-5.071246624E0,7.885890620E0
1.527379741E1,-5.429897785E0,-4.704542160E-1,-4.445923328E0,7.033587376E0
1.527882303E1,-4.611427307E0,8.789062500E-3,-3.529370308E0,5.807046911E0
1.528384866E1,-3.796498775E0,5.018711090E-1,-2.495903969E0,4.571084574E0
1.528887428E1,-3.033937216E0,9.806499481E-1,-1.443211436E0,3.499901227E0
1.529389991E1,-2.128970385E0,1.608390331E0,-3.872469664E-1,2.696181479E0
1.529892553E1,-1.298603773E0,2.122623920E0,7.037784457E-1,2.585963683E0
1.530395116E1,-4.625849724E-1,2.495442867E0,2.430507660E0,3.514055698E0
1.530897678E1,9.159612656E-2,2.383085728E0,3.685897350E0,4.390139715E0
1.531400241E1,2.642896175E-1,1.585222721E0,4.503437042E0,4.781602793E0
1.531902803E1,3.258512020E-1,1.595869064E-1,4.705985546E0,4.719952007E0
1.532405366E1,4.896913767E-1,-1.908185005E0,4.380164146E0,4.802791439E0
1.532907928E1,8.918735981E-1,-4.469659805E0,3.928213120E0,6.016988915E0
1.533410491E1,1.552238464E0,-7.620176315E0,3.498649120E0,8.527430855E0
1.533913053E1,1.910809040E0,-1.164609623E1,3.508340120E0,1.231223777E1
1.534415616E1,1.500389814E0,-1.681002808E1,3.882348537E0,1.731764544E1
1.534918178E1,8.174656630E-1,-2.232741356E1,4.288323402E0,2.275019481E1
1.535420741E1,2.692540884E-1,-2.594174957E1,4.889524937E0,2.639989248E1
1.535923303E1,4.639142752E-1,-2.686239052E1,5.315472126E0,2.738717738E1
1.536425866E1,4.583305120E-1,-2.560975266E1,6.123301983E0,2.633560945E1
1.536928428E1,2.944041491E-1,-2.164661789E1,7.277004242E0,2.283894767E1
1.537430991E1,1.147747517E0,-1.510525608E1,7.731937408E0,1.700790821E1
1.537933553E1,2.704677582E0,-8.995792389E0,7.516489029E0,1.203067616E1
1.538436116E1,4.104982376E0,-4.301445961E0,6.832961559E0,9.057741514E0
1.538938678E1,5.184341431E0,-7.085103989E-1,6.100156784E0,8.036871023E0
1.539441241E1,5.914347649E0,2.038701057E0,5.372846603E0,8.246410779E0
1.539943803E1,6.435808182E0,4.133135796E0,4.705416679E0,8.980166178E0
1.540446366E1,6.828339577E0,5.738657951E0,4.065635681E0,9.802438980E0
1.540948928E1,7.157793522E0,6.975790024E0,3.449620724E0,1.057334090E1
1.541451491E1,7.590784550E0,7.916986465E0,2.824905157E0,1.132602198E1
1.541954053E1,7.743948936E0,8.663226128E0,2.274191618E0,1.184027785E1
1.542456616E1,7.593937874E0,9.381974220E0,1.690632582E0,1.218800932E1
1.542959178E1,7.405627251E0,1.017308712E1,7.839056253E-1,1.260751857E1
1.543461741E1,7.123361588E0,1.094975758E1,-4.236487150E-1,1.306977236E1
1.543964303E1,6.620057106E0,1.147229004E1,-1.686241031E0,1.335222841E1
1.544466866E1,5.816544533E0,1.167349052E1,-2.493358612E0,1.327853187E1
1.544969428E1,4.996776581E0,1.148162460E1,-2.508006573E0,1.277049634E1
1.545471991E1,4.577053070E0,1.093064308E1,-2.210853577E0,1.205471885E1
1.545974553E1,4.780319214E0,9.930607796E0,-1.830041766E0,1.117217418E1
1.546477116E1,5.473901272E0,8.655221939E0,-1.335116267E0,1.032758430E1
1.546979678E1,5.936971188E0,7.450250149E0,-8.717775941E-1,9.566287176E0
1.547482241E1,6.053079128E0,6.302075386E0,-5.454378724E-1,8.755194091E0
1.547984803E1,6.122315884E0,5.034260750E0,-4.115886688E-1,7.936998067E0
1.548487366E1,5.799243450E0,3.231334686E0,-1.531098485E-1,6.640496297E0
1.548989928E1,4.898431778E0,7.937622070E-1,-4.405063391E-2,4.962522824E0
1.549492491E1,3.141433716E0,-2.206204414E0,-1.483725309E-1,3.841608793E0
1.549995053E1,1.065942526E0,-5.108950615E0,-8.630428314E-1,5.289844306E0
1.550497616E1,-1.339262366E0,-7.749144554E0,-1.632007599E0,8.031582273E0
1.551000178E1,-3.621788979E0,-9.713321686E0,-2.390897274E0,1.063872001E1
1.551502741E1,-5.574792862E0,-1.062650204E1,-3.344346762E0,1.245734788E1
1.552005303E1,-7.050600052E0,-1.076865196E1,-3.949626207E0,1.346381719E1
1.552507866E1,-8.137117386E0,-1.024649620E1,-3.991554260E0,1.367976130E1
1.553010428E1,-8.264012337E0,-8.941200256E0,-3.636551857E0,1.270682774E1
1.553512991E1,-7.146732330E0,-6.834059715E0,-3.560398817E0,1.050983325E1
1.554015553E1,-5.417335510E0,-4.623477936E0,-3.554865122E0,7.959970998E0
1.554518111E1,-3.364808083E0,-2.705509186E0,-3.404119492E0,5.498158137E0
1.555020668E1,-1.340930820E0,-1.107380867E0,-3.004155159E0,3.471215359E0
1.555523225E1,3.368842602E-1,1.101837158E-1,-2.395383358E0,2.421465029E0
1.556025782E1,1.606532335E0,1.020258904E0,-1.499388695E0,2.422816715E0
1.556528340E1,2.441038609E0,1.752999783E0,-4.151538908E-1,3.033814510E0
1.557030897E1,2.729474545E0,2.218067169E0,7.203685045E-1,3.590095269E0
1.557533454E1,2.496591806E0,2.511468887E0,1.607952595E0,3.889210481E0
1.558036012E1,2.198836565E0,2.738427639E0,2.412860632E0,4.260958179E0
1.558538569E1,2.000532627E0,2.870102406E0,3.128184795E0,4.693096923E0
1.559041126E1,1.831268072E0,2.777341366E0,3.641557932E0,4.932353595E0
1.559543684E1,1.572634697E0,2.479455948E0,3.970593929E0,4.938268709E0
1.560046241E1,1.378778696E0,2.019688606E0,4.123755455E0,4.794322873E0
1.560548798E1,1.326678753E0,1.551291943E0,4.191284180E0,4.661914444E0
1.561051355E1,1.211097360E0,1.107766151E0,4.277661324E0,4.581734285E0
1.561553913E1,1.081132054E0,6.699047089E-1,4.429454327E0,4.608436228E0
1.562056470E1,9.283981919E-1,2.281007767E-1,4.578347206E0,4.677094858E0
1.562559027E1,7.493231893E-1,-1.794242859E-1,4.704091072E0,4.766775758E0
1.563061585E1,5.308145285E-1,-5.814971924E-1,4.738947868E0,4.803907779E0
1.563564142E1,4.219162464E-1,-9.208097458E-1,4.764005184E0,4.870487584E0
1.564066699E1,4.180752039E-1,-1.149690628E0,4.736351013E0,4.891788664E0
1.564569256E1,5.235639811E-1,-1.215699196E0,4.699687481E0,4.882530716E0
1.565071814E1,7.037865520E-1,-1.138132095E0,4.564046860E0,4.756173243E0
1.565574371E1,8.523930311E-1,-8.932399750E-1,4.345022678E0,4.517042573E0
1.566076928E1,9.967855215E-1,-5.864028931E-1,4.068271160E0,4.229453861E0
1.566579486E1,1.121483684E0,-2.511234283E-1,3.849924326E0,4.017798644E0
1.567082043E1,1.244645119E0,4.571533203E-2,3.800252199E0,3.999143426E0
1.567584600E1,1.399190187E0,2.947044373E-1,3.721817493E0,3.987042681E0
1.568087158E1,1.589426994E0,4.815883636E-1,3.365338564E0,3.752826824E0
1.568589715E1,1.757259965E0,6.255846024E-1,2.765179873E0,3.335496726E0
1.569092272E1,1.940334082E0,7.123670578E-1,2.009682894E0,2.882913198E0
1.569594829E1,2.080986023E0,7.180347443E-1,1.187505007E0,2.501248661E0
1.570097387E1,2.111905098E0,6.235837936E-1,3.824532628E-1,2.235010154E0
1.570599944E1,2.042801857E0,4.243659973E-1,-4.035242200E-1,2.125078286E0
1.571102501E1,1.816964149E0,1.730728149E-1,-1.097113609E0,2.129547180E0
1.571605059E1,1.530891538E0,-9.200954437E-2,-1.750086784E0,2.326993427E0
1.572107616E1,1.204634190E0,-3.326740265E-1,-2.304917574E0,2.621919251E0
1.572610173E1,8.533191681E-1,-5.537929535E-1,-2.785788536E0,2.965713743E0
1.573112730E1,4.824900627E-1,-7.506818771E-1,-3.207816362E0,3.329625468E0
1.573615288E1,1.547815800E-1,-8.755836487E-1,-3.590826988E0,3.699275946E0
1.574117845E1,-1.629205942E-1,-9.668941498E-1,-3.959604740E0,4.079203000E0
1.574620402E1,-4.799381495E-1,-9.816436768E-1,-4.257462978E0,4.395447184E0
1.575122965E1,-7.818132639E-1,-9.486293793E-1,-4.494488716E0,4.659566342E0
1.575625527E1,-1.077901363E0,-8.392438889E-1,-4.599235058E0,4.797829173E0
1.576128090E1,-1.329751730E0,-6.870784760E-1,-4.600524902E0,4.837886509E0
1.576630652E1,-1.542033195E0,-5.304622650E-1,-4.431472301E0,4.721991460E0
1.577133215E1,-1.705091596E0,-3.789863586E-1,-4.121086597E0,4.475971711E0
1.577635777E1,-1.813888669E0,-2.518138885E-1,-3.745978117E0,4.169646795E0
1.578138340E1,-1.844407797E0,-1.632852554E-1,-3.267911196E0,3.756027926E0
1.578640902E1,-1.787156343E0,-6.553268433E-2,-2.734915018E0,3.267718238E0
1.579143465E1,-1.713950038E0,-2.074813843E-2,-2.190155029E0,2.781157002E0
1.579646027E1,-1.720431209E0,-4.800510406E-2,-1.681519866E0,2.406178940E0
1.580148590E1,-1.715254188E0,-6.597805023E-2,-1.190045714E0,2.088697880E0
1.580651152E1,-1.530878544E0,-6.036663055E-2,-7.109478712E-1,1.688987899E0
1.581153715E1,-1.249124169E0,-2.160549164E-2,-2.637604773E-1,1.276850648E0
1.581656277E1,-9.804536104E-1,3.117275238E-2,1.653985083E-1,9.947953002E-1
1.582158840E1,-7.105911970E-1,4.534721375E-2,5.473063588E-1,8.980759820E-1
1.582661402E1,-4.205994606E-1,1.620674133E-2,9.007104635E-1,9.942061677E-1
1.583163965E1,-1.440179348E-1,-1.793098450E-2,1.239507556E0,1.247975027E0
1.583666527E1,1.620707512E-1,-6.660270691E-2,1.563257694E0,1.573047192E0
1.584169090E1,4.256989956E-1,-1.249694824E-1,1.847419262E0,1.899946035E0
1.584671652E1,6.515575647E-1,-1.260309219E-1,2.067619085E0,2.171510934E0
1.585174215E1,8.682940006E-1,-1.272211075E-1,2.233242035E0,2.399476957E0
1.585676777E1,1.123386502E0,-1.093425751E-1,2.324901581E0,2.584399426E0
1.586179340E1,1.373279572E0,-6.755065918E-2,2.428525448E0,2.790733904E0
1.586681902E1,1.555338383E0,-6.575584412E-3,2.505703449E0,2.949181327E0
1.587184465E1,1.664490581E0,2.102088928E-2,2.542129278E0,3.038649706E0
1.587687027E1,1.729398966E0,3.922080994E-2,2.547393322E0,3.079216100E0
1.588189590E1,1.797818065E0,4.805850983E-2,2.569392443E0,3.136277561E0
1.588692152E1,1.807648659E0,2.840709686E-2,2.550826550E0,3.126518307E0
1.589194715E1,1.825951576E0,4.208564758E-3,2.486965895E0,3.085306505E0
1.589697277E1,1.857483506E0,-1.018047333E-2,2.416171074E0,3.047659967E0
1.590199840E1,1.892707586E0,4.346847534E-3,2.309759378E0,2.986193110E0
1.590702402E1,1.907551646E0,1.908111572E-2,2.182050467E0,2.898354984E0
1.591204965E1,1.887647748E0,3.880310059E-2,2.033118725E0,2.774579509E0
1.591707527E1,1.818753481E0,8.740234375E-2,1.843833089E0,2.591374896E0
1.592210090E1,1.696266413E0,1.313400269E-1,1.623741150E0,2.351830195E0
1.592712652E1,1.549173117E0,1.705732346E-1,1.358685017E0,2.067621229E0
1.593215215E1,1.420724988E0,2.050685883E-1,1.063136101E0,1.786272932E0
1.593717777E1,1.272761703E0,2.061052322E-1,7.421247959E-1,1.487666270E0
1.594220340E1,1.119718909E0,1.641378403E-1,4.341417551E-1,1.212101782E0
1.594722902E1,9.854660034E-1,1.126909256E-1,1.631393433E-1,1.005214870E0
1.595225465E1,8.555716276E-1,5.177307129E-2,-1.138205081E-1,8.646608404E-1
1.595728027E1,7.204470634E-1,-2.817726135E-2,-3.629816771E-1,8.072134954E-1
1.596230590E1,5.751372576E-1,-9.842586517E-2,-6.080750823E-1,8.427489672E-1
1.596733152E1,3.718041778E-1,-1.781196594E-1,-8.392133117E-1,9.350101294E-1
1.597235715E1,1.440240145E-1,-2.815999985E-1,-1.055946469E0,1.102299606E0
1.597738277E1,-9.852671623E-2,-3.801546097E-1,-1.262659431E0,1.322321398E0
1.598240840E1,-3.222121000E-1,-4.690198898E-1,-1.430264473E0,1.539303985E0
1.598743402E1,-5.126664639E-1,-5.290746689E-1,-1.591801763E0,1.754018175E0
1.599245965E1,-6.891155243E-1,-5.698986053E-1,-1.718247175E0,1.937017806E0
1.599748527E1,-8.754360676E-1,-5.915088654E-1,-1.818836093E0,2.103434282E0
1.600251090E1,-1.071658611E0,-5.939083099E-1,-1.879022956E0,2.243191148E0
1.600753652E1,-1.225204825E0,-5.723218918E-1,-1.917867899E0,2.346677756E0
1.601256215E1,-1.364910960E0,-5.650129318E-1,-1.935183287E0,2.434575095E0
1.601758777E1,-1.519577980E0,-5.576000214E-1,-1.926219344E0,2.516019869E0
1.602261340E1,-1.717960358E0,-5.596294403E-1,-1.876423836E0,2.604906776E0
1.602763902E1,-1.969228745E0,-5.854730606E-1,-1.800148129E0,2.731514935E0
1.603266465E1,-2.268236876E0,-6.590433121E-1,-1.716424227E0,2.919819984E0
1.603769027E1,-2.619045258E0,-7.086143494E-1,-1.615509510E0,3.157752893E0
1.604271590E1,-2.958809376E0,-7.438459396E-1,-1.506868720E0,3.402721417E0
1.604774152E1,-3.263083458E0,-7.409048080E-1,-1.419216752E0,3.634670518E0
1.605276715E1,-3.469359875E0,-6.903200150E-1,-1.304901242E0,3.770380208E0
1.605779272E1,-3.611289501E0,-6.064996719E-1,-1.173827887E0,3.845403181E0
1.606281829E1,-3.712979794E0,-4.846982956E-1,-1.098029971E0,3.902155969E0
1.606784387E1,-3.755575895E0,-3.440790176E-1,-1.029852509E0,3.909390856E0
1.607286944E1,-3.763347149E0,-2.228994370E-1,-9.836853743E-1,3.896165145E0
1.607789501E1,-3.745982170E0,-8.765792847E-2,-9.547276497E-1,3.866726163E0
1.608292058E1,-3.698862553E0,4.728794098E-2,-8.710797429E-1,3.800342123E0
1.608794616E1,-3.631568909E0,2.058343887E-1,-7.424039841E-1,3.712387939E0
1.609297173E1,-3.510572433E0,3.640146255E-1,-5.784471631E-1,3.576482431E0
1.609799730E1,-3.383376122E0,4.882955551E-1,-4.177589118E-1,3.443862517E0
1.610302288E1,-3.225628138E0,5.690851212E-1,-2.559761107E-1,3.285431254E0
1.610804845E1,-2.970010757E0,6.350746155E-1,-1.412515342E-1,3.040433466E0
1.611307402E1,-2.649707794E0,6.814403534E-1,-7.381654531E-2,2.736925507E0
1.611809960E1,-2.298104525E0,6.938266754E-1,-4.902203754E-2,2.401058729E0
1.612312517E1,-1.919938803E0,6.531248093E-1,-4.287873954E-2,2.028441670E0
1.612815074E1,-1.519983292E0,5.976362228E-1,-2.764694393E-3,1.633256228E0
1.613317631E1,-1.126961827E0,5.225763321E-1,5.224207044E-2,1.243325467E0
1.613820189E1,-7.695140839E-1,3.992462158E-1,9.806063771E-2,8.724479095E-1
1.614322746E1,-3.902145624E-1,2.994194031E-1,2.111994773E-1,5.352799295E-1
1.614825303E1,-1.313102245E-2,1.943702698E-1,3.721427321E-1,4.200505191E-1
1.615327861E1,3.854063749E-1,9.846878052E-2,5.230076313E-1,6.570929592E-1
1.615830418E1,8.052648306E-1,-2.177143097E-2,6.109477282E-1,1.011030449E0
1.616332975E1,1.198101282E0,-1.423568726E-1,6.167775989E-1,1.355037552E0
1.616835532E1,1.601794600E0,-2.871551514E-1,5.645412207E-1,1.722472297E0
1.617338090E1,2.001567841E0,-4.465274811E-1,4.687600136E-1,2.103662654E0
1.617840647E1,2.439702988E0,-5.916585922E-1,3.534883261E-1,2.535185310E0
1.618343204E1,2.877297401E0,-7.272701263E-1,2.237694710E-1,2.976211509E0
1.618845762E1,3.275409698E0,-8.341331482E-1,1.323129237E-1,3.382542463E0
1.619348319E1,3.599947214E0,-9.265108109E-1,3.595656157E-2,3.717436630E0
1.619850876E1,3.950958729E0,-1.037796974E0,-6.536561251E-2,4.085507325E0
1.620353434E1,4.203466892E0,-1.153495789E0,-1.621106863E-1,4.361876468E0
1.620855991E1,4.366992950E0,-1.273531914E0,-2.545186281E-1,4.556016977E0
1.621358548E1,4.408230782E0,-1.426561356E0,-2.854768038E-1,4.642097902E0
1.621861105E1,4.356248856E0,-1.598190308E0,-2.888107300E-1,4.649142715E0
1.622363663E1,4.235413551E0,-1.745361328E0,-2.601730227E-1,4.588322582E0
1.622866220E1,4.074836254E0,-1.825071335E0,-2.430173159E-1,4.471491171E0
1.623368777E1,3.917818069E0,-1.789591789E0,-2.421790957E-1,4.313999063E0
1.623871335E1,3.735756636E0,-1.639062881E0,-2.146111727E-1,4.085151494E0
1.624373892E1,3.528563976E0,-1.426223755E0,-1.074095964E-1,3.807415758E0
1.624876449E1,3.281678200E0,-1.146343231E0,5.108797550E-2,3.476510404E0
1.625379006E1,3.004515648E0,-8.281869888E-1,2.469479442E-1,3.126338314E0
1.625881564E1,2.711372375E0,-5.005140305E-1,4.662994146E-1,2.796335030E0
1.626384126E1,2.454696178E0,-1.920413971E-1,7.623286247E-1,2.577510070E0
1.626886689E1,2.253129244E0,1.020851135E-1,1.044540167E0,2.485573761E0
1.627389251E1,2.077436924E0,3.915090561E-1,1.332437277E0,2.498882272E0
1.627891814E1,1.898556471E0,6.141042709E-1,1.616659641E0,2.568117817E0
1.628394376E1,1.639968157E0,7.795066833E-1,1.902072549E0,2.629639938E0
1.628896939E1,1.325791240E0,9.021100998E-1,2.212503672E0,2.732525854E0
1.629399501E1,1.037870407E0,9.675350189E-1,2.514248133E0,2.886995439E0
1.629902064E1,7.624666095E-1,9.805459976E-1,2.802069902E0,3.065032059E0
1.630404626E1,5.194433928E-1,1.017654419E0,3.079967260E0,3.285063208E0
1.630907189E1,3.811744452E-1,1.059629440E0,3.328265667E0,3.513610801E0
1.631409751E1,3.577722311E-1,1.096854210E0,3.503217697E0,3.688309147E0
1.631912314E1,4.494469166E-1,1.162838936E0,3.628010988E0,3.836230005E0
1.632414876E1,6.419652700E-1,1.238456726E0,3.706814289E0,3.960601803E0
1.632917439E1,8.824030161E-1,1.328596115E0,3.705499411E0,4.034170126E0
1.633420001E1,1.079434633E0,1.380761147E0,3.690702677E0,4.085702720E0
1.633922564E1,1.213893890E0,1.438125610E0,3.752730608E0,4.198181828E0
1.634425126E1,1.343022227E0,1.491200447E0,3.781062603E0,4.280633351E0
1.634927689E1,1.428358793E0,1.497001648E0,3.751606941E0,4.284364296E0
1.635430251E1,1.445920944E0,1.489072800E0,3.602222443E0,4.157406849E0
1.635932814E1,1.419526339E0,1.438723564E0,3.361916065E0,3.922685324E0
1.636435376E1,1.325459003E0,1.393775940E0,3.121644258E0,3.666621854E0
1.636937939E1,1.187872887E0,1.301547050E0,2.886218309E0,3.381615420E0
1.637440501E1,1.011663795E0,1.185927391E0,2.660671234E0,3.083676187E0
1.637943064E1,8.880471587E-1,1.042045593E0,2.459566832E0,2.814952180E0
1.638445626E1,7.355312705E-1,8.555192947E-1,2.197210073E0,2.469949720E0
1.638948189E1,4.634639025E-1,6.453971863E-1,1.950891018E0,2.106492839E0
1.639450751E1,1.488608122E-1,4.641513824E-1,1.716693401E0,1.784553805E0
1.639953314E1,-2.154004574E-2,3.259744644E-1,1.442849040E0,1.479370365E0
1.640455876E1,-7.677066326E-2,2.785854340E-1,1.154176354E0,1.189801091E0
1.640958439E1,-1.273599863E-1,2.501277924E-1,8.899696469E-1,9.331829676E-1
1.641461001E1,-2.116514444E-1,2.405605316E-1,6.364448667E-1,7.125501888E-1
1.641963564E1,-3.057638407E-1,1.876869202E-1,4.037263989E-1,5.401045375E-1
1.642466126E1,-4.622137547E-1,1.058921814E-1,2.162165791E-1,5.211567117E-1
1.642968689E1,-6.326677799E-1,2.386188507E-2,5.031180382E-2,6.351135229E-1
1.643471251E1,-7.784200907E-1,-4.409027100E-2,-8.434581757E-2,7.842168109E-1
1.643973814E1,-8.800617456E-1,-7.407951355E-2,-1.303527951E-1,8.927420129E-1
1.644476376E1,-8.895612955E-1,-7.571601868E-2,-1.023837924E-1,8.986293201E-1
1.644978939E1,-8.546981812E-1,-6.814765930E-2,-4.878389835E-2,8.587973877E-1
1.645481501E1,-7.661074400E-1,-6.089687347E-2,-8.306920528E-3,7.685688282E-1
1.645984064E1,-6.860202551E-1,-5.394077301E-2,-2.444678545E-2,6.885717411E-1
1.646486626E1,-6.096895933E-1,-6.160163879E-2,-4.033412039E-2,6.141196979E-1
1.646989189E1,-5.322773457E-1,-9.342384338E-2,-8.966917545E-2,5.478026545E-1
1.647491751E1,-4.392926693E-1,-1.589546204E-1,-1.822469532E-1,5.014564513E-1
1.647994314E1,-3.351881504E-1,-2.534141541E-1,-3.417997956E-1,5.416612686E-1
1.648496876E1,-1.670753956E-1,-3.576726913E-1,-5.490534306E-1,6.762422728E-1
1.648999439E1,7.939982414E-2,-4.286804199E-1,-7.941112518E-1,9.059160639E-1
1.649502001E1,4.182634354E-1,-4.807949066E-1,-9.953405857E-1,1.181867558E0
1.650004564E1,8.632672429E-1,-5.235338211E-1,-1.171603560E0,1.546600432E0
1.650507126E1,1.322835445E0,-5.424795151E-1,-1.317936182E0,1.944513672E0
1.651009689E1,1.738990784E0,-5.854005814E-1,-1.448489428E0,2.337713500E0
1.651512251E1,2.101660728E0,-6.187019348E-1,-1.539015293E0,2.677375202E0
1.652014814E1,2.396267891E0,-6.375589371E-1,-1.603651166E0,2.953011728E0
1.652517376E1,2.651342154E0,-6.467266083E-1,-1.647222042E0,3.187665443E0
1.653019939E1,2.881022453E0,-6.653013229E-1,-1.660104156E0,3.390997203E0
1.653522501E1,3.032359838E0,-6.549577713E-1,-1.680734515E0,3.528320334E0
1.654025064E1,3.081257105E0,-6.539564133E-1,-1.685366869E0,3.572431360E0
1.654527626E1,3.023136139E0,-7.053375244E-1,-1.597757936E0,3.491372733E0
1.655030189E1,2.905878544E0,-7.612094879E-1,-1.485158682E0,3.351009744E0
1.655532751E1,2.806206226E0,-8.455018997E-1,-1.414821625E0,3.254441131E0
1.656035314E1,2.666734934E0,-9.390602112E-1,-1.353320122E0,3.134451250E0
1.656537876E1,2.473415852E0,-1.017992973E0,-1.257633090E0,2.955627963E0
1.657040434E1,2.259844303E0,-1.096677780E0,-1.151670694E0,2.763321157E0
1.657542991E1,2.069239616E0,-1.170351982E0,-1.064153194E0,2.604591786E0
1.658045548E1,1.920659542E0,-1.229453087E0,-9.661973715E-1,2.476696455E0
1.658548105E1,1.727979183E0,-1.293131828E0,-8.338881731E-1,2.313757003E0
1.659050663E1,1.496059895E0,-1.342263222E0,-6.864535213E-1,2.123931308E0
1.659553220E1,1.248997450E0,-1.372097015E0,-5.476101041E-1,1.934559814E0
1.660055777E1,9.869883657E-1,-1.358771324E0,-4.317763746E-1,1.734023178E0
1.660558335E1,6.958354712E-1,-1.288009644E0,-3.006891608E-1,1.494513237E0
1.661060892E1,3.952522278E-1,-1.159938812E0,-1.255965829E-1,1.231850995E0
1.661563449E1,1.285763383E-1,-1.041619301E0,6.449538469E-2,1.051504778E0
1.662066006E1,-8.975869417E-2,-9.330492020E-1,1.835324764E-1,9.551552787E-1
1.662568564E1,-2.691030502E-1,-8.198881149E-1,2.747170031E-1,9.055950554E-1
1.663071121E1,-4.189470410E-1,-6.782274246E-1,3.479289711E-1,8.698066633E-1
1.663573678E1,-5.535161495E-1,-5.415887833E-1,4.223509431E-1,8.820877831E-1
1.664076236E1,-6.916420460E-1,-4.243345261E-1,5.123680830E-1,9.596611705E-1
1.664578793E1,-7.804563642E-1,-3.121147156E-1,6.082099676E-1,1.037519685E0
1.665081350E1,-8.627086878E-1,-2.336511612E-1,6.952718496E-1,1.132370121E0
1.665583908E1,-8.474487662E-1,-2.128267288E-1,7.732082605E-1,1.166754319E0
1.666086465E1,-8.064504862E-1,-2.113170624E-1,7.987211943E-1,1.154544427E0
1.666589022E1,-7.158617377E-1,-2.625732422E-1,8.146850467E-1,1.115846970E0
1.667091579E1,-6.140326262E-1,-3.139238358E-1,7.969655991E-1,1.053915749E0
1.667594137E1,-4.771009088E-1,-3.510179520E-1,7.550215721E-1,9.596334999E-1
1.668096694E1,-3.435068727E-1,-3.212556839E-1,7.127043605E-1,8.539026241E-1
1.668599251E1,-1.940419078E-1,-2.821149826E-1,6.842799187E-1,7.651667351E-1
1.669101808E1,-2.390897274E-2,-2.096929550E-1,6.697773933E-1,7.022425016E-1
1.669604366E1,1.620270014E-1,-1.183691025E-1,6.644731164E-1,6.941098732E-1
1.670106923E1,3.445688486E-1,1.401901245E-3,6.588359475E-1,7.435014879E-1
1.670609480E1,5.379226208E-1,9.699249268E-2,6.816714406E-1,8.737529642E-1
1.671112038E1,7.465077639E-1,1.541090012E-1,6.898176074E-1,1.028042683E0
1.671614595E1,9.653811455E-1,1.871585846E-1,6.929338574E-1,1.202973991E0
1.672117152E1,1.194079280E0,1.675071716E-1,7.052526474E-1,1.396876972E0
1.672619710E1,1.413062811E0,1.096000671E-1,6.981152892E-1,1.579912542E0
1.673122267E1,1.612489939E0,8.728981018E-3,6.764960289E-1,1.748670030E0
1.673624824E1,1.830457449E0,-1.159057617E-1,6.644362211E-1,1.950765006E0
1.674127381E1,2.033132553E0,-2.259836197E-1,6.190733910E-1,2.137275939E0
1.674629939E1,2.186777830E0,-3.597478867E-1,6.030708551E-1,2.296760823E0
1.675132496E1,2.300894260E0,-5.171546936E-1,5.783659816E-1,2.428182568E0
1.675635053E1,2.394645929E0,-6.742572784E-1,5.738617182E-1,2.553090143E0
1.676137611E1,2.448951721E0,-8.310546875E-1,5.226836205E-1,2.638411377E0
1.676640168E1,2.463769436E0,-9.636297226E-1,4.680513442E-1,2.686598991E0
1.677142730E1,2.439199686E0,-1.100714684E0,3.957014084E-1,2.705152034E0
1.677645293E1,2.365818501E0,-1.218401909E0,3.200386763E-1,2.680303181E0
1.678147855E1,2.239140272E0,-1.302394867E0,2.266532481E-1,2.600260226E0
1.678650418E1,2.059628963E0,-1.328858376E0,1.203341633E-1,2.454061197E0
1.679152980E1,1.875783205E0,-1.297912598E0,3.474551439E-2,2.281303793E0
1.679655543E1,1.764700651E0,-1.214457512E0,-5.397178233E-2,2.142892529E0
1.680158105E1,1.683529854E0,-1.078582764E0,-1.263744682E-1,2.003393135E0
1.680660668E1,1.651768684E0,-9.142980576E-1,-1.773208678E-1,1.896239282E0
1.681163230E1,1.664687514E0,-7.646970749E-1,-1.921504438E-1,1.841973922E0
1.681665793E1,1.698348522E0,-6.297826767E-1,-1.705540866E-1,1.819368742E0
1.682168355E1,1.728548765E0,-5.286693573E-1,-9.818300605E-2,1.810251923E0
1.682670918E1,1.769282579E0,-4.421901703E-1,3.909757361E-2,1.824122149E0
1.683173480E1,1.777297020E0,-3.703365326E-1,2.454186529E-1,1.831983668E0
1.683676043E1,1.747435212E0,-3.274278641E-1,5.344321132E-1,1.856436509E0
1.684178605E1,1.693811655E0,-2.990703583E-1,8.909060359E-1,1.937047900E0
1.684681168E1,1.573205709E0,-2.900056839E-1,1.280269623E0,2.048943583E0
1.685183730E1,1.428547621E0,-3.240909576E-1,1.653874636E0,2.209317669E0
1.685686293E1,1.250280619E0,-3.677701950E-1,1.977701426E0,2.368493080E0
1.686188855E1,1.062676191E0,-4.210300446E-1,2.213235617E0,2.490975488E0
1.686691418E1,9.280633926E-1,-4.934177399E-1,2.360681295E0,2.584101179E0
1.687193980E1,7.986940145E-1,-5.705690384E-1,2.463483810E0,2.651832129E0
1.687696543E1,7.180559635E-1,-6.429462433E-1,2.498231888E0,2.677712980E0
1.688199105E1,7.102552652E-1,-7.297172546E-1,2.503796577E0,2.702951556E0
1.688701668E1,7.467330694E-1,-7.687282562E-1,2.523742437E0,2.741866025E0
1.689204230E1,8.130164146E-1,-8.174381256E-1,2.563144445E0,2.810499996E0
1.689706793E1,8.801497817E-1,-8.662643433E-1,2.622140408E0,2.898395740E0
1.690209355E1,9.815076590E-1,-8.865194321E-1,2.681762218E0,2.990170996E0
1.690711918E1,1.030709505E0,-9.069232941E-1,2.756391048E0,3.079377138E0
1.691214480E1,1.056215167E0,-8.509263992E-1,2.874470472E0,3.178403170E0
1.691717043E1,1.057857990E0,-7.855539322E-1,3.011746407E0,3.287365955E0
1.692219605E1,1.088072896E0,-6.725168228E-1,3.148622751E0,3.398530084E0
1.692722168E1,1.113105416E0,-4.974765778E-1,3.294201851E0,3.512584867E0
1.693224730E1,1.137455702E0,-2.939271927E-1,3.395392418E0,3.592894145E0
1.693727293E1,8.596460223E-1,-3.315639496E-2,3.686221600E0,3.785276781E0
1.694229855E1,-1.186001778E0,2.560882568E-1,5.741700172E0,5.868500855E0
1.694732418E1,-1.245402455E0,7.794790268E-1,5.385474205E0,5.582288710E0
1.695234980E1,-1.302869081E0,1.249659538E0,4.236683846E0,4.605280319E0
1.695737543E1,-7.663034201E-1,1.618782043E0,3.977532148E0,4.362159812E0
1.696240105E1,-1.234207511E0,1.839127064E0,4.751244068E0,5.242134749E0
1.696742668E1,-1.834007978E0,2.111756802E0,5.435873508E0,6.113249778E0
1.697245230E1,-1.642966509E0,2.350505829E0,5.118860245E0,5.867448066E0
1.697747793E1,-2.293511868E0,2.454964638E0,6.136437893E0,6.995921531E0
1.698250355E1,-4.357225895E0,2.621589184E0,1.159517670E1,1.266121124E1
1.698752918E1,-2.964819908E0,2.821979046E0,9.667629242E0,1.049841788E1
1.699255480E1,-1.573709726E0,2.467935562E0,6.175738335E0,6.834252865E0
1.699758043E1,-1.663863897E0,2.158038139E0,5.667929649E0,6.288958434E0
1.700260605E1,-2.118954659E0,1.854002476E0,5.610252380E0,6.277119228E0
1.700763168E1,-2.774803638E0,1.574914932E0,5.594275951E0,6.440172024E0
1.701265730E1,-3.652992249E0,1.277567863E0,5.555757523E0,6.770743952E0
1.701768293E1,-4.459273338E0,1.004846573E0,5.540541172E0,7.182787190E0
1.702270855E1,-4.957407951E0,8.425998688E-1,5.499166489E0,7.451623998E0
1.702773418E1,-5.165726185E0,8.192052841E-1,4.526982784E0,6.917325888E0
1.703275980E1,-5.370921135E0,7.286300659E-1,2.965829372E0,6.178498157E0
1.703778543E1,-5.763178825E0,6.041412354E-1,1.444931746E0,5.972189260E0
1.704281105E1,-6.192962170E0,5.746459961E-1,-1.054545939E-1,6.220459720E0
1.704783668E1,-6.506237030E0,6.828374863E-1,-1.749728918E0,6.771922815E0
1.705286230E1,-6.663847923E0,8.948488235E-1,-3.374814987E0,7.523097750E0
1.705788793E1,-6.569327354E0,1.138625145E0,-4.532814026E0,8.062191520E0
1.706291355E1,-6.274891376E0,1.404431343E0,-5.074170113E0,8.191086101E0
1.706793918E1,-5.617956638E0,1.701709270E0,-5.108648300E0,7.781743936E0
1.707296480E1,-4.685564995E0,1.929970264E0,-4.718264103E0,6.923967121E0
1.707799043E1,-3.617660999E0,2.008018017E0,-4.114975452E0,5.835463172E0
1.708301605E1,-2.301176310E0,1.974416256E0,-3.430013657E0,4.578070079E0
1.708804163E1,-9.302164316E-1,1.867880344E0,-2.723193407E0,3.430752384E0
1.709306720E1,3.683203459E-1,1.664983273E0,-1.992277741E0,2.622403435E0
1.709809277E1,1.582737207E0,1.356708527E0,-1.215903521E0,2.413324774E0
1.710311835E1,2.730206490E0,1.034520149E0,-3.867877126E-1,2.945142467E0
1.710814392E1,3.799250126E0,8.567619324E-1,4.020896852E-1,3.915356771E0
1.711316949E1,4.582399368E0,7.759456635E-1,1.020405293E0,4.758329812E0
1.711819506E1,4.968860626E0,7.205696106E-1,1.439572334E0,5.223137466E0
1.712322064E1,4.972771645E0,6.191053391E-1,1.369360566E0,5.194891492E0
1.712824621E1,4.565644264E0,4.669694901E-1,7.555708289E-1,4.651242343E0
1.713327178E1,3.872805119E0,2.689962387E-1,1.759653986E-1,3.886121754E0
1.713829736E1,3.162781715E0,5.873298645E-2,-7.562166452E-2,3.164230772E0
1.714332293E1,2.636466503E0,-6.808185577E-2,3.074573278E-1,2.655206352E0
1.714834850E1,2.312425137E0,-9.709072113E-2,1.816596508E0,2.942237158E0
1.715337408E1,1.831173897E0,-2.435331345E-1,3.118911982E0,3.624930093E0
1.715839965E1,9.059998989E-1,-6.890325546E-1,2.148753166E0,2.431613013E0
1.716342522E1,-3.463993073E-1,-1.385685921E0,4.940789938E-1,1.511367594E0
1.716845079E1,-1.378696680E0,-1.721400261E0,3.669134974E-1,2.235765844E0
1.717347637E1,-2.170542002E0,-1.620461464E0,1.512198687E0,3.102239966E0
1.717850194E1,-2.917372704E0,-1.375441551E0,2.984227657E0,4.394145840E0
1.718352751E1,-3.809682846E0,-1.120697021E0,3.322268963E0,5.177558910E0
1.718855309E1,-4.845970154E0,-1.100470543E0,2.847436905E0,5.727334378E0
1.719357866E1,-5.966688156E0,-1.223970413E0,1.848713279E0,6.365313183E0
1.719860423E1,-6.596130371E0,-9.461231232E-1,1.532305717E0,6.837546757E0
1.720362980E1,-6.648070335E0,-2.771825790E-1,2.684324980E0,7.174905572E0
1.720865538E1,-6.668272972E0,1.749038696E-1,2.942703009E0,7.290813178E0
1.721368095E1,-7.038398266E0,3.768186569E-1,2.046480179E0,7.339558813E0
1.721870652E1,-7.000994682E0,6.969404221E-1,1.542894125E0,7.202789375E0
1.722373210E1,-6.589278221E0,1.063279152E0,1.579511046E0,6.858863257E0
1.722875767E1,-6.109573364E0,1.384864807E0,1.504377842E0,6.442661711E0
1.723378324E1,-5.519759655E0,1.542359829E0,7.007756829E-1,5.773881454E0
1.723880881E1,-5.027375698E0,1.732425213E0,1.177914143E-1,5.318804221E0
1.724383439E1,-4.314165592E0,2.017626762E0,3.779393435E-2,4.762800740E0
1.724885996E1,-3.674578905E0,2.202167511E0,3.349646032E-1,4.297007466E0
1.725388553E1,-3.301034451E0,2.114155769E0,5.867730379E-1,3.963683345E0
1.725891111E1,-3.389017105E0,1.787326336E0,4.532626271E-1,3.858162695E0
1.726393668E1,-3.409527779E0,1.293278694E0,-1.176439524E-1,3.648463999E0
1.726896225E1,-2.738349438E0,7.991399765E-1,-9.913853407E-1,3.019938284E0
1.727398783E1,-2.154082537E0,5.628757477E-1,-1.047798872E0,2.460646898E0
1.727901340E1,-1.876514316E0,7.468719482E-1,8.733463287E-2,2.021571424E0
1.728403897E1,-1.318726420E0,8.297262192E-1,6.638546586E-1,1.693572549E0
1.728906460E1,-4.596140385E-1,8.072099686E-1,6.103721857E-1,1.111479736E0
1.729409022E1,1.338144541E-1,7.276239395E-1,4.907643795E-1,8.878021073E-1
1.729911585E1,1.783858538E-1,5.912370682E-1,3.808807135E-1,7.255707419E-1
1.730414147E1,2.868592739E-2,4.268093109E-1,1.278126240E-2,4.279631187E-1
1.730916710E1,-2.137749195E-1,2.055606842E-1,-3.975729942E-1,4.960032226E-1
1.731419272E1,-3.564198017E-1,8.684158325E-3,-6.010842323E-1,6.988653261E-1
1.731921835E1,-4.174876213E-1,-1.831684113E-1,-7.559162378E-1,8.827547448E-1
1.732424397E1,-4.824038744E-1,-2.936220169E-1,-8.621921539E-1,1.030680696E0
1.732926960E1,-5.794281960E-1,-2.941589355E-1,-9.965270758E-1,1.189677572E0
1.733429522E1,-6.987497807E-1,-2.518911362E-1,-1.192211866E0,1.404659936E0
1.733932085E1,-7.878876925E-1,-1.668262482E-1,-1.425047636E0,1.636874698E0
1.734434647E1,-7.950519323E-1,-1.058073044E-1,-1.785629511E0,1.957492148E0
1.734937210E1,-8.501652479E-1,-8.304691315E-2,-2.097129822E0,2.264427351E0
1.735439772E1,-1.058845162E0,-1.175870895E-1,-2.350577831E0,2.580735543E0
1.735942335E1,-1.363192081E0,-2.620620728E-1,-2.326578140E0,2.709231445E0
1.736444897E1,-1.250832558E0,-4.064531326E-1,-2.546942472E0,2.866479059E0
1.736947460E1,-1.018322706E0,-5.221843719E-1,-2.691295385E0,2.924504830E0
1.737450022E1,-6.796891689E-1,-6.333160400E-1,-2.774323463E0,2.925737044E0
1.737952585E1,-5.026561022E-1,-6.920738220E-1,-2.743513584E0,2.873759927E0
1.738455147E1,-4.916527271E-1,-7.176465988E-1,-2.655948162E0,2.794780794E0
1.738957710E1,-5.027409792E-1,-6.909389496E-1,-2.606697559E0,2.743176496E0
1.739460272E1,-3.257789612E-1,-5.736255646E-1,-2.551865339E0,2.635753200E0
1.739962835E1,1.866161823E-1,-4.613227844E-1,-2.524637938E0,2.573216086E0
1.740465397E1,5.982036591E-1,-3.730316162E-1,-2.395832300E0,2.497401172E0
1.740967960E1,9.277063012E-1,-3.086309433E-1,-2.294808149E0,2.494401027E0
1.741470522E1,1.198766708E0,-2.680244446E-1,-2.245537519E0,2.559554156E0
1.741973085E1,1.463878751E0,-2.894105911E-1,-2.176296473E0,2.638743228E0
1.742475647E1,1.646477938E0,-3.248777390E-1,-2.111083508E0,2.696870171E0
1.742978210E1,1.818424225E0,-3.696098328E-1,-2.064060688E0,2.775540418E0
1.743480772E1,1.960602880E0,-4.092388153E-1,-2.035163879E0,2.855404013E0
1.743983335E1,2.073038816E0,-4.293909073E-1,-1.995409369E0,2.909213818E0
1.744485897E1,2.155713320E0,-4.396171570E-1,-1.925455332E0,2.923652065E0
1.744988460E1,2.213359833E0,-4.446830750E-1,-1.825221896E0,2.903125860E0
1.745491022E1,2.222111940E0,-4.158954620E-1,-1.665985942E0,2.808248506E0
1.745993585E1,2.239545345E0,-3.581161499E-1,-1.505327463E0,2.722098694E0
1.746496147E1,2.265433311E0,-2.857055664E-1,-1.319520950E0,2.637224165E0
1.746998710E1,2.309203625E0,-1.891345978E-1,-1.128087759E0,2.576970172E0
1.747501272E1,2.341965437E0,-9.233379364E-2,-9.503625631E-1,2.529133575E0
1.748003835E1,2.377904654E0,-4.858016968E-3,-7.769615054E-1,2.501624137E0
1.748506397E1,2.402527571E0,8.765697479E-2,-6.319674850E-1,2.485800751E0
1.749008960E1,2.377355337E0,1.756753922E-1,-5.105681419E-1,2.437900751E0
1.749511522E1,2.326233387E0,2.305316925E-1,-3.935504556E-1,2.370524961E0
1.750014085E1,2.234865427E0,2.235660553E-1,-2.952137589E-1,2.265338037E0
1.750516647E1,2.079447508E0,1.548280716E-1,-2.299110293E-1,2.097840020E0
1.751019210E1,1.893502951E0,-9.108543396E-3,-1.691635847E-1,1.901066203E0
1.751521772E1,1.648423553E0,-2.203598022E-1,-1.850961447E-1,1.673355681E0
1.752024335E1,1.349135041E0,-4.885158539E-1,-2.017442584E-1,1.448969925E0
1.752526897E1,9.862910509E-1,-7.801208496E-1,-2.579464316E-1,1.283703602E0
1.753029460E1,6.272148490E-1,-1.071338654E0,-3.254576921E-1,1.283389141E0
1.753532022E1,2.339464426E-1,-1.323982239E0,-4.331194758E-1,1.412534030E0
1.754034585E1,-1.786797047E-1,-1.528592110E0,-5.280058384E-1,1.627055758E0
1.754537147E1,-5.957239866E-1,-1.613530159E0,-5.760551691E-1,1.813892555E0
1.755039710E1,-1.002139926E0,-1.617227554E0,-5.237448812E-1,1.973326657E0
1.755542272E1,-1.320568085E0,-1.563736916E0,-3.415549994E-1,2.075050126E0
1.756044835E1,-1.540800691E0,-1.457947731E0,-5.279797316E-2,2.121901501E0
1.756547397E1,-1.595572352E0,-1.352559090E0,3.043984175E-1,2.113746820E0
1.757049960E1,-1.499312878E0,-1.252394676E0,6.243449450E-1,2.050911539E0
1.757552522E1,-1.304977298E0,-1.214864731E0,8.825065494E-1,1.989391835E0
1.758055085E1,-1.032080293E0,-1.235113144E0,1.016197681E0,1.903510425E0
1.758557647E1,-6.907104254E-1,-1.298692703E0,1.001181364E0,1.779339134E0
1.759060210E1,-3.150330782E-1,-1.405451775E0,9.381240606E-1,1.718900022E0
1.759562772E1,-1.125574112E-3,-1.502650261E0,7.651374936E-1,1.686236774E0
1.760065329E1,1.791405678E-1,-1.609377861E0,5.495386720E-1,1.710023741E0
1.760567887E1,3.552680016E-1,-1.773448944E0,2.964779735E-1,1.832821786E0
1.761070444E1,5.223640800E-1,-1.937372208E0,4.438871145E-2,2.007048993E0
1.761573001E1,6.566974521E-1,-2.139440536E0,-1.589736342E-1,2.243597551E0
1.762075558E1,8.060654402E-1,-2.322240829E0,-3.427665234E-1,2.481941348E0
1.762578116E1,1.004015923E0,-2.504997253E0,-5.172368288E-1,2.747834265E0
1.763080673E1,1.235843301E0,-2.620759010E0,-6.590529680E-1,2.971537863E0
1.763583230E1,1.515557766E0,-2.612199783E0,-7.877029181E-1,3.121054139E0
1.764085788E1,1.804486036E0,-2.469861031E0,-9.558382034E-1,3.204685638E0
1.764588345E1,2.082851171E0,-2.184238434E0,-1.120184660E0,3.219313624E0
1.765090902E1,2.321445465E0,-1.760186195E0,-1.256437540E0,3.172695980E0
1.765593460E1,2.477128506E0,-1.259972572E0,-1.363955736E0,3.095815202E0
1.766096017E1,2.593150139E0,-7.267255783E-1,-1.394613028E0,3.032738565E0
1.766598574E1,2.679354191E0,-2.083225250E-1,-1.386496425E0,3.024022072E0
1.767101131E1,2.802804708E0,2.904634476E-1,-1.377865076E0,3.136653538E0
1.767603689E1,2.944389820E0,7.409782410E-1,-1.406640530E0,3.346209459E0
1.768106246E1,3.094335794E0,1.143347740E0,-1.453054667E0,3.604653371E0
1.768608803E1,3.219017506E0,1.459453583E0,-1.492349029E0,3.836558886E0
1.769111361E1,3.327739954E0,1.703848362E0,-1.514057994E0,4.033525016E0
1.769613918E1,3.410508156E0,1.900665760E0,-1.512225628E0,4.186994454E0
1.770116475E1,3.438352585E0,2.059619427E0,-1.418819904E0,4.251746771E0
1.770619032E1,3.382353544E0,2.171234131E0,-1.209308743E0,4.197261105E0
1.771121590E1,3.223585129E0,2.182886124E0,-8.837412000E-1,3.992178781E0
1.771624147E1,2.967169285E0,2.094571114E0,-4.713223577E-1,3.662439963E0
1.772126704E1,2.647298336E0,1.915771008E0,3.073096275E-3,3.267778523E0
1.772629262E1,2.317262173E0,1.694213390E0,4.808230996E-1,2.910541847E0
1.773131819E1,1.991954803E0,1.444104195E0,9.652371407E-1,2.642915739E0
1.773634376E1,1.700408697E0,1.227523804E0,1.426457167E0,2.536332879E0
1.774136934E1,1.428426385E0,1.058699608E0,1.815506935E0,2.541124206E0
1.774639491E1,1.161511540E0,9.423379898E-1,2.169916391E0,2.635459560E0
1.775142048E1,8.946514130E-1,9.166517258E-1,2.465224743E0,2.778126090E0
1.775644605E1,5.892589092E-1,9.337425232E-1,2.720054150E0,2.935608240E0
1.776147163E1,2.548667192E-1,1.003140450E0,2.948237419E0,3.124636249E0
1.776649720E1,-1.371610761E-1,1.096102715E0,3.125207901E0,3.314691350E0
1.777152277E1,-5.531483889E-1,1.241311073E0,3.231485844E0,3.505613652E0
1.777654835E1,-9.784207940E-1,1.429145813E0,3.257256508E0,3.689103545E0
1.778157392E1,-1.369464278E0,1.645205498E0,3.202465296E0,3.852001754E0
1.778659949E1,-1.711810827E0,1.827309132E0,3.057750702E0,3.952112641E0
1.779162506E1,-1.976653576E0,2.013777256E0,2.842632294E0,4.005373460E0
1.779665064E1,-2.216716528E0,2.214200974E0,2.576484680E0,4.056450594E0
1.780167626E1,-2.465517998E0,2.366415024E0,2.273763895E0,4.104716959E0
1.780670189E1,-2.713587284E0,2.503982544E0,1.958408833E0,4.179575299E0
1.781172751E1,-3.066084385E0,2.603024006E0,1.620667100E0,4.336262132E0
1.781675314E1,-3.489142895E0,2.682711124E0,1.255529523E0,4.576834222E0
1.782177876E1,-4.029991150E0,2.671312809E0,8.772069812E-1,4.913881651E0
1.782680439E1,-4.716527939E0,2.602392673E0,4.713160098E-1,5.407422880E0
1.783183001E1,-5.509320259E0,2.452055931E0,1.897715963E-2,6.030385406E0
1.783685564E1,-6.406900406E0,2.220335960E0,-5.319032669E-1,6.801557592E0
1.784188126E1,-7.345646381E0,1.940737247E0,-1.257442355E0,7.701048182E0
1.784690689E1,-8.243005753E0,1.661071301E0,-2.180587292E0,8.686844228E0
1.785193251E1,-9.102558136E0,1.352553368E0,-3.122819662E0,9.717919936E0
1.785695814E1,-9.794200897E0,1.110779762E0,-3.718787193E0,1.053515928E1
1.786198376E1,-1.009706783E1,1.007279396E0,-3.871380568E0,1.086061592E1
1.786700939E1,-9.920554161E0,1.008298874E0,-3.560847282E0,1.058837546E1
1.787203501E1,-9.266077995E0,1.132771492E0,-3.017024040E0,9.810494724E0
1.787706064E1,-8.169667244E0,1.380558014E0,-2.427378178E0,8.633745892E0
1.788208626E1,-6.874121666E0,1.694254398E0,-1.942252040E0,7.341416051E0
1.788711189E1,-5.584680557E0,2.078875542E0,-1.487699270E0,6.141956493E0
1.789213751E1,-4.429944992E0,2.486931801E0,-9.192466736E-1,5.162776081E0
1.789716314E1,-3.465687275E0,2.914017200E0,-1.313494295E-1,4.529871654E0
1.790218876E1,-2.794351578E0,3.307791710E0,5.905842781E-1,4.370203259E0
1.790721439E1,-2.291859627E0,3.716199398E0,5.579831600E-1,4.401602404E0
1.791224001E1,-1.766331315E0,4.148749352E0,-7.744176388E-1,4.575125154E0
1.791726564E1,-1.045109391E0,4.643731594E0,-3.345224619E0,5.817819567E0
1.792229126E1,-5.341415405E-1,5.105592728E0,-5.513933182E0,7.533647418E0
1.792731689E1,-3.898853064E-1,5.419769287E0,-6.131850243E0,8.193015139E0
1.793234251E1,-3.810904026E-1,5.447767735E0,-5.280340195E0,7.596406766E0
1.793736814E1,-5.159926414E-1,4.768883228E0,-2.701112747E0,5.504952836E0
1.794239376E1,-1.145425797E0,2.723470211E0,3.876082003E-1,2.979854084E0
1.794741939E1,-1.756260991E0,-1.218301773E0,2.056376457E0,2.966040460E0
1.795244501E1,-1.741454720E0,-4.113243103E0,1.516604424E0,4.717151932E0
1.795747064E1,-2.140197277E0,-6.627130508E0,-1.932547688E-1,6.966824999E0
1.796249626E1,-2.890357494E0,-1.191677475E1,-1.205915809E0,1.232144147E1
1.796752189E1,-3.584621906E0,-1.917084503E1,-1.564460754E0,1.956574432E1
1.797254751E1,-3.983091593E0,-2.473851585E1,-1.691498041E0,2.511414643E1
1.797757314E1,-3.173138618E0,-2.655646515E1,-1.311572433E0,2.677750683E1
1.798259876E1,-1.244324923E0,-2.394108391E1,2.238401026E-1,2.397444363E1
1.798762439E1,8.094198704E-1,-1.839468384E1,2.014043808E0,1.852230889E1
1.799265001E1,3.300107241E0,-1.262230968E1,3.160653114E0,1.342397622E1
1.799767564E1,5.113204002E0,-7.703921318E0,4.165091515E0,1.014116592E1
1.800270126E1,5.668275356E0,-3.862144470E0,5.156689644E0,8.581197673E0
1.800772689E1,5.670236111E0,-1.171431541E0,5.787338257E0,8.186398079E0
1.801275251E1,5.503684998E0,7.240152359E-1,5.997691631E0,8.172334521E0
1.801777814E1,5.036805153E0,2.155377388E0,6.460983276E0,8.471089820E0
1.802280376E1,4.783022404E0,3.209336281E0,6.851225376E0,8.950778281E0
1.802782939E1,4.890209198E0,4.058392048E0,6.911951065E0,9.389342871E0
1.803285501E1,5.050659180E0,4.793392658E0,6.360006809E0,9.430559789E0
1.803788064E1,4.866645336E0,5.294450760E0,5.191095829E0,8.869212005E0
1.804290626E1,4.386732578E0,5.604326725E0,3.769130230E0,8.053461581E0
1.804793189E1,3.722601414E0,5.799192905E0,2.562315702E0,7.352133119E0
1.805295751E1,3.138986111E0,6.022221565E0,1.697578669E0,7.000154264E0
1.805798314E1,2.694407463E0,6.325692177E0,1.190636635E0,6.977953044E0
1.806300876E1,2.284532547E0,6.637582779E0,8.554989100E-1,7.071666882E0
1.806803439E1,1.852898121E0,6.919489861E0,5.491879582E-1,7.184300856E0
1.807306001E1,1.338452578E0,7.037423134E0,3.582486808E-1,7.172525482E0
1.807808564E1,7.568111420E-1,6.781053066E0,4.785082936E-1,6.839913302E0
1.808311126E1,3.670442104E-1,6.064674377E0,8.552328348E-1,6.135667849E0
1.808813689E1,1.967332959E-1,5.051474571E0,9.982531071E-1,5.152922336E0
1.809316251E1,5.161166191E-3,3.904470921E0,7.882410288E-1,3.983245376E0
1.809818814E1,-2.320712805E-1,2.638247013E0,2.331278324E-1,2.658675040E0
1.810321376E1,-4.860675335E-1,1.305740356E0,-4.231015444E-1,1.456102483E0
1.810823939E1,-6.655672789E-1,-6.393241882E-2,-9.412503242E-1,1.154564563E0
1.811326501E1,-6.275504827E-1,-1.269364357E0,-1.317529440E0,1.934163722E0
1.811829064E1,-2.830317020E-1,-2.176218033E0,-1.539725780E0,2.680818410E0
1.812331621E1,2.164641023E-1,-2.774646759E0,-1.549474239E0,3.185340133E0
1.812834178E1,6.279613972E-1,-3.203216553E0,-1.214319944E0,3.482743850E0
1.813336736E1,6.754337549E-1,-3.524088860E0,-6.434006691E-1,3.645459843E0
1.813839293E1,3.517643809E-1,-3.637004852E0,-2.321088314E-2,3.654049975E0
1.814341850E1,-5.247350931E-1,-3.403949738E0,5.599880219E-1,3.489384948E0
1.814844408E1,-1.845826387E0,-3.007817268E0,1.178226709E0,3.720518506E0
1.815346965E1,-3.328883648E0,-2.559689522E0,1.660443187E0,4.515589482E0
1.815849522E1,-4.681006432E0,-2.093914986E0,1.894636393E0,5.466804207E0
1.816352079E1,-5.662356377E0,-1.620694160E0,1.856302977E0,6.175337241E0
1.816854637E1,-6.264278412E0,-1.130824089E0,1.660774231E0,6.578610658E0
1.817357194E1,-6.464881897E0,-6.532106400E-1,1.213575602E0,6.610154902E0
1.817859751E1,-6.243705750E0,-1.783428192E-1,5.736684799E-1,6.272540408E0
1.818362308E1,-5.615422726E0,3.608121872E-1,-2.185752392E-1,5.631246128E0
1.818864866E1,-4.629718304E0,8.352670670E-1,-1.031650066E0,4.816250046E0
1.819367423E1,-3.495394230E0,1.125904083E0,-1.834514141E0,4.104982699E0
1.819869980E1,-2.397340298E0,1.281178474E0,-2.558300018E0,3.732768111E0
1.820372538E1,-1.291080236E0,1.306509018E0,-3.148963451E0,3.645521199E0
1.820875095E1,-2.183949947E-1,1.255179405E0,-3.600775480E0,3.819522977E0
1.821377652E1,5.691167116E-1,1.146924973E0,-3.956069469E0,4.158102496E0
1.821880210E1,1.127256632E0,9.631156921E-1,-4.147302151E0,4.404363119E0
1.822382767E1,1.521973133E0,7.520284653E-1,-4.274536133E0,4.599305185E0
1.822885324E1,1.671887636E0,5.378370285E-1,-4.399518967E0,4.737113475E0
1.823387881E1,1.559022427E0,3.062620163E-1,-4.311345577E0,4.594784874E0
1.823890439E1,1.309614420E0,1.337032318E-1,-3.933820248E0,4.148241582E0
1.824392996E1,1.150421858E0,8.680152893E-2,-3.377532959E0,3.569136288E0
1.824895553E1,1.087509155E0,1.603288651E-1,-2.715188265E0,2.929271039E0
1.825398111E1,1.154749990E0,2.439117432E-1,-2.038762569E0,2.355736252E0
1.825900668E1,1.308750272E0,3.087291718E-1,-1.526043773E0,2.033949501E0
1.826403225E1,1.343207121E0,4.121437073E-1,-1.124944806E0,1.799880169E0
1.826905782E1,1.305750370E0,5.157966614E-1,-7.019979358E-1,1.569659621E0
1.827408340E1,1.287308097E0,6.004629135E-1,-2.960780859E-1,1.450992791E0
1.827910897E1,1.373463273E0,6.948423386E-1,1.097607613E-2,1.539262067E0
1.828413454E1,1.439206123E0,7.511100769E-1,3.670904636E-1,1.664402602E0
1.828916012E1,1.431810856E0,7.453641891E-1,7.717454433E-1,1.789201255E0
1.829418569E1,1.394200444E0,6.680831909E-1,1.123918295E0,1.911366622E0
1.829921126E1,1.398172855E0,5.527467728E-1,1.451643705E0,2.089900901E0
1.830423684E1,1.362218857E0,4.376173019E-1,1.773424387E0,2.278636253E0
1.830926241E1,1.219706297E0,2.891416550E-1,1.988416195E0,2.350550002E0
1.831428798E1,9.190008640E-1,1.119756699E-1,2.172906160E0,2.361910735E0
1.831931355E1,5.473649502E-1,-6.056594849E-2,2.297779083E0,2.362851104E0
1.832433918E1,3.210382462E-1,-2.286710739E-1,2.286293030E0,2.320019792E0
1.832936480E1,2.067852020E-1,-3.589630127E-1,2.219683886E0,2.258010433E0
1.833439043E1,1.565047503E-1,-4.466619492E-1,2.074306965E0,2.127616041E0
1.833941605E1,2.749316692E-1,-4.965372086E-1,1.902826667E0,1.985670150E0
1.834444168E1,4.460413456E-1,-4.271612167E-1,1.791280270E0,1.894757133E0
1.834946730E1,5.972026587E-1,-2.768068314E-1,1.787253857E0,1.904612660E0
1.835449293E1,6.944335699E-1,-1.267890930E-1,1.775635362E0,1.910809879E0
1.835951855E1,6.944481134E-1,1.337623596E-2,1.746693373E0,1.879727332E0
1.836454418E1,6.499752998E-1,2.058544159E-1,1.748012900E0,1.876271044E0
1.836956980E1,6.615815163E-1,4.649076462E-1,1.769888401E0,1.945850502E0
1.837459543E1,7.674014568E-1,7.473850250E-1,1.754588723E0,2.055740976E0
1.837962105E1,8.857252598E-1,9.289731979E-1,1.711789846E0,2.139561852E0
1.838464668E1,9.446169734E-1,1.024215698E0,1.680155396E0,2.182714177E0
1.838967230E1,8.055837154E-1,1.023664474E0,1.631352305E0,2.087621715E0
1.839469793E1,5.460714102E-1,9.799423218E-1,1.575335860E0,1.933950364E0
1.839972355E1,3.247005939E-1,9.599428177E-1,1.502762318E0,1.812516282E0
1.840474918E1,1.945730448E-1,9.683465958E-1,1.404533744E0,1.717052369E0
1.840977480E1,2.081435919E-1,1.014739990E0,1.305093527E0,1.666220308E0
1.841480043E1,3.173567057E-1,1.065606117E0,1.252333760E0,1.674685500E0
1.841982605E1,4.163453579E-1,1.073237419E0,1.131636739E0,1.614244010E0
1.842485168E1,5.096144676E-1,1.099940300E0,1.000703931E0,1.571936362E0
1.842987730E1,6.157858372E-1,1.078849792E0,8.883359432E-1,1.527170527E0
1.843490293E1,7.438607216E-1,1.043601990E0,7.944595814E-1,1.507846117E0
1.843992855E1,7.643339634E-1,1.037302971E0,7.763085365E-1,1.504280162E0
1.844495418E1,7.013218403E-1,9.546861649E-1,7.955482006E-1,1.426946017E0
1.844997980E1,5.265928507E-1,7.861938477E-1,6.847169399E-1,1.168006029E0
1.845500543E1,2.265679836E-1,5.749082565E-1,5.305023193E-1,8.144232717E-1
1.846003105E1,-8.755218983E-2,3.876752853E-1,4.002732038E-1,5.640710510E-1
1.846505668E1,-2.809563875E-1,2.769584656E-1,3.374332190E-1,5.191374198E-1
1.847008230E1,-2.913600206E-1,1.899976730E-1,2.749061584E-1,4.433544556E-1
1.847510793E1,-1.049548388E-1,1.555185318E-1,2.461400032E-1,3.094938337E-1
1.848013355E1,3.832042217E-2,8.267211914E-2,2.030684948E-1,2.225757121E-1
1.848515918E1,8.066904545E-2,9.805679321E-3,1.406356096E-1,1.624254319E-1
1.849018480E1,4.602003098E-2,-7.745742798E-2,5.858433247E-2,1.074691603E-1
1.849521043E1,-3.191959858E-2,-1.505002975E-1,4.269218445E-2,1.596615888E-1
1.850023605E1,-1.338866949E-1,-1.998682022E-1,1.124620438E-2,2.408306925E-1
1.850526168E1,-1.546589136E-1,-2.974462509E-1,3.543508053E-2,3.371191135E-1
1.851028730E1,-1.948797703E-1,-3.667364120E-1,8.131635189E-2,4.231856211E-1
1.851531293E1,-1.923555136E-1,-4.748315811E-1,6.718862057E-2,5.167010594E-1
1.852033855E1,-1.474007368E-1,-5.690975189E-1,3.121280670E-2,5.887046820E-1
1.852536418E1,-1.265525818E-2,-6.495475769E-1,-6.022286415E-2,6.524561315E-1
1.853038980E1,1.012933254E-1,-7.400550842E-1,-1.544122696E-1,7.627483297E-1
1.853541543E1,1.750682592E-1,-8.022584915E-1,-2.174949646E-1,8.494537317E-1
1.854044105E1,2.660176754E-1,-8.600416183E-1,-2.730212212E-1,9.407324679E-1
1.854546668E1,3.359404802E-1,-9.085559845E-1,-4.782605171E-1,1.080306950E0
1.855049230E1,3.753054142E-1,-9.476232529E-1,-7.412488461E-1,1.260275301E0
1.855551793E1,3.747442961E-1,-9.388570786E-1,-9.894282818E-1,1.414515545E0
1.856054355E1,3.919448853E-1,-9.060964584E-1,-1.188627720E0,1.545143178E0
1.856556918E1,3.889635801E-1,-8.731822968E-1,-1.343101263E0,1.648532982E0
1.857059480E1,3.230142593E-1,-8.687219620E-1,-1.447719097E0,1.718984189E0
1.857562043E1,2.567249537E-1,-8.879432678E-1,-1.502547503E0,1.764086150E0
1.858064605E1,1.901439428E-1,-9.978799820E-1,-1.436379671E0,1.759291260E0
1.858567168E1,1.329945326E-1,-1.213201523E0,-1.236495018E0,1.737373135E0
1.859069730E1,2.754497528E-2,-1.524790764E0,-9.482727051E-1,1.795819234E0
1.859572293E1,-1.694769859E-1,-1.899776459E0,-7.416479588E-1,2.046439527E0
1.860074855E1,-3.624579906E-1,-2.367375374E0,-7.377932072E-1,2.506028885E0
1.860577418E1,-6.376684904E-1,-2.798619270E0,-9.465157986E-1,3.022380367E0
1.861079980E1,-9.852710962E-1,-3.231795311E0,-1.342934847E0,3.635757702E0
1.861582543E1,-1.351959229E0,-3.657060623E0,-1.810387135E0,4.298765838E0
1.862085105E1,-1.689127088E0,-4.011799812E0,-2.318012714E0,4.931619510E0
1.862587668E1,-1.981906652E0,-4.309937477E0,-2.825585842E0,5.521544203E0
1.863090230E1,-2.124676228E0,-4.507939339E0,-3.326537371E0,5.991795810E0
1.863592793E1,-2.094082117E0,-4.634089470E0,-3.786242485E0,6.339999786E0
1.864095355E1,-2.025172710E0,-4.702308655E0,-4.294855595E0,6.682725175E0
1.864597918E1,-2.043486118E0,-4.831603050E0,-4.865762711E0,7.155128951E0
1.865100475E1,-2.197843075E0,-5.035568237E0,-5.555284023E0,7.813363055E0
1.865603032E1,-2.598671913E0,-5.227123260E0,-6.328078270E0,8.609325635E0
1.866105590E1,-3.192618608E0,-5.414875984E0,-7.028785706E0,9.429608900E0
1.866608147E1,-3.925178528E0,-5.554823875E0,-7.501884937E0,1.012627140E1
1.867110704E1,-4.616806984E0,-5.612687111E0,-7.745076180E0,1.062089301E1
1.867613262E1,-5.112070084E0,-5.587957382E0,-7.833121300E0,1.089570179E1
1.868115819E1,-5.414244175E0,-5.566510201E0,-7.764960289E0,1.098156110E1
1.868618376E1,-5.475320816E0,-5.553305626E0,-7.550484180E0,1.085486770E1
1.869120934E1,-5.458735466E0,-5.606349945E0,-7.234197140E0,1.065657360E1
1.869623491E1,-5.394327164E0,-5.683642387E0,-6.852230072E0,1.040940024E1
1.870126048E1,-5.182816982E0,-5.657245636E0,-6.402671337E0,9.993008571E0
1.870628605E1,-4.705587387E0,-5.437644005E0,-5.974493980E0,9.349069649E0
1.871131163E1,-3.954046011E0,-4.992559433E0,-5.598639488E0,8.479675328E0
1.871633720E1,-3.039278984E0,-4.361152649E0,-5.357944489E0,7.547478938E0
1.872136277E1,-2.043764591E0,-3.606157303E0,-5.272433758E0,6.706705743E0
1.872638835E1,-1.040480614E0,-2.885615349E0,-5.270654678E0,6.098292924E0
1.873141392E1,-1.643128395E-1,-2.208929062E0,-5.285429478E0,5.730805447E0
1.873643949E1,5.657280087E-1,-1.614082336E0,-5.258437157E0,5.529599560E0
1.874146506E1,1.169528365E0,-1.096018791E0,-5.255441666E0,5.494426348E0
1.874649064E1,1.757992506E0,-6.210184097E-1,-5.150614262E0,5.477684619E0
1.875151621E1,2.365276098E0,-1.316413879E-1,-4.617704391E0,5.189899259E0
1.875654178E1,2.877403259E0,3.812313080E-1,-3.580865860E0,4.609488815E0
1.876156736E1,3.266222000E0,8.549098969E-1,-2.892644882E0,4.445950011E0
1.876659293E1,3.708445072E0,1.145587921E0,-2.591717958E0,4.667112439E0
1.877161850E1,3.912103653E0,1.310486794E0,-1.937224865E0,4.557934928E0
1.877664408E1,3.911313772E0,1.387474060E0,-9.359490275E-1,4.254346045E0
1.878166965E1,3.926808357E0,1.447827339E0,1.130931377E-1,4.186743118E0
1.878669522E1,3.848667383E0,1.500748634E0,1.092993140E0,4.273069283E0
1.879172079E1,3.657608986E0,1.550841808E0,2.001900673E0,4.448687460E0
1.879674637E1,3.405911446E0,1.622023106E0,2.737924576E0,4.661268359E0
1.880177194E1,3.045376301E0,1.628334522E0,3.329042435E0,4.796698204E0
1.880679751E1,2.518735886E0,1.503090858E0,3.866006374E0,4.852763942E0
1.881182308E1,1.831651449E0,1.193967819E0,4.239040375E0,4.769692808E0
1.881684866E1,1.229482412E0,8.638544083E-1,4.630970001E0,4.868650182E0
1.882187423E1,9.286641479E-1,6.084251404E-1,5.009413719E0,5.130967166E0
1.882689980E1,8.911482096E-1,3.511171341E-1,5.236783981E0,5.323658032E0
1.883192538E1,1.020472765E0,8.733463287E-2,5.300100803E0,5.398153437E0
1.883695095E1,1.353150249E0,-2.208633423E-1,5.363026142E0,5.535507710E0
1.884197652E1,1.724116087E0,-5.777893066E-1,5.502691269E0,5.795345371E0
1.884700215E1,2.073628187E0,-9.733791351E-1,5.580554485E0,6.032411555E0
1.885202777E1,2.146353006E0,-1.392857552E0,5.539386272E0,6.101777090E0
1.885705340E1,2.027696848E0,-1.816844940E0,5.493857384E0,6.131472009E0
1.886207902E1,1.841954350E0,-2.240458488E0,5.376463413E0,6.108912252E0
1.886710465E1,1.732650638E0,-2.524948120E0,5.315483093E0,6.134476486E0
1.887213027E1,1.632921219E0,-2.694341660E0,5.323802471E0,6.186176641E0
1.887715590E1,1.443175435E0,-2.744020462E0,5.409229279E0,6.234754608E0
1.888218152E1,1.174451351E0,-2.631158829E0,5.694023132E0,6.381554058E0
1.888720715E1,8.379801512E-1,-2.356001854E0,5.946160316E0,6.450564160E0
1.889223277E1,4.882221222E-1,-1.890087128E0,6.110658646E0,6.414899787E0
1.889725840E1,1.262551546E-1,-1.228701591E0,6.175314426E0,6.297631001E0
1.890228402E1,-1.803531647E-1,-4.913892746E-1,5.931926727E0,5.954976522E0
1.890730965E1,-4.266824722E-1,2.645578384E-1,5.269932747E0,5.293792586E0
1.891233527E1,-7.083928585E-1,9.865322113E-1,4.362908840E0,4.528801143E0
1.891736090E1,-1.039493799E0,1.607417583E0,3.313858271E0,3.827008660E0
1.892238652E1,-1.371607065E0,2.079168320E0,2.140140772E0,3.283968539E0
1.892741215E1,-1.684804201E0,2.368016243E0,7.736493945E-1,3.007424065E0
1.893243777E1,-1.829999924E0,2.464107990E0,-6.666483283E-1,3.140883300E0
1.893746340E1,-1.821362495E0,2.376829147E0,-1.841393948E0,3.515310769E0
1.894248902E1,-1.582570791E0,2.206575394E0,-2.550892115E0,3.725661801E0
1.894751465E1,-1.181595325E0,1.977321625E0,-2.624994516E0,3.492358019E0
1.895254027E1,-6.531424522E-1,1.703609943E0,-2.220537663E0,2.873964059E0
1.895756590E1,9.760856628E-4,1.414548874E0,-1.500488043E0,2.062138171E0
1.896259152E1,6.735782623E-1,1.158456802E0,-6.671222448E-1,1.496924156E0
1.896761715E1,1.262664557E0,9.405317307E-1,2.157367468E-1,1.589170873E0
1.897264277E1,1.719169378E0,7.659721375E-1,1.150834084E0,2.206054341E0
1.897766840E1,2.075745583E0,6.686058044E-1,2.006975174E0,2.963731228E0
1.898269402E1,2.322481155E0,6.007909775E-1,2.648597240E0,3.573504702E0
1.898771965E1,2.425811529E0,5.913734436E-1,3.098748922E0,3.979513665E0
1.899274527E1,2.419591188E0,6.116495132E-1,3.375840425E0,4.198194281E0
1.899777090E1,2.390429974E0,6.567888260E-1,3.532001495E0,4.315154874E0
1.900279652E1,2.333966732E0,7.745647430E-1,3.533249378E0,4.304788313E0
1.900782215E1,2.341383219E0,9.457626343E-1,3.407926083E0,4.241521251E0
1.901284777E1,2.331486940E0,1.151189804E0,3.261191368E0,4.170903794E0
1.901787340E1,2.313991785E0,1.386016369E0,3.150484800E0,4.147427375E0
1.902289902E1,2.317682743E0,1.659777164E0,3.051876783E0,4.176178329E0
1.902792465E1,2.333078623E0,1.929361343E0,2.979861498E0,4.247971940E0
1.903295027E1,2.307753801E0,2.213846684E0,2.939430237E0,4.343626925E0
1.903797590E1,2.299252510E0,2.494040966E0,2.945174217E0,4.492310499E0
1.904300152E1,2.288624763E0,2.788999557E0,2.968697309E0,4.672203501E0
1.904802715E1,2.290383816E0,3.084274292E0,2.991265774E0,4.868909206E0
1.905305277E1,2.347485781E0,3.341580868E0,2.970416784E0,5.049775050E0
1.905807840E1,2.388179541E0,3.537003994E0,2.925704479E0,5.174315942E0
1.906310402E1,2.402999878E0,3.689712524E0,2.866901159E0,5.254284840E0
1.906812965E1,2.415969372E0,3.785377502E0,2.770168304E0,5.276345637E0
1.907315527E1,2.374835014E0,3.857458115E0,2.635319948E0,5.240680841E0
1.907818090E1,2.275134802E0,3.915455818E0,2.452949047E0,5.150144819E0
1.908320652E1,2.222524166E0,3.925791740E0,2.194421768E0,5.016666359E0
1.908823215E1,2.226647377E0,3.898050308E0,1.955438018E0,4.896579683E0
1.909325777E1,2.167963505E0,3.827480316E0,1.692790747E0,4.713301586E0
1.909828340E1,2.137273788E0,3.714204788E0,1.439718485E0,4.520624489E0
1.910330902E1,2.091523170E0,3.563066006E0,1.162568569E0,4.292024489E0
1.910833465E1,2.025961876E0,3.383711338E0,8.801243305E-1,4.040871537E0
1.911336027E1,1.887846828E0,3.195368290E0,5.492133498E-1,3.751796830E0
1.911838590E1,1.624855161E0,2.983646393E0,1.267877817E-1,3.399761055E0
1.912341152E1,1.242490768E0,2.767500877E0,-3.675690293E-1,3.055806180E0
1.912843715E1,7.846173048E-1,2.551475048E0,-9.811810255E-1,2.844005176E0
1.913346277E1,3.428573608E-1,2.349657536E0,-1.622443438E0,2.875893672E0
1.913848840E1,-1.043391228E-2,2.176126003E0,-2.247665882E0,3.128519645E0
1.914351402E1,-2.320537567E-1,2.016405106E0,-2.732410431E0,3.403792776E0
1.914853965E1,-3.221850395E-1,1.884840012E0,-3.100848675E0,3.643032744E0
1.915356527E1,-3.100385666E-1,1.767206192E0,-3.286665678E0,3.744504362E0
1.915859090E1,-2.393054962E-1,1.644604683E0,-3.219168186E0,3.622849085E0
1.916361652E1,-1.441185474E-1,1.569950581E0,-2.942812443E0,3.338511653E0
1.916864215E1,-4.444169998E-2,1.500530720E0,-2.530812740E0,2.942546624E0
1.917366777E1,2.082705498E-2,1.393661022E0,-2.080403805E0,2.504157503E0
1.917869335E1,-3.021359444E-2,1.230570316E0,-1.736077547E0,2.128187354E0
1.918371892E1,-2.598989010E-1,1.016272545E0,-1.613110304E0,1.924183509E0
1.918874449E1,-6.488049030E-1,7.316188812E-1,-1.792132497E0,2.041556484E0
1.919377006E1,-1.120096684E0,2.952136993E-1,-2.367326260E0,2.635526765E0
1.919879564E1,-1.754355192E0,-2.835702896E-1,-3.374921799E0,3.814219631E0
1.920382121E1,-2.555367470E0,-9.093656540E-1,-4.602047443E0,5.341880705E0
1.920884678E1,-3.531264544E0,-1.563549042E0,-5.903059006E0,7.054120817E0
1.921387236E1,-4.675445557E0,-2.241943359E0,-7.017859459E0,8.725620469E0
1.921889793E1,-5.861428261E0,-2.902152061E0,-7.730215073E0,1.012595936E1
1.922392350E1,-6.886497498E0,-3.477844238E0,-7.748171329E0,1.093404807E1
1.922894908E1,-7.596490860E0,-3.892985344E0,-6.910219669E0,1.098240157E1
1.923397465E1,-7.752520561E0,-4.071312904E0,-5.538301945E0,1.036098220E1
1.923900022E1,-7.294279099E0,-3.936178207E0,-3.964422703E0,9.187853602E0
1.924402579E1,-6.215800762E0,-3.439284325E0,-2.543478489E0,7.545471397E0
1.924905137E1,-5.104792118E0,-2.699534416E0,-1.443366408E0,5.952284874E0
1.925407694E1,-3.787588120E0,-1.634861946E0,-6.976205111E-1,4.183930177E0
1.925910251E1,-2.488488197E0,-3.974990845E-1,-2.426642179E-1,2.531692113E0
1.926412809E1,-1.392140865E0,7.406692505E-1,2.285260558E-1,1.593383597E0
1.926915366E1,-2.331895828E-1,1.632445335E0,1.050527215E0,1.955214204E0
1.927417923E1,9.909678698E-1,2.111435413E0,2.294456005E0,3.271804576E0
1.927920480E1,1.633547783E0,1.757548332E0,3.347735643E0,4.118833383E0
1.928423038E1,1.404757142E0,7.195281982E-1,4.129257202E0,4.420614041E0
1.928925595E1,9.217642546E-1,-7.782678604E-1,4.418099403E0,4.579841978E0
1.929428152E1,6.480727196E-1,-2.669531822E0,4.337688923E0,5.134388337E0
1.929930710E1,6.818060875E-1,-4.973643303E0,4.193123817E0,6.540968934E0
1.930433267E1,8.138720989E-1,-7.700119972E0,4.313755512E0,8.863561474E0
1.930935824E1,4.860250950E-1,-1.116937733E1,4.685606003E0,1.212213322E1
1.931438381E1,-2.029757500E-1,-1.576888371E1,5.076697826E0,1.656718906E1
1.931940939E1,-8.473885059E-1,-2.076194763E1,5.494480133E0,2.149339081E1
1.932443496E1,-6.250994205E-1,-2.404957008E1,5.666304111E0,2.471597809E1
1.932946053E1,5.430452824E-1,-2.445302773E1,5.398667812E0,2.504777589E1
1.933448611E1,1.544100523E0,-2.296587181E1,5.415703773E0,2.364625471E1
1.933951168E1,2.298830509E0,-1.880117416E1,6.244342804E0,1.994393614E1
1.934453725E1,3.106754780E0,-1.318086147E1,6.823757172E0,1.516412531E1
1.934956282E1,3.796730518E0,-8.171651840E0,6.956232548E0,1.138333113E1
1.935458840E1,4.732631683E0,-3.977341652E0,6.784964561E0,9.178932038E0
1.935961397E1,5.665355682E0,-6.293478012E-1,6.420432091E0,8.585702178E0
1.936463954E1,6.408869743E0,1.974631310E0,5.916389465E0,8.942955021E0
1.936966512E1,6.811750889E0,3.922140121E0,5.265110970E0,9.460683211E0
1.937469074E1,6.876938820E0,5.429447651E0,4.655374527E0,9.921879928E0
1.937971637E1,6.623145580E0,6.520911694E0,4.199366093E0,1.019916772E1
1.938474199E1,6.562184334E0,7.364281654E0,3.779032230E0,1.056295376E1
1.938976762E1,6.449560165E0,8.141480446E0,3.749947786E0,1.104276408E1
1.939479324E1,4.934434414E0,9.698398590E0,8.592620850E0,1.386508966E1
1.939981887E1,4.510631084E0,1.076041031E1,7.977505684E0,1.413410131E1
1.940484449E1,4.820291519E0,1.100200558E1,4.648802280E0,1.287985635E1
1.940987012E1,5.336451530E0,1.088327026E1,1.847002625E0,1.226110539E1
1.941489574E1,5.947666168E0,1.050083351E1,1.973556280E-1,1.206984617E1
1.941992137E1,6.470373154E0,9.889245987E0,-5.399166346E-1,1.183023351E1
1.942494699E1,6.564151287E0,9.302758217E0,-8.248763084E-1,1.141533239E1
1.942997262E1,6.549510956E0,8.789424896E0,-9.440838099E-1,1.100188066E1
1.943499824E1,6.445136070E0,8.291937828E0,-1.119935274E0,1.056173598E1
1.944002387E1,5.954413414E0,7.781572342E0,-1.395915747E0,9.897297004E0
1.944504949E1,5.479260921E0,7.258298874E0,-1.824063540E0,9.275365792E0
1.945007512E1,5.205360889E0,6.703065872E0,-2.336108208E0,8.802515302E0
1.945510074E1,4.929865360E0,5.690551758E0,-3.080021620E0,8.134647193E0
1.946012637E1,4.521001339E0,3.671821117E0,-4.122019291E0,7.135318245E0
1.946515199E1,3.861611366E0,9.975061417E-1,-5.574682713E0,6.854498391E0
1.947017762E1,2.912677288E0,-1.643296242E0,-6.776358128E0,7.556662027E0
1.947520324E1,1.823302269E0,-4.084085464E0,-7.192090034E0,8.469376855E0
1.948022887E1,5.476022959E-1,-6.101157188E0,-7.123751163E0,9.395308295E0
1.948525449E1,-9.294980764E-1,-7.337021828E0,-7.364430428E0,1.043698671E1
1.949028012E1,-2.548798561E0,-7.907996178E0,-7.484406948E0,1.118253661E1
1.949530574E1,-4.173252583E0,-7.858360291E0,-6.765826702E0,1.117793695E1
1.950033137E1,-5.489777088E0,-7.710330009E0,-5.599425793E0,1.099729105E1
1.950535699E1,-6.154537201E0,-7.301389694E0,-4.325840950E0,1.048339256E1
1.951038262E1,-5.961750507E0,-6.292044640E0,-3.104947805E0,9.207225192E0
1.951540824E1,-5.197400093E0,-4.916990280E0,-2.098000526E0,7.455961866E0
1.952043387E1,-4.326205254E0,-3.592301369E0,-1.169626474E0,5.743579642E0
1.952545949E1,-3.543913603E0,-2.489763260E0,-1.646704972E-1,4.334208242E0
1.953048512E1,-2.887332916E0,-1.546729088E0,8.377557993E-1,3.380960961E0
1.953551074E1,-2.454871655E0,-7.819852829E-1,1.825545788E0,3.157611953E0
1.954053637E1,-2.223999500E0,-1.618022919E-1,2.604751110E0,3.428860176E0
1.954556199E1,-1.990089655E0,4.096813202E-1,3.082087517E0,3.691552394E0
1.955058762E1,-1.806374788E0,8.942880630E-1,3.384990454E0,3.939657522E0
1.955561324E1,-1.792533517E0,1.244322777E0,3.641226768E0,4.245002705E0
1.956063887E1,-1.794934750E0,1.498189926E0,3.792128325E0,4.454952417E0
1.956566449E1,-1.784146190E0,1.694225788E0,3.827082396E0,4.549740466E0
1.957069012E1,-1.874011993E0,1.794180393E0,3.726060390E0,4.540322705E0
1.957571574E1,-1.977101684E0,1.750266552E0,3.493288279E0,4.378975573E0
1.958074137E1,-1.977605104E0,1.663021564E0,3.290634155E0,4.183878083E0
1.958576699E1,-1.999094963E0,1.465476036E0,3.097969294E0,3.967545139E0
1.959079262E1,-2.088510513E0,1.148110390E0,2.871150732E0,3.731426022E0
1.959581824E1,-2.187333822E0,8.400554657E-1,2.643005371E0,3.532081515E0
1.960084387E1,-2.170733452E0,5.937852859E-1,2.346846342E0,3.251515406E0
1.960586949E1,-2.010467768E0,4.665555954E-1,2.031765461E0,2.896157050E0
1.961089512E1,-1.697931051E0,4.869184494E-1,1.561356425E0,2.357518466E0
1.961592074E1,-1.297141194E0,6.118049622E-1,8.910287619E-1,1.688435028E0
1.962094637E1,-9.821130037E-1,7.361087799E-1,2.585038841E-1,1.254283200E0
1.962597199E1,-7.921977043E-1,8.648490906E-1,-1.899228096E-1,1.188112716E0
1.963099762E1,-6.945050955E-1,1.012574196E0,-4.189414084E-1,1.297364919E0
1.963602324E1,-7.082780600E-1,1.141135216E0,-4.755731225E-1,1.424786716E0
1.964104887E1,-7.898001671E-1,1.221863747E0,-3.454132080E-1,1.495341300E0
1.964607449E1,-8.376265764E-1,1.240367889E0,-6.759673357E-2,1.498232325E0
1.965110012E1,-8.078805208E-1,1.191794395E0,2.465273738E-1,1.460760269E0
1.965612574E1,-6.330482960E-1,1.138228416E0,5.378248692E-1,1.409102432E0
1.966115137E1,-3.658920527E-1,1.050898552E0,7.761870623E-1,1.356735463E0
1.966617699E1,-5.477070808E-2,9.059181213E-1,9.223240018E-1,1.293974125E0
1.967120262E1,2.566685677E-1,7.033882141E-1,1.014023542E0,1.260506834E0
1.967622824E1,5.294438004E-1,4.912891388E-1,1.032088518E0,1.259715232E0
1.968125387E1,7.296860218E-1,2.792491913E-1,1.029214621E0,1.292170475E0
1.968627949E1,8.621021509E-1,8.163166046E-2,1.034142375E0,1.348827008E0
1.969130512E1,9.840455055E-1,-1.446161270E-1,1.085131407E0,1.471995092E0
1.969633074E1,1.105198622E0,-3.038425446E-1,1.182130098E0,1.646577012E0
1.970135637E1,1.469251633E0,-4.965648651E-1,1.296112776E0,2.021184146E0
1.970638199E1,1.869472623E0,-5.934972763E-1,1.254956961E0,2.328536853E0
1.971140762E1,2.142867565E0,-5.947132111E-1,1.197577477E0,2.525818089E0
1.971643324E1,2.380332232E0,-5.911922455E-1,1.128738880E0,2.699915047E0
1.972145887E1,2.500575542E0,-5.398674011E-1,1.048888445E0,2.764869224E0
1.972648449E1,2.551972628E0,-4.886617661E-1,9.201992750E-1,2.756468995E0
1.973151006E1,2.601924896E0,-3.610830307E-1,7.096674442E-1,2.721033260E0
1.973653564E1,2.674653530E0,-1.907129288E-1,4.704369307E-1,2.722398544E0
1.974156121E1,2.712829113E0,8.120536804E-3,2.176158428E-1,2.721555510E0
1.974658678E1,2.606608152E0,2.115507126E-1,-7.200884819E-2,2.616169918E0
1.975161236E1,2.494847775E0,3.957920074E-1,-3.879880309E-1,2.555670449E0
1.975663793E1,2.410811424E0,5.992794037E-1,-6.436024308E-1,2.566197891E0
1.976166350E1,2.325376272E0,7.695455551E-1,-8.672139645E-1,2.598390892E0
1.976668908E1,2.185398340E0,8.924264908E-1,-1.039689898E0,2.579408078E0
1.977171465E1,2.000353813E0,9.680318832E-1,-1.165959597E0,2.509574244E0
1.977674022E1,1.756081223E0,9.963665009E-1,-1.208208203E0,2.352941676E0
1.978176579E1,1.538913727E0,9.822063446E-1,-1.253000140E0,2.214270560E0
1.978679137E1,1.339661241E0,9.254722595E-1,-1.296032310E0,2.081079261E0
1.979181694E1,1.096478939E0,8.117198944E-1,-1.280546427E0,1.871083751E0
1.979684251E1,8.911227584E-1,6.839389801E-1,-1.293061256E0,1.712857178E0
1.980186809E1,7.572360635E-1,5.611734390E-1,-1.300494671E0,1.606115959E0
1.980689366E1,7.043943405E-1,4.672584534E-1,-1.288838148E0,1.541299978E0
1.981191923E1,7.084040642E-1,3.925428391E-1,-1.258572221E0,1.496639647E0
1.981694480E1,7.496878505E-1,3.226728439E-1,-1.233874798E0,1.479390636E0
1.982197038E1,8.040096760E-1,2.337169647E-1,-1.238940239E0,1.495335445E0
1.982699595E1,8.089055419E-1,1.256990433E-1,-1.221310973E0,1.470281918E0
1.983202152E1,7.692220211E-1,5.123233795E-2,-1.190588951E0,1.418389693E0
1.983704710E1,8.046851754E-1,-5.193710327E-2,-1.161147118E0,1.413675466E0
1.984207267E1,8.337216377E-1,-1.024885178E-1,-1.137920380E0,1.414375642E0
1.984709824E1,8.084068298E-1,-1.530809402E-1,-1.120788097E0,1.390367339E0
1.985212381E1,7.193172574E-1,-1.846342087E-1,-1.095472574E0,1.323467895E0
1.985714939E1,5.429744720E-1,-1.685218811E-1,-1.090495348E0,1.229797140E0
1.986217496E1,4.328202605E-1,-2.148571014E-1,-1.086654663E0,1.189249893E0
1.986720053E1,3.266491890E-1,-2.278718948E-1,-1.097965479E0,1.167969814E0
1.987222611E1,1.431546211E-1,-2.650060654E-1,-1.110023499E0,1.150162435E0
1.987725168E1,-1.221399307E-1,-3.166399002E-1,-1.122495174E0,1.172678304E0
1.988227725E1,-4.829359055E-1,-4.115123749E-1,-1.178296328E0,1.338264458E0
1.988730283E1,-7.904341221E-1,-5.113468170E-1,-1.262917519E0,1.575189616E0
1.989232840E1,-1.058676839E0,-5.921697617E-1,-1.371067047E0,1.830651939E0
1.989735397E1,-1.321115375E0,-6.444072723E-1,-1.478656769E0,2.084953814E0
1.990237954E1,-1.567954898E0,-7.063665390E-1,-1.556964159E0,2.319821899E0
1.990740512E1,-1.813365817E0,-7.828865051E-1,-1.606261134E0,2.545836149E0
1.991243069E1,-2.004648209E0,-8.453722000E-1,-1.694018960E0,2.757348152E0
1.991745626E1,-2.165720940E0,-8.987789154E-1,-1.811260939E0,2.962906835E0
1.992248189E1,-2.258637905E0,-9.671230316E-1,-1.968005776E0,3.147986480E0
1.992750751E1,-2.312541008E0,-1.050457954E0,-2.183754206E0,3.349640318E0
1.993253314E1,-2.356542587E0,-1.163178444E0,-2.425312757E0,3.576089908E0
1.993755876E1,-2.415018082E0,-1.305251122E0,-2.726232767E0,3.868893631E0
1.994258439E1,-2.469154358E0,-1.486152649E0,-3.033667088E0,4.184317022E0
1.994761001E1,-2.500288486E0,-1.681750298E0,-3.347046137E0,4.503603493E0
1.995263564E1,-2.547167778E0,-1.896592140E0,-3.636973858E0,4.828323133E0
1.995766126E1,-2.591118813E0,-2.159059525E0,-3.940824747E0,5.187054503E0
1.996268689E1,-2.632612228E0,-2.473372459E0,-4.237856388E0,5.568450883E0
1.996771251E1,-2.743679047E0,-2.867469788E0,-4.492363930E0,5.994288229E0
1.997273814E1,-3.076420784E0,-3.388247490E0,-4.615329742E0,6.499681109E0
1.997776376E1,-3.533278704E0,-3.986880302E0,-4.656352997E0,7.075372511E0
1.998278939E1,-3.953904629E0,-4.585849762E0,-4.607219696E0,7.608538176E0
1.998781501E1,-4.264037132E0,-5.184385300E0,-4.493515968E0,8.077843113E0
1.999284064E1,-4.585925102E0,-5.839329720E0,-4.212258339E0,8.536486451E0
1.999786626E1,-4.898418903E0,-6.646090508E0,-3.776213884E0,9.078811491E0
2.000289189E1,-5.176342964E0,-7.489961624E0,-3.328340769E0,9.693910660E0
2.000791751E1,-5.467259407E0,-8.448092461E0,-2.864263296E0,1.046256163E1
2.001294314E1,-5.642789841E0,-9.425796509E0,-2.376265287E0,1.123981111E1
2.001796876E1,-5.543140411E0,-1.021421242E1,-1.782708168E0,1.175732067E1
2.002299439E1,-5.111379623E0,-1.064363003E1,-7.676262856E-1,1.183225726E1
2.002802001E1,-4.463088036E0,-1.029115105E1,3.883545399E-1,1.122398164E1
2.003304564E1,-3.485691309E0,-9.005865097E0,1.246214628E0,9.736975965E0
2.003807126E1,-2.337572336E0,-7.276815414E0,1.664130092E0,7.822123495E0
2.004309689E1,-1.338876367E0,-5.515275955E0,1.662062407E0,5.913823656E0
2.004812251E1,-4.886906147E-1,-3.859240532E0,1.419648886E0,4.141009413E0
2.005314814E1,2.282046080E-1,-2.360467911E0,1.164869189E0,2.642121558E0
2.005817376E1,7.887669206E-1,-1.042088509E0,9.293147326E-1,1.603660683E0
2.006319939E1,1.222564697E0,1.109495163E-1,5.865546465E-1,1.360522175E0
2.006822501E1,1.664477825E0,1.175744057E0,1.344144344E-1,2.042284935E0
2.007325064E1,2.000468731E0,2.128790855E0,-4.486907721E-1,2.955494723E0
2.007827626E1,2.332006693E0,3.018251896E0,-1.098579645E0,3.969253955E0
2.008330189E1,2.683646202E0,3.906566143E0,-1.904375672E0,5.107823672E0
2.008832751E1,3.137753487E0,4.937484264E0,-3.240994215E0,6.687921299E0
2.009335314E1,3.499373436E0,5.943904877E0,-4.878713608E0,8.448518574E0
2.009837876E1,3.602175713E0,6.610630512E0,-6.105029583E0,9.692651435E0
2.010340439E1,3.394452572E0,6.876024246E0,-6.415466309E0,9.998011085E0
2.010843001E1,3.182279587E0,6.831185818E0,-5.925745010E0,9.586785539E0
2.011345564E1,3.093344212E0,6.676896572E0,-5.050127029E0,8.924881470E0
2.011848126E1,3.020372629E0,6.465442657E0,-4.145702362E0,8.252965991E0
2.012350689E1,2.885075092E0,6.206087112E0,-3.310849190E0,7.602690175E0
2.012853251E1,2.576211691E0,5.726467609E0,-2.542702436E0,6.774557819E0
2.013355814E1,2.112868547E0,5.045712471E0,-1.737573266E0,5.739563458E0
2.013858376E1,1.624488354E0,4.202105522E0,-7.818225622E-1,4.572515692E0
2.014360939E1,1.001674056E0,3.233881950E0,3.665312231E-1,3.405244267E0
2.014863501E1,4.321833253E-1,2.217453003E0,1.615425587E0,2.777315264E0
2.015366064E1,-3.513741493E-2,1.152648926E0,2.868210316E0,3.091353199E0
2.015868626E1,-2.607867718E-1,-3.715038300E-2,3.909160137E0,3.918025379E0
2.016371189E1,-2.349983454E-1,-1.122321129E0,4.743175983E0,4.879810175E0
2.016873751E1,-8.246123791E-2,-2.074309349E0,5.418470383E0,5.802532242E0
2.017376314E1,2.012479305E-1,-2.955436707E0,5.920783997E0,6.620482610E0
2.017878876E1,4.287347794E-1,-3.813498497E0,6.335991383E0,7.407521252E0
2.018381439E1,7.617698908E-1,-4.610058784E0,6.778152466E0,8.232635435E0
2.018884001E1,1.170380354E0,-5.277881622E0,7.278997421E0,9.066952523E0
2.019386564E1,1.748682141E0,-5.701782227E0,7.553832531E0,9.624375081E0
2.019889126E1,2.332653522E0,-5.795311928E0,7.571588993E0,9.816102723E0
2.020391689E1,2.629716396E0,-5.539055824E0,7.712584496E0,9.852944096E0
2.020894251E1,2.535507917E0,-4.918572426E0,7.950064659E0,9.686314221E0
2.021396814E1,2.157086611E0,-3.986623764E0,8.119499207E0,9.299056890E0
2.021899376E1,1.501693487E0,-2.872717857E0,8.047965050E0,8.676251072E0
2.022401939E1,9.061502814E-1,-1.715875626E0,7.783635139E0,8.021864713E0
2.022904501E1,4.050962925E-1,-5.402078629E-1,7.527968407E0,7.558189987E0
2.023407064E1,1.468327045E-1,6.063966751E-1,7.133173943E0,7.160408317E0
2.023909626E1,7.780730724E-2,1.585367680E0,6.499220848E0,6.690240376E0
2.024412189E1,-4.700839520E-2,2.382623672E0,5.593274117E0,6.079787883E0
2.024914751E1,-2.095863819E-1,2.974464417E0,4.483784676E0,5.384764622E0
2.025417314E1,-3.820967674E-1,3.341811180E0,3.149310350E0,4.607803770E0
2.025919876E1,-6.606738567E-1,3.484619617E0,1.382476926E0,3.806613492E0
2.026422439E1,-1.202602625E0,3.345161438E0,-9.266118407E-1,3.673549731E0
2.026925001E1,-1.886581659E0,3.023320198E0,-3.402889252E0,4.927404046E0
2.027427558E1,-2.428584337E0,2.594940662E0,-5.188019753E0,6.288663441E0
2.027930116E1,-2.664647818E0,2.102545738E0,-5.574789047E0,6.526815418E0
2.028432673E1,-2.431962967E0,1.608206272E0,-4.936459541E0,5.733184463E0
2.028935230E1,-1.726927042E0,1.198202133E0,-3.949257851E0,4.473768314E0
2.029437788E1,-8.197352886E-1,8.347167969E-1,-2.864353657E0,3.094065278E0
2.029940345E1,7.201743126E-2,5.327463150E-1,-1.775639534E0,1.855236077E0
2.030442902E1,7.982407808E-1,2.690076828E-1,-7.581809759E-1,1.133310138E0
2.030945460E1,1.348173261E0,3.451919556E-2,1.419463754E-1,1.356064707E0
2.031448017E1,1.721491575E0,-1.655654907E-1,9.509785175E-1,1.973652785E0
2.031950574E1,1.923067451E0,-2.879705429E-1,1.652630091E0,2.551921172E0
2.032453131E1,2.001291275E0,-3.757371902E-1,2.226524353E0,3.017243096E0
2.032955689E1,2.033468962E0,-3.763275146E-1,2.647989988E0,3.359831751E0
2.033458246E1,2.072667122E0,-2.946376801E-1,2.930998087E0,3.601875920E0
2.033960803E1,2.176602364E0,-1.594896317E-1,3.022854328E0,3.728361984E0
2.034463361E1,2.307072639E0,5.773544312E-2,3.024278402E0,3.804231512E0
2.034965918E1,2.430757284E0,3.138589859E-1,2.930639505E0,3.820436670E0
2.035468475E1,2.528510094E0,6.040534973E-1,2.766191721E0,3.796058556E0
2.035971032E1,2.562162399E0,9.473400116E-1,2.593786001E0,3.766942404E0
2.036473590E1,2.579667091E0,1.310086727E0,2.428580284E0,3.777434544E0
2.036976147E1,2.605069399E0,1.658673763E0,2.252276421E0,3.822346701E0
2.037478704E1,2.609786510E0,1.997787476E0,2.084829569E0,3.892127279E0
2.037981262E1,2.637023687E0,2.312988758E0,1.936464071E0,4.006707379E0
2.038483819E1,2.672337055E0,2.575581074E0,1.826839685E0,4.136707198E0
2.038986376E1,2.710798264E0,2.804767609E0,1.741977453E0,4.271959037E0
2.039488934E1,2.752423525E0,3.000538826E0,1.653653860E0,4.394728615E0
2.039991491E1,2.778119326E0,3.167701244E0,1.595495820E0,4.505317422E0
2.040494048E1,2.840348721E0,3.287207127E0,1.572307110E0,4.620114847E0
2.040996605E1,2.905497789E0,3.383088589E0,1.507212043E0,4.707323437E0
2.041499163E1,2.997410774E0,3.398030758E0,1.443048716E0,4.755362655E0
2.042001720E1,3.039378166E0,3.380047321E0,1.345919013E0,4.740679015E0
2.042504277E1,3.026606321E0,3.334003925E0,1.201289654E0,4.660367457E0
2.043006835E1,2.944884777E0,3.240794659E0,1.056880832E0,4.504674623E0
2.043509392E1,2.751568317E0,3.114741325E0,9.077616930E-1,4.254030209E0
2.044011949E1,2.466200352E0,2.984500885E0,6.725441217E-1,3.929593529E0
2.044514506E1,2.075300217E0,2.825932503E0,4.231232703E-1,3.531543402E0
2.045017064E1,1.689668179E0,2.638865471E0,1.499962211E-1,3.137050907E0
2.045519621E1,1.319332004E0,2.399272442E0,-1.036550403E-1,2.740052838E0
2.046022184E1,9.503512383E-1,2.150140285E0,-3.761150837E-1,2.380700166E0
2.046524746E1,5.734846592E-1,1.920095444E0,-7.009809017E-1,2.122975599E0
2.047027309E1,2.081472874E-1,1.728171349E0,-1.039971232E0,2.027669023E0
2.047529871E1,-1.739943027E-1,1.559865475E0,-1.359584093E0,2.076517089E0
2.048032434E1,-5.106191635E-1,1.462964535E0,-1.564484596E0,2.201955770E0
2.048534996E1,-7.155122757E-1,1.408676624E0,-1.664848089E0,2.295222605E0
2.049037559E1,-8.511228561E-1,1.387476444E0,-1.661459208E0,2.325929427E0
2.049540121E1,-9.179234505E-1,1.380392551E0,-1.598419547E0,2.302826981E0
2.050042684E1,-9.594874382E-1,1.363687992E0,-1.514785290E0,2.252739567E0
2.050545246E1,-9.810950756E-1,1.347120762E0,-1.372909546E0,2.159204139E0
2.051047809E1,-1.007114887E0,1.292561054E0,-1.206557155E0,2.034889344E0
2.051550371E1,-1.047324181E0,1.238357067E0,-1.082692266E0,1.950035566E0
2.052052934E1,-1.149798632E0,1.170193672E0,-1.039300680E0,1.942044291E0
2.052555496E1,-1.367045641E0,1.044962883E0,-1.080469728E0,2.031791339E0
2.053058059E1,-1.612442493E0,9.103670120E-1,-1.200754404E0,2.206932267E0
2.053560621E1,-1.899989367E0,8.188476562E-1,-1.384970188E0,2.489701488E0
2.054063184E1,-2.243734121E0,7.223834991E-1,-1.646702051E0,2.875379692E0
2.054565746E1,-2.657642126E0,6.351776123E-1,-1.985298514E0,3.377561615E0
2.055068309E1,-3.088478804E0,5.474147797E-1,-2.332710505E0,3.908951593E0
2.055570871E1,-3.469203472E0,4.159889221E-1,-2.659605980E0,4.391118705E0
2.056073434E1,-3.838005304E0,2.648000717E-1,-2.932050467E0,4.837078016E0
2.056575996E1,-4.233255386E0,4.604911804E-2,-3.039530754E0,5.211652223E0
2.057078559E1,-4.592945099E0,-2.018842697E-1,-3.034353733E0,5.508466621E0
2.057581121E1,-4.797987938E0,-4.740476608E-1,-2.992955208E0,5.674785486E0
2.058083684E1,-4.973475456E0,-7.319698334E-1,-2.915251970E0,5.811190240E0
2.058586246E1,-4.957424641E0,-9.419765472E-1,-2.772907972E0,5.757811868E0
2.059088808E1,-4.904240608E0,-1.075074196E0,-2.651634693E0,5.677898116E0
2.059591371E1,-4.771492958E0,-1.045064926E0,-2.470172882E0,5.473669685E0
2.060093934E1,-4.440382004E0,-8.279905319E-1,-2.281427622E0,5.060382659E0
2.060596496E1,-3.926103830E0,-4.429864883E-1,-2.109474421E0,4.478884978E0
2.061099058E1,-3.148124695E0,1.195430756E-1,-1.806880593E0,3.631776028E0
2.061601621E1,-2.022407055E0,7.117214203E-1,-1.259335160E0,2.486484008E0
2.062104184E1,-7.521531582E-1,1.071153641E0,-3.338214159E-1,1.350755801E0
2.062606746E1,1.301093102E-1,8.016977310E-1,4.809284210E-1,9.438960910E-1
2.063109308E1,4.479162693E-1,-1.197776794E-1,1.040804267E0,1.139407389E0
2.063611871E1,4.428274632E-1,-1.602171898E0,1.191766381E0,2.045325906E0
2.064114434E1,5.334954262E-1,-3.683773994E0,1.191384077E0,3.908222643E0
2.064616996E1,8.362419605E-1,-6.106169701E0,1.393378615E0,6.318711340E0
2.065119558E1,1.242290616E0,-8.549072266E0,1.798515081E0,8.824090836E0
2.065622121E1,1.517117977E0,-1.131390095E1,1.984481454E0,1.158637856E1
2.066124684E1,1.207040787E0,-1.515620708E1,2.066213608E0,1.534394993E1
2.066627246E1,6.453616619E-1,-2.030986404E1,2.276594639E0,2.044724804E1
2.067129808E1,1.715760231E-1,-2.467025185E1,2.821527004E0,2.483166888E1
2.067632371E1,3.691952229E-1,-2.648924255E1,3.472500801E0,2.671843068E1
2.068134934E1,1.111527920E0,-2.549325180E1,4.280350208E0,2.587397881E1
2.068637496E1,1.945241451E0,-2.229328537E1,5.328779221E0,2.300370459E1
2.069140058E1,3.089359760E0,-1.672421265E1,6.276041031E0,1.812821346E1
2.069642621E1,4.386765003E0,-1.048075676E1,6.603162289E0,1.314122223E1
2.070145184E1,5.440495491E0,-4.868112564E0,6.619918346E0,9.854990108E0
2.070647746E1,6.136576653E0,-5.303869247E-1,6.061656952E0,8.641907677E0
2.071150308E1,6.744601250E0,2.653742313E0,4.847256660E0,8.719397423E0
2.071652871E1,7.386189461E0,4.829236031E0,3.401620388E0,9.457713077E0
2.072155434E1,8.107326508E0,6.293951988E0,1.910541415E0,1.043995897E1
2.072657996E1,9.011887550E0,7.422206402E0,2.873203158E-1,1.167843389E1
2.073160558E1,1.037294388E1,8.659737587E0,-2.180573225E0,1.368736349E1
2.073663121E1,1.173274422E1,9.878369331E0,-5.024147987E0,1.613944022E1
2.074165684E1,1.205876827E1,1.064439011E1,-6.701672554E0,1.742496336E1
2.074668246E1,1.108846283E1,1.090178776E1,-6.841681957E0,1.698857252E1
2.075170808E1,9.692460060E0,1.036411476E1,-5.851972103E0,1.534940501E1
2.075673371E1,8.719801903E0,9.505591393E0,-4.488222599E0,1.365779466E1
2.076175934E1,7.894508362E0,8.909967422E0,-3.179759741E0,1.232159299E1
2.076678496E1,7.115001202E0,8.610062599E0,-2.280610800E0,1.139989499E1
2.077181058E1,6.357760429E0,8.423360825E0,-1.948542237E0,1.073177255E1
2.077683621E1,5.838726044E0,8.067191124E0,-1.874761224E0,1.013336193E1
2.078186184E1,5.338020325E0,7.058487892E0,-2.252995253E0,9.131960355E0
2.078688746E1,4.544047356E0,5.431519032E0,-3.375161886E0,7.844837992E0
2.079191308E1,3.379607201E0,3.593466282E0,-5.053274155E0,7.061892412E0
2.079693871E1,2.250965357E0,1.883740425E0,-6.332143784E0,6.979352973E0
2.080196434E1,9.000039101E-1,1.196660995E-1,-6.495625973E0,6.558771515E0
2.080698996E1,-5.615890026E-1,-1.484430313E0,-6.268971443E0,6.466754868E0
2.081201558E1,-1.795641661E0,-2.800623894E0,-5.989224434E0,6.851177453E0
2.081704121E1,-3.514357090E0,-4.150520325E0,-5.008065701E0,7.393121586E0
2.082206684E1,-5.441114426E0,-5.391345978E0,-3.555687189E0,8.444835643E0
2.082709241E1,-7.246265888E0,-6.590704918E0,-2.407140255E0,1.008662901E1
2.083211798E1,-8.855512619E0,-7.547966003E0,-1.374022484E0,1.171664766E1
2.083714355E1,-9.866410255E0,-7.943096161E0,-2.994080782E-1,1.266998315E1
2.084216913E1,-9.875606537E0,-7.504198074E0,8.752949238E-1,1.243409564E1
2.084719470E1,-8.820449829E0,-6.236821175E0,1.985887527E0,1.098371626E1
2.085222027E1,-7.287727833E0,-4.648406029E0,2.862774372E0,9.105719778E0
2.085724585E1,-5.596639156E0,-3.073407173E0,3.505429029E0,7.283971045E0
2.086227142E1,-4.342057705E0,-1.783712387E0,3.962841511E0,6.143224547E0
2.086729699E1,-3.522822142E0,-7.593183517E-1,4.290024757E0,5.602780793E0
2.087232256E1,-2.911165237E0,2.204704285E-1,4.428773403E0,5.304481512E0
2.087734814E1,-2.541419029E0,1.117688179E0,4.341093540E0,5.152972994E0
2.088237371E1,-2.231799841E0,1.865612507E0,3.932536125E0,4.891449778E0
2.088739928E1,-1.819522619E0,2.330586433E0,3.573049068E0,4.637776982E0
2.089242486E1,-1.567436457E0,2.546453476E0,3.325865030E0,4.472433404E0
2.089745043E1,-1.517291903E0,2.623400211E0,3.062921047E0,4.308815235E0
2.090247600E1,-1.394965768E0,2.724024296E0,2.746579647E0,4.112169454E0
2.090750158E1,-1.276181221E0,2.848156452E0,2.443927765E0,3.964015213E0
2.091252715E1,-1.165037513E0,2.933471203E0,2.255023003E0,3.879135786E0
2.091755272E1,-1.008496523E0,2.917752743E0,2.049866199E0,3.705711503E0
2.092257829E1,-8.541681767E-1,2.743657589E0,1.827472329E0,3.405424401E0
2.092760387E1,-7.592504025E-1,2.478265762E0,1.644278646E0,3.069513744E0
2.093262944E1,-7.473908663E-1,2.083344460E0,1.451146007E0,2.646647309E0
2.093765501E1,-7.130370140E-1,1.573291302E0,1.203809142E0,2.105427214E0
2.094268058E1,-5.367628336E-1,1.091652870E0,9.061333537E-1,1.516871116E0
2.094770616E1,-2.291784286E-1,7.245340347E-1,6.195576191E-1,9.804712964E-1
2.095273173E1,8.381152153E-2,4.193477631E-1,3.967068791E-1,5.833123224E-1
2.095775730E1,4.389166832E-1,1.427717209E-1,1.094447076E-1,4.743519401E-1
2.096278288E1,7.868435383E-1,-1.049566269E-1,-3.024500012E-1,8.494790465E-1
2.096780845E1,1.001920700E0,-2.661609650E-1,-6.691101789E-1,1.233853792E0
2.097283402E1,1.050112009E0,-3.406620026E-1,-9.448042512E-1,1.453079800E0
2.097785960E1,9.461036325E-1,-3.810195923E-1,-1.088887930E0,1.491966802E0
2.098288517E1,6.960971355E-1,-3.873472214E-1,-1.075829268E0,1.338655185E0
2.098791074E1,4.026768208E-1,-3.934450150E-1,-1.005490303E0,1.152370753E0
2.099293631E1,2.159527540E-1,-3.756885529E-1,-8.775408268E-1,9.787008651E-1
2.099796189E1,2.186086178E-1,-3.487625122E-1,-6.973325014E-1,8.097515886E-1
2.100298746E1,4.254239798E-1,-2.841787338E-1,-4.993458390E-1,7.149051561E-1
2.100801303E1,8.216743469E-1,-2.203226089E-1,-3.135966063E-1,9.066606950E-1
2.101303866E1,1.387338281E0,-1.619653702E-1,-1.606665254E-1,1.405970846E0
2.101806428E1,2.115907192E0,-1.041021347E-1,-7.518404722E-2,2.119800260E0
2.102308991E1,2.770990849E0,-5.120277405E-2,-5.531072617E-3,2.771469394E0
2.102811553E1,3.202966213E0,-3.648567200E-2,1.191657782E-1,3.205389875E0
2.103314116E1,3.454563141E0,-1.124067307E-1,2.697766423E-1,3.466903691E0
2.103816678E1,3.497223377E0,-2.166528702E-1,3.411765099E-1,3.520498719E0
2.104319241E1,3.489364147E0,-3.444347382E-1,3.914041519E-1,3.528100714E0
2.104821803E1,3.584224224E0,-4.143781662E-1,4.499367476E-1,3.636043953E0
2.105324366E1,3.786391735E0,-3.833885193E-1,5.942704678E-1,3.851870522E0
2.105826928E1,4.071412563E0,-3.231401443E-1,8.201904297E-1,4.165757093E0
2.106329491E1,4.247352600E0,-2.573366165E-1,9.084522724E-1,4.351035713E0
2.106832053E1,4.156449318E0,-2.049350739E-1,7.359708548E-1,4.226076480E0
2.107334616E1,3.880567312E0,-6.061363220E-2,5.431066751E-1,3.918857172E0
2.107837178E1,3.578451157E0,2.089633942E-1,3.928792477E-1,3.606013378E0
2.108339741E1,3.221971750E0,5.222711563E-1,3.189371824E-1,3.279571625E0
2.108842303E1,2.926451206E0,8.409214020E-1,2.878011465E-1,3.058446496E0
2.109344866E1,2.625046253E0,1.011809349E0,2.465301752E-1,2.824075622E0
2.109847428E1,2.298808813E0,1.044604301E0,2.330263853E-1,2.535748687E0
2.110349991E1,1.986414552E0,1.039780617E0,2.851910591E-1,2.260159384E0
2.110852553E1,1.726366639E0,1.068978310E0,4.023132324E-1,2.070002980E0
2.111355116E1,1.533148885E0,1.088949203E0,5.595747232E-1,1.962009108E0
2.111857678E1,1.363767862E0,1.046967506E0,7.275172472E-1,1.866891825E0
2.112360241E1,1.199165821E0,9.907970428E-1,9.483429193E-1,1.821820995E0
2.112862803E1,1.010694623E0,8.964023590E-1,1.216279864E0,1.817794685E0
2.113365366E1,8.653430939E-1,7.397747040E-1,1.487206459E0,1.872930414E0
2.113867928E1,8.059239388E-1,5.448150635E-1,1.645414710E0,1.911472316E0
2.114370491E1,7.649592161E-1,3.450307846E-1,1.752454758E0,1.943014802E0
2.114873053E1,5.747566223E-1,1.356039047E-1,1.822043061E0,1.915352320E0
2.115375616E1,2.165933847E-1,-5.487823486E-2,1.739098310E0,1.753393067E0
2.115878178E1,-6.493401527E-2,-2.265539169E-1,1.613911510E0,1.631028346E0
2.116380741E1,-1.645343304E-1,-3.460111618E-1,1.470593572E0,1.519684416E0
2.116883303E1,-2.213609219E-1,-4.037141800E-1,1.299689054E0,1.378831910E0
2.117385866E1,-2.549421787E-1,-3.900899887E-1,1.111100197E0,1.204869022E0
2.117888428E1,-2.942388058E-1,-3.673686981E-1,9.240916967E-1,1.037054338E0
2.118390991E1,-3.824396133E-1,-3.642702103E-1,7.768632174E-1,9.393983726E-1
2.118893553E1,-5.192966461E-1,-3.856515884E-1,6.119080782E-1,8.904086986E-1
2.119396116E1,-6.709706783E-1,-4.077301025E-1,4.098488092E-1,8.856757500E-1
2.119898678E1,-8.035547733E-1,-4.210605621E-1,1.660680771E-1,9.222639953E-1
2.120401241E1,-8.975640535E-1,-3.922977448E-1,-1.145081520E-1,9.862204964E-1
2.120903803E1,-9.193495512E-1,-3.262958527E-1,-4.170420170E-1,1.060941386E0
2.121406366E1,-8.881788254E-1,-2.421398163E-1,-7.169080973E-1,1.166812126E0
2.121908928E1,-8.138415813E-1,-1.110439301E-1,-1.003908396E0,1.297112540E0
2.122411491E1,-7.397562265E-1,9.716033936E-3,-1.267819166E0,1.467889340E0
2.122914053E1,-6.566052437E-1,1.107320786E-1,-1.512897253E0,1.652951947E0
2.123416616E1,-5.933141708E-1,1.826076508E-1,-1.776893377E0,1.882210757E0
2.123919178E1,-5.499757528E-1,2.303018570E-1,-1.997082353E0,2.084190538E0
2.124421741E1,-5.360846519E-1,2.635068893E-1,-2.177863359E0,2.258298352E0
2.124924303E1,-5.276459455E-1,2.440748215E-1,-2.314128637E0,2.386037324E0
2.125426866E1,-5.677025318E-1,1.768655777E-1,-2.425097466E0,2.496931179E0
2.125929428E1,-5.892671347E-1,7.153606415E-2,-2.510769129E0,2.579983485E0
2.126431991E1,-6.592372656E-1,-6.710052490E-2,-2.566461325E0,2.650626338E0
2.126934553E1,-7.488315105E-1,-2.054967880E-1,-2.630416393E0,2.742638869E0
2.127437116E1,-8.723099232E-1,-3.435764313E-1,-2.702358484E0,2.860368987E0
2.127939678E1,-1.034089804E0,-4.573850632E-1,-2.762852907E0,2.985280390E0
2.128442241E1,-1.214809895E0,-5.755653381E-1,-2.845088005E0,3.146675117E0
2.128944803E1,-1.394731283E0,-6.789274216E-1,-2.900768757E0,3.289479773E0
2.129447366E1,-1.597384453E0,-8.056507111E-1,-2.972540379E0,3.469395691E0
2.129949928E1,-1.827052832E0,-9.747905731E-1,-3.036210299E0,3.675175055E0
2.130452491E1,-2.030599594E0,-1.143295288E0,-3.063121319E0,3.848788256E0
2.130955053E1,-2.164665222E0,-1.263379097E0,-3.072547197E0,3.965154290E0
2.131457616E1,-2.277107239E0,-1.368672371E0,-3.079277515E0,4.066992925E0
2.131960178E1,-2.339385748E0,-1.464058876E0,-3.078988314E0,4.134774856E0
2.132462741E1,-2.332484961E0,-1.530495644E0,-3.086395979E0,4.160377765E0
2.132965303E1,-2.290312767E0,-1.539419174E0,-3.121171951E0,4.166180303E0
2.133467866E1,-2.184786320E0,-1.500511169E0,-3.155071497E0,4.120594761E0
2.133970428E1,-2.092979431E0,-1.476053238E0,-3.155051708E0,4.063698727E0
2.134472991E1,-1.972234607E0,-1.451781273E0,-3.164733648E0,4.001614333E0
2.134975553E1,-1.851501942E0,-1.485140800E0,-3.155702591E0,3.948691110E0
2.135478116E1,-1.683120608E0,-1.542603493E0,-3.156812906E0,3.895893767E0
2.135980678E1,-1.500706315E0,-1.624098778E0,-3.182292938E0,3.875152207E0
2.136483241E1,-1.232899785E0,-1.710294724E0,-3.226970673E0,3.854671146E0
2.136985803E1,-9.234558344E-1,-1.834452629E0,-3.290463209E0,3.878805906E0
2.137488366E1,-6.400952339E-1,-2.048906326E0,-3.338938475E0,3.969414211E0
2.137990928E1,-4.411092997E-1,-2.343737602E0,-3.381685019E0,4.138052311E0
2.138493491E1,-4.083747864E-1,-2.761593819E0,-3.432490349E0,4.424382486E0
2.138996053E1,-6.134691238E-1,-3.239827156E0,-3.461685181E0,4.780804185E0
2.139498616E1,-1.036244750E0,-3.672666550E0,-3.539255857E0,5.204672400E0
2.140001173E1,-1.536181450E0,-4.083657265E0,-3.677528858E0,5.706165841E0
2.140503730E1,-2.011081219E0,-4.544012070E0,-3.807124138E0,6.259927121E0
2.141006288E1,-2.487918139E0,-5.057837486E0,-3.920641899E0,6.866067987E0
2.141508845E1,-2.946054697E0,-5.677292824E0,-3.939637661E0,7.512099373E0
2.142011402E1,-3.336562872E0,-6.373460770E0,-3.834395409E0,8.152069807E0
2.142513960E1,-3.639778137E0,-7.141712189E0,-3.619304895E0,8.794964798E0
2.143016517E1,-3.942065239E0,-7.982648849E0,-3.276769161E0,9.486821235E0
2.143519074E1,-4.114769936E0,-8.763419151E0,-2.719106197E0,1.005596268E1
2.144021631E1,-4.111299992E0,-9.232131004E0,-1.989609241E0,1.030017356E1
2.144524189E1,-3.784662247E0,-9.070229530E0,-1.328159332E0,9.917496623E0
2.145026746E1,-2.902161598E0,-8.045115471E0,-1.073666811E0,8.619697518E0
2.145529303E1,-1.672238946E0,-6.454442978E0,-1.174935579E0,6.770279969E0
2.146031861E1,-5.325425863E-1,-4.748105049E0,-1.364094019E0,4.968788148E0
2.146534418E1,3.530467749E-1,-3.136119843E0,-1.573312998E0,3.526358388E0
2.147036975E1,9.560251236E-1,-1.732650757E0,-1.791545630E0,2.669400387E0
2.147539532E1,1.353930235E0,-5.371055603E-1,-2.022074699E0,2.492066523E0
2.148042090E1,1.653429747E0,4.749937057E-1,-2.234321356E0,2.819865399E0
2.148544647E1,1.946887255E0,1.371006012E0,-2.455389023E0,3.420374646E0
2.149047204E1,2.259157181E0,2.122527122E0,-2.674373150E0,4.094042537E0
2.149549762E1,2.567257881E0,2.787216663E0,-2.937890053E0,4.794850125E0
2.150052319E1,2.785662889E0,3.331794739E0,-3.283079624E0,5.444206621E0
2.150554876E1,2.910275459E0,3.813858509E0,-3.689613342E0,6.052145619E0
2.151057434E1,2.922309875E0,4.166546822E0,-3.855297089E0,6.384616125E0
2.151559991E1,2.798624516E0,4.351646423E0,-3.751138210E0,6.390630927E0
2.152062548E1,2.616360188E0,4.373947144E0,-3.472978592E0,6.167522561E0
2.152565105E1,2.404315948E0,4.219044685E0,-3.021471024E0,5.719297193E0
2.153067663E1,2.191103458E0,3.834175587E0,-2.326477528E0,4.991426097E0
2.153570220E1,1.904448867E0,3.348491669E0,-1.623968363E0,4.180501786E0
2.154072777E1,1.491842747E0,2.819268703E0,-8.192474842E-1,3.293180415E0
2.154575335E1,1.101639509E0,2.251194000E0,3.436219692E-2,2.506524445E0
2.155077892E1,7.527660131E-1,1.668115139E0,8.931751251E-1,2.036424954E0
2.155580449E1,3.300625086E-1,1.074785233E0,1.794991374E0,2.118041215E0
2.156083006E1,-5.652165413E-2,4.616327286E-1,2.491036415E0,2.534080088E0
2.156585564E1,-3.307204247E-1,-1.665382385E-1,3.091668844E0,3.113764157E0
2.157088121E1,-5.023077726E-1,-7.379999161E-1,3.774070978E0,3.878217209E0
2.157590678E1,-5.238915682E-1,-1.195454597E0,4.403850079E0,4.593198187E0
2.158093241E1,-4.295730591E-1,-1.605982780E0,4.966182232E0,5.237048755E0
2.158595803E1,-2.488967180E-1,-1.979138374E0,5.593921661E0,5.938930698E0
2.159098366E1,8.380341530E-2,-2.300405502E0,5.941409111E0,6.371752562E0
2.159600928E1,4.377042055E-1,-2.526467323E0,6.069980621E0,6.589331290E0
2.160103491E1,6.632505655E-1,-2.680998802E0,5.964474201E0,6.572869114E0
2.160606053E1,7.934039235E-1,-2.711190224E0,5.844289303E0,6.491206334E0
2.161108616E1,8.141586185E-1,-2.640957832E0,5.598263264E0,6.243241474E0
2.161611178E1,7.503633499E-1,-2.460799217E0,5.335250378E0,5.923130468E0
2.162113741E1,5.556273460E-1,-2.170876503E0,5.168770790E0,5.633615005E0
2.162616303E1,3.229095936E-1,-1.809741974E0,5.035679340E0,5.360737173E0
2.163118866E1,2.068947554E-1,-1.339348793E0,4.897170544E0,5.081234098E0
2.163621428E1,2.713000774E-2,-8.556203842E-1,4.786497116E0,4.862445570E0
2.164123991E1,-1.626214981E-1,-3.156728745E-1,4.555809975E0,4.569627954E0
2.164626553E1,-1.799942255E-1,2.611665726E-1,4.081833363E0,4.094138432E0
2.165129116E1,-7.323074341E-2,8.844213486E-1,3.499569893E0,3.610339776E0
2.165631678E1,8.511769772E-2,1.420200348E0,2.833797216E0,3.170902193E0
2.166134241E1,2.990214825E-1,1.796978474E0,2.032326221E0,2.729266449E0
2.166636803E1,5.198525190E-1,2.038934708E0,9.240247011E-1,2.298112928E0
2.167139366E1,7.376958132E-1,2.060095787E0,-3.740542829E-1,2.219933866E0
2.167641928E1,9.475610256E-1,1.918007374E0,-1.538317084E0,2.634965585E0
2.168144491E1,1.172963142E0,1.703682423E0,-2.278917074E0,3.077635352E0
2.168647053E1,1.490451813E0,1.421865463E0,-2.517300129E0,3.252683191E0
2.169149616E1,1.818134546E0,1.134854317E0,-2.381458044E0,3.203880454E0
2.169652178E1,2.131626368E0,8.570785522E-1,-1.957133651E0,3.018076663E0
2.170154741E1,2.464067936E0,6.220798492E-1,-1.354646802E0,2.879875360E0
2.170657303E1,2.853083611E0,4.299592972E-1,-6.940865517E-1,2.967609682E0
2.171159866E1,3.249797821E0,2.809457779E-1,-8.149629831E-2,3.262937029E0
2.171662428E1,3.605333328E0,1.753177643E-1,4.246177375E-1,3.634482762E0
2.172164991E1,3.851725101E0,9.903240204E-2,7.564614415E-1,3.926554162E0
2.172667553E1,3.883503437E0,8.569908142E-2,9.566758871E-1,4.000521470E0
2.173170116E1,3.796441555E0,1.162042618E-1,1.163663745E0,3.972478473E0
2.173672678E1,3.676702261E0,1.762323380E-1,1.362339735E0,3.924941644E0
2.174175241E1,3.548395634E0,3.088073730E-1,1.547327876E0,3.883387326E0
2.174677803E1,3.406930208E0,4.660453796E-1,1.674725771E0,3.824797792E0
2.175180366E1,3.209448338E0,6.766290665E-1,1.810975909E0,3.746734481E0
2.175682928E1,2.956501007E0,8.782587051E-1,1.917079926E0,3.631450399E0
2.176185491E1,2.691662550E0,1.123484612E0,2.006874084E0,3.540453155E0
2.176688053E1,2.448943615E0,1.388246059E0,2.046414375E0,3.480282136E0
2.177190616E1,2.190443516E0,1.662896633E0,2.054507256E0,3.432822173E0
2.177693178E1,1.964452386E0,1.942538261E0,2.055019379E0,3.443200941E0
2.178195741E1,1.804736853E0,2.169698715E0,1.995316267E0,3.456292034E0
2.178698303E1,1.725730300E0,2.358762264E0,1.908893704E0,3.490813610E0
2.179200866E1,1.684357047E0,2.538440228E0,1.805662274E0,3.541349136E0
2.179703428E1,1.709143996E0,2.689621925E0,1.652653456E0,3.589777534E0
2.180205991E1,1.761628509E0,2.841012955E0,1.517674923E0,3.671243220E0
2.180708553E1,1.860732794E0,2.935221672E0,1.391835928E0,3.743669329E0
2.181211116E1,1.991718650E0,3.020171165E0,1.323826551E0,3.852388063E0
2.181713678E1,2.116063833E0,3.062410355E0,1.299862146E0,3.942806732E0
2.182216241E1,2.223972797E0,3.076377869E0,1.301120758E0,4.012863195E0
2.182718803E1,2.353411198E0,3.066970825E0,1.289481640E0,4.075244435E0
2.183221366E1,2.470698357E0,3.029482841E0,1.293633938E0,4.117718473E0
2.183723928E1,2.528014421E0,2.959203720E0,1.284412146E0,4.098470219E0
2.184226491E1,2.501625299E0,2.880094528E0,1.246986389E0,4.013483360E0
2.184729053E1,2.377495050E0,2.792118073E0,1.190693974E0,3.855665725E0
2.185231616E1,2.237442017E0,2.719105721E0,1.143872023E0,3.702448636E0
2.185734178E1,2.086631298E0,2.622673035E0,1.068105102E0,3.517569122E0
2.186236741E1,1.906090617E0,2.517189503E0,9.295842648E-1,3.291436060E0
2.186739303E1,1.715151548E0,2.397848606E0,7.712465525E-1,3.047333919E0
2.187241866E1,1.499728203E0,2.293309689E0,5.689824820E-1,2.798605916E0
2.187744428E1,1.212098122E0,2.170070171E0,3.131663799E-1,2.505286328E0
2.188246991E1,8.909957409E-1,2.066308975E0,5.636543036E-2,2.250929420E0
2.188749553E1,5.080590248E-1,1.977143288E0,-2.636413574E-1,2.058330954E0
2.189252116E1,6.388425827E-2,1.849808693E0,-6.324959993E-1,1.955997083E0
2.189754678E1,-4.123201370E-1,1.708127022E0,-9.877935648E-1,2.015798091E0
2.190257241E1,-8.579244614E-1,1.595048428E0,-1.152614713E0,2.146796344E0
2.190759803E1,-1.306155205E0,1.515297413E0,-1.151556015E0,2.308300007E0
2.191262366E1,-1.718440533E0,1.468840122E0,-1.028586030E0,2.483650215E0
2.191764928E1,-2.104208231E0,1.450911999E0,-8.803817034E-1,2.703314605E0
2.192267491E1,-2.501708746E0,1.466343403E0,-7.077325583E-1,2.984894470E0
2.192770053E1,-2.901313305E0,1.505551815E0,-5.110386610E-1,3.308393216E0
2.193272616E1,-3.307970762E0,1.506386280E0,-3.908559084E-1,3.655767844E0
2.193775178E1,-3.726551533E0,1.483211994E0,-4.806730747E-1,4.039573090E0
2.194277741E1,-4.114205360E0,1.455156803E0,-8.417830467E-1,4.444408371E0
2.194780303E1,-4.504366875E0,1.292973995E0,-1.377478361E0,4.884521402E0
2.195282866E1,-4.748980522E0,1.073298454E0,-2.105849028E0,5.304656982E0
2.195785428E1,-4.968003273E0,6.957092285E-1,-2.987344980E0,5.838604104E0
2.196287991E1,-5.037352562E0,2.847042084E-1,-3.772072315E0,6.299564022E0
2.196790553E1,-5.096405029E0,-1.740102768E-1,-4.492271423E0,6.795890401E0
2.197293111E1,-5.192959785E0,-6.374197006E-1,-5.170978546E0,7.356096406E0
2.197795668E1,-5.365459919E0,-1.038633347E0,-5.907077312E0,8.047389747E0
2.198298225E1,-5.699279785E0,-1.430676460E0,-6.775028229E0,8.968256949E0
2.198800782E1,-6.073493958E0,-1.857089043E0,-7.495578766E0,9.824449583E0
2.199303340E1,-6.080888748E0,-2.208140373E0,-7.293074131E0,9.748949798E0
2.199805897E1,-5.584171772E0,-2.397535324E0,-5.887163162E0,8.461077952E0
2.200308454E1,-4.323166847E0,-2.477127075E0,-3.990540981E0,6.383599882E0
2.200811012E1,-2.512632132E0,-2.560403824E0,-2.463999510E0,4.352043377E0
2.201313569E1,-7.746052742E-1,-2.683934212E0,-1.716627121E0,3.278768802E0
2.201816126E1,2.995386124E-1,-2.999466896E0,-1.070516348E0,3.198832645E0
2.202318684E1,9.198964834E-1,-3.678486824E0,-2.588077784E-1,3.800586313E0
2.202821241E1,1.140782952E0,-4.797547340E0,5.610336065E-1,4.963124513E0
2.203323798E1,8.748551607E-1,-6.142121315E0,8.314107060E-1,6.259574232E0
2.203826355E1,5.277717113E-1,-7.985781670E0,1.672958732E-1,8.004950953E0
2.204328913E1,1.118440628E-1,-1.084530163E1,-9.273670912E-1,1.088545296E1
2.204831470E1,-5.657103062E-1,-1.399342918E1,-1.457151055E0,1.408046085E1
2.205334027E1,-1.299420357E0,-1.709611130E1,-1.418690681E0,1.720401692E1
2.205836585E1,-1.951108694E0,-1.970008469E1,-1.291409731E0,1.983854584E1
2.206339142E1,-2.240175486E0,-2.065433121E1,-1.986284256E-1,2.077641059E1
2.206841699E1,-1.983747482E0,-1.944980812E1,2.110187531E0,1.966426153E1
2.207344256E1,-8.723387718E-1,-1.592660904E1,4.736901760E0,1.663899302E1
2.207846814E1,8.216744661E-1,-1.133489799E1,6.480392933E0,1.308245214E1
2.208349371E1,2.628085613E0,-7.027902603E0,6.924841404E0,1.021037107E1
2.208851928E1,4.058311939E0,-3.458074570E0,6.998713970E0,8.798305107E0
2.209354486E1,5.151532173E0,-5.274810791E-1,6.834417343E0,8.574717514E0
2.209857043E1,5.595035553E0,1.674663067E0,6.300755978E0,8.591184151E0
2.210359600E1,5.657161713E0,3.426919460E0,5.687913895E0,8.723509621E0
2.210862158E1,5.453598976E0,4.796768665E0,5.085807800E0,8.866576138E0
2.211364715E1,5.396703243E0,5.990131378E0,4.623262405E0,9.294118306E0
2.211867272E1,5.352378845E0,6.892394066E0,4.328902245E0,9.741275579E0
2.212369829E1,5.105875015E0,7.556321621E0,4.111795425E0,1.000374019E1
2.212872387E1,4.844813347E0,8.096677780E0,4.000650406E0,1.024859069E1
2.213374944E1,4.569881916E0,8.475088120E0,3.789855480E0,1.034765403E1
2.213877501E1,4.329749107E0,8.782288551E0,3.494305849E0,1.039641731E1
2.214380058E1,4.191789627E0,9.046819687E0,3.138688087E0,1.045310526E1
2.214882616E1,4.185101509E0,9.254135132E0,2.766839981E0,1.052660891E1
2.215385178E1,4.257075310E0,9.332433701E0,2.427090883E0,1.054076748E1
2.215887741E1,4.216570377E0,9.272137642E0,2.096439362E0,1.039937788E1
2.216390303E1,4.049871445E0,9.168867111E0,1.813918352E0,1.018625950E1
2.216892866E1,3.777015209E0,9.022436142E0,1.570861578E0,9.906452641E0
2.217395428E1,3.375598431E0,8.741689682E0,1.277419567E0,9.457462874E0
2.217897991E1,2.885731697E0,8.245128632E0,9.491418600E-1,8.786948495E0
2.218400553E1,2.390384912E0,7.633180141E0,6.969950199E-1,8.029021183E0
2.218903116E1,1.905202746E0,6.996663094E0,5.934736133E-1,7.275665116E0
2.219405678E1,1.478666306E0,6.292531967E0,6.769489050E-1,6.499282454E0
2.219908241E1,1.001672983E0,5.334278107E0,9.661793113E-1,5.512837214E0
2.220410803E1,4.134355783E-1,3.988173485E0,1.407652617E0,4.249463803E0
2.220913366E1,-2.840217352E-1,2.321409225E0,1.837628007E0,2.974304260E0
2.221415928E1,-8.636332750E-1,3.962373734E-1,2.145362377E0,2.346368730E0
2.221918491E1,-1.194990158E0,-1.653334618E0,2.339447021E0,3.103953802E0
2.222421053E1,-9.909512997E-1,-3.788980484E0,2.939350128E0,4.896747570E0
2.222923616E1,-3.597915173E-2,-6.277503967E0,4.747762203E0,7.870806598E0
2.223426178E1,9.978814721E-1,-8.265774727E0,5.455036640E0,9.953704035E0
2.223928741E1,1.827125430E0,-9.251275063E0,4.851576328E0,1.060482298E1
2.224431303E1,2.609275818E0,-9.421261787E0,3.089295149E0,1.025242598E1
2.224933866E1,3.176866055E0,-8.752479553E0,1.094849229E0,9.375343785E0
2.225436428E1,3.143754005E0,-7.398680687E0,-4.915736020E-1,8.053900282E0
2.225938991E1,2.457813263E0,-5.906031609E0,-1.485895872E0,6.567339030E0
2.226441553E1,1.343226433E0,-4.653120041E0,-2.006935120E0,5.242477653E0
2.226944116E1,1.499394178E-1,-3.592549324E0,-2.461773634E0,4.357662435E0
2.227446678E1,-8.487483263E-1,-2.609929085E0,-2.890349388E0,3.985752518E0
2.227949241E1,-1.462297559E0,-1.605031967E0,-3.328570127E0,3.974144041E0
2.228451803E1,-1.736517072E0,-5.969820023E-1,-3.732002735E0,4.159293626E0
2.228954366E1,-1.727896333E0,3.617305756E-1,-4.005130768E0,4.376933540E0
2.229456928E1,-1.556412220E0,1.146994591E0,-4.140022278E0,4.569223134E0
2.229959491E1,-1.242117405E0,1.682644367E0,-4.143757820E0,4.641645892E0
2.230462053E1,-9.681167603E-1,2.016945839E0,-4.004258156E0,4.586873004E0
2.230964616E1,-8.119959831E-1,2.116757393E0,-3.804858208E0,4.429102089E0
2.231467178E1,-8.650618792E-1,2.030191422E0,-3.551901817E0,4.181628365E0
2.231969741E1,-1.122246146E0,1.776497364E0,-3.270707846E0,3.887532522E0
2.232472303E1,-1.472568512E0,1.403457642E0,-2.881550312E0,3.527248726E0
2.232974866E1,-1.800357938E0,9.635705948E-1,-2.453064919E0,3.191752573E0
2.233477428E1,-2.018742561E0,4.997224808E-1,-2.029653549E0,2.905948660E0
2.233979991E1,-2.127670288E0,1.026782990E-1,-1.655531883E0,2.697834225E0
2.234482553E1,-2.122419834E0,-1.990423203E-1,-1.350754023E0,2.523652160E0
2.234985116E1,-1.998839855E0,-4.007387161E-1,-1.134813190E0,2.333185218E0
2.235487678E1,-1.777008295E0,-4.832954407E-1,-9.981448054E-1,2.094666087E0
2.235990241E1,-1.524807334E0,-4.993457794E-1,-9.024035931E-1,1.840846506E0
2.236492803E1,-1.310110450E0,-4.440126419E-1,-8.136010170E-1,1.604831216E0
2.236995366E1,-1.138078928E0,-3.651065826E-1,-7.456092834E-1,1.408708510E0
2.237497928E1,-1.023245931E0,-2.816829681E-1,-6.784768701E-1,1.259646138E0
2.238000491E1,-9.178246260E-1,-1.506137848E-1,-6.161371469E-1,1.115666411E0
2.238503053E1,-7.740190029E-1,-5.655288696E-4,-4.811385274E-1,9.113726018E-1
2.239005616E1,-6.301581860E-1,1.780786514E-1,-3.397821188E-1,7.377419831E-1
2.239508178E1,-4.575965405E-1,3.375148773E-1,-2.250730395E-1,6.115298516E-1
2.240010741E1,-2.755963802E-1,5.112848282E-1,-4.588282108E-2,5.826412049E-1
2.240513303E1,-1.033003330E-1,6.945581436E-1,1.878024340E-1,7.268780695E-1
2.241015866E1,6.885397434E-2,8.394660950E-1,4.372529387E-1,9.490175588E-1
2.241518428E1,2.216602564E-1,9.699144363E-1,6.634684205E-1,1.195850170E0
2.242020991E1,3.648011684E-1,1.028450012E0,8.657562137E-1,1.392954824E0
2.242523553E1,5.366109610E-1,1.043783188E0,1.053035378E0,1.576806321E0
2.243026116E1,7.463746071E-1,1.063774109E0,1.282041192E0,1.825464332E0
2.243528678E1,9.651041627E-1,1.007087708E0,1.551898599E0,2.086633882E0
2.244031241E1,1.211483955E0,9.360065460E-1,1.766167521E0,2.337338089E0
2.244533803E1,1.494486690E0,8.075847626E-1,1.867249131E0,2.524342079E0
2.245036366E1,1.493328691E0,5.406503677E-1,1.917448044E0,2.489767137E0
2.245538928E1,1.308949590E0,2.597446442E-1,1.879182935E0,2.304809062E0
2.246041491E1,1.066611767E0,6.045150757E-2,1.786645889E0,2.081686475E0
2.246544053E1,9.198989868E-1,-4.304122925E-2,1.702487946E0,1.935596006E0
2.247046616E1,9.166030884E-1,1.609802246E-2,1.650804520E0,1.888273267E0
2.247549178E1,1.022945166E0,1.516046524E-1,1.564634323E0,1.875494961E0
2.248051741E1,1.190384626E0,3.156719208E-1,1.415367007E0,1.876147139E0
2.248554303E1,1.365585327E0,5.131492615E-1,1.245929003E0,1.918458895E0
2.249056866E1,1.395097136E0,6.962299347E-1,1.137508273E0,1.930014822E0
2.249559428E1,1.303174019E0,8.457374573E-1,1.046776891E0,1.873306229E0
2.250061991E1,1.181153297E0,9.616136551E-1,9.256585836E-1,1.782320888E0
2.250564553E1,1.058099747E0,1.039039612E0,7.933348417E-1,1.681831906E0
2.251067116E1,1.001233101E0,1.097128868E0,7.263740301E-1,1.653414258E0
2.251569678E1,1.024873137E0,1.107178688E0,6.959644556E-1,1.661498155E0
2.252072241E1,1.099866629E0,1.074081421E0,6.733509302E-1,1.678320284E0
2.252574803E1,1.206686020E0,1.021853447E0,6.585711241E-1,1.712889822E0
2.253077366E1,1.225408077E0,9.170846939E-1,6.181570292E-1,1.650693007E0
2.253579928E1,1.132303357E0,7.502527237E-1,5.618168116E-1,1.469907538E0
2.254082491E1,9.995701313E-1,5.691909790E-1,5.279595852E-1,1.265646136E0
2.254585053E1,9.280211329E-1,4.025545120E-1,5.215290785E-1,1.138097508E0
2.255087616E1,9.177377820E-1,2.168121338E-1,5.234773159E-1,1.078553957E0
2.255590173E1,9.304105043E-1,7.414817810E-2,4.956244230E-1,1.056790058E0
2.256092730E1,9.516597986E-1,-2.070236206E-2,4.716287851E-1,1.062317594E0
2.256595288E1,9.719459414E-1,-7.260417938E-2,4.993270636E-1,1.095115426E0
2.257097845E1,1.029397964E0,-1.007232666E-1,4.926505089E-1,1.145648231E0
2.257600402E1,1.061783791E0,-1.433525085E-1,4.182335138E-1,1.150153917E0
2.258102960E1,1.002021670E0,-1.861257553E-1,3.335014582E-1,1.072340173E0
2.258605517E1,8.887973428E-1,-2.338981628E-1,2.336854935E-1,9.483026821E-1
2.259108074E1,7.129268646E-1,-2.915019989E-1,7.107329369E-2,7.734917858E-1
2.259610631E1,5.130395889E-1,-3.398075104E-1,-1.252976656E-1,6.279954370E-1
2.260113189E1,3.037563562E-1,-4.026918411E-1,-3.788198233E-1,6.308193889E-1
2.260615746E1,5.670237541E-2,-4.561557770E-1,-6.314778328E-1,7.810617809E-1
2.261118303E1,-1.657475233E-1,-5.527114868E-1,-9.113942385E-1,1.078703707E0
2.261620861E1,-3.825536966E-1,-6.491756439E-1,-1.122441769E0,1.351906754E0
2.262123418E1,-6.126948595E-1,-7.454862595E-1,-1.278787374E0,1.602011830E0
2.262625975E1,-8.084077835E-1,-8.511629105E-1,-1.361363888E0,1.797585347E0
2.263128532E1,-1.008033156E0,-9.662504196E-1,-1.384999037E0,1.966721396E0
2.263631090E1,-1.159084082E0,-1.057363510E0,-1.340817690E0,2.063803668E0
2.264133647E1,-1.324024677E0,-1.148591042E0,-1.277539730E0,2.168965304E0
2.264636204E1,-1.479189515E0,-1.221014023E0,-1.224921703E0,2.275809756E0
2.265138762E1,-1.629668355E0,-1.274854660E0,-1.155174255E0,2.369704815E0
2.265641319E1,-1.775570512E0,-1.281641006E0,-1.155137300E0,2.475802192E0
2.266143876E1,-1.940921783E0,-1.294228554E0,-1.201442003E0,2.624055603E0
2.266646434E1,-2.087453842E0,-1.303162575E0,-1.299061060E0,2.782670638E0
2.267148991E1,-2.215142965E0,-1.275044441E0,-1.452724218E0,2.939898695E0
2.267651548E1,-2.362223864E0,-1.238640785E0,-1.695671320E0,3.160638195E0
2.268154105E1,-2.451995134E0,-1.170003891E0,-1.984257221E0,3.364292788E0
2.268656663E1,-2.541829348E0,-1.088184357E0,-2.341684818E0,3.623331259E0
2.269159220E1,-2.641241074E0,-1.002483368E0,-2.790661573E0,3.971009863E0
2.269661777E1,-2.754659891E0,-9.365081787E-1,-3.286781549E0,4.389547999E0
2.270164335E1,-2.853011131E0,-8.705587387E-1,-3.770712376E0,4.807891102E0
2.270666892E1,-2.973939419E0,-8.136672974E-1,-4.216781139E0,5.223754714E0
2.271169449E1,-3.069030285E0,-8.083114624E-1,-4.570747852E0,5.564535043E0
2.271672006E1,-3.133176088E0,-7.966146469E-1,-4.826839447E0,5.809454909E0
2.272174564E1,-3.146976471E0,-7.974338531E-1,-4.946293354E0,5.916517523E0
2.272677121E1,-3.096360683E0,-8.632383347E-1,-4.962766647E0,5.912840493E0
2.273179684E1,-3.063413143E0,-1.089601517E0,-4.924722672E0,5.901239272E0
2.273682246E1,-3.087012768E0,-1.466882706E0,-4.789946079E0,5.884299121E0
2.274184808E1,-3.133773327E0,-1.937640190E0,-4.606951714E0,5.899066779E0
2.274687371E1,-3.127299070E0,-2.363085747E0,-4.438134193E0,5.921250615E0
2.275189934E1,-3.134572506E0,-2.800472260E0,-4.268587112E0,5.990744996E0
2.275692496E1,-3.088280678E0,-3.148961067E0,-4.116155624E0,6.032923874E0
2.276195058E1,-3.107450008E0,-3.513353348E0,-3.950299978E0,6.132272598E0
2.276697621E1,-3.124540091E0,-3.850054741E0,-3.759533167E0,6.222520544E0
2.277200184E1,-3.210593700E0,-4.287984848E0,-3.518658876E0,6.409031616E0
2.277702746E1,-3.312592983E0,-4.697866440E0,-3.241357088E0,6.599213372E0
2.278205308E1,-3.464156628E0,-5.228387833E0,-2.933017015E0,6.923800205E0
2.278707871E1,-3.651517868E0,-5.827458382E0,-2.542595863E0,7.331960696E0
2.279210434E1,-3.865656614E0,-6.505722046E0,-2.025598288E0,7.833949759E0
2.279712996E1,-4.140802383E0,-7.073193550E0,-1.377183199E0,8.311013472E0
2.280215558E1,-4.266248703E0,-7.287570953E0,-7.506706715E-1,8.477798939E0
2.280718121E1,-4.112244129E0,-7.078592300E0,-3.553967476E-1,8.194103220E0
2.281220684E1,-3.468026638E0,-6.337157249E0,-3.313813210E-1,7.231637736E0
2.281723246E1,-2.468477726E0,-5.302700043E0,-5.771763325E-1,5.877511595E0
2.282225808E1,-1.363867879E0,-4.161413193E0,-1.014301300E0,4.495142098E0
2.282728371E1,-3.567204475E-1,-3.084807396E0,-1.535310030E0,3.464168448E0
2.283230934E1,4.563694000E-1,-2.158184052E0,-1.980193377E0,2.964320704E0
2.283733496E1,1.089650989E0,-1.361784935E0,-2.342675447E0,2.920603660E0
2.284236058E1,1.548218250E0,-6.713218689E-1,-2.574021816E0,3.077863076E0
2.284738621E1,1.890769720E0,-5.795383453E-2,-2.812172413E0,3.389200859E0
2.285241184E1,2.228696823E0,5.501146317E-1,-3.104042292E0,3.860672763E0
2.285743746E1,2.563225508E0,1.119407654E0,-3.481807709E0,4.466115025E0
2.286246308E1,2.871081591E0,1.650052547E0,-3.905667305E0,5.120548799E0
2.286748871E1,3.119144440E0,2.194794655E0,-4.316569328E0,5.760117740E0
2.287251434E1,3.441209793E0,2.701102734E0,-4.483388424E0,6.264076355E0
2.287753996E1,3.769142866E0,3.073398590E0,-4.252607346E0,6.460409126E0
2.288256559E1,3.939116001E0,3.306907654E0,-3.696648598E0,6.333836433E0
2.288759121E1,3.978669167E0,3.420661926E0,-2.927043915E0,6.008187949E0
2.289261684E1,3.939720154E0,3.467041016E0,-2.031845093E0,5.627624968E0
2.289764246E1,3.817226887E0,3.445726395E0,-1.022679090E0,5.243102518E0
2.290266809E1,3.443947792E0,3.303796768E0,-1.314592361E-1,4.774215225E0
2.290769371E1,2.811520100E0,3.088843346E0,8.171981573E-1,4.255985352E0
2.291271934E1,2.103214502E0,2.805375576E0,1.821338654E0,3.951065408E0
2.291774496E1,1.320589304E0,2.371862411E0,2.850251198E0,3.936193504E0
2.292277059E1,5.988090038E-1,1.735743999E0,3.587070942E0,4.029696936E0
2.292779621E1,1.199580431E-1,1.045581818E0,3.984002590E0,4.120668381E0
2.293282184E1,-1.881339550E-1,3.494300842E-1,4.333359718E0,4.351494251E0
2.293784746E1,-4.312744141E-1,-2.998991013E-1,4.693185329E0,4.722491464E0
2.294287309E1,-6.195460558E-1,-9.453277588E-1,5.064037800E0,5.188637656E0
2.294789871E1,-8.631961346E-1,-1.596317291E0,5.388985157E0,5.686343068E0
2.295292434E1,-1.004286170E0,-2.185863495E0,5.620441914E0,6.113587918E0
2.295794996E1,-9.761735201E-1,-2.661349297E0,5.744171143E0,6.405559846E0
2.296297559E1,-8.561429977E-1,-3.104042053E0,5.917717457E0,6.737019949E0
2.296800121E1,-6.832426786E-1,-3.427660942E0,6.235893250E0,7.148569417E0
2.297302684E1,-5.061757565E-1,-3.598531723E0,6.649311066E0,7.577531399E0
2.297805246E1,-3.016462326E-1,-3.587780952E0,7.003254414E0,7.874562527E0
2.298307809E1,-9.903550148E-2,-3.433423042E0,7.238278389E0,8.011920859E0
2.298810371E1,5.626678467E-3,-3.159091949E0,7.242472172E0,7.901474341E0
2.299312934E1,1.286053658E-2,-2.788588524E0,6.942871571E0,7.481968791E0
2.299815496E1,-6.714200974E-2,-2.321890831E0,6.415739536E0,6.823298240E0
2.300318059E1,-2.190496922E-1,-1.792637825E0,5.790361404E0,6.065461098E0
2.300820621E1,-3.939001560E-1,-1.215439796E0,5.143794537E0,5.300101269E0
2.301323184E1,-6.052260399E-1,-6.097383499E-1,4.505877972E0,4.587048693E0
2.301825746E1,-7.901313305E-1,-8.111286163E-2,3.725288630E0,3.809023784E0
2.302328309E1,-8.668508530E-1,3.701629639E-1,2.708801985E0,2.868110739E0
2.302830871E1,-8.065190315E-1,7.055416107E-1,1.464322329E0,1.814525226E0
2.303333434E1,-6.332266331E-1,9.295997620E-1,1.103790402E-1,1.130183710E0
2.303835996E1,-3.761069775E-1,9.943628311E-1,-1.109876394E0,1.536892810E0
2.304338559E1,-1.026875973E-1,9.620103836E-1,-1.939579487E0,2.167481789E0
2.304841121E1,2.532629967E-1,8.708839417E-1,-2.237961769E0,2.414757517E0
2.305343684E1,6.093890667E-1,7.451143265E-1,-2.042972803E0,2.258381781E0
2.305846246E1,9.359573126E-1,5.945672989E-1,-1.508450508E0,1.872150982E0
2.306348809E1,1.308534026E0,4.530839920E-1,-7.556332350E-1,1.577506890E0
2.306851371E1,1.702307463E0,3.354053497E-1,2.641457319E-2,1.735236346E0
2.307353934E1,1.992174625E0,2.515039444E-1,7.728836536E-1,2.151595481E0
2.307856496E1,2.173284531E0,2.207889557E-1,1.447793365E0,2.620690566E0
2.308359059E1,2.255462885E0,1.812286377E-1,2.044463634E0,3.049555410E0
2.308861621E1,2.239254475E0,1.520462036E-1,2.528048992E0,3.380593196E0
2.309364184E1,2.192263365E0,1.141014099E-1,2.845123768E0,3.593573020E0
2.309866746E1,2.139099360E0,8.646583557E-2,3.004776001E0,3.689431017E0
2.310369308E1,2.061131001E0,1.312055588E-1,3.088362694E0,3.715300799E0
2.310871871E1,2.054296970E0,2.385854721E-1,3.096300125E0,3.723457202E0
2.311374434E1,2.127927303E0,4.085311890E-1,3.038863182E0,3.732246211E0
2.311876996E1,2.233731747E0,6.170978546E-1,2.936075687E0,3.740442182E0
2.312379558E1,2.308987141E0,8.260669708E-1,2.784044743E0,3.710082665E0
2.312882121E1,2.420243740E0,1.049830437E0,2.574267387E0,3.685997326E0
2.313384678E1,2.533753872E0,1.259664059E0,2.326787949E0,3.663414307E0
2.313887236E1,2.653992891E0,1.455601215E0,2.037647963E0,3.648898791E0
2.314389793E1,2.752017736E0,1.647236824E0,1.755365968E0,3.656268652E0
2.314892350E1,2.803829670E0,1.815447807E0,1.418071270E0,3.628806648E0
2.315394908E1,2.890632868E0,1.931572914E0,1.064461112E0,3.635905631E0
2.315897465E1,2.930991173E0,2.024380684E0,7.137838602E-1,3.632948363E0
2.316400022E1,2.900986671E0,2.060422421E0,4.330649972E-1,3.584495712E0
2.316902579E1,2.839164019E0,2.058787823E0,1.888693571E-1,3.512140552E0
2.317405137E1,2.745675087E0,2.009893417E0,9.842514992E-3,3.402719516E0
2.317907694E1,2.606660366E0,1.966254234E0,-1.617348194E-1,3.269096531E0
2.318410251E1,2.451302528E0,1.870363235E0,-2.498148680E-1,3.093468957E0
2.318912808E1,2.299235582E0,1.784416199E0,-2.698246241E-1,2.922914771E0
2.319415366E1,2.184370041E0,1.694039345E0,-2.275680304E-1,2.773631011E0
2.319917923E1,2.092707157E0,1.618416786E0,-1.338214874E-1,2.648887376E0
2.320420480E1,2.015064001E0,1.557562828E0,3.911530972E-2,2.547158201E0
2.320923038E1,1.899025559E0,1.487638950E0,2.903356552E-1,2.429745360E0
2.321425595E1,1.783131123E0,1.422999859E0,5.047234297E-1,2.336499719E0
2.321928152E1,1.648426890E0,1.363637447E0,6.917262673E-1,2.248400216E0
2.322430710E1,1.566532254E0,1.319108486E0,8.326771259E-1,2.210751388E0
2.322933267E1,1.499153614E0,1.308459759E0,9.088913202E-1,2.187604153E0
2.323435824E1,1.469852448E0,1.350796223E0,9.449377060E-1,2.208624894E0
2.323938381E1,1.421040773E0,1.422102451E0,8.935508728E-1,2.200037596E0
2.324440939E1,1.381347895E0,1.498342991E0,8.415595293E-1,2.204852867E0
2.324943496E1,1.303055406E0,1.631988525E0,8.420481682E-1,2.251751553E0
2.325446053E1,1.257910609E0,1.789459229E0,8.856078982E-1,2.359831515E0
2.325948611E1,1.217285275E0,1.927664757E0,9.673060179E-1,2.476561283E0
2.326451168E1,1.233939767E0,2.113561153E0,1.034347057E0,2.656994906E0
2.326953725E1,1.240924954E0,2.289704800E0,1.100943446E0,2.827493463E0
2.327456282E1,1.243269682E0,2.460855007E0,1.176475167E0,2.997602490E0
2.327958840E1,1.274546862E0,2.617461205E0,1.289470911E0,3.184070993E0
2.328461397E1,1.329905033E0,2.764361382E0,1.434992671E0,3.386671701E0
2.328963954E1,1.385455489E0,2.892018318E0,1.464602828E0,3.525382009E0
2.329466512E1,1.383784652E0,2.995672703E0,1.502859592E0,3.625948408E0
2.329969069E1,1.282005072E0,3.089707851E0,1.549615264E0,3.686616210E0
2.330471631E1,1.137994170E0,3.207493305E0,1.614496231E0,3.766914137E0
2.330974194E1,1.023632407E0,3.334647655E0,1.640014887E0,3.854522943E0
2.331476756E1,7.717758417E-1,3.404128551E0,1.654901505E0,3.862955880E0
2.331979319E1,4.931414127E-1,3.501956940E0,1.649501085E0,3.902274297E0
2.332481881E1,2.311687469E-1,3.599259377E0,1.638384581E0,3.961364801E0
2.332984444E1,-7.626080513E-2,3.681693077E0,1.640596747E0,4.031406369E0
2.333487006E1,-3.999929428E-1,3.739579201E0,1.660994291E0,4.111368262E0
2.333989569E1,-6.870679855E-1,3.753758430E0,1.747207046E0,4.197081990E0
2.334492131E1,-9.851520061E-1,3.700338364E0,1.779460669E0,4.222500296E0
2.334994694E1,-1.270329475E0,3.636816025E0,1.767280459E0,4.238330803E0
2.335497256E1,-1.489752531E0,3.544020653E0,1.696219563E0,4.201976416E0
2.335999819E1,-1.624201536E0,3.469822884E0,1.589894533E0,4.147947215E0
2.336502381E1,-1.669275999E0,3.361700535E0,1.390765905E0,4.002716909E0
2.337004944E1,-1.806897163E0,3.171922207E0,1.127400875E0,3.820602123E0
2.337507506E1,-2.036601067E0,2.900601864E0,9.330723286E-1,3.664950074E0
2.338010069E1,-2.161426306E0,2.638650894E0,7.492095232E-1,3.492213786E0
2.338512631E1,-2.162900209E0,2.429350853E0,5.703061819E-1,3.302291935E0
2.339015194E1,-2.118447781E0,2.177293301E0,2.043737173E-1,3.044699613E0
2.339517756E1,-2.114587069E0,1.877942562E0,-2.152110338E-1,2.836276172E0
2.340020319E1,-2.117729187E0,1.555333138E0,-6.319094896E-1,2.702433659E0
2.340522881E1,-2.042790651E0,1.300608158E0,-9.359165430E-1,2.596250181E0
2.341025444E1,-1.905685663E0,1.066092968E0,-1.255768538E0,2.518957460E0
2.341528006E1,-1.803500414E0,8.279724121E-1,-1.590106368E0,2.542949138E0
2.342030569E1,-1.746595621E0,5.671224594E-1,-1.932890177E0,2.666137390E0
2.342533131E1,-1.716926575E0,3.744773865E-1,-2.157831192E0,2.782859254E0
2.343035694E1,-1.677447319E0,2.451601028E-1,-2.434366703E0,2.966491906E0
2.343538256E1,-1.638551235E0,1.646299362E-1,-2.730553389E0,3.188710550E0
2.344040819E1,-1.633574963E0,1.373529434E-1,-2.891041756E0,3.323485433E0
2.344543381E1,-1.647899389E0,1.391305923E-1,-2.899629116E0,3.338080096E0
2.345045944E1,-1.661928892E0,1.936769485E-1,-2.798492432E0,3.260533437E0
2.345548506E1,-1.641552210E0,2.672586441E-1,-2.711515903E0,3.180949439E0
2.346051069E1,-1.547651768E0,3.979778290E-1,-2.582108974E0,3.036593338E0
2.346553631E1,-1.350910664E0,5.666351318E-1,-2.388082504E0,2.801601871E0
2.347056194E1,-1.055864096E0,7.255115509E-1,-2.198543310E0,2.544564538E0
2.347558756E1,-7.485880852E-1,8.604631424E-1,-1.967493415E0,2.274161665E0
2.348061319E1,-4.195032120E-1,9.860854149E-1,-1.691993833E0,2.002795676E0
2.348563881E1,-9.276890755E-2,1.078739643E0,-1.411816835E0,1.779188597E0
2.349066444E1,1.548562050E-1,1.095653057E0,-1.142425656E0,1.590462966E0
2.349569006E1,3.616266251E-1,1.070499897E0,-8.987307549E-1,1.443766191E0
2.350071569E1,4.845778942E-1,1.022487164E0,-6.906206608E-1,1.325614059E0
2.350574131E1,6.003904343E-1,9.564299583E-1,-5.040085316E-1,1.236629103E0
2.351076694E1,6.898634434E-1,9.010934830E-1,-3.104954958E-1,1.176557898E0
2.351579256E1,7.673344612E-1,8.517398834E-1,-1.153938770E-1,1.152206037E0
2.352081819E1,8.947792053E-1,8.514833450E-1,7.620084286E-2,1.237521831E0
2.352584381E1,9.523701668E-1,8.907651901E-1,2.209218740E-1,1.322602749E0
2.353086944E1,9.402382374E-1,9.360160828E-1,2.899508476E-1,1.358030023E0
2.353589506E1,9.108142853E-1,1.006288052E0,4.898387194E-1,1.442962327E0
2.354092069E1,9.022698402E-1,1.024792194E0,8.748880625E-1,1.621640844E0
2.354594631E1,6.278612614E-1,5.274229050E-1,1.675768137E0,1.865632207E0
2.355097194E1,-6.828951836E-2,-9.161119461E-1,2.370351791E0,2.542143224E0
2.355599756E1,-1.263741016E0,-3.382002831E0,3.167439938E0,4.802880413E0
2.356102319E1,-2.566928387E0,-6.707045555E0,3.880954504E0,8.163050244E0
2.356604881E1,-3.053312540E0,-1.029721355E1,4.100540161E0,1.149651052E1
2.357107444E1,-2.477655888E0,-1.400803852E1,3.582666874E0,1.466967702E1
2.357610006E1,-1.873184204E0,-1.821148300E1,2.926541805E0,1.853999944E1
2.358112569E1,-1.897740126E0,-2.256678391E1,2.155967236E0,2.274883180E1
2.358615131E1,-2.526674986E0,-2.607939529E1,1.158431053E0,2.622710254E1
2.359117694E1,-3.192315817E0,-2.810591507E1,-9.059354663E-2,2.828677340E1
2.359620256E1,-3.626811743E0,-2.886973572E1,-1.326064110E0,2.912685788E1
2.360122819E1,-5.132105350E0,-3.045870590E1,-4.250456810E0,3.117912208E1
2.360625381E1,-7.363339424E0,-2.938187790E1,-6.785429955E0,3.104119160E1
2.361127944E1,-7.425165176E0,-2.278915024E1,-6.153282166E0,2.474553147E1
2.361630506E1,-4.884394646E0,-1.451355839E1,-5.221368313E0,1.617910304E1
2.362133069E1,-1.615508795E0,-8.142311096E0,-4.855493069E0,9.616803606E0
2.362635631E1,1.225134730E0,-3.819014549E0,-4.776482105E0,6.237035236E0
2.363138194E1,3.436486244E0,-5.971879959E-1,-4.556372166E0,5.738170311E0
2.363640756E1,5.432672501E0,1.955977440E0,-3.749786139E0,6.884814764E0
2.364143319E1,7.078360081E0,3.942436218E0,-2.234537363E0,8.404709513E0
2.364645881E1,8.171728134E0,5.339560032E0,-8.367022276E-1,9.797352329E0
2.365148444E1,8.832490921E0,6.420949459E0,1.450436115E-1,1.092073832E1
2.365651006E1,9.509609222E0,7.378767490E0,9.442456961E-1,1.207354452E1
2.366153569E1,9.900450706E0,8.031972885E0,2.004564047E0,1.290541707E1
2.366656131E1,1.012349319E1,8.501077652E0,2.682871103E0,1.348893002E1
2.367158694E1,1.001986217E1,8.810727119E0,2.639440298E0,1.360122037E1
2.367661256E1,9.599018097E0,8.951769829E0,2.387447596E0,1.334073602E1
2.368163819E1,9.038732529E0,9.058160782E0,2.286501408E0,1.299911732E1
2.368666381E1,8.282747269E0,9.196505547E0,2.260119915E0,1.258124631E1
2.369168944E1,7.576694012E0,9.284859657E0,2.265786409E0,1.219625758E1
2.369671506E1,6.811884880E0,9.279667854E0,2.347296476E0,1.174835358E1
2.370174069E1,6.142772198E0,9.170905113E0,2.467372894E0,1.131048539E1
2.370676631E1,5.551310539E0,8.891210556E0,2.574466467E0,1.079344947E1
2.371179194E1,5.224420547E0,8.320905685E0,2.698877335E0,1.018901273E1
2.371681756E1,4.783562660E0,7.512849808E0,2.790392399E0,9.333363472E0
2.372184319E1,3.870156765E0,6.658336639E0,3.056535244E0,8.285768998E0
2.372686881E1,2.763387203E0,5.713677406E0,3.607112885E0,7.300252167E0
2.373189444E1,1.723448992E0,4.606462955E0,4.435400009E0,6.622880841E0
2.373692001E1,8.520491123E-1,3.293314457E0,5.346936703E0,6.337321193E0
2.374194558E1,1.167354584E-1,1.769358635E0,6.343183994E0,6.586367765E0
2.374697116E1,-6.911380291E-1,2.021026611E-2,7.395830154E0,7.428080768E0
2.375199673E1,-1.440236092E0,-1.815263748E0,8.505182266E0,8.815190744E0
2.375702230E1,-1.880534410E0,-3.511954308E0,9.112609863E0,9.945345205E0
2.376204788E1,-1.835108995E0,-4.973779678E0,9.253363609E0,1.066446658E1
2.376707345E1,-1.568372965E0,-6.123587608E0,9.426807404E0,1.135001395E1
2.377209902E1,-6.627175808E-1,-6.935732841E0,1.130711842E1,1.328135955E1
2.377712460E1,7.216703892E-1,-7.367929459E0,1.359198570E1,1.547737924E1
2.378215017E1,1.621517301E0,-7.025262833E0,1.251606083E1,1.444421735E1
2.378717574E1,9.746117592E-1,-6.254857063E0,9.495090485E0,1.141182931E1
2.379220131E1,-2.472147942E-1,-5.727042198E0,6.534096718E0,8.692211883E0
2.379722689E1,-1.231059551E0,-5.360355377E0,3.993604898E0,6.796896165E0
2.380225246E1,-1.883804560E0,-4.976266861E0,1.716501236E0,5.590914772E0
2.380727803E1,-2.147232533E0,-4.413804054E0,-4.696292877E-1,4.930803732E0
2.381230361E1,-2.284010410E0,-3.635046959E0,-2.974346638E0,5.222739499E0
2.381732918E1,-2.240972042E0,-2.634507179E0,-7.122426510E0,7.917799136E0
2.382235475E1,-2.027728081E0,-1.644512177E0,-1.320100403E1,1.345669383E1
2.382738032E1,-1.806304812E0,-7.333250046E-1,-1.823207664E1,1.833600615E1
2.383240590E1,-1.742870808E0,4.977035522E-2,-1.930945587E1,1.938801593E1
2.383743147E1,-1.902974844E0,5.725555420E-1,-1.720909119E1,1.732345094E1
2.384245704E1,-2.261538506E0,8.877658844E-1,-1.420064449E1,1.440697708E1
2.384748262E1,-2.659562111E0,1.004122734E0,-1.146725464E1,1.181437523E1
2.385250819E1,-2.991268635E0,9.493532181E-1,-9.276038170E0,9.792540207E0
2.385753376E1,-3.132205963E0,7.800369263E-1,-7.533150196E0,8.195579521E0
2.386255934E1,-3.064034224E0,5.243425369E-1,-6.104771614E0,6.850655245E0
2.386758491E1,-2.782980919E0,2.871236801E-1,-4.889611244E0,5.633446629E0
2.387261048E1,-2.252408266E0,1.016521454E-1,-3.804506302E0,4.422436473E0
2.387763605E1,-1.508495092E0,1.105022430E-2,-2.952054501E0,3.315162941E0
2.388266163E1,-7.213987112E-1,-1.796436310E-2,-2.366846800E0,2.474409544E0
2.388768720E1,-9.912550449E-2,-3.286933899E-2,-1.900578022E0,1.903445055E0
2.389271277E1,3.330445290E-1,-9.072017670E-2,-1.414237380E0,1.455752787E0
2.389773835E1,5.362527370E-1,-1.434259415E-1,-8.933695555E-1,1.051782849E0
2.390276392E1,5.875569582E-1,-1.623392105E-1,-2.092216611E-1,6.444772315E-1
2.390778954E1,5.929139853E-1,-1.189451218E-1,4.459973574E-1,7.514044042E-1
2.391281517E1,5.767630339E-1,-1.138648987E-1,8.804640770E-1,1.058696275E0
2.391784079E1,4.013309479E-1,-8.504390717E-2,1.084733963E0,1.159718400E0
2.392286642E1,3.831664324E-1,5.821228027E-2,1.321965814E0,1.377606184E0
2.392789204E1,5.368471146E-1,1.721992493E-1,1.486845016E0,1.590146380E0
2.393291767E1,8.284049630E-1,2.522535324E-1,1.551185846E0,1.776531496E0
2.393794329E1,1.070684195E0,2.794284821E-1,1.539819479E0,1.896177457E0
2.394296892E1,1.201526880E0,2.730083466E-1,1.415583849E0,1.876720020E0
2.394799454E1,1.264527082E0,2.761087418E-1,1.242109418E0,1.793906515E0
2.395302017E1,1.427490234E0,2.743988037E-1,1.135248661E0,1.844400335E0
2.395804579E1,1.680873036E0,2.870187759E-1,1.071362019E0,2.013834779E0
2.396307142E1,1.986069560E0,3.474645615E-1,1.035991430E0,2.266822040E0
2.396809704E1,2.323445797E0,4.222440720E-1,1.019217134E0,2.572060262E0
2.397312267E1,2.711646318E0,4.826574326E-1,1.015652657E0,2.935563706E0
2.397814829E1,3.059101582E0,5.000762939E-1,9.386764765E-1,3.238717696E0
2.398317392E1,3.317305803E0,5.176572800E-1,8.214114904E-1,3.456472724E0
2.398819954E1,3.538270473E0,5.832862854E-1,6.683806181E-1,3.647781995E0
2.399322517E1,3.649652958E0,6.874036789E-1,4.843167067E-1,3.745270778E0
2.399825079E1,3.646189690E0,8.252439499E-1,2.071646452E-1,3.744147970E0
2.400327642E1,3.508473396E0,9.394178391E-1,-8.141148090E-2,3.632976642E0
2.400830204E1,3.217455149E0,1.025154114E0,-3.810847402E-1,3.398261934E0
2.401332767E1,2.825935841E0,1.077657700E0,-6.533625722E-1,3.094211070E0
2.401835329E1,2.358113766E0,1.068229675E0,-9.265157580E-1,2.749590264E0
2.402337892E1,1.800087214E0,9.969081879E-1,-1.142475247E0,2.353590789E0
2.402840454E1,1.162347674E0,8.876132965E-1,-1.295670033E0,1.953885952E0
2.403343017E1,4.746741652E-1,7.785739899E-1,-1.385406733E0,1.658567103E0
2.403845579E1,-2.092727423E-1,6.362514496E-1,-1.439798236E0,1.587964089E0
2.404348142E1,-9.026643038E-1,4.797468185E-1,-1.415270805E0,1.745838282E0
2.404850704E1,-1.551847339E0,2.946548462E-1,-1.345191479E0,2.074751010E0
2.405353267E1,-2.127470970E0,1.096200943E-1,-1.205931664E0,2.447942089E0
2.405855829E1,-2.638757706E0,-4.677486420E-2,-1.031695843E0,2.833659547E0
2.406358392E1,-3.114275694E0,-1.890230179E-1,-8.424146771E-1,3.231734099E0
2.406860954E1,-3.549192429E0,-3.077068329E-1,-6.533653140E-1,3.621924436E0
2.407363517E1,-4.005548954E0,-4.030017853E-1,-4.845635891E-1,4.054828570E0
2.407866079E1,-4.459221363E0,-4.942083359E-1,-3.176872730E-1,4.497757469E0
2.408368642E1,-4.904883385E0,-6.006050110E-1,-1.485513449E-1,4.943751096E0
2.408871204E1,-5.289365292E0,-6.792669296E-1,-1.117432117E-2,5.332814793E0
2.409373767E1,-5.607328892E0,-6.968297958E-1,5.125987530E-2,5.650693465E0
2.409876329E1,-5.848954678E0,-7.108039856E-1,1.104543209E-1,5.893022423E0
2.410378892E1,-5.999816418E0,-6.542606354E-1,1.329276562E-1,6.036847173E0
2.410881454E1,-6.074552536E0,-5.224990845E-1,9.961974621E-2,6.097796151E0
2.411384017E1,-6.078040600E0,-3.012914658E-1,-2.765703201E-2,6.085566448E0
2.411886579E1,-6.049232483E0,-1.006870270E-1,-2.581374645E-1,6.055574825E0
2.412389142E1,-6.084168434E0,-4.968452454E-2,-5.816040039E-1,6.112105800E0
2.412891704E1,-6.211376190E0,-9.536266327E-2,-9.780805111E-1,6.288634963E0
2.413394267E1,-6.377739906E0,-1.848382950E-1,-1.398760796E0,6.531941769E0
2.413896829E1,-6.530025005E0,-2.795553207E-1,-1.828041077E0,6.786833719E0
2.414399392E1,-6.605501652E0,-3.361682892E-1,-2.240652084E0,6.983278811E0
2.414901954E1,-6.622883320E0,-3.448333740E-1,-2.668731451E0,7.148679674E0
2.415404517E1,-6.533917427E0,-3.817777634E-1,-3.139576435E0,7.259116434E0
2.415907079E1,-6.319089890E0,-4.704942703E-1,-3.599037170E0,7.287340423E0
2.416409642E1,-5.940058231E0,-6.534423828E-1,-3.973499298E0,7.176348334E0
2.416912204E1,-5.473933220E0,-9.778165817E-1,-4.199186802E0,6.968015497E0
2.417414767E1,-5.084119320E0,-1.500369072E0,-4.332216263E0,6.845982352E0
2.417917329E1,-4.843061924E0,-2.206202507E0,-4.433919907E0,6.926920242E0
2.418419892E1,-4.770516396E0,-3.094906807E0,-4.489353180E0,7.245037391E0
2.418922454E1,-4.924259663E0,-4.132798195E0,-4.522349358E0,7.860025309E0
2.419425017E1,-5.098443508E0,-5.228921890E0,-4.542230129E0,8.600442133E0
2.419927579E1,-5.192312717E0,-6.259166718E0,-4.573038101E0,9.330056636E0
2.420430142E1,-5.029080391E0,-7.061450005E0,-4.605782509E0,9.816769238E0
2.420932704E1,-4.509035110E0,-7.665334702E0,-4.660820961E0,1.004051820E1
2.421435267E1,-3.810636997E0,-8.081181526E0,-4.715804100E0,1.010273515E1
2.421937829E1,-3.035330772E0,-8.300335884E0,-4.615141869E0,9.970373271E0
2.422440392E1,-1.949692845E0,-8.347663879E0,-4.405020237E0,9.637893843E0
2.422942954E1,-6.698907614E-1,-8.008852005E0,-3.936213493E0,8.948979871E0
2.423445517E1,6.788633466E-1,-7.423700333E0,-3.284866333E0,8.146319960E0
2.423948079E1,2.267574310E0,-6.616664886E0,-2.818013668E0,7.540779038E0
2.424450642E1,3.855517864E0,-5.530503273E0,-2.355948925E0,7.141567040E0
2.424953204E1,5.298131943E0,-4.428268433E0,-2.086343765E0,7.213362163E0
2.425455767E1,6.404325962E0,-3.352603912E0,-2.089514256E0,7.524720184E0
2.425958329E1,7.362208843E0,-2.341312408E0,-2.424502850E0,8.097041244E0
2.426460892E1,8.378886223E0,-1.436772346E0,-2.899532080E0,8.982056301E0
2.426963454E1,9.139611244E0,-6.238155365E-1,-3.364824772E0,9.759287129E0
2.427466017E1,9.286428452E0,1.412410736E-1,-3.509078503E0,9.928309744E0
2.427968579E1,8.901575089E0,7.677364349E-1,-3.253120422E0,9.508430510E0
2.428471142E1,8.468061447E0,1.279667854E0,-2.754661798E0,8.996320143E0
2.428973704E1,8.027246475E0,1.748785496E0,-2.426816463E0,8.566468049E0
2.429476267E1,7.410342216E0,2.055395126E0,-2.338133335E0,8.037704174E0
2.429978829E1,6.721971512E0,2.271128654E0,-1.873718739E0,7.338511312E0
2.430481392E1,5.919099808E0,2.343098640E0,-1.027274132E0,6.448344432E0
2.430983954E1,5.078871250E0,2.271090508E0,-1.512650847E-1,5.565578712E0
2.431486517E1,4.116159439E0,2.069298744E0,6.658700705E-1,4.654905882E0
2.431989079E1,3.223515987E0,1.780675411E0,1.675934434E0,4.046061847E0
2.432491642E1,2.483088493E0,1.419548988E0,2.671528816E0,3.913810677E0
2.432994204E1,1.751837134E0,9.860210419E-1,3.474647522E0,4.014267834E0
2.433496767E1,1.073389173E0,5.519638062E-1,4.228594303E0,4.397480886E0
2.433999329E1,5.245426893E-1,2.695083618E-3,4.899993896E0,4.927990714E0
2.434501892E1,-2.363586426E-2,-5.802640915E-1,5.436751842E0,5.467681014E0
2.435004449E1,-5.515911579E-1,-1.177719116E0,5.868248463E0,6.010625187E0
2.435507006E1,-1.029930353E0,-1.751477242E0,6.310113430E0,6.629174953E0
2.436009564E1,-1.453020573E0,-2.263447762E0,6.996988297E0,7.496152998E0
2.436512121E1,-1.843779325E0,-2.608643532E0,7.526457787E0,8.176313967E0
2.437014678E1,-1.895674706E0,-2.686864853E0,7.754949093E0,8.423304622E0
2.437517236E1,-1.671416759E0,-2.512657166E0,7.653627872E0,8.227095455E0
2.438019793E1,-1.382486105E0,-2.172083855E0,7.370083809E0,7.806878470E0
2.438522350E1,-1.173336744E0,-1.760578156E0,6.979813576E0,7.293432121E0
2.439024908E1,-1.097018480E0,-1.311296463E0,6.619901180E0,6.837107546E0
2.439527465E1,-1.186690569E0,-8.287925720E-1,6.168822289E0,6.336363315E0
2.440030022E1,-1.374753475E0,-3.368625641E-1,5.596517086E0,5.772731329E0
2.440532579E1,-1.626968861E0,1.310052872E-1,4.911890984E0,5.175989093E0
2.441035137E1,-1.899755239E0,5.460691452E-1,4.134141922E0,4.582400126E0
2.441537694E1,-2.226127386E0,8.651218414E-1,3.316857100E0,4.087250905E0
2.442040251E1,-2.615257025E0,1.126239777E0,2.212734222E0,3.606130624E0
2.442542808E1,-3.023429632E0,1.305043221E0,8.581534624E-1,3.403041568E0
2.443045366E1,-3.373682261E0,1.377140522E0,-6.475737095E-1,3.701026847E0
2.443547923E1,-3.584403038E0,1.337192059E0,-2.156129360E0,4.391460071E0
2.444050480E1,-3.292334080E0,1.223045349E0,-3.112674236E0,4.692978214E0
2.444553038E1,-2.398857594E0,1.116013527E0,-3.246187210E0,4.187807941E0
2.445055595E1,-1.322496414E0,9.972591400E-1,-2.689687252E0,3.158787754E0
2.445558152E1,-4.048321247E-1,8.912096024E-1,-1.725871801E0,1.984131316E0
2.446060710E1,5.202431679E-1,7.553539276E-1,-6.001080275E-1,1.096057551E0
2.446563267E1,1.427271366E0,5.712623596E-1,4.465423226E-1,1.600888591E0
2.447065824E1,2.247854233E0,4.066371918E-1,1.355094194E0,2.656027623E0
2.447568381E1,2.966543436E0,2.764377594E-1,2.176677942E0,3.689813634E0
2.448070939E1,3.554062605E0,1.811304092E-1,2.828349590E0,4.545737633E0
2.448573496E1,3.976514578E0,1.163892746E-1,3.198525429E0,5.104584172E0
2.449076053E1,4.181707382E0,8.241271973E-2,3.333550453E0,5.348460256E0
2.449578611E1,4.213691711E0,7.440853119E-2,3.236778736E0,5.313894152E0
2.450081168E1,4.135971069E0,1.065311432E-1,2.974129200E0,5.095394987E0
2.450583725E1,3.973949909E0,1.879711151E-1,2.650173664E0,4.780275251E0
2.451086282E1,3.781658649E0,2.752723694E-1,2.321722984E0,4.446022338E0
2.451588840E1,3.598511934E0,4.111080170E-1,2.079524279E0,4.176448152E0
2.452091402E1,3.372472286E0,5.760850906E-1,1.933162212E0,3.929702214E0
2.452593965E1,3.175811291E0,7.460155487E-1,1.863922477E0,3.757196236E0
2.453096527E1,3.056319475E0,9.303436279E-1,1.800851107E0,3.667382269E0
2.453599090E1,3.023186684E0,1.176880360E0,1.735190630E0,3.679074833E0
2.454101652E1,3.023158550E0,1.452219963E0,1.686561108E0,3.754053651E0
2.454604215E1,3.036623478E0,1.742133141E0,1.650394917E0,3.870389309E0
2.455106777E1,3.043830156E0,2.037253857E0,1.646068573E0,4.015575556E0
2.455609340E1,3.096800327E0,2.309098721E0,1.625990629E0,4.191175813E0
2.456111902E1,3.123333931E0,2.576942444E0,1.609757662E0,4.357426641E0
2.456614465E1,3.118407249E0,2.826517582E0,1.564241409E0,4.490046392E0
2.457117027E1,3.101160049E0,3.019582272E0,1.532717586E0,4.591763707E0
2.457619590E1,3.119418383E0,3.165778637E0,1.529582381E0,4.700271023E0
2.458122152E1,3.135121584E0,3.265078068E0,1.540412188E0,4.781484272E0
2.458624715E1,3.124527216E0,3.327038765E0,1.593874454E0,4.834489947E0
2.459127277E1,3.121384144E0,3.327701569E0,1.651611090E0,4.852262966E0
2.459629840E1,3.130649090E0,3.286211967E0,1.708714485E0,4.849727622E0
2.460132402E1,3.114379168E0,3.216899395E0,1.750371099E0,4.807452371E0
2.460634965E1,3.058636665E0,3.134029865E0,1.761928797E0,4.720359577E0
2.461137527E1,2.954308033E0,3.042268276E0,1.767072439E0,4.594113323E0
2.461640090E1,2.863770008E0,2.932023525E0,1.765604258E0,4.462656048E0
2.462142652E1,2.744078636E0,2.803260326E0,1.709722757E0,4.279180754E0
2.462645215E1,2.638172150E0,2.708659172E0,1.719033718E0,4.153536292E0
2.463147777E1,2.512370586E0,2.600397110E0,1.631013393E0,3.966645407E0
2.463650340E1,2.366551876E0,2.468903542E0,1.365009904E0,3.682296093E0
2.464152902E1,2.114517450E0,2.342893600E0,1.117742419E0,3.348086407E0
2.464655465E1,1.809166908E0,2.241372585E0,8.608230352E-1,3.006302092E0
2.465158027E1,1.450989723E0,2.154541492E0,5.992507935E-1,2.665806019E0
2.465660590E1,1.073971272E0,2.101305485E0,3.188786507E-1,2.381298517E0
2.466163152E1,7.168743610E-1,2.067070484E0,-4.709553719E-2,2.188357198E0
2.466665715E1,4.040503502E-1,2.037261486E0,-3.931922913E-1,2.113833301E0
2.467168277E1,1.118416786E-1,1.973496914E0,-6.668198109E-1,2.086108168E0
2.467670840E1,-2.168610096E-1,1.861373425E0,-8.490694761E-1,2.057342630E0
2.468173402E1,-5.433681011E-1,1.715180397E0,-1.035946608E0,2.076120917E0
2.468675965E1,-8.482377529E-1,1.482268333E0,-1.170338035E0,2.070342439E0
2.469178527E1,-1.102825403E0,1.181924343E0,-1.195271492E0,2.010433526E0
2.469681090E1,-1.274099112E0,8.335409164E-1,-1.158960104E0,1.913454344E0
2.470183652E1,-1.410521030E0,4.517698288E-1,-1.071402788E0,1.827996031E0
2.470686215E1,-1.570074797E0,3.689575195E-2,-9.520951509E-1,1.836567815E0
2.471188777E1,-1.652849674E0,-3.677473068E-1,-8.541260958E-1,1.896491897E0
2.471691340E1,-1.740903854E0,-7.857780457E-1,-8.306784630E-1,2.082839426E0
2.472193902E1,-1.882485867E0,-1.178698540E0,-1.001923084E0,2.436582269E0
2.472696465E1,-2.163721085E0,-1.532152176E0,-1.339244366E0,2.970312221E0
2.473199027E1,-2.560344219E0,-1.827195168E0,-1.794308901E0,3.621263472E0
2.473701590E1,-3.047761679E0,-2.126403809E0,-2.509522915E0,4.484211153E0
2.474204152E1,-3.692098141E0,-2.420627594E0,-3.440243721E0,5.596990574E0
2.474706715E1,-4.405750751E0,-2.624427795E0,-4.479632378E0,6.809211935E0
2.475209277E1,-5.153650284E0,-2.762551308E0,-5.415409088E0,7.969846709E0
2.475711840E1,-5.819787025E0,-2.835665703E0,-6.092792988E0,8.890053284E0
2.476214402E1,-6.307414055E0,-2.820493698E0,-6.400729656E0,9.418492283E0
2.476716965E1,-6.487094402E0,-2.669579506E0,-6.324603558E0,9.445086484E0
2.477219527E1,-6.335618973E0,-2.397328377E0,-5.817080975E0,8.928923909E0
2.477722090E1,-5.782709122E0,-2.075180054E0,-4.956047535E0,7.893573602E0
2.478224652E1,-4.711342335E0,-1.635358810E0,-3.963238239E0,6.370117925E0
2.478727215E1,-3.345131636E0,-1.014498711E0,-3.137078285E0,4.696847183E0
2.479229777E1,-2.017334700E0,-2.162561417E-1,-2.483779430E0,3.207111827E0
2.479732340E1,-9.693169594E-1,6.502561569E-1,-1.870455742E0,2.204770537E0
2.480234902E1,-1.114027500E-1,1.499650002E0,-1.183300495E0,1.913520515E0
2.480737465E1,6.940536499E-1,2.303866386E0,-5.184322596E-1,2.461357919E0
2.481240027E1,1.532199383E0,2.781265259E0,1.573702693E-1,3.179282433E0
2.481742590E1,2.306156158E0,2.899253368E0,6.337931156E-1,3.758419885E0
2.482245152E1,2.747138023E0,2.481651306E0,7.493305206E-1,3.777149289E0
2.482747715E1,2.802777767E0,1.662951469E0,6.244457960E-1,3.318268126E0
2.483250277E1,2.508311272E0,5.672702789E-1,5.178906322E-1,2.623286433E0
2.483752840E1,2.086031914E0,-7.868642807E-1,6.493470669E-1,2.322140425E0
2.484255402E1,1.715419888E0,-2.428950310E0,1.032521486E0,3.147787417E0
2.484757965E1,1.470595360E0,-4.536707878E0,1.624345064E0,5.038141123E0
2.485260527E1,1.420410156E0,-6.952665329E0,2.439744234E0,7.503963760E0
2.485763090E1,1.413141131E0,-9.318436623E0,3.278870583E0,9.979039094E0
2.486265652E1,1.129671812E0,-1.209374428E1,3.502197742E0,1.264121031E1
2.486768215E1,7.297911644E-1,-1.575211620E1,2.394867659E0,1.594983232E1
2.487270777E1,5.645289421E-1,-1.972868729E1,9.404916167E-1,1.975915786E1
2.487773340E1,8.117296696E-1,-2.304291153E1,5.641468763E-1,2.306410498E1
2.488275902E1,1.275697947E0,-2.471051788E1,8.648203015E-1,2.475853415E1
2.488778465E1,1.440961838E0,-2.344727898E1,1.599277496E0,2.354589032E1
2.489281027E1,1.228761435E0,-1.865474129E1,2.869076490E0,1.891403783E1
2.489783590E1,1.467719793E0,-1.256124306E1,3.562569141E0,1.313890891E1
2.490286152E1,2.308032036E0,-7.233639717E0,3.675776720E0,8.435869246E0
2.490788715E1,3.357507229E0,-3.047549248E0,3.431133032E0,5.686218875E0
2.491291277E1,4.220124245E0,1.716957092E-1,3.046144247E0,5.207487190E0
2.491793840E1,4.769250870E0,2.531260014E0,2.656544447E0,6.017496117E0
2.492296402E1,5.237665653E0,4.420190334E0,2.358418226E0,7.247990109E0
2.492798965E1,5.509314060E0,5.973397255E0,2.108166695E0,8.395140439E0
2.493301527E1,5.583623886E0,7.196303368E0,1.900522351E0,9.304602252E0
2.493804090E1,5.541881084E0,8.127613068E0,1.644352198E0,9.973687096E0
2.494306652E1,5.561078072E0,8.877650261E0,1.249224663E0,1.054982586E1
2.494809215E1,5.492862225E0,9.489624023E0,7.691135406E-1,1.099163478E1
2.495311777E1,5.366370678E0,1.002093792E1,3.017519116E-1,1.137137570E1
2.495814340E1,5.215801716E0,1.044755936E1,-1.314758956E-1,1.167790092E1
2.496316902E1,4.842486382E0,1.123288441E1,4.962593317E-2,1.223232722E1
2.496819465E1,4.404376984E0,1.238476753E1,2.848549783E-1,1.314770496E1
2.497322027E1,4.043464661E0,1.268720627E1,2.338275313E-1,1.331801354E1
2.497824590E1,3.788576126E0,1.200255108E1,1.418348998E-1,1.258708301E1
2.498327147E1,3.881165504E0,1.056220818E1,-5.683519691E-2,1.125286263E1
2.498829704E1,4.058845997E0,9.090203285E0,-1.964856535E-1,9.957139810E0
2.499332262E1,4.041276932E0,8.008125305E0,-3.528096080E-1,8.976996422E0
2.499834819E1,3.717908859E0,7.100456238E0,-4.701164961E-1,8.028719362E0
2.500337376E1,3.276157856E0,6.036849976E0,-4.974420071E-1,6.886524267E0
2.500839934E1,2.745367527E0,4.606939793E0,-4.513367116E-1,5.381880892E0
2.501342491E1,2.016224146E0,2.720147610E0,-2.679449022E-1,3.396491910E0
2.501845048E1,1.238178492E0,3.719844818E-1,8.672907203E-2,1.295754747E0
2.502347605E1,6.122341156E-1,-2.193182945E0,5.403573513E-1,2.340270948E0
2.502850163E1,-7.219684124E-2,-4.788695335E0,1.104899764E0,4.915040070E0
2.503352720E1,-1.102505922E0,-7.787559509E0,1.885235429E0,8.087998210E0
2.503855277E1,-2.650410891E0,-1.072540474E1,2.685820341E0,1.136981159E1
2.504357835E1,-4.182584763E0,-1.259834576E1,2.819216967E0,1.357056798E1
2.504860392E1,-5.490734577E0,-1.323141003E1,2.519937754E0,1.454539321E1
2.505362949E1,-6.509484768E0,-1.179477882E1,2.236939192E0,1.365628414E1
2.505865506E1,-6.695474625E0,-9.142909050E0,2.054269314E0,1.151703906E1
2.506368064E1,-6.192028999E0,-6.702538490E0,1.648503423E0,9.272691566E0
2.506870621E1,-5.292835236E0,-4.645131111E0,1.020768166E0,7.115709066E0
2.507373178E1,-4.344656944E0,-2.888269424E0,4.862159491E-1,5.239708979E0
2.507875736E1,-3.364155293E0,-1.263555527E0,6.108707190E-2,3.594140375E0
2.508378293E1,-2.568922520E0,2.201604843E-1,-3.167535663E-1,2.597723306E0
2.508880850E1,-2.036725998E0,1.501186371E0,-6.723675728E-1,2.617993786E0
2.509383408E1,-1.710303783E0,2.517671585E0,-9.499702454E-1,3.188456164E0
2.509885965E1,-1.450393915E0,3.317695618E0,-1.222800970E0,3.821778242E0
2.510388522E1,-1.198887110E0,3.887053967E0,-1.415505171E0,4.306991262E0
2.510891079E1,-9.599142075E-1,4.216361046E0,-1.567101002E0,4.599450109E0
2.511393637E1,-8.188360929E-1,4.234082222E0,-1.615781307E0,4.605289789E0
2.511896194E1,-6.792862415E-1,3.940540791E0,-1.628706455E0,4.317635491E0
2.512398751E1,-4.645692110E-1,3.374399185E0,-1.663089156E0,3.790548767E0
2.512901308E1,-2.801494598E-1,2.550413609E0,-1.680304289E0,3.067004369E0
2.513403866E1,-1.884162426E-1,1.588526249E0,-1.689824343E0,2.326891195E0
2.513906423E1,-9.873092175E-2,6.659154892E-1,-1.677330971E0,1.807382201E0
2.514408980E1,-2.120637894E-2,-1.600227356E-1,-1.657550573E0,1.665392113E0
2.514911543E1,6.745433807E-2,-8.224220276E-1,-1.655014038E0,1.849324078E0
2.515414105E1,1.235597134E-1,-1.307106018E0,-1.665606141E0,2.120857601E0
2.515916668E1,1.368072033E-1,-1.609474182E0,-1.675760508E0,2.327508675E0
2.516419230E1,1.497898102E-1,-1.777568817E0,-1.676613569E0,2.448105583E0
2.516921793E1,2.291181087E-1,-1.782862663E0,-1.630501032E0,2.426855578E0
2.517424355E1,3.025487661E-1,-1.592048645E0,-1.504328609E0,2.211144321E0
2.517926918E1,3.937768936E-1,-1.238813400E0,-1.374728322E0,1.891982252E0
2.518429480E1,5.361773372E-1,-7.567977905E-1,-1.294021964E0,1.592080989E0
2.518932043E1,6.531159282E-1,-2.512693405E-1,-1.170317292E0,1.363575910E0
2.519434605E1,7.685822845E-1,2.204227448E-1,-1.007678270E0,1.286359363E0
2.519937168E1,8.158868551E-1,6.057472229E-1,-8.389589787E-1,1.317745509E0
2.520439730E1,8.479483128E-1,8.856954575E-1,-6.015527844E-1,1.365773970E0
2.520942293E1,8.604571819E-1,1.084222794E0,-3.100970984E-1,1.418480116E0
2.521444855E1,9.063054919E-1,1.196599960E0,-6.042331457E-2,1.502295606E0
2.521947418E1,8.612561226E-1,1.165500641E0,1.186141968E-1,1.454036857E0
2.522449980E1,8.309484720E-1,1.053207397E0,2.795130014E-1,1.370346198E0
2.522952543E1,8.199389577E-1,9.028835297E-1,4.412936568E-1,1.297011432E0
2.523455105E1,7.897170186E-1,7.002677917E-1,5.609300137E-1,1.195270024E0
2.523957668E1,8.069519401E-1,5.028266907E-1,6.428954601E-1,1.147745916E0
2.524460230E1,7.374634743E-1,3.058013916E-1,7.158644199E-1,1.072300674E0
2.524962793E1,6.242580414E-1,9.483242035E-2,7.890909314E-1,1.010621486E0
2.525465355E1,5.248407125E-1,-3.446102142E-2,8.478508592E-1,9.977456665E-1
2.525967918E1,3.915344477E-1,-9.180068970E-2,8.775402308E-1,9.652996669E-1
2.526470480E1,2.148602009E-1,-1.538181305E-1,8.684750795E-1,9.077851546E-1
2.526973043E1,5.250537395E-2,-2.014369965E-1,8.587803245E-1,8.836500006E-1
2.527475605E1,-6.666386127E-2,-1.916875839E-1,9.247341156E-1,9.467425124E-1
2.527978168E1,-1.284894943E-1,-1.246547699E-1,1.013290763E0,1.028983252E0
2.528480730E1,-1.712632179E-1,-6.741523743E-2,1.057053566E0,1.072957662E0
2.528983293E1,-1.806536913E-1,2.783775330E-2,1.051036477E0,1.066812248E0
2.529485855E1,-1.902552843E-1,1.658153534E-1,1.028450012E0,1.058962337E0
2.529988418E1,-2.238920927E-1,3.368663788E-1,1.013100505E0,1.090861705E0
2.530490980E1,-2.719997168E-1,4.979009628E-1,9.762670994E-1,1.129153074E0
2.530993543E1,-2.913137674E-1,6.680221558E-1,9.180099964E-1,1.172117599E0
2.531496105E1,-2.435357571E-1,8.472194672E-1,8.002936840E-1,1.190613485E0
2.531998668E1,-1.909382343E-1,1.030692101E0,6.854001284E-1,1.252420437E0
2.532501230E1,-1.384537220E-1,1.175388336E0,5.588288307E-1,1.308815050E0
2.533003793E1,-1.004930735E-1,1.276562691E0,4.444347620E-1,1.355445838E0
2.533506355E1,-7.220494747E-2,1.315113068E0,3.565535545E-1,1.364502243E0
2.534008918E1,-5.778074265E-3,1.305442810E0,2.616192102E-1,1.331412381E0
2.534511480E1,2.219867706E-2,1.214130402E0,1.501804590E-1,1.223584727E0
2.535014043E1,1.122176647E-1,1.084290504E0,1.262879372E-2,1.090155121E0
2.535516605E1,2.018184662E-1,9.160099030E-1,-1.316413879E-1,9.471717324E-1
2.536019168E1,3.289648294E-1,7.284984589E-1,-3.112785220E-1,8.578007821E-1
2.536521730E1,4.694339037E-1,5.600910187E-1,-4.829639792E-1,8.759705157E-1
2.537024293E1,5.846362710E-1,3.916749954E-1,-6.322720647E-1,9.460321534E-1
2.537526855E1,6.933744550E-1,2.472429276E-1,-8.258923292E-1,1.106343229E0
2.538029418E1,7.523800135E-1,1.077289581E-1,-1.015433431E0,1.268379385E0
2.538531980E1,7.903750539E-1,6.667137146E-3,-1.195668101E0,1.433303661E0
2.539034543E1,7.881413102E-1,-7.983016968E-2,-1.342290759E0,1.558616073E0
2.539537105E1,7.697498202E-1,-1.373815536E-1,-1.483577847E0,1.677018696E0
2.540039668E1,7.163652778E-1,-1.468667984E-1,-1.604784727E0,1.763542766E0
2.540542230E1,6.328804493E-1,-1.656856537E-1,-1.715168953E0,1.835699849E0
2.541044793E1,5.434969664E-1,-1.746616364E-1,-1.800044060E0,1.888399920E0
2.541547355E1,4.435705543E-1,-1.546545029E-1,-1.873616219E0,1.931608290E0
2.542049918E1,2.997257710E-1,-1.439056396E-1,-1.949964523E0,1.978106674E0
2.542552480E1,1.359990835E-1,-1.471796036E-1,-1.990814686E0,2.000874984E0
2.543055043E1,-4.740285873E-2,-1.309757233E-1,-2.005694866E0,2.010525694E0
2.543557605E1,-2.644329071E-1,-1.145133972E-1,-1.994766474E0,2.015472988E0
2.544060168E1,-4.669684172E-1,-1.121864319E-1,-1.986891031E0,2.044108918E0
2.544562730E1,-6.644510031E-1,-9.533309937E-2,-1.963160992E0,2.074749290E0
2.545065293E1,-8.567290306E-1,-5.922985077E-2,-1.923755169E0,2.106733670E0
2.545567855E1,-1.034010768E0,-3.745460510E-2,-1.883310199E0,2.148822566E0
2.546070418E1,-1.210561514E0,-1.327514648E-3,-1.832414627E0,2.196179480E0
2.546572980E1,-1.362372279E0,4.909801483E-2,-1.804708123E0,2.261733904E0
2.547075543E1,-1.484779119E0,1.042461395E-1,-1.752403021E0,2.299206959E0
2.547578105E1,-1.606631994E0,1.449604034E-1,-1.704425931E0,2.346773879E0
2.548080668E1,-1.761195779E0,1.855888367E-1,-1.689444542E0,2.447545025E0
2.548583230E1,-1.914891720E0,2.117986679E-1,-1.659520388E0,2.542769532E0
2.549085793E1,-2.053265095E0,1.997089386E-1,-1.628944874E0,2.628543820E0
2.549588355E1,-2.199893713E0,1.732454300E-1,-1.588153601E0,2.718782482E0
2.550090918E1,-2.325832129E0,1.467514038E-1,-1.541946292E0,2.794392498E0
2.550593480E1,-2.430883408E0,1.153945923E-1,-1.504815817E0,2.861290041E0
2.551096043E1,-2.524495125E0,6.956958771E-2,-1.457796574E0,2.916005215E0
2.551598605E1,-2.558698654E0,3.314876556E-2,-1.434569120E0,2.933602939E0
2.552101168E1,-2.557524443E0,1.083469391E-2,-1.449791431E0,2.939888409E0
2.552603730E1,-2.511581659E0,-3.088760376E-2,-1.508355856E0,2.929869257E0
2.553106293E1,-2.416339159E0,-7.284545898E-2,-1.571962357E0,2.883585796E0
2.553608855E1,-2.300774574E0,-1.772146225E-1,-1.621601820E0,2.820383152E0
2.554111418E1,-2.208304405E0,-3.630437851E-1,-1.686126828E0,2.802040831E0
2.554613980E1,-2.139240026E0,-6.063203812E-1,-1.760896206E0,2.836322927E0
2.555116543E1,-2.074553967E0,-8.734798431E-1,-1.836311579E0,2.904958074E0
2.555619105E1,-1.928385019E0,-1.092748642E0,-1.921989441E0,2.933736830E0
2.556121668E1,-1.653783441E0,-1.221007347E0,-2.055973768E0,2.907384864E0
2.556624230E1,-1.390565038E0,-1.377650261E0,-2.213613033E0,2.954940613E0
2.557126793E1,-1.292516589E0,-1.672261238E0,-2.331581354E0,3.146955416E0
2.557629355E1,-1.498249888E0,-2.219064713E0,-2.355888128E0,3.566400118E0
2.558131918E1,-1.891831517E0,-2.878683090E0,-2.304011822E0,4.144190307E0
2.558634480E1,-2.356864452E0,-3.488001823E0,-2.197937012E0,4.748883435E0
2.559137043E1,-2.733872414E0,-3.965459824E0,-2.078817368E0,5.245990053E0
2.559639605E1,-3.060047150E0,-4.296681404E0,-1.930993557E0,5.617303247E0
2.560142168E1,-3.353639126E0,-4.505770683E0,-1.672622681E0,5.860591392E0
2.560644730E1,-3.590029955E0,-4.636188507E0,-1.309020996E0,6.008002573E0
2.561147293E1,-3.754376888E0,-4.674150467E0,-8.175706863E-1,6.050739644E0
2.561649850E1,-3.946748734E0,-4.735131264E0,-2.622642517E-1,6.169852201E0
2.562152408E1,-4.199950218E0,-4.834190369E0,2.779998779E-1,6.409856651E0
2.562654965E1,-4.317788124E0,-4.972034454E0,8.051843643E-1,6.634210033E0
2.563157522E1,-4.210481644E0,-5.091966629E0,1.172274590E0,6.710477445E0
2.563660079E1,-3.865586996E0,-5.065370560E0,1.280604601E0,6.499283797E0
2.564162637E1,-3.180139065E0,-4.792020798E0,1.128939390E0,5.860994109E0
2.564665194E1,-2.252773762E0,-4.185701370E0,7.319968939E-1,4.809459953E0
2.565167751E1,-1.387405157E0,-3.423141479E0,1.868200302E-1,3.698336434E0
2.565670308E1,-7.194598913E-1,-2.652202606E0,-3.376696110E-1,2.768722082E0
2.566172866E1,-3.020060062E-1,-1.944228172E0,-7.925214767E-1,2.121160320E0
2.566675423E1,-1.011506319E-1,-1.384997368E0,-1.143411636E0,1.798843887E0
2.567177980E1,-1.535975933E-2,-9.360551834E-1,-1.418626070E0,1.699686781E0
2.567680538E1,7.127439976E-2,-5.542879105E-1,-1.670567989E0,1.761565365E0
2.568183095E1,2.270430326E-1,-1.919660568E-1,-1.846579432E0,1.870362293E0
2.568685652E1,4.435059428E-1,2.272844315E-1,-1.999333501E0,2.060507263E0
2.569188210E1,7.647777796E-1,6.649551392E-1,-2.162389994E0,2.388091471E0
2.569690767E1,1.186820984E0,1.168729782E0,-2.474365711E0,2.982777066E0
2.570193324E1,1.667593479E0,1.743186474E0,-3.097441912E0,3.926030246E0
2.570695881E1,2.332677126E0,2.455216408E0,-4.187769413E0,5.385803825E0
2.571198439E1,3.116106987E0,3.180646896E0,-5.789504528E0,7.303766160E0
2.571700996E1,3.736526251E0,3.814875126E0,-7.299417496E0,9.044136024E0
2.572203553E1,3.960744381E0,4.195904732E0,-8.033956528E0,9.891287583E0
2.572706111E1,4.086069584E0,4.300245285E0,-7.766860008E0,9.773033743E0
2.573208668E1,4.221263409E0,4.367135048E0,-6.672124863E0,9.022648363E0
2.573711225E1,4.378217697E0,4.381875992E0,-5.365762234E0,8.195183449E0
2.574213782E1,4.367397785E0,4.253437996E0,-4.276624203E0,7.446839113E0
2.574716340E1,3.971801996E0,3.943567276E0,-3.339618683E0,6.517667290E0
2.575218897E1,3.243582726E0,3.504880428E0,-2.422358036E0,5.354702062E0
2.575721454E1,2.469887495E0,2.908595562E0,-1.559827805E0,4.122297316E0
2.576224012E1,1.889940619E0,2.259923935E0,-5.570120215E-1,2.998231834E0
2.576726569E1,1.403362155E0,1.534841061E0,5.467268229E-1,2.150365699E0
2.577229126E1,8.379451036E-1,7.572660446E-1,1.673936486E0,2.019323456E0
2.577731684E1,1.133745909E-1,-7.771968842E-2,2.766417503E0,2.769830311E0
2.578234246E1,-5.156292915E-1,-9.367637634E-1,3.823652983E0,3.970355406E0
2.578736808E1,-1.062473178E0,-1.738718987E0,4.773304939E0,5.190032082E0
2.579239371E1,-1.573986053E0,-2.555554390E0,5.438275337E0,6.211531935E0
2.579741934E1,-1.929738522E0,-3.320429802E0,5.976767063E0,7.104286689E0
2.580244496E1,-2.138887405E0,-3.990447044E0,6.503356457E0,7.924149932E0
2.580747058E1,-2.225073338E0,-4.479680061E0,6.926524162E0,8.543724117E0
2.581249621E1,-2.145449638E0,-4.769135475E0,7.283519268E0,8.966451933E0
2.581752184E1,-1.886506200E0,-4.868360519E0,7.544216156E0,9.174695483E0
2.582254746E1,-1.578471422E0,-4.791554451E0,7.773881435E0,9.267351221E0
2.582757308E1,-1.288845539E0,-4.519416809E0,8.022888184E0,9.298009783E0
2.583259871E1,-1.051395893E0,-4.008744240E0,8.212432861E0,9.198886737E0
2.583762434E1,-9.183721542E-1,-3.369548798E0,8.245010376E0,8.954186876E0
2.584264996E1,-8.128163815E-1,-2.649628639E0,8.153440475E0,8.611608095E0
2.584767558E1,-7.008614540E-1,-1.877713203E0,7.827809811E0,8.080323019E0
2.585270121E1,-6.111483574E-1,-1.116016388E0,7.321630478E0,7.431370516E0
2.585772684E1,-5.914816856E-1,-3.885087967E-1,6.612429619E0,6.650189105E0
2.586275246E1,-5.509865284E-1,2.234334946E-1,5.644566536E0,5.675794223E0
2.586777808E1,-5.235202312E-1,7.102804184E-1,4.544633865E0,4.629499830E0
2.587280371E1,-4.807832241E-1,1.052968979E0,3.290782452E0,3.488430209E0
2.587782934E1,-4.135992527E-1,1.218102455E0,1.823132753E0,2.231289082E0
2.588285496E1,-2.791943550E-1,1.258359909E0,2.117672265E-1,1.306240601E0
2.588788058E1,-1.113259792E-1,1.216797829E0,-1.362890005E0,1.830426069E0
2.589290621E1,3.740024567E-2,1.117249489E0,-2.658116817E0,2.883614089E0
2.589793184E1,2.101032734E-1,9.931335449E-1,-3.326847076E0,3.478270992E0
2.590295746E1,4.638187885E-1,8.254013062E-1,-3.306136847E0,3.439034172E0
2.590798308E1,8.028784990E-1,6.668357849E-1,-2.754810810E0,2.945889755E0
2.591300871E1,1.154739499E0,5.559539795E-1,-2.009573221E0,2.383462328E0
2.591803434E1,1.475691915E0,4.642772675E-1,-1.234952450E0,1.979476588E0
2.592305996E1,1.731821179E0,3.872556686E-1,-4.522087574E-1,1.831301262E0
2.592808558E1,1.956426620E0,2.820453644E-1,2.885826528E-1,1.997607233E0
2.593311121E1,2.197166920E0,1.967105865E-1,1.033382654E0,2.436004359E0
2.593813684E1,2.405896187E0,1.792945862E-1,1.785254478E0,3.001269159E0
2.594316246E1,2.548911095E0,1.773118973E-1,2.428308010E0,3.524920860E0
2.594818808E1,2.559252739E0,1.956357956E-1,2.852225542E0,3.837087240E0
2.595321371E1,2.556834698E0,2.294549942E-1,3.071487427E0,4.003009902E0
2.595823934E1,2.556230545E0,2.978391647E-1,3.167738676E0,4.081371226E0
2.596326496E1,2.519613028E0,3.767108917E-1,3.155594826E0,4.055630606E0
2.596829059E1,2.475997210E0,4.946413040E-1,3.050041914E0,3.959543898E0
2.597331621E1,2.483122587E0,6.514453888E-1,2.832581520E0,3.822799621E0
2.597834184E1,2.531602383E0,8.517379761E-1,2.556616783E0,3.697398759E0
2.598336746E1,2.635678768E0,1.066750526E0,2.237252712E0,3.618018650E0
2.598839309E1,2.733091593E0,1.334690571E0,1.961277008E0,3.619087741E0
2.599341871E1,2.819014549E0,1.612436771E0,1.748317480E0,3.688280003E0
2.599844434E1,2.912463427E0,1.899983406E0,1.594150305E0,3.825401332E0
2.600346996E1,2.998994112E0,2.187754154E0,1.456133485E0,3.987550457E0
2.600849559E1,3.126247406E0,2.427964687E0,1.377679229E0,4.191233163E0
2.601352121E1,3.217421532E0,2.639866829E0,1.311128139E0,4.363456793E0
2.601854684E1,3.281962872E0,2.775721550E0,1.237306476E0,4.472900371E0
2.602357246E1,3.334165812E0,2.864339828E0,1.113146782E0,4.534335681E0
2.602859809E1,3.326309443E0,2.905746460E0,9.720683098E-1,4.522456611E0
2.603362371E1,3.301666260E0,2.885613441E0,8.853821754E-1,4.473440133E0
2.603864934E1,3.207952499E0,2.803928375E0,8.239182830E-1,4.339563908E0
2.604367496E1,3.093434572E0,2.718061447E0,7.775323987E-1,4.190674422E0
2.604870059E1,2.987208128E0,2.570548534E0,7.167752385E-1,4.005608432E0
2.605372621E1,2.861048698E0,2.375691891E0,6.363024712E-1,3.772849381E0
2.605875184E1,2.724972010E0,2.181287289E0,5.593818426E-1,3.535024008E0
2.606377746E1,2.631960154E0,1.968129158E0,5.046551228E-1,3.324969688E0
2.606880309E1,2.515258789E0,1.784034729E0,4.524362981E-1,3.116729904E0
2.607382871E1,2.422979355E0,1.648070335E0,4.499560297E-1,2.964696479E0
2.607885434E1,2.345706701E0,1.526676655E0,5.064194202E-1,2.844212047E0
2.608387996E1,2.235515594E0,1.415110111E0,4.684649110E-1,2.686917560E0
2.608890559E1,2.011240721E0,1.298983097E0,3.840256035E-1,2.424855045E0
2.609393121E1,1.711613059E0,1.187752247E0,1.863575578E-1,2.091674880E0
2.609895684E1,1.384827018E0,1.090839386E0,-1.285895109E-1,1.767543973E0
2.610398246E1,1.064595938E0,9.937553406E-1,-5.120687485E-1,1.543738511E0
2.610900809E1,7.224442959E-1,9.202890396E-1,-8.533305526E-1,1.448112810E0
2.611403371E1,3.679482937E-1,8.751583099E-1,-1.180620670E0,1.514976297E0
2.611905934E1,8.239102364E-2,8.583221436E-1,-1.441022396E0,1.679300667E0
2.612408496E1,-1.821746826E-1,8.793058395E-1,-1.600951433E0,1.835595780E0
2.612911059E1,-3.783533573E-1,9.238538742E-1,-1.646351933E0,1.925391371E0
2.613413621E1,-5.016937256E-1,9.776849747E-1,-1.625501156E0,1.962095439E0
2.613916184E1,-6.390190125E-1,1.079262733E0,-1.443101287E0,1.911987100E0
2.614418746E1,-7.572073936E-1,1.171253204E0,-1.219030857E0,1.852358857E0
2.614921309E1,-8.377113342E-1,1.258617878E0,-1.082549214E0,1.859513927E0
2.615423871E1,-9.432184696E-1,1.346255779E0,-9.997274876E-1,1.923933667E0
2.615926434E1,-1.064385891E0,1.400734425E0,-9.892450571E-1,2.018311184E0
2.616428996E1,-1.297108173E0,1.431709766E0,-1.036316872E0,2.192312735E0
2.616931559E1,-1.655354261E0,1.419973850E0,-1.116448164E0,2.450097951E0
2.617434121E1,-2.114657879E0,1.351083279E0,-1.272112489E0,2.813445246E0
2.617936684E1,-2.612238884E0,1.267961025E0,-1.511924624E0,3.273749107E0
2.618439246E1,-3.109224081E0,1.156087875E0,-1.806539655E0,3.777221080E0
2.618941809E1,-3.595754623E0,1.015408516E0,-2.088634491E0,4.280525646E0
2.619444371E1,-4.186009407E0,8.410272598E-1,-2.267744541E0,4.834528613E0
2.619946934E1,-4.750008583E0,6.710767746E-1,-2.306336164E0,5.322791756E0
2.620449496E1,-5.138901711E0,5.389003754E-1,-2.262908220E0,5.640875643E0
2.620952058E1,-5.486618519E0,4.492368698E-1,-2.191238165E0,5.925058753E0
2.621454621E1,-5.754841805E0,4.402894974E-1,-2.001095057E0,6.108718398E0
2.621957184E1,-6.063152313E0,4.689188004E-1,-1.726644039E0,6.321629573E0
2.622459746E1,-6.220492363E0,6.164560318E-1,-1.439779162E0,6.414632282E0
2.622962308E1,-6.308488846E0,8.062324524E-1,-1.139892459E0,6.461145185E0
2.623464871E1,-6.260466576E0,1.047777176E0,-8.646554947E-1,6.406161712E0
2.623967434E1,-5.976918697E0,1.355534077E0,-6.989333034E-1,6.168430717E0
2.624469996E1,-5.468808174E0,1.724925995E0,-5.507927537E-1,5.760781648E0
2.624972553E1,-4.671123505E0,2.161132812E0,-4.146506190E-1,5.163508978E0
2.625475111E1,-3.390242338E0,2.597760677E0,3.600919247E-1,4.286230260E0
2.625977668E1,-1.854438543E0,2.782268524E0,1.355783582E0,3.608061747E0
2.626480225E1,-9.699435234E-1,2.385607243E0,2.189402342E0,3.380147182E0
2.626982782E1,-7.739737034E-1,1.336704731E0,2.970306635E0,3.347915222E0
2.627485340E1,-8.667440414E-1,-4.502925873E-1,3.424402475E0,3.560974721E0
2.627987897E1,-8.200838566E-1,-2.912894249E0,3.841483593E0,4.890244026E0
2.628490454E1,-4.029400349E-1,-5.883329391E0,4.367756844E0,7.338475676E0
2.628993012E1,2.798533440E-1,-9.107784271E0,4.668073654E0,1.023821097E1
2.629495569E1,5.829410553E-1,-1.246669674E1,4.386438847E0,1.322872608E1
2.629998126E1,3.597192764E-1,-1.656776047E1,3.680703640E0,1.697550188E1
2.630500684E1,4.334616661E-2,-2.170242310E1,3.104347706E0,2.192336703E1
2.631003241E1,-2.098748684E-1,-2.576594543E1,2.614816189E0,2.589913619E1
2.631505798E1,8.203005791E-2,-2.735928535E1,2.553879976E0,2.747834651E1
2.632008355E1,-2.491619587E-1,-2.569252205E1,3.623954773E0,2.594804076E1
2.632510913E1,-3.995213509E-1,-2.047897720E1,5.410213470E0,2.118533772E1
2.633013470E1,8.782471418E-1,-1.375061798E1,6.087456703E0,1.506346381E1
2.633516027E1,2.476816177E0,-7.578898430E0,5.796236038E0,9.857518552E0
2.634018585E1,3.839776516E0,-2.660210609E0,5.100372314E0,6.916241893E0
2.634521142E1,5.225352764E0,1.376042366E0,4.163490295E0,6.821470189E0
2.635023699E1,6.486412048E0,4.392681599E0,2.798752785E0,8.318786572E0
2.635526256E1,7.411035061E0,6.400643349E0,1.315041542E0,9.880334519E0
2.636028814E1,8.467872620E0,7.736118317E0,-3.987568319E-1,1.147655873E1
2.636531371E1,9.560802460E0,8.725829124E0,-2.399132490E0,1.316453092E1
2.637033928E1,1.073253059E1,9.711144447E0,-5.480885506E0,1.547687453E1
2.637536486E1,1.168676949E1,1.094764614E1,-9.327094078E0,1.853176249E1
2.638039043E1,1.024362373E1,1.124536610E1,-9.285414696E0,1.782158837E1
2.638541600E1,8.783184052E0,1.093024635E1,-7.710632801E0,1.600213941E1
2.639044158E1,7.920652866E0,1.049496174E1,-5.615779877E0,1.429748045E1
2.639546715E1,7.165159225E0,1.015430260E1,-3.945809841E0,1.303912510E1
2.640049272E1,6.691798210E0,9.802520752E0,-2.738427639E0,1.218066346E1
2.640551829E1,6.312448978E0,9.401163101E0,-1.751472473E0,1.145847004E1
2.641054387E1,5.997950077E0,9.036167145E0,-1.018421054E0,1.089334215E1
2.641556949E1,5.805276871E0,8.401361465E0,-5.515174270E-1,1.022684142E1
2.642059512E1,5.466404915E0,7.119188309E0,-1.891944855E-1,8.977762495E0
2.642562074E1,4.876607895E0,5.778488159E0,4.451330751E-2,7.561363065E0
2.643064637E1,4.284646988E0,4.321819782E0,2.458060086E-1,6.090709863E0
2.643567199E1,3.522643566E0,2.299627304E0,6.154966950E-1,4.251604358E0
2.644069762E1,2.232989311E0,-4.744243622E-1,1.485725045E0,2.723728813E0
2.644572324E1,3.096294403E-1,-3.718227386E0,2.763426781E0,4.643017646E0
2.645074887E1,-1.963813424E0,-6.762934685E0,3.522781849E0,7.874251753E0
2.645577449E1,-4.403072357E0,-9.471524239E0,3.456557989E0,1.100202757E1
2.646080012E1,-6.976241589E0,-1.181711102E1,2.822138786E0,1.400987248E1
2.646582574E1,-9.216955185E0,-1.317944145E1,2.170489073E0,1.622839988E1
2.647085137E1,-1.057566166E1,-1.286192417E1,1.493091583E0,1.671834428E1
2.647587699E1,-1.020632553E1,-1.042637539E1,5.521205664E-1,1.460079524E1
2.648090262E1,-8.751343727E0,-7.127451897E0,-7.138041258E-1,1.130911596E1
2.648592824E1,-7.260624886E0,-4.275347710E0,-2.308497429E0,8.736385531E0
2.649095387E1,-5.987830162E0,-2.006943703E0,-3.862356424E0,7.402683988E0
2.649597949E1,-4.945817947E0,-3.298969269E-1,-4.939380646E0,6.997673064E0
2.650100512E1,-3.854149818E0,9.630899429E-1,-5.311262608E0,6.632610613E0
2.650603074E1,-2.876844883E0,1.959173679E0,-4.881601810E0,5.995384410E0
2.651105637E1,-2.339407206E0,2.606231213E0,-3.891762495E0,5.235559428E0
2.651608199E1,-2.264536858E0,2.995271206E0,-2.627430677E0,4.582921420E0
2.652110762E1,-2.205894470E0,3.260053635E0,-1.541974306E0,4.227482096E0
2.652613324E1,-1.990914583E0,3.395537376E0,-6.242223978E-1,3.985356766E0
2.653115887E1,-1.758682728E0,3.353762627E0,3.668310046E-1,3.804635814E0
2.653618449E1,-1.452128172E0,3.158639908E0,1.108025551E0,3.648753611E0
2.654121012E1,-1.100666881E0,2.872421741E0,1.702619910E0,3.515848234E0
2.654623574E1,-6.477982998E-1,2.557386875E0,2.139460802E0,3.396639926E0
2.655126137E1,-2.712202072E-1,2.204018593E0,2.465046883E0,3.317787590E0
2.655628699E1,7.660722733E-2,1.769332409E0,2.721054316E0,3.246620155E0
2.656131262E1,4.335721731E-1,1.258254051E0,2.824617386E0,3.122443188E0
2.656633824E1,5.887125134E-1,7.618331909E-1,2.884246588E0,3.040699034E0
2.657136387E1,4.611173868E-1,2.800512314E-1,2.941494465E0,2.990559751E0
2.657638949E1,1.334799528E-1,-2.159481049E-1,2.966094255E0,2.976938967E0
2.658141512E1,-1.535404921E-1,-7.359313965E-1,2.980093718E0,3.073455428E0
2.658644074E1,-2.411581278E-1,-1.246614456E0,3.062215567E0,3.315021723E0
2.659146637E1,-1.385223866E-1,-1.662173271E0,3.127766371E0,3.544704629E0
2.659649199E1,2.305142879E-1,-1.872903824E0,2.983541727E0,3.530216255E0
2.660151762E1,8.499939442E-1,-1.859942436E0,2.586914301E0,3.297575044E0
2.660654324E1,1.535572410E0,-1.661612511E0,1.926565409E0,2.971631376E0
2.661156887E1,2.112790346E0,-1.316104889E0,1.198130131E0,2.762522567E0
2.661659449E1,2.527325153E0,-9.332408905E-1,5.061889887E-1,2.741265818E0
2.662162012E1,2.817047358E0,-5.893459320E-1,-1.118853688E-1,2.880208808E0
2.662664574E1,3.106893063E0,-2.603082657E-1,-6.765185595E-1,3.190332625E0
2.663167137E1,3.416831255E0,6.232261658E-3,-1.246658921E0,3.637160037E0
2.663669699E1,3.929393291E0,2.106723785E-1,-1.871244311E0,4.357300743E0
2.664172262E1,4.482061863E0,3.918905258E-1,-2.460295677E0,5.127914932E0
2.664674824E1,4.916648388E0,5.697383881E-1,-2.933981419E0,5.753805712E0
2.665177387E1,5.161004066E0,6.826915741E-1,-3.223209381E0,6.122998406E0
2.665679949E1,5.181252956E0,7.407989502E-1,-3.270215034E0,6.171585830E0
2.666182512E1,4.910083294E0,7.203235626E-1,-2.995101213E0,5.796414001E0
2.666685074E1,4.352418423E0,6.354179382E-1,-2.506434917E0,5.062560427E0
2.667187637E1,3.618972301E0,4.665079117E-1,-1.946630716E0,4.135693569E0
2.667690199E1,2.854453087E0,2.226257324E-1,-1.376334548E0,3.176753284E0
2.668192762E1,2.093655109E0,3.658294678E-3,-7.984487414E-1,2.240742175E0
2.668695324E1,1.409509420E0,-1.479473114E-1,-2.539705634E-1,1.439828552E0
2.669197887E1,8.314254880E-1,-2.757263184E-1,2.308876514E-1,9.058711014E-1
2.669700449E1,2.690736055E-1,-3.465175629E-1,5.588611960E-1,7.104933941E-1
2.670203012E1,-1.146416664E-1,-3.414154053E-1,7.767652273E-1,8.561958941E-1
2.670705574E1,-4.395049810E-1,-2.557697296E-1,9.175170064E-1,1.049009171E0
2.671208137E1,-6.865435839E-1,-1.279392242E-1,9.951612949E-1,1.215753487E0
2.671710699E1,-9.133447409E-1,4.206085205E-2,1.091119885E0,1.423555526E0
2.672213262E1,-1.134270549E0,2.303056717E-1,1.210491896E0,1.674783870E0
2.672715824E1,-1.306137681E0,4.272136688E-1,1.286681294E0,1.882566311E0
2.673218387E1,-1.471991658E0,5.849742889E-1,1.262820244E0,2.025751547E0
2.673720949E1,-1.540784955E0,7.514944077E-1,1.173300266E0,2.077353036E0
2.674223512E1,-1.541329384E0,8.933525085E-1,1.066808701E0,2.076500849E0
2.674726074E1,-1.507354140E0,9.676370621E-1,9.154624939E-1,2.011593787E0
2.675228637E1,-1.496228695E0,9.744977951E-1,7.105460167E-1,1.921775716E0
2.675731199E1,-1.483956933E0,8.853721619E-1,5.674728155E-1,1.818801100E0
2.676233762E1,-1.422531366E0,7.434320450E-1,4.961313009E-1,1.680009810E0
2.676736324E1,-1.273812056E0,5.678901672E-1,4.582256079E-1,1.468014681E0
2.677238887E1,-1.052432060E0,3.540182114E-1,4.344488382E-1,1.192345557E0
2.677741449E1,-8.352591991E-1,1.497068405E-1,3.480528593E-1,9.171754798E-1
2.678244012E1,-6.272276640E-1,2.757072449E-3,2.275264263E-1,6.672259127E-1
2.678746574E1,-4.287408590E-1,-1.346845627E-1,9.183621407E-2,4.586856722E-1
2.679249137E1,-2.113112211E-1,-2.626380920E-1,-4.974114895E-2,3.407423975E-1
2.679751699E1,2.478027344E-2,-3.954505920E-1,-1.734642982E-1,4.325333461E-1
2.680254262E1,2.744843960E-1,-4.852619171E-1,-3.176142573E-1,6.416382379E-1
2.680756824E1,5.183598995E-1,-5.560131073E-1,-4.583804011E-1,8.876711965E-1
2.681259387E1,7.275020480E-1,-5.407266617E-1,-6.099503636E-1,1.092558465E0
2.681761949E1,9.256575108E-1,-4.633636475E-1,-7.816370130E-1,1.297113764E0
2.682264512E1,1.127020955E0,-3.383045197E-1,-9.541013837E-1,1.514904496E0
2.682767074E1,1.307482719E0,-1.750707626E-1,-1.160313368E0,1.756840330E0
2.683269637E1,1.462161899E0,-2.332687378E-3,-1.337696791E0,1.981755677E0
2.683772199E1,1.562281847E0,1.560926437E-1,-1.533549547E0,2.194735450E0
2.684274762E1,1.598142743E0,2.812414169E-1,-1.732845187E0,2.374007036E0
2.684777324E1,1.560197473E0,3.445825577E-1,-1.920597196E0,2.498328817E0
2.685279887E1,1.419919968E0,3.606443405E-1,-2.048382759E0,2.518354420E0
2.685782449E1,1.220742345E0,3.630332947E-1,-2.144380331E0,2.494067371E0
2.686285012E1,9.773543477E-1,3.039722443E-1,-2.146114111E0,2.377693509E0
2.686787574E1,7.092300057E-1,2.456979752E-1,-2.106192589E0,2.235938711E0
2.687290137E1,4.309504032E-1,1.833944321E-1,-1.991259575E0,2.045596847E0
2.687792699E1,1.667140722E-1,1.265525818E-1,-1.854258657E0,1.866034379E0
2.688295262E1,-1.359055042E-1,7.986736298E-2,-1.666841388E0,1.674278744E0
2.688797824E1,-3.903793097E-1,3.361701965E-2,-1.496493340E0,1.546938404E0
2.689300387E1,-6.445070505E-1,-2.719879150E-3,-1.310142279E0,1.460092301E0
2.689802944E1,-8.693594933E-1,-4.840660095E-2,-1.156107545E0,1.447312607E0
2.690305501E1,-1.079306364E0,-8.438014984E-2,-1.020441771E0,1.487724317E0
2.690808058E1,-1.240926027E0,-1.011714935E-1,-8.892636895E-1,1.530007512E0
2.691310616E1,-1.406811476E0,-8.453464508E-2,-7.916420102E-1,1.616465808E0
2.691813173E1,-1.538721919E0,-9.195327759E-2,-6.943733692E-1,1.690643347E0
2.692315730E1,-1.665480971E0,-8.517742157E-2,-5.881757736E-1,1.768341822E0
2.692818288E1,-1.777460575E0,-8.341693878E-2,-4.876973629E-1,1.845040162E0
2.693320845E1,-1.884219885E0,-9.151077271E-2,-3.884742260E-1,1.926024668E0
2.693823402E1,-1.966483355E0,-6.647586823E-2,-3.242352009E-1,1.994142495E0
2.694325960E1,-2.033841610E0,-8.418083191E-3,-2.857102156E-1,2.053828836E0
2.694828517E1,-2.091062546E0,2.517509460E-2,-2.492212057E-1,2.106012242E0
2.695331074E1,-2.128337860E0,7.250690460E-2,-2.532598972E-1,2.144579183E0
2.695833631E1,-2.140806198E0,1.334981918E-1,-2.932277918E-1,2.164914660E0
2.696336189E1,-2.152369022E0,1.746320724E-1,-3.595511913E-1,2.189170123E0
2.696838746E1,-2.158226252E0,2.102441788E-1,-4.475146532E-1,2.214139231E0
2.697341303E1,-2.158521175E0,2.116794586E-1,-5.617363453E-1,2.240439595E0
2.697843861E1,-2.177029371E0,1.837635040E-1,-7.163560390E-1,2.299215493E0
2.698346418E1,-2.189695835E0,1.122150421E-1,-8.632031679E-1,2.356370042E0
2.698848975E1,-2.177181244E0,2.100276947E-2,-1.025988340E0,2.406909088E0
2.699351532E1,-2.158736706E0,-4.676532745E-2,-1.209262609E0,2.474802461E0
2.699854090E1,-2.062687874E0,-1.532840729E-1,-1.379469395E0,2.486184443E0
2.700356647E1,-1.946570873E0,-2.841300964E-1,-1.507770419E0,2.478555973E0
2.700859204E1,-1.796268106E0,-4.536170959E-1,-1.646866322E0,2.478813478E0
2.701361762E1,-1.659834862E0,-6.521167755E-1,-1.791939139E0,2.528112722E0
2.701864319E1,-1.518192410E0,-8.269405365E-1,-1.952311993E0,2.607730999E0
2.702366876E1,-1.338029504E0,-9.158935547E-1,-2.132557869E0,2.678989926E0
2.702869434E1,-1.076825261E0,-9.141464233E-1,-2.332216740E0,2.726619014E0
2.703371991E1,-7.545118332E-1,-9.506978989E-1,-2.569743872E0,2.841953231E0
2.703874548E1,-5.348603725E-1,-1.159038544E0,-2.791557550E0,3.069566667E0
2.704377105E1,-5.568850040E-1,-1.581605911E0,-2.943803072E0,3.387856947E0
2.704879663E1,-8.294421434E-1,-2.198714256E0,-3.006182671E0,3.815685115E0
2.705382220E1,-1.212509871E0,-2.885501862E0,-2.958241224E0,4.306679965E0
2.705884777E1,-1.537214041E0,-3.469534874E0,-2.923276663E0,4.790223971E0
2.706387340E1,-1.807088971E0,-3.797802925E0,-2.957805157E0,5.141739876E0
2.706889902E1,-2.021361351E0,-3.841776848E0,-2.998697042E0,5.276109837E0
2.707392465E1,-2.150600910E0,-3.616011620E0,-2.997228861E0,5.165656314E0
2.707895027E1,-2.222929955E0,-3.350261688E0,-2.871222734E0,4.940606335E0
2.708397590E1,-2.357385874E0,-3.278843880E0,-2.610492229E0,4.808612588E0
2.708900152E1,-2.495872021E0,-3.334680557E0,-2.224521875E0,4.722072547E0
2.709402715E1,-2.633435249E0,-3.498844147E0,-1.666419744E0,4.685493180E0
2.709905277E1,-2.660324097E0,-3.695228577E0,-9.332873821E-1,4.647909624E0
2.710407840E1,-2.572679043E0,-3.905337334E0,-1.809449196E-1,4.680072458E0
2.710910402E1,-2.395787716E0,-4.048534393E0,4.009315968E-1,4.721353160E0
2.711412965E1,-2.193140030E0,-4.072876930E0,7.664415836E-1,4.688882850E0
2.711915527E1,-1.908104658E0,-3.902449608E0,8.941307068E-1,4.435024921E0
2.712418090E1,-1.474454761E0,-3.585512161E0,8.018267155E-1,3.958893833E0
2.712920652E1,-8.549562693E-1,-3.117413521E0,5.416851044E-1,3.277596686E0
2.713423215E1,-1.323802471E-1,-2.622401237E0,1.330797672E-1,2.629110687E0
2.713925777E1,5.387651920E-1,-2.147938728E0,-3.993711472E-1,2.250201330E0
2.714428340E1,1.085877419E0,-1.731925964E0,-9.067357183E-1,2.236261831E0
2.714930902E1,1.527833939E0,-1.311877251E0,-1.417183042E0,2.462459388E0
2.715433465E1,1.864610434E0,-8.780527115E-1,-1.954124212E0,2.840132052E0
2.715936027E1,2.116152763E0,-3.778018951E-1,-2.550320864E0,3.335412013E0
2.716438590E1,2.331235409E0,1.506366730E-1,-3.276236534E0,4.023813585E0
2.716941152E1,2.549213171E0,7.121372223E-1,-4.144444466E0,4.917524493E0
2.717443715E1,2.752126217E0,1.206485748E0,-5.147346497E0,5.960283763E0
2.717946277E1,2.864925623E0,1.567055225E0,-6.157374859E0,6.969700572E0
2.718448840E1,2.865084171E0,1.803857327E0,-6.907996655E0,7.693050522E0
2.718951402E1,2.830016613E0,1.974524498E0,-7.076773643E0,7.873275444E0
2.719453965E1,2.889011383E0,2.098118782E0,-6.649395466E0,7.547380291E0
2.719956527E1,2.993307114E0,2.160077095E0,-5.861847878E0,6.927270824E0
2.720459090E1,3.055550098E0,2.160148621E0,-4.960299492E0,6.213469201E0
2.720961652E1,3.036204338E0,2.107689857E0,-3.999567986E0,5.445864246E0
2.721464215E1,2.900626183E0,1.992999077E0,-3.019884109E0,4.637389094E0
2.721966777E1,2.610286713E0,1.763294697E0,-2.070779324E0,3.769738972E0
2.722469340E1,2.189322233E0,1.504592896E0,-1.167610765E0,2.901766103E0
2.722971902E1,1.762495160E0,1.178481102E0,-1.389642358E-1,2.124739503E0
2.723474465E1,1.272736073E0,8.040142059E-1,9.042158127E-1,1.756104265E0
2.723977027E1,7.779514194E-1,4.098062515E-1,1.870525599E0,2.066885480E0
2.724479590E1,3.646866083E-1,-4.233360291E-3,2.884036541E0,2.907005506E0
2.724982152E1,4.277706146E-2,-4.238147736E-1,3.891768694E0,3.915011163E0
2.725484715E1,-2.831580639E-1,-8.776969910E-1,4.702170372E0,4.791757163E0
2.725987277E1,-5.362845659E-1,-1.318061829E0,5.434818745E0,5.618019483E0
2.726489840E1,-8.166912794E-1,-1.807166100E0,6.218516350E0,6.527080477E0
2.726992402E1,-8.991507292E-1,-2.258909225E0,6.870885849E0,7.288361632E0
2.727494965E1,-8.174705505E-1,-2.563270569E0,7.319684029E0,7.798486288E0
2.727997527E1,-6.392067671E-1,-2.691567421E0,7.702911854E0,8.184617981E0
2.728500090E1,-3.987133503E-1,-2.662854195E0,7.909448147E0,8.355186101E0
2.729002652E1,-2.160474062E-1,-2.558345795E0,8.005088806E0,8.406738754E0
2.729505215E1,-1.052368879E-1,-2.354013443E0,8.141304016E0,8.475451916E0
2.730007777E1,3.449845314E-2,-2.073652267E0,8.321271896E0,8.575825899E0
2.730510340E1,8.878862858E-2,-1.726689339E0,8.485933304E0,8.660277336E0
2.731012902E1,1.250399351E-1,-1.370406151E0,8.467151642E0,8.578246029E0
2.731515465E1,1.723500490E-1,-9.903268814E-1,8.202389717E0,8.263755136E0
2.732018027E1,2.357628345E-1,-5.481624603E-1,7.792582989E0,7.815396077E0
2.732520590E1,2.531930208E-1,-7.265758514E-2,7.300499439E0,7.305250023E0
2.733023152E1,3.061592579E-1,4.408998489E-1,6.693212986E0,6.714702245E0
2.733525715E1,4.040186405E-1,9.111671448E-1,6.033440113E0,6.115215141E0
2.734028277E1,5.318738222E-1,1.309556007E0,5.388664246E0,5.570954052E0
2.734530840E1,6.028794050E-1,1.574109554E0,4.773197651E0,5.062084579E0
2.735033402E1,5.735903978E-1,1.661987782E0,4.096272945E0,4.457652002E0
2.735535965E1,5.155501366E-1,1.621181965E0,3.301136494E0,3.713694260E0
2.736038527E1,4.431718588E-1,1.494721889E0,2.336137295E0,2.808581899E0
2.736541090E1,3.280422688E-1,1.291973114E0,9.594486356E-1,1.642360479E0
2.737043652E1,1.993205547E-1,1.036525726E0,-7.771862149E-1,1.310775602E0
2.737546215E1,1.530547142E-1,7.997570038E-1,-2.557707310E0,2.684195167E0
2.738048777E1,1.701090336E-1,6.244134903E-1,-3.927501678E0,3.980464637E0
2.738551340E1,2.695393562E-1,4.911813736E-1,-4.481760979E0,4.516646109E0
2.739053902E1,5.225977898E-1,3.857851028E-1,-4.224996567E0,4.274638533E0
2.739556465E1,8.851538897E-1,2.894010544E-1,-3.565518856E0,3.685128911E0
2.740059027E1,1.298541546E0,2.407150269E-1,-2.768732071E0,3.067577408E0
2.740561590E1,1.718335032E0,1.875591278E-1,-1.937425137E0,2.596434068E0
2.741064152E1,1.971253276E0,1.495027542E-1,-1.164455175E0,2.294372770E0
2.741566715E1,1.999610066E0,1.363334656E-1,-4.511405826E-1,2.054398953E0
2.742069277E1,1.947238922E0,1.911201477E-1,1.345674098E-1,1.961217662E0
2.742571840E1,1.819570661E0,2.036857605E-1,5.538076162E-1,1.912858634E0
2.743074402E1,1.693802834E0,2.217864990E-1,8.491528034E-1,1.907673393E0
2.743576965E1,1.603870511E0,2.835779190E-1,1.058575153E0,1.942523721E0
2.744079527E1,1.516880512E0,3.697242737E-1,1.229545593E0,1.987310970E0
2.744582090E1,1.490627527E0,4.848690033E-1,1.342897654E0,2.064083933E0
2.745084652E1,1.506065130E0,6.432943344E-1,1.431970119E0,2.175453562E0
2.745587215E1,1.544170618E0,8.018608093E-1,1.448985577E0,2.264288598E0
2.746089777E1,1.585836053E0,9.653329849E-1,1.413236618E0,2.333234128E0
2.746592340E1,1.645436406E0,1.148035049E0,1.329732656E0,2.406996963E0
2.747094902E1,1.737323284E0,1.311665058E0,1.222585797E0,2.496692502E0
2.747597465E1,1.851693749E0,1.475415707E0,1.125546455E0,2.621540782E0
2.748100027E1,1.959730864E0,1.601045132E0,9.956893921E-1,2.719427869E0
2.748602590E1,2.051791191E0,1.707743168E0,8.618494272E-1,2.805177045E0
2.749105152E1,2.147030115E0,1.785968781E0,7.287451625E-1,2.886259225E0
2.749607715E1,2.197588444E0,1.821413994E0,6.011441946E-1,2.916902166E0
2.750110277E1,2.237068892E0,1.842809677E0,5.219697952E-1,2.944974906E0
2.750612840E1,2.232111931E0,1.826236725E0,4.575339854E-1,2.920068765E0
2.751115402E1,2.216407537E0,1.786027908E0,4.557262659E-1,2.882714778E0
2.751617965E1,2.194783211E0,1.703094006E0,5.305420756E-1,2.828264031E0
2.752120527E1,2.172191143E0,1.615734577E0,5.619496703E-1,2.764923149E0
2.752623090E1,2.134469509E0,1.504815578E0,5.782166123E-1,2.674839147E0
2.753125652E1,2.010091782E0,1.336879253E0,5.550549030E-1,2.477054915E0
2.753628215E1,1.808880568E0,1.178967476E0,5.302183628E-1,2.223318405E0
2.754130777E1,1.564851046E0,1.007068634E0,5.034179688E-1,1.927790362E0
2.754633340E1,1.311879158E0,8.594226837E-1,4.837344885E-1,1.641229213E0
2.755135902E1,1.083714724E0,6.929388046E-1,3.990430236E-1,1.346787706E0
2.755638460E1,8.659389019E-1,4.837760925E-1,1.774726510E-1,1.007663650E0
2.756141017E1,5.391881466E-1,2.654199600E-1,-7.084059715E-2,6.051363506E-1
2.756643574E1,1.230287552E-1,6.650638580E-2,-3.124531507E-1,3.423246199E-1
2.757146131E1,-3.198978901E-1,-4.611968994E-2,-5.283390284E-1,6.193575823E-1
2.757648689E1,-7.701954842E-1,-7.741355896E-2,-7.089086771E-1,1.049640632E0
2.758151246E1,-1.184553146E0,-3.711032867E-2,-8.160005808E-1,1.438888557E0
2.758653803E1,-1.563144445E0,4.122447968E-2,-8.589851260E-1,1.784089533E0
2.759156361E1,-1.891873121E0,2.006273270E-1,-8.235542774E-1,2.073083905E0
2.759658918E1,-2.118588209E0,3.980131149E-1,-6.807278395E-1,2.260579756E0
2.760161475E1,-2.325243235E0,6.429996490E-1,-5.116223097E-1,2.466163425E0
2.760664032E1,-2.521665335E0,9.211759567E-1,-3.300576210E-1,2.704865844E0
2.761166590E1,-2.670106649E0,1.213453293E0,-1.403617263E-1,2.936262902E0
2.761669147E1,-2.804178476E0,1.514978886E0,1.986616850E-2,3.187314326E0
2.762171704E1,-2.895549059E0,1.816181183E0,1.468144655E-1,3.421150819E0
2.762674262E1,-2.886924982E0,2.107448578E0,1.933785081E-1,3.579534971E0
2.763176819E1,-2.812206984E0,2.364888668E0,1.653847098E-1,3.678118899E0
2.763679376E1,-2.704981565E0,2.574157238E0,1.114355326E-1,3.735723308E0
2.764181934E1,-2.622517109E0,2.720908165E0,5.100202560E-2,3.779356881E0
2.764684491E1,-2.516664982E0,2.790785789E0,-2.529132366E-2,3.758021767E0
2.765187048E1,-2.305954456E0,2.812549591E0,-1.654098630E-1,3.640772113E0
2.765689605E1,-2.052628040E0,2.747994423E0,-3.693425059E-1,3.449807112E0
2.766192163E1,-1.794865847E0,2.621140003E0,-5.896008611E-1,3.231028861E0
2.766694720E1,-1.542294979E0,2.441697598E0,-8.506833315E-1,3.010684821E0
2.767197277E1,-1.328306198E0,2.166719437E0,-1.143602252E0,2.786915245E0
2.767699835E1,-1.033373833E0,1.954236031E0,-1.368656397E0,2.600023130E0
2.768202392E1,-7.256236076E-1,1.727934837E0,-1.554474592E0,2.434888022E0
2.768704949E1,-5.113866329E-1,1.468999386E0,-1.653137326E0,2.269876319E0
2.769207506E1,-4.634101391E-1,1.216026306E0,-1.616770267E0,2.075431288E0
2.769710064E1,-6.682496071E-1,9.309339523E-1,-1.517407775E0,1.901505171E0
2.770212621E1,-9.831936359E-1,7.574663162E-1,-1.378497601E0,1.854907162E0
2.770715178E1,-1.561520576E0,5.424442291E-1,-1.275868773E0,2.088165075E0
2.771217736E1,-2.259090185E0,3.479261398E-1,-1.151817083E0,2.559535828E0
2.771720298E1,-2.993369341E0,1.783304214E-1,-1.025589943E0,3.169210703E0
2.772222861E1,-3.657928944E0,3.330326080E-2,-8.689097166E-1,3.759861348E0
2.772725423E1,-4.184234619E0,-6.845569611E-2,-7.638617754E-1,4.253938216E0
2.773227986E1,-4.509056568E0,-1.128911972E-1,-7.543658614E-1,4.573117472E0
2.773730548E1,-4.607385635E0,-1.146593094E-1,-8.413162827E-1,4.684971957E0
2.774233111E1,-4.469039917E0,-5.480384827E-2,-9.249613285E-1,4.564085308E0
2.774735673E1,-4.208498001E0,2.350902557E-2,-9.533529282E-1,4.315192916E0
2.775238236E1,-3.854289532E0,8.199214935E-2,-8.312506080E-1,3.943760652E0
2.775740798E1,-3.425331116E0,1.302309036E-1,-5.687876940E-1,3.474675925E0
2.776243361E1,-2.916605711E0,8.693504333E-2,-8.044052124E-2,2.919009636E0
2.776745923E1,-2.385653257E0,-7.637786865E-2,9.246821404E-1,2.559728912E0
2.777248486E1,-1.822857141E0,-5.029258728E-1,2.138909340E0,2.854938836E0
2.777751048E1,-1.266273260E0,-1.311936378E0,2.997112036E0,3.508176960E0
2.778253611E1,-8.012297153E-1,-2.364438057E0,3.547661781E0,4.338022648E0
2.778756173E1,-4.216661453E-1,-3.383124352E0,3.676965237E0,5.014320100E0
2.779258736E1,-7.482409477E-2,-4.459089279E0,3.439628124E0,5.632061566E0
2.779761298E1,3.965239525E-1,-6.056206703E0,3.081712008E0,6.806748106E0
2.780263861E1,8.617283106E-1,-8.269303322E0,2.623897791E0,8.718302170E0
2.780766423E1,1.157303810E0,-1.087267780E1,2.258049488E0,1.116482253E1
2.781268986E1,1.570474029E0,-1.348320198E1,2.011914968E0,1.372264283E1
2.781771548E1,2.273463726E0,-1.595725155E1,1.844557762E0,1.622359108E1
2.782274111E1,3.151589155E0,-1.752970123E1,1.838562608E0,1.790539729E1
2.782776673E1,3.698852539E0,-1.698713493E1,2.029481411E0,1.750322993E1
2.783279236E1,4.119063377E0,-1.336213779E1,1.957450986E0,1.411895973E1
2.783781798E1,4.800313473E0,-8.399870872E0,1.089130878E0,9.735863916E0
2.784284361E1,5.868146420E0,-3.961989403E0,7.518121600E-2,7.080830082E0
2.784786923E1,6.953717232E0,-5.537996292E-1,-7.548713684E-1,7.016459802E0
2.785289486E1,7.851635933E0,1.989709854E0,-1.197408199E0,8.187851887E0
2.785792048E1,8.334110260E0,3.794930935E0,-1.346796989E0,9.255957906E0
2.786294611E1,8.557975769E0,5.054658890E0,-1.278990269E0,1.002119463E1
2.786797173E1,8.537188530E0,5.908631325E0,-9.844148159E-1,1.042902606E1
2.787299736E1,8.358089447E0,6.481843472E0,-5.683685541E-1,1.059221397E1
2.787802298E1,8.121587753E0,6.889433861E0,-1.169968545E-1,1.065073588E1
2.788304861E1,7.785182953E0,7.136301994E0,2.358047664E-1,1.056368703E1
2.788807423E1,7.387825012E0,7.236837387E0,5.095322132E-1,1.035429364E1
2.789309986E1,6.920418739E0,7.195854187E0,7.140159607E-1,1.000911244E1
2.789812548E1,6.502965927E0,7.099449158E0,1.002303600E0,9.679636186E0
2.790315111E1,6.116317749E0,6.880616188E0,1.374282837E0,9.308108038E0
2.790817673E1,5.712782860E0,6.544107914E0,1.843947411E0,8.880392922E0
2.791320236E1,5.378622055E0,6.161610603E0,2.429655790E0,8.532188916E0
2.791822798E1,5.051280975E0,5.608747005E0,3.029706478E0,8.133425097E0
2.792325361E1,4.658781052E0,4.708677769E0,3.680561304E0,7.577758160E0
2.792827923E1,4.277559280E0,3.323047638E0,4.236194611E0,6.876445577E0
2.793330486E1,3.462807178E0,1.619745731E0,4.583842754E0,5.968770743E0
2.793833048E1,2.121372938E0,-1.526308060E-1,4.763816357E0,5.217036092E0
2.794335611E1,4.772791862E-1,-1.875098228E0,4.897935867E0,5.266266661E0
2.794838173E1,-1.154370189E0,-3.533955574E0,5.007050991E0,6.236342851E0
2.795340736E1,-2.597762585E0,-5.115330696E0,5.073493004E0,7.658675462E0
2.795843298E1,-3.893266916E0,-6.614713669E0,5.060182095E0,9.193334924E0
2.796345861E1,-5.043424129E0,-7.864971161E0,4.772592068E0,1.049149815E1
2.796848423E1,-5.979571342E0,-8.574937820E0,3.716313839E0,1.109485559E1
2.797350986E1,-6.834988117E0,-8.530448914E0,1.959912539E0,1.110526354E1
2.797853548E1,-7.007819653E0,-7.412365913E0,-2.624889612E-1,1.020399947E1
2.798356111E1,-6.582790375E0,-5.532974243E0,-2.982717991E0,9.101842654E0
2.798858673E1,-6.051570892E0,-3.557792664E0,-6.115346909E0,9.310041177E0
2.799361236E1,-5.583983421E0,-1.811688423E0,-8.970626831E0,1.072078502E1
2.799863798E1,-5.185731888E0,-4.658575058E-1,-1.049152851E1,1.171242968E1
2.800366361E1,-4.994872570E0,4.521598816E-1,-1.056246758E1,1.169268668E1
2.800868923E1,-4.870938301E0,1.024624825E0,-9.583055496E0,1.079865031E1
2.801371486E1,-4.625476837E0,1.472046852E0,-7.865180492E0,9.242457578E0
2.801874048E1,-4.128717422E0,1.894896984E0,-5.751878738E0,7.329464589E0
2.802376611E1,-3.443704844E0,2.163904190E0,-3.764594078E0,5.541999004E0
2.802879173E1,-2.720383644E0,2.255188942E0,-1.936900496E0,4.029633714E0
2.803381736E1,-1.894073367E0,2.207208633E0,-2.974175513E-1,2.923652009E0
2.803884298E1,-1.206494451E0,2.010674000E0,1.111166000E0,2.594827292E0
2.804386861E1,-6.258301735E-1,1.737634182E0,2.174656630E0,2.853097862E0
2.804889423E1,-9.099066257E-2,1.421815872E0,3.000092268E0,3.321203591E0
2.805391986E1,2.157478333E-1,1.044285774E0,3.671197891E0,3.822927394E0
2.805894548E1,4.337193966E-1,6.577663422E-1,4.162539482E0,4.236449459E0
2.806397111E1,6.687971950E-1,3.100996017E-1,4.525757790E0,4.585404565E0
2.806899673E1,8.833005428E-1,3.470802307E-2,4.764859200E0,4.846164224E0
2.807402236E1,1.025282502E0,-2.163572311E-1,4.879474640E0,4.990720131E0
2.807904798E1,1.172015071E0,-4.479808807E-1,4.878579140E0,5.037344600E0
2.808407361E1,1.352456808E0,-6.267480850E-1,4.857367992E0,5.080942471E0
2.808909923E1,1.609776378E0,-7.575712204E-1,4.810668468E0,5.129115446E0
2.809412486E1,1.924612284E0,-8.357763290E-1,4.637953758E0,5.090507792E0
2.809915048E1,2.224845886E0,-8.614845276E-1,4.263739586E0,4.885854077E0
2.810417611E1,2.534270763E0,-8.205099106E-1,3.723209143E0,4.577996411E0
2.810920173E1,2.838299274E0,-7.512598038E-1,3.027980328E0,4.217700668E0
2.811422736E1,3.141523361E0,-6.203317642E-1,2.132361650E0,3.847199856E0
2.811925298E1,3.414929390E0,-4.564561844E-1,9.768615365E-1,3.581110644E0
2.812427861E1,3.801211357E0,-1.924972534E-1,-3.346323371E-1,3.820764554E0
2.812930423E1,4.217596531E0,8.094978333E-2,-1.631449223E0,4.522864129E0
2.813432986E1,4.385533333E0,3.499469757E-1,-2.748257875E0,5.187319814E0
2.813935548E1,4.261666775E0,5.622224808E-1,-3.630620241E0,5.626659858E0
2.814438111E1,3.879659653E0,6.606607437E-1,-4.105637074E0,5.687221415E0
2.814940673E1,3.331099987E0,6.454372406E-1,-4.216549397E0,5.412218138E0
2.815443236E1,2.674335957E0,5.356807709E-1,-4.036608219E0,4.871676571E0
2.815945798E1,1.991842270E0,3.838624954E-1,-3.620346069E0,4.149902614E0
2.816448361E1,1.327491045E0,2.041454315E-1,-3.146675587E0,3.421326509E0
2.816950923E1,7.299756408E-1,2.501392365E-2,-2.650653362E0,2.749446013E0
2.817453486E1,2.142472267E-1,-1.393747330E-1,-2.166910648E0,2.181932389E0
2.817956048E1,-2.909168005E-1,-2.844276428E-1,-1.653498173E0,1.702817629E0
2.818458611E1,-7.275612354E-1,-4.390010834E-1,-1.192525864E0,1.464303670E0
2.818961173E1,-1.071526408E0,-5.553379059E-1,-7.940388322E-1,1.444668370E0
2.819463736E1,-1.327420712E0,-6.287603378E-1,-4.056239128E-1,1.523783471E0
2.819966298E1,-1.509660482E0,-6.449832916E-1,-1.785367727E-2,1.641766418E0
2.820468861E1,-1.627920747E0,-6.423387527E-1,3.020968437E-1,1.775946940E0
2.820971423E1,-1.696645975E0,-5.969409943E-1,6.210994124E-1,1.902816490E0
2.821473986E1,-1.754123211E0,-5.184144974E-1,9.007855654E-1,2.038900798E0
2.821976543E1,-1.809799433E0,-4.116134644E-1,1.131415844E0,2.173683842E0
2.822479100E1,-1.834695816E0,-2.814140320E-1,1.312730312E0,2.273447485E0
2.822981658E1,-1.742562413E0,-1.278886795E-1,1.406333089E0,2.242911509E0
2.823484215E1,-1.524150133E0,5.372428894E-2,1.440739512E0,2.098011027E0
2.823986772E1,-1.261252403E0,2.251787186E-1,1.415966749E0,1.909561446E0
2.824489329E1,-1.021217227E0,3.578405380E-1,1.346424580E0,1.727366094E0
2.824991887E1,-7.994018793E-1,4.374427795E-1,1.222845435E0,1.525041150E0
2.825494444E1,-5.863260031E-1,4.927778244E-1,1.141261101E0,1.374439910E0
2.825997001E1,-3.436509371E-1,5.047492981E-1,1.097159147E0,1.255637693E0
2.826499558E1,-9.077620506E-2,4.925804138E-1,1.052358747E0,1.165476175E0
2.827002116E1,1.577581167E-1,4.371995926E-1,1.021285534E0,1.122076312E0
2.827504673E1,4.448151588E-1,3.578310013E-1,9.993565083E-1,1.150920059E0
2.828007230E1,7.268746495E-1,2.593517303E-1,9.482811093E-1,1.222639415E0
2.828509788E1,9.796643853E-1,1.705474854E-1,8.969015479E-1,1.339127006E0
2.829012345E1,1.183973551E0,6.273269653E-2,8.165623546E-1,1.439618991E0
2.829514902E1,1.311006188E0,-4.491424561E-2,6.977314353E-1,1.485793953E0
2.830017460E1,1.413379669E0,-1.380090714E-1,5.455269217E-1,1.521278481E0
2.830520017E1,1.529348016E0,-2.022142410E-1,3.934915662E-1,1.592052626E0
2.831022574E1,1.649153113E0,-2.423171997E-1,2.416141033E-1,1.684280556E0
2.831525131E1,1.753424287E0,-2.822113037E-1,8.523732424E-2,1.778034125E0
2.832027689E1,1.794267893E0,-3.027505875E-1,-6.610536575E-2,1.820830884E0
2.832530246E1,1.776458979E0,-2.847881317E-1,-1.977449656E-1,1.809976203E0
2.833032803E1,1.704957604E0,-2.809810638E-1,-3.143404722E-1,1.756314529E0
2.833535361E1,1.623073578E0,-2.769784927E-1,-4.252346158E-1,1.700561496E0
2.834037918E1,1.530997992E0,-2.775764465E-1,-5.350710154E-1,1.645388868E0
2.834540475E1,1.424002409E0,-2.827463150E-1,-6.148229837E-1,1.576621591E0
2.835043032E1,1.316697836E0,-3.068618774E-1,-6.309726834E-1,1.491973167E0
2.835545590E1,1.199590087E0,-3.403434753E-1,-6.075260043E-1,1.387060887E0
2.836048147E1,1.068043828E0,-3.592834473E-1,-5.683825612E-1,1.262085952E0
2.836550704E1,9.605877995E-1,-3.876590729E-1,-4.944984317E-1,1.147840222E0
2.837053262E1,8.295775056E-1,-3.824539185E-1,-3.955323696E-1,9.954474838E-1
2.837555819E1,7.277659774E-1,-3.580827713E-1,-2.907317281E-1,8.616214521E-1
2.838058381E1,6.552348137E-1,-3.146018982E-1,-1.802425981E-1,7.488620765E-1
2.838560944E1,6.165923476E-1,-2.663660049E-1,-9.763741493E-2,6.787267761E-1
2.839063506E1,5.639001131E-1,-2.038059235E-1,-4.632890224E-3,5.996179247E-1
2.839566069E1,5.211468935E-1,-1.460924149E-1,1.081669331E-1,5.519394565E-1
2.840068631E1,4.928855896E-1,-1.075267792E-1,2.073171139E-1,5.454159865E-1
2.840571194E1,4.600079060E-1,-5.939674377E-2,2.880595326E-1,5.459977482E-1
2.841073756E1,4.176753759E-1,-4.474353790E-2,3.839516044E-1,5.690988827E-1
2.841576319E1,3.658421040E-1,-2.525615692E-2,4.949904680E-1,6.160307475E-1
2.842078881E1,2.998806238E-1,-2.487659454E-2,5.733404756E-1,6.475079416E-1
2.842581444E1,2.531721592E-1,-1.009464264E-2,6.667702794E-1,7.132886159E-1
2.843084006E1,2.112702131E-1,-2.395820618E-2,7.657298446E-1,7.947020155E-1
2.843586569E1,1.789817810E-1,-1.862621307E-2,8.987451196E-1,9.165828952E-1
2.844089131E1,1.705160141E-1,5.882263184E-3,1.046482086E0,1.060299518E0
2.844591694E1,1.569769382E-1,2.086448669E-2,1.180034637E0,1.190612797E0
2.845094256E1,1.096073389E-1,1.198005676E-2,1.304020405E0,1.308673568E0
2.845596819E1,4.281568527E-2,1.271724701E-2,1.437371373E0,1.438065150E0
2.846099381E1,-4.329943657E-2,-5.653381348E-3,1.556023002E0,1.556635598E0
2.846601944E1,-1.295604706E-1,4.692077637E-3,1.688400269E0,1.693370426E0
2.847104506E1,-2.159030437E-1,3.413295746E-2,1.796075344E0,1.809327451E0
2.847607069E1,-2.830742598E-1,6.825447083E-2,1.888311625E0,1.910630917E0
2.848109631E1,-3.501768112E-1,1.022539139E-1,1.955443859E0,1.989180823E0
2.848612194E1,-4.221476316E-1,1.552724838E-1,2.006846428E0,2.056635785E0
2.849114756E1,-4.798460007E-1,2.177133560E-1,2.013691425E0,2.081490919E0
2.849617319E1,-5.471171141E-1,2.847585678E-1,1.990229130E0,2.083611424E0
2.850119881E1,-6.000638008E-1,3.420581818E-1,1.936470747E0,2.055966760E0
2.850622444E1,-6.578532457E-1,3.896121979E-1,1.857023954E0,2.008259576E0
2.851125006E1,-6.822619438E-1,4.226541519E-1,1.751912117E0,1.926996097E0
2.851627569E1,-7.022240162E-1,4.507875443E-1,1.649693727E0,1.848733992E0
2.852130131E1,-7.369722128E-1,4.596738815E-1,1.550249100E0,1.776991950E0
2.852632694E1,-7.721484900E-1,4.493236542E-1,1.424739122E0,1.681661858E0
2.853135256E1,-8.029853106E-1,4.006004333E-1,1.291972876E0,1.573041648E0
2.853637819E1,-8.533182144E-1,3.517694473E-1,1.142194271E0,1.468503140E0
2.854140381E1,-8.991813660E-1,2.693185806E-1,9.751821756E-1,1.353528685E0
2.854642944E1,-9.547982216E-1,2.106237411E-1,7.907748818E-1,1.257508218E0
2.855145506E1,-1.020058393E0,1.421461105E-1,6.034130454E-1,1.193663247E0
2.855648069E1,-1.046868443E0,6.383991241E-2,3.653634191E-1,1.110630227E0
2.856150631E1,-1.049557805E0,-2.429962158E-2,1.055971384E-1,1.055136396E0
2.856653194E1,-1.023227096E0,-8.880043030E-2,-1.707110405E-1,1.041163515E0
2.857155756E1,-9.630131721E-1,-1.536045074E-1,-4.822300673E-1,1.087903742E0
2.857658319E1,-8.545045853E-1,-2.330474854E-1,-8.044967055E-1,1.196538410E0
2.858160881E1,-7.169989347E-1,-2.983503342E-1,-1.146454096E0,1.384722856E0
2.858663444E1,-5.508921146E-1,-3.302869797E-1,-1.512266636E0,1.643022212E0
2.859166006E1,-3.562324047E-1,-3.766345978E-1,-1.891549110E0,1.961303950E0
2.859668569E1,-1.764150858E-1,-4.324445724E-1,-2.288301945E0,2.335477763E0
2.860171131E1,-1.645612717E-2,-4.784288406E-1,-2.663476229E0,2.706154205E0
2.860673694E1,1.330658197E-1,-5.144453049E-1,-3.040133238E0,3.086222705E0
2.861176256E1,2.481065989E-1,-5.260057449E-1,-3.379183531E0,3.428865740E0
2.861678819E1,3.043271303E-1,-5.559616089E-1,-3.646298885E0,3.700973368E0
2.862181381E1,2.825324535E-1,-5.563478470E-1,-3.807545185E0,3.858334855E0
2.862683944E1,2.019717693E-1,-6.179981232E-1,-3.833962917E0,3.888699773E0
2.863186506E1,4.350578785E-2,-7.599115372E-1,-3.711125374E0,3.788378260E0
2.863689069E1,-2.735605240E-1,-9.677181244E-1,-3.434450150E0,3.578653596E0
2.864191631E1,-7.147309780E-1,-1.284534454E0,-3.056884050E0,3.391962446E0
2.864694194E1,-1.197191596E0,-1.624407768E0,-2.617129564E0,3.304744388E0
2.865196756E1,-1.666914225E0,-1.963660240E0,-2.187252522E0,3.379147550E0
2.865699319E1,-2.079448223E0,-2.226028442E0,-1.762566090E0,3.519367381E0
2.866201881E1,-2.357284069E0,-2.335317612E0,-1.357685804E0,3.585220673E0
2.866704444E1,-2.366106510E0,-2.220169067E0,-9.634806514E-1,3.384657393E0
2.867207006E1,-2.063715935E0,-1.966980934E0,-6.378668547E-1,2.921439984E0
2.867709569E1,-1.566443920E0,-1.666739464E0,-3.671229482E-1,2.316580725E0
2.868212131E1,-1.005233407E0,-1.395905495E0,-1.185383797E-1,1.724267294E0
2.868714694E1,-4.583035707E-1,-1.116023064E0,1.072121263E-1,1.211215952E0
2.869217256E1,6.133317947E-3,-8.413095474E-1,3.191799521E-1,8.998417717E-1
2.869719819E1,4.015851021E-1,-6.099243164E-1,5.166862607E-1,8.945629983E-1
2.870222381E1,6.224097013E-1,-4.169864655E-1,6.800655723E-1,1.011810620E0
2.870724944E1,7.357225418E-1,-2.289905548E-1,8.279393315E-1,1.131020720E0
2.871227506E1,7.563788891E-1,-4.601764679E-2,9.454270005E-1,1.211634789E0
2.871730069E1,7.567621469E-1,1.270551682E-1,1.032138348E0,1.286134336E0
2.872232631E1,7.803285122E-1,3.093109131E-1,1.092658520E0,1.377856476E0
2.872735194E1,8.130469918E-1,5.054874420E-1,1.136639595E0,1.486106502E0
2.873237756E1,8.263105750E-1,7.490434647E-1,1.187959433E0,1.629448647E0
2.873740319E1,8.300612569E-1,9.729356766E-1,1.265905619E0,1.799478412E0
2.874242881E1,7.909330130E-1,1.201101303E0,1.375267744E0,1.989869528E0
2.874745444E1,7.569450736E-1,1.428744316E0,1.473006964E0,2.187241569E0
2.875248006E1,7.186006308E-1,1.603254795E0,1.525625467E0,2.326874700E0
2.875750569E1,6.614664793E-1,1.743858814E0,1.581047893E0,2.445054990E0
2.876253131E1,5.471534729E-1,1.841074467E0,1.644073725E0,2.528222800E0
2.876755694E1,3.900253773E-1,1.823229313E0,1.671513557E0,2.504045226E0
2.877258256E1,1.567828655E-1,1.719136715E0,1.672755837E0,2.403772868E0
2.877760819E1,-1.333286762E-1,1.557603359E0,1.676552773E0,2.292320649E0
2.878263381E1,-4.081159830E-1,1.352980614E0,1.620772481E0,2.150353141E0
2.878765944E1,-6.099807024E-1,1.119649887E0,1.510631919E0,1.976790611E0
2.879268506E1,-7.818187475E-1,8.958721161E-1,1.475591540E0,1.895045592E0
2.879771069E1,-9.281429052E-1,6.576890945E-1,1.439620256E0,1.834805352E0
2.880273631E1,-1.034692645E0,4.242820740E-1,1.355530381E0,1.757289607E0
2.880776194E1,-1.082457066E0,2.147951126E-1,1.238034248E0,1.658486973E0
2.881278756E1,-1.091039419E0,4.840564728E-2,1.149440169E0,1.585535501E0
2.881781319E1,-1.103987813E0,-1.322498322E-1,1.103918910E0,1.566817178E0
2.882283881E1,-1.126176119E0,-2.888822556E-1,1.077381253E0,1.585079169E0
2.882786444E1,-1.148122430E0,-4.167299271E-1,1.045773745E0,1.607946414E0
2.883289006E1,-1.121879578E0,-4.919471741E-1,1.013773084E0,1.590082285E0
2.883791569E1,-1.066570640E0,-4.763603210E-1,9.669459462E-1,1.516402502E0
2.884294131E1,-9.489309788E-1,-3.891830444E-1,9.386999607E-1,1.390356451E0
2.884796694E1,-7.931218147E-1,-2.448225021E-1,9.049817920E-1,1.227995242E0
2.885299256E1,-6.184990406E-1,-8.158111572E-2,8.846858740E-1,1.082527430E0
2.885801819E1,-4.636189938E-1,1.053485870E-1,8.775353432E-1,9.980526913E-1
2.886304381E1,-3.286795616E-1,3.255300522E-1,9.021525979E-1,1.013843863E0
2.886806944E1,-2.234489918E-1,4.976396561E-1,9.243683219E-1,1.073327291E0
2.887309506E1,-1.241106987E-1,6.647720337E-1,9.433938861E-1,1.160740000E0
2.887812069E1,-1.179599762E-2,7.934846878E-1,9.251719117E-1,1.218893007E0
2.888314626E1,4.631519318E-2,8.838520050E-1,8.886498809E-1,1.254208146E0
2.888817184E1,4.084491730E-2,9.454545975E-1,8.053393960E-1,1.242627960E0
2.889319741E1,4.872107506E-2,1.011728287E0,6.708531380E-1,1.214912261E0
2.889822298E1,6.548643112E-2,1.010860443E0,5.096572042E-1,1.133965508E0
2.890324855E1,1.153230667E-1,9.859294891E-1,2.889168262E-1,1.033842009E0
2.890827413E1,1.888487339E-1,9.034690857E-1,2.867674828E-2,9.234406256E-1
2.891329970E1,2.959235907E-1,7.635259628E-1,-2.701107264E-1,8.622658940E-1
2.891832527E1,4.031957388E-1,6.188039780E-1,-5.681850910E-1,9.318366083E-1
2.892335085E1,5.300755501E-1,4.454107285E-1,-8.166987896E-1,1.070685630E0
2.892837642E1,6.624041796E-1,2.768917084E-1,-1.010026217E0,1.239193800E0
2.893340199E1,8.671282530E-1,1.180810928E-1,-1.133384705E0,1.431927177E0
2.893842756E1,1.086626410E0,-2.137470245E-2,-1.186381817E0,1.608948616E0
2.894345314E1,1.354210377E0,-1.175098419E-1,-1.207095742E0,1.817903858E0
2.894847871E1,1.602574348E0,-1.942071915E-1,-1.186056137E0,2.003170022E0
2.895350428E1,1.836108685E0,-2.179212570E-1,-1.128401756E0,2.166119872E0
2.895852986E1,2.011491776E0,-2.269535065E-1,-1.087466121E0,2.297866319E0
2.896355543E1,2.109292269E0,-2.069225311E-1,-1.049463987E0,2.365017013E0
2.896858100E1,2.167758226E0,-1.626701355E-1,-1.048504233E0,2.413503352E0
2.897360658E1,2.225017548E0,-9.421062469E-2,-1.094493032E0,2.481429774E0
2.897863215E1,2.266540289E0,-3.026008606E-2,-1.140037775E0,2.537283327E0
2.898365772E1,2.292275667E0,2.919006348E-2,-1.214036107E0,2.594082393E0
2.898868329E1,2.292679071E0,8.891487122E-2,-1.283164501E0,2.628838967E0
2.899370887E1,2.286934376E0,1.345672607E-1,-1.371315837E0,2.669959609E0
2.899873444E1,2.279896021E0,1.374721527E-1,-1.406537294E0,2.682381706E0
2.900376001E1,2.257143021E0,1.024894714E-1,-1.441482544E0,2.680125115E0
2.900878559E1,2.242599964E0,3.926277161E-2,-1.471046448E0,2.682307554E0
2.901381116E1,2.188397169E0,-6.169986725E-2,-1.485395193E0,2.645616738E0
2.901883673E1,2.094749689E0,-1.812391281E-1,-1.508184075E0,2.587555427E0
2.902386230E1,1.933020592E0,-3.001785278E-1,-1.500844240E0,2.465605238E0
2.902888788E1,1.770288944E0,-4.567670822E-1,-1.477513313E0,2.350660483E0
2.903391345E1,1.578183889E0,-6.032066345E-1,-1.471544266E0,2.240527875E0
2.903893902E1,1.371194601E0,-7.299613953E-1,-1.454028845E0,2.127726052E0
2.904396465E1,1.168706059E0,-8.419094086E-1,-1.420259595E0,2.022825406E0
2.904899027E1,9.661914110E-1,-9.487066269E-1,-1.413285971E0,1.957280599E0
2.905401590E1,7.448390722E-1,-9.978446960E-1,-1.347066164E0,1.834411767E0
2.905904152E1,5.240179300E-1,-1.046860695E0,-1.245725155E0,1.709486258E0
2.906406715E1,3.326811790E-1,-1.057599068E0,-1.119236946E0,1.575399599E0
2.906909277E1,1.806807518E-1,-1.039777756E0,-9.917737246E-1,1.448239772E0
2.907411840E1,7.749581337E-2,-9.647550583E-1,-8.683872819E-1,1.300328572E0
2.907914402E1,1.834201813E-2,-8.661184311E-1,-7.445703745E-1,1.142314584E0
2.908416965E1,7.796525955E-3,-7.534427643E-1,-5.918349028E-1,9.581259505E-1
2.908919527E1,-3.073596954E-2,-6.315336227E-1,-4.246566892E-1,7.616513114E-1
2.909422090E1,-6.374406815E-2,-5.243158340E-1,-2.383022308E-1,5.794465923E-1
2.909924652E1,-1.054744720E-1,-4.365835190E-1,-4.713684320E-2,4.516103578E-1
2.910427215E1,-1.176042557E-1,-3.683347702E-1,1.439047456E-1,4.125649521E-1
2.910929777E1,-7.631802559E-2,-3.099699020E-1,3.395344615E-1,4.660358696E-1
2.911432340E1,-3.423595428E-2,-2.710599899E-1,5.444717407E-1,6.091757506E-1
2.911934902E1,-2.011013031E-2,-2.467908859E-1,7.729331851E-1,8.116254477E-1
2.912437465E1,-2.426981926E-2,-2.563018799E-1,9.290965796E-1,9.641058717E-1
2.912940027E1,2.494025230E-2,-2.852010727E-1,1.050878763E0,1.089177599E0
2.913442590E1,1.081962585E-1,-3.143110275E-1,1.142885447E0,1.190245771E0
2.913945152E1,2.348384857E-1,-3.675031662E-1,1.190613985E0,1.267978451E0
2.914447715E1,3.470778465E-1,-4.064149857E-1,1.212893724E0,1.325423464E0
2.914950277E1,4.160506725E-1,-4.453706741E-1,1.199926138E0,1.345836519E0
2.915452840E1,4.606078863E-1,-4.747200012E-1,1.170746446E0,1.344680611E0
2.915955402E1,5.094519854E-1,-4.944524765E-1,1.149489641E0,1.351055518E0
2.916457965E1,5.482693911E-1,-4.950180054E-1,1.088374853E0,1.315371420E0
2.916960527E1,5.770088434E-1,-4.859819412E-1,1.044880986E0,1.288756737E0
2.917463090E1,6.053953171E-1,-4.434614182E-1,1.000249982E0,1.250464532E0
2.917965652E1,6.383666992E-1,-3.866586685E-1,9.450854659E-1,1.204243956E0
2.918468215E1,6.855907440E-1,-3.060293198E-1,9.037933350E-1,1.174960002E0
2.918970777E1,7.469607592E-1,-2.254810333E-1,8.574563861E-1,1.159320286E0
2.919473340E1,8.081628084E-1,-1.354570389E-1,8.205430508E-1,1.159640734E0
2.919975902E1,8.834877014E-1,-5.508995056E-2,8.216111064E-1,1.207737650E0
2.920478465E1,9.489891529E-1,6.055831909E-3,8.411182165E-1,1.268107621E0
2.920981027E1,1.018901229E0,3.365993500E-2,8.497046232E-1,1.327136260E0
2.921483590E1,1.098057389E0,5.641078949E-2,8.467267752E-1,1.387753018E0
2.921986152E1,1.215090752E0,5.517196655E-2,7.551234365E-1,1.431677647E0
2.922488715E1,1.326618552E0,7.307434082E-2,6.178086996E-1,1.465245451E0
2.922991277E1,1.437147141E0,9.583377838E-2,4.208247662E-1,1.500556397E0
2.923493840E1,1.498574018E0,1.139745712E-1,1.983104944E-1,1.515929201E0
2.923996402E1,1.505966902E0,1.371536255E-1,-6.004929543E-3,1.512211455E0
2.924498965E1,1.464062691E0,1.797666550E-1,-1.963089705E-1,1.488063448E0
2.925001527E1,1.382586956E0,2.226657867E-1,-3.385475278E-1,1.440743271E0
2.925504090E1,1.295184255E0,2.801847458E-1,-4.706819654E-1,1.406252914E0
2.926006652E1,1.197103024E0,3.810214996E-1,-6.305265427E-1,1.405630376E0
2.926509215E1,1.102885246E0,5.011978149E-1,-7.409208417E-1,1.420041834E0
2.927011777E1,9.886091948E-1,6.455125809E-1,-8.443874121E-1,1.451559414E0
2.927514340E1,8.688509464E-1,8.091402054E-1,-9.163929820E-1,1.499795298E0
2.928016902E1,7.295690775E-1,9.728794098E-1,-9.278590083E-1,1.529603780E0
2.928519465E1,6.046135426E-1,1.131867409E0,-8.930535316E-1,1.563402052E0
2.929022027E1,4.895688295E-1,1.276420593E0,-7.933076024E-1,1.580589802E0
2.929524590E1,4.323605299E-1,1.406514645E0,-6.910927892E-1,1.625677802E0
2.930027152E1,3.947551250E-1,1.522097111E0,-5.679533482E-1,1.671879849E0
2.930529715E1,3.624196053E-1,1.623143673E0,-4.531428516E-1,1.723740641E0
2.931032277E1,3.495225906E-1,1.700116634E0,-3.280772567E-1,1.766408021E0
2.931534840E1,2.935979366E-1,1.748304844E0,-1.692833900E-1,1.780849921E0
2.932037402E1,2.232813835E-1,1.772527218E0,-5.971312523E-3,1.786544981E0
2.932539965E1,1.385874748E-1,1.787143230E0,1.423645020E-1,1.798153238E0
2.933042527E1,5.856513977E-3,1.768293858E0,2.899070084E-1,1.791910583E0
2.933545090E1,-1.890320778E-1,1.730320454E0,5.082095265E-1,1.813289531E0
2.934047652E1,-4.218697548E-1,1.677970409E0,7.444626689E-1,1.883556065E0
2.934550215E1,-7.160537243E-1,1.625487804E0,9.936527014E-1,2.035261465E0
2.935052777E1,-1.013894081E0,1.548911572E0,1.169762969E0,2.189852431E0
2.935555340E1,-1.253095865E0,1.462590694E0,1.306266069E0,2.327176794E0
2.936057902E1,-1.495901346E0,1.361752510E0,1.364882469E0,2.440285822E0
2.936560465E1,-1.680397987E0,1.308650017E0,1.331271648E0,2.511689962E0
2.937063027E1,-1.878721714E0,1.250695229E0,1.215105295E0,2.563262513E0
2.937565590E1,-2.043318987E0,1.245362282E0,1.007108450E0,2.596217850E0
2.938068152E1,-2.274952412E0,1.211361885E0,7.505916357E-1,2.684435489E0
2.938570715E1,-2.535421610E0,1.191823959E0,4.842582345E-1,2.843116798E0
2.939073277E1,-2.762573004E0,1.248911858E0,2.462898493E-1,3.041750996E0
2.939575840E1,-3.037596941E0,1.253368378E0,8.015960455E-3,3.286029781E0
2.940078402E1,-3.288293123E0,1.267325401E0,-1.589719653E-1,3.527641907E0
2.940580965E1,-3.514423370E0,1.328964233E0,-3.265019953E-1,3.771461403E0
2.941083527E1,-3.677680254E0,1.390379429E0,-4.563717842E-1,3.958126099E0
2.941586090E1,-3.763687611E0,1.451545238E0,-5.342442989E-1,4.069120910E0
2.942088652E1,-3.858469725E0,1.407216549E0,-5.648432374E-1,4.145732133E0
2.942591215E1,-3.837532282E0,1.463153362E0,-4.761750400E-1,4.134515019E0
2.943093777E1,-3.758781433E0,1.509365559E0,-3.345711827E-1,4.064303154E0
2.943596340E1,-3.684782505E0,1.507713795E0,-2.352270484E-1,3.988252093E0
2.944098902E1,-3.658781052E0,1.453535557E0,-1.540600061E-1,3.939946559E0
2.944601465E1,-3.647032499E0,1.399428844E0,-2.931088209E-2,3.906418599E0
2.945104027E1,-3.544717312E0,1.431560040E0,1.577808857E-1,3.826131176E0
2.945606590E1,-3.467267513E0,1.463872433E0,2.732785940E-1,3.773532522E0
2.946109152E1,-3.343620300E0,1.501319408E0,3.602967858E-1,3.682875297E0
2.946611715E1,-3.269820929E0,1.520053387E0,3.182823658E-1,3.619888792E0
2.947114332E1,-3.179063559E0,1.587075710E0,2.569890618E-1,3.562484779E0
2.947616895E1,-2.956636906E0,1.678391933E0,2.046572566E-1,3.405963280E0
2.948119457E1,-2.726971388E0,1.703033924E0,2.690553665E-3,3.215074608E0
2.948622020E1,-2.661545753E0,1.742181301E0,-4.065826535E-1,3.206919228E0
2.949124582E1,-2.554280043E0,1.834068298E0,-9.071798325E-1,3.272786016E0
2.949627145E1,-2.405179501E0,1.940455437E0,-1.435177803E0,3.407343695E0
2.950129702E1,-2.185488939E0,2.061385155E0,-1.936532259E0,3.574329007E0
2.950632265E1,-1.914244890E0,2.168148041E0,-2.295742035E0,3.692645517E0
2.951134827E1,-1.615076065E0,2.222404480E0,-2.331457138E0,3.603226992E0
2.951637390E1,-1.058573961E0,2.267239571E0,-1.858289480E0,3.116760160E0
2.952139952E1,-3.129663467E-1,2.078068733E0,-8.869218230E-1,2.280997132E0
2.952642515E1,1.905788183E-1,1.358754158E0,8.904451132E-2,1.374940753E0
2.953145077E1,4.624642134E-1,1.894760132E-2,9.595178962E-1,1.065320024E0
2.953647640E1,6.141916513E-1,-1.601223946E0,1.639837503E0,2.372807735E0
2.954150202E1,5.846577883E-1,-3.104579926E0,1.974054217E0,3.725202182E0
2.954652765E1,2.304413319E-1,-5.084103584E0,1.989122152E0,5.464230907E0
2.955155327E1,-4.474513531E-1,-7.687485695E0,2.084596634E0,7.977668340E0
2.955657884E1,-1.093037605E0,-1.089044476E1,2.552213907E0,1.123878614E1
2.956160442E1,-1.594415784E0,-1.407582760E1,2.567764759E0,1.439668365E1
2.956662999E1,-1.620766521E0,-1.634008789E1,2.375052691E0,1.659114920E1
2.957165556E1,-1.024510622E0,-1.719193649E1,2.249699354E0,1.736874922E1
2.957668114E1,6.812155247E-2,-1.577225018E1,2.269565582E0,1.593484999E1
2.958170671E1,1.348757982E0,-1.227497768E1,2.467705727E0,1.259300587E1
2.958673228E1,2.800688267E0,-8.151406288E0,2.542159557E0,8.986203562E0
2.959175785E1,3.943304539E0,-4.420503616E0,2.780175924E0,6.543690173E0
2.959678343E1,4.641901970E0,-1.263232231E0,3.176895380E0,5.765038926E0
2.960180900E1,5.107161999E0,1.388111115E0,3.493233681E0,6.341343525E0
2.960683457E1,5.472906113E0,3.457553864E0,3.515979528E0,7.366783021E0
2.961186015E1,5.910507202E0,5.065288544E0,3.112695456E0,8.383323709E0
2.961688572E1,6.318060875E0,6.187940598E0,2.345881462E0,9.149407735E0
2.962191129E1,6.617871284E0,6.917021751E0,1.184521198E0,9.645957740E0
2.962693686E1,6.613190651E0,7.415825844E0,-4.059730172E-1,9.944525007E0
2.963196244E1,6.131341457E0,7.613442898E0,-2.177462578E0,1.001494903E1
2.963698801E1,5.243525505E0,7.314980507E0,-3.505113125E0,9.658639529E0
2.964201358E1,4.269424438E0,6.698873997E0,-4.096516609E0,8.937804327E0
2.964703916E1,3.156175613E0,5.856908798E0,-3.963173389E0,7.744131229E0
2.965206473E1,1.575787783E0,4.789199352E0,-3.305694580E0,6.028860110E0
2.965709030E1,-2.289617062E-1,3.523983479E0,-2.279860497E0,4.203408962E0
2.966211588E1,-2.163437843E0,2.199164391E0,-1.014929891E0,3.247594495E0
2.966714145E1,-4.390679359E0,7.083826065E-1,4.392411113E-1,4.469094305E0
2.967216702E1,-6.710168362E0,-1.126299858E0,1.667320967E0,7.005345817E0
2.967719259E1,-8.993423462E0,-3.090190887E0,2.231087208E0,9.767737477E0
2.968221817E1,-1.079263783E1,-4.834525108E0,2.011157274E0,1.199576666E1
2.968724374E1,-1.179626560E1,-5.996115685E0,8.256320953E-1,1.325846725E1
2.969226931E1,-1.195801544E1,-6.484335899E0,-7.705994844E-1,1.362477776E1
2.969729488E1,-1.124342251E1,-6.370886803E0,-2.325757027E0,1.313057097E1
2.970232046E1,-9.906227112E0,-5.669822693E0,-3.617693901E0,1.197363496E1
2.970734603E1,-8.553480148E0,-4.581830025E0,-4.263411045E0,1.059867269E1
2.971237160E1,-7.593072891E0,-3.322188377E0,-4.127097130E0,9.258759218E0
2.971739723E1,-6.927758694E0,-2.139941216E0,-3.473067045E0,8.039613400E0
2.972242285E1,-6.277888775E0,-1.040171623E0,-2.590911627E0,6.870710846E0
2.972744848E1,-5.470157146E0,-3.272628784E-2,-1.693908691E0,5.726518739E0
2.973247410E1,-4.614370346E0,8.869714737E-1,-8.040309548E-1,4.767137282E0
2.973749973E1,-3.725263357E0,1.604056358E0,2.852231264E-2,4.056032224E0
2.974252535E1,-2.908425808E0,2.109076023E0,7.110288739E-1,3.662335923E0
2.974755098E1,-2.159592152E0,2.373548508E0,1.271021247E0,3.451530934E0
2.975257660E1,-1.460051417E0,2.469477654E0,1.664569616E0,3.316754744E0
2.975760223E1,-7.721340656E-1,2.363626480E0,1.939214706E0,3.153327581E0
2.976262785E1,-8.209443092E-2,2.128029823E0,2.061406612E0,2.963890627E0
2.976765348E1,5.996044278E-1,1.829904079E0,1.973973274E0,2.757652062E0
2.977267910E1,1.252909780E0,1.545969009E0,1.729988575E0,2.636790390E0
2.977770473E1,1.914785624E0,1.305088043E0,1.463750362E0,2.740843649E0
2.978273035E1,2.406888008E0,1.097828865E0,1.289904952E0,2.943160357E0
2.978775598E1,2.714153290E0,9.003820419E-1,1.127000570E0,3.073669824E0
2.979278160E1,2.774090290E0,7.032413483E-1,1.027187943E0,3.040598691E0
2.979780723E1,2.711568832E0,4.776601791E-1,9.659749866E-1,2.917854084E0
2.980283285E1,2.603993177E0,2.761650085E-1,9.048854709E-1,2.770535200E0
2.980785848E1,2.490692139E0,9.378242493E-2,8.248373270E-1,2.625395035E0
2.981288410E1,2.492197037E0,-6.005954742E-2,7.648760080E-1,2.607621239E0
2.981790973E1,2.642542124E0,-1.472368240E-1,7.398656011E-1,2.748110017E0
2.982293535E1,2.989353657E0,-1.869573593E-1,6.354473233E-1,3.061859180E0
2.982796098E1,3.522460461E0,-1.744070053E-1,4.859809279E-1,3.560101538E0
2.983298660E1,4.087283134E0,-1.476345062E-1,2.685693502E-1,4.098756990E0
2.983801223E1,4.600810528E0,-1.158151627E-1,-6.781446934E-2,4.602767588E0
2.984303785E1,5.056705475E0,-4.980182648E-2,-4.638921618E-1,5.078183378E0
2.984806348E1,5.367503166E0,7.473945618E-2,-8.603707552E-1,5.436535115E0
2.985308910E1,5.393744469E0,2.055196762E-1,-1.198053718E0,5.529018940E0
2.985811473E1,5.087931156E0,2.853164673E-1,-1.375393748E0,5.278272151E0
2.986314035E1,4.475577831E0,3.284349442E-1,-1.310603619E0,4.675077356E0
2.986816598E1,3.701855659E0,3.299074173E-1,-1.085462332E0,3.871795798E0
2.987319160E1,2.869061470E0,3.228673935E-1,-6.773208380E-1,2.965555697E0
2.987821723E1,2.117375612E0,3.069324493E-1,-2.169871926E-1,2.150481447E0
2.988324285E1,1.404769778E0,2.721805573E-1,2.028898597E-1,1.445207487E0
2.988826848E1,7.560633421E-1,2.327051163E-1,4.950388074E-1,9.331917644E-1
2.989329410E1,3.293628693E-1,2.074670792E-1,7.110663652E-1,8.106404039E-1
2.989831973E1,-1.422286034E-2,2.202949524E-1,9.078449011E-1,9.342989459E-1
2.990334535E1,-2.893190384E-1,2.280387878E-1,1.113114953E0,1.172489699E0
2.990837098E1,-5.533850193E-1,2.402124405E-1,1.254442096E0,1.391963350E0
2.991339660E1,-8.588428497E-1,2.184810638E-1,1.383963346E0,1.643380528E0
2.991842223E1,-1.119230866E0,1.771736145E-1,1.515760541E0,1.892511094E0
2.992344785E1,-1.305760860E0,1.545410156E-1,1.654379725E0,2.113259716E0
2.992847348E1,-1.466190457E0,1.361722946E-1,1.737368345E0,2.277434108E0
2.993349910E1,-1.576480269E0,1.268024445E-1,1.774094462E0,2.376716235E0
2.993852473E1,-1.584152937E0,1.551008224E-1,1.754803658E0,2.369162863E0
2.994355035E1,-1.542048454E0,2.305889130E-1,1.698626280E0,2.305735440E0
2.994857598E1,-1.536447167E0,2.623577118E-1,1.663071394E0,2.279321813E0
2.995360160E1,-1.529169798E0,3.078594208E-1,1.619460821E0,2.248508627E0
2.995862723E1,-1.501343727E0,3.719053268E-1,1.568093777E0,2.202558660E0
2.996365285E1,-1.452996373E0,4.162168503E-1,1.456610084E0,2.099082624E0
2.996867848E1,-1.417849541E0,4.408769608E-1,1.290344596E0,1.967144883E0
2.997370410E1,-1.367397666E0,4.794378281E-1,1.093648434E0,1.815407366E0
2.997872973E1,-1.316077948E0,4.793109894E-1,8.669573069E-1,1.647244718E0
2.998375535E1,-1.287871718E0,4.788322449E-1,7.062584162E-1,1.544893146E0
2.998878098E1,-1.273147225E0,4.684696198E-1,6.023844481E-1,1.484329702E0
2.999380660E1,-1.228697658E0,4.434528351E-1,4.933792353E-1,1.396342157E0
2.999883223E1,-1.135257125E0,4.085721970E-1,3.555328846E-1,1.257832903E0
3.000385785E1,-1.045648217E0,3.447551727E-1,2.274070978E-1,1.124255448E0
3.000888348E1,-9.120249748E-1,3.046598434E-1,1.091772318E-1,9.677431699E-1
3.001390910E1,-7.587987185E-1,2.787837982E-1,-3.787159920E-3,8.083998045E-1
3.001893473E1,-6.291966438E-1,2.432270050E-1,-8.754634857E-2,6.802294875E-1
3.002396035E1,-4.755309820E-1,2.219400406E-1,-1.517115831E-1,5.462632158E-1
3.002898598E1,-2.692297697E-1,2.101268768E-1,-1.677085161E-1,3.804788031E-1
3.003401160E1,-2.025580406E-2,1.934633255E-1,-1.836022139E-1,2.674848198E-1
3.003903723E1,2.279552221E-1,1.672172546E-1,-1.899553537E-1,3.405998091E-1
3.004406285E1,4.559584856E-1,1.266469955E-1,-1.487205029E-1,4.960397061E-1
3.004908848E1,7.020663619E-1,7.652950287E-2,-1.318445206E-1,7.184266970E-1
3.005411410E1,9.469268322E-1,5.995655060E-2,-1.297136545E-1,9.576486024E-1
3.005913973E1,1.176172733E0,5.295848846E-2,-1.807218790E-1,1.191153767E0
3.006416535E1,1.384985447E0,6.510734558E-2,-2.990940809E-1,1.418407883E0
3.006919098E1,1.639957428E0,1.251745224E-1,-4.271854162E-1,1.699298798E0
3.007421660E1,1.888039112E0,1.757812500E-1,-4.598008394E-1,1.951155439E0
3.007924223E1,2.105052233E0,2.457199097E-1,-5.020848513E-1,2.178006514E0
3.008426785E1,2.233384848E0,2.776670456E-1,-5.394674540E-1,2.314331869E0
3.008929348E1,2.292420387E0,2.860383987E-1,-5.669202805E-1,2.378740802E0
3.009431910E1,2.258333206E0,2.517738342E-1,-6.464340091E-1,2.362485103E0
3.009934473E1,2.164968729E0,2.323417664E-1,-7.249520421E-1,2.294913453E0
3.010437035E1,2.031847239E0,2.085742950E-1,-7.783766389E-1,2.185812579E0
3.010939598E1,1.892639399E0,1.948280334E-1,-8.209698796E-1,2.072204961E0
3.011442160E1,1.718721628E0,1.862831116E-1,-8.528590798E-1,1.927712127E0
3.011944723E1,1.534184933E0,1.924400330E-1,-8.838118911E-1,1.780977269E0
3.012447285E1,1.305554032E0,1.989183426E-1,-9.187404513E-1,1.608764699E0
3.012949848E1,1.037741303E0,2.104234695E-1,-9.579766393E-1,1.427902059E0
3.013452410E1,8.121377230E-1,2.316713333E-1,-1.025689602E0,1.328637816E0
3.013954973E1,5.952403545E-1,2.291135788E-1,-1.160371542E0,1.324109598E0
3.014457535E1,5.479378700E-1,-1.690864563E-2,-1.926280737E0,2.002767907E0
3.014960098E1,-1.075507402E-1,-1.230888367E-1,-2.012674570E0,2.019301104E0
3.015462660E1,-9.037195444E-1,-4.253673553E-2,-1.445391655E0,1.705190730E0
3.015965223E1,-1.311246276E0,7.555580139E-2,-1.067609787E0,1.692591543E0
3.016467785E1,-1.301204562E0,1.401014328E-1,-1.022736788E0,1.660949205E0
3.016970348E1,-1.091157436E0,9.410572052E-2,-1.276728153E0,1.682116291E0
3.017472910E1,-1.028044224E0,8.159351349E-2,-1.427272916E0,1.760863539E0
3.017975473E1,-9.917910099E-1,5.949878693E-2,-1.440499306E0,1.749922216E0
3.018478035E1,-7.619476318E-1,-1.585760117E-1,-1.774719596E0,1.937870014E0
3.018980598E1,-6.646720171E-1,-3.425226212E-1,-2.141615629E0,2.268397703E0
3.019483160E1,-9.005960226E-1,-3.632650375E-1,-2.211013079E0,2.414873396E0
3.019985723E1,-1.233190894E0,-2.404804230E-1,-2.122180462E0,2.466219886E0
3.020488285E1,-1.430902481E0,-3.684902191E-2,-2.186337709E0,2.613218770E0
3.020990848E1,-1.502522588E0,1.757497787E-1,-2.445996523E0,2.875997410E0
3.021493410E1,-1.505398989E0,3.448238373E-1,-2.819053888E0,3.214373099E0
3.021995973E1,-1.568773389E0,4.562463760E-1,-3.166151524E0,3.562825588E0
3.022498535E1,-1.577694893E0,5.053701401E-1,-3.496706247E0,3.869298998E0
3.023001098E1,-1.570876241E0,4.971437454E-1,-3.767670631E0,4.112194798E0
3.023503655E1,-1.477018237E0,4.603977203E-1,-3.835711956E0,4.135968465E0
3.024006212E1,-1.435383916E0,4.190616608E-1,-3.811462164E0,4.094286689E0
3.024508770E1,-1.589428425E0,3.826913834E-1,-3.809949875E0,4.145895978E0
3.025011327E1,-1.857566595E0,3.321113586E-1,-3.883929014E0,4.318073204E0
3.025513884E1,-2.125068903E0,2.864351273E-1,-3.870964766E0,4.425192780E0
3.026016442E1,-2.497058868E0,2.215776443E-1,-3.599625111E0,4.386536285E0
3.026518999E1,-3.081906796E0,2.040300369E-1,-3.104914188E0,4.379528499E0
3.027021556E1,-3.861837626E0,2.186517715E-1,-2.292915821E0,4.496561064E0
3.027524114E1,-4.491400719E0,3.001499176E-2,-1.041236162E0,4.610613198E0
3.028026671E1,-4.208923340E0,-2.766075134E-1,-5.519957542E-1,4.253968348E0
3.028529186E1,-2.811152935E0,-1.363315582E-1,-1.497118235E0,3.187872351E0
3.029031744E1,-2.414040565E-1,-3.849630356E-1,-2.379928112E0,2.422917720E0
3.029534301E1,1.458491325E0,-2.259206772E-1,-3.666716099E0,3.952599657E0
3.030036858E1,1.836660504E0,6.443691254E-2,-4.045156002E0,4.443057619E0
3.030539416E1,1.137624264E0,-1.685562134E-1,-4.480810165E0,4.626041494E0
3.031041973E1,-1.990754604E-1,-8.372383118E-1,-4.840185165E0,4.916095144E0
3.031544530E1,-1.703670859E0,-1.787335396E0,-4.788925171E0,5.388029928E0
3.032047087E1,-3.293647289E0,-2.755191803E0,-4.381557941E0,6.134920075E0
3.032549645E1,-4.953053951E0,-3.760038376E0,-3.687847376E0,7.229858249E0
3.033052202E1,-6.384364128E0,-4.998445511E0,-2.769215584E0,8.568145528E0
3.033554759E1,-7.325143814E0,-6.284505844E0,-1.726483107E0,9.804768713E0
3.034057317E1,-7.678595543E0,-7.470964432E0,-8.526868820E-1,1.074724216E1
3.034559874E1,-7.547440529E0,-8.401179314E0,-2.597224712E-1,1.129650956E1
3.035062431E1,-7.159929276E0,-9.023886681E0,1.267223358E-1,1.152003371E1
3.035564988E1,-6.352866650E0,-9.177827835E0,4.040622711E-1,1.116936456E1
3.036067546E1,-5.265042305E0,-8.907325745E0,5.259212255E-1,1.036039167E1
3.036570103E1,-3.591295958E0,-8.648470879E0,8.853431940E-1,9.406236642E0
3.037072660E1,-1.878724456E0,-8.482559204E0,1.352750421E0,8.792801029E0
3.037575218E1,-8.341301680E-1,-7.988556862E0,1.856183767E0,8.243678308E0
3.038077775E1,-3.042981625E-1,-7.415613174E0,2.295854092E0,7.768839175E0
3.038580332E1,8.129358292E-2,-6.797344208E0,2.459148884E0,7.228963284E0
3.039082889E1,6.924756169E-1,-6.018786430E0,2.317440510E0,6.486589481E0
3.039585452E1,1.309659004E0,-5.031836510E0,2.044594288E0,5.587034202E0
3.040088014E1,1.689646363E0,-3.903276443E0,1.685856581E0,4.575214119E0
3.040590577E1,1.906235933E0,-2.724018097E0,1.358086944E0,3.591435670E0
3.041093139E1,2.129199266E0,-1.637671471E0,1.383179188E0,3.021364266E0
3.041595702E1,2.389247417E0,-6.538887024E-1,1.612742186E0,2.955843537E0
3.042098264E1,2.601949930E0,3.994398117E-1,1.797867298E0,3.187792720E0
3.042600827E1,2.754483700E0,1.416879654E0,1.876728892E0,3.621717789E0
3.043103389E1,2.852842569E0,2.288408279E0,1.907389879E0,4.124761730E0
3.043605952E1,3.017457247E0,3.028510571E0,1.962043047E0,4.703885355E0
3.044108514E1,3.234423637E0,3.713843822E0,1.930953026E0,5.289868788E0
3.044611077E1,3.436713457E0,4.382780075E0,1.804925442E0,5.854700370E0
3.045113639E1,3.571555614E0,5.011486530E0,1.751677871E0,6.398389025E0
3.045616202E1,3.720082283E0,5.623975277E0,1.780810595E0,6.974195042E0
3.046118764E1,3.814811230E0,6.244220734E0,1.968189359E0,7.577390490E0
3.046621327E1,3.859965324E0,6.838706017E0,1.991338015E0,8.101398606E0
3.047123889E1,3.725450516E0,7.144569397E0,1.692209244E0,8.233311942E0
3.047626452E1,3.468649387E0,6.980582237E0,1.049113750E0,7.865157125E0
3.048129014E1,3.252274513E0,6.376263618E0,2.670547962E-1,7.162774986E0
3.048631577E1,3.215069771E0,5.480672359E0,-4.057028294E-1,6.367027401E0
3.049134139E1,3.265770912E0,4.480977535E0,-8.697112799E-1,5.612558867E0
3.049636702E1,3.293982506E0,3.544940472E0,-1.055151343E0,4.952804060E0
3.050139264E1,3.309101105E0,2.629530430E0,-9.366645813E-1,4.329194029E0
3.050641827E1,3.396987200E0,1.696462154E0,-7.240501642E-1,3.865456573E0
3.051144389E1,3.704611778E0,7.219505310E-1,-3.883035779E-1,3.794224646E0
3.051646952E1,4.096080303E0,-2.794589996E-1,-1.615852118E-3,4.105602732E0
3.052149514E1,4.507241249E0,-1.183254242E0,5.209590197E-1,4.688999102E0
3.052652077E1,4.917082787E0,-2.032479286E0,1.215830088E0,5.457739274E0
3.053154639E1,5.352642536E0,-2.822308540E0,1.903629541E0,6.343501639E0
3.053657202E1,5.678334236E0,-3.433086395E0,2.720686197E0,7.171589453E0
3.054159764E1,5.831344604E0,-3.879344940E0,3.596299410E0,7.873199255E0
3.054662327E1,5.587434769E0,-4.065724373E0,4.689022541E0,8.350836746E0
3.055164889E1,4.982314587E0,-4.031079292E0,5.812901497E0,8.652333946E0
3.055667452E1,4.181804180E0,-3.776071548E0,6.692184448E0,8.748230406E0
3.056170014E1,3.313462973E0,-3.277428627E0,7.066544533E0,8.465023739E0
3.056672577E1,2.480832338E0,-2.593213081E0,7.097939014E0,7.953616877E0
3.057175139E1,1.915482163E0,-1.809933662E0,6.949019909E0,7.431945201E0
3.057677702E1,1.599047065E0,-1.013850212E0,6.625106812E0,6.890347163E0
3.058180264E1,1.526577234E0,-2.288322449E-1,6.098741531E0,6.291061160E0
3.058682827E1,1.573108673E0,4.543581009E-1,5.481381416E0,5.720721494E0
3.059185389E1,1.704295635E0,1.016862869E0,4.879361153E0,5.267523039E0
3.059687952E1,1.885676265E0,1.473315239E0,4.212566853E0,4.844806731E0
3.060190514E1,2.111288071E0,1.838378429E0,3.582410336E0,4.546519150E0
3.060693077E1,2.294003487E0,2.059699059E0,3.037750959E0,4.328133905E0
3.061195639E1,2.380391121E0,2.161476135E0,2.593976259E0,4.131216988E0
3.061698202E1,2.412763357E0,2.115290642E0,2.237344265E0,3.911724796E0
3.062200764E1,2.385550976E0,1.926261425E0,1.963040113E0,3.640722871E0
3.062703327E1,2.231469870E0,1.542030811E0,1.674927592E0,3.187898876E0
3.063205889E1,1.945866942E0,1.005846024E0,1.377597690E0,2.587643672E0
3.063708452E1,1.553523779E0,4.181079865E-1,1.042791128E0,1.917202065E0
3.064211014E1,1.184857488E0,-1.114702225E-1,6.288779378E-1,1.346031328E0
3.064713577E1,9.460474253E-1,-5.306386948E-1,1.327813119E-1,1.092801003E0
3.065216139E1,8.137104511E-1,-8.492918015E-1,-4.673903584E-1,1.265652010E0
3.065718702E1,7.784795761E-1,-1.072412491E0,-1.140844584E0,1.748606692E0
3.066221264E1,8.592184782E-1,-1.209624290E0,-1.837450504E0,2.361709481E0
3.066723827E1,9.788830280E-1,-1.236984253E0,-2.483587742E0,2.942201573E0
3.067226389E1,1.112932444E0,-1.173563957E0,-3.010732412E0,3.417657187E0
3.067728952E1,1.198540688E0,-1.071887970E0,-3.327215910E0,3.695376748E0
3.068231514E1,1.216192722E0,-9.031791687E-1,-3.394898176E0,3.717551745E0
3.068734077E1,1.165671706E0,-7.152729034E-1,-3.171682358E0,3.453979564E0
3.069236639E1,1.023300648E0,-5.273761749E-1,-2.798022985E0,3.025591260E0
3.069739202E1,8.851405382E-1,-3.300161362E-1,-2.366654873E0,2.548222853E0
3.070241764E1,7.945713997E-1,-1.376495361E-1,-1.984532475E0,2.142115835E0
3.070744327E1,8.185707331E-1,7.360553741E-2,-1.523774147E0,1.731289540E0
3.071246889E1,8.372963667E-1,2.894020081E-1,-9.665051103E-1,1.311087661E0
3.071749452E1,7.979862690E-1,4.619436264E-1,-4.428774416E-1,1.022895121E0
3.072252014E1,7.053163052E-1,5.913286209E-1,-6.819076836E-2,9.229250290E-1
3.072754577E1,5.642033815E-1,7.302083969E-1,1.336224675E-1,9.324080236E-1
3.073257139E1,3.746803999E-1,8.785772324E-1,2.296758443E-1,9.823616181E-1
3.073759702E1,1.513849497E-1,1.007681847E0,3.109564483E-1,1.065379754E0
3.074262264E1,-4.842305183E-2,1.136709213E0,3.728884161E-1,1.197287935E0
3.074764827E1,-1.961473227E-1,1.246535301E0,4.444917440E-1,1.337870300E0
3.075267389E1,-3.255463839E-1,1.332434654E0,5.929379463E-1,1.494301832E0
3.075769952E1,-4.747632742E-1,1.375267982E0,8.709673882E-1,1.695684635E0
3.076272514E1,-6.243536472E-1,1.398937225E0,1.311788797E0,2.016837298E0
3.076775077E1,-7.545998096E-1,1.427262306E0,1.843272328E0,2.450337005E0
3.077277639E1,-9.221186638E-1,1.412273407E0,2.402553797E0,2.935486970E0
3.077780202E1,-1.102344155E0,1.373067856E0,2.898016930E0,3.391014612E0
3.078282764E1,-1.284978986E0,1.333501816E0,3.381359577E0,3.855254943E0
3.078785327E1,-1.493267298E0,1.260010719E0,3.765942097E0,4.242616423E0
3.079287889E1,-1.717053056E0,1.157346725E0,4.056181431E0,4.554155294E0
3.079790452E1,-1.898572087E0,1.054202080E0,4.266166687E0,4.787075955E0
3.080293014E1,-2.052031279E0,9.744653702E-1,4.343161106E0,4.901373636E0
3.080795577E1,-2.105655909E0,9.754858017E-1,4.215492249E0,4.812040550E0
3.081298139E1,-2.040684938E0,9.998140335E-1,3.940700293E0,4.548971523E0
3.081800702E1,-1.872236371E0,1.071448326E0,3.581061602E0,4.180582823E0
3.082303264E1,-1.687453270E0,1.166603088E0,3.169909000E0,3.775815723E0
3.082805827E1,-1.525598526E0,1.290246964E0,2.735347748E0,3.387375886E0
3.083308389E1,-1.421017408E0,1.423421860E0,2.309994221E0,3.062922390E0
3.083810952E1,-1.441755533E0,1.523352146E0,1.835203290E0,2.786975403E0
3.084313514E1,-1.597862959E0,1.580662251E0,1.199707985E0,2.547735943E0
3.084816077E1,-2.037612677E0,1.542797565E0,1.254650354E-1,2.558873038E0
3.085318639E1,-2.678624630E0,1.433515549E0,-1.257458210E0,3.288038608E0
3.085821202E1,-3.251028776E0,1.285801888E0,-2.468436718E0,4.279679244E0
3.086323764E1,-3.499871254E0,1.185270309E0,-3.251804352E0,4.922214547E0
3.086826327E1,-3.434018850E0,1.160177231E0,-3.562528133E0,5.082332474E0
3.087328889E1,-3.168478012E0,1.162492752E0,-3.533291340E0,4.886183583E0
3.087831452E1,-2.761072397E0,1.134802818E0,-3.306879520E0,4.454969179E0
3.088334014E1,-2.217142344E0,1.077219963E0,-2.969246149E0,3.859086124E0
3.088836577E1,-1.604601383E0,9.756212234E-1,-2.611300230E0,3.216437666E0
3.089339139E1,-9.437115192E-1,8.542375565E-1,-2.209057808E0,2.549558713E0
3.089841702E1,-2.929313183E-1,7.038078308E-1,-1.848332644E0,1.999371847E0
3.090344264E1,3.704929352E-1,5.056037903E-1,-1.676432848E0,1.789784149E0
3.090846827E1,1.040719628E0,3.174619675E-1,-1.643691301E0,1.971192669E0
3.091349389E1,1.583094954E0,1.827468872E-1,-1.614748359E0,2.268699698E0
3.091851952E1,1.959043503E0,1.016683578E-1,-1.502521753E0,2.470983513E0
3.092354514E1,2.163737059E0,8.391761780E-2,-1.392651796E0,2.574544475E0
3.092857072E1,2.264173508E0,1.152076721E-1,-1.323278666E0,2.625037315E0
3.093359629E1,2.255503178E0,2.146959305E-1,-1.189911246E0,2.559155662E0
3.093862186E1,2.128148556E0,3.536291122E-1,-1.003492355E0,2.379299630E0
3.094364744E1,1.853316307E0,5.272064209E-1,-7.463827133E-1,2.066353092E0
3.094867301E1,1.445489049E0,7.257871628E-1,-4.486741424E-1,1.678545228E0
3.095369858E1,9.050869942E-1,9.492063522E-1,-1.262036562E-1,1.317612435E0
3.095872416E1,2.326016426E-1,1.178160667E0,2.054585814E-1,1.218351062E0
3.096374973E1,-5.232686996E-1,1.398047924E0,5.740630031E-1,1.599342509E0
3.096877530E1,-1.304132223E0,1.584681034E0,9.071987867E-1,2.243877108E0
3.097380087E1,-2.166225195E0,1.732983112E0,1.190139532E0,3.018641113E0
3.097882645E1,-2.978936911E0,1.871287346E0,1.417827368E0,3.792890177E0
3.098385202E1,-3.650399685E0,1.965814590E0,1.451389551E0,4.392764106E0
3.098887759E1,-4.165599346E0,2.040279388E0,1.262159228E0,4.807078511E0
3.099390317E1,-4.576829910E0,2.094548225E0,8.550608158E-1,5.105451331E0
3.099892874E1,-4.812478065E0,2.133409500E0,2.447432280E-1,5.269846343E0
3.100395431E1,-4.916375160E0,2.137884140E0,-4.731062353E-1,5.381925568E0
3.100897988E1,-4.832391262E0,2.127435684E0,-1.231295705E0,5.421630475E0
3.101400546E1,-4.342233658E0,2.107270241E0,-1.847921252E0,5.168209938E0
3.101903103E1,-3.572596073E0,2.077951431E0,-2.150324106E0,4.658885984E0
3.102405660E1,-2.931277752E0,1.996754646E0,-2.052178860E0,4.097664756E0
3.102908218E1,-2.556428194E0,1.873207092E0,-1.740222692E0,3.615605750E0
3.103410775E1,-2.217005491E0,1.812229156E0,-1.396472216E0,3.185815832E0
3.103913332E1,-1.783190489E0,1.861409187E0,-1.116012573E0,2.808931567E0
3.104415889E1,-1.250316620E0,1.991954803E0,-9.603158236E-1,2.540350777E0
3.104918447E1,-6.809558868E-1,2.146476746E0,-8.476176262E-1,2.406141928E0
3.105421004E1,-1.380534172E-1,2.277387142E0,-6.959060431E-1,2.385337746E0
3.105923561E1,3.396718502E-1,2.351515293E0,-5.085164309E-1,2.429730458E0
3.106426119E1,7.616804838E-1,2.263906956E0,-2.650184631E-1,2.403261669E0
3.106928676E1,1.151794314E0,1.861904144E0,-1.687735319E-2,2.189429613E0
3.107431233E1,1.433626771E0,9.929351807E-1,1.172356606E-1,1.747841581E0
3.107933791E1,1.473907471E0,-4.190292358E-1,2.047941685E-1,1.545939644E0
3.108436348E1,1.264829874E0,-2.383379936E0,4.121727943E-1,2.729501959E0
3.108938910E1,9.374854565E-1,-4.665675163E0,5.273962021E-1,4.788063331E0
3.109441473E1,4.881982803E-1,-7.246719360E0,2.484979630E-1,7.267395014E0
3.109944035E1,-8.684873581E-2,-1.054237080E1,-3.326369524E-1,1.054797478E1
3.110446598E1,-5.952708721E-1,-1.477183151E1,-1.089805841E0,1.482393438E1
3.110949160E1,-8.067615032E-1,-1.927886963E1,-1.777724266E0,1.937746067E1
3.111451723E1,-5.255885124E-1,-2.305414200E1,-2.378025293E0,2.318242245E1
3.111954285E1,9.468650818E-2,-2.488416290E1,-2.989675760E0,2.506329368E1
3.112456848E1,7.154240608E-1,-2.320356750E1,-3.054122925E0,2.341463310E1
3.112959410E1,1.663672447E0,-1.761121368E1,-2.454243183E0,1.785905829E1
3.113461973E1,3.047769070E0,-1.086654282E1,-1.930256128E0,1.144973964E1
3.113964535E1,4.566380501E0,-5.332336426E0,-1.481460214E0,7.174982021E0
3.114467098E1,5.851127148E0,-1.158732414E0,-1.292352438E0,6.103156931E0
3.114969660E1,6.779199600E0,1.934438705E0,-1.250472188E0,7.159838058E0
3.115472223E1,7.516188622E0,4.346233845E0,-1.257607937E0,8.772936666E0
3.115974785E1,7.941488266E0,6.054119110E0,-1.335108995E0,1.007482556E1
3.116477348E1,7.764118195E0,7.059081078E0,-1.298454523E0,1.057346401E1
3.116979910E1,7.383438110E0,7.658261776E0,-1.236198902E0,1.070945001E1
3.117482473E1,7.088400841E0,8.009737968E0,-1.270374775E0,1.077103435E1
3.117985035E1,6.798636436E0,8.104264259E0,-1.116080761E0,1.063701992E1
3.118487598E1,6.395643711E0,8.104724884E0,-6.950232983E-1,1.034765100E1
3.118990160E1,5.942341805E0,8.082936287E0,-1.596552730E-1,1.003348269E1
3.119492723E1,5.653946877E0,8.024596214E0,4.373471737E-1,9.826114809E0
3.119995285E1,5.275944710E0,7.862954140E0,8.997449875E-1,9.511634004E0
3.120497848E1,4.702652454E0,7.516883373E0,1.098484516E0,8.934491815E0
3.121000410E1,4.140071869E0,7.168194771E0,1.119954586E0,8.353293340E0
3.121502973E1,3.526383877E0,6.634899139E0,1.078956842E0,7.590877268E0
3.122005535E1,2.938697815E0,6.065167427E0,1.142760396E0,6.835795644E0
3.122508098E1,2.009576082E0,5.152554512E0,1.396853447E0,5.704245225E0
3.123010660E1,8.512151241E-1,3.786818027E0,1.844381690E0,4.297243509E0
3.123513223E1,-1.899720430E-1,2.030014992E0,2.482785225E0,3.212673764E0
3.124015785E1,-1.032042742E0,-2.327175140E-1,3.689469099E0,3.838157357E0
3.124518348E1,-1.810113430E0,-3.130467415E0,5.489290237E0,6.573328242E0
3.125020910E1,-2.807440996E0,-5.916813850E0,6.361523628E0,9.130136579E0
3.125523473E1,-3.846706390E0,-8.027734756E0,5.904901981E0,1.068220683E1
3.126026035E1,-4.741174221E0,-9.282284737E0,4.659142494E0,1.141696771E1
3.126528598E1,-5.500132084E0,-9.542772293E0,3.162258148E0,1.145931205E1
3.127031160E1,-6.170693398E0,-8.843851089E0,1.900038242E0,1.094994541E1
3.127533723E1,-6.689314842E0,-7.449660301E0,9.269854426E-1,1.005503226E1
3.128036285E1,-6.877684116E0,-5.662169456E0,-1.387957335E-1,8.909655774E0
3.128538848E1,-6.715941429E0,-3.706345558E0,-1.254681826E0,7.772714658E0
3.129041410E1,-6.366710186E0,-1.787615776E0,-2.278665543E0,6.994489646E0
3.129543973E1,-5.940369606E0,-1.350402832E-1,-3.160993099E0,6.730386639E0
3.130046535E1,-5.580340862E0,1.132486343E0,-3.828874826E0,6.861706194E0
3.130549098E1,-5.261920929E0,2.049124718E0,-4.186161041E0,7.029272241E0
3.131051660E1,-4.931654453E0,2.668044567E0,-4.237567425E0,7.028275403E0
3.131554223E1,-4.488707542E0,3.032753944E0,-4.136440754E0,6.815881014E0
3.132056785E1,-3.985748291E0,3.196222305E0,-3.993223190E0,6.484431965E0
3.132559348E1,-3.447111368E0,3.211330414E0,-3.798915386E0,6.052022631E0
3.133061910E1,-2.806768894E0,3.078251839E0,-3.573680639E0,5.488604497E0
3.133564473E1,-2.323910236E0,2.687022686E0,-3.276184082E0,4.832600940E0
3.134067035E1,-1.974852681E0,2.138204575E0,-3.156626225E0,4.293745572E0
3.134569598E1,-1.597147942E0,1.541757107E0,-3.082404137E0,3.798567070E0
3.135072160E1,-1.086393476E0,9.693593979E-1,-3.006790876E0,3.340763356E0
3.135574723E1,-5.016520023E-1,4.209957123E-1,-2.902260303E0,2.975232258E0
3.136077285E1,1.550608873E-1,-3.629493713E-2,-2.769934654E0,2.774508820E0
3.136579848E1,8.671671748E-1,-4.406471252E-1,-2.610618591E0,2.785942969E0
3.137082410E1,1.508132219E0,-7.583913803E-1,-2.300879478E0,2.853711031E0
3.137584973E1,2.019215107E0,-9.990215302E-1,-1.922997952E0,2.961957931E0
3.138087535E1,2.223012209E0,-1.148094177E0,-1.644228458E0,2.993892240E0
3.138590098E1,2.278560162E0,-1.200920105E0,-1.387034297E0,2.925390512E0
3.139092660E1,2.258889198E0,-1.167222023E0,-1.040476799E0,2.747285866E0
3.139595223E1,2.141310930E0,-1.051980019E0,-6.852917075E-1,2.482236730E0
3.140097785E1,2.109010696E0,-8.744945526E-1,-4.638642073E-1,2.329771844E0
3.140600348E1,2.181908846E0,-6.491346359E-1,-3.507319689E-1,2.303283504E0
3.141102910E1,2.226494789E0,-4.045009613E-1,-2.915863991E-1,2.281649119E0
3.141605473E1,2.324249268E0,-1.643428802E-1,-2.372401953E-1,2.342098664E0
3.142108035E1,2.441102982E0,3.335952759E-2,-1.244457960E-1,2.444500640E0
3.142610598E1,2.442439795E0,1.745147705E-1,9.499037266E-2,2.450508259E0
3.143113160E1,2.170315027E0,2.161531448E-1,4.589611292E-1,2.228819153E0
3.143615723E1,1.778051615E0,1.821966171E-1,8.661730289E-1,1.986181983E0
3.144118285E1,1.352319837E0,1.585083008E-1,1.205299139E0,1.818416849E0
3.144620848E1,9.557145238E-1,1.495265961E-1,1.436654210E0,1.731971066E0
3.145123410E1,6.554191113E-1,1.119155884E-1,1.444225430E0,1.589932830E0
3.145625973E1,3.699529171E-1,8.381080627E-2,1.365873337E0,1.417568123E0
3.146128535E1,1.473042965E-1,1.271858215E-1,1.358504772E0,1.372373858E0
3.146631098E1,4.489541054E-2,1.987762451E-1,1.411624789E0,1.426258090E0
3.147133660E1,6.264054775E-2,3.318824768E-1,1.461977720E0,1.500482813E0
3.147636223E1,1.474863291E-1,4.785890579E-1,1.484936476E0,1.567110730E0
3.148138785E1,2.463805676E-1,5.958127975E-1,1.450921655E0,1.587724763E0
3.148641348E1,2.827095985E-1,6.644496918E-1,1.302243710E0,1.489045597E0
3.149143910E1,3.375594616E-1,7.180976868E-1,1.172800541E0,1.416005574E0
3.149646473E1,4.633129835E-1,7.472429276E-1,1.081539631E0,1.393828858E0
3.150149035E1,5.542247295E-1,7.711601257E-1,1.081094265E0,1.438964141E0
3.150651598E1,6.435917616E-1,7.755413055E-1,1.128193974E0,1.512777682E0
3.151154160E1,7.456563711E-1,7.748231888E-1,1.165783167E0,1.586002771E0
3.151656723E1,8.841400146E-1,7.690896988E-1,1.189474583E0,1.669746182E0
3.152159285E1,1.011004090E0,7.967052460E-1,1.228578210E0,1.779402410E0
3.152661848E1,1.126283169E0,8.242139816E-1,1.245432615E0,1.870546675E0
3.153164410E1,1.268369198E0,8.564338684E-1,1.254995942E0,1.979205449E0
3.153666973E1,1.451765895E0,9.173059464E-1,1.339247584E0,2.177764566E0
3.154169535E1,1.647747517E0,9.207963943E-1,1.393583775E0,2.346276543E0
3.154672098E1,1.851656914E0,8.766059875E-1,1.447416782E0,2.508403222E0
3.155174660E1,2.030111313E0,8.087530136E-1,1.477309108E0,2.637778531E0
3.155677223E1,2.187921762E0,7.173023224E-1,1.445254683E0,2.718507929E0
3.156179785E1,2.310673952E0,6.166744232E-1,1.404057860E0,2.773243576E0
3.156682348E1,2.388995886E0,5.211935043E-1,1.339374065E0,2.787986173E0
3.157184910E1,2.465931892E0,4.356594086E-1,1.313460350E0,2.827684089E0
3.157687473E1,2.541381598E0,3.361701965E-1,1.307121277E0,2.877533120E0
3.158190035E1,2.562793732E0,2.752857208E-1,1.272230506E0,2.874415488E0
3.158692598E1,2.449117899E0,2.050809860E-1,1.242246032E0,2.753799538E0
3.159195160E1,2.296508551E0,1.684989929E-1,1.126127481E0,2.563299931E0
3.159697723E1,2.171966314E0,1.941862106E-1,9.478774071E-1,2.377733697E0
3.160200280E1,2.022589922E0,2.486286163E-1,7.792408466E-1,2.181720073E0
3.160702837E1,1.833840489E0,2.887582779E-1,6.152589321E-1,1.955734092E0
3.161205395E1,1.600899100E0,2.906274796E-1,4.651788473E-1,1.692256961E0
3.161707952E1,1.304592609E0,2.542514801E-1,3.000861406E-1,1.362592156E0
3.162210509E1,1.012099981E0,1.987228394E-1,1.437286139E-1,1.041390923E0
3.162713067E1,7.999739647E-1,9.053993225E-2,5.538821220E-3,8.051003056E-1
3.163215624E1,5.964634418E-1,-3.279685974E-3,-1.095367670E-1,6.064467801E-1
3.163718181E1,3.299241066E-1,-1.114912033E-1,-1.872191429E-1,3.953874201E-1
3.164220738E1,1.345643997E-1,-1.815280914E-1,-2.801280022E-1,3.599051587E-1
3.164723296E1,-4.700028896E-2,-2.469034195E-1,-3.880412579E-1,4.623270958E-1
3.165225853E1,-2.433327436E-1,-2.980222702E-1,-4.962403774E-1,6.279192702E-1
3.165728410E1,-4.684399366E-1,-3.635940552E-1,-5.948400497E-1,8.399233870E-1
3.166230968E1,-6.598236561E-1,-3.910427094E-1,-6.933753490E-1,1.033949241E0
3.166733525E1,-8.029097319E-1,-3.995418549E-1,-7.964081764E-1,1.199401399E0
3.167236082E1,-9.169888496E-1,-4.082183838E-1,-8.847880363E-1,1.338043597E0
3.167738639E1,-1.045141101E0,-4.123573303E-1,-9.588143826E-1,1.477052304E0
3.168241197E1,-1.201750875E0,-4.502201080E-1,-1.047231197E0,1.656380539E0
3.168743754E1,-1.377224207E0,-4.883203506E-1,-1.150148869E0,1.859582131E0
3.169246311E1,-1.557024002E0,-5.123357773E-1,-1.253178358E0,2.063314733E0
3.169748869E1,-1.764904857E0,-5.748825073E-1,-1.375319958E0,2.310169699E0
3.170251426E1,-1.981464028E0,-6.567945480E-1,-1.492532253E0,2.566170552E0
3.170753983E1,-2.191922188E0,-7.484693527E-1,-1.638003111E0,2.836861548E0
3.171256541E1,-2.333871365E0,-8.020362854E-1,-1.797122478E0,3.052845714E0
3.171759098E1,-2.431159735E0,-8.365974426E-1,-1.940867662E0,3.221397247E0
3.172261655E1,-2.459837437E0,-8.568487167E-1,-2.083230495E0,3.335391916E0
3.172764212E1,-2.463067532E0,-9.010086060E-1,-2.214536905E0,3.432592588E0
3.173266770E1,-2.436193228E0,-9.259319305E-1,-2.310761690E0,3.483103066E0
3.173769327E1,-2.398682117E0,-9.363965988E-1,-2.386438847E0,3.510784080E0
3.174271884E1,-2.340934277E0,-9.658813477E-1,-2.455912113E0,3.527662735E0
3.174774442E1,-2.248975754E0,-1.004819870E0,-2.543414354E0,3.540693645E0
3.175276999E1,-2.142177105E0,-1.067516327E0,-2.629835844E0,3.555917663E0
3.175779561E1,-2.001726389E0,-1.101321220E0,-2.672275782E0,3.515803581E0
3.176282124E1,-1.856541872E0,-1.144467354E0,-2.694628954E0,3.466637917E0
3.176784686E1,-1.683028102E0,-1.201745033E0,-2.697156429E0,3.398739108E0
3.177287249E1,-1.495786071E0,-1.253949165E0,-2.694173813E0,3.326911032E0
3.177789811E1,-1.294921517E0,-1.315346718E0,-2.704596996E0,3.274416534E0
3.178292374E1,-1.109393477E0,-1.414492607E0,-2.704234362E0,3.247218303E0
3.178794936E1,-9.630645514E-1,-1.556006432E0,-2.735790491E0,3.291382530E0
3.179297499E1,-8.509209156E-1,-1.701422691E0,-2.779549599E0,3.368204500E0
3.179800061E1,-7.344372272E-1,-1.841069221E0,-2.753804684E0,3.392988971E0
3.180302624E1,-6.230045557E-1,-1.941397667E0,-2.687044859E0,3.373035673E0
3.180805186E1,-4.686071873E-1,-2.059729576E0,-2.631516457E0,3.374456621E0
3.181307749E1,-3.142789602E-1,-2.138559341E0,-2.610819101E0,3.389481332E0
3.181810311E1,-1.553969383E-1,-2.206452370E0,-2.667498112E0,3.465274368E0
3.182312874E1,4.113006592E-2,-2.310963631E0,-2.733794689E0,3.579927092E0
3.182815436E1,1.456233263E-1,-2.499516487E0,-2.751398087E0,3.720077990E0
3.183317999E1,5.280303955E-2,-2.800393105E0,-2.609410763E0,3.828056195E0
3.183820561E1,-3.414195776E-1,-3.294596672E0,-2.388308287E0,4.083497402E0
3.184323124E1,-8.487306833E-1,-3.953094482E0,-2.120529890E0,4.565517142E0
3.184825686E1,-1.352745771E0,-4.742288589E0,-1.829359055E0,5.259826683E0
3.185328249E1,-1.728226423E0,-5.533071518E0,-1.466775894E0,5.979387804E0
3.185830811E1,-1.970116019E0,-6.301993370E0,-1.043257475E0,6.684673793E0
3.186333374E1,-2.050430298E0,-7.011392593E0,-5.700809956E-1,7.327269808E0
3.186835936E1,-1.961070299E0,-7.504276276E0,-6.438159943E-2,7.756552335E0
3.187338499E1,-1.861739397E0,-7.676589012E0,4.126782417E-1,7.909892273E0
3.187841061E1,-1.834780097E0,-7.367017746E0,7.615990639E-1,7.630163931E0
3.188343624E1,-1.703506827E0,-6.552930832E0,9.459044933E-1,6.836488376E0
3.188846186E1,-1.320036769E0,-5.412201881E0,9.304499626E-1,5.648022965E0
3.189348749E1,-7.951359749E-1,-4.126827240E0,6.960849762E-1,4.259985749E0
3.189851311E1,-2.730413675E-1,-2.907003403E0,2.582809925E-1,2.931199318E0
3.190353874E1,1.599965096E-1,-1.843018532E0,-2.567429543E-1,1.867681219E0
3.190856436E1,4.993632436E-1,-9.007043839E-1,-7.800180912E-1,1.291921150E0
3.191358999E1,7.312851548E-1,-5.080318451E-2,-1.252235889E0,1.451018147E0
3.191861561E1,7.851531506E-1,7.501335144E-1,-1.662112713E0,1.985392765E0
3.192364124E1,8.393510580E-1,1.531020641E0,-1.950954199E0,2.618159027E0
3.192866686E1,9.140598774E-1,2.272844315E0,-2.184824944E0,3.282497033E0
3.193369249E1,1.014889717E0,3.018728256E0,-2.406158209E0,3.991530878E0
3.193871811E1,1.127912402E0,3.749533176E0,-2.676800251E0,4.743041747E0
3.194374374E1,1.176808596E0,4.427060604E0,-2.957974911E0,5.452830424E0
3.194876936E1,1.070948362E0,4.965366364E0,-3.253810883E0,6.032336096E0
3.195379499E1,8.919233084E-1,5.335994720E0,-3.520573378E0,6.454673017E0
3.195882061E1,6.730318666E-1,5.558348179E0,-3.752976418E0,6.740403427E0
3.196384624E1,4.994707108E-1,5.613499165E0,-3.726292610E0,6.756189790E0
3.196887186E1,4.226204753E-1,5.453820705E0,-3.407660007E0,6.444758729E0
3.197389749E1,3.602160811E-1,5.146506310E0,-2.898059845E0,5.917350225E0
3.197892311E1,2.498942018E-1,4.725163937E0,-2.259753704E0,5.243673154E0
3.198394874E1,1.158882380E-1,4.208969116E0,-1.540428281E0,4.483499793E0
3.198897436E1,-1.677095890E-2,3.588240147E0,-6.682663560E-1,3.649976512E0
3.199399999E1,-9.902691841E-2,2.920197010E0,3.995604515E-1,2.949068575E0
3.199902561E1,-2.251543999E-1,2.285820007E0,1.566810727E0,2.780389085E0
3.200405124E1,-3.174300194E-1,1.699058056E0,2.627297878E0,3.144877460E0
3.200907686E1,-2.129241228E-1,1.169135094E0,3.465734005E0,3.663813006E0
3.201410249E1,8.237862587E-2,6.910982132E-1,3.976402760E0,4.036852968E0
3.201912811E1,4.465869665E-1,1.836805344E-1,4.168600082E0,4.196475319E0
3.202415374E1,7.290794849E-1,-4.485521317E-1,4.261979103E0,4.347093487E0
3.202917936E1,9.134850502E-1,-1.119184494E0,4.513680458E0,4.739234131E0
3.203420499E1,1.070240378E0,-1.775431633E0,5.027045250E0,5.437716055E0
3.203923061E1,1.178988934E0,-2.364537239E0,5.627376080E0,6.216784764E0
3.204425624E1,1.186471939E0,-2.843380928E0,6.235503197E0,6.955144203E0
3.204928186E1,1.097692728E0,-3.149804115E0,6.753304005E0,7.532151769E0
3.205430749E1,9.084003568E-1,-3.183458328E0,7.149712563E0,7.878958552E0
3.205933311E1,6.773844361E-1,-2.949435234E0,7.384674549E0,7.980691453E0
3.206435874E1,5.256364942E-1,-2.476745605E0,7.461806297E0,7.879664697E0
3.206938436E1,3.873544931E-1,-1.851770401E0,7.456978321E0,7.693219274E0
3.207440999E1,3.307334185E-1,-1.184745789E0,7.308015347E0,7.410809368E0
3.207943561E1,2.466793060E-1,-4.949331284E-1,6.948799133E0,6.970768887E0
3.208446124E1,1.694647074E-1,1.649303436E-1,6.404824734E0,6.409188730E0
3.208948686E1,1.236325502E-1,7.182388306E-1,5.716525555E0,5.762795888E0
3.209451249E1,1.333270073E-1,1.160250664E0,4.915073395E0,5.051920840E0
3.209953811E1,2.032743692E-1,1.486277580E0,4.070096016E0,4.337744010E0
3.210456374E1,2.281001806E-1,1.768188000E0,3.227162838E0,3.686881945E0
3.210958936E1,2.651678324E-1,1.948661327E0,2.464907646E0,3.153310110E0
3.211461499E1,2.476265430E-1,2.037389278E0,1.789894462E0,2.723232667E0
3.211964061E1,2.376774549E-1,2.067995071E0,1.246227026E0,2.426144264E0
3.212466624E1,2.686368227E-1,2.002336979E0,8.296144009E-1,2.183982412E0
3.212969186E1,2.682552338E-1,1.740089893E0,5.948287845E-1,1.858411954E0
3.213471749E1,2.260670662E-1,1.305274963E0,2.721763253E-1,1.352379015E0
3.213974311E1,1.940550804E-1,7.840461731E-1,-3.138850629E-1,8.665504074E-1
3.214476874E1,2.151249647E-1,3.198890686E-1,-1.085639000E0,1.152050261E0
3.214979436E1,3.371663094E-1,-3.464698792E-2,-1.881576657E0,1.911860939E0
3.215481999E1,5.361167192E-1,-2.986831665E-1,-2.760087013E0,2.827492368E0
3.215984561E1,8.308932781E-1,-4.146633148E-1,-3.587941170E0,3.706163939E0
3.216487124E1,1.245050073E0,-4.397592545E-1,-4.222653389E0,4.424289720E0
3.216989686E1,1.691904545E0,-4.501171112E-1,-4.637255669E0,4.956741524E0
3.217492249E1,2.104058027E0,-4.165925980E-1,-4.795896053E0,5.253687137E0
3.217994811E1,2.509813786E0,-3.771381378E-1,-4.692771912E0,5.335120114E0
3.218497374E1,2.903649807E0,-2.931966782E-1,-4.356499672E0,5.243685334E0
3.218999936E1,3.251346111E0,-1.407613754E-1,-3.836023808E0,5.030521241E0
3.219502499E1,3.499643087E0,2.751159668E-2,-3.195211649E0,4.738948840E0
3.220005061E1,3.590476036E0,1.541910172E-1,-2.512729168E0,4.385099874E0
3.220507624E1,3.557463884E0,2.582559586E-1,-1.900694728E0,4.041643957E0
3.221010186E1,3.376911163E0,3.395195007E-1,-1.408731580E0,3.674687355E0
3.221512749E1,3.059096098E0,3.881607056E-1,-1.004857183E0,3.243219947E0
3.222015311E1,2.733930826E0,4.278650284E-1,-7.715471387E-1,2.872756730E0
3.222517874E1,2.430550098E0,4.919538498E-1,-5.897365212E-1,2.548996182E0
3.223020436E1,2.163753510E0,5.658836365E-1,-4.647490382E-1,2.284304097E0
3.223522999E1,1.957789302E0,6.638822556E-1,-3.823902011E-1,2.102356027E0
3.224025561E1,1.793515444E0,7.476272583E-1,-2.757897973E-1,1.962575903E0
3.224528124E1,1.604209781E0,8.170604706E-1,-1.116197705E-1,1.803756027E0
3.225030686E1,1.418714166E0,8.865051270E-1,1.241554916E-1,1.677514772E0
3.225533249E1,1.208680630E0,9.367399216E-1,3.690252006E-1,1.573076649E0
3.226035811E1,9.697782993E-1,9.629020691E-1,6.226449013E-1,1.501777952E0
3.226538374E1,7.645473480E-1,9.840822220E-1,9.039572477E-1,1.539509394E0
3.227040936E1,4.450676441E-1,1.009768486E0,1.155279398E0,1.597619507E0
3.227543499E1,9.814631939E-2,1.058964729E0,1.476729989E0,1.819827041E0
3.228046061E1,-2.277255058E-1,1.112379074E0,1.862846017E0,2.181614401E0
3.228548619E1,-5.415616035E-1,1.193797112E0,2.216906548E0,2.575483480E0
3.229051176E1,-8.715960979E-1,1.283967018E0,2.495141268E0,2.938363662E0
3.229553733E1,-1.131460667E0,1.382837296E0,2.634841681E0,3.183525233E0
3.230056290E1,-1.278041601E0,1.485599995E0,2.745693445E0,3.373311455E0
3.230558848E1,-1.306952953E0,1.606662273E0,2.822501898E0,3.500857987E0
3.231061405E1,-1.324274063E0,1.717469692E0,2.812510252E0,3.551565550E0
3.231563962E1,-1.316301107E0,1.794254780E0,2.681997061E0,3.484983078E0
3.232066520E1,-1.317221403E0,1.841992855E0,2.493604422E0,3.368393224E0
3.232569077E1,-1.370545864E0,1.812992573E0,2.309921026E0,3.240535941E0
3.233071634E1,-1.471607208E0,1.755210400E0,2.088510275E0,3.099720389E0
3.233574192E1,-1.581964731E0,1.687780857E0,1.811047792E0,2.937875208E0
3.234076749E1,-1.730035067E0,1.581959248E0,1.521456480E0,2.794717555E0
3.234579306E1,-1.943849325E0,1.490253925E0,1.167700052E0,2.713472014E0
3.235081863E1,-2.093695164E0,1.422096252E0,7.600935102E-1,2.642661411E0
3.235584421E1,-2.169451475E0,1.377296448E0,1.698600948E-1,2.575328651E0
3.236086978E1,-2.175548315E0,1.355707169E0,-6.120917201E-1,2.635452271E0
3.236589535E1,-2.102249384E0,1.328520775E0,-1.652384043E0,2.985765052E0
3.237092093E1,-1.796579599E0,1.405733585E0,-3.107696533E0,3.855069768E0
3.237594650E1,-1.350137711E0,1.501273632E0,-4.402299881E0,4.843236376E0
3.238097207E1,-9.018676281E-1,1.615172863E0,-5.038032055E0,5.366927946E0
3.238599764E1,-4.473929405E-1,1.675767422E0,-5.106513500E0,5.393035975E0
3.239102322E1,-3.503131866E-2,1.702352047E0,-4.838357925E0,5.129223830E0
3.239604879E1,3.679671288E-1,1.685559750E0,-4.316037178E0,4.648084380E0
3.240107436E1,7.368168831E-1,1.620862484E0,-3.674368382E0,4.083023061E0
3.240609994E1,1.037120938E0,1.542034626E0,-3.028707027E0,3.553386678E0
3.241112551E1,1.205761671E0,1.439829350E0,-2.407583714E0,3.053429073E0
3.241615108E1,1.132190585E0,1.300183773E0,-1.839042664E0,2.520795764E0
3.242117666E1,8.262994289E-1,1.171020508E0,-1.327324271E0,1.953419949E0
3.242620223E1,4.321582317E-1,1.128841400E0,-9.432297945E-1,1.533207778E0
3.243122780E1,-1.502532959E-1,1.092235565E0,-7.908875942E-1,1.356855840E0
3.243625337E1,-7.863099575E-1,1.113721848E0,-7.786458731E-1,1.570015636E0
3.244127895E1,-1.432376146E0,1.207442284E0,-8.489563465E-1,2.056780292E0
3.244630457E1,-2.030850410E0,1.306286335E0,-9.685797691E-1,2.601707929E0
3.245133020E1,-2.705718994E0,1.338340282E0,-1.109656096E0,3.216116701E0
3.245635582E1,-3.040863276E0,1.533201694E0,-1.215687752E0,3.615999669E0
3.246138145E1,-3.271719933E0,1.685196877E0,-1.382784724E0,3.931428929E0
3.246640707E1,-3.312799215E0,1.871027946E0,-1.491582870E0,4.086588269E0
3.247143270E1,-3.145956993E0,2.028697968E0,-1.532789230E0,4.045009724E0
3.247645832E1,-2.666799784E0,2.273196697E0,-1.420462847E0,3.781131975E0
3.248148395E1,-1.929715633E0,2.600086689E0,-1.302621126E0,3.490139684E0
3.248650957E1,-1.371020317E0,2.779965401E0,-1.064257622E0,3.277277624E0
3.249153520E1,-9.279313087E-1,2.889414787E0,-7.771941423E-1,3.132699325E0
3.249656082E1,-5.421442986E-1,2.923476219E0,-5.088008642E-1,3.016539734E0
3.250158645E1,-1.698086262E-1,2.867647171E0,3.243392706E-2,2.872853499E0
3.250661207E1,1.278405190E-1,2.578249454E0,1.008301497E0,2.771350818E0
3.251163770E1,1.848099232E-1,1.844745636E0,2.222012281E0,2.893886616E0
3.251666332E1,1.942954063E-1,3.850746155E-1,3.133196115E0,3.162744230E0
3.252168895E1,3.830280304E-1,-1.527715683E0,3.590928555E0,3.921146970E0
3.252671457E1,5.314259529E-1,-3.845306396E0,3.550028086E0,5.260370161E0
3.253174020E1,5.383102894E-1,-7.336915970E0,3.164614201E0,8.008426622E0
3.253676582E1,4.408795834E-1,-1.232591629E1,2.584185362E0,1.260161106E1
3.254179145E1,2.241759300E-1,-1.841811371E1,2.052698851E0,1.853350318E1
3.254681707E1,-7.272553444E-2,-2.415863419E1,1.882837415E0,2.423200304E1
3.255184270E1,1.337766647E-3,-2.827640915E1,1.858542442E0,2.833742219E1
3.255686832E1,3.525187969E-1,-2.956905365E1,1.859763145E0,2.962957850E1
3.256189395E1,5.200817585E-1,-2.594642639E1,2.322253466E0,2.605533321E1
3.256691957E1,1.362320662E0,-1.868739319E1,2.530460358E0,1.890708363E1
3.257194520E1,3.023926258E0,-1.173651409E1,2.317386389E0,1.233937489E1
3.257697082E1,4.738143444E0,-6.455008507E0,2.339480400E0,8.342080476E0
3.258199645E1,5.959859848E0,-2.672222137E0,2.348608255E0,6.940940952E0
3.258702207E1,6.825134754E0,3.031110764E-1,2.363656998E0,7.229191873E0
3.259204770E1,7.337345123E0,2.759194851E0,2.178163528E0,8.135980951E0
3.259707332E1,7.568410873E0,4.758620739E0,1.759222031E0,9.111540849E0
3.260209895E1,7.777850151E0,6.287187576E0,8.852221370E-1,1.004028380E1
3.260712457E1,8.095691681E0,7.388463497E0,-3.033598661E-1,1.096456309E1
3.261215020E1,8.307723999E0,8.254546165E0,-1.607256293E0,1.182112868E1
3.261717582E1,8.501626015E0,8.910196304E0,-2.822147131E0,1.263462534E1
3.262220145E1,8.239067078E0,9.408888817E0,-3.520755529E0,1.299250301E1
3.262722707E1,7.641111851E0,9.799207687E0,-3.781457186E0,1.298885984E1
3.263225270E1,6.908886909E0,9.919139862E0,-3.704414845E0,1.264297209E1
3.263727832E1,6.375836372E0,9.668892860E0,-3.249119759E0,1.202894666E1
3.264230395E1,5.900472641E0,9.135219574E0,-2.582357407E0,1.117749452E1
3.264732957E1,5.413380623E0,8.524195671E0,-1.927818298E0,1.028022787E1
3.265235520E1,4.965691566E0,7.950615883E0,-1.488458633E0,9.491358952E0
3.265738082E1,4.628561974E0,7.524288654E0,-1.254443884E0,8.922563261E0
3.266240645E1,4.114700317E0,6.905337334E0,-1.161946535E0,8.121857063E0
3.266743207E1,3.486890793E0,6.084074020E0,-1.041779041E0,7.089405311E0
3.267245770E1,2.702797890E0,5.021905899E0,-7.257872224E-1,5.749036648E0
3.267748332E1,1.825452328E0,3.546228886E0,-3.704750538E-2,3.988657422E0
3.268250895E1,5.499036312E-1,1.623103619E0,1.074995160E0,2.022986395E0
3.268753457E1,-1.158918738E0,-6.765270233E-1,2.357016325E0,2.712251355E0
3.269256020E1,-3.248743534E0,-3.296131134E0,3.554124355E0,5.835290476E0
3.269758582E1,-5.348018169E0,-7.035036087E0,6.513957024E0,1.097837270E1
3.270261145E1,-7.681831837E0,-1.051478672E1,8.300098419E0,1.544224446E1
3.270763707E1,-9.901650429E0,-1.243483067E1,7.631889343E0,1.763273745E1
3.271266270E1,-1.136172295E1,-1.287872028E1,5.890436649E0,1.815619532E1
3.271768832E1,-1.151480103E1,-1.145648861E1,4.210854530E0,1.678013915E1
3.272271395E1,-1.050107193E1,-9.031280518E0,2.702347517E0,1.411166969E1
3.272773957E1,-9.064779282E0,-6.603334427E0,1.176738620E0,1.127647830E1
3.273276520E1,-7.639383316E0,-4.410755157E0,-5.270932913E-1,8.837011138E0
3.273779082E1,-6.317887783E0,-2.346808434E0,-2.343198776E0,7.135390415E0
3.274281645E1,-5.107217312E0,-3.765802383E-1,-4.270548344E0,6.668063025E0
3.274784207E1,-4.066176414E0,1.324213028E0,-5.779170036E0,7.189307135E0
3.275286770E1,-3.252399683E0,2.589283466E0,-6.451672554E0,7.675061649E0
3.275789332E1,-2.617228746E0,3.438593864E0,-6.356210232E0,7.686040761E0
3.276291895E1,-2.145444870E0,3.953922749E0,-5.734420776E0,7.288348265E0
3.276794457E1,-1.879172325E0,4.187946320E0,-4.805026054E0,6.645183097E0
3.277297020E1,-1.712439418E0,4.164448738E0,-3.796473980E0,5.889677133E0
3.277799582E1,-1.510894179E0,3.902358532E0,-2.855735064E0,5.066204308E0
3.278302145E1,-1.303649187E0,3.458936691E0,-2.052798271E0,4.228205882E0
3.278804707E1,-1.081800818E0,2.834079266E0,-1.438006878E0,3.357106206E0
3.279307270E1,-7.746644020E-1,2.109119415E0,-1.003660798E0,2.460858517E0
3.279809832E1,-5.079151392E-1,1.346240044E0,-6.079334617E-1,1.562025332E0
3.280312395E1,-2.395100594E-1,6.219539642E-1,-2.857757211E-1,7.251617509E-1
3.280814957E1,4.565715790E-4,-6.372070312E-2,-8.119165897E-2,1.032115398E-1
3.281317520E1,1.771105528E-1,-6.533346176E-1,2.884507179E-2,6.775295629E-1
3.281820082E1,2.844602466E-1,-1.142094612E0,1.631665230E-1,1.188242841E0
3.282322645E1,3.647193909E-1,-1.496542931E0,3.974746466E-1,1.590800764E0
3.282825207E1,4.604409337E-1,-1.625890732E0,7.025145292E-1,1.830041854E0
3.283327770E1,4.567492604E-1,-1.592519760E0,1.059175491E0,1.966365122E0
3.283830332E1,3.400660753E-1,-1.396610260E0,1.401307583E0,2.007443174E0
3.284332895E1,1.023913622E-1,-1.071938515E0,1.634270906E0,1.957135040E0
3.284835457E1,-8.712732792E-2,-6.522436142E-1,1.697447896E0,1.820533511E0
3.285338020E1,-7.928538322E-2,-1.615953445E-1,1.668849349E0,1.678528337E0
3.285840582E1,1.631033421E-2,2.851276398E-1,1.678699970E0,1.702820422E0
3.286343145E1,2.474937439E-1,7.166795731E-1,1.746438861E0,1.903925277E0
3.286845707E1,5.801640749E-1,1.032701492E0,1.819317937E0,2.170940000E0
3.287348270E1,8.701950908E-1,1.238168716E0,1.882704258E0,2.415548921E0
3.287850832E1,1.155363560E0,1.342838287E0,1.969813824E0,2.649197260E0
3.288353395E1,1.430261016E0,1.356464386E0,2.008479834E0,2.814184330E0
3.288855957E1,1.756389618E0,1.317508698E0,2.036741257E0,2.994836991E0
3.289358520E1,1.970309258E0,1.207014084E0,2.083039045E0,3.110956964E0
3.289861082E1,2.047767878E0,1.020354271E0,2.190123558E0,3.167193919E0
3.290363645E1,2.055726528E0,7.672042847E-1,2.338576794E0,3.206798309E0
3.290866207E1,2.018471956E0,4.858617783E-1,2.356135607E0,3.140328916E0
3.291368770E1,1.859851837E0,1.906623840E-1,2.266920567E0,2.938423022E0
3.291871332E1,1.743320227E0,-4.676246643E-2,2.195372820E0,2.803749982E0
3.292373895E1,1.659835339E0,-1.931228638E-1,2.107873201E0,2.689884612E0
3.292876457E1,1.614418983E0,-2.868518829E-1,1.966137171E0,2.560142190E0
3.293379020E1,1.573742986E0,-2.898006439E-1,1.746310472E0,2.368596982E0
3.293881582E1,1.595111012E0,-2.451047897E-1,1.539470553E0,2.230341921E0
3.294384145E1,1.668688774E0,-1.719131470E-1,1.345755219E0,2.150612347E0
3.294886707E1,1.765280247E0,-6.062030792E-2,1.150876045E0,2.108175714E0
3.295389270E1,1.807931423E0,4.575538635E-2,9.979518652E-1,2.065579219E0
3.295891832E1,1.777378440E0,1.855077744E-1,8.629994392E-1,1.984503788E0
3.296394395E1,1.745463133E0,3.442525864E-1,8.178642988E-1,1.958073901E0
3.296896957E1,1.712269545E0,5.171623230E-1,8.098574877E-1,1.963464543E0
3.297399514E1,1.706658125E0,6.706867218E-1,8.579260111E-1,2.024485039E0
3.297902072E1,1.700010419E0,7.474269867E-1,8.711032867E-1,2.051219993E0
3.298404629E1,1.711421013E0,7.713909149E-1,8.160178661E-1,2.046922320E0
3.298907186E1,1.736104131E0,7.570180893E-1,7.121889591E-1,2.023449296E0
3.299409744E1,1.716615438E0,6.852159500E-1,6.026786566E-1,1.944096455E0
3.299912301E1,1.715122342E0,5.560855865E-1,4.637963772E-1,1.861715045E0
3.300414858E1,1.702842712E0,4.031763077E-1,2.812315226E-1,1.772375696E0
3.300917416E1,1.627058625E0,1.978549957E-1,7.429862022E-2,1.640727477E0
3.301419973E1,1.497390866E0,1.670265198E-2,-1.521631479E-1,1.505195007E0
3.301922530E1,1.318847895E0,-1.355524063E-1,-4.219830036E-1,1.391331693E0
3.302425087E1,1.115590811E0,-3.068065643E-1,-6.680980325E-1,1.336049440E0
3.302927645E1,9.115695953E-1,-4.300928116E-1,-8.857629895E-1,1.341832712E0
3.303430202E1,7.164385915E-1,-4.911136627E-1,-1.122647524E0,1.419441562E0
3.303932759E1,5.208276510E-1,-5.091075897E-1,-1.345183134E0,1.529695932E0
3.304435317E1,2.912658453E-1,-4.792928696E-1,-1.605662346E0,1.700796583E0
3.304937874E1,4.728031158E-2,-4.017171860E-1,-1.865393877E0,1.908744729E0
3.305440431E1,-1.153123379E-1,-3.146295547E-1,-2.090414762E0,2.117102400E0
3.305942988E1,-2.300028801E-1,-2.131919861E-1,-2.299520016E0,2.320806853E0
3.306445546E1,-3.304222822E-1,-1.307840347E-1,-2.482710361E0,2.508013973E0
3.306948103E1,-4.405164719E-1,-8.163166046E-2,-2.601370811E0,2.639668272E0
3.307450660E1,-5.218933821E-1,-4.652309418E-2,-2.679283619E0,2.730036229E0
3.307953218E1,-5.745257139E-1,-2.539825439E-2,-2.687654734E0,2.748492830E0
3.308455775E1,-5.886886120E-1,-1.821708679E-2,-2.650307417E0,2.714961427E0
3.308958332E1,-5.501437187E-1,-2.971363068E-2,-2.538599968E0,2.597697213E0
3.309460889E1,-4.971905947E-1,-4.556179047E-2,-2.395942211E0,2.447409537E0
3.309963447E1,-4.348418713E-1,-4.187583923E-2,-2.217947721E0,2.260560358E0
3.310466004E1,-3.728032112E-1,-2.353191376E-2,-2.029045820E0,2.063143942E0
3.310968561E1,-3.112802505E-1,4.607200623E-3,-1.848837733E0,1.874864684E0
3.311471119E1,-2.887969017E-1,2.334117889E-2,-1.668213964E0,1.693188203E0
3.311973676E1,-3.052459955E-1,2.782535553E-2,-1.511388540E0,1.542155857E0
3.312476233E1,-3.509724140E-1,3.230476379E-2,-1.354951382E0,1.400042314E0
3.312978790E1,-4.162817001E-1,3.255844116E-3,-1.232511997E0,1.300917706E0
3.313481353E1,-4.772646427E-1,-2.585697174E-2,-1.120364428E0,1.218058526E0
3.313983916E1,-5.579153299E-1,-7.897377014E-2,-1.018646479E0,1.164107822E0
3.314486478E1,-6.677204370E-1,-1.561145782E-1,-9.466400146E-1,1.168909603E0
3.314989040E1,-8.018565178E-1,-2.285985947E-1,-8.996930122E-1,1.226653459E0
3.315491603E1,-9.218552113E-1,-3.203887939E-1,-8.826117516E-1,1.315853151E0
3.315994166E1,-1.008396387E0,-4.028158188E-1,-8.619523048E-1,1.386393030E0
3.316496728E1,-1.047315240E0,-4.950046539E-1,-8.568201065E-1,1.440846805E0
3.316999290E1,-1.091340065E0,-5.778369904E-1,-8.720636368E-1,1.511758483E0
3.317501853E1,-1.202560782E0,-6.513223648E-1,-9.027929306E-1,1.638721555E0
3.318004416E1,-1.347188950E0,-7.298269272E-1,-9.392931461E-1,1.797174734E0
3.318506978E1,-1.505783916E0,-7.942256927E-1,-1.005346298E0,1.977094037E0
3.319009540E1,-1.630206823E0,-8.780117035E-1,-1.115102530E0,2.161465357E0
3.319512103E1,-1.768087268E0,-9.667940140E-1,-1.220479250E0,2.355927175E0
3.320014666E1,-1.876302958E0,-1.065325737E0,-1.335707664E0,2.537626190E0
3.320517228E1,-1.993023157E0,-1.173617363E0,-1.499079943E0,2.756221997E0
3.321019790E1,-2.108549118E0,-1.243798256E0,-1.681653500E0,2.970012117E0
3.321522353E1,-2.184466839E0,-1.318946838E0,-1.888102293E0,3.174341885E0
3.322024916E1,-2.244760990E0,-1.413391113E0,-2.084891796E0,3.373929481E0
3.322527478E1,-2.284763098E0,-1.507925034E0,-2.281445026E0,3.563561663E0
3.323030040E1,-2.295159578E0,-1.578563690E0,-2.487160444E0,3.734379184E0
3.323532603E1,-2.276198387E0,-1.620453835E0,-2.701738358E0,3.886687520E0
3.324035166E1,-2.204494238E0,-1.647798538E0,-2.934262991E0,4.023050356E0
3.324537728E1,-2.056632757E0,-1.693875313E0,-3.117131233E0,4.100665677E0
3.325040290E1,-1.929061651E0,-1.806147575E0,-3.287708282E0,4.218112572E0
3.325542853E1,-1.822313786E0,-2.022485733E0,-3.425985336E0,4.375917229E0
3.326045416E1,-1.784776211E0,-2.356682777E0,-3.506786108E0,4.586603170E0
3.326547978E1,-1.902346134E0,-2.846492767E0,-3.500150681E0,4.896171635E0
3.327050540E1,-2.121619701E0,-3.376605034E0,-3.399935722E0,5.240447942E0
3.327553103E1,-2.374660492E0,-3.870188713E0,-3.219292164E0,5.566077179E0
3.328055666E1,-2.579323053E0,-4.298402786E0,-2.942830801E0,5.812867369E0
3.328558228E1,-2.796993017E0,-4.618198395E0,-2.493259192E0,5.947038570E0
3.329060790E1,-3.141115189E0,-4.892114639E0,-1.942552805E0,6.129673863E0
3.329563353E1,-3.595751286E0,-5.120612144E0,-1.363152981E0,6.403770927E0
3.330065916E1,-4.068445206E0,-5.318645477E0,-7.992298603E-1,6.743812310E0
3.330568478E1,-4.404841900E0,-5.424768448E0,-2.190175056E-1,6.991331314E0
3.331071040E1,-4.509139061E0,-5.406341553E0,3.655612469E-1,7.049432536E0
3.331573603E1,-4.353442669E0,-5.144705772E0,9.467134476E-1,6.805639346E0
3.332076166E1,-3.910454988E0,-4.573850632E0,1.401747227E0,6.178726657E0
3.332578728E1,-3.215891838E0,-3.684984207E0,1.594192982E0,5.144173421E0
3.333081290E1,-2.429877281E0,-2.669931412E0,1.479372859E0,3.901458881E0
3.333583853E1,-1.726806879E0,-1.691362381E0,1.204787016E0,2.700755534E0
3.334086416E1,-1.155714631E0,-8.207721710E-1,8.755162954E-1,1.666094850E0
3.334588978E1,-7.363985181E-1,-3.862476349E-2,5.206587315E-1,9.026960532E-1
3.335091540E1,-3.639450669E-1,6.650409698E-1,1.362003088E-1,7.702506264E-1
3.335594103E1,-8.607649803E-2,1.214072227E0,-2.671809196E-1,1.246100390E0
3.336096666E1,1.308999062E-1,1.690255642E0,-6.115452051E-1,1.802244839E0
3.336599228E1,2.634734511E-1,2.117882729E0,-8.618044257E-1,2.301641236E0
3.337101790E1,3.412758112E-1,2.530683517E0,-1.054771662E0,2.762855679E0
3.337604353E1,4.274691343E-1,2.981283665E0,-1.180405855E0,3.234832319E0
3.338106916E1,4.995554388E-1,3.483787537E0,-1.449541926E0,3.806245267E0
3.338609478E1,6.403191090E-1,4.171826363E0,-3.000632763E0,5.178604130E0
3.339112040E1,7.079099417E-1,4.854149342E0,-5.279147148E0,7.206476041E0
3.339614603E1,8.948323727E-1,5.215539932E0,-5.922646999E0,7.942312588E0
3.340117166E1,1.267898798E0,5.266115189E0,-5.476694107E0,7.702838106E0
3.340619728E1,1.682187676E0,5.092327118E0,-4.755789757E0,7.167920693E0
3.341122290E1,2.011664629E0,4.742227077E0,-3.990484953E0,6.516094106E0
3.341624853E1,2.197465897E0,4.244697571E0,-3.124015808E0,5.710147862E0
3.342127416E1,2.162159920E0,3.695506573E0,-2.123538017E0,4.779238230E0
3.342629978E1,1.834114075E0,3.080190659E0,-9.947388172E-1,3.720356736E0
3.343132540E1,1.324293375E0,2.446411133E0,1.276376247E-1,2.784774989E0
3.343635103E1,7.821388245E-1,1.841768742E0,1.166701436E0,2.316256782E0
3.344137666E1,2.802577615E-1,1.266033173E0,2.031766891E0,2.410282371E0
3.344640228E1,-6.603324413E-2,6.855201721E-1,2.704078436E0,2.790401133E0
3.345142790E1,-2.615070343E-1,4.270267487E-2,3.260553837E0,3.271302611E0
3.345645353E1,-3.734892607E-1,-6.289920807E-1,3.749042749E0,3.819744337E0
3.346147916E1,-4.071660042E-1,-1.281826019E0,4.183544159E0,4.394417348E0
3.346650478E1,-3.152965307E-1,-1.901582718E0,4.582255840E0,4.971166596E0
3.347153040E1,-9.905910492E-2,-2.507427216E0,4.981993198E0,5.578284698E0
3.347655603E1,1.683497429E-1,-3.065788269E0,5.361751556E0,6.178655121E0
3.348158166E1,4.187707901E-1,-3.495235443E0,5.738592148E0,6.732271505E0
3.348660728E1,6.178904176E-1,-3.757427216E0,6.071815014E0,7.167076490E0
3.349163290E1,7.223907709E-1,-3.804485321E0,6.378378868E0,7.461881396E0
3.349665853E1,7.996823192E-1,-3.550365448E0,6.722964287E0,7.644791392E0
3.350168416E1,8.597533703E-1,-3.066924095E0,7.017512798E0,7.706535223E0
3.350670978E1,9.323642850E-1,-2.406896591E0,7.207928658E0,7.656153727E0
3.351173540E1,1.041810751E0,-1.670735359E0,7.197868347E0,7.462307621E0
3.351676103E1,1.183688164E0,-9.157991409E-1,7.135599136E0,7.290855970E0
3.352178666E1,1.300801992E0,-1.707305908E-1,7.069191933E0,7.189903291E0
3.352681228E1,1.407486558E0,6.314678192E-1,6.961144447E0,7.130028193E0
3.353183790E1,1.484592795E0,1.328082085E0,6.788677692E0,7.074882515E0
3.353686353E1,1.527405381E0,1.866533756E0,6.429004192E0,6.866513698E0
3.354188916E1,1.497732282E0,2.313835144E0,6.003680706E0,6.606149944E0
3.354691478E1,1.420163631E0,2.655522823E0,5.509815216E0,6.279070785E0
3.355194040E1,1.338136673E0,2.901104450E0,4.901795387E0,5.851035362E0
3.355696603E1,1.256985784E0,3.079203606E0,4.243968010E0,5.391917338E0
3.356199166E1,1.200984120E0,3.165862083E0,3.562344313E0,4.914808500E0
3.356701728E1,1.122805834E0,3.127601624E0,2.935231686E0,4.433753478E0
3.357204290E1,9.943101406E-1,3.002748013E0,2.369010925E0,3.951880697E0
3.357706853E1,8.878108859E-1,2.791347027E0,1.845903754E0,3.462251733E0
3.358209416E1,8.416768312E-1,2.503078461E0,1.405275345E0,2.991424487E0
3.358711978E1,8.606362343E-1,2.209804535E0,1.062281609E0,2.598532860E0
3.359214541E1,9.394229650E-1,1.859015942E0,8.551843166E-1,2.251620748E0
3.359717103E1,1.058265090E0,1.503499985E0,7.354916334E-1,1.980248759E0
3.360219666E1,1.178228140E0,1.105111122E0,6.831138134E-1,1.753891851E0
3.360722228E1,1.284286976E0,6.592340469E-1,7.063149810E-1,1.607128936E0
3.361224791E1,1.342515826E0,2.186088562E-1,8.180246949E-1,1.587231230E0
3.361727353E1,1.343051434E0,-2.214937210E-1,9.304606318E-1,1.648818853E0
3.362229916E1,1.347986937E0,-6.227893829E-1,1.108843565E0,1.853232163E0
3.362732478E1,1.385593653E0,-1.195681572E0,2.213378668E0,2.872032263E0
3.363235041E1,1.440536737E0,-1.930271149E0,3.421473980E0,4.184205659E0
3.363737603E1,1.435158491E0,-2.419869423E0,3.366600275E0,4.387418983E0
3.364240166E1,1.330691338E0,-2.684220314E0,2.506215572E0,3.906007505E0
3.364742728E1,1.208696127E0,-2.829296112E0,1.387366652E0,3.375003562E0
3.365245285E1,1.083900213E0,-2.884368896E0,-3.183431923E-1,3.097703341E0
3.365747843E1,8.325430155E-1,-2.873582840E0,-5.499746323E0,6.260815907E0
3.366250400E1,4.062938690E-2,-2.671779633E0,-1.459966469E1,1.484217862E1
3.366752957E1,-8.052642345E-1,-2.206017494E0,-1.700458908E1,1.716598420E1
3.367255514E1,-1.048618197E0,-1.562273979E0,-1.461561298E1,1.473622893E1
3.367758072E1,-8.729618788E-1,-8.890905380E-1,-1.256223583E1,1.262387870E1
3.368260629E1,-6.110712290E-1,-2.488031387E-1,-1.084144592E1,1.086150361E1
3.368763186E1,-4.946124554E-1,2.962427139E-1,-9.162498474E0,9.180619778E0
3.369265744E1,-4.139363766E-1,6.883277893E-1,-7.272827148E0,7.317045387E0
3.369768301E1,-3.064749241E-1,9.175882339E-1,-5.234919548E0,5.323558746E0
3.370270858E1,-1.906160116E-1,1.065112114E0,-3.153146267E0,3.333636102E0
3.370773416E1,-1.849423647E-1,1.197609901E0,-1.274740458E0,1.758816758E0
3.371275973E1,-5.917048454E-2,1.262345314E0,3.745187223E-1,1.318059601E0
3.371778530E1,1.435256004E-1,1.345520973E0,1.856131077E0,2.297008677E0
3.372281087E1,2.646942139E-1,1.471201897E0,3.231917381E0,3.560868996E0
3.372783645E1,2.274479866E-1,1.629942417E0,4.305711746E0,4.609511743E0
3.373286202E1,2.084109783E-1,1.764493465E0,5.159332752E0,5.456701089E0
3.373788759E1,1.020473242E-1,1.841530323E0,5.889402390E0,6.171442951E0
3.374291317E1,-1.299571991E-1,1.880331516E0,6.362795353E0,6.636090731E0
3.374793874E1,-3.820364475E-1,1.857020855E0,6.484526634E0,6.756002070E0
3.375296431E1,-5.728306770E-1,1.795605183E0,6.393892765E0,6.665898113E0
3.375798988E1,-7.025835514E-1,1.705766201E0,6.181431293E0,6.450841404E0
3.376301546E1,-8.432593346E-1,1.558926105E0,5.789061069E0,6.054301361E0
3.376804103E1,-1.018789291E0,1.374351501E0,5.340311050E0,5.607646189E0
3.377306660E1,-1.253096819E0,1.204785347E0,4.771719456E0,5.078490517E0
3.377809218E1,-1.612831593E0,1.102853775E0,4.053077698E0,4.499438967E0
3.378311775E1,-2.102135181E0,1.044534683E0,3.192667961E0,3.962720497E0
3.378814332E1,-2.748454332E0,1.063058853E0,2.232883453E0,3.697277898E0
3.379316889E1,-3.521315575E0,1.095814705E0,1.216778040E0,3.883429160E0
3.379819447E1,-4.256093502E0,1.142315865E0,1.550377607E-1,4.409450549E0
3.380322004E1,-4.802630424E0,1.235486984E0,-9.166168571E-1,5.043002434E0
3.380824561E1,-5.102474213E0,1.346164703E0,-2.067459583E0,5.667608987E0
3.381327124E1,-5.140827179E0,1.440555573E0,-3.266054392E0,6.258627304E0
3.381829686E1,-4.922706604E0,1.485065937E0,-4.519255161E0,6.845591893E0
3.382332249E1,-4.506320953E0,1.408027649E0,-5.418050766E0,7.186427798E0
3.382834811E1,-3.983345747E0,1.262241364E0,-5.717363834E0,7.081563797E0
3.383337374E1,-3.402669668E0,1.067061424E0,-5.412538052E0,6.481693383E0
3.383839936E1,-2.727063894E0,8.179359436E-1,-4.648384094E0,5.450997283E0
3.384342499E1,-1.977195263E0,5.726156235E-1,-3.636868477E0,4.178995343E0
3.384845061E1,-1.197669506E0,3.362216949E-1,-2.460868597E0,2.757413920E0
3.385347624E1,-4.284706116E-1,1.139602661E-1,-1.283927202E0,1.358323624E0
3.385850186E1,3.334741592E-1,-6.499958038E-2,-2.074019164E-1,3.980521514E-1
3.386352749E1,1.053237319E0,-1.667757034E-1,5.532004833E-1,1.201313348E0
3.386855311E1,1.715237617E0,-2.006034851E-1,9.319659472E-1,1.962356331E0
3.387357874E1,2.347340584E0,-1.662359238E-1,9.683398604E-1,2.544665849E0
3.387860436E1,2.891422033E0,-1.563644409E-2,7.159664631E-1,2.978787312E0
3.388362999E1,3.208595037E0,2.081689835E-1,3.858205676E-1,3.238406082E0
3.388865561E1,3.275522709E0,4.524497986E-1,1.594838649E-1,3.310467481E0
3.389368124E1,3.155385971E0,7.313690186E-1,7.901220024E-2,3.240000647E0
3.389870686E1,2.892571926E0,9.872045517E-1,1.333631575E-1,3.059302356E0
3.390373249E1,2.602978230E0,1.262793064E0,2.203367651E-1,2.901497937E0
3.390875811E1,2.359191895E0,1.567483425E0,2.570870519E-1,2.844096418E0
3.391378374E1,2.209496498E0,1.858096123E0,3.237783015E-1,2.905035002E0
3.391880936E1,2.034258842E0,2.115550995E0,4.195601344E-1,2.964758971E0
3.392383499E1,1.804519296E0,2.344789982E0,5.299538374E-1,3.005857784E0
3.392886061E1,1.458043933E0,2.498075962E0,6.406902075E-1,2.962559631E0
3.393388624E1,1.095498085E0,2.623291969E0,7.520780563E-1,2.940645884E0
3.393891186E1,6.452889442E-1,2.639124870E0,7.925939560E-1,2.830120683E0
3.394393749E1,1.987969875E-1,2.622080803E0,7.100819349E-1,2.723792271E0
3.394896311E1,-2.102079391E-1,2.576859951E0,5.052539706E-1,2.634326510E0
3.395398874E1,-6.053800583E-1,2.474680424E0,1.979218721E-1,2.555328018E0
3.395901436E1,-9.816443920E-1,2.329833508E0,-1.537678987E-1,2.532862896E0
3.396403999E1,-1.247588634E0,2.204347134E0,-4.825144112E-1,2.578457648E0
3.396906561E1,-1.303102016E0,2.126925945E0,-8.354650736E-1,2.630568519E0
3.397409124E1,-1.311369419E0,2.030635834E0,-1.096989989E0,2.654535492E0
3.397911686E1,-1.239142418E0,2.001632690E0,-1.204655051E0,2.644466137E0
3.398414249E1,-1.134407997E0,1.987248421E0,-1.163513660E0,2.567060932E0
3.398916811E1,-8.590774536E-1,2.088071823E0,-1.054949880E0,2.492183231E0
3.399419374E1,-5.909132957E-1,2.198929310E0,-1.012803555E0,2.492035247E0
3.399921936E1,-2.874500751E-1,2.339118481E0,-8.793073297E-1,2.515409349E0
3.400424499E1,2.811431885E-3,2.470534801E0,-5.401697755E-1,2.528899661E0
3.400927061E1,2.604148388E-1,2.492847919E0,2.097581774E-1,2.515174970E0
3.401429624E1,4.804279804E-1,2.277102947E0,1.345649123E0,2.688267182E0
3.401932186E1,4.810786247E-1,1.622720242E0,2.384653091E0,2.924248278E0
3.402434749E1,1.729888916E-1,3.098526001E-1,3.083956480E0,3.104306905E0
3.402937311E1,-1.206269264E-1,-1.450984955E0,3.497565985E0,3.788518973E0
3.403439874E1,-8.712911606E-2,-3.372802734E0,3.443875074E0,4.821168458E0
3.403942436E1,-1.092188358E-1,-6.588883400E0,3.014707565E0,7.246638870E0
3.404444999E1,-2.781050205E-1,-1.207788658E1,2.352960348E0,1.230809120E1
3.404947561E1,-3.269765377E-1,-1.999455833E1,1.623746157E0,2.006304633E1
3.405450124E1,-3.718972206E-1,-2.824106979E1,9.802162051E-1,2.826052290E1
3.405952686E1,-4.973449707E-1,-3.315914154E1,1.225498557E0,3.318550687E1
3.406455249E1,-1.351921320E0,-3.449628067E1,3.097863913E0,3.466147475E1
3.406957811E1,-2.530740738E0,-3.085325432E1,5.921152592E0,3.151805830E1
3.407460374E1,-1.022647142E0,-2.196967316E1,7.382380009E0,2.319939397E1
3.407962936E1,1.739507556E0,-1.305914402E1,7.567208767E0,1.519308322E1
3.408465499E1,4.186481476E0,-6.411326408E0,6.987469196E0,1.036612074E1
3.408968061E1,6.099512100E0,-1.707267761E0,5.418783188E0,8.335587700E0
3.409470624E1,7.695950031E0,1.600896358E0,2.781931400E0,8.338444600E0
3.409973186E1,9.060541153E0,3.883817673E0,-5.514829755E-1,9.873276010E0
3.410475749E1,1.039429855E1,5.421973705E0,-4.173681259E0,1.244422985E1
3.410978311E1,1.261737823E1,7.190450668E0,-9.763372421E0,1.749926442E1
3.411480874E1,1.297840691E1,8.882443428E0,-1.293258858E1,2.036145119E1
3.411983436E1,1.091309929E1,9.438501358E0,-1.195086193E1,1.873510461E1
3.412485999E1,9.004209518E0,9.051161766E0,-9.231513977E0,1.575500456E1
3.412988561E1,7.701017857E0,8.423662186E0,-6.385464668E0,1.307814665E1
3.413491124E1,6.882906437E0,7.961497307E0,-3.748544931E0,1.117190357E1
3.413993686E1,6.205568314E0,7.763455391E0,-1.839604378E0,1.010764374E1
3.414496249E1,5.359781265E0,7.803872108E0,-5.947456360E-1,9.485852490E0
3.414998811E1,4.658610344E0,7.961624146E0,4.052544832E-1,9.233327708E0
3.415501374E1,3.917222023E0,8.082448959E0,1.292935848E0,9.074265406E0
3.416003936E1,3.132791042E0,8.069804192E0,2.038729191E0,8.893398457E0
3.416506499E1,2.316519260E0,7.837006569E0,2.675428629E0,8.599002953E0
3.417009061E1,1.417622805E0,7.364524841E0,3.045074940E0,8.094341353E0
3.417511624E1,3.472117186E-1,6.565962315E0,3.286418438E0,7.350711751E0
3.418014186E1,-8.779836893E-1,5.450696468E0,3.619134426E0,6.601445398E0
3.418516749E1,-2.202763557E0,4.047241211E0,3.936227083E0,6.060215537E0
3.419019311E1,-3.414398193E0,2.293381691E0,4.235445499E0,5.903957417E0
3.419521874E1,-4.377536297E0,3.998193741E-1,4.690869808E0,6.428603201E0
3.420024436E1,-5.226026058E0,-1.867514610E0,6.060271263E0,8.217411208E0
3.420526999E1,-6.426655293E0,-5.033670425E0,7.578732967E0,1.113898243E1
3.421029561E1,-7.706845284E0,-7.528397560E0,6.921664715E0,1.280553304E1
3.421532124E1,-8.413578033E0,-8.970204353E0,5.086264133E0,1.330875442E1
3.422034686E1,-8.101898193E0,-9.131280899E0,3.274316311E0,1.263891580E1
3.422537249E1,-7.146976471E0,-8.051652908E0,1.571982145E0,1.088023507E1
3.423039811E1,-6.201986313E0,-6.641201019E0,9.768486023E-2,9.087338859E0
3.423542374E1,-5.363854408E0,-5.143521309E0,-1.165527701E0,7.522313500E0
3.424044936E1,-4.666459084E0,-3.519510269E0,-2.161048412E0,6.231606787E0
3.424547499E1,-4.114487648E0,-1.940571785E0,-2.988893986E0,5.443189756E0
3.425050061E1,-3.669584036E0,-4.776420593E-1,-3.637215137E0,5.188768918E0
3.425552624E1,-3.340686321E0,7.741212845E-1,-3.919878244E0,5.208156518E0
3.426055186E1,-3.055109024E0,1.728903294E0,-3.633661270E0,5.052355092E0
3.426557749E1,-2.874158859E0,2.305503845E0,-3.012123585E0,4.759099244E0
3.427060311E1,-2.644093990E0,2.609220028E0,-2.336893559E0,4.388659669E0
3.427562874E1,-2.426835537E0,2.678241253E0,-1.659622192E0,3.977040703E0
3.428065436E1,-2.160073996E0,2.603362560E0,-1.184481025E0,3.584189111E0
3.428567999E1,-1.815696716E0,2.408459663E0,-9.471675158E-1,3.161417217E0
3.429070561E1,-1.442502737E0,2.079205513E0,-8.633510470E-1,2.673814642E0
3.429573124E1,-1.017695665E0,1.711388111E0,-9.006833434E-1,2.185356772E0
3.430075686E1,-5.858355761E-1,1.343397141E0,-9.736747146E-1,1.759534498E0
3.430578249E1,-1.914610863E-1,9.897079468E-1,-1.001433134E0,1.420931909E0
3.431080811E1,1.019251347E-1,6.695928574E-1,-9.363731742E-1,1.155654814E0
3.431583374E1,2.696415782E-1,3.831367493E-1,-8.072510958E-1,9.333566740E-1
3.432085931E1,3.543850183E-1,1.542997360E-1,-6.140496731E-1,7.255716028E-1
3.432588488E1,3.327012658E-1,2.102851868E-3,-3.329529762E-1,4.706933595E-1
3.433091046E1,2.771143913E-1,-6.885051727E-2,2.635741234E-2,2.867533658E-1
3.433593603E1,2.411196232E-1,-1.018390656E-1,4.540528059E-1,5.240933300E-1
3.434096160E1,2.588868141E-1,-7.791328430E-2,8.207233548E-1,8.641062941E-1
3.434598718E1,3.831236362E-1,-2.585315704E-2,1.035943270E0,1.104821508E0
3.435101275E1,6.517335176E-1,4.960155487E-2,1.167610407E0,1.338107228E0
3.435603832E1,9.872444272E-1,9.124851227E-2,1.226616621E0,1.577202011E0
3.436106389E1,1.245040655E0,1.041917801E-1,1.300386667E0,1.803326827E0
3.436608947E1,1.300380349E0,1.077966690E-1,1.452171206E0,1.952283378E0
3.437111504E1,1.320752978E0,1.021776199E-1,1.696852207E0,2.152704371E0
3.437614061E1,1.339438200E0,9.219932556E-2,1.924397469E0,2.346465645E0
3.438116619E1,1.332482934E0,3.960514069E-2,2.110626936E0,2.496362433E0
3.438619176E1,1.319185615E0,-1.256942749E-2,2.245491743E0,2.604350561E0
3.439121733E1,1.318854213E0,-1.026897430E-1,2.328172684E0,2.677743390E0
3.439624290E1,1.417567015E0,-1.255702972E-1,2.286200047E0,2.692949089E0
3.440126848E1,1.461952806E0,-1.005086899E-1,2.166329384E0,2.615414117E0
3.440629405E1,1.452240467E0,-1.424846649E-1,2.058414698E0,2.523167716E0
3.441131962E1,1.417250633E0,-1.845769882E-1,1.942361593E0,2.411521632E0
3.441634520E1,1.366918325E0,-2.508611679E-1,1.788647056E0,2.265094992E0
3.442137077E1,1.325647593E0,-2.936439514E-1,1.549017191E0,2.059859842E0
3.442639634E1,1.346047521E0,-2.938919067E-1,1.170710802E0,1.807976815E0
3.443142192E1,1.418348432E0,-2.659969330E-1,7.019658089E-1,1.604750024E0
3.443644749E1,1.489602089E0,-2.099142075E-1,1.961176395E-1,1.517049929E0
3.444147306E1,1.549957395E0,-1.207084656E-1,-3.453933597E-1,1.592556131E0
3.444649863E1,1.579994440E0,-7.762908936E-3,-8.684422374E-1,1.802951639E0
3.445152421E1,1.498401761E0,8.127307892E-2,-1.333278418E0,2.007347626E0
3.445654978E1,1.372542500E0,1.896343231E-1,-1.724169493E0,2.211921005E0
3.446157535E1,1.202824116E0,3.365459442E-1,-2.044845581E0,2.396130730E0
3.446660093E1,1.008812070E0,4.407644272E-1,-2.256177187E0,2.510440314E0
3.447162650E1,8.148646951E-1,5.645513535E-1,-2.338643551E0,2.540074086E0
3.447665207E1,6.499680281E-1,6.935224533E-1,-2.278019667E0,2.468360880E0
3.448167770E1,5.237704515E-1,7.846097946E-1,-2.132057190E0,2.331440730E0
3.448670332E1,3.598004580E-1,7.804021835E-1,-1.896550655E0,2.082159534E0
3.449172895E1,1.055469513E-1,6.713886261E-1,-1.586421490E0,1.725872530E0
3.449675457E1,-2.289794683E-1,4.431762695E-1,-1.279070497E0,1.372901358E0
3.450178020E1,-5.333286524E-1,1.675062180E-1,-1.027613044E0,1.169823214E0
3.450680582E1,-8.072284460E-1,-6.008720398E-2,-7.944359183E-1,1.134176646E0
3.451183145E1,-1.002940059E0,-2.445516586E-1,-5.371879935E-1,1.163729013E0
3.451685707E1,-1.072838426E0,-4.051694870E-1,-3.474769592E-1,1.198284122E0
3.452188270E1,-1.208700299E0,-5.562715530E-1,-3.448545933E-1,1.374525061E0
3.452690832E1,-1.338897109E0,-6.308813095E-1,-4.621205330E-1,1.550552186E0
3.453193395E1,-1.516070843E0,-6.386585236E-1,-6.034844518E-1,1.752298203E0
3.453695957E1,-1.768854022E0,-6.131668091E-1,-7.593418956E-1,2.020252014E0
3.454198520E1,-1.948562622E0,-4.971351624E-1,-9.392557740E-1,2.219513701E0
3.454701082E1,-2.069808960E0,-3.575792313E-1,-1.104809523E0,2.373304894E0
3.455203645E1,-2.333471775E0,-2.614898682E-1,-1.160316467E0,2.619122330E0
3.455706207E1,-2.504780293E0,-1.084384918E-1,-1.163279057E0,2.763856252E0
3.456208770E1,-2.631399155E0,6.798744202E-2,-1.171001196E0,2.880994204E0
3.456711332E1,-2.689225435E0,2.342405319E-1,-1.188133001E0,2.949315530E0
3.457213895E1,-2.649307251E0,4.476604462E-1,-1.267098308E0,2.970650923E0
3.457716457E1,-2.535890818E0,6.700201035E-1,-1.345301867E0,2.947796854E0
3.458219020E1,-2.392232895E0,9.013166428E-1,-1.389296532E0,2.909517961E0
3.458721582E1,-2.175451517E0,1.132011414E0,-1.432476521E0,2.840075373E0
3.459224145E1,-1.900213242E0,1.314320564E0,-1.436562181E0,2.720654298E0
3.459726707E1,-1.609842777E0,1.424421787E0,-1.387318373E0,2.558363434E0
3.460229270E1,-1.352504015E0,1.448100567E0,-1.256239653E0,2.346145867E0
3.460731832E1,-1.099561214E0,1.404573917E0,-1.048438191E0,2.069078393E0
3.461234395E1,-8.130288124E-1,1.322627544E0,-8.073515296E-1,1.749907416E0
3.461736957E1,-5.361931324E-1,1.183155060E0,-5.669047832E-1,1.417300252E0
3.462239520E1,-2.788875103E-1,9.814882278E-1,-3.655202389E-1,1.083836902E0
3.462742082E1,-1.271533966E-2,7.655572891E-1,-1.890976429E-1,7.886682201E-1
3.463244645E1,2.906816006E-1,5.210580826E-1,-4.275619984E-2,5.981850976E-1
3.463747207E1,6.116895676E-1,2.576608658E-1,1.497815847E-1,6.804320480E-1
3.464249770E1,1.007208943E0,-1.017093658E-2,3.786745071E-1,1.076089070E0
3.464752332E1,1.457506418E0,-2.775373459E-1,6.436797380E-1,1.617305025E0
3.465254895E1,1.856974483E0,-5.778188705E-1,9.877630472E-1,2.181262184E0
3.465757457E1,2.081454515E0,-9.253444672E-1,1.410830975E0,2.679395328E0
3.466260020E1,2.346787691E0,-1.210155487E0,1.774169683E0,3.181126661E0
3.466762582E1,2.562304497E0,-1.451553345E0,2.025114536E0,3.574003404E0
3.467265145E1,2.790311337E0,-1.644850731E0,2.225894451E0,3.930137070E0
3.467767707E1,3.173998594E0,-1.804456711E0,2.653614044E0,4.513535044E0
3.468270270E1,3.640761375E0,-1.906426430E0,3.020523071E0,5.100310260E0
3.468772832E1,3.984126091E0,-1.984209061E0,3.206715107E0,5.485742254E0
3.469275395E1,4.308751583E0,-2.066394806E0,3.384409904E0,5.855728657E0
3.469777957E1,4.413339615E0,-2.133769989E0,3.395746469E0,5.963357696E0
3.470280520E1,4.121762276E0,-2.234259605E0,3.141058207E0,5.643322328E0
3.470783082E1,3.703651667E0,-2.339380264E0,2.841429949E0,5.221442314E0
3.471285645E1,3.351565838E0,-2.344138145E0,2.602669477E0,4.847872278E0
3.471788207E1,2.937074900E0,-2.225030899E0,2.410187483E0,4.402973446E0
3.472290770E1,2.608910084E0,-2.078145981E0,2.196370125E0,3.993637974E0
3.472793332E1,2.452939034E0,-1.999288559E0,1.865154743E0,3.673263789E0
3.473295895E1,2.210109234E0,-1.844741821E0,1.373841047E0,3.189842384E0
3.473798457E1,1.736698389E0,-1.662343025E0,8.662369251E-1,2.555361430E0
3.474301020E1,1.099798560E0,-1.528616905E0,3.377289772E-1,1.913187753E0
3.474803582E1,4.289262295E-1,-1.424488068E0,-1.830105782E-1,1.498878526E0
3.475306145E1,-1.703257561E-1,-1.311746597E0,-7.483904362E-1,1.519795461E0
3.475808707E1,-8.125264645E-1,-1.276462555E0,-1.396084309E0,2.058787825E0
3.476311270E1,-1.387265205E0,-1.203722000E0,-2.101491451E0,2.791006579E0
3.476813832E1,-1.899082899E0,-1.141192436E0,-2.849158764E0,3.609230070E0
3.477316395E1,-2.338499069E0,-1.059779167E0,-3.647361040E0,4.460375807E0
3.477818957E1,-2.696098089E0,-9.685153961E-1,-4.499212265E0,5.333842703E0
3.478321520E1,-3.125124693E0,-9.193201065E-1,-5.345371246E0,6.259756191E0
3.478824082E1,-3.543977499E0,-9.210634232E-1,-6.121841908E0,7.133378070E0
3.479326645E1,-3.952417135E0,-9.539194107E-1,-6.740872383E0,7.872161326E0
3.479829207E1,-4.302306175E0,-1.041380882E0,-7.134669781E0,8.396298318E0
3.480331770E1,-4.598450184E0,-1.202185631E0,-7.326728821E0,8.733381338E0
3.480834332E1,-4.755058289E0,-1.388266563E0,-7.231132030E0,8.765108888E0
3.481336895E1,-4.705546379E0,-1.590127945E0,-6.839213371E0,8.452544773E0
3.481839457E1,-4.445790291E0,-1.726680756E0,-6.243180752E0,7.856448539E0
3.482342020E1,-4.081132412E0,-1.831905365E0,-5.506524086E0,7.094598406E0
3.482844582E1,-3.664156437E0,-1.901477814E0,-4.740424156E0,6.285959072E0
3.483347145E1,-3.203948975E0,-1.983761787E0,-3.960193872E0,5.466601812E0
3.483849707E1,-2.633248806E0,-2.060017586E0,-3.204931498E0,4.631334325E0
3.484352270E1,-1.956862450E0,-2.188001633E0,-2.485062361E0,3.846062497E0
3.484854832E1,-1.218454123E0,-2.358309746E0,-1.772819996E0,3.192044179E0
3.485357395E1,-5.050609112E-1,-2.590201378E0,-1.093299150E0,2.856489582E0
3.485859957E1,9.170436859E-2,-2.888600349E0,-4.094803333E-1,2.918920316E0
3.486362520E1,5.328665972E-1,-3.215349197E0,2.821145058E-1,3.271392038E0
3.486865082E1,8.518106937E-1,-3.518141747E0,8.844311237E-1,3.726274442E0
3.487367645E1,1.034384370E0,-3.720738411E0,1.372787237E0,4.098583920E0
3.487870207E1,1.205572605E0,-3.790060997E0,1.722764730E0,4.334268795E0
3.488372770E1,1.409057856E0,-3.721635818E0,1.934458256E0,4.424719872E0
3.488875332E1,1.688106418E0,-3.515515327E0,2.008587122E0,4.386681379E0
3.489377895E1,1.965989351E0,-3.195609093E0,2.027095795E0,4.264522126E0
3.489880457E1,2.170567989E0,-2.838284492E0,2.000300169E0,4.094926742E0
3.490383020E1,2.139069080E0,-2.462580681E0,1.890290976E0,3.770029193E0
3.490885582E1,1.752466440E0,-2.063721657E0,1.687866926E0,3.190451451E0
3.491388145E1,1.055066109E0,-1.689683914E0,1.378998756E0,2.422773987E0
3.491890707E1,3.204931021E-1,-1.307036400E0,9.640207291E-1,1.655414131E0
3.492393270E1,-2.978906631E-1,-9.874792099E-1,4.338548183E-1,1.118965612E0
3.492895832E1,-8.104208708E-1,-6.350488663E-1,-1.296966076E-1,1.037733232E0
3.493398395E1,-1.255884051E0,-2.734403610E-1,-6.781153679E-1,1.453222224E0
3.493900957E1,-1.639395833E0,1.166896820E-1,-1.182070971E0,2.024481899E0
3.494403520E1,-1.994271874E0,4.971837997E-1,-1.602633476E0,2.606289719E0
3.494906082E1,-2.305530071E0,8.490209579E-1,-1.934254766E0,3.126922927E0
3.495408645E1,-2.529366016E0,1.148363113E0,-2.142802238E0,3.508280450E0
3.495911207E1,-2.655496120E0,1.385718822E0,-2.266026020E0,3.755895396E0
3.496413770E1,-2.711846352E0,1.532402515E0,-2.246220589E0,3.840296217E0
3.496916332E1,-2.664418697E0,1.550053120E0,-2.093466282E0,3.726176692E0
3.497418895E1,-2.522803783E0,1.390792370E0,-1.861246109E0,3.429734600E0
3.497921457E1,-2.287254810E0,1.044976234E0,-1.617837667E0,2.990135217E0
3.498424020E1,-2.082656860E0,5.890960693E-1,-1.431556940E0,2.594966098E0
3.498926582E1,-2.000287771E0,1.283674240E-1,-1.317578316E0,2.398675047E0
3.499429145E1,-2.011322975E0,-2.894792557E-1,-1.290632248E0,2.407270228E0
3.499931707E1,-2.067785740E0,-6.023540497E-1,-1.369877577E0,2.552475826E0
3.500434264E1,-2.155186892E0,-7.864284515E-1,-1.516695976E0,2.750212161E0
3.500936822E1,-2.216147900E0,-8.608875275E-1,-1.711471319E0,2.929432185E0
3.501439379E1,-2.222243309E0,-8.352775574E-1,-1.929735422E0,3.059400713E0
3.501941936E1,-2.140407562E0,-7.621631622E-1,-2.147040367E0,3.126022962E0
3.502444494E1,-1.995233536E0,-6.605587006E-1,-2.262591839E0,3.088141268E0
3.502947051E1,-1.777757764E0,-5.734491348E-1,-2.290811062E0,2.955855527E0
3.503449608E1,-1.579365134E0,-4.721021652E-1,-2.188988447E0,2.740245446E0
3.503952166E1,-1.428887129E0,-3.136072159E-1,-1.871844769E0,2.375683218E0
3.504454723E1,-1.206660748E0,-1.507940292E-1,-1.244707823E0,1.740134065E0
3.504957280E1,-7.790971994E-1,-1.244163513E-2,-7.820802927E-1,1.103991315E0
3.505459837E1,-3.145470619E-1,4.895687103E-2,-5.080181360E-1,5.995156845E-1
3.505962395E1,2.346682549E-2,6.243705750E-2,-5.271924734E-1,5.313953162E-1
3.506464952E1,2.296643257E-1,9.237289429E-3,-7.522721291E-1,7.866030677E-1
3.506967509E1,2.373782396E-1,-1.390209198E-1,-9.377483726E-1,9.772651918E-1
3.507470066E1,9.554815292E-2,-3.247718811E-1,-1.091959476E0,1.143233013E0
3.507972624E1,-1.226475239E-1,-5.814914703E-1,-1.261522055E0,1.394493686E0
3.508475181E1,-3.723721504E-1,-8.231658936E-1,-1.311285853E0,1.592398724E0
3.508977738E1,-4.939987659E-1,-9.831171036E-1,-1.259656310E0,1.672509504E0
3.509480296E1,-4.817698002E-1,-1.071274757E0,-1.125567555E0,1.626847893E0
3.509982853E1,-2.491128445E-1,-1.025820732E0,-8.470728993E-1,1.353476221E0
3.510485410E1,2.706769705E-1,-8.758535385E-1,-4.345760942E-1,1.014515562E0
3.510987968E1,9.136562347E-1,-6.311769485E-1,1.057591438E-1,1.115498567E0
3.511490525E1,1.535204172E0,-3.924512863E-1,5.809938908E-1,1.687727396E0
3.511993082E1,2.153160095E0,-9.272384644E-2,9.561251402E-1,2.357725894E0
3.512495639E1,2.699279547E0,2.297325134E-1,1.330245495E0,3.018019247E0
3.512998197E1,3.091370583E0,4.745273590E-1,1.692449808E0,3.556140414E0
3.513500754E1,3.390978813E0,6.801118851E-1,2.022449017E0,4.006443499E0
3.514003311E1,3.612071037E0,8.227081299E-1,2.309734821E0,4.365636356E0
3.514505869E1,3.725809574E0,8.737945557E-1,2.477323771E0,4.558761561E0
3.515008426E1,3.717975616E0,8.766059875E-1,2.486919641E0,4.558130104E0
3.515510983E1,3.598504066E0,7.882089615E-1,2.300612688E0,4.343192791E0
3.516013541E1,3.430170536E0,7.043790817E-1,2.053092718E0,4.059237552E0
3.516516103E1,3.313833475E0,6.538095474E-1,1.864402056E0,3.858102416E0
3.517018666E1,3.278383732E0,6.699647903E-1,1.715891123E0,3.760443466E0
3.517521228E1,3.347562551E0,7.241497040E-1,1.550579548E0,3.759636254E0
3.518023791E1,3.363284826E0,7.924947739E-1,1.435840964E0,3.741840732E0
3.518526353E1,3.316071987E0,8.750267029E-1,1.376757145E0,3.695600816E0
3.519028916E1,3.249012947E0,9.383068085E-1,1.225467682E0,3.596981490E0
3.519531478E1,3.200334072E0,1.068490028E0,1.092401981E0,3.546427950E0
3.520034041E1,3.136237144E0,1.193865776E0,9.062071443E-1,3.475990550E0
3.520536603E1,3.032801390E0,1.271439552E0,7.391043901E-1,3.370566437E0
3.521039166E1,2.899502277E0,1.282203674E0,7.062886953E-1,3.248076883E0
3.521541728E1,2.760455132E0,1.278825760E0,7.170048356E-1,3.125636542E0
3.522044290E1,2.615712643E0,1.304358482E0,7.426217198E-1,3.015757069E0
3.522546853E1,2.446182489E0,1.325280190E0,7.926664352E-1,2.892835362E0
3.523049416E1,2.290219069E0,1.308104515E0,8.193551898E-1,2.761808055E0
3.523551978E1,2.095256090E0,1.300687790E0,8.514199853E-1,2.608985014E0
3.524054540E1,1.918576837E0,1.250444412E0,8.649126291E-1,2.447983285E0
3.524557103E1,1.702864289E0,1.162183762E0,8.790074587E-1,2.241221095E0
3.525059666E1,1.505635977E0,1.045493126E0,8.792761564E-1,2.033008148E0
3.525562228E1,1.370043278E0,9.721050262E-1,8.848596215E-1,1.898679361E0
3.526064790E1,1.276755810E0,9.372110367E-1,9.244011045E-1,1.833844957E0
3.526567353E1,1.177831054E0,8.642559052E-1,1.031366110E0,1.788278589E0
3.527069916E1,1.030068636E0,7.820186615E-1,1.143403769E0,1.726258022E0
3.527572478E1,8.958349228E-1,7.478647232E-1,1.308437347E0,1.753234196E0
3.528075040E1,7.659331560E-1,7.185888290E-1,1.459399462E0,1.798018435E0
3.528577603E1,6.452183723E-1,6.798124313E-1,1.586465478E0,1.842640606E0
3.529080166E1,5.337555408E-1,6.506567001E-1,1.713565350E0,1.909071849E0
3.529582728E1,4.460057020E-1,6.454229355E-1,1.864483953E0,2.022817901E0
3.530085290E1,3.627314568E-1,6.784496307E-1,2.058143854E0,2.197231016E0
3.530587853E1,3.363535404E-1,7.449531555E-1,2.380169630E0,2.516604136E0
3.531090416E1,2.758505344E-1,8.162298203E-1,2.724693060E0,2.857669839E0
3.531592978E1,1.478037834E-1,8.827199936E-1,2.981232405E0,3.112681673E0
3.532095540E1,-2.850294113E-2,9.826898575E-1,3.187824249E0,3.335972904E0
3.532598103E1,-2.623450756E-1,1.073020935E0,3.229281664E0,3.412983875E0
3.533100666E1,-5.293385983E-1,1.101036072E0,3.034071922E0,3.270790763E0
3.533603228E1,-7.716841698E-1,1.128908157E0,2.693421602E0,3.020670458E0
3.534105790E1,-9.844048023E-1,1.151807785E0,2.370308161E0,2.813196539E0
3.534608353E1,-1.196046591E0,1.212747574E0,2.098256111E0,2.702584473E0
3.535110916E1,-1.420659781E0,1.292486191E0,1.853222251E0,2.668937518E0
3.535613478E1,-1.648316860E0,1.362235069E0,1.687496424E0,2.724018545E0
3.536116040E1,-1.873798370E0,1.460169315E0,1.591407418E0,2.859334246E0
3.536618603E1,-2.058577299E0,1.543144703E0,1.459732294E0,2.958015287E0
3.537121166E1,-2.159301519E0,1.582385540E0,1.359871507E0,3.002628442E0
3.537623728E1,-2.219118357E0,1.630548000E0,1.277471066E0,3.035639205E0
3.538126290E1,-2.266680002E0,1.620626926E0,1.198533058E0,3.033274033E0
3.538628853E1,-2.292390585E0,1.586143017E0,1.089692116E0,2.993047472E0
3.539131416E1,-2.262859821E0,1.527123928E0,9.751374125E-1,2.898885137E0
3.539633978E1,-2.183101892E0,1.481876850E0,8.789890409E-1,2.781099532E0
3.540136540E1,-2.096486330E0,1.436087132E0,8.108513355E-1,2.667410930E0
3.540639103E1,-2.003380775E0,1.370706558E0,7.084140182E-1,2.528679778E0
3.541141666E1,-1.875254869E0,1.295349121E0,6.722839475E-1,2.376231444E0
3.541644228E1,-1.688408375E0,1.214831352E0,7.456603050E-1,2.209648693E0
3.542146790E1,-1.467156410E0,1.153143883E0,9.381873608E-1,2.088656092E0
3.542649353E1,-1.240621328E0,1.105578423E0,1.182642937E0,2.039629683E0
3.543151916E1,-9.853758812E-1,1.091379166E0,1.387896419E0,2.021962062E0
3.543654478E1,-7.306184769E-1,1.129770279E0,1.458188534E0,1.984060998E0
3.544157040E1,-5.388264656E-1,1.163387299E0,1.355375886E0,1.865703020E0
3.544659603E1,-4.005060196E-1,1.216188431E0,1.065652966E0,1.665873830E0
3.545162166E1,-2.533075809E-1,1.278543472E0,7.045521736E-1,1.481631502E0
3.545664728E1,-4.945993423E-2,1.340883732E0,3.491770625E-1,1.386484796E0
3.546167290E1,1.917915344E-1,1.364960194E0,8.599233627E-2,1.381048516E0
3.546669853E1,5.037724972E-1,1.436938763E0,-6.088112295E-2,1.523904934E0
3.547172416E1,8.384132385E-1,1.504204273E0,-1.345403492E-1,1.727329835E0
3.547674978E1,1.171512008E0,1.605114460E0,-9.676051140E-2,1.989521402E0
3.548177540E1,1.545993686E0,1.739666939E0,-2.396130562E-2,2.327468943E0
3.548680103E1,1.927958965E0,1.864904404E0,7.913963497E-2,2.683497212E0
3.549182666E1,2.312204599E0,2.009673119E0,1.551218629E-1,3.067431979E0
3.549685228E1,2.612085581E0,2.150230408E0,1.847007722E-1,3.388302859E0
3.550187790E1,2.808123827E0,2.267613888E0,2.156041712E-1,3.615814892E0
3.550690353E1,2.900247335E0,2.347586155E0,2.092505097E-1,3.737162177E0
3.551192916E1,2.864626884E0,2.356747150E0,1.223696619E-1,3.711511640E0
3.551695478E1,2.725244999E0,2.285656452E0,-9.290876985E-2,3.558063766E0
3.552198040E1,2.439453840E0,2.153461933E0,-4.700503945E-1,3.287747057E0
3.552700603E1,2.017673492E0,1.993491173E0,-1.013418674E0,3.011981206E0
3.553203166E1,1.455975533E0,1.719465256E0,-1.708348632E0,2.827521983E0
3.553705728E1,8.606357574E-1,1.393394947E0,-2.525608063E0,3.010139444E0
3.554208290E1,2.707943916E-1,1.048521996E0,-3.344785452E0,3.515724349E0
3.554710853E1,-3.702452183E-1,6.033201218E-1,-3.974188328E0,4.036737489E0
3.555213416E1,-9.658677578E-1,1.437025070E-1,-4.237284184E0,4.348347754E0
3.555715978E1,-1.305266619E0,-1.869764328E-1,-4.039305210E0,4.249078455E0
3.556218540E1,-1.489311934E0,-5.466232300E-1,-3.520548105E0,3.861490121E0
3.556721103E1,-1.489835501E0,-8.393859863E-1,-2.802372932E0,3.282906137E0
3.557223666E1,-1.450904131E0,-1.069957733E0,-2.187338591E0,2.834498625E0
3.557726228E1,-1.325442791E0,-1.175995827E0,-1.766388416E0,2.501977780E0
3.558228790E1,-1.324396610E0,-1.286663055E0,-1.567488670E0,2.422095979E0
3.558731353E1,-1.414177656E0,-1.320667267E0,-1.374511003E0,2.373466025E0
3.559233916E1,-1.551323175E0,-1.225621223E0,-1.206061721E0,2.315887703E0
3.559736478E1,-1.706941605E0,-1.044809341E0,-1.114056468E0,2.290501695E0
3.560239040E1,-1.942849398E0,-8.645524979E-1,-1.050281048E0,2.371751480E0
3.560741603E1,-2.072132349E0,-5.749597549E-1,-9.524779320E-1,2.351919514E0
3.561244166E1,-2.176021099E0,-2.575263977E-1,-8.018190265E-1,2.333302685E0
3.561746728E1,-2.235383511E0,2.556514740E-2,-5.894387960E-1,2.311932333E0
3.562249290E1,-1.920511246E0,5.375127792E-1,-3.305119872E-1,2.021514681E0
3.562751853E1,-1.443722486E0,1.072864532E0,-1.399261355E-1,1.804148621E0
3.563254416E1,-1.021239758E0,1.574498653E0,1.590449810E-1,1.883420282E0
3.563756978E1,-5.917119980E-1,2.061918259E0,5.181187391E-1,2.206825100E0
3.564259540E1,-2.325823307E-1,2.482873440E0,8.078556061E-1,2.621332817E0
3.564762103E1,1.264333725E-2,2.818515778E0,9.804733992E-1,2.984211643E0
3.565264666E1,2.440762520E-2,3.021182060E0,9.787287712E-1,3.175853709E0
3.565767228E1,1.235146523E-1,3.358812809E0,9.129746556E-1,3.482872676E0
3.566269790E1,1.992490292E-1,3.663985252E0,6.502971649E-1,3.726576781E0
3.566772353E1,1.510136127E-1,3.831535339E0,2.871506512E-1,3.845246893E0
3.567274916E1,3.651404381E-2,3.933260918E0,-6.109035015E-2,3.933904772E0
3.567777478E1,-8.646678925E-2,3.969095230E0,-4.085041285E-1,3.990998506E0
3.568280040E1,-1.936116219E-1,3.938945770E0,-6.400784254E-1,3.995307201E0
3.568782603E1,-2.607238293E-1,3.861880302E0,-5.883615017E-1,3.915132902E0
3.569285166E1,-1.777060032E-1,3.690048218E0,-2.680226564E-1,3.704034478E0
3.569787723E1,4.082751274E-2,3.294461727E0,1.047164679E0,3.457122911E0
3.570290280E1,1.124567986E-1,2.589293957E0,2.940042973E0,3.919303817E0
3.570792837E1,-1.145865917E-1,1.474051952E0,4.306133270E0,4.552882931E0
3.571295395E1,-4.083166122E-1,2.115726471E-1,5.213862896E0,5.234104674E0
3.571797952E1,-8.526697159E-1,-1.652989388E0,5.679309368E0,5.976117005E0
3.572300509E1,-1.035190105E0,-4.602218628E0,5.722741127E0,7.416319900E0
3.572803067E1,-8.808193207E-1,-9.045757294E0,5.278422832E0,1.051015296E1
3.573305624E1,-7.931129932E-1,-1.574188995E1,4.496911526E0,1.639080049E1
3.573808181E1,-6.636130810E-1,-2.408014870E1,3.595098257E0,2.435608086E1
3.574310738E1,-8.082351685E-1,-3.112697220E1,2.339677095E0,3.122524189E1
3.574813296E1,-8.495450020E-1,-3.377635193E1,2.038489819E0,3.384847289E1
3.575315853E1,-1.726001024E0,-3.128895569E1,4.056468964E0,3.159798677E1
3.575818410E1,-2.498939514E0,-2.436577606E1,6.613365173E0,2.537069847E1
3.576320968E1,-8.035683632E-1,-1.578609371E1,7.053519726E0,1.730891728E1
3.576823525E1,1.634626031E0,-8.821918488E0,5.973324299E0,1.077862938E1
3.577326082E1,3.793442249E0,-3.775865555E0,5.146359444E0,7.425118202E0
3.577828639E1,5.503775597E0,-1.754817963E-1,4.750571251E0,7.272569483E0
3.578331197E1,6.713474274E0,2.340736389E0,4.803852081E0,8.580604786E0
3.578833754E1,7.257771492E0,4.310219765E0,5.193484306E0,9.910878906E0
3.579336311E1,7.787169456E0,5.986736298E0,5.482079506E0,1.124874283E1
3.579838869E1,9.400707245E0,7.274259567E0,4.720563412E0,1.278952180E1
3.580341426E1,1.170239162E1,8.015028954E0,2.048380852E0,1.433117312E1
3.580843983E1,1.367007160E1,8.884551048E0,-1.401908278E0,1.636372365E1
3.581346540E1,1.356764984E1,9.606294632E0,-3.308877945E0,1.695024165E1
3.581849098E1,1.150989723E1,9.731338501E0,-4.297855377E0,1.567316956E1
3.582351655E1,9.386122704E0,9.375164986E0,-4.769334316E0,1.409750218E1
3.582854212E1,8.291769981E0,9.069514275E0,-5.058176517E0,1.328889342E1
3.583356770E1,7.368169308E0,8.671285629E0,-5.207968235E0,1.251415385E1
3.583859327E1,6.394066811E0,8.367263794E0,-5.157224178E0,1.172570488E1
3.584361884E1,5.770534515E0,8.157318115E0,-5.058612823E0,1.119957460E1
3.584864442E1,5.324281693E0,7.754348755E0,-4.828473091E0,1.057317609E1
3.585367004E1,4.972531319E0,7.096520424E0,-4.463603020E0,9.747328955E0
3.585869566E1,4.589540482E0,6.098098755E0,-4.089920044E0,8.658991640E0
3.586372129E1,3.886816025E0,4.730841160E0,-3.752211809E0,7.181036858E0
3.586874692E1,2.653594255E0,2.832310677E0,-2.961866617E0,4.882233106E0
3.587377254E1,9.062073231E-1,4.214763641E-1,-1.431036115E0,1.745485147E0
3.587879816E1,-1.302432299E0,-2.167678833E0,-3.502750024E-2,2.529108211E0
3.588382379E1,-3.577448845E0,-4.616235733E0,1.080932140E0,5.939375967E0
3.588884942E1,-5.921048164E0,-6.605449677E0,1.791651726E0,9.049905674E0
3.589387504E1,-7.957765579E0,-7.926610947E0,1.777431488E0,1.137173939E1
3.589890066E1,-9.395628929E0,-8.619337082E0,1.594481111E0,1.284963753E1
3.590392629E1,-9.988305092E0,-8.512211800E0,1.937430859E0,1.326565591E1
3.590895192E1,-9.655420303E0,-7.720468521E0,2.193165064E0,1.255558634E1
3.591397754E1,-8.449186325E0,-6.272700310E0,1.719189048E0,1.066260427E1
3.591900316E1,-6.735122681E0,-4.326324463E0,8.869224787E-1,8.053917827E0
3.592402879E1,-5.060223103E0,-2.349504471E0,1.239531934E-1,5.580447428E0
3.592905442E1,-3.801867008E0,-5.758447647E-1,-2.876915038E-1,3.855976704E0
3.593408004E1,-3.067211628E0,8.756895065E-1,-1.493032873E-1,3.193260208E0
3.593910566E1,-2.827521086E0,1.823764324E0,-1.430133581E-1,3.367706136E0
3.594413129E1,-3.042645931E0,2.335682869E0,-1.267590523E-1,3.837860939E0
3.594915692E1,-3.245805264E0,2.698514462E0,7.513651252E-2,4.221715007E0
3.595418254E1,-3.243775368E0,2.969481945E0,3.752429783E-1,4.413695612E0
3.595920816E1,-3.021508217E0,3.105466843E0,6.240850687E-1,4.377547074E0
3.596423379E1,-2.583850861E0,3.120904922E0,7.729593515E-1,4.124778656E0
3.596925942E1,-2.079900742E0,3.054252625E0,8.497185707E-1,3.791631290E0
3.597428504E1,-1.668250322E0,2.848288059E0,8.008663654E-1,3.396644070E0
3.597931066E1,-1.387329102E0,2.450577736E0,8.118838072E-1,2.930728338E0
3.598433629E1,-1.179523110E0,1.890003681E0,8.909114599E-1,2.399398240E0
3.598936192E1,-9.442782402E-1,1.228886604E0,9.121680856E-1,1.798297611E0
3.599438754E1,-6.197741032E-1,5.295295715E-1,9.366727471E-1,1.241723537E0
3.599941316E1,-2.641508579E-1,-7.884788513E-2,9.680666924E-1,1.006551432E0
3.600443879E1,1.214100122E-1,-5.053682327E-1,9.908456206E-1,1.118888951E0
3.600946442E1,5.021544695E-1,-7.644710541E-1,1.018532038E0,1.368934847E0
3.601449004E1,8.622221351E-1,-9.279031754E-1,1.027254224E0,1.630853321E0
3.601951566E1,1.085787058E0,-9.573688507E-1,9.465451241E-1,1.729576920E0
3.602454129E1,1.177423716E0,-8.912210464E-1,8.789580464E-1,1.718478632E0
3.602956692E1,1.185154438E0,-7.725963593E-1,8.552281857E-1,1.653151967E0
3.603459254E1,1.210349321E0,-6.255702972E-1,8.628874421E-1,1.612717711E0
3.603961816E1,1.292056561E0,-4.550390244E-1,9.083611369E-1,1.643651613E0
3.604464379E1,1.569520712E0,-2.180032730E-1,9.693403244E-1,1.857563285E0
3.604966942E1,2.056871891E0,5.208683014E-2,9.179255962E-1,2.253002977E0
3.605469504E1,2.595373869E0,3.219995499E-1,7.414081693E-1,2.718333185E0
3.605972066E1,3.198319435E0,5.777826309E-1,4.702124000E-1,3.283927478E0
3.606474629E1,3.730175734E0,7.625761032E-1,1.153435707E-1,3.809073044E0
3.606977192E1,4.050732613E0,8.865461349E-1,-1.594082117E-1,4.149675858E0
3.607479754E1,4.073139668E0,9.453191757E-1,-3.249260783E-1,4.194004298E0
3.607982316E1,3.716324806E0,9.055280685E-1,-2.958327532E-1,3.836478615E0
3.608484879E1,3.039092064E0,7.574214935E-1,-1.072973609E-1,3.133892247E0
3.608987442E1,2.196498394E0,5.054292679E-1,1.574856639E-1,2.259394980E0
3.609490004E1,1.372267723E0,2.256832123E-1,3.867995739E-1,1.443490743E0
3.609992566E1,7.019484043E-1,-2.486038208E-2,5.314169526E-1,8.807687429E-1
3.610495129E1,2.294971943E-1,-2.035160065E-1,6.189922094E-1,6.908249289E-1
3.610997692E1,-8.796966076E-2,-2.770595551E-1,7.107762694E-1,7.679215868E-1
3.611500254E1,-2.745779753E-1,-2.409276962E-1,7.578369379E-1,8.412823805E-1
3.612002816E1,-3.738862276E-1,-1.382980347E-1,6.924526691E-1,7.990043533E-1
3.612505379E1,-4.919022322E-1,-4.091739655E-2,5.810354352E-1,7.623937410E-1
3.613007942E1,-6.574767828E-1,6.556606293E-2,4.710530043E-1,8.114589092E-1
3.613510504E1,-8.420052528E-1,2.098388672E-1,4.244559407E-1,9.660062327E-1
3.614013066E1,-9.878662825E-1,3.296260834E-1,4.123976827E-1,1.120091512E0
3.614515629E1,-1.171335220E0,4.201068878E-1,4.635031819E-1,1.327912345E0
3.615018192E1,-1.286851048E0,4.955921173E-1,5.729225874E-1,1.493264029E0
3.615520754E1,-1.286508203E0,5.799856186E-1,5.973680019E-1,1.532427878E0
3.616023316E1,-1.170645833E0,6.398429871E-1,5.420724154E-1,1.440018478E0
3.616525879E1,-1.049583673E0,7.039527893E-1,4.650357366E-1,1.346637907E0
3.617028442E1,-9.186370373E-1,7.341146469E-1,3.573943377E-1,1.229043951E0
3.617531004E1,-7.683103085E-1,7.399902344E-1,2.388900518E-1,1.093139851E0
3.618033566E1,-6.036365032E-1,7.312545776E-1,1.387065649E-1,9.583056905E-1
3.618536129E1,-4.389687777E-1,6.935911179E-1,3.787469864E-2,8.217035471E-1
3.619038692E1,-2.600144148E-1,6.270599365E-1,-4.906129837E-2,6.806016977E-1
3.619541254E1,-5.749070644E-2,5.413084030E-1,-1.077461243E-1,5.549136832E-1
3.620043816E1,1.207544804E-1,4.746103287E-1,-1.812636852E-1,5.222002798E-1
3.620546379E1,3.367568254E-1,3.791370392E-1,-2.457269430E-1,5.634995869E-1
3.621048942E1,5.376492739E-1,2.788686752E-1,-3.202702403E-1,6.851332035E-1
3.621551504E1,7.326546311E-1,1.977682114E-1,-3.954105973E-1,8.557129276E-1
3.622054066E1,9.215388298E-1,1.310596466E-1,-4.616083503E-1,1.038986388E0
3.622556629E1,1.113739014E0,9.307575226E-2,-5.524280667E-1,1.246697419E0
3.623059192E1,1.280375957E0,7.423114777E-2,-6.296074986E-1,1.428733165E0
3.623561754E1,1.435731649E0,6.491947174E-2,-7.363119721E-1,1.614835975E0
3.624064316E1,1.565270662E0,6.513214111E-2,-8.295797706E-1,1.772714596E0
3.624566879E1,1.678533912E0,8.917903900E-2,-9.573293328E-1,1.934401314E0
3.625069442E1,1.746559381E0,1.322631836E-1,-1.124361277E0,2.081382114E0
3.625572004E1,1.749923348E0,1.800622940E-1,-1.287515402E0,2.179988547E0
3.626074566E1,1.678963304E0,2.182254791E-1,-1.480240941E0,2.248922715E0
3.626577129E1,1.519026637E0,2.612047195E-1,-1.687839985E0,2.285710753E0
3.627079692E1,1.236621141E0,2.277059555E-1,-1.905376434E0,2.282880024E0
3.627582254E1,8.508681059E-1,1.369752884E-1,-2.075297356E0,2.247131033E0
3.628084816E1,4.337890148E-1,2.253246307E-2,-2.183149099E0,2.225942634E0
3.628587379E1,-2.387583256E-2,-1.012983322E-1,-2.291069269E0,2.293431883E0
3.629089942E1,-5.216958523E-1,-2.154121399E-1,-2.360545158E0,2.427085165E0
3.629592504E1,-1.035048962E0,-3.677196503E-1,-2.429673195E0,2.666431309E0
3.630095066E1,-1.587245226E0,-4.960622787E-1,-2.512618542E0,3.013084321E0
3.630597629E1,-2.124896049E0,-5.813512802E-1,-2.608958244E0,3.414647222E0
3.631100192E1,-2.690059900E0,-6.285219193E-1,-2.704221964E0,3.865783038E0
3.631602754E1,-3.262738466E0,-6.806545258E-1,-2.845844746E0,4.382645913E0
3.632105316E1,-3.779822588E0,-7.138576508E-1,-3.023993969E0,4.892973643E0
3.632607879E1,-4.245506763E0,-6.803112030E-1,-3.219291449E0,5.371311613E0
3.633110442E1,-4.625703335E0,-5.896377563E-1,-3.398035765E0,5.769874443E0
3.633613004E1,-4.901133537E0,-4.322814941E-1,-3.584021330E0,6.087132834E0
3.634115566E1,-5.133861065E0,-2.656030655E-1,-3.757780313E0,6.367730153E0
3.634618129E1,-5.247360229E0,-1.229686737E-1,-3.871195555E0,6.521967931E0
3.635120692E1,-5.270442486E0,1.016044617E-2,-3.919102907E0,6.567879021E0
3.635623254E1,-5.212790012E0,1.387529373E-1,-3.905871630E0,6.515233325E0
3.636125816E1,-5.112476349E0,2.389993668E-1,-3.812079191E0,6.381730398E0
3.636628379E1,-4.912097454E0,2.967214584E-1,-3.618280411E0,6.108084655E0
3.637130942E1,-4.650023460E0,3.072090149E-1,-3.396319389E0,5.766461736E0
3.637633499E1,-4.307411194E0,3.087816238E-1,-3.184587955E0,5.365700116E0
3.638136056E1,-3.932619572E0,2.584095001E-1,-2.978452921E0,4.939985219E0
3.638638613E1,-3.545382977E0,2.373857498E-1,-2.759242296E0,4.498834348E0
3.639141171E1,-3.141707897E0,2.168579102E-1,-2.527697802E0,4.038144628E0
3.639643728E1,-2.736838341E0,2.110309601E-1,-2.294269562E0,3.577497867E0
3.640146285E1,-2.374633551E0,1.622381210E-1,-2.060269117E0,3.148001675E0
3.640648843E1,-2.003239155E0,1.293849945E-2,-1.865107417E0,2.737107998E0
3.641151400E1,-1.675852895E0,-2.561111450E-1,-1.647773027E0,2.364155620E0
3.641653957E1,-1.397303581E0,-5.541315079E-1,-1.547961712E0,2.157708156E0
3.642156514E1,-9.716951847E-1,-7.711772919E-1,-1.604265213E0,2.027947934E0
3.642659072E1,-4.957152605E-1,-1.002838135E0,-1.758960009E0,2.084552291E0
3.643161629E1,-1.570554972E-1,-1.425616264E0,-1.953516722E0,2.423484216E0
3.643664186E1,-2.314162254E-2,-2.043473244E0,-2.090389252E0,2.923362047E0
3.644166744E1,-2.219462395E-2,-2.697659492E0,-2.229365587E0,3.499704310E0
3.644669301E1,-1.919026375E-1,-3.363499641E0,-2.362729073E0,4.114905240E0
3.645171858E1,-4.928071499E-1,-3.983074188E0,-2.425781488E0,4.689579374E0
3.645674416E1,-8.567402363E-1,-4.503520012E0,-2.364076376E0,5.157960202E0
3.646176973E1,-1.248723984E0,-5.011105537E0,-2.157779694E0,5.597008442E0
3.646679530E1,-1.595840216E0,-5.506173134E0,-1.850295544E0,6.023972292E0
3.647182087E1,-1.926190734E0,-5.970110893E0,-1.490615606E0,6.447818988E0
3.647684645E1,-2.182212830E0,-6.346106529E0,-1.056351662E0,6.793452712E0
3.648187202E1,-2.369064093E0,-6.677906036E0,-5.066192150E-1,7.103770600E0
3.648689759E1,-2.611845970E0,-6.903941154E0,7.960081100E-2,7.381902135E0
3.649192316E1,-2.734584808E0,-7.134956360E0,7.229245901E-1,7.675166206E0
3.649694874E1,-2.767536163E0,-7.122694016E0,1.267127275E0,7.745814224E0
3.650197431E1,-2.893388748E0,-6.633371353E0,1.671838045E0,7.427540401E0
3.650699988E1,-3.139894962E0,-5.882965088E0,1.950713396E0,6.947913453E0
3.651202546E1,-3.337377071E0,-5.115788460E0,2.071049690E0,6.449699536E0
3.651705103E1,-3.249691963E0,-4.255246162E0,1.996350646E0,5.714283302E0
3.652207660E1,-2.790469408E0,-3.301185608E0,1.809944987E0,4.686197477E0
3.652710218E1,-2.017960072E0,-2.334743500E0,1.484502673E0,3.424461746E0
3.653212775E1,-1.129856110E0,-1.398657799E0,1.040158153E0,2.077197017E0
3.653715337E1,-2.092554569E-1,-4.973497391E-1,5.063035488E-1,7.399242480E-1
3.654217900E1,7.807724476E-1,4.507503510E-1,-2.649438381E-1,9.396684155E-1
3.654720462E1,1.824609756E0,1.436370850E0,-2.233342886E0,3.221829050E0
3.655223025E1,2.668351889E0,2.393407822E0,-6.228262901E0,7.186081100E0
3.655725587E1,2.781912804E0,3.059561729E0,-8.045929909E0,9.046377447E0
3.656228150E1,2.372669697E0,3.358173370E0,-7.392398834E0,8.458986370E0
3.656730712E1,1.944457293E0,3.499085426E0,-6.082249641E0,7.281364823E0
3.657233275E1,1.789761305E0,3.677649021E0,-4.641887665E0,6.186717138E0
3.657735837E1,1.784286499E0,3.850125790E0,-3.271372318E0,5.358080230E0
3.658238400E1,1.779631972E0,3.997051716E0,-2.040519714E0,4.827756527E0
3.658740962E1,1.775810242E0,4.084811211E0,-9.755306840E-1,4.559697880E0
3.659243525E1,1.676771283E0,4.075251579E0,3.666806221E-2,4.406878932E0
3.659746087E1,1.415606022E0,3.978156567E0,1.109764934E0,4.365918951E0
3.660248650E1,9.449448586E-1,3.741137028E0,2.214428902E0,4.448901258E0
3.660751212E1,3.803665638E-1,3.354887009E0,3.388871908E0,4.783764038E0
3.661253775E1,-2.155723572E-1,2.877106190E0,4.542570114E0,5.381371081E0
3.661756337E1,-7.231409550E-1,2.322374344E0,5.523396492E0,6.035251796E0
3.662258900E1,-1.118924618E0,1.753124714E0,6.308900833E0,6.642865969E0
3.662761462E1,-1.480086446E0,1.164731979E0,6.948761463E0,7.199482089E0
3.663264025E1,-1.845420837E0,5.429611206E-1,7.397133350E0,7.643164701E0
3.663766587E1,-2.196427822E0,-1.216526031E-1,7.550694942E0,7.864609885E0
3.664269150E1,-2.509768486E0,-7.812185287E-1,7.487424850E0,7.935412474E0
3.664771712E1,-2.833927393E0,-1.407032013E0,7.504396915E0,8.144130194E0
3.665274275E1,-3.188313484E0,-2.013480186E0,7.696253777E0,8.570400663E0
3.665776837E1,-3.620547295E0,-2.538407326E0,7.917566299E0,9.068612384E0
3.666279400E1,-4.139313698E0,-2.886290550E0,8.070523262E0,9.518294845E0
3.666781962E1,-4.656934738E0,-3.043072701E0,8.162519455E0,9.877958112E0
3.667284525E1,-5.061576843E0,-2.942082405E0,8.382368088E0,1.022445616E1
3.667787087E1,-5.227285385E0,-2.540562630E0,8.626846313E0,1.040199252E1
3.668289650E1,-5.090970039E0,-1.872223854E0,8.702286720E0,1.025441331E1
3.668792212E1,-4.738599777E0,-1.037631989E0,8.616977692E0,9.888544510E0
3.669294775E1,-4.204045773E0,-2.520112991E-1,8.250971794E0,9.263695057E0
3.669797337E1,-3.608034849E0,5.088434219E-1,7.781703472E0,8.592540138E0
3.670299900E1,-2.966080189E0,1.197289467E0,7.190998077E0,7.870297777E0
3.670802462E1,-2.341717958E0,1.804022312E0,6.422398090E0,7.070030886E0
3.671305025E1,-1.803159952E0,2.291069984E0,5.667842865E0,6.373761074E0
3.671807587E1,-1.451443672E0,2.625186443E0,4.946589470E0,5.785070439E0
3.672310150E1,-1.300730467E0,2.844749928E0,4.258568287E0,5.283929007E0
3.672812712E1,-1.245081425E0,2.901830673E0,3.455741405E0,4.681132093E0
3.673315275E1,-1.197604895E0,2.772300243E0,2.486912251E0,3.912114347E0
3.673817837E1,-1.028658628E0,2.537233829E0,1.364125252E0,3.058844844E0
3.674320400E1,-8.102314472E-1,2.210754395E0,2.200670838E-1,2.364812786E0
3.674822962E1,-4.997515678E-1,1.845345020E0,-8.024850488E-1,2.073410747E0
3.675325525E1,-1.648480892E-1,1.455326557E0,-1.412863255E0,2.035026500E0
3.675828087E1,1.650955677E-1,1.074284554E0,-1.551054955E0,1.893968141E0
3.676330650E1,5.847624540E-1,7.216224670E-1,-1.368710041E0,1.654101958E0
3.676833212E1,9.877967834E-1,4.024696350E-1,-9.134852290E-1,1.404343105E0
3.677335775E1,1.401644349E0,1.268491745E-1,-2.915308774E-1,1.437250099E0
3.677838337E1,1.719962239E0,-1.143894196E-1,3.331308067E-1,1.755656908E0
3.678340900E1,1.942147493E0,-3.448343277E-1,8.680361509E-1,2.155071776E0
3.678843462E1,2.025041103E0,-5.451755524E-1,1.264031291E0,2.448628791E0
3.679346025E1,2.059811115E0,-7.057981491E-1,1.514904141E0,2.652528495E0
3.679848587E1,2.089860439E0,-8.171787262E-1,1.576367140E0,2.742303974E0
3.680351150E1,2.087047100E0,-8.507757187E-1,1.514663219E0,2.715472259E0
3.680853712E1,2.051993370E0,-7.733459473E-1,1.410842896E0,2.607531097E0
3.681356275E1,2.014011860E0,-6.234359741E-1,1.293430924E0,2.473434806E0
3.681858837E1,1.978452444E0,-4.156503677E-1,1.109960914E0,2.306307120E0
3.682361400E1,1.926645994E0,-1.980295181E-1,9.563500881E-1,2.160043048E0
3.682863962E1,1.854426861E0,6.748008728E-2,8.902575970E-1,2.058157218E0
3.683366525E1,1.762286425E0,3.471908569E-1,9.164967537E-1,2.016472473E0
3.683869087E1,1.688910127E0,6.074771881E-1,8.963624239E-1,2.006218220E0
3.684371650E1,1.634523511E0,8.482761383E-1,8.587408066E-1,2.031914193E0
3.684874212E1,1.565618038E0,1.036116600E0,8.086649776E-1,2.044171347E0
3.685376775E1,1.520413160E0,1.185424805E0,7.460467815E-1,2.067238241E0
3.685879337E1,1.479483485E0,1.281972408E0,6.709065437E-1,2.069405767E0
3.686381900E1,1.404542804E0,1.321031094E0,5.690306425E-1,2.010387900E0
3.686884462E1,1.300356388E0,1.326603413E0,4.736899436E-1,1.917077336E0
3.687387025E1,1.176732421E0,1.289107800E0,4.467831552E-1,1.801697338E0
3.687889587E1,1.062548161E0,1.198995590E0,5.165731907E-1,1.683284551E0
3.688392150E1,9.677165747E-1,1.089725494E0,6.585502028E-1,1.599270268E0
3.688894712E1,9.546719790E-1,9.708395004E-1,7.476170063E-1,1.553338054E0
3.689397275E1,9.997009039E-1,8.135938644E-1,7.882256508E-1,1.510839684E0
3.689899837E1,1.112386703E0,6.323976517E-1,7.608389854E-1,1.488693027E0
3.690402400E1,1.254590988E0,4.129104614E-1,6.794879436E-1,1.485327392E0
3.690904962E1,1.402466416E0,1.742916107E-1,5.489624739E-1,1.516129748E0
3.691407525E1,1.541656971E0,-8.820533752E-2,2.832077146E-1,1.569934077E0
3.691910087E1,1.629168749E0,-3.649997711E-1,-1.706743240E-2,1.669642759E0
3.692412650E1,1.689115644E0,-6.322174072E-1,-3.802894950E-1,1.843212035E0
3.692915212E1,1.683433652E0,-8.803777695E-1,-7.822170258E-1,2.054477392E0
3.693417775E1,1.636139393E0,-1.109551430E0,-1.169775009E0,2.297048119E0
3.693920337E1,1.523367286E0,-1.315009117E0,-1.600070596E0,2.571015904E0
3.694422900E1,1.378439188E0,-1.482419968E0,-1.995990992E0,2.842823173E0
3.694925462E1,1.186819553E0,-1.568754196E0,-2.228155613E0,2.972239529E0
3.695428025E1,9.769287109E-1,-1.569231987E0,-2.167685509E0,2.848813648E0
3.695930587E1,7.388684750E-1,-1.479015350E0,-1.891990662E0,2.512576704E0
3.696433150E1,6.110231876E-1,-1.283651352E0,-1.488445759E0,2.058295631E0
3.696935712E1,5.210833549E-1,-1.021263123E0,-1.001332283E0,1.522226189E0
3.697438275E1,5.118660927E-1,-6.630411148E-1,-5.036013126E-1,9.773662051E-1
3.697940837E1,4.685232639E-1,-2.951002121E-1,-3.901135921E-2,5.550856422E-1
3.698443400E1,4.917204380E-1,8.257865906E-2,4.205149412E-1,6.522584149E-1
3.698945962E1,5.720202923E-1,4.508199692E-1,8.364690542E-1,1.109110607E0
3.699448525E1,6.759548187E-1,8.096017838E-1,1.252047777E0,1.637068600E0
3.699951087E1,7.987909317E-1,1.111036301E0,1.653268099E0,2.146104382E0
3.700453650E1,9.547708035E-1,1.374267101E0,2.055140972E0,2.650245605E0
3.700956212E1,1.095883608E0,1.604103088E0,2.415131092E0,3.099510573E0
3.701458775E1,1.264886737E0,1.805383682E0,2.705273628E0,3.489678223E0
3.701961337E1,1.418457150E0,1.954235077E0,2.959785938E0,3.819867566E0
3.702463900E1,1.551422119E0,2.026865005E0,3.107732296E0,4.021578343E0
3.702966462E1,1.634803772E0,2.028193474E0,3.168970585E0,4.102258732E0
3.703469025E1,1.692177176E0,1.948849678E0,3.124826431E0,4.052902527E0
3.703971587E1,1.747040629E0,1.817749977E0,3.023644686E0,3.936850661E0
3.704474150E1,1.698710322E0,1.601591110E0,2.932296753E0,3.748209585E0
3.704976712E1,1.666612506E0,1.362767696E0,2.836132765E0,3.560671580E0
3.705479275E1,1.554712534E0,1.034495354E0,2.773188591E0,3.343334662E0
3.705981837E1,1.387069702E0,6.886358261E-1,2.752503395E0,3.158236312E0
3.706484400E1,1.125641108E0,3.204250336E-1,2.782790899E0,3.018884777E0
3.706986957E1,9.332396984E-1,5.422687531E-2,2.848948479E0,2.998396959E0
3.707489514E1,6.851668358E-1,-1.865081787E-1,2.825941563E0,2.913792136E0
3.707992072E1,3.863387108E-1,-3.683824539E-1,2.727832794E0,2.779574605E0
3.708494629E1,9.408545494E-2,-4.484386444E-1,2.497171879E0,2.538861297E0
3.708997186E1,-3.347830772E-1,-5.082769394E-1,2.153298378E0,2.237659282E0
3.709499744E1,-8.136684895E-1,-5.624532700E-1,1.739303946E0,2.000896876E0
3.710002301E1,-1.356214046E0,-6.112642288E-1,1.260248780E0,1.949663429E0
3.710504858E1,-2.009356022E0,-6.933164597E-1,7.834625244E-1,2.265394637E0
3.711007416E1,-2.647537470E0,-7.611532211E-1,2.758498788E-1,2.768555948E0
3.711509973E1,-3.245975733E0,-8.342685699E-1,-2.567930222E-1,3.361295161E0
3.712012530E1,-3.727395535E0,-9.177293777E-1,-6.602675319E-1,3.895081244E0
3.712515087E1,-4.038902283E0,-1.073842049E0,-8.856247663E-1,4.272025237E0
3.713017645E1,-4.223121643E0,-1.474849701E0,-1.022775054E0,4.588682476E0
3.713520202E1,-4.170225143E0,-2.287785530E0,-1.128350854E0,4.888549481E0
3.714022759E1,-3.780127525E0,-3.617272377E0,-1.258867741E0,5.381335480E0
3.714525316E1,-3.120550394E0,-5.400324821E0,-1.528314829E0,6.421611103E0
3.715027874E1,-2.383528233E0,-7.358803749E0,-2.107632637E0,8.017188708E0
3.715530431E1,-1.818145752E0,-9.157554626E0,-2.980684757E0,9.800558266E0
3.716032988E1,-1.309191942E0,-1.055286121E1,-3.472077608E0,1.118624987E1
3.716535546E1,-7.940607071E-1,-1.101443005E1,-3.190405130E0,1.149464599E1
3.717038103E1,-4.296195507E-1,-1.039064598E1,-2.243634462E0,1.063879657E1
3.717540660E1,1.967873573E-1,-8.687990189E0,-1.084941387E0,8.757682147E0
3.718043218E1,1.324179173E0,-6.123090744E0,-4.675607383E-2,6.264812597E0
3.718545775E1,2.917211533E0,-3.251445770E0,9.367552996E-1,4.467609340E0
3.719048332E1,4.523647308E0,-6.132640839E-1,1.687993646E0,4.867114171E0
3.719550889E1,5.768271446E0,1.601047039E0,2.039225578E0,6.324140104E0
3.720053447E1,6.678185940E0,3.359096050E0,2.081004381E0,7.759656755E0
3.720556004E1,7.323816299E0,4.652327061E0,1.788359046E0,8.858931106E0
3.721058561E1,8.043582916E0,5.615561008E0,1.485316515E0,9.921689207E0
3.721561119E1,8.673162460E0,6.259119034E0,1.123214245E0,1.075462358E1
3.722063676E1,8.919461250E0,6.698451042E0,7.407711744E-1,1.117921184E1
3.722566233E1,8.657817841E0,6.938660622E0,3.729122877E-1,1.110143615E1
3.723068796E1,8.132547379E0,6.970356941E0,-4.012638330E-2,1.071101363E1
3.723571358E1,7.372869015E0,6.788876534E0,-3.898852766E-1,1.002995776E1
3.724073921E1,6.399078846E0,6.580734730E0,-5.056223869E-1,9.192928459E0
3.724576483E1,5.490289211E0,6.379071236E0,-4.086045027E-1,8.426314918E0
3.725079046E1,4.662314415E0,6.130900383E0,-1.017751396E-1,7.702952252E0
3.725581608E1,3.821357250E0,5.807112694E0,4.060052633E-1,6.963488303E0
3.726084171E1,2.993755341E0,5.407247066E0,1.038206100E0,6.267277223E0
3.726586733E1,2.387186766E0,4.993131638E0,1.698952317E0,5.789340479E0
3.727089296E1,1.902347326E0,4.550149441E0,2.335050583E0,5.456669910E0
3.727591858E1,1.611645103E0,3.920336723E0,2.960077763E0,5.169961346E0
3.728094421E1,1.266350865E0,3.056039810E0,3.597109318E0,4.886943757E0
3.728596983E1,7.329198718E-1,1.885720730E0,4.163719177E0,4.629219329E0
3.729099546E1,-2.116394043E-2,4.335165024E-1,4.625007629E0,4.645328841E0
3.729602108E1,-9.659817219E-1,-1.147352219E0,4.945592880E0,5.168019615E0
3.730104671E1,-1.875326157E0,-2.766016960E0,5.261745453E0,6.233270669E0
3.730607233E1,-2.599648476E0,-4.322109222E0,5.718887329E0,7.625252298E0
3.731109796E1,-3.051986456E0,-5.691378593E0,5.979325771E0,8.801065180E0
3.731612358E1,-3.428055286E0,-6.888319016E0,6.046042442E0,9.785455080E0
3.732114921E1,-3.674813747E0,-7.870010376E0,6.270946503E0,1.071289361E1
3.732617483E1,-3.229962349E0,-8.794310570E0,8.767730713E0,1.283143238E1
3.733120046E1,-2.513203144E0,-9.268787384E0,1.134371376E1,1.486292204E1
3.733622608E1,-2.689566851E0,-8.739714622E0,9.400498390E0,1.311433382E1
3.734125171E1,-3.425953150E0,-7.530355453E0,5.237494469E0,9.791565582E0
3.734627733E1,-4.338940144E0,-6.097425461E0,9.092450738E-1,7.538681942E0
3.735130296E1,-5.253412247E0,-4.656991959E0,-3.128033876E0,7.685734205E0
3.735632858E1,-5.963806152E0,-3.227547646E0,-6.655715942E0,9.501715757E0
3.736135421E1,-6.293646812E0,-1.730705261E0,-9.731142044E0,1.171752774E1
3.736637983E1,-6.354408741E0,-3.313808441E-1,-1.174085522E1,1.335425044E1
3.737140546E1,-6.166471958E0,8.869791031E-1,-1.259711742E1,1.405345067E1
3.737643108E1,-5.722323418E0,1.998261929E0,-1.238369370E1,1.378745464E1
3.738145671E1,-5.202327251E0,2.879086971E0,-1.130365372E1,1.277207649E1
3.738648233E1,-4.687341213E0,3.390784264E0,-9.601643562E0,1.120982358E1
3.739150796E1,-4.015485287E0,3.427591324E0,-7.610173225E0,9.262140190E0
3.739653358E1,-3.241374016E0,3.146656990E0,-5.580347538E0,7.179709908E0
3.740155921E1,-2.525475025E0,2.647657871E0,-3.661713123E0,5.176510340E0
3.740658483E1,-1.765074015E0,1.992038250E0,-2.146525383E0,3.419250486E0
3.741161046E1,-1.125491142E0,1.399228096E0,-7.903553247E-1,1.961945747E0
3.741663608E1,-4.989629984E-1,8.541650772E-1,5.072327852E-1,1.111686625E0
3.742166171E1,1.888938546E-1,3.611354828E-1,1.617222071E0,1.667785043E0
3.742668733E1,7.447919846E-1,-1.088504791E-1,2.487820148E0,2.599194610E0
3.743171296E1,1.186716318E0,-5.367879868E-1,3.197084427E0,3.452214622E0
3.743673858E1,1.609137416E0,-8.413410187E-1,3.757322311E0,4.173086254E0
3.744176421E1,1.944462538E0,-1.022568703E0,4.105144024E0,4.656048622E0
3.744678983E1,2.187415838E0,-1.152168274E0,4.269678593E0,4.933805333E0
3.745181546E1,2.342578411E0,-1.287403107E0,4.108853817E0,4.901811916E0
3.745684108E1,2.457918406E0,-1.279852867E0,3.835280180E0,4.731676268E0
3.746186671E1,2.447905064E0,-1.110449791E0,3.513490677E0,4.423794149E0
3.746689233E1,2.327979088E0,-8.223123550E-1,3.007568836E0,3.891163649E0
3.747191796E1,2.128172636E0,-4.632291794E-1,2.421349525E0,3.256782702E0
3.747694358E1,1.830943823E0,-6.189060211E-2,1.852904916E0,2.605655840E0
3.748196921E1,1.518698931E0,3.292102814E-1,1.261271477E0,2.001407402E0
3.748699483E1,1.201366901E0,6.337175369E-1,7.625069618E-1,1.557657605E0
3.749202046E1,8.697994947E-1,8.135547638E-1,3.666701317E-1,1.246141846E0
3.749704608E1,5.336281061E-1,8.880214691E-1,4.488110542E-2,1.036993442E0
3.750207171E1,2.218543291E-1,8.523731232E-1,-1.844050884E-1,8.998691689E-1
3.750709733E1,-8.431476355E-2,7.448968887E-1,-3.792729378E-1,8.401358911E-1
3.751212296E1,-4.037075043E-1,5.750856400E-1,-5.836582184E-1,9.134331712E-1
3.751714858E1,-6.496952176E-1,4.146156311E-1,-7.550343871E-1,1.078928600E0
3.752217421E1,-7.409673929E-1,2.538251877E-1,-9.894756675E-1,1.261951663E0
3.752719983E1,-7.017598152E-1,1.166706085E-1,-1.267520905E0,1.453508897E0
3.753222546E1,-6.427794695E-1,1.281452179E-2,-1.559967399E0,1.687254558E0
3.753725108E1,-5.739614964E-1,-8.630752563E-2,-1.818217278E0,1.908610714E0
3.754227671E1,-5.099283457E-1,-1.709880829E-1,-2.036920786E0,2.106729724E0
3.754730233E1,-4.412035942E-1,-2.410411835E-1,-2.258282900E0,2.313569346E0
3.755232796E1,-3.870160580E-1,-2.915000916E-1,-2.476696014E0,2.523643572E0
3.755735358E1,-3.378415108E-1,-3.173999786E-1,-2.624406338E0,2.665030630E0
3.756237921E1,-3.606435657E-1,-3.281593323E-1,-2.633906364E0,2.678659192E0
3.756740483E1,-4.744956493E-1,-3.332986832E-1,-2.529188395E0,2.594807906E0
3.757243046E1,-5.883364081E-1,-3.471765518E-1,-2.339236975E0,2.436944996E0
3.757745608E1,-7.593815923E-1,-3.698740005E-1,-2.045504808E0,2.213042499E0
3.758248171E1,-9.394107461E-1,-3.633012772E-1,-1.754131436E0,2.022735144E0
3.758750733E1,-1.066013098E0,-3.563957214E-1,-1.509050250E0,1.881657379E0
3.759253296E1,-1.144002438E0,-3.110609055E-1,-1.291821003E0,1.753368748E0
3.759755858E1,-1.149553537E0,-2.227649689E-1,-1.151173830E0,1.642041033E0
3.760258421E1,-1.087979794E0,-1.490688324E-1,-1.001621246E0,1.486326569E0
3.760760983E1,-1.031424165E0,-1.139955521E-1,-9.155795574E-1,1.383877422E0
3.761263546E1,-9.800926447E-1,-9.371471405E-2,-8.074989319E-1,1.273349349E0
3.761766108E1,-9.436883926E-1,-8.352279663E-2,-7.256679535E-1,1.193364076E0
3.762268671E1,-8.745738268E-1,-1.169643402E-1,-6.704032421E-1,1.108151859E0
3.762771233E1,-8.541738391E-1,-1.653480530E-1,-6.609904766E-1,1.092639619E0
3.763273796E1,-8.251854777E-1,-2.334108353E-1,-6.924314499E-1,1.102212776E0
3.763776358E1,-8.113421202E-1,-3.163347244E-1,-8.122930527E-1,1.190866784E0
3.764278921E1,-8.077311516E-1,-3.997144699E-1,-9.627761841E-1,1.318764290E0
3.764781483E1,-7.330197692E-1,-5.169744492E-1,-1.110062122E0,1.427171496E0
3.765284046E1,-6.686812639E-1,-6.440534592E-1,-1.220207214E0,1.533246600E0
3.765786608E1,-6.193544865E-1,-7.617359161E-1,-1.355039597E0,1.673312252E0
3.766289171E1,-5.225760937E-1,-8.460369110E-1,-1.480601549E0,1.783548479E0
3.766791733E1,-4.117513895E-1,-9.495258331E-1,-1.606104136E0,1.910682864E0
3.767294296E1,-3.297371864E-1,-1.019474983E0,-1.735915184E0,2.039965044E0
3.767796858E1,-2.477416992E-1,-1.051046371E0,-1.903144121E0,2.188157209E0
3.768299421E1,-1.134696007E-1,-1.072869301E0,-2.021374226E0,2.291261148E0
3.768801983E1,1.534098387E-2,-1.080107689E0,-2.128800392E0,2.387186435E0
3.769304546E1,1.049204469E-1,-1.106221199E0,-2.239776134E0,2.500266141E0
3.769807108E1,1.263891459E-1,-1.175079346E0,-2.363879681E0,2.642860728E0
3.770309671E1,8.909726143E-2,-1.262733459E0,-2.434309244E0,2.743773972E0
3.770812233E1,-3.568476439E-2,-1.374039650E0,-2.475401163E0,2.831407650E0
3.771314796E1,-1.903538108E-1,-1.504281998E0,-2.482712269E0,2.909116552E0
3.771817358E1,-3.511281610E-1,-1.691844940E0,-2.485496521E0,3.027098155E0
3.772319921E1,-6.043021083E-1,-1.932012558E0,-2.455530405E0,3.182370678E0
3.772822483E1,-9.208697677E-1,-2.215389252E0,-2.383957386E0,3.382189156E0
3.773325046E1,-1.281241894E0,-2.470438004E0,-2.357587576E0,3.647309131E0
3.773827608E1,-1.627566218E0,-2.697366714E0,-2.410215855E0,3.966597970E0
3.774330171E1,-1.902034044E0,-2.815010071E0,-2.513181210E0,4.225883931E0
3.774832733E1,-1.970712781E0,-2.732563019E0,-2.689975262E0,4.311215191E0
3.775335296E1,-1.743651271E0,-2.473934174E0,-2.987565041E0,4.252789076E0
3.775837858E1,-1.462110996E0,-2.392812729E0,-3.380767822E0,4.392369792E0
3.776340421E1,-1.304951310E0,-2.799248695E0,-3.757904053E0,4.864209499E0
3.776842983E1,-1.550288677E0,-3.644008636E0,-4.102331638E0,5.701869763E0
3.777345540E1,-2.349690914E0,-4.772607803E0,-4.320466042E0,6.853120417E0
3.777848098E1,-3.445976734E0,-5.915757179E0,-4.456797600E0,8.169087067E0
3.778350655E1,-4.466433048E0,-6.799770355E0,-4.484219551E0,9.289463173E0
3.778853212E1,-5.335303307E0,-7.266365051E0,-4.295217514E0,9.985710587E0
3.779355770E1,-6.087003231E0,-7.282198906E0,-3.812118053E0,1.022811191E1
3.779858327E1,-6.607815742E0,-6.891132355E0,-3.073693514E0,1.002988165E1
3.780360884E1,-6.656797886E0,-6.223631859E0,-2.330557823E0,9.406277233E0
3.780863442E1,-6.149118423E0,-5.419816017E0,-1.766684771E0,8.384941152E0
3.781365999E1,-5.208521843E0,-4.624451637E0,-1.384357452E0,7.101457476E0
3.781868556E1,-4.113180637E0,-3.914950371E0,-1.142514944E0,5.792273453E0
3.782371113E1,-3.083659887E0,-3.201215744E0,-9.432129860E-1,4.543830023E0
3.782873671E1,-2.258104086E0,-2.493615150E0,-6.889450550E-1,3.433918443E0
3.783376228E1,-1.653536558E0,-1.740272522E0,-4.165289402E-1,2.436437555E0
3.783878785E1,-1.227674961E0,-9.895544052E-1,-1.811554432E-1,1.587205414E0
3.784381343E1,-8.416007757E-1,-2.607040405E-1,-9.399414062E-2,8.860549424E-1
3.784883900E1,-4.518773556E-1,3.555526733E-1,-1.216337681E-1,5.877121928E-1
3.785386457E1,-4.372793436E-2,8.836088181E-1,-2.152650356E-1,9.105029990E-1
3.785889014E1,3.545154929E-1,1.390933037E0,-3.686790466E-1,1.481991966E0
3.786391572E1,6.810616255E-1,1.877879620E0,-4.370484352E-1,2.044819830E0
3.786894129E1,9.557296038E-1,2.397268295E0,-3.908823729E-1,2.610192212E0
3.787396686E1,1.184064865E0,2.939582348E0,-3.397126198E-1,3.187249386E0
3.787899244E1,1.314586163E0,3.519123554E0,-2.401823997E-1,3.764313344E0
3.788401801E1,1.439831972E0,4.140475273E0,-1.020805836E-1,4.384868532E0
3.788904358E1,1.470454693E0,4.784262180E0,7.885503769E-2,5.005758657E0
3.789406916E1,1.460914016E0,5.397578239E0,2.633749247E-1,5.597989547E0
3.789909473E1,1.422375917E0,5.956273079E0,4.455024004E-1,6.139936044E0
3.790412030E1,1.293826222E0,6.407597542E0,6.193238497E-1,6.566190264E0
3.790914587E1,1.157516479E0,6.651120663E0,6.548779011E-1,6.782780811E0
3.791417145E1,1.037262797E0,6.591501236E0,4.566943645E-1,6.688226401E0
3.791919702E1,8.318573236E-1,6.176708221E0,2.076740265E-1,6.235931331E0
3.792422259E1,6.362054944E-1,5.474409103E0,-5.223464966E-2,5.511500787E0
3.792924817E1,5.973466635E-1,4.623950481E0,-2.350808978E-1,4.668297775E0
3.793427379E1,7.040272355E-1,3.716700077E0,-2.336972356E-1,3.790003722E0
3.793929942E1,9.593299627E-1,2.772161007E0,-1.132127643E-1,2.935644351E0
3.794432504E1,1.304382563E0,1.814536572E0,1.282734871E-1,2.238394721E0
3.794935067E1,1.623371005E0,9.061412811E-1,6.022483110E-1,1.954259059E0
3.795437629E1,1.810586929E0,-2.962112427E-2,1.232986212E0,2.190743581E0
3.795940192E1,1.990084410E0,-9.306716919E-1,1.944185138E0,2.933673739E0
3.796442754E1,2.118282795E0,-1.811600685E0,2.725741863E0,3.898549441E0
3.796945317E1,2.218853712E0,-2.672698975E0,3.605048895E0,5.006296949E0
3.797447879E1,2.224373817E0,-3.528577805E0,4.565458298E0,6.184020510E0
3.797950442E1,2.124863863E0,-4.255057335E0,5.623297691E0,7.364919299E0
3.798453004E1,1.953760147E0,-4.766295433E0,6.765544415E0,8.503372395E0
3.798955567E1,1.768377304E0,-4.995532036E0,7.777713299E0,9.411446370E0
3.799458129E1,1.520975113E0,-4.828134537E0,8.536418915E0,9.924449420E0
3.799960692E1,1.174035549E0,-4.321724892E0,9.038455009E0,1.008708751E1
3.800463254E1,8.291854858E-1,-3.552991867E0,9.286600113E0,9.977586954E0
3.800965817E1,5.165122151E-1,-2.632065773E0,9.294096947E0,9.673406492E0
3.801468379E1,2.663253546E-1,-1.659482002E0,9.017733574E0,9.173021777E0
3.801970942E1,6.552040577E-2,-7.118024826E-1,8.333984375E0,8.364583149E0
3.802473504E1,-3.713130951E-3,1.631460190E-1,7.512310028E0,7.514082271E0
3.802976067E1,5.903279781E-2,9.175453186E-1,6.669418335E0,6.732496952E0
3.803478629E1,4.348933697E-2,1.527521133E0,5.845510960E0,6.041954197E0
3.803981192E1,8.855795860E-2,2.069651127E0,5.085724831E0,5.491438368E0
3.804483754E1,1.748192310E-1,2.515238762E0,4.396655083E0,5.068290018E0
3.804986317E1,1.491723061E-1,2.802127361E0,3.708157539E0,4.650226066E0
3.805488879E1,1.026880741E-1,3.030829906E0,3.069827795E0,4.315126586E0
3.805991442E1,9.267735481E-2,3.163094521E0,2.573966980E0,4.079100643E0
3.806494004E1,1.476830244E-1,3.227691650E0,2.149688005E0,3.880845550E0
3.806996567E1,2.003724575E-1,3.196014404E0,1.792844057E0,3.670006404E0
3.807499129E1,1.543587446E-1,2.991768360E0,1.435243368E0,3.321810962E0
3.808001692E1,-5.341100693E-2,2.514895439E0,1.016813755E0,2.713201433E0
3.808504254E1,-3.468726873E-1,1.794495106E0,3.681802750E-1,1.864427542E0
3.809006817E1,-6.732072830E-1,9.407749176E-1,-4.051175117E-1,1.225718438E0
3.809509379E1,-9.311217070E-1,1.306419373E-1,-1.176536560E0,1.506085398E0
3.810011942E1,-9.523305893E-1,-4.783449173E-1,-1.785214186E0,2.079119309E0
3.810514504E1,-7.080152035E-1,-8.673696518E-1,-2.123111725E0,2.400253953E0
3.811017067E1,-2.080221176E-1,-1.084492683E0,-2.193134546E0,2.455450411E0
3.811519629E1,4.414111376E-1,-1.196684837E0,-2.094235420E0,2.452084906E0
3.812022192E1,1.200806618E0,-1.237289429E0,-1.844920158E0,2.525183568E0
3.812524754E1,1.958469152E0,-1.206040382E0,-1.512364864E0,2.752704544E0
3.813027317E1,2.664911747E0,-1.107447624E0,-1.159704685E0,3.110162346E0
3.813529879E1,3.247150898E0,-9.747753143E-1,-8.597608805E-1,3.497622713E0
3.814032442E1,3.675658226E0,-7.982797623E-1,-6.519380808E-1,3.817425472E0
3.814535004E1,3.916492939E0,-5.300254822E-1,-5.608338118E-1,3.991788887E0
3.815037567E1,3.926781416E0,-2.179145813E-1,-5.294895172E-1,3.968306717E0
3.815540129E1,3.778969765E0,1.427116394E-1,-5.105081797E-1,3.815966155E0
3.816042692E1,3.579130650E0,4.512376785E-1,-6.523265839E-1,3.665968033E0
3.816545254E1,3.299079895E0,7.028713226E-1,-9.305261374E-1,3.499119195E0
3.817047817E1,2.996982574E0,9.214658737E-1,-1.244212270E0,3.373287429E0
3.817550379E1,2.687687397E0,1.150007248E0,-1.535781264E0,3.302242315E0
3.818052942E1,2.338298082E0,1.316620827E0,-1.723920822E0,3.189518980E0
3.818555504E1,2.006696939E0,1.454753876E0,-1.794405222E0,3.059907114E0
3.819058067E1,1.702950239E0,1.573887348E0,-1.766421080E0,2.915030760E0
3.819560629E1,1.422531605E0,1.693096638E0,-1.735814095E0,2.811267145E0
3.820063192E1,1.227877140E0,1.769257069E0,-1.678798437E0,2.730625759E0
3.820565754E1,1.099841356E0,1.792814732E0,-1.509628654E0,2.588979402E0
3.821068316E1,1.014723539E0,1.758968830E0,-1.262338758E0,2.391052978E0
3.821570879E1,9.055675268E-1,1.710800648E0,-9.614940286E-1,2.161333424E0
3.822073442E1,7.489086390E-1,1.657793522E0,-6.411306858E-1,1.928779943E0
3.822576004E1,5.977352858E-1,1.599883556E0,-3.495362401E-1,1.743298726E0
3.823078566E1,4.570956230E-1,1.489196301E0,-4.414251447E-2,1.558393593E0
3.823581129E1,4.082982540E-1,1.426226616E0,2.840380371E-1,1.510465965E0
3.824083692E1,4.224071503E-1,1.363129616E0,6.675583124E-1,1.575494922E0
3.824586254E1,4.179217815E-1,1.290386200E0,1.028742433E0,1.702370745E0
3.825088816E1,3.659571409E-1,1.275028229E0,1.247215152E0,1.820760074E0
3.825591379E1,2.523138523E-1,1.226127625E0,1.442054868E0,1.909600344E0
3.826093942E1,1.343184710E-1,1.172470093E0,1.550787210E0,1.948760771E0
3.826596504E1,8.340930939E-2,1.071095467E0,1.406105280E0,1.769557761E0
3.827099066E1,-1.053905487E-2,9.316387177E-1,1.056508183E0,1.408641656E0
3.827601629E1,-2.526837587E-1,7.541418076E-1,4.741603732E-1,9.259627462E-1
3.828104192E1,-7.236834764E-1,5.002908707E-1,-4.400383830E-1,9.836882168E-1
3.828606754E1,-1.216944218E0,2.991647720E-1,-1.469200850E0,1.931062901E0
3.829109316E1,-1.693516850E0,1.266450882E-1,-2.339438438E0,2.890849444E0
3.829611879E1,-2.033093929E0,5.905914307E-2,-2.978539944E0,3.606751877E0
3.830114442E1,-2.178249359E0,8.188438416E-2,-3.362637281E0,4.007343860E0
3.830617004E1,-2.248886585E0,1.950216293E-1,-3.305554628E0,4.002776001E0
3.831119566E1,-2.221398354E0,4.127445221E-1,-2.822788239E0,3.615674505E0
3.831622129E1,-2.110589027E0,6.967248917E-1,-2.073496819E0,3.039638247E0
3.832124692E1,-1.969770432E0,1.027863503E0,-1.254558086E0,2.551551474E0
3.832627254E1,-1.866688490E0,1.367990494E0,-5.048448443E-1,2.368711090E0
3.833129816E1,-1.830784559E0,1.626382351E0,-8.209608495E-4,2.448855310E0
3.833632379E1,-1.910365939E0,1.817600727E0,1.772212684E-1,2.642835183E0
3.834134942E1,-2.062790155E0,1.927496910E0,-1.711709611E-2,2.823232289E0
3.834637504E1,-2.302843809E0,1.932379723E0,-4.484059811E-1,3.039448786E0
3.835140066E1,-2.654404402E0,1.832402706E0,-9.625862837E-1,3.366026554E0
3.835642629E1,-3.078702688E0,1.685016155E0,-1.459053159E0,3.800858562E0
3.836145192E1,-3.517744780E0,1.552346706E0,-1.780574203E0,4.237304936E0
3.836647754E1,-4.047066689E0,1.395907402E0,-1.909142971E0,4.687444201E0
3.837150316E1,-4.263973236E0,1.469011784E0,-1.817074656E0,4.862224150E0
3.837652879E1,-4.317622185E0,1.675831318E0,-1.638182521E0,4.912628004E0
3.838155442E1,-4.246994495E0,1.944570541E0,-1.348209023E0,4.861685346E0
3.838658004E1,-4.033785820E0,2.332686424E0,-9.088940620E-1,4.747519606E0
3.839160566E1,-3.698086977E0,2.749338627E0,-3.869670033E-1,4.624332777E0
3.839663129E1,-3.250507593E0,3.142079353E0,1.364573091E-1,4.522950682E0
3.840165692E1,-2.629818916E0,3.468076229E0,7.620849609E-1,4.418628039E0
3.840668254E1,-1.794017315E0,3.536294460E0,2.025291443E0,4.452603965E0
3.841170816E1,-1.236103296E0,3.088833809E0,3.580437899E0,4.887574164E0
3.841673379E1,-1.250310183E0,1.929836273E0,4.693922520E0,5.226896997E0
3.842175942E1,-1.444937944E0,1.215867996E-1,5.244486332E0,5.441255912E0
3.842678504E1,-1.256964207E0,-1.919737816E0,5.505198002E0,5.964273412E0
3.843181066E1,-7.672874928E-1,-4.485773087E0,5.439066887E0,7.091850173E0
3.843683629E1,-1.403863430E-1,-8.168573380E0,5.081433773E0,9.621136553E0
3.844186192E1,1.863757372E-1,-1.365979099E1,4.439500332E0,1.436432348E1
3.844688754E1,8.766775131E-1,-2.032083130E1,3.554088354E0,2.064791254E1
3.845191316E1,1.641542792E0,-2.637085152E1,2.746066093E0,2.656421185E1
3.845693879E1,2.127975464E0,-2.989777184E1,2.904812813E0,3.011383366E1
3.846196442E1,1.795813322E0,-2.866737747E1,4.081944466E0,2.901216550E1
3.846699004E1,1.111900330E0,-2.205089569E1,5.041706085E0,2.264723213E1
3.847201566E1,1.848485231E0,-1.417813301E1,5.215673447E0,1.521971100E1
3.847704124E1,3.545527935E0,-7.771206856E0,4.922306061E0,9.858576027E0
3.848206681E1,5.339968681E0,-3.219347954E0,4.512600899E0,7.696949632E0
3.848709238E1,6.604347706E0,-8.867359161E-2,3.916086197E0,7.678606822E0
3.849211796E1,7.560202599E0,2.312068939E0,3.668882608E0,8.715677008E0
3.849714353E1,8.095941544E0,4.567596912E0,3.946388721E0,1.009857391E1
3.850216910E1,8.594825745E0,6.677814007E0,4.281443119E0,1.169593881E1
3.850719468E1,9.286734581E0,7.977730751E0,3.569189072E0,1.275251888E1
3.851222025E1,9.836512566E0,8.573394775E0,2.136340380E0,1.322210375E1
3.851724582E1,1.005199909E1,8.915575981E0,7.320656776E-1,1.345608045E1
3.852227139E1,9.698447227E0,9.129474640E0,-4.604694843E-1,1.332738601E1
3.852729697E1,9.059121132E0,9.182152748E0,-1.283737421E0,1.296254553E1
3.853232254E1,8.417434692E0,9.140985489E0,-1.807436347E0,1.255697610E1
3.853734811E1,7.946658134E0,9.077885628E0,-2.078915358E0,1.224251902E1
3.854237369E1,7.556889057E0,9.007189751E0,-2.294289112E0,1.197914028E1
3.854739926E1,7.144408703E0,8.919231415E0,-2.529289246E0,1.170438246E1
3.855242483E1,6.887970448E0,8.727801323E0,-2.668018818E0,1.143402717E1
3.855745041E1,6.921992302E0,8.208246231E0,-2.566757441E0,1.103981555E1
3.856247598E1,6.933903694E0,7.217651367E0,-2.414095879E0,1.029569670E1
3.856750155E1,6.257087708E0,6.335333824E0,-2.385020733E0,9.218238722E0
3.857252712E1,5.236959457E0,5.656487942E0,-2.471369743E0,8.095015046E0
3.857755270E1,4.482188702E0,4.912752151E0,-2.572417498E0,7.130391367E0
3.858257827E1,3.849602222E0,3.994029045E0,-2.672857046E0,6.157586384E0
3.858760384E1,3.143405437E0,2.814288616E0,-2.699897528E0,5.009058277E0
3.859262942E1,2.245054245E0,1.182216644E0,-2.437913895E0,3.518711258E0
3.859765499E1,1.170485258E0,-8.112754822E-1,-1.930895805E0,2.399283697E0
3.860268056E1,2.559640408E-1,-2.759791374E0,-1.424886465E0,3.116451100E0
3.860770613E1,-4.593095779E-1,-4.678247452E0,-7.406684160E-1,4.758734518E0
3.861273171E1,-7.688286304E-1,-6.217993736E0,4.914005697E-1,6.284585753E0
3.861775728E1,-1.097955823E0,-7.485033989E0,1.954648376E0,7.813570956E0
3.862278285E1,-1.113779783E0,-8.958077431E0,6.219639778E0,1.096227967E1
3.862780843E1,-1.687088609E0,-8.584448814E0,7.825001240E0,1.173753270E1
3.863283400E1,-3.260720253E0,-7.064381599E0,6.218557358E0,9.960333306E0
3.863785962E1,-4.773019791E0,-5.399580002E0,4.313654423E0,8.399094987E0
3.864288525E1,-6.022157192E0,-4.255916595E0,3.392871380E0,8.117313565E0
3.864791087E1,-6.858666897E0,-3.666841507E0,3.008526087E0,8.338960814E0
3.865293650E1,-7.215717316E0,-3.292123795E0,2.118269920E0,8.209246184E0
3.865796212E1,-6.885978222E0,-2.791268349E0,9.036413431E-1,7.484947745E0
3.866298775E1,-6.434422016E0,-2.177747726E0,-7.369869947E-2,6.793364655E0
3.866801337E1,-5.875991344E0,-1.412340164E0,-7.422451973E-1,6.088752496E0
3.867303900E1,-5.020771027E0,-4.559717178E-1,-1.214127898E0,5.185572144E0
3.867806462E1,-4.182079315E0,5.770864487E-1,-1.636873007E0,4.527932134E0
3.868309025E1,-3.515181065E0,1.414475441E0,-1.801382184E0,4.195499549E0
3.868811587E1,-2.983463764E0,1.960761547E0,-1.629389524E0,3.924353717E0
3.869314150E1,-2.616657495E0,2.172958374E0,-1.282745123E0,3.635117549E0
3.869816712E1,-2.314818382E0,2.194543839E0,-8.370508552E-1,3.297735729E0
3.870319275E1,-2.235723257E0,1.929666996E0,-4.679078460E-1,2.990152329E0
3.870821837E1,-2.254508018E0,1.550412178E0,-1.831629276E-1,2.742286087E0
3.871324400E1,-2.179255486E0,1.223924637E0,-3.314232826E-2,2.499648856E0
3.871826962E1,-2.014907122E0,9.498376846E-1,2.302825451E-2,2.227683244E0
3.872329525E1,-1.862386823E0,7.040014267E-1,1.259815693E-2,1.991045303E0
3.872832087E1,-1.731750727E0,4.576101303E-1,-9.866464138E-2,1.793906999E0
3.873334650E1,-1.594895840E0,2.585363388E-1,-2.961960435E-1,1.642639910E0
3.873837212E1,-1.438234568E0,1.259098053E-1,-4.410755038E-1,1.509609072E0
3.874339775E1,-1.281776190E0,3.106307983E-2,-5.950819850E-1,1.413519609E0
3.874842337E1,-1.207468748E0,-4.505825043E-2,-6.810261011E-1,1.387013905E0
3.875344900E1,-1.225372076E0,-1.358165741E-1,-7.412707806E-1,1.438563602E0
3.875847462E1,-1.239838362E0,-2.411193848E-1,-8.230898976E-1,1.507585719E0
3.876350025E1,-1.265310526E0,-3.130168915E-1,-8.826385736E-1,1.574179517E0
3.876852587E1,-1.263185978E0,-3.228015900E-1,-8.618875146E-1,1.562910672E0
3.877355150E1,-1.232939243E0,-2.849197388E-1,-7.606807351E-1,1.476466598E0
3.877857712E1,-1.102363825E0,-2.042026520E-1,-6.408259273E-1,1.291341393E0
3.878360275E1,-8.712379336E-1,-1.237201691E-1,-6.023526788E-1,1.066391564E0
3.878862837E1,-6.111512780E-1,-5.113601685E-3,-6.299883723E-1,8.777342324E-1
3.879365400E1,-3.459326029E-1,9.909248352E-2,-6.606003642E-1,7.522509736E-1
3.879867962E1,-7.045018673E-2,2.177171707E-1,-5.929191709E-1,6.355447572E-1
3.880370525E1,2.488343716E-1,2.934007645E-1,-4.076883793E-1,5.605464902E-1
3.880873087E1,6.071672440E-1,3.309621811E-1,-1.434444189E-1,7.062324892E-1
3.881375650E1,9.758941531E-1,3.112335205E-1,1.131261587E-1,1.030549965E0
3.881878212E1,1.383555293E0,2.581281662E-1,3.519273996E-1,1.450761281E0
3.882380775E1,1.858422041E0,1.620807648E-1,5.772365332E-1,1.952742859E0
3.882883337E1,2.394790173E0,7.099914551E-2,7.886346579E-1,2.522301622E0
3.883385900E1,2.872019053E0,-1.023769379E-2,8.760113716E-1,3.002664512E0
3.883888462E1,3.202930450E0,-1.005477905E-1,8.685922623E-1,3.320139432E0
3.884391025E1,3.343959808E0,-2.284955978E-1,9.530980587E-1,3.484633890E0
3.884893587E1,3.261442184E0,-3.318967819E-1,1.066644311E0,3.447446980E0
3.885396150E1,3.041911125E0,-4.348106384E-1,1.237281561E0,3.312574414E0
3.885898712E1,2.714772224E0,-4.943761826E-1,1.335154295E0,3.065458046E0
3.886401275E1,2.228503227E0,-4.917211533E-1,1.379026413E0,2.666407728E0
3.886903837E1,1.722996950E0,-3.936748505E-1,1.301475644E0,2.194888888E0
3.887406400E1,1.247029424E0,-2.674083710E-1,1.126731157E0,1.701796910E0
3.887908962E1,9.156951904E-1,-1.177635193E-1,8.981080055E-1,1.288007732E0
3.888411525E1,6.570321321E-1,2.675056458E-3,6.781599522E-1,9.442453597E-1
3.888914087E1,4.708992839E-1,1.178989410E-1,4.718745947E-1,6.769873920E-1
3.889416650E1,3.567770123E-1,1.705617905E-1,3.795975447E-1,5.481564164E-1
3.889919212E1,2.330541611E-1,1.606550217E-1,3.815063238E-1,4.750487902E-1
3.890421775E1,1.568139791E-1,9.775924683E-2,3.191825151E-1,3.688156347E-1
3.890924337E1,1.133869886E-1,-6.114578247E-2,2.497707605E-1,2.810353158E-1
3.891426900E1,4.044318199E-2,-2.299242020E-1,1.921010017E-1,3.023302573E-1
3.891929462E1,-1.050105095E-1,-3.895006180E-1,1.172680855E-1,4.201068226E-1
3.892432025E1,-2.365924120E-1,-5.112667084E-1,-5.609464645E-2,5.661415246E-1
3.892934587E1,-4.209722281E-1,-5.904617310E-1,-2.174096107E-1,7.570532421E-1
3.893437150E1,-5.044879913E-1,-6.558370590E-1,-4.188323021E-1,9.273892811E-1
3.893939712E1,-5.539368391E-1,-6.451807022E-1,-6.071605682E-1,1.044867511E0
3.894442275E1,-4.543907642E-1,-5.728855133E-1,-7.867643833E-1,1.074088904E0
3.894944837E1,-1.728464365E-1,-4.771738052E-1,-9.190125465E-1,1.049835602E0
3.895447400E1,2.084392309E-1,-3.770656586E-1,-1.027665138E0,1.114325383E0
3.895949962E1,5.644130111E-1,-3.011465073E-1,-1.126922846E0,1.295841953E0
3.896452525E1,8.228791952E-1,-3.162403107E-1,-1.221437216E0,1.506335612E0
3.896955087E1,1.031625748E0,-3.743562698E-1,-1.268044233E0,1.677000441E0
3.897457650E1,1.133542776E0,-4.419355392E-1,-1.333526134E0,1.805136615E0
3.897960212E1,1.162723660E0,-5.141563416E-1,-1.384032249E0,1.879315919E0
3.898462775E1,1.210684180E0,-5.958204269E-1,-1.467238188E0,1.993375545E0
3.898965337E1,1.272731662E0,-6.437788010E-1,-1.606640100E0,2.148392292E0
3.899467900E1,1.277105093E0,-6.866273880E-1,-1.796933174E0,2.308987532E0
3.899970462E1,1.209282875E0,-7.146911621E-1,-2.009129047E0,2.451478749E0
3.900473025E1,1.064522982E0,-7.183151245E-1,-2.209440708E0,2.555545742E0
3.900975587E1,8.666862845E-1,-7.166023254E-1,-2.378705263E0,2.631140957E0
3.901478150E1,6.443875432E-1,-7.143306732E-1,-2.493157625E0,2.672328303E0
3.901980712E1,4.405462742E-1,-7.115602493E-1,-2.548427582E0,2.682327748E0
3.902483275E1,2.645486593E-1,-7.035903931E-1,-2.588015795E0,2.694967753E0
3.902985837E1,7.319235802E-2,-6.761760712E-1,-2.588439941E0,2.676302025E0
3.903488400E1,-1.096937656E-1,-6.485424042E-1,-2.564393997E0,2.647405625E0
3.903990962E1,-3.079155684E-1,-5.968885422E-1,-2.540135384E0,2.627427582E0
3.904493525E1,-5.070806742E-1,-5.452032089E-1,-2.511019707E0,2.619083297E0
3.904996087E1,-6.879706383E-1,-4.888505936E-1,-2.472695112E0,2.612757092E0
3.905498650E1,-8.552961349E-1,-4.517927170E-1,-2.444384336E0,2.628813976E0
3.906001212E1,-1.009029627E0,-4.292783737E-1,-2.407075882E0,2.645077506E0
3.906503775E1,-1.149084568E0,-3.925971985E-1,-2.379850149E0,2.671743745E0
3.907006337E1,-1.284953713E0,-3.896350861E-1,-2.357988358E0,2.713490490E0
3.907508900E1,-1.459395885E0,-4.108047485E-1,-2.360544682E0,2.805488921E0
3.908011462E1,-1.628964067E0,-4.560852051E-1,-2.363454819E0,2.906450812E0
3.908514025E1,-1.793221116E0,-5.445604324E-1,-2.371289492E0,3.022449650E0
3.909016587E1,-1.908768058E0,-6.331577301E-1,-2.388775587E0,3.122584349E0
3.909519150E1,-1.980422616E0,-7.362546921E-1,-2.387289524E0,3.187992469E0
3.910021712E1,-2.041774273E0,-8.681812286E-1,-2.433837652E0,3.293348834E0
3.910524275E1,-2.151311159E0,-1.095838547E0,-2.609955311E0,3.555399914E0
3.911026837E1,-2.348692417E0,-1.309103012E0,-2.590683937E0,3.733865293E0
3.911529400E1,-2.518464804E0,-1.599161148E0,-2.639945030E0,3.983627883E0
3.912031962E1,-2.703485966E0,-1.827473640E0,-2.786907911E0,4.291311219E0
3.912534525E1,-2.803109884E0,-2.004003525E0,-2.883956909E0,4.493402119E0
3.913037087E1,-2.746139288E0,-2.176861763E0,-3.108709335E0,4.684451073E0
3.913539650E1,-2.501066208E0,-2.398742676E0,-3.600236893E0,4.997099587E0
3.914042212E1,-2.147250652E0,-2.688464165E0,-4.338822365E0,5.537499837E0
3.914544775E1,-1.883161426E0,-2.744297028E0,-5.179987907E0,6.157088423E0
3.915047337E1,-1.714597344E0,-2.221719742E0,-6.060035706E0,6.678316810E0
3.915549900E1,-1.498081207E0,-1.412562370E0,-6.991275787E0,7.288176513E0
3.916052462E1,-1.219727874E0,-9.090528488E-1,-7.979958057E0,8.123659506E0
3.916555025E1,-1.195131779E0,-1.005716324E0,-8.796830177E0,8.934429274E0
3.917057587E1,-1.751845598E0,-1.527683258E0,-9.173614502E0,9.463507921E0
3.917560150E1,-2.840841770E0,-2.266948700E0,-9.033780098E0,9.737485365E0
3.918062712E1,-4.104995251E0,-3.097697258E0,-8.364668846E0,9.819083420E0
3.918565275E1,-5.331189632E0,-3.866228104E0,-7.169760704E0,9.735233495E0
3.919067832E1,-6.279078484E0,-4.625283241E0,-5.544839859E0,9.568976995E0
3.919570389E1,-6.758504391E0,-5.222586632E0,-3.811758995E0,9.353197280E0
3.920072947E1,-6.801840305E0,-5.597795486E0,-1.949466467E0,9.022237270E0
3.920575504E1,-6.568240166E0,-5.849158287E0,-1.059825420E-1,8.795775341E0
3.921078061E1,-6.055690765E0,-5.965246201E0,1.760611773E0,8.680743441E0
3.921580619E1,-5.345032215E0,-5.925216675E0,3.518572330E0,8.721118808E0
3.922083176E1,-4.465670586E0,-5.588281631E0,4.744156837E0,8.583596535E0
3.922585733E1,-3.638634682E0,-4.922711372E0,5.221672535E0,8.046030926E0
3.923088290E1,-2.868246317E0,-4.034331322E0,4.982566833E0,7.023434943E0
3.923590848E1,-2.244207382E0,-3.128366470E0,4.204599380E0,5.701034950E0
3.924093405E1,-1.711185694E0,-2.280243874E0,3.416376829E0,4.449640350E0
3.924595962E1,-1.184073329E0,-1.546165466E0,2.558274746E0,3.215186927E0
3.925098520E1,-6.441591978E-1,-8.962812424E-1,1.915309429E0,2.210581676E0
3.925601077E1,-2.158216834E-1,-2.963476181E-1,1.522510052E0,1.566026107E0
3.926103634E1,2.974407673E-1,8.211803436E-2,9.798018932E-1,1.027242002E0
3.926606192E1,9.902300239E-1,4.839782715E-1,4.903880358E-1,1.206346092E0
3.927108749E1,1.054110289E0,1.014715195E0,7.487311363E-1,1.643591720E0
3.927611306E1,8.479420543E-1,1.271907806E0,1.475889325E0,2.124853994E0
3.928113863E1,9.174193144E-1,1.355625153E0,1.828792334E0,2.454355140E0
3.928616421E1,1.179603338E0,1.528762817E0,1.870533347E0,2.688396323E0
3.929118978E1,1.926651716E0,1.676360607E0,1.482493401E0,2.952957569E0
3.929621535E1,3.141071320E0,1.492751122E0,9.865924120E-1,3.614968815E0
3.930124093E1,4.215619087E0,1.404532433E0,3.405213356E-1,4.456468380E0
3.930626650E1,4.593396664E0,1.937979221E0,6.612193584E-2,4.985923032E0
3.931129207E1,4.567690849E0,2.814545155E0,4.050327539E-1,5.380475411E0
3.931631764E1,4.388812542E0,3.617319584E0,9.673011303E-1,5.769085541E0
3.932134322E1,4.405817032E0,3.982888222E0,1.388308048E0,6.099345993E0
3.932636879E1,4.401793957E0,3.974228859E0,1.629765630E0,6.150318778E0
3.933139436E1,4.074621201E0,3.922076702E0,1.730716586E0,5.914440251E0
3.933641994E1,3.759781837E0,3.797914982E0,1.797547102E0,5.638376828E0
3.934144551E1,3.366966724E0,3.577975750E0,1.721440673E0,5.205932518E0
3.934647108E1,3.159626961E0,3.152459145E0,1.652164459E0,4.759294968E0
3.935149671E1,3.094010353E0,2.631768703E0,1.743831635E0,4.420413481E0
3.935652233E1,2.891992569E0,1.958755016E0,1.891837478E0,3.972328193E0
3.936154796E1,2.463166714E0,1.329602242E0,2.091807842E0,3.494380121E0
3.936657358E1,2.850366831E0,1.464252472E-1,2.248982668E0,3.633724599E0
3.937159921E1,3.059880257E0,-9.823036194E-1,2.530845642E0,4.090594975E0
3.937662483E1,2.340715408E0,-1.411057472E0,2.497457743E0,3.702340745E0
3.938165046E1,2.072215796E0,-2.078351974E0,2.479845285E0,3.842298514E0
3.938667608E1,2.735846996E0,-3.170386314E0,2.731356382E0,4.999651574E0
3.939170171E1,3.451983929E0,-4.217513084E0,3.746976376E0,6.613882492E0
3.939672733E1,4.026748657E0,-5.028110504E0,4.829246521E0,8.050976459E0
3.940175296E1,4.085627556E0,-5.425217628E0,5.764441967E0,8.908093513E0
3.940677858E1,3.548017025E0,-5.198873520E0,6.578543186E0,9.104610982E0
3.941180421E1,2.861248016E0,-4.823528290E0,7.331180573E0,9.230350695E0
3.941682983E1,1.932509661E0,-4.108362198E0,7.666371346E0,8.909909267E0
3.942185546E1,7.469559312E-1,-3.025610924E0,7.182013035E0,7.829021386E0
3.942688108E1,-1.739283800E-1,-1.968463898E0,6.677556992E0,6.963825714E0
3.943190671E1,-3.636188507E-1,-1.300601006E0,6.191518784E0,6.337088171E0
3.943693233E1,-1.815478802E-1,-8.635568619E-1,5.853663921E0,5.919803324E0
3.944195796E1,-9.816050529E-2,-5.132408142E-1,5.554553509E0,5.579078445E0
3.944698358E1,-2.675012350E-1,-1.345386505E-1,5.333163261E0,5.341562312E0
3.945200921E1,-5.510696173E-1,1.578607559E-1,5.070187092E0,5.102489087E0
3.945703483E1,-7.960149050E-1,2.397603989E-1,4.613352299E0,4.687658713E0
3.946206046E1,-9.643779993E-1,1.496410370E-1,4.002464294E0,4.119725451E0
3.946708608E1,-1.209346890E0,-2.152633667E-2,3.478415728E0,3.682710857E0
3.947211171E1,-1.320140600E0,-3.024473190E-1,3.008664131E0,3.299440171E0
3.947713733E1,-1.378130317E0,-6.978359222E-1,2.608221531E0,3.031342557E0
3.948216296E1,-1.460121274E0,-1.231493950E0,2.186840534E0,2.903584510E0
3.948718858E1,-1.733084917E0,-1.912904739E0,1.682988167E0,3.081434251E0
3.949221421E1,-2.228776217E0,-2.335479736E0,1.187110424E0,3.439642450E0
3.949723983E1,-2.772002697E0,-2.824930191E0,5.072389245E-1,3.990178049E0
3.950226546E1,-2.868295193E0,-3.185205460E0,-2.750167251E-1,4.295146718E0
3.950729108E1,-2.752789497E0,-3.234704018E0,-8.240519166E-1,4.326687146E0
3.951231671E1,-2.583825111E0,-2.992962837E0,-1.464038849E0,4.216324051E0
3.951734233E1,-2.137893438E0,-2.517724037E0,-2.082823277E0,3.904827203E0
3.952236796E1,-1.670792103E0,-1.871383667E0,-2.405719280E0,3.475788880E0
3.952739358E1,-1.122676373E0,-9.918680191E-1,-2.527315140E0,2.937945919E0
3.953241921E1,-5.914483666E-1,-8.021545410E-2,-2.513834715E0,2.583720314E0
3.953744483E1,-4.223237038E-1,7.870302200E-1,-2.584719658E0,2.734693692E0
3.954247046E1,-4.901674986E-1,1.471135139E0,-2.552598476E0,2.986680726E0
3.954749608E1,-6.072999835E-1,2.115677357E0,-2.321598530E0,3.199175469E0
3.955252171E1,-6.054867506E-1,2.754076481E0,-2.006743431E0,3.461007175E0
3.955754733E1,-5.607585311E-1,3.424510002E0,-1.785408735E0,3.902486802E0
3.956257296E1,-4.106880426E-1,4.107736111E0,-1.557339668E0,4.412195311E0
3.956759858E1,-3.653624058E-1,4.636277676E0,-1.299063683E0,4.828677544E0
3.957262421E1,-3.044398427E-1,4.948124409E0,-7.965617776E-1,5.021068556E0
3.957764983E1,-6.057554483E-2,5.359264374E0,-2.192025185E-1,5.364087412E0
3.958267546E1,1.310452819E-1,5.745360851E0,2.830586433E-1,5.753821893E0
3.958770108E1,2.800189853E-1,5.872191906E0,2.883445621E-1,5.885931617E0
3.959272671E1,5.591080785E-1,5.783110142E0,6.483846903E-2,5.810436196E0
3.959775233E1,8.486710787E-1,5.559660435E0,-4.272186756E-2,5.624223672E0
3.960277796E1,1.191671729E0,5.254603386E0,-4.880654812E-2,5.388257634E0
3.960780358E1,1.606421947E0,4.992436886E0,1.747262478E-2,5.244551728E0
3.961282921E1,1.924619436E0,4.797094822E0,1.077883244E-1,5.169903000E0
3.961785483E1,2.041261911E0,4.525060177E0,1.452362537E-1,4.966287684E0
3.962288046E1,2.091614246E0,4.310368538E0,1.581119299E-1,4.793654813E0
3.962790608E1,2.191423893E0,4.176913261E0,2.464827299E-1,4.723314176E0
3.963293171E1,2.374324322E0,4.115118980E0,4.289486408E-1,4.770284807E0
3.963795733E1,2.625321388E0,4.101134300E0,6.474109292E-1,4.912306571E0
3.964298296E1,2.885955334E0,4.120727539E0,8.485795259E-1,5.101884049E0
3.964800858E1,3.059951782E0,4.064056396E0,1.065203786E0,5.197549269E0
3.965303421E1,3.132532120E0,3.912292957E0,1.282139301E0,5.173265396E0
3.965805983E1,3.260985374E0,3.833068371E0,1.503866434E0,5.252433055E0
3.966308546E1,3.367757797E0,3.749940395E0,1.705941916E0,5.321097948E0
3.966811108E1,3.352014542E0,3.624768734E0,1.825890183E0,5.263917251E0
3.967313671E1,3.371947527E0,3.414658070E0,1.844354272E0,5.141163539E0
3.967816233E1,3.389323235E0,3.201043129E0,1.814038277E0,5.002491776E0
3.968318796E1,3.318131447E0,3.141759872E0,1.758931875E0,4.896375469E0
3.968821358E1,3.144047737E0,3.184024811E0,1.726798773E0,4.796340706E0
3.969323921E1,2.809619188E0,3.160354614E0,1.674369097E0,4.548110942E0
3.969826483E1,2.477425098E0,3.156805038E0,1.405986547E0,4.252040844E0
3.970329046E1,2.171200275E0,3.096537590E0,9.375178218E-1,3.896356676E0
3.970831608E1,1.933189988E0,3.074850082E0,3.284068108E-1,3.646886013E0
3.971334171E1,1.442332983E0,2.847495556E0,-6.974500418E-1,3.267260616E0
3.971836733E1,2.527800202E-2,1.726033688E0,-3.631752014E0,4.021125957E0
3.972339296E1,-2.006910801E0,7.877111435E-1,-5.430537701E0,5.842852003E0
3.972841858E1,-3.840400457E0,1.234130859E-1,-5.621963501E0,6.809580021E0
3.973344421E1,-5.456937790E0,-3.050918579E-1,-4.844709396E0,7.303592282E0
3.973846983E1,-6.562211514E0,-4.163961411E-1,-3.851748705E0,7.620496951E0
3.974349546E1,-7.199175358E0,-3.924493790E-1,-3.174647808E0,7.877850662E0
3.974852108E1,-7.813136101E0,-5.107860565E-1,-2.612210035E0,8.254068051E0
3.975354671E1,-8.194134712E0,-7.330741882E-1,-2.288471222E0,8.539223734E0
3.975857233E1,-8.371804237E0,-9.924345016E-1,-2.135806084E0,8.696763769E0
3.976359796E1,-8.438150406E0,-1.217416763E0,-2.296563387E0,8.829421795E0
3.976862358E1,-8.264859200E0,-1.269805908E0,-2.582416773E0,8.751524497E0
3.977364921E1,-7.648146629E0,-1.231610298E0,-2.838416815E0,8.250310346E0
3.977867483E1,-6.619702339E0,-9.647197723E-1,-2.933705807E0,7.304640515E0
3.978370046E1,-5.359919071E0,-4.267358780E-1,-2.814280510E0,6.068855802E0
3.978872608E1,-4.111183643E0,1.618261337E-1,-2.388466358E0,4.757393214E0
3.979375171E1,-2.756884813E0,8.439731598E-1,-1.288151741E0,3.157853619E0
3.979877733E1,-1.137916446E0,1.361662865E0,3.985258341E-1,1.818736494E0
3.980380296E1,2.164584845E-1,1.457276344E0,1.483187318E0,2.090538983E0
3.980882858E1,9.617078304E-1,1.150850296E0,2.194618702E0,2.658136490E0
3.981385421E1,1.282260776E0,5.052556992E-1,2.484578848E0,2.841233547E0
3.981887983E1,1.220108509E0,-3.022470474E-1,2.378164291E0,2.689922573E0
3.982390546E1,9.371476173E-1,-1.616138458E0,2.188711643E0,2.877604530E0
3.982893108E1,4.235214591E-1,-4.096311569E0,1.909861684E0,4.539461482E0
3.983395671E1,-7.026600838E-1,-8.229724884E0,2.190354586E0,8.545159804E0
3.983898233E1,-1.421051025E0,-1.247018147E1,2.596247196E0,1.281660295E1
3.984400796E1,-2.880280316E-1,-1.491440010E1,3.438260078E0,1.530829588E1
3.984903358E1,1.219519615E0,-1.555924034E1,5.180443764E0,1.644427516E1
3.985405921E1,2.227751255E0,-1.512764931E1,7.574749947E0,1.706415793E1
3.985908483E1,2.435362101E0,-1.471935177E1,8.991412163E0,1.741940865E1
3.986411046E1,2.465627432E0,-1.338661575E1,8.867808342E0,1.624557862E1
3.986913608E1,2.334509611E0,-1.102029514E1,8.633824348E0,1.419294765E1
3.987416171E1,2.219643116E0,-8.300697327E0,8.288776398E0,1.193868526E1
3.987918733E1,2.541367292E0,-6.108349800E0,7.656355858E0,1.011880774E1
3.988421291E1,2.981923819E0,-3.959866524E0,6.920773983E0,8.512903445E0
3.988923848E1,3.290024042E0,-1.836450577E0,5.980398178E0,7.068378264E0
3.989426405E1,3.358364105E0,-1.115198135E-1,5.126613617E0,6.129699284E0
3.989928962E1,3.114084244E0,1.248576164E0,4.525434494E0,5.633473216E0
3.990431520E1,2.624977589E0,2.306096077E0,3.988246441E0,5.302329312E0
3.990934077E1,2.132323503E0,3.084927082E0,3.493512154E0,5.125251778E0
3.991436634E1,1.820184827E0,3.872004032E0,3.043225765E0,5.250401041E0
3.991939192E1,1.580342054E0,4.547504425E0,2.705867767E0,5.522589780E0
3.992441749E1,1.424238920E0,4.896205425E0,2.525125742E0,5.690126895E0
3.992944306E1,1.406352043E0,5.081079483E0,2.419023991E0,5.800592371E0
3.993446863E1,1.446955681E0,5.140653610E0,2.443235636E0,5.872767717E0
3.993949421E1,1.303883553E0,5.022654057E0,3.957283020E0,6.525891126E0
3.994451978E1,1.343716741E0,4.526935577E0,6.711219788E0,8.206046030E0
3.994954535E1,2.404508114E0,3.625531673E0,7.034295082E0,8.270879426E0
3.995457093E1,4.128778934E0,2.634567738E0,5.422578812E0,7.306991421E0
3.995959650E1,5.147988319E0,2.094504833E0,3.302801132E0,6.465077691E0
3.996462207E1,5.179714680E0,1.669732571E0,1.689161539E0,5.698308321E0
3.996964764E1,4.805458546E0,1.101535797E0,7.611519098E-1,4.988503300E0
3.997467322E1,4.419996738E0,4.329185486E-1,3.236473203E-1,4.452924570E0
3.997969879E1,4.020137310E0,-1.830663681E-1,2.283114195E-2,4.024368093E0
3.998472436E1,3.625638008E0,-6.604213715E-1,-1.934278607E-1,3.690368774E0
3.998974994E1,3.112456560E0,-9.849662781E-1,-8.793882728E-1,3.380956690E0
3.999477551E1,2.519811869E0,-1.223913193E0,-2.734480619E0,3.914690232E0
3.999980108E1,2.524619102E0,-1.176249504E0,-2.610771179E0,3.817511055E0
4.000482666E1,2.612138033E0,-7.459802628E-1,-1.660537720E0,3.183887117E0
4.000985223E1,1.811590075E0,5.718040466E-2,-2.099922895E0,2.773951039E0
4.001487780E1,4.251705110E-1,8.355407715E-1,-3.155586004E0,3.291902394E0
4.001990337E1,-8.556196094E-1,1.555096626E0,-4.158442020E0,4.521399172E0
4.002492895E1,-1.556158781E0,1.938207150E0,-4.431726456E0,5.081188491E0
4.002995452E1,-1.910281658E0,1.899140835E0,-4.131710529E0,4.932235175E0
4.003498009E1,-1.806501627E0,1.347642899E0,-3.755587578E0,4.379957484E0
4.004000572E1,-1.459283829E0,5.907411575E-1,-3.753110886E0,4.069929450E0
4.004503134E1,-1.459888220E0,2.794532776E-1,-3.809047222E0,4.088790590E0
4.005005697E1,-1.327019334E0,-2.512111664E-1,-4.059092999E0,4.277887719E0
4.005508259E1,-9.773524404E-1,-6.898603439E-1,-3.836497784E0,4.018686394E0
4.006010822E1,-6.501205564E-1,-4.433422089E-1,-3.519305229E0,3.606205533E0
4.006513384E1,-6.379386783E-1,1.577291489E-1,-3.260181904E0,3.325752590E0
4.007015947E1,-3.009132147E-1,3.143281937E-1,-2.394866705E0,2.434078370E0
4.007518509E1,2.353948355E-2,1.751832962E-1,-1.371370077E0,1.382714426E0
4.008021072E1,5.187708139E-2,-4.912471771E-2,-6.517959833E-1,6.556999873E-1
4.008523634E1,1.136708260E-1,-5.500602722E-1,2.253297567E-1,6.051948934E-1
4.009026197E1,1.513017416E-1,-1.236729622E0,9.411630630E-1,1.561467350E0
4.009528759E1,-1.186907291E-2,-1.975305557E0,1.559840441E0,2.516957513E0
4.010031322E1,-3.168823719E-1,-2.436088562E0,2.054661512E0,3.202588929E0
4.010533884E1,6.801575422E-2,-2.820407867E0,2.972333193E0,4.098059454E0
4.011036447E1,5.413848162E-1,-2.951195717E0,3.342740536E0,4.491833475E0
4.011539009E1,5.090353489E-1,-3.082059860E0,3.495058775E0,4.687605552E0
4.012041572E1,7.937483788E-1,-2.457281113E0,3.838503838E0,4.626270492E0
4.012544134E1,9.670839906E-1,-1.417000771E0,3.998334169E0,4.350841155E0
4.013046697E1,8.310005665E-1,-3.153238297E-1,3.696486473E0,3.801842094E0
4.013549259E1,-2.082695961E-1,2.177432060E0,2.873915672E0,3.611644763E0
4.014051822E1,-1.210499167E0,2.099502563E0,3.287241697E0,4.084014841E0
4.014554384E1,-1.926472783E0,8.881292343E-1,3.445598602E0,4.046260082E0
4.015056947E1,-2.739807129E0,1.571531296E0,3.125938892E0,4.443843795E0
4.015559509E1,-3.088604450E0,1.253644943E0,3.667448997E0,4.955934346E0
4.016062072E1,-2.665129900E0,-5.031299591E-2,3.552162170E0,4.441092756E0
4.016564634E1,-2.489929199E0,1.247825623E0,2.038574457E0,3.451463750E0
4.017067197E1,-2.364144802E0,1.151788712E0,2.522087574E0,3.643723866E0
4.017569759E1,-1.507078052E0,-1.790962219E-1,2.584592581E0,2.997245155E0
4.018072322E1,-4.459142685E-1,-5.550575256E-2,8.035786748E-1,9.206840446E-1
4.018574884E1,6.720401049E-1,-5.015439987E-1,4.615241885E-1,9.571775498E-1
4.019077447E1,1.409654856E0,-8.657150269E-1,3.194575906E-1,1.684827134E0
4.019580009E1,1.822995782E0,-2.176792145E0,5.043342710E-1,2.883763291E0
4.020082572E1,2.897994041E0,-1.458784103E0,-3.596775532E-1,3.264320521E0
4.020585134E1,3.664860249E0,-1.454049110E0,-1.031666517E0,4.075511656E0
4.021087697E1,3.705778122E0,-8.077716827E-1,-2.404607773E0,4.490815641E0
4.021590259E1,3.345180035E0,5.419940948E-1,-3.819769859E0,5.106332230E0
4.022092822E1,2.964518547E0,1.834363461E0,-4.075802326E0,5.363340761E0
4.022595384E1,2.644132614E0,2.457367897E0,-3.858825922E0,5.283997706E0
4.023097947E1,2.255142450E0,2.038571358E0,-3.563734293E0,4.684190727E0
4.023600509E1,1.349115491E0,2.597245693E0,-3.645618916E0,4.675075943E0
4.024103072E1,8.467185497E-1,2.338361740E0,-3.258998871E0,4.099505040E0
4.024605634E1,6.874140501E-1,6.503248215E-1,-2.941836834E0,3.090285490E0
4.025108197E1,4.232456684E-1,1.457691193E-1,-2.833689451E0,2.868829280E0
4.025610759E1,6.440131664E-1,-8.366270065E-1,-2.228235245E0,2.465710853E0
4.026113322E1,7.422405481E-1,-1.076931000E0,-2.189166546E0,2.550127757E0
4.026615884E1,1.086092949E0,-1.408295631E0,-1.669716120E0,2.439435672E0
4.027118447E1,1.072522879E0,-1.481513977E0,-1.541445374E0,2.391911962E0
4.027621009E1,1.166024923E0,-1.636479378E0,-1.297068834E0,2.391666038E0
4.028123572E1,1.270634890E0,-1.576498985E0,-1.122682810E0,2.315227584E0
4.028626134E1,1.309286594E0,-1.392597198E0,-8.502974510E-1,2.092023924E0
4.029128697E1,1.243701339E0,-9.557676315E-1,-5.706264377E-1,1.669101350E0
4.029631259E1,1.130844355E0,-4.862241745E-1,-3.933122158E-1,1.292252840E0
4.030133822E1,9.511245489E-1,-1.260948181E-2,-2.077980638E-1,9.736410745E-1
4.030636384E1,7.423659563E-1,3.455829620E-1,-5.213785172E-2,8.205200499E-1
4.031138947E1,3.371144533E-1,6.219873428E-1,7.854324579E-2,7.118170065E-1
4.031641509E1,-5.830705166E-2,8.739881516E-1,2.937268615E-1,9.238671282E-1
4.032144072E1,-6.582998037E-1,1.240154266E0,3.392746449E-1,1.444454402E0
4.032646634E1,-1.040932894E0,1.825378895E0,5.732725859E-1,2.178116355E0
4.033149197E1,-1.335903525E0,2.394899368E0,9.987869263E-1,2.918519580E0
4.033651759E1,-1.219295979E0,2.623409748E0,1.771577477E0,3.392262983E0
4.034154322E1,-1.109220147E0,2.530392170E0,2.124616623E0,3.485290470E0
4.034656884E1,-1.207171202E0,2.393608093E0,2.158962727E0,3.442054920E0
4.035159447E1,-1.268363714E0,2.260915756E0,1.914479375E0,3.222687984E0
4.035662009E1,-1.076620698E0,1.496252060E0,1.718265176E0,2.519983645E0
4.036164572E1,-8.265100718E-1,7.315835953E-1,1.423144698E0,1.801020346E0
4.036667134E1,-2.729090452E-1,5.887069702E-1,7.202173471E-1,9.694164589E-1
4.037169697E1,4.113413692E-1,2.782077789E-1,-1.575067043E-1,5.209699148E-1
4.037672259E1,1.100538492E0,8.530969620E-1,-1.005691051E0,1.717665244E0
4.038174822E1,1.786827087E0,1.313574791E0,-1.443820715E0,2.646289483E0
4.038677384E1,2.347951889E0,9.572324753E-1,-1.309192300E0,2.853621657E0
4.039179947E1,2.743963718E0,3.064079285E-1,-9.576753974E-1,2.922390267E0
4.039682509E1,2.553313494E0,-5.670623779E-1,-7.168775201E-1,2.711988738E0
4.040185072E1,1.988335371E0,-1.462511063E0,-6.794830561E-1,2.560100267E0
4.040687634E1,1.391426325E0,-2.394894600E0,-4.505162239E-1,2.806163258E0
4.041190197E1,7.080954313E-1,-2.862843513E0,-2.006914616E-1,2.955934571E0
4.041692759E1,-1.117312312E-1,-2.982322693E0,-2.286446095E-1,2.993160682E0
4.042195322E1,-6.689752340E-1,-2.797123909E0,-6.256402731E-1,2.943272970E0
4.042697884E1,-7.293635011E-1,-2.264572144E0,-1.285689116E0,2.704302981E0
4.043200447E1,-5.723194480E-1,-1.815397263E0,-1.806374311E0,2.624157946E0
4.043703009E1,-5.921829939E-1,-1.100242615E0,-2.445778608E0,2.746460906E0
4.044205572E1,-7.613802552E-1,-2.006149292E-1,-3.083619833E0,3.182555187E0
4.044708134E1,-6.075558662E-1,7.161836624E-1,-3.861930847E0,3.974487770E0
4.045210697E1,-3.718559146E-1,1.521474361E0,-4.486814499E0,4.752332627E0
4.045713259E1,-2.137840986E-1,1.799765110E0,-5.081027508E0,5.394599024E0
4.046215822E1,2.816917002E-1,1.796100140E0,-5.656949997E0,5.941919656E0
4.046718384E1,1.385158300E0,2.142830849E0,-6.139979362E0,6.649040091E0
4.047220947E1,2.271024466E0,2.075149536E0,-6.464802265E0,7.159431964E0
4.047723509E1,1.485347867E0,6.994247437E-1,-6.434449196E0,6.640601608E0
4.048226072E1,-1.198026657E0,-1.897224426E0,-6.088974953E0,6.489248367E0
4.048728634E1,-3.586477518E0,-3.791501999E0,-5.684837341E0,7.717232923E0
4.049231197E1,-4.110676289E0,-3.975807190E0,-5.225135803E0,7.746402166E0
4.049733759E1,-2.684424400E0,-3.103601456E0,-4.307914734E0,5.949504661E0
4.050236322E1,-1.520961523E0,-1.947176933E0,-3.554908514E0,4.329225855E0
4.050738884E1,-1.114709735E0,-1.234224319E0,-3.378673077E0,3.765809239E0
4.051241447E1,-1.454600811E0,-1.556827545E0,-3.355969906E0,3.975186729E0
4.051744009E1,-2.219281673E0,-2.100182533E0,-2.920721054E0,4.226888843E0
4.052246572E1,-3.066194773E0,-2.184589386E0,-2.250191927E0,4.386039772E0
4.052749134E1,-4.278549671E0,-2.556042671E0,-2.194939613E0,5.445833392E0
4.053251697E1,-2.681980371E0,-3.887187004E0,-3.381218910E0,5.808259880E0
4.053754259E1,4.752213955E-1,-5.513328552E0,-7.901999474E0,9.646979982E0
4.054256822E1,2.836462498E0,-5.503305435E0,-7.412357807E0,9.657895137E0
4.054759384E1,2.164385080E0,-4.913183212E0,-2.991433620E0,6.145942333E0
4.055261947E1,1.264097214E0,-5.372994423E0,9.623682499E-1,5.602960243E0
4.055764509E1,1.596376061E0,-7.026917458E0,3.871912241E0,8.180323336E0
4.056267072E1,2.657038450E0,-8.267418861E0,5.624820709E0,1.034643301E1
4.056769634E1,3.554021835E0,-8.305797577E0,5.578344345E0,1.061768667E1
4.057272197E1,3.773182631E0,-8.084957123E0,5.475329399E0,1.046817419E1
4.057774754E1,2.802364111E0,-8.006862640E0,6.464852333E0,1.066571187E1
4.058277311E1,1.566977262E0,-8.325678825E0,7.633302689E0,1.140349313E1
4.058779869E1,4.974876642E-1,-7.884591103E0,8.138957024E0,1.134270216E1
4.059282426E1,-3.023877144E-1,-7.092098236E0,8.651965141E0,1.119132684E1
4.059784983E1,-5.567595959E-1,-6.370508194E0,8.937488556E0,1.098963410E1
4.060287541E1,-1.041276693E0,-5.792197227E0,8.805201530E0,1.059081583E1
4.060790098E1,-2.021779060E0,-5.481667519E0,8.392181396E0,1.022570183E1
4.061292655E1,-3.450621367E0,-5.084637642E0,7.784691811E0,9.917749460E0
4.061795212E1,-4.289742947E0,-4.404827118E0,6.893336296E0,9.237016931E0
4.062297770E1,-4.624824047E0,-3.423233032E0,5.858662605E0,8.211665445E0
4.062800327E1,-5.101266384E0,-2.661445618E0,4.744050980E0,7.457360873E0
4.063302884E1,-5.865673065E0,-2.339097977E0,3.311549902E0,7.130488245E0
4.063805442E1,-6.977987766E0,-1.723344803E0,-2.261224508E0,7.534943056E0
4.064307999E1,-1.073525524E1,5.492048264E-1,-2.248101234E1,2.491873285E1
4.064810556E1,-1.239601326E1,9.706974030E-2,-2.307546997E1,2.619442463E1
4.065313113E1,-1.042570782E1,-1.221433640E0,-1.783274269E1,2.069284890E1
4.065815671E1,-9.021273613E0,-2.159198761E0,-1.448741055E1,1.720263297E1
4.066318228E1,-7.808792114E0,-2.713792801E0,-1.309106922E1,1.548282917E1
4.066820785E1,-6.014830589E0,-2.925388336E0,-1.237753487E1,1.406909568E1
4.067323343E1,-5.183544159E0,-3.082541466E0,-1.173120689E1,1.319061815E1
4.067825900E1,-4.738619804E0,-3.463632584E0,-1.058447552E1,1.210299097E1
4.068328457E1,-3.585873127E0,-4.007201195E0,-9.489403725E0,1.090710459E1
4.068831014E1,-2.648154259E0,-4.752131462E0,-7.715278625E0,9.440391871E0
4.069333572E1,-1.253959656E0,-5.565207481E0,-5.203535080E0,7.721445879E0
4.069836129E1,1.384873092E-1,-5.959302902E0,-2.393743277E0,6.423587525E0
4.070338686E1,1.178095102E0,-6.059781075E0,2.991641760E-1,6.180481692E0
4.070841244E1,2.131853580E0,-5.986841202E0,2.566429615E0,6.853730972E0
4.071343801E1,2.788913488E0,-5.941596031E0,4.177348137E0,7.780156766E0
4.071846358E1,3.177794456E0,-5.790040970E0,5.518891811E0,8.607038914E0
4.072348916E1,3.752753019E0,-5.235693932E0,7.030455589E0,9.535352745E0
4.072851473E1,4.253777504E0,-4.517956734E0,8.213294029E0,1.029391835E1
4.073354035E1,4.402419090E0,-3.827944756E0,8.255011559E0,1.010839605E1
4.073856598E1,4.590905190E0,-3.160322189E0,7.872066021E0,9.645385956E0
4.074359160E1,4.818724632E0,-2.500166893E0,7.373825550E0,9.156650306E0
4.074861723E1,5.032603264E0,-1.708247185E0,6.949379921E0,8.748661917E0
4.075364285E1,5.308502197E0,-1.028131485E0,6.844637394E0,8.722746757E0
4.075866848E1,5.526289463E0,-2.392978668E-1,6.998148918E0,8.920270566E0
4.076369410E1,5.675313950E0,2.089843750E-1,7.194319248E0,9.165756507E0
4.076871973E1,5.367224693E0,2.936515808E-1,7.040761948E0,8.858084497E0
4.077374535E1,4.756098270E0,2.162227631E-1,6.629601479E0,8.162036437E0
4.077877098E1,4.321367264E0,1.532745361E-2,6.292699814E0,7.633644012E0
4.078379660E1,3.633682251E0,-2.828598022E-3,5.916500568E0,6.943243743E0
4.078882223E1,2.776333570E0,9.422683716E-2,5.960007668E0,6.575606298E0
4.079384785E1,2.143217802E0,3.488845825E-1,6.311242580E0,6.674345354E0
4.079887348E1,1.797284603E0,6.361856461E-1,6.451902390E0,6.727704554E0
4.080389910E1,1.647212029E0,7.933864594E-1,6.514866352E0,6.766554007E0
4.080892473E1,1.329195619E0,7.488260269E-1,6.498951912E0,6.675618126E0
4.081395035E1,1.049110413E0,4.356565475E-1,6.579641342E0,6.676983561E0
4.081897598E1,4.102997780E-1,-5.519866943E-2,6.673530579E0,6.686359487E0
4.082400160E1,-2.509632111E-1,-3.892831802E-1,6.706834316E0,6.722808228E0
4.082902723E1,-6.514718533E-1,-2.277088165E-1,6.310464859E0,6.348088974E0
4.083405285E1,-6.712250710E-1,2.756233215E-1,5.595944405E0,5.642792313E0
4.083907848E1,-6.543722153E-1,7.088823318E-1,4.776311874E0,4.872768441E0
4.084410410E1,-5.288455486E-1,1.086614609E0,3.702124119E0,3.894371825E0
4.084912973E1,3.551623821E-1,1.997697830E0,7.140589952E-1,2.151003763E0
4.085415535E1,1.649174452E0,3.793098450E0,-8.066658020E0,9.065227180E0
4.085918098E1,2.547319412E0,5.230513096E0,-1.239529896E1,1.369271849E1
4.086420660E1,3.256441355E0,5.597673416E0,-1.045218754E1,1.229579531E1
4.086923223E1,3.974338293E0,5.047384739E0,-6.721135139E0,9.297586522E0
4.087425785E1,5.909719467E0,3.934004784E0,-2.951448441E0,7.688447549E0
4.087928348E1,6.838298798E0,2.985686779E0,1.560410261E-1,7.463310578E0
4.088430910E1,7.436957836E0,2.681294441E0,2.685798168E0,8.349322939E0
4.088933473E1,7.784684181E0,2.514033318E0,4.153465748E0,9.174581682E0
4.089436035E1,7.350867271E0,2.330852032E0,4.760836601E0,9.062763705E0
4.089938598E1,6.520098686E0,2.753385544E0,4.114379406E0,8.186631586E0
4.090441160E1,5.571009159E0,3.273990154E0,3.171093464E0,7.197985019E0
4.090943723E1,4.896790028E0,3.619910240E0,1.983898163E0,6.404541720E0
4.091446285E1,4.014866352E0,3.820003033E0,7.543079853E-1,5.592902246E0
4.091948848E1,2.755519390E0,3.711074829E0,-3.822643459E-1,4.638004908E0
4.092451410E1,1.862259150E0,3.890661716E0,-4.968582094E-1,4.341903478E0
4.092953973E1,1.207331181E0,3.941598415E0,2.789159864E-2,4.122453710E0
4.093456535E1,7.390646935E-1,3.973542690E0,6.138774157E-1,4.088043984E0
4.093959098E1,5.536236763E-1,3.971877575E0,1.084617734E0,4.154359911E0
4.094461660E1,3.307311535E-1,3.893430233E0,1.310780287E0,4.121447202E0
4.094964223E1,5.057499409E-1,3.948703289E0,1.077704906E0,4.124256119E0
4.095466785E1,6.803398132E-1,3.894073009E0,7.401115894E-1,4.021744899E0
4.095969348E1,1.113063812E0,3.571738243E0,5.275520086E-1,3.778165725E0
4.096471910E1,1.234191895E0,3.407741547E0,-3.051888943E-2,3.624481133E0
4.096974473E1,1.229578495E0,3.163177013E0,-7.496079803E-2,3.394579682E0
4.097477035E1,1.037685394E0,2.594008446E0,3.937816918E-1,2.821477417E0
4.097979598E1,4.921405315E-1,1.877222538E0,1.049845695E0,2.206432130E0
4.098482160E1,2.546935081E-1,1.504935265E0,1.186015368E0,1.932959230E0
4.098984723E1,8.973932266E-2,1.567985535E0,1.601421833E0,2.243030020E0
4.099487285E1,2.511062622E-1,1.792987347E0,1.942364454E0,2.655303684E0
4.099989848E1,6.511211395E-3,1.749372482E0,1.965127945E0,2.630983527E0
4.100492410E1,3.559429646E-1,1.867929935E0,1.726730704E0,2.568551452E0
4.100994973E1,1.388282537E0,1.776049137E0,1.891080499E0,2.942424917E0
4.101497535E1,1.618936539E0,1.302478790E0,2.159393787E0,2.996729558E0
4.102000098E1,1.532040596E0,1.021664143E0,2.428872585E0,3.048010506E0
4.102502660E1,1.300475836E0,8.472580910E-1,2.515992403E0,2.956230952E0
4.103005223E1,4.804670811E-1,4.918518066E-1,2.042778015E0,2.155390646E0
4.103507785E1,6.654944420E-1,9.168066978E-1,1.828751683E0,2.151220605E0
4.104010348E1,1.322495699E0,1.241566658E0,1.535310268E0,2.376480646E0
4.104512910E1,1.785340071E0,1.280014992E0,9.012762308E-1,2.374484448E0
4.105015473E1,2.216911793E0,2.008051395E0,4.922552407E-1,3.031383104E0
4.105518035E1,3.562908649E0,1.325942039E0,3.840321302E-1,3.820984299E0
4.106020598E1,3.676866055E0,-5.769319534E-1,-4.823468328E-1,3.752979207E0
4.106523160E1,2.606650829E0,-1.094328880E0,-1.061094880E0,3.019620272E0
4.107025723E1,2.406557560E0,-3.194456100E-1,-7.399430871E-1,2.537928399E0
4.107528285E1,2.490797520E0,7.761383057E-2,-7.449857593E-1,2.600980579E0
4.108030848E1,1.769383669E0,-1.517791748E-1,-1.204625845E0,2.145898160E0
4.108533410E1,1.110286713E0,-6.060409546E-2,-1.491493344E0,1.860366049E0
4.109035973E1,4.186866283E-1,1.016483307E-1,-1.601733685E0,1.658668644E0
4.109538535E1,-3.135051727E-1,2.243957520E-1,-1.762629628E0,1.804301015E0
4.110041098E1,-7.304270267E-1,-1.568851471E-1,-1.732246995E0,1.886482505E0
4.110543660E1,-5.020871162E-1,1.156558990E-1,-2.414951324E0,2.469303071E0
4.111046223E1,-2.282543182E-1,8.747210503E-1,-1.035434365E0,1.374540387E0
4.111548785E1,1.004095078E-1,3.028497696E-1,4.079461098E-3,3.190872830E-1
4.112051348E1,1.492865086E-1,-2.974205017E-1,4.975022972E-1,5.985431916E-1
4.112553910E1,3.257677555E-1,-4.958877563E-1,8.382809162E-1,1.027007396E0
4.113056473E1,1.006910563E0,-2.449007034E-1,1.126395941E0,1.530559718E0
4.113559035E1,1.029407024E0,-9.949016571E-2,1.093214273E0,1.504890216E0
4.114061598E1,1.164552689E0,9.315776825E-2,1.050872803E0,1.571367233E0
4.114564160E1,1.321080923E0,2.229070663E-1,1.282879591E0,1.854918438E0
4.115066723E1,1.747066736E0,5.194425583E-1,1.833288670E0,2.585151852E0
4.115569285E1,1.953443646E0,6.289043427E-1,2.745527267E0,3.427737261E0
4.116071848E1,2.179378986E0,5.801858902E-1,3.507853270E0,4.170292915E0
4.116574410E1,2.228137016E0,4.309921265E-1,4.164450645E0,4.742678352E0
4.117076973E1,2.472523212E0,5.067100525E-1,4.735424042E0,5.366038294E0
4.117579535E1,2.366147280E0,4.247827530E-1,5.030023575E0,5.574964619E0
4.118082098E1,1.704547644E0,6.543540955E-2,4.943834782E0,5.229843861E0
4.118584660E1,7.809889317E-1,-6.766166687E-1,4.792575836E0,4.902707107E0
4.119087223E1,-1.807492971E0,-1.008240700E0,4.616659164E0,5.059359840E0
4.119589785E1,-1.556049109E0,4.437065125E-2,3.907611609E0,4.206267474E0
4.120092348E1,3.532962799E-1,-2.552623749E-1,2.451921940E0,2.490361086E0
4.120594910E1,1.000635624E0,7.003116608E-2,1.466799259E0,1.776985110E0
4.121097473E1,8.689589500E-1,1.699352264E0,2.087119579E0,2.828242549E0
4.121600035E1,8.032982349E-1,5.718803406E-1,1.788910270E0,2.042678421E0
4.122102598E1,2.499401569E-1,-2.644497871E0,-2.963543832E-1,2.672763550E0
4.122605160E1,6.991624832E-2,-4.151629448E0,-2.081822395E0,4.644878883E0
4.123107723E1,8.115088940E-1,-4.333390236E0,-2.411745787E0,5.025269680E0
4.123610285E1,9.742188454E-1,-3.558547020E0,-1.219294190E0,3.885748007E0
4.124112848E1,5.475940704E-1,-2.616856575E0,2.532622814E-1,2.685505424E0
4.124615410E1,-8.021926880E-2,-2.154381752E0,9.531611204E-1,2.357183062E0
4.125117973E1,-3.646416664E-1,-1.840282440E0,7.157365084E-1,2.007954619E0
4.125620535E1,-1.498586655E0,-2.725890160E0,2.182605267E-1,3.118313131E0
4.126123098E1,-4.169385910E0,-3.906625748E0,-3.052092791E-1,5.721770382E0
4.126625660E1,-5.558010578E0,-3.381525040E0,5.612754822E-2,6.506100482E0
4.127128223E1,-4.347997665E0,-3.368799210E0,1.228003263E0,5.635768255E0
4.127630785E1,-3.140387535E0,-4.053928375E0,6.542050838E-2,5.128415836E0
4.128133348E1,-2.201693535E0,-2.813515663E0,-5.778235793E-1,3.619006065E0
4.128635910E1,-1.056008816E0,-1.513852119E0,8.875668049E-2,1.847912500E0
4.129138473E1,-3.853011131E-1,-7.563409805E-1,-1.349989176E-1,8.594959769E-1
4.129641030E1,-3.749446869E-1,-1.061648369E0,8.923044205E-1,1.436623805E0
4.130143587E1,1.338496208E-1,-2.913645744E0,5.621762276E-1,2.970402221E0
4.130646145E1,4.296512604E-1,-2.931449890E0,4.068574905E-1,2.990573805E0
4.131148702E1,8.860921860E-1,-1.992635727E0,9.461964369E-1,2.377192504E0
4.131651259E1,1.252589464E0,-4.749908447E-1,6.875966787E-1,1.505784135E0
4.132153816E1,3.399448395E-1,1.849509716E0,1.213829994E0,2.238220708E0
4.132656374E1,-5.595636368E-2,-4.015436172E-1,1.616300821E0,1.666372328E0
4.133158931E1,3.203706741E-1,-2.801824570E0,2.614264488E-1,2.832172678E0
4.133661488E1,1.207237959E0,-1.881668091E0,-8.085169792E-1,2.377351047E0
4.134164046E1,3.990683556E-1,-1.259628296E0,-1.639048338E0,2.105326210E0
4.134666603E1,-4.981131554E-1,-1.567236900E0,-1.603766918E0,2.297045177E0
4.135169160E1,-1.101587772E0,-2.272591591E0,-2.005769014E0,3.225101161E0
4.135671718E1,-2.300613403E0,-2.467142105E0,-2.544740915E0,4.225555410E0
4.136174275E1,-3.144390106E0,-1.273201942E0,-2.747318268E0,4.365316711E0
4.136676832E1,-3.128941536E0,4.356427193E-1,-2.026806831E0,3.753399212E0
4.137179389E1,-2.618756294E0,8.215789795E-1,-9.846122265E-1,2.915876847E0
4.137681947E1,-2.194768906E0,3.308863640E-1,-4.517519474E-1,2.265077517E0
4.138184504E1,-2.711036205E0,4.620394707E-1,-8.372552395E-1,2.874751140E0
4.138687061E1,-3.346662521E0,9.645290375E-1,-2.841541767E-1,3.494454162E0
4.139189619E1,-3.351926327E0,9.998264313E-1,1.949625015E-1,3.503294645E0
4.139692176E1,-2.253906250E0,3.916859627E-1,7.158112526E-1,2.397060080E0
4.140194733E1,-8.915567398E-1,-3.181886673E-1,1.618354797E0,1.874883916E0
4.140697290E1,-2.059288025E-1,-6.187362671E-1,2.113040447E0,2.211375403E0
4.141199848E1,-7.174453735E-1,1.804351807E-3,7.173762321E-1,1.014573693E0
4.141702405E1,-7.196865082E-1,4.108414650E-1,1.217103004E-1,8.375874740E-1
4.142204962E1,-1.809348106E0,3.351426125E-1,-5.211882591E-1,1.912511004E0
4.142707520E1,-3.289222240E0,2.603926659E-1,-1.441924810E0,3.600824134E0
4.143210077E1,-3.436869621E0,9.607334137E-1,-2.505488396E0,4.360338701E0
4.143712634E1,-2.269032478E0,1.806163311E0,-2.870529890E0,4.080524004E0
4.144215192E1,-1.065720558E0,2.004877090E0,-3.194949150E0,3.919565349E0
4.144717749E1,1.276121140E-1,1.903811455E0,-3.497363567E0,3.984009893E0
4.145220311E1,9.205923080E-1,1.801145554E0,-3.468243122E0,4.015012560E0
4.145722874E1,1.178613424E0,2.051132202E0,-3.152095318E0,3.941063030E0
4.146225436E1,1.108872652E0,2.361472130E0,-2.692321301E0,3.748965612E0
4.146727999E1,9.238491058E-1,2.363462925E0,-2.298738718E0,3.423982164E0
4.147230561E1,1.036147356E0,2.291471958E0,-1.837050676E0,3.114353908E0
4.147733124E1,1.675101519E0,2.317780495E0,-1.211751461E0,3.105867531E0
4.148235686E1,2.556900740E0,2.313524723E0,-7.009835243E-1,3.518737833E0
4.148738249E1,3.770561695E0,2.437076569E0,-9.981203079E-2,4.490705973E0
4.149240811E1,5.189827919E0,2.731771469E0,3.851490021E-1,5.877518944E0
4.149743374E1,5.125529289E0,2.437093735E0,3.660497665E-1,5.687219778E0
4.150245936E1,4.417748928E0,2.409538269E0,2.077574730E-1,5.036421689E0
4.150748499E1,3.963624716E0,2.576664925E0,4.904689789E-1,4.752902570E0
4.151251061E1,3.725906372E0,2.765507221E0,8.791480064E-1,4.722638002E0
4.151753624E1,3.437016726E0,3.023068905E0,9.996528625E-1,4.685225226E0
4.152256186E1,3.020250320E0,2.759944439E0,8.405008316E-1,4.176798649E0
4.152758749E1,2.580819607E0,2.784925938E0,6.312694550E-1,3.849018504E0
4.153261311E1,2.305133343E0,3.141442776E0,4.449901581E-1,3.921774940E0
4.153763874E1,2.125226021E0,3.538001537E0,4.159517288E-1,4.148138903E0
4.154266436E1,1.992529392E0,3.802400112E0,6.629710197E-1,4.343725425E0
4.154768999E1,2.456862450E0,4.082550049E0,1.596004486E0,5.024999335E0
4.155271561E1,3.063099861E0,4.105144501E0,2.562502384E0,5.727234114E0
4.155774124E1,3.706465960E0,4.037035942E0,3.264948845E0,6.379297772E0
4.156276686E1,3.651093245E0,3.437885761E0,3.684329987E0,6.222847245E0
4.156779249E1,3.437377930E0,2.624469280E0,3.605805874E0,5.630740807E0
4.157281811E1,2.859576225E0,1.554308891E0,3.460704327E0,4.750739601E0
4.157784374E1,2.483681679E0,6.812157631E-1,3.320446014E0,4.202153178E0
4.158286936E1,2.510253906E0,2.243633270E-1,3.030833244E0,3.941784333E0
4.158789499E1,2.798576832E0,1.497774124E-1,2.915798187E0,4.044297791E0
4.159292061E1,2.959051847E0,9.857559204E-2,2.835132122E0,4.099229090E0
4.159794624E1,2.712745190E0,-1.587586403E-1,2.658190250E0,3.801337420E0
4.160297186E1,2.241739273E0,-6.319260597E-1,2.432099342E0,3.367466811E0
4.160799749E1,1.934228063E0,-1.005374432E0,2.204687119E0,3.100429202E0
4.161302311E1,1.728248835E0,-1.274474144E0,2.134265900E0,3.027576474E0
4.161804874E1,1.494838715E0,-1.587423325E0,1.920155525E0,2.905417842E0
4.162307436E1,1.076755524E0,-1.996558189E0,1.506230831E0,2.722935618E0
4.162809999E1,6.620256901E-1,-2.429791451E0,9.709854126E-1,2.699069688E0
4.163312561E1,3.430020809E-1,-2.695520401E0,4.455857277E-1,2.753548129E0
4.163815124E1,2.021107674E-1,-2.774492741E0,-5.874013901E-2,2.782464579E0
4.164317686E1,2.104656696E-1,-2.743049145E0,-5.317094326E-1,2.802022364E0
4.164820249E1,2.574226856E-1,-2.768351555E0,-9.874668121E-1,2.950445301E0
4.165322811E1,2.992737293E-1,-2.797271729E0,-1.287024736E0,3.093659089E0
4.165825374E1,3.495886326E-1,-2.834372520E0,-1.430797100E0,3.194222932E0
4.166327936E1,4.410951138E-1,-2.841377258E0,-1.376457691E0,3.187887294E0
4.166830499E1,2.002711296E-1,-3.062449455E0,-1.196667910E0,3.294042999E0
4.167333061E1,-3.669223785E-1,-3.368786812E0,-9.207386971E-1,3.511568932E0
4.167835624E1,-1.434465408E0,-3.962290764E0,-2.525520325E-1,4.221518878E0
4.168338186E1,-3.173818588E0,-4.653278351E0,5.057821274E-1,5.655257678E0
4.168840749E1,-4.086249352E0,-4.864155769E0,-4.745237827E-1,6.370448801E0
4.169343311E1,-3.385466337E0,-4.261165619E0,3.789896965E-1,5.455506204E0
4.169845874E1,-2.771054745E0,-3.700912476E0,4.935693741E-1,4.649635284E0
4.170348436E1,-2.923230171E0,-4.020314217E0,-2.358779907E-1,4.976327909E0
4.170850999E1,-2.442760229E0,-4.199717522E0,-3.485269547E-1,4.870952252E0
4.171353561E1,-1.598301649E0,-3.884639740E0,-4.462747574E-1,4.224234277E0
4.171856124E1,-8.025209904E-1,-3.634427071E0,-7.481267452E-1,3.796418536E0
4.172358686E1,-4.530267715E-1,-3.888066292E0,-1.472546339E0,4.182186685E0
4.172861249E1,2.970404625E-1,-3.768993378E0,-1.685151815E0,4.139236736E0
4.173363811E1,1.128726721E0,-3.295446396E0,-1.739722013E0,3.893664552E0
4.173866374E1,1.018154263E0,-3.514390945E0,-1.692532778E0,4.031407822E0
4.174368936E1,2.996253967E-1,-3.794113159E0,-1.351356030E0,4.038716772E0
4.174871499E1,-3.766798973E-2,-3.135733604E0,-4.386916161E-1,3.166495610E0
4.175374061E1,-2.329559326E-1,-2.550039291E0,2.835345268E-1,2.576307567E0
4.175876624E1,-1.245881557E0,-2.578116417E0,6.859979630E-1,2.944401182E0
4.176379186E1,-2.483459949E0,-2.890133858E0,1.281067371E0,4.020146844E0
4.176881749E1,-3.115864277E0,-2.765055656E0,2.669666290E0,4.947854189E0
4.177384311E1,-3.253920555E0,-2.194622040E0,3.084796429E0,4.992027031E0
4.177886874E1,-3.325835228E0,-1.657085419E0,2.388952732E0,4.417488789E0
4.178389436E1,-3.765102148E0,-1.232437611E0,1.349322796E0,4.185160529E0
4.178891999E1,-4.453779697E0,-8.095293045E-1,4.499902725E-1,4.549063918E0
4.179394561E1,-5.110313416E0,-2.394871712E-1,-6.478500366E-2,5.116332124E0
4.179897124E1,-5.629539013E0,4.488177299E-1,-2.576203346E-1,5.653274723E0
4.180399686E1,-6.020949364E0,1.111580372E0,-2.820768356E-1,6.129193218E0
4.180902249E1,-6.403573990E0,1.724708080E0,-2.339363098E-1,6.635895117E0
4.181404811E1,-6.886104107E0,2.211693764E0,-1.461029053E-1,7.234042102E0
4.181907374E1,-7.399758339E0,2.682572842E0,1.017355919E-1,7.871656157E0
4.182409936E1,-7.885597229E0,3.156259060E0,4.956283569E-1,8.508246728E0
4.182912499E1,-8.351610184E0,3.613032341E0,9.447679520E-1,9.148550806E0
4.183415061E1,-8.814898491E0,3.975459337E0,1.377482891E0,9.767505898E0
4.183917624E1,-9.192337990E0,4.252161503E0,1.736455917E0,1.027595418E1
4.184420186E1,-9.340403557E0,4.452049255E0,2.002422333E0,1.053914495E1
4.184922749E1,-9.235036850E0,4.554676533E0,2.169914722E0,1.052328437E1
4.185425311E1,-8.863988876E0,4.540275574E0,2.395822525E0,1.024325957E1
4.185927874E1,-8.187095642E0,4.422205925E0,2.692360878E0,9.686756289E0
4.186430436E1,-7.146354675E0,4.266441822E0,2.936932087E0,8.826011616E0
4.186932999E1,-5.838268280E0,4.110948563E0,3.049941063E0,7.764497091E0
4.187435561E1,-4.856482506E0,3.367406130E0,2.856253147E0,6.563766328E0
4.187938124E1,-3.712374687E0,3.404892206E0,2.569326878E0,5.654772971E0
4.188440686E1,-2.337912560E0,4.109000206E0,3.006307602E0,5.602464032E0
4.188943249E1,-1.638937950E0,3.609196424E0,3.237646103E0,5.118082524E0
4.189445811E1,-5.521173477E-1,3.934798002E0,4.044068336E0,5.669387762E0
4.189948374E1,1.922569275E-1,4.080366135E0,4.680617332E0,6.212449528E0
4.190450936E1,1.179919481E0,4.074544907E0,5.498374939E0,6.944512449E0
4.190953499E1,1.958141327E0,3.783161640E0,6.412758350E0,7.698707626E0
4.191456061E1,2.341376543E0,3.014330387E0,6.917171001E0,7.900347237E0
4.191958624E1,2.709583759E0,2.394747257E0,7.028262615E0,7.903994810E0
4.192461186E1,2.982254267E0,1.737761497E0,6.561563492E0,7.414025289E0
4.192963749E1,2.654031754E0,8.003878593E-1,3.996223927E0,4.863569774E0
4.193466311E1,3.923685312E0,9.673194885E-1,3.722969055E0,5.494680337E0
4.193968874E1,4.893043995E0,7.710185051E-1,3.640160084E0,6.147122457E0
4.194471436E1,3.808965683E0,-9.310941696E-1,2.706777573E0,4.764640674E0
4.194973999E1,3.727195740E0,-1.205451965E0,1.815380096E0,4.317488554E0
4.195476561E1,4.204638481E0,-1.462960243E-1,1.893234253E0,4.613536953E0
4.195979124E1,4.136791706E0,1.419076920E-1,2.183167458E0,4.679679857E0
4.196481686E1,3.534496784E0,-4.500691891E-1,2.252490044E0,4.215322193E0
4.196984249E1,2.928350449E0,-1.204245806E0,2.284679890E0,3.904511046E0
4.197486811E1,2.550292492E0,-1.790281057E0,2.285407543E0,3.864218640E0
4.197989374E1,2.425451279E0,-2.169460058E0,2.226559639E0,3.942960648E0
4.198491936E1,2.401560307E0,-2.480449200E0,2.208786011E0,4.098640723E0
4.198994499E1,2.368360996E0,-2.751895666E0,2.212384224E0,4.251671144E0
4.199497061E1,2.366492748E0,-3.017579556E0,2.235538483E0,4.438885740E0
4.199999624E1,2.410861969E0,-3.196855307E0,2.165509224E0,4.552095065E0
4.200502186E1,2.439607620E0,-3.256928205E0,1.975829124E0,4.523623261E0
4.201004749E1,2.367470980E0,-3.217314720E0,1.640498161E0,4.318248148E0
4.201507311E1,2.172747374E0,-3.115936279E0,1.134464264E0,3.964454466E0
4.202009874E1,1.973885536E0,-2.980615139E0,5.626935959E-1,3.618965985E0
4.202512436E1,1.690666914E0,-2.896182060E0,5.037593842E-2,3.353917542E0
4.203014999E1,1.147781610E0,-2.933367252E0,-5.547714233E-1,3.198408572E0
4.203517561E1,5.343503952E-1,-2.981244087E0,-9.933052063E-1,3.187475786E0
4.204020119E1,-1.622962952E-2,-3.005859852E0,-1.316143990E0,3.281416135E0
4.204522676E1,-9.636740685E-1,-3.881500244E0,-2.253282547E0,4.590424173E0
4.205025233E1,-1.072040558E0,-3.049981833E0,-3.100402832E0,4.479303278E0
4.205527791E1,-1.009450912E0,-2.123881102E0,-2.907581806E0,3.739504518E0
4.206030348E1,-1.009133816E0,-2.014413118E0,-2.395817757E0,3.288792178E0
4.206532905E1,-9.187307358E-1,-2.507593155E0,-2.216706276E0,3.470716973E0
4.207035462E1,-7.420759201E-1,-3.196049213E0,-2.541761398E0,4.150416636E0
4.207538020E1,-5.757493973E-1,-3.714376211E0,-3.069787979E0,4.853006928E0
4.208040577E1,-3.609452248E-1,-3.922674417E0,-3.357799530E0,5.176144678E0
4.208543134E1,-6.936645508E-2,-3.821294546E0,-3.270220757E0,5.030054424E0
4.209045692E1,2.892446518E-1,-3.497582912E0,-2.963062763E0,4.593091512E0
4.209548249E1,6.737475395E-1,-3.052942753E0,-2.524002075E0,4.018081840E0
4.210050806E1,9.889955521E-1,-2.655577183E0,-2.014936924E0,3.477092634E0
4.210553363E1,9.515571594E-1,-2.535299540E0,-1.692392826E0,3.193336540E0
4.211055921E1,6.559624672E-1,-2.682251930E0,-1.549727440E0,3.166451849E0
4.211558478E1,5.950443745E-1,-2.675655842E0,-9.723949432E-1,2.908395420E0
4.212061035E1,4.468350410E-1,-2.474287033E0,-3.131723404E-1,2.533739290E0
4.212563593E1,1.894574165E-1,-2.185787201E0,3.284168243E-1,2.218426787E0
4.213066150E1,-3.729259968E-1,-2.128608227E0,6.227884293E-1,2.248980260E0
4.213568707E1,-1.139042139E0,-2.404741764E0,6.043214798E-1,2.728626834E0
4.214071264E1,-1.800322294E0,-2.760249615E0,5.276870728E-1,3.337452913E0
4.214573822E1,-2.202466965E0,-3.022259712E0,4.411058426E-1,3.765566208E0
4.215076379E1,-2.475218534E0,-3.243140697E0,3.491134644E-1,4.094697619E0
4.215578936E1,-3.142570496E0,-3.782348156E0,2.079172134E-1,4.921903744E0
4.216081494E1,-2.713272333E0,-3.935619593E0,-3.895244598E-1,4.796110678E0
4.216584051E1,-1.800613403E0,-3.191940308E0,-8.409891129E-1,3.760047107E0
4.217086608E1,-1.121145248E0,-2.133607388E0,-4.390821457E-1,2.449906178E0
4.217589166E1,-9.253222942E-1,-1.690420628E0,-4.608917236E-2,1.927658543E0
4.218091723E1,-8.988451958E-1,-1.739053130E0,2.947835922E-1,1.979678217E0
4.218594280E1,-8.553617001E-1,-2.041061163E0,5.121240616E-1,2.271529301E0
4.219096837E1,-8.239815235E-1,-2.548847437E0,4.340267181E-1,2.713659522E0
4.219599400E1,-6.139616966E-1,-2.687680483E0,1.180162430E-1,2.759438924E0
4.220101962E1,-1.919286251E-1,-2.409044743E0,1.370525360E-2,2.416716989E0
4.220604525E1,1.101183891E-2,-2.454247952E0,-2.619552612E-1,2.468212881E0
4.221107087E1,-3.274240494E-1,-2.712762356E0,-5.848598480E-1,2.794341989E0
4.221609650E1,-9.051034451E-1,-3.410860538E0,-9.217205048E-1,3.647293592E0
4.222112212E1,3.974314928E-1,-2.600707769E0,-1.477989197E0,3.017628996E0
4.222614775E1,1.569523811E0,-1.485895872E0,-1.665074348E0,2.728326249E0
4.223117337E1,1.883113146E0,-8.698754311E-1,-1.368115425E0,2.484861807E0
4.223619900E1,4.198974967E-1,-1.796781898E0,-1.237547874E0,2.221770428E0
4.224122462E1,-1.482315063E-1,-2.296010017E0,-1.330424309E0,2.657755335E0
4.224625025E1,4.258373976E-1,-1.686761022E0,-1.498328209E0,2.295972050E0
4.225127587E1,9.747298956E-1,-8.529126644E-1,-1.311023712E0,1.842916590E0
4.225630150E1,1.004128218E0,-4.026455879E-1,-9.504795074E-1,1.440072304E0
4.226132712E1,-4.855580926E-1,-1.394056797E0,-8.614454269E-1,1.709166241E0
4.226635275E1,-1.100868940E0,-2.018309832E0,-1.153929710E0,2.572360934E0
4.227137837E1,-3.722452223E-1,-1.403728485E0,-1.287825584E0,1.941008733E0
4.227640400E1,5.821883678E-3,-8.231427670E-1,-8.571977615E-1,1.188438434E0
4.228142962E1,-1.326189876E0,-1.771053076E0,-5.794897079E-1,2.287185367E0
4.228645525E1,-1.225966334E0,-1.693106413E0,-6.024875641E-1,2.175452607E0
4.229148087E1,-1.004410014E-1,-4.793782234E-1,-2.999782562E-1,5.743507901E-1
4.229650650E1,1.223116741E-2,-1.161146164E-1,1.600055695E-1,1.980757124E-1
4.230153212E1,-9.681819677E-1,-1.111681461E0,1.371936798E-1,1.480551958E0
4.230655775E1,-6.567161679E-1,-9.881069660E-1,1.059322357E-1,1.191156220E0
4.231158337E1,3.141151667E-1,-8.515644073E-2,4.002847672E-1,5.158951949E-1
4.231660900E1,9.282162786E-1,4.385271072E-1,6.228971481E-1,1.200788216E0
4.232163462E1,7.301740050E-1,1.902570724E-1,4.586677551E-1,8.830220500E-1
4.232666025E1,-3.836436868E-1,-7.904043198E-1,2.276325226E-2,8.788854492E-1
4.233168587E1,-9.768874049E-1,-1.501968861E0,-4.983930588E-1,1.859735223E0
4.233671150E1,-7.391601205E-1,-1.325638533E0,-9.957780838E-1,1.815282125E0
4.234173712E1,-1.350491494E-1,-8.063728809E-1,-1.087483406E0,1.360549762E0
4.234676275E1,1.447629780E-1,-5.906300545E-1,-1.175495148E0,1.323476114E0
4.235178837E1,8.325676620E-2,-6.354589462E-1,-1.340863228E0,1.486154083E0
4.235681400E1,-1.881850660E-1,-7.732963562E-1,-1.521283627E0,1.716888099E0
4.236183962E1,-5.042992234E-1,-9.032976627E-1,-1.707422733E0,1.996385926E0
4.236686525E1,-7.135742903E-1,-9.343254566E-1,-1.837374687E0,2.181306505E0
4.237189087E1,-1.363019228E0,-1.325397968E0,-1.964085579E0,2.733520322E0
4.237691650E1,-2.098089457E0,-2.143107414E0,-2.398664951E0,3.840375282E0
4.238194212E1,-1.709301710E0,-2.228090763E0,-3.151275635E0,4.220976061E0
4.238696775E1,-3.391121924E-1,-5.741763115E-1,-2.606411457E0,2.690363581E0
4.239199337E1,-8.838860989E-1,-5.848703384E-1,-2.247581959E0,2.484945193E0
4.239701900E1,-1.793673396E0,-1.414758444E0,-2.259851933E0,3.213368398E0
4.240204462E1,-1.344418764E0,-1.012608290E0,-2.087332726E0,2.681379359E0
4.240707025E1,-7.776885033E-1,-3.978748322E-1,-1.850015640E0,2.045888966E0
4.241209587E1,-4.347579777E-1,-2.978596687E-1,-1.672044277E0,1.753130613E0
4.241712150E1,-1.715287566E-2,-2.630629539E-1,-1.634108067E0,1.655235787E0
4.242214712E1,2.864241004E-1,-4.931831360E-2,-1.463363171E0,1.491945988E0
4.242717275E1,2.683960497E-1,-5.370473862E-2,-1.317710400E0,1.345838525E0
4.243219837E1,2.215421349E-1,-1.373863220E-1,-1.307008266E0,1.332751488E0
4.243722400E1,2.034137994E-1,-1.617417336E-1,-1.239679337E0,1.266626393E0
4.244224962E1,-1.782113761E-1,-5.527820587E-1,-1.039098740E0,1.190400559E0
4.244727525E1,-5.177175999E-1,-9.855515957E-1,-8.867769241E-1,1.423276774E0
4.245230087E1,-6.526944637E-1,-1.015727043E0,-7.297563553E-1,1.410764271E0
4.245732650E1,-7.831156850E-1,-9.546012878E-1,-5.106697083E-1,1.336157680E0
4.246235212E1,-1.003579736E0,-1.022395611E0,-3.825750351E-1,1.482844809E0
4.246737775E1,-1.209016681E0,-1.142585754E0,-2.018098831E-1,1.675694116E0
4.247240337E1,-1.398933053E0,-1.219879389E0,7.002353668E-2,1.857423674E0
4.247742900E1,-1.624031305E0,-1.349615574E0,2.699537277E-1,2.128805978E0
4.248245462E1,-1.644587994E0,-1.360221386E0,5.513925552E-1,2.204292548E0
4.248748025E1,-1.622364402E0,-1.371945858E0,8.379116058E-1,2.283943421E0
4.249250587E1,-1.494194508E0,-1.299305439E0,1.148845673E0,2.289248398E0
4.249753150E1,-1.301721334E0,-1.166852236E0,1.441273689E0,2.265677034E0
4.250255712E1,-1.058264971E0,-1.008746862E0,1.710636139E0,2.250282422E0
4.250758275E1,-6.333875656E-1,-7.728343010E-1,1.866208076E0,2.116881019E0
4.251260837E1,1.657393575E-1,-2.922134399E-1,1.817373276E0,1.848162291E0
4.251763400E1,6.806505919E-1,-4.028463364E-2,1.626333237E0,1.763481748E0
4.252265962E1,1.032470107E0,1.512045860E-1,1.465197563E0,1.798794387E0
4.252768525E1,1.211144567E0,1.298336983E-1,9.943037033E-1,1.572376483E0
4.253271087E1,1.180585146E0,-8.871984482E-2,4.050912857E-1,1.251299903E0
4.253773650E1,1.200287461E0,-1.782135963E-1,2.475557327E-1,1.238440114E0
4.254276212E1,1.009536982E0,-3.589668274E-1,9.578227997E-2,1.075730610E0
4.254778775E1,6.008033156E-1,-7.268126011E-1,-1.312847137E-1,9.520802788E-1
4.255281337E1,-2.923384905E-1,-1.554191828E0,-8.161115646E-1,1.779610102E0
4.255783900E1,-3.245838583E-1,-1.682638884E0,-7.246637344E-1,1.860582119E0
4.256286462E1,-3.946645856E-1,-1.600717306E0,-1.168444633E0,2.020722369E0
4.256789025E1,1.308321953E-2,-1.063717604E0,-7.605552673E-1,1.307711981E0
4.257291587E1,-2.142028511E-1,-9.182119370E-1,-1.482247829E0,1.756717009E0
4.257794150E1,4.963798821E-1,-8.185100555E-2,-7.359085083E-1,8.914336246E-1
4.258296712E1,2.049025893E-2,-3.346486092E-1,-1.689363003E0,1.722311498E0
4.258799275E1,7.728759646E-1,3.142108917E-1,-5.242767334E-1,9.853587339E-1
4.259301837E1,6.247153282E-1,1.881279945E-1,-8.675785065E-1,1.085520082E0
4.259804400E1,6.875749826E-1,4.340076447E-2,-2.067832947E-1,7.193068289E-1
4.260306962E1,1.476711512E0,6.717658043E-1,5.590353012E-1,1.715944828E0
4.260809525E1,1.245415568E0,4.163560867E-1,4.785900116E-1,1.397662594E0
4.261312087E1,5.358574986E-1,-3.775134087E-1,1.313486099E-1,6.685148390E-1
4.261814650E1,1.327857733E0,2.788858414E-1,9.868488312E-1,1.677752689E0
4.262317212E1,5.189697742E-1,-2.077260017E-1,3.124332428E-1,6.403860161E-1
4.262819775E1,1.520224094E0,9.180135727E-1,1.228838921E0,2.159600729E0
4.263322337E1,1.345829487E0,1.172506332E0,8.692531586E-1,1.985353661E0
4.263824900E1,1.087380409E0,1.155148983E0,4.736948013E-1,1.655642501E0
4.264327462E1,9.439144731E-1,1.106060505E0,1.422376633E-1,1.461018797E0
4.264830025E1,8.572239280E-1,1.044508457E0,8.043384552E-2,1.353624905E0
4.265332587E1,-5.804327726E-1,1.246042252E-1,-9.796953201E-1,1.145526663E0
4.265835150E1,-5.286631584E-1,3.184270859E-2,-4.931850433E-1,7.236920479E-1
4.266337712E1,-5.714452267E-1,-1.195526123E-1,-5.899477005E-1,8.299884117E-1
4.266840275E1,5.224435329E-1,6.120443344E-1,3.525562286E-1,8.785450511E-1
4.267342837E1,3.422597647E-1,8.481884003E-1,1.333284378E-1,9.243061079E-1
4.267845400E1,2.965846956E-1,1.054233551E0,2.456436157E-1,1.122368766E0
4.268347962E1,7.630944848E-1,1.226667404E0,4.159774780E-1,1.503350716E0
4.268850525E1,9.780159593E-1,1.042586803E0,2.986488342E-1,1.460374468E0
4.269353087E1,-3.369656801E-1,-2.933368683E-1,-9.830484390E-1,1.079803974E0
4.269855650E1,-2.242936343E-1,-6.245741844E-1,-7.706766129E-1,1.017026542E0
4.270358212E1,8.711185306E-2,-5.216326714E-1,-1.074905396E0,1.197961071E0
4.270860775E1,7.260027528E-1,-1.839165688E-1,-1.066224098E0,1.302973188E0
4.271363337E1,1.317064643E0,3.992795944E-1,-9.534549713E-1,1.674263973E0
4.271865900E1,1.811175585E0,6.996130943E-1,-7.977209091E-1,2.099088881E0
4.272368462E1,1.531006575E0,7.274093628E-1,-7.189064026E-1,1.841176778E0
4.272871025E1,1.359806776E0,7.466492653E-1,-3.586597443E-1,1.592230010E0
4.273373587E1,9.747289419E-1,5.371270180E-1,-6.162166595E-2,1.114629613E0
4.273876150E1,2.767699659E-1,-8.770847321E-2,1.245965958E-1,3.159409786E-1
4.274378712E1,-2.605435848E-1,-5.154781342E-1,2.337818146E-1,6.231007970E-1
4.274881275E1,-4.807305932E-1,-5.508580208E-1,4.576663971E-1,8.625572406E-1
4.275383837E1,-6.149274707E-1,-3.435239792E-1,7.871484756E-1,1.056289374E0
4.275886400E1,-7.882547975E-1,-7.651185989E-2,1.079269409E0,1.338664315E0
4.276388962E1,-8.808546662E-1,1.967849731E-1,1.291494370E0,1.575622726E0
4.276891525E1,-7.823894024E-1,3.088307381E-1,1.232761383E0,1.492384076E0
4.277394087E1,-3.968704343E-1,2.840685844E-1,9.750051498E-1,1.090337629E0
4.277896650E1,-9.164176881E-4,2.861709595E-1,5.992975235E-1,6.641175947E-1
4.278399207E1,3.437404037E-1,3.067960739E-1,7.163238525E-2,4.662751277E-1
4.278901764E1,5.839567184E-1,3.330140114E-1,-5.512046814E-1,8.693275456E-1
4.279404322E1,7.516587377E-1,4.043107033E-1,-1.241091251E0,1.506242177E0
4.279906879E1,8.157567978E-1,5.411829948E-1,-1.817090034E0,2.064014143E0
4.280409436E1,6.214286685E-1,7.350554466E-1,-2.069636822E0,2.282515427E0
4.280911994E1,2.399412394E-1,9.531273842E-1,-1.999660015E0,2.228152550E0
4.281414551E1,-1.527743042E-1,1.109260082E0,-1.837183952E0,2.151521042E0
4.281917108E1,-5.115636587E-1,1.183670044E0,-1.811585426E0,2.223648782E0
4.282419666E1,-7.357786894E-1,1.189686775E0,-2.032278538E0,2.467160505E0
4.282922223E1,-9.116014838E-1,1.117482662E0,-2.350848675E0,2.757947472E0
4.283424780E1,-9.943050146E-1,9.767374992E-1,-2.580945015E0,2.933246627E0
4.283927337E1,-1.104050398E0,8.346748352E-1,-2.555459976E0,2.906197697E0
4.284429895E1,-1.310675263E0,6.818041801E-1,-2.427615643E0,2.841838189E0
4.284932452E1,-1.611337423E0,5.135927200E-1,-2.446071148E0,2.973793845E0
4.285435009E1,-2.109162331E0,2.975292206E-1,-2.744834900E0,3.474364403E0
4.285937566E1,-2.376223326E0,1.780953407E-1,-2.687753677E0,3.591959782E0
4.286440124E1,-2.409411192E0,8.385467529E-2,-2.581245422E0,3.532013849E0
4.286942681E1,-2.159691334E0,-8.084678650E-2,-2.592511177E0,3.375191411E0
4.287445238E1,-1.880697846E0,-1.151738167E-1,-2.501113415E0,3.131430617E0
4.287947796E1,-1.873341084E0,-2.922363281E-1,-2.474128246E0,3.117069051E0
4.288450353E1,-2.956598759E0,-1.281200886E0,-2.860454559E0,4.308729768E0
4.288952910E1,-3.185488462E0,-1.320737839E0,-2.798608780E0,4.441159340E0
4.289455468E1,-3.010188580E0,-1.018954992E0,-2.346387386E0,3.950321294E0
4.289958025E1,-2.065720320E0,-3.519606590E-1,-1.657178402E0,2.671575752E0
4.290460582E1,-6.923074722E-1,4.443068504E-1,-1.203736305E0,1.457970955E0
4.290963139E1,2.652088404E-1,8.225302696E-1,-8.885574341E-1,1.239526558E0
4.291465697E1,7.436633706E-1,8.963947296E-1,-5.714273453E-1,1.297338788E0
4.291968254E1,1.054808855E0,6.938276291E-1,-3.087692261E-1,1.299752644E0
4.292470811E1,1.335046053E0,5.014948845E-1,4.340839386E-2,1.426789883E0
4.292973369E1,1.345292568E0,2.658712864E-1,3.703126907E-1,1.420433428E0
4.293475926E1,1.314796090E0,-4.722380638E-2,5.043668747E-1,1.409008442E0
4.293978488E1,1.418946147E0,-2.278447151E-1,7.849311829E-1,1.637509800E0
4.294481051E1,1.421462059E0,-3.775103092E-1,1.077451706E0,1.823175964E0
4.294983613E1,1.028104901E0,-8.171601295E-1,1.151694298E0,1.746754167E0
4.295486176E1,-7.090123892E-1,-2.415566921E0,6.150264740E-1,2.591509152E0
4.295988738E1,-1.151722550E0,-2.702523470E0,6.159038544E-1,3.001572171E0
4.296491301E1,-1.268559694E0,-2.636674404E0,7.712240219E-1,3.025901866E0
4.296993863E1,-8.391194344E-1,-2.085624695E0,1.296008110E0,2.594915955E0
4.297496426E1,-3.204764128E-1,-1.438713074E0,1.835494041E0,2.354068567E0
4.297998988E1,2.092590332E-1,-7.691135406E-1,2.317253113E0,2.450507492E0
4.298501551E1,5.126352310E-1,-3.222417831E-1,2.568881035E0,2.639277253E0
4.299004113E1,9.254460335E-1,1.017315388E-1,2.891817093E0,3.037993707E0
4.299506676E1,1.180196047E0,3.388104439E-1,2.946431160E0,3.192038817E0
4.300009238E1,1.463019848E0,5.315177441E-1,2.996356964E0,3.376550495E0
4.300511801E1,1.849068880E0,6.836388111E-1,3.276434898E0,3.823799601E0
4.301014363E1,1.748028278E0,5.451827049E-1,3.423764229E0,3.882652256E0
4.301516926E1,1.282364130E0,2.019677162E-1,3.549333572E0,3.779287966E0
4.302019488E1,8.529813290E-1,-1.400709152E-1,3.624849319E0,3.726490252E0
4.302522051E1,5.357227325E-1,-4.231839180E-1,3.583589554E0,3.648040236E0
4.303024613E1,3.345336914E-1,-6.229305267E-1,3.397173882E0,3.469977754E0
4.303527176E1,2.534594536E-1,-7.959144115E-1,3.132829666E0,3.242274381E0
4.304029738E1,1.878435612E-1,-7.386810780E-1,1.504516602E0,1.686566080E0
4.304532301E1,3.031160831E-1,-5.259158611E-1,-1.369943619E-1,6.222815344E-1
4.305034863E1,6.592750549E-1,-4.049677849E-1,5.313119888E-1,9.385813413E-1
4.305537426E1,1.104410887E0,-2.430493832E-1,3.108968735E-1,1.172797201E0
4.306039988E1,1.394424200E0,-7.695031166E-2,-5.154838562E-1,1.488644956E0
4.306542551E1,1.563271880E0,9.552288055E-2,-1.029761314E0,1.874393757E0
4.307045113E1,1.612038612E0,2.131237984E-1,-1.400332451E0,2.145931316E0
4.307547676E1,1.539448261E0,2.718007565E-1,-1.880865574E0,2.445696610E0
4.308050238E1,1.453222752E0,2.768609524E-1,-2.394438744E0,2.814577277E0
4.308552801E1,1.365880370E0,3.007650375E-1,-2.773594379E0,3.106270203E0
4.309055363E1,1.229483485E0,3.440210819E-1,-2.918371677E0,3.185415733E0
4.309557926E1,9.831695557E-1,3.636312485E-1,-2.872500896E0,3.057795196E0
4.310060488E1,6.189868450E-1,3.739802837E-1,-2.751405239E0,2.844861465E0
4.310563051E1,2.237646580E-1,3.799715042E-1,-2.627165318E0,2.663915647E0
4.311065613E1,-1.018240452E-1,4.104878902E-1,-2.476063251E0,2.511923102E0
4.311568176E1,-2.857328653E-1,3.556823730E-1,-2.274439812E0,2.319747762E0
4.312070738E1,-2.071157694E-1,9.137916565E-2,-1.998850822E0,2.011629117E0
4.312573301E1,-3.709195852E-1,-2.147505283E-1,-1.846046925E0,1.895148642E0
4.313075863E1,-1.325321674E0,-1.208988905E0,-3.076280594E0,3.561128193E0
4.313578426E1,-7.319341898E-1,-8.293621540E-1,-2.769066334E0,2.981827896E0
4.314080988E1,3.724555969E-1,-2.139067650E-2,-1.973170280E0,2.008128902E0
4.314583551E1,1.174309492E0,5.287957191E-1,-1.062313080E0,1.669472005E0
4.315086113E1,2.007672548E0,5.471391678E-1,5.264587402E-1,2.146455016E0
4.315588676E1,2.413671255E0,-1.098983288E-1,1.775085449E0,2.998135241E0
4.316091238E1,1.512751698E0,-9.711430073E-1,1.520010948E0,2.354138850E0
4.316593801E1,5.864870548E-1,-1.471896887E0,1.095568657E0,1.926322453E0
4.317096363E1,2.307778597E-1,-1.944456339E0,1.762272835E0,2.634345159E0
4.317598926E1,-8.290934563E-2,-1.956944942E0,2.162414551E0,2.917626459E0
4.318101488E1,-3.685759306E-1,-1.553924084E0,2.087156296E0,2.628069572E0
4.318604051E1,-4.325352907E-1,-1.166306496E0,2.154344559E0,2.487681269E0
4.319106613E1,-7.496174574E-1,-1.560212851E0,1.852512360E0,2.535348598E0
4.319609176E1,-1.008322477E0,-1.774953723E0,1.594630241E0,2.590370735E0
4.320111738E1,-7.595403194E-1,-1.533538818E0,1.495327950E0,2.272586298E0
4.320614301E1,-3.696919680E-1,-1.290111542E0,1.419633865E0,1.953566035E0
4.321116863E1,-1.137224436E-1,-9.336805344E-1,1.223155975E0,1.542984988E0
4.321619426E1,1.493355036E-1,-5.777223110E-1,1.034239769E0,1.194033526E0
4.322121988E1,4.792139530E-1,-3.117125034E-1,8.997955322E-1,1.066040664E0
4.322624551E1,7.101030350E-1,-1.296343803E-1,8.238687515E-1,1.095358897E0
4.323127113E1,7.419764996E-1,-1.153635979E-2,7.726154327E-1,1.071259455E0
4.323629676E1,6.358871460E-1,8.117389679E-2,7.222070694E-1,9.656731927E-1
4.324132238E1,4.994651079E-1,1.483283043E-1,6.252460480E-1,8.138791682E-1
4.324634801E1,3.495492935E-1,2.663648129E-1,4.916820526E-1,6.594589926E-1
4.325137363E1,3.911244869E-1,5.454254150E-1,3.406486511E-1,7.526677562E-1
4.325639926E1,6.550779939E-1,1.206894875E0,2.289485931E-2,1.373406928E0
4.326142488E1,8.486447930E-1,1.942026377E0,-4.916982651E-1,2.175645104E0
4.326645051E1,8.014922738E-1,2.341897488E0,-9.985685349E-1,2.669084642E0
4.327147613E1,8.036237955E-1,2.307866573E0,-1.407299995E0,2.820027057E0
4.327650176E1,5.258783102E-1,2.165758610E0,-1.579025745E0,2.731369740E0
4.328152738E1,2.663072944E-1,1.924420357E0,-1.695106983E0,2.578313590E0
4.328655301E1,8.337455988E-2,1.549633026E0,-1.879293919E0,2.437223721E0
4.329157863E1,8.874225616E-2,1.203405380E0,-2.025727272E0,2.357886909E0
4.329660426E1,2.912579775E-1,9.905314445E-1,-1.923827648E0,2.183368171E0
4.330162988E1,6.594147682E-1,8.051085472E-1,-1.569054127E0,1.882806008E0
4.330665551E1,9.527205229E-1,5.701107979E-1,-9.426479340E-1,1.456464158E0
4.331168113E1,1.074819088E0,2.224912643E-1,-3.365697861E-1,1.148049500E0
4.331670676E1,1.100847960E0,-1.764435768E-1,1.011190414E-1,1.119474710E0
4.332173238E1,1.236072779E0,-5.792369843E-1,1.843776703E-1,1.377456541E0
4.332675801E1,1.643056154E0,-6.519000530E-1,7.652807236E-1,1.926203985E0
4.333178363E1,2.030323029E0,-1.195521593E0,9.449644089E-1,2.538590399E0
4.333680926E1,1.657166123E0,-1.866526127E0,6.724443436E-1,2.585014649E0
4.334183488E1,1.598135233E0,-1.785363913E0,4.127931595E-1,2.431451977E0
4.334686051E1,1.642992020E0,-1.459177494E0,8.916568756E-2,2.199220829E0
4.335188613E1,1.583846211E0,-1.135487080E0,-8.885765076E-2,1.950844794E0
4.335691176E1,1.199481726E0,-8.126323223E-1,-1.178598404E-1,1.453622593E0
4.336193738E1,6.842811108E-1,-4.943892956E-1,-7.062721252E-2,8.471420290E-1
4.336696301E1,1.502859592E-2,-1.709280014E-1,-5.750179291E-2,1.809660094E-1
4.337198863E1,-4.358146191E-1,3.788280487E-2,-3.519535065E-2,4.388715094E-1
4.337701426E1,-8.172059655E-1,2.561469078E-1,4.909515381E-2,8.578153429E-1
4.338203988E1,-9.666067362E-1,4.880166054E-1,2.290153503E-1,1.106768639E0
4.338706551E1,-9.413586259E-1,5.558071136E-1,2.990503311E-1,1.133361686E0
4.339209113E1,-7.885472775E-1,5.598187447E-1,3.501548767E-1,1.028500011E0
4.339711676E1,-6.072622538E-1,6.001811028E-1,4.443931580E-1,9.625331578E-1
4.340214238E1,-4.244129658E-1,6.526989937E-1,5.862226486E-1,9.745764904E-1
4.340716801E1,-2.955802679E-1,7.361731529E-1,8.088207245E-1,1.132920814E0
4.341219363E1,-2.576718330E-1,8.310732841E-1,1.121542931E0,1.419484457E0
4.341721926E1,-3.672736883E-1,8.410902023E-1,1.323587418E0,1.610654011E0
4.342224488E1,-5.384864807E-1,7.752661705E-1,1.386802673E0,1.677565790E0
4.342727051E1,-7.292231917E-1,6.907734871E-1,1.311784744E0,1.652184520E0
4.343229613E1,-8.355180621E-1,7.406725883E-1,1.161227226E0,1.610942267E0
4.343732176E1,-9.115898013E-1,9.539756775E-1,8.493080139E-1,1.569200326E0
4.344234738E1,-1.078291774E0,1.212419510E0,3.184518814E-1,1.653507127E0
4.344737301E1,-1.370313883E0,1.341017723E0,-3.121747971E-1,1.942560623E0
4.345239863E1,-1.731974125E0,1.361512661E0,-1.043311119E0,2.437611369E0
4.345742426E1,-1.798924446E0,1.080790997E0,-1.851728439E0,2.798774116E0
4.346244988E1,-1.556361198E0,9.037799835E-1,-2.684221745E0,3.231737120E0
4.346747551E1,-1.821275353E0,8.044800758E-1,-3.349895000E0,3.896925534E0
4.347250113E1,-2.004668951E0,5.965199471E-1,-2.960404396E0,3.624710725E0
4.347752676E1,-1.999638796E0,4.453105927E-1,-2.530819416E0,3.256056473E0
4.348255238E1,-2.081679344E0,4.822783470E-1,-1.988434792E0,2.918878931E0
4.348757801E1,-2.239290714E0,3.792862892E-1,-1.418249607E0,2.677631965E0
4.349260363E1,-3.140371799E0,-3.625950813E-1,-1.053869247E0,3.332274092E0
4.349762926E1,-3.361757278E0,-3.229465485E-1,-6.222505569E-1,3.434079531E0
4.350265488E1,-3.365148544E0,-1.057348251E-1,-2.958889008E-1,3.379786209E0
4.350768051E1,-3.257770061E0,7.829809189E-2,-3.396987915E-3,3.258712615E0
4.351270613E1,-3.118339539E0,2.005553246E-1,1.973104477E-1,3.131005482E0
4.351773176E1,-2.921339989E0,3.567624092E-1,3.585634232E-1,2.964805976E0
4.352275738E1,-2.661490440E0,5.183224678E-1,4.131937027E-1,2.742793937E0
4.352778301E1,-2.291551352E0,5.132012367E-1,3.660726547E-1,2.376676733E0
4.353280858E1,-2.085766792E0,5.281071663E-1,3.419446945E-1,2.178588182E0
4.353783416E1,-1.978261709E0,5.104789734E-1,3.218622208E-1,2.068260975E0
4.354285973E1,-1.835218549E0,4.265947342E-1,3.203334808E-1,1.911183855E0
4.354788530E1,-1.662022829E0,2.858409882E-1,3.280038834E-1,1.718025466E0
4.355291087E1,-1.506991982E0,1.931838989E-1,3.642330170E-1,1.562373369E0
4.355793645E1,-1.384814978E0,1.149640083E-1,3.908586502E-1,1.443502591E0
4.356296202E1,-1.290549636E0,5.111575127E-2,4.174442291E-1,1.357346996E0
4.356798759E1,-1.367392778E0,7.358884811E-2,5.251207352E-1,1.466604962E0
4.357301317E1,-1.629174471E0,2.444870472E-1,7.136859894E-1,1.795363769E0
4.357803874E1,-1.520662904E0,1.044714451E-1,8.825607300E-1,1.761318651E0
4.358306431E1,-1.300577521E0,-1.786494255E-1,1.012616158E0,1.657953253E0
4.358808988E1,-1.060415387E0,-5.473289490E-1,1.017938614E0,1.568518025E0
4.359311546E1,-8.673914671E-1,-9.151537418E-1,9.416818619E-1,1.573734113E0
4.359814103E1,-7.502775192E-1,-1.234054804E0,8.364801407E-1,1.668983715E0
4.360316660E1,-5.895591974E-1,-1.432132721E0,7.931795120E-1,1.740033884E0
4.360819218E1,-6.390527487E-1,-1.332560778E0,9.169836044E-1,1.739242816E0
4.361321775E1,-8.974179029E-1,-1.017486334E0,1.145450592E0,1.775582831E0
4.361824332E1,-1.118842244E0,-7.172579765E-1,1.282173157E0,1.846682153E0
4.362326889E1,-1.245626926E0,-4.609248638E-1,1.356012344E0,1.898106332E0
4.362829447E1,-1.245081186E0,-2.630734444E-1,1.429495811E0,1.913868614E0
4.363332004E1,-1.108520627E0,-2.577352524E-1,1.416790009E0,1.817289016E0
4.363834561E1,-9.266749620E-1,-4.685211182E-1,1.198328018E0,1.585631913E0
4.364337119E1,-9.813110828E-1,-5.170698166E-1,8.984775543E-1,1.427443362E0
4.364839676E1,-1.129632592E0,-4.508588314E-1,6.608352661E-1,1.384213397E0
4.365342233E1,-1.282997847E0,-3.317799568E-1,6.100864410E-1,1.458892347E0
4.365844790E1,-1.424469471E0,-6.938934326E-2,7.945070267E-1,1.632534707E0
4.366347348E1,-1.398618579E0,1.104612350E-1,1.033002853E0,1.742248693E0
4.366849905E1,-1.502943754E0,2.070052624E-1,1.082122803E0,1.863513045E0
4.367352462E1,-1.554768562E0,2.677614689E-1,9.611892700E-1,1.847399875E0
4.367855020E1,-1.372257233E0,2.544803619E-1,8.186416626E-1,1.618031007E0
4.368357577E1,-1.142364264E0,1.672508717E-1,6.784734726E-1,1.339139730E0
4.368860139E1,-7.457722425E-1,-4.136180878E-2,3.445653915E-1,8.225644935E-1
4.369362702E1,-4.035301208E-1,-1.698262691E-1,8.983230591E-2,4.469310498E-1
4.369865264E1,-1.188120842E-1,-1.225047112E-1,-4.895210266E-3,1.707269126E-1
4.370367827E1,4.020164013E-1,-1.243007183E-1,-6.463241577E-2,4.257290273E-1
4.370870389E1,4.523313046E-1,2.223730087E-3,-3.529815674E-1,5.737634887E-1
4.371372952E1,1.067958355E0,1.045279503E-1,-3.253192902E-1,1.121291122E0
4.371875514E1,2.136725187E0,1.536216736E-1,-2.397584915E-1,2.155615522E0
4.372378077E1,3.561027050E0,6.748981476E-1,-2.965421677E-1,3.636528347E0
4.372880639E1,5.430505753E0,1.164526463E0,-3.370008469E-1,5.564178662E0
4.373383202E1,7.470407486E0,1.587767124E0,-2.692575455E-1,7.642021465E0
4.373885764E1,8.647268295E0,1.942756891E0,-2.886228561E-1,8.867516928E0
4.374388327E1,8.320549011E0,2.023158550E0,-6.875953674E-1,8.590546767E0
4.374890889E1,7.284317017E0,1.824621916E0,-8.450031281E-1,7.556755244E0
4.375393452E1,6.004921436E0,1.352572441E0,-1.067880630E0,6.247311638E0
4.375896014E1,4.741753578E0,7.090399265E-1,-1.414343357E0,4.998733014E0
4.376398577E1,3.657217264E0,4.429197311E-2,-1.851437092E0,4.099392541E0
4.376901139E1,2.693233252E0,-5.532760620E-1,-2.279397964E0,3.571452762E0
4.377403702E1,1.253373146E0,-1.826040030E0,-4.080710411E0,4.643012373E0
4.377906264E1,6.542620659E-1,-2.104416847E0,-4.441961765E0,4.958593898E0
4.378408827E1,1.965358257E-1,-1.807407379E0,-4.295774937E0,4.664657551E0
4.378911389E1,-1.688277721E-1,-1.096240044E0,-3.197417259E0,3.384334821E0
4.379413952E1,-4.572710991E-1,-2.964916229E-1,-1.935841560E0,2.011090920E0
4.379916514E1,-6.223256588E-1,3.889238834E-1,-6.887254715E-1,1.006426246E0
4.380419077E1,-7.761971951E-1,9.422664642E-1,4.316253662E-1,1.294854676E0
4.380921639E1,-8.710188866E-1,1.316624403E0,1.309532166E0,2.051109020E0
4.381424202E1,-8.225758076E-1,1.413127184E0,1.896752357E0,2.504242181E0
4.381926764E1,-7.816870213E-1,1.234225988E0,2.073018074E0,2.536089968E0
4.382429327E1,-7.212917805E-1,9.030313492E-1,2.042456627E0,2.346775772E0
4.382931889E1,-6.598284245E-1,5.339586735E-1,1.950165749E0,2.126883133E0
4.383434452E1,-6.322739124E-1,2.275598049E-1,1.863392830E0,1.980855018E0
4.383937014E1,-5.706658363E-1,-1.559782028E-2,1.719198227E0,1.811503611E0
4.384439577E1,-4.682693481E-1,-2.040343285E-1,1.420819283E0,1.509845563E0
4.384942139E1,-3.096537590E-1,-4.753186703E-1,7.810678482E-1,9.653394596E-1
4.385444702E1,-1.108784676E-1,-6.414401531E-1,2.403326035E-1,6.939014807E-1
4.385947264E1,1.251485348E-1,-4.485723972E-1,5.628614426E-1,7.305425072E-1
4.386449827E1,2.827925682E-1,-3.039441109E-1,8.951387405E-1,9.867254045E-1
4.386952389E1,4.408216476E-1,-2.941167355E-1,1.035798073E0,1.163488731E0
4.387454952E1,5.081293583E-1,-4.049525261E-1,9.900579453E-1,1.184228326E0
4.387957514E1,5.310561657E-1,-5.124483109E-1,8.544549942E-1,1.129033773E0
4.388460077E1,5.705134869E-1,-5.499126911E-1,7.156677246E-1,1.067740558E0
4.388962639E1,5.974166393E-1,-4.982273579E-1,6.120395660E-1,9.898128972E-1
4.389465202E1,6.076874733E-1,-4.052128792E-1,4.571857452E-1,8.616845991E-1
4.389967764E1,5.976483822E-1,-3.040163517E-1,2.793998718E-1,7.264116045E-1
4.390470327E1,5.540320873E-1,-2.420589924E-1,8.302783966E-2,6.102767665E-1
4.390972889E1,5.158481598E-1,-1.519615650E-1,-1.083393097E-1,5.485700021E-1
4.391475452E1,4.740135670E-1,-7.175350189E-2,-2.662563324E-1,5.483884219E-1
4.391978014E1,4.099864960E-1,4.676175117E-2,-3.910665512E-1,5.685144112E-1
4.392480577E1,3.481478691E-1,1.751549244E-1,-4.782705307E-1,6.169512840E-1
4.392983139E1,2.935955524E-1,2.802307606E-1,-5.185451508E-1,6.584957866E-1
4.393485702E1,2.318336964E-1,4.246561527E-1,-4.977054596E-1,6.941112557E-1
4.393988264E1,2.383379936E-1,5.130255222E-1,-4.921064377E-1,7.497792553E-1
4.394490827E1,9.300041199E-2,5.690267086E-1,-4.155340195E-1,7.107102033E-1
4.394993389E1,-7.470417023E-2,5.301845074E-1,-3.540887833E-1,6.419152525E-1
4.395495952E1,-2.071189880E-1,4.108238220E-1,-3.125562668E-1,5.562067132E-1
4.395998514E1,-3.566656113E-1,3.115806580E-1,-3.196964264E-1,5.714006210E-1
4.396501077E1,-5.041794777E-1,3.236603737E-1,-3.659915924E-1,7.020703874E-1
4.397003639E1,-6.016507149E-1,3.947508335E-1,-3.463563919E-1,7.986078847E-1
4.397506202E1,-6.585083008E-1,4.672501087E-1,-3.565139771E-1,8.826426582E-1
4.398008764E1,-6.472077370E-1,4.741675854E-1,-5.204076767E-1,9.563142286E-1
4.398511327E1,-6.421070099E-1,3.630380630E-1,-9.375324249E-1,1.192922921E0
4.399013889E1,-5.347669125E-1,4.306032658E-1,-7.893486023E-1,1.046167309E0
4.399516452E1,-4.039821625E-1,5.711445808E-1,-3.641929626E-1,7.886978090E-1
4.400019014E1,-2.802965641E-1,6.074514389E-1,-1.270942688E-1,6.809672295E-1
4.400521577E1,-1.568675041E-1,5.969781876E-1,6.511974335E-2,6.206697602E-1
4.401024139E1,-1.433684826E-1,4.675574303E-1,2.460870743E-1,5.474699266E-1
4.401526702E1,-2.558071613E-1,2.332386971E-1,2.108640671E-1,4.053409039E-1
4.402029264E1,-4.536390305E-1,-2.951288223E-2,1.279211044E-1,4.722533103E-1
4.402531827E1,-6.382275820E-1,-1.247160435E-1,2.609062195E-1,7.006858021E-1
4.403034389E1,-7.247946262E-1,-1.296601295E-1,4.761228561E-1,8.768306413E-1
4.403536952E1,-7.811373472E-1,-1.215310097E-1,7.116079330E-1,1.063640537E0
4.404039514E1,-7.840851545E-1,-1.344473362E-1,9.246082306E-1,1.219740135E0
4.404542077E1,-7.337791920E-1,-1.879937649E-1,1.100905418E0,1.336325671E0
4.405044639E1,-6.589000225E-1,-2.392776012E-1,1.154456139E0,1.350619112E0
4.405547202E1,-5.403672457E-1,-2.501332760E-1,1.090190887E0,1.242207546E0
4.406049764E1,-4.359579086E-1,-2.444891930E-1,9.513454437E-1,1.074659210E0
4.406552327E1,-2.837371826E-1,-2.555377483E-1,7.858037949E-1,8.736669466E-1
4.407054889E1,-1.170911789E-1,-2.733974457E-1,6.460838318E-1,7.112529966E-1
4.407557452E1,2.176547050E-2,-2.498054504E-1,5.509538651E-1,6.053318596E-1
4.408060014E1,1.670308113E-1,-2.134580612E-1,4.762678146E-1,5.479914845E-1
4.408562577E1,3.049645424E-1,-1.929943562E-1,4.600925446E-1,5.847523777E-1
4.409065139E1,4.027130604E-1,-1.837372780E-1,4.496345520E-1,6.309583399E-1
4.409567702E1,4.753925800E-1,-1.760995388E-1,4.399251938E-1,6.712252445E-1
4.410070264E1,4.998776913E-1,-1.554672718E-1,4.546127319E-1,6.933401149E-1
4.410572827E1,5.249741077E-1,-9.292221069E-2,4.216251373E-1,6.797058978E-1
4.411075389E1,5.369856358E-1,-2.172589302E-2,3.742494583E-1,6.548955982E-1
4.411577952E1,5.457801819E-1,5.357050896E-2,3.410482407E-1,6.458016018E-1
4.412080514E1,5.325105190E-1,1.187703609E-1,3.266620636E-1,6.359103359E-1
4.412583077E1,5.068731308E-1,1.978833675E-1,2.688369751E-1,6.069196957E-1
4.413085639E1,4.737844467E-1,2.767148018E-1,2.297134399E-1,5.948201812E-1
4.413588202E1,3.900740147E-1,3.268027306E-1,1.805400848E-1,5.399560018E-1
4.414090764E1,2.699799538E-1,3.482089043E-1,1.309299469E-1,4.596534210E-1
4.414593327E1,1.179177761E-1,3.410887718E-1,5.704879761E-2,3.653775000E-1
4.415095889E1,-1.855754852E-2,3.105218410E-1,-2.193164825E-2,3.118480296E-1
4.415598452E1,-1.829202175E-1,2.711985111E-1,-1.251106262E-1,3.502300775E-1
4.416101014E1,-3.515474796E-1,2.759618759E-1,-1.902599335E-1,4.857359670E-1
4.416603577E1,-1.940045357E-1,3.102562428E-1,1.985607147E-1,4.163208540E-1
4.417106139E1,8.986499310E-1,3.725950718E-1,8.636865616E-1,1.300904786E0
4.417608702E1,1.136743546E0,3.848054409E-1,1.030444145E0,1.581795262E0
4.418111264E1,3.760182858E-1,2.892384529E-1,1.006139755E0,1.112369471E0
4.418613827E1,3.753337860E-1,2.489171028E-1,8.202772141E-1,9.357830319E-1
4.419116389E1,7.360174656E-1,2.206022739E-1,8.080873489E-1,1.115074991E0
4.419618952E1,8.702008724E-1,9.903502464E-2,7.635011673E-1,1.161891358E0
4.420121514E1,9.659075737E-1,-4.393410683E-2,7.771024704E-1,1.240482122E0
4.420624077E1,8.184230328E-1,-1.456725597E-1,5.949954987E-1,1.022280000E0
4.421126639E1,5.812530518E-1,-1.670701504E-1,2.792997360E-1,6.661650605E-1
4.421629202E1,3.787317276E-1,-1.313400269E-1,-7.914447784E-2,4.085973232E-1
4.422131764E1,2.726693153E-1,-9.016895294E-2,-3.561439514E-1,4.575123056E-1
4.422634327E1,2.197391987E-1,-7.635521889E-2,-4.993610382E-1,5.508873582E-1
4.423136889E1,1.050901413E-1,-7.508921623E-2,-5.951833725E-1,6.090365959E-1
4.423639452E1,-1.095705032E-1,-5.268263817E-2,-6.963148117E-1,7.068489744E-1
4.424142014E1,-2.951183319E-1,-6.643939018E-2,-7.931957245E-1,8.489219515E-1
4.424644577E1,-6.303881407E-1,-5.228312016E-1,-1.310968399E0,1.545761889E0
4.425147139E1,-1.042065859E0,-8.325155973E-1,-1.421000481E0,1.948903753E0
4.425649702E1,-1.092062473E0,-5.369224548E-1,-8.709955215E-1,1.496502378E0
4.426152264E1,-6.171154976E-2,-7.420053482E-1,-1.053806305E0,1.290305383E0
4.426654827E1,3.798608780E-1,-8.391293287E-1,-1.839944363E0,2.057626685E0
4.427157389E1,2.985534668E-1,-7.976355553E-1,-2.694502831E0,2.825898469E0
4.427659952E1,-7.727258205E-1,-1.624897122E0,-3.202163219E0,3.673043035E0
4.428162514E1,-1.689494133E0,-2.437785149E0,-3.277945518E0,4.420646296E0
4.428665077E1,-1.656518817E0,-1.749730229E0,-2.578166008E0,3.528817143E0
4.429167639E1,-1.811508894E0,-9.278242588E-1,-1.686916351E0,2.643503188E0
4.429670202E1,-2.073377132E0,-1.992697716E-1,-8.856697083E-1,2.263407168E0
4.430172759E1,-2.211486816E0,3.143835068E-1,-7.213973999E-2,2.234885919E0
4.430675316E1,-2.167280912E0,7.602992058E-1,4.154386520E-1,2.334041711E0
4.431177874E1,-1.966500163E0,1.161226034E0,9.177742004E-1,2.461275742E0
4.431680431E1,-1.705768824E0,1.458575010E0,1.382742882E0,2.636108157E0
4.432182988E1,-1.428956509E0,1.532007456E0,1.624248505E0,2.650876601E0
4.432685546E1,-1.104063630E0,1.286310196E0,1.413247108E0,2.206992934E0
4.433188103E1,-7.566871643E-1,9.954395294E-1,1.046860695E0,1.630764433E0
4.433690660E1,-3.679758310E-1,6.077241898E-1,7.259016037E-1,1.015710609E0
4.434193218E1,-4.246807098E-2,2.195446491E-1,4.260282516E-1,4.811480658E-1
4.434695775E1,2.263009548E-1,-8.277869225E-2,3.093576431E-1,3.921308269E-1
4.435198332E1,3.590726852E-1,-4.047029018E-1,4.374036789E-1,6.957295526E-1
4.435700889E1,2.194421291E-1,-7.800816298E-1,6.420879364E-1,1.033904790E0
4.436203447E1,-9.973645210E-2,-1.108469248E0,6.981725693E-1,1.313809868E0
4.436706004E1,-5.021158457E-1,-1.241342187E0,6.199979782E-1,1.475617918E0
4.437208561E1,-7.393118143E-1,-1.139918208E0,4.411115646E-1,1.428486924E0
4.437711119E1,-8.503980637E-1,-9.328216314E-1,3.002729416E-1,1.297496398E0
4.438213676E1,-1.075368643E0,-6.626597643E-1,2.883281708E-1,1.295634522E0
4.438716233E1,-1.376178026E0,-2.622580528E-1,3.381776810E-1,1.441183330E0
4.439218790E1,-1.647884607E0,3.159644604E-1,4.259414673E-1,1.731121992E0
4.439721348E1,-1.718022346E0,1.004400492E0,5.611782074E-1,2.067690042E0
4.440223905E1,-1.572093964E0,1.673303127E0,5.860452652E-1,2.369572079E0
4.440726462E1,-1.100750685E0,2.164190054E0,6.922254562E-1,2.524786474E0
4.441229020E1,-5.574064255E-1,2.380160570E0,9.946432114E-1,2.639163008E0
4.441731577E1,-2.521522045E-1,2.363499165E0,1.282699585E0,2.700930814E0
4.442234134E1,-4.011130333E-2,2.237766743E0,1.542084694E0,2.717946673E0
4.442736692E1,1.703385115E-1,2.040887594E0,1.691519737E0,2.656214675E0
4.443239249E1,3.211017847E-1,1.858814716E0,1.870042801E0,2.656192497E0
4.443741806E1,9.162206650E-1,1.423032761E0,2.040120125E0,2.650768317E0
4.444244363E1,1.558869004E0,8.386342525E-1,1.887027740E0,2.587325584E0
4.444746921E1,1.812099338E0,2.066502571E-1,1.607456207E0,2.431115751E0
4.445249478E1,2.178448677E0,-6.489856243E-1,1.282686234E0,2.610000949E0
4.445752041E1,2.436559916E0,-1.258293271E0,1.008419991E0,2.921820846E0
4.446254603E1,2.241487980E0,-1.615821481E0,8.514785767E-1,2.891394679E0
4.446757166E1,1.852349758E0,-1.878799677E0,7.014799118E-1,2.730047970E0
4.447259728E1,1.337661505E0,-2.046527147E0,7.014770508E-1,2.543556903E0
4.447762291E1,9.151952267E-1,-2.027792692E0,7.598714828E-1,2.350942402E0
4.448264853E1,9.549419880E-1,-1.861162782E0,1.077127457E0,2.352880077E0
4.448767416E1,1.122034550E0,-1.471045613E0,1.280008316E0,2.249746212E0
4.449269978E1,5.561655760E-1,-9.864381552E-1,7.897644043E-1,1.380618773E0
4.449772541E1,-4.869927168E-1,-6.019787788E-1,3.191738129E-1,8.375035995E-1
4.450275103E1,-1.532719135E0,-2.733588219E-1,6.861305237E-2,1.558416101E0
4.450777666E1,-1.074618578E0,2.148981094E-1,-1.105155945E-1,1.101453577E0
4.451280228E1,-2.109150887E-1,5.989992619E-1,-3.566017151E-1,7.283200351E-1
4.451782791E1,5.054535866E-1,9.355263710E-1,-4.296302795E-1,1.146854435E0
4.452285353E1,8.437640667E-1,1.123187780E0,-4.344348907E-1,1.470449681E0
4.452787916E1,8.568809032E-1,1.156724215E0,-4.951486588E-1,1.522310082E0
4.453290478E1,7.515909672E-1,1.155858278E0,-6.452789307E-1,1.522262211E0
4.453793041E1,1.432399511E0,1.283632755E0,-1.157479286E0,2.244825095E0
4.454295603E1,1.439076424E0,1.301393270E0,-1.763443947E0,2.621888623E0
4.454798166E1,1.107248068E0,1.109603167E0,-1.808020592E0,2.392938765E0
4.455300728E1,8.496208191E-1,7.993476391E-1,-1.588609695E0,1.970911705E0
4.455803291E1,4.667963982E-1,5.428593159E-1,-1.388056755E0,1.561824788E0
4.456305853E1,2.858865261E-1,3.019542694E-1,-1.211639404E0,1.281006453E0
4.456808416E1,3.942835331E-1,3.342962265E-2,-9.497556686E-1,1.028889146E0
4.457310978E1,7.544720173E-1,-1.672036648E-1,-6.410932541E-1,1.004084484E0
4.457813541E1,1.309402227E0,-4.053945541E-1,-4.054813385E-1,1.429438370E0
4.458316103E1,1.508983374E0,-4.229576588E-1,-3.385515213E-1,1.603290721E0
4.458818666E1,1.277860641E0,-2.481949329E-1,-3.975534439E-1,1.361094150E0
4.459321228E1,1.238213539E0,2.719135284E-1,-2.859487534E-1,1.299567784E0
4.459823791E1,1.144682407E0,4.002511501E-1,-2.713813782E-1,1.242636974E0
4.460326353E1,7.862331867E-1,4.723970890E-1,-6.166982651E-1,1.105277514E0
4.460828916E1,3.353130817E-1,5.276582241E-1,-8.961553574E-1,1.092681330E0
4.461331478E1,2.943701744E-1,4.321396351E-1,-7.895069122E-1,9.469528121E-1
4.461834041E1,5.434253216E-1,8.213179111E-1,-6.079063416E-1,1.157335004E0
4.462336603E1,8.335924149E-1,9.716503620E-1,-4.182205200E-1,1.346807018E0
4.462839166E1,1.274446726E0,7.821817398E-1,-4.018173218E-1,1.548379763E0
4.463341728E1,1.124491692E0,4.732120037E-1,-6.158313751E-1,1.366623374E0
4.463844291E1,5.378181934E-1,2.464723587E-1,-7.686052322E-1,9.699232113E-1
4.464346853E1,-1.742224693E-1,1.553232670E-1,-7.887620926E-1,8.225718356E-1
4.464849416E1,6.793029308E-1,-3.316388130E-1,-3.408298492E-1,8.292175591E-1
4.465351978E1,9.409503937E-1,-4.596540928E-1,-2.846221924E-1,1.085209344E0
4.465854541E1,-7.162523270E-2,-2.283749580E-1,-4.671468735E-1,5.248918906E-1
4.466357103E1,-6.385524273E-1,3.718066216E-2,-3.483781815E-1,7.283535964E-1
4.466859666E1,-7.600789070E-1,3.220803738E-1,-9.917259216E-3,8.255628771E-1
4.467362228E1,-4.509992599E-1,3.818175793E-1,2.085666656E-1,6.266458731E-1
4.467864791E1,-1.524271965E-1,3.597981930E-1,1.401586533E-1,4.151303867E-1
4.468367353E1,-4.437227249E-1,3.760092258E-1,-3.437700272E-1,6.756112981E-1
4.468869916E1,-3.043705225E0,3.806824684E-1,-1.261874199E0,3.316833902E0
4.469372478E1,-2.499522686E0,-2.324900627E-1,-7.385482788E-1,2.616699992E0
4.469875041E1,-1.397050381E0,-5.356802940E-1,-8.223762512E-1,1.707338819E0
4.470377603E1,-1.956701279E-3,-5.105130672E-1,-9.538869858E-1,1.081909332E0
4.470880166E1,1.220934153E0,-3.830137253E-1,-5.938043594E-1,1.410667692E0
4.471382728E1,1.726675749E0,-8.294224739E-2,4.554080963E-2,1.729266470E0
4.471885291E1,2.581174612E0,-8.069729805E-2,8.195819855E-1,2.709370603E0
4.472387853E1,3.285707235E0,-2.254018784E-1,1.069310188E0,3.462672714E0
4.472890416E1,2.527365923E0,-2.156915665E-1,2.655372620E-1,2.550413966E0
4.473392978E1,1.395431995E0,-1.931684017E-1,-3.035688400E-1,1.441075475E0
4.473895541E1,5.574398041E-1,-1.135852337E-1,-2.791204453E-1,6.336789119E-1
4.474398103E1,-4.056406021E-2,-5.317139626E-2,-2.020368576E-1,2.128180730E-1
4.474900666E1,-4.233207703E-1,-1.924753189E-3,-2.971029282E-1,5.171792041E-1
4.475403228E1,-6.634275913E-1,2.375841141E-3,-4.110107422E-1,7.804304221E-1
4.475905791E1,-8.131701946E-1,1.274824142E-2,-2.044811249E-1,8.385826218E-1
4.476408353E1,-9.099054337E-1,1.055896282E-1,-3.691768646E-2,9.167551382E-1
4.476910916E1,-9.821245670E-1,2.374505997E-1,1.060857773E-1,1.015975218E0
4.477413478E1,-1.092229366E0,3.551783562E-1,2.582712173E-1,1.177208849E0
4.477916041E1,-1.212066174E0,4.536182880E-1,3.769187927E-1,1.347939812E0
4.478418603E1,-1.786881804E0,5.946695805E-1,2.853879929E-1,1.904737462E0
4.478921166E1,-2.399271965E0,6.552460194E-1,1.697664261E-1,2.492924778E0
4.479423728E1,-9.985539913E-1,4.330463409E-1,1.059154510E0,1.518699274E0
4.479926291E1,-5.727818012E-1,4.051895142E-1,6.959123611E-1,9.882062278E-1
4.480428853E1,2.896852493E-1,2.849392891E-1,5.163125992E-1,6.570286464E-1
4.480931416E1,6.278252602E-1,2.396645546E-1,3.429393768E-1,7.544607824E-1
4.481433978E1,4.688377380E-1,2.557666302E-1,2.606897354E-1,5.942933046E-1
4.481936541E1,5.423882008E-1,1.804134846E-1,3.116693497E-1,6.510543520E-1
4.482439103E1,6.236741543E-1,1.856207848E-2,6.996726990E-2,6.278609881E-1
4.482941666E1,4.724526405E-1,-1.047339439E-1,-3.203783035E-1,5.803645009E-1
4.483444228E1,8.334469795E-2,-1.602516174E-1,-3.999423981E-1,4.388403370E-1
4.483946790E1,-4.337151051E-1,-3.314089775E-2,-1.116485596E-1,4.490796280E-1
4.484449353E1,-7.535018921E-1,1.472718716E-1,1.184530258E-1,7.768431147E-1
4.484951916E1,-7.622771263E-1,2.466847897E-1,8.516597748E-2,8.057127568E-1
4.485454478E1,-6.097505093E-1,2.795281410E-1,-3.871917725E-4,6.707695693E-1
4.485957040E1,-4.591865540E-1,2.361102104E-1,1.107606888E-1,5.280797790E-1
4.486459603E1,-2.864844799E-1,6.339502335E-2,3.754205704E-1,4.764796857E-1
4.486962166E1,-2.394299507E-1,1.052761078E-1,5.351667404E-1,5.956619849E-1
4.487464728E1,-4.036293030E-1,3.135800362E-1,6.187400818E-1,8.025511461E-1
4.487967290E1,-2.432677746E-1,3.199772835E-1,4.397087097E-1,5.957419085E-1
4.488469853E1,-6.057262421E-2,2.016155720E-1,1.801891327E-1,2.771028784E-1
4.488972416E1,-1.280813217E-1,1.263177395E-1,4.580783844E-2,1.856323095E-1
4.489474978E1,-1.817526817E-1,4.641056061E-2,-1.171112061E-2,1.879498013E-1
4.489977540E1,-1.397647858E-1,-4.734873772E-2,-9.317398071E-2,1.745207408E-1
4.490480103E1,-9.741544724E-2,-1.406440735E-1,-1.365222931E-1,2.188809295E-1
4.490982666E1,-4.962372780E-2,-2.047014236E-1,-1.371450424E-1,2.513442855E-1
4.491485228E1,3.713369370E-3,-2.253682613E-1,-1.189956665E-1,2.548815626E-1
4.491987790E1,8.622837067E-2,-1.550328732E-1,-7.717418671E-2,1.934589847E-1
4.492490353E1,1.592907906E-1,-4.186940193E-2,2.822875977E-3,1.647257460E-1
4.492992916E1,1.842525005E-1,5.650496483E-2,9.244060516E-2,2.137453169E-1
4.493495478E1,1.178655624E-1,1.064271927E-1,1.535606384E-1,2.209070117E-1
4.493998040E1,1.753830910E-2,8.882808685E-2,1.479892731E-1,1.734901906E-1
4.494500603E1,-3.085112572E-2,6.133866310E-2,1.093215942E-1,1.290946727E-1
4.495003166E1,-3.700613976E-2,4.327464104E-2,8.060932159E-2,9.869149743E-2
4.495505728E1,-5.342912674E-2,5.383229256E-2,5.698394775E-2,9.486705228E-2
4.496008290E1,-1.768374443E-2,9.764790535E-2,6.230068207E-2,1.171716827E-1
4.496510853E1,4.661679268E-2,1.459538937E-1,8.684635162E-2,1.761191450E-1
4.497013416E1,1.063678265E-1,1.747055054E-1,1.496295929E-1,2.534268004E-1
4.497515978E1,1.138603687E-1,1.838643551E-1,1.358051300E-1,2.553689840E-1
4.498018540E1,4.987001419E-2,1.734704971E-1,2.638721466E-2,1.824152318E-1
4.498521103E1,-3.324937820E-2,1.534137726E-1,-9.717750549E-2,1.846206227E-1
4.499023666E1,-1.069476604E-1,1.240220070E-1,-1.679620743E-1,2.345858450E-1
4.499526228E1,-1.712324619E-1,1.047694683E-1,-1.861343384E-1,2.737575377E-1
4.500028790E1,-2.260181904E-1,7.656097412E-2,-1.948490143E-1,3.080778205E-1
4.500531353E1,-2.424654961E-1,1.557445526E-2,-1.989793777E-1,3.140459731E-1
4.501033916E1,-1.919307709E-1,-1.128983498E-2,-1.602392197E-1,2.502828174E-1
4.501536478E1,-1.560363770E-1,1.486563683E-2,-8.332729340E-2,1.775155653E-1
4.502039040E1,-1.159834862E-1,5.071187019E-2,-4.940414429E-2,1.358846287E-1
4.502541603E1,-1.007735729E-1,7.702732086E-2,-7.263660431E-2,1.461663349E-1
4.503044166E1,-9.629702568E-2,5.559587479E-2,-1.576528549E-1,1.929208157E-1
4.503546728E1,-7.831168175E-2,3.450679779E-2,-1.993303299E-1,2.169239936E-1
4.504049290E1,-4.153466225E-2,5.201768875E-2,-1.883335114E-1,1.997510441E-1
4.504551853E1,-4.617214203E-3,1.032180786E-1,-8.661365509E-2,1.348229048E-1
4.505054416E1,-8.804798126E-4,1.736083031E-1,-4.300117493E-3,1.736637819E-1
4.505556978E1,-5.436682701E-2,2.248420715E-1,-1.780986786E-2,2.320062508E-1
4.506059540E1,-8.378291130E-2,2.663500309E-1,6.959915161E-3,2.793033398E-1
4.506562103E1,-1.130282879E-1,2.931711674E-1,6.044006348E-2,3.199651989E-1
4.507064666E1,-1.899373531E-1,2.623474598E-1,5.649375916E-2,3.287764173E-1
4.507567228E1,-2.571525574E-1,2.266058922E-1,4.774093628E-3,3.427834012E-1
4.508069790E1,-2.383704185E-1,2.004110813E-1,-7.549381256E-2,3.204440258E-1
4.508572348E1,-1.525301933E-1,1.790938377E-1,-1.126785278E-1,2.608380977E-1
4.509074905E1,-1.368880272E-2,1.339521408E-1,-7.826995850E-2,1.557457728E-1
4.509577462E1,7.807683945E-2,9.370803833E-2,1.315021515E-2,1.226789202E-1
4.510080020E1,1.084022522E-1,8.215880394E-2,6.113815308E-2,1.491274324E-1
4.510582577E1,9.139895439E-2,8.978390694E-2,1.040887833E-1,1.650739035E-1
4.511085134E1,7.918453217E-2,1.212801933E-1,1.326560974E-1,1.964095609E-1
4.511587692E1,4.257202148E-2,1.384227276E-1,8.005237579E-2,1.654738994E-1
4.512090249E1,2.900958061E-2,1.653156281E-1,1.342391968E-2,1.683775943E-1
4.512592806E1,-4.635095596E-3,1.924932003E-1,-2.689361572E-4,1.925491849E-1
4.513095363E1,-2.460384369E-2,2.153003216E-1,-4.258155823E-3,2.167434186E-1
4.513597921E1,-3.040814400E-2,1.622111797E-1,-2.044401169E-1,2.627410958E-1
4.514100478E1,7.729053497E-3,1.867203712E-1,-3.954181671E-1,4.373554186E-1
4.514603035E1,9.982800484E-2,2.216775417E-1,-2.951936722E-1,3.824210600E-1
4.515105593E1,1.306796074E-1,2.042684555E-1,1.966953278E-2,2.432892357E-1
4.515608150E1,5.652046204E-2,1.435596943E-1,2.958860397E-1,3.336952157E-1
4.516110707E1,-9.445166588E-2,7.262659073E-2,3.856019974E-1,4.035896917E-1
4.516613264E1,-1.263070107E-1,1.065969467E-3,3.178262711E-1,3.420060464E-1
4.517115822E1,-7.239198685E-2,-7.557559013E-2,2.025556564E-1,2.279935603E-1
4.517618379E1,-1.138615608E-1,-1.427922249E-1,7.781982422E-2,1.985195193E-1
4.518120936E1,-1.687035561E-1,-1.857869625E-1,-2.323913574E-2,2.520272658E-1
4.518623494E1,-1.409828663E-1,-2.188725471E-1,-9.598159790E-2,2.774776164E-1
4.519126051E1,7.938385010E-3,-2.036330700E-1,-7.849311829E-2,2.183818096E-1
4.519628608E1,1.776564121E-1,-1.212885380E-1,6.739616394E-2,2.254217228E-1
4.520131166E1,2.677512169E-1,-1.539587975E-2,2.603397369E-1,3.737706862E-1
4.520633723E1,2.493195534E-1,1.134123802E-1,5.149126053E-1,5.832303137E-1
4.521136280E1,1.406805515E-1,2.502393723E-1,6.784887314E-1,7.367209238E-1
4.521638837E1,-3.503537178E-2,3.731110096E-1,7.225580215E-1,8.139590882E-1
4.522141395E1,-2.392628193E-1,4.411365986E-1,6.865253448E-1,8.503912302E-1
