"Time (s)","Linear Acceleration x (m/s^2)","Linear Acceleration y (m/s^2)","Linear Acceleration z (m/s^2)","Absolute acceleration (m/s^2)"
0.000000000E0,2.691001892E-1,-4.739761353E-3,-6.248950958E-2,2.763011328E-1
0.000000000E0,2.973895073E-1,-5.240678787E-3,-4.970264435E-2,3.015598392E-1
0.000000000E0,2.910439968E-1,8.355379105E-3,4.820823669E-2,2.951278613E-1
0.000000000E0,2.792611122E-1,5.951690674E-2,1.879539490E-1,3.418416562E-1
0.000000000E0,2.958998680E-1,1.049418449E-1,3.171739578E-1,4.462833654E-1
0.000000000E0,3.174818754E-1,1.161139011E-1,4.028635025E-1,5.259051064E-1
3.284343000E-3,3.442178965E-1,1.171078682E-1,4.739236832E-1,5.973306208E-1
8.309812000E-3,3.858181238E-1,1.270134449E-1,4.877986908E-1,6.347720871E-1
1.333528000E-2,4.235827923E-1,1.316783428E-1,4.165229797E-1,6.084841498E-1
1.836074900E-2,4.577381611E-1,1.551775932E-1,3.129987717E-1,5.758233589E-1
2.338627000E-2,4.219329357E-1,1.691524982E-1,1.774282455E-1,4.879761800E-1
2.841184300E-2,3.924700022E-1,1.645121574E-1,4.177093506E-4,4.255550811E-1
3.343746800E-2,3.451517820E-1,1.653354168E-1,-1.751060486E-1,4.208653953E-1
3.846314500E-2,2.938581705E-1,1.527032852E-1,-2.875843048E-1,4.386064866E-1
4.348887400E-2,2.759840488E-1,1.456856728E-1,-3.804225922E-1,4.920496510E-1
4.851465500E-2,2.432825565E-1,1.014506817E-1,-4.538888931E-1,5.248750046E-1
5.354043700E-2,2.241601944E-1,6.782913208E-2,-5.034580231E-1,5.552644099E-1
5.856621800E-2,1.945536137E-1,3.512668610E-2,-5.056028366E-1,5.428804851E-1
6.359199900E-2,2.066538334E-1,3.154516220E-3,-5.034313202E-1,5.442047886E-1
6.861778000E-2,2.221934795E-1,-3.281784058E-2,-4.969673157E-1,5.453654425E-1
7.364351000E-2,2.556016445E-1,-3.479290009E-2,-5.004320145E-1,5.630052821E-1
7.866903000E-2,2.403626442E-1,-1.263546944E-2,-4.519557953E-1,5.120526308E-1
8.369449900E-2,1.961510181E-1,2.869415283E-2,-3.756408691E-1,4.247406725E-1
8.871996800E-2,1.710314751E-1,6.984925270E-2,-3.285598755E-1,3.769380259E-1
9.374543700E-2,1.365611553E-1,9.175300598E-2,-2.344169617E-1,2.863893768E-1
9.877090500E-2,1.308200359E-1,1.134276390E-1,-1.315479279E-1,2.174501516E-1
1.037963740E-1,9.199213982E-2,1.061897278E-1,-3.892707825E-2,1.457879607E-1
1.088218430E-1,2.067041397E-2,1.034462452E-1,1.988792419E-2,1.073495281E-1
1.138473120E-1,-7.790613174E-2,9.090399742E-2,3.098583221E-2,1.236649664E-1
1.188727800E-1,-1.605603695E-1,9.265398979E-2,-1.476192474E-2,1.859631912E-1
1.238982490E-1,-2.179496288E-1,8.957338333E-2,-1.121358871E-1,2.609595541E-1
1.289237180E-1,-2.266316414E-1,1.057965755E-1,-2.560834885E-1,3.579574966E-1
1.339491870E-1,-2.157304287E-1,9.877562523E-2,-3.798913956E-1,4.478992235E-1
1.389746550E-1,-2.236528397E-1,1.163218021E-1,-4.648323059E-1,5.287914778E-1
1.440001240E-1,-1.934247017E-1,1.348006725E-1,-5.161085129E-1,5.674084363E-1
1.490255930E-1,-1.635029316E-1,1.448869705E-1,-5.198383331E-1,5.638770570E-1
1.540510620E-1,-1.433739662E-1,1.608464718E-1,-4.953927994E-1,5.402237567E-1
1.590765300E-1,-1.520326138E-1,1.778454781E-1,-4.430112839E-1,5.010009255E-1
1.641019990E-1,-1.465854645E-1,2.147371769E-1,-3.534069061E-1,4.387434271E-1
1.691274680E-1,-1.318159103E-1,2.377679348E-1,-2.362632751E-1,3.601796222E-1
1.741529370E-1,-9.830474854E-2,2.562615871E-1,-8.697700500E-2,2.879215588E-1
1.791784050E-1,-1.784944534E-2,2.698342800E-1,1.085176468E-1,2.913850048E-1
1.842038740E-1,9.974265099E-2,2.640154362E-1,2.454624176E-1,3.740381604E-1
1.892293430E-1,2.545398474E-1,2.386636734E-1,3.150234222E-1,4.700964151E-1
1.942548120E-1,3.422895670E-1,2.177662849E-1,2.988681793E-1,5.038913485E-1
1.992802800E-1,2.926532030E-1,1.539311409E-1,2.452363968E-1,4.116814104E-1
2.043057490E-1,1.110899448E-1,8.076882362E-2,2.113132477E-1,2.520275131E-1
2.093312180E-1,-1.118798256E-1,2.952337265E-3,1.682920456E-1,2.021089416E-1
2.143566870E-1,-2.675080299E-1,-3.572940826E-3,1.873006821E-1,3.265805528E-1
2.193821550E-1,-3.520617485E-1,-1.481771469E-3,2.013244629E-1,4.055628308E-1
2.244076760E-1,-3.995707035E-1,4.309415817E-3,2.721099854E-1,4.834450975E-1
2.294331970E-1,-3.438642025E-1,-5.370616913E-3,3.659811020E-1,5.022087218E-1
2.344587180E-1,-2.186009884E-1,-2.569532394E-2,4.591197968E-1,5.091538368E-1
2.394842390E-1,-8.997988701E-2,-7.060837746E-2,4.472122192E-1,4.616066421E-1
2.445097600E-1,1.903820038E-2,-1.016042233E-1,4.262123108E-1,4.385690426E-1
2.495352800E-1,1.092681885E-1,-8.990931511E-2,3.582553864E-1,3.851884523E-1
2.545608010E-1,1.811373234E-1,-7.365059853E-2,2.674798965E-1,3.313316098E-1
2.595863220E-1,2.299302816E-1,-3.173351288E-4,1.967000961E-1,3.025871163E-1
2.646118430E-1,2.793244123E-1,5.842351913E-2,1.219348907E-1,3.103281368E-1
2.696373640E-1,3.386788368E-1,8.860325813E-2,4.789543152E-2,3.533381726E-1
2.746628850E-1,3.838369846E-1,1.000649929E-1,-3.027820587E-2,3.978198126E-1
2.796884050E-1,3.765125275E-1,1.072325706E-1,-8.416366577E-2,4.004298068E-1
2.847139260E-1,3.261971474E-1,9.109807014E-2,-1.235494614E-1,3.605106195E-1
2.897394470E-1,2.327688932E-1,7.066798210E-2,-1.343746185E-1,2.779062062E-1
2.947649680E-1,1.390144825E-1,5.057096481E-2,-6.467437744E-2,1.614472791E-1
2.997904890E-1,5.430889130E-2,2.569007874E-2,-3.376674652E-2,6.891755212E-2
3.048160100E-1,-6.893467903E-2,-3.954172134E-3,-8.090972900E-3,6.952042357E-2
3.098415300E-1,-2.494025230E-1,-1.463627815E-2,-2.082920074E-2,2.506984139E-1
3.148670510E-1,-3.727774620E-1,-4.456973076E-2,-3.843402863E-2,3.773945835E-1
3.198925720E-1,-4.491910934E-1,-9.350347519E-2,-1.818561554E-2,4.591799810E-1
3.249180930E-1,-4.886300564E-1,-1.519246101E-1,-7.869720459E-3,5.117639609E-1
3.299436140E-1,-4.674761295E-1,-2.053756714E-1,6.855964661E-3,5.106467491E-1
3.349691350E-1,-4.049830437E-1,-2.490012646E-1,1.648044586E-2,4.756937045E-1
3.399946550E-1,-3.390896320E-1,-2.779853344E-1,1.635456085E-2,4.387768184E-1
3.450201760E-1,-2.599580288E-1,-3.065732718E-1,1.611518860E-2,4.022748401E-1
3.500456970E-1,-1.816484928E-1,-3.204716444E-1,5.855560303E-2,3.729973304E-1
3.550712180E-1,-1.038708687E-1,-2.961236238E-1,9.116840363E-2,3.267874474E-1
3.600967390E-1,-2.163815498E-2,-2.765001059E-1,1.093187332E-1,2.981125689E-1
3.651222600E-1,2.236127853E-2,-2.425835133E-1,1.321420670E-1,2.771431283E-1
3.701477800E-1,2.871704102E-2,-1.898705959E-1,1.501913071E-1,2.437887207E-1
3.751733010E-1,2.641868591E-2,-1.137368679E-1,1.587867737E-1,1.970970867E-1
3.801988220E-1,-8.180499077E-3,-4.769492149E-2,1.485290527E-1,1.562133336E-1
3.852243430E-1,-7.489728928E-2,3.452301025E-3,1.955614090E-1,2.094416076E-1
3.902498640E-1,-1.881169081E-1,3.022146225E-2,3.040885925E-1,3.588470147E-1
3.952753850E-1,-3.385342360E-1,4.653429985E-2,5.163345337E-1,6.191705909E-1
4.003009050E-1,-5.072557926E-1,4.717445374E-2,7.412528992E-1,8.994385631E-1
4.053264260E-1,-6.706939936E-1,6.021404266E-2,9.645509720E-1,1.176356554E0
4.103519470E-1,-7.903319597E-1,5.644702911E-2,1.129518509E0,1.379718426E0
4.153774680E-1,-8.372949362E-1,4.521536827E-2,1.232112885E0,1.490372235E0
4.204029890E-1,-7.973797321E-1,-1.996755600E-3,1.258743286E0,1.490051370E0
4.254285100E-1,-6.753817797E-1,-7.517027855E-2,1.172144890E0,1.354885516E0
4.304540300E-1,-4.712377787E-1,-1.640553474E-1,1.025525093E0,1.140473988E0
4.354795510E-1,-2.849280834E-1,-2.441700697E-1,8.383264542E-1,9.184738861E-1
4.405050720E-1,-1.351603270E-1,-2.816179991E-1,5.965023041E-1,6.733439018E-1
4.455305930E-1,-4.746840000E-1,2.772498131E-2,2.429943085E-1,5.339848391E-1
4.505561140E-1,-7.704094648E-1,2.113878727E-1,8.668518066E-2,8.035732056E-1
4.555816350E-1,-1.427781582E0,3.412415981E-1,-2.147865295E-2,1.468151016E0
4.606071550E-1,-1.260859013E0,-2.279014587E-1,-4.047241211E-1,1.343691236E0
4.656326760E-1,-1.002395034E0,-6.158391237E-1,-7.378911972E-1,1.388717772E0
4.706581970E-1,-7.433558702E-1,-8.617397547E-1,-8.077907562E-1,1.395599964E0
4.756837180E-1,-5.700714588E-1,-9.479815960E-1,-6.927223206E-1,1.305187645E0
4.807092390E-1,-4.542250633E-1,-8.953491449E-1,-5.699882507E-1,1.154494307E0
4.857347600E-1,-4.050142765E-1,-7.669639587E-1,-4.728517532E-1,9.878557884E-1
4.907602800E-1,-4.882552624E-1,-5.969773531E-1,-3.202610016E-1,8.350702189E-1
4.957858010E-1,-6.834697723E-1,-4.480099678E-1,-4.121780396E-2,8.182559308E-1
5.008113220E-1,-8.560894728E-1,-2.776870728E-1,3.492670059E-1,9.653946018E-1
5.058368430E-1,-9.960588217E-1,-1.319646835E-3,6.986293793E-1,1.216642070E0
5.108623640E-1,-1.088748574E0,1.992313862E-1,9.837455750E-1,1.480818003E0
5.158878850E-1,-1.067205548E0,2.958729267E-1,1.233884811E0,1.657992822E0
5.209134050E-1,-9.218412638E-1,3.272833824E-1,1.387862206E0,1.697959726E0
5.259389260E-1,-8.801885843E-1,5.981552601E-1,1.342226028E0,1.712919254E0
5.309644470E-1,-8.639039993E-1,6.033670902E-1,1.393266678E0,1.746875497E0
5.359899680E-1,-4.976310730E-1,3.974168301E-1,1.259994507E0,1.411794241E0
5.410154890E-1,5.526838303E-1,6.528782845E-1,-2.245435715E-1,8.843807359E-1
5.460410100E-1,1.340142250E0,4.753658772E-1,-1.365457535E0,1.971402609E0
5.510665300E-1,2.283480167E-1,-4.920363426E-2,5.124692917E-1,5.631949834E-1
5.560920510E-1,-5.011546612E-2,-2.002243996E-1,7.007703781E-1,7.305343886E-1
5.611175720E-1,-2.737883329E-1,-8.860230446E-2,6.127977371E-1,6.770018362E-1
5.661430930E-1,1.690560579E-1,-2.063703537E-2,6.705570221E-2,1.830363493E-1
5.711686140E-1,4.437659979E-1,1.336181164E-1,-5.824785233E-1,7.443542785E-1
5.761941350E-1,5.157818794E-1,1.104950905E-2,-7.286481857E-1,8.927940509E-1
5.812196550E-1,5.710120797E-1,-2.590944767E-1,-5.634660721E-1,8.430176495E-1
5.862451760E-1,7.276214957E-1,-4.857776165E-1,-4.126367569E-1,9.673065837E-1
5.912706970E-1,8.120639920E-1,-5.829210281E-1,-4.772291183E-1,1.107696928E0
5.962962180E-1,6.900870204E-1,-5.837736130E-1,-6.136837006E-1,1.092528906E0
6.013217390E-1,6.724097729E-1,-6.841115952E-1,-6.068935394E-1,1.135104993E0
6.063472600E-1,6.725245714E-1,-6.590597630E-1,-4.379568100E-1,1.038486994E0
6.113727800E-1,8.292283416E-1,-6.524372101E-1,-3.317823410E-1,1.106062149E0
6.163983010E-1,6.131536365E-1,-3.768985271E-1,-4.842061996E-1,8.674477076E-1
6.214238220E-1,4.612528086E-1,-3.010687828E-1,-7.800273895E-1,9.549027667E-1
6.264493430E-1,2.503057718E-1,-2.281930447E-1,-9.655323029E-1,1.023219269E0
6.314748640E-1,1.900942326E-1,-1.920213699E-1,-8.113431931E-1,8.551525014E-1
6.365003850E-1,2.973853350E-1,9.802794456E-2,-6.909303665E-1,7.585725323E-1
6.415259050E-1,2.886849642E-1,4.497084618E-1,-6.185998917E-1,8.174610297E-1
6.465514260E-1,1.233688593E-1,6.001944542E-1,-5.557317734E-1,8.272188720E-1
6.515769470E-1,-5.733275414E-2,5.841479301E-1,-6.791391373E-1,8.976334535E-1
6.566024680E-1,-1.238887310E-1,5.218904018E-1,-8.165121078E-1,9.769391135E-1
6.616279890E-1,1.886951923E-2,4.853115082E-1,-8.531322479E-1,9.816913727E-1
6.666535100E-1,2.265446186E-1,2.782187462E-1,-9.709320068E-1,1.035102457E0
6.716790300E-1,3.434327841E-1,-2.764351368E-1,-1.437983513E0,1.504047554E0
6.767045510E-1,6.604586840E-1,-2.549655437E-1,-1.560640335E0,1.713712741E0
6.817300720E-1,1.218644738E0,8.454275131E-2,-1.339055061E0,1.812542670E0
6.867555930E-1,1.448678374E0,-2.619469166E-1,-1.596404076E0,2.171587252E0
6.917811140E-1,1.634903193E0,-5.375628471E-1,-1.457581520E0,2.255310655E0
6.968066350E-1,1.924082994E0,-4.317746162E-1,-1.085909843E0,2.251160784E0
7.018321550E-1,1.813992143E0,-2.271034718E-1,-1.117774010E0,2.142793088E0
7.068576760E-1,1.300184250E0,-6.275677681E-2,-1.016949654E0,1.651848690E0
7.118831970E-1,7.089905739E-1,1.944308281E-1,-9.027976990E-1,1.164265720E0
7.169087180E-1,2.564992905E-1,5.290417671E-1,-7.031497955E-1,9.165678984E-1
7.219342390E-1,-1.007190943E-1,8.394727707E-1,-5.039186478E-1,9.842727631E-1
7.269597600E-1,-8.711253405E-1,6.273560524E-1,-7.402896881E-1,1.304018327E0
7.319852800E-1,-9.359403849E-1,-2.740232944E-1,-1.599402428E0,1.873275552E0
7.370108010E-1,-3.825581074E-1,-2.843899727E-1,-1.507522583E0,1.581092249E0
7.420363220E-1,-1.898741722E-2,-2.311456203E-1,-1.345900536E0,1.365736824E0
7.470618430E-1,3.678956032E-1,-5.180907249E-2,-3.968381882E-1,5.436100647E-1
7.520873640E-1,6.521590948E-1,9.529519081E-2,3.638477325E-1,7.528464856E-1
7.571128850E-1,5.060787201E-1,3.050487041E-1,7.648983002E-1,9.665608064E-1
7.621384050E-1,2.666764259E-1,4.716148376E-1,9.698524475E-1,1.110923328E0
7.671639260E-1,1.971472502E-1,6.090290546E-1,1.084266663E0,1.259133680E0
7.721894470E-1,2.529939413E-1,5.834350586E-1,1.021916389E0,1.203625984E0
7.772149680E-1,3.217285872E-1,4.383568764E-1,7.968397141E-1,9.646862520E-1
7.822404890E-1,4.622384310E-1,2.074227333E-1,5.186214447E-1,7.250219033E-1
7.872660100E-1,7.244794369E-1,2.439880371E-2,2.921619415E-1,7.815525294E-1
7.922915300E-1,1.021164775E0,-6.807494164E-2,6.474590302E-2,1.025477317E0
7.973170510E-1,9.949393272E-1,1.115951538E-1,-2.254581451E-1,1.026250027E0
8.023425720E-1,2.335843325E0,1.626245975E-1,-1.257465363E0,2.657786661E0
8.073680930E-1,3.535849094E0,3.963255882E-2,-1.395220757E0,3.801373504E0
8.123936140E-1,3.519156694E0,-8.445978165E-3,-1.232731819E0,3.728828625E0
8.174191350E-1,3.090528011E0,5.622839928E-2,-1.219742775E0,3.322995254E0
8.224446550E-1,2.421935081E0,2.047746181E-1,-1.494710922E0,2.853394982E0
8.274701760E-1,1.685708046E0,3.802468777E-1,-1.918576241E0,2.582079413E0
8.324956970E-1,1.141277909E0,5.305230618E-1,-2.318780422E0,2.638316249E0
8.375212180E-1,7.660016418E-1,5.941910744E-1,-2.690381527E0,2.859715774E0
8.425467390E-1,2.643834352E-1,5.142755508E-1,-2.698423862E0,2.759686447E0
8.475722600E-1,-2.957022190E-1,3.625810146E-1,-2.596591473E0,2.638407109E0
8.525977800E-1,-1.047471762E0,1.532800198E-1,-2.356094360E0,2.582996804E0
8.576233010E-1,-1.832309008E0,5.805826187E-2,-2.062928200E0,2.759782567E0
8.626488220E-1,-2.377120018E0,4.266357422E-2,-2.027779579E0,3.124805559E0
8.676743430E-1,-2.840466022E0,-9.373950958E-2,-2.059022903E0,3.509502762E0
8.726998640E-1,-3.487556458E0,-2.128574848E-1,-1.386279106E0,3.759006267E0
8.777253850E-1,-3.305842400E0,4.808270931E-2,-1.229678154E0,3.527465702E0
8.827509050E-1,-2.885889769E0,1.767716408E-1,-1.679562569E0,3.343731208E0
8.877764260E-1,-2.699334621E0,2.642149925E-1,-1.711873055E0,3.207292677E0
8.928019470E-1,-2.401895761E0,4.916805029E-1,-1.575739861E0,2.914414019E0
8.978274680E-1,-2.134266138E0,5.721062422E-1,-9.987220764E-1,2.424838817E0
9.028529890E-1,-1.958198071E0,3.483986855E-1,3.199300766E-1,2.014516463E0
9.078785100E-1,-1.504908919E0,-3.504669666E-2,1.274400711E0,1.972327635E0
9.129040300E-1,-9.214813113E-1,1.962542534E-2,1.157224655E0,1.479419436E0
9.179295510E-1,-9.386276603E-1,4.208559990E-1,1.089207649E0,1.498170538E0
9.229550720E-1,-7.507913113E-1,4.797126055E-1,2.146680832E0,2.324231135E0
9.279805930E-1,1.180022359E-1,2.479752302E-1,2.874399185E0,2.887487994E0
9.330061140E-1,1.057822704E0,-6.778979301E-2,2.559943199E0,2.770720757E0
9.380316350E-1,1.569617867E0,-7.923161983E-2,2.232429504E0,2.730150068E0
9.430571550E-1,1.670823336E0,1.226043105E-1,2.307716370E0,2.851707783E0
9.480826760E-1,1.514529109E0,2.552524805E-1,2.354843140E0,2.811447752E0
9.531081970E-1,1.353534937E0,2.664432526E-1,2.201650620E0,2.598136694E0
9.581337180E-1,1.237178445E0,2.527480125E-1,1.948739052E0,2.322084399E0
9.631592390E-1,1.050877571E0,3.012077212E-1,1.663095474E0,1.990215143E0
9.681847600E-1,7.704107761E-1,3.791287541E-1,1.239460945E0,1.507824529E0
9.732102800E-1,5.721442699E-1,4.585871696E-1,6.396646500E-1,9.730478520E-1
9.782358010E-1,4.642446935E-1,5.836572647E-1,-7.401275635E-2,7.494376733E-1
9.832613220E-1,4.682741761E-1,7.746610045E-1,-8.489713669E-1,1.241020853E0
9.882868430E-1,6.295557618E-1,1.056491733E0,-1.493990898E0,1.935077270E0
9.933123640E-1,9.750348330E-1,1.386970758E0,-1.913698196E0,2.556681755E0
9.983378850E-1,1.685948372E0,1.699607253E0,-1.969714165E0,3.100138806E0
1.003363405E0,4.190063000E0,1.847091556E0,-1.576331139E0,4.842849886E0
1.008388926E0,3.198571920E0,1.824975014E0,2.795928001E0,4.623700847E0
1.013414447E0,4.602028370E0,1.823062897E0,-4.361238480E-1,4.969147558E0
1.018439968E0,4.183875084E0,1.797311425E0,-1.516894341E0,4.799594516E0
1.023465489E0,4.452676773E0,1.840405226E0,-2.285580635E0,5.332663563E0
1.028491010E0,4.015473366E0,1.909190416E0,-2.230710030E0,4.974444857E0
1.033516530E0,2.885635376E0,2.016834497E0,-1.869668961E0,3.986248228E0
1.038542051E0,1.649280071E0,2.266482830E0,-1.542251587E0,3.199313853E0
1.043567572E0,7.661898136E-1,2.598217249E0,-1.353509903E0,3.028162605E0
1.048593093E0,2.915724814E-1,2.861302853E0,-1.451477051E0,3.221622907E0
1.053618614E0,2.009880394E-1,2.934092522E0,-1.716321945E0,3.405151412E0
1.058644135E0,5.262244344E-1,2.772111416E0,-2.253238678E0,3.610899943E0
1.063669655E0,6.732614040E-1,2.402978420E0,-2.602959156E0,3.605964860E0
1.068695176E0,1.714589357E0,1.942151427E0,-3.794086933E0,4.594220770E0
1.073720697E0,1.993908286E0,1.452344179E0,-3.955565929E0,4.661703089E0
1.078746218E0,2.171357870E0,1.028919935E0,-4.312786102E0,4.936962143E0
1.083771739E0,1.999015927E0,7.523839474E-1,-4.458602905E0,4.943812916E0
1.088797260E0,1.697598934E0,5.027290583E-1,-4.698890209E0,5.021369121E0
1.093822780E0,1.200971127E0,2.893903852E-1,-5.013831139E0,5.163775860E0
1.098848301E0,7.397518158E-1,8.468186855E-2,-5.536681652E0,5.586523739E0
1.103873822E0,5.016022921E-1,-7.570463419E-2,-6.400620461E0,6.420691422E0
1.108899343E0,3.361045420E-1,-7.636642456E-2,-7.543016434E0,7.550887035E0
1.113924864E0,3.199605346E-1,-7.779359818E-3,-8.318122864E0,8.324277941E0
1.118950385E0,1.051430404E-1,-2.756484747E-1,-8.243114471E0,8.248392166E0
1.123975905E0,-2.043237090E-1,-7.179996967E-1,-8.011889458E0,8.046592100E0
1.129001426E0,-5.197881460E-1,-1.190691948E0,-8.083434105E0,8.187174968E0
1.134026947E0,-9.181832075E-1,-1.451953650E0,-8.333340645E0,8.508571919E0
1.139052468E0,-1.221729159E0,-1.469440103E0,-8.561540604E0,8.772220578E0
1.144077989E0,-8.374968767E-1,-1.571016312E0,-8.769226074E0,8.948118194E0
1.149103510E0,-4.548331499E-1,-2.049023628E0,-8.239367485E0,8.502502430E0
1.154129030E0,-4.154862165E-1,-2.756736755E0,-7.276978493E0,7.792730094E0
1.159154551E0,-3.384041786E-1,-3.094094038E0,-7.368914604E0,7.999302329E0
1.164180072E0,-1.776262522E-1,-3.043169022E0,-7.503965855E0,8.099501980E0
1.169205593E0,5.876755714E-2,-2.838222742E0,-7.935543060E0,8.428036878E0
1.174231114E0,2.190332413E-1,-2.799109936E0,-8.232959747E0,8.698541153E0
1.179256635E0,5.187983513E-1,-2.767695189E0,-8.453577995E0,8.910233965E0
1.184282155E0,8.527238369E-1,-2.863055229E0,-8.396451950E0,8.912049626E0
1.189307676E0,9.452021122E-1,-3.129179478E0,-8.237413406E0,8.862288128E0
1.194333197E0,9.640054703E-1,-3.308355331E0,-7.969522953E0,8.682615830E0
1.199358718E0,7.909231186E-1,-3.329746246E0,-7.939556599E0,8.645769395E0
1.204384239E0,5.454907417E-1,-3.273386478E0,-8.308617592E0,8.946828794E0
1.209409760E0,3.831882477E-1,-3.246398926E0,-8.813292503E0,9.400003403E0
1.214435280E0,4.036965370E-1,-3.326888800E0,-9.210703850E0,9.801439965E0
1.219460801E0,5.735106468E-1,-3.621749163E0,-9.407434464E0,1.009682151E1
1.224486322E0,1.313439846E0,-4.152185440E0,-9.865482330E0,1.078394685E1
1.229511843E0,1.254617691E0,-4.929988861E0,-9.745839119E0,1.099364525E1
1.234537364E0,7.925314903E-1,-5.728517532E0,-9.510601044E0,1.113083786E1
1.239562885E0,1.773066521E-1,-6.427310467E0,-9.199649811E0,1.122387251E1
1.244588405E0,-3.898096085E-1,-6.964245796E0,-8.919070244E0,1.132265362E1
1.249613926E0,-9.102811813E-1,-7.273633957E0,-8.553194046E0,1.126461234E1
1.254639447E0,-1.076602936E0,-7.395828724E0,-8.190073013E0,1.108759002E1
1.259664968E0,-5.404944420E-1,-7.395530701E0,-7.867407799E0,1.081120317E1
1.264690489E0,3.812355995E-1,-7.222479820E0,-7.234477520E0,1.022972240E1
1.269716010E0,1.226342678E0,-6.950038433E0,-6.358294487E0,9.499203091E0
1.274741530E0,1.804824352E0,-6.822742462E0,-5.418913841E0,8.897855521E0
1.279767051E0,2.523157120E0,-6.940828800E0,-4.546957970E0,8.672730427E0
1.284792572E0,3.693149090E0,-7.093937397E0,-3.626559734E0,8.781527971E0
1.289818093E0,5.066501617E0,-7.269013405E0,-2.691285849E0,9.260184341E0
1.294843614E0,6.265177727E0,-7.472501755E0,-1.842139959E0,9.923921304E0
1.299869135E0,7.154040337E0,-7.653437614E0,-9.980130196E-1,1.052385055E1
1.304894655E0,7.553573608E0,-7.813364983E0,-2.780547142E-1,1.087117570E1
1.309920176E0,7.574622154E0,-8.001450539E0,2.958555222E-1,1.102205253E1
1.314945697E0,7.283531189E0,-8.261665344E0,7.658500671E-1,1.104044687E1
1.319971218E0,6.793457031E0,-8.536989212E0,1.228468895E0,1.097908826E1
1.324996739E0,6.197911263E0,-8.765584946E0,1.733709335E0,1.087452673E1
1.330022260E0,5.618853569E0,-8.947702408E0,2.084083796E0,1.076922927E1
1.335047780E0,5.297954559E0,-9.002226830E0,2.360264063E0,1.070884013E1
1.340073301E0,5.094841957E0,-8.943832397E0,2.565466166E0,1.060807094E1
1.345098822E0,4.908473969E0,-8.877792358E0,2.620204210E0,1.047729850E1
1.350124343E0,4.715124130E0,-8.946868896E0,2.496525049E0,1.041688514E1
1.355149864E0,4.625670433E0,-9.140192032E0,2.212644577E0,1.048025445E1
1.360175385E0,4.698553085E0,-9.417806625E0,1.914732456E0,1.069755501E1
1.365200905E0,4.796154022E0,-9.778072357E0,1.728566170E0,1.102731760E1
1.370226426E0,4.766502380E0,-1.018126965E1,1.611762047E0,1.135674132E1
1.375251947E0,4.787338257E0,-1.046795845E1,1.470431089E0,1.160426341E1
1.380277468E0,4.858875275E0,-1.065172005E1,1.340534568E0,1.178409274E1
1.385302989E0,4.871142387E0,-1.081324387E1,1.229695320E0,1.192335614E1
1.390328510E0,5.034558296E0,-1.094722557E1,1.093850851E0,1.209896833E1
1.395354030E0,5.377440453E0,-1.103922462E1,1.124184132E0,1.233065838E1
1.400379551E0,5.612405777E0,-1.117097092E1,1.339102864E0,1.257310170E1
1.405405072E0,5.868490219E0,-1.120893288E1,1.652543902E0,1.275971218E1
1.410430593E0,6.293797493E0,-1.109620285E1,2.013005018E0,1.291471230E1
1.415456114E0,6.773216248E0,-1.085764790E1,2.430982113E0,1.302592224E1
1.420481635E0,7.440284729E0,-1.053308105E1,2.863871574E0,1.321004897E1
1.425507155E0,8.279755592E0,-1.009120083E1,3.344974995E0,1.347499701E1
1.430532676E0,8.974702835E0,-9.625381470E0,3.810803175E0,1.370092990E1
1.435558197E0,9.533644676E0,-9.137697220E0,4.265131950E0,1.387729231E1
1.440583718E0,9.945961952E0,-8.610754967E0,4.698518753E0,1.396937145E1
1.445609239E0,1.021061230E1,-7.969538689E0,5.144819736E0,1.393697673E1
1.450634760E0,1.030740356E1,-7.201009750E0,5.608920574E0,1.376797370E1
1.455660228E0,1.026875782E1,-6.316032887E0,5.933780670E0,1.343686763E1
1.460685697E0,1.014162731E1,-5.382486343E0,6.216549873E0,1.305638756E1
1.465711166E0,1.001597118E1,-4.472850323E0,6.539926529E0,1.277093214E1
1.470736635E0,9.938703537E0,-3.644936562E0,6.857172012E0,1.261285846E1
1.475762103E0,9.927948952E0,-2.927630424E0,7.254797935E0,1.263990836E1
1.480787572E0,1.003024292E1,-2.306770325E0,7.794226646E0,1.291034203E1
1.485813041E0,1.019159412E1,-1.815840244E0,8.373656273E0,1.331480326E1
1.490838510E0,1.035826588E1,-1.392275810E0,8.924596786E0,1.374338138E1
1.495863978E0,1.044806862E1,-1.040324211E0,9.383401871E0,1.408164206E1
1.500889447E0,1.047489738E1,-7.208671570E-1,9.595596313E0,1.422387406E1
1.505914916E0,1.045285892E1,-3.805308342E-1,9.551113129E0,1.416442111E1
1.510940385E0,1.033407021E1,-3.784561157E-2,9.235742569E0,1.385977562E1
1.515965853E0,1.004673386E1,3.075799942E-1,8.721549988E0,1.330777595E1
1.520991322E0,9.672706604E0,5.416808128E-1,7.989903450E0,1.255759644E1
1.526016791E0,9.284455299E0,6.843919754E-1,7.161669254E0,1.174559531E1
1.531042260E0,8.830379486E0,8.036060333E-1,6.281309128E0,1.086628864E1
1.536067728E0,8.268713951E0,9.241008759E-1,5.336181641E0,9.884352651E0
1.541093197E0,7.648716450E0,1.056145191E0,4.304891109E0,8.840271119E0
1.546118666E0,7.100810051E0,1.281601906E0,3.266731262E0,7.920576997E0
1.551144135E0,6.635057449E0,1.566916943E0,2.296232224E0,7.193879238E0
1.556169603E0,6.237337589E0,1.892810345E0,1.410228968E0,6.669022188E0
1.561195072E0,6.089119434E0,2.258853912E0,5.966374874E-1,6.521945475E0
1.566220541E0,7.240432739E0,2.859471321E0,-2.662606239E-1,7.789180779E0
1.571246010E0,7.028409004E0,3.037631035E0,-2.780858278E-1,7.661792686E0
1.576271478E0,6.650074005E0,3.100080013E0,-4.154371619E-1,7.348916138E0
1.581296947E0,6.005482197E0,3.066687584E0,-4.443286061E-1,6.757796761E0
1.586322416E0,5.373024464E0,2.924133778E0,-3.088450432E-1,6.124976367E0
1.591347937E0,4.940101147E0,2.860037804E0,-1.299617887E-1,5.709755305E0
1.596373458E0,4.654422760E0,2.874930382E0,6.741714478E-2,5.471144396E0
1.601398978E0,4.430077076E0,2.887838364E0,2.489718199E-1,5.294070294E0
1.606424499E0,4.229098797E0,2.875247955E0,4.666079581E-1,5.135177740E0
1.611450020E0,4.157070637E0,2.861493111E0,7.004402280E-1,5.095095251E0
1.616475541E0,4.166105747E0,2.808480263E0,9.737119675E-1,5.117823119E0
1.621501062E0,4.289843082E0,2.697406769E0,1.189962149E0,5.205263381E0
1.626526583E0,4.504271984E0,2.494978428E0,1.415595055E0,5.340158501E0
1.631552103E0,4.761633396E0,2.220653534E0,1.635420561E0,5.502640741E0
1.636577624E0,5.066840649E0,1.965595245E0,1.843840957E0,5.739005863E0
1.641603145E0,5.295548916E0,1.720350742E0,2.054271698E0,5.934852754E0
1.646628666E0,5.395400047E0,1.561606884E0,2.241886616E0,6.047727948E0
1.651654187E0,5.362072945E0,1.518183231E0,2.382066011E0,6.060605999E0
1.656679708E0,5.239033699E0,1.618798733E0,2.483873606E0,6.019768395E0
1.661705228E0,5.045848370E0,1.858640194E0,2.513666630E0,5.935793887E0
1.666730749E0,4.835506916E0,2.204137802E0,2.466823578E0,5.858802706E0
1.671756270E0,4.665607452E0,2.655143261E0,2.362882376E0,5.865227341E0
1.676781791E0,4.689116955E0,3.244861603E0,2.211814404E0,6.116295251E0
1.681807312E0,4.589627266E0,3.838777065E0,2.095582247E0,6.339743903E0
1.686832833E0,4.452973366E0,4.393505096E0,1.856926680E0,6.525337962E0
1.691858353E0,4.302694798E0,4.918321133E0,1.582943082E0,6.723747027E0
1.696883874E0,4.147891998E0,5.393802643E0,1.331839561E0,6.933391060E0
1.701909395E0,4.045541286E0,5.814960480E0,1.075740814E0,7.165011373E0
1.706934916E0,4.004974842E0,6.176987648E0,8.295460939E-1,7.408316044E0
1.711960437E0,4.049514771E0,6.503621101E0,5.842536688E-1,7.683554494E0
1.716985958E0,4.126052856E0,6.770833969E0,3.739720285E-1,7.937780539E0
1.722011478E0,4.234041214E0,7.002429485E0,1.847631335E-1,8.185063293E0
1.727036999E0,4.348864079E0,7.169530392E0,3.126573563E-2,8.385449443E0
1.732062520E0,4.469980717E0,7.276854038E0,-5.756101012E-2,8.540295403E0
1.737088041E0,4.644710541E0,7.376970291E0,-1.102776229E-1,8.718095425E0
1.742113562E0,4.805528641E0,7.465001106E0,-9.827457368E-2,8.878569982E0
1.747139083E0,4.990401745E0,7.545725822E0,-6.465695798E-2,9.046892742E0
1.752164603E0,5.131697655E0,7.628560066E0,2.379851043E-2,9.194009782E0
1.757190124E0,5.205204487E0,7.684770584E0,1.569231600E-1,9.283020928E0
1.762215645E0,5.234967232E0,7.690593719E0,2.912049592E-1,9.307787815E0
1.767241166E0,5.216363907E0,7.684474945E0,4.406614602E-1,9.298160577E0
1.772266687E0,5.135221481E0,7.642625809E0,5.473877192E-1,9.223874578E0
1.777292208E0,5.011163712E0,7.603562355E0,6.542820930E-1,9.129841581E0
1.782317728E0,4.925870895E0,7.567444801E0,7.134845257E-1,9.057565074E0
1.787343249E0,4.827167511E0,7.505788803E0,7.679113150E-1,8.957013985E0
1.792368770E0,4.744103432E0,7.418773651E0,8.317410350E-1,8.845140644E0
1.797394291E0,4.634106636E0,7.364023209E0,8.856292963E-1,8.745748761E0
1.802419812E0,4.564412117E0,7.293769360E0,9.056305289E-1,8.651768380E0
1.807445333E0,4.563963890E0,7.232059956E0,9.347348213E-1,8.602684859E0
1.812470853E0,4.632777691E0,7.183698177E0,9.584902525E-1,8.601561033E0
1.817496374E0,4.713430405E0,7.110419750E0,9.529086351E-1,8.583852869E0
1.822521895E0,4.829533100E0,7.012119770E0,9.322358966E-1,8.565236564E0
1.827547416E0,4.980802059E0,6.903057098E0,9.060851336E-1,8.560465918E0
1.832572937E0,5.128743172E0,6.773576736E0,8.840403557E-1,8.542065071E0
1.837598458E0,5.263414383E0,6.661769867E0,8.469138145E-1,8.532289947E0
1.842623978E0,5.394016743E0,6.543503761E0,7.612472177E-1,8.514244266E0
1.847649499E0,5.510799408E0,6.380401611E0,6.512169838E-1,8.455916177E0
1.852675020E0,5.575427055E0,6.196342468E0,5.313757062E-1,8.352389297E0
1.857700541E0,5.597540379E0,5.967385769E0,4.210049212E-1,8.192642818E0
1.862726062E0,5.572508335E0,5.813131332E0,3.680978119E-1,8.061069472E0
1.867751583E0,5.447987556E0,5.671330452E0,4.155428410E-1,7.875102118E0
1.872777103E0,5.434939861E0,5.456016541E0,2.480165064E-1,7.705076247E0
1.877802624E0,5.461459160E0,5.286791801E0,9.602767229E-2,7.601771177E0
1.882828145E0,5.446383476E0,5.087120056E0,3.644186258E-2,7.452731811E0
1.887853666E0,5.442427635E0,4.866577625E0,2.495110035E-3,7.300931624E0
1.892879187E0,5.507082939E0,4.658665180E0,-8.907318115E-4,7.213260328E0
1.897904708E0,5.592462063E0,4.434614182E0,-2.322316170E-3,7.137327249E0
1.902930228E0,5.693841457E0,4.199196815E0,3.085911274E-3,7.074821126E0
1.907955749E0,5.768100262E0,3.947535038E0,2.980405092E-2,6.989628158E0
1.912981270E0,5.844064713E0,3.689173222E0,6.344980001E-2,6.911375934E0
1.918006791E0,5.883534431E0,3.443180561E0,1.231098771E-1,6.818110136E0
1.923032312E0,5.939173698E0,3.214230537E0,1.370992661E-1,6.754543536E0
1.928057833E0,5.967806339E0,3.021258354E0,1.868615150E-1,6.691609057E0
1.933083353E0,5.955298424E0,2.802021027E0,2.292644382E-1,6.585549585E0
1.938108874E0,5.978355408E0,2.633022785E0,2.595512867E-1,6.537653190E0
1.943134395E0,6.003472805E0,2.471041203E0,3.352130651E-1,6.500776734E0
1.948159916E0,6.040194035E0,2.325473309E0,3.700948358E-1,6.482957679E0
1.953185437E0,6.102933884E0,2.186636448E0,4.312917590E-1,6.497168116E0
1.958210958E0,6.115155220E0,2.001750469E0,4.708418250E-1,6.451652527E0
1.963236478E0,6.081862450E0,1.789913654E0,4.598581791E-1,6.356438570E0
1.968261999E0,6.041655064E0,1.555958748E0,4.413907528E-1,6.254392803E0
1.973287520E0,6.004391193E0,1.295151234E0,3.675407171E-1,6.153471906E0
1.978313041E0,5.965651989E0,9.980492592E-1,2.956174612E-1,6.055782002E0
1.983338562E0,5.935436726E0,6.457219124E-1,2.157918811E-1,5.974356204E0
1.988364083E0,5.832973957E0,2.958965302E-1,1.422032118E-1,5.842205208E0
1.993389603E0,5.697041512E0,-6.078386307E-2,9.838163853E-2,5.698215125E0
1.998415124E0,5.528153419E0,-3.809785843E-1,8.400416374E-2,5.541902346E0
2.003440645E0,5.364976406E0,-6.405892372E-1,8.909958601E-2,5.403819496E0
2.008466166E0,5.212698460E0,-8.632950783E-1,1.036381125E-1,5.284718013E0
2.013491687E0,5.124141216E0,-1.082435131E0,1.129194796E-1,5.238438682E0
2.018517208E0,5.094677448E0,-1.326478481E0,8.817499876E-2,5.265269062E0
2.023542728E0,5.172169209E0,-1.638298988E0,8.675056696E-2,5.426129703E0
2.028568249E0,5.275218964E0,-1.993836880E0,1.323308349E-1,5.640995663E0
2.033593770E0,5.427818298E0,-2.388106823E0,1.528837979E-1,5.931916986E0
2.038619291E0,5.572480202E0,-2.797144890E0,1.960611939E-1,6.238188449E0
2.043644812E0,5.690139294E0,-3.091727257E0,3.425126672E-1,6.484888398E0
2.048670333E0,5.723676682E0,-3.424762726E0,4.763613641E-1,6.687031825E0
2.053695853E0,5.859930992E0,-3.776765347E0,4.248661101E-1,6.984501337E0
2.058721374E0,5.902763367E0,-4.137985229E0,3.121701181E-1,7.215468613E0
2.063746895E0,5.842882633E0,-4.417246342E0,1.622208953E-1,7.326503827E0
2.068772416E0,5.718779564E0,-4.647864819E0,-7.614791393E-4,7.369334275E0
2.073797937E0,5.654961586E0,-4.757880211E0,-1.520951688E-1,7.391829786E0
2.078823458E0,5.622563362E0,-4.776063919E0,-2.956177890E-1,7.383183270E0
2.083848978E0,5.525861740E0,-4.740635395E0,-4.063985050E-1,7.292045780E0
2.088874499E0,5.412619591E0,-4.651634693E0,-5.215968490E-1,7.155852110E0
2.093900020E0,5.311388969E0,-4.547411442E0,-6.307512522E-1,7.020516416E0
2.098925541E0,5.231534004E0,-4.442393780E0,-7.664117813E-1,6.905881374E0
2.103951062E0,5.225411415E0,-4.351078033E0,-9.086438417E-1,6.860206858E0
2.108976583E0,5.263722420E0,-4.259693146E0,-9.943040609E-1,6.844004674E0
2.114002103E0,5.331549644E0,-4.183288097E0,-1.061128736E0,6.859396119E0
2.119027624E0,5.418848038E0,-4.127314568E0,-1.075282335E0,6.896004038E0
2.124053145E0,5.491641998E0,-4.092581272E0,-1.022209167E0,6.924757388E0
2.129078666E0,5.511324883E0,-4.070278645E0,-9.117400646E-1,6.911811640E0
2.134104187E0,5.468140602E0,-4.046764851E0,-7.397390008E-1,6.842812374E0
2.139129708E0,5.371588707E0,-4.046560287E0,-5.453573465E-1,6.747297980E0
2.144155228E0,5.245623589E0,-4.084421158E0,-3.531857133E-1,6.657612423E0
2.149180749E0,5.080771446E0,-4.155869484E0,-1.451129913E-1,6.565557664E0
2.154206270E0,4.877208710E0,-4.270652294E0,6.822054088E-2,6.483077190E0
2.159231791E0,4.635140419E0,-4.419324398E0,2.380497158E-1,6.408714575E0
2.164257312E0,4.340460777E0,-4.578011513E0,3.636614680E-1,6.319021984E0
2.169282833E0,3.988622665E0,-4.775519371E0,4.828017950E-1,6.240816742E0
2.174308353E0,3.579962730E0,-4.963899136E0,5.661494136E-1,6.146295871E0
2.179333874E0,3.119611740E0,-5.147808075E0,6.084551215E-1,6.049968845E0
2.184359395E0,2.622373581E0,-5.341152668E0,6.137928963E-1,5.981763681E0
2.189384916E0,2.093543053E0,-5.533638954E0,5.625044107E-1,5.943104727E0
2.194410437E0,1.562253952E0,-5.748488426E0,4.827451110E-1,5.976520680E0
2.199435958E0,1.028964043E0,-5.946439743E0,3.788502514E-1,6.046688361E0
2.204461478E0,5.227956772E-1,-6.145539761E0,2.507467866E-1,6.172831459E0
2.209486999E0,2.972221375E-2,-6.311226845E0,1.129846498E-1,6.312308075E0
2.214512520E0,-4.070491791E-1,-6.428450584E0,-3.402305022E-2,6.441414714E0
2.219538041E0,-7.921972275E-1,-6.529884338E0,-1.658276469E-1,6.579852941E0
2.224563562E0,-1.120934486E0,-6.590973854E0,-2.675298452E-1,6.690964257E0
2.229589083E0,-1.388577461E0,-6.611361027E0,-3.433660269E-1,6.764328660E0
2.234614603E0,-1.576169014E0,-6.610032082E0,-4.262481928E-1,6.808709158E0
2.239640124E0,-1.674386978E0,-6.625247478E0,-4.771736264E-1,6.850194930E0
2.244665645E0,-1.716979980E0,-6.661859512E0,-5.195793509E-1,6.899156116E0
2.249691166E0,-1.742454529E0,-6.739179611E0,-5.336990356E-1,6.981226560E0
2.254716687E0,-1.765336037E0,-6.857324600E0,-5.525313020E-1,7.102436401E0
2.259742208E0,-1.847967148E0,-6.978317738E0,-5.853918791E-1,7.242553740E0
2.264767728E0,-1.947372437E0,-7.112008095E0,-6.224424243E-1,7.400023859E0
2.269793249E0,-2.068422794E0,-7.268082142E0,-6.249967813E-1,7.582480587E0
2.274818770E0,-2.249443531E0,-7.413067341E0,-5.974313021E-1,7.769844771E0
2.279844291E0,-2.485648155E0,-7.541970253E0,-5.534798503E-1,7.960282783E0
2.284869812E0,-2.757923126E0,-7.630676746E0,-4.781464338E-1,8.127852828E0
2.289895333E0,-3.028040409E0,-7.697829723E0,-3.945440948E-1,8.281381299E0
2.294920853E0,-3.324802876E0,-7.728571415E0,-3.066079319E-1,8.418974920E0
2.299946374E0,-3.624382973E0,-7.765237808E0,-2.420023680E-1,8.572842895E0
2.304971895E0,-3.893431664E0,-7.783039093E0,-1.998001933E-1,8.704850818E0
2.309997416E0,-4.098665714E0,-7.819378853E0,-1.983035505E-1,8.830689134E0
2.315022937E0,-4.235541821E0,-7.859208107E0,-2.320416868E-1,8.930890769E0
2.320048458E0,-4.285165310E0,-7.916235447E0,-3.055543602E-1,9.006819020E0
2.325073978E0,-4.243005276E0,-7.994786739E0,-4.279039204E-1,9.061060122E0
2.330099499E0,-4.051893711E0,-8.108951569E0,-6.133747101E-1,9.085657198E0
2.335125020E0,-3.654702187E0,-8.320885658E0,-8.713182211E-1,9.129796364E0
2.340150541E0,-3.066057682E0,-8.621470451E0,-1.230130792E0,9.232750631E0
2.345176062E0,-2.348329067E0,-9.025575638E0,-1.656035662E0,9.471964903E0
2.350201583E0,-1.597228050E0,-9.509878159E0,-2.053429365E0,9.859284568E0
2.355227103E0,-8.939495087E-1,-9.994005203E0,-2.327549934E0,1.030032885E1
2.360252624E0,-2.574100494E-1,-1.044067287E1,-2.489522219E0,1.073646268E1
2.365278145E0,2.121562958E-1,-1.075537491E1,-2.584696293E0,1.106362303E1
2.370303666E0,3.763303757E-1,-1.089159012E1,-2.534023285E0,1.118881736E1
2.375329187E0,1.158580780E-1,-1.072584152E1,-2.125384569E0,1.093500613E1
2.380354708E0,-3.632373810E-1,-1.055519390E1,-1.935224891E0,1.073727875E1
2.385380228E0,-9.317607880E-1,-1.022165203E1,-1.692089319E0,1.040257250E1
2.390405749E0,-1.723766327E0,-9.839931488E0,-1.411778450E0,1.008904061E1
2.395431270E0,-2.634066582E0,-9.366445541E0,-9.807211757E-1,9.779080880E0
2.400456791E0,-3.490632057E0,-8.853532791E0,-3.854827881E-1,9.524607710E0
2.405482312E0,-4.265107632E0,-8.329194069E0,2.778459787E-1,9.361827564E0
2.410507833E0,-4.953004360E0,-7.835934162E0,9.377843142E-1,9.317379235E0
2.415533353E0,-5.559333801E0,-7.406777859E0,1.547167778E0,9.389370516E0
2.420558874E0,-6.098639965E0,-7.132132530E0,2.140187025E0,9.625025940E0
2.425584395E0,-6.590219498E0,-6.977705956E0,2.660205841E0,9.959722313E0
2.430609916E0,-7.000665188E0,-6.899852276E0,3.108347654E0,1.030917551E1
2.435635437E0,-7.349147797E0,-6.864758015E0,3.466764927E0,1.063735564E1
2.440660958E0,-7.659570694E0,-6.857825279E0,3.837197065E0,1.097373556E1
2.445686478E0,-7.951048374E0,-6.859623909E0,4.163142204E0,1.129625440E1
2.450711999E0,-8.209211349E0,-6.860143185E0,4.454961777E0,1.158876179E1
2.455737520E0,-8.414955139E0,-6.882705212E0,4.703646660E0,1.184514217E1
2.460763041E0,-8.592283249E0,-6.916821003E0,4.938220501E0,1.208535336E1
2.465788562E0,-8.765190125E0,-6.980639935E0,5.063059807E0,1.229603458E1
2.470814083E0,-8.928915977E0,-7.001229763E0,5.126236916E0,1.245074551E1
2.475839603E0,-9.016488075E0,-7.006093025E0,5.065807819E0,1.249178953E1
2.480865124E0,-8.936983109E0,-7.018134594E0,4.877608299E0,1.236587817E1
2.485890645E0,-8.723838806E0,-7.026825905E0,4.533668995E0,1.208452731E1
2.490916166E0,-8.386415482E0,-7.012565613E0,4.039570332E0,1.165444849E1
2.495941687E0,-7.890948772E0,-6.980032921E0,3.400721550E0,1.107035858E1
2.500967208E0,-7.237174034E0,-6.920354843E0,2.655525684E0,1.035952778E1
2.505992728E0,-6.429625511E0,-6.825011730E0,1.894645929E0,9.566114808E0
2.511018249E0,-5.535045147E0,-6.729289055E0,1.074504733E0,8.779215021E0
2.516043770E0,-4.581882000E0,-6.625605583E0,2.138327360E-1,8.058412775E0
2.521069291E0,-3.641651630E0,-6.516109943E0,-6.636645794E-1,7.494115429E0
2.526094812E0,-2.790683270E0,-6.431832314E0,-1.505587578E0,7.170995327E0
2.531120333E0,-2.014472008E0,-6.331781864E0,-2.269175529E0,7.021304482E0
2.536145853E0,-1.279431343E0,-6.189071655E0,-2.916093349E0,6.960255235E0
2.541171374E0,-4.899530411E-1,-5.900080204E0,-3.288603544E0,6.772437794E0
2.546196895E0,1.145782471E-1,-5.791213989E0,-3.530711889E0,6.783598904E0
2.551222416E0,7.495002747E-1,-5.690639973E0,-3.824048519E0,6.896990723E0
2.556247937E0,1.208861351E0,-5.651301384E0,-3.982517242E0,7.018475382E0
2.561273458E0,1.592926025E0,-5.668297768E0,-3.954713106E0,7.092726461E0
2.566298978E0,1.896595955E0,-5.731606960E0,-3.766052723E0,7.115584844E0
2.571324499E0,2.172182083E0,-5.768974781E0,-3.465770245E0,7.071846182E0
2.576350020E0,2.452682495E0,-5.612861633E0,-2.988501549E0,6.815497681E0
2.581375541E0,2.670614243E0,-5.354416370E0,-2.369169712E0,6.435442504E0
2.586401062E0,2.729872704E0,-5.055978298E0,-1.738259554E0,6.003054873E0
2.591426583E0,2.658966064E0,-4.698366165E0,-1.153905153E0,5.520529165E0
2.596452103E0,2.543848038E0,-4.310203552E0,-7.600159645E-1,5.062276342E0
2.601477624E0,2.456177711E0,-3.986984253E0,-3.938112259E-1,4.699355239E0
2.606503145E0,2.256985664E0,-3.738113642E0,-3.658127785E-2,4.366785554E0
2.611528666E0,1.927341461E0,-3.515383005E0,2.593634129E-1,4.017440997E0
2.616554187E0,1.568021774E0,-3.260975599E0,5.615072250E-1,3.661686020E0
2.621579708E0,1.227102280E0,-2.974490881E0,8.510992527E-1,3.328324795E0
2.626605228E0,9.335174561E-1,-2.669682264E0,1.118796110E0,3.041440936E0
2.631630749E0,5.965986252E-1,-2.384136677E0,1.378887296E0,2.818043255E0
2.636656270E0,2.550144196E-1,-2.145627737E0,1.602543712E0,2.690148154E0
2.641681791E0,-4.284763336E-2,-1.934107780E0,1.751922011E0,2.609950107E0
2.646707312E0,-1.958227158E-1,-1.720062971E0,1.828271151E0,2.517844030E0
2.651732833E0,-1.697330475E-1,-1.507800817E0,1.809596062E0,2.361548331E0
2.656758353E0,-1.123065948E-1,-1.287628651E0,1.707478285E0,2.141514045E0
2.661783874E0,8.686542511E-2,-9.496231079E-1,1.580535889E0,1.845920731E0
2.666809395E0,4.370203018E-1,-6.329205036E-1,1.260569334E0,1.476688916E0
2.671834916E0,9.857540131E-1,-2.854092121E-1,6.473839283E-1,1.213373538E0
2.676860437E0,1.474355698E0,-1.662878990E-1,-9.799361229E-3,1.483735966E0
2.681885958E0,1.879165649E0,-3.813676834E-1,-4.314507246E-1,1.965414607E0
2.686911478E0,2.454102516E0,-7.209491730E-1,-5.086660385E-1,2.607897239E0
2.691936999E0,3.031624794E0,-1.018346310E0,-1.961802244E-1,3.204101243E0
2.696962520E0,3.510871887E0,-1.135246277E0,2.610343695E-1,3.699073460E0
2.701988041E0,3.838897705E0,-1.038239002E0,6.933059692E-1,4.036799349E0
2.707013562E0,3.967907906E0,-7.846174240E-1,9.701532125E-1,4.159460891E0
2.712039083E0,3.802797318E0,-4.504389763E-1,1.062897682E0,3.974155784E0
2.717064603E0,3.411194801E0,-9.265804291E-2,1.009994626E0,3.558781341E0
2.722090124E0,3.052019119E0,2.940812111E-1,9.359037280E-1,3.205810389E0
2.727115645E0,2.907057762E0,6.715974808E-1,9.312838316E-1,3.125590758E0
2.732141166E0,3.047723770E0,1.077968597E0,9.768335223E-1,3.377105300E0
2.737166687E0,3.239020348E0,1.474432945E0,1.115185738E0,3.729456335E0
2.742192208E0,3.422923565E0,1.841162682E0,1.211579919E0,4.071143777E0
2.747217728E0,3.613155365E0,2.139156103E0,1.275097847E0,4.388251935E0
2.752243249E0,3.842599869E0,2.410883904E0,1.338832259E0,4.729736437E0
2.757268770E0,4.149075508E0,2.603343964E0,1.378863454E0,5.088564806E0
2.762294291E0,4.551152706E0,2.768795967E0,1.423800349E0,5.514202526E0
2.767319812E0,4.971758842E0,2.949915648E0,1.435440302E0,5.956582676E0
2.772345333E0,5.357805729E0,3.189406633E0,1.427923322E0,6.396668032E0
2.777370853E0,5.632270813E0,3.505950928E0,1.357903242E0,6.771858507E0
2.782396374E0,5.799752235E0,3.846689463E0,1.196811914E0,7.061621951E0
2.787421895E0,5.903403282E0,4.178300858E0,1.011842012E0,7.302889334E0
2.792447416E0,5.910007954E0,4.529886246E0,8.605035543E-1,7.495900865E0
2.797472937E0,5.925168514E0,4.930587292E0,7.379397154E-1,7.743569460E0
2.802498458E0,6.006583691E0,5.356833458E0,6.015917659E-1,8.070726422E0
2.807523978E0,6.183134556E0,5.804049492E0,4.716299176E-1,8.493560986E0
2.812549499E0,6.416381359E0,6.329495907E0,3.538876772E-1,9.019850590E0
2.817575020E0,6.724873066E0,6.937389851E0,2.441729307E-1,9.664932287E0
2.822600541E0,7.102817059E0,7.574213028E0,2.099257708E-1,1.038570084E1
2.827626062E0,7.539210796E0,8.191020012E0,3.992112279E-1,1.113965340E1
2.832651583E0,8.089799881E0,8.758036613E0,8.442464471E-1,1.195243990E1
2.837677103E0,8.652473450E0,9.140460968E0,1.476256132E0,1.267251576E1
2.842702624E0,9.058510780E0,9.256479263E0,2.102249146E0,1.312091755E1
2.847728145E0,9.302259445E0,9.139357567E0,2.720944881E0,1.332154002E1
2.852753666E0,9.373758316E0,8.803600311E0,3.273406982E0,1.326973687E1
2.857779187E0,9.263901711E0,8.297887802E0,3.691019535E0,1.297298894E1
2.862804708E0,9.031116486E0,7.714292526E0,4.067898750E0,1.255464752E1
2.867830228E0,8.662464142E0,7.121055603E0,4.317195892E0,1.201606834E1
2.872855749E0,8.197799683E0,6.581548691E0,4.520339012E0,1.144352077E1
2.877881270E0,7.782225609E0,6.072986603E0,4.706305504E0,1.093588191E1
2.882906791E0,7.661031246E0,5.347699165E0,4.330846310E0,1.029784035E1
2.887932312E0,7.830297470E0,4.583637238E0,3.861186266E0,9.860631226E0
2.892957833E0,7.917334557E0,3.939158440E0,3.886365891E0,9.659451099E0
2.897983353E0,8.157467842E0,3.256971836E0,3.784735680E0,9.564328063E0
2.903008874E0,8.531817436E0,2.556551933E0,3.528543234E0,9.580108763E0
2.908034395E0,8.944632530E0,1.818778038E0,3.161723614E0,9.659756770E0
2.913059916E0,9.414918900E0,1.110548973E0,2.785095692E0,9.880828655E0
2.918085437E0,9.980335236E0,6.034998894E-1,2.527392626E0,1.031305081E1
2.923110958E0,1.055330467E1,3.295574188E-1,2.339678526E0,1.081457087E1
2.928136478E0,1.089768600E1,2.388486862E-1,2.144043207E0,1.110916425E1
2.933161999E0,1.103069496E1,3.049983978E-1,1.877500415E0,1.119349200E1
2.938187520E0,1.099804497E1,5.013947487E-1,1.597411752E0,1.112475232E1
2.943213041E0,1.071174622E1,7.920160294E-1,1.375869513E0,1.082874939E1
2.948238562E0,1.010832024E1,1.117310047E0,1.227847099E0,1.024373605E1
2.953264083E0,9.187333107E0,1.456659794E0,1.192081571E0,9.378166444E0
2.958289603E0,7.987264633E0,1.766008854E0,1.287802696E0,8.280918994E0
2.963315124E0,6.275375843E0,1.773082733E0,1.285230875E0,6.646501542E0
2.968340645E0,4.714688301E0,1.503737926E0,7.118868828E-1,4.999629632E0
2.973366166E0,3.388687134E0,9.839816093E-1,-2.102912664E-1,3.534917639E0
2.978391687E0,2.194020271E0,2.971897125E-1,-1.140162230E0,2.490384827E0
2.983417208E0,1.103927135E0,-3.104643822E-1,-1.822590351E0,2.153341320E0
2.988442728E0,-1.570053101E-1,-8.033351898E-1,-2.195039749E0,2.342690247E0
2.993468249E0,-1.739178181E0,-1.260164261E0,-2.407339573E0,3.226149179E0
2.998493770E0,-3.438685417E0,-1.725667000E0,-2.595664024E0,4.641115784E0
3.003519291E0,-4.951824188E0,-2.048421860E0,-2.742123365E0,6.019620873E0
3.008544760E0,-6.157743931E0,-2.254543304E0,-2.803585291E0,7.131680469E0
3.013570228E0,-7.189792156E0,-2.370471001E0,-2.831779957E0,8.082773147E0
3.018595697E0,-8.066707611E0,-2.432487488E0,-2.888073444E0,8.906724161E0
3.023621166E0,-8.367754936E0,-2.439192295E0,-3.215249538E0,9.290145926E0
3.028646635E0,-8.190443993E0,-2.481737137E0,-3.572206974E0,9.273783191E0
3.033672103E0,-8.645166397E0,-2.315834522E0,-3.323325634E0,9.547066819E0
3.038697572E0,-8.287730217E0,-2.090381622E0,-3.429904461E0,9.209799785E0
3.043723041E0,-8.004528046E0,-1.686282635E0,-3.198140621E0,8.783172649E0
3.048748510E0,-6.821282387E0,-1.315705776E0,-3.359429359E0,7.716653466E0
3.053773978E0,-5.291488171E0,-1.081875324E0,-3.524275064E0,6.449094201E0
3.058799447E0,-3.834114075E0,-9.209027290E-1,-3.476341724E0,5.256752263E0
3.063824916E0,-2.546644688E0,-7.734212875E-1,-3.268476725E0,4.215034965E0
3.068850385E0,-1.530953884E0,-6.613187790E-1,-2.982660294E0,3.417224715E0
3.073875853E0,-7.209124565E-1,-5.292592049E-1,-2.686473370E0,2.831425302E0
3.078901322E0,-6.467533112E-2,-4.507937431E-1,-2.313146353E0,2.357550412E0
3.083926791E0,4.613351822E-1,-4.366569519E-1,-1.825017810E0,1.932405095E0
3.088952260E0,7.185449600E-1,-5.354886055E-1,-1.261746645E0,1.547597978E0
3.093977728E0,7.794628143E-1,-7.665591240E-1,-7.636034489E-1,1.333516178E0
3.099003197E0,7.693758011E-1,-1.076987743E0,-3.989295959E-1,1.382384370E0
3.104028666E0,7.274074554E-1,-1.442450047E0,-1.640512943E-1,1.623790802E0
3.109054135E0,6.017770767E-1,-1.857440948E0,-1.025011539E-1,1.955180046E0
3.114079603E0,2.978706360E-1,-2.268104553E0,-1.521720886E-1,2.292636370E0
3.119105072E0,-1.401462555E-1,-2.601334572E0,-2.555775642E-1,2.617613879E0
3.124130541E0,-5.724735260E-1,-2.860392094E0,-4.078893661E-1,2.945495307E0
3.129156010E0,-9.984192848E-1,-3.048608780E0,-5.990750790E-1,3.263395090E0
3.134181478E0,-1.350426674E0,-3.183590651E0,-7.903394699E-1,3.547328306E0
3.139206947E0,-1.580516815E0,-3.221093416E0,-9.377200603E-1,3.708476117E0
3.144232468E0,-1.698268890E0,-3.231811285E0,-1.006883621E0,3.787154081E0
3.149257989E0,-1.708770752E0,-3.253626823E0,-1.006815910E0,3.810467592E0
3.154283510E0,-1.626450539E0,-3.219279289E0,-9.808814526E-1,3.737810712E0
3.159309030E0,-1.484980583E0,-3.176839352E0,-9.438619614E-1,3.631576930E0
3.164334551E0,-1.356217384E0,-3.159929752E0,-9.487895966E-1,3.567167410E0
3.169360072E0,-1.292887211E0,-3.125604391E0,-9.574148655E-1,3.515338302E0
3.174385593E0,-1.242239475E0,-3.049642801E0,-9.603066444E-1,3.430112094E0
3.179411114E0,-1.137066364E0,-2.960269928E0,-9.292545319E-1,3.304486639E0
3.184436635E0,-1.063307285E0,-2.861953020E0,-8.840649128E-1,3.178516673E0
3.189462155E0,-1.001476765E0,-2.754671574E0,-8.069117069E-1,3.040111460E0
3.194487676E0,-9.037313461E-1,-2.672420263E0,-6.843209267E-1,2.902904673E0
3.199513197E0,-7.560176849E-1,-2.563216209E0,-4.542863369E-1,2.710722441E0
3.204538718E0,-5.683765411E-1,-2.447024584E0,-1.357376575E-1,2.515831059E0
3.209564239E0,-4.272174835E-1,-2.334273577E0,2.472224236E-1,2.385889108E0
3.214589760E0,-2.991218567E-1,-2.197036028E0,5.219492912E-1,2.277909624E0
3.219615280E0,-1.747093201E-1,-2.093451262E0,6.598551273E-1,2.201924231E0
3.224640801E0,-1.355381012E-1,-2.028635740E0,7.764165401E-1,2.176363064E0
3.229666322E0,-2.296943665E-1,-1.993058205E0,9.492678642E-1,2.219493182E0
3.234691843E0,-3.137874603E-1,-1.934038401E0,1.250876188E0,2.324577025E0
3.239717364E0,-2.730903625E-1,-1.923563719E0,1.609303236E0,2.522802535E0
3.244742885E0,-2.556152344E-1,-1.918910503E0,2.003972292E0,2.786298910E0
3.249768405E0,-2.369947433E-1,-1.925441742E0,2.222903013E0,2.950388147E0
3.254793926E0,-5.937767029E-2,-2.034458160E0,2.208713055E0,3.003491147E0
3.259819447E0,-2.060279846E-1,-2.183937311E0,2.330092430E0,3.200212562E0
3.264844968E0,-5.328197479E-1,-2.354056120E0,2.309532642E0,3.340571527E0
3.269870489E0,-5.704259872E-1,-2.591616392E0,1.812211990E0,3.213405301E0
3.274896010E0,-4.714679718E-1,-2.876611948E0,9.330682755E-1,3.060685341E0
3.279921530E0,-4.269428253E-1,-3.184338808E0,-1.414327621E-1,3.215944192E0
3.284947051E0,-4.702119827E-1,-3.465546846E0,-1.285801411E0,3.726177602E0
3.289972572E0,-5.058183670E-1,-3.628007889E0,-2.450518370E0,4.407191140E0
3.294998093E0,-3.670616150E-1,-3.618324280E0,-3.695659399E0,5.185065401E0
3.300023614E0,-6.381368637E-1,-3.627311230E0,-4.087144852E0,5.501759578E0
3.305049135E0,-7.975988388E-1,-3.482165337E0,-4.347301960E0,5.626781822E0
3.310074655E0,-1.099236965E0,-3.392850399E0,-4.552334309E0,5.783035828E0
3.315100176E0,-1.461605072E0,-3.305931091E0,-4.764313698E0,5.980313936E0
3.320125697E0,-1.650534630E0,-3.120790482E0,-4.810668945E0,5.967087522E0
3.325151218E0,-1.590182304E0,-2.837801933E0,-4.815279007E0,5.811085225E0
3.330176739E0,-1.420715332E0,-2.544149876E0,-4.675938129E0,5.509585105E0
3.335202260E0,-1.392550468E0,-2.202806950E0,-4.227667332E0,4.966359465E0
3.340227780E0,-1.396867752E0,-1.829174995E0,-3.540518045E0,4.222841308E0
3.345253301E0,-1.372241974E0,-1.400001049E0,-2.618487597E0,3.271013339E0
3.350278822E0,-1.113099575E0,-9.973394871E-1,-1.519671917E0,2.131450082E0
3.355304343E0,-6.384325027E-1,-7.420597076E-1,-1.549706459E-1,9.910926149E-1
3.360329864E0,1.336822510E-1,-6.506633759E-1,1.314633369E0,1.472920456E0
3.365355385E0,9.029264450E-1,-7.450824976E-1,2.564561844E0,2.819113610E0
3.370380905E0,1.791110992E0,-8.801445961E-1,3.283038139E0,3.842014123E0
3.375406426E0,2.579990387E0,-9.299274683E-1,3.484673500E0,4.434418214E0
3.380431947E0,2.776706696E0,-9.112927914E-1,3.327872276E0,4.428915049E0
3.385457468E0,2.193573952E0,-8.248478174E-1,2.898323059E0,3.727253299E0
3.390482989E0,1.064859390E0,-6.884593964E-1,2.338091373E0,2.659806973E0
3.395508510E0,-2.163085938E-1,-6.235654354E-1,1.868338108E0,1.981492000E0
3.400534030E0,-1.391296387E0,-6.885417700E-1,1.298993111E0,2.024148835E0
3.405559551E0,-2.364987373E0,-8.793466091E-1,6.229467392E-1,2.598937932E0
3.410585072E0,-3.199863434E0,-1.177790046E0,8.556985855E-2,3.410811866E0
3.415610593E0,-3.795276165E0,-1.537643313E0,-3.754329681E-1,4.112106278E0
3.420636114E0,-4.126800537E0,-1.827369690E0,-8.329946995E-1,4.589514443E0
3.425661635E0,-4.222394943E0,-1.978497148E0,-1.384619951E0,4.864179523E0
3.430687155E0,-4.138914108E0,-1.980547905E0,-1.964761019E0,4.991339085E0
3.435712676E0,-3.919499874E0,-1.742387176E0,-2.774556160E0,5.108478660E0
3.440738197E0,-3.488510132E0,-1.192572355E0,-3.635568142E0,5.177768581E0
3.445763718E0,-2.967051983E0,-4.808864594E-1,-4.378316879E0,5.310772821E0
3.450789239E0,-2.409918785E0,2.381898165E-1,-5.171586037E0,5.710494293E0
3.455814760E0,-1.489112854E0,9.673357010E-1,-5.672662258E0,5.944097286E0
3.460840280E0,-4.215764999E-1,1.584028959E0,-5.813283920E0,6.039962287E0
3.465865801E0,2.655696869E-2,2.023792744E0,-5.750777245E0,6.096546667E0
3.470891322E0,-2.210321426E-1,2.165977478E0,-5.594371319E0,6.003107870E0
3.475916843E0,-1.070194244E-1,2.221437454E0,-5.065437794E0,5.532169336E0
3.480942364E0,1.348794937E0,2.550776958E0,-3.835216522E0,4.799437118E0
3.485967885E0,2.184327126E0,2.633340359E0,-2.522740364E0,4.250880542E0
3.490993405E0,1.989894867E0,2.471984863E0,-1.081906080E0,3.352746861E0
3.496018926E0,1.604409218E0,2.153114319E0,-6.348991394E-2,2.685900441E0
3.501044447E0,1.162612915E0,1.668156385E0,6.620769501E-1,2.138401367E0
3.506069968E0,5.652627945E-1,1.363245726E0,1.055948496E0,1.814659241E0
3.511095489E0,-8.543205261E-2,1.244861245E0,1.288603783E0,1.793732941E0
3.516121010E0,-6.350507736E-1,1.272015452E0,1.329864740E0,1.946754485E0
3.521146530E0,-1.235794544E0,1.518720627E0,1.049757481E0,2.221641570E0
3.526172051E0,-1.705459595E0,1.843664765E0,7.501013279E-1,2.621134144E0
3.531197572E0,-1.841789246E0,2.272691011E0,2.983386517E-1,2.940462210E0
3.536223093E0,-1.079833984E0,2.872950077E0,2.557578087E-1,3.079820715E0
3.541248614E0,-6.307010651E-1,3.704822540E0,-2.400913239E-1,3.765785142E0
3.546274135E0,-5.077180862E-1,4.288167000E0,-1.316409826E0,4.514320403E0
3.551299655E0,2.929267883E-1,4.535399437E0,-1.062920570E0,4.667489078E0
3.556325176E0,3.970308304E-1,4.416050434E0,-1.110874414E0,4.570905477E0
3.561350697E0,1.355648041E-1,4.135654449E0,-1.207706928E0,4.310518712E0
3.566376218E0,-1.464490891E-1,4.005583286E0,-1.201931238E0,4.184588809E0
3.571401739E0,-4.345817566E-1,4.021524429E0,-1.228564024E0,4.227397497E0
3.576427260E0,-7.863082886E-1,4.055064678E0,-1.067902088E0,4.266408928E0
3.581452780E0,-1.034307480E0,3.930791855E0,-7.918143272E-1,4.141000664E0
3.586478301E0,-6.289062500E-1,3.946217537E0,-5.486729145E-1,4.033509376E0
3.591503822E0,-6.354045868E-2,4.110432148E0,-4.158830643E-1,4.131906165E0
3.596529343E0,1.498966217E-1,4.236184120E0,-3.945356607E-1,4.257156714E0
3.601554864E0,3.370466232E-1,4.323431969E0,-5.857408047E-1,4.375929239E0
3.606580385E0,4.882059097E-1,4.472638607E0,-8.072890043E-1,4.571056405E0
3.611605905E0,2.637748718E-1,4.482865334E0,-8.247426748E-1,4.565726586E0
3.616631426E0,-1.542234421E-1,4.307153702E0,-9.148642421E-1,4.405943084E0
3.621656947E0,-4.983129501E-1,4.127863884E0,-7.110877037E-1,4.218201247E0
3.626682468E0,-7.836513519E-1,4.255629063E0,-1.909937859E-1,4.331393169E0
3.631707989E0,-1.087518692E0,4.488919258E0,6.504440308E-2,4.619234112E0
3.636733510E0,-1.257121086E0,4.771038055E0,-1.229189634E-1,4.935409469E0
3.641759030E0,-1.402383804E0,4.869416714E0,-6.788933277E-1,5.112611428E0
3.646784551E0,-1.665805340E0,4.638430595E0,-1.889491916E0,5.278269178E0
3.651810072E0,-1.711096287E0,4.080305099E0,-2.899804354E0,5.290142295E0
3.656835593E0,-1.858869076E0,3.319948912E0,-2.495500565E0,4.550272309E0
3.661861114E0,-2.282236099E0,2.834993362E0,-9.980189800E-1,3.773835034E0
3.666886635E0,-3.010612011E0,2.609889507E0,-3.905582428E-2,3.984574416E0
3.671912155E0,-3.681150913E0,2.410524607E0,2.097682953E-1,4.405167836E0
3.676937676E0,-4.050787926E0,2.119272232E0,5.083570480E-1,4.599850487E0
3.681963197E0,-4.167709351E0,1.293058991E0,1.526097536E0,4.622853716E0
3.686988718E0,-4.122569084E0,9.505555034E-2,2.547306061E0,4.846996965E0
3.692014239E0,-4.623307705E0,-1.082539916E0,3.605500698E0,5.962088735E0
3.697039760E0,-6.004526138E0,-1.875108719E0,4.684333801E0,7.843044690E0
3.702065280E0,-6.945911407E0,-2.669066429E0,4.721335411E0,8.812525685E0
3.707090801E0,-7.535562038E0,-3.320270538E0,4.203458309E0,9.245428786E0
3.712116322E0,-7.822747231E0,-3.772235155E0,3.118238211E0,9.227596753E0
3.717141843E0,-8.146588326E0,-4.182812214E0,1.499455929E0,9.279611384E0
3.722167364E0,-8.371148109E0,-4.669978619E0,-3.935527802E-2,9.585737833E0
3.727192885E0,-8.700054169E0,-5.494949818E0,-6.079853773E-1,1.030800962E1
3.732218405E0,-9.604841232E0,-5.579380512E0,-2.074377775E0,1.129980111E1
3.737243926E0,-9.686642647E0,-5.490611553E0,-3.432197571E0,1.165151669E1
3.742269447E0,-6.046104431E0,-5.419017792E0,-4.568015575E0,9.316002303E0
3.747294968E0,-8.810749054E-1,-5.216629028E0,-3.569688797E0,6.382177490E0
3.752320489E0,2.341115952E0,-5.511930943E0,-1.509451985E0,6.175811842E0
3.757346010E0,2.824581146E0,-6.227996826E0,5.026781559E-1,6.857032044E0
3.762371530E0,2.504717827E0,-7.261691093E0,3.234418392E0,8.334700430E0
3.767397051E0,2.046651840E0,-7.677001953E0,4.748625755E0,9.256056898E0
3.772422572E0,1.774529457E0,-7.333216667E0,5.319644451E0,9.231664994E0
3.777448093E0,2.599164009E0,-6.981765747E0,5.383369446E0,9.191374929E0
3.782473614E0,5.069930077E0,-7.327498436E0,4.856974125E0,1.014823246E1
3.787499135E0,7.849950790E0,-7.876353741E0,4.901308060E0,1.215242759E1
3.792524655E0,9.590515137E0,-8.610901833E0,5.287036419E0,1.393120113E1
3.797550176E0,1.052882576E1,-8.889353752E0,5.479240894E0,1.482898725E1
3.802575697E0,1.010055542E1,-7.913276672E0,4.921732426E0,1.374280239E1
3.807601218E0,8.964380264E0,-6.429844856E0,3.673943758E0,1.162759137E1
3.812626739E0,6.512178421E0,-3.700458527E0,2.051665545E0,7.766028110E0
3.817652260E0,3.916541100E0,-1.625030518E0,1.992689967E-1,4.244964841E0
3.822677780E0,2.830460548E0,3.784477711E-1,-1.419663906E0,3.189071219E0
3.827703301E0,1.953042984E0,1.711888313E0,-2.450391054E0,3.570623869E0
3.832728822E0,1.630022049E0,2.857245922E0,-2.513274431E0,4.139731212E0
3.837754343E0,1.374244690E0,2.964709759E0,-3.278511524E0,4.628897302E0
3.842779864E0,1.067671776E0,3.022987366E0,-4.048712254E0,5.164343767E0
3.847805385E0,1.078595161E0,3.791918278E0,-4.611546516E0,6.066990442E0
3.852830905E0,8.750362396E-1,4.379391670E0,-5.224040508E0,6.872798488E0
3.857856426E0,7.008590698E-1,4.684631348E0,-5.318310738E0,7.121896054E0
3.862881947E0,7.425680161E-1,4.717979431E0,-4.972823143E0,6.894904436E0
3.867907468E0,7.797317505E-1,4.346175194E0,-4.065173626E0,6.001904450E0
3.872932989E0,9.261608124E-1,3.703404427E0,-4.062683105E0,5.574797953E0
3.877958510E0,6.737346649E-1,3.067051172E0,-2.994125605E0,4.338837336E0
3.882984030E0,3.526239395E-1,2.742354155E0,-1.729342937E0,3.261207897E0
3.888009551E0,-1.284866333E-1,2.368820429E0,-1.170480251E0,2.645343656E0
3.893035072E0,-5.126376152E-1,2.073743820E0,-1.267200112E0,2.483748554E0
3.898060593E0,-9.405555725E-1,2.165868998E0,-1.049589992E0,2.584041882E0
3.903086114E0,-1.303927898E0,2.475374699E0,-1.768444777E-1,2.803387564E0
3.908111635E0,-1.522918701E0,2.531473160E0,4.892044067E-1,2.994488050E0
3.913137155E0,-1.689225197E0,2.462664127E0,8.570808172E-1,3.106892965E0
3.918162676E0,-2.184586048E0,2.088512897E0,7.921147346E-1,3.124379631E0
3.923188197E0,-2.476047993E0,1.425988197E0,6.201915741E-1,2.923849105E0
3.928213718E0,-2.491191864E0,7.293095589E-1,8.845334053E-1,2.742321768E0
3.933239239E0,-3.186053276E0,3.199577332E-3,9.498400688E-1,3.324626576E0
3.938264760E0,-4.286159992E0,-6.804165840E-1,1.237538457E0,4.512830114E0
3.943290280E0,-5.340394020E0,-1.168554306E0,1.873752117E0,5.778950982E0
3.948315801E0,-5.860914230E0,-1.309232712E0,2.615768433E0,6.550316817E0
3.953341322E0,-6.083967209E0,-1.224148273E0,3.027538300E0,6.905011524E0
3.958366843E0,-6.030369282E0,-1.034395218E0,3.110981941E0,6.863930054E0
3.963392364E0,-5.983467102E0,-7.309761047E-1,2.864954948E0,6.674142004E0
3.968417885E0,-5.895933151E0,-4.001374245E-1,2.538319349E0,6.431578562E0
3.973443405E0,-5.672527313E0,-1.900110245E-1,1.908128738E0,5.987873211E0
3.978468926E0,-5.638453484E0,-1.187367439E-1,8.311836720E-1,5.700624737E0
3.983494447E0,-5.807028294E0,-1.511416435E-1,-5.481535196E-2,5.809253491E0
3.988519968E0,-5.885149956E0,-1.658711433E-1,-5.833996534E-1,5.916321357E0
3.993545489E0,-5.862306118E0,-1.566286087E-1,-1.152788401E0,5.976628367E0
3.998571010E0,-5.818642139E0,-2.653021812E-1,-1.468533993E0,6.006960436E0
4.003596530E0,-5.671336174E0,-4.374651909E-1,-1.654324770E0,5.923868688E0
4.008622051E0,-5.294468880E0,-4.610204697E-1,-1.706163764E0,5.581660629E0
4.013647572E0,-4.118761063E0,4.052515030E-1,-1.749791145E0,4.493349588E0
4.018673093E0,-3.197789431E0,9.781799316E-1,-1.896348357E0,3.844324429E0
4.023698614E0,-2.278543472E0,1.376626968E0,-2.050693274E0,3.360387636E0
4.028724135E0,-1.591703892E0,1.800300121E0,-2.051211834E0,3.159441690E0
4.033749655E0,-1.324355602E0,2.410741329E0,-2.109610558E0,3.466417203E0
4.038775176E0,-1.794601440E0,2.525039673E0,-2.790961027E0,4.169638250E0
4.043800697E0,-3.136833191E0,1.691128254E0,-4.154490471E0,5.473520651E0
4.048826218E0,-3.694046259E0,4.777159691E-1,-4.874914169E0,6.135061407E0
4.053851739E0,-2.137907505E0,4.859604836E-1,-3.981097937E0,4.544881393E0
4.058877260E0,-5.081982613E-1,7.164649963E-1,-3.776262045E0,3.877079132E0
4.063902780E0,6.036872864E-1,7.616920471E-1,-4.131957054E0,4.244724044E0
4.068928301E0,1.380340576E0,4.659276009E-1,-3.782090187E0,4.052978512E0
4.073953822E0,2.173666477E0,5.117068291E-1,-3.559730291E0,4.202183906E0
4.078979343E0,2.028874397E0,1.188059807E0,-3.880342960E0,4.537056195E0
4.084004864E0,1.319182873E0,1.216186047E0,-2.622440338E0,3.177506141E0
4.089030385E0,7.279496193E-1,3.208661079E-1,-5.596992970E-1,9.726916317E-1
4.094055905E0,7.278070450E-1,-2.417755127E-1,-8.797086477E-1,1.167067178E0
4.099081426E0,7.841343880E-1,-8.063583374E-1,-1.565685391E0,1.927809963E0
4.104106947E0,7.884640694E-1,-1.726531029E0,-1.761498570E0,2.589490721E0
4.109132468E0,2.099426746E0,-4.192734718E0,4.978661060E0,6.839128821E0
4.114157989E0,3.562728882E0,-6.410175323E0,7.561274529E0,1.053357761E1
4.119183510E0,4.391911507E0,-6.422756195E0,3.485742092E0,8.525906506E0
4.124209030E0,5.713062286E0,-5.605626106E0,-2.126624584E0,8.281585407E0
4.129234551E0,8.149901390E0,-3.712896347E0,-5.699923515E0,1.061581933E1
4.134260072E0,1.123904991E1,-1.122306824E0,-5.637488842E0,1.262367205E1
4.139285593E0,1.429507542E1,1.941687107E0,-2.328858137E0,1.461310748E1
4.144311114E0,1.394512367E1,3.243733883E0,-3.883954883E-1,1.432267904E1
4.149336635E0,1.197434235E1,4.021567822E0,-6.013321877E-1,1.264592752E1
4.154362155E0,9.235263824E0,4.019773006E0,-8.441237807E-1,1.010748326E1
4.159387676E0,5.791764259E0,3.457072258E0,-6.747185588E-1,6.778726058E0
4.164413197E0,2.941771746E0,3.034883022E0,1.215158626E-1,4.228392374E0
4.169438718E0,1.428863287E0,3.060382366E0,1.131523490E0,3.562012904E0
4.174464239E0,3.715777397E-2,3.270232677E0,1.036472559E0,3.430754703E0
4.179489760E0,-1.476766348E0,3.588013649E0,5.248920918E-1,3.915378973E0
4.184515280E0,-2.652420998E0,3.789376259E0,4.551049471E-1,4.647776898E0
4.189540801E0,-3.823093414E0,3.205709934E0,6.589008570E-1,5.032570891E0
4.194566322E0,-5.692033768E0,1.839778900E0,4.426587820E-1,5.998331569E0
4.199591843E0,-7.257876396E0,4.503717422E-1,3.959270120E-1,7.282606861E0
4.204617364E0,-8.201129913E0,-8.223123550E-1,4.033644795E-1,8.252116842E0
4.209642885E0,-8.658846855E0,-1.580846786E0,3.010919094E-1,8.807119947E0
4.214668405E0,-8.693325996E0,-1.634786606E0,-5.566928983E-1,8.863202080E0
4.219693926E0,-8.739056587E0,-1.951114655E0,-8.107007146E-1,8.990839453E0
4.224719447E0,-8.793670654E0,-2.448061943E0,-8.218978643E-1,9.164996833E0
4.229744968E0,-8.758791924E0,-2.986694336E0,-7.126542330E-1,9.281414497E0
4.234770489E0,-8.302225113E0,-3.285187721E0,-5.628861785E-1,8.946297616E0
4.239796010E0,-7.224131584E0,-3.029667854E0,-2.996452451E-1,7.839435676E0
4.244821530E0,-6.019904137E0,-2.724905968E0,-1.176881269E-1,6.608949148E0
4.249847051E0,-4.759317398E0,-2.310807228E0,4.313316569E-2,5.290821544E0
4.254872572E0,-3.608641148E0,-1.741744041E0,6.673631072E-2,4.007545006E0
4.259898093E0,-2.662136078E0,-9.909992218E-1,-5.622590706E-2,2.841163372E0
4.264923614E0,-1.468520999E0,-1.367750168E-1,-3.247967362E-1,1.510216623E0
4.269949135E0,2.024172544E-1,4.800577164E-1,-6.083125472E-1,8.009196658E-1
4.274974655E0,2.402621508E0,3.806991577E-1,-7.040003538E-1,2.532417512E0
4.280000176E0,3.916849375E0,-4.581556320E-1,-8.684383631E-1,4.038044180E0
4.285025697E0,4.503668308E0,-1.552335739E0,-1.200541139E0,4.912644248E0
4.290051218E0,5.055340290E0,-2.886681557E0,-1.699375033E0,6.064426713E0
4.295076739E0,5.869915009E0,-4.173115730E0,-2.520709038E0,7.630515786E0
4.300102260E0,6.565786839E0,-4.960953712E0,-3.374284267E0,8.894178594E0
4.305127780E0,6.700710297E0,-5.058009148E0,-3.734475851E0,9.188540956E0
4.310153301E0,6.160728455E0,-5.018364906E0,-4.343120098E0,9.055454357E0
4.315178822E0,5.536059380E0,-5.041743279E0,-5.081830502E0,9.049427053E0
4.320204343E0,5.186634541E0,-5.184381485E0,-5.345623016E0,9.074947640E0
4.325229864E0,4.526239395E0,-5.388078690E0,-5.382779121E0,8.859601915E0
4.330255385E0,3.735913992E0,-5.571284294E0,-4.997339249E0,8.364787003E0
4.335280905E0,2.700999975E0,-5.892131805E0,-4.233232498E0,7.741632610E0
4.340306426E0,1.418065786E0,-6.580845833E0,-3.231419086E0,7.467296148E0
4.345331947E0,3.426971436E-1,-7.217254639E0,-2.367436647E0,7.603352033E0
4.350357468E0,-3.443503380E-1,-7.663938522E0,-1.438876152E0,7.805440116E0
4.355382989E0,-6.134448051E-1,-7.893431664E0,-4.745510221E-1,7.931442279E0
4.360408510E0,-5.815075636E-1,-8.896529198E0,-5.055775642E-1,8.929837148E0
4.365434030E0,1.426521540E-1,-9.605354309E0,-1.260723829E0,9.688787624E0
4.370459551E0,9.778491259E-1,-9.492724419E0,-1.723303437E0,9.697307902E0
4.375485072E0,1.693618059E0,-9.064746857E0,-2.196560860E0,9.479602171E0
4.380510593E0,2.281178474E0,-8.563971519E0,-2.623955727E0,9.242863575E0
4.385536114E0,2.574488878E0,-7.644557953E0,-2.797123194E0,8.537631840E0
4.390561635E0,2.556444407E0,-6.544872284E0,-2.501228571E0,7.458344694E0
4.395587155E0,2.315266371E0,-5.254617691E0,-1.950906157E0,6.064445587E0
4.400612676E0,2.349766731E0,-4.002729416E0,-1.449331999E0,4.862490073E0
4.405638197E0,1.882539272E0,-3.181007385E0,-1.818494201E0,4.119427540E0
4.410663718E0,4.482007027E-1,-2.704003334E0,-2.397576094E0,3.641550360E0
4.415689239E0,-7.901482582E-1,-2.219041824E0,-2.550231457E0,3.471622297E0
4.420714760E0,-1.965363026E0,-1.704112053E0,-2.290846825E0,3.466212470E0
4.425740280E0,-2.989418745E0,-1.175409317E0,-1.809942126E0,3.687018036E0
4.430765801E0,-3.492632151E0,-5.817766190E-1,-1.249102712E0,3.754623944E0
4.435791322E0,-3.557278633E0,4.720687866E-2,-6.906904578E-1,3.624018912E0
4.440816843E0,-3.195884466E0,7.303609848E-1,-1.345769167E-1,3.281038804E0
4.445842364E0,-2.633226395E0,1.319477081E0,2.526147366E-1,2.956131800E0
4.450867885E0,-2.113756180E0,1.757552624E0,4.621632099E-1,2.787570850E0
4.455893405E0,-1.575955868E0,2.097712517E0,7.338890433E-1,2.724450005E0
4.460918926E0,-1.121675968E0,2.311829567E0,1.096820354E0,2.793873264E0
4.465944447E0,-1.029372215E0,2.285544395E0,1.365350127E0,2.854382825E0
4.470969968E0,-1.255645752E0,2.176952362E0,1.722315311E0,3.046660118E0
4.475995489E0,-1.445806026E0,2.100827217E0,2.235187531E0,3.391149268E0
4.481021010E0,-1.632480502E0,1.999601364E0,2.774765491E0,3.789818167E0
4.486046530E0,-2.024760723E0,1.920948505E0,3.369566917E0,4.375349170E0
4.491072051E0,-2.472395182E0,1.788081646E0,3.976298332E0,5.012077646E0
4.496097572E0,-2.868760109E0,1.620012760E0,4.489693165E0,5.568803338E0
4.501123093E0,-3.088757515E0,1.483659267E0,4.861922264E0,5.948105237E0
4.506148614E0,-3.146254063E0,1.379014969E0,5.154692650E0,6.194469568E0
4.511174135E0,-3.017489672E0,1.296589851E0,5.377216339E0,6.300860633E0
4.516199655E0,-2.712742329E0,1.174506187E0,5.461667061E0,6.210333551E0
4.521225176E0,-2.176021814E0,1.027630806E0,5.402497292E0,5.914226323E0
4.526250697E0,-1.509708881E0,8.375835419E-1,5.212783337E0,5.491254612E0
4.531276218E0,-7.158465385E-1,5.526647568E-1,4.809750557E0,4.894034636E0
4.536301739E0,1.029067039E-1,2.551927567E-1,4.115705490E0,4.124893309E0
4.541327260E0,9.917422533E-1,3.308296204E-3,3.140433550E0,3.293309357E0
4.546352780E0,1.866115093E0,-1.643362045E-1,2.115442276E0,2.825683626E0
4.551378301E0,2.584235668E0,-2.955322266E-1,1.187087536E0,2.859158985E0
4.556403822E0,3.057725906E0,-3.520517349E-1,5.492463112E-1,3.126547561E0
4.561429343E0,3.256858349E0,-3.484230042E-1,2.321557999E-1,3.283659728E0
4.566454864E0,3.201081753E0,-3.136711121E-1,1.504774094E-1,3.219931273E0
4.571480385E0,2.958559752E0,-2.624683380E-1,2.228465080E-1,2.978527488E0
4.576505905E0,2.521576166E0,-1.569356918E-1,3.435938358E-1,2.549712120E0
4.581531426E0,1.949930668E0,-5.493927002E-2,4.833593369E-1,2.009697535E0
4.586556947E0,1.356296301E0,7.656574249E-2,5.552961826E-1,1.467567995E0
4.591582468E0,8.148851395E-1,2.323379517E-1,5.923073292E-1,1.033850418E0
4.596607989E0,2.656313181E-1,4.024085999E-1,6.322312355E-1,7.951157234E-1
4.601633510E0,-2.083754539E-1,6.103591919E-1,7.465405464E-1,9.865502827E-1
4.606659030E0,-6.203839779E-1,8.655347824E-1,9.205563068E-1,1.407640101E0
4.611684551E0,-9.364838600E-1,1.129511833E0,1.168646812E0,1.875775673E0
4.616710072E0,-1.214103699E0,1.411849499E0,1.447680950E0,2.358632428E0
4.621735593E0,-1.439219236E0,1.655097485E0,1.671963692E0,2.757927171E0
4.626761114E0,-1.626771927E0,1.878441811E0,1.851561189E0,3.098904544E0
4.631786635E0,-1.734370947E0,2.096264839E0,2.030023575E0,3.394608162E0
4.636812155E0,-1.772329330E0,2.294271946E0,2.164665461E0,3.618095020E0
4.641837676E0,-1.755886316E0,2.496539593E0,2.313055515E0,3.829630858E0
4.646863197E0,-1.709478617E0,2.664885998E0,2.456104517E0,4.007041792E0
4.651888718E0,-1.681486607E0,2.833010674E0,2.564875603E0,4.175156709E0
4.656914239E0,-1.681517363E0,2.972358704E0,2.610234261E0,4.298341517E0
4.661939760E0,-1.742760420E0,3.059112549E0,2.534434795E0,4.338057538E0
4.666965280E0,-1.807245731E0,3.136400223E0,2.408838749E0,4.348062512E0
4.671990801E0,-1.845572472E0,3.228137493E0,2.318965197E0,4.382306357E0
4.677016322E0,-1.828634977E0,3.324800968E0,2.235389948E0,4.403995411E0
4.682041843E0,-1.765930414E0,3.402554035E0,2.167123795E0,4.403670030E0
4.687067364E0,-1.676555395E0,3.451940060E0,2.089667559E0,4.369603949E0
4.692092885E0,-1.598886013E0,3.434770107E0,1.997980237E0,4.283223926E0
4.697118405E0,-1.537732601E0,3.341491222E0,1.901712298E0,4.140856772E0
4.702143926E0,-1.431253195E0,3.234275341E0,1.820421696E0,3.977808170E0
4.707169447E0,-1.327813625E0,3.122610092E0,1.797710896E0,3.839993135E0
4.712194968E0,-1.223213673E0,3.006410599E0,1.748141289E0,3.686564029E0
4.717220489E0,-1.137122631E0,2.890377998E0,1.624635696E0,3.505249491E0
4.722246010E0,-1.036531925E0,2.793556213E0,1.447168708E0,3.312499361E0
4.727271530E0,-9.025666714E-1,2.682356834E0,1.235500574E0,3.088061925E0
4.732297051E0,-7.978472710E-1,2.542490482E0,1.013830423E0,2.851082294E0
4.737322572E0,-7.415790558E-1,2.359651089E0,7.679191828E-1,2.589902050E0
4.742348093E0,-6.476092339E-1,2.167318821E0,4.836654663E-1,2.313136588E0
4.747373614E0,-5.350160599E-1,1.946358681E0,2.041219473E-1,2.028846980E0
4.752399135E0,-3.895199299E-1,1.706421852E0,-9.004902840E-2,1.752629493E0
4.757424655E0,-1.680309772E-1,1.452335835E0,-4.469151497E-1,1.528805722E0
4.762450176E0,1.580793858E-1,1.222387791E0,-8.282798529E-1,1.485014652E0
4.767475697E0,5.358281136E-1,9.783525467E-1,-1.272394300E0,1.692120778E0
4.772501218E0,9.698054790E-1,7.250175476E-1,-1.759804130E0,2.136137563E0
4.777526739E0,1.402274847E0,4.480009079E-1,-2.323187351E0,2.750323441E0
4.782552260E0,1.837576270E0,1.664257050E-1,-3.004383326E0,3.525720243E0
4.787577780E0,2.223004818E0,-1.246232986E-1,-3.711120605E0,4.327782057E0
4.792603301E0,2.525012016E0,-4.156885147E-1,-4.384583950E0,5.076717349E0
4.797628822E0,2.710426331E0,-7.164821625E-1,-4.980756283E0,5.715565653E0
4.802654343E0,2.751236677E0,-1.036718369E0,-5.465788841E0,6.206362533E0
4.807679864E0,2.686836958E0,-1.362204552E0,-5.778017044E0,6.516147254E0
4.812705385E0,2.542355776E0,-1.664438248E0,-5.961380005E0,6.691186676E0
4.817730905E0,2.404753923E0,-1.953137398E0,-6.011944771E0,6.763214255E0
4.822756426E0,2.412875414E0,-2.156544685E0,-6.006975651E0,6.823225719E0
4.827781947E0,2.575490952E0,-2.221934319E0,-6.066322803E0,6.954884479E0
4.832807468E0,2.867138624E0,-2.211278915E0,-6.165539742E0,7.150113190E0
4.837832989E0,3.156827688E0,-2.186393738E0,-6.284613132E0,7.364933187E0
4.842858510E0,3.418790817E0,-2.165889740E0,-6.279374599E0,7.470592639E0
4.847884030E0,3.627916098E0,-2.130267143E0,-5.982100487E0,7.313367183E0
4.852909551E0,3.797597408E0,-2.088758469E0,-5.388373852E0,6.915145030E0
4.857935072E0,3.856020689E0,-2.069894791E0,-4.580747604E0,6.335345974E0
4.862960593E0,3.851675749E0,-2.006700516E0,-3.704188824E0,5.708175530E0
4.867986114E0,3.713809252E0,-1.899265289E0,-2.904208660E0,5.082717358E0
4.873011635E0,3.530016422E0,-1.704728127E0,-2.211678982E0,4.500959658E0
4.878037155E0,3.239908695E0,-1.452150345E0,-1.738543153E0,3.953262105E0
4.883062676E0,2.702558041E0,-1.304670334E0,-1.472318769E0,3.342709559E0
4.888088197E0,1.873245239E0,-1.544930458E0,-1.414690375E0,2.810196916E0
4.893113718E0,1.008009076E0,-2.392850876E0,-1.620104074E0,3.060482776E0
4.898139239E0,4.137444496E-1,-3.670763969E0,-1.879618406E0,4.144714458E0
4.903164760E0,2.804310322E-1,-4.952310562E0,-1.939586639E0,5.325975760E0
4.908190280E0,5.429744720E-1,-5.907186508E0,-1.864987731E0,6.218348089E0
4.913215801E0,1.054853916E0,-6.425517082E0,-1.963744521E0,6.801196888E0
4.918241322E0,1.593318582E0,-6.579260826E0,-2.194189548E0,7.116165041E0
4.923266843E0,1.955167770E0,-6.617165565E0,-2.352405310E0,7.289950060E0
4.928292364E0,2.047532797E0,-6.768504143E0,-2.239377975E0,7.417536828E0
4.933317885E0,1.744613409E0,-7.009022713E0,-1.875020385E0,7.462290317E0
4.938343405E0,9.841825962E-1,-7.209721565E0,-1.287971020E0,7.389693483E0
4.943368926E0,-2.556304932E-1,-7.094086647E0,-4.406937957E-1,7.112357087E0
4.948394447E0,-1.688399076E0,-6.764345169E0,5.352253914E-1,6.992390380E0
4.953419968E0,-2.969991207E0,-6.437449455E0,1.601775408E0,7.268238281E0
4.958445489E0,-3.642832279E0,-5.894417763E0,2.574991941E0,7.392223703E0
4.963471010E0,-3.476316452E0,-4.628837585E0,3.287590742E0,6.657264179E0
4.968496530E0,-2.485899210E0,-2.760690689E0,3.557218313E0,5.143433687E0
4.973522051E0,-1.229287624E0,-7.631320953E-1,3.604464293E0,3.884029029E0
4.978547572E0,-1.825542450E-1,1.111317635E0,3.593617916E0,3.765958399E0
4.983573093E0,6.002984047E-1,2.662716389E0,3.389241219E0,4.351709179E0
4.988598614E0,1.099171042E0,3.882371902E0,3.154113293E0,5.121466512E0
4.993624135E0,1.471403599E0,4.794736862E0,3.052147388E0,5.871127133E0
4.998649655E0,1.807456255E0,5.572394371E0,3.270799875E0,6.709441777E0
5.003675176E0,2.154741287E0,6.258716106E0,3.728307724E0,7.597020192E0
5.008700697E0,2.455335617E0,6.796739578E0,4.313580513E0,8.416134429E0
5.013726218E0,2.641951799E0,7.148712158E0,4.848492146E0,9.032821869E0
5.018751739E0,2.714537144E0,7.391647816E0,5.217411518E0,9.445980748E0
5.023777260E0,2.749435186E0,7.540311813E0,5.357609749E0,9.649853797E0
5.028802780E0,2.780173779E0,7.499403000E0,5.483573914E0,9.697422052E0
5.033828301E0,2.739696503E0,7.192942142E0,5.771103859E0,9.620290710E0
5.038853822E0,2.546392918E0,6.482956886E0,6.013247967E0,9.201738857E0
5.043879343E0,2.037418842E0,5.355927944E0,6.242716789E0,8.473992718E0
5.048904864E0,1.251399994E0,4.013285637E0,6.306304455E0,7.579046076E0
5.053930385E0,3.182606697E-1,2.641583443E0,6.156691551E0,6.707018995E0
5.058955905E0,-6.224322319E-1,1.321830273E0,5.904475212E0,6.082555769E0
5.063981426E0,-1.627101183E0,2.003097534E-2,5.598136425E0,5.829836270E0
5.069006947E0,-2.632251501E0,-1.216557503E0,5.267043591E0,6.012529277E0
5.074032468E0,-3.507464409E0,-2.292970657E0,4.897808075E0,6.445816081E0
5.079057989E0,-4.237462997E0,-3.195590973E0,4.448425293E0,6.925054650E0
5.084083510E0,-4.907141685E0,-3.915558815E0,4.043879509E0,7.467570009E0
5.089109030E0,-5.548078060E0,-4.544363976E0,3.745597363E0,8.090853707E0
5.094134551E0,-6.014540672E0,-4.934080124E0,3.522723675E0,8.539872848E0
5.099160072E0,-5.979627609E0,-4.783813477E0,3.305973530E0,8.340879972E0
5.104185593E0,-5.257109642E0,-3.855022430E0,3.027032375E0,7.187581285E0
5.109211114E0,-4.222213745E0,-2.564484596E0,2.666640997E0,5.613790552E0
5.114236635E0,-3.274091959E0,-1.338114738E0,2.230441332E0,4.181518593E0
5.119262155E0,-2.586271763E0,-3.431882858E-1,1.767400026E0,3.151235105E0
5.124287676E0,-2.154397964E0,4.252109528E-1,1.364725947E0,2.585480972E0
5.129313197E0,-1.906656265E0,1.034055710E0,1.028200865E0,2.400376292E0
5.134338718E0,-1.699474812E0,1.464194775E0,7.536997795E-1,2.366462408E0
5.139364239E0,-1.504066467E0,1.796929836E0,5.368033648E-1,2.404023841E0
5.144389760E0,-1.301244259E0,2.075243950E0,3.106117249E-1,2.469079528E0
5.149415280E0,-1.096049547E0,2.208210945E0,6.109392643E-2,2.466019598E0
5.154440801E0,-8.794662952E-1,2.195938110E0,-1.487244368E-1,2.370173856E0
5.159466322E0,-6.186313629E-1,2.052891731E0,-3.365728855E-1,2.170334198E0
5.164491843E0,-4.054195881E-1,1.831914425E0,-4.908013642E-1,1.939371414E0
5.169517364E0,-1.926519871E-1,1.576246738E0,-5.945915580E-1,1.695643739E0
5.174542885E0,2.378940582E-2,1.343544960E0,-7.079929113E-1,1.518859097E0
5.179568405E0,2.482516766E-1,1.114913940E0,-7.911888361E-1,1.389475356E0
5.184593926E0,4.470791817E-1,8.762569427E-1,-8.435537815E-1,1.295873839E0
5.189619447E0,5.962581635E-1,6.469640732E-1,-9.179393053E-1,1.271494742E0
5.194644968E0,7.103911638E-1,3.984479904E-1,-9.819896817E-1,1.275821360E0
5.199670437E0,7.992138863E-1,1.307983398E-1,-1.023133993E0,1.304857927E0
5.204695905E0,9.296668768E-1,-8.417892456E-2,-1.072029233E0,1.421482771E0
5.209721374E0,1.091760635E0,-1.843242645E-1,-1.216922045E0,1.645240403E0
5.214746843E0,1.284637213E0,-2.461528778E-1,-1.396877289E0,1.913674520E0
5.219772312E0,1.435463786E0,-2.264537811E-1,-1.559802532E0,2.131858704E0
5.224797780E0,1.505000591E0,-2.016124725E-1,-1.695981145E0,2.276406469E0
5.229823249E0,1.373096108E0,-1.953344345E-1,-1.852109194E0,2.313840299E0
5.234848718E0,1.121323228E0,-1.835880280E-1,-1.997829199E0,2.298345460E0
5.239874187E0,7.504677773E-1,-1.663818359E-1,-2.131293774E0,2.265678254E0
5.244899655E0,3.336122036E-1,-1.438350677E-1,-2.260469198E0,2.289477369E0
5.249925124E0,-1.181139946E-1,-9.696674347E-2,-2.369432449E0,2.374355407E0
5.254950593E0,-5.313560963E-1,-1.987457275E-3,-2.437398434E0,2.494645140E0
5.259976062E0,-8.665113449E-1,1.266441345E-1,-2.458365917E0,2.609682669E0
5.265001530E0,-1.069827318E0,2.792730331E-1,-2.417206049E0,2.658083708E0
5.270026999E0,-1.226660728E0,3.936948776E-1,-2.313500643E0,2.648013864E0
5.275052468E0,-1.283856869E0,4.651699066E-1,-2.132878542E0,2.532556490E0
5.280077937E0,-1.241322279E0,5.272045135E-1,-1.871156216E0,2.306523614E0
5.285103405E0,-1.089699030E0,5.367431641E-1,-1.567520738E0,1.983093155E0
5.290128874E0,-8.727409840E-1,5.081958771E-1,-1.204160452E0,1.571604998E0
5.295154343E0,-6.579391956E-1,4.463367462E-1,-8.398233652E-1,1.156461742E0
5.300179812E0,-4.219777584E-1,3.655357361E-1,-4.948136210E-1,7.460041036E-1
5.305205280E0,-2.370173931E-1,3.039903641E-1,-2.038389444E-1,4.360478200E-1
5.310230749E0,-6.520438194E-2,2.568340302E-1,8.052110672E-3,2.651040682E-1
5.315256218E0,4.973220825E-2,2.527494431E-1,1.684603691E-1,3.077896513E-1
5.320281687E0,1.266839504E-1,2.533416748E-1,3.145229816E-1,4.232676854E-1
5.325307155E0,1.653916836E-1,2.776708603E-1,4.164872169E-1,5.271784494E-1
5.330332676E0,1.751716137E-1,3.352079391E-1,5.497827530E-1,6.673159163E-1
5.335358197E0,1.559348106E-1,3.875246048E-1,6.365023851E-1,7.613319058E-1
5.340383718E0,8.387303352E-2,4.201564789E-1,6.948860884E-1,8.163533722E-1
5.345409239E0,-1.678967476E-2,4.520902634E-1,7.288428545E-1,8.578341366E-1
5.350434760E0,-1.216356754E-1,4.927196503E-1,7.236428261E-1,8.838703700E-1
5.355460280E0,-1.824016571E-1,5.419054031E-1,6.601356268E-1,8.733331989E-1
5.360485801E0,-2.036881447E-1,5.995721817E-1,5.289888382E-1,8.251089942E-1
5.365511322E0,-1.949276924E-1,6.704683304E-1,3.689692020E-1,7.897232803E-1
5.370536843E0,-1.468017101E-1,7.642259598E-1,1.854149103E-1,7.999817177E-1
5.375562364E0,-1.073601246E-1,8.378610611E-1,1.243722439E-2,8.448029584E-1
5.380587885E0,-1.056041718E-1,8.628425598E-1,-1.588518620E-1,8.836760935E-1
5.385613405E0,-1.702291965E-1,8.584280014E-1,-3.039050102E-1,9.264096654E-1
5.390638926E0,-2.866079807E-1,8.103284836E-1,-4.507196546E-1,9.705279970E-1
5.395664447E0,-4.113698006E-1,7.377490997E-1,-5.793882012E-1,1.024299534E0
5.400689968E0,-5.490646362E-1,6.072549820E-1,-7.036915421E-1,1.079542669E0
5.405715489E0,-6.419906616E-1,4.858655930E-1,-8.278698325E-1,1.154809873E0
5.410741010E0,-6.854209900E-1,3.592796326E-1,-9.467264414E-1,1.222773382E0
5.415766530E0,-7.129962444E-1,2.610483170E-1,-1.031312823E0,1.280670140E0
5.420792051E0,-7.345280647E-1,1.433315277E-1,-1.072337866E0,1.307663528E0
5.425817572E0,-7.501902580E-1,2.525806427E-2,-1.070229292E0,1.307216176E0
5.430843093E0,-7.695813179E-1,-1.076450348E-1,-1.059193850E0,1.313672132E0
5.435868614E0,-7.783529758E-1,-2.411861420E-1,-1.035317659E0,1.317530556E0
5.440894135E0,-6.664550304E-1,-3.660049438E-1,-1.023333549E0,1.274885673E0
5.445919655E0,-4.291861057E-1,-5.205183029E-1,-1.057116985E0,1.254047981E0
5.450945176E0,-9.086942673E-2,-6.377229691E-1,-1.151012182E0,1.319006020E0
5.455970697E0,3.143484592E-1,-8.035936356E-1,-1.295147657E0,1.556272836E0
5.460996218E0,7.282242775E-1,-9.938402176E-1,-1.464957714E0,1.914191756E0
5.466021739E0,1.111640811E0,-1.198481560E0,-1.640574217E0,2.315941947E0
5.471047260E0,1.430373311E0,-1.412439346E0,-1.788327932E0,2.690551897E0
5.476072780E0,1.683863044E0,-1.645005226E0,-1.965382814E0,3.066621358E0
5.481098301E0,1.866975784E0,-1.881659508E0,-2.119072914E0,3.393628014E0
5.486123822E0,2.017778635E0,-2.155765533E0,-2.306773186E0,3.746993219E0
5.491149343E0,2.160228729E0,-2.424091339E0,-2.532664537E0,4.117911685E0
5.496174864E0,2.294581890E0,-2.629051208E0,-2.762186289E0,4.450470694E0
5.501200385E0,2.473730087E0,-2.837252617E0,-3.026958942E0,4.830302619E0
5.506225905E0,2.607200384E0,-2.971631050E0,-3.291121006E0,5.143885926E0
5.511251426E0,2.666715145E0,-3.122430801E0,-3.508896351E0,5.401231098E0
5.516276947E0,2.629234076E0,-3.356048584E0,-3.673088789E0,5.627389730E0
5.521302468E0,2.414496183E0,-3.710252762E0,-3.743396044E0,5.797308110E0
5.526327989E0,2.186248302E0,-4.218228340E0,-3.713788033E0,6.030369269E0
5.531353510E0,1.935765386E0,-4.889514923E0,-3.569697857E0,6.355885981E0
5.536379030E0,1.711520076E0,-5.657343864E0,-3.383440495E0,6.810470626E0
5.541404551E0,1.571089268E0,-6.435931206E0,-3.160669565E0,7.340256404E0
5.546430072E0,1.599869967E0,-7.235128403E0,-2.897824526E0,7.956384474E0
5.551455593E0,1.710282922E0,-8.102865219E0,-2.562770605E0,8.668868762E0
5.556481114E0,1.789963365E0,-9.154256821E0,-1.791156530E0,9.498032875E0
5.561506635E0,1.921941280E0,-1.023736382E1,-5.639934540E-1,1.043146992E1
5.566532155E0,2.122011185E0,-1.056397629E1,3.489587307E-1,1.078064463E1
5.571557676E0,2.163188457E0,-1.005823040E1,7.973663807E-1,1.031906857E1
5.576583197E0,1.625241637E0,-9.055422783E0,1.042512655E0,9.258991565E0
5.581608718E0,5.886592865E-1,-7.685230255E0,1.228142977E0,7.804973991E0
5.586634239E0,-5.775954723E-1,-6.206738472E0,1.483798027E0,6.407719998E0
5.591659760E0,-1.504892826E0,-4.773761749E0,1.712847948E0,5.290307340E0
5.596685280E0,-2.013403893E0,-3.386614799E0,1.793462038E0,4.328909922E0
5.601710801E0,-2.193159819E0,-2.078815460E0,1.736683846E0,3.485325593E0
5.606736322E0,-2.197952271E0,-8.740243912E-1,1.480804086E0,2.790643933E0
5.611761843E0,-2.153582335E0,2.234764099E-1,1.064661384E0,2.412749974E0
5.616787364E0,-2.071251631E0,1.271571159E0,5.075674057E-1,2.482861495E0
5.621812885E0,-2.014781475E0,2.275356293E0,-2.673300505E-1,3.050910685E0
5.626838405E0,-2.052413940E0,3.306825161E0,-1.145272970E0,4.056987282E0
5.631863926E0,-2.123042583E0,4.227483749E0,-2.130774975E0,5.188364931E0
5.636889447E0,-2.227284431E0,5.037603378E0,-3.223136902E0,6.381759571E0
5.641914968E0,-2.341742039E0,5.679995537E0,-4.259087563E0,7.475689396E0
5.646940489E0,-2.538178205E0,6.178638458E0,-5.180901527E0,8.453381716E0
5.651966010E0,-2.620350361E0,6.523945332E0,-5.844802856E0,9.142746805E0
5.656991530E0,-2.559395552E0,6.706236839E0,-6.202795029E0,9.486768907E0
5.662017051E0,-2.340925217E0,6.734920502E0,-6.274203777E0,9.497616442E0
5.667042572E0,-1.926939726E0,6.605091572E0,-5.997146130E0,9.127217160E0
5.672068093E0,-1.313294888E0,6.316652298E0,-5.367863178E0,8.392782305E0
5.677093614E0,-6.824617386E-1,5.845616341E0,-4.545643806E0,7.436387701E0
5.682119135E0,-1.017837524E-1,5.177598000E0,-3.512825727E0,6.257621399E0
5.687144655E0,4.094667435E-1,4.393886089E0,-2.280982256E0,4.967572650E0
5.692170176E0,9.276990891E-1,3.489686489E0,-1.063015342E0,3.764111981E0
5.697195697E0,1.337944150E0,2.570350170E0,8.089636266E-2,2.898851284E0
5.702221218E0,1.086159468E0,1.798411846E0,9.679122567E-1,2.313197288E0
5.707246739E0,1.034929156E0,1.111338615E0,1.665959120E0,2.254234164E0
5.712272260E0,1.045698524E0,3.846063614E-1,2.147342443E0,2.419191399E0
5.717297780E0,9.847725630E-1,-4.678926468E-1,2.680534601E0,2.893780620E0
5.722323301E0,7.474848032E-1,-1.455663681E0,3.313120127E0,3.695193534E0
5.727348822E0,2.866556644E-1,-2.502123833E0,3.987742424E0,4.716448323E0
5.732374343E0,-2.392988205E-1,-3.516392708E0,4.862085342E0,6.005177389E0
5.737399864E0,-7.823090553E-1,-4.445831299E0,5.839563370E0,7.380916186E0
5.742425385E0,-1.251766920E0,-5.194617271E0,6.756438255E0,8.613966967E0
5.747450905E0,-1.710566759E0,-5.724256516E0,7.616424561E0,9.680034834E0
5.752476426E0,-2.145059109E0,-6.091878891E0,8.456705093E0,1.064087064E1
5.757501947E0,-2.589365005E0,-6.268375397E0,9.185065269E0,1.141765148E1
5.762527468E0,-2.708916903E0,-6.329727173E0,9.607917786E0,1.182014218E1
5.767552989E0,-2.398867607E0,-6.088356972E0,9.783473015E0,1.177025916E1
5.772578510E0,-1.860573769E0,-5.361522675E0,9.788845062E0,1.131499659E1
5.777604030E0,-1.209432840E0,-4.172557831E0,9.473260880E0,1.042188267E1
5.782629551E0,-3.173580170E-1,-2.760393143E0,8.769748688E0,9.199400984E0
5.787655072E0,6.610952616E-1,-1.421504021E0,7.790135384E0,7.946315493E0
5.792680593E0,1.528434992E0,-3.231706619E-1,6.622974396E0,6.804729432E0
5.797706114E0,2.097690105E0,4.914722443E-1,5.409680367E0,5.822927993E0
5.802731635E0,2.345226288E0,9.933862686E-1,4.086233616E0,4.814998212E0
5.807757155E0,2.463091373E0,1.268095970E0,2.622604609E0,3.814831770E0
5.812782676E0,2.385014296E0,1.324371815E0,1.180456758E0,2.972495929E0
5.817808197E0,2.116872787E0,1.147056580E0,-1.650166512E-1,2.413321299E0
5.822833718E0,1.903411150E0,8.885145187E-1,-1.333975792E0,2.488357585E0
5.827859239E0,1.616154432E0,6.341466904E-1,-2.132679701E0,2.749985433E0
5.832884760E0,1.303996086E0,4.216327667E-1,-2.483553648E0,2.836585748E0
5.837910280E0,9.826215506E-1,2.458305359E-1,-2.540170193E0,2.734674089E0
5.842935801E0,5.102038383E-1,9.691715240E-2,-2.384861708E0,2.440751166E0
5.847961322E0,1.769912243E-2,8.215904236E-3,-2.143207312E0,2.143296139E0
5.852986843E0,-3.403326273E-1,-1.086616516E-2,-1.811411381E0,1.843137423E0
5.858012364E0,-6.011942625E-1,-1.779079437E-2,-1.347432852E0,1.475576614E0
5.863037885E0,-8.506171703E-1,-7.650375366E-3,-7.666122913E-1,1.145121174E0
5.868063405E0,-1.116658449E0,5.474090576E-4,-1.179141998E-1,1.122866933E0
5.873088926E0,-1.341673493E0,4.048061371E-2,6.072707176E-1,1.473263102E0
5.878114447E0,-1.382400990E0,1.506080627E-1,1.322015643E0,1.918708067E0
5.883139968E0,-1.340474725E0,3.216400146E-1,1.901348591E0,2.348499787E0
5.888165489E0,-1.317507029E0,5.442428589E-1,2.450295925E0,2.834779565E0
5.893191010E0,-1.333617210E0,7.421245575E-1,2.963762045E0,3.333642030E0
5.898216530E0,-1.399239421E0,9.347019196E-1,3.436703920E0,3.826548376E0
5.903242051E0,-1.471936464E0,1.146105766E0,3.859316587E0,4.286546384E0
5.908267572E0,-1.518682003E0,1.386098385E0,4.269405365E0,4.738721972E0
5.913293093E0,-1.497110963E0,1.654932499E0,4.623341560E0,5.133753987E0
5.918318614E0,-1.417337179E0,1.991114616E0,4.939614773E0,5.511186460E0
5.923344135E0,-1.313475251E0,2.318302631E0,5.141222954E0,5.790675072E0
5.928369655E0,-1.248212695E0,2.675006390E0,5.227783203E0,6.003616521E0
5.933395176E0,-1.226516485E0,3.023034096E0,5.189661980E0,6.129899615E0
5.938420697E0,-1.186326981E0,3.343301296E0,5.074815273E0,6.191832146E0
5.943446218E0,-1.166040659E0,3.621476650E0,4.921710491E0,6.220769897E0
5.948471739E0,-1.232618093E0,3.814450264E0,4.687788963E0,6.168042116E0
5.953497260E0,-1.361580133E0,3.931704521E0,4.382958412E0,6.043386910E0
5.958522780E0,-1.456785917E0,3.996980667E0,4.093983173E0,5.904132272E0
5.963548301E0,-1.498892546E0,4.019724846E0,3.802099228E0,5.732436239E0
5.968573822E0,-1.506923199E0,3.985459328E0,3.493435383E0,5.509881519E0
5.973599343E0,-1.533279181E0,3.855869293E0,3.158604145E0,5.214926001E0
5.978624864E0,-1.563398838E0,3.635711193E0,2.802731276E0,4.849527236E0
5.983650385E0,-1.558839321E0,3.363199711E0,2.407088041E0,4.419860310E0
5.988675905E0,-1.443242073E0,3.076573372E0,2.005575657E0,3.945958072E0
5.993701426E0,-1.250615597E0,2.785408974E0,1.593772888E0,3.444220455E0
5.998726947E0,-1.148944378E0,2.461008549E0,1.167434812E0,2.956271351E0
6.003752468E0,-1.081087112E0,2.093832016E0,6.887996197E-1,2.455061460E0
6.008777989E0,-1.037578106E0,1.679111004E0,1.439522505E-1,1.979066532E0
6.013803510E0,-9.755039215E-1,1.274219513E0,-5.189915895E-1,1.686592879E0
6.018829030E0,-8.711082935E-1,8.503513336E-1,-1.342148781E0,1.811985210E0
6.023854551E0,-6.624026299E-1,3.930749893E-1,-2.314836502E0,2.439621533E0
6.028880072E0,-3.357052803E-1,-1.023683548E-1,-3.402359962E0,3.420413810E0
6.033905593E0,8.148193359E-3,-5.882234573E-1,-4.498066902E0,4.536372900E0
6.038931114E0,2.351629734E-1,-1.035881996E0,-5.553339005E0,5.654018680E0
6.043956635E0,2.692441940E-1,-1.464586258E0,-6.161485195E0,6.338880434E0
6.048982155E0,2.067196369E-1,-1.826517105E0,-6.309291363E0,6.571609791E0
6.054007676E0,2.058637142E-1,-2.097714424E0,-5.965012074E0,6.326464630E0
6.059033197E0,2.950475216E-1,-2.244544029E0,-5.283448219E0,5.748030621E0
6.064058718E0,2.968556881E-1,-2.329046249E0,-4.562627316E0,5.131291041E0
6.069084239E0,2.587780952E-1,-2.327113152E0,-3.913504124E0,4.560475441E0
6.074109760E0,1.230826378E-1,-2.319984436E0,-3.575471878E0,4.263974234E0
6.079135280E0,-6.226110458E-2,-2.269453049E0,-3.825303793E0,4.448285366E0
6.084160801E0,-2.681026459E-1,-2.171031952E0,-4.360178947E0,4.878157359E0
6.089186322E0,-3.695287704E-1,-2.048964500E0,-4.686423779E0,5.128096613E0
6.094211843E0,-4.047362804E-1,-1.975118637E0,-4.703607559E0,5.117502238E0
6.099237364E0,-2.876002789E-1,-1.949473381E0,-4.474289417E0,4.889010756E0
6.104262885E0,-1.332633495E-1,-1.881071091E0,-3.907889366E0,4.339099776E0
6.109288405E0,1.971864700E-2,-1.784203529E0,-3.024286747E0,3.511421562E0
6.114313926E0,2.378716469E-1,-1.625266075E0,-2.025089025E0,2.607500392E0
6.119339447E0,9.223722219E-1,-1.208046913E0,2.444982529E-3,1.519919024E0
6.124364968E0,3.955242634E0,6.935291290E-1,6.689126492E0,7.801880553E0
6.129390489E0,3.258368731E0,2.679786682E-1,4.310826302E0,5.410360686E0
6.134416010E0,1.045555472E0,-6.529235840E-1,-1.080087423E-1,1.237401043E0
6.139441530E0,8.832967281E-1,-5.305156708E-1,-1.068333268E0,1.484249291E0
6.144467051E0,1.756208777E0,1.315059662E-1,1.008244753E-1,1.764009258E0
6.149492572E0,2.674796104E0,8.072729111E-1,1.153051734E0,3.022540662E0
6.154518093E0,2.257502556E0,1.123649597E0,2.469393015E-1,2.533749243E0
6.159543614E0,1.628922343E0,1.529818058E0,1.011497974E-1,2.236953860E0
6.164569135E0,1.323228121E0,2.053925514E0,8.668040633E-1,2.592468315E0
6.169594655E0,1.140443921E0,2.542823315E0,1.498911142E0,3.164379459E0
6.174620176E0,7.956289053E-1,2.948505402E0,1.743199706E0,3.516454845E0
6.179645697E0,7.359521389E-1,3.285120010E0,1.953301907E0,3.892175147E0
6.184671218E0,9.854829311E-1,3.552604198E0,2.119754791E0,4.252708969E0
6.189696739E0,1.466740608E0,3.717576504E0,2.261888504E0,4.592150115E0
6.194722260E0,2.053555727E0,3.770789146E0,2.408531666E0,4.923105392E0
6.199747780E0,2.600246906E0,3.693470478E0,2.464530706E0,5.145572830E0
6.204773301E0,3.042281151E0,3.486052036E0,2.421184301E0,5.222084528E0
6.209798822E0,3.420688629E0,3.211077690E0,2.317834616E0,5.233019008E0
6.214824343E0,3.718992949E0,2.825825691E0,2.017094374E0,5.087717475E0
6.219849864E0,3.854071617E0,2.344976902E0,1.367633224E0,4.714149482E0
6.224875385E0,3.791038990E0,1.768810272E0,5.819000602E-1,4.223656483E0
6.229900905E0,3.524342060E0,1.135846138E0,-2.797091007E-2,3.702960407E0
6.234926426E0,3.158458471E0,5.324802399E-1,-5.237287283E-1,3.245564188E0
6.239951947E0,2.673745871E0,1.635551453E-2,-9.248107672E-1,2.829215340E0
6.244977468E0,2.136732101E0,-4.123373032E-1,-1.260390520E0,2.514802256E0
6.250002989E0,1.528291225E0,-7.056407928E-1,-1.488403916E0,2.246986697E0
6.255028510E0,9.156644344E-1,-8.635435104E-1,-1.514455557E0,1.969193841E0
6.260054030E0,3.564474583E-1,-9.242401123E-1,-1.326039076E0,1.655190082E0
6.265079551E0,-1.965861320E-1,-9.643087387E-1,-9.297026396E-1,1.353840629E0
6.270105072E0,-7.956113815E-1,-1.084137917E0,-4.226239920E-1,1.409596939E0
6.275130593E0,-1.382668257E0,-1.231065750E0,8.427762985E-2,1.853212645E0
6.280156114E0,-1.952845812E0,-1.409913063E0,5.335950851E-1,2.467019523E0
6.285181635E0,-2.577540874E0,-1.788224220E0,9.258059263E-1,3.270868300E0
6.290207155E0,-3.332537174E0,-2.614817619E0,1.290727973E0,4.428211140E0
6.295232676E0,-4.183414459E0,-3.856127739E0,1.692159653E0,5.935830352E0
6.300258197E0,-5.062625885E0,-5.535961151E0,2.165604115E0,7.808129603E0
6.305283718E0,-5.836022377E0,-7.391014099E0,2.569433689E0,9.761569345E0
6.310309239E0,-6.446963787E0,-9.191388130E0,2.799381256E0,1.157071706E1
6.315334760E0,-6.782271862E0,-1.038666725E1,2.831353664E0,1.272393932E1
6.320360280E0,-6.686571121E0,-1.081413174E1,2.725919247E0,1.300331936E1
6.325385801E0,-6.659312248E0,-1.083745480E1,2.389639854E0,1.294245899E1
6.330411322E0,-6.786521912E0,-1.029906082E1,1.867693305E0,1.247460668E1
6.335436843E0,-6.655233383E0,-8.415720940E0,1.087077856E0,1.078416564E1
6.340462364E0,-5.794406891E0,-4.950932503E0,3.354570866E-1,7.628854129E0
6.345487885E0,-5.057624340E0,-1.787405014E0,-1.221430898E-1,5.365566101E0
6.350513405E0,-4.480017662E0,5.432825089E-1,-3.169792295E-1,4.523957335E0
6.355538926E0,-3.782327175E0,2.247150421E0,-4.666628242E-1,4.424190103E0
6.360564447E0,-2.997108221E0,3.463228703E0,-6.497708559E-1,4.625885094E0
6.365589968E0,-2.157619238E0,4.163234711E0,-7.869228125E-1,4.754691530E0
6.370615489E0,-1.268913269E0,4.333439350E0,-8.036544919E-1,4.586359998E0
6.375641010E0,-4.272842407E-1,4.256758690E0,-7.838277817E-1,4.349362293E0
6.380666530E0,3.563251495E-1,4.235145569E0,-7.593536973E-1,4.317411683E0
6.385692051E0,1.066002369E0,4.312001705E0,-7.441970706E-1,4.503726128E0
6.390717572E0,1.647372603E0,4.473361492E0,-7.103339434E-1,4.819686073E0
6.395743093E0,2.142143965E0,4.633435726E0,-6.446939111E-1,5.145205305E0
6.400768614E0,2.635164022E0,4.720861912E0,-4.821195602E-1,5.427989120E0
6.405794135E0,3.001202583E0,4.735990524E0,-1.864281893E-1,5.609953535E0
6.410819655E0,3.220832586E0,4.664727688E0,1.540321112E-1,5.670729481E0
6.415845176E0,3.298773766E0,4.492964268E0,5.373216867E-1,5.599763465E0
6.420870697E0,3.273787022E0,4.125138283E0,9.665443897E-1,5.354311849E0
6.425896218E0,3.189784765E0,3.537523746E0,1.448979378E0,4.978789245E0
6.430921739E0,3.019274473E0,2.677844048E0,2.153078556E0,4.574124436E0
6.435947260E0,2.821319103E0,1.608890057E0,2.967620850E0,4.399447943E0
6.440972780E0,2.712159634E0,5.943841934E-1,3.633578062E0,4.572963151E0
6.445998301E0,2.845065832E0,-1.690702438E-1,4.042330265E0,4.946050779E0
6.451023822E0,3.175419331E0,-7.001581192E-1,4.169126511E0,5.287260650E0
6.456049343E0,3.533568621E0,-1.113251686E0,4.220439911E0,5.615830264E0
6.461074864E0,3.678174019E0,-1.494054794E0,4.250461102E0,5.816148504E0
6.466100385E0,3.584044218E0,-1.885482788E0,4.289937019E0,5.899489633E0
6.471125905E0,3.284216642E0,-2.220699310E0,4.350290775E0,5.885797670E0
6.476151426E0,2.802872658E0,-2.476248741E0,4.414025784E0,5.785458200E0
6.481176947E0,2.179183960E0,-2.576278687E0,4.381794930E0,5.530477503E0
6.486202468E0,1.643778563E0,-2.445110321E0,4.250086784E0,5.171441783E0
6.491227989E0,1.297400713E0,-2.102644920E0,4.063308239E0,4.755506084E0
6.496253510E0,1.039419889E0,-1.664270401E0,3.875638723E0,4.344049400E0
6.501279030E0,8.407518864E-1,-1.202054977E0,3.645774364E0,3.929818141E0
6.506304551E0,6.866991520E-1,-7.926931381E-1,3.389782429E0,3.548315523E0
6.511330072E0,5.579302311E-1,-4.314632416E-1,3.161945581E0,3.239652224E0
6.516355593E0,4.446246624E-1,-1.422309875E-1,2.944216490E0,2.980995049E0
6.521381114E0,3.513796329E-1,7.511234283E-2,2.727624655E0,2.751189882E0
6.526406635E0,2.349660397E-1,2.159156799E-1,2.517293692E0,2.537438896E0
6.531432155E0,1.001088619E-1,3.185634613E-1,2.336748838E0,2.360487152E0
6.536457676E0,-1.535480022E-1,3.639354706E-1,2.132708788E0,2.168979666E0
6.541483197E0,-4.967379570E-1,3.949623108E-1,1.894712210E0,1.998168707E0
6.546508718E0,-9.144024849E-1,3.635759354E-1,1.560131669E0,1.844540645E0
6.551534239E0,-1.467430115E0,3.268213272E-1,1.090988755E0,1.857530561E0
6.556559760E0,-1.986703873E0,2.842340469E-1,4.786836207E-1,2.063230302E0
6.561585280E0,-2.322562218E0,2.880935669E-1,-1.985779107E-1,2.348771242E0
6.566610801E0,-2.531755686E0,3.287038803E-1,-9.725126028E-1,2.731961540E0
6.571636322E0,-2.571240425E0,4.492807388E-1,-1.764503241E0,3.150651074E0
6.576661843E0,-2.646980047E0,5.591945648E-1,-2.458042622E0,3.655294169E0
6.581687364E0,-2.796977282E0,6.395998001E-1,-3.066080809E0,4.199169125E0
6.586712885E0,-2.896607161E0,7.673616409E-1,-3.553630590E0,4.648383300E0
6.591738405E0,-2.931401730E0,9.235839844E-1,-3.929086685E0,4.988371042E0
6.596763926E0,-2.953674078E0,1.079703331E0,-4.134492874E0,5.194610781E0
6.601789447E0,-2.986783504E0,1.230977058E0,-4.074182034E0,5.199532620E0
6.606814968E0,-2.972841501E0,1.329506874E0,-3.787385941E0,4.994964202E0
6.611840489E0,-2.868381023E0,1.408660412E0,-3.342512608E0,4.624318802E0
6.616866010E0,-2.673460245E0,1.425262928E0,-2.803599119E0,4.127824138E0
6.621891530E0,-2.397929192E0,1.388836861E0,-2.224963188E0,3.553785787E0
6.626917051E0,-2.128232479E0,1.280212402E0,-1.713444114E0,3.017318016E0
6.631942572E0,-1.855163574E0,1.099411011E0,-1.289449453E0,2.512571661E0
6.636968093E0,-1.550435066E0,9.325809479E-1,-8.918095827E-1,2.017146611E0
6.641993614E0,-1.238424063E0,7.318630219E-1,-5.024521947E-1,1.523737461E0
6.647019135E0,-9.197194576E-1,5.595045090E-1,-1.415434480E-1,1.085800960E0
6.652044655E0,-5.806221962E-1,3.725194931E-1,1.184754968E-1,6.999495345E-1
6.657070176E0,-2.169644833E-1,1.853532791E-1,3.247703314E-1,4.323253326E-1
6.662095697E0,1.274149418E-1,2.945899963E-3,4.960491061E-1,5.121600935E-1
6.667121218E0,3.705430031E-1,-1.362972260E-1,6.557758451E-1,7.654547732E-1
6.672146739E0,5.266100168E-1,-2.515211105E-1,8.655171990E-1,1.043887446E0
6.677172260E0,6.432685852E-1,-3.331642151E-1,1.095709562E0,1.313534283E0
6.682197780E0,6.919269562E-1,-3.812961578E-1,1.326760888E0,1.544164540E0
6.687223301E0,7.204430103E-1,-4.055471420E-1,1.538817406E0,1.746844476E0
6.692248822E0,7.146115303E-1,-4.394798279E-1,1.736193657E0,1.928258430E0
6.697274343E0,7.032933235E-1,-4.305324554E-1,1.875480413E0,2.048757300E0
6.702299864E0,6.817741394E-1,-3.787956238E-1,1.966105938E0,2.115153579E0
6.707325385E0,6.120119095E-1,-2.796182632E-1,1.993664742E0,2.104149247E0
6.712350905E0,5.087188482E-1,-1.092395782E-1,1.915377855E0,1.984792302E0
6.717376426E0,4.057781696E-1,1.082286835E-1,1.760285616E0,1.809689150E0
6.722401947E0,3.275578022E-1,3.343572617E-1,1.524279356E0,1.594527029E0
6.727427468E0,2.981772423E-1,5.499696732E-1,1.270447493E0,1.416126103E0
6.732452989E0,3.079338074E-1,7.598896027E-1,1.013672829E0,1.303759196E0
6.737478510E0,3.136823177E-1,9.211149216E-1,7.449787855E-1,1.225496914E0
6.742504030E0,2.817716599E-1,1.019392967E0,5.267686248E-1,1.181542413E0
6.747529551E0,2.122495174E-1,1.102628708E0,3.210464120E-1,1.167865884E0
6.752555072E0,1.291182041E-1,1.118182182E0,1.325024366E-1,1.133384224E0
6.757580593E0,3.747224808E-3,1.085233688E0,-3.878486156E-2,1.085932993E0
6.762606114E0,-9.196591377E-2,1.008589745E0,-1.878159642E-1,1.030041668E0
6.767631635E0,-1.866261959E-1,9.312992096E-1,-3.240438104E-1,1.003569602E0
6.772657155E0,-2.610554695E-1,8.246459961E-1,-4.807752967E-1,9.896139969E-1
6.777682676E0,-3.248639107E-1,7.173519135E-1,-6.339663863E-1,1.010961773E0
6.782708197E0,-3.732023239E-1,5.759115219E-1,-7.930191755E-1,1.048729454E0
6.787733718E0,-4.252879620E-1,4.338626862E-1,-9.720957279E-1,1.146331883E0
6.792759239E0,-4.860146046E-1,2.529821396E-1,-1.185329437E0,1.305839207E0
6.797784760E0,-5.408627987E-1,7.633399963E-2,-1.375032425E0,1.479551829E0
6.802810280E0,-5.753455162E-1,-7.697200775E-2,-1.555307627E0,1.660099083E0
6.807835801E0,-5.514061451E-1,-2.116441727E-1,-1.721009016E0,1.819536761E0
6.812861322E0,-4.881770611E-1,-3.085498810E-1,-1.867063761E0,1.954340543E0
6.817886843E0,-3.855984211E-1,-3.581476212E-1,-1.988399386E0,2.056863627E0
6.822912364E0,-2.150688171E-1,-4.034786224E-1,-2.113516569E0,2.162406503E0
6.827937885E0,-1.033091545E-2,-4.301223755E-1,-2.204046726E0,2.245647781E0
6.832963405E0,2.282607555E-1,-4.858341217E-1,-2.312690258E0,2.374168064E0
6.837988926E0,4.765424728E-1,-5.609445572E-1,-2.429883957E0,2.538914644E0
6.843014447E0,7.580554485E-1,-6.361961365E-1,-2.507878304E0,2.696079964E0
6.848039968E0,1.029521465E0,-7.067689896E-1,-2.570798397E0,2.858048504E0
6.853065489E0,1.285965204E0,-7.725982666E-1,-2.637809515E0,3.034576350E0
6.858091010E0,1.541687727E0,-8.288755417E-1,-2.699357271E0,3.217198376E0
6.863116530E0,1.792006969E0,-8.612699509E-1,-2.736251116E0,3.382328351E0
6.868142051E0,2.017972469E0,-8.506860733E-1,-2.762718678E0,3.525406951E0
6.873167133E0,2.267699718E0,-8.545503616E-1,-2.764077425E0,3.675981821E0
6.878192654E0,2.507915974E0,-8.631601334E-1,-2.787489653E0,3.847698859E0
6.883218175E0,2.715159416E0,-8.907260895E-1,-2.827191591E0,4.019763167E0
6.888243696E0,2.875630856E0,-9.609508514E-1,-2.872395754E0,4.176522085E0
6.893269216E0,2.975365877E0,-1.044804573E0,-2.912240505E0,4.292500840E0
6.898294737E0,3.048406363E0,-1.108530045E0,-2.883167267E0,4.339847198E0
6.903320258E0,3.037477255E0,-1.194925308E0,-2.817814589E0,4.312098517E0
6.908345779E0,2.985754013E0,-1.265470505E0,-2.710677862E0,4.226572737E0
6.913371300E0,2.888461590E0,-1.329733849E0,-2.557053804E0,4.080432161E0
6.918396821E0,2.774177551E0,-1.402183533E0,-2.400604486E0,3.927477772E0
6.923422341E0,2.690551519E0,-1.540384293E0,-2.246918678E0,3.828902557E0
6.928447862E0,2.660940170E0,-1.777985573E0,-2.116541386E0,3.836871476E0
6.933473383E0,2.655764341E0,-2.138927460E0,-2.015730619E0,3.961220121E0
6.938498904E0,2.669099808E0,-2.651837349E0,-1.984445333E0,4.253746395E0
6.943524425E0,2.695046902E0,-3.259059906E0,-2.009496212E0,4.682181575E0
6.948549946E0,2.722897053E0,-3.831123352E0,-2.067717552E0,5.134893414E0
6.953575466E0,2.780353308E0,-4.248085022E0,-2.192509174E0,5.530252015E0
6.958600987E0,2.775856018E0,-4.691346169E0,-2.358960152E0,5.939595820E0
6.963626612E0,2.752309799E0,-5.126914024E0,-2.522501945E0,6.342197782E0
6.968652133E0,2.728755236E0,-5.492207527E0,-2.643367290E0,6.678161370E0
6.973677654E0,2.714656591E0,-5.930518150E0,-2.687057972E0,7.054125494E0
6.978703175E0,2.705022097E0,-6.455947876E0,-2.638723373E0,7.480592795E0
6.983728695E0,2.771196127E0,-7.106580734E0,-2.560589790E0,8.046094567E0
6.988754216E0,2.855164289E0,-7.800924301E0,-2.428988934E0,8.654846637E0
6.993779737E0,2.984729290E0,-8.500551224E0,-2.196537971E0,9.273228084E0
6.998805258E0,3.058495998E0,-9.167145729E0,-1.825701952E0,9.834843477E0
7.003830779E0,2.989799500E0,-9.714780807E0,-1.307928920E0,1.024824596E1
7.008856300E0,2.811953306E0,-1.000043488E1,-7.211162448E-1,1.041325058E1
7.013881820E0,2.338570118E0,-9.656836510E0,2.095583677E-1,9.938174696E0
7.018907341E0,1.532433033E0,-8.862984657E0,1.325536728E0,9.091638777E0
7.023932862E0,4.527876377E-1,-7.616175652E0,2.285808563E0,7.964676327E0
7.028958383E0,-6.729173660E-1,-6.248147964E0,2.867496014E0,6.907583091E0
7.033983904E0,-1.783828497E0,-5.022888184E0,3.091467142E0,6.161868134E0
7.039009425E0,-2.656391382E0,-3.907213211E0,3.138753891E0,5.672257596E0
7.044034945E0,-3.202085972E0,-2.872381210E0,3.023384571E0,5.257830603E0
7.049060466E0,-3.501054049E0,-1.855909348E0,2.730159998E0,4.812021672E0
7.054085987E0,-3.558129787E0,-7.855281830E-1,2.185921192E0,4.249187401E0
7.059111508E0,-3.508614779E0,3.872814178E-1,1.278536916E0,3.754333657E0
7.064137029E0,-3.545405865E0,1.529307842E0,-1.469291449E-1,3.863971195E0
7.069162550E0,-3.703113556E0,2.612680912E0,-2.005327463E0,4.955854093E0
7.074188070E0,-3.901111126E0,3.652557850E0,-4.148008823E0,6.765044276E0
7.079213591E0,-4.034914970E0,4.649565220E0,-6.105710506E0,8.670564938E0
7.084239112E0,-3.942912340E0,5.422205448E0,-7.076168537E0,9.747770556E0
7.089264633E0,-3.698242426E0,5.965553284E0,-6.615447998E0,9.645152940E0
7.094290154E0,-3.540941477E0,6.183159828E0,-4.743676662E0,8.559918240E0
7.099315675E0,-3.318177938E0,6.198549271E0,-2.621884584E0,7.503772162E0
7.104341195E0,-3.044469595E0,6.097131729E0,-5.061781406E-1,6.833741782E0
7.109366716E0,-2.666824579E0,5.954975128E0,1.672871113E0,6.735887460E0
7.114392237E0,-1.922028780E0,5.776839256E0,3.454157829E0,6.999805193E0
7.119417758E0,-1.212543011E0,5.481949329E0,4.585266113E0,7.248909872E0
7.124443279E0,-7.441139221E-1,5.013653755E0,5.165896893E0,7.237190077E0
7.129468800E0,-3.970317841E-1,4.444455624E0,5.293104172E0,6.922988647E0
7.134494320E0,-3.149287701E-1,3.884929657E0,5.313415051E0,6.589706979E0
7.139519841E0,-4.163305759E-1,3.383200645E0,5.209183216E0,6.225348788E0
7.144545362E0,-5.195088387E-1,2.920297623E0,4.900886059E0,5.728587243E0
7.149570883E0,-7.106242180E-1,2.348011971E0,4.529173374E0,5.150879386E0
7.154596404E0,-9.844479561E-1,1.589891911E0,4.148386955E0,4.550385522E0
7.159621925E0,-1.330757856E0,7.894659042E-1,3.841495037E0,4.141407612E0
7.164647445E0,-1.700917244E0,-2.477073669E-2,3.552614212E0,3.938883192E0
7.169672966E0,-2.098672628E0,-8.005151749E-1,3.292532444E0,3.985727191E0
7.174698487E0,-2.570446491E0,-1.471256256E0,3.119576216E0,4.301574816E0
7.179724008E0,-2.861202955E0,-2.042300224E0,3.235143185E0,4.777407663E0
7.184749529E0,-2.984716177E0,-2.451778412E0,3.624640465E0,5.296958234E0
7.189775050E0,-3.041150331E0,-2.671205521E0,4.258284569E0,5.875110360E0
7.194800570E0,-2.910873413E0,-2.648032188E0,4.971662521E0,6.340558865E0
7.199826091E0,-2.632436514E0,-2.391770363E0,5.666827202E0,6.690531967E0
7.204851612E0,-2.287721872E0,-1.930949211E0,6.336997032E0,7.008549608E0
7.209877133E0,-1.839479446E0,-1.317886353E0,6.894517899E0,7.256368660E0
7.214902654E0,-1.322615862E0,-6.526384354E-1,7.180606842E0,7.330509141E0
7.219928175E0,-8.100938797E-1,1.258087158E-2,7.175838947E0,7.221431643E0
7.224953695E0,-2.839410305E-1,6.972799301E-1,6.995179653E0,7.035578170E0
7.229979216E0,1.927491426E-1,1.325157166E0,6.691628456E0,6.824301073E0
7.235004737E0,5.615953207E-1,1.843921185E0,6.289455891E0,6.578198085E0
7.240030258E0,1.161790371E0,1.990887642E0,5.090025425E0,5.587642553E0
7.245055779E0,1.931113482E0,1.675820827E0,3.322510719E0,4.192451813E0
7.250081352E0,2.696765423E0,1.138437271E0,1.466133118E0,3.273855447E0
7.255106872E0,3.270340919E0,5.414247513E-1,-2.172894478E-1,3.321970077E0
7.260132393E0,3.281816483E0,-8.680438995E-2,-1.230794430E0,3.506096028E0
7.265157914E0,2.850718975E0,-6.413698196E-1,-1.639175057E0,3.350350547E0
7.270183435E0,2.207452536E0,-1.031821251E0,-1.800632358E0,3.029814958E0
7.275208956E0,1.482573748E0,-1.296909332E0,-1.839937806E0,2.695435005E0
7.280234477E0,7.636904120E-1,-1.417950630E0,-1.805424809E0,2.419373013E0
7.285259997E0,1.001538038E-1,-1.361925125E0,-1.668897867E0,2.156406947E0
7.290285518E0,-5.305593014E-1,-1.196246147E0,-1.440407515E0,1.946091423E0
7.295311039E0,-1.093583703E0,-9.212312698E-1,-1.168396950E0,1.846549160E0
7.300336560E0,-1.563858271E0,-6.184511185E-1,-8.437349796E-1,1.881494936E0
7.305362081E0,-1.911628485E0,-3.310918808E-1,-4.524505138E-1,1.992148781E0
7.310387602E0,-2.184257507E0,-3.523254395E-2,-6.663691998E-2,2.185557748E0
7.315413122E0,-2.381147861E0,2.308206558E-1,3.088476658E-1,2.412162970E0
7.320438643E0,-2.449316502E0,4.957609177E-1,7.220292687E-1,2.601202890E0
7.325464164E0,-2.393619537E0,7.596244812E-1,1.067694187E0,2.728811961E0
7.330489685E0,-2.252493382E0,1.003308296E0,1.355681300E0,2.813934214E0
7.335515206E0,-2.050400496E0,1.193415642E0,1.581610441E0,2.851293509E0
7.340540727E0,-1.859526873E0,1.344356537E0,1.655339956E0,2.829361246E0
7.345566247E0,-1.689953208E0,1.446610451E0,1.563444614E0,2.719003991E0
7.350591768E0,-1.498935580E0,1.509741783E0,1.297487736E0,2.491907412E0
7.355617289E0,-1.330000877E0,1.567234993E0,9.876590967E-1,2.280482043E0
7.360642810E0,-1.245468616E0,1.619050980E0,7.637108564E-1,2.180773354E0
7.365668331E0,-1.259496689E0,1.655637264E0,5.967456698E-1,2.164156199E0
7.370693852E0,-1.366703868E0,1.672205448E0,4.912078381E-1,2.214821813E0
7.375719372E0,-1.447051525E0,1.711881161E0,4.462577105E-1,2.285528641E0
7.380744893E0,-1.490719795E0,1.769905567E0,3.750573993E-1,2.344243860E0
7.385770414E0,-1.535940170E0,1.798535824E0,3.293867111E-1,2.387957060E0
7.390795935E0,-1.568355322E0,1.817044735E0,3.132069111E-1,2.420638047E0
7.395821456E0,-1.569054365E0,1.801659107E0,2.970588207E-1,2.407519695E0
7.400846977E0,-1.571890712E0,1.795608997E0,3.136675358E-1,2.406956461E0
7.405872497E0,-1.605965614E0,1.799004078E0,3.768481016E-1,2.440810463E0
7.410898018E0,-1.681142807E0,1.792803288E0,4.479148388E-1,2.498201847E0
7.415923539E0,-1.783356309E0,1.805786610E0,5.027506948E-1,2.587273326E0
7.420949060E0,-1.941347718E0,1.809255123E0,4.600313902E-1,2.693299824E0
7.425974581E0,-2.049755573E0,1.812772274E0,4.155644178E-1,2.767731023E0
7.431000102E0,-2.127805471E0,1.849789143E0,3.982292414E-1,2.847430864E0
7.436025622E0,-2.146836281E0,1.896353245E0,3.505781889E-1,2.885821670E0
7.441051143E0,-2.102224827E0,1.947650433E0,2.776043415E-1,2.879193568E0
7.446076664E0,-2.013455868E0,1.965428829E0,2.129212618E-1,2.821745998E0
7.451102185E0,-1.918979049E0,1.944971561E0,1.229702234E-1,2.735053316E0
7.456127706E0,-1.818938375E0,1.924602032E0,6.517148018E-2,2.648938865E0
7.461153227E0,-1.689423800E0,1.918692112E0,7.755267620E-2,2.557644739E0
7.466178747E0,-1.554668188E0,1.922470570E0,4.529714584E-2,2.472840087E0
7.471204268E0,-1.438753605E0,1.878549099E0,1.153993607E-2,2.366240018E0
7.476229789E0,-1.332524180E0,1.815740108E0,-2.370417118E-2,2.252353152E0
7.481255310E0,-1.255306125E0,1.710133076E0,-4.098272324E-2,2.121798338E0
7.486280831E0,-1.183439970E0,1.566632748E0,-5.958735943E-2,1.964285871E0
7.491306352E0,-1.131384850E0,1.366172791E0,-1.560262442E-1,1.780675142E0
7.496331872E0,-1.099069476E0,1.132699966E0,-2.343522310E-1,1.595582619E0
7.501357393E0,-1.076831222E0,8.758010864E-1,-2.945165634E-1,1.418919670E0
7.506382914E0,-1.002487063E0,6.385078430E-1,-3.123860359E-1,1.228925390E0
7.511408435E0,-8.761786222E-1,4.543008804E-1,-2.833195925E-1,1.026814618E0
7.516433956E0,-6.932073832E-1,2.704935074E-1,-2.790095806E-1,7.947009247E-1
7.521459477E0,-4.776879549E-1,1.253595352E-1,-2.850239277E-1,5.702099917E-1
7.526484997E0,-2.727535963E-1,3.800010681E-2,-3.826893568E-1,4.714760611E-1
7.531510518E0,-4.975914955E-2,-2.513980865E-2,-5.813426971E-1,5.840096870E-1
7.536536039E0,2.581150532E-1,-1.454496384E-1,-7.799111605E-1,8.342903549E-1
7.541561560E0,5.551363230E-1,-2.464160919E-1,-9.587723017E-1,1.134963239E0
7.546587081E0,8.838671446E-1,-3.567762375E-1,-1.126782179E0,1.475855173E0
7.551612602E0,1.281699538E0,-4.190740585E-1,-1.187620401E0,1.796891480E0
7.556638122E0,1.676102519E0,-4.619817734E-1,-1.193661809E0,2.108927530E0
7.561663643E0,2.004257917E0,-5.236530304E-1,-1.259770155E0,2.424517094E0
7.566689164E0,2.217988491E0,-5.704898834E-1,-1.357249022E0,2.662152618E0
7.571714685E0,2.288782358E0,-6.215734482E-1,-1.448295474E0,2.778927494E0
7.576740206E0,2.255568504E0,-6.099262238E-1,-1.562347293E0,2.810787850E0
7.581765727E0,2.123968840E0,-5.452232361E-1,-1.666561365E0,2.754258302E0
7.586791247E0,1.971290350E0,-4.706249237E-1,-1.708839417E0,2.650963148E0
7.591816768E0,1.850867867E0,-3.288688660E-1,-1.684573770E0,2.524213814E0
7.596842289E0,1.691308856E0,-1.392412186E-1,-1.541243792E0,2.292454185E0
7.601867810E0,1.540938258E0,7.900142670E-2,-1.346051574E0,2.047580714E0
7.606893331E0,1.400193453E0,2.874879837E-1,-1.137303472E0,1.826650003E0
7.611918852E0,1.245398641E0,5.052709579E-1,-9.529993534E-1,1.647581343E0
7.616944372E0,1.038805008E0,6.652717590E-1,-8.024376631E-1,1.471600680E0
7.621969893E0,8.002261519E-1,8.152408600E-1,-6.948212385E-1,1.337069971E0
7.626995414E0,6.161863804E-1,9.550685883E-1,-5.866208076E-1,1.279048723E0
7.632020935E0,4.632420540E-1,1.089440346E0,-4.872038364E-1,1.280172272E0
7.637046456E0,4.134256840E-1,1.242193222E0,-4.489238262E-1,1.384014956E0
7.642071977E0,3.614776134E-1,1.413260460E0,-4.188624620E-1,1.517701207E0
7.647097497E0,2.837905884E-1,1.530828953E0,-3.682531118E-1,1.599870224E0
7.652123018E0,1.996680498E-1,1.614060879E0,-3.400970697E-1,1.661543219E0
7.657148539E0,1.762086153E-1,1.706014156E0,-2.960926294E-1,1.740461037E0
7.662174060E0,1.751571894E-1,1.782770634E0,-2.364478111E-1,1.806892011E0
7.667199581E0,2.058767080E-1,1.839652538E0,-1.472777128E-1,1.856986108E0
7.672225102E0,2.538937330E-1,1.824142933E0,-7.209491730E-2,1.843137853E0
7.677250622E0,3.332681656E-1,1.836879253E0,-1.144254208E-2,1.866902245E0
7.682276143E0,4.102844000E-1,1.825304508E0,1.514136791E-2,1.870908629E0
7.687301664E0,5.085564852E-1,1.803906918E0,4.547905922E-2,1.874774176E0
7.692327185E0,6.134990454E-1,1.796700001E0,6.001198292E-2,1.899503464E0
7.697352706E0,8.061614633E-1,1.837211132E0,6.330049038E-2,2.007298682E0
7.702378227E0,8.994914293E-1,1.891994476E0,2.650535107E-2,2.095096767E0
7.707403747E0,1.018256545E0,1.965753555E0,7.027745247E-3,2.213838933E0
7.712429268E0,1.148101568E0,2.044093132E0,-2.859127522E-2,2.344626069E0
7.717454789E0,1.294153929E0,2.155578613E0,-2.746713161E-2,2.514380240E0
7.722480310E0,1.566327810E0,2.271392822E0,-2.747917175E-2,2.759232369E0
7.727505831E0,1.696547031E0,2.343657970E0,-7.613265514E-2,2.894270321E0
7.732531352E0,1.642833233E0,2.310008049E0,-1.300294399E-1,2.837595086E0
7.737556872E0,1.621573091E0,2.265955925E0,-1.362998486E-1,2.789737119E0
7.742582393E0,1.442281365E0,2.015189171E0,-1.570857763E-1,2.483110725E0
7.747607914E0,1.201451063E0,1.428602695E0,-1.300339699E-1,1.871175874E0
7.752633435E0,1.066614389E0,5.304040909E-1,1.074999571E-1,1.196056435E0
7.757658956E0,1.065488577E0,-6.835308075E-1,6.306313276E-1,1.414275837E0
7.762684477E0,1.019276500E0,-2.508329391E0,1.448862314E0,3.070804931E0
7.767709997E0,6.434201002E-1,-4.960844040E0,2.416501045E0,5.555487406E0
7.772735518E0,-1.981043816E-1,-7.652114868E0,3.120167732E0,8.266169245E0
7.777761039E0,-1.363398790E0,-1.041942883E1,3.559641123E0,1.109479149E1
7.782786560E0,-2.499499798E0,-1.308166122E1,3.828584671E0,1.385768452E1
7.787812081E0,-2.833570004E0,-1.463979721E1,3.948819637E0,1.542549701E1
7.792837602E0,-2.264874220E0,-1.422912121E1,4.131493568E0,1.498888871E1
7.797863122E0,-2.327610254E0,-1.378356171E1,4.609105110E0,1.471897390E1
7.802888643E0,-2.873289347E0,-1.370944500E1,5.344209194E0,1.499217282E1
7.807914164E0,-3.432541847E0,-1.332692337E1,6.320332050E0,1.514383793E1
7.812939685E0,-3.636114836E0,-1.218610001E1,7.289311886E0,1.465798186E1
7.817965206E0,-3.558656693E0,-9.727818489E0,7.494130611E0,1.278501011E1
7.822990727E0,-3.195899010E0,-6.375080109E0,6.751304626E0,9.820159420E0
7.828016247E0,-2.668009043E0,-3.254003525E0,5.433027744E0,6.872015837E0
7.833041768E0,-2.163611889E0,-6.905479431E-1,3.990431070E0,4.591471768E0
7.838067289E0,-1.652546644E0,1.472964287E0,2.569624662E0,3.391681752E0
7.843092810E0,-1.139556170E0,3.298679352E0,1.221623421E0,3.697598885E0
7.848118331E0,-7.401952744E-1,4.762810230E0,-4.040616751E-2,4.820153835E0
7.853143852E0,-4.073238373E-1,5.750830173E0,-1.107483864E0,5.870645697E0
7.858169372E0,-1.896221638E-1,6.349417686E0,-1.852627993E0,6.616894438E0
7.863194893E0,-4.437327385E-2,6.788623810E0,-2.431824207E0,7.211182371E0
7.868220414E0,-4.826283455E-2,7.183468819E0,-3.030098915E0,7.796541092E0
7.873245935E0,-2.341051102E-1,7.634384632E0,-3.732332945E0,8.501114228E0
7.878271456E0,-5.387270451E-1,8.031218529E0,-4.475212574E0,9.209681073E0
7.883296977E0,-8.609290123E-1,8.321413040E0,-5.114576340E0,9.805406921E0
7.888322497E0,-1.143093586E0,8.318677902E0,-5.401890278E0,9.984361951E0
7.893348018E0,-1.647753716E0,7.942082405E0,-5.366655827E0,9.725880937E0
7.898373539E0,-2.378411293E0,7.043740273E0,-5.038917542E0,8.981191864E0
7.903399060E0,-3.309322357E0,5.738850117E0,-4.558578491E0,8.041557871E0
7.908424581E0,-4.194381714E0,4.161494255E0,-4.017185688E0,7.144834025E0
7.913450102E0,-4.902968884E0,2.469570637E0,-3.496696234E0,6.508822286E0
7.918475622E0,-5.347761154E0,7.872934341E-1,-3.002509356E0,6.183319719E0
7.923501143E0,-5.456593990E0,-7.085628510E-1,-2.534863710E0,6.058218659E0
7.928526664E0,-5.206172943E0,-1.898676872E0,-2.103696823E0,5.927457372E0
7.933552185E0,-4.689016342E0,-2.749769211E0,-1.680235982E0,5.689578009E0
7.938577706E0,-4.031546593E0,-3.290661812E0,-1.316644669E0,5.367995554E0
7.943603227E0,-3.217038631E0,-3.540451050E0,-1.050064206E0,4.897628613E0
7.948628747E0,-2.248243093E0,-3.436793327E0,-9.841999412E-1,4.223126201E0
7.953654268E0,-1.228316069E0,-2.979552269E0,-9.882138968E-1,3.370913644E0
7.958679789E0,-2.311303616E-1,-2.307356834E0,-9.080911875E-1,2.490370737E0
7.963705310E0,6.508446932E-1,-1.472667694E0,-5.862349868E-1,1.713481955E0
7.968730831E0,1.240002990E0,-6.572036743E-1,-2.382794023E-2,1.403599606E0
7.973756352E0,1.536235332E0,-6.644630432E-2,4.616937041E-1,1.605489080E0
7.978781872E0,1.549543262E0,3.142404556E-1,8.641767502E-1,1.801841513E0
7.983807393E0,1.362254381E0,5.519227982E-1,1.397491455E0,2.028136618E0
7.988832914E0,1.089904666E0,6.801528931E-1,2.022125483E0,2.395723608E0
7.993858435E0,8.047803640E-1,7.563791275E-1,2.684212208E0,2.902546467E0
7.998883956E0,5.310442448E-1,7.615194321E-1,3.205895424E0,3.337616710E0
8.003909477E0,2.593657970E-1,6.956405640E-1,3.581782579E0,3.657916464E0
8.008934997E0,-6.712365150E-2,6.113634109E-1,3.834952831E0,3.883958551E0
8.013960518E0,-3.518536091E-1,4.989938736E-1,4.026502609E0,4.072532272E0
8.018986039E0,-5.607795715E-1,4.063072205E-1,4.145761967E0,4.203201348E0
8.024011560E0,-6.313738823E-1,2.710685730E-1,4.129524231E0,4.186296875E0
8.029037081E0,-6.115841866E-1,1.507558823E-1,3.991786957E0,4.041178747E0
8.034062602E0,-5.496430397E-1,3.589439392E-2,3.804183245E0,3.843853020E0
8.039088122E0,-4.842534065E-1,-6.466865540E-3,3.581128836E0,3.613727566E0
8.044113643E0,-4.443995953E-1,-5.288410187E-2,3.308547735E0,3.338678757E0
8.049139164E0,-4.638767242E-1,-4.113101959E-2,3.058631897E0,3.093881455E0
8.054164685E0,-4.899699688E-1,1.429462433E-2,2.779484034E0,2.822376020E0
8.059190206E0,-5.559825897E-1,1.275739670E-1,2.500631809E0,2.564868652E0
8.064215727E0,-6.329164505E-1,2.602310181E-1,2.237336397E0,2.339653301E0
8.069241247E0,-7.153663635E-1,3.881063461E-1,1.980954647E0,2.141624823E0
8.074266768E0,-7.933561802E-1,5.062665939E-1,1.741862178E0,1.979849423E0
8.079292289E0,-8.522391319E-1,6.241722107E-1,1.520845771E0,1.851721995E0
8.084317810E0,-8.583595753E-1,7.321825027E-1,1.323349357E0,1.739001408E0
8.089343331E0,-8.499391079E-1,8.111438751E-1,1.159504890E0,1.650697569E0
8.094368852E0,-8.698804379E-1,8.897466660E-1,9.770303965E-1,1.582064949E0
8.099394372E0,-9.227216244E-1,9.488153458E-1,7.858566642E-1,1.539232423E0
8.104419893E0,-9.697556496E-1,9.643688202E-1,6.052405834E-1,1.495576613E0
8.109445414E0,-1.020458221E0,9.507980347E-1,4.493176639E-1,1.465345777E0
8.114470935E0,-1.060188532E0,9.272003174E-1,2.937591672E-1,1.438747580E0
8.119496456E0,-1.093566656E0,8.983240128E-1,1.381309181E-1,1.421954364E0
8.124521977E0,-1.134733200E0,8.306379318E-1,-1.803706586E-2,1.406379801E0
8.129547497E0,-1.154620409E0,7.001752853E-1,-1.605631113E-1,1.359843459E0
8.134573018E0,-1.143428564E0,5.212850571E-1,-3.182504177E-1,1.296321843E0
8.139598539E0,-1.057840586E0,2.939462662E-1,-4.860130250E-1,1.200683044E0
8.144624060E0,-8.690412045E-1,8.989715576E-2,-6.445034146E-1,1.085678942E0
8.149649581E0,-6.108231544E-1,-1.004018784E-1,-8.315513134E-1,1.036659563E0
8.154675102E0,-2.885427475E-1,-2.433643341E-1,-9.846642017E-1,1.054536252E0
8.159700622E0,9.719371796E-2,-3.245515823E-1,-1.122630358E0,1.172637740E0
8.164726143E0,4.594631195E-1,-3.820829391E-1,-1.240289330E0,1.376739392E0
8.169751664E0,8.120883703E-1,-3.871326447E-1,-1.327931881E0,1.603983256E0
8.174777185E0,1.135423899E0,-3.922052383E-1,-1.390127659E0,1.837244482E0
8.179802706E0,1.429136276E0,-3.637046814E-1,-1.412421584E0,2.041971186E0
8.184828227E0,1.678672791E0,-3.350601196E-1,-1.399587870E0,2.211120491E0
8.189853747E0,1.879060030E0,-3.157358170E-1,-1.384886742E0,2.355518412E0
8.194879268E0,1.982304096E0,-3.008508682E-1,-1.363500237E0,2.424700739E0
8.199904789E0,2.012559652E0,-3.095340729E-1,-1.297063828E0,2.414245694E0
8.204930310E0,1.993932247E0,-3.513383865E-1,-1.233573675E0,2.370845520E0
8.209955831E0,1.940923214E0,-3.832044601E-1,-1.139755487E0,2.283215091E0
8.214981352E0,1.906429768E0,-3.956441879E-1,-1.044483662E0,2.209514630E0
8.220006872E0,1.880850077E0,-4.173765182E-1,-9.575070143E-1,2.151422750E0
8.225032393E0,1.830659270E0,-4.196958542E-1,-9.029268622E-1,2.083922957E0
8.230057914E0,1.770220280E0,-4.074144363E-1,-8.378939629E-1,2.000433117E0
8.235083435E0,1.680475235E0,-3.853569031E-1,-7.673175335E-1,1.887133582E0
8.240108956E0,1.604646325E0,-3.392333984E-1,-7.296181917E-1,1.795079896E0
8.245134477E0,1.518692017E0,-2.929744720E-1,-7.010611296E-1,1.698159648E0
8.250159997E0,1.393988729E0,-2.466115952E-1,-6.866171956E-1,1.573361061E0
8.255185518E0,1.268910408E0,-1.858301163E-1,-6.720940471E-1,1.447887034E0
8.260211039E0,1.138774991E0,-1.154832840E-1,-6.673195362E-1,1.324937822E0
8.265236560E0,9.940121174E-1,-4.995059967E-2,-6.820858121E-1,1.206563801E0
8.270262081E0,8.300284147E-1,2.027606964E-2,-7.117151022E-1,1.093570608E0
8.275287602E0,6.708868742E-1,9.034156799E-2,-7.612725496E-1,1.018718161E0
8.280313122E0,5.261206627E-1,1.602392197E-1,-8.212686181E-1,9.884137303E-1
8.285338643E0,3.910753727E-1,2.251434326E-1,-8.677610755E-1,9.780791361E-1
8.290364164E0,2.466568947E-1,2.898283005E-1,-9.246478081E-1,9.999068139E-1
8.295389685E0,1.312921047E-1,3.542480469E-1,-9.871252775E-1,1.056951091E0
8.300415206E0,1.633000374E-2,4.136295319E-1,-1.050078869E0,1.128725693E0
8.305440727E0,-8.857536316E-2,4.392805099E-1,-1.103741169E0,1.191242011E0
8.310466247E0,-1.736993790E-1,4.599504471E-1,-1.147592425E0,1.248476777E0
8.315491768E0,-2.676100731E-1,4.325914383E-1,-1.181417108E0,1.286272477E0
8.320517289E0,-3.414397240E-1,3.907241821E-1,-1.181112289E0,1.290066941E0
8.325542810E0,-3.808398247E-1,3.487424850E-1,-1.199046969E0,1.305516728E0
8.330568331E0,-3.808608055E-1,3.018064499E-1,-1.192216992E0,1.287448424E0
8.335593852E0,-3.654661179E-1,2.786207199E-1,-1.160640955E0,1.248311826E0
8.340619372E0,-3.251037598E-1,2.647676468E-1,-1.152497292E0,1.226394866E0
8.345644893E0,-2.598562241E-1,2.267732620E-1,-1.124703526E0,1.176396783E0
8.350670414E0,-1.888704300E-1,1.885557175E-1,-1.106138945E0,1.137879019E0
8.355695935E0,-8.831977844E-2,1.692647934E-1,-1.072877288E0,1.089732365E0
8.360721456E0,3.445148468E-3,1.688833237E-1,-1.044118762E0,1.057694396E0
8.365746977E0,1.151871681E-1,1.586446762E-1,-1.010516405E0,1.029358840E0
8.370772497E0,2.323524952E-1,1.386070251E-1,-9.816510677E-1,1.018252625E0
8.375798018E0,3.548650742E-1,1.279239655E-1,-9.479839802E-1,1.020278094E0
8.380823539E0,4.826936722E-1,1.170110703E-1,-9.191802144E-1,1.044785642E0
8.385849060E0,6.158187389E-1,8.199119568E-2,-8.949941397E-1,1.089481430E0
8.390874581E0,7.160056829E-1,6.117725372E-2,-8.751726151E-1,1.132401828E0
8.395900102E0,8.167248964E-1,2.592086792E-2,-8.689261079E-1,1.192788342E0
8.400925622E0,9.228823185E-1,-4.593849182E-3,-8.709629178E-1,1.268979622E0
8.405951143E0,1.015395999E0,-6.407737732E-3,-8.282145262E-1,1.310347051E0
8.410976664E0,1.137265205E0,-8.213996887E-3,-8.123457432E-1,1.397621273E0
8.416002185E0,1.240539551E0,-9.960174561E-3,-7.801118493E-1,1.465473330E0
8.421027706E0,1.377516627E0,-1.632976532E-2,-7.602444291E-1,1.573464430E0
8.426053227E0,1.519402504E0,-1.772022247E-2,-7.335087657E-1,1.687285715E0
8.431078747E0,1.651452184E0,-3.314685822E-2,-7.046806216E-1,1.795819537E0
8.436104268E0,1.763804913E0,-2.905273438E-2,-6.548474431E-1,1.881668676E0
8.441129789E0,1.856079340E0,-3.886795044E-2,-5.748350024E-1,1.943444497E0
8.446155310E0,1.947206974E0,-5.779361725E-2,-4.890890718E-1,2.008522647E0
8.451180831E0,2.012950420E0,-5.714035034E-2,-3.697302341E-1,2.047421515E0
8.456206352E0,2.057917833E0,-6.089687347E-2,-2.510989904E-1,2.074074478E0
8.461231872E0,2.124922991E0,-4.043769836E-2,-1.294821501E-1,2.129248354E0
8.466257393E0,2.218496799E0,-1.502513885E-2,-3.000998497E-2,2.218750640E0
8.471282914E0,2.304658413E0,4.399871826E-2,6.047689915E-2,2.305871580E0
8.476308435E0,2.378012419E0,1.079120636E-1,1.216953993E-1,2.383568301E0
8.481333956E0,2.371141434E0,1.241226196E-1,1.385765076E-1,2.378428383E0
8.486359477E0,2.240828753E0,8.315086365E-2,9.187185764E-2,2.244252215E0
8.491384997E0,2.035396099E0,1.369762421E-2,-8.175134659E-3,2.035458606E0
8.496410518E0,1.769978046E0,-1.082115173E-1,-1.556171179E-1,1.780097948E0
8.501436039E0,1.497793198E0,-2.346982956E-1,-2.965335846E-1,1.544797695E0
8.506461560E0,1.253154993E0,-3.323650360E-1,-4.487944841E-1,1.371962260E0
8.511487081E0,9.984416962E-1,-3.917407990E-1,-5.778895617E-1,1.218319753E0
8.516512602E0,7.914927006E-1,-4.368114471E-1,-6.736037135E-1,1.127389417E0
8.521538122E0,6.182034016E-1,-4.532546997E-1,-7.546305060E-1,1.075677679E0
8.526563643E0,4.597780704E-1,-4.459733963E-1,-8.160602450E-1,1.037421066E0
8.531589164E0,2.924504280E-1,-4.484786987E-1,-8.577293754E-1,1.011118231E0
8.536614685E0,1.021225452E-1,-4.464950562E-1,-8.893291354E-1,1.000346520E0
8.541640206E0,-1.059467793E-1,-4.879455566E-1,-9.585390687E-1,1.080792641E0
8.546665727E0,-2.975435257E-1,-5.872726440E-1,-1.098553419E0,1.280718909E0
8.551691247E0,-4.528992176E-1,-7.348918915E-1,-1.289539337E0,1.551803949E0
8.556716768E0,-5.187933445E-1,-9.976663589E-1,-1.535256147E0,1.903022894E0
8.561742289E0,-5.046784878E-1,-1.360864639E0,-1.829558134E0,2.335366333E0
8.566767810E0,-3.485329151E-1,-1.776203156E0,-2.089765072E0,2.764686401E0
8.571793331E0,-6.513881683E-2,-2.209699631E0,-2.319186687E0,3.204004122E0
8.576818852E0,2.393720150E-1,-2.622577667E0,-2.478508711E0,3.616381895E0
8.581844372E0,4.879243374E-1,-3.043218613E0,-2.586179495E0,4.023378439E0
8.586869893E0,6.941578388E-1,-3.461768150E0,-2.651565790E0,4.415483549E0
8.591895414E0,8.765701056E-1,-3.921120644E0,-2.689181566E0,4.834796764E0
8.596920935E0,1.029763222E0,-4.358987808E0,-2.708977699E0,5.234476782E0
8.601946456E0,1.110307336E0,-4.866366386E0,-2.683036327E0,5.666832283E0
8.606971977E0,1.127452254E0,-5.366855621E0,-2.555212736E0,6.050074377E0
8.611997497E0,1.090474486E0,-5.889531136E0,-2.337240219E0,6.429494805E0
8.617023018E0,1.018364906E0,-6.434885979E0,-2.070199966E0,6.835974879E0
8.622048539E0,1.111593127E0,-6.907771111E0,-1.661937594E0,7.191312645E0
8.627074060E0,1.497887373E0,-7.169932365E0,-1.197967291E0,7.422043003E0
8.632099581E0,2.117304802E0,-6.996753693E0,-8.444706798E-1,7.358714058E0
8.637125102E0,2.427070856E0,-6.546159744E0,-6.984016299E-1,7.016455314E0
8.642150622E0,2.193655491E0,-5.827870369E0,-6.717403531E-1,6.263180706E0
8.647176143E0,1.773864627E0,-4.842357635E0,-6.081999540E-1,5.192776749E0
8.652201664E0,1.313819051E0,-3.666749001E0,-4.669382572E-1,3.922907094E0
8.657227185E0,8.922536373E-1,-2.521590233E0,-2.892512083E-1,2.690390328E0
8.662252706E0,6.539494991E-1,-1.488286972E0,-1.072883606E-1,1.629158940E0
8.667278227E0,5.084214211E-1,-5.810527802E-1,-1.106023788E-2,7.721638450E-1
8.672303747E0,3.119132519E-1,2.195053101E-1,-3.368484974E-2,3.828931012E-1
8.677329268E0,4.501652718E-2,8.562564850E-1,-2.083858252E-1,8.823980439E-1
8.682354789E0,-3.110740185E-1,1.353392124E0,-5.820902586E-1,1.505744452E0
8.687380310E0,-7.224335670E-1,1.759054661E0,-1.162828922E0,2.228980633E0
8.692405831E0,-1.164471626E0,2.135742188E0,-1.933916569E0,3.107639322E0
8.697431352E0,-1.579143047E0,2.488490582E0,-2.811610222E0,4.073257932E0
8.702456872E0,-1.922922134E0,2.808035851E0,-3.683223724E0,5.014861102E0
8.707482393E0,-2.176595211E0,3.104255676E0,-4.527266026E0,5.905091674E0
8.712507914E0,-2.288224936E0,3.377464771E0,-5.236740589E0,6.638274899E0
8.717533435E0,-2.292391539E0,3.594353199E0,-5.796522141E0,7.195422351E0
8.722558956E0,-2.281646490E0,3.788537979E0,-6.216360092E0,7.629027692E0
8.727584477E0,-2.314692497E0,3.921622276E0,-6.501908779E0,7.937993475E0
8.732609997E0,-2.387583256E0,3.945458412E0,-6.525687695E0,7.990731867E0
8.737635518E0,-2.476421118E0,3.850008011E0,-6.356551647E0,7.833324459E0
8.742661039E0,-2.537637711E0,3.639478207E0,-5.929475307E0,7.405679185E0
8.747686560E0,-2.408241510E0,3.337255955E0,-5.156071663E0,6.597119028E0
8.752712081E0,-2.092666864E0,2.918928146E0,-4.139821053E0,5.480649093E0
8.757737602E0,-1.414497375E0,2.370065689E0,-3.036552429E0,4.103494225E0
8.762763122E0,-7.045912743E-1,1.743419170E0,-1.738073468E0,2.560636376E0
8.767788643E0,-4.010820389E-2,1.005743027E0,-4.660697579E-1,1.109210856E0
8.772814164E0,4.353542328E-1,1.764173508E-1,7.542119026E-1,8.885336143E-1
8.777839685E0,4.737774134E-1,-7.205076218E-1,1.764144063E0,1.963619247E0
8.782865206E0,2.824680805E-1,-1.570318222E0,2.669657230E0,3.110105667E0
8.787890727E0,2.023336887E-1,-2.248894691E0,3.562414408E0,4.217731934E0
8.792916247E0,3.337182999E-1,-2.742032051E0,4.423665047E0,5.215258394E0
8.797941768E0,4.365078211E-1,-3.217082024E0,5.234323502E0,6.159407305E0
8.802967289E0,3.758000135E-1,-3.692866325E0,5.975383759E0,7.034465041E0
8.807992810E0,2.415866852E-1,-4.192964554E0,6.699575901E0,7.907188700E0
8.813018331E0,-5.765891075E-2,-4.707490921E0,7.454349041E0,8.816525106E0
8.818043852E0,-4.982326031E-1,-5.126133919E0,8.281625748E0,9.752477106E0
8.823069372E0,-8.217420578E-1,-5.367369652E0,8.997822762E0,1.050926883E1
8.828094893E0,-1.056797266E0,-5.421431541E0,9.414231300E0,1.091496639E1
8.833120414E0,-1.021723032E0,-5.187548637E0,9.552604675E0,1.091818826E1
8.838145935E0,-7.886390686E-1,-4.675021172E0,9.415777206E0,1.054204131E1
8.843171456E0,-4.772937298E-1,-3.840607643E0,8.830104828E0,9.640997233E0
8.848196977E0,1.274013519E-2,-2.832591057E0,7.852643967E0,8.347919003E0
8.853222497E0,4.996893406E-1,-1.837540627E0,6.627303123E0,6.895461673E0
8.858248018E0,8.979858160E-1,-9.655494690E-1,5.332095146E0,5.492713624E0
8.863273539E0,1.184525013E0,-2.310981750E-1,4.083086491E0,4.257710789E0
8.868299060E0,1.355465412E0,3.511590958E-1,2.819992542E0,3.148484895E0
8.873324581E0,1.430833340E0,7.234601974E-1,1.487822652E0,2.187303122E0
8.878350102E0,1.497430801E0,9.475936890E-1,1.327069998E-1,1.777032344E0
8.883375622E0,1.607816100E0,1.094882965E0,-1.103058577E0,2.236197563E0
8.888401143E0,1.823730588E0,1.193582535E0,-2.120329618E0,3.040794340E0
8.893426664E0,2.043695450E0,1.214717865E0,-2.806282759E0,3.677968666E0
8.898452185E0,2.180890083E0,1.158104897E0,-3.034562111E0,3.912295453E0
8.903477706E0,2.139500856E0,1.057166100E0,-2.876462460E0,3.737525968E0
8.908503227E0,1.929659009E0,9.596595764E-1,-2.413705111E0,3.235815624E0
8.913528747E0,1.657615423E0,8.416032791E-1,-1.786142826E0,2.578040179E0
8.918554268E0,1.362487316E0,7.222547531E-1,-1.048222184E0,1.864616143E0
8.923579789E0,1.078472614E0,6.065845490E-1,-2.688986063E-1,1.266236335E0
8.928605310E0,6.628519893E-1,4.804763794E-1,4.302026033E-1,9.248267896E-1
8.933630831E0,1.979776621E-1,3.680601120E-1,9.948831797E-1,1.079099598E0
8.938656352E0,-1.861549616E-1,2.742853165E-1,1.457438946E0,1.494661964E0
8.943681872E0,-4.555854797E-1,2.375154495E-1,1.908097506E0,1.976058655E0
8.948707393E0,-7.488265038E-1,2.291603088E-1,2.403498888E0,2.527857291E0
8.953732914E0,-9.846526384E-1,2.828397751E-1,2.842674971E0,3.021645271E0
8.958758435E0,-1.153709054E0,3.890562057E-1,3.167964458E0,3.393878036E0
8.963783956E0,-1.318520069E0,4.761085510E-1,3.412924290E0,3.689610648E0
8.968809477E0,-1.436436892E0,6.301603317E-1,3.587368011E0,3.915311257E0
8.973834997E0,-1.508124828E0,7.889842987E-1,3.682198048E0,4.056540297E0
8.978860518E0,-1.563145161E0,9.764728546E-1,3.688577175E0,4.123411646E0
8.983886039E0,-1.626091361E0,1.206893921E0,3.588132858E0,4.120129059E0
8.988911560E0,-1.721538544E0,1.394067764E0,3.357702971E0,4.022597311E0
8.993937081E0,-1.868813872E0,1.566649914E0,3.050642014E0,3.905544000E0
8.998962602E0,-2.015079021E0,1.700599194E0,2.763271809E0,3.819457051E0
9.003988122E0,-2.112406015E0,1.838942051E0,2.452747345E0,3.722893576E0
9.009013643E0,-2.141650438E0,1.943343163E0,2.114574432E0,3.582551364E0
9.014039164E0,-2.121973515E0,2.018568039E0,1.763350010E0,3.418595001E0
9.019064685E0,-2.048643589E0,2.069386482E0,1.432749152E0,3.245315254E0
9.024090206E0,-1.902682662E0,2.100625038E0,1.156171083E0,3.060973446E0
9.029115727E0,-1.751532912E0,2.117168427E0,9.908004999E-1,2.920951098E0
9.034141247E0,-1.662325144E0,2.114306450E0,9.267621040E-1,2.844732790E0
9.039166768E0,-1.663928747E0,2.073037148E0,9.253449440E-1,2.814676741E0
9.044192289E0,-1.722781539E0,2.012648582E0,9.860112667E-1,2.826826625E0
9.049217810E0,-1.786137700E0,1.961968422E0,1.055568576E0,2.855491725E0
9.054243331E0,-1.796662927E0,1.887637138E0,1.104819179E0,2.830511801E0
9.059268852E0,-1.792959094E0,1.828101635E0,1.147655010E0,2.806023864E0
9.064294372E0,-1.794389367E0,1.773922443E0,1.121477723E0,2.761221889E0
9.069319893E0,-1.762907267E0,1.734806538E0,1.059412956E0,2.690678644E0
9.074345414E0,-1.736869454E0,1.706035137E0,9.564502239E-1,2.615734777E0
9.079370935E0,-1.716195583E0,1.615859509E0,8.030662537E-1,2.490229837E0
9.084396456E0,-1.710392475E0,1.526546001E0,6.662023067E-1,2.387385731E0
9.089421977E0,-1.700355411E0,1.423736095E0,5.650463104E-1,2.288560754E0
9.094447497E0,-1.657235861E0,1.316957474E0,4.709875584E-1,2.168556424E0
9.099473018E0,-1.561921597E0,1.210923195E0,3.364832401E-1,2.004783038E0
9.104498539E0,-1.414402604E0,1.100759506E0,2.145018578E-1,1.805053258E0
9.109524060E0,-1.305347800E0,9.863595963E-1,1.435742378E-1,1.642392065E0
9.114549581E0,-1.205774665E0,8.627996445E-1,9.539341927E-2,1.485737417E0
9.119575102E0,-1.153593659E0,7.634248734E-1,7.030248642E-2,1.385113103E0
9.124600622E0,-1.038179874E0,6.976299286E-1,1.539230347E-3,1.250802678E0
9.129626143E0,-7.876381874E-1,6.939535141E-1,-4.834485054E-2,1.050848523E0
9.134651664E0,-5.790743828E-1,6.853179932E-1,-2.659916878E-2,8.976053745E-1
9.139677185E0,-4.841431379E-1,6.812505722E-1,-9.685039520E-3,8.358173964E-1
9.144702706E0,-3.927137852E-1,6.816930771E-1,-2.129077911E-2,7.870088092E-1
9.149728227E0,-2.618482113E-1,7.105274200E-1,-4.686665535E-2,7.586897810E-1
9.154753747E0,-1.299751997E-1,7.342605591E-1,-7.685780525E-2,7.496260690E-1
9.159779268E0,-1.185595989E-2,7.481241226E-1,-1.110253334E-1,7.564105309E-1
9.164804789E0,1.306405067E-1,7.282161713E-1,-2.066466808E-1,7.681592184E-1
9.169830310E0,3.403341770E-1,7.081212997E-1,-3.590250015E-1,8.638067370E-1
9.174855831E0,5.883010626E-1,6.974163055E-1,-5.536851883E-1,1.067265164E0
9.179881352E0,7.211765051E-1,6.578674316E-1,-8.192398548E-1,1.274377907E0
9.184906872E0,6.722393632E-1,5.225601196E-1,-1.146104574E0,1.427771177E0
9.189932393E0,6.383464932E-1,4.158430099E-1,-1.381045103E0,1.577243555E0
9.194957914E0,7.628989220E-1,3.520526886E-1,-1.380789995E0,1.616334393E0
9.199983435E0,9.544244409E-1,3.312902451E-1,-1.227326393E0,1.589656980E0
9.205008956E0,1.097607970E0,2.771587372E-1,-1.021731377E0,1.524957451E0
9.210034477E0,1.177898526E0,2.281217575E-1,-9.032764435E-1,1.501796527E0
9.215059997E0,1.171377301E0,1.842575073E-1,-7.956569195E-1,1.427986535E0
9.220085518E0,1.192944407E0,1.265010834E-1,-6.704876423E-1,1.374289839E0
9.225111039E0,1.180323362E0,1.075468063E-1,-5.854527950E-1,1.321924556E0
9.230136560E0,1.157547593E0,9.864997864E-2,-5.501420498E-1,1.285419979E0
9.235162081E0,1.267797947E0,1.237363815E-1,-5.643925667E-1,1.393255646E0
9.240187602E0,1.357566953E0,1.445283890E-1,-7.093417645E-1,1.538519491E0
9.245213122E0,1.378844976E0,1.131753922E-1,-8.792955875E-1,1.639262904E0
9.250238643E0,1.389024377E0,6.794071198E-2,-1.035629630E0,1.733935809E0
9.255264164E0,1.354667306E0,-5.589485168E-3,-1.177990198E0,1.795220226E0
9.260289685E0,1.280738115E0,-8.829879761E-2,-1.277580857E0,1.811159751E0
9.265315206E0,1.172202587E0,-1.802225113E-1,-1.320007443E0,1.774530560E0
9.270340727E0,1.058047771E0,-2.813930511E-1,-1.338822722E0,1.729477788E0
9.275366247E0,9.814124107E-1,-3.582916260E-1,-1.276913404E0,1.649863949E0
9.280391768E0,9.614202976E-1,-4.013652802E-1,-1.220605135E0,1.604774119E0
9.285417289E0,9.789521694E-1,-4.201889038E-1,-1.217992187E0,1.618150497E0
9.290442810E0,1.010040045E0,-3.813219070E-1,-1.230739951E0,1.637164658E0
9.295468331E0,1.126284719E0,-2.514085770E-1,-1.277639985E0,1.721652541E0
9.300493852E0,1.289404869E0,-7.848644257E-2,-1.339100242E0,1.860622072E0
9.305519372E0,1.393812895E0,2.090911865E-1,-1.414631486E0,1.996901538E0
9.310544893E0,1.296949983E0,5.535364151E-1,-1.441462278E0,2.016505720E0
9.315570414E0,1.167578816E0,9.210500717E-1,-1.452782512E0,2.078978247E0
9.320595935E0,1.002138853E0,1.282628059E0,-1.414645910E0,2.156534273E0
9.325621456E0,8.401982784E-1,1.585454464E0,-1.327063799E0,2.231747596E0
9.330646977E0,8.072338104E-1,1.810316563E0,-1.175940633E0,2.304714484E0
9.335672497E0,7.171164751E-1,2.005099297E0,-9.616748095E-1,2.336556797E0
9.340698018E0,6.186909676E-1,2.136335373E0,-7.617521286E-1,2.350951647E0
9.345723539E0,6.367949247E-1,2.237608910E0,-6.056997776E-1,2.404011986E0
9.350749060E0,6.707658768E-1,2.280355453E0,-4.559625387E-1,2.420299505E0
9.355774581E0,6.534231901E-1,2.279095650E0,-1.841810942E-1,2.378058351E0
9.360800102E0,4.648616314E-1,2.090537071E0,1.656341553E-1,2.147993542E0
9.365825622E0,1.242244244E-1,1.628818035E0,4.161380529E-1,1.685719662E0
9.370851143E0,-3.113250732E-1,8.321037292E-1,4.429415464E-1,9.927321547E-1
9.375876664E0,-7.752132416E-1,-2.657413483E-1,4.090155363E-1,9.158972339E-1
9.380902185E0,-1.211091995E0,-1.530398369E0,5.157538652E-1,2.018629495E0
9.385927706E0,-1.649268150E0,-2.942415237E0,8.547252417E-1,3.479719543E0
9.390953227E0,-2.101064682E0,-4.501418114E0,1.378807902E0,5.155419388E0
9.395978747E0,-2.606940508E0,-6.288268089E0,2.075172186E0,7.116515578E0
9.401004268E0,-3.393634558E0,-8.369442940E0,2.998769760E0,9.516141587E0
9.406029789E0,-4.294718266E0,-1.064885426E1,3.941646338E0,1.213998673E1
9.411055310E0,-4.852483749E0,-1.249471378E1,4.585482597E0,1.416654939E1
9.416080831E0,-4.968833447E0,-1.325653839E1,5.017082214E0,1.501986118E1
9.421106352E0,-4.942661285E0,-1.319766426E1,5.606394291E0,1.516706628E1
9.426131872E0,-4.941994667E0,-1.272921658E1,6.225955963E0,1.500729135E1
9.431157393E0,-4.812546253E0,-1.115272522E1,6.379412651E0,1.372008699E1
9.436182914E0,-4.263933182E0,-7.924752235E0,5.746071339E0,1.067708574E1
9.441208435E0,-3.301672697E0,-4.564716339E0,4.273409367E0,7.071046985E0
9.446233956E0,-1.971474409E0,-1.748384476E0,2.500782490E0,3.632832598E0
9.451259477E0,-7.132184505E-1,5.574827194E-1,1.045608282E0,1.383027194E0
9.456284997E0,2.048289776E-1,2.429465771E0,5.682933331E-2,2.438747304E0
9.461310518E0,8.826987743E-1,3.930014610E0,-6.187658310E-1,4.075173998E0
9.466336039E0,1.372222185E0,5.193585396E0,-1.016210318E0,5.467083903E0
9.471361560E0,1.619837284E0,6.110774994E0,-1.186183691E0,6.432143935E0
9.476387081E0,1.572947502E0,6.639147282E0,-1.161327243E0,6.921063606E0
9.481412602E0,1.308681846E0,6.850993156E0,-1.065780520E0,7.055823377E0
9.486438122E0,1.038848281E0,6.913949013E0,-9.380023479E-1,7.054200529E0
9.491463643E0,9.268898964E-1,6.942897797E0,-8.884255886E-1,7.060612914E0
9.496489164E0,8.582923412E-1,6.933093071E0,-9.462146759E-1,7.049806202E0
9.501514685E0,6.375105381E-1,6.961050987E0,-1.073787451E0,7.072175763E0
9.506540206E0,4.138281345E-1,6.930941582E0,-1.324539185E0,7.068494110E0
9.511565727E0,1.541247368E-1,6.766303062E0,-1.709228277E0,6.980549611E0
9.516591247E0,-3.277311325E-1,6.280776978E0,-2.191315413E0,6.660137414E0
9.521616768E0,-1.117026567E0,5.312106609E0,-2.629408598E0,6.031584747E0
9.526642289E0,-1.978174925E0,3.822480679E0,-2.715168715E0,5.088877648E0
9.531667810E0,-2.699348927E0,2.094429016E0,-2.532746792E0,4.252989989E0
9.536693331E0,-3.102168798E0,4.386758804E-1,-2.250862122E0,3.857754278E0
9.541718852E0,-3.200220585E0,-9.778680801E-1,-2.007898092E0,3.902472617E0
9.546744372E0,-2.979093552E0,-2.127063751E0,-1.773303986E0,4.067432312E0
9.551769893E0,-2.444529772E0,-2.999678612E0,-1.564159870E0,4.173774512E0
9.556795414E0,-1.598493338E0,-3.562286377E0,-1.383395910E0,4.142324158E0
9.561820935E0,-4.826047421E-1,-3.833672523E0,-1.239006877E0,4.057719852E0
9.566846456E0,6.888165474E-1,-3.880176544E0,-1.115327954E0,4.095631172E0
9.571871977E0,1.764096618E0,-3.729763031E0,-8.635413647E-1,4.215314085E0
9.576897497E0,2.601853848E0,-3.367425919E0,-4.643876255E-1,4.280754212E0
9.581923018E0,3.057574272E0,-2.783361435E0,1.481522061E-2,4.134740717E0
9.586948539E0,3.146100044E0,-1.925160408E0,3.776207268E-1,3.707665775E0
9.591974060E0,3.074246883E0,-1.013306618E0,7.914397717E-1,3.332290671E0
9.596999581E0,2.781194925E0,-3.016452789E-1,1.155563712E0,3.026774286E0
9.602025102E0,2.335410118E0,1.618919373E-1,1.431480289E0,2.743990750E0
9.607050622E0,1.781498671E0,4.489440918E-1,1.733835578E0,2.526157977E0
9.612076143E0,1.254764080E0,6.932573318E-1,2.090877056E0,2.535114492E0
9.617101664E0,8.992456198E-1,9.138326645E-1,2.430300713E0,2.747743506E0
9.622127185E0,6.862776279E-1,1.072361946E0,2.684298277E0,2.970924833E0
9.627152706E0,5.244550705E-1,1.188152313E0,2.809191704E0,3.094885631E0
9.632178227E0,3.848085403E-1,1.251748085E0,2.837722301E0,3.125318982E0
9.637203747E0,2.285914421E-1,1.268129349E0,2.854929447E0,3.132256094E0
9.642229268E0,3.175759315E-2,1.242175102E0,2.868735075E0,3.126283490E0
9.647254789E0,-1.720657349E-1,1.135637283E0,2.877360106E0,3.098141351E0
9.652280310E0,-4.306423664E-1,9.916191101E-1,2.883845091E0,3.079825290E0
9.657305831E0,-6.911482811E-1,8.196458817E-1,2.862703562E0,3.056890086E0
9.662331352E0,-1.000912905E0,6.482286453E-1,2.822514057E0,3.064084304E0
9.667356872E0,-1.325762272E0,5.057773590E-1,2.710235119E0,3.059220610E0
9.672382393E0,-1.650298357E0,3.727102280E-1,2.535649538E0,3.048264451E0
9.677407914E0,-1.887703180E0,2.582340240E-1,2.308736324E0,2.993387967E0
9.682433435E0,-2.004021645E0,1.954917908E-1,2.030175209E0,2.859358525E0
9.687458956E0,-1.980074167E0,1.603107452E-1,1.677017689E0,2.599765676E0
9.692484477E0,-1.882924318E0,1.429414749E-1,1.226444364E0,2.251666501E0
9.697509997E0,-1.813087225E0,1.337184906E-1,6.418906450E-1,1.928001432E0
9.702535518E0,-1.784636497E0,1.373414993E-1,-3.629505634E-2,1.790281388E0
9.707561039E0,-1.706221342E0,1.872396469E-1,-7.627566457E-1,1.878309787E0
9.712586560E0,-1.577476025E0,2.595224380E-1,-1.554078817E0,2.229561274E0
9.717612081E0,-1.445951223E0,3.495712280E-1,-2.350339651E0,2.781559178E0
9.722637602E0,-1.315983772E0,4.384860992E-1,-3.110788822E0,3.406037352E0
9.727663122E0,-1.158349514E0,5.170173645E-1,-3.789761543E0,3.996420036E0
9.732688643E0,-9.678654671E-1,5.616292953E-1,-4.327569485E0,4.469904772E0
9.737714164E0,-7.489116192E-1,5.248527527E-1,-4.684220314E0,4.772657433E0
9.742739685E0,-5.014321804E-1,4.596624374E-1,-4.835050583E0,4.882667092E0
9.747765206E0,-2.067708969E-1,3.615732193E-1,-4.784811497E0,4.802906459E0
9.752790727E0,9.608459473E-2,2.403173447E-1,-4.539316177E0,4.546688469E0
9.757816247E0,3.821210861E-1,6.251621246E-2,-4.143543243E0,4.161595296E0
9.762841768E0,6.550379992E-1,-1.000404358E-1,-3.657207966E0,3.716753015E0
9.767867289E0,9.044257402E-1,-2.570743561E-1,-3.073462486E0,3.214069819E0
9.772892810E0,1.167858958E0,-3.752841949E-1,-2.457263947E0,2.746430206E0
9.777918331E0,1.425474524E0,-4.070024490E-1,-1.811082363E0,2.340437553E0
9.782943852E0,1.652651310E0,-3.811006546E-1,-1.123061657E0,2.034148851E0
9.787969372E0,1.920729876E0,-3.072881699E-1,-5.005218983E-1,2.008519715E0
9.792994893E0,2.248237610E0,-2.047300339E-1,2.140909433E-2,2.257641488E0
9.798020414E0,2.557782650E0,-8.763599396E-2,4.370048046E-1,2.596325355E0
9.803045935E0,2.734036684E0,-1.798439026E-2,7.893887162E-1,2.845771349E0
9.808071456E0,2.729145765E0,-3.386211395E-2,1.088432074E0,2.938378401E0
9.813096977E0,2.601017714E0,-9.689617157E-2,1.315787315E0,2.916501033E0
9.818122497E0,2.393347740E0,-1.305913925E-1,1.453033447E0,2.802940191E0
9.823148018E0,2.154834032E0,-1.399335861E-1,1.472184896E0,2.613468860E0
9.828173539E0,1.929183245E0,-1.011934280E-1,1.440726042E0,2.409912785E0
9.833199060E0,1.726623297E0,1.884555817E-2,1.377934098E0,2.209136832E0
9.838224581E0,1.604968548E0,1.721343994E-1,1.293555975E0,2.068536041E0
9.843250102E0,1.559518695E0,3.059597015E-1,1.245022535E0,2.018858839E0
9.848275622E0,1.546886325E0,4.012718201E-1,1.232233167E0,2.017987848E0
9.853301143E0,1.538178563E0,4.964027405E-1,1.197718620E0,2.011700491E0
9.858326664E0,1.485237479E0,6.201248169E-1,1.189350605E0,2.001259608E0
9.863352185E0,1.402434587E0,7.149953842E-1,1.192704201E0,1.974989742E0
9.868377706E0,1.251675487E0,7.905569077E-1,1.231704593E0,1.925816178E0
9.873403227E0,1.061985254E0,7.941417694E-1,1.296829939E0,1.854788861E0
9.878428747E0,8.290705681E-1,7.448329926E-1,1.326014757E0,1.732180513E0
9.883454268E0,6.300907135E-1,6.568965912E-1,1.281386137E0,1.571775388E0
9.888479789E0,4.751727581E-1,5.541400909E-1,1.153764248E0,1.365295693E0
9.893505310E0,3.643817902E-1,4.365978241E-1,9.580950737E-1,1.114153454E0
9.898530831E0,2.930562496E-1,3.425502777E-1,7.331750393E-1,8.606789741E-1
9.903556352E0,1.847293377E-1,2.672309875E-1,4.987330437E-1,5.952075082E-1
9.908581872E0,8.741474152E-2,2.297687531E-1,2.791116238E-1,3.719385909E-1
9.913607393E0,-1.309204102E-2,1.918592453E-1,8.412683010E-2,2.099016319E-1
9.918632914E0,-7.840967178E-2,2.204914093E-1,-2.849888802E-2,2.357471629E-1
9.923658435E0,-1.275267601E-1,2.724943161E-1,-1.306238174E-1,3.279920861E-1
9.928683956E0,-1.700899601E-1,2.952508926E-1,-2.175296545E-1,4.042559025E-1
9.933709477E0,-2.395391464E-1,3.126888275E-1,-2.797734737E-1,4.831423208E-1
9.938734997E0,-3.405284882E-1,3.199863434E-1,-3.701293468E-1,5.961095911E-1
9.943760518E0,-4.395463467E-1,3.458433151E-1,-4.742867947E-1,7.333188618E-1
9.948786039E0,-4.793269634E-1,3.758583069E-1,-5.925936699E-1,8.498182525E-1
9.953811560E0,-4.791548252E-1,3.956375122E-1,-7.157855630E-1,9.478751815E-1
9.958837081E0,-4.824659824E-1,4.195766449E-1,-8.297969699E-1,1.047559543E0
9.963862602E0,-5.228900909E-1,3.902597427E-1,-9.684097171E-1,1.167704626E0
9.968888122E0,-5.956680775E-1,3.411674500E-1,-1.122376204E0,1.315653461E0
9.973913643E0,-6.240599155E-1,2.770328522E-1,-1.267775297E0,1.439948674E0
9.978939164E0,-6.319923401E-1,1.931362152E-1,-1.432933807E0,1.577978204E0
9.983964685E0,-6.049554348E-1,7.044601440E-2,-1.597974062E0,1.710103746E0
9.988990206E0,-5.332417488E-1,-1.100301743E-1,-1.738242388E0,1.821521342E0
9.994015727E0,-4.074239731E-1,-3.001861572E-1,-1.843316913E0,1.911523807E0
9.999041247E0,-2.183291912E-1,-5.045232773E-1,-1.926824570E0,2.003712628E0
1.000406677E1,-2.414441109E-2,-7.131423950E-1,-2.021888733E0,2.144105659E0
1.000909229E1,1.219596863E-1,-9.162235260E-1,-2.085194826E0,2.280872021E0
1.001411781E1,2.004082203E-1,-1.108781815E0,-2.092761993E0,2.376807381E0
1.001914333E1,2.348599434E-1,-1.286013603E0,-2.069006443E0,2.447402264E0
1.002416885E1,2.634220123E-1,-1.428904533E0,-1.990872025E0,2.464696887E0
1.002919437E1,3.096542358E-1,-1.571126938E0,-1.874006510E0,2.465000203E0
1.003421989E1,3.635373116E-1,-1.688960075E0,-1.743827581E0,2.454726084E0
1.003924541E1,4.243927002E-1,-1.792112350E0,-1.630440712E0,2.459697696E0
1.004427094E1,4.964389801E-1,-1.861507416E0,-1.525130749E0,2.457170186E0
1.004929646E1,5.408785343E-1,-1.887562752E0,-1.442609787E0,2.436506870E0
1.005432198E1,5.096437931E-1,-1.894175529E0,-1.382833481E0,2.399972118E0
1.005934750E1,3.838191032E-1,-1.881367683E0,-1.350260973E0,2.347353011E0
1.006437302E1,2.307596207E-1,-1.834853172E0,-1.349275351E0,2.289209501E0
1.006939854E1,3.678011894E-2,-1.821764946E0,-1.408129454E0,2.302826275E0
1.007442406E1,-1.975686550E-1,-1.861311913E0,-1.526453733E0,2.415279779E0
1.007944958E1,-3.901810646E-1,-1.967926979E0,-1.631974936E0,2.586178657E0
1.008447510E1,-5.306506157E-1,-2.055488586E0,-1.800246000E0,2.783434761E0
1.008950062E1,-6.177549362E-1,-2.195767403E0,-2.020164967E0,3.046979183E0
1.009452614E1,-6.071083546E-1,-2.455507278E0,-2.284852743E0,3.408613883E0
1.009955166E1,-4.210445881E-1,-2.882064819E0,-2.577582121E0,3.889409436E0
1.010457718E1,-3.530573845E-2,-3.412403107E0,-2.895677805E0,4.475566043E0
1.010960271E1,5.306503773E-1,-3.897171021E0,-3.197901011E0,5.069132338E0
1.011462823E1,1.131959796E0,-4.392631531E0,-3.476909637E0,5.715369224E0
1.011965375E1,1.465595603E0,-4.950278282E0,-3.639968634E0,6.316850259E0
1.012467927E1,1.463763595E0,-5.665162086E0,-3.638612270E0,6.890294956E0
1.012970479E1,1.164665103E0,-6.546762466E0,-3.521214724E0,7.524326995E0
1.013473031E1,7.937645912E-1,-7.423348427E0,-3.288978100E0,8.158035366E0
1.013975583E1,3.948011398E-1,-8.157137871E0,-3.010506630E0,8.703902363E0
1.014478135E1,1.023068428E-1,-8.840374947E0,-2.463768482E0,9.177845663E0
1.014980687E1,2.123470306E-1,-9.475307465E0,-1.150304317E0,9.547237445E0
1.015483239E1,1.118410826E0,-9.126698494E0,-8.301234245E-2,9.195344432E0
1.015985791E1,2.159720421E0,-7.728696823E0,2.150409222E-1,8.027664011E0
1.016488344E1,2.497463226E0,-5.951090813E0,1.475362778E-1,6.455584511E0
1.016990896E1,2.157964706E0,-4.252654076E0,-1.222109795E-2,4.768860211E0
1.017493448E1,1.379705787E0,-2.800339699E0,-2.104828358E-1,3.128864572E0
1.017996000E1,7.312228680E-1,-1.565114975E0,-4.181373119E-1,1.777388697E0
1.018498552E1,3.388495445E-1,-4.270172119E-1,-5.981194973E-1,8.092648801E-1
1.019001104E1,9.337902069E-2,6.285200119E-1,-8.249138594E-1,1.041268420E0
1.019503656E1,-9.571933746E-2,1.630389690E0,-1.154474974E0,2.000036299E0
1.020006208E1,-2.524156570E-1,2.554835796E0,-1.619348288E0,3.035323457E0
1.020508760E1,-4.008331299E-1,3.454640865E0,-2.199538946E0,4.114994809E0
1.021011312E1,-5.701568127E-1,4.196107388E0,-2.822156906E0,5.088906130E0
1.021513864E1,-7.178673744E-1,4.832264900E0,-3.485647202E0,6.001321025E0
1.022016416E1,-8.019542694E-1,5.243965626E0,-4.030513287E0,6.662382719E0
1.022518968E1,-8.620154858E-1,5.584754944E0,-4.417089939E0,7.172394441E0
1.023021521E1,-9.427428246E-1,5.888334274E0,-4.548762321E0,7.500165546E0
1.023524073E1,-1.141041756E0,6.154474258E0,-4.368786812E0,7.633205611E0
1.024026625E1,-1.419615984E0,6.315728188E0,-3.817094326E0,7.514914582E0
1.024529177E1,-1.606879711E0,6.266285896E0,-2.973673820E0,7.119770876E0
1.025031729E1,-1.607581139E0,6.005660057E0,-2.024649858E0,6.538461355E0
1.025534281E1,-1.465139389E0,5.437908649E0,-8.646111488E-1,5.697809785E0
1.026036833E1,-1.394644737E0,4.505663395E0,2.197981775E-1,4.721689084E0
1.026539385E1,-1.280251980E0,3.410003185E0,1.167774558E0,3.825031278E0
1.027041937E1,-1.130658150E0,2.332874298E0,1.924760222E0,3.228837601E0
1.027544489E1,-9.209010601E-1,1.403456688E0,2.404352188E0,2.932346992E0
1.028047041E1,-7.842371464E-1,6.265134811E-1,2.693767548E0,2.874705314E0
1.028549594E1,-8.010416031E-1,-7.462024689E-2,2.843084335E0,2.954719000E0
1.029052146E1,-9.988973141E-1,-7.766695023E-1,2.792980671E0,3.066227713E0
1.029554698E1,-1.362494946E0,-1.551587105E0,2.781108141E0,3.463867421E0
1.030057250E1,-1.795072317E0,-2.447458267E0,2.915083885E0,4.208331100E0
1.030559802E1,-2.291133404E0,-3.421426773E0,3.167644739E0,5.195134900E0
1.031062354E1,-2.811660767E0,-4.406754494E0,3.653844118E0,6.377734572E0
1.031564906E1,-3.375550270E0,-5.264893532E0,4.550088882E0,7.734129063E0
1.032067458E1,-3.839427710E0,-5.943292618E0,5.825549126E0,9.165203483E0
1.032570010E1,-4.265637398E0,-6.336651802E0,7.156678200E0,1.046741904E1
1.033072562E1,-4.544294357E0,-6.363504410E0,8.349002838E0,1.143899681E1
1.033575114E1,-4.489387512E0,-5.985267639E0,9.251073837E0,1.189791562E1
1.034077666E1,-4.025019169E0,-5.249174118E0,9.739220619E0,1.177314854E1
1.034580218E1,-3.142109871E0,-4.053831100E0,9.765376091E0,1.103036587E1
1.035082771E1,-2.008794069E0,-2.551524162E0,9.397785187E0,9.943032514E0
1.035585323E1,-8.701336384E-1,-1.023815155E0,8.721398354E0,8.824291431E0
1.036087875E1,1.914094687E-1,3.241539001E-1,7.760932922E0,7.770057475E0
1.036590427E1,1.036166668E0,1.373115540E0,6.652505875E0,6.871311524E0
1.037092979E1,1.673318982E0,2.147148132E0,5.484501839E0,6.122907964E0
1.037595531E1,2.121860743E0,2.641376019E0,4.335970879E0,5.502708764E0
1.038098083E1,2.491633654E0,2.903406143E0,3.008857727E0,4.867363796E0
1.038600635E1,2.753460169E0,2.870635986E0,1.287187815E0,4.180782981E0
1.039103187E1,3.207873821E0,2.633381367E0,-7.848246098E-1,4.223872813E0
1.039605739E1,3.627925634E0,2.152777672E0,-2.721602917E0,5.020300643E0
1.040108291E1,3.701256752E0,1.466583729E0,-3.995451689E0,5.640372645E0
1.040610844E1,3.418322563E0,6.556911469E-1,-4.420939922E0,5.626683732E0
1.041113396E1,3.000292301E0,-1.270551682E-1,-4.146336079E0,5.119570274E0
1.041615948E1,2.506006718E0,-7.812891006E-1,-3.585635424E0,4.443789342E0
1.042118500E1,2.037698746E0,-1.302290916E0,-2.971933365E0,3.831522639E0
1.042621052E1,1.520178080E0,-1.661233902E0,-2.299495697E0,3.218434391E0
1.043123604E1,1.026448727E0,-1.881849289E0,-1.562579155E0,2.652660429E0
1.043626156E1,5.288619995E-1,-2.006989479E0,-8.169635534E-1,2.230500220E0
1.044128708E1,1.865673065E-2,-2.041209221E0,-4.118621349E-2,2.041709936E0
1.044631260E1,-4.843978882E-1,-2.008253098E0,7.151910067E-1,2.186142720E0
1.045133812E1,-9.271912575E-1,-1.893725395E0,1.451443553E0,2.559798408E0
1.045636364E1,-1.338165879E0,-1.654562950E0,2.171868563E0,3.040605126E0
1.046138916E1,-1.640742898E0,-1.338690758E0,2.795144796E0,3.506702815E0
1.046641468E1,-1.811282396E0,-9.270420074E-1,3.278553009E0,3.858634556E0
1.047144021E1,-1.950242043E0,-4.437637329E-1,3.594220877E0,4.113246162E0
1.047646573E1,-2.024416447E0,5.832195282E-2,3.795875072E0,4.302363416E0
1.048149125E1,-2.034216642E0,6.029367447E-1,3.903950691E0,4.443242180E0
1.048651677E1,-2.003933668E0,1.151620865E0,3.919558525E0,4.550265904E0
1.049154229E1,-2.062984943E0,1.685032368E0,3.805822849E0,4.645377112E0
1.049656781E1,-2.168151140E0,2.164705276E0,3.520985126E0,4.667350915E0
1.050159333E1,-2.256754875E0,2.614348888E0,3.066385746E0,4.618493718E0
1.050661885E1,-2.309264421E0,2.976404190E0,2.481326580E0,4.510949531E0
1.051164437E1,-2.287158251E0,3.279522896E0,1.890928030E0,4.422891826E0
1.051666989E1,-2.171230793E0,3.518919468E0,1.328985691E0,4.343183204E0
1.052169541E1,-2.014338970E0,3.670807362E0,8.526874781E-1,4.273109419E0
1.052672094E1,-1.883940458E0,3.725944042E0,4.945905209E-1,4.204344234E0
1.053174646E1,-1.789682627E0,3.665511608E0,2.536362410E-1,4.086963493E0
1.053677203E1,-1.736544728E0,3.523362637E0,6.648540497E-2,3.928624718E0
1.054179760E1,-1.705337763E0,3.314146996E0,-8.225512505E-2,3.728070962E0
1.054682318E1,-1.638733864E0,3.076405525E0,-1.983098984E-1,3.491281491E0
1.055184875E1,-1.536885023E0,2.815120220E0,-3.541505337E-1,3.226815772E0
1.055687432E1,-1.390618086E0,2.544786930E0,-5.117735863E-1,2.944770175E0
1.056189989E1,-1.233803153E0,2.270234108E0,-6.328327656E-1,2.660208720E0
1.056692547E1,-1.095544338E0,2.001042366E0,-7.936711311E-1,2.415429944E0
1.057195104E1,-9.474951029E-1,1.741965771E0,-9.030346870E-1,2.178913344E0
1.057697661E1,-7.709789276E-1,1.536007404E0,-9.510016441E-1,1.964212662E0
1.058200218E1,-6.426746845E-1,1.340039253E0,-9.231212139E-1,1.749539575E0
1.058702776E1,-5.338646173E-1,1.192333221E0,-8.004338741E-1,1.532111069E0
1.059205333E1,-4.780265093E-1,1.064171791E0,-6.214642525E-1,1.321812680E0
1.059707890E1,-4.795608521E-1,9.890470505E-1,-3.722896576E-1,1.160513795E0
1.060210448E1,-4.948811531E-1,9.334735870E-1,-7.745385170E-2,1.059376889E0
1.060713005E1,-4.948761463E-1,8.927164078E-1,1.906666756E-1,1.038363504E0
1.061215562E1,-4.841675758E-1,8.954668045E-1,3.840897083E-1,1.088027547E0
1.061718120E1,-4.912644625E-1,9.177446365E-1,5.315086842E-1,1.168801725E0
1.062220677E1,-5.065791607E-1,9.307527542E-1,6.380641460E-1,1.236951491E0
1.062723234E1,-5.635552406E-1,9.152574539E-1,7.042605877E-1,1.285018946E0
1.063225791E1,-6.001268625E-1,8.807315826E-1,7.355597019E-1,1.294947276E0
1.063728349E1,-5.684310198E-1,8.605232239E-1,7.230463028E-1,1.259527689E0
1.064230906E1,-4.735438824E-1,8.545169830E-1,6.099326611E-1,1.151720858E0
1.064733463E1,-3.159503937E-1,8.626155853E-1,3.730659485E-1,9.915182808E-1
1.065236021E1,-1.725742817E-1,8.321313858E-1,9.921598434E-2,8.556099213E-1
1.065738578E1,-4.819047451E-2,7.247734070E-1,-1.872742176E-1,7.501269532E-1
1.066241135E1,1.427543163E-2,6.075162888E-1,-4.717485905E-1,7.693026463E-1
1.066743687E1,8.202469349E-2,4.802808762E-1,-7.012970448E-1,8.539410491E-1
1.067246239E1,1.408034563E-1,3.717393875E-1,-8.328683376E-1,9.228680585E-1
1.067748791E1,2.528507710E-1,2.914724350E-1,-9.529105425E-1,1.028070131E0
1.068251344E1,4.131190777E-1,2.108106613E-1,-1.090281844E0,1.184830371E0
1.068753896E1,5.351980925E-1,1.107282639E-1,-1.245236874E0,1.359894341E0
1.069256448E1,6.810010076E-1,1.047801971E-2,-1.465812445E0,1.616316270E0
1.069759000E1,9.506207108E-1,-4.201889038E-2,-1.407783031E0,1.699205222E0
1.070261552E1,2.216894627E0,2.838611603E-1,1.753420830E-1,2.241861679E0
1.070764104E1,2.442318678E0,2.952136993E-1,1.381378174E-1,2.463971126E0
1.071266656E1,1.109281301E0,-9.904098511E-2,-1.549939156E0,1.908566349E0
1.071769208E1,8.243497610E-1,-1.292152405E-1,-1.949262857E0,2.120347800E0
1.072271760E1,1.041287899E0,2.726459503E-2,-1.707199335E0,1.999888351E0
1.072774312E1,1.108773232E0,1.168918610E-1,-1.604722023E0,1.954014984E0
1.073276864E1,1.084586024E0,1.780920029E-1,-1.570480824E0,1.916886440E0
1.073779416E1,1.126819611E0,2.492761612E-1,-1.471139669E0,1.869789551E0
1.074281968E1,1.120799780E0,2.922563553E-1,-1.364725590E0,1.789994933E0
1.074784521E1,1.095461845E0,3.214187622E-1,-1.213167191E0,1.665869535E0
1.075287073E1,1.060382843E0,3.319883347E-1,-9.591040611E-1,1.467824454E0
1.075789625E1,1.072721720E0,3.192453384E-1,-6.935399771E-1,1.316680361E0
1.076292177E1,1.112955809E0,2.832546234E-1,-4.785809517E-1,1.244163792E0
1.076794729E1,1.195058703E0,2.335271835E-1,-3.709129095E-1,1.272900875E0
1.077297281E1,1.290079594E0,2.082481384E-1,-4.033000469E-1,1.367597738E0
1.077799833E1,1.311864495E0,1.355180740E-1,-4.266673326E-1,1.386145236E0
1.078302385E1,1.260706663E0,1.108818054E-1,-4.547760487E-1,1.344803822E0
1.078804937E1,1.151429653E0,7.193851471E-2,-5.636665821E-1,1.284011453E0
1.079307489E1,9.847428203E-1,7.104396820E-2,-7.142063379E-1,1.218546823E0
1.079810041E1,7.996546030E-1,6.007862091E-2,-9.104874134E-1,1.213278309E0
1.080312594E1,5.824364424E-1,8.190917969E-2,-1.099379182E0,1.246826335E0
1.080815146E1,3.529222012E-1,1.411218643E-1,-1.295036793E0,1.349662830E0
1.081317698E1,1.787028313E-1,2.758340836E-1,-1.425776482E0,1.463167017E0
1.081820250E1,-1.902341843E-3,4.189758301E-1,-1.439477563E0,1.499213133E0
1.082322802E1,-1.405224800E-1,5.801248550E-1,-1.327363968E0,1.455399092E0
1.082825354E1,-1.794131994E-1,7.640628815E-1,-1.133209348E0,1.378457329E0
1.083327906E1,-9.942460060E-2,9.373912811E-1,-8.817988634E-1,1.290797002E0
1.083830458E1,1.039988995E-1,1.095479965E0,-6.122200489E-1,1.259247995E0
1.084333010E1,4.111322165E-1,1.272006989E0,-3.203655481E-1,1.374651069E0
1.084835562E1,7.543182373E-1,1.471898556E0,-6.407248974E-2,1.655169673E0
1.085338114E1,1.104261279E0,1.666556835E0,8.951115608E-2,2.001203864E0
1.085840666E1,1.393551111E0,1.846480370E0,1.979572773E-1,2.321779821E0
1.086343218E1,1.631658554E0,2.021237373E0,2.566630840E-1,2.610284677E0
1.086845771E1,1.799503684E0,2.181197166E0,2.563841343E-1,2.839289949E0
1.087348323E1,1.945415497E0,2.292719364E0,2.310247421E-1,3.015721468E0
1.087850875E1,2.021959782E0,2.350943089E0,2.190152407E-1,3.108572412E0
1.088353427E1,2.063170433E0,2.322285175E0,2.491774559E-1,3.116371299E0
1.088855979E1,1.906869650E0,2.134975433E0,2.258580923E-1,2.871460228E0
1.089358531E1,1.529908299E0,1.688554287E0,3.693702221E-1,2.308304431E0
1.089861083E1,1.052194238E0,9.450197220E-1,7.224124670E-1,1.588097844E0
1.090363635E1,4.113765955E-1,-1.715316772E-1,1.216340184E0,1.295429374E0
1.090866187E1,-2.210271358E-1,-1.645772934E0,1.786587715E0,2.439122221E0
1.091368739E1,-8.225083351E-1,-3.462355614E0,2.536550760E0,4.370184906E0
1.091871291E1,-1.547666073E0,-5.611043930E0,3.461626291E0,6.772144479E0
1.092373844E1,-2.460298777E0,-8.053128242E0,4.320082664E0,9.464093131E0
1.092876396E1,-3.494912386E0,-1.065918827E1,5.125007629E0,1.233281843E1
1.093378948E1,-4.337936401E0,-1.304141903E1,5.831876755E0,1.493007331E1
1.093881500E1,-4.662410736E0,-1.451564598E1,6.280918121E0,1.648914748E1
1.094384052E1,-4.543852806E0,-1.473287678E1,6.645518303E0,1.678890020E1
1.094886604E1,-4.186211109E0,-1.399476433E1,7.086580276E0,1.623568330E1
1.095389156E1,-3.963844538E0,-1.233966255E1,7.441306114E0,1.494497816E1
1.095891708E1,-3.802534580E0,-9.232881546E0,7.425742149E0,1.244375415E1
1.096394260E1,-3.534441710E0,-5.753443718E0,6.878620625E0,9.638973727E0
1.096896812E1,-3.130593300E0,-2.879162788E0,5.944249630E0,7.309192598E0
1.097399364E1,-2.749803543E0,-7.161197662E-1,4.754743576E0,5.539118479E0
1.097901916E1,-2.198793888E0,1.008111954E0,3.514706612E0,4.266631791E0
1.098404468E1,-1.506021023E0,2.370138645E0,2.513980865E0,3.769052442E0
1.098907021E1,-6.532943249E-1,3.442184925E0,1.754181981E0,3.918237481E0
1.099409573E1,2.045354843E-1,4.382880688E0,1.192500114E0,4.546815854E0
1.099912125E1,7.931855917E-1,5.192930222E0,7.613676786E-1,5.308045630E0
1.100414677E1,1.131081343E0,5.868108749E0,3.782599270E-1,5.988081986E0
1.100917229E1,1.299484372E0,6.480514050E0,-1.420319080E-3,6.609517683E0
1.101419781E1,1.298485637E0,7.020762444E0,-4.750594497E-1,7.155616795E0
1.101922333E1,1.171617389E0,7.484108448E0,-1.226104498E0,7.673845112E0
1.102424885E1,8.235340118E-1,7.956662178E0,-2.509552956E0,8.383587378E0
1.102927437E1,3.506183624E-2,8.242058754E0,-4.579265118E0,9.428808560E0
1.103429989E1,-1.292694569E0,8.029173851E0,-7.208234310E0,1.086725972E1
1.103932541E1,-2.745828152E0,6.796587944E0,-9.325789452E0,1.186185183E1
1.104435094E1,-3.628417730E0,4.745693684E0,-1.012479496E1,1.175578567E1
1.104937646E1,-4.029570580E0,2.603799343E0,-9.966314316E0,1.106095073E1
1.105440198E1,-4.157843590E0,6.908969879E-1,-9.388883591E0,1.029155659E1
1.105942750E1,-4.026094437E0,-9.697198868E-1,-8.529361725E0,9.481550744E0
1.106445302E1,-3.562406540E0,-2.402271271E0,-7.539330482E0,8.677738861E0
1.106947854E1,-2.796131849E0,-3.587752342E0,-6.652122498E0,8.058601238E0
1.107450406E1,-1.748466492E0,-4.425536156E0,-5.891156673E0,7.572861565E0
1.107952958E1,-5.372071266E-1,-4.877053261E0,-5.227442741E0,7.169407062E0
1.108455510E1,8.102154732E-1,-4.941845894E0,-4.613070965E0,6.808723352E0
1.108958062E1,2.141694069E0,-4.676722527E0,-4.044091225E0,6.543184310E0
1.109460614E1,3.401119471E0,-4.109742165E0,-3.364153624E0,6.306752248E0
1.109963166E1,4.566735744E0,-3.235657692E0,-2.479888678E0,6.121634088E0
1.110465718E1,5.698650360E0,-2.207180023E0,-1.250424147E0,6.237773652E0
1.110968271E1,6.307642937E0,-1.243988991E0,4.168428481E-1,6.442641227E0
1.111470823E1,6.461428165E0,-6.185874939E-1,2.098034382E0,6.821616575E0
1.111973375E1,6.247553825E0,-1.347208023E-1,3.241219759E0,7.039572716E0
1.112475927E1,5.729701996E0,2.170486450E-1,3.855482340E0,6.909510775E0
1.112978479E1,4.981619835E0,4.076795578E-1,4.094054699E0,6.460961436E0
1.113481031E1,4.105652332E0,4.607629776E-1,4.253554344E0,5.929705571E0
1.113983583E1,3.419230461E0,5.098619461E-1,4.414900303E0,5.607355958E0
1.114486135E1,2.937057734E0,5.213365555E-1,4.601491451E0,5.483778215E0
1.114988687E1,2.558647156E0,4.521560669E-1,4.760156631E0,5.423118248E0
1.115491239E1,2.331400871E0,3.216800690E-1,4.923676014E0,5.457242305E0
1.115993791E1,2.053769588E0,2.306060791E-1,5.053093910E0,5.459387031E0
1.116496344E1,1.711270809E0,2.172298431E-1,5.138155460E0,5.419988757E0
1.116998896E1,1.380218267E0,2.337188721E-1,5.192751408E0,5.378131103E0
1.117501448E1,1.074871778E0,2.704830170E-1,5.096674442E0,5.215802985E0
1.118004000E1,8.045172691E-1,3.418760300E-1,4.873652458E0,4.951425607E0
1.118506552E1,5.499484539E-1,4.191036224E-1,4.633434296E0,4.684741671E0
1.119009104E1,2.632949352E-1,4.829425812E-1,4.452083111E0,4.485933770E0
1.119511656E1,-6.957435608E-2,5.093173981E-1,4.281359196E0,4.312108691E0
1.120014208E1,-4.529004097E-1,4.836282730E-1,4.106646061E0,4.159754435E0
1.120516760E1,-9.191961288E-1,4.341964722E-1,3.913746595E0,4.043619729E0
1.121019312E1,-1.333325863E0,4.131536484E-1,3.683917522E0,3.939505312E0
1.121521864E1,-1.641445398E0,4.438390732E-1,3.326834917E0,3.736196821E0
1.122024416E1,-1.871707678E0,5.354194641E-1,2.843648195E0,3.446200617E0
1.122526968E1,-1.999776125E0,6.493110657E-1,2.259618998E0,3.086517038E0
1.123029521E1,-2.145101786E0,7.279520035E-1,1.599760056E0,2.773194552E0
1.123532073E1,-2.355254173E0,7.951822281E-1,8.459056020E-1,2.625850964E0
1.124034625E1,-2.658567429E0,8.222398758E-1,1.837700605E-2,2.782875653E0
1.124537177E1,-3.054473639E0,8.138723373E-1,-8.626288772E-1,3.276633329E0
1.125039729E1,-3.509028912E0,7.701272964E-1,-1.838834763E0,4.035801437E0
1.125542281E1,-3.963966131E0,6.910028458E-1,-2.851407766E0,4.931636511E0
1.126044833E1,-4.366103649E0,6.053791046E-1,-3.816974640E0,5.830835304E0
1.126547385E1,-4.657378197E0,5.565080643E-1,-4.699823380E0,6.639970835E0
1.127049937E1,-4.794249535E0,5.446472168E-1,-5.406858921E0,7.246764284E0
1.127552489E1,-4.781299114E0,5.605955124E-1,-5.916859627E0,7.627864471E0
1.128055041E1,-4.513033867E0,6.333618164E-1,-6.170884609E0,7.671273606E0
1.128557594E1,-4.033011436E0,7.154474258E-1,-6.129917145E0,7.372443996E0
1.129060146E1,-3.351407290E0,8.071346283E-1,-5.813055515E0,6.758329050E0
1.129562698E1,-2.636467695E0,8.463945389E-1,-5.278683662E0,5.960859572E0
1.130065250E1,-2.032386303E0,7.901754379E-1,-4.639007568E0,5.125949915E0
1.130567802E1,-1.324653149E0,7.340764999E-1,-3.906307220E0,4.189607425E0
1.131070354E1,-4.858901501E-1,6.253175735E-1,-3.227238655E0,3.322977677E0
1.131572906E1,2.289187908E-1,4.686622620E-1,-2.595018864E0,2.646917269E0
1.132075458E1,8.138667345E-1,3.215017319E-1,-1.954840422E0,2.141761775E0
1.132578010E1,1.340164065E0,1.214742661E-1,-1.400105000E0,1.941929383E0
1.133080562E1,1.869282126E0,-5.488681793E-2,-8.894821405E-1,2.070846858E0
1.133583114E1,2.352825642E0,-1.933135986E-1,-4.338975549E-1,2.400297010E0
1.134085666E1,2.756906986E0,-3.129796982E-1,-8.663010597E-2,2.775967795E0
1.134588218E1,3.004788637E0,-4.138784409E-1,1.140519381E-1,3.035301956E0
1.135090771E1,3.130337715E0,-5.008440018E-1,1.401501894E-1,3.173247706E0
1.135593323E1,3.181839466E0,-5.691099167E-1,5.980658531E-2,3.232888076E0
1.136095875E1,3.188506126E0,-5.851564407E-1,-9.657812119E-2,3.243193906E0
1.136598427E1,3.189055920E0,-5.393962860E-1,-3.656589985E-1,3.254955071E0
1.137100979E1,3.141091108E0,-4.844684601E-1,-6.692572236E-1,3.247932923E0
1.137603531E1,3.107186556E0,-3.820009232E-1,-9.916654229E-1,3.283889966E0
1.138106083E1,3.049459696E0,-2.606630325E-1,-1.245723963E0,3.304387666E0
1.138608635E1,3.020979643E0,-1.299982071E-1,-1.502473354E0,3.376483928E0
1.139111187E1,3.031388283E0,4.920959473E-4,-1.732803822E0,3.491693607E0
1.139613739E1,3.032585382E0,1.405210495E-1,-1.984328866E0,3.626827996E0
1.140116291E1,3.038559437E0,2.710714340E-1,-2.209278584E0,3.766594620E0
1.140618844E1,3.034425974E0,3.780155182E-1,-2.388486147E0,3.880142110E0
1.141121396E1,2.962490559E0,4.471149445E-1,-2.522230625E0,3.916364310E0
1.141623948E1,2.832104206E0,5.359354019E-1,-2.591407061E0,3.876007165E0
1.142126500E1,2.676914692E0,6.013450623E-1,-2.634637833E0,3.803788199E0
1.142629052E1,2.458712101E0,6.098785400E-1,-2.652124643E0,3.667558064E0
1.143131604E1,2.216003418E0,6.044902802E-1,-2.639670610E0,3.499134261E0
1.143634156E1,1.972878933E0,5.420370102E-1,-2.616818428E0,3.321715534E0
1.144136708E1,1.753360987E0,4.559631348E-1,-2.583917379E0,3.155757620E0
1.144639260E1,1.538254142E0,3.367481232E-1,-2.550556421E0,2.997492813E0
1.145141812E1,1.322832942E0,1.988697052E-1,-2.492403507E0,2.828694292E0
1.145644364E1,1.136106372E0,3.283405304E-2,-2.375459194E0,2.633367074E0
1.146146916E1,1.030733347E0,-9.904766083E-2,-2.194530487E0,2.426558413E0
1.146649468E1,9.493908882E-1,-2.207221985E-1,-1.973431587E0,2.201021031E0
1.147152021E1,9.113041162E-1,-3.465070724E-1,-1.754977703E0,2.007607801E0
1.147654573E1,8.543549776E-1,-4.142637253E-1,-1.529688597E0,1.800412193E0
1.148157125E1,8.169360161E-1,-4.671325684E-1,-1.321484804E0,1.622319136E0
1.148659677E1,7.990269661E-1,-5.003910065E-1,-1.135332823E0,1.475742481E0
1.149162229E1,7.814788818E-1,-4.901762009E-1,-9.521820545E-1,1.325757374E0
1.149664781E1,7.546002865E-1,-4.509315491E-1,-7.819354534E-1,1.176513454E0
1.150167333E1,7.421858311E-1,-3.828048706E-1,-6.060509682E-1,1.031831940E0
1.150669885E1,7.246940136E-1,-3.289403915E-1,-4.300601482E-1,9.046186631E-1
1.151172437E1,7.113265991E-1,-2.942085266E-1,-2.739622593E-1,8.170676271E-1
1.151674989E1,6.921701431E-1,-2.213373184E-1,-1.625924110E-1,7.446650305E-1
1.152177541E1,6.285953522E-1,-1.104297638E-1,-1.395969391E-1,6.533101522E-1
1.152680094E1,5.017640591E-1,-5.733299255E-2,-2.529566288E-1,5.648374094E-1
1.153182646E1,3.558964729E-1,-2.246818542E-1,-5.828464031E-1,7.189257018E-1
1.153685198E1,3.593230247E-1,-6.406002045E-1,-1.074148178E0,1.301259377E0
1.154187750E1,6.319365501E-1,-1.251550674E0,-1.618541956E0,2.141354935E0
1.154690302E1,1.110085726E0,-1.927040100E0,-2.151005507E0,3.093961628E0
1.155192854E1,1.600339651E0,-2.751843452E0,-2.683594227E0,4.163581074E0
1.155695406E1,1.885258913E0,-3.858461380E0,-3.147356987E0,5.324263460E0
1.156197958E1,1.934538960E0,-5.365101814E0,-3.468778610E0,6.675266550E0
1.156700510E1,1.799540758E0,-7.160508156E0,-3.588910341E0,8.209232694E0
1.157203062E1,1.436634183E0,-9.201035500E0,-3.487725258E0,9.944204318E0
1.157705614E1,8.933581114E-1,-1.128091145E1,-3.102964878E0,1.173394404E1
1.158208166E1,3.133232594E-1,-1.323812675E1,-2.401979685E0,1.345792249E1
1.158710718E1,-3.798313141E-1,-1.498770332E1,-1.582485676E0,1.507580126E1
1.159213271E1,-1.347398996E0,-1.622035599E1,-5.361437798E-1,1.628505089E1
1.159715823E1,-2.581636667E0,-1.672825050E1,1.116288900E0,1.696305732E1
1.160218375E1,-4.078015327E0,-1.624216461E1,3.129760265E0,1.703624136E1
1.160720927E1,-5.463291645E0,-1.469864559E1,5.167964935E0,1.651077222E1
1.161223479E1,-6.145605087E0,-1.226796722E1,6.933260441E0,1.537340502E1
1.161726031E1,-6.310791969E0,-9.420495033E0,8.071657181E0,1.391845795E1
1.162228583E1,-6.155861855E0,-6.696883202E0,8.432465553E0,1.240360250E1
1.162731135E1,-5.606331348E0,-4.172695160E0,8.058268547E0,1.066667840E1
1.163233687E1,-4.942647934E0,-2.013960838E0,7.265839577E0,9.015444061E0
1.163736239E1,-4.415788651E0,-2.096748352E-1,6.343994617E0,7.732361906E0
1.164238791E1,-3.855289221E0,1.337061882E0,5.456930161E0,6.813888481E0
1.164741344E1,-3.401373625E0,2.722795010E0,4.543440342E0,6.294903124E0
1.165243896E1,-3.188882351E0,3.986375809E0,3.551767349E0,6.218939945E0
1.165746448E1,-3.055489779E0,5.113836288E0,2.602470636E0,6.500784013E0
1.166249000E1,-2.882034779E0,6.110284805E0,1.576740980E0,6.937421494E0
1.166751552E1,-2.769917488E0,7.090826988E0,2.453660965E-1,7.616592072E0
1.167254104E1,-2.815809488E0,8.050812721E0,-1.821931958E0,8.721456565E0
1.167756656E1,-2.886561871E0,8.947460175E0,-4.928806305E0,1.061519734E1
1.168259208E1,-3.001411915E0,9.637968063E0,-8.914947510E0,1.346756069E1
1.168761760E1,-3.015471458E0,1.014763355E1,-1.309287453E1,1.683718795E1
1.169264312E1,-2.868389130E0,1.007123947E1,-1.397706413E1,1.746470276E1
1.169766864E1,-2.632364750E0,9.519466400E0,-1.210976219E1,1.562676950E1
1.170269416E1,-2.365528584E0,8.812438965E0,-9.420702934E0,1.311504669E1
1.170771968E1,-2.074430943E0,8.106896400E0,-6.912936687E0,1.085420318E1
1.171274521E1,-1.800340891E0,7.434978485E0,-4.657506943E0,8.956143328E0
1.171777073E1,-1.542540669E0,6.685444355E0,-2.596959352E0,7.336129485E0
1.172279625E1,-1.363129020E0,5.838294029E0,-8.840410709E-1,6.060142450E0
1.172782177E1,-1.205296278E0,4.955185890E0,9.943078756E-1,5.195695764E0
1.173284729E1,2.076032639E0,4.423347950E0,5.340521336E0,7.238583200E0
1.173787281E1,2.455716848E0,4.123461723E0,5.033076286E0,6.954519302E0
1.174289833E1,7.187925577E-1,3.228197098E0,2.940429926E0,4.425386694E0
1.174792385E1,6.582098007E-1,2.188109398E0,3.181838274E0,3.917289583E0
1.175294937E1,6.766619682E-1,9.655981064E-1,3.785206556E0,3.964598315E0
1.175797489E1,3.026741743E-1,-3.047533035E-1,4.699123383E0,4.718712409E0
1.176300041E1,-8.621592522E-1,-1.694417000E0,5.594634533E0,5.908832634E0
1.176802594E1,-2.774511576E0,-3.265542030E0,5.348321915E0,6.853190975E0
1.177305146E1,-3.711673975E0,-4.807789803E0,5.424405575E0,8.143435536E0
1.177807698E1,-4.009987831E0,-6.062994003E0,5.844526291E0,9.327292547E0
1.178310250E1,-4.187042236E0,-7.102983475E0,6.657294750E0,1.059732373E1
1.178812802E1,-4.271442413E0,-7.764807701E0,7.115759850E0,1.136536393E1
1.179315354E1,-4.774878979E0,-8.526201248E0,6.643695831E0,1.181669460E1
1.179817906E1,-4.712555885E0,-8.108991623E0,6.983301163E0,1.169317849E1
1.180320458E1,-3.669674635E0,-6.317466736E0,7.339691162E0,1.035605930E1
1.180823010E1,-2.322205067E0,-4.180738449E0,7.188496590E0,8.633984803E0
1.181325562E1,-1.122622252E0,-2.239290237E0,6.745336533E0,7.195433720E0
1.181828114E1,-1.934494972E-1,-6.506986618E-1,6.197711468E0,6.234778175E0
1.182330666E1,3.820019960E-1,5.660190582E-1,5.646424770E0,5.687566772E0
1.182833218E1,9.040514231E-1,1.501751423E0,5.124089241E0,5.415612326E0
1.183335771E1,1.443859935E0,2.180224419E0,4.461701393E0,5.171546127E0
1.183838323E1,2.134478092E0,2.606098652E0,3.346798658E0,4.748558536E0
1.184340875E1,2.969825268E0,2.793525696E0,1.707491636E0,4.420313973E0
1.184843427E1,3.851873159E0,2.689671040E0,-2.531070709E-1,4.704818841E0
1.185345979E1,4.491070747E0,2.323019505E0,-1.852231026E0,5.384876586E0
1.185848531E1,4.651469231E0,1.655178547E0,-2.571851730E0,5.566884528E0
1.186351083E1,4.146914959E0,9.301137924E-1,-2.391180038E0,4.876449253E0
1.186853635E1,3.343316078E0,2.432603836E-1,-1.833815336E0,3.820970649E0
1.187356187E1,2.592382669E0,-3.003253937E-1,-1.277062535E0,2.905431460E0
1.187858739E1,2.025150776E0,-7.389535904E-1,-7.831339836E-1,2.293596937E0
1.188361291E1,1.628432989E0,-1.048498154E0,-2.420386076E-1,1.951851702E0
1.188863844E1,1.364615202E0,-1.257278442E0,3.367656469E-1,1.885824709E0
1.189366396E1,1.057191014E0,-1.407909393E0,9.254796505E-1,1.989063670E0
1.189868948E1,7.022100687E-1,-1.418775558E0,1.535679579E0,2.205523710E0
1.190371500E1,3.625376225E-1,-1.361514091E0,2.127322674E0,2.551598696E0
1.190874052E1,3.400254250E-2,-1.197826385E0,2.689938784E0,2.944777561E0
1.191376604E1,-2.210540771E-1,-9.182310104E-1,3.170839548E0,3.308509715E0
1.191879156E1,-4.121859074E-1,-6.091003418E-1,3.475317001E0,3.552284998E0
1.192381708E1,-4.059947729E-1,-2.466926575E-1,3.666983366E0,3.697628433E0
1.192884260E1,-4.615492821E-1,1.209297180E-1,3.675707340E0,3.706545047E0
1.193386812E1,-6.839033365E-1,5.173377991E-1,3.445910454E0,3.551008452E0
1.193889364E1,-9.098358154E-1,8.607702255E-1,3.056148767E0,3.302843000E0
1.194391916E1,-1.067028642E0,1.203499794E0,2.613396168E0,3.068680727E0
1.194894468E1,-1.135699749E0,1.545207500E0,2.195278406E0,2.914914651E0
1.195397021E1,-1.082126975E0,1.880941868E0,1.773784161E0,2.802722132E0
1.195899573E1,-9.779945612E-1,2.196252823E0,1.373389125E0,2.768789900E0
1.196402125E1,-9.043892622E-1,2.438468456E0,1.042274714E0,2.801853838E0
1.196904677E1,-8.229415417E-1,2.598089695E0,7.614591122E-1,2.829685994E0
1.197407229E1,-7.145411968E-1,2.718276501E0,5.118141174E-1,2.856842654E0
1.197909781E1,-6.797375679E-1,2.765613079E0,3.125692606E-1,2.865023282E0
1.198412333E1,-6.227402687E-1,2.697177410E0,1.395999193E-1,2.771652857E0
1.198914885E1,-5.724815130E-1,2.556220531E0,2.626013756E-2,2.619673278E0
1.199417437E1,-5.721157789E-1,2.376443863E0,-5.207729340E-2,2.444895487E0
1.199919989E1,-5.833480358E-1,2.148419380E0,-1.963727474E-1,2.234851901E0
1.200422541E1,-5.775367022E-1,1.920142174E0,-3.593204021E-1,2.037058114E0
1.200925094E1,-4.974892139E-1,1.730000973E0,-5.319312811E-1,1.877058809E0
1.201427646E1,-3.483067751E-1,1.558922291E0,-7.480729818E-1,1.763850760E0
1.201930198E1,-2.356861830E-1,1.368737221E0,-9.697158337E-1,1.693912145E0
1.202432750E1,-2.029124498E-1,1.202539444E0,-1.158481240E0,1.682068180E0
1.202935302E1,-1.685569286E-1,1.022016525E0,-1.242628813E0,1.617731616E0
1.203437854E1,-1.425386667E-1,8.654594421E-1,-1.293745875E0,1.563046931E0
1.203940406E1,-1.966003180E-1,6.849470139E-1,-1.297169089E0,1.480017481E0
1.204442958E1,-2.922374010E-1,5.091114044E-1,-1.333909154E0,1.457364317E0
1.204945510E1,-3.479921818E-1,3.761501312E-1,-1.351177096E0,1.445083743E0
1.205448062E1,-2.731436491E-1,2.716636658E-1,-1.310683250E0,1.366125610E0
1.205950614E1,-8.754062653E-2,2.435379028E-1,-1.250736356E0,1.277229620E0
1.206453166E1,7.435905933E-2,2.391576767E-1,-1.180979252E0,1.207243827E0
1.206955718E1,2.407673597E-1,2.586135864E-1,-1.077603936E0,1.134054739E0
1.207458271E1,4.303225279E-1,3.067760468E-1,-9.503285885E-1,1.087388361E0
1.207960823E1,5.468696356E-1,3.645868301E-1,-7.417907715E-1,9.910819864E-1
1.208463375E1,6.284085512E-1,4.225521088E-1,-5.142831802E-1,9.153877765E-1
1.208965927E1,6.602605581E-1,4.473371506E-1,-3.111662865E-1,8.560835174E-1
1.209468479E1,6.712263823E-1,4.820451736E-1,-1.994911432E-1,8.501230040E-1
1.209971031E1,6.610776186E-1,4.980678558E-1,-1.363101006E-1,8.388537717E-1
1.210473583E1,6.919087172E-1,5.146274567E-1,-8.829772472E-2,8.668192316E-1
1.210976135E1,6.582292318E-1,5.031204224E-1,1.165142059E-1,8.366429592E-1
1.211478687E1,6.889723539E-1,4.828166962E-1,2.529168129E-1,8.784997330E-1
1.211981239E1,6.787503958E-1,4.681148529E-1,-1.864981651E-2,8.247311264E-1
1.212483791E1,6.898237467E-1,4.780988693E-1,-4.248899221E-1,9.407267277E-1
1.212986344E1,6.027777195E-1,4.935178757E-1,-9.318503141E-1,1.214597003E0
1.213488896E1,2.652556896E-1,5.381183624E-1,-9.461687803E-1,1.120342498E0
1.213991448E1,-5.472087860E-2,6.599464417E-1,1.768213034E0,1.888147508E0
1.214494000E1,-6.011755466E-1,7.060642242E-1,8.269231319E-1,1.242473578E0
1.214996552E1,-5.789535046E-1,8.195724487E-1,-5.789084435E-1,1.158456363E0
1.215499104E1,-1.372289658E-1,8.423719406E-1,-1.643740296E0,1.852108106E0
1.216001656E1,2.308475971E-1,7.265167236E-1,-3.409005642E0,3.493198624E0
1.216504208E1,5.880333185E-1,5.578002930E-1,-5.292761326E0,5.354460459E0
1.217006760E1,3.431400061E-1,2.111501694E-1,-7.665123940E0,7.675705470E0
1.217509312E1,-4.101300240E-2,-1.276435852E-1,-7.840435028E0,7.841581242E0
1.218011864E1,-1.559994221E-1,-3.633089066E-1,-6.491101742E0,6.503132399E0
1.218514416E1,-1.067695618E-1,-4.911699295E-1,-4.944996834E0,4.970476972E0
1.219016968E1,1.014529467E-1,-5.254650116E-1,-3.495685101E0,3.536413508E0
1.219519521E1,4.150830507E-1,-4.468240738E-1,-2.149383545E0,2.234232601E0
1.220022073E1,8.613966703E-1,-3.074865341E-1,-9.076873064E-1,1.288583889E0
1.220524625E1,1.725232601E0,-2.074813843E-2,1.361154556E0,2.197635033E0
1.221027177E1,4.280487061E0,9.465255737E-1,7.960472584E0,9.087772218E0
1.221529729E1,3.409078121E0,5.669784546E-1,3.760881662E0,5.107593277E0
1.222032281E1,2.640135765E0,4.381895065E-1,1.656888962E0,3.147635292E0
1.222534833E1,2.606967688E0,5.831718445E-1,1.966946483E0,3.317415921E0
1.223037385E1,2.682582855E0,7.146530151E-1,2.564090729E0,3.779092612E0
1.223539937E1,2.670943260E0,8.614025116E-1,2.983564854E0,4.096048269E0
1.224042489E1,2.668110371E0,1.032950401E0,3.057898045E0,4.187665213E0
1.224545041E1,2.683947086E0,1.195678711E0,2.763787746E0,4.033824767E0
1.225047594E1,2.642294407E0,1.368535519E0,2.360463142E0,3.798209505E0
1.225550146E1,2.543619633E0,1.503424168E0,1.954152107E0,3.542456143E0
1.226052698E1,2.392936707E0,1.547554493E0,1.584157705E0,3.260464173E0
1.226555250E1,2.281224251E0,1.534364223E0,1.222503304E0,3.008782475E0
1.227057802E1,2.232327461E0,1.454276562E0,7.022614479E-1,2.755245425E0
1.227560354E1,2.155258656E0,1.350349903E0,1.053705215E-1,2.545523066E0
1.228062906E1,1.993057013E0,1.212899208E0,-5.198938847E-1,2.390332696E0
1.228565458E1,1.722337961E0,1.070521355E0,-9.771357775E-1,2.251057163E0
1.229068010E1,1.463291407E0,9.422082901E-1,-1.338106275E0,2.195337469E0
1.229570562E1,1.096676111E0,8.660879135E-1,-1.449625731E0,2.013509753E0
1.230073114E1,7.375775576E-1,8.181209564E-1,-1.369273663E0,1.757342572E0
1.230575666E1,5.103725195E-1,8.030529022E-1,-1.193012238E0,1.525992225E0
1.231078218E1,3.620851040E-1,8.400478363E-1,-9.307860136E-1,1.305047353E0
1.231580771E1,2.397552729E-1,9.004287720E-1,-7.168519497E-1,1.175640796E0
1.232083323E1,1.858413219E-1,1.022564888E0,-5.895605087E-1,1.194888087E0
1.232585875E1,1.376492977E-1,1.196914673E0,-5.775636435E-1,1.336088255E0
1.233088427E1,1.090924740E-1,1.394826412E0,-6.282148361E-1,1.533654384E0
1.233590979E1,7.108998299E-2,1.597217083E0,-6.266309023E-1,1.717213581E0
1.234093531E1,-3.964900970E-4,1.851945877E0,-5.681685209E-1,1.937142007E0
1.234596083E1,-7.174229622E-2,2.154123306E0,-4.384610653E-1,2.199464090E0
1.235098635E1,-1.091878414E-1,2.489267826E0,-2.949929237E-1,2.509062996E0
1.235601187E1,-7.431197166E-2,2.833357811E0,-1.137638092E-1,2.836614348E0
1.236103739E1,1.852464676E-2,3.124176979E0,1.004530191E-1,3.125846408E0
1.236606291E1,4.965043068E-2,3.218283176E0,3.048998117E-1,3.233075264E0
1.237108844E1,-7.680320740E-2,2.953317642E0,5.336939096E-1,3.002134743E0
1.237611396E1,-4.038643837E-1,2.219686985E0,7.589561939E-1,2.380363681E0
1.238113948E1,-9.271447659E-1,1.013284683E0,1.038842440E0,1.722073425E0
1.238616500E1,-1.685231686E0,-8.133535385E-1,1.463883042E0,2.375816360E0
1.239119052E1,-2.936199903E0,-3.546294212E0,2.258171082E0,5.128041453E0
1.239621604E1,-4.741216660E0,-7.218013763E0,3.483835697E0,9.312140960E0
1.240124156E1,-6.759143829E0,-1.144513321E1,4.720938683E0,1.410547275E1
1.240626708E1,-8.348415375E0,-1.503171921E1,5.651544571E0,1.809940821E1
1.241129260E1,-8.687747955E0,-1.728511047E1,6.105927944E0,2.028630978E1
1.241631812E1,-8.436203957E0,-1.763718414E1,6.596107483E0,2.063367237E1
1.242134364E1,-7.587266922E0,-1.696908951E1,7.069073677E0,1.988689068E1
1.242636916E1,-6.469212532E0,-1.584969902E1,7.363634109E0,1.863563192E1
1.243139468E1,-4.820806503E0,-1.259964752E1,6.988297939E0,1.519301159E1
1.243642021E1,-3.802972555E0,-8.249883652E0,6.110556602E0,1.094815430E1
1.244144573E1,-3.471776962E0,-4.711557388E0,5.021375656E0,7.711434483E0
1.244647125E1,-3.190247536E0,-2.052482605E0,3.790105343E0,5.362393374E0
1.245149677E1,-2.697584152E0,9.175300598E-3,2.545753002E0,3.709164703E0
1.245652229E1,-2.045961380E0,1.411062241E0,1.327608585E0,2.817729435E0
1.246154781E1,-1.346144676E0,2.287496567E0,2.756903768E-1,2.668473574E0
1.246657333E1,-6.327149868E-1,2.945182800E0,-5.042654276E-1,3.054294289E0
1.247159885E1,1.652622223E-2,3.580754757E0,-9.700732231E-1,3.709867896E0
1.247662437E1,5.767898560E-1,4.194619179E0,-1.172258019E0,4.393370626E0
1.248164995E1,1.051990390E0,4.868575096E0,-1.215438366E0,5.127084714E0
1.248667552E1,1.451347589E0,5.564617634E0,-1.253113747E0,5.885717739E0
1.249170109E1,1.827166438E0,6.297358513E0,-1.396821976E0,6.704205625E0
1.249672666E1,2.173986673E0,7.081434250E0,-1.705716610E0,7.601473426E0
1.250175224E1,2.438718796E0,7.921803474E0,-2.282606125E0,8.597244348E0
1.250677781E1,2.577682495E0,8.708668709E0,-3.067805529E0,9.586281265E0
1.251180338E1,2.595494747E0,9.059615135E0,-3.805485249E0,1.016341170E1
1.251682896E1,2.430022478E0,8.334365845E0,-3.995467663E0,9.556695303E0
1.252185453E1,2.120712519E0,7.002617836E0,-3.667615175E0,8.184465726E0
1.252688010E1,1.932338119E0,5.633733749E0,-3.251613855E0,6.785711402E0
1.253190568E1,1.918356657E0,4.509620190E0,-2.888370514E0,5.688536784E0
1.253693125E1,1.978095889E0,3.496138096E0,-2.593708277E0,4.781544474E0
1.254195682E1,1.967591047E0,2.454690456E0,-2.350247145E0,3.926904813E0
1.254698239E1,1.886292458E0,1.237370014E0,-2.084135771E0,3.071287303E0
1.255200797E1,1.757793546E0,-1.601753235E-1,-1.751546621E0,2.486646306E0
1.255703354E1,1.620052934E0,-1.613242149E0,-1.358012080E0,2.659195094E0
1.256205911E1,1.525156260E0,-3.112085342E0,-9.395620227E-1,3.590815171E0
1.256708469E1,1.467547178E0,-4.527402878E0,-4.860683680E-1,4.784070860E0
1.257211026E1,1.451066852E0,-5.710907936E0,6.843817234E-2,5.892770846E0
1.257713583E1,1.546148300E0,-6.241771698E0,4.600509703E-1,6.446854690E0
1.258216140E1,1.698699832E0,-5.857400894E0,4.189854264E-1,6.113123190E0
1.258718698E1,1.844868898E0,-4.988823891E0,6.662756205E-2,5.319430824E0
1.259221255E1,1.864157438E0,-4.071481705E0,-4.357205927E-1,4.499099761E0
1.259723812E1,1.594070435E0,-3.258387566E0,-8.550052643E-1,3.726819566E0
1.260226370E1,1.141234994E0,-2.573579788E0,-1.125965595E0,3.032083238E0
1.260728927E1,5.985293388E-1,-2.012576103E0,-1.202701330E0,2.419750076E0
1.261231484E1,1.255846024E-1,-1.537371635E0,-1.073357105E0,1.879196241E0
1.261734036E1,-2.329399586E-1,-1.124340057E0,-8.078051209E-1,1.403905518E0
1.262236588E1,-4.901807308E-1,-7.737207413E-1,-4.146450162E-1,1.005411072E0
1.262739140E1,-5.689768791E-1,-4.186706543E-1,4.395079613E-2,7.077792581E-1
1.263241693E1,-4.788978100E-1,-3.057479858E-2,5.194630623E-1,7.071914902E-1
1.263744245E1,-2.869572639E-1,2.899875641E-1,9.724464417E-1,1.054556466E0
1.264246797E1,2.548694611E-2,5.766115189E-1,1.325133085E0,1.445374734E0
1.264749349E1,3.523671627E-1,8.390321732E-1,1.614475608E0,1.853286026E0
1.265251901E1,5.638108253E-1,1.063045502E0,1.891404271E0,2.241731140E0
1.265754453E1,6.305551529E-1,1.267919064E0,2.149027824E0,2.573623738E0
1.266257005E1,4.997327328E-1,1.429755688E0,2.313127279E0,2.764867436E0
1.266759557E1,3.100509644E-1,1.601108074E0,2.442766666E0,2.937139365E0
1.267262109E1,1.184594631E-1,1.781894684E0,2.586477518E0,3.143095172E0
1.267764661E1,-1.662664413E-1,1.890684128E0,2.692941666E0,3.294581281E0
1.268267213E1,-5.628128052E-1,1.860326767E0,2.650649071E0,3.286870005E0
1.268769765E1,-9.741330147E-1,1.709610462E0,2.474558592E0,3.161509653E0
1.269272318E1,-1.322525024E0,1.466935635E0,2.118613243E0,2.896462441E0
1.269774870E1,-1.530448437E0,1.189444542E0,1.580731153E0,2.501152078E0
1.270277422E1,-1.583215475E0,9.488229752E-1,8.784780502E-1,2.044152627E0
1.270779974E1,-1.557394505E0,7.499113083E-1,7.250946760E-2,1.730058449E0
1.271282526E1,-1.505693436E0,5.928812027E-1,-8.054299355E-1,1.807577999E0
1.271785078E1,-1.504788637E0,5.306196213E-1,-1.733421087E0,2.355991233E0
1.272287630E1,-1.573777676E0,4.342060089E-1,-2.599271297E0,3.069449838E0
1.272790182E1,-1.669252396E0,3.517799377E-1,-3.401118994E0,3.804965584E0
1.273292734E1,-1.742611170E0,2.308902740E-1,-4.046306610E0,4.411643820E0
1.273795286E1,-1.764529705E0,1.052227020E-1,-4.490575790E0,4.825961855E0
1.274297838E1,-1.681774855E0,-2.512741089E-2,-4.671021938E0,4.964619220E0
1.274800390E1,-1.422143698E0,-1.410074234E-1,-4.592323780E0,4.809554396E0
1.275302943E1,-9.620065689E-1,-2.232475281E-1,-4.293367386E0,4.405485173E0
1.275805495E1,-3.595044613E-1,-2.766847610E-1,-3.861855507E0,3.888409170E0
1.276308047E1,3.458268642E-1,-2.534732819E-1,-3.352401257E0,3.379709915E0
1.276810599E1,1.080541968E0,-2.014188766E-1,-2.776935101E0,2.986554714E0
1.277313151E1,1.737708092E0,-1.586685181E-1,-2.152209282E0,2.770705669E0
1.277815703E1,2.201262236E0,-1.394443512E-1,-1.556802273E0,2.699746928E0
1.278318255E1,2.509105682E0,-1.007928848E-1,-1.030967951E0,2.714528586E0
1.278820807E1,2.684853792E0,-8.107089996E-2,-5.618069768E-1,2.744201060E0
1.279323359E1,2.747805834E0,-9.479331970E-2,-1.552754641E-1,2.753821553E0
1.279825911E1,2.793866396E0,-9.906005859E-2,1.399815083E-1,2.799124355E0
1.280328463E1,2.818377018E0,-1.083526611E-1,2.567297220E-1,2.832119253E0
1.280831015E1,2.826179743E0,-1.274576187E-1,2.337186337E-1,2.838690153E0
1.281333568E1,2.798136711E0,-1.419363022E-1,1.101359129E-1,2.803898159E0
1.281836120E1,2.676985741E0,-1.660699844E-1,-7.474172115E-2,2.683173163E0
1.282338672E1,2.487136126E0,-1.615905762E-1,-3.055447340E-1,2.511038671E0
1.282841224E1,2.281583071E0,-1.332941055E-1,-5.430582762E-1,2.349106409E0
1.283343776E1,2.079887390E0,-8.117866516E-2,-7.527750134E-1,2.213411790E0
1.283846328E1,1.872871161E0,1.862335205E-2,-9.484131932E-1,2.099400104E0
1.284348880E1,1.684896231E0,1.612787247E-1,-1.086159468E0,2.011126183E0
1.284851432E1,1.516245484E0,3.132772446E-1,-1.213369966E0,1.967081512E0
1.285353984E1,1.324097753E0,4.029302597E-1,-1.319887400E0,1.912508928E0
1.285856536E1,1.103977919E0,4.590206146E-1,-1.410165071E0,1.848792227E0
1.286359088E1,8.561065197E-1,4.959592819E-1,-1.512669086E0,1.807501521E0
1.286861640E1,6.143970490E-1,5.137100220E-1,-1.584193468E0,1.775119902E0
1.287364193E1,4.123334885E-1,5.266542435E-1,-1.648748875E0,1.779257275E0
1.287866745E1,1.782307625E-1,5.108356476E-1,-1.711328745E0,1.794816240E0
1.288369297E1,-3.997516632E-2,4.662542343E-1,-1.791221380E0,1.851341421E0
1.288871849E1,-2.278077602E-1,4.311532974E-1,-1.845482349E0,1.908820223E0
1.289374401E1,-3.664183617E-1,4.150991440E-1,-1.836204529E0,1.917867771E0
1.289876953E1,-5.322546959E-1,4.179563522E-1,-1.778173089E0,1.902598778E0
1.290379505E1,-7.013180256E-1,4.347982407E-1,-1.691052914E0,1.881636639E0
1.290882057E1,-8.542103767E-1,4.654140472E-1,-1.575373292E0,1.851509280E0
1.291384609E1,-9.573643208E-1,4.904689789E-1,-1.470057487E0,1.821585924E0
1.291887161E1,-9.962284565E-1,5.050201416E-1,-1.389761925E0,1.782962335E0
1.292389713E1,-9.996082783E-1,5.424594879E-1,-1.358727455E0,1.771897092E0
1.292892265E1,-9.770472050E-1,5.692338943E-1,-1.405609369E0,1.803991731E0
1.293394818E1,-9.044950008E-1,5.231676102E-1,-1.487035513E0,1.817440555E0
1.293897370E1,-8.060946465E-1,4.283456802E-1,-1.621870041E0,1.861110161E0
1.294399922E1,-6.580772400E-1,3.328142166E-1,-1.766425729E0,1.914181499E0
1.294902474E1,-4.033896923E-1,2.702932358E-1,-1.867419720E0,1.929517579E0
1.295405026E1,-9.037566185E-2,1.741037369E-1,-1.914589167E0,1.924612051E0
1.295907578E1,2.278897762E-1,4.939556122E-2,-1.916820765E0,1.930951971E0
1.296410130E1,5.320708752E-1,-9.871482849E-2,-1.854233384E0,1.931586259E0
1.296912682E1,7.837510109E-1,-2.508058548E-1,-1.745352507E0,1.929617733E0
1.297415234E1,1.001987576E0,-3.875665665E-1,-1.623334169E0,1.946638326E0
1.297917786E1,1.181980848E0,-4.946060181E-1,-1.454648018E0,1.938482575E0
1.298420338E1,1.285441518E0,-5.576553345E-1,-1.287476301E0,1.902875349E0
1.298922890E1,1.317067266E0,-6.247844696E-1,-1.113196850E0,1.834183481E0
1.299425443E1,1.348495841E0,-6.579761505E-1,-9.711971283E-1,1.787343702E0
1.299927995E1,1.355310798E0,-7.005701065E-1,-9.442574978E-1,1.794237458E0
1.300430547E1,1.284366846E0,-6.762876511E-1,-1.005122423E0,1.765569106E0
1.300933099E1,1.131049752E0,-6.716871262E-1,-1.131046534E0,1.734849676E0
1.301435651E1,9.344959259E-1,-7.968969345E-1,-1.445892811E0,1.897085496E0
1.301938203E1,7.916531563E-1,-1.171115875E0,-1.937638521E0,2.398472462E0
1.302440755E1,8.567719460E-1,-1.889042854E0,-2.659705877E0,3.372918088E0
1.302943307E1,1.330834150E0,-2.604640007E0,-3.420490026E0,4.500557868E0
1.303445859E1,2.044692993E0,-3.239722252E0,-4.115296364E0,5.622475777E0
1.303948411E1,2.689309359E0,-4.055639267E0,-4.688573837E0,6.757463971E0
1.304450963E1,3.252539158E0,-5.251704216E0,-5.076585770E0,7.995694543E0
1.304953515E1,3.650501490E0,-6.582725525E0,-5.231391907E0,9.166564119E0
1.305456068E1,3.909832954E0,-8.206005096E0,-5.177515984E0,1.046097439E1
1.305958620E1,4.029219627E0,-1.014534092E1,-4.973648071E0,1.199582129E1
1.306461172E1,3.903262615E0,-1.210948181E1,-4.521058083E0,1.350240627E1
1.306963724E1,3.537326336E0,-1.388424397E1,-3.773406982E0,1.481632574E1
1.307466276E1,3.214615822E0,-1.516534042E1,-2.748113632E0,1.574399675E1
1.307968828E1,2.740348577E0,-1.553924179E1,-1.272890687E0,1.583028100E1
1.308471380E1,1.901870489E0,-1.498534393E1,7.465069294E-1,1.512398482E1
1.308973932E1,9.638693333E-1,-1.313942432E1,3.629012585E0,1.366540332E1
1.309476484E1,-3.681175709E-1,-1.051655865E1,5.219202995E0,1.174621625E1
1.309979036E1,-1.615124226E0,-8.208567619E0,5.926708221E0,1.025256451E1
1.310481588E1,-2.556637287E0,-6.368044853E0,6.219175339E0,9.261022155E0
1.310984140E1,-3.117178440E0,-4.711942673E0,6.205583096E0,8.392166987E0
1.311486693E1,-3.166345119E0,-3.081640244E0,6.069533348E0,7.507428526E0
1.311989245E1,-2.739012957E0,-1.481066704E0,5.939159393E0,6.705920135E0
1.312491797E1,-2.043798685E0,4.769515991E-2,5.758738995E0,6.110847953E0
1.312994349E1,-1.352257013E0,1.563188076E0,5.543540001E0,5.916332625E0
1.313496901E1,-7.442891598E-1,2.961171150E0,5.260424137E0,6.082315598E0
1.313999453E1,-2.754938602E-1,4.304735661E0,4.588397026E0,6.297621237E0
1.314502005E1,-1.682374477E-1,5.651980400E0,3.297834396E0,6.545906964E0
1.315004557E1,-2.897124290E-1,7.008059502E0,1.566106081E0,7.186760016E0
1.315507109E1,-4.491164684E-1,8.196280479E0,-2.226257920E-1,8.211594336E0
1.316009661E1,-5.126686096E-1,9.116563797E0,-1.458725691E0,9.246753225E0
1.316512213E1,-2.417583466E-1,9.735852242E0,-1.887848139E0,9.920142971E0
1.317014765E1,6.616878510E-2,1.002578259E1,-1.654533863E0,1.016160308E1
1.317517318E1,3.150842190E-1,9.847870827E0,-1.153582573E0,9.920211219E0
1.318019870E1,5.678448677E-1,9.063567162E0,-5.358458757E-1,9.097132971E0
1.318522422E1,6.487874985E-1,7.921765327E0,3.159289360E-1,7.954564866E0
1.319024974E1,5.743782520E-1,6.694906235E0,1.003125429E0,6.793963534E0
1.319527526E1,4.136059284E-1,5.659975052E0,1.602025867E0,5.896852917E0
1.320030078E1,2.299246788E-1,4.849934578E0,2.041016340E0,5.266923055E0
1.320532630E1,1.197783947E-1,4.149573326E0,2.148518324E0,4.674338097E0
1.321035182E1,3.061056137E-2,3.410498142E0,2.102560997E0,4.006644148E0
1.321537734E1,-1.234424114E-1,2.584866047E0,1.923642635E0,3.224464529E0
1.322040286E1,-3.368923664E-1,1.682134151E0,1.876416683E0,2.542442003E0
1.322542838E1,-5.423605442E-1,6.735258102E-1,2.019221067E0,2.196598665E0
1.323045390E1,-7.583525181E-1,-4.028234482E-1,2.027032137E0,2.201414217E0
1.323547943E1,-1.160719633E0,-1.461117744E0,2.072309971E0,2.788656262E0
1.324050495E1,-1.441607714E0,-2.439676285E0,2.527787209E0,3.797362420E0
1.324553047E1,-1.404237986E0,-3.348447800E0,3.158260822E0,4.812338144E0
1.325055599E1,-1.135119677E0,-4.106245995E0,3.594536066E0,5.574086686E0
1.325558151E1,-6.926076412E-1,-4.612589836E0,3.959604740E0,6.118346185E0
1.326060703E1,-1.084399223E-2,-4.843411446E0,4.537902832E0,6.637116402E0
1.326563255E1,9.038574696E-1,-4.783934593E0,5.225439548E0,7.142003010E0
1.327065807E1,1.844044685E0,-4.423925400E0,5.927589417E0,7.622855963E0
1.327568359E1,2.751443863E0,-3.757911682E0,6.621169567E0,8.095197958E0
1.328070911E1,3.597042799E0,-2.943003654E0,6.976591587E0,8.382888379E0
1.328573463E1,4.404771805E0,-2.021531105E0,6.914356232E0,8.443750633E0
1.329076015E1,5.179166794E0,-1.136540413E0,6.586703777E0,8.455776690E0
1.329578568E1,5.923948288E0,-4.550800323E-1,5.908809662E0,8.379396922E0
1.330081120E1,6.727993965E0,4.703617096E-2,4.851031303E0,8.294613909E0
1.330583672E1,7.478646278E0,2.550077438E-1,3.515195608E0,8.267513488E0
1.331086224E1,8.015590668E0,1.496229172E-1,2.147939920E0,8.299742567E0
1.331588776E1,8.260135651E0,-2.213983536E-1,1.077425957E0,8.333048955E0
1.332091328E1,8.115427017E0,-7.242717743E-1,4.960192442E-1,8.162766710E0
1.332593880E1,7.481092930E0,-1.311371803E0,4.637782574E-1,7.609305994E0
1.333096432E1,6.544790268E0,-1.863290787E0,7.890099883E-1,6.850450275E0
1.333598984E1,5.451910019E0,-2.308672905E0,1.302381516E0,6.062135849E0
1.334101536E1,4.285693645E0,-2.623929024E0,1.943274736E0,5.387809411E0
1.334604088E1,3.158195019E0,-2.828456879E0,2.569119930E0,4.957291731E0
1.335106640E1,2.138065100E0,-2.941529274E0,3.109476089E0,4.784637749E0
1.335609193E1,1.255556822E0,-2.948911667E0,3.556710482E0,4.787764865E0
1.336111745E1,4.686197042E-1,-2.860163689E0,3.937091112E0,4.888847224E0
1.336614297E1,-1.980288029E-1,-2.713538170E0,4.267957687E0,5.061419527E0
1.337116849E1,-7.529637814E-1,-2.499533653E0,4.481138229E0,5.186060429E0
1.337619401E1,-1.214545727E0,-2.203922272E0,4.667019844E0,5.302213587E0
1.338121953E1,-1.515316486E0,-1.812477112E0,4.777474403E0,5.329682824E0
1.338624505E1,-1.664708614E0,-1.363662720E0,4.760305405E0,5.224111248E0
1.339127057E1,-1.672317982E0,-8.576755524E-1,4.630689621E0,4.997553517E0
1.339629609E1,-1.576957345E0,-3.759927750E-1,4.413779259E0,4.702085960E0
1.340132161E1,-1.441214085E0,4.304027557E-2,4.206335545E0,4.446595239E0
1.340634713E1,-1.351573467E0,3.515300751E-1,3.952229500E0,4.191711136E0
1.341137265E1,-1.260351658E0,5.398674011E-1,3.681548595E0,3.928580300E0
1.341639818E1,-1.186750293E0,6.510505676E-1,3.410041571E0,3.668872662E0
1.342142370E1,-1.102138877E0,6.754407883E-1,3.158201694E0,3.412501766E0
1.342644922E1,-9.781914949E-1,6.465520859E-1,2.912740946E0,3.139896179E0
1.343147474E1,-8.821119070E-1,6.026334763E-1,2.717726707E0,2.920158725E0
1.343650026E1,-8.189334869E-1,5.150308609E-1,2.583107948E0,2.758324766E0
1.344152578E1,-8.033095598E-1,4.221210480E-1,2.523339510E0,2.681554532E0
1.344655130E1,-8.210470676E-1,2.857418060E-1,2.547656298E0,2.691898824E0
1.345157682E1,-8.245025873E-1,2.017135620E-1,2.602844238E0,2.737752912E0
1.345660234E1,-8.903956413E-1,1.031417847E-1,2.664243221E0,2.810984626E0
1.346162786E1,-1.028293610E0,2.841567993E-2,2.707166195E0,2.896022100E0
1.346665338E1,-1.280927062E0,-3.680229187E-2,2.644938946E0,2.939018641E0
1.347167890E1,-1.508885980E0,-8.777999878E-2,2.453487396E0,2.881673582E0
1.347670443E1,-1.692644477E0,-1.102514267E-1,2.080478430E0,2.684323229E0
1.348172995E1,-1.884502649E0,-1.521835327E-1,1.512441993E0,2.421154858E0
1.348675547E1,-2.102991343E0,-1.898078918E-1,7.936687469E-1,2.255772529E0
1.349178099E1,-2.338094711E0,-2.233219147E-1,3.111875057E-2,2.348941875E0
1.349680651E1,-2.536506176E0,-2.672843933E-1,-5.919412374E-1,2.618338969E0
1.350183203E1,-2.654850483E0,-3.313894272E-1,-1.093629003E0,2.890341577E0
1.350685755E1,-2.697592735E0,-3.870382309E-1,-1.463681698E0,3.093407388E0
1.351188307E1,-2.640773058E0,-4.199361801E-1,-1.735484242E0,3.187778897E0
1.351690859E1,-2.546634436E0,-4.349031448E-1,-1.875799060E0,3.192665001E0
1.352193411E1,-2.410231590E0,-4.654588699E-1,-1.961689711E0,3.142307241E0
1.352695963E1,-2.188915730E0,-5.211009979E-1,-1.955475807E0,2.981070941E0
1.353198515E1,-1.974165320E0,-5.538806915E-1,-1.858089209E0,2.767057650E0
1.353701068E1,-1.785590053E0,-6.115636826E-1,-1.656050920E0,2.510945365E0
1.354203620E1,-1.666693211E0,-6.509342194E-1,-1.326722860E0,2.227504246E0
1.354706172E1,-1.584540009E0,-7.101192474E-1,-8.807828426E-1,1.947001490E0
1.355208724E1,-1.515758991E0,-7.554512024E-1,-3.527941704E-1,1.729940914E0
1.355711276E1,-1.480388522E0,-7.484416962E-1,1.747847795E-1,1.668012251E0
1.356213828E1,-1.560441971E0,-7.080831528E-1,6.581709385E-1,1.835633373E0
1.356716380E1,-1.742001891E0,-6.246614456E-1,1.020233631E0,2.113208265E0
1.357218932E1,-2.001178741E0,-4.502916336E-1,1.274995089E0,2.415179369E0
1.357721484E1,-2.333082676E0,-2.089099884E-1,1.446135998E0,2.752858057E0
1.358224036E1,-2.670845985E0,6.601238251E-2,1.543124437E0,3.085289118E0
1.358726588E1,-2.985754967E0,3.410329819E-1,1.608820558E0,3.408715272E0
1.359229140E1,-3.258687019E0,6.066398621E-1,1.624008417E0,3.691132123E0
1.359731693E1,-3.456386089E0,8.916006088E-1,1.579138398E0,3.903233855E0
1.360234245E1,-3.579075098E0,1.167257309E0,1.507676244E0,4.055287393E0
1.360736797E1,-3.636330128E0,1.428894997E0,1.409453154E0,4.153455899E0
1.361239349E1,-3.632735729E0,1.666985989E0,1.317808986E0,4.208590226E0
1.361741901E1,-3.563254356E0,1.924602032E0,1.199165344E0,4.223608897E0
1.362244453E1,-3.389283419E0,2.144312859E0,1.024784803E0,4.139505239E0
1.362747005E1,-3.120067358E0,2.330865860E0,8.045041561E-1,3.976805617E0
1.363249557E1,-2.817564249E0,2.465104580E0,5.912086964E-1,3.790110369E0
1.363752109E1,-2.443237305E0,2.532644749E0,3.995860815E-1,3.541661614E0
1.364254661E1,-2.059064388E0,2.538273335E0,2.585774660E-1,3.278633859E0
1.364757213E1,-1.602743626E0,2.520298481E0,1.347082853E-1,2.989788937E0
1.365259765E1,-1.160354972E0,2.469140530E0,5.206727982E-2,2.728697421E0
1.365762318E1,-7.222832441E-1,2.384830475E0,4.889619350E-2,2.492288169E0
1.366264870E1,-2.694197893E-1,2.233959198E0,5.804920197E-2,2.250895473E0
1.366767422E1,1.742375493E-1,2.054846764E0,1.035767794E-1,2.064820112E0
1.367269974E1,6.131724119E-1,1.833248615E0,2.139716148E-1,1.944881679E0
1.367772526E1,9.995191097E-1,1.564459324E0,3.747121096E-1,1.893932573E0
1.368275078E1,1.333435297E0,1.277289391E0,5.662341118E-1,1.931356763E0
1.368777630E1,1.648500204E0,9.909439087E-1,7.833956480E-1,2.076832081E0
1.369280182E1,1.911128044E0,7.484912872E-1,1.021269083E0,2.292518298E0
1.369782734E1,2.216731071E0,5.116147995E-1,1.265607595E0,2.603345719E0
1.370285286E1,2.430999279E0,3.328742981E-1,1.521519303E0,2.887141109E0
1.370787838E1,2.687380314E0,1.691360474E-1,1.784586549E0,3.230382192E0
1.371290390E1,2.817956448E0,2.507495880E-2,2.122457504E0,3.527936104E0
1.371792943E1,2.942213774E0,-6.592655182E-2,2.439849138E0,3.822804209E0
1.372295495E1,3.045766592E0,-1.470613480E-1,2.670275211E0,4.053232152E0
1.372798047E1,3.142937660E0,-2.327699661E-1,2.871665955E0,4.263649182E0
1.373300599E1,3.229117155E0,-3.422727585E-1,2.967967510E0,4.399224862E0
1.373803151E1,3.342710257E0,-4.134464264E-1,3.084006310E0,4.566809031E0
1.374305703E1,3.450300932E0,-4.989805222E-1,3.100340605E0,4.665369219E0
1.374808255E1,3.595053673E0,-5.845718384E-1,2.969590902E0,4.699426058E0
1.375310807E1,3.705318213E0,-5.985412598E-1,2.720931530E0,4.635849770E0
1.375813359E1,3.910480738E0,-6.128320694E-1,2.321649790E0,4.588843045E0
1.376315911E1,4.162666321E0,-5.988016129E-1,1.891858101E0,4.611451110E0
1.376818463E1,4.313404083E0,-5.852079391E-1,1.575428009E0,4.629243624E0
1.377321015E1,4.358317852E0,-6.485729218E-1,1.329071045E0,4.602391897E0
1.377823568E1,4.197434425E0,-7.266044617E-1,1.128463268E0,4.406794657E0
1.378326120E1,3.741322756E0,-8.193264008E-1,8.296154737E-1,3.918807669E0
1.378828672E1,3.202121019E0,-9.507141113E-1,4.227819443E-1,3.366924549E0
1.379331224E1,2.571859121E0,-1.034702301E0,1.763570309E-2,2.772251650E0
1.379833776E1,2.000388622E0,-1.095293999E0,-3.961008787E-1,2.314761217E0
1.380336328E1,1.660717249E0,-1.127739906E0,-8.141797781E-1,2.166256630E0
1.380838880E1,1.418870211E0,-1.084218979E0,-1.136605620E0,2.116741790E0
1.381341432E1,1.345658183E0,-9.934034348E-1,-1.373455763E0,2.164261320E0
1.381843984E1,1.262775421E0,-7.882833481E-1,-1.505874157E0,2.117462958E0
1.382346536E1,1.130686760E0,-5.502099991E-1,-1.538687348E0,1.987144270E0
1.382849088E1,9.293361902E-1,-2.743730545E-1,-1.419343948E0,1.718570211E0
1.383351640E1,6.675957441E-1,4.404163361E-2,-1.205490112E0,1.378705971E0
1.383854193E1,3.975501657E-1,3.954553604E-1,-9.162782431E-1,1.074242475E0
1.384356745E1,1.189421415E-1,7.081356049E-1,-5.806858540E-1,9.234713471E-1
1.384859297E1,-2.206583023E-1,1.020381927E0,-2.228385210E-1,1.067486005E0
1.385361849E1,-5.874373913E-1,1.336970329E0,8.521449566E-2,1.462817097E0
1.385864401E1,-9.043709040E-1,1.648266315E0,3.625353575E-1,1.914706365E0
1.386366953E1,-1.170930624E0,1.925511837E0,5.610542297E-1,2.322381581E0
1.386869505E1,-1.358298063E0,2.154388428E0,6.613987684E-1,2.631313637E0
1.387372057E1,-1.499942780E0,2.344464302E0,6.732041836E-1,2.863484779E0
1.387874614E1,-1.591346383E0,2.476635456E0,5.918233991E-1,3.002725667E0
1.388377172E1,-1.647190332E0,2.546153545E0,4.654141665E-1,3.068019592E0
1.388879729E1,-1.644138575E0,2.610490322E0,3.421198130E-1,3.104013103E0
1.389382286E1,-1.611413598E0,2.674457073E0,2.316225171E-1,3.130978028E0
1.389884844E1,-1.568592191E0,2.704611301E0,1.483044624E-1,3.130079546E0
1.390387401E1,-1.492169380E0,2.729752064E0,6.807851791E-2,3.111711824E0
1.390889958E1,-1.392081380E0,2.730799198E0,-9.090185165E-3,3.065165160E0
1.391392515E1,-1.230304122E0,2.707804203E0,-4.971253872E-2,2.974613113E0
1.391895073E1,-1.035935402E0,2.656072140E0,-7.780802250E-2,2.852005515E0
1.392397630E1,-8.283448219E-1,2.570885181E0,-7.902717590E-2,2.702193749E0
1.392900187E1,-6.171849966E-1,2.480962276E0,-3.882527351E-2,2.556872805E0
1.393402745E1,-3.831937313E-1,2.386235714E0,-1.904582977E-2,2.416882509E0
1.393905302E1,-8.794188499E-2,2.310529709E0,-2.393031120E-2,2.312326528E0
1.394407859E1,2.495311499E-1,2.263304710E0,-7.210016251E-2,2.278159880E0
1.394910416E1,6.247143745E-1,2.230053902E0,-1.867532134E-1,2.323421016E0
1.395412974E1,1.052145362E0,2.215424538E0,-3.334615231E-1,2.475138851E0
1.395915531E1,1.488845110E0,2.200198174E0,-4.732480049E-1,2.698424622E0
1.396418088E1,1.867710471E0,2.126999855E0,-5.911571383E-1,2.891701497E0
1.396920646E1,1.830503702E0,1.952748299E0,-7.534669638E-1,2.780590259E0
1.397423203E1,1.565169334E0,1.605570316E0,-9.592325687E-1,2.438798517E0
1.397925760E1,1.340060949E0,9.994993210E-1,-1.159854770E0,2.034705219E0
1.398428318E1,1.115846395E0,5.861759186E-2,-1.269173741E0,1.690961616E0
1.398930875E1,7.949293852E-1,-1.259064674E0,-1.154942751E0,1.884422813E0
1.399433432E1,3.566365242E-1,-3.033671379E0,-6.822683811E-1,3.129830952E0
1.399935989E1,-1.619830132E-1,-5.206558228E0,1.008213162E-1,5.210052976E0
1.400438547E1,-7.233633995E-1,-7.537667274E0,8.270249367E-1,7.617325830E0
1.400941104E1,-1.399154425E0,-9.826008797E0,1.310631990E0,1.001128554E1
1.401443661E1,-2.245264769E0,-1.192399406E1,1.680545330E0,1.224937063E1
1.401946213E1,-3.058963537E0,-1.392817402E1,2.285413742E0,1.444210530E1
1.402448765E1,-3.719723463E0,-1.577206421E1,2.940636158E0,1.646941690E1
1.402951318E1,-4.026899815E0,-1.693453979E1,3.503014565E0,1.775572221E1
1.403453870E1,-3.699749470E0,-1.660783768E1,3.861262798E0,1.744757200E1
1.403956422E1,-2.688120604E0,-1.432932568E1,3.778741360E0,1.506102430E1
1.404458974E1,-1.696249008E0,-1.036906433E1,2.990100145E0,1.092407683E1
1.404961526E1,-1.256484985E0,-6.652679443E0,1.820402145E0,7.010760463E0
1.405464078E1,-8.957147598E-1,-3.688004494E0,4.910641313E-1,3.826855897E0
1.405966630E1,-3.581185341E-1,-1.264436722E0,-9.237087965E-1,1.606327192E0
1.406469182E1,2.992415428E-1,7.141275406E-1,-2.282030582E0,2.409810620E0
1.406971734E1,1.013398528E0,2.305818081E0,-3.446581602E0,4.268805259E0
1.407474286E1,1.702053070E0,3.377520084E0,-4.256474972E0,5.694050031E0
1.407976838E1,2.468990803E0,3.815605164E0,-4.675522804E0,6.520373597E0
1.408479390E1,3.049899578E0,4.027766228E0,-4.683215618E0,6.888925660E0
1.408981943E1,3.401061535E0,4.258451939E0,-4.279472351E0,6.929322917E0
1.409484494E1,3.718466043E0,4.536370754E0,-3.537477255E0,6.849773329E0
1.409987047E1,4.131011486E0,4.870994568E0,-2.521546602E0,6.866588763E0
1.410489599E1,4.618843079E0,5.190597057E0,-1.387281537E0,7.085235300E0
1.410992151E1,5.114034653E0,5.519320488E0,-3.189343810E-1,7.531133262E0
1.411494703E1,5.630063057E0,5.828722000E0,6.333066821E-1,8.128510782E0
1.411997255E1,6.070266247E0,6.042688370E0,1.529178500E0,8.700609285E0
1.412499807E1,6.371812820E0,6.094776154E0,2.337085247E0,9.121856304E0
1.413002359E1,6.476607323E0,5.703591347E0,3.081952333E0,9.163832541E0
1.413504911E1,6.379489899E0,4.918084145E0,3.707180738E0,8.867278728E0
1.414007463E1,6.243283272E0,3.997326851E0,4.162546158E0,8.501999675E0
1.414510015E1,6.144255638E0,3.085266590E0,4.509747028E0,8.222442796E0
1.415012568E1,5.981547832E0,2.234678745E0,4.706789970E0,7.932627269E0
1.415515120E1,5.701878071E0,1.421778202E0,4.789031506E0,7.580744657E0
1.416017672E1,5.343261719E0,6.369771957E-1,4.719891548E0,7.157762358E0
1.416520224E1,4.867452621E0,-1.342182159E-1,4.558146000E0,6.669842915E0
1.417022776E1,4.207861423E0,-8.298845291E-1,4.558241844E0,6.258783812E0
1.417525328E1,3.418082952E0,-1.474456787E0,4.701556683E0,5.996828256E0
1.418027880E1,2.537673712E0,-2.035063744E0,4.907037735E0,5.887299180E0
1.418530432E1,1.606301427E0,-2.474138260E0,5.155955791E0,5.940155261E0
1.419032984E1,7.115299702E-1,-2.768513680E0,5.424732685E0,6.131775240E0
1.419535536E1,-1.643486023E-1,-2.914166451E0,5.618191242E0,6.331149137E0
1.420038088E1,-9.004478455E-1,-2.950047493E0,5.718025684E0,6.496876500E0
1.420540640E1,-1.404975891E0,-2.862320900E0,5.734233379E0,6.561118094E0
1.421043193E1,-1.759038448E0,-2.679997444E0,5.600441933E0,6.453026608E0
1.421545744E1,-1.957890511E0,-2.374541283E0,5.388854504E0,6.205766223E0
1.422048297E1,-1.982662201E0,-1.912598610E0,5.099665165E0,5.796168359E0
1.422550849E1,-1.848671675E0,-1.351528168E0,4.876495361E0,5.387431889E0
1.423053401E1,-1.729187965E0,-7.485933304E-1,4.690686703E0,5.054999974E0
1.423555953E1,-1.649060488E0,-1.657695770E-1,4.432154655E0,4.731899717E0
1.424058505E1,-1.661463261E0,3.205852509E-1,4.091243744E0,4.427359308E0
1.424561057E1,-1.857135534E0,6.674957275E-1,3.701209307E0,4.194455062E0
1.425063609E1,-2.234962940E0,8.557195663E-1,3.295094490E0,4.072463998E0
1.425566161E1,-2.678439617E0,9.854564667E-1,2.858362198E0,4.039232314E0
1.426068713E1,-3.123996496E0,1.099462509E0,2.371685028E0,4.073458210E0
1.426571265E1,-3.446025848E0,1.211788177E0,1.796849012E0,4.070895615E0
1.427073818E1,-3.610623837E0,1.293599129E0,1.119630814E0,3.995444450E0
1.427576370E1,-3.708941460E0,1.349761009E0,4.313598871E-1,3.970412181E0
1.428078922E1,-3.774813890E0,1.332586288E0,-2.242842913E-1,4.009402645E0
1.428581474E1,-3.827477932E0,1.280501366E0,-8.082698584E-1,4.116135473E0
1.429084026E1,-3.833716631E0,1.241505623E0,-1.262532711E0,4.222879144E0
1.429586578E1,-3.827165127E0,1.206132889E0,-1.610327005E0,4.323783357E0
1.430089130E1,-3.870040655E0,1.155364990E0,-1.922732234E0,4.473140080E0
1.430591682E1,-3.909246683E0,1.103621483E0,-2.170046806E0,4.605354834E0
1.431094234E1,-3.805673122E0,1.036649704E0,-2.375087976E0,4.604219089E0
1.431596786E1,-3.559236050E0,1.007196426E0,-2.508264065E0,4.469227508E0
1.432099338E1,-3.270504475E0,9.675502777E-1,-2.597618103E0,4.287187058E0
1.432601890E1,-2.901370525E0,9.035682678E-1,-2.637681961E0,4.023897696E0
1.433104443E1,-2.519081354E0,8.154630661E-1,-2.690156460E0,3.774611591E0
1.433606994E1,-2.038157940E0,7.274265289E-1,-2.687646389E0,3.450605781E0
1.434109547E1,-1.469230652E0,6.779680252E-1,-2.529932499E0,3.003137992E0
1.434612099E1,-9.424729347E-1,6.624622345E-1,-2.255846739E0,2.532973737E0
1.435114651E1,-5.207567215E-1,6.474676132E-1,-1.789950609E0,1.973404433E0
1.435617203E1,-1.902534962E-1,5.947303772E-1,-1.277178288E0,1.421648688E0
1.436119755E1,8.221125603E-2,5.185651779E-1,-7.859758139E-1,9.452124176E-1
1.436622307E1,2.821489573E-1,4.284515381E-1,-2.315314412E-1,5.628370660E-1
1.437124859E1,4.237399101E-1,2.955379486E-1,3.316311836E-1,6.139034390E-1
1.437627411E1,4.974460602E-1,1.387853622E-1,8.634368181E-1,1.006099945E0
1.438129963E1,5.509914160E-1,-6.110858917E-2,1.333356619E0,1.444010275E0
1.438632515E1,6.224352121E-1,-2.803459167E-1,1.706350207E0,1.837838528E0
1.439135068E1,7.305810452E-1,-4.951620102E-1,1.899607778E0,2.094622589E0
1.439637620E1,8.078529835E-1,-6.625337601E-1,1.955610871E0,2.217203488E0
1.440140172E1,8.061020374E-1,-7.634496689E-1,1.888340712E0,2.190544803E0
1.440642724E1,7.876124382E-1,-8.172111511E-1,1.717196107E0,2.058380404E0
1.441145276E1,6.759346724E-1,-8.238906860E-1,1.529166937E0,1.863876354E0
1.441647828E1,4.859244823E-1,-7.692794800E-1,1.310846210E0,1.595691482E0
1.442150380E1,2.950096130E-1,-6.727333069E-1,1.029866338E0,1.265000177E0
1.442652932E1,1.131515503E-1,-5.487031937E-1,6.920238733E-1,8.903794187E-1
1.443155484E1,-5.424594879E-2,-4.547004700E-1,3.126679659E-1,5.544875086E-1
1.443658036E1,-2.069082260E-1,-3.524284363E-1,-1.408007145E-1,4.322518454E-1
1.444160588E1,-3.208134174E-1,-3.087987900E-1,-6.722977161E-1,8.063883436E-1
1.444663140E1,-3.767971992E-1,-3.044786453E-1,-1.285561562E0,1.373809267E0
1.445165693E1,-4.230077267E-1,-3.439178467E-1,-1.921960711E0,1.997785774E0
1.445668244E1,-5.072062016E-1,-4.219980240E-1,-2.537116766E0,2.621507571E0
1.446170797E1,-6.289231777E-1,-5.192451477E-1,-3.110385895E0,3.215534217E0
1.446673349E1,-7.827444077E-1,-6.400690079E-1,-3.606622219E0,3.745677639E0
1.447175901E1,-9.247941971E-1,-7.840890884E-1,-4.019386292E0,4.198274189E0
1.447678453E1,-1.020796776E0,-8.887434006E-1,-4.327959061E0,4.534657707E0
1.448181005E1,-1.070007324E0,-9.537057877E-1,-4.449505329E0,4.674673045E0
1.448683557E1,-1.076501846E0,-1.021851540E0,-4.402339935E0,4.645818948E0
1.449186109E1,-1.054442406E0,-1.049959183E0,-4.205286026E0,4.460795179E0
1.449688661E1,-9.847404957E-1,-1.047769547E0,-3.902252436E0,4.158738864E0
1.450191213E1,-8.631300926E-1,-1.092103004E0,-3.490031958E0,3.757393457E0
1.450693765E1,-7.336695194E-1,-1.178506851E0,-3.014081478E0,3.318408733E0
1.451196318E1,-6.163389683E-1,-1.288277626E0,-2.524796009E0,2.900711611E0
1.451698870E1,-5.118772984E-1,-1.426564217E0,-2.057792187E0,2.555701962E0
1.452201422E1,-4.017038345E-1,-1.560210228E0,-1.638806343E0,2.298109692E0
1.452703974E1,-2.242307663E-1,-1.641566277E0,-1.268973589E0,2.086938726E0
1.453206526E1,-2.772688866E-2,-1.656481743E0,-1.016074419E0,1.943478266E0
1.453709078E1,1.396038532E-1,-1.652824402E0,-7.941277027E-1,1.839009665E0
1.454211630E1,2.918171883E-1,-1.649680138E0,-6.510434151E-1,1.797347867E0
1.454714182E1,3.951511383E-1,-1.608704567E0,-5.867772102E-1,1.757379384E0
1.455216734E1,4.542291164E-1,-1.539469719E0,-5.583145618E-1,1.699413503E0
1.455719286E1,4.595513344E-1,-1.422898293E0,-5.609223843E-1,1.597016249E0
1.456221838E1,4.398739338E-1,-1.283021927E0,-5.996103287E-1,1.482958829E0
1.456724390E1,4.383847713E-1,-1.129503250E0,-6.218721867E-1,1.361867768E0
1.457226943E1,4.598464966E-1,-9.432888031E-1,-7.140228748E-1,1.269283748E0
1.457729494E1,4.851634502E-1,-7.913818359E-1,-7.946209908E-1,1.221921152E0
1.458232047E1,5.381140709E-1,-6.545228958E-1,-9.256455898E-1,1.254905069E0
1.458734599E1,5.996348858E-1,-5.135602951E-1,-1.044706345E0,1.309472229E0
1.459237151E1,6.888523102E-1,-3.875436783E-1,-1.213627815E0,1.448309387E0
1.459739703E1,7.624070644E-1,-2.906360626E-1,-1.427264452E0,1.644024838E0
1.460242255E1,8.250980377E-1,-1.892614365E-1,-1.656613111E0,1.860369228E0
1.460744807E1,9.007427692E-1,-1.024589539E-1,-1.934908032E0,2.136750914E0
1.461247359E1,9.891875982E-1,-1.461029053E-3,-2.247693062E0,2.455731732E0
1.461749911E1,1.090297818E0,1.041898727E-1,-2.609258175E0,2.829811493E0
1.462252463E1,1.203750134E0,2.337102890E-1,-3.014793873E0,3.254630083E0
1.462755015E1,1.324544072E0,3.583908081E-1,-3.450059175E0,3.712919240E0
1.463257568E1,1.442929029E0,4.974613190E-1,-3.957933903E0,4.242022245E0
1.463760120E1,1.563799739E0,6.988973618E-1,-4.485025406E0,4.800976988E0
1.464262672E1,1.639768720E0,9.341711998E-1,-5.058726788E0,5.399280878E0
1.464765224E1,1.628927350E0,1.079185963E0,-5.638653755E0,5.967617852E0
1.465267776E1,1.666777611E0,9.241652489E-1,-6.317224503E0,6.598450911E0
1.465770328E1,1.821511149E0,4.082489014E-1,-6.937041283E0,7.183809003E0
1.466272880E1,2.003059626E0,-4.763984680E-1,-7.349740982E0,7.632686019E0
1.466775432E1,2.092256546E0,-1.565260887E0,-7.421197414E0,7.867766529E0
1.467277984E1,1.969525814E0,-2.651189804E0,-7.075507164E0,7.808369928E0
1.467780536E1,1.600724220E0,-3.585045815E0,-6.481854439E0,7.578212750E0
1.468283088E1,9.855718613E-1,-4.467470169E0,-5.547588348E0,7.190645179E0
1.468785640E1,2.869975567E-1,-5.452911377E0,-4.316752434E0,6.960672500E0
1.469288193E1,-3.991122246E-1,-6.591272354E0,-3.012630701E0,7.258106196E0
1.469790744E1,-9.010248184E-1,-7.860870361E0,-1.750011444E0,8.103559009E0
1.470293297E1,-1.310714006E0,-9.139410973E0,-6.111198664E-1,9.253122264E0
1.470795849E1,-1.614904165E0,-1.033308125E1,4.504098892E-1,1.046820675E1
1.471298401E1,-1.604047298E0,-1.123313236E1,1.646683455E0,1.146594073E1
1.471800953E1,-1.293570280E0,-1.181718159E1,3.019577980E0,1.226527439E1
1.472303505E1,-4.654827118E-1,-1.148315144E1,4.450940132E0,1.232437865E1
1.472806057E1,5.525822639E-1,-1.017362785E1,5.673419952E0,1.166172135E1
1.473308609E1,9.994060993E-1,-8.586402893E0,6.561758995E0,1.085273276E1
1.473811161E1,7.247321606E-1,-7.137117386E0,6.991501808E0,1.001722411E1
1.474313713E1,2.205526829E-1,-5.887762070E0,7.132327557E0,9.251188143E0
1.474816265E1,-4.622054100E-2,-4.699573517E0,7.120025158E0,8.531288638E0
1.475318818E1,7.844376564E-2,-3.342863083E0,6.984225273E0,7.743402978E0
1.475821370E1,5.937836170E-1,-1.865249634E0,6.652793884E0,6.934796439E0
1.476323922E1,1.478612065E0,-3.378562927E-1,6.234405041E0,6.416248649E0
1.476826474E1,2.567535400E0,1.082412720E0,5.832087994E0,6.463521153E0
1.477329026E1,3.628243208E0,2.339293003E0,5.275429249E0,6.816640983E0
1.477831578E1,4.610765934E0,3.400347233E0,4.685519695E0,7.401055237E0
1.478334130E1,5.886888504E0,4.194559574E0,5.139469624E0,8.869269096E0
1.478836682E1,9.916259766E0,5.172935009E0,1.124707890E1,1.586153360E1
1.479339234E1,6.666601181E0,4.613396645E0,3.473193645E0,8.819868140E0
1.479841786E1,4.970247746E0,3.706658363E0,1.224092722E0,6.319895716E0
1.480344338E1,4.431867123E0,3.063783646E0,5.759903193E-1,5.418485145E0
1.480846890E1,4.391263962E0,2.655137062E0,4.738875031E-1,5.153399011E0
1.481349443E1,4.569622993E0,2.418467045E0,6.036369801E-1,5.205267981E0
1.481851994E1,4.577634811E0,2.005050659E0,1.005612135E0,5.097668524E0
1.482354547E1,4.338446140E0,1.463181973E0,1.419775009E0,4.793618411E0
1.482857099E1,3.714454889E0,8.789348602E-1,1.337801814E0,4.044677405E0
1.483359651E1,2.852189302E0,2.707586288E-1,9.024213552E-1,3.003774019E0
1.483862203E1,2.185106993E0,-3.859710693E-1,8.448077440E-1,2.374313871E0
1.484364755E1,1.792102337E0,-9.531555176E-1,1.010689497E0,2.267516149E0
1.484867307E1,1.526698351E0,-1.393126488E0,1.255851507E0,2.418423510E0
1.485369859E1,1.571341515E0,-1.663082123E0,1.670858383E0,2.833147373E0
1.485872411E1,1.910946250E0,-1.724671364E0,2.140425682E0,3.347779710E0
1.486374963E1,2.352788925E0,-1.649400711E0,2.621354103E0,3.889426149E0
1.486877515E1,2.847262383E0,-1.432029724E0,3.166448116E0,4.492661336E0
1.487380068E1,3.296762466E0,-1.119867325E0,3.790177584E0,5.146668019E0
1.487882620E1,3.675511837E0,-8.414649963E-1,4.353942394E0,5.759710494E0
1.488385172E1,3.910194635E0,-5.436353683E-1,4.815446854E0,6.226852327E0
1.488887724E1,3.999716759E0,-2.356004715E-1,5.295350075E0,6.640329370E0
1.489390276E1,3.981548786E0,6.375598907E-2,5.780179024E0,7.019064404E0
1.489892828E1,3.855342150E0,3.306188583E-1,6.146443367E0,7.263039170E0
1.490395380E1,3.706913233E0,5.602779388E-1,6.390536785E0,7.409053751E0
1.490897932E1,3.564747334E0,7.288389206E-1,6.489672661E0,7.440059205E0
1.491400484E1,3.514732838E0,8.698425293E-1,6.478213310E0,7.421402875E0
1.491903036E1,3.412788868E0,9.547472000E-1,6.457133293E0,7.365679903E0
1.492405588E1,3.273192406E0,9.980049133E-1,6.464778423E0,7.314585593E0
1.492908140E1,3.100810051E0,1.028351784E0,6.477072239E0,7.254308730E0
1.493410693E1,2.952977180E0,1.012381554E0,6.460198402E0,7.174897493E0
1.493913244E1,2.781908512E0,9.740934372E-1,6.365719318E0,7.015002169E0
1.494415797E1,2.654649258E0,8.896160126E-1,6.193184853E0,6.796625483E0
1.494918349E1,2.480305195E0,7.638397217E-1,5.980117798E0,6.518985646E0
1.495420901E1,2.235298634E0,5.776433945E-1,5.759232998E0,6.204755966E0
1.495923453E1,1.982605696E0,3.691473007E-1,5.544263363E0,5.899648406E0
1.496426005E1,1.722922802E0,1.572866440E-1,5.377743721E0,5.649188402E0
1.496928557E1,1.466450095E0,-5.333137512E-2,5.268491745E0,5.469033314E0
1.497431109E1,1.209170699E0,-2.629737854E-1,5.125218868E0,5.272486836E0
1.497933661E1,9.805365801E-1,-4.145383835E-1,4.923972607E0,5.037737616E0
1.498436213E1,7.860295773E-1,-5.466794968E-1,4.674757957E0,4.771798710E0
1.498938765E1,5.784170628E-1,-6.501579285E-1,4.363900661E0,4.449820290E0
1.499441318E1,3.871548176E-1,-7.014341354E-1,4.068820953E0,4.146951006E0
1.499943870E1,2.221794128E-1,-7.438468933E-1,3.776206017E0,3.855178825E0
1.500446422E1,4.557037354E-2,-7.441329956E-1,3.487157583E0,3.565961102E0
1.500948974E1,-1.137423515E-1,-7.359514236E-1,3.150070667E0,3.236897748E0
1.501451526E1,-2.411930561E-1,-7.337751389E-1,2.761273384E0,2.867268865E0
1.501954078E1,-3.176693916E-1,-7.280597687E-1,2.340949535E0,2.472049675E0
1.502456630E1,-2.715868950E-1,-7.283496857E-1,1.947355747E0,2.096770639E0
1.502959182E1,-2.324798107E-1,-7.153978348E-1,1.561623812E0,1.733352201E0
1.503461734E1,-1.909599304E-1,-7.082557678E-1,1.160008907E0,1.372484096E0
1.503964286E1,-1.041641235E-1,-7.068119049E-1,8.284870982E-1,1.093994564E0
1.504466838E1,4.160666466E-2,-7.251958847E-1,5.044649839E-1,8.843783725E-1
1.504969390E1,2.125887871E-1,-7.728443146E-1,2.162531912E-1,8.302094734E-1
1.505471943E1,3.556988239E-1,-8.591384888E-1,-4.589527845E-2,9.309924666E-1
1.505974494E1,5.328296423E-1,-9.360923767E-1,-3.540285826E-1,1.133804482E0
1.506477047E1,7.342005968E-1,-1.027573586E0,-7.271019220E-1,1.457269774E0
1.506979599E1,9.688633680E-1,-1.166916847E0,-1.236228108E0,1.956693918E0
1.507482151E1,1.164814472E0,-1.325326920E0,-1.827434301E0,2.540236273E0
1.507984708E1,1.379435778E0,-1.517138481E0,-2.522786856E0,3.251000731E0
1.508487265E1,1.593600273E0,-1.742357254E0,-3.209886789E0,3.984814153E0
1.508989823E1,1.792902231E0,-1.934015274E0,-3.690807104E0,4.536184583E0
1.509492380E1,1.943772197E0,-2.159124374E0,-3.931274414E0,4.888249885E0
1.509994937E1,2.022275925E0,-2.317249298E0,-3.840746403E0,4.920424489E0
1.510497494E1,1.970984459E0,-2.480235100E0,-3.530479908E0,4.743483348E0
1.511000052E1,1.737722635E0,-2.643410683E0,-3.049952507E0,4.394258787E0
1.511502609E1,1.423598886E0,-2.735193253E0,-2.443881989E0,3.934523490E0
1.512005166E1,1.038627625E0,-2.770128250E0,-1.823898792E0,3.475480495E0
1.512507724E1,6.312683821E-1,-2.729308128E0,-1.191044450E0,3.044044926E0
1.513010281E1,2.780520916E-1,-2.584149361E0,-5.699965358E-1,2.660833880E0
1.513512838E1,-7.404947281E-2,-2.296439171E0,-1.408392191E-2,2.297675901E0
1.514015396E1,-4.780271053E-1,-1.899749756E0,5.336698294E-1,2.030360198E0
1.514517953E1,-9.773104191E-1,-1.465839386E0,1.125417471E0,2.090546638E0
1.515020510E1,-1.552917480E0,-1.032963753E0,1.727427244E0,2.542158866E0
1.515523068E1,-2.065960169E0,-6.250381470E-1,2.286625862E0,3.144443025E0
1.516025625E1,-2.521270514E0,-2.467918396E-1,2.850461960E0,3.813508175E0
1.516528182E1,-2.904394150E0,1.496658325E-1,3.427793026E0,4.495294236E0
1.517030739E1,-3.234440088E0,5.691814423E-1,4.003377438E0,5.178088557E0
1.517533297E1,-3.473226786E0,9.831514359E-1,4.523889065E0,5.787526529E0
1.518035854E1,-3.644629240E0,1.367774963E0,4.907336235E0,6.263870973E0
1.518538411E1,-3.772603512E0,1.737551212E0,5.191625595E0,6.648653833E0
1.519040968E1,-3.780721903E0,2.092642784E0,5.448071957E0,6.953739999E0
1.519543526E1,-3.692998648E0,2.414037228E0,5.619000435E0,7.144157098E0
1.520046083E1,-3.533644676E0,2.658868313E0,5.589555264E0,7.127366516E0
1.520548640E1,-3.403032064E0,2.765118122E0,5.498469353E0,7.032756976E0
1.521051198E1,-3.305568218E0,2.795150280E0,5.383811474E0,6.908333541E0
1.521553755E1,-3.168886900E0,2.729816914E0,5.169250488E0,6.649428184E0
1.522056307E1,-2.987665415E0,2.640860081E0,4.936335564E0,6.345683209E0
1.522558859E1,-2.713568211E0,2.513827801E0,4.728359222E0,6.003346032E0
1.523061411E1,-2.336906910E0,2.358250141E0,4.559944630E0,5.640529466E0
1.523563963E1,-1.910421610E0,2.193268776E0,4.388273239E0,5.264701385E0
1.524066515E1,-1.405861855E0,1.999820709E0,4.271037102E0,4.921126736E0
1.524569068E1,-8.236770630E-1,1.801921844E0,4.131793022E0,4.582257066E0
1.525071620E1,-1.980626583E-1,1.618834972E0,3.942041636E0,4.266092796E0
1.525574172E1,4.604678154E-1,1.412452221E0,3.721266747E0,4.006853889E0
1.526076724E1,1.065097928E0,1.202041626E0,3.455517292E0,3.810503565E0
1.526579276E1,1.619942546E0,9.590148926E-1,3.188364029E0,3.702646161E0
1.527081828E1,2.143718243E0,7.073802948E-1,2.934523106E0,3.702342589E0
1.527584380E1,2.549783468E0,4.376373291E-1,2.704073906E0,3.742317177E0
1.528086932E1,2.747566938E0,2.541732788E-2,2.324884415E0,3.599285716E0
1.528589484E1,3.106368542E0,-3.284006119E-1,1.926085472E0,3.669765350E0
1.529092036E1,3.406150103E0,-5.951900482E-1,2.023949862E0,4.006554974E0
1.529594588E1,3.531982899E0,-7.750062943E-1,2.020041704E0,4.141993052E0
1.530097140E1,3.527137756E0,-9.205598831E-1,1.842682600E0,4.084557554E0
1.530599692E1,3.444451332E0,-9.171304703E-1,1.429870605E0,3.840560275E0
1.531102244E1,3.222457886E0,-8.846187592E-1,9.014803767E-1,3.461134502E0
1.531604797E1,2.933839798E0,-8.423318863E-1,5.156399012E-1,3.095613586E0
1.532107349E1,2.675236940E0,-7.378253937E-1,2.861284018E-1,2.789829468E0
1.532609901E1,2.418205500E0,-6.381940842E-1,2.987987995E-1,2.518787456E0
1.533112453E1,2.105340958E0,-5.434322357E-1,5.198624134E-1,2.235628787E0
1.533615005E1,1.717393756E0,-4.487638474E-1,8.728295565E-1,1.978044928E0
1.534117557E1,1.326137066E0,-3.207492828E-1,1.295630097E0,1.881535801E0
1.534620109E1,1.213212252E0,-1.259441376E-1,1.736197948E0,2.121822144E0
1.535122661E1,1.195461273E0,1.596384048E-1,2.104194641E0,2.425334444E0
1.535625213E1,5.979785919E-1,3.206892014E-1,2.385911942E0,2.480523282E0
1.536127765E1,-2.859361172E-1,4.383955002E-1,2.443246365E0,2.498680227E0
1.536630318E1,-9.430389404E-1,6.033964157E-1,2.300486088E0,2.558445997E0
1.537132870E1,-1.334860325E0,8.059663773E-1,2.106093884E0,2.620508602E0
1.537635422E1,-1.561978340E0,1.026939392E0,1.883738041E0,2.653836818E0
1.538137974E1,-1.686839819E0,1.252056122E0,1.585011244E0,2.631602886E0
1.538640526E1,-1.810184717E0,1.443170071E0,1.443830609E0,2.728397953E0
1.539143078E1,-1.903346539E0,1.638664722E0,1.320751190E0,2.837663445E0
1.539645630E1,-1.961493254E0,1.838555336E0,1.287156343E0,2.980690014E0
1.540148182E1,-1.917665243E0,2.018925667E0,1.261444569E0,3.056917276E0
1.540650734E1,-1.748044729E0,2.184580803E0,1.324758291E0,3.095648267E0
1.541153286E1,-1.457828522E0,2.340364933E0,1.362199306E0,3.075412000E0
1.541655838E1,-1.047273636E0,2.481534481E0,1.407122612E0,3.038879645E0
1.542158390E1,-5.980396271E-1,2.598560810E0,1.426122308E0,3.023903854E0
1.542660942E1,-1.105899811E-1,2.705878735E0,1.395493269E0,3.046540880E0
1.543163494E1,4.145325422E-1,2.808353424E0,1.358595848E0,3.147136613E0
1.543666047E1,9.192556143E-1,2.853488922E0,1.330080748E0,3.279717169E0
1.544168599E1,1.307226896E0,2.846294403E0,1.372241497E0,3.419543934E0
1.544671151E1,1.664316893E0,2.763024330E0,1.370043874E0,3.504464921E0
1.545173703E1,1.961416245E0,2.580003262E0,1.251461029E0,3.474151007E0
1.545676255E1,2.250858545E0,2.302217960E0,1.007010460E0,3.373520682E0
1.546178807E1,2.532495260E0,1.910680771E0,5.937773585E-1,3.227507522E0
1.546681359E1,2.801444292E0,1.391166210E0,2.662158012E-2,3.127961358E0
1.547183911E1,3.105384350E0,8.107585907E-1,-6.698196530E-1,3.278627734E0
1.547686463E1,3.358288765E0,2.124557495E-1,-1.398811579E0,3.644161729E0
1.548189015E1,3.522117138E0,-3.512449265E-1,-2.125794888E0,4.128884357E0
1.548691568E1,3.611602545E0,-8.566331863E-1,-2.849572182E0,4.679482341E0
1.549194120E1,3.445736885E0,-1.227472305E0,-3.526133537E0,5.080689782E0
1.549696672E1,3.007130146E0,-1.454705238E0,-4.035583019E0,5.238790829E0
1.550199224E1,2.331490517E0,-1.457613945E0,-4.368697166E0,5.161976499E0
1.550701776E1,1.546282411E0,-1.251428604E0,-4.583397865E0,4.996458629E0
1.551204328E1,7.929590940E-1,-9.995632172E-1,-4.551138878E0,4.726602991E0
1.551706880E1,-1.777768135E-2,-9.271650314E-1,-4.287175655E0,4.386322622E0
1.552209432E1,-7.173948288E-1,-1.058131218E0,-3.864407539E0,4.070373772E0
1.552711984E1,-1.153047562E0,-1.439992905E0,-3.236458778E0,3.725287059E0
1.553214536E1,-1.374000788E0,-2.210918427E0,-2.356247902E0,3.511117006E0
1.553717088E1,-1.644817352E0,-3.480232239E0,-1.223724842E0,4.039176036E0
1.554219640E1,-2.153484821E0,-5.381061554E0,7.200026512E-2,5.796421686E0
1.554722192E1,-3.087794304E0,-8.036864281E0,1.443689823E0,8.729828259E0
1.555224744E1,-4.209242344E0,-1.107375240E1,2.719985485E0,1.215500039E1
1.555727297E1,-4.831055641E0,-1.371631813E1,3.734491348E0,1.501409029E1
1.556229849E1,-4.752286911E0,-1.536157894E1,4.595175266E0,1.672357540E1
1.556732401E1,-4.118369102E0,-1.591340637E1,5.605516434E0,1.736718978E1
1.557234953E1,-3.223327398E0,-1.512198257E1,6.889060497E0,1.692700065E1
1.557737505E1,-2.435409546E0,-1.209216976E1,7.842977524E0,1.461725301E1
1.558240057E1,-2.774883747E0,-7.859549522E0,8.136216164E0,1.164776854E1
1.558742609E1,-3.313661814E0,-4.316679001E0,7.770664215E0,9.486690390E0
1.559245161E1,-3.488990545E0,-1.646800041E0,6.930861473E0,7.932329176E0
1.559747713E1,-3.144187689E0,3.121404648E-1,5.880536079E0,6.675631242E0
1.560250265E1,-2.483989477E0,1.593474865E0,4.741134167E0,5.584596588E0
1.560752818E1,-1.676263094E0,2.537104130E0,3.648235559E0,4.749355538E0
1.561255370E1,-7.462210655E-1,3.344262600E0,2.726638794E0,4.378983595E0
1.561757922E1,7.494878769E-2,4.154057503E0,2.070344925E0,4.641997325E0
1.562260474E1,6.715962887E-1,4.966758728E0,1.732847095E0,5.303064481E0
1.562763026E1,1.072042108E0,5.730009079E0,1.512495756E0,6.022451472E0
1.563265578E1,1.319583535E0,6.367434025E0,1.264718056E0,6.624577611E0
1.563768130E1,1.543595195E0,6.884007454E0,9.840524793E-1,7.123243926E0
1.564270682E1,1.729648829E0,7.313441277E0,7.175189853E-1,7.549366985E0
1.564773234E1,1.897032738E0,7.641486168E0,5.029193163E-1,7.889484895E0
1.565275786E1,1.988339424E0,7.940038681E0,3.587689996E-1,8.193071653E0
1.565778338E1,2.080341101E0,8.046500206E0,2.223999202E-1,8.314051142E0
1.566280890E1,2.148697138E0,7.956461906E0,8.864313364E-2,8.241968397E0
1.566783442E1,2.264644146E0,7.689454079E0,-8.095830679E-2,8.016412626E0
1.567285994E1,2.408048153E0,7.155097008E0,-2.289810777E-1,7.552916088E0
1.567788547E1,2.477224350E0,6.301469326E0,-2.645997405E-1,6.776073285E0
1.568291099E1,2.356419325E0,5.201009274E0,-1.688292623E-1,5.712417423E0
1.568793651E1,2.059698105E0,3.992888451E0,9.596556425E-2,4.493854009E0
1.569296203E1,1.639691591E0,2.753865242E0,5.861275196E-1,3.258206217E0
1.569798755E1,1.053810477E0,1.436192036E0,1.227838278E0,2.163504315E0
1.570301307E1,2.982563972E-1,-1.255226135E-2,1.978787422E0,2.001178178E0
1.570803859E1,-5.057632923E-1,-1.357818604E0,2.742573261E0,3.101802051E0
1.571306411E1,-1.356806993E0,-2.570998192E0,3.485330582E0,4.538555517E0
1.571808963E1,-2.172495127E0,-3.489671707E0,4.140910625E0,5.834782302E0
1.572311515E1,-2.866286755E0,-4.056990623E0,4.721803188E0,6.853480724E0
1.572814068E1,-3.457407713E0,-4.326349258E0,5.170677662E0,7.576732375E0
1.573316620E1,-3.893311977E0,-4.203065872E0,5.393590450E0,7.868574129E0
1.573819172E1,-4.035879612E0,-3.812561035E0,5.302747250E0,7.677439305E0
1.574321724E1,-3.886049509E0,-3.241766930E0,4.906445980E0,7.048662694E0
1.574824276E1,-3.531392813E0,-2.605952263E0,4.332988262E0,6.167374618E0
1.575326828E1,-3.069054365E0,-1.933968544E0,3.643226862E0,5.141248000E0
1.575829380E1,-2.691528320E0,-1.302333832E0,2.897832870E0,4.163872411E0
1.576331932E1,-2.432880402E0,-7.874107361E-1,2.142723560E0,3.336193485E0
1.576834484E1,-2.269368410E0,-3.410701752E-1,1.409285069E0,2.693036622E0
1.577337036E1,-2.229348183E0,7.515239716E-2,7.186182141E-1,2.343513034E0
1.577839588E1,-2.307271004E0,4.135723114E-1,5.321091413E-2,2.344647723E0
1.578342140E1,-2.497237682E0,6.599941254E-1,-5.904612541E-1,2.649609930E0
1.578844692E1,-2.750212193E0,8.576173782E-1,-1.187753677E0,3.116076615E0
1.579347244E1,-2.988586187E0,1.011364937E0,-1.738048315E0,3.602126924E0
1.579849797E1,-3.182793379E0,1.169241905E0,-2.302952528E0,4.098888956E0
1.580352349E1,-3.293954849E0,1.293128967E0,-2.800854445E0,4.512993097E0
1.580854901E1,-3.297699928E0,1.416751385E0,-3.236072302E0,4.832615570E0
1.581357453E1,-3.260735273E0,1.549836636E0,-3.536924839E0,5.054129543E0
1.581860005E1,-3.177885532E0,1.673349857E0,-3.660602093E0,5.128261292E0
1.582362557E1,-3.091599464E0,1.806424141E0,-3.641075611E0,5.106719792E0
1.582865109E1,-2.977421761E0,1.872467041E0,-3.479063511E0,4.947227109E0
1.583367661E1,-2.806361198E0,1.857129097E0,-3.247274876E0,4.676471509E0
1.583870213E1,-2.578082085E0,1.755591393E0,-3.018304348E0,4.340365136E0
1.584372765E1,-2.321295261E0,1.577490330E0,-2.816553593E0,3.976161663E0
1.584875318E1,-2.102963209E0,1.327710629E0,-2.608653545E0,3.604211854E0
1.585377870E1,-1.903959036E0,9.585142136E-1,-2.423488140E0,3.227553915E0
1.585880422E1,-1.661970615E0,5.848236084E-1,-2.270448446E0,2.873865189E0
1.586382974E1,-1.329627752E0,2.114915848E-1,-2.101725101E0,2.495974169E0
1.586885526E1,-9.506883621E-1,-1.421890259E-1,-1.917072773E0,2.144573174E0
1.587388078E1,-5.690925121E-1,-4.904394150E-1,-1.711811304E0,1.869410348E0
1.587890630E1,-1.186804771E-1,-7.709846497E-1,-1.443124413E0,1.640460441E0
1.588393182E1,3.944756985E-1,-9.932794571E-1,-1.197539091E0,1.605090350E0
1.588895734E1,9.211966991E-1,-1.205050468E0,-9.852979779E-1,1.808746001E0
1.589398286E1,1.479247570E0,-1.358324051E0,-7.212513089E-1,2.133874657E0
1.589900838E1,2.010152817E0,-1.395713806E0,-4.497194886E-1,2.488167799E0
1.590403390E1,2.455441952E0,-1.350764275E0,-1.195713282E-1,2.805005634E0
1.590905942E1,2.671149969E0,-1.281053543E0,1.955327988E-1,2.968901045E0
1.591408494E1,2.523771048E0,-1.258579254E0,3.935173750E-1,2.847507325E0
1.591911047E1,2.167674065E0,-1.178476334E0,1.956344843E-1,2.475053569E0
1.592413599E1,1.900409698E0,-1.007627487E0,-2.789726853E-1,2.169031105E0
1.592916151E1,1.817892075E0,-7.462396622E-1,-5.950514078E-1,2.053214895E0
1.593418703E1,1.795275450E0,-4.325580597E-1,-5.375317931E-1,1.923294269E0
1.593921255E1,1.779649973E0,-1.334934235E-1,-3.459393382E-1,1.817869232E0
1.594423807E1,1.622997284E0,7.447814941E-2,-1.251314282E-1,1.629516816E0
1.594926359E1,1.326040506E0,2.248659134E-1,2.927157879E-1,1.376455824E0
1.595428911E1,1.057274818E0,3.079710007E-1,8.455638885E-1,1.388399967E0
1.595931463E1,9.749048948E-1,3.763847351E-1,1.318134189E0,1.682136368E0
1.596434015E1,1.026113510E0,4.396629333E-1,1.729428887E0,2.058430642E0
1.596936568E1,1.071655989E0,5.122470856E-1,2.103276253E0,2.415494697E0
1.597439120E1,1.068505049E0,6.706218719E-1,2.716985464E0,2.995571189E0
1.597941672E1,1.040788889E0,7.758884430E-1,3.555501461E0,3.785080584E0
1.598444224E1,7.548682690E-1,7.513265610E-1,4.288014412E0,4.418301178E0
1.598946776E1,3.701081276E-1,6.875228882E-1,5.043139458E0,5.103226757E0
1.599449328E1,-7.864403725E-2,6.127538681E-1,5.815366745E0,5.848088796E0
1.599951880E1,-7.571334839E-1,5.025644302E-1,6.384141922E0,6.448495189E0
1.600454432E1,-1.529636860E0,3.946943283E-1,6.074941635E0,6.276980835E0
1.600956984E1,-1.640173912E0,1.264991760E-1,4.645967007E0,4.928608519E0
1.601459536E1,-1.841400862E0,-1.445198059E-2,3.539890051E0,3.990211469E0
1.601962088E1,-1.746937275E0,-1.378622055E-1,2.360910177E0,2.940185827E0
1.602464640E1,-1.473952770E0,-3.482809067E-1,1.253699183E0,1.966112408E0
1.602967193E1,-1.421265364E0,-5.780963898E-1,3.431313038E-1,1.572237184E0
1.603469745E1,-1.618108511E0,-7.983255386E-1,-3.995134830E-1,1.848028637E0
1.603972297E1,-1.953970194E0,-9.850845337E-1,-1.036363125E0,2.421247526E0
1.604474849E1,-2.317962646E0,-1.138569832E0,-1.615059853E0,3.045933423E0
1.604977401E1,-2.637413979E0,-1.230374336E0,-2.149900675E0,3.618265664E0
1.605479953E1,-2.835237741E0,-1.155574799E0,-2.554934025E0,3.987682790E0
1.605982505E1,-2.877852678E0,-9.577064514E-1,-2.826484919E0,4.145872005E0
1.606485057E1,-2.756189585E0,-7.805385590E-1,-3.070854664E0,4.199520191E0
1.606987609E1,-2.432948589E0,-6.574869156E-1,-3.274424553E0,4.131995164E0
1.607490161E1,-1.966666222E0,-5.644092560E-1,-3.351439953E0,3.926637696E0
1.607992713E1,-1.463816404E0,-5.679368973E-1,-3.388153553E0,3.734286449E0
1.608495265E1,-1.020912886E0,-6.628360748E-1,-3.398491144E0,3.609897068E0
1.608997818E1,-6.571702957E-1,-8.344554901E-1,-3.391342163E0,3.553785366E0
1.609500370E1,-3.821177483E-1,-1.072909355E0,-3.370627642E0,3.557847545E0
1.610002922E1,-1.237225533E-1,-1.354024887E0,-3.316310406E0,3.584216145E0
1.610505474E1,1.566121578E-1,-1.615513802E0,-3.232651711E0,3.617243328E0
1.611008026E1,4.876494408E-1,-1.895613670E0,-3.162538052E0,3.719247248E0
1.611510578E1,9.023084641E-1,-2.165646553E0,-3.011150360E0,3.817225700E0
1.612013130E1,1.318291903E0,-2.411458969E0,-2.794648409E0,3.919577481E0
1.612515682E1,1.844264746E0,-2.609514236E0,-2.601786613E0,4.120700254E0
1.613018234E1,2.435618877E0,-2.731554985E0,-2.458941460E0,4.409084378E0
1.613520786E1,3.047719240E0,-2.734976768E0,-2.430330515E0,4.761848055E0
1.614023338E1,3.622226238E0,-2.668040276E0,-2.583713055E0,5.187922029E0
1.614525890E1,4.153842926E0,-2.588294983E0,-2.999817848E0,5.740434574E0
1.615028443E1,4.585316181E0,-2.457235336E0,-3.666743755E0,6.364600517E0
1.615531000E1,4.846467972E0,-2.317446709E0,-4.637817383E0,7.097052989E0
1.616033557E1,4.882801533E0,-2.158446312E0,-5.888221741E0,7.948068731E0
1.616536114E1,4.651045322E0,-1.954915047E0,-7.338865280E0,8.905776723E0
1.617038672E1,4.133061409E0,-1.666808128E0,-8.555990219E0,9.647041753E0
1.617541229E1,3.406634569E0,-1.306742668E0,-9.250514984E0,9.944081806E0
1.618043786E1,2.658850193E0,-9.740314484E-1,-9.288871765E0,9.710888748E0
1.618546344E1,2.050788879E0,-9.981212616E-1,-8.807981491E0,9.098489931E0
1.619048901E1,1.817051649E0,-1.742033005E0,-8.004219055E0,8.390701900E0
1.619551458E1,2.069279671E0,-3.204937935E0,-6.946003437E0,7.924677234E0
1.620054015E1,2.490354776E0,-4.768446922E0,-5.816433907E0,7.922806091E0
1.620556573E1,2.537237883E0,-5.427248001E0,-4.817519665E0,7.687723503E0
1.621059130E1,2.351890087E0,-5.899327278E0,-4.170487881E0,7.597790368E0
1.621561687E1,2.030343294E0,-6.969928741E0,-3.638478756E0,8.120389659E0
1.622064244E1,1.512516737E0,-8.544198990E0,-2.952282667E0,9.165534147E0
1.622566802E1,8.735759258E-1,-1.020737076E1,-1.977349520E0,1.043376556E1
1.623069359E1,2.516968250E-1,-1.159339714E1,-7.861666679E-1,1.162274781E1
1.623571916E1,-6.492075920E-1,-1.240370464E1,4.813213348E-1,1.243000521E1
1.624074474E1,-1.396674871E0,-1.250264931E1,1.632315040E0,1.268587375E1
1.624577031E1,-2.036900997E0,-1.155336189E1,2.894827366E0,1.208342510E1
1.625079588E1,-2.281610727E0,-9.529774666E0,4.399397850E0,1.074137115E1
1.625582146E1,-2.165112972E0,-6.907221794E0,5.245145798E0,8.939182375E0
1.626084703E1,-2.237078905E0,-4.542021751E0,5.418072701E0,7.415523947E0
1.626587260E1,-2.546838045E0,-2.720124245E0,5.227246284E0,6.419467552E0
1.627089818E1,-2.669779062E0,-1.225033760E0,4.879934311E0,5.695804318E0
1.627592375E1,-2.546598434E0,2.073869705E-1,4.569306850E0,5.235144509E0
1.628094932E1,-2.248500586E0,1.553996563E0,4.252806187E0,5.055395203E0
1.628597489E1,-1.881134748E0,2.801216125E0,3.967472792E0,5.208293394E0
1.629100047E1,-1.521997690E0,3.968935966E0,3.720360279E0,5.648894607E0
1.629602604E1,-1.210101366E0,4.976449013E0,3.518176556E0,6.213449635E0
1.630105156E1,-8.889935017E-1,5.824456215E0,3.271872997E0,6.739417820E0
1.630607708E1,-5.452535152E-1,6.542256832E0,2.944786549E0,7.195150705E0
1.631110260E1,-2.182357311E-1,7.125623703E0,2.571867466E0,7.578696607E0
1.631612812E1,-1.904749870E-2,7.613337994E0,2.202157974E0,7.925451278E0
1.632115364E1,1.474037170E-1,7.900461197E0,1.788415313E0,8.101693916E0
1.632617916E1,2.424547672E-1,8.082901955E0,1.388038278E0,8.204799728E0
1.633120468E1,2.660703659E-1,8.160678864E0,1.120086670E0,8.241484520E0
1.633623021E1,1.900496483E-1,8.090617180E0,9.310032129E-1,8.146224414E0
1.634125573E1,-6.076693535E-2,7.748112679E0,8.726503849E-1,7.797336814E0
1.634628125E1,-3.935191631E-1,7.056451797E0,8.678846359E-1,7.120505112E0
1.635130677E1,-6.585192680E-1,6.278742790E0,7.824284434E-1,6.361481975E0
1.635633229E1,-8.314981461E-1,5.429337978E0,6.646094322E-1,5.532703295E0
1.636135781E1,-1.070470572E0,4.489219189E0,5.104512572E-1,4.643226966E0
1.636638333E1,-1.428127766E0,3.468084812E0,3.404804468E-1,3.766044093E0
1.637140885E1,-1.932926893E0,2.385081291E0,2.473980933E-1,3.079939116E0
1.637643437E1,-2.655874729E0,1.168311119E0,2.422574759E-1,2.911582067E0
1.638145989E1,-3.528373480E0,-1.490411758E-1,3.024092317E-1,3.544444107E0
1.638648541E1,-4.443464279E0,-1.500435829E0,4.098232687E-1,4.707827268E0
1.639151094E1,-5.289170265E0,-2.833866119E0,6.800605059E-1,6.038923875E0
1.639653646E1,-5.949380875E0,-4.020771027E0,1.098545432E0,7.264195379E0
1.640156198E1,-6.485507488E0,-5.009149551E0,1.625851870E0,8.354446775E0
1.640658750E1,-6.672127724E0,-5.775629044E0,2.369822979E0,9.137354112E0
1.641161302E1,-6.591004848E0,-6.129091263E0,3.446193218E0,9.637600963E0
1.641663854E1,-6.343122482E0,-5.959662437E0,4.611011028E0,9.849578767E0
1.642166406E1,-5.785694122E0,-5.252934456E0,5.558126450E0,9.589595742E0
1.642668958E1,-4.795775414E0,-4.113831520E0,6.321909428E0,8.938098814E0
1.643171510E1,-3.581450939E0,-2.737740517E0,6.889451027E0,8.233258736E0
1.643674062E1,-2.374586105E0,-1.291149139E0,7.172527313E0,7.664911828E0
1.644176614E1,-1.473458529E0,4.987049103E-2,7.069995403E0,7.222077409E0
1.644679166E1,-1.002875328E0,1.142457962E0,6.783584118E0,6.951833039E0
1.645181718E1,-6.277980804E-1,2.082751274E0,6.496125698E0,6.850666565E0
1.645684271E1,-1.279017925E-1,2.899875641E0,6.379182816E0,7.008538435E0
1.646186823E1,3.871746063E-1,3.584838390E0,6.176572323E0,7.151993856E0
1.646689375E1,9.219090939E-1,4.071142197E0,5.882353783E0,7.212919048E0
1.647191927E1,1.331499696E0,4.253844738E0,5.382872581E0,6.988805601E0
1.647694479E1,1.691166639E0,4.099712372E0,4.742276669E0,6.492832520E0
1.648197031E1,1.927486300E0,3.632853985E0,3.987141371E0,5.728012554E0
1.648699583E1,2.029063940E0,2.867651939E0,2.987618923E0,4.611550168E0
1.649202135E1,2.094438791E0,1.875789642E0,1.706295729E0,3.288876061E0
1.649704687E1,2.255111217E0,8.819093704E-1,3.278730512E-1,2.443520305E0
1.650207239E1,2.441859007E0,4.346084595E-2,-7.756792307E-1,2.562468053E0
1.650709791E1,2.285310268E0,-6.257171631E-1,-1.387161016E0,2.745611166E0
1.651212344E1,1.887283921E0,-1.102311134E0,-1.523055553E0,2.663949822E0
1.651714896E1,1.474744797E0,-1.396461487E0,-1.394683480E0,2.463761131E0
1.652217448E1,1.021187067E0,-1.585210800E0,-1.234472871E0,2.253805576E0
1.652720000E1,6.247386932E-1,-1.726373672E0,-1.103611588E0,2.142107147E0
1.653222552E1,2.970775366E-1,-1.786727905E0,-9.775280952E-1,2.058206221E0
1.653725104E1,7.825374603E-2,-1.771219254E0,-9.225919247E-1,1.998628818E0
1.654227656E1,-9.724760056E-2,-1.660778046E0,-8.945997953E-1,1.888901693E0
1.654730208E1,-2.328172922E-1,-1.465023041E0,-9.109061956E-1,1.740760322E0
1.655232760E1,-3.320602179E-1,-1.160086632E0,-9.400662184E-1,1.529637041E0
1.655735312E1,-4.848304987E-1,-7.891025543E-1,-9.211882353E-1,1.306266136E0
1.656237864E1,-6.755703688E-1,-3.617763519E-1,-8.595827818E-1,1.151590210E0
1.656740416E1,-9.465361834E-1,7.871150970E-2,-8.985508680E-1,1.307486103E0
1.657242968E1,-1.206265092E0,4.700155258E-1,-9.793996811E-1,1.623334162E0
1.657745521E1,-1.387659431E0,7.498559952E-1,-1.038367391E0,1.888409264E0
1.658248073E1,-1.424356461E0,9.278421402E-1,-1.025932908E0,1.985502631E0
1.658750625E1,-1.379212499E0,1.018384933E0,-9.217239618E-1,1.946512279E0
1.659253177E1,-1.296344995E0,1.055074692E0,-7.341169119E-1,1.825546656E0
1.659755729E1,-1.004836440E0,1.037970543E0,1.197827935E0,1.876664829E0
1.660258281E1,5.086832047E-1,1.092247009E0,4.193676472E0,4.363334102E0
1.660760833E1,-3.118122816E-1,1.237303734E0,9.959762096E-1,1.618677250E0
1.661263385E1,-1.036676168E0,1.114178658E0,3.244546652E-1,1.556072745E0
1.661765937E1,-1.220171213E0,8.140573502E-1,8.547677994E-1,1.697685233E0
1.662268489E1,-1.312137961E0,6.194190979E-1,1.101828814E0,1.821925570E0
1.662771041E1,-1.498486161E0,5.110254288E-1,1.117710829E0,1.938010645E0
1.663273594E1,-1.463286996E0,4.601640701E-1,2.523332357E0,2.952992718E0
1.663776146E1,-3.337212801E-1,5.872468948E-1,5.634123802E0,5.674467361E0
1.664278698E1,-1.071842909E0,8.539762497E-1,1.896467328E0,2.339810031E0
1.664781250E1,-1.230110526E0,1.091765404E0,4.007005692E-1,1.692833290E0
1.665283802E1,-1.220882535E0,1.338453293E0,2.527410984E-1,1.829177259E0
1.665786354E1,-1.350508809E0,1.435928345E0,2.617114782E-1,1.988531406E0
1.666288906E1,-1.369358540E0,1.379517555E0,5.943756104E-1,2.032607651E0
1.666791458E1,-1.329003453E0,1.298698425E0,8.417086005E-1,2.039936555E0
1.667294010E1,-1.276229620E0,1.212884903E0,8.387560248E-1,1.950221398E0
1.667796562E1,-1.133635044E0,1.127079964E0,9.234583378E-1,1.846134599E0
1.668299114E1,-9.063341618E-1,1.017665863E0,1.065718532E0,1.729983066E0
1.668801666E1,-7.289918661E-1,8.610258102E-1,1.259926558E0,1.691215396E0
1.669304218E1,-5.736725330E-1,7.100429535E-1,1.381291866E0,1.655665543E0
1.669806771E1,-4.701406956E-1,5.122957230E-1,1.343785048E0,1.513022616E0
1.670309323E1,-3.666491508E-1,2.965869904E-1,1.114669323E0,1.210323569E0
1.670811875E1,-2.594434023E-1,1.203041077E-1,6.904145479E-1,7.472992742E-1
1.671314427E1,-2.880264521E-1,-5.020904541E-2,1.635553837E-1,3.350082818E-1
1.671816979E1,-4.666609764E-1,-3.013057709E-1,-3.782101870E-1,6.720123362E-1
1.672319531E1,-5.224814415E-1,-3.414201736E-1,-8.043470383E-1,1.018100560E0
1.672822083E1,-5.755652189E-1,-2.522077560E-1,-1.099764466E0,1.266635684E0
1.673324635E1,-7.215968370E-1,-1.487398148E-1,-1.273374319E0,1.471158620E0
1.673827187E1,-8.740204573E-1,-7.215499878E-3,-1.334672332E0,1.595404042E0
1.674329739E1,-1.013426900E0,1.435985565E-1,-1.346073866E0,1.691026162E0
1.674832291E1,-1.149113059E0,2.749977112E-1,-1.327046394E0,1.776833334E0
1.675334844E1,-1.213713169E0,4.013538361E-1,-1.278039694E0,1.807642115E0
1.675837396E1,-1.240574121E0,5.083522797E-1,-1.242502809E0,1.827911218E0
1.676339948E1,-1.258305669E0,5.864706039E-1,-1.254128456E0,1.870860527E0
1.676842500E1,-1.271790624E0,6.309881210E-1,-1.269879580E0,1.904781233E0
1.677345052E1,-1.319013238E0,6.323566437E-1,-1.294663429E0,1.953413485E0
1.677847604E1,-1.361509919E0,6.288471222E-1,-1.299683094E0,1.984523648E0
1.678350156E1,-1.442055702E0,6.108837128E-1,-1.232524753E0,1.992942755E0
1.678852708E1,-1.512431860E0,5.975666046E-1,-1.131577849E0,1.981162388E0
1.679355260E1,-1.500677109E0,5.745363235E-1,-1.049672484E0,1.919358251E0
1.679857812E1,-1.469013453E0,5.322093964E-1,-8.909819126E-1,1.798637299E0
1.680360364E1,-1.369758487E0,4.371576309E-1,-6.986738443E-1,1.598590081E0
1.680862916E1,-1.227008939E0,3.803195953E-1,-5.062124729E-1,1.380740743E0
1.681365468E1,-1.040926695E0,3.233966827E-1,-3.422302008E-1,1.142468953E0
1.681868021E1,-8.593209982E-1,2.903347015E-1,-2.595613003E-1,9.434505209E-1
1.682370573E1,-6.918331385E-1,2.620162964E-1,-1.721837521E-1,7.595609755E-1
1.682873125E1,-4.522495270E-1,2.480192184E-1,-1.137850285E-1,5.281952291E-1
1.683375677E1,-2.746083736E-1,2.292270660E-1,-1.514365673E-1,3.884428408E-1
1.683878229E1,3.836631775E-3,2.630386353E-1,-6.509447098E-2,2.710006154E-1
1.684380781E1,2.679067850E-1,3.254823685E-1,-4.600012302E-2,4.240622937E-1
1.684883333E1,5.458017588E-1,5.073757172E-1,3.081393242E-2,7.458412543E-1
1.685385885E1,7.988353968E-1,6.937875748E-1,1.704485416E-1,1.071695804E0
1.685888437E1,9.883929491E-1,9.325418472E-1,4.639991522E-1,1.435914389E0
1.686390989E1,9.996783733E-1,1.127887726E0,8.398175240E-1,1.725335053E0
1.686893541E1,1.072064400E0,1.385147095E0,1.517439127E0,2.317450335E0
1.687396094E1,7.946169972E-1,1.603868961E0,1.907515526E0,2.615803375E0
1.687898646E1,7.089838386E-1,1.822426319E0,2.444522142E0,3.130428769E0
1.688401198E1,5.906236172E-1,1.983562469E0,2.864089012E0,3.533604703E0
1.688903750E1,5.023900270E-1,2.125757217E0,3.164946556E0,3.845533278E0
1.689406302E1,4.877506495E-1,2.268255234E0,3.279354334E0,4.017094391E0
1.689908854E1,4.941276312E-1,2.439816952E0,3.278731346E0,4.116667112E0
1.690411406E1,4.644801617E-1,2.587726116E0,3.225384951E0,4.161150845E0
1.690913958E1,4.656679630E-1,2.735879421E0,3.234384060E0,4.261821571E0
1.691416510E1,5.308628678E-1,2.860321522E0,3.229422092E0,4.346541343E0
1.691919062E1,5.542218089E-1,2.961065292E0,3.186973572E0,4.385415605E0
1.692421614E1,5.688001513E-1,3.033315659E0,3.145795822E0,4.406877449E0
1.692924166E1,5.836330652E-1,3.053187370E0,3.053608418E0,4.357419539E0
1.693426718E1,5.790523887E-1,3.063809395E0,2.872350216E0,4.239413337E0
1.693929271E1,5.450440049E-1,3.046026230E0,2.636099339E0,4.065017649E0
1.694431823E1,4.574016929E-1,2.985540390E0,2.378407001E0,3.844409915E0
1.694934375E1,3.161574602E-1,2.858438969E0,2.137738466E0,3.583371963E0
1.695436927E1,1.694301367E-1,2.669529438E0,1.890083075E0,3.275287471E0
1.695939479E1,4.152810574E-2,2.457041264E0,1.630730629E0,2.949247148E0
1.696442031E1,-7.208836079E-2,2.240051270E0,1.374075413E0,2.628898945E0
1.696944583E1,-1.520123482E-1,2.042361259E0,1.096500874E0,2.323071552E0
1.697447135E1,-1.790071726E-1,1.844753742E0,8.076294661E-1,2.021738186E0
1.697949687E1,-1.911082268E-1,1.675831318E0,4.789223075E-1,1.753368055E0
1.698452239E1,-1.788965464E-1,1.516384602E0,1.489909887E-1,1.534152714E0
1.698954791E1,-1.424770355E-1,1.380711555E0,-1.819261909E-1,1.399914727E0
1.699457344E1,-1.201337576E-1,1.225708008E0,-5.137196779E-1,1.334428772E0
1.699959896E1,-6.403577328E-2,1.056142807E0,-7.935485840E-1,1.322595011E0
1.700462448E1,-3.657650948E-2,8.959360123E-1,-1.059422255E0,1.387953419E0
1.700965000E1,6.272757053E-2,7.785186768E-1,-1.253638744E0,1.477036282E0
1.701467552E1,2.288786173E-1,7.516584396E-1,-1.404623270E0,1.609454057E0
1.701970104E1,4.762235284E-1,8.008708954E-1,-1.450024366E0,1.723587452E0
1.702472656E1,6.993466020E-1,9.308671951E-1,-1.284823060E0,1.733888607E0
1.702975208E1,6.833254099E-1,1.060216904E0,-8.713668585E-1,1.533060240E0
1.703477760E1,2.093104124E-1,9.783592224E-1,-3.298161626E-1,1.053459215E0
1.703980312E1,-5.485447645E-1,5.705461502E-1,1.529452652E-1,8.061119788E-1
1.704482864E1,-1.507286191E0,-1.869611740E-1,4.481642246E-1,1.583577379E0
1.704985416E1,-2.632402658E0,-1.375175476E0,5.372230411E-1,3.018155056E0
1.705487968E1,-3.932410717E0,-3.012858391E0,7.458586097E-1,5.009737997E0
1.705990521E1,-5.276845932E0,-5.137910843E0,1.237873554E0,7.468303807E0
1.706493073E1,-6.621223927E0,-7.702113152E0,1.929697633E0,1.033861143E1
1.706995625E1,-7.931568623E0,-1.070488739E1,2.491205931E0,1.355398472E1
1.707498177E1,-9.060540199E0,-1.433188343E1,2.864650249E0,1.719600222E1
1.708000729E1,-9.901481628E0,-1.826603317E1,2.711477041E0,2.095326738E1
1.708503281E1,-1.022967911E1,-2.188928604E1,1.257604957E0,2.419439498E1
1.709005833E1,-9.997802734E0,-2.438359451E1,-1.604644775E0,2.640247386E1
1.709508385E1,-7.952145576E0,-2.383214951E1,-4.002024651E0,2.544060083E1
1.710010937E1,-4.003073692E0,-1.850680923E1,-5.149964809E0,1.962265845E1
1.710513489E1,-1.500975132E0,-1.171803951E1,-5.197318077E0,1.290649029E1
1.711016041E1,-7.213318348E-1,-6.615374565E0,-4.916110992E0,8.273551084E0
1.711518594E1,-5.948426723E-1,-2.920283318E0,-4.564884663E0,5.451611179E0
1.712021146E1,-5.957908630E-1,-3.373336792E-2,-4.268496037E0,4.310007321E0
1.712523698E1,-5.360124111E-1,2.226909637E0,-3.990550995E0,4.601188225E0
1.713026250E1,-4.344654083E-1,3.862537861E0,-3.662441730E0,5.340546634E0
1.713528802E1,-4.012987614E-1,4.926666737E0,-3.293023109E0,5.939451745E0
1.714031354E1,-4.168772697E-1,5.573018551E0,-2.939318657E0,6.314421319E0
1.714533906E1,-2.844548225E-1,5.978941917E0,-2.553334475E0,6.507547767E0
1.715036463E1,5.333328247E-2,6.374189377E0,-2.126093388E0,6.719628542E0
1.715539021E1,4.812517166E-1,6.796973228E0,-1.730098605E0,7.030198395E0
1.716041578E1,1.013065338E0,7.132463455E0,-1.389979839E0,7.336918990E0
1.716544135E1,1.480584741E0,7.438186169E0,-1.049077153E0,7.656324675E0
1.717046692E1,1.926306725E0,7.718982697E0,-7.512117028E-1,7.991099454E0
1.717549250E1,2.387661457E0,8.032342911E0,-5.356541276E-1,8.396808037E0
1.718051807E1,2.877944708E0,8.330544472E0,-3.173261881E-1,8.819366919E0
1.718554364E1,3.334282875E0,8.561064720E0,-3.538572788E-2,9.187519991E0
1.719056922E1,3.674840927E0,8.571030617E0,1.942088008E-1,9.327633072E0
1.719559479E1,3.889855623E0,8.049938202E0,3.628218174E-2,8.940570352E0
1.720062036E1,3.854765892E0,6.989042282E0,-7.752612233E-2,7.981976096E0
1.720564594E1,4.798623562E0,5.714392662E0,2.776138544E0,7.961659174E0
1.721067151E1,5.145309448E0,4.494567394E0,3.166212082E0,7.529956463E0
1.721569708E1,4.374374390E0,2.650413990E0,1.986166954E0,5.486775445E0
1.722072265E1,5.188426495E0,9.003028870E-1,3.245056391E0,6.185523887E0
1.722574823E1,4.585497856E0,-1.090207100E0,2.462781429E0,5.317953975E0
1.723077380E1,2.646072626E0,-3.254527092E0,1.259420991E0,4.379473503E0
1.723579937E1,1.756347060E0,-5.689152718E0,3.115756512E0,6.720055973E0
1.724082494E1,2.144675016E0,-7.729227066E0,5.592045784E0,9.778116282E0
1.724585052E1,2.935582638E0,-8.408051491E0,5.494454384E0,1.046432054E1
1.725087609E1,3.397628307E0,-8.099143982E0,3.702409983E0,9.531413905E0
1.725590166E1,3.590795517E0,-7.109186172E0,1.542164803E0,8.112497319E0
1.726092724E1,3.414048195E0,-5.945820808E0,-2.243700325E-1,6.859945486E0
1.726595281E1,2.878940344E0,-4.772295952E0,-1.233660460E0,5.708329378E0
1.727097838E1,2.265998363E0,-3.670492172E0,-1.745906591E0,4.653541790E0
1.727600396E1,1.793490291E0,-2.664711952E0,-1.774520636E0,3.669634954E0
1.728102953E1,1.377618313E0,-1.812520027E0,-1.507616997E0,2.730562227E0
1.728605510E1,1.105808973E0,-1.080314636E0,-1.111438394E0,1.903992779E0
1.729108068E1,9.449248314E-1,-4.105148315E-1,-7.348052859E-1,1.265442283E0
1.729610620E1,8.465433121E-1,2.258310318E-1,-4.318363070E-1,9.767895527E-1
1.730113172E1,8.431386948E-1,7.428941727E-1,-1.470167637E-1,1.133308669E0
1.730615724E1,8.711578846E-1,1.155411720E0,1.223080754E-1,1.452188544E0
1.731118276E1,8.719822168E-1,1.482821941E0,3.693500757E-1,1.759412793E0
1.731620828E1,8.156926632E-1,1.691918850E0,6.638058424E-1,1.992130044E0
1.732123380E1,6.299874783E-1,1.782826424E0,9.894598722E-1,2.134100541E0
1.732625932E1,3.243734837E-1,1.808160782E0,1.292127132E0,2.245942140E0
1.733128484E1,4.611730576E-3,1.786825180E0,1.589511395E0,2.391508303E0
1.733631036E1,-3.097009659E-1,1.718580723E0,1.832619548E0,2.531388709E0
1.734133588E1,-6.561455727E-1,1.612742901E0,2.006538630E0,2.656626422E0
1.734636140E1,-1.019391298E0,1.483349323E0,2.139483452E0,2.795867178E0
1.735138692E1,-1.470168829E0,1.310974121E0,2.293389559E0,3.023191228E0
1.735641244E1,-1.925784111E0,1.171832085E0,2.458617449E0,3.335661049E0
1.736143797E1,-2.284635782E0,1.051211357E0,2.572644711E0,3.597652955E0
1.736646349E1,-2.598378658E0,9.488430023E-1,2.592421055E0,3.791110869E0
1.737148901E1,-2.789698601E0,8.884639740E-1,2.575729847E0,3.899509041E0
1.737651453E1,-2.877410889E0,8.460655212E-1,2.537262440E0,3.928488383E0
1.738154005E1,-2.899677038E0,8.311843872E-1,2.434074402E0,3.876043421E0
1.738656557E1,-2.918650389E0,8.629589081E-1,2.295243740E0,3.812002360E0
1.739159109E1,-2.905523300E0,9.509296417E-1,2.058883429E0,3.685828781E0
1.739661661E1,-2.884302139E0,1.080740929E0,1.792276859E0,3.563629628E0
1.740164213E1,-2.965133905E0,1.175863266E0,1.547874928E0,3.545502826E0
1.740666765E1,-3.075804234E0,1.231483459E0,1.306255102E0,3.561379731E0
1.741169318E1,-3.177899361E0,1.214116096E0,1.066893935E0,3.565302920E0
1.741671870E1,-3.271426678E0,1.195550919E0,7.432642579E-1,3.561462658E0
1.742174422E1,-3.432735443E0,1.161392212E0,3.927611113E-1,3.645101615E0
1.742676974E1,-3.637532234E0,1.102017403E0,2.011132240E-2,3.800853533E0
1.743179526E1,-3.799274445E0,1.070018768E0,-3.598422408E-1,3.963447099E0
1.743682078E1,-3.879395008E0,1.017511368E0,-7.321849465E-1,4.076901987E0
1.744184630E1,-3.911478996E0,9.493999481E-1,-1.110295773E0,4.175378414E0
1.744687182E1,-3.829124928E0,9.089517593E-1,-1.497936487E0,4.210962447E0
1.745189734E1,-3.671155453E0,8.485126495E-1,-1.831912518E0,4.189661030E0
1.745692286E1,-3.447638035E0,8.496046066E-1,-2.101854324E0,4.126236494E0
1.746194838E1,-3.182830811E0,8.692703247E-1,-2.311909199E0,4.028767431E0
1.746697390E1,-2.886807680E0,8.933086395E-1,-2.476045847E0,3.906720101E0
1.747199942E1,-2.545461655E0,8.979120255E-1,-2.570035219E0,3.727023218E0
1.747702494E1,-2.173487186E0,8.784093857E-1,-2.617796659E0,3.514044529E0
1.748205047E1,-1.819216609E0,8.110103607E-1,-2.681701660E0,3.340480605E0
1.748707599E1,-1.459252596E0,7.627992630E-1,-2.690338850E0,3.154235879E0
1.749210151E1,-1.137238741E0,6.764059067E-1,-2.610908508E0,2.927059983E0
1.749712703E1,-8.198707104E-1,5.996503830E-1,-2.468106031E0,2.668954092E0
1.750215255E1,-5.029261112E-1,5.133514404E-1,-2.315634727E0,2.424588329E0
1.750717807E1,-2.154040337E-1,3.983278275E-1,-2.125644207E0,2.173344715E0
1.751220359E1,1.375389099E-2,2.593193054E-1,-1.927710295E0,1.945122786E0
1.751722911E1,1.701786518E-1,3.408718109E-2,-1.612494349E0,1.621807861E0
1.752225463E1,3.785979748E-1,-2.344312668E-1,-1.310042024E0,1.383656225E0
1.752728015E1,6.102719307E-1,-3.980512619E-1,-1.078250527E0,1.301345779E0
1.753230568E1,8.794443607E-1,-5.143404007E-1,-9.458842874E-1,1.390203408E0
1.753733120E1,1.152135611E0,-5.785503387E-1,-8.987208009E-1,1.571571200E0
1.754235672E1,1.389670610E0,-6.384649277E-1,-8.455361724E-1,1.747499153E0
1.754738224E1,1.587013364E0,-6.987838745E-1,-7.955982685E-1,1.907848769E0
1.755240776E1,1.710674763E0,-7.882003784E-1,-7.774676085E-1,2.037676094E0
1.755743328E1,1.808547854E0,-8.253221512E-1,-8.050175905E-1,2.144773955E0
1.756245880E1,1.919076204E0,-8.389701843E-1,-8.733266592E-1,2.269234210E0
1.756748432E1,1.999419928E0,-8.052301407E-1,-1.024822235E0,2.386699864E0
1.757250984E1,2.063961506E0,-7.623033524E-1,-1.225261927E0,2.518394387E0
1.757753536E1,2.103313446E0,-7.196674347E-1,-1.459553242E0,2.659350359E0
1.758256088E1,2.088855982E0,-6.580114365E-1,-1.693350077E0,2.768344784E0
1.758758640E1,2.030513763E0,-5.819635391E-1,-1.987830639E0,2.900541045E0
1.759261192E1,1.929150462E0,-4.867153168E-1,-2.270295143E0,3.018733732E0
1.759763744E1,1.813986301E0,-3.721847534E-1,-2.544818640E0,3.147247957E0
1.760266297E1,1.685843587E0,-2.431488037E-1,-2.796356201E0,3.274262962E0
1.760768849E1,1.597986221E0,-1.186771393E-1,-3.048153400E0,3.443672949E0
1.761271401E1,1.498417139E0,-1.305294037E-2,-3.270875692E0,3.597784332E0
1.761773953E1,1.406772375E0,8.336639404E-2,-3.416273594E0,3.695522120E0
1.762276505E1,1.303999901E0,1.419906616E-1,-3.551149845E0,3.785662731E0
1.762779057E1,1.214136958E0,1.772508621E-1,-3.637128592E0,3.838521957E0
1.763281609E1,1.084552288E0,1.174240112E-1,-3.698323727E0,3.855857940E0
1.763784161E1,9.915920496E-1,-2.779293060E-2,-3.701466560E0,3.832085847E0
1.764286713E1,1.001549006E0,-2.151260376E-1,-3.661106110E0,3.801720343E0
1.764789265E1,1.046618581E0,-4.539699554E-1,-3.591890335E0,3.768710038E0
1.765291818E1,1.159322619E0,-7.297172546E-1,-3.455764771E0,3.717368203E0
1.765794370E1,1.271558285E0,-9.894952774E-1,-3.276982307E0,3.651653655E0
1.766296922E1,1.353678226E0,-1.218839645E0,-3.075191021E0,3.574187269E0
1.766799474E1,1.438455701E0,-1.436852455E0,-2.846160889E0,3.497760939E0
1.767302026E1,1.458227038E0,-1.610095978E0,-2.562083721E0,3.359033812E0
1.767804578E1,1.393309593E0,-1.719576836E0,-2.214458942E0,3.130828089E0
1.768307130E1,1.281891942E0,-1.794339180E0,-1.814150572E0,2.855528382E0
1.768809682E1,1.128855705E0,-1.810914040E0,-1.429668903E0,2.568594564E0
1.769312234E1,9.680790901E-1,-1.788887024E0,-1.076461077E0,2.301317527E0
1.769814786E1,8.045119047E-1,-1.738244057E0,-7.557942867E-1,2.059115541E0
1.770317338E1,6.193225384E-1,-1.659288406E0,-4.540357590E-1,1.828372744E0
1.770819890E1,4.608008862E-1,-1.585773468E0,-1.955502033E-1,1.662905539E0
1.771322442E1,3.482487202E-1,-1.512977600E0,-7.599258423E-2,1.554398039E0
1.771824994E1,2.529156208E-1,-1.464776993E0,-5.202293396E-2,1.487361535E0
1.772327547E1,1.222412586E-1,-1.417193413E0,-5.632424355E-2,1.423570341E0
1.772830099E1,-5.793142319E-2,-1.389353752E0,-8.864188194E-2,1.393383394E0
1.773332651E1,-3.542501926E-1,-1.433979034E0,-9.649658203E-2,1.480236691E0
1.773835203E1,-7.566061020E-1,-1.536875725E0,-8.026909828E-2,1.714900264E0
1.774337755E1,-1.149518728E0,-1.640885353E0,-6.423020363E-2,2.004500828E0
1.774840307E1,-1.460592985E0,-1.674623489E0,-1.348371506E-1,2.226179857E0
1.775342859E1,-1.736620665E0,-1.767669678E0,-3.779256344E-1,2.506658175E0
1.775845411E1,-1.914119005E0,-2.106528282E0,-8.588120937E-1,2.973023912E0
1.776347963E1,-1.982299566E0,-2.767049789E0,-1.583968163E0,3.754334994E0
1.776850515E1,-1.801109314E0,-3.594956398E0,-2.496107340E0,4.732679803E0
1.777353068E1,-1.164675474E0,-4.411467552E0,-3.531807184E0,5.769850684E0
1.777855620E1,-2.710838318E-1,-5.190244675E0,-4.464597225E0,6.851624232E0
1.778358172E1,3.797221184E-1,-6.005535126E0,-5.088547707E0,7.880606499E0
1.778860724E1,6.278007030E-1,-7.137759209E0,-5.266711712E0,8.892693208E0
1.779363276E1,4.956479073E-1,-8.542645454E0,-5.117364883E0,9.970450419E0
1.779865828E1,1.161801815E-1,-1.007166195E1,-4.674246788E0,1.110407381E1
1.780368380E1,-2.584660053E-1,-1.144319439E1,-4.063601494E0,1.214604296E1
1.780870932E1,-6.204152107E-1,-1.205165005E1,-3.031911373E0,1.244265528E1
1.781373484E1,-1.037940025E0,-1.163281918E1,-1.239773750E0,1.174465157E1
1.781876036E1,-1.808702707E0,-1.013961411E1,1.149488449E0,1.036361440E1
1.782378588E1,-2.772447109E0,-8.035740852E0,2.666519642E0,8.908979797E0
1.782881140E1,-3.436191797E0,-6.050111771E0,3.204315186E0,7.660215553E0
1.783383692E1,-3.642390966E0,-4.531476021E0,3.118274927E0,6.597342298E0
1.783886244E1,-3.450540304E0,-3.272689819E0,2.746918201E0,5.492020270E0
1.784388797E1,-2.931722403E0,-1.970850945E0,2.390023708E0,4.265145134E0
1.784891349E1,-2.230438471E0,-6.151380539E-1,2.096503258E0,3.122271050E0
1.785393901E1,-1.539761305E0,7.380466461E-1,1.845910549E0,2.514550354E0
1.785896453E1,-8.851740360E-1,1.974730492E0,1.554565549E0,2.664538916E0
1.786399005E1,-3.783998489E-1,3.153120041E0,1.305562854E0,3.433634634E0
1.786901557E1,-8.261513710E-2,4.263988018E0,1.185537934E0,4.426501923E0
1.787404109E1,5.406665802E-2,5.321778774E0,1.093427658E0,5.433216043E0
1.787906661E1,2.129845619E-1,6.297619820E0,9.846894741E-1,6.377694817E0
1.788409213E1,3.885557652E-1,7.124423981E0,8.715155125E-1,7.188040896E0
1.788911765E1,5.802309513E-1,7.816448212E0,7.896348238E-1,7.877629958E0
1.789414318E1,8.880366087E-1,8.311461449E0,7.077072859E-1,8.388673914E0
1.789916870E1,1.315989852E0,8.528409958E0,5.807116032E-1,8.648863027E0
1.790419422E1,1.610078096E0,8.348137856E0,5.126682520E-1,8.517428360E0
1.790921974E1,1.722564459E0,7.871604919E0,6.986370087E-1,8.088107689E0
1.791424526E1,1.792532682E0,7.237882614E0,8.987058997E-1,7.510511996E0
1.791927078E1,1.767587423E0,6.418509960E0,9.595816731E-1,6.726249504E0
1.792429630E1,1.585671425E0,5.552498341E0,7.954731584E-1,5.829011000E0
1.792932182E1,1.418937325E0,4.735706806E0,4.981889427E-1,4.968751786E0
1.793434734E1,1.286328793E0,4.039935112E0,6.441003084E-2,4.240267223E0
1.793937286E1,1.106448293E0,3.364661694E0,-4.656169415E-1,3.572390694E0
1.794439838E1,7.790833712E-1,2.657202244E0,-1.008703709E0,2.947062577E0
1.794942390E1,1.666693687E-1,1.835999966E0,-1.414461613E0,2.323655785E0
1.795444942E1,-6.807720661E-1,9.102048874E-1,-1.709814668E0,2.053141432E0
1.795947494E1,-1.607703686E0,-1.541919708E-1,-1.697072625E0,2.342763710E0
1.796450047E1,-2.668951511E0,-1.262104988E0,-1.489824414E0,3.306930292E0
1.796952599E1,-3.885560989E0,-2.428627014E0,-9.916728735E-1,4.688200984E0
1.797455151E1,-5.144150734E0,-3.606774330E0,-8.302751184E-2,6.283152187E0
1.797957703E1,-6.026465893E0,-4.457621574E0,1.301859736E0,7.608121978E0
1.798460255E1,-6.427318573E0,-4.881343842E0,3.045589685E0,8.626329362E0
1.798962807E1,-6.400597095E0,-4.830422401E0,4.603496552E0,9.246231895E0
1.799465359E1,-6.048864841E0,-4.443519592E0,6.143594742E0,9.699349905E0
1.799967911E1,-5.212513924E0,-3.653081894E0,7.408280373E0,9.767186228E0
1.800470463E1,-4.159010410E0,-2.620835304E0,8.380433083E0,9.715853227E0
1.800973015E1,-3.169805527E0,-1.383954048E0,9.044100761E0,9.682910434E0
1.801475568E1,-2.372241735E0,5.865383148E-2,9.253745079E0,9.553154930E0
1.801978120E1,-2.068639040E0,1.229681969E0,8.694781303E0,9.021674298E0
1.802480672E1,-2.032675028E0,2.072609901E0,7.379393578E0,7.929875733E0
1.802983224E1,-1.769426107E0,2.573363781E0,6.034778595E0,6.794970389E0
1.803485776E1,-1.464188099E0,2.741556644E0,5.039842129E0,5.921147550E0
1.803988333E1,-1.049139261E0,2.787540913E0,4.185703278E0,5.137235585E0
1.804490890E1,-6.154909134E-1,2.696752071E0,3.402898312E0,4.385318428E0
1.804993448E1,-2.402458191E-1,2.440266132E0,2.588941574E0,3.565842863E0
1.805496005E1,1.236338615E-1,2.084917068E0,1.684702873E0,2.683353925E0
1.805998562E1,5.231165886E-1,1.640028477E0,6.079183817E-1,1.825625681E0
1.806501120E1,9.665427208E-1,1.162824631E0,-5.172510147E-1,1.598097170E0
1.807003677E1,1.342505097E0,7.153167725E-1,-1.503867388E0,2.139068756E0
1.807506234E1,1.544888854E0,3.355808258E-1,-2.246833801E0,2.747281965E0
1.808008791E1,1.525665641E0,4.247665405E-3,-2.622753143E0,3.034222757E0
1.808511349E1,1.237754703E0,-2.120132446E-1,-2.653372765E0,2.935536296E0
1.809013906E1,7.638059855E-1,-4.044961929E-1,-2.447833300E0,2.595940026E0
1.809516463E1,2.153114080E-1,-5.256757736E-1,-2.102414370E0,2.177806282E0
1.810019021E1,-3.056938648E-1,-5.424489975E-1,-1.733573437E0,1.842003397E0
1.810521578E1,-7.165653706E-1,-4.551496506E-1,-1.348500609E0,1.593449412E0
1.811024135E1,-9.876446724E-1,-2.639904022E-1,-9.502158761E-1,1.395723161E0
1.811526692E1,-1.156877756E0,-6.461715698E-2,-4.608667493E-1,1.246972205E0
1.812029250E1,-1.343565464E0,1.287975311E-1,6.368696690E-2,1.351226476E0
1.812531807E1,-1.552066445E0,3.499336243E-1,6.016267538E-1,1.700975762E0
1.813034364E1,-1.762649179E0,5.797758102E-1,1.103068352E0,2.158664380E0
1.813536922E1,-1.889039755E0,8.519926071E-1,1.494848013E0,2.555177720E0
1.814039479E1,-1.964466333E0,1.128370285E0,1.833763123E0,2.914624275E0
1.814542036E1,-2.031926155E0,1.356435776E0,2.085794449E0,3.212348113E0
1.815044594E1,-2.043501139E0,1.541096210E0,2.255743504E0,3.411634973E0
1.815547151E1,-2.013589382E0,1.696799755E0,2.324681282E0,3.512522551E0
1.816049708E1,-1.966268897E0,1.790120602E0,2.317070246E0,3.526975995E0
1.816552265E1,-1.920875549E0,1.825911999E0,2.176197052E0,3.429220190E0
1.817054823E1,-1.848830462E0,1.823338032E0,1.950673342E0,3.247747241E0
1.817557380E1,-1.754930496E0,1.830169201E0,1.655767202E0,3.028343669E0
1.818059937E1,-1.610592127E0,1.808068752E0,1.292210579E0,2.744617968E0
1.818562489E1,-1.420880556E0,1.790481091E0,9.039596319E-1,2.458020974E0
1.819065041E1,-1.186082125E0,1.719973087E0,5.059725046E-1,2.149675883E0
1.819567594E1,-9.304964542E-1,1.630049229E0,1.467794180E-1,1.882665222E0
1.820070146E1,-7.072818279E-1,1.477681637E0,-1.585695744E-1,1.645884235E0
1.820572698E1,-5.166143179E-1,1.358571053E0,-3.905712366E-1,1.505042042E0
1.821075250E1,-3.206014633E-1,1.258341789E0,-5.106489658E-1,1.395339286E0
1.821577802E1,-1.147921085E-1,1.196162224E0,-5.716063976E-1,1.330682219E0
1.822080354E1,9.103357792E-2,1.167262077E0,-5.785009861E-1,1.305929271E0
1.822582906E1,2.345874310E-1,1.123828888E0,-4.694789648E-1,1.240335894E0
1.823085458E1,3.777786493E-1,1.113821983E0,-2.594052553E-1,1.204411560E0
1.823588010E1,4.870414734E-1,1.075103760E0,9.901475906E-2,1.184424507E0
1.824090562E1,4.904509783E-1,1.003022194E0,4.952654839E-1,1.221426864E0
1.824593114E1,5.363286734E-1,9.646520615E-1,8.093187809E-1,1.368648580E0
1.825095666E1,5.814617872E-1,9.361104965E-1,8.879436255E-1,1.415218907E0
1.825598218E1,5.828711987E-1,8.839616776E-1,6.880162954E-1,1.262732555E0
1.826100771E1,5.409959555E-1,8.177452087E-1,4.106197357E-1,1.063011015E0
1.826603323E1,4.850713015E-1,6.991510391E-1,2.182911634E-1,8.784972254E-1
1.827105875E1,5.063376427E-1,5.425481796E-1,1.155614853E-1,7.510597796E-1
1.827608427E1,5.044344664E-1,3.910198212E-1,2.265043259E-1,6.772406079E-1
1.828110979E1,4.697066545E-1,2.302875519E-1,5.361807942E-1,7.490971512E-1
1.828613531E1,5.498571396E-1,8.925151825E-2,1.373864651E0,1.482502204E0
1.829116083E1,7.197805643E-1,-1.130895615E-1,1.705221891E0,1.854361078E0
1.829618635E1,6.440274715E-1,-2.187519073E-1,8.806576133E-1,1.112736093E0
1.830121187E1,5.811620951E-1,-2.997112274E-1,2.605537176E-1,7.038923500E-1
1.830623739E1,5.597172976E-1,-3.321895599E-1,-6.840562820E-2,6.544560236E-1
1.831126291E1,5.222334862E-1,-3.068084717E-1,-3.401044607E-1,6.946440071E-1
1.831628844E1,4.780086279E-1,-2.236680984E-1,-4.918843508E-1,7.214359855E-1
1.832131396E1,5.177366734E-1,-1.211299896E-1,-6.573697329E-1,8.454931715E-1
1.832633948E1,4.787062407E-1,7.600784302E-4,-9.129215479E-1,1.030818119E0
1.833136500E1,4.040805101E-1,1.132822037E-1,-1.148468614E0,1.222740395E0
1.833639052E1,3.086600304E-1,1.924629211E-1,-1.440642834E0,1.485854894E0
1.834141604E1,2.979562283E-1,2.334823608E-1,-1.750986814E0,1.791437063E0
1.834644156E1,2.428532839E-1,2.649803162E-1,-2.050282001E0,2.081549560E0
1.835146708E1,1.580753326E-1,1.911725998E-1,-2.400168896E0,2.412953688E0
1.835649260E1,1.110292673E-1,1.029291153E-1,-2.695104122E0,2.699353280E0
1.836151812E1,5.403172970E-2,-3.322887421E-2,-2.925699949E0,2.926387496E0
1.836654364E1,2.584171295E-2,-1.933746338E-1,-3.001532078E0,3.007865748E0
1.837156916E1,2.675819397E-2,-3.392028809E-1,-2.952033997E0,2.971578589E0
1.837659468E1,1.193206310E-1,-4.754791260E-1,-2.720713854E0,2.764525581E0
1.838162021E1,3.226435184E-1,-5.543031693E-1,-2.547596455E0,2.627089366E0
1.838664573E1,6.938922405E-1,-6.378183365E-1,-2.504860401E0,2.676307961E0
1.839167125E1,1.108351231E0,-7.212133408E-1,-2.721401215E0,3.025659549E0
1.839669677E1,1.393962145E0,-7.998409271E-1,-3.076631308E0,3.471100139E0
1.840172229E1,1.474797845E0,-8.835105896E-1,-3.392398834E0,3.803155203E0
1.840674781E1,1.375592232E0,-9.055929184E-1,-3.772473335E0,4.116297801E0
1.841177333E1,9.255182743E-1,-8.762464523E-1,-4.262589455E0,4.449051672E0
1.841679885E1,1.696373224E-1,-8.821191788E-1,-3.737490892E0,3.843923677E0
1.842182437E1,7.967245579E-2,-6.028518677E-1,-1.964203835E0,2.056179656E0
1.842684989E1,2.471265793E-1,-2.201747894E-1,-6.240648031E-1,7.064031162E-1
1.843187541E1,3.883557320E-1,1.130962372E-1,2.441681623E-1,4.724711895E-1
1.843690094E1,7.315143347E-1,5.791854858E-1,1.175548673E0,1.500827682E0
1.844192646E1,1.163855314E0,1.360406876E0,3.105630398E0,3.584718431E0
1.844695198E1,1.004349947E0,1.773173809E0,2.807903290E0,3.469464664E0
1.845197750E1,4.567275047E-1,1.865554810E0,9.776324034E-1,2.155147298E0
1.845700302E1,2.650004625E-1,2.106339455E0,6.576173306E-1,2.222465230E0
1.846202854E1,2.907203436E-1,2.399837017E0,1.146311522E0,2.675400181E0
1.846705406E1,3.374372721E-1,2.593228817E0,1.695277333E0,3.116514856E0
1.847207958E1,3.429855108E-1,2.748984814E0,1.935278177E0,3.379328068E0
1.847710510E1,3.125159740E-1,2.824018478E0,1.957704067E0,3.450413282E0
1.848213062E1,3.037160635E-1,2.856521606E0,2.078965187E0,3.545991453E0
1.848715614E1,3.786292076E-1,2.879868507E0,2.385807514E0,3.758866876E0
1.849218166E1,5.511451960E-1,2.884383202E0,2.481883049E0,3.844888939E0
1.849720718E1,7.728545666E-1,2.846034050E0,2.172472477E0,3.662901945E0
1.850223271E1,9.953276515E-1,2.707337856E0,1.559815764E0,3.279234761E0
1.850725823E1,1.170400143E0,2.516088009E0,8.559225798E-1,2.903986712E0
1.851228375E1,1.230882645E0,2.248329163E0,8.101379871E-2,2.564492025E0
1.851730927E1,1.205623865E0,1.956638336E0,-5.392917395E-1,2.360677458E0
1.852233479E1,1.156708121E0,1.664958477E0,-1.014475942E0,2.266985188E0
1.852736031E1,1.093559742E0,1.387693882E0,-1.354344726E0,2.226166403E0
1.853238583E1,1.030417562E0,1.167915344E0,-1.611754775E0,2.241325513E0
1.853741135E1,9.480021000E-1,9.913034439E-1,-1.772853494E0,2.241517345E0
1.854243687E1,8.941950798E-1,9.104785919E-1,-1.823877454E0,2.226002038E0
1.854746239E1,8.448621035E-1,8.919258118E-1,-1.817829370E0,2.194043584E0
1.855248791E1,7.952548265E-1,9.691171646E-1,-1.721854448E0,2.129882874E0
1.855751344E1,7.595295906E-1,1.079814911E0,-1.464419842E0,1.971651824E0
1.856253896E1,7.089692354E-1,1.161836624E0,-1.036412358E0,1.710746122E0
1.856756448E1,6.722420454E-1,1.110008240E0,-5.145606995E-1,1.395994403E0
1.857259000E1,6.107361317E-1,8.241138458E-1,2.470791340E-2,1.026047140E0
1.857761552E1,4.712952375E-1,2.232351303E-1,5.913707614E-1,7.884621118E-1
1.858264104E1,2.534694672E-1,-7.017602921E-1,1.162312150E0,1.381189275E0
1.858766656E1,-1.144180298E-1,-2.070213318E0,1.748787403E0,2.712403371E0
1.859269208E1,-8.089416027E-1,-4.111413002E0,2.563454151E0,4.912168622E0
1.859771760E1,-2.064014196E0,-7.020811081E0,3.756412029E0,8.225726361E0
1.860274312E1,-3.917543888E0,-1.079735565E1,5.319141865E0,1.265793464E1
1.860776864E1,-5.967737198E0,-1.486596298E1,6.888736248E0,1.743747200E1
1.861279416E1,-7.178529739E0,-1.799651718E1,7.981249809E0,2.095486264E1
1.861781968E1,-7.702768326E0,-1.927044678E1,8.807679176E0,2.254457743E1
1.862284521E1,-7.396367073E0,-1.864509201E1,9.287397385E0,2.210433107E1
1.862787073E1,-6.104588509E0,-1.468644714E1,8.965426445E0,1.825750810E1
1.863289625E1,-4.826627254E0,-8.833330154E0,7.768754959E0,1.271525092E1
1.863792177E1,-4.236722946E0,-4.193474770E0,6.299261093E0,8.672700980E0
1.864294729E1,-4.023218155E0,-9.873991013E-1,4.817746639E0,6.353890461E0
1.864797281E1,-3.833195925E0,1.229582787E0,3.333757877E0,5.226777823E0
1.865299833E1,-3.678735018E0,2.648492336E0,1.896362305E0,4.913633378E0
1.865802385E1,-3.519634247E0,3.441330433E0,6.603864431E-1,4.966557221E0
1.866304937E1,-3.168328762E0,3.995654106E0,-2.583143711E-1,5.105906892E0
1.866807489E1,-2.500268459E0,4.431194782E0,-9.695986509E-1,5.179474019E0
1.867310041E1,-1.750747919E0,4.868019581E0,-1.713687420E0,5.449720863E0
1.867812594E1,-1.073716164E0,5.340157509E0,-2.497406960E0,5.992260854E0
1.868315146E1,-4.603729248E-1,5.867296219E0,-3.223542690E0,6.710315613E0
1.868817698E1,-4.558205605E-2,6.339982986E0,-3.757691860E0,7.370054960E0
1.869320250E1,2.656136751E-1,6.648808956E0,-4.128907204E0,7.831033511E0
1.869822802E1,4.533940554E-1,6.808730125E0,-4.290263176E0,8.060442309E0
1.870325354E1,5.128421783E-1,6.810571671E0,-4.137821674E0,7.985515750E0
1.870827906E1,5.060319901E-1,6.740740776E0,-3.706708193E0,7.709302187E0
1.871330458E1,3.808113337E-1,6.498845577E0,-3.112805843E0,7.215924842E0
1.871833010E1,-2.448773384E-2,5.898418427E0,-2.438224792E0,6.382544925E0
1.872335562E1,-5.026805401E-1,5.150050163E0,-1.764803648E0,5.467196386E0
1.872838114E1,-8.138682842E-1,4.468933582E0,-1.255715013E0,4.712809050E0
1.873340666E1,-1.068180084E0,3.768816471E0,-8.823518753E-1,4.015411700E0
1.873843218E1,-1.342239857E0,2.934861183E0,-6.353056431E-1,3.289168779E0
1.874345771E1,-1.679292679E0,1.967170715E0,-4.240609407E-1,2.620994507E0
1.874848323E1,-2.074581623E0,8.897180557E-1,-2.397658825E-1,2.270016477E0
1.875350875E1,-2.508870125E0,-2.688055038E-1,-1.222652197E-1,2.526189717E0
1.875853427E1,-3.048956394E0,-1.565814972E0,-6.575089693E-2,3.428153264E0
1.876355979E1,-3.598744154E0,-2.924678802E0,7.516175508E-2,4.637925708E0
1.876858531E1,-3.966224670E0,-4.020092010E0,5.059500337E-1,5.669926220E0
1.877361083E1,-3.869544268E0,-4.560440063E0,1.019653201E0,6.067180487E0
1.877863635E1,-3.396463633E0,-4.541334152E0,1.424672127E0,5.847167841E0
1.878366187E1,-2.640224457E0,-4.025315285E0,1.686228991E0,5.100717257E0
1.878868739E1,-1.818665981E0,-3.213488579E0,1.880835772E0,4.143862690E0
1.879371291E1,-1.081723690E0,-2.325967789E0,2.013153315E0,3.260834029E0
1.879873844E1,-4.733693600E-1,-1.491790771E0,2.164028883E0,2.670681423E0
1.880376396E1,3.495168686E-2,-7.538537979E-1,2.279799938E0,2.401458916E0
1.880878948E1,5.434350967E-1,-1.309900284E-1,2.215292931E0,2.284732558E0
1.881381500E1,1.090200663E0,3.532075882E-1,1.930147409E0,2.244718715E0
1.881884052E1,2.788046598E0,7.616758347E-1,4.225320518E-1,2.920939446E0
1.882386604E1,4.522618294E0,9.426679611E-1,-6.874200106E-1,4.670679328E0
1.882889156E1,4.375778198E0,8.010835648E-1,-2.708270252E-1,4.456738381E0
1.883391708E1,2.769878864E0,4.845180511E-1,-3.675691783E-1,2.835858559E0
1.883894260E1,1.696596146E0,1.208028793E-1,7.709988356E-1,1.867477181E0
1.884396812E1,1.535508275E0,-6.601905823E-2,1.710431099E0,2.299504017E0
1.884899364E1,1.462670684E0,-1.240768433E-1,2.672134876E0,3.048787528E0
1.885401916E1,9.408730268E-1,-1.058816910E-1,3.537916660E0,3.662418228E0
1.885904468E1,2.184164524E-1,4.121017456E-2,3.607424021E0,3.614265083E0
1.886407021E1,4.078462124E-1,3.127536774E-1,3.082109213E0,3.124668078E0
1.886909573E1,5.780792236E-1,5.418109894E-1,2.585481644E0,2.704154224E0
1.887412125E1,3.602550030E-1,6.712551117E-1,2.114305258E0,2.247365973E0
1.887914677E1,-1.817314625E-1,6.674518585E-1,1.675330281E0,1.812525823E0
1.888417229E1,-8.155453205E-1,6.256456375E-1,1.236859322E0,1.608218771E0
1.888919781E1,-1.285129547E0,6.026945114E-1,7.907940745E-1,1.624855038E0
1.889422333E1,-1.517179489E0,5.886363983E-1,3.000243306E-1,1.654793344E0
1.889924885E1,-1.578133345E0,5.737962723E-1,-2.009780407E-1,1.691194604E0
1.890427442E1,-1.554129124E0,5.534372330E-1,-6.591094136E-1,1.776523381E0
1.890930000E1,-1.502610683E0,5.037002563E-1,-1.064650416E0,1.909197036E0
1.891432557E1,-1.461938858E0,4.246997833E-1,-1.393486261E0,2.063840859E0
1.891935114E1,-1.360680819E0,3.070068359E-1,-1.626700282E0,2.142862407E0
1.892437672E1,-1.223199844E0,1.651048660E-1,-1.817349195E0,2.196869494E0
1.892940229E1,-1.068983316E0,-9.183883667E-4,-1.918020248E0,2.195797770E0
1.893442786E1,-9.364669323E-1,-1.862468719E-1,-1.972308517E0,2.191268833E0
1.893945344E1,-7.492082119E-1,-3.622198105E-1,-1.942860007E0,2.113580172E0
1.894447901E1,-5.217425823E-1,-5.288705826E-1,-1.863730311E0,2.006342466E0
1.894950458E1,-2.353467941E-1,-6.623029709E-1,-1.649898052E0,1.793375845E0
1.895453015E1,1.811134815E-1,-7.577342987E-1,-1.273905516E0,1.493251025E0
1.895955573E1,7.078249454E-1,-7.960538864E-1,-7.563467026E-1,1.306437246E0
1.896458130E1,2.562644720E0,-8.343954086E-1,5.135534406E-1,2.743556232E0
1.896960687E1,3.087211132E0,-6.713180542E-1,1.366384745E0,3.442171956E0
1.897463244E1,1.830110431E0,-4.939813614E-1,2.002339959E-1,1.906151995E0
1.897965802E1,1.435070753E0,-2.932891846E-1,-3.373621702E-1,1.503083446E0
1.898468359E1,1.657237768E0,-7.886886597E-2,-1.895453930E-1,1.669905618E0
1.898970916E1,2.055438042E0,1.350297928E-1,2.269040346E-1,2.072328166E0
1.899473474E1,2.365399837E0,3.295593262E-1,4.717504978E-1,2.434394026E0
1.899976031E1,2.486398220E0,4.761829376E-1,4.977474213E-1,2.580054029E0
1.900478588E1,2.418524981E0,5.271959305E-1,4.633959532E-1,2.518319765E0
1.900981146E1,2.210012197E0,5.735521317E-1,5.270031691E-1,2.343255919E0
1.901483703E1,2.057435989E0,5.960559845E-1,5.645402670E-1,2.215182002E0
1.901986260E1,1.965632439E0,5.564632416E-1,4.616543055E-1,2.094394166E0
1.902488818E1,1.686022043E0,5.552577972E-1,4.341396093E-1,1.827418603E0
1.902991375E1,1.391338944E0,5.540447235E-1,3.912496567E-1,1.547858491E0
1.903493932E1,1.149000764E0,5.144557953E-1,2.950334549E-1,1.293024462E0
1.903996489E1,8.827480078E-1,4.460315704E-1,1.553841829E-1,1.001165546E0
1.904499047E1,5.738844872E-1,3.726654053E-1,-5.584204197E-2,6.865429648E-1
1.905001604E1,3.328697681E-1,2.656383514E-1,-3.283981085E-1,5.377837241E-1
1.905504156E1,1.886546612E-1,1.537046432E-1,-5.849918723E-1,6.335859762E-1
1.906006708E1,1.604199409E-1,4.646682739E-2,-8.060973287E-1,8.232172415E-1
1.906509260E1,2.097790241E-1,-8.467864990E-2,-1.015203714E0,1.040103982E0
1.907011812E1,2.217187881E-1,-2.109088898E-1,-1.183449268E0,1.222372264E0
1.907514364E1,2.059130669E-1,-3.226690292E-1,-1.315739393E0,1.370286702E0
1.908016916E1,2.103519440E-1,-4.343585968E-1,-1.393090129E0,1.474318635E0
1.908519468E1,2.589175701E-1,-5.412626266E-1,-1.454316616E0,1.573226099E0
1.909022021E1,3.227252960E-1,-6.147079468E-1,-1.475920916E0,1.631061012E0
1.909524573E1,3.922262192E-1,-6.882772446E-1,-1.501320720E0,1.697507254E0
1.910027125E1,4.815344810E-1,-7.045888901E-1,-1.511822224E0,1.736066645E0
1.910529677E1,5.855329037E-1,-6.780395508E-1,-1.526964307E0,1.770369003E0
1.911032229E1,6.705627441E-1,-6.612787247E-1,-1.570859671E0,1.831541441E0
1.911534781E1,7.269694805E-1,-6.160268784E-1,-1.600549579E0,1.862721851E0
1.912037333E1,7.643239498E-1,-5.327329636E-1,-1.649464607E0,1.894394099E0
1.912539885E1,7.874779701E-1,-4.592781067E-1,-1.722329855E0,1.948711898E0
1.913042437E1,8.060002327E-1,-3.765268326E-1,-1.795234680E0,2.003565918E0
1.913544989E1,8.343040943E-1,-2.940979004E-1,-1.858725429E0,2.058498753E0
1.914047541E1,8.531489372E-1,-1.928596497E-1,-1.917724371E0,2.107777198E0
1.914550094E1,8.672065735E-1,-8.240032196E-2,-1.924572468E0,2.112537867E0
1.915052646E1,8.957626820E-1,-1.065063477E-2,-1.889083028E0,2.090726884E0
1.915555198E1,9.581135511E-1,5.107402802E-2,-1.849531174E0,2.083592018E0
1.916057750E1,1.025681376E0,5.963516235E-2,-1.810925007E0,2.082073010E0
1.916560302E1,1.112833977E0,3.900909424E-2,-1.797088861E0,2.114107269E0
1.917062854E1,1.219692826E0,-1.556777954E-2,-1.779116273E0,2.157115588E0
1.917565406E1,1.332173944E0,-8.022022247E-2,-1.785601974E0,2.229236889E0
1.918067958E1,1.474207401E0,-1.883029938E-1,-1.806412578E0,2.339203258E0
1.918570510E1,1.617035508E0,-3.014078140E-1,-1.860281110E0,2.483202834E0
1.919073062E1,1.794117570E0,-3.858585358E-1,-1.903360009E0,2.643959907E0
1.919575614E1,1.995633841E0,-4.749498367E-1,-1.954234600E0,2.833225131E0
1.920078166E1,2.197151423E0,-5.444355011E-1,-1.997956753E0,3.019224333E0
1.920580718E1,2.359997272E0,-5.796632767E-1,-2.038663387E0,3.172025386E0
1.921083271E1,2.517393589E0,-6.043395996E-1,-2.075896263E0,3.318409578E0
1.921585823E1,2.630566597E0,-6.038904190E-1,-2.080838680E0,3.407998514E0
1.922088375E1,2.680192471E0,-5.877838135E-1,-2.043904781E0,3.421471649E0
1.922590927E1,2.699702740E0,-5.464630127E-1,-1.965357780E0,3.383732837E0
1.923093479E1,2.698355913E0,-4.847812653E-1,-1.845922947E0,3.305082304E0
1.923596031E1,2.680909157E0,-4.029369354E-1,-1.729462385E0,3.215691562E0
1.924098583E1,2.680625916E0,-2.867851257E-1,-1.621764660E0,3.146128036E0
1.924601135E1,2.716226339E0,-1.556549072E-1,-1.504810095E0,3.109110387E0
1.925103687E1,2.724880934E0,-1.437187195E-2,-1.422567606E0,3.073903259E0
1.925606239E1,2.681987524E0,1.274223328E-1,-1.337920904E0,2.999887644E0
1.926108791E1,2.539470434E0,2.408342361E-1,-1.208943605E0,2.822845348E0
1.926611344E1,2.321394682E0,2.969617844E-1,-1.065175056E0,2.571314347E0
1.927113896E1,2.051926374E0,3.099641800E-1,-9.502975941E-1,2.282442805E0
1.927616448E1,1.736313820E0,2.701253891E-1,-8.643376827E-1,1.958272973E0
1.928119000E1,1.370602012E0,2.059497833E-1,-8.213648796E-1,1.611088282E0
1.928621552E1,9.989082813E-1,1.267471313E-1,-7.969872952E-1,1.284161726E0
1.929124104E1,6.369068623E-1,5.618095398E-2,-8.477389812E-1,1.061822975E0
1.929626656E1,3.148536682E-1,2.752685547E-2,-1.020054340E0,1.067895790E0
1.930129208E1,8.722877502E-2,-9.321117401E-2,-1.359498739E0,1.365479405E0
1.930631760E1,2.252483368E-2,-3.868951797E-1,-1.815185547E0,1.856096392E0
1.931134312E1,1.693229675E-1,-9.146986008E-1,-2.388290644E0,2.563059889E0
1.931636864E1,5.415568352E-1,-1.636898994E0,-2.970023155E0,3.434204372E0
1.932139416E1,1.118309021E0,-2.432269096E0,-3.562330246E0,4.456090754E0
1.932641968E1,1.767490268E0,-3.284810066E0,-4.158303261E0,5.586186985E0
1.933144521E1,2.280106544E0,-4.288619041E0,-4.670313358E0,6.738172304E0
1.933647073E1,2.514780283E0,-5.495019913E0,-4.939553261E0,7.805033640E0
1.934149625E1,2.422137976E0,-6.817287445E0,-4.946943760E0,8.764383210E0
1.934652177E1,2.235749722E0,-8.231721878E0,-4.569498062E0,9.676783269E0
1.935154729E1,1.864330530E0,-9.447351456E0,-3.847793341E0,1.036984530E1
1.935657281E1,1.328216076E0,-1.046113300E1,-2.928071976E0,1.094408823E1
1.936159833E1,7.870755196E-1,-1.097374249E1,-1.775077820E0,1.114420985E1
1.936662385E1,2.950665951E-1,-1.093504429E1,-3.358871937E-1,1.094418010E1
1.937164937E1,-2.036864758E-1,-1.032828712E1,1.240962863E0,1.040456592E1
1.937667489E1,-6.071074009E-1,-9.036089897E0,2.849834442E0,9.494264393E0
1.938170041E1,-9.996693134E-1,-7.304217339E0,4.237986088E0,8.503614275E0
1.938672594E1,-1.351586342E0,-5.477982521E0,5.278555870E0,7.726462982E0
1.939175146E1,-1.556970119E0,-3.701051712E0,6.013214588E0,7.230538667E0
1.939677698E1,-1.649389267E0,-2.097426414E0,6.570868969E0,7.091967395E0
1.940180250E1,-1.782009363E0,-7.574014664E-1,6.889679909E0,7.156598605E0
1.940682802E1,-1.859164000E0,3.675165176E-1,6.836507320E0,7.094321075E0
1.941185354E1,-1.833378553E0,1.287571907E0,6.331542015E0,6.716214903E0
1.941687906E1,-1.686645985E0,2.037066460E0,5.572797775E0,6.168507881E0
1.942190458E1,-1.568470955E0,2.655048847E0,4.700937748E0,5.622117148E0
1.942693010E1,-1.632700920E0,3.161346436E0,3.789945126E0,5.198413954E0
1.943195562E1,-1.817382812E0,3.618720531E0,2.952251911E0,5.011368069E0
1.943698114E1,-2.050803900E0,3.984496117E0,2.189674854E0,4.987652946E0
1.944200666E1,-2.318561554E0,4.244647980E0,1.565808058E0,5.083750488E0
1.944703218E1,-2.706292629E0,4.451982021E0,1.043396950E0,5.313458470E0
1.945205771E1,-3.131990433E0,4.649575710E0,5.704118013E-1,5.635005588E0
1.945708323E1,-3.514215946E0,4.861389160E0,-5.864143372E-3,5.998570886E0
1.946210875E1,-3.987460375E0,5.015610695E0,-1.136070728E0,6.507445550E0
1.946713427E1,-4.793824196E0,4.997175217E0,-3.821374416E0,7.909198000E0
1.947215979E1,-5.925400734E0,4.576465130E0,-6.376232147E0,9.834162056E0
1.947718531E1,-6.729101181E0,4.007358551E0,-8.486593246E0,1.154824620E1
1.948221083E1,-6.876345634E0,3.433843136E0,-9.953775406E0,1.257589173E1
1.948723635E1,-6.244851589E0,2.990469933E0,-1.061669350E1,1.267498570E1
1.949226187E1,-5.296669483E0,2.519924641E0,-1.032048988E1,1.187085672E1
1.949728739E1,-4.421938419E0,2.051332474E0,-9.395431519E0,1.058468883E1
1.950231291E1,-3.685415745E0,1.536843777E0,-8.139977455E0,9.066609674E0
1.950733844E1,-3.242890835E0,1.095541000E0,-6.500412464E0,7.346557919E0
1.951236396E1,-2.877593994E0,7.120399475E-1,-4.654656887E0,5.518458011E0
1.951738948E1,-2.403581619E0,4.713678360E-1,-2.762818336E0,3.692229326E0
1.952241500E1,-1.991122365E0,2.242860794E-1,-8.810735941E-1,2.188872586E0
1.952744052E1,-1.763293743E0,-2.402591705E-1,8.855218887E-1,1.987731951E0
1.953246604E1,-1.541747093E0,-8.123826981E-1,2.551296473E0,3.089670442E0
1.953749156E1,-1.439697266E0,-1.429872513E0,4.068485260E0,4.546409125E0
1.954251708E1,-1.516958237E0,-2.068603516E0,5.466353893E0,6.038319939E0
1.954754260E1,-1.746149063E0,-2.728263855E0,6.683279514E0,7.426889341E0
1.955256812E1,-2.022617817E0,-3.355790138E0,7.681441784E0,8.623042280E0
1.955759364E1,-2.073717594E0,-3.831106186E0,8.571321487E0,9.614844321E0
1.956261916E1,-1.952225924E0,-4.053205490E0,9.243509293E0,1.028018117E1
1.956764468E1,-1.677029848E0,-3.983344078E0,9.632614136E0,1.055777980E1
1.957267021E1,-1.166953325E0,-3.568431854E0,9.631853104E0,1.033770188E1
1.957769573E1,-6.376972198E-1,-2.994717598E0,9.289766312E0,9.781347012E0
1.958272125E1,-3.140850067E-1,-2.367218971E0,8.641913414E0,8.965770603E0
1.958774677E1,-1.329343319E-1,-1.743428230E0,7.934953213E0,8.125312057E0
1.959277229E1,1.557056904E-1,-1.185746193E0,7.156692505E0,7.255927639E0
1.959779781E1,6.000747681E-1,-6.177740097E-1,6.208950996E0,6.268397477E0
1.960282333E1,1.032683492E0,-1.831684113E-1,5.299955368E0,5.402731972E0
1.960784885E1,1.271797538E0,5.584335327E-2,4.351285458E0,4.533682013E0
1.961287437E1,1.452117682E0,2.234888077E-1,3.456462860E0,3.755759379E0
1.961789989E1,1.746400476E0,3.243217468E-1,2.579320908E0,3.131771952E0
1.962292541E1,2.068566799E0,3.821506500E-1,1.678605318E0,2.691230859E0
1.962795094E1,2.471328974E0,4.303236008E-1,7.371150255E-1,2.614571448E0
1.963297646E1,2.920988083E0,5.070047379E-1,-1.380354166E-1,2.967874485E0
1.963800198E1,3.335538387E0,5.452365875E-1,-8.590963483E-1,3.487283442E0
1.964302750E1,3.609352589E0,5.116138458E-1,-1.319866896E0,3.877012182E0
1.964805302E1,3.623013496E0,4.109392166E-1,-1.529523253E0,3.954053517E0
1.965307854E1,3.458358288E0,2.527856827E-1,-1.531574726E0,3.790760318E0
1.965810406E1,3.197474480E0,8.492469788E-2,-1.322264433E0,3.461132543E0
1.966312958E1,2.869482994E0,-5.916213989E-2,-9.892799258E-1,3.035804273E0
1.966815510E1,2.541814327E0,-1.651506424E-1,-5.439636111E-1,2.604609610E0
1.967318062E1,2.190606594E0,-2.616386414E-1,-2.664804459E-2,2.206336816E0
1.967820614E1,1.815997124E0,-3.676385880E-1,5.465999842E-1,1.931780326E0
1.968323166E1,1.465983152E0,-4.447641373E-1,1.126532555E0,1.901577592E0
1.968825718E1,1.159725308E0,-4.833660126E-1,1.664234161E0,2.085253183E0
1.969328271E1,8.779026270E-1,-4.881544113E-1,2.101859570E0,2.329553906E0
1.969830823E1,6.444269419E-1,-4.495687485E-1,2.381969452E0,2.508221803E0
1.970333375E1,4.974801540E-1,-3.819856644E-1,2.495231390E0,2.572854298E0
1.970835927E1,3.745435476E-1,-2.854156494E-1,2.480565071E0,2.524865944E0
1.971338479E1,3.041836023E-1,-1.694879532E-1,2.372161865E0,2.397583313E0
1.971841036E1,2.098455429E-1,-3.907108307E-2,2.208949089E0,2.219238108E0
1.972343594E1,1.059975624E-1,7.225513458E-2,1.967659473E0,1.971836730E0
1.972846151E1,5.966901779E-2,1.883392334E-1,1.706457138E0,1.717855647E0
1.973348708E1,4.214906693E-2,3.043174744E-1,1.430692911E0,1.463307170E0
1.973851265E1,4.383754730E-2,4.201393127E-1,1.159969449E0,1.234490946E0
1.974353823E1,2.150177956E-2,5.358066559E-1,9.328793287E-1,1.076018095E0
1.974856380E1,-1.054525375E-2,6.513004303E-1,7.544392347E-1,9.967356780E-1
1.975358937E1,-9.040164948E-2,7.617950439E-1,6.294341087E-1,9.923162018E-1
1.975861494E1,-1.844103336E-1,8.911485672E-1,6.058931947E-1,1.093279243E0
1.976364052E1,-2.829926014E-1,1.001060486E0,6.312491894E-1,1.216832958E0
1.976866609E1,-3.860805035E-1,1.086745262E0,7.246533036E-1,1.362055737E0
1.977369166E1,-4.794607162E-1,1.157822609E0,9.482644796E-1,1.571509241E0
1.977871724E1,-5.633175373E-1,1.257406235E0,1.273051023E0,1.875914709E0
1.978374281E1,-6.668093204E-1,1.323399544E0,1.607931137E0,2.186655795E0
1.978876838E1,-7.854719162E-1,1.332027435E0,1.727948666E0,2.318850968E0
1.979379396E1,-9.289596081E-1,1.288183212E0,1.647545576E0,2.288403017E0
1.979881953E1,-1.183037281E0,1.153648376E0,1.409666538E0,2.172013244E0
1.980384510E1,-1.398630619E0,1.038416862E0,1.148065329E0,2.086272079E0
1.980887068E1,-1.604153395E0,9.615402222E-1,9.295935035E-1,2.088542984E0
1.981389625E1,-1.732524395E0,8.560056686E-1,7.157891393E-1,2.060762135E0
1.981892182E1,-1.855342627E0,7.792015076E-1,5.256544352E-1,2.079847070E0
1.982394739E1,-1.986716509E0,7.071485519E-1,4.068548679E-1,2.147703994E0
1.982897297E1,-2.126331091E0,6.206693649E-1,3.830515742E-1,2.247941920E0
1.983399854E1,-2.192444563E0,5.531778336E-1,3.966696262E-1,2.295684140E0
1.983902411E1,-2.141939163E0,4.951267242E-1,4.566767216E-1,2.245352418E0
1.984404968E1,-2.046622753E0,4.704484940E-1,5.292034745E-1,2.165650664E0
1.984907526E1,-1.906598568E0,4.600381851E-1,5.994820595E-1,2.050885655E0
1.985410083E1,-1.750684738E0,4.352283478E-1,6.434077621E-1,1.915279174E0
1.985912640E1,-1.602974415E0,4.056138992E-1,6.372732520E-1,1.772051582E0
1.986415198E1,-1.420805216E0,3.999080658E-1,5.673121214E-1,1.581283329E0
1.986917750E1,-1.228369713E0,4.180698395E-1,5.249398351E-1,1.399727249E0
1.987420302E1,-1.040542364E0,4.266319275E-1,4.150406122E-1,1.198750150E0
1.987922854E1,-8.479852676E-1,3.968982697E-1,2.907804251E-1,9.803879366E-1
1.988425406E1,-7.037284374E-1,3.480672836E-1,1.527332067E-1,7.998199673E-1
1.988927958E1,-5.744473934E-1,2.610397339E-1,-2.746093273E-2,6.315739492E-1
1.989430510E1,-4.124529362E-1,1.789007187E-1,-1.681307554E-1,4.799904610E-1
1.989933062E1,-3.086986542E-1,1.255722046E-1,-2.311134338E-1,4.055572179E-1
1.990435614E1,-2.391209602E-1,6.755256653E-2,-2.788701057E-1,3.735113368E-1
1.990938166E1,-1.653525829E-1,2.394485474E-2,-3.830153942E-1,4.178703447E-1
1.991440718E1,-8.238673210E-2,6.640529633E-2,-4.381990433E-1,4.507944526E-1
1.991943271E1,-6.180620193E-2,1.469564438E-1,-2.244119644E-1,2.752761027E-1
1.992445823E1,-3.677845001E-2,1.986494064E-1,-5.104899406E-3,2.020898341E-1
1.992948375E1,-3.575134277E-2,1.927928925E-1,2.344501019E-2,1.974763945E-1
1.993450927E1,2.291846275E-2,2.394294739E-1,8.112442493E-2,2.538363670E-1
1.993953479E1,1.245708466E-1,3.098764420E-1,1.150976419E-1,3.532545432E-1
1.994456031E1,1.256589890E-1,2.702198029E-1,1.443878412E-1,3.311446392E-1
1.994958583E1,6.959962845E-2,1.731643677E-1,3.314729929E-1,3.804002518E-1
1.995461135E1,2.480345964E-1,2.723073959E-1,6.616380811E-1,7.572565148E-1
1.995963687E1,3.730580807E-1,3.140993118E-1,8.476701975E-1,9.779445143E-1
1.996466239E1,5.256639719E-1,3.416976929E-1,8.231014013E-1,1.034686349E0
1.996968791E1,6.482830048E-1,3.359966278E-1,6.505559683E-1,9.779507432E-1
1.997471344E1,7.215505838E-1,3.592624664E-1,4.259313941E-1,9.116591015E-1
1.997973896E1,7.362378836E-1,2.535715103E-1,1.397527456E-1,7.911229752E-1
1.998476448E1,7.834243774E-1,1.768398285E-1,-1.885410547E-1,8.249689748E-1
1.998979000E1,8.249723911E-1,1.146030426E-1,-4.438414574E-1,9.437735654E-1
1.999481552E1,8.419642448E-1,3.330612183E-2,-6.883012056E-1,1.088012701E0
1.999984104E1,8.200876713E-1,9.475708008E-3,-8.501371145E-1,1.181256404E0
2.000486656E1,8.456451893E-1,2.386856079E-2,-9.677225351E-1,1.285368585E0
2.000989208E1,8.994630575E-1,9.556579590E-2,-9.742079973E-1,1.329378740E0
2.001491760E1,9.191721678E-1,1.958589554E-1,-9.799091816E-1,1.357740847E0
2.001994312E1,8.955143690E-1,2.768373489E-1,-9.562177658E-1,1.339006094E0
2.002496864E1,7.664802074E-1,3.290014267E-1,-8.414735794E-1,1.184825570E0
2.002999416E1,6.473850012E-1,3.619604111E-1,-6.746891737E-1,1.002660541E0
2.003501968E1,5.576506853E-1,4.092426300E-1,-4.039354324E-1,8.010103936E-1
2.004004521E1,4.779672623E-1,4.231252670E-1,-1.351025105E-1,6.524878418E-1
2.004507073E1,4.178187847E-1,4.467535019E-1,5.981242657E-2,6.146045515E-1
2.005009625E1,3.721879721E-1,4.993267059E-1,2.811217308E-1,6.832865236E-1
2.005512177E1,3.266212940E-1,5.282268524E-1,5.048767328E-1,8.003784059E-1
2.006014729E1,2.666485310E-1,5.622081757E-1,7.071488500E-1,9.419336324E-1
2.006517281E1,2.495955229E-1,6.060495377E-1,8.545827270E-1,1.076989138E0
2.007019833E1,2.802795172E-1,6.788425446E-1,9.233821630E-1,1.179838305E0
2.007522385E1,3.157198429E-1,7.470226288E-1,9.377112985E-1,1.239767844E0
2.008024937E1,3.989019394E-1,7.914390564E-1,8.930897713E-1,1.258216149E0
2.008527489E1,5.102216005E-1,8.599596024E-1,8.091756701E-1,1.286321058E0
2.009030041E1,6.302534342E-1,8.807640076E-1,6.054211855E-1,1.240765667E0
2.009532594E1,7.156469822E-1,8.299417496E-1,3.449171782E-1,1.148878484E0
2.010035146E1,6.995126009E-1,7.266283035E-1,9.521269798E-2,1.013100206E0
2.010537698E1,6.252765656E-1,5.994825363E-1,-1.433842182E-1,8.780143101E-1
2.011040250E1,5.555490255E-1,4.771404266E-1,-4.138389826E-1,8.411661013E-1
2.011542802E1,4.764423370E-1,3.355817795E-1,-7.016918659E-1,9.121315179E-1
2.012045354E1,4.553527832E-1,2.417449951E-1,-9.689764977E-1,1.097589292E0
2.012547906E1,4.828929901E-1,1.668605804E-1,-1.115506411E0,1.226940359E0
2.013050458E1,5.306525230E-1,1.204481125E-1,-1.242167830E0,1.356127121E0
2.013553010E1,6.036113501E-1,1.120452881E-1,-1.330178142E0,1.465016961E0
2.014055562E1,6.587328911E-1,9.381008148E-2,-1.365458965E0,1.518949485E0
2.014558114E1,7.247258425E-1,1.327362061E-1,-1.314761043E0,1.507130733E0
2.015060666E1,7.968628407E-1,1.809434891E-1,-1.226181865E0,1.473517186E0
2.015563218E1,8.510449529E-1,2.289056778E-1,-1.138137817E0,1.439455804E0
2.016065771E1,8.775327206E-1,2.670869827E-1,-1.040985942E0,1.387462022E0
2.016568323E1,9.048922062E-1,3.146486282E-1,-9.107303619E-1,1.321840935E0
2.017070875E1,9.665159583E-1,3.429145813E-1,-7.618563175E-1,1.277563523E0
2.017573427E1,9.856875539E-1,3.806381226E-1,-7.044167519E-1,1.269908774E0
2.018075979E1,9.435154796E-1,4.229726791E-1,-6.425323486E-1,1.217364024E0
2.018578531E1,8.975546360E-1,5.177154541E-1,-4.805369377E-1,1.142168711E0
2.019081083E1,8.811999559E-1,6.026191711E-1,-2.853395939E-1,1.105025752E0
2.019583635E1,9.038298130E-1,6.729164124E-1,-1.141980886E-1,1.132592615E0
2.020086187E1,9.367107153E-1,7.525472641E-1,3.761243820E-2,1.202151839E0
2.020588739E1,9.508855939E-1,8.367776871E-1,2.561225891E-1,1.292276708E0
2.021091291E1,9.843367934E-1,8.969984055E-1,4.501582980E-1,1.405762269E0
2.021593844E1,1.008119345E0,9.428949356E-1,5.620396733E-1,1.490383866E0
2.022096396E1,1.012461424E0,9.985055923E-1,6.010040045E-1,1.543793175E0
2.022598948E1,9.639291763E-1,1.049506187E0,6.146883965E-1,1.551922846E0
2.023101500E1,9.008877873E-1,1.091170311E0,5.740212202E-1,1.527007470E0
2.023604052E1,7.948651314E-1,1.113949776E0,4.930883646E-1,1.454589569E0
2.024106604E1,6.939632893E-1,1.156075478E0,3.767332435E-1,1.400008391E0
2.024609156E1,6.079573631E-1,1.174413681E0,2.442497015E-1,1.344811350E0
2.025111708E1,5.514577627E-1,1.202383995E0,7.667696476E-2,1.325032940E0
2.025614260E1,5.580347776E-1,1.225565910E0,-1.209602356E-1,1.352052511E0
2.026116812E1,6.133353710E-1,1.234319687E0,-3.003913164E-1,1.410659530E0
2.026619364E1,7.078140974E-1,1.223808289E0,-4.278149605E-1,1.477069113E0
2.027121916E1,8.175389767E-1,1.217910767E0,-5.555557013E-1,1.568540325E0
2.027624468E1,9.377104640E-1,1.221357346E0,-6.355030537E-1,1.665796750E0
2.028127021E1,1.063662767E0,1.234102249E0,-6.724560261E-1,1.762550411E0
2.028629573E1,1.200128078E0,1.256114006E0,-6.662943363E-1,1.860665995E0
2.029132125E1,1.328027725E0,1.320813179E0,-6.407721043E-1,1.979594398E0
2.029634677E1,1.428237677E0,1.432909489E0,-5.909887552E-1,2.107690720E0
2.030137229E1,1.524749875E0,1.549271107E0,-5.885698795E-1,2.252003030E0
2.030639781E1,1.617444277E0,1.698641300E0,-5.858957767E-1,2.417598419E0
2.031142333E1,1.663050890E0,1.881038666E0,-5.735055208E-1,2.575452059E0
2.031644885E1,1.671159506E0,2.062958717E0,-5.180388689E-1,2.704983740E0
2.032147437E1,1.646490216E0,2.263558388E0,-4.435245991E-1,2.833962011E0
2.032649989E1,1.589191675E0,2.434990406E0,-3.550153971E-1,2.929290766E0
2.033152541E1,1.475363016E0,2.558176517E0,-2.000532150E-1,2.959896014E0
2.033655094E1,1.300477982E0,2.614034176E0,7.830220461E-2,2.920710340E0
2.034157646E1,1.074326754E0,2.573936939E0,4.748628139E-1,2.829279773E0
2.034660198E1,8.066736460E-1,2.361489773E0,1.032026768E0,2.700450993E0
2.035162750E1,4.738825560E-1,1.852553368E0,1.624642849E0,2.509179755E0
2.035665302E1,8.988189697E-2,1.191102028E0,2.204399109E0,2.507225205E0
2.036167854E1,-2.358822823E-1,5.782423019E-1,2.747997046E0,2.818065360E0
2.036670406E1,-4.660112858E-1,-5.121755600E-1,3.252707243E0,3.325596898E0
2.037172958E1,-9.079682827E-1,-2.251651764E0,3.802540779E0,4.511502903E0
2.037675510E1,-1.782923460E0,-4.902243614E0,4.605695248E0,6.958680711E0
2.038178062E1,-3.378738642E0,-8.520037651E0,5.679219246E0,1.078241381E1
2.038680614E1,-5.584611893E0,-1.262094688E1,6.953748226E0,1.545415170E1
2.039183166E1,-7.657521248E0,-1.636295891E1,7.956613541E0,1.974061182E1
2.039685719E1,-8.984255791E0,-1.889056969E1,8.570921898E0,2.260599870E1
2.040188271E1,-9.339841843E0,-1.946849632E1,9.105752945E0,2.343437073E1
2.040690823E1,-7.572687626E0,-1.634303665E1,9.042523384E0,2.015459437E1
2.041193375E1,-5.121533394E0,-1.110523224E1,8.122272491E0,1.468085821E1
2.041695927E1,-3.465182543E0,-6.559783936E0,6.804343224E0,1.006664502E1
2.042198479E1,-2.506125927E0,-3.127174377E0,5.323145390E0,6.663014602E0
2.042701031E1,-1.979179144E0,-7.018804550E-1,3.787656546E0,4.330834604E0
2.043203583E1,-1.610123634E0,8.356790543E-1,2.343229294E0,2.963373268E0
2.043706135E1,-1.273538351E0,1.762925625E0,1.193927526E0,2.480981586E0
2.044208687E1,-8.922262192E-1,2.486466885E0,3.276482821E-1,2.661942635E0
2.044711239E1,-4.612016678E-1,3.168951035E0,-3.889401555E-1,3.225869198E0
2.045213791E1,2.921295166E-2,3.887021065E0,-1.019099951E0,4.018501072E0
2.045716344E1,5.548273325E-1,4.669623852E0,-1.761492252E0,5.021561036E0
2.046218896E1,1.119935155E0,5.435777187E0,-2.691225529E0,6.168032363E0
2.046721448E1,1.565874696E0,6.157276154E0,-3.568626404E0,7.286913448E0
2.047224005E1,1.878002644E0,6.595384121E0,-4.106996059E0,7.993334865E0
2.047726562E1,2.151848078E0,6.707634926E0,-4.226158619E0,8.214817899E0
2.048229120E1,2.430237293E0,6.523276806E0,-3.956606865E0,8.007117551E0
2.048731677E1,2.540964842E0,5.990106583E0,-3.530195236E0,7.402712854E0
2.049234234E1,2.226561069E0,5.098823547E0,-2.992453575E0,6.317464219E0
2.049736791E1,1.703909159E0,4.102990150E0,-2.388985395E0,5.044312224E0
2.050239349E1,1.299437523E0,3.169809341E0,-1.870678425E0,3.903289242E0
2.050741906E1,1.051729441E0,2.327714443E0,-1.463610411E0,2.943899587E0
2.051244463E1,9.219435453E-1,1.528825283E0,-1.270451784E0,2.191194739E0
2.051747021E1,8.038593531E-1,8.450202942E-1,-1.240278959E0,1.702510221E0
2.052249578E1,6.439225674E-1,2.476816177E-1,-1.283710957E0,1.457359351E0
2.052752135E1,4.697544575E-1,-2.630224228E-1,-1.296568513E0,1.403901690E0
2.053254693E1,2.419054508E-1,-6.773328781E-1,-1.231531501E0,1.426172469E0
2.053757250E1,-9.300065041E-2,-1.038229942E0,-1.160673976E0,1.560043144E0
2.054259807E1,-5.161843300E-1,-1.374393463E0,-1.174332380E0,1.880016009E0
2.054762364E1,-9.556646347E-1,-1.714648247E0,-1.233069181E0,2.318140011E0
2.055264922E1,-1.325106859E0,-2.025609016E0,-1.349439383E0,2.771278897E0
2.055767479E1,-1.571919918E0,-2.269060135E0,-1.430472255E0,3.108989707E0
2.056270036E1,-1.681900501E0,-2.416300774E0,-1.463887453E0,3.287896775E0
2.056772594E1,-1.698125362E0,-2.429059029E0,-1.394155145E0,3.275305494E0
2.057275151E1,-1.658642292E0,-2.316905975E0,-1.222827673E0,3.100718476E0
2.057777708E1,-1.529508114E0,-2.156364441E0,-9.228459597E-1,2.800169162E0
2.058280265E1,-1.262392044E0,-1.923475266E0,-4.392357469E-1,2.342289225E0
2.058782823E1,-8.046636581E-1,-1.599041939E0,1.814997792E-1,1.799266766E0
2.059285380E1,-2.286448479E-1,-1.216501236E0,9.340615273E-1,1.550685223E0
2.059787937E1,2.544364929E-1,-8.619308472E-1,1.739728689E0,1.958141626E0
2.060290495E1,5.722596645E-1,-5.066366196E-1,2.446805716E0,2.563400085E0
2.060793052E1,5.716493130E-1,-2.082004547E-1,2.941429377E0,3.003687258E0
2.061295609E1,4.346847534E-1,-9.818077087E-3,3.186959505E0,3.216482258E0
2.061798166E1,4.243829250E-1,2.271480560E-1,3.385733128E0,3.419778636E0
2.062300724E1,5.354328156E-1,4.977693558E-1,3.290381908E0,3.370619488E0
2.062803276E1,4.948081970E-1,7.636909485E-1,2.989847183E0,3.125259221E0
2.063305828E1,3.317432404E-1,9.673080444E-1,2.521213055E0,2.720708308E0
2.063808380E1,7.607054710E-2,1.074872017E0,1.937449098E0,2.216945102E0
2.064310932E1,-1.560535431E-1,1.100459099E0,1.306782961E0,1.715530426E0
2.064813484E1,-2.965629101E-1,1.077382088E0,5.646354556E-1,1.252004361E0
2.065316036E1,-2.828502655E-1,9.961290359E-1,-2.476525903E-1,1.064710822E0
2.065818588E1,-1.962499619E-1,8.760805130E-1,-9.928390980E-1,1.338566617E0
2.066321140E1,-1.372859478E-1,7.845048904E-1,-1.620236635E0,1.805398047E0
2.066823693E1,-1.775779724E-1,6.833171844E-1,-2.060867071E0,2.178446556E0
2.067326245E1,-1.924474239E-1,5.057134628E-1,-2.289535999E0,2.352606471E0
2.067828797E1,-2.246489525E-1,2.996215820E-1,-2.329981089E0,2.359883920E0
2.068331349E1,-2.500510216E-1,4.108333588E-2,-2.245346785E0,2.259600747E0
2.068833901E1,-2.349233627E-1,-2.652854919E-1,-2.071113586E0,2.101208430E0
2.069336453E1,-1.507599354E-1,-5.239324570E-1,-1.852546334E0,1.931103751E0
2.069839005E1,-2.642345428E-2,-6.824960709E-1,-1.601352334E0,1.740927449E0
2.070341557E1,1.902163029E-1,-7.172632217E-1,-1.362466574E0,1.551439311E0
2.070844109E1,5.125305653E-1,-6.330575943E-1,-1.160975575E0,1.418207948E0
2.071346661E1,7.674634457E-1,-5.637798309E-1,-9.589778185E-1,1.351475599E0
2.071849213E1,9.641690254E-1,-5.427608490E-1,-7.420059443E-1,1.332210220E0
2.072351765E1,1.255475044E0,-4.550304413E-1,-6.002269387E-1,1.464084242E0
2.072854318E1,1.530687451E0,-3.052034378E-1,-5.421807766E-1,1.652305422E0
2.073356870E1,1.688994169E0,-1.935663223E-1,-5.380164981E-1,1.783151978E0
2.073859422E1,1.687201023E0,-1.533460617E-1,-5.770749450E-1,1.789742383E0
2.074361974E1,1.669058084E0,-1.126499176E-1,-6.681588888E-1,1.801355377E0
2.074864526E1,1.606059074E0,-9.054660797E-2,-7.290764451E-1,1.766119164E0
2.075367078E1,1.546349883E0,-1.527118683E-2,-7.641213536E-1,1.724909451E0
2.075869630E1,1.442175865E0,7.488346100E-2,-7.969334722E-1,1.649418600E0
2.076372182E1,1.284143090E0,1.081485748E-1,-8.035833240E-1,1.518705287E0
2.076874734E1,1.106028080E0,1.275768280E-1,-7.602337599E-1,1.348157754E0
2.077377286E1,9.080781937E-1,1.331090927E-1,-6.910194755E-1,1.148839393E0
2.077879838E1,6.618419886E-1,1.103401184E-1,-5.387472510E-1,8.604989018E-1
2.078382390E1,4.059092999E-1,9.269714355E-2,-4.231851697E-1,5.936672536E-1
2.078884943E1,1.452262402E-1,9.923553467E-2,-3.875595331E-1,4.256063250E-1
2.079387495E1,-9.144139290E-2,1.011896133E-1,-3.984793425E-1,4.211729485E-1
2.079890047E1,-3.230483532E-1,1.128101349E-1,-3.988260031E-1,5.254983785E-1
2.080392599E1,-5.734372139E-1,1.196880341E-1,-4.270893335E-1,7.249556970E-1
2.080895151E1,-8.327505589E-1,1.312837601E-1,-4.643653631E-1,9.624677186E-1
2.081397703E1,-1.114721298E0,1.665182114E-1,-5.539531112E-1,1.255864617E0
2.081900255E1,-1.342317343E0,1.821660995E-1,-6.672827601E-1,1.510055171E0
2.082402807E1,-1.448511124E0,2.499523163E-1,-7.421752810E-1,1.646658672E0
2.082905359E1,-1.528874159E0,3.314990997E-1,-8.025911450E-1,1.758266303E0
2.083407911E1,-1.545036793E0,4.076471329E-1,-8.245087266E-1,1.798090519E0
2.083910463E1,-1.530474186E0,4.975557327E-1,-8.412286639E-1,1.815923623E0
2.084413015E1,-1.461297512E0,6.251707077E-1,-8.381130099E-1,1.796847865E0
2.084915568E1,-1.342490911E0,6.948909760E-1,-8.387725949E-1,1.728784192E0
2.085418120E1,-1.198238134E0,7.499485016E-1,-7.759137750E-1,1.612525835E0
2.085920672E1,-1.047924519E0,7.665195465E-1,-6.543580890E-1,1.453919709E0
2.086423224E1,-9.156937599E-1,7.542877197E-1,-5.267455578E-1,1.298039255E0
2.086925776E1,-7.871694565E-1,7.419500351E-1,-4.076154232E-1,1.155974023E0
2.087428328E1,-6.913654804E-1,7.199878693E-1,-2.828465700E-1,1.037482984E0
2.087930880E1,-6.378846169E-1,6.500940323E-1,-1.816059351E-1,9.287086469E-1
2.088433432E1,-5.886042118E-1,5.705223083E-1,-9.017395973E-2,8.246708225E-1
2.088935984E1,-5.483520031E-1,4.763870239E-1,-3.317141533E-2,7.271415671E-1
2.089438536E1,-5.076355934E-1,4.010982513E-1,-3.984773159E-2,6.481986923E-1
2.089941088E1,-4.330172539E-1,3.493566513E-1,-9.612822533E-2,5.646190288E-1
2.090443640E1,-3.485424519E-1,3.210439682E-1,-1.595101357E-1,4.999945536E-1
2.090946193E1,-2.401671410E-1,3.161497116E-1,-2.446066141E-1,4.663295953E-1
2.091448745E1,-1.511480808E-1,2.772359848E-1,-3.325903416E-1,4.586086228E-1
2.091951297E1,-3.395080566E-2,2.473831177E-1,-4.860169888E-1,5.464097158E-1
2.092453849E1,7.776403427E-2,2.409400940E-1,-6.522482634E-1,6.996621835E-1
2.092956401E1,1.837050915E-1,2.340087891E-1,-7.787277102E-1,8.336213293E-1
2.093458953E1,2.694473267E-1,2.553110123E-1,-8.605589271E-1,9.372018149E-1
2.093961505E1,3.111474514E-1,2.808866501E-1,-9.215508103E-1,1.012406017E0
2.094464057E1,3.856008053E-1,3.106260300E-1,-9.952499270E-1,1.111619957E0
2.094966609E1,4.403300285E-1,3.301744461E-1,-1.081234694E0,1.213249423E0
2.095469161E1,5.136942863E-1,3.204336166E-1,-1.188691378E0,1.333996519E0
2.095971713E1,5.868802071E-1,3.053445816E-1,-1.278774500E0,1.439766617E0
2.096474265E1,6.361232996E-1,2.993450165E-1,-1.374721527E0,1.544059445E0
2.096976818E1,6.569350958E-1,2.738285065E-1,-1.475678325E0,1.638344374E0
2.097479370E1,6.830734015E-1,2.337656021E-1,-1.599728107E0,1.755097048E0
2.097981922E1,7.243756056E-1,1.984186172E-1,-1.755625486E0,1.909531569E0
2.098484474E1,7.810633183E-1,1.344852448E-1,-1.899334669E0,2.058061800E0
2.098987026E1,8.294231892E-1,4.213333130E-2,-2.054118872E0,2.215653940E0
2.099489578E1,8.983210325E-1,-4.503726959E-2,-2.195651531E0,2.372739910E0
2.099992130E1,1.011764765E0,-1.747770309E-1,-2.323641777E0,2.540379117E0
2.100494682E1,1.174448371E0,-3.038978577E-1,-2.385295153E0,2.676063499E0
2.100997234E1,1.357499599E0,-4.227476120E-1,-2.433217287E0,2.818167325E0
2.101499786E1,1.531815767E0,-4.977378845E-1,-2.496153831E0,2.970687883E0
2.102002338E1,1.701904416E0,-5.718917847E-1,-2.502472401E0,3.079919962E0
2.102504890E1,1.876773834E0,-5.924797058E-1,-2.490705729E0,3.174417624E0
2.103007443E1,2.031876326E0,-5.690145493E-1,-2.446844101E0,3.230997526E0
2.103509995E1,2.104488134E0,-5.254163742E-1,-2.357087374E0,3.203247346E0
2.104012547E1,2.037047863E0,-5.095720291E-1,-2.226763010E0,3.060670049E0
2.104515099E1,1.911068916E0,-4.976730347E-1,-2.075560808E0,2.864928537E0
2.105017651E1,1.793495536E0,-4.802989960E-1,-1.961569786E0,2.700938612E0
2.105520203E1,1.694019556E0,-4.576263428E-1,-1.861334085E0,2.558063467E0
2.106022755E1,1.617248535E0,-3.962574005E-1,-1.775301099E0,2.433969339E0
2.106525307E1,1.534383893E0,-3.249969482E-1,-1.655960321E0,2.280824749E0
2.107027859E1,1.402186871E0,-2.726182938E-1,-1.522993565E0,2.088051281E0
2.107530411E1,1.258837342E0,-1.960783005E-1,-1.405357838E0,1.896878701E0
2.108032963E1,1.104571700E0,-9.076690674E-2,-1.245948315E0,1.667544445E0
2.108535515E1,9.347021580E-1,4.944801331E-3,-1.092838287E0,1.438050103E0
2.109038068E1,7.159979343E-1,9.095954895E-2,-9.700798988E-1,1.209124349E0
2.109540620E1,4.487988949E-1,1.336679459E-1,-8.491747379E-1,9.697346561E-1
2.110043172E1,1.621015072E-1,1.282033920E-1,-7.781829834E-1,8.051594650E-1
2.110545724E1,-1.675069332E-1,9.353160858E-2,-7.334208488E-1,7.580981968E-1
2.111048276E1,-5.728032589E-1,1.994514465E-2,-7.578275204E-1,9.501599512E-1
2.111550828E1,-1.104867697E0,-9.279251099E-2,-8.746485710E-1,1.412215706E0
2.112053380E1,-1.670536995E0,-3.741464615E-1,-1.140182257E0,2.056865335E0
2.112555932E1,-2.085869312E0,-8.958101273E-1,-1.571526766E0,2.760982243E0
2.113058484E1,-2.110356092E0,-1.695526123E0,-2.113191605E0,3.434237969E0
2.113561036E1,-1.863733292E0,-2.829659462E0,-2.747667074E0,4.362355878E0
2.114063588E1,-1.323144674E0,-4.138930321E0,-3.438003778E0,5.540877729E0
2.114566140E1,-4.716899395E-1,-5.339384079E0,-4.165574074E0,6.788484448E0
2.115068693E1,4.528403282E-1,-6.429309845E0,-4.706214428E0,7.980572892E0
2.115571245E1,1.235839963E0,-7.689324379E0,-4.918712616E0,9.211229213E0
2.116073797E1,1.720333695E0,-9.142145157E0,-4.836430550E0,1.048472348E1
2.116576349E1,1.979959249E0,-1.073950005E1,-4.570737839E0,1.183844349E1
2.117078901E1,2.141995430E0,-1.230489635E1,-3.756357908E0,1.304257810E1
2.117581453E1,2.047441483E0,-1.347609043E1,-2.551228285E0,1.386743652E1
2.118084005E1,1.762114167E0,-1.423113632E1,-8.146926761E-1,1.436293882E1
2.118586557E1,9.357354641E-1,-1.384134960E1,1.685350895E0,1.397494069E1
2.119089109E1,-4.095540047E-1,-1.230603218E1,3.818464041E0,1.289134710E1
2.119591661E1,-2.046553373E0,-1.017855930E1,5.134993076E0,1.158272870E1
2.120094213E1,-3.355025530E0,-8.120916367E0,5.685933590E0,1.046591227E1
2.120596771E1,-4.085585117E0,-6.406009674E0,5.798795700E0,9.557980815E0
2.121099328E1,-4.211567879E0,-4.884830475E0,5.644490242E0,8.570830932E0
2.121601885E1,-3.819028378E0,-3.412689209E0,5.188303471E0,7.290399049E0
2.122104443E1,-3.134407520E0,-1.988290787E0,4.561783791E0,5.881129323E0
2.122607000E1,-2.241936684E0,-4.142026901E-1,3.903411388E0,4.520449583E0
2.123109557E1,-1.374837875E0,1.152722359E0,3.238926172E0,3.702646455E0
2.123612114E1,-5.746834278E-1,2.694301128E0,2.583082676E0,3.776484572E0
2.124114672E1,4.084062576E-2,4.182554245E0,1.729466081E0,4.526199387E0
2.124617229E1,4.413180351E-1,5.574871540E0,4.717758894E-1,5.612176653E0
2.125119786E1,6.207885742E-1,6.871681213E0,-1.122528434E0,6.990382768E0
2.125622344E1,5.602383614E-1,7.824438095E0,-2.382335424E0,8.198244971E0
2.126124901E1,1.557474136E-1,8.189307213E0,-2.484265089E0,8.559239623E0
2.126627458E1,-2.365622520E-1,8.171914101E0,-1.501819134E0,8.312135855E0
2.127130015E1,-2.661981583E-1,7.920236588E0,-2.993433475E-1,7.930360364E0
2.127632573E1,-2.201406956E-1,7.324090958E0,6.173080802E-1,7.353355666E0
2.128135130E1,-1.747839451E-1,6.498380184E0,1.130138397E0,6.598235161E0
2.128637687E1,-7.283568382E-2,5.500689030E0,1.336502790E0,5.661194622E0
2.129140245E1,1.187322140E-1,4.470039845E0,1.310250521E0,4.659625519E0
2.129642802E1,3.606379032E-1,3.521637440E0,1.079297781E0,3.700928756E0
2.130145359E1,4.077479839E-1,2.732385159E0,9.365499616E-1,2.917072660E0
2.130647916E1,1.641321182E-1,2.054542542E0,8.985916376E-1,2.248455323E0
2.131150474E1,-2.404711246E-1,1.483199596E0,9.153724909E-1,1.759435762E0
2.131653031E1,-8.000831604E-1,8.936424255E-1,9.275846481E-1,1.516292560E0
2.132155588E1,-1.441390991E0,2.903013229E-1,1.000170827E0,1.778264472E0
2.132658146E1,-2.143311977E0,-2.508134842E-1,1.110900283E0,2.427095605E0
2.133160703E1,-2.727122307E0,-7.063617706E-1,1.303914666E0,3.104244914E0
2.133663260E1,-3.081963301E0,-1.057652473E0,1.608054876E0,3.633588726E0
2.134165818E1,-3.341691494E0,-1.333669662E0,2.032310963E0,4.132295326E0
2.134668375E1,-3.530284166E0,-1.558485031E0,2.556251287E0,4.628844622E0
2.135170932E1,-3.685957432E0,-1.655665398E0,3.244862080E0,5.182339241E0
2.135673489E1,-3.822958946E0,-1.692264557E0,3.999991894E0,5.786078947E0
2.136176041E1,-3.874314308E0,-1.663414001E0,4.670859337E0,6.292390996E0
2.136678594E1,-3.792161703E0,-1.478120804E0,5.240820885E0,6.635626198E0
2.137181146E1,-3.462102413E0,-1.169725418E0,5.617005348E0,6.701131229E0
2.137683698E1,-2.904260874E0,-6.900768280E-1,5.821441650E0,6.542180076E0
2.138186250E1,-2.225307703E0,-3.405284882E-2,5.843315125E0,6.252798223E0
2.138688802E1,-1.460303783E0,6.552448273E-1,5.667309284E0,5.888992057E0
2.139191354E1,-6.727504730E-1,1.301715851E0,5.159222603E0,5.363267215E0
2.139693906E1,1.181817055E-2,1.805311680E0,4.367616653E0,4.726030593E0
2.140196458E1,6.119687557E-1,2.137577057E0,3.380473852E0,4.046151863E0
2.140699010E1,1.107947111E0,2.284306526E0,2.291502476E0,3.420027296E0
2.141201562E1,1.480095506E0,2.293375015E0,1.295476079E0,3.021342407E0
2.141704114E1,1.699354768E0,2.145590782E0,6.014260650E-1,2.802334695E0
2.142206666E1,1.713073850E0,1.883961201E0,2.882386446E-1,2.562618453E0
2.142709219E1,1.473851681E0,1.517985821E0,1.943705678E-1,2.124688129E0
2.143211771E1,1.068764925E0,1.100173950E0,2.913449407E-1,1.561256885E0
2.143714323E1,6.228929758E-1,6.687173843E-1,4.926632643E-1,1.038217555E0
2.144216875E1,1.468569040E-1,3.239097595E-1,7.159178257E-1,7.993890265E-1
2.144719427E1,-2.439663410E-1,7.995033264E-2,9.121671319E-1,9.476077816E-1
2.145221979E1,-5.059512854E-1,-3.938865662E-2,1.056094646E0,1.171697090E0
2.145724531E1,-7.295691967E-1,-8.685970306E-2,1.113011241E0,1.333645321E0
2.146227083E1,-9.045916796E-1,-6.734466553E-2,1.086577177E0,1.415440346E0
2.146729635E1,-1.006537676E0,1.905536652E-2,9.329863191E-1,1.372568640E0
2.147232187E1,-1.039713860E0,1.196193695E-1,7.427268028E-1,1.283338150E0
2.147734739E1,-1.032348275E0,2.581920624E-1,5.203320384E-1,1.184546974E0
2.148237291E1,-9.651466608E-1,4.346733093E-1,2.900992036E-1,1.097545676E0
2.148739844E1,-8.812018633E-1,6.106681824E-1,-2.830350399E-2,1.072489366E0
2.149242396E1,-7.995245457E-1,7.573070526E-1,-4.523087740E-1,1.190519508E0
2.149744948E1,-7.200694084E-1,8.935661316E-1,-8.220755458E-1,1.411654557E0
2.150247500E1,-6.094391346E-1,1.014502525E0,-9.922450781E-1,1.544403357E0
2.150750052E1,-5.586392879E-1,1.120023727E0,-9.282730818E-1,1.558275302E0
2.151252604E1,-5.725336075E-1,1.157494545E0,-7.684242725E-1,1.502685668E0
2.151755156E1,-6.939690113E-1,1.098241806E0,-5.985960960E-1,1.430400412E0
2.152257708E1,-7.884908915E-1,1.037958145E0,-3.520139456E-1,1.350181030E0
2.152760260E1,-8.704733849E-1,9.240608215E-1,-1.012825966E-2,1.269533338E0
2.153262812E1,-8.922208548E-1,7.806167603E-1,2.682176232E-1,1.215467512E0
2.153765364E1,-8.207235336E-1,6.269168854E-1,4.870920181E-1,1.141871505E0
2.154267916E1,-6.949532032E-1,5.253028870E-1,6.315321922E-1,1.075981407E0
2.154770469E1,-5.394858122E-1,4.137134552E-1,7.104073763E-1,9.833017873E-1
2.155273021E1,-3.455783129E-1,3.497600555E-1,7.422274351E-1,8.903134460E-1
2.155775573E1,-1.043881178E-1,2.618532181E-1,7.311265469E-1,7.835879111E-1
2.156278125E1,5.434441566E-2,1.837110519E-1,7.385061383E-1,7.629511010E-1
2.156780677E1,2.211663723E-1,9.160995483E-2,7.061611414E-1,7.456342975E-1
2.157283229E1,2.621372938E-1,-4.298305511E-2,6.811204553E-1,7.310872577E-1
2.157785781E1,2.445218563E-1,-1.577129364E-1,7.246758938E-1,7.809093799E-1
2.158288333E1,2.594385147E-1,-2.477130890E-1,7.929712534E-1,8.703295503E-1
2.158790885E1,2.112957239E-1,-3.081722260E-1,8.761284947E-1,9.524794712E-1
2.159293437E1,2.387732267E-1,-3.055906296E-1,9.501267672E-1,1.026225687E0
2.159795989E1,2.841744423E-1,-2.496099472E-1,9.292773008E-1,1.003302816E0
2.160298541E1,2.946897745E-1,-1.834049225E-1,7.952732444E-1,8.677205553E-1
2.160801094E1,2.367054224E-1,-1.357860565E-1,6.208968163E-1,6.782183768E-1
2.161303646E1,1.582031250E-1,-1.212472916E-1,4.693691730E-1,5.099377953E-1
2.161806198E1,1.166616678E-1,-1.303148270E-1,3.844518661E-1,4.223684840E-1
2.162308750E1,-2.584815025E-3,-1.439409256E-1,3.665633202E-1,3.938201861E-1
2.162811302E1,-1.179651022E-1,-2.052402496E-1,3.632880449E-1,4.336098811E-1
2.163313854E1,-2.769610882E-1,-3.237552643E-1,3.600971699E-1,5.578484447E-1
2.163816406E1,-4.361559153E-1,-4.659547806E-1,2.419718504E-1,6.825659062E-1
2.164318958E1,-6.143224239E-1,-6.079092026E-1,6.133961678E-2,8.664341797E-1
2.164821510E1,-6.869035959E-1,-7.687864304E-1,-2.581876516E-1,1.062793484E0
2.165324062E1,-7.686586380E-1,-9.104042053E-1,-7.303303480E-1,1.397517204E0
2.165826614E1,-8.501621485E-1,-1.018547058E0,-1.291916132E0,1.851826417E0
2.166329166E1,-9.459530115E-1,-1.088654518E0,-1.874621153E0,2.365206170E0
2.166831719E1,-1.056273341E0,-1.106624603E0,-2.410089016E0,2.854620894E0
2.167334271E1,-1.209802628E0,-1.048824310E0,-2.796786785E0,3.222680740E0
2.167836823E1,-1.291320801E0,-9.394836426E-1,-2.995881081E0,3.394914193E0
2.168339375E1,-1.315170884E0,-8.122453690E-1,-3.002588987E0,3.377122684E0
2.168841927E1,-1.300239563E0,-6.910943985E-1,-2.850928783E0,3.208742638E0
2.169344479E1,-1.260825515E0,-5.664052963E-1,-2.556132317E0,2.905909214E0
2.169847031E1,-1.172882915E0,-3.902063370E-1,-2.114845514E0,2.449589122E0
2.170349583E1,-1.074460983E0,-1.814689636E-1,-1.586220026E0,1.924445728E0
2.170852135E1,-9.223334789E-1,3.610897064E-2,-1.057989120E0,1.404045542E0
2.171354687E1,-7.642985582E-1,2.770977020E-1,-5.791918039E-1,9.981976600E-1
2.171857239E1,-6.528551579E-1,5.225820541E-1,-1.031205654E-1,8.425827624E-1
2.172359791E1,-5.257309675E-1,7.680149078E-1,3.740115166E-1,1.003057607E0
2.172862344E1,-4.068714380E-1,9.896965027E-1,8.370692730E-1,1.358575910E0
2.173364896E1,-2.963603735E-1,1.173471451E0,1.228222370E0,1.724353475E0
2.173867448E1,-1.989696026E-1,1.338585854E0,1.475684047E0,2.002259822E0
2.174370000E1,-1.196454763E-1,1.432530880E0,1.694378257E0,2.222021026E0
2.174872552E1,-5.373919010E-2,1.488883495E0,1.841478825E0,2.368692936E0
2.175375104E1,4.158759117E-2,1.517198086E0,1.941479087E0,2.464337762E0
2.175877656E1,1.371291876E-1,1.522210598E0,1.985619187E0,2.505716080E0
2.176380208E1,2.372331619E-1,1.532532215E0,1.965242028E0,2.503419820E0
2.176882760E1,3.462747335E-1,1.562385082E0,1.890807867E0,2.477116817E0
2.177385312E1,4.257403612E-1,1.597273350E0,1.787022114E0,2.434334620E0
2.177887864E1,4.849926233E-1,1.603638172E0,1.616163969E0,2.327844326E0
2.178390416E1,4.619398117E-1,1.595824718E0,1.440625191E0,2.198964725E0
2.178892969E1,4.046318531E-1,1.588158131E0,1.279627085E0,2.079283208E0
2.179395521E1,3.038853407E-1,1.537456989E0,1.076121807E0,1.901094011E0
2.179898073E1,1.551102400E-1,1.477194309E0,8.542330265E-1,1.713439896E0
2.180400625E1,6.559610367E-3,1.392949581E0,6.045198441E-1,1.518484707E0
2.180903177E1,-1.127425432E-1,1.318176270E0,3.413562775E-1,1.366317557E0
2.181405729E1,-2.265685797E-1,1.267177582E0,8.868074417E-2,1.290324230E0
2.181908281E1,-3.251721859E-1,1.239892960E0,-1.248242855E-1,1.287886875E0
2.182410833E1,-4.130537510E-1,1.226711273E0,-2.706706524E-1,1.322382906E0
2.182913385E1,-4.709098339E-1,1.218083382E0,-3.540077209E-1,1.353072305E0
2.183415937E1,-5.415923595E-1,1.247529030E0,-4.087665081E-1,1.420120073E0
2.183918489E1,-5.577917099E-1,1.291169167E0,-4.594802856E-1,1.479652507E0
2.184421041E1,-5.339267254E-1,1.358589649E0,-4.871969223E-1,1.538897145E0
2.184923594E1,-4.652283192E-1,1.440181255E0,-4.871468544E-1,1.589928141E0
2.185426146E1,-3.854613304E-1,1.521636486E0,-4.212059975E-1,1.625229991E0
2.185928698E1,-2.711460590E-1,1.622134686E0,-3.467712402E-1,1.680800826E0
2.186431250E1,-1.465815306E-1,1.698656559E0,-2.781553268E-1,1.727509953E0
2.186933802E1,-7.415890694E-3,1.779993057E0,-1.818580627E-1,1.789274332E0
2.187436354E1,6.463527679E-2,1.861430168E0,-8.664131165E-2,1.864566091E0
2.187938906E1,1.269563437E-1,1.895202637E0,-1.658868790E-2,1.899522606E0
2.188441458E1,1.698918343E-1,1.919694901E0,2.813220024E-2,1.927403219E0
2.188944010E1,2.937701941E-1,1.891918182E0,1.096439362E-1,1.917727074E0
2.189446562E1,2.495537996E-1,1.888552666E0,1.750833988E-1,1.912998292E0
2.189949114E1,1.912879944E-1,1.866414070E0,2.195444107E-1,1.888992410E0
2.190451666E1,1.909540892E-1,1.844576836E0,2.670843601E-1,1.873569113E0
2.190954224E1,1.914807558E-1,1.803821564E0,3.129637241E-1,1.840756205E0
2.191456781E1,1.642991304E-1,1.772814751E0,4.242041111E-1,1.830250112E0
2.191959338E1,1.285769939E-1,1.722854614E0,5.193593502E-1,1.804021674E0
2.192461896E1,7.001078129E-2,1.677822590E0,5.938067436E-1,1.781178431E0
2.192964453E1,2.205383778E-2,1.623288631E0,6.335554123E-1,1.742683222E0
2.193467010E1,-5.376160145E-2,1.592725277E0,6.388213634E-1,1.716903274E0
2.193969568E1,-1.479283571E-1,1.552573681E0,6.577458382E-1,1.692630326E0
2.194472125E1,-2.174601555E-1,1.531508923E0,6.330909729E-1,1.671410386E0
2.194974682E1,-2.818186283E-1,1.539114475E0,5.888752937E-1,1.671846051E0
2.195477239E1,-3.411324024E-1,1.532317638E0,5.108516216E-1,1.650859788E0
2.195979797E1,-4.289726019E-1,1.520735264E0,3.798315525E-1,1.625092380E0
2.196482354E1,-4.928895235E-1,1.518800259E0,2.387322187E-1,1.614523887E0
2.196984911E1,-5.376970768E-1,1.507458210E0,1.588727236E-1,1.608349758E0
2.197487468E1,-6.018235683E-1,1.482095242E0,1.060637236E-1,1.603136746E0
2.197990026E1,-6.183481216E-1,1.438066006E0,7.959365845E-3,1.565391832E0
2.198492583E1,-5.875439644E-1,1.399381161E0,-9.255993366E-2,1.520540326E0
2.198995140E1,-4.903857708E-1,1.375603199E0,-1.477535963E-1,1.467853361E0
2.199497698E1,-3.510971069E-1,1.376289845E0,-1.719181538E-1,1.430733646E0
2.200000255E1,-1.745896339E-1,1.406138897E0,-1.696298122E-1,1.427053752E0
2.200502812E1,2.952718735E-2,1.445914745E0,-1.215324402E-1,1.451313694E0
2.201005370E1,1.941484213E-1,1.486032009E0,-5.629563332E-2,1.499717953E0
2.201507927E1,3.385257721E-1,1.507253170E0,-4.050445557E-2,1.545332465E0
2.202010484E1,4.245297909E-1,1.509533405E0,-1.026268005E-1,1.571448028E0
2.202513041E1,4.666371346E-1,1.473664761E0,-1.895259619E-1,1.557356135E0
2.203015599E1,4.889584780E-1,1.442644596E0,-3.200130463E-1,1.556506400E0
2.203518156E1,4.870307446E-1,1.402004719E0,-4.364053011E-1,1.547018347E0
2.204020713E1,4.706974030E-1,1.351665020E0,-5.337469578E-1,1.527560207E0
2.204523271E1,4.881720543E-1,1.315426350E0,-6.262037754E-1,1.536486122E0
2.205025828E1,5.155897141E-1,1.307606220E0,-7.234113216E-1,1.580819636E0
2.205528385E1,5.629800558E-1,1.313686848E0,-8.156880140E-1,1.645620434E0
2.206030942E1,6.543892622E-1,1.333597660E0,-8.455654383E-1,1.709294865E0
2.206533500E1,7.660944462E-1,1.333767414E0,-8.703992367E-1,1.767323130E0
2.207036052E1,9.221810102E-1,1.323759556E0,-8.808428049E-1,1.838108056E0
2.207538604E1,1.132526040E0,1.298689365E0,-8.959257603E-1,1.942136006E0
2.208041156E1,1.387319326E0,1.287290096E0,-1.001586556E0,2.141248779E0
2.208543708E1,1.619756937E0,1.260714054E0,-1.211382985E0,2.383371813E0
2.209046260E1,1.868277311E0,1.290603161E0,-1.357091188E0,2.645337998E0
2.209548812E1,2.085008621E0,1.300315380E0,-1.442921042E0,2.849579298E0
2.210051364E1,2.217499256E0,1.275439739E0,-1.563918591E0,2.998314666E0
2.210553916E1,2.381289005E0,1.196685791E0,-1.690889835E0,3.156216508E0
2.211056468E1,2.566924334E0,1.126229286E0,-1.703957558E0,3.280390876E0
2.211559021E1,2.889154911E0,1.102333069E0,-1.579513192E0,3.472350244E0
2.212061573E1,3.037065268E0,9.910774231E-1,-1.538668633E0,3.545913290E0
2.212564125E1,3.016304493E0,8.880844116E-1,-1.395653486E0,3.440150487E0
2.213066677E1,2.746669769E0,6.830997467E-1,-1.218189478E0,3.081364258E0
2.213569229E1,2.510878563E0,1.561441422E-1,-1.092766762E0,2.742814494E0
2.214071781E1,2.409177065E0,-6.780309677E-1,-9.625038505E-1,2.681468587E0
2.214574333E1,2.406311989E0,-1.813796043E0,-5.316305757E-1,3.059873289E0
2.215076885E1,2.414831161E0,-3.575498581E0,1.496725082E-1,4.317175176E0
2.215579437E1,2.356863499E0,-6.100392342E0,1.421718359E0,6.692598551E0
2.216081989E1,2.015317202E0,-9.396194458E0,2.872879028E0,1.003012501E1
2.216584541E1,1.068344831E0,-1.322230721E1,3.995555162E0,1.385406906E1
2.217087094E1,-4.844558239E-1,-1.757326126E1,5.062224388E0,1.829427027E1
2.217589646E1,-1.792851925E0,-2.143422318E1,5.992104053E0,2.232813365E1
2.218092198E1,-2.056652069E0,-2.386267471E1,6.414912701E0,2.479532551E1
2.218594750E1,-9.195411205E-1,-2.444690895E1,6.790723801E0,2.538918752E1
2.219097302E1,8.244879246E-1,-2.271757698E1,7.123643398E0,2.382256030E1
2.219599854E1,2.177213907E0,-1.843748856E1,6.202195168E0,1.957417864E1
2.220102406E1,2.332223415E0,-1.241087914E1,4.113095284E0,1.328106697E1
2.220604958E1,2.008949280E0,-7.374464035E0,1.657623887E0,7.820889589E0
2.221107510E1,1.793667316E0,-3.597300529E0,-3.863654435E-1,4.038204031E0
2.221610062E1,1.670464039E0,-6.436624527E-1,-1.978496194E0,2.668182649E0
2.222112614E1,1.506563306E0,1.721562862E0,-3.226714611E0,3.955401227E0
2.222615166E1,1.282753110E0,3.384560108E0,-4.090988636E0,5.462315506E0
2.223117718E1,1.079749584E0,4.270060062E0,-4.316875935E0,6.167227086E0
2.223620271E1,9.016786814E-1,4.599322796E0,-3.943123341E0,6.124950310E0
2.224122823E1,8.392597437E-1,4.865721703E0,-3.324303865E0,5.952360943E0
2.224625375E1,8.688787222E-1,5.241378784E0,-2.814950943E0,6.012566058E0
2.225127927E1,9.762548208E-1,5.735642433E0,-2.416072130E0,6.299846993E0
2.225630479E1,1.132565737E0,6.219192505E0,-2.057090521E0,6.647757665E0
2.226133031E1,1.194180846E0,6.715918541E0,-1.763503671E0,7.045535816E0
2.226635583E1,1.218245745E0,7.211497307E0,-1.474595547E0,7.460847682E0
2.227138135E1,1.199695349E0,7.715536118E0,-1.168155909E0,7.895147544E0
2.227640687E1,1.138187408E0,8.146804810E0,-7.986955047E-1,8.264612132E0
2.228143239E1,9.663177729E-1,8.448169708E0,-5.036581755E-1,8.518157842E0
2.228645791E1,6.973413229E-1,8.424133301E0,-1.972927898E-1,8.455248739E0
2.229148344E1,1.341021061E-1,7.946442604E0,5.590068698E-1,7.967209180E0
2.229650896E1,-8.323860168E-1,6.967808723E0,1.521628499E0,7.180430222E0
2.230153448E1,-1.950820684E0,5.732234001E0,2.264922142E0,6.464834128E0
2.230656000E1,-2.927025557E0,4.401994228E0,2.767776728E0,5.967044479E0
2.231158552E1,-3.687442541E0,3.129647255E0,3.210882187E0,5.805315569E0
2.231661104E1,-4.322230816E0,1.866967678E0,3.549389124E0,5.896220034E0
2.232163656E1,-4.821843624E0,6.473159790E-1,3.633002758E0,6.071894511E0
2.232666208E1,-5.315976143E0,-5.436534882E-1,3.531249762E0,6.405067240E0
2.233168760E1,-5.843258858E0,-1.638945580E0,3.408690929E0,6.960530910E0
2.233671312E1,-6.418567657E0,-2.605055809E0,3.190119743E0,7.626348439E0
2.234173864E1,-6.894152641E0,-3.341568947E0,2.852208853E0,8.174993517E0
2.234676416E1,-7.251935005E0,-3.709873199E0,2.404526949E0,8.493260288E0
2.235178968E1,-7.426340103E0,-3.691069603E0,1.860703945E0,8.499220041E0
2.235681521E1,-7.385426044E0,-3.232842445E0,1.257755995E0,8.159518263E0
2.236184073E1,-7.011248589E0,-2.330787659E0,5.945317149E-1,7.412398117E0
2.236686625E1,-6.519827843E0,-1.286789894E0,-5.780076981E-2,6.645850153E0
2.237189177E1,-6.058403969E0,-3.356819153E-1,-5.649710894E-1,6.093942347E0
2.237691729E1,-5.487026215E0,4.362621307E-1,-8.453032970E-1,5.568870531E0
2.238194281E1,-4.843280315E0,1.033872604E0,-9.747801423E-1,5.047420440E0
2.238696833E1,-4.298890591E0,1.404691696E0,-1.158200860E0,4.668516713E0
2.239199385E1,-3.767266273E0,1.611179829E0,-1.423065066E0,4.337431244E0
2.239701937E1,-3.224354982E0,1.701471806E0,-1.792021632E0,4.062365430E0
2.240204489E1,-2.708493233E0,1.690254688E0,-2.258926868E0,3.910964983E0
2.240707041E1,-2.229423761E0,1.592304707E0,-2.803028107E0,3.919532007E0
2.241209594E1,-1.844514132E0,1.369814873E0,-3.269460440E0,3.995997589E0
2.241712146E1,-1.524603844E0,1.090206146E0,-3.623072147E0,4.079168801E0
2.242214698E1,-1.245237947E0,7.681846619E-1,-3.867260218E0,4.134782559E0
2.242717250E1,-1.020071507E0,4.183435440E-1,-3.962738991E0,4.113253883E0
2.243219802E1,-8.197417259E-1,3.605079651E-2,-3.880304813E0,3.966111648E0
2.243722354E1,-5.482721329E-1,-3.116445541E-1,-3.639193058E0,3.693433467E0
2.244224906E1,-1.870143414E-1,-5.626068115E-1,-3.321694851E0,3.374189898E0
2.244727458E1,2.486770153E-1,-7.025699615E-1,-3.010276079E0,3.101162182E0
2.245230010E1,6.857422590E-1,-7.460441589E-1,-2.611035347E0,2.800773093E0
2.245732562E1,1.094274044E0,-6.884851456E-1,-2.078508854E0,2.447784005E0
2.246235114E1,1.453983903E0,-6.210184097E-1,-1.553939819E0,2.216858592E0
2.246737666E1,1.444040060E0,-6.968908310E-1,-1.192218065E0,1.998072181E0
2.247240218E1,1.180257320E0,-7.823314667E-1,-1.013384581E0,1.741263385E0
2.247742771E1,1.136780024E0,-8.058176041E-1,-1.022852659E0,1.728536489E0
2.248245323E1,1.279541969E0,-7.148513794E-1,-1.082356453E0,1.822014170E0
2.248747875E1,1.512221813E0,-5.573606491E-1,-1.144447803E0,1.976670554E0
2.249250427E1,1.743135691E0,-4.480047226E-1,-1.247247577E0,2.189716143E0
2.249752979E1,1.923950315E0,-3.673973083E-1,-1.409467220E0,2.413123171E0
2.250255531E1,1.987731695E0,-2.962198257E-1,-1.558500171E0,2.543176411E0
2.250758083E1,2.015992880E0,-2.008781433E-1,-1.664996147E0,2.622363722E0
2.251260635E1,1.937155128E0,-1.195650101E-1,-1.661355972E0,2.554793425E0
2.251763187E1,1.818665743E0,-3.790187836E-2,-1.551920652E0,2.391116758E0
2.252265739E1,1.775729895E0,9.671211243E-2,-1.369813442E0,2.244762517E0
2.252768291E1,1.822613955E0,2.985620499E-1,-1.139019132E0,2.169890667E0
2.253270844E1,1.772732973E0,4.145231247E-1,-8.739357591E-1,2.019449263E0
2.253773396E1,1.655209303E0,4.780683517E-1,-6.082916856E-1,1.827097688E0
2.254275948E1,1.546905756E0,5.896024704E-1,-3.374603987E-1,1.689505256E0
2.254778500E1,1.448110819E0,7.154417038E-1,-7.142543793E-2,1.616781794E0
2.255281052E1,1.359099150E0,7.932329178E-1,1.749383211E-1,1.583342154E0
2.255783604E1,1.318162799E0,8.563919067E-1,4.010314941E-1,1.622278189E0
2.256286156E1,1.272640824E0,8.904752731E-1,5.727649927E-1,1.655481989E0
2.256788708E1,1.208266735E0,9.240779877E-1,6.752008200E-1,1.664249013E0
2.257291260E1,1.172882557E0,9.093170166E-1,6.841989756E-1,1.634209034E0
2.257793812E1,1.166395903E0,8.701181412E-1,5.708882809E-1,1.563169348E0
2.258296364E1,1.150542498E0,8.017024994E-1,3.688588142E-1,1.450010952E0
2.258798916E1,1.130054951E0,7.184944153E-1,1.549572945E-1,1.348061638E0
2.259301468E1,1.100058436E0,6.683988571E-1,-5.138087273E-2,1.288225753E0
2.259804021E1,1.046016812E0,6.180086136E-1,-2.497788668E-1,1.240352894E0
2.260306578E1,9.583821297E-1,5.577888489E-1,-4.065660238E-1,1.181067584E0
2.260809135E1,8.755744696E-1,5.164585114E-1,-5.501841307E-1,1.155881751E0
2.261311692E1,8.122164011E-1,5.035266876E-1,-6.755841970E-1,1.170319877E0
2.261814250E1,7.633013725E-1,5.142354965E-1,-8.018385768E-1,1.220660573E0
2.262316807E1,7.239632607E-1,5.581474304E-1,-8.762552142E-1,1.266283759E0
2.262819364E1,6.797665358E-1,6.160840988E-1,-9.420179725E-1,1.314929664E0
2.263321922E1,6.353358030E-1,6.689691544E-1,-1.008551121E0,1.366874784E0
2.263824479E1,5.668811798E-1,6.928977966E-1,-1.051736355E0,1.381162912E0
2.264327036E1,4.888026714E-1,7.262735367E-1,-1.037552357E0,1.357540495E0
2.264829594E1,3.727424145E-1,7.260589600E-1,-1.013397932E0,1.301181728E0
2.265332151E1,2.049021721E-1,6.779136658E-1,-9.644595385E-1,1.196550893E0
2.265834708E1,4.794645309E-2,6.344976425E-1,-9.094059467E-1,1.109912292E0
2.266337265E1,-8.818268776E-2,5.766706467E-1,-8.430223465E-1,1.025188713E0
2.266839823E1,-2.078573704E-1,5.378179550E-1,-7.796323299E-1,9.696800550E-1
2.267342380E1,-3.203673363E-1,4.843435287E-1,-7.192921638E-1,9.244485388E-1
2.267844937E1,-3.824853897E-1,3.970375061E-1,-6.813070774E-1,8.764206686E-1
2.268347494E1,-4.132945538E-1,2.950029373E-1,-6.705513000E-1,8.411172137E-1
2.268850052E1,-4.365904331E-1,1.303482056E-1,-6.966814995E-1,8.324463783E-1
2.269352609E1,-4.093842506E-1,-7.765769958E-2,-7.450337410E-1,8.536401222E-1
2.269855166E1,-3.509283066E-1,-3.049659729E-1,-8.200209141E-1,9.426501050E-1
2.270357724E1,-2.853481770E-1,-5.466995239E-1,-8.975677490E-1,1.089004966E0
2.270860281E1,-2.415623665E-1,-7.644281387E-1,-9.389836788E-1,1.234663155E0
2.271362838E1,-1.764481068E-1,-9.772558212E-1,-9.582896233E-1,1.380029665E0
2.271865396E1,-8.055138588E-2,-1.132484436E0,-9.646947384E-1,1.489847463E0
2.272367953E1,5.060362816E-2,-1.239615440E0,-9.196572304E-1,1.544336941E0
2.272870510E1,2.116935253E-1,-1.308108330E0,-8.613996506E-1,1.580497045E0
2.273373068E1,3.302853107E-1,-1.424011230E0,-7.760589123E-1,1.655041935E0
2.273875625E1,4.248914719E-1,-1.582512856E0,-6.551158428E-1,1.764668940E0
2.274378182E1,4.997582436E-1,-1.774202347E0,-5.145902634E-1,1.913728144E0
2.274880739E1,6.019330025E-1,-2.061408997E0,-3.995804787E-1,2.184352295E0
2.275383297E1,7.303676605E-1,-2.434635162E0,-2.693865299E-1,2.556062283E0
2.275885854E1,7.837791443E-1,-2.917773247E0,-2.596855164E-1,3.032350084E0
2.276388406E1,7.812738419E-1,-3.448545456E0,-4.138250351E-1,3.560071030E0
2.276890958E1,8.191637993E-1,-4.031435013E0,-8.063263893E-1,4.192094922E0
2.277393510E1,9.650983810E-1,-4.656233788E0,-1.380839348E0,4.951630567E0
2.277896062E1,1.200012207E0,-5.293166161E0,-2.032305956E0,5.795507294E0
2.278398614E1,1.523579359E0,-6.017709732E0,-2.608622313E0,6.733426680E0
2.278901166E1,1.767289519E0,-7.010493279E0,-3.045312881E0,7.845014901E0
2.279403718E1,1.868103504E0,-8.380333900E0,-3.292684078E0,9.195736807E0
2.279906271E1,1.815660238E0,-1.002086735E1,-3.320616007E0,1.071171766E1
2.280408823E1,1.747899652E0,-1.169694996E1,-3.104248285E0,1.222743427E1
2.280911375E1,1.635328531E0,-1.327929020E1,-2.657810211E0,1.364103378E1
2.281413927E1,1.453988194E0,-1.450059032E1,-1.857479811E0,1.469120256E1
2.281916479E1,1.490234494E0,-1.525172234E1,-8.194523454E-1,1.534624825E1
2.282419031E1,1.116382360E0,-1.478787804E1,7.308125496E-1,1.484795384E1
2.282921583E1,-3.825926781E-2,-1.323205376E1,2.515636444E0,1.346911790E1
2.283424135E1,-1.118291378E0,-1.106640244E1,4.422634125E0,1.196977573E1
2.283926687E1,-1.859180689E0,-8.528485298E0,6.008389473E0,1.059680888E1
2.284429239E1,-2.594985723E0,-6.303777695E0,6.652823448E0,9.525314901E0
2.284931791E1,-3.284767389E0,-4.774769783E0,6.630361557E0,8.806237429E0
2.285434344E1,-3.719986439E0,-3.600856781E0,6.273009777E0,8.133579798E0
2.285936896E1,-3.684082747E0,-2.393579483E0,5.818203926E0,7.290623111E0
2.286439448E1,-3.029667854E0,-1.008485794E0,5.148120880E0,6.057976519E0
2.286942000E1,-2.137603045E0,4.502935410E-1,4.271932125E0,4.798074106E0
2.287444552E1,-1.369622707E0,2.012397766E0,3.334576607E0,4.128560557E0
2.287947104E1,-6.710896492E-1,3.692850590E0,2.206125259E0,4.353676085E0
2.288449656E1,-2.212951183E-1,5.343708515E0,8.220062256E-1,5.411089212E0
2.288952208E1,2.676248550E-3,6.869459152E0,-6.528558135E-1,6.900412808E0
2.289454760E1,1.876239777E-1,8.198307991E0,-1.952500939E0,8.429692556E0
2.289957312E1,4.920897484E-1,9.177189827E0,-2.838645935E0,9.618777271E0
2.290459864E1,6.585683823E-1,9.653278351E0,-3.335112095E0,1.023437677E1
2.290962416E1,5.786082745E-1,9.751237869E0,-3.617842197E0,1.041682340E1
2.291464968E1,6.369800568E-1,9.538049698E0,-3.465373993E0,1.016803583E1
2.291967521E1,9.297960997E-1,9.076194763E0,-3.020181894E0,9.610584313E0
2.292470073E1,9.935566187E-1,8.691054344E0,-2.396226645E0,9.069921857E0
2.292972625E1,9.868571758E-1,8.195892334E0,-1.727065802E0,8.433818502E0
2.293475177E1,9.717650414E-1,7.662646294E0,-1.141483665E0,7.807910122E0
2.293977729E1,7.427935600E-1,7.287387848E0,-6.246390343E-1,7.351730262E0
2.294480281E1,5.442585945E-1,6.883355141E0,-3.528882861E-1,6.913850270E0
2.294982833E1,2.756648064E-1,6.354915142E0,-1.866342127E-1,6.363628672E0
2.295485385E1,-8.188319206E-2,5.668669701E0,-1.440187693E-1,5.671090057E0
2.295987937E1,-4.755923748E-1,4.781692505E0,-1.759052277E-1,4.808504338E0
2.296490489E1,-9.486074448E-1,3.742000103E0,-1.036996543E-1,3.861757951E0
2.296993041E1,-1.534485340E0,2.630959988E0,1.837926805E-1,3.051290787E0
2.297495594E1,-2.199872971E0,1.472395420E0,5.914821625E-1,2.712423364E0
2.297998146E1,-2.978146791E0,2.517013550E-1,1.028919816E0,3.160915670E0
2.298500698E1,-3.802119970E0,-9.262266159E-1,1.453158021E0,4.174407772E0
2.299003250E1,-4.618514061E0,-2.033291817E0,1.982869744E0,5.421874230E0
2.299505802E1,-5.402559280E0,-2.998385429E0,2.539403200E0,6.680309168E0
2.300008354E1,-5.952803612E0,-3.726366997E0,3.363782406E0,7.786957937E0
2.300510906E1,-6.236003399E0,-4.121838570E0,4.318068981E0,8.632671157E0
2.301013458E1,-6.357700348E0,-4.117930412E0,5.120460510E0,9.143129685E0
2.301516010E1,-6.193861961E0,-3.714538574E0,5.709502697E0,9.206527242E0
2.302018562E1,-5.711732864E0,-2.992509842E0,6.023266792E0,8.823760554E0
2.302521114E1,-4.939738274E0,-2.065421104E0,5.994449139E0,8.037437342E0
2.303023666E1,-3.977945089E0,-1.161374092E0,6.054478168E0,7.336861918E0
2.303526218E1,-3.219538689E0,-4.227771759E-1,6.144721508E0,6.949947649E0
2.304028771E1,-2.760986328E0,1.125087738E-1,6.024480343E0,6.627976096E0
2.304531323E1,-2.335440397E0,4.971122742E-1,5.617476463E0,6.103887636E0
2.305033875E1,-1.996798515E0,7.930049896E-1,5.220468521E0,5.645294749E0
2.305536427E1,-1.722193956E0,1.018973351E0,4.809110641E0,5.208819816E0
2.306038979E1,-1.536337376E0,1.150751114E0,4.406306744E0,4.806256316E0
2.306541531E1,-1.420280695E0,1.173623085E0,3.919544697E0,4.330983610E0
2.307044083E1,-1.254139423E0,1.135020256E0,3.275210619E0,3.686209608E0
2.307546635E1,-9.805254936E-1,1.058528900E0,2.390223503E0,2.791967419E0
2.308049187E1,-5.520634651E-1,9.295921326E-1,1.296910286E0,1.688458437E0
2.308551739E1,-1.261544228E-2,8.246717453E-1,8.094149828E-2,8.287304526E-1
2.309054291E1,4.454925060E-1,7.533206940E-1,-1.009036660E0,1.335706039E0
2.309556844E1,8.076988459E-1,6.580972672E-1,-1.806742549E0,2.085614556E0
2.310059396E1,9.785052538E-1,5.820541382E-1,-2.266864538E0,2.536717246E0
2.310561948E1,8.391335011E-1,5.250959396E-1,-2.413266420E0,2.608395214E0
2.311064500E1,5.587325096E-1,4.678249359E-1,-2.300602674E0,2.413258141E0
2.311567052E1,2.202272415E-1,4.865350723E-1,-2.003995895E0,2.073937309E0
2.312069604E1,-3.173446655E-2,5.475511551E-1,-1.603813410E0,1.695003480E0
2.312572156E1,-2.250776291E-1,6.268796921E-1,-1.141945601E0,1.321997671E0
2.313074708E1,-4.359490871E-1,7.198162079E-1,-7.746856809E-1,1.143820302E0
2.313577260E1,-5.875496864E-1,8.360147476E-1,-5.422844291E-1,1.156809273E0
2.314079812E1,-6.748349667E-1,9.611816406E-1,-3.267827034E-1,1.219040325E0
2.314582364E1,-6.978232861E-1,1.128882408E0,-2.104182839E-1,1.343729394E0
2.315084916E1,-6.708252430E-1,1.281716347E0,-9.780442715E-2,1.449954829E0
2.315587468E1,-6.800603867E-1,1.424546719E0,-1.295667887E-2,1.578601710E0
2.316090021E1,-7.110602856E-1,1.519110203E0,1.017982364E-1,1.680376571E0
2.316592573E1,-8.065044880E-1,1.546245098E0,2.275926471E-1,1.758727326E0
2.317095125E1,-8.705120087E-1,1.525099277E0,3.026483059E-1,1.781941346E0
2.317597677E1,-9.316117764E-1,1.441296101E0,3.466296792E-1,1.750824687E0
2.318100229E1,-9.799859524E-1,1.289997101E0,3.124499917E-1,1.649875748E0
2.318602781E1,-9.486248493E-1,1.085555077E0,2.008075714E-1,1.455555774E0
2.319105333E1,-8.187322617E-1,9.332342148E-1,8.422636986E-2,1.244324193E0
2.319607885E1,-6.483013630E-1,8.521757126E-1,4.443562031E-2,1.071668151E0
2.320110437E1,-4.428164959E-1,7.659130096E-1,4.803663492E-2,8.860116848E-1
2.320612989E1,-2.122514248E-1,7.032480240E-1,3.747236729E-2,7.355356068E-1
2.321115541E1,-2.880620956E-2,6.308002472E-1,8.432877064E-2,6.370636476E-1
2.321618094E1,5.947923660E-2,5.343151093E-1,1.023638248E-1,5.472739426E-1
2.322120646E1,1.194126606E-1,3.947486877E-1,1.443134546E-1,4.369351018E-1
2.322623198E1,1.414535046E-1,2.647638321E-1,2.436115146E-1,3.865948147E-1
2.323125750E1,1.730661392E-1,2.018337250E-1,3.716221452E-1,4.569373697E-1
2.323628302E1,1.807081699E-1,1.533012390E-1,5.424818397E-1,5.919824819E-1
2.324130854E1,1.977107525E-1,1.191959381E-1,7.513915300E-1,7.860575327E-1
2.324633406E1,1.951003075E-1,1.139392853E-1,9.789925218E-1,1.004725161E0
2.325135958E1,1.776401997E-1,8.969783783E-2,1.153429985E0,1.170471048E0
2.325638510E1,1.118762493E-1,7.520008087E-2,1.226876736E0,1.234260050E0
2.326141062E1,6.000995636E-2,7.045650482E-2,1.237608314E0,1.241063919E0
2.326643614E1,5.065488815E-2,6.591129303E-2,1.195264459E0,1.198151636E0
2.327146172E1,5.498862267E-2,7.594203949E-2,1.095075011E0,1.099081536E0
2.327648729E1,6.793832779E-2,5.278682709E-2,9.849805236E-1,9.887308518E-1
2.328151286E1,7.987594604E-2,-3.694534302E-2,8.934237957E-1,8.977478509E-1
2.328653844E1,5.251860619E-2,-1.261911392E-1,7.533190846E-1,7.656187373E-1
2.329156401E1,5.771398544E-2,-2.292804718E-1,5.548490882E-1,6.031234944E-1
2.329658958E1,9.553265572E-2,-3.318452835E-1,2.547289133E-1,4.291090768E-1
2.330161515E1,1.325159073E-1,-4.100055695E-1,-9.418135881E-2,4.410614028E-1
2.330664073E1,2.020320892E-1,-4.733848572E-1,-4.816754460E-1,7.049265376E-1
2.331166630E1,2.847242355E-1,-4.980983734E-1,-8.831230998E-1,1.053126910E0
2.331669187E1,3.710029125E-1,-5.130023956E-1,-1.249557853E0,1.400788866E0
2.332171744E1,4.655013084E-1,-5.085897446E-1,-1.618385077E0,1.759126275E0
2.332674302E1,5.871627331E-1,-4.705820084E-1,-1.950356960E0,2.090478360E0
2.333176859E1,7.071666718E-1,-4.182109833E-1,-2.235124588E0,2.381337240E0
2.333679416E1,7.630040646E-1,-3.610467911E-1,-2.467200279E0,2.607605646E0
2.334181974E1,7.547452450E-1,-3.374185562E-1,-2.555324554E0,2.685735513E0
2.334684531E1,7.112557888E-1,-2.947492599E-1,-2.523428917E0,2.638267504E0
2.335187088E1,6.139781475E-1,-2.571163177E-1,-2.405629158E0,2.496022759E0
2.335689646E1,4.922790527E-1,-2.294206619E-1,-2.150253773E0,2.217783532E0
2.336192203E1,3.609879017E-1,-1.830348969E-1,-1.844339728E0,1.888227495E0
2.336694760E1,2.683863640E-1,-1.324167252E-1,-1.507682443E0,1.537098493E0
2.337197318E1,2.242898941E-1,-6.806182861E-2,-1.183831811E0,1.206812382E0
2.337699875E1,1.664595604E-1,-4.313468933E-3,-8.778463602E-1,8.934996494E-1
2.338202432E1,9.029054642E-2,3.012752533E-2,-5.662584305E-1,5.742026303E-1
2.338704989E1,5.439281464E-3,4.490852356E-2,-2.735186815E-1,2.772342519E-1
2.339207547E1,-8.307933807E-2,2.571105957E-2,-4.929304123E-3,8.710644659E-2
2.339710104E1,-1.560850143E-1,3.478813171E-2,2.726650238E-1,3.160996062E-1
2.340212661E1,-2.039432526E-1,4.822444916E-2,5.254242420E-1,5.656757745E-1
2.340715218E1,-1.885695457E-1,8.048915863E-2,7.385385633E-1,7.664699522E-1
2.341217776E1,-1.198053360E-1,1.651449203E-1,9.261591434E-1,9.483653949E-1
2.341720333E1,-2.176642418E-2,2.544116974E-1,1.064083457E0,1.094290954E0
2.342222890E1,1.100702286E-1,3.436365128E-1,1.137725711E0,1.193575009E0
2.342725448E1,2.276887894E-1,4.615945816E-1,1.132722497E0,1.244175228E0
2.343228000E1,3.262805939E-1,5.509042740E-1,1.101716518E0,1.274258150E0
2.343730552E1,4.106419086E-1,6.546354294E-1,1.016210794E0,1.276659195E0
2.344233104E1,4.854636192E-1,7.536401749E-1,9.147951007E-1,1.280819470E0
2.344735656E1,5.697250366E-1,7.857418060E-1,8.074534535E-1,1.262520448E0
2.345238208E1,6.441843510E-1,7.844657898E-1,6.993852258E-1,1.232679905E0
2.345740760E1,7.324879169E-1,7.929000854E-1,6.149578094E-1,1.242337394E0
2.346243312E1,8.391474485E-1,7.632112503E-1,5.449869633E-1,1.258439765E0
2.346745864E1,8.922308683E-1,7.672557831E-1,4.893412590E-1,1.274445851E0
2.347248416E1,9.490191936E-1,7.715587616E-1,4.480601549E-1,1.302573704E0
2.347750968E1,9.762077332E-1,7.378425598E-1,4.113820791E-1,1.290979627E0
2.348253521E1,9.546964169E-1,6.996879578E-1,3.742514849E-1,1.241399477E0
2.348756073E1,8.848270178E-1,6.379108429E-1,3.174337149E-1,1.136051609E0
2.349258625E1,7.955027819E-1,5.620851517E-1,2.695516348E-1,1.010654480E0
2.349761177E1,7.109563351E-1,4.865293503E-1,2.304000854E-1,8.917701040E-1
2.350263729E1,6.358599663E-1,4.256134033E-1,1.952518225E-1,7.896758449E-1
2.350766281E1,5.270245075E-1,3.745908737E-1,1.736296415E-1,6.694926487E-1
2.351268833E1,3.940465450E-1,2.999401093E-1,1.465747356E-1,5.164502899E-1
2.351771385E1,2.465367317E-1,2.542915344E-1,9.498572350E-2,3.666971942E-1
2.352273937E1,7.969284058E-2,2.232017517E-1,3.357744217E-2,2.393687854E-1
2.352776489E1,-8.251953125E-2,1.874942780E-1,-2.796018124E-2,2.067494838E-1
2.353279041E1,-2.304239273E-1,1.901054382E-1,-1.084120274E-1,3.177867706E-1
2.353781594E1,-3.448574543E-1,1.974611282E-1,-1.741232872E-1,4.338622824E-1
2.354284146E1,-4.592137337E-1,1.999702454E-1,-2.634651661E-1,5.659321920E-1
2.354786698E1,-5.493247509E-1,2.214937210E-1,-3.382370472E-1,6.820714409E-1
2.355289250E1,-6.390607357E-1,2.667808533E-1,-4.128589630E-1,8.062401447E-1
2.355791802E1,-6.947247982E-1,3.118381500E-1,-4.586901665E-1,8.889782033E-1
2.356294354E1,-6.923332214E-1,3.996591568E-1,-4.470145702E-1,9.159010630E-1
2.356796906E1,-6.319627762E-1,4.823808670E-1,-4.449174404E-1,9.110542136E-1
2.357299458E1,-5.615618229E-1,5.743532181E-1,-4.331700802E-1,9.126169067E-1
2.357802010E1,-4.812762737E-1,6.564655304E-1,-3.782749176E-1,8.975888577E-1
2.358304562E1,-3.960535526E-1,7.335157394E-1,-2.848999500E-1,8.809493391E-1
2.358807114E1,-2.725191116E-1,8.055658340E-1,-1.675393581E-1,8.667597220E-1
2.359309666E1,-1.729424000E-1,8.679323196E-1,-6.004834175E-2,8.870295308E-1
2.359812218E1,-8.298254013E-2,8.920440674E-1,7.544279099E-2,8.990663684E-1
2.360314771E1,-7.507085800E-3,8.828229904E-1,2.147452831E-1,9.085968993E-1
2.360817323E1,4.852676392E-2,8.834819794E-1,3.575754166E-1,9.543350739E-1
2.361319875E1,1.090664864E-1,8.701705933E-1,5.036346912E-1,1.011306216E0
2.361822427E1,1.261711121E-1,8.525905609E-1,5.952174664E-1,1.047431929E0
2.362324979E1,1.381874084E-1,8.403005600E-1,6.658952236E-1,1.081026013E0
2.362827531E1,1.449601650E-1,7.855138779E-1,7.157278061E-1,1.072525894E0
2.363330083E1,1.417460442E-1,7.743291855E-1,7.353072166E-1,1.077197443E0
2.363832635E1,1.236863136E-1,7.683963776E-1,7.249257565E-1,1.063601734E0
2.364335187E1,1.002993584E-1,7.820568085E-1,6.799185276E-1,1.041134966E0
2.364837739E1,8.598566055E-2,8.009033203E-1,6.195540428E-1,1.016212022E0
2.365340291E1,9.518766403E-2,8.439683914E-1,5.153827667E-1,9.934599807E-1
2.365842844E1,1.039512157E-1,8.920364380E-1,3.724777699E-1,9.722523083E-1
2.366345396E1,1.362991333E-1,9.402580261E-1,2.292597294E-1,9.773549166E-1
2.366847948E1,1.826729774E-1,9.838151932E-1,8.582043648E-2,1.004304186E0
2.367350500E1,1.906557083E-1,1.022651672E0,-4.348325729E-2,1.041180501E0
2.367853052E1,1.985559464E-1,1.047226429E0,-1.300475597E-1,1.073787700E0
2.368355604E1,2.113621235E-1,1.038410664E0,-1.932303905E-1,1.077176233E0
2.368858156E1,2.195518017E-1,1.020133018E0,-2.664957047E-1,1.076983904E0
2.369360708E1,2.518861294E-1,1.035397530E0,-3.066501617E-1,1.108841282E0
2.369863260E1,2.749292850E-1,1.036259651E0,-3.182959557E-1,1.118361521E0
2.370365812E1,3.126165867E-1,1.022725105E0,-3.062088490E-1,1.112411628E0
2.370868364E1,3.361625671E-1,1.004364967E0,-2.607283592E-1,1.090749071E0
2.371370916E1,3.599565029E-1,9.716320038E-1,-2.537016869E-1,1.066771757E0
2.371873468E1,3.790946007E-1,9.580621719E-1,-2.324948311E-1,1.056243195E0
2.372376021E1,3.983290195E-1,9.397182465E-1,-2.018663883E-1,1.040426081E0
2.372878573E1,4.222843647E-1,9.357767105E-1,-1.426846981E-1,1.036513897E0
2.373381125E1,4.220674038E-1,9.175672531E-1,-7.406067848E-2,1.012697162E0
2.373883677E1,3.927440643E-1,9.234552383E-1,-3.920054436E-2,1.004267972E0
2.374386229E1,3.246786594E-1,9.343185425E-1,-1.896142960E-2,9.893062754E-1
2.374888781E1,2.513489723E-1,9.406185150E-1,-8.628606796E-3,9.736600790E-1
2.375391333E1,1.631610394E-1,9.328422546E-1,-3.561496735E-3,9.470104968E-1
2.375893885E1,7.922863960E-2,9.588527679E-1,5.752325058E-3,9.621376706E-1
2.376396437E1,-1.467823982E-2,9.660196304E-1,1.908421516E-2,9.663196078E-1
2.376898989E1,-8.491301537E-2,1.011799812E0,2.649712563E-2,1.015702308E0
2.377401541E1,-1.698021889E-1,1.034081459E0,3.236627579E-2,1.048429694E0
2.377904094E1,-2.740364075E-1,1.061629295E0,1.728701591E-2,1.096563520E0
2.378406646E1,-3.783175945E-1,1.113510609E0,3.871607780E-2,1.176660109E0
2.378909198E1,-4.346404076E-1,1.194403172E0,8.231544495E-2,1.273690328E0
2.379411750E1,-4.909019470E-1,1.266019344E0,1.480159760E-1,1.365905718E0
2.379914302E1,-5.422208309E-1,1.347449780E0,2.597532272E-1,1.475498586E0
2.380416854E1,-5.981497765E-1,1.414767742E0,3.887197971E-1,1.584441226E0
2.380919406E1,-6.539440155E-1,1.458439350E0,4.726758003E-1,1.666766488E0
2.381421958E1,-7.140984535E-1,1.483158588E0,5.596115589E-1,1.738637713E0
2.381924510E1,-7.738862038E-1,1.474621296E0,6.207580566E-1,1.777286805E0
2.382427062E1,-8.522570133E-1,1.442368031E0,6.609518528E-1,1.801006636E0
2.382929614E1,-9.251046181E-1,1.367273808E0,6.896235943E-1,1.789088293E0
2.383432166E1,-9.780716896E-1,1.258977413E0,6.826789379E-1,1.734271861E0
2.383934718E1,-1.011210680E0,1.122331619E0,6.495295763E-1,1.644403835E0
2.384437271E1,-1.005370617E0,9.573650360E-1,5.757187605E-1,1.502920484E0
2.384939823E1,-9.797713757E-1,7.832164764E-1,4.852492809E-1,1.344933776E0
2.385442375E1,-9.488179684E-1,5.759420395E-1,3.687022924E-1,1.169575201E0
2.385944927E1,-9.028511047E-1,3.736896515E-1,2.505201101E-1,1.008734057E0
2.386447479E1,-8.036258221E-1,1.572036743E-1,1.312040091E-1,8.293020856E-1
2.386950031E1,-6.893866062E-1,-4.493522644E-2,2.083146572E-2,6.911635243E-1
2.387452583E1,-5.600833893E-1,-2.519884109E-1,-6.099998951E-2,6.171811411E-1
2.387955135E1,-4.015069008E-1,-4.448900223E-1,-1.663674116E-1,6.219429547E-1
2.388457687E1,-2.565386295E-1,-6.285753250E-1,-2.612351179E-1,7.274357666E-1
2.388960239E1,-4.864645004E-2,-7.839612961E-1,-3.214186430E-1,8.486882437E-1
2.389462791E1,1.265251637E-1,-9.015417099E-1,-3.468594551E-1,9.742163791E-1
2.389965344E1,2.358012199E-1,-1.038809776E0,-3.710473776E-1,1.128008920E0
2.390467896E1,4.181356430E-1,-1.114459038E0,-4.036142826E-1,1.256885377E0
2.390970448E1,6.259105206E-1,-1.133376122E0,-4.352649450E-1,1.365928616E0
2.391473000E1,8.542191982E-1,-1.081186295E0,-4.090533257E-1,1.437351337E0
2.391975557E1,1.126844645E0,-1.020040512E0,-3.160593510E-1,1.552467395E0
2.392478114E1,1.395794868E0,-9.785032272E-1,-2.098383904E-1,1.717481887E0
2.392980672E1,1.541760087E0,-1.023501396E0,-1.580295563E-1,1.857297126E0
2.393483229E1,1.512604475E0,-1.183657646E0,-1.085231304E-1,1.923745043E0
2.393985786E1,1.227763176E0,-1.540345192E0,-8.494198322E-2,1.971618844E0
2.394488344E1,8.077596426E-1,-2.112695694E0,-5.351221561E-2,2.262481446E0
2.394990901E1,3.632209301E-1,-2.900661469E0,-2.338480949E-2,2.923407814E0
2.395493458E1,-2.429294586E-2,-3.875432014E0,3.928285837E-2,3.875707237E0
2.395996015E1,-3.218924999E-1,-5.017587662E0,1.969864368E-1,5.031759571E0
2.396498573E1,-6.074190140E-1,-6.293177605E0,4.595489204E-1,6.339103046E0
2.397001130E1,-8.251526356E-1,-7.620328903E0,7.842438221E-1,7.704889865E0
2.397503687E1,-1.020672560E0,-8.936129570E0,1.118853688E0,9.063554366E0
2.398006244E1,-1.225402594E0,-1.015850735E1,1.411252737E0,1.032901338E1
2.398508802E1,-1.514013529E0,-1.102362823E1,1.628272176E0,1.124561633E1
2.399011359E1,-1.750354052E0,-1.127286816E1,1.737069249E0,1.153944129E1
2.399513916E1,-1.983761549E0,-1.039478588E1,1.823822618E0,1.073839897E1
2.400016474E1,-2.299919844E0,-8.070369720E0,1.829580784E0,8.588822070E0
2.400519031E1,-2.637314558E0,-5.101197243E0,1.570567369E0,5.953513521E0
2.401021588E1,-2.746410847E0,-2.431841850E0,1.041117787E0,3.813207780E0
2.401524146E1,-2.584591866E0,-2.259149551E-1,3.466133475E-1,2.617497563E0
2.402026703E1,-2.264328003E0,1.545022488E0,-3.010736108E-1,2.757702143E0
2.402529260E1,-1.865668535E0,2.928855896E0,-8.859428167E-1,3.583826254E0
2.403031818E1,-1.345314741E0,3.892431259E0,-1.372318625E0,4.340985058E0
2.403534375E1,-6.464748383E-1,4.455499172E0,-1.652937531E0,4.795998861E0
2.404036932E1,1.099193096E-1,4.733675480E0,-1.803127050E0,5.066658955E0
2.404539489E1,7.264883518E-1,4.890305519E0,-1.832119584E0,5.272526488E0
2.405042047E1,1.140131354E0,5.069375038E0,-1.812093735E0,5.502921632E0
2.405544604E1,1.417250037E0,5.251995564E0,-1.772421122E0,5.721322548E0
2.406047161E1,1.619781852E0,5.409608364E0,-1.780765891E0,5.921037330E0
2.406549718E1,1.852541924E0,5.523273945E0,-1.813918114E0,6.101537968E0
2.407052276E1,2.028980732E0,5.550146103E0,-1.657562137E0,6.137458498E0
2.407554833E1,2.076911688E0,5.385283947E0,-1.413200617E0,5.942388521E0
2.408057390E1,2.024727821E0,4.876040459E0,-1.086471200E0,5.390335145E0
2.408559942E1,1.919871807E0,3.951276779E0,-6.924037337E-1,4.447237218E0
2.409062495E1,1.929536343E0,2.932024002E0,-3.558038473E-1,3.527955729E0
2.409565047E1,2.024280548E0,1.919034958E0,-7.671839744E-2,2.790392915E0
2.410067599E1,2.117170334E0,8.408308029E-1,2.302881479E-1,2.289637371E0
2.410570151E1,2.097460508E0,-3.883018494E-1,7.165699601E-1,2.250242524E0
2.411072703E1,1.974022031E0,-1.796536446E0,1.411595345E0,3.019421732E0
2.411575255E1,1.808431864E0,-3.330759048E0,2.266241550E0,4.415906748E0
2.412077807E1,1.666672826E0,-4.698798180E0,3.054121733E0,5.846722347E0
2.412580359E1,1.528462648E0,-5.589883804E0,3.456082344E0,6.747407219E0
2.413082911E1,1.235258460E0,-5.784814835E0,3.191294909E0,6.721183625E0
2.413585463E1,8.645002842E-1,-5.342535019E0,2.261225462E0,5.865422556E0
2.414088015E1,6.614902020E-1,-4.565756798E0,8.996264935E-1,4.700322569E0
2.414590568E1,5.795648098E-1,-3.775594711E0,-5.066157579E-1,3.853267486E0
2.415093120E1,4.908792973E-1,-3.072460175E0,-1.777684808E0,3.583453263E0
2.415595672E1,5.542616844E-1,-2.455910683E0,-2.822172642E0,3.781978545E0
2.416098224E1,5.884654522E-1,-1.911039352E0,-3.445135117E0,3.983380344E0
2.416600776E1,5.941503048E-1,-1.384848595E0,-3.540032625E0,3.847421371E0
2.417103328E1,5.671052933E-1,-8.102645874E-1,-3.246117592E0,3.393437274E0
2.417605880E1,5.842115879E-1,-3.070793152E-1,-2.676226616E0,2.756408857E0
2.418108432E1,5.687103271E-1,9.106922150E-2,-1.930417538E0,2.014506617E0
2.418610984E1,5.157694817E-1,3.600215912E-1,-1.185684681E0,1.342192932E0
2.419113536E1,4.491770267E-1,5.857009888E-1,-5.467609167E-1,9.185603680E-1
2.419616088E1,3.402340412E-1,8.300447464E-1,3.062909842E-2,8.975921265E-1
2.420118640E1,3.130760193E-1,1.092865944E0,5.143861175E-1,1.247784293E0
2.420621192E1,3.624134064E-1,1.354954243E0,8.871579766E-1,1.659606505E0
2.421123745E1,4.444978237E-1,1.602007389E0,1.146337628E0,2.019429610E0
2.421626297E1,5.632743835E-1,1.805508614E0,1.299859524E0,2.294945352E0
2.422128849E1,6.414721012E-1,1.922625542E0,1.346977949E0,2.433582755E0
2.422631401E1,6.402139664E-1,1.924958229E0,1.355204344E0,2.439655082E0
2.423133953E1,5.595278740E-1,1.817460060E0,1.287582397E0,2.296541082E0
2.423636505E1,3.999552727E-1,1.643244267E0,1.199105620E0,2.073178774E0
2.424139057E1,2.053246498E-1,1.440549374E0,1.073097944E0,1.808004399E0
2.424641609E1,-1.381421089E-2,1.271424294E0,9.166256189E-1,1.567454335E0
2.425144161E1,-2.182779312E-1,1.078309059E0,7.315298319E-1,1.321185671E0
2.425646713E1,-3.833744526E-1,9.472103119E-1,5.431004167E-1,1.157212776E0
2.426149265E1,-5.088129044E-1,7.967472076E-1,3.807462454E-1,1.019148855E0
2.426651818E1,-6.469933987E-1,6.603803635E-1,2.348285913E-1,9.538590827E-1
2.427154370E1,-7.643260956E-1,5.189409256E-1,1.146172285E-1,9.309302733E-1
2.427656922E1,-9.131903648E-1,4.057998657E-1,1.943349838E-2,9.994837839E-1
2.428159474E1,-1.079145670E0,2.538919449E-1,-1.041415334E-1,1.113490887E0
2.428662026E1,-1.247436047E0,1.252670288E-1,-2.567436099E-1,1.279728799E0
2.429164578E1,-1.369901180E0,2.933120728E-2,-4.243744016E-1,1.434427829E0
2.429667130E1,-1.475079298E0,-8.184051514E-2,-6.309710145E-1,1.606449883E0
2.430169682E1,-1.467267990E0,-1.460437775E-1,-8.475068808E-1,1.700726919E0
2.430672234E1,-1.385033369E0,-1.393241882E-1,-1.035288811E0,1.734805921E0
2.431174786E1,-1.209546804E0,-1.094655991E-1,-1.179453373E0,1.692954946E0
2.431677338E1,-9.606928825E-1,-3.235340118E-2,-1.274883986E0,1.596654857E0
2.432179890E1,-6.726925373E-1,1.017398834E-1,-1.311823487E0,1.477750695E0
2.432682442E1,-4.083366394E-1,2.403221130E-1,-1.328449011E0,1.410414940E0
2.433184995E1,-1.873958111E-1,3.501167297E-1,-1.334259033E0,1.392101319E0
2.433687547E1,-1.482415199E-2,4.551219940E-1,-1.319871545E0,1.396215127E0
2.434190099E1,1.044492722E-1,5.075788498E-1,-1.271007538E0,1.372591017E0
2.434692651E1,1.991662979E-1,5.122995377E-1,-1.168896437E0,1.291679879E0
2.435195203E1,3.220360279E-1,4.884271622E-1,-1.047280431E0,1.199610185E0
2.435697755E1,4.490478039E-1,4.455728531E-1,-9.301815033E-1,1.124907430E0
2.436200307E1,5.657242537E-1,3.789949417E-1,-8.416182399E-1,1.082590578E0
2.436702859E1,6.622866392E-1,3.126983643E-1,-7.480725646E-1,1.046908029E0
2.437205411E1,7.435030937E-1,2.418842316E-1,-6.545036435E-1,1.019646925E0
2.437707963E1,7.950118780E-1,1.856927872E-1,-5.465867519E-1,9.824880533E-1
2.438210515E1,8.025048971E-1,1.392869949E-1,-4.627982378E-1,9.368015722E-1
2.438713068E1,7.948790789E-1,1.216850281E-1,-4.082018137E-1,9.018141254E-1
2.439215620E1,7.341520786E-1,9.454441071E-2,-3.969644308E-1,8.399396880E-1
2.439718172E1,6.732425690E-1,1.438846588E-1,-3.908051252E-1,7.916356470E-1
2.440220724E1,5.932308435E-1,2.169599533E-1,-3.705103397E-1,7.323061975E-1
2.440723276E1,4.896408319E-1,3.136825562E-1,-3.407769203E-1,6.739983678E-1
2.441225828E1,3.530085087E-1,3.718461990E-1,-3.015406132E-1,5.948204303E-1
2.441728380E1,1.693711281E-1,3.866071701E-1,-2.577066422E-1,4.945345250E-1
2.442230932E1,-3.615379333E-3,4.105348587E-1,-2.524847984E-1,4.819756370E-1
2.442733484E1,-2.138056755E-1,4.196567535E-1,-2.860896587E-1,5.510643796E-1
2.443236036E1,-4.561729431E-1,4.091196060E-1,-3.490594625E-1,7.052057249E-1
2.443738588E1,-6.446607113E-1,4.123449326E-1,-4.800546169E-1,9.033649381E-1
2.444241140E1,-8.177666664E-1,4.244947433E-1,-5.884606838E-1,1.093263044E0
2.444743692E1,-1.037583113E0,3.976783752E-1,-7.460932732E-1,1.338425186E0
2.445246245E1,-1.246644974E0,3.845062256E-1,-8.812603951E-1,1.574353395E0
2.445748797E1,-1.421054840E0,4.136762619E-1,-1.055983067E0,1.818137823E0
2.446251349E1,-1.570169687E0,4.325580597E-1,-1.260142803E0,2.059247243E0
2.446753901E1,-1.670029163E0,4.556388855E-1,-1.392596006E0,2.221694812E0
2.447256453E1,-1.734855652E0,4.591417313E-1,-1.505200386E0,2.342256063E0
2.447759005E1,-1.711919069E0,4.240961075E-1,-1.640312076E0,2.408557268E0
2.448261557E1,-1.725783348E0,3.937101364E-1,-1.730628252E0,2.475562559E0
2.448764109E1,-1.776324272E0,3.727598190E-1,-1.780959129E0,2.542851396E0
2.449266661E1,-1.839180231E0,3.323831558E-1,-1.829836369E0,2.615600050E0
2.449769213E1,-1.856598139E0,3.107252121E-1,-1.891783953E0,2.668773750E0
2.450271765E1,-1.794754267E0,3.363027573E-1,-1.976515055E0,2.690883532E0
2.450774318E1,-1.658336163E0,3.850975037E-1,-2.083932400E0,2.690939086E0
2.451276870E1,-1.447347641E0,4.284048080E-1,-2.228143454E0,2.691276486E0
2.451779422E1,-1.186190605E0,4.472856522E-1,-2.360975266E0,2.679797905E0
2.452281974E1,-9.040708542E-1,4.419689178E-1,-2.486930609E0,2.682816521E0
2.452784526E1,-6.782457829E-1,3.889322281E-1,-2.567206383E0,2.683623340E0
2.453287078E1,-4.852390289E-1,2.788581848E-1,-2.644776344E0,2.703342508E0
2.453789630E1,-3.491322994E-1,1.024017334E-1,-2.642852306E0,2.667779562E0
2.454292182E1,-3.082280159E-1,-1.259555817E-1,-2.575848103E0,2.597279878E0
2.454794734E1,-3.192987442E-1,-4.062376022E-1,-2.501502991E0,2.554309670E0
2.455297286E1,-3.198752403E-1,-7.147064209E-1,-2.415634155E0,2.539372720E0
2.455799838E1,-2.861435413E-1,-1.008473396E0,-2.342900515E0,2.566725451E0
2.456302390E1,-1.802351475E-1,-1.273296356E0,-2.250483990E0,2.591996626E0
2.456804948E1,-4.085898399E-2,-1.509194374E0,-2.162662506E0,2.637507579E0
2.457307505E1,8.837532997E-2,-1.730344772E0,-2.093665361E0,2.717597813E0
2.457810062E1,1.974854469E-1,-1.912612915E0,-2.038370609E0,2.802149783E0
2.458312620E1,2.669744492E-1,-2.084463120E0,-1.977168918E0,2.885387111E0
2.458815177E1,2.871124744E-1,-2.250552177E0,-1.790338993E0,2.890109407E0
2.459317734E1,2.198674679E-1,-2.420591354E0,-1.569247007E0,2.893119489E0
2.459820291E1,8.978319168E-2,-2.542340279E0,-1.319419146E0,2.865732366E0
2.460322849E1,-9.741449356E-2,-2.606848717E0,-1.146990776E0,2.849690800E0
2.460825406E1,-2.496364117E-1,-2.696016312E0,-1.133556843E0,2.935263771E0
2.461327963E1,-2.269783020E-1,-2.934321404E0,-1.373520851E0,3.247817849E0
2.461830521E1,2.812290192E-2,-3.306639671E0,-1.844793558E0,3.786544610E0
2.462333078E1,4.763369560E-1,-3.825746536E0,-2.538311481E0,4.615870301E0
2.462835635E1,8.431975842E-1,-4.613822937E0,-3.190630436E0,5.672606706E0
2.463338193E1,8.833944798E-1,-5.778789520E0,-3.620423794E0,6.876209899E0
2.463840750E1,5.393917561E-1,-7.204490662E0,-3.709941387E0,8.121532753E0
2.464343307E1,5.590152740E-2,-8.756727219E0,-3.462635040E0,9.416646855E0
2.464845864E1,-4.322781563E-1,-1.026402187E1,-2.984112024E0,1.069775369E1
2.465348422E1,-6.329300404E-1,-1.156048584E1,-2.243362188E0,1.179313814E1
2.465850979E1,-3.317625523E-1,-1.281083965E1,-1.332630396E0,1.288423776E1
2.466353536E1,3.728208542E-1,-1.314676762E1,1.958519220E-1,1.315351102E1
2.466856094E1,1.299687862E0,-1.208737755E1,1.128353119E0,1.220930241E1
2.467358651E1,2.067892551E0,-1.021295643E1,1.739482641E0,1.056439579E1
2.467861208E1,2.098909855E0,-8.031163216E0,2.299815178E0,8.613602906E0
2.468363765E1,1.840949893E0,-6.044577599E0,2.519946575E0,6.802657245E0
2.468866323E1,1.732569218E0,-4.353397369E0,2.524765253E0,5.322434061E0
2.469368880E1,1.785205603E0,-2.999958038E0,2.306108236E0,4.183878879E0
2.469871437E1,1.904318690E0,-1.825522423E0,2.051933289E0,3.342064035E0
2.470373995E1,1.899519324E0,-7.050981522E-1,1.920571923E0,2.791761734E0
2.470876552E1,2.111166477E0,4.812736511E-1,1.777454019E0,2.801426603E0
2.471379109E1,2.586461544E0,1.786588669E0,1.434468508E0,3.455341125E0
2.471881666E1,3.060645580E0,3.000843048E0,1.419667125E0,4.515314509E0
2.472384224E1,3.555588007E0,3.952340126E0,1.674003959E0,5.573642238E0
2.472886781E1,4.197805405E0,4.775824547E0,1.745958447E0,6.593818410E0
2.473389333E1,4.812870026E0,5.533987999E0,2.026734591E0,7.608968009E0
2.473891885E1,5.370140076E0,6.112313271E0,2.331678391E0,8.463775875E0
2.474394437E1,5.409690857E0,6.496409416E0,2.346084595E0,8.773380386E0
2.474896989E1,5.109552860E0,6.752870560E0,2.306024551E0,8.776476540E0
2.475399541E1,4.729713917E0,6.962409019E0,2.328226089E0,8.733038979E0
2.475902094E1,4.128828049E0,7.042968750E0,2.152472258E0,8.442971437E0
2.476404646E1,3.395912170E0,6.974715233E0,1.797372341E0,7.963003163E0
2.476907198E1,2.768168926E0,6.766628265E0,1.382494569E0,7.440518028E0
2.477409750E1,2.309880257E0,6.274878025E0,8.605536819E-1,6.741675880E0
2.477912302E1,1.974468827E0,5.600007057E0,1.608602107E-1,5.940074259E0
2.478414854E1,1.614315629E0,4.852210045E0,-5.375308990E-1,5.141876772E0
2.478917406E1,1.253924370E0,4.007674217E0,-1.050556898E0,4.328677483E0
2.479419958E1,8.746922016E-1,3.138224602E0,-1.280092001E0,3.500310790E0
2.479922510E1,5.296304226E-1,2.205580711E0,-1.286247730E0,2.607590436E0
2.480425062E1,1.808667183E-1,1.228826523E0,-1.057503939E0,1.631270049E0
2.480927614E1,-5.659461021E-2,3.130989075E-1,-5.874141455E-1,6.680488411E-1
2.481430166E1,-2.644751072E-1,-6.421728134E-1,3.165464997E-1,7.632396027E-1
2.481932719E1,-6.059520245E-1,-1.560472488E0,1.473029733E0,2.229813633E0
2.482435271E1,-9.901647568E-1,-2.351140976E0,2.752280951E0,3.752777713E0
2.482937823E1,-1.250107765E0,-2.880467415E0,4.229142189E0,5.267400270E0
2.483440375E1,-1.501745462E0,-3.205948830E0,5.638062477E0,6.657409093E0
2.483942927E1,-1.732207537E0,-3.360901833E0,6.742504120E0,7.730301798E0
2.484445479E1,-1.809487104E0,-3.340153694E0,7.354135036E0,8.277328821E0
2.484948031E1,-1.735568047E0,-3.186270714E0,7.571582794E0,8.396033797E0
2.485450583E1,-1.589021683E0,-2.912899017E0,7.746325970E0,8.427071652E0
2.485953135E1,-1.409983158E0,-2.475201607E0,8.221776962E0,8.701281050E0
2.486455687E1,-1.677911758E0,-2.133818626E0,8.189657211E0,8.627807082E0
2.486958239E1,-2.405804873E0,-1.959551811E0,7.570443630E0,8.181647581E0
2.487460791E1,-3.141777754E0,-1.876293182E0,6.846199036E0,7.762839996E0
2.487963344E1,-3.616346598E0,-1.827620506E0,6.155661583E0,7.369554190E0
2.488465896E1,-3.895939827E0,-1.733260155E0,5.389021397E0,6.871978573E0
2.488968448E1,-3.875629663E0,-1.575123787E0,4.408629417E0,6.077625653E0
2.489471000E1,-3.585073709E0,-1.382777214E0,3.273041725E0,5.047536871E0
2.489973552E1,-3.078462124E0,-1.214211464E0,2.017037868E0,3.875523228E0
2.490476104E1,-2.519821644E0,-1.041117668E0,8.424222469E-1,2.853612160E0
2.490978656E1,-2.029726028E0,-8.494405746E-1,-5.954343081E-2,2.201109370E0
2.491481208E1,-1.713664055E0,-6.680860519E-1,-5.569925308E-1,1.921776299E0
2.491983760E1,-1.599871159E0,-4.971876144E-1,-7.974741459E-1,1.855464433E0
2.492486312E1,-1.696718693E0,-3.895301819E-1,-8.914287090E-1,1.955820347E0
2.492988864E1,-1.949886203E0,-2.878551483E-1,-8.976463079E-1,2.165799087E0
2.493491416E1,-2.352651834E0,-1.827764511E-1,-8.612697721E-1,2.512003882E0
2.493993969E1,-2.763945341E0,-9.360790253E-2,-7.799623609E-1,2.873412183E0
2.494496521E1,-3.091150284E0,-2.038192749E-2,-6.321983933E-1,3.155202103E0
2.494999073E1,-3.371161222E0,5.609893799E-2,-4.060018063E-1,3.395984768E0
2.495501625E1,-3.535831451E0,1.455059052E-1,-2.565298080E-1,3.548109858E0
2.496004177E1,-3.651408672E0,3.101310730E-1,-2.567426562E-1,3.673538263E0
2.496506729E1,-3.745999813E0,5.452194214E-1,-2.445891500E-1,3.793362976E0
2.497009281E1,-3.800178528E0,7.838659286E-1,-2.444345951E-1,3.887872286E0
2.497511833E1,-3.723205328E0,1.011817932E0,-3.659500480E-1,3.875558396E0
2.498014385E1,-3.630468369E0,1.186109543E0,-6.416393518E-1,3.872835845E0
2.498516937E1,-3.565506458E0,1.359421730E0,-1.017527699E0,3.949205789E0
2.499019489E1,-3.452207088E0,1.479125023E0,-1.329684734E0,3.984169438E0
2.499522041E1,-3.372115135E0,1.545236588E0,-1.596317291E0,4.038210679E0
2.500024594E1,-3.234493256E0,1.586457253E0,-1.773503423E0,4.015483486E0
2.500527146E1,-3.049206972E0,1.593207359E0,-1.965887427E0,3.962409144E0
2.501029698E1,-2.802342415E0,1.594198227E0,-2.120374203E0,3.858831139E0
2.501532250E1,-2.556776285E0,1.517674446E0,-2.274758577E0,3.743656940E0
2.502034802E1,-2.360824585E0,1.411517143E0,-2.395178795E0,3.647294179E0
2.502537354E1,-2.191426277E0,1.285327911E0,-2.495814800E0,3.561391369E0
2.503039906E1,-2.006106377E0,1.139113426E0,-2.495345592E0,3.398351338E0
2.503542458E1,-1.901242495E0,9.920787811E-1,-2.303495407E0,3.147226465E0
2.504045010E1,-1.910698652E0,8.826179504E-1,-1.787759781E0,2.761497568E0
2.504547562E1,-1.900782824E0,8.300218582E-1,-1.069696307E0,2.333701313E0
2.505050114E1,-1.833801389E0,7.962017059E-1,-6.435791254E-1,2.100228269E0
2.505552666E1,-1.948872566E0,7.478666306E-1,-3.573938608E-1,2.117814711E0
2.506055219E1,-2.049298525E0,6.995048523E-1,-2.070734501E-1,2.175272603E0
2.506557771E1,-2.172736168E0,7.038288116E-1,-9.282708168E-2,2.285776524E0
2.507060323E1,-2.270668268E0,7.130374908E-1,4.690277576E-2,2.380453049E0
2.507562875E1,-2.366269827E0,7.271728516E-1,1.542567015E-1,2.480283931E0
2.508065427E1,-2.291609049E0,7.988653183E-1,2.673006058E-1,2.441537926E0
2.508567979E1,-2.138134480E0,8.850488663E-1,5.440115929E-1,2.377157791E0
2.509070531E1,-2.001967430E0,9.618539810E-1,8.407903910E-1,2.374861081E0
2.509573083E1,-1.878718019E0,1.024538994E0,1.033495665E0,2.376420592E0
2.510075635E1,-1.682779908E0,1.125724792E0,1.218326092E0,2.362905625E0
2.510578187E1,-1.457617760E0,1.227108002E0,1.362075090E0,2.342155446E0
2.511080739E1,-1.179689288E0,1.290445328E0,1.436281919E0,2.262702303E0
2.511583291E1,-9.305272102E-1,1.354054451E0,1.450717688E0,2.191786065E0
2.512085844E1,-7.053468227E-1,1.365360260E0,1.357578278E0,2.050546649E0
2.512588396E1,-4.131740332E-1,1.353133202E0,1.219130516E0,1.867608486E0
2.513090948E1,-8.753550053E-2,1.317420006E0,1.121469378E0,1.732325461E0
2.513593500E1,3.000848293E-1,1.315665245E0,1.078884363E0,1.727720293E0
2.514096052E1,7.349018455E-1,1.304834366E0,1.005257845E0,1.803667591E0
2.514598604E1,1.163784623E0,1.222823143E0,9.819853306E-1,1.952942979E0
2.515101156E1,1.423920870E0,1.136753082E0,9.179624319E-1,2.040199314E0
2.515603708E1,1.616093755E0,9.844799042E-1,8.943792582E-1,2.093053741E0
2.516106260E1,1.735935807E0,7.804689407E-1,8.343448639E-1,2.078156935E0
2.516608812E1,1.884223700E0,5.869646072E-1,6.133484840E-1,2.066645292E0
2.517111364E1,1.980000854E0,3.990831375E-1,2.699983120E-1,2.037785518E0
2.517613916E1,2.133608103E0,1.927013397E-1,-9.918212891E-2,2.144587242E0
2.518116469E1,2.225496769E0,5.371856689E-2,-4.550404549E-1,2.272175911E0
2.518619021E1,2.332463264E0,-8.514881134E-2,-7.870357037E-1,2.463140353E0
2.519121573E1,2.416199446E0,-2.527942657E-1,-1.056015849E0,2.648979837E0
2.519624125E1,2.486333370E0,-4.255332947E-1,-1.294320703E0,2.835171652E0
2.520126677E1,2.576364994E0,-5.557708740E-1,-1.491312146E0,3.028291559E0
2.520629229E1,2.690759182E0,-6.581068039E-1,-1.631515861E0,3.214830251E0
2.521131786E1,2.771709919E0,-7.040195465E-1,-1.651919246E0,3.302553041E0
2.521634344E1,2.900249004E0,-7.222948074E-1,-1.442370296E0,3.318672347E0
2.522136901E1,2.966036797E0,-6.316099167E-1,-1.141962767E0,3.240429651E0
2.522639458E1,3.069501400E0,-5.562477112E-1,-8.234803677E-1,3.226355572E0
2.523142015E1,3.128962517E0,-5.198268890E-1,-5.789208412E-1,3.224248093E0
2.523644573E1,3.163380146E0,-5.029020309E-1,-4.380011559E-1,3.232913456E0
2.524147130E1,3.167596340E0,-4.525127411E-1,-4.257075787E-1,3.227950015E0
2.524649687E1,3.045551538E0,-3.732366562E-1,-4.900293350E-1,3.107220386E0
2.525152245E1,2.744823933E0,-2.554016113E-1,-5.932247639E-1,2.819787940E0
2.525654802E1,2.275346994E0,-7.028961182E-2,-7.547388077E-1,2.398285897E0
2.526157359E1,1.680928349E0,2.202177048E-1,-9.411327839E-1,1.939006671E0
2.526659916E1,1.029341102E0,6.254949570E-1,-1.152567625E0,1.667093031E0
2.527162474E1,3.932685852E-1,1.064048767E0,-1.284190893E0,1.713477811E0
2.527665031E1,-1.690721512E-1,1.463993549E0,-1.379283667E0,2.018486051E0
2.528167588E1,-6.570975780E-1,1.806164742E0,-1.375851631E0,2.363678492E0
2.528670146E1,-1.080047369E0,2.114545822E0,-1.250416040E0,2.683532490E0
2.529172703E1,-1.447273850E0,2.370035648E0,-9.937438965E-1,2.949440202E0
2.529675260E1,-1.739563465E0,2.582304478E0,-5.919854641E-1,3.169357073E0
2.530177818E1,-1.976522565E0,2.751481056E0,-1.458356380E-1,3.390952298E0
2.530680375E1,-2.110770702E0,2.906389236E0,2.871670723E-1,3.603458933E0
2.531182932E1,-2.190762758E0,3.037581444E0,6.973757744E-1,3.809550559E0
2.531685489E1,-2.264988661E0,3.126061440E0,1.041742086E0,3.998457244E0
2.532188047E1,-2.324449062E0,3.176771641E0,1.296389222E0,4.144341506E0
2.532690604E1,-2.340463638E0,3.180162907E0,1.423222780E0,4.197233522E0
2.533193161E1,-2.284526825E0,3.174501896E0,1.408316135E0,4.156907437E0
2.533695719E1,-2.166149139E0,3.135730743E0,1.247520566E0,4.010151737E0
2.534198276E1,-1.956710696E0,3.068510056E0,9.990254641E-1,3.773926680E0
2.534700833E1,-1.699126482E0,2.958291054E0,7.449870110E-1,3.491922451E0
2.535203390E1,-1.398223400E0,2.857618332E0,5.432348251E-1,3.227400701E0
2.535705948E1,-1.087383509E0,2.747241020E0,4.274811745E-1,2.985377074E0
2.536208505E1,-7.713286877E-1,2.641486168E0,3.306808472E-1,2.771596461E0
2.536711062E1,-4.930996895E-1,2.588203907E0,2.621865273E-1,2.647770485E0
2.537213620E1,-2.575926781E-1,2.563504696E0,2.312368155E-1,2.586770337E0
2.537716172E1,-8.367347717E-2,2.619959831E0,2.135801315E-1,2.629982365E0
2.538218724E1,1.912975311E-2,2.738420486E0,2.135250568E-1,2.746799166E0
2.538721276E1,3.661131859E-2,2.885322571E0,2.404997349E-1,2.895559851E0
2.539223828E1,-3.104019165E-2,3.046284676E0,2.559658289E-1,3.057177182E0
2.539726380E1,-1.264309883E-1,3.197439671E0,2.835026979E-1,3.212472416E0
2.540228932E1,-2.828142643E-1,3.338839054E0,2.650666237E-1,3.361263223E0
2.540731484E1,-4.523005486E-1,3.437073231E0,1.762614250E-1,3.471183699E0
2.541234036E1,-6.205413342E-1,3.487470150E0,1.180350780E-2,3.542267482E0
2.541736588E1,-8.115642071E-1,3.490104198E0,-1.950607300E-1,3.588525110E0
2.542239140E1,-9.822282791E-1,3.425801754E0,-4.633932114E-1,3.593831287E0
2.542741693E1,-1.075051308E0,3.289662838E0,-7.496193647E-1,3.541122152E0
2.543244245E1,-1.190519571E0,3.086312771E0,-9.715129137E-1,3.447680483E0
2.543746797E1,-1.266035318E0,2.825064659E0,-1.118698597E0,3.291705076E0
2.544249349E1,-1.224849939E0,2.577410698E0,-1.199738383E0,3.095589680E0
2.544751901E1,-1.052433968E0,2.328670979E0,-1.227937460E0,2.835164226E0
2.545254453E1,-7.297005653E-1,2.078665257E0,-1.202588439E0,2.509886674E0
2.545757005E1,-2.856900692E-1,1.812991142E0,-1.089647889E0,2.134452675E0
2.546259557E1,1.740491390E-1,1.483856678E0,-9.128481150E-1,1.750832780E0
2.546762109E1,5.014128685E-1,1.005167961E0,-7.964096069E-1,1.376969773E0
2.547264661E1,7.252881527E-1,3.053865433E-1,-6.305001974E-1,1.008382043E0
2.547767213E1,8.932099342E-1,-8.875827789E-1,-2.965236306E-1,1.293658935E0
2.548269765E1,1.128057957E0,-2.672836304E0,3.851215839E-1,2.926582870E0
2.548772318E1,1.140748978E0,-5.149090767E0,1.617052078E0,5.516276043E0
2.549274870E1,3.757429123E-1,-8.506251335E0,3.477947235E0,9.197478539E0
2.549777422E1,-1.352361202E0,-1.287248325E1,5.412335396E0,1.402936493E1
2.550279974E1,-3.658248425E0,-1.793666840E1,6.912826538E0,1.956767808E1
2.550782526E1,-5.052762032E0,-2.199629784E1,7.499361515E0,2.378251345E1
2.551285078E1,-4.319428444E0,-2.298130417E1,7.007505894E0,2.441112333E1
2.551787630E1,-2.155592680E0,-2.114157677E1,6.516363621E0,2.222781687E1
2.552290182E1,-5.451414585E-1,-1.967676926E1,6.572959423E0,2.075274014E1
2.552792734E1,5.764229298E-1,-1.653772736E1,6.515299797E0,1.778420144E1
2.553295286E1,1.161625624E0,-1.158933544E1,5.571904659E0,1.291155264E1
2.553797838E1,1.439111233E0,-7.567762375E0,4.056529045E0,8.706175762E0
2.554300390E1,1.673331022E0,-4.593798637E0,2.495721340E0,5.489230150E0
2.554802943E1,1.953213334E0,-2.270389557E0,1.082344770E0,3.184522142E0
2.555305495E1,2.326959848E0,-4.008960724E-1,-1.572381258E-1,2.366470711E0
2.555808047E1,2.707417488E0,1.182978153E0,-1.177923083E0,3.180730978E0
2.556310599E1,2.940496922E0,2.367231846E0,-1.868882895E0,4.212247860E0
2.556813151E1,3.174023390E0,3.253070354E0,-2.297264576E0,5.092574569E0
2.557315703E1,3.302583933E0,3.864891052E0,-2.511686802E0,5.670362781E0
2.557818255E1,3.345420599E0,4.313068867E0,-2.580245018E0,6.037554669E0
2.558320807E1,3.393835068E0,4.616827011E0,-2.647469044E0,6.312075764E0
2.558823359E1,3.448254108E0,4.804877281E0,-2.776101112E0,6.533302340E0
2.559325911E1,3.537563324E0,4.853378296E0,-2.856576204E0,6.650538532E0
2.559828463E1,3.666504860E0,4.819889069E0,-2.860274553E0,6.697444217E0
2.560331015E1,3.858842134E0,4.714111328E0,-2.782352924E0,6.697387254E0
2.560833568E1,4.080530167E0,4.569807053E0,-2.632195950E0,6.668007083E0
2.561336120E1,4.273655415E0,4.372873783E0,-2.467129707E0,6.593397055E0
2.561838672E1,4.480764389E0,4.118813038E0,-2.258395672E0,6.491704041E0
2.562341224E1,4.710686207E0,3.745820999E0,-1.920446754E0,6.317424731E0
2.562843776E1,4.943538666E0,3.249560833E0,-1.392748952E0,6.077661540E0
2.563346328E1,5.178034782E0,2.616353035E0,-6.064441204E-1,5.833105681E0
2.563848880E1,5.344964027E0,1.952456951E0,5.823452473E-1,5.720127148E0
2.564351432E1,5.307645321E0,1.287642956E0,1.791065693E0,5.747785621E0
2.564853984E1,4.963171959E0,6.514768600E-1,2.635036469E0,5.656935140E0
2.565356536E1,4.271848679E0,7.301807404E-2,2.943253517E0,5.188136856E0
2.565859088E1,3.191253901E0,-5.151920319E-1,2.671738863E0,4.193770718E0
2.566361640E1,1.762531042E0,-1.128628731E0,1.946477890E0,2.858162812E0
2.566864193E1,3.731369972E-1,-1.831050873E0,1.076265574E0,2.156461477E0
2.567366745E1,-7.373964787E-1,-2.504391670E0,2.444126010E-1,2.622111501E0
2.567869297E1,-1.483625650E0,-2.977656364E0,-4.873578250E-1,3.362305778E0
2.568371849E1,-1.863145828E0,-3.084217072E0,-1.063950062E0,3.757086245E0
2.568874401E1,-1.655512810E0,-2.743165016E0,-1.417842150E0,3.503705657E0
2.569376953E1,-1.016122580E0,-2.126494408E0,-1.373389721E0,2.727761516E0
2.569879505E1,-4.025030136E-1,-1.434597969E0,-1.005911469E0,1.797759131E0
2.570382057E1,5.854249001E-2,-7.769536972E-1,-4.965091944E-1,9.239078151E-1
2.570884609E1,3.273749352E-1,-2.058725357E-1,-1.169997454E-2,3.869040430E-1
2.571387161E1,4.413208961E-1,2.980155945E-1,4.355078936E-1,6.879277239E-1
2.571889713E1,4.384686947E-1,6.294870377E-1,8.087797165E-1,1.114734657E0
2.572392265E1,3.427846432E-1,8.316802979E-1,1.086945534E0,1.410901847E0
2.572894818E1,1.261050701E-1,8.566913605E-1,1.316463947E0,1.575722025E0
2.573397370E1,-1.820991039E-1,7.858037949E-1,1.520805120E0,1.721480730E0
2.573899922E1,-4.807746410E-1,6.333074570E-1,1.671220064E0,1.850729341E0
2.574402474E1,-7.406077385E-1,4.325685501E-1,1.782130241E0,1.977777432E0
2.574905026E1,-9.088060856E-1,2.266044617E-1,1.896726847E0,2.115384318E0
2.575407578E1,-9.426016808E-1,2.502155304E-2,1.943474770E0,2.160143094E0
2.575910130E1,-9.672439098E-1,-1.145782471E-1,1.951611757E0,2.181164232E0
2.576412682E1,-1.131398678E0,-2.017173767E-1,1.960092068E0,2.272160598E0
2.576915234E1,-1.406057835E0,-2.508535385E-1,1.936097383E0,2.405909227E0
2.577417786E1,-1.723573923E0,-2.621841431E-1,1.846904397E0,2.539784134E0
2.577920338E1,-2.054563761E0,-2.359228134E-1,1.674038887E0,2.660695025E0
2.578422890E1,-2.302738190E0,-1.866016388E-1,1.403907299E0,2.703401385E0
2.578925443E1,-2.420034647E0,-4.257392883E-2,1.022718668E0,2.627609885E0
2.579427995E1,-2.535624027E0,1.291055679E-1,5.454236269E-1,2.596833531E0
2.579930547E1,-2.668481827E0,3.092908859E-1,3.483355045E-2,2.686572070E0
2.580433099E1,-2.789736748E0,4.884614944E-1,-4.700626731E-1,2.870920527E0
2.580935651E1,-2.880048275E0,6.619195938E-1,-9.156721830E-1,3.093747107E0
2.581438203E1,-2.962866306E0,8.105745316E-1,-1.277158976E0,3.326671440E0
2.581940755E1,-2.970860481E0,1.001482010E0,-1.577613711E0,3.509678509E0
2.582443307E1,-2.898908615E0,1.201185226E0,-1.777887583E0,3.606577514E0
2.582945864E1,-2.727673292E0,1.366722584E0,-1.886871815E0,3.587257651E0
2.583448422E1,-2.500383377E0,1.498287678E0,-1.918483496E0,3.489607703E0
2.583950979E1,-2.236304283E0,1.543435574E0,-1.882007122E0,3.305329185E0
2.584453536E1,-1.935901403E0,1.526309490E0,-1.811170816E0,3.059031649E0
2.584956094E1,-1.628573656E0,1.427958965E0,-1.687530994E0,2.745738483E0
2.585458651E1,-1.362911701E0,1.272470474E0,-1.512086391E0,2.400648802E0
2.585961208E1,-1.125086308E0,1.083854675E0,-1.257076979E0,2.005193927E0
2.586463765E1,-9.678885937E-1,8.381538391E-1,-8.614193201E-1,1.543163450E0
2.586966323E1,-7.715973854E-1,6.261777878E-1,-4.599934220E-1,1.095013742E0
2.587468880E1,-5.507416725E-1,4.765272141E-1,-1.394743919E-1,7.415171485E-1
2.587971437E1,-3.392179012E-1,3.604784012E-1,9.510862827E-2,5.040427694E-1
2.588473995E1,-1.802392006E-1,2.780256271E-1,2.916022539E-1,4.413799874E-1
2.588976552E1,-2.618575096E-2,2.148551941E-1,5.074843168E-1,5.517144006E-1
2.589479109E1,6.550860405E-2,1.709585190E-1,7.857972383E-1,8.068429167E-1
2.589981666E1,8.052062988E-2,9.849643707E-2,1.049921155E0,1.057600847E0
2.590484224E1,1.098062992E-1,5.485343933E-2,1.328248858E0,1.333908300E0
2.590986781E1,1.343741417E-1,6.859874725E-2,1.606081367E0,1.613152055E0
2.591489338E1,1.637206078E-1,1.061325073E-1,1.902007461E0,1.911988736E0
2.591991896E1,1.644375324E-1,1.577663422E-1,2.162858248E0,2.174830044E0
2.592494453E1,1.558308601E-1,2.137985229E-1,2.359379292E0,2.374165897E0
2.592997010E1,1.620402336E-1,2.836847305E-1,2.496076584E0,2.517366159E0
2.593499568E1,1.878807545E-1,4.103641510E-1,2.591661453E0,2.630666646E0
2.594002125E1,2.285048962E-1,5.554685593E-1,2.598024845E0,2.666550750E0
2.594504682E1,2.121958733E-1,6.567506790E-1,2.505474567E0,2.598798059E0
2.595007239E1,1.773345470E-1,6.855478287E-1,2.361990213E0,2.465850996E0
2.595509797E1,2.339377403E-1,7.136754990E-1,2.196351051E0,2.321210358E0
2.596012354E1,2.813718319E-1,6.789827347E-1,2.003899813E0,2.134432506E0
2.596514911E1,2.670431137E-1,6.294202805E-1,1.799494624E0,1.925009822E0
2.597017468E1,2.675244808E-1,5.841999054E-1,1.626718402E0,1.749020193E0
2.597520026E1,2.637705803E-1,5.337848663E-1,1.486060381E0,1.600898703E0
2.598022583E1,2.080485821E-1,4.925861359E-1,1.306344867E0,1.411546041E0
2.598525140E1,1.722278595E-1,4.558238983E-1,1.083128929E0,1.187689412E0
2.599027698E1,1.465442181E-1,3.662204742E-1,8.217144012E-1,9.114862593E-1
2.599530255E1,8.783197403E-2,2.525978088E-1,5.940898657E-1,6.515081559E-1
2.600032807E1,4.377317429E-2,1.772422791E-1,4.530267715E-1,4.884303144E-1
2.600535359E1,-4.893302917E-3,1.400985718E-1,3.647061586E-1,3.907200230E-1
2.601037911E1,-7.727837563E-2,1.123580933E-1,3.095706701E-1,3.382754621E-1
2.601540463E1,-1.493332386E-1,6.520462036E-2,2.584706545E-1,3.055472760E-1
2.602043015E1,-2.401802540E-1,2.242279053E-2,1.867074966E-1,3.050393831E-1
2.602545568E1,-3.163065910E-1,-4.002761841E-2,9.375905991E-2,3.323294015E-1
2.603048120E1,-3.778293133E-1,-1.031475067E-1,-4.510712624E-2,3.942449124E-1
2.603550672E1,-4.201188087E-1,-2.005310059E-1,-1.874270439E-1,5.018380163E-1
2.604053224E1,-4.481968880E-1,-3.130903244E-1,-3.337302208E-1,6.405324831E-1
2.604555776E1,-4.957511425E-1,-4.074001312E-1,-4.939174652E-1,8.097521378E-1
2.605058328E1,-5.150253773E-1,-4.930734634E-1,-6.535457373E-1,9.672097034E-1
2.605560880E1,-4.868724346E-1,-5.653276443E-1,-8.312838078E-1,1.116992785E0
2.606063432E1,-4.639823437E-1,-6.289148331E-1,-9.883322716E-1,1.260005620E0
2.606565984E1,-4.271252155E-1,-6.742153168E-1,-1.147920847E0,1.398114628E0
2.607068536E1,-3.619608879E-1,-6.724824905E-1,-1.266440392E0,1.478891358E0
2.607571088E1,-2.781953812E-1,-6.380071640E-1,-1.381666422E0,1.547077216E0
2.608073640E1,-2.140653133E-1,-5.756206512E-1,-1.474299669E0,1.597098183E0
2.608576192E1,-1.505007744E-1,-5.140409470E-1,-1.596906185E0,1.684339022E0
2.609078744E1,-9.215569496E-2,-4.677200317E-1,-1.744784117E0,1.808736110E0
2.609581297E1,-1.516938210E-2,-4.175453186E-1,-1.889273047E0,1.934922957E0
2.610083849E1,7.097530365E-2,-4.018955231E-1,-2.073561430E0,2.113342024E0
2.610586401E1,1.663808823E-1,-4.399070740E-1,-2.278356552E0,2.326394079E0
2.611088953E1,3.047068119E-1,-5.267419815E-1,-2.527224541E0,2.599455181E0
2.611591505E1,4.814023972E-1,-6.431159973E-1,-2.848074436E0,2.959201657E0
2.612094057E1,6.967511177E-1,-7.935752869E-1,-3.206313133E0,3.375746994E0
2.612596609E1,9.175710678E-1,-9.442453384E-1,-3.595696926E0,3.829173841E0
2.613099161E1,1.206486225E0,-1.094709396E0,-3.981143475E0,4.301569602E0
2.613601713E1,1.539759994E0,-1.230036736E0,-4.346576691E0,4.772481549E0
2.614104265E1,1.903166056E0,-1.344863892E0,-4.647418976E0,5.198961729E0
2.614606818E1,2.248896837E0,-1.448245049E0,-4.872998238E0,5.558872415E0
2.615109370E1,2.528980017E0,-1.554051399E0,-4.984313011E0,5.801223308E0
2.615611922E1,2.700379610E0,-1.652488708E0,-4.966938972E0,5.890097769E0
2.616114474E1,2.782217979E0,-1.724403381E0,-4.854812622E0,5.855212165E0
2.616617026E1,2.745558739E0,-1.798693657E0,-4.620321274E0,5.667518005E0
2.617119578E1,2.614400387E0,-1.875856400E0,-4.303376198E0,5.373357732E0
2.617622130E1,2.393480301E0,-1.937241554E0,-3.943824291E0,5.003539031E0
2.618124682E1,2.159220934E0,-1.973807335E0,-3.591103554E0,4.631865193E0
2.618627234E1,1.911543131E0,-1.971626282E0,-3.275028706E0,4.274005189E0
2.619129786E1,1.678794384E0,-1.911856651E0,-3.020456791E0,3.949266472E0
2.619632338E1,1.441935539E0,-1.775664330E0,-2.823008537E0,3.633392232E0
2.620134890E1,1.186743736E0,-1.534468651E0,-2.696878195E0,3.322063626E0
2.620637442E1,8.805930614E-1,-1.245923996E0,-2.674926996E0,3.079448843E0
2.621139994E1,5.344955921E-1,-1.072780609E0,-2.851420403E0,3.093079709E0
2.621642547E1,3.794980049E-1,-1.182070732E0,-3.180843830E0,3.414539123E0
2.622145099E1,5.164389610E-1,-1.716156960E0,-3.588277102E0,4.010939599E0
2.622647651E1,1.001820326E0,-2.515509605E0,-4.084932327E0,4.900826936E0
2.623150203E1,1.790271640E0,-3.118831635E0,-4.686244011E0,5.907035317E0
2.623652755E1,2.476452827E0,-3.720238686E0,-5.235728741E0,6.883738078E0
2.624155307E1,2.946943760E0,-4.586012840E0,-5.703398705E0,7.889534085E0
2.624657859E1,3.107739687E0,-6.049931526E0,-6.037438393E0,9.094524714E0
2.625160411E1,2.976093531E0,-7.896321297E0,-5.972142696E0,1.033806128E1
2.625662963E1,2.671324253E0,-9.805255890E0,-5.356806755E0,1.148801092E1
2.626165515E1,2.509109974E0,-1.154349518E1,-4.567114830E0,1.266516686E1
2.626668068E1,2.230064392E0,-1.264384079E1,-3.291452169E0,1.325419007E1
2.627170620E1,2.020795584E0,-1.305146694E1,-1.464020371E0,1.328788018E1
2.627673172E1,1.523778915E0,-1.264970779E1,6.933802366E-1,1.276000727E1
2.628175724E1,7.167420387E-1,-1.152843285E1,3.302285194E0,1.201347454E1
2.628678276E1,-8.274102211E-2,-9.662484169E0,4.950992107E0,1.085738317E1
2.629180828E1,-8.089179993E-1,-7.713510513E0,5.614510536E0,9.574723042E0
2.629683380E1,-1.471919537E0,-6.154709816E0,5.894138336E0,8.647997847E0
2.630185932E1,-2.024798870E0,-5.018586159E0,6.095824242E0,8.151385814E0
2.630688484E1,-2.469246387E0,-4.036338806E0,6.146664619E0,7.756977158E0
2.631191036E1,-2.674478292E0,-2.963330269E0,6.182191372E0,7.358916400E0
2.631693588E1,-2.511430502E0,-1.736855507E0,6.206346989E0,6.916841271E0
2.632196140E1,-2.105918407E0,-4.711380005E-1,6.163992405E0,6.530824276E0
2.632698692E1,-1.698941469E0,7.676057816E-1,5.946883202E0,6.232258063E0
2.633201244E1,-1.196668625E0,2.027920723E0,5.513060570E0,5.994857388E0
2.633703797E1,-6.206240654E-1,3.248286724E0,5.015842438E0,6.007929446E0
2.634206349E1,-3.987741470E-2,4.371782780E0,4.473329067E0,6.254977844E0
2.634708901E1,5.912525654E-1,5.422860622E0,3.764505386E0,6.627857703E0
2.635211453E1,1.098635912E0,6.344614506E0,2.950443745E0,7.082813875E0
2.635714005E1,1.547829509E0,7.065774918E0,2.235737801E0,7.570962613E0
2.636216557E1,1.894955397E0,7.624936104E0,1.690595865E0,8.036704606E0
2.636719109E1,2.048813343E0,7.979187012E0,1.298736453E0,8.339770852E0
2.637221661E1,1.947879672E0,8.286310196E0,9.820727110E-1,8.568642757E0
2.637724213E1,1.823019743E0,8.354642868E0,7.346770167E-1,8.582727349E0
2.638226765E1,1.489241123E0,8.207887650E0,6.183018088E-1,8.364780686E0
2.638729318E1,1.211468935E0,7.750149727E0,4.507718682E-1,7.857205168E0
2.639231870E1,1.086014152E0,7.039005280E0,1.648983061E-1,7.124199149E0
2.639734422E1,9.598426819E-1,6.122561455E0,-1.969353557E-1,6.200470972E0
2.640236974E1,6.704559326E-1,5.082394600E0,-3.816950023E-1,5.140616413E0
2.640739526E1,2.656836510E-1,3.990553856E0,-3.604522049E-1,4.015598794E0
2.641242078E1,-3.309063911E-1,2.880712509E0,-1.317436397E-1,2.902647065E0
2.641744630E1,-1.152220249E0,1.743325710E0,2.157326043E-1,2.100794276E0
2.642247182E1,-2.197101355E0,5.782251358E-1,5.695990324E-1,2.342230076E0
2.642749734E1,-3.406325102E0,-5.910768509E-1,9.754022360E-1,3.592190427E0
2.643252286E1,-4.615241051E0,-1.746002197E0,1.492396116E0,5.155212876E0
2.643754838E1,-5.745597363E0,-2.820172310E0,1.963787317E0,6.694902653E0
2.644257390E1,-6.700589180E0,-3.809356689E0,2.112203121E0,7.991901887E0
2.644759942E1,-7.364814281E0,-4.584874153E0,2.213856220E0,8.953363601E0
2.645262500E1,-7.585117340E0,-4.946299553E0,2.485419512E0,9.390271268E0
2.645765057E1,-7.257233620E0,-4.736125946E0,2.759515047E0,9.094682627E0
2.646267614E1,-6.378142357E0,-3.772806168E0,2.974022865E0,7.984959506E0
2.646770172E1,-5.198849678E0,-2.467803001E0,3.182761908E0,6.576325949E0
2.647272729E1,-4.041672707E0,-1.222573280E0,3.307660580E0,5.363806690E0
2.647775286E1,-2.993910551E0,-1.704120636E-1,3.343953371E0,4.491610491E0
2.648277844E1,-2.104094267E0,6.749000549E-1,3.316531181E0,3.985232972E0
2.648780401E1,-1.391885281E0,1.309069633E0,3.260199785E0,3.778876894E0
2.649282958E1,-8.145179749E-1,1.789857388E0,3.104755402E0,3.675123821E0
2.649785515E1,-3.624906540E-1,2.131807327E0,2.856566429E0,3.582732717E0
2.650288073E1,-6.460666656E-2,2.330313206E0,2.507592201E0,3.423821302E0
2.650790630E1,1.798834801E-1,2.385422230E0,2.073880672E0,3.166003526E0
2.651293187E1,4.044027328E-1,2.330731869E0,1.638414145E0,2.877542966E0
2.651795744E1,5.991036892E-1,2.147244453E0,1.169363618E0,2.517338921E0
2.652298302E1,7.925262451E-1,1.796833038E0,6.397303343E-1,2.065420470E0
2.652800859E1,9.602955580E-1,1.327582836E0,1.948094666E-1,1.650028628E0
2.653303416E1,1.049617767E0,8.209390640E-1,-7.795763016E-2,1.334809273E0
2.653805974E1,1.074770927E0,3.199920654E-1,-1.825322509E-1,1.136153815E0
2.654308531E1,1.079008818E0,-1.753444672E-1,-1.473080516E-1,1.103043686E0
2.654811088E1,1.115166664E0,-6.125297546E-1,-1.103711128E-2,1.272364416E0
2.655313646E1,1.178609729E0,-9.055862427E-1,1.583383679E-1,1.494750272E0
2.655816203E1,1.288401604E0,-1.068998337E0,3.071883321E-1,1.702087192E0
2.656318760E1,1.420612454E0,-1.112451553E0,4.965013862E-1,1.871417065E0
2.656821318E1,1.556012630E0,-1.059911728E0,7.105298042E-1,2.012322236E0
2.657323875E1,1.699043393E0,-9.256725311E-1,8.668765426E-1,2.120163443E0
2.657826432E1,1.763594151E0,-7.528028488E-1,9.598336220E-1,2.144354691E0
2.658328989E1,1.740290165E0,-5.269870758E-1,1.137249589E0,2.144682229E0
2.658831547E1,1.634098649E0,-2.769966125E-1,1.322452307E0,2.120350354E0
2.659334104E1,1.526565790E0,-6.986236572E-2,1.338621497E0,2.031549009E0
2.659836661E1,1.456119657E0,1.613721848E-1,1.238640904E0,1.918477711E0
2.660339218E1,1.384533286E0,3.640289307E-1,1.075484991E0,1.790563444E0
2.660841776E1,1.278282404E0,5.333566666E-1,9.164215326E-1,1.660814157E0
2.661344333E1,1.142356038E0,6.549777985E-1,8.334242105E-1,1.558386714E0
2.661846890E1,9.436290264E-1,7.527446747E-1,7.597222924E-1,1.426267242E0
2.662349442E1,7.542588711E-1,8.504800797E-1,6.524196863E-1,1.310677023E0
2.662851994E1,5.842578411E-1,9.193534851E-1,5.211410522E-1,1.207541325E0
2.663354547E1,4.387364388E-1,9.784202576E-1,4.377519488E-1,1.158198011E0
2.663857099E1,2.940132618E-1,9.893789291E-1,5.024552941E-1,1.147944156E0
2.664359651E1,1.836848259E-1,9.618501663E-1,6.000337005E-1,1.148449520E0
2.664862203E1,1.029996872E-1,8.576507568E-1,5.722053051E-1,1.036143169E0
2.665364755E1,9.492182732E-2,7.916822433E-1,3.473240137E-1,8.697154122E-1
2.665867307E1,8.268427849E-2,7.304725647E-1,8.823776245E-2,7.404139115E-1
2.666369859E1,5.160784721E-2,6.454076767E-1,-1.187916994E-1,6.582749478E-1
2.666872411E1,-6.537890434E-2,4.695663452E-1,-2.208468914E-1,5.230108059E-1
2.667374963E1,-1.341292858E-1,3.368835449E-1,-2.797602415E-1,4.579814198E-1
2.667877515E1,-2.169783115E-1,2.186126709E-1,-2.618579865E-1,4.042779893E-1
2.668380068E1,-2.994801998E-1,1.529407501E-1,-1.813092232E-1,3.820370369E-1
2.668882620E1,-3.529036045E-1,7.279491425E-2,-7.608616352E-2,3.682786416E-1
2.669385172E1,-3.913941383E-1,3.550338745E-2,1.561760902E-2,3.933112912E-1
2.669887724E1,-4.054167271E-1,4.580879211E-2,1.080719829E-1,4.220672002E-1
2.670390276E1,-4.091970921E-1,4.622650146E-2,1.868410110E-1,4.522042824E-1
2.670892828E1,-3.790202141E-1,2.725696564E-2,2.423462868E-1,4.507005520E-1
2.671395380E1,-3.580660820E-1,3.329277039E-3,3.173837066E-1,4.784922365E-1
2.671897932E1,-3.320629597E-1,-1.594543457E-2,3.974292278E-1,5.181409627E-1
2.672400484E1,-2.964410782E-1,-3.524780273E-2,4.533638358E-1,5.428245463E-1
2.672903036E1,-2.512934208E-1,-4.016017914E-2,4.657165408E-1,5.307100147E-1
2.673405588E1,-1.728627682E-1,-1.150512695E-2,4.773893356E-1,5.078528156E-1
2.673908140E1,-2.791762352E-2,2.686977386E-2,4.927985668E-1,4.943195383E-1
2.674410692E1,1.593432426E-1,6.546306610E-2,4.353029728E-1,4.681499334E-1
2.674913244E1,3.264472485E-1,7.089996338E-2,2.760255933E-1,4.333413654E-1
2.675415797E1,4.494259357E-1,6.235694885E-2,2.959024906E-2,4.546951106E-1
2.675918349E1,4.854894876E-1,5.411338806E-2,-2.606041431E-1,5.536630932E-1
2.676420901E1,4.684256315E-1,2.213859558E-2,-5.318405628E-1,7.090606983E-1
2.676923453E1,4.367208481E-1,-1.983642578E-4,-7.691258192E-1,8.844657508E-1
2.677426005E1,5.243202448E-1,3.004074097E-2,-1.019718528E0,1.147013531E0
2.677928557E1,6.021168232E-1,-2.121925354E-3,-1.225604892E0,1.365524266E0
2.678431109E1,6.414968967E-1,-1.539230347E-2,-1.338606596E0,1.484460444E0
2.678933661E1,6.759980917E-1,-3.375816345E-2,-1.430302620E0,1.582364881E0
2.679436213E1,7.441412210E-1,-5.252170563E-2,-1.467144728E0,1.645909578E0
2.679938765E1,7.981691360E-1,-3.822326660E-2,-1.497174978E0,1.697076281E0
2.680441318E1,8.334758282E-1,-1.003646851E-2,-1.434641123E0,1.659210004E0
2.680943870E1,8.691784143E-1,4.641819000E-2,-1.318238139E0,1.579676409E0
2.681446422E1,9.389013052E-1,6.894969940E-2,-1.215367913E0,1.537338247E0
2.681948974E1,1.047171831E0,1.007270813E-1,-1.107138157E0,1.527242511E0
2.682451526E1,1.155657649E0,1.370134354E-1,-9.891026020E-1,1.527298674E0
2.682954078E1,1.230634928E0,1.444044113E-1,-8.422617912E-1,1.498238928E0
2.683456630E1,1.214724302E0,1.707582474E-1,-6.666004658E-1,1.396090860E0
2.683959182E1,1.213214874E0,1.682147980E-1,-5.481389761E-1,1.341880355E0
2.684461734E1,1.249706268E0,2.181339264E-1,-5.008842945E-1,1.363903678E0
2.684964286E1,1.271355748E0,2.582721710E-1,-4.719085693E-1,1.380488193E0
2.685466838E1,1.215933561E0,2.934494019E-1,-3.895443678E-1,1.310096100E0
2.685969390E1,1.102830887E0,3.284349442E-1,-2.827060223E-1,1.184916948E0
2.686471942E1,9.562376738E-1,3.775901794E-1,-2.522240877E-1,1.058575374E0
2.686974494E1,7.669938803E-1,4.122056961E-1,-2.075921297E-1,8.951467146E-1
2.687477047E1,5.692582130E-1,4.562377930E-1,-1.592609882E-1,7.467073719E-1
2.687979599E1,3.444900513E-1,4.905958176E-1,-1.033059359E-1,6.083007217E-1
2.688482151E1,1.983731985E-1,5.679588318E-1,-6.946921349E-3,6.016455935E-1
2.688984703E1,1.072335243E-1,6.978836060E-1,1.627681255E-1,7.245923122E-1
2.689487255E1,4.691076279E-2,8.660011292E-1,3.436776400E-1,9.328841812E-1
2.689989807E1,1.718664169E-2,1.038797379E0,5.073239803E-1,1.156188996E0
2.690492359E1,1.295280457E-2,1.197077751E0,6.591645479E-1,1.366623876E0
2.690994911E1,4.325938225E-2,1.345636845E0,7.902481556E-1,1.561122045E0
2.691497463E1,4.546618462E-2,1.441410542E0,8.964579105E-1,1.698048382E0
2.692000015E1,1.437830925E-2,1.493994236E0,9.832715988E-1,1.788588424E0
2.692502568E1,-2.154493332E-2,1.517778873E0,1.003228664E0,1.819501208E0
2.693005120E1,-3.368568420E-2,1.508018017E0,9.804139137E-1,1.799017650E0
2.693507672E1,-4.630827904E-2,1.455299854E0,9.577550888E-1,1.742795723E0
2.694010224E1,-4.996919632E-2,1.354981899E0,9.588909149E-1,1.660706071E0
2.694512776E1,-5.433654785E-2,1.240713596E0,9.403450489E-1,1.557745647E0
2.695015328E1,-5.951452255E-2,1.126996040E0,8.920799494E-1,1.438564802E0
2.695517880E1,-2.245378494E-2,1.013922691E0,7.850284576E-1,1.282502661E0
2.696020432E1,2.346611023E-2,9.111156464E-1,7.001583576E-1,1.149305923E0
2.696522984E1,1.307125092E-1,8.329963684E-1,6.228685379E-1,1.048300494E0
2.697025536E1,2.274454832E-1,7.891216278E-1,5.482895374E-1,9.874542056E-1
2.697528088E1,3.136196136E-1,7.555074692E-1,4.479246140E-1,9.326227843E-1
2.698030640E1,3.796482086E-1,6.747083664E-1,3.220331669E-1,8.384923986E-1
2.698533192E1,3.922214508E-1,5.945281982E-1,1.564965248E-1,7.292411174E-1
2.699035744E1,3.851349354E-1,5.196552277E-1,3.758502007E-2,6.479067123E-1
2.699538297E1,3.204820156E-1,4.404058456E-1,-5.905151367E-3,5.447025812E-1
2.700040849E1,2.418018579E-1,3.949432373E-1,-2.749681473E-3,4.630937917E-1
2.700543401E1,1.734546423E-1,3.782863617E-1,4.207849503E-3,4.161787962E-1
2.701045953E1,1.061339378E-1,3.664083481E-1,3.416299820E-2,3.829968678E-1
2.701548505E1,4.955792427E-2,3.927259445E-1,1.015217304E-1,4.086518287E-1
2.702051057E1,-2.018570900E-2,4.667234421E-1,2.111513615E-1,5.126627855E-1
2.702553609E1,-8.880209923E-2,5.500936508E-1,3.438851833E-1,6.547868789E-1
2.703056161E1,-1.754615307E-1,6.476373672E-1,4.900194407E-1,8.308669932E-1
2.703558713E1,-2.848718166E-1,7.546157837E-1,6.109246016E-1,1.011842775E0
2.704061265E1,-4.028308392E-1,8.520221710E-1,6.965924501E-1,1.171945181E0
2.704563818E1,-5.195913315E-1,9.398584366E-1,7.803653479E-1,1.327508610E0
2.705066370E1,-6.113495827E-1,1.022974014E0,8.285738230E-1,1.451467783E0
2.705568922E1,-6.734299660E-1,1.096599579E0,8.508028984E-1,1.542693789E0
2.706071474E1,-7.107660770E-1,1.170330048E0,8.709628582E-1,1.622786843E0
2.706574031E1,-7.233908176E-1,1.225028992E0,9.129227996E-1,1.690389997E0
2.707076588E1,-7.257709503E-1,1.270299435E0,9.909474254E-1,1.767026012E0
2.707579146E1,-6.797473431E-1,1.358777523E0,1.076192379E0,1.861860050E0
2.708081703E1,-6.475670338E-1,1.447363377E0,1.115965128E0,1.938964150E0
2.708584260E1,-5.862748623E-1,1.540825367E0,1.091253281E0,1.977041919E0
2.709086818E1,-5.103251934E-1,1.643933773E0,1.059511423E0,2.021265571E0
2.709589375E1,-4.486243725E-1,1.737543106E0,1.011302590E0,2.059867181E0
2.710091932E1,-4.106004238E-1,1.821601868E0,9.897288084E-1,2.113383351E0
2.710594489E1,-4.057750702E-1,1.886543274E0,9.611820579E-1,2.155822321E0
2.711097047E1,-4.052743912E-1,1.941906929E0,9.064582586E-1,2.181035632E0
2.711599604E1,-4.042892456E-1,1.987688065E0,8.493434191E-1,2.199031123E0
2.712102161E1,-4.073324203E-1,2.028559685E0,7.851967812E-1,2.213031423E0
2.712604718E1,-3.856327534E-1,2.035754204E0,7.285141945E-1,2.196301603E0
2.713107276E1,-3.152658939E-1,2.028353691E0,6.795734167E-1,2.162274568E0
2.713609833E1,-2.249977589E-1,2.006302834E0,6.721426845E-1,2.127827728E0
2.714112390E1,-7.672238350E-2,1.993505478E0,6.681154966E-1,2.103884201E0
2.714614948E1,9.586954117E-2,1.966009140E0,6.725494266E-1,2.080073470E0
2.715117505E1,3.069186211E-1,1.923814774E0,6.618278027E-1,2.057493223E0
2.715620062E1,5.609161854E-1,1.881311417E0,6.744220853E-1,2.075766066E0
2.716122620E1,8.382344246E-1,1.829006195E0,6.340401769E-1,2.109480400E0
2.716625177E1,1.100507855E0,1.771700859E0,5.695120096E-1,2.162032702E0
2.717127734E1,1.357323885E0,1.714147091E0,4.764527977E-1,2.237774709E0
2.717630291E1,1.637374401E0,1.699376583E0,3.838121295E-1,2.390854962E0
2.718132849E1,1.940786004E0,1.722515583E0,2.485948801E-1,2.606819837E0
2.718635406E1,2.243740320E0,1.754805565E0,7.559746504E-2,2.849461032E0
2.719137963E1,2.508058310E0,1.786658287E0,-1.064894795E-1,3.081208258E0
2.719640521E1,2.791473866E0,1.861037254E0,-3.261646032E-1,3.370781712E0
2.720143078E1,3.108579397E0,1.977816582E0,-5.258223414E-1,3.721762141E0
2.720645635E1,3.363651037E0,2.141746521E0,-6.289350390E-1,4.036927761E0
2.721148192E1,3.098145008E0,2.223520756E0,-6.547001600E-1,3.869260826E0
2.721650750E1,2.343536615E0,2.026586533E0,-6.456879973E-1,3.164826983E0
2.722153307E1,1.594932795E0,1.440754414E0,-7.538449764E-1,2.277688773E0
2.722655864E1,9.007008076E-1,3.706731796E-1,-1.001471877E0,1.396999095E0
2.723158422E1,1.640760899E-1,-1.082357407E0,-1.215303421E0,1.635659171E0
2.723660979E1,-6.453795433E-1,-2.969959259E0,-1.055519104E0,3.217342589E0
2.724163531E1,-1.791557074E0,-5.640425682E0,-3.736878633E-1,5.929900610E0
2.724666083E1,-3.389440298E0,-9.202604294E0,7.558129430E-1,9.836029917E0
2.725168635E1,-5.343711376E0,-1.371251202E1,2.341194153E0,1.490199407E1
2.725671187E1,-6.757351875E0,-1.822606659E1,3.948918581E0,1.983545476E1
2.726173739E1,-6.699494362E0,-2.095282555E1,5.260142803E0,2.261798456E1
2.726676291E1,-6.552922726E0,-2.225096130E1,6.589605808E0,2.411366791E1
2.727178844E1,-6.911385536E0,-2.278031540E1,7.377296925E0,2.492257069E1
2.727681396E1,-7.568316460E0,-2.036587906E1,6.400491714E0,2.264982865E1
2.728183948E1,-7.395198822E0,-1.456011772E1,4.349057198E0,1.689971278E1
2.728686500E1,-6.195916176E0,-8.886200905E0,2.313113928E0,1.107720361E1
2.729189052E1,-5.007719040E0,-4.613883018E0,4.970767796E-1,6.827316590E0
2.729691604E1,-4.056659222E0,-1.345800400E0,-1.213763714E0,4.443071585E0
2.730194156E1,-3.249827147E0,1.282351494E0,-2.944255352E0,4.568855591E0
2.730696708E1,-2.353142023E0,3.200201988E0,-4.332568645E0,5.877901089E0
2.731199260E1,-1.640590906E0,4.333158970E0,-5.181442261E0,6.950909946E0
2.731701812E1,-1.041806459E0,4.721688747E0,-5.496193886E0,7.320372433E0
2.732204364E1,-4.530470371E-1,4.889139175E0,-5.518720150E0,7.386826490E0
2.732706916E1,3.352808952E-2,5.085326195E0,-5.334529877E0,7.370134032E0
2.733209468E1,4.077308178E-1,5.272387981E0,-4.978191376E0,7.262692945E0
2.733712021E1,6.451182365E-1,5.417037487E0,-4.437429905E0,7.032158761E0
2.734214573E1,9.036266804E-1,5.538329601E0,-3.848503590E0,6.804455587E0
2.734717125E1,1.149439573E0,5.722270012E0,-3.409419298E0,6.759417532E0
2.735219677E1,1.444433689E0,5.959086418E0,-3.178931236E0,6.906714373E0
2.735722229E1,1.812039375E0,6.172078133E0,-3.143874168E0,7.159747199E0
2.736224781E1,2.217798471E0,6.342187405E0,-3.161673307E0,7.425506665E0
2.736727333E1,2.622303963E0,6.407413960E0,-3.080179930E0,7.577528629E0
2.737229885E1,2.943362713E0,6.248408318E0,-2.943320751E0,7.507937640E0
2.737732437E1,3.161372185E0,5.851111412E0,-2.675095081E0,7.168396790E0
2.738234989E1,3.251914740E0,5.215839863E0,-2.199763298E0,6.528314753E0
2.738737541E1,3.143319368E0,4.347529888E0,-1.436949968E0,5.553944363E0
2.739240094E1,2.883939505E0,3.236639500E0,-4.745102823E-1,4.360974928E0
2.739742646E1,2.188070297E0,1.428577900E0,9.160688519E-1,2.769055540E0
2.740245198E1,1.102031708E0,-1.177349091E0,3.014360905E0,3.418624933E0
2.740747750E1,7.285025120E-1,-2.849395752E0,4.315094471E0,5.222050589E0
2.741250302E1,8.599293232E-1,-3.736456871E0,4.687893391E0,6.056148350E0
2.741752854E1,1.258373141E0,-4.226122856E0,4.579578876E0,6.357370529E0
2.742255406E1,1.748022199E0,-4.480822563E0,4.200024128E0,6.385417381E0
2.742757958E1,2.068011284E0,-4.672554970E0,3.673229456E0,6.293016387E0
2.743260510E1,2.031643867E0,-4.610074997E0,2.941348076E0,5.833686380E0
2.743763062E1,1.779115558E0,-4.303389549E0,2.261377573E0,5.176701876E0
2.744265614E1,1.599734187E0,-3.657378197E0,1.610787868E0,4.304672148E0
2.744768166E1,5.128302097E0,-2.839363098E0,1.457847714E0,6.040429220E0
2.745270718E1,4.590607643E0,-1.709367752E0,3.654447794E-1,4.912144800E0
2.745773271E1,1.383582354E0,-7.756166458E-1,-4.139718413E-1,1.639284599E0
2.746275823E1,3.499605656E-1,5.696392059E-2,-8.648730516E-1,9.347313417E-1
2.746778375E1,4.449357986E-1,8.460025787E-1,-9.738090634E-1,1.364548394E0
2.747280927E1,7.524075508E-1,1.477166653E0,-9.102959633E-1,1.891236945E0
2.747783479E1,1.036000729E0,1.869755745E0,-5.952997208E-1,2.218933485E0
2.748286031E1,1.193925977E0,2.000329018E0,-2.674698830E-2,2.329697581E0
2.748788583E1,1.220907688E0,2.031737328E0,7.449918985E-1,2.484670014E0
2.749291135E1,1.131218314E0,2.011702538E0,1.473497272E0,2.738210398E0
2.749793687E1,9.630866051E-1,1.959156990E0,1.960370779E0,2.934090236E0
2.750296239E1,7.261054516E-1,1.873863220E0,2.332746506E0,3.079009379E0
2.750798791E1,4.679942131E-1,1.717378616E0,2.612455368E0,3.161223014E0
2.751301344E1,1.507949829E-1,1.613766193E0,2.825901508E0,3.257713890E0
2.751803896E1,-2.298474312E-1,1.519597530E0,3.038249731E0,3.404844772E0
2.752306448E1,-7.734506130E-1,1.487024784E0,3.309957743E0,3.710160215E0
2.752809000E1,-1.516930819E0,1.343353748E0,3.376931667E0,3.938190687E0
2.753311552E1,-2.205059052E0,9.495639801E-1,2.832741261E0,3.713270825E0
2.753814104E1,-2.502210617E0,5.352039337E-1,2.027033091E0,3.264408733E0
2.754316656E1,-2.681115866E0,1.766939163E-1,1.299966693E0,2.984881309E0
2.754819208E1,-2.789471149E0,-4.955101013E-2,5.232338905E-1,2.838552149E0
2.755321760E1,-2.817946196E0,-1.961345673E-1,-2.967503667E-1,2.840308136E0
2.755824312E1,-2.814659357E0,-3.251152039E-1,-1.115216494E0,3.044949100E0
2.756326864E1,-2.761130095E0,-3.883323669E-1,-1.930441141E0,3.391348467E0
2.756829416E1,-2.677037954E0,-3.950853348E-1,-2.649940252E0,3.787454022E0
2.757331968E1,-2.572234869E0,-3.355293274E-1,-3.209834576E0,4.126985601E0
2.757834521E1,-2.427892208E0,-2.333183289E-1,-3.541893005E0,4.300477192E0
2.758337073E1,-2.234496355E0,-7.389926910E-2,-3.712081432E0,4.333357085E0
2.758839625E1,-2.015894413E0,7.109260559E-2,-3.772371769E0,4.277811731E0
2.759342177E1,-1.790850878E0,1.778373718E-1,-3.683956146E0,4.100037303E0
2.759844729E1,-1.511100769E0,2.559680939E-1,-3.460921049E0,3.785091770E0
2.760347281E1,-1.181400299E0,3.246870041E-1,-3.146427155E0,3.376556257E0
2.760849833E1,-8.207812309E-1,3.791189194E-1,-2.793731928E0,2.936384013E0
2.761352385E1,-3.960549831E-1,4.239702225E-1,-2.399100304E0,2.468256989E0
2.761854937E1,8.741164207E-2,4.112977982E-1,-1.925804973E0,1.971175149E0
2.762357489E1,5.524899960E-1,3.936262131E-1,-1.428139925E0,1.581066234E0
2.762860041E1,9.696522951E-1,3.900308609E-1,-9.889692664E-1,1.438891885E0
2.763362594E1,1.314393759E0,3.669624329E-1,-6.428842545E-1,1.508506727E0
2.763865146E1,1.633990288E0,3.866271973E-1,-4.479658604E-1,1.737837237E0
2.764367698E1,1.932698727E0,4.058914185E-1,-3.858114481E-1,2.012193501E0
2.764870250E1,2.076310396E0,3.769865036E-1,-4.085144997E-1,2.149434293E0
2.765372802E1,2.132184744E0,3.620824814E-1,-4.967180490E-1,2.219018775E0
2.765875354E1,2.215424299E0,3.707370758E-1,-5.924550295E-1,2.323048378E0
2.766377906E1,2.273807287E0,4.459009171E-1,-7.144399881E-1,2.424758071E0
2.766880463E1,2.259779930E0,5.396690369E-1,-9.004464149E-1,2.491716627E0
2.767383021E1,2.183444977E0,6.089487076E-1,-1.149820328E0,2.541719355E0
2.767885578E1,2.069099903E0,6.490058899E-1,-1.409327269E0,2.586230153E0
2.768388135E1,1.912359238E0,6.168270111E-1,-1.673720837E0,2.615135724E0
2.768890692E1,1.742155790E0,5.268383026E-1,-1.938004017E0,2.658669773E0
2.769393250E1,1.544267535E0,3.837966919E-1,-2.235880375E0,2.744307412E0
2.769895807E1,1.304271340E0,1.973724365E-1,-2.591172934E0,2.907620467E0
2.770398364E1,1.074895263E0,5.885124207E-3,-2.931933880E0,3.122766520E0
2.770900922E1,9.182844162E-1,-1.475696564E-1,-3.238865376E0,3.369758447E0
2.771403479E1,8.151100874E-1,-2.965421677E-1,-3.512205601E0,3.617724408E0
2.771906036E1,7.221772671E-1,-4.314041138E-1,-3.813989639E0,3.905658265E0
2.772408594E1,6.347813606E-1,-5.760936737E-1,-4.101064205E0,4.189696757E0
2.772911151E1,5.960087776E-1,-6.970777512E-1,-4.416255951E0,4.510483397E0
2.773413708E1,6.060926914E-1,-8.278741837E-1,-4.706632614E0,4.817168731E0
2.773916265E1,6.649107933E-1,-9.635992050E-1,-4.972001076E0,5.107976555E0
2.774418823E1,8.251247406E-1,-1.104220390E0,-5.135664940E0,5.317441855E0
2.774921380E1,1.029963493E0,-1.268839836E0,-4.465183258E0,4.754854452E0
2.775423937E1,1.414416909E0,-1.323610306E0,-4.443244457E0,4.847158007E0
2.775926494E1,1.738031030E0,-1.297202110E0,-4.859297276E0,5.321302020E0
2.776429052E1,2.081319094E0,-1.289935112E0,-4.785280228E0,5.375381719E0
2.776931609E1,2.420248747E0,-1.335143089E0,-4.699798107E0,5.452367680E0
2.777434166E1,2.702062607E0,-1.360930443E0,-4.741472244E0,5.624485136E0
2.777936724E1,2.950545311E0,-1.357605934E0,-4.732975006E0,5.740197202E0
2.778439281E1,3.213227510E0,-1.281896591E0,-4.645255089E0,5.791932730E0
2.778941838E1,3.394330978E0,-1.138403893E0,-4.602103233E0,5.830677524E0
2.779444396E1,3.407477617E0,-9.028997421E-1,-4.688816071E0,5.866099880E0
2.779946953E1,3.314794779E0,-5.367803574E-1,-4.928090096E0,5.963394131E0
2.780449510E1,3.049156189E0,-1.543149948E-1,-5.346778870E0,6.157045628E0
2.780952068E1,2.620294571E0,1.210422516E-1,-5.487634182E0,6.082328812E0
2.781454625E1,1.953783631E0,9.392929077E-2,-4.806602478E0,5.189366105E0
2.781957182E1,1.207770348E0,-8.263492584E-2,-2.927034855E0,3.167502294E0
2.782459739E1,1.007361412E0,-5.810804367E-1,-2.754671812E0,2.990091684E0
2.782962297E1,1.436420202E0,-1.362123489E0,-3.194906235E0,3.758471664E0
2.783464854E1,2.073343992E0,-2.371325493E0,-4.278703690E0,5.313120097E0
2.783967411E1,2.776673317E0,-3.668626785E0,-6.272356987E0,7.778894483E0
2.784469963E1,3.199350357E0,-5.347974777E0,-7.454143524E0,9.716014234E0
2.784972515E1,3.532452822E0,-7.777129173E0,-8.411426544E0,1.198807981E1
2.785475068E1,3.637320995E0,-1.061595917E1,-7.952505589E0,1.375394628E1
2.785977620E1,3.268496037E0,-1.348279381E1,-5.666660786E0,1.498598811E1
2.786480172E1,1.835687041E0,-1.588788605E1,-1.900097251E0,1.610605599E1
2.786982724E1,2.943420410E-2,-1.793599129E1,2.885306358E0,1.816660790E1
2.787485276E1,-2.377967596E0,-1.907637405E1,8.057464600E0,2.084431608E1
2.787987828E1,-4.916041374E0,-1.923134995E1,1.227980042E1,2.334107499E1
2.788490380E1,-7.320821762E0,-1.823109055E1,1.509489727E1,2.477545191E1
2.788992932E1,-9.185293198E0,-1.642163467E1,1.616993904E1,2.480940598E1
2.789495484E1,-1.026649666E1,-1.442064476E1,1.646922112E1,2.417832072E1
2.789998036E1,-1.026245785E1,-1.217484093E1,1.648064804E1,2.291629448E1
2.790500588E1,-9.195265770E0,-9.410452843E0,1.627198029E1,2.092574677E1
2.791003140E1,-7.662711620E0,-6.384757996E0,1.553289127E1,1.845949608E1
2.791505693E1,-6.008747101E0,-3.479220390E0,1.398542595E1,1.561416521E1
2.792008245E1,-4.294178009E0,-8.551721573E-1,1.205745983E1,1.282784556E1
2.792510797E1,-2.851971865E0,1.479120255E0,1.034610748E1,1.083344268E1
2.793013349E1,-1.182014704E0,3.998226166E0,8.150589943E0,9.155058036E0
2.793515901E1,4.825203419E-1,6.554618359E0,5.477063656E0,8.555353529E0
2.794018453E1,1.685161948E0,8.598773956E0,2.559082508E0,9.128394581E0
2.794521005E1,2.077404022E0,9.796241760E0,-1.507968307E-1,1.001522340E1
2.795023557E1,1.343113542E0,9.735342026E0,-1.637957931E0,9.963119217E0
2.795526109E1,4.062316418E-1,9.099834442E0,-2.330868959E0,9.402391245E0
2.796028661E1,-1.416904926E-1,8.252803802E0,-2.771415949E0,8.706870457E0
2.796531213E1,-8.400156498E-1,7.528892040E0,-3.200931311E0,8.224098911E0
2.797033765E1,-1.194936037E0,6.856193542E0,-4.221257210E0,8.139672872E0
2.797536318E1,-1.039232254E0,6.775414944E0,-7.151808262E0,9.906291574E0
2.798038870E1,4.547119141E-2,7.009695053E0,-1.234058666E1,1.419253225E1
2.798541422E1,6.697654724E-2,7.024498940E0,-1.351936340E1,1.523552618E1
2.799043974E1,-8.656330109E-1,6.676833630E0,-1.073673916E1,1.267308153E1
2.799546526E1,-1.747645617E0,6.478183746E0,-7.505233288E0,1.006725665E1
2.800049078E1,-3.038942814E0,5.982621193E0,-4.628323555E0,8.151583202E0
2.800551630E1,-3.908007622E0,5.586525440E0,-2.338912487E0,7.207794509E0
2.801054182E1,-4.363732338E0,5.294063568E0,-6.344666481E-1,6.889979456E0
2.801556734E1,-4.459994316E0,4.994930267E0,5.167611837E-1,6.716242982E0
2.802059286E1,-4.428908825E0,4.583965778E0,1.180767894E0,6.482452349E0
2.802561838E1,-4.407557011E0,4.080660820E0,1.371840119E0,6.161192810E0
2.803064390E1,-4.671596050E0,3.279731750E0,1.526504636E0,5.908524893E0
2.803566943E1,-5.428308010E0,2.066772461E0,1.842543364E0,6.093688727E0
2.804069495E1,-5.846475601E0,1.125977516E0,1.971305370E0,6.271773847E0
2.804572047E1,-5.689908028E0,6.865062714E-1,2.060644627E0,6.090369488E0
2.805074599E1,-5.775415421E0,2.217664719E-1,2.740381956E0,6.396428450E0
2.805577151E1,-6.109282970E0,-3.208284378E-1,3.481002092E0,7.038724662E0
2.806079703E1,-6.480865479E0,-7.404661179E-1,4.221199989E0,7.769712786E0
2.806582255E1,-6.597529411E0,-9.799861908E-1,4.846605778E0,8.244838072E0
2.807084807E1,-6.339273453E0,-9.437828064E-1,5.281796932E0,8.305088364E0
2.807587359E1,-5.557844162E0,-4.356746674E-1,5.294010162E0,7.688041867E0
2.808089911E1,-5.228429794E0,-1.251697540E-1,5.190246582E0,7.368229446E0
2.808592463E1,-5.423116684E0,-2.317533493E-1,5.166768074E0,7.493957333E0
2.809095015E1,-5.237781525E0,-2.717504501E-1,5.038130760E0,7.272617491E0
2.809597568E1,-4.904493809E0,-4.315128326E-1,4.965186119E0,6.992376995E0
2.810100120E1,-4.981028557E0,-1.036041260E0,5.114946842E0,7.214340453E0
2.810602672E1,-4.280351162E0,-1.190445900E0,5.038390160E0,6.717435739E0
2.811105224E1,-2.972267389E0,-9.761543274E-1,4.908099174E0,5.820368391E0
2.811607776E1,-1.611295223E0,-6.463928223E-1,4.916940689E0,5.214441650E0
2.812110328E1,-6.134870052E-1,-5.306682587E-1,4.986736774E0,5.052278571E0
2.812612880E1,2.276053429E-1,-2.455530167E-1,5.034950733E0,5.046070685E0
2.813115432E1,7.031829357E-1,-1.565551758E-2,4.969486237E0,5.019014325E0
2.813617984E1,5.116198063E-1,-2.809572220E-1,4.830895901E0,4.866029900E0
2.814120536E1,-7.188010216E-2,-8.167562485E-1,4.835773468E0,4.904789756E0
2.814623088E1,-3.800122738E-1,-1.149991989E0,4.759872437E0,4.911545227E0
2.815125640E1,-5.456583500E-1,-1.415292740E0,4.560373306E0,4.806017194E0
2.815628193E1,-4.291999340E-1,-1.560512543E0,4.261166096E0,4.558173809E0
2.816130745E1,-5.936694145E-2,-1.638429642E0,3.741739273E0,4.085166938E0
2.816633297E1,7.593955994E-1,-1.323818207E0,2.972666264E0,3.341544708E0
2.817135849E1,1.976567388E0,-7.265033722E-1,2.049462795E0,2.938524041E0
2.817638401E1,2.790620089E0,-4.584140778E-1,1.246074200E0,3.090372932E0
2.818140953E1,3.071634054E0,-6.339063644E-1,5.658672452E-1,3.187001534E0
2.818643505E1,3.379364729E0,-9.563093185E-1,-3.872470856E-1,3.533354467E0
2.819146057E1,3.737373829E0,-1.143636703E0,-1.577466726E0,4.214768003E0
2.819648609E1,3.868028164E0,-1.100568771E0,-2.353240013E0,4.659466928E0
2.820151161E1,3.380257845E0,-1.205418587E0,-2.425845385E0,4.331732090E0
2.820653713E1,2.516224623E0,-1.310326576E0,-2.059874058E0,3.505912609E0
2.821156265E1,1.546897531E0,-1.530731201E0,-1.545604348E0,2.669255099E0
2.821658818E1,9.626317024E-1,-1.604048729E0,-1.130522490E0,2.185798074E0
2.822161370E1,4.579751492E-1,-1.698010445E0,-7.986642718E-1,1.931539626E0
2.822663922E1,1.533966064E-1,-1.750604630E0,-6.578223109E-1,1.876400085E0
2.823166474E1,8.246636391E-2,-1.647084236E0,-6.716749668E-1,1.780683701E0
2.823669026E1,1.058485508E-1,-1.463928223E0,-6.456063390E-1,1.603464157E0
2.824171578E1,1.034026146E-1,-1.258355141E0,-5.667092800E-1,1.383946953E0
2.824674130E1,9.374618530E-2,-1.130558968E0,-5.793451071E-1,1.273810300E0
2.825176687E1,-1.335189342E-1,-1.161693573E0,-5.836507082E-1,1.306907576E0
2.825679245E1,-5.915596485E-1,-1.399670601E0,-4.558296204E-1,1.586442956E0
2.826181802E1,-8.296124935E-1,-1.571946144E0,-4.500057697E-1,1.833514866E0
2.826684359E1,-7.328512669E-1,-1.487444878E0,-6.331506968E-1,1.774948745E0
2.827186916E1,-6.606068611E-1,-1.433369637E0,-7.708400488E-1,1.756457890E0
2.827689474E1,-5.221872330E-1,-1.323554039E0,-1.030627251E0,1.756891383E0
2.828192031E1,-7.001616955E-1,-1.492929459E0,-1.775857568E0,2.423372623E0
2.828694588E1,-9.105155468E-1,-1.951364517E0,-2.341272831E0,3.180946480E0
2.829197146E1,-5.881369114E-1,-1.866747856E0,-2.033885479E0,2.822648176E0
2.829699703E1,2.318766117E-1,-1.167699814E0,-1.323883772E0,1.780437547E0
2.830202260E1,1.226386547E0,-3.227968216E-1,-8.675564528E-1,1.536514220E0
2.830704818E1,1.905266285E0,3.052330017E-1,-8.515589237E-1,2.109113416E0
2.831207375E1,2.344353199E0,7.171421051E-1,-9.311395884E-1,2.622461754E0
2.831709932E1,2.705678940E0,1.042700291E0,-8.477673531E-1,3.021031596E0
2.832212489E1,2.945697308E0,1.315770149E0,-3.528316021E-1,3.245438931E0
2.832715047E1,2.916007757E0,1.526971817E0,3.621485829E-1,3.311479392E0
2.833217604E1,3.095488071E0,1.700130939E0,9.671838880E-1,3.661684897E0
2.833720161E1,3.339589596E0,1.883511066E0,1.256919503E0,4.034887761E0
2.834222719E1,3.475868702E0,2.024593830E0,1.480624914E0,4.286361341E0
2.834725276E1,3.709225893E0,2.104715347E0,1.973685980E0,4.699321203E0
2.835227833E1,4.047010899E0,2.072362900E0,2.703344822E0,5.289712509E0
2.835730390E1,4.247609138E0,2.034066200E0,3.465223789E0,5.846997914E0
2.836232948E1,4.131986618E0,1.976643562E0,4.165370464E0,6.191182786E0
2.836735505E1,3.651115417E0,1.886605740E0,4.298707008E0,5.947167977E0
2.837238062E1,3.153465748E0,1.769373417E0,4.077816963E0,5.450102723E0
2.837740620E1,2.667077541E0,1.639677525E0,3.992149830E0,5.073372178E0
2.838243177E1,2.506785393E0,1.866123676E0,3.875313044E0,4.978397510E0
2.838745734E1,3.156622887E0,2.722528934E0,3.809484005E0,5.646999224E0
2.839248291E1,2.241656065E0,2.539670467E0,3.628338575E0,4.963848186E0
2.839750849E1,1.049925804E0,2.884775639E0,4.149739265E0,5.161841789E0
2.840253406E1,5.372502804E-1,3.506308556E0,4.309589386E0,5.581702090E0
2.840755963E1,1.391115189E-1,3.724296093E0,3.929668665E0,5.415905208E0
2.841258521E1,-5.220689774E-1,3.821028233E0,4.089538097E0,5.621132859E0
2.841761078E1,-8.900432587E-1,3.972877026E0,3.949655294E0,5.672363335E0
2.842263635E1,-1.480199099E0,4.116818905E0,3.565510511E0,5.643762262E0
2.842766187E1,-1.893579483E0,4.218570709E0,3.059678555E0,5.544692502E0
2.843268739E1,-2.253310680E0,4.358881950E0,2.540466309E0,5.525507212E0
2.843771291E1,-2.710977077E0,4.546728134E0,2.096948624E0,5.693797237E0
2.844273844E1,-3.430986404E0,4.570573807E0,1.311861515E0,5.863684274E0
2.844776396E1,-4.336900711E0,4.319093227E0,1.613134146E-1,6.122850325E0
2.845278948E1,-5.346508980E0,3.809916496E0,-1.114251733E0,6.658992334E0
2.845781500E1,-5.895167828E0,3.496164322E0,-2.273783207E0,7.221236650E0
2.846284052E1,-5.927922726E0,3.525126457E0,-3.267600536E0,7.631775524E0
2.846786604E1,-5.544580460E0,3.738380432E0,-3.902604580E0,7.742621212E0
2.847289156E1,-5.180283070E0,3.805698395E0,-4.139220715E0,7.645379067E0
2.847791708E1,-4.395470142E0,4.043110371E0,-4.119705200E0,7.255264997E0
2.848294260E1,-3.498660326E0,4.207128048E0,-3.895903826E0,6.717039311E0
2.848796812E1,-2.464091063E0,4.145638943E0,-3.735053539E0,6.099892782E0
2.849299364E1,-1.467788219E0,3.716548920E0,-3.732163668E0,5.467740280E0
2.849801916E1,-9.105737209E-1,2.921497345E0,-3.747941017E0,4.838527990E0
2.850304469E1,-7.087969780E-1,1.723542213E0,-3.571349859E0,4.028340941E0
2.850807021E1,-7.162158489E-1,3.152399063E-1,-2.829473257E0,2.935687356E0
2.851309573E1,-1.025002003E0,-1.087379456E0,-1.762674809E0,2.310853883E0
2.851812125E1,-1.524902344E0,-2.402994156E0,-7.542173862E-1,2.944240469E0
2.852314677E1,-2.338718891E0,-3.775666237E0,3.439125419E-1,4.454608560E0
2.852817229E1,-3.267825127E0,-5.201320648E0,1.363579273E0,6.292198819E0
2.853319781E1,-4.032223701E0,-6.484703064E0,1.997822285E0,7.893129651E0
2.853822333E1,-4.314753056E0,-7.521449089E0,2.403998375E0,8.998249747E0
2.854324885E1,-4.406638145E0,-8.403177261E0,2.762945890E0,9.882596715E0
2.854827437E1,-4.091852665E0,-8.829210281E0,3.087603569E0,1.020938334E1
2.855329989E1,-2.811422110E0,-8.336102486E0,2.734961033E0,9.212747190E0
2.855832541E1,-1.094047070E0,-7.388228416E0,2.387720585E0,7.841177700E0
2.856335094E1,9.273464680E-1,-6.152094841E0,2.250040293E0,6.615959773E0
2.856837646E1,3.152117491E0,-4.573269844E0,2.157757998E0,5.958738232E0
2.857340198E1,4.709830761E0,-3.104227066E0,2.258398771E0,6.076108663E0
2.857842750E1,5.923212051E0,-1.786117554E0,2.130913734E0,6.543351608E0
2.858345302E1,6.585042953E0,-6.128015518E-1,2.163372278E0,6.958340036E0
2.858847854E1,6.767455101E0,3.731651306E-1,2.074078083E0,7.087982834E0
2.859350406E1,6.859288216E0,9.947724342E-1,1.892419100E0,7.184751706E0
2.859852958E1,7.004734039E0,1.390929222E0,1.839048743E0,7.374488683E0
2.860355510E1,6.988984108E0,1.815178394E0,1.895138025E0,7.465408200E0
2.860858062E1,6.908552170E0,2.037583351E0,1.845774412E0,7.435504164E0
2.861360614E1,6.749769688E0,2.053274155E0,1.930567503E0,7.314534604E0
2.861863166E1,6.608414650E0,1.919923306E0,2.187317371E0,7.220914552E0
2.862365719E1,6.264211655E0,1.747874737E0,2.734925508E0,7.055156362E0
2.862868271E1,5.741043091E0,1.121407509E0,3.313179731E0,6.722669894E0
2.863370823E1,5.244319916E0,3.813858032E-1,4.099106789E0,6.667160038E0
2.863873375E1,4.553448677E0,-7.676391602E-1,4.458739281E0,6.418996862E0
2.864375927E1,4.154799461E0,-1.478182793E0,4.863570213E0,6.565188356E0
2.864878479E1,3.528180122E0,-1.582940102E0,5.506883144E0,6.729005596E0
2.865381031E1,2.428427458E0,-1.719549179E0,5.862702370E0,6.574601765E0
2.865883583E1,1.168159962E0,-1.937750816E0,5.893648148E0,6.313047157E0
2.866386135E1,-9.632015228E-2,-2.005565643E0,5.643073559E0,5.989645258E0
2.866888687E1,-1.293816090E0,-2.102638245E0,5.215124607E0,5.769971606E0
2.867391239E1,-2.109539747E0,-2.269144058E0,4.678808689E0,5.611632869E0
2.867893791E1,-2.760947943E0,-2.353187561E0,4.054162025E0,5.440271590E0
2.868396344E1,-3.217256308E0,-2.398668289E0,3.418171167E0,5.271455382E0
2.868898896E1,-3.515521049E0,-2.477700233E0,2.737280130E0,5.098096626E0
2.869401448E1,-3.703184366E0,-2.508923531E0,1.929566264E0,4.871498507E0
2.869904000E1,-3.909619808E0,-2.559160233E0,6.302926540E-1,4.715050050E0
2.870406552E1,-4.556422234E0,-2.575595856E0,-2.349298716E0,5.737062143E0
2.870909104E1,-6.079109192E0,-2.419333458E0,-7.644104958E0,1.006186283E1
2.871411656E1,-7.762892246E0,-2.142879486E0,-1.282484436E1,1.514368058E1
2.871914208E1,-8.767979622E0,-1.712230682E0,-1.533666801E1,1.774887564E1
2.872416760E1,-8.438356400E0,-1.222292900E0,-1.426308918E1,1.661732745E1
2.872919312E1,-7.670060158E0,-7.392196655E-1,-1.230495358E1,1.451854507E1
2.873421864E1,-6.579453468E0,-2.909498215E-1,-1.034470081E1,1.226322530E1
2.873924416E1,-5.383381844E0,1.422557831E-1,-8.436855316E0,1.000907410E1
2.874426969E1,-3.935653448E0,6.760835648E-1,-6.481405735E0,7.612823218E0
2.874929521E1,-2.766500711E0,1.559615135E0,-4.479002953E0,5.490664168E0
2.875432073E1,-2.211151600E0,1.710715294E0,-3.316474199E0,4.337596031E0
2.875934625E1,-1.985010862E0,1.195890903E0,-2.786871910E0,3.624510756E0
2.876437177E1,-1.400395632E0,4.700298309E-1,-2.500978947E0,2.904639678E0
2.876939729E1,6.885719299E-2,5.341835022E-1,-2.381957054E0,2.442091877E0
2.877442281E1,1.114298582E0,8.204822540E-1,-2.131877661E0,2.541604773E0
2.877944833E1,1.239438057E0,6.842870712E-1,-1.884712100E0,2.357243134E0
2.878447385E1,9.567196369E-1,4.749040604E-1,-1.688730717E0,1.998163598E0
2.878949937E1,6.278038025E-1,3.679084778E-1,-1.768826485E0,1.912652973E0
2.879452489E1,3.643128872E-1,2.661876678E-1,-2.437050343E0,2.478466083E0
2.879955041E1,2.124786377E-1,1.024131775E-1,-2.945867300E0,2.955295210E0
2.880457594E1,-4.888656139E-1,-2.289562225E-1,-2.961522579E0,3.010320004E0
2.880960146E1,-1.654973269E0,-8.009424210E-1,-2.663622618E0,3.236561560E0
2.881462698E1,-2.481514931E0,-1.395162582E0,-2.245764017E0,3.625996553E0
2.881965255E1,-2.400459051E0,-1.730581284E0,-1.540023088E0,3.335983565E0
2.882467812E1,-1.378536701E0,-1.683012009E0,-6.998422742E-1,2.285316623E0
2.882970370E1,5.874705315E-2,-1.461812973E0,1.236223876E-1,1.468206688E0
2.883472927E1,1.265006781E0,-1.380648613E0,8.222952485E-1,2.045141126E0
2.883975484E1,1.805921197E0,-1.681402206E0,1.340190411E0,2.807948555E0
2.884478041E1,1.813909888E0,-1.999022484E0,1.582630873E0,3.129070222E0
2.884980599E1,1.039183617E0,-2.523947716E0,1.455427051E0,3.093296391E0
2.885483156E1,1.442377567E-1,-3.007785797E0,8.174443245E-1,3.120223575E0
2.885985713E1,-6.664953232E-1,-3.356216431E0,6.684499979E-2,3.422407486E0
2.886488271E1,-1.316875219E0,-4.336443901E0,-5.547663569E-1,4.565815564E0
2.886990828E1,-1.832873821E0,-5.810659409E0,-8.014487624E-1,6.145364865E0
2.887493385E1,-3.268254757E0,-7.146740913E0,-1.297984362E0,7.965058584E0
2.887995943E1,-6.357569695E0,-8.378725052E0,-1.940320492E0,1.069516571E1
2.888498500E1,-7.122761726E0,-6.785852432E0,-2.934828520E0,1.026619434E1
2.889001057E1,-6.064689636E0,-5.132074356E0,-3.723465443E0,8.773986693E0
2.889503614E1,-4.415159225E0,-4.327257156E0,-2.828609705E0,6.798515893E0
2.890006172E1,-1.902564764E0,-2.452386856E0,-8.555743694E-1,3.219621325E0
2.890508729E1,5.825247765E-1,-2.006235123E-1,9.912733436E-1,1.167136560E0
2.891011286E1,2.384904861E0,1.468037605E0,2.374399185E0,3.671604159E0
2.891513844E1,3.529990673E0,2.225932598E0,2.961037159E0,5.116966986E0
2.892016401E1,4.039798260E0,2.300101280E0,2.724497795E0,5.388257985E0
2.892518958E1,3.856248140E0,1.672799110E0,1.916161776E0,4.619586836E0
2.893021515E1,3.343206167E0,6.077651978E-1,9.464535713E-1,3.527347498E0
2.893524073E1,3.217767000E0,4.294109344E-2,1.622153521E-1,3.222139386E0
2.894026630E1,3.186457157E0,-4.474945068E-1,-1.627943516E-1,3.221841484E0
2.894529187E1,2.823090553E0,-1.246445656E0,-3.801826239E-1,3.109341710E0
2.895031745E1,3.231897831E0,-1.332551956E0,-3.693461418E-3,3.495836373E0
2.895534302E1,4.934313297E0,5.070590973E-2,1.070353389E0,5.049324230E0
2.896036859E1,6.430439949E0,2.049232960E0,2.396538496E0,7.161934824E0
2.896539416E1,7.084178448E0,3.628349781E0,2.996726036E0,8.504755925E0
2.897041974E1,6.603997707E0,4.292701721E0,2.632446527E0,8.304808758E0
2.897544531E1,5.596840382E0,4.606812000E0,1.981648445E0,7.514936435E0
2.898047088E1,4.387938499E0,4.765317440E0,1.459864974E0,6.640290681E0
2.898549646E1,3.082413673E0,4.785452366E0,1.310392976E0,5.841143565E0
2.899052203E1,1.913354397E0,4.933482170E0,2.011383295E0,5.660904003E0
2.899554760E1,7.683906555E-1,4.992598534E0,2.587216139E0,5.675398811E0
2.900057312E1,1.357555389E-2,5.057178497E0,2.522487402E0,5.651387559E0
2.900559864E1,-4.511275291E-1,5.394579887E0,2.789186478E0,6.089710126E0
2.901062416E1,-7.746586800E-1,5.550198555E0,2.937722683E0,6.327322865E0
2.901564969E1,-7.421665192E-1,5.528932571E0,2.328190804E0,6.044863848E0
2.902067521E1,-5.593783855E-1,5.469378471E0,1.282589674E0,5.645532864E0
2.902570073E1,-2.650270462E-1,5.634634018E0,6.769505739E-1,5.681338041E0
2.903072625E1,-2.583642006E-1,5.809941292E0,8.172408938E-1,5.872823218E0
2.903575177E1,-2.513875961E-1,6.006106853E0,1.326035619E0,6.155882205E0
2.904077729E1,-4.825544357E-2,5.856314659E0,1.085391045E0,5.956242414E0
2.904580281E1,-6.699295044E-1,4.849495411E0,1.886389256E-1,4.899183190E0
2.905082833E1,-2.108216524E0,3.501768112E0,-6.015301943E-1,4.131439870E0
2.905585385E1,-4.199193478E0,2.155499935E0,-8.574054241E-1,4.797348215E0
2.906087937E1,-6.324147701E0,7.605657578E-1,-5.920909643E-1,6.397177200E0
2.906590489E1,-8.200174332E0,-9.048376083E-1,-3.594928980E-1,8.257773629E0
2.907093041E1,-9.870114326E0,-2.669699669E0,-8.233368397E-2,1.022512748E1
2.907595594E1,-1.134729385E1,-4.200711250E0,3.352926373E-1,1.210452287E1
2.908098146E1,-1.265034485E1,-5.719481468E0,6.776614785E-1,1.389974525E1
2.908600698E1,-1.242102432E1,-6.428707123E0,1.006757259E0,1.402225662E1
2.909103250E1,-9.129843712E0,-4.313913345E0,2.074082613E0,1.030852624E1
2.909605802E1,-8.390945435E0,-1.851165771E0,8.461761475E-1,8.634280171E0
2.910108354E1,-5.392884254E0,4.195089340E-1,-8.494677544E-1,5.475471102E0
2.910610906E1,2.783224583E-1,-2.753248215E0,-8.349410295E-1,2.890495744E0
2.911113458E1,4.989368439E0,-4.570173264E0,-2.693761587E-1,6.771472852E0
2.911616010E1,7.997490883E0,-4.436969757E0,-4.251523018E-1,9.155725833E0
2.912118562E1,1.204712105E1,-3.041749001E0,-9.569140673E-1,1.246198407E1
2.912621114E1,1.119018078E1,-2.840627670E0,-2.327010632E-1,1.154744393E1
2.913123666E1,9.212585449E0,-2.499161720E0,5.636172295E-1,9.562175712E0
2.913626219E1,6.963199615E0,-2.069309235E0,1.163852334E0,7.356816013E0
2.914128771E1,4.320340633E0,-1.986576080E0,1.582642317E0,5.011644881E0
2.914631323E1,2.093989849E0,-1.805627823E0,1.834856033E0,3.318400516E0
2.915133875E1,6.074573994E-1,-1.008703232E0,2.322416782E0,2.603863747E0
2.915636427E1,-3.794486523E-1,1.386365891E-1,3.059034586E0,3.085594591E0
2.916138979E1,-1.129457712E0,1.449248314E0,4.111014843E0,4.502936646E0
2.916641531E1,-1.653201818E0,2.617285252E0,4.746114731E0,5.666468334E0
2.917144083E1,-2.411238909E0,3.967782497E0,4.280928612E0,6.315355952E0
2.917646635E1,-2.559621334E0,4.543054104E0,4.525722027E0,6.904575427E0
2.918149187E1,-2.097553730E0,3.828505039E0,4.116736412E0,6.000391752E0
2.918651739E1,-2.327634335E0,1.850912571E0,3.325690985E0,4.461387617E0
2.919154291E1,-2.955970764E0,-3.292808533E-1,3.507331610E0,4.598648069E0
2.919656844E1,-3.156679630E0,-2.308216095E0,3.431134224E0,5.202419619E0
2.920159396E1,-3.222687721E0,-4.074693680E0,2.646539688E0,5.830353081E0
2.920661948E1,-3.701128006E0,-5.179241180E0,1.612618089E0,6.566842835E0
2.921164500E1,-3.906713486E0,-6.020459175E0,1.016387463E0,7.248543468E0
2.921667052E1,-3.919672489E0,-6.164500237E0,7.593967319E-1,7.344493106E0
2.922169604E1,-3.509412289E0,-5.483781815E0,6.176569462E-1,6.539827039E0
2.922672156E1,-2.795280457E0,-4.778213501E0,7.681846619E-1,5.588830358E0
2.923174708E1,-2.150890827E0,-3.889863014E0,9.676266909E-1,4.549029241E0
2.923677260E1,-1.677068710E0,-2.990834236E0,1.226405859E0,3.641664485E0
2.924179812E1,-1.316163063E0,-2.334547997E0,1.444523335E0,3.044510999E0
2.924682364E1,-1.192046642E0,-1.925575256E0,1.612774611E0,2.780262076E0
2.925184916E1,-1.236380100E0,-1.854909897E0,1.381785393E0,2.622719457E0
2.925687469E1,-1.607907772E0,-1.678178787E0,1.419359922E0,2.723276342E0
2.926190021E1,-2.051462650E0,-1.425405502E0,4.822114706E-1,2.544171330E0
2.926692573E1,-2.179862022E0,-9.975223541E-1,8.279991150E-2,2.398688206E0
2.927195125E1,-1.892527580E0,-7.301540375E-1,-9.288387299E-1,2.231037191E0
2.927697677E1,-7.213554382E-1,3.648856640E0,-9.065809250E-1,3.828367461E0
2.928200229E1,-8.074069023E-1,3.446894169E0,-1.012216806E-1,3.541642436E0
2.928702781E1,-7.189197540E-1,1.891726971E0,-3.264424801E0,3.840826190E0
2.929205333E1,-1.245258808E0,1.370455742E0,-5.734960556E0,6.026490771E0
2.929707885E1,-2.411180496E0,1.463854313E0,-6.057219982E0,6.681809242E0
2.930210437E1,-3.017615795E0,1.672605038E0,-6.779342175E0,7.606779412E0
2.930712989E1,-2.800938129E0,1.881491184E0,-7.512671471E0,8.235623602E0
2.931215541E1,-2.771147251E0,1.947298050E0,-8.300593376E0,8.964991756E0
2.931718094E1,-2.659863949E0,2.071097374E0,-9.206937790E0,9.804693979E0
2.932220646E1,-2.633536339E0,2.061058998E0,-1.023497486E1,1.076745969E1
2.932723198E1,-2.160218716E0,2.299318314E0,-1.090404797E1,1.135128502E1
2.933225750E1,-6.929178238E-1,3.226908684E0,-1.078245163E1,1.127627323E1
2.933728302E1,1.445115566E0,4.564737320E0,-9.923552513E0,1.101826122E1
2.934230854E1,2.086672783E0,5.000357628E0,-9.036155701E0,1.053612308E1
2.934733406E1,1.990508080E0,4.352732182E0,-8.496102333E0,9.751520636E0
2.935235958E1,2.189154625E0,3.295628071E0,-8.337453842E0,9.228580548E0
2.935738510E1,3.414726973E0,2.972087860E0,-7.535728931E0,8.790954275E0
2.936241062E1,5.124998093E0,2.882183075E0,-6.093401909E0,8.467711116E0
2.936743614E1,6.197745323E0,2.082994938E0,-4.666633606E0,8.032956132E0
2.937246166E1,5.579198360E0,2.131905556E-1,-3.194962740E0,6.432782560E0
2.937748719E1,3.261994839E0,-2.222255707E0,-1.238048792E0,4.136640613E0
2.938251271E1,2.298851252E0,-3.806704521E0,2.492276669E0,5.097760232E0
2.938753823E1,2.959687471E0,-4.646886826E0,6.079942226E0,8.204815938E0
2.939256380E1,3.810969591E0,-5.138791084E0,8.094038963E0,1.031717644E1
2.939758937E1,4.066936016E0,-5.411388397E0,8.551912308E0,1.090680050E1
2.940261495E1,4.502677917E0,-5.039799690E0,8.201025963E0,1.062687707E1
2.940764052E1,5.715607643E0,-4.214005470E0,7.712490559E0,1.048372660E1
2.941266609E1,6.258450031E0,-3.553085327E0,6.938622952E0,9.996854535E0
2.941769166E1,5.266263962E0,-3.698353767E0,5.332935333E0,8.357724330E0
2.942271724E1,3.896101952E0,-4.132375717E0,4.231904507E0,7.082736423E0
2.942774281E1,2.842083454E0,-4.200698853E0,3.936872005E0,6.420457180E0
2.943276838E1,2.044993639E0,-3.750535965E0,4.265501499E0,6.036805616E0
2.943779396E1,1.308311939E0,-3.559775352E0,3.745666027E0,5.330449763E0
2.944281953E1,2.586839676E0,-1.905710220E0,4.280399323E0,5.352129419E0
2.944784510E1,3.591539383E0,-9.153213501E-1,3.351069212E0,4.996662204E0
2.945287068E1,4.493502617E0,-7.248020172E-2,3.165659904E0,5.497110312E0
2.945789625E1,3.142552376E0,-7.812194824E-1,2.107451916E0,3.863585497E0
2.946292182E1,1.098784208E0,-1.582463264E0,1.220228910E0,2.280455067E0
2.946794739E1,4.278607368E-1,-1.464092255E0,1.199111938E0,1.940232043E0
2.947297297E1,1.370094299E0,-5.648794174E-1,2.323782206E0,2.756122436E0
2.947799854E1,1.102016687E0,-1.059193611E0,1.500218987E0,2.141725682E0
2.948302411E1,1.530147314E0,-1.600208282E-1,2.296089172E0,2.763871009E0
2.948804969E1,1.054339409E-1,-3.467617035E-1,1.228549004E0,1.280895253E0
2.949307526E1,-1.199833393E0,-1.522769928E-1,5.907742977E-1,1.346032215E0
2.949810083E1,-2.036953449E0,1.095180511E-1,1.571643949E-1,2.045940909E0
2.950312640E1,-2.930653572E0,3.560028076E-1,-2.274205089E-1,2.960943844E0
2.950815198E1,-3.628349304E0,2.957658768E-1,2.608674765E-2,3.640477530E0
2.951317755E1,-3.543548584E0,-3.183650970E-2,4.150932133E-1,3.567919913E0
2.951820312E1,-3.334673882E0,1.112480164E-1,1.802361608E-1,3.341393585E0
2.952322870E1,-2.492029667E0,2.615280151E-1,-2.386065423E-1,2.517050227E0
2.952825427E1,1.625814438E0,2.255601883E-1,5.682232380E-1,1.736959307E0
2.953327984E1,2.212296963E0,7.331638336E-1,8.372620940E-1,2.476448035E0
2.953830541E1,1.692497253E0,7.599420547E-1,8.287503123E-1,2.031966033E0
2.954333099E1,-8.353662491E-2,3.741068840E-1,4.915861487E-1,6.233708928E-1
2.954835656E1,-1.704411030E0,5.892567635E-1,2.290972173E-1,1.817890543E0
2.955338213E1,-2.508449078E0,1.247143269E0,4.343127310E-1,2.834838735E0
2.955840771E1,-2.311687469E0,1.087088585E0,5.450974703E-1,2.612047435E0
2.956343328E1,-2.008848667E0,4.233264923E-2,2.855432630E-1,2.029482687E0
2.956845885E1,-1.777359486E0,-1.029879570E0,-5.664855242E-2,2.054961734E0
2.957348437E1,-9.921207428E-1,-1.482797623E0,-7.659816146E-1,1.941576728E0
2.957850989E1,9.051799774E-2,-1.463641167E0,-1.529191971E0,2.118694659E0
2.958353541E1,1.218791962E0,-1.195498466E0,-2.212101460E0,2.794291197E0
2.958856094E1,2.069655180E0,-7.721261978E-1,-2.902525902E0,3.647507099E0
2.959358646E1,2.345885277E0,-3.312473297E-1,-3.713448763E0,4.404838730E0
2.959861198E1,2.086768866E0,3.643321991E-2,-4.495423794E0,4.956285581E0
2.960363750E1,1.619627237E0,1.151256561E-1,-4.946625710E0,5.206299282E0
2.960866302E1,1.461853266E0,-4.251289368E-2,-5.058115482E0,5.265297195E0
2.961368854E1,1.402265310E0,-2.208147049E-1,-4.922167778E0,5.122776861E0
2.961871406E1,1.410917997E0,-2.614288330E-1,-4.545565128E0,4.766675672E0
2.962373958E1,1.447948694E0,-2.786483765E-1,-4.083731651E0,4.341781263E0
2.962876510E1,1.540309668E0,-3.005018234E-1,-3.663625956E0,3.985600376E0
2.963379062E1,1.586322308E0,-3.744926453E-1,-3.268791199E0,3.652623592E0
2.963881614E1,1.885810137E0,-2.895679474E-1,-2.987529755E0,3.544779754E0
2.964384166E1,1.987519741E0,-4.806566238E-1,-2.745057821E0,3.422953104E0
2.964886718E1,2.083031654E0,-6.943597794E-1,-2.628779173E0,3.425147634E0
2.965389271E1,2.240814447E0,-1.247571945E0,-2.285715342E0,3.435430070E0
2.965891823E1,2.678855181E0,-1.960225105E0,-1.981122494E0,3.865694488E0
2.966394375E1,2.752758980E0,-1.948385239E0,-7.766785026E-1,3.460797095E0
2.966896927E1,2.931166887E0,-1.609696388E0,-2.028864026E-1,3.350227556E0
2.967399479E1,3.220789909E0,-1.268254280E0,4.570155740E-1,3.491535449E0
2.967902031E1,3.336120129E0,-1.228781700E0,5.337456465E-1,3.595064171E0
2.968404583E1,2.949184418E0,-1.255671501E0,1.007091522E0,3.359856096E0
2.968907135E1,1.102264881E0,-2.049263000E0,1.215451241E0,2.625221597E0
2.969409687E1,-2.808628082E-1,-2.401203156E0,1.574203730E0,2.884922511E0
2.969912239E1,-1.135505199E0,-2.868515015E0,1.953734875E0,3.651688706E0
2.970414791E1,-1.700351477E0,-3.298685074E0,2.329069614E0,4.381447664E0
2.970917344E1,-2.762060165E0,-3.788589478E0,2.342265606E0,5.241049013E0
2.971419896E1,-3.465190411E0,-3.411491394E0,2.217028141E0,5.344252229E0
2.971922448E1,-3.916465044E0,-3.145125389E0,2.146473885E0,5.462404442E0
2.972425000E1,-3.136023521E0,-2.171092987E0,1.781183958E0,4.209620479E0
2.972927552E1,-2.542903900E0,-1.804440498E0,1.700499892E0,3.551628590E0
2.973430104E1,-2.624446154E0,-1.269503593E0,1.612304926E0,3.331498786E0
2.973932656E1,-2.340487957E0,-4.567337036E-1,1.244155765E0,2.689686435E0
2.974435208E1,-2.270153999E0,-1.552667618E-1,8.555988073E-1,2.430999027E0
2.974937760E1,-1.777722359E0,5.207233429E-1,4.711324871E-1,1.911390961E0
2.975440312E1,-1.506285667E0,5.814752579E-1,1.242761016E-1,1.619399437E0
2.975942864E1,-7.319474220E-1,1.272210121E0,-3.040246367E-1,1.498898462E0
2.976445416E1,-4.416098595E-1,1.793762684E0,-5.646452904E-1,1.931690487E0
2.976947968E1,-1.804711819E-1,2.538485050E0,-9.161732197E-1,2.704782721E0
2.977450521E1,1.232156754E-1,3.176043510E0,-1.349600077E0,3.453093519E0
2.977953073E1,5.591536760E-1,3.673280239E0,-1.846415401E0,4.149083077E0
2.978455625E1,7.528390884E-1,3.829694271E0,-2.335752010E0,4.548523096E0
2.978958177E1,7.617918253E-1,3.731712818E0,-2.918765068E0,4.798457759E0
2.979460729E1,5.771948099E-1,3.475089550E0,-3.643552303E0,5.068024725E0
2.979963281E1,2.818336487E-1,3.088403702E0,-4.299430370E0,5.301204499E0
2.980465833E1,-1.461430788E-1,2.528398037E0,-4.618346691E0,5.267189060E0
2.980968385E1,-5.177795887E-1,1.785373211E0,-4.825592518E0,5.171266417E0
2.981470937E1,-3.163114786E-1,1.093933105E0,-4.787475586E0,4.921043088E0
2.981973489E1,3.787413239E-1,8.704843521E-1,-4.226548672E0,4.331847374E0
2.982476041E1,3.300765753E-1,4.118061066E-1,-4.061732292E0,4.095876466E0
2.982978594E1,4.027535319E-1,9.132766724E-2,-3.886061192E0,3.907943543E0
2.983481146E1,-2.948141098E-2,-1.773662567E-1,-3.513108730E0,3.517706766E0
2.983983698E1,-5.046030283E-1,-1.459922791E-1,-2.899910927E0,2.947103891E0
2.984486250E1,-1.435754657E0,-2.169198990E-1,-2.271780968E0,2.696188874E0
2.984988802E1,-1.800591111E0,-2.466945648E-1,-1.801347017E0,2.558874291E0
2.985491354E1,-2.095781803E0,-4.839706421E-1,-1.354866982E0,2.542084477E0
2.985993906E1,-2.335319996E0,-6.987609863E-1,-1.042509794E0,2.651190878E0
2.986496458E1,-2.661895275E0,-1.149143219E0,-3.770419359E-1,2.923760800E0
2.986999010E1,-2.667343616E0,-1.384877205E0,6.860998869E-1,3.082748757E0
2.987501562E1,-2.174891472E0,-8.701906204E-1,9.109674096E-1,2.513413267E0
2.988004114E1,-1.273457170E0,1.503124237E-1,8.350648284E-1,1.530235359E0
2.988506666E1,-3.215140998E-1,7.387256622E-1,4.942319393E-1,9.451730690E-1
2.989009218E1,1.767999083E-1,2.881164551E-1,5.531549454E-3,3.380826782E-1
2.989511771E1,6.721913815E-1,-5.309133530E-1,-3.850905895E-1,9.391512146E-1
2.990014323E1,1.624153018E0,-8.860158920E-1,-3.890672922E-1,1.890574131E0
2.990516875E1,2.451941252E0,-1.141317368E0,-1.538515091E-3,2.704556082E0
2.991019427E1,3.621782064E0,-1.282512665E0,4.463087916E-1,3.867988572E0
2.991521979E1,4.541794300E0,-1.400389671E0,8.379250765E-1,4.826085902E0
2.992024531E1,4.851753712E0,-1.470870018E0,1.042556524E0,5.175895748E0
2.992527083E1,5.035325050E0,-1.321666718E0,1.015782118E0,5.304065854E0
2.993029635E1,4.701430321E0,-1.373791695E0,8.763507605E-1,4.975815645E0
2.993532187E1,4.670475483E0,-1.215531349E0,7.045665979E-1,4.877219678E0
2.994034739E1,4.756602287E0,-9.139261246E-1,4.278787374E-1,4.862469177E0
2.994537291E1,4.916550159E0,-6.698598862E-1,1.557263136E-1,4.964416222E0
2.995039844E1,4.791398525E0,-5.022888184E-1,-1.314650774E-1,4.819447785E0
2.995542401E1,4.272278309E0,-4.875659943E-1,-6.728817225E-1,4.352338723E0
2.996044958E1,3.356959820E0,-6.637001038E-1,-1.243120909E0,3.640745343E0
2.996547515E1,1.771849513E0,-6.621294022E-1,-1.879575968E0,2.666584306E0
2.997050073E1,2.300378084E-1,-4.829187393E-1,-2.351462126E0,2.411535202E0
2.997552630E1,-2.709082365E-1,-1.225810051E0,-1.028480768E0,1.622890706E0
2.998055187E1,2.742158771E-1,-1.773769379E0,3.675427437E-1,1.832086195E0
2.998557744E1,-2.429558635E-1,-1.452860832E0,7.033717632E-1,1.632349223E0
2.999060302E1,-6.736528873E-1,-1.005555153E0,7.461087704E-1,1.421839539E0
2.999562859E1,-9.036381245E-1,-7.338790894E-1,4.125967026E-1,1.235061301E0
3.000065416E1,-8.334152102E-1,-5.809459686E-1,-1.140081882E-2,1.015976924E0
3.000567974E1,-9.094528556E-1,-3.944292068E-1,-5.173920393E-1,1.118200974E0
3.001070531E1,-1.132332325E0,-3.949661255E-1,-7.151871920E-1,1.396304929E0
3.001573088E1,-6.751807928E-1,3.404941559E-1,-3.270099163E-1,8.238573047E-1
3.002075646E1,-1.446944952E0,6.082344055E-2,-7.641041279E-2,1.450237131E0
3.002578203E1,-2.385854721E0,-2.042007446E-1,-1.830686331E-1,2.401565077E0
3.003080760E1,-3.159193516E0,-5.042076111E-3,-6.261278391E-1,3.220646700E0
3.003583318E1,-4.028983593E0,3.846817017E-1,-1.335181236E0,4.261853791E0
3.004085875E1,-3.768334389E0,4.671354294E-1,-7.267467976E-1,3.866098871E0
3.004588432E1,-2.696290016E0,-3.451957703E-1,8.148081899E-1,2.837790048E0
3.005090989E1,-2.663223505E0,-2.165500641E0,1.634378433E0,3.801755558E0
3.005593547E1,-3.121811152E0,-2.964526176E0,2.023635864E0,4.757018229E0
3.006096104E1,-3.605144262E0,-2.977865219E0,2.117940187E0,5.133265730E0
3.006598661E1,-3.627381563E0,-2.789911270E0,2.282122850E0,5.113666650E0
3.007101218E1,-2.987174511E0,-2.702084541E0,2.405863285E0,4.691764122E0
3.007603776E1,-2.035722733E0,-2.527726173E0,2.388000011E0,4.029405751E0
3.008106333E1,-1.053150773E0,-1.951343536E0,2.399842262E0,3.267431871E0
3.008608890E1,2.954196930E-2,-1.561730385E0,2.306266785E0,2.785451670E0
3.009111448E1,9.461677670E-1,-1.765417099E0,1.872717381E0,2.742079752E0
3.009614005E1,1.508255005E0,-2.184252739E0,1.315628290E0,2.962544681E0
3.010116562E1,1.662449121E0,-2.263608932E0,9.901528358E-1,2.977929670E0
3.010619120E1,7.460559011E-1,-3.051356316E0,4.471063614E-1,3.172897551E0
3.011121677E1,3.099805117E-2,-2.949275970E0,1.088266373E-1,2.951445894E0
3.011624234E1,-8.108501434E-1,-2.565726280E0,1.999061108E-1,2.698220108E0
3.012126791E1,-9.788178205E-1,-2.603867531E0,1.549812555E-1,2.786077823E0
3.012629349E1,-8.660450578E-1,-2.623107910E0,1.070145369E-1,2.764449540E0
3.013131906E1,1.319348812E-2,-2.131223679E0,-5.700327158E-1,2.206178989E0
3.013634458E1,-5.812324882E-1,-2.501820564E0,-1.242612958E0,2.853248027E0
3.014137010E1,-9.865149260E-1,-2.739171982E0,-2.181617260E0,3.638094105E0
3.014639562E1,-1.564146757E0,-2.699871063E0,-2.514745235E0,4.007468332E0
3.015142114E1,-2.015658855E0,-2.307471275E0,-2.438759089E0,3.915973723E0
3.015644666E1,-2.206937313E0,-2.107416153E0,-2.270619869E0,3.803615351E0
3.016147218E1,-2.602357864E0,-2.032389641E0,-2.193199873E0,3.963962637E0
3.016649771E1,-2.842308998E0,-1.852607727E0,-2.387389183E0,4.148554320E0
3.017152323E1,-3.207992554E0,-1.668430328E0,-2.087155342E0,4.175056096E0
3.017654875E1,-3.803066730E0,-1.532144547E0,-1.876669407E0,4.509176369E0
3.018157427E1,-4.109423637E0,-1.438560486E0,-1.703605175E0,4.675370520E0
3.018659979E1,-4.040822029E0,-1.282202721E0,-1.668692112E0,4.555965304E0
3.019162531E1,-3.756149292E0,-8.909883499E-1,-1.566509962E0,4.166109841E0
3.019665083E1,-3.328190327E0,-3.800821304E-1,-1.612281322E0,3.717628860E0
3.020167635E1,-2.733972788E0,3.502273560E-2,-1.896220326E0,3.327384156E0
3.020670187E1,-1.769115925E0,4.817295074E-2,-1.829117060E0,2.545144594E0
3.021172739E1,-3.028433323E-1,-2.002334595E-2,-6.253038645E-1,6.950682997E-1
3.021675291E1,7.096161842E-1,3.754901886E-1,9.415548444E-1,1.237365563E0
3.022177844E1,-1.539597511E-1,1.287183762E0,1.011962175E0,1.644570791E0
3.022680396E1,-2.521117926E-1,1.442676544E0,-3.067739010E-1,1.496324227E0
3.023182948E1,1.607015967E0,1.583370209E0,-1.237402856E-1,2.259396644E0
3.023685500E1,1.971729279E0,9.725561142E-1,1.022429466E0,2.424653327E0
3.024188052E1,2.709626198E0,1.935505390E0,1.205078959E0,3.541252680E0
3.024690604E1,3.496409893E0,1.950053692E0,1.272832513E0,4.200915870E0
3.025193156E1,4.014515400E0,1.351647377E0,1.430384517E0,4.470937753E0
3.025695708E1,5.354006767E0,2.522337914E0,2.100142479E0,6.279982121E0
3.026198260E1,4.870120049E0,1.208220482E0,1.946238518E0,5.381980155E0
3.026700812E1,6.558082581E0,2.065327644E0,1.764676094E0,7.098458081E0
3.027203364E1,7.635113716E0,3.100914001E0,1.088744164E0,8.312399952E0
3.027705916E1,9.075275421E0,3.199875832E0,2.663198113E-1,9.626565096E0
3.028208468E1,9.480003357E0,2.903375149E0,1.217875481E-1,9.915386181E0
3.028711021E1,8.496765137E0,2.446134567E0,-2.157226801E-1,8.844497068E0
3.029213573E1,6.646615982E0,1.484531403E0,5.748844147E-2,6.810627168E0
3.029716125E1,5.594088554E0,4.121007919E-1,1.366710663E-1,5.610911940E0
3.030218677E1,7.354321003E0,-4.117574692E-1,1.342130065E0,7.487115248E0
3.030721229E1,1.022450161E1,5.847187042E-1,2.428243876E0,1.052514596E1
3.031223781E1,8.940139771E0,2.169094086E-1,1.892405629E0,9.140806741E0
3.031726333E1,7.947558880E0,2.649879456E-2,1.066191077E0,8.018800269E0
3.032228885E1,5.183934689E0,-1.191226006E0,-5.353493690E-1,5.345914066E0
3.032731437E1,1.604295731E0,-2.749526024E0,-1.287206888E0,3.433738447E0
3.033233989E1,-6.424175501E-1,-1.690526009E0,-2.109496832E0,2.778588739E0
3.033736541E1,3.516247272E-1,8.904266357E-2,-3.029740810E0,3.051376398E0
3.034239094E1,3.316540718E-1,-6.987285614E-2,-2.907284737E0,2.926974749E0
3.034741646E1,-4.196227789E-1,2.853040695E-1,-3.941653013E0,3.974180439E0
3.035244198E1,1.694175005E0,7.837543488E-1,-5.230480194E0,5.553595492E0
3.035746750E1,3.552523375E0,-7.003498077E-2,-6.302833557E0,7.235401722E0
3.036249302E1,3.567810774E0,-2.766654968E0,-6.564053535E0,7.966834519E0
3.036751854E1,3.366835833E0,-4.370684624E0,-6.969023705E0,8.888518380E0
3.037254406E1,2.839277506E0,-5.226055145E0,-6.850242615E0,9.071878142E0
3.037756958E1,2.026688337E0,-4.795487404E0,-5.713156700E0,7.729445293E0
3.038259510E1,2.152921915E0,-4.060153008E0,-2.604384422E0,5.282303800E0
3.038762062E1,2.980906010E0,-3.508579254E0,-1.547165871E0,4.856917876E0
3.039264614E1,4.053041458E0,-2.997739792E0,-4.238007069E-1,5.058971828E0
3.039767166E1,5.188398361E0,-2.342124939E0,4.562435150E-1,5.710795473E0
3.040269718E1,6.353056908E0,-1.767848969E0,1.325076103E0,6.726250718E0
3.040772271E1,7.598448277E0,-1.261674881E0,1.927184105E0,7.939916768E0
3.041274823E1,8.870490074E0,-9.679431915E-1,2.309502125E0,9.217174634E0
3.041777375E1,9.700162888E0,-5.569114685E-1,2.729819775E0,1.009233503E1
3.042279927E1,9.390861511E0,-1.387548447E-1,3.077683926E0,9.883302645E0
3.042782479E1,8.744127274E0,2.485074997E-1,3.544406891E0,9.438449977E0
3.043285031E1,8.340127945E0,4.753975868E-1,4.171746731E0,9.337409051E0
3.043787583E1,7.981568336E0,6.988472939E-1,4.814673901E0,9.347454489E0
3.044290135E1,5.726994514E0,8.704109192E-1,5.237867355E0,7.809694986E0
3.044792687E1,2.695745468E0,8.857259750E-1,5.236289978E0,5.955693651E0
3.045295239E1,-8.194231987E-1,8.806438446E-1,5.141142845E0,5.279994102E0
3.045797791E1,-4.558410168E0,1.082411766E0,4.786142349E0,6.697602338E0
3.046300344E1,-7.268212795E0,1.531483173E0,4.053605080E0,8.461918937E0
3.046802896E1,-8.824302673E0,2.147894382E0,3.467010975E0,9.721210472E0
3.047305448E1,-9.192090988E0,2.855278969E0,2.912972450E0,1.005646873E1
3.047808000E1,-9.056433678E0,3.171025753E0,1.724737644E0,9.749313577E0
3.048310552E1,-5.702857018E0,3.579255104E0,7.532229424E-1,6.775026942E0
3.048813104E1,3.096837044E0,4.798155785E0,1.376376152E0,5.874275268E0
3.049315661E1,1.325766277E1,6.984351158E0,4.711209774E0,1.570803237E1
3.049818218E1,1.466642857E1,8.529216766E0,9.037587166E0,1.922315394E1
3.050320776E1,1.146179962E1,8.526956558E0,8.465440750E0,1.660558719E1
3.050823333E1,8.487701416E0,7.863977432E0,4.053651333E0,1.226031425E1
3.051325890E1,7.186165810E0,7.268310070E0,1.195363998E0,1.029068537E1
3.051828448E1,8.895093918E0,6.969516277E0,4.187302589E0,1.205115579E1
3.052331005E1,7.776459694E0,6.042425632E0,5.335767269E0,1.120065379E1
3.052833562E1,6.929872513E0,4.683289528E0,7.874667168E0,1.148767674E1
3.053336120E1,5.235932350E0,2.826858044E0,7.728765965E0,9.753970336E0
3.053838677E1,3.295695543E0,1.232610703E0,7.713113308E0,8.477797778E0
3.054341234E1,1.540399551E0,-5.452728271E-2,8.448146820E0,8.587606692E0
3.054843791E1,3.770565987E-2,-7.189693451E-1,8.593370438E0,8.623476916E0
3.055346349E1,-1.239547014E0,-1.332409859E0,8.446193695E0,8.640022035E0
3.055848906E1,-2.814561605E0,-2.229640484E0,8.027988434E0,8.794410271E0
3.056351463E1,-4.142887592E0,-3.002947807E0,7.599842548E0,9.161813134E0
3.056854021E1,-5.111044407E0,-3.627242565E0,6.958937645E0,9.365173608E0
3.057356578E1,-5.533729076E0,-4.110522747E0,6.199244022E0,9.270878124E0
3.057859135E1,-5.112277508E0,-4.332573891E0,5.490766048E0,8.663434055E0
3.058361692E1,-4.167468071E0,-4.346865654E0,4.979273796E0,7.813846599E0
3.058864250E1,-3.130347729E0,-4.246059895E0,4.642411232E0,7.027096383E0
3.059366807E1,-2.278272152E0,-4.185046673E0,4.266276360E0,6.395799686E0
3.059869364E1,-1.385024786E0,-4.346594810E0,3.732685566E0,5.894414444E0
3.060371922E1,-9.541900158E-1,-4.223952770E0,3.305457592E0,5.447779867E0
3.060874479E1,-8.793857098E-1,-3.845841885E0,2.563764572E0,4.704966292E0
3.061377036E1,-5.054395199E-1,-3.445673466E0,1.576054573E0,3.822575409E0
3.061879594E1,-4.307081699E-1,-3.624272823E0,6.354122162E-1,3.704674306E0
3.062382151E1,-5.496547222E-1,-3.766996861E0,-5.661869049E-2,3.807307623E0
3.062884708E1,-7.318696976E-1,-3.834796190E0,-5.627994537E-1,3.944367922E0
3.063387265E1,-8.410046101E-1,-4.004064560E0,-1.042077065E0,4.222054756E0
3.063889823E1,-6.399164200E-1,-4.135085106E0,-1.543272972E0,4.459833329E0
3.064392380E1,-5.349795818E-1,-4.475693703E0,-2.185969830E0,5.009640842E0
3.064894937E1,-5.309762955E-1,-4.742136002E0,-2.706715584E0,5.485991153E0
3.065397494E1,-5.700373650E-1,-4.784908295E0,-3.182222843E0,5.774671611E0
3.065900052E1,-6.087965965E-1,-4.703573227E0,-3.574437141E0,5.938925431E0
3.066402609E1,-6.900882721E-1,-4.540529728E0,-3.845469475E0,5.990013983E0
3.066905166E1,-8.416130543E-1,-4.410122871E0,-3.991271019E0,6.007307269E0
3.067407724E1,-1.038757801E0,-4.455432415E0,-4.136819363E0,6.167914576E0
3.067910276E1,-1.324245095E0,-4.589697361E0,-4.368522167E0,6.473247474E0
3.068412828E1,-1.612171292E0,-4.654129028E0,-4.681589603E0,6.795387737E0
3.068915380E1,-1.621066928E0,-4.537853718E0,-4.932465553E0,6.895592127E0
3.069417932E1,-1.284239292E0,-4.169030666E0,-4.920703888E0,6.575972476E0
3.069920484E1,-1.113125682E0,-4.040382862E0,-5.024922371E0,6.543209250E0
3.070423036E1,-1.008266091E0,-3.882647276E0,-5.235322952E0,6.595464866E0
3.070925588E1,-9.891977310E-1,-3.744711161E0,-5.475497723E0,6.706895641E0
3.071428140E1,-9.820660353E-1,-3.572746277E0,-5.601570606E0,6.716141966E0
3.071930692E1,-1.036074877E0,-3.276037216E0,-5.537263393E0,6.516682966E0
3.072433244E1,-1.136942625E0,-2.860300541E0,-5.388378143E0,6.205527917E0
3.072935797E1,-1.226937532E0,-2.446119547E0,-5.303628922E0,5.968027839E0
3.073438349E1,-1.258322239E0,-2.201325178E0,-5.488803387E0,6.046169863E0
3.073940901E1,-1.302450418E0,-3.178954601E0,-3.672158718E0,5.028606079E0
3.074443453E1,-2.679323196E0,-6.047750950E0,4.149990082E0,7.808743946E0
3.074946005E1,-1.614532232E0,-3.576339245E0,-3.855075359E0,5.500774741E0
3.075448557E1,-1.712875605E0,-2.701151371E0,-6.078704834E0,6.868829160E0
3.075951109E1,-2.934765577E0,-3.824025393E0,-3.246693611E0,5.811801666E0
3.076453661E1,-3.469465017E0,-4.406185150E0,-2.802300930E0,6.269333743E0
3.076956213E1,-2.610854149E0,-3.958020926E0,-4.326213837E0,6.418614741E0
3.077458765E1,-1.298295379E0,-2.586273193E0,-2.880589962E0,4.083157902E0
3.077961318E1,-6.102719307E-1,-2.591428041E0,-2.945254803E0,3.970196088E0
3.078463870E1,-7.649800777E-1,-3.042328119E0,-3.480654716E0,4.685713623E0
3.078966422E1,-1.422201872E0,-2.040372372E0,-2.473172188E0,3.507471775E0
3.079468974E1,-5.947400928E-1,-1.972875476E0,-1.077476501E0,2.325276120E0
3.079971526E1,8.972901702E-1,-2.259601593E0,2.326979637E0,3.365377132E0
3.080474078E1,1.152627945E0,-2.663119316E0,3.566993713E0,4.598282269E0
3.080976630E1,2.876271904E-1,-4.117641449E0,-2.819490433E-1,4.137293290E0
3.081479182E1,7.574980855E-1,-5.407348633E0,-3.036227226E0,6.247551389E0
3.081981734E1,-6.329027414E-1,-4.056165695E0,-2.128372192E0,4.624177139E0
3.082484286E1,-2.223772526E0,-2.858350754E0,-2.625469685E0,4.473077726E0
3.082986838E1,-2.853734016E0,-2.467652559E0,-2.995488167E0,4.817266481E0
3.083489390E1,-2.247237444E0,-2.441873789E0,-2.521467686E0,4.167807939E0
3.083991942E1,-4.813416600E-1,-2.637521982E0,-1.634549141E0,3.140057785E0
3.084494494E1,1.549275994E0,-2.917699337E0,-8.653249741E-1,3.414968937E0
3.084997047E1,2.952687979E0,-3.182476282E0,-6.485033035E-1,4.389427995E0
3.085499599E1,2.787504196E0,-4.276360512E0,-5.198650360E-1,5.131052380E0
3.086002151E1,2.860184908E0,-4.207422733E0,-5.398302078E-1,5.116100118E0
3.086504703E1,4.402161121E0,-3.002051830E0,-1.537685394E-1,5.330570560E0
3.087007255E1,4.904564857E0,-2.881069899E0,-1.283645630E-2,5.688188198E0
3.087509807E1,4.216176987E0,-1.635791183E0,4.081068039E-1,4.540761207E0
3.088012359E1,3.652629852E0,-3.533711433E-1,6.730318069E-1,3.730891022E0
3.088514911E1,3.878187418E0,-3.359916210E-1,-1.789007187E-1,3.896823512E0
3.089017463E1,3.799666166E0,-8.749504089E-1,-1.787304878E0,4.289226028E0
3.089520015E1,3.240732670E0,-1.538625002E0,-3.414810658E0,4.952842311E0
3.090022568E1,2.381372213E0,-2.058819294E0,-4.540254593E0,5.524815135E0
3.090525120E1,1.385290742E0,-2.426802635E0,-5.087713718E0,5.804587182E0
3.091027672E1,4.234299660E-1,-2.791995049E0,-5.191691875E0,5.910007937E0
3.091530224E1,-3.323929310E-1,-3.135924816E0,-5.053560734E0,5.956759656E0
3.092032776E1,-6.710866094E-1,-3.458844423E0,-4.745410919E0,5.910404959E0
3.092535328E1,-8.021563292E-1,-3.507449627E0,-4.253138065E0,5.570892304E0
3.093037880E1,-6.859009266E-1,-3.325644016E0,-3.720282555E0,5.036950515E0
3.093540432E1,-3.245898485E-1,-3.201546907E0,-2.993472576E0,4.395012996E0
3.094042984E1,6.639900804E-2,-2.959669113E0,-2.296952724E0,3.747004391E0
3.094545536E1,3.373001516E-1,-2.482119083E0,-1.763786316E0,3.063597347E0
3.095048088E1,4.424796402E-1,-2.000467300E0,-1.450245857E0,2.510153521E0
3.095550640E1,1.986923516E-1,-1.654214025E0,-1.656912804E0,2.349736736E0
3.096053192E1,-1.258007288E-1,-1.418593287E0,-2.206540585E0,2.626224303E0
3.096555744E1,-1.403242111E0,-1.349653482E0,-2.563932419E0,3.219379194E0
3.097058297E1,-4.852489948E0,-1.251914263E0,-1.792644501E0,5.322360597E0
3.097560849E1,-5.802066326E0,-1.132137060E0,-1.257444382E0,6.043746715E0
3.098063401E1,-3.571227551E0,-6.019461155E-1,-1.594333649E0,3.957007092E0
3.098565953E1,-1.005307198E0,-8.056879044E-2,-1.424928665E0,1.745724947E0
3.099068505E1,-4.015203118E-1,9.810709953E-2,-1.070294380E0,1.147333266E0
3.099571057E1,-1.366213799E0,-8.520126343E-2,-4.062433243E-1,1.427877109E0
3.100073609E1,-2.086982012E0,-5.852804184E-1,9.593305588E-1,2.370308462E0
3.100576161E1,-1.208259583E0,-1.396078348E0,1.926203728E0,2.668180424E0
3.101078713E1,-2.910050750E-1,-2.006484509E0,1.567524910E0,2.562771621E0
3.101581265E1,-2.008060217E-1,-2.020636082E0,-2.880058289E-1,2.050912136E0
3.102083818E1,-2.251352072E-1,-1.840499163E0,-1.291789055E0,2.259832293E0
3.102586370E1,-8.550688028E-1,-1.933349609E0,-8.952655792E-1,2.295753433E0
3.103088922E1,4.742457867E-1,-1.251804352E0,-3.763704300E-1,1.390531518E0
3.103591479E1,2.405493498E0,-5.247344971E-1,1.893005371E-1,2.469327834E0
3.104094036E1,2.461380482E0,-5.805187225E-1,8.979988098E-2,2.530505855E0
3.104596594E1,1.249854565E0,-8.295054436E-1,-6.024112701E-1,1.616513239E0
3.105099151E1,1.453811526E-1,-8.205578327E-1,-1.265494347E0,1.515231592E0
3.105601708E1,-4.143441916E-1,-6.779844761E-1,-1.402453423E0,1.611899396E0
3.106104265E1,3.120899200E-4,-5.227534771E-1,-9.612150192E-1,1.094168912E0
3.106606823E1,5.262433887E-1,-4.141006470E-1,-6.834936142E-1,9.568568182E-1
3.107109380E1,3.475835025E-1,-2.665688992E-1,-6.311922073E-1,7.682947819E-1
3.107611937E1,5.317628384E-3,-3.050975800E-1,-5.505380630E-1,6.294481467E-1
3.108114495E1,-1.566639543E-1,-5.207879543E-1,-2.260799408E-1,5.889616520E-1
3.108617052E1,-1.585974097E-1,-8.859949112E-1,8.879470825E-2,9.044471357E-1
3.109119609E1,-5.947113037E-3,-1.191458225E0,3.658399582E-1,1.246373518E0
3.109622166E1,2.680047750E-1,-1.333182454E0,5.098762512E-1,1.452300178E0
3.110124724E1,5.120098591E-1,-1.259609699E0,6.649742126E-1,1.513592215E0
3.110627281E1,8.664561510E-1,-9.247927666E-1,1.415259361E0,1.899722870E0
3.111129838E1,7.872428894E-1,-6.902308464E-1,1.866651535E0,2.140223806E0
3.111632396E1,1.392003894E0,-2.711133957E-1,2.508377075E0,2.881515724E0
3.112134953E1,1.967468262E0,1.250739098E-1,1.973117828E0,2.789223693E0
3.112637510E1,1.769179106E0,1.261346340E-1,4.628429413E-1,1.833065259E0
3.113140068E1,1.235356331E0,-6.420326233E-2,-4.869537354E-1,1.329417641E0
3.113642625E1,4.679384232E-1,-2.856788635E-1,-6.623172760E-1,8.597923907E-1
3.114145182E1,-1.224547029E-1,-5.882086754E-1,-7.295255661E-1,9.450884359E-1
3.114647739E1,-6.564923525E-1,-9.352746010E-1,-6.894264221E-1,1.334552202E0
3.115150297E1,-7.952322960E-1,-1.242670298E0,-9.329986572E-2,1.478285743E0
3.115652854E1,-4.612243176E-1,-1.303676128E0,9.718561172E-1,1.690208162E0
3.116155411E1,-3.712606430E-1,-9.980206490E-1,1.007933617E0,1.466222990E0
3.116657969E1,-9.908641577E-1,-7.315475941E-1,3.594846725E-1,1.283044384E0
3.117160526E1,-1.864254713E0,-6.988711357E-1,-6.538686752E-1,2.095569313E0
3.117663083E1,-2.319521427E0,-5.783898830E-1,-1.114952087E0,2.637770397E0
3.118165640E1,-2.073447466E0,-3.751189709E-1,-7.955503464E-1,2.252287502E0
3.118668198E1,-1.508333802E0,-3.576848507E-1,-3.707609177E-1,1.593886122E0
3.119170755E1,-1.491675854E0,-1.576805115E-1,-2.947568893E-1,1.528673157E0
3.119673312E1,-1.378633976E0,3.064374924E-1,-4.139518738E-1,1.471696888E0
3.120175870E1,-8.570708036E-1,5.950822830E-1,-6.517820358E-1,1.230249206E0
3.120678427E1,-4.909483194E-1,7.285146713E-1,-1.008428574E0,1.337419929E0
3.121180984E1,-2.882599831E-1,7.222371101E-1,-1.225757599E0,1.451620457E0
3.121683541E1,-8.018183708E-2,6.533489227E-1,-1.390029907E0,1.538010756E0
3.122186099E1,7.214844227E-2,5.892457962E-1,-1.563461781E0,1.672372191E0
3.122688651E1,2.571254969E-2,6.592221260E-1,-1.702928066E0,1.826252706E0
3.123191203E1,-8.937895298E-3,8.101520538E-1,-1.731655598E0,1.911820427E0
3.123693755E1,2.598339319E-2,9.600865841E-1,-1.678011417E0,1.933433139E0
3.124196307E1,-1.714861393E-2,1.065138102E0,-1.498421669E0,1.838499592E0
3.124698859E1,-9.452277422E-2,1.076439142E0,-1.278402328E0,1.673908090E0
3.125201411E1,-1.096531749E-1,1.045724392E0,-1.103433609E0,1.524181437E0
3.125703963E1,-7.632917166E-2,1.005392075E0,-9.249706268E-1,1.368287260E0
3.126206515E1,-1.043322086E-1,9.731914997E-1,-7.088432312E-1,1.208488987E0
3.126709068E1,-1.984365880E-1,9.428703785E-1,-3.253183365E-1,1.016962954E0
3.127211620E1,-2.343518436E-1,9.556386471E-1,8.266258240E-2,9.874204337E-1
3.127714172E1,-2.508980632E-1,9.332692623E-1,3.147935867E-1,1.016383961E0
3.128216724E1,-3.967610598E-1,9.127695560E-1,4.577894211E-1,1.095508446E0
3.128719276E1,-5.670325756E-1,9.314253330E-1,5.980958939E-1,1.243703257E0
3.129221828E1,-7.383082509E-1,9.405829906E-1,6.976242065E-1,1.384368076E0
3.129724380E1,-7.672966123E-1,9.302639961E-1,7.182121277E-1,1.403554008E0
3.130226932E1,-6.917580366E-1,8.957374096E-1,6.455230713E-1,1.302910098E0
3.130729484E1,-6.686971784E-1,8.851969242E-1,5.081729889E-1,1.220233296E0
3.131232036E1,-6.779255271E-1,8.943259716E-1,4.590349197E-1,1.212482998E0
3.131734588E1,-6.563900113E-1,9.185252190E-1,4.500169754E-1,1.215340159E0
3.132237140E1,-5.749121904E-1,8.910310268E-1,4.043931961E-1,1.134898310E0
3.132739693E1,-4.522664845E-1,8.552041054E-1,3.459501266E-1,1.027424219E0
3.133242245E1,-3.071637452E-1,8.209204674E-1,2.649583817E-1,9.156762114E-1
3.133744797E1,-1.678016782E-1,7.931044102E-1,1.708831787E-1,8.284763542E-1
3.134247349E1,-1.152327359E-1,8.004362583E-1,2.023572922E-1,8.336217732E-1
3.134749901E1,-4.854853451E-2,7.661960125E-1,2.252941132E-1,8.001066974E-1
3.135252453E1,9.425449371E-2,7.048182487E-1,1.248598099E-1,7.219713606E-1
3.135755005E1,4.011951387E-2,6.353571415E-1,8.771991730E-2,6.426375779E-1
3.136257557E1,-1.630619317E-1,5.766980648E-1,2.286186218E-1,6.414330252E-1
3.136760109E1,-2.617117763E-1,5.761544704E-1,3.561649323E-1,7.261545886E-1
3.137262661E1,-3.912068605E-1,5.089607239E-1,5.661487579E-1,8.559253719E-1
3.137765213E1,-1.296307564E0,4.787561893E-1,1.227311134E0,1.848218983E0
3.138267765E1,-1.797458410E0,6.612639427E-1,1.206105232E0,2.263363994E0
3.138770318E1,-8.745446205E-1,8.136200905E-1,6.033983231E-1,1.338243431E0
3.139272870E1,2.129612267E-1,6.609642506E-1,1.698856354E-1,7.149037374E-1
3.139775422E1,1.859435141E-1,2.431795597E-1,1.679325104E-1,3.491598728E-1
3.140277974E1,-9.946331978E-1,-3.365945816E-2,5.734090805E-1,1.148575697E0
3.140780526E1,-1.461210728E0,1.158432961E-1,6.307716370E-1,1.595753527E0
3.141283078E1,-8.998844624E-1,5.139212608E-1,3.549737930E-1,1.095405633E0
3.141785630E1,-1.945078373E-1,7.066006660E-1,2.435808182E-1,7.723013758E-1
3.142288182E1,-3.665357828E-2,5.845668316E-1,1.336441040E-1,6.007683513E-1
3.142790734E1,-1.724199057E-1,3.830564022E-1,-1.136302948E-1,4.351697083E-1
3.143293286E1,-7.627776265E-2,2.131166458E-1,-4.265766144E-1,4.829126316E-1
3.143795838E1,1.845346093E-1,1.567523479E-1,-5.183839798E-1,5.721418278E-1
3.144298390E1,3.714396954E-1,1.474561691E-1,-4.756050110E-1,6.212172692E-1
3.144800943E1,3.988627493E-1,1.423316002E-1,-4.610652924E-1,6.260439130E-1
3.145303495E1,4.200366735E-1,1.273372173E-1,-4.700279236E-1,6.430955007E-1
3.145806047E1,5.111445189E-1,9.322571754E-2,-5.503664017E-1,7.568770902E-1
3.146308599E1,5.761917233E-1,6.916260719E-2,-6.303977966E-1,8.568440642E-1
3.146811151E1,5.287050009E-1,8.422660828E-2,-6.193895340E-1,8.186980483E-1
3.147313703E1,4.444021583E-1,9.548091888E-2,-6.418418884E-1,7.864927806E-1
3.147816255E1,3.509351313E-1,1.321587563E-1,-7.027082443E-1,7.965050407E-1
3.148318807E1,3.719844222E-1,1.992955208E-1,-6.538228989E-1,7.781873155E-1
3.148821359E1,5.496151447E-1,3.779034615E-1,-3.996067047E-1,7.775431512E-1
3.149323911E1,-1.642014384E-1,2.421016693E-1,-6.241970062E-1,6.893455108E-1
3.149826463E1,-3.961984813E-1,2.470264435E-1,-7.581033707E-1,8.903460120E-1
3.150329015E1,-3.966412544E-1,3.974051476E-1,-6.915540695E-1,8.907873860E-1
3.150831568E1,-5.820912123E-1,5.162694454E-1,-6.975278854E-1,1.044944721E0
3.151334120E1,-7.942114472E-1,5.514028072E-1,-6.948356628E-1,1.190635745E0
3.151836672E1,-7.842406034E-1,6.558260918E-1,-5.400161743E-1,1.156182795E0
3.152339224E1,-8.306343555E-1,8.290557861E-1,-4.626941681E-1,1.261496263E0
3.152841776E1,-1.044277787E0,9.464159012E-1,-4.770612717E-1,1.487886626E0
3.153344328E1,-1.023633718E0,9.985995293E-1,-5.257396698E-1,1.523623710E0
3.153846880E1,-7.543777227E-1,1.005118847E0,-4.797201157E-1,1.345169519E0
3.154349432E1,-5.704463124E-1,9.664750099E-1,-3.967199326E-1,1.190323336E0
3.154851984E1,-4.078955948E-1,8.639893532E-1,-3.821754456E-1,1.029035709E0
3.155354536E1,-2.174379677E-1,7.506413460E-1,-4.122295380E-1,8.835580864E-1
3.155857088E1,-7.481221855E-2,6.599206924E-1,-4.533576965E-1,8.041302067E-1
3.156359646E1,3.019290417E-2,6.012639999E-1,-4.863824844E-1,7.739495657E-1
3.156862203E1,9.789596498E-2,5.647244453E-1,-4.729051590E-1,7.430589536E-1
3.157364760E1,1.620455682E-1,5.165004730E-1,-4.750223160E-1,7.201928252E-1
3.157867318E1,1.892113090E-1,4.608578682E-1,-4.876842499E-1,6.971562391E-1
3.158369875E1,2.320138514E-1,3.879508972E-1,-5.011787415E-1,6.749195928E-1
3.158872432E1,2.665378749E-1,3.118553162E-1,-5.440607071E-1,6.813943278E-1
3.159374989E1,3.118841648E-1,2.418560982E-1,-5.683355331E-1,6.919330768E-1
3.159877547E1,3.534190357E-1,1.728792191E-1,-5.738906860E-1,6.958036783E-1
3.160380104E1,3.862538338E-1,9.029340744E-2,-5.845270157E-1,7.064111803E-1
3.160882661E1,4.148806334E-1,3.539562225E-3,-5.571298599E-1,6.946453406E-1
3.161385219E1,4.105171561E-1,-4.935073853E-2,-4.772872925E-1,6.314768329E-1
3.161887776E1,3.781504929E-1,-7.831144333E-2,-3.449058533E-1,5.177745890E-1
3.162390333E1,3.464885950E-1,-1.123495102E-1,-1.981763840E-1,4.146693117E-1
3.162892890E1,3.246952295E-1,-1.470489502E-1,-1.421537399E-1,3.837421942E-1
3.163395448E1,2.930670083E-1,-1.777205467E-1,-1.384267807E-1,3.696414988E-1
3.163898005E1,2.416056544E-1,-1.805510521E-1,-1.390666962E-1,3.321317820E-1
3.164400562E1,1.414541602E-1,-1.652808189E-1,-1.009616852E-1,2.398338809E-1
3.164903120E1,8.358623087E-2,-1.128501892E-1,-9.109020233E-2,1.673895103E-1
3.165405677E1,4.403699934E-2,-6.156396866E-2,-1.381130219E-1,1.574947185E-1
3.165908234E1,3.726926818E-2,-3.509807587E-2,-1.703310013E-1,1.778581549E-1
3.166410791E1,-3.475539386E-3,-2.357625961E-2,-1.878957748E-1,1.894010074E-1
3.166913349E1,-5.391527712E-2,-2.205610275E-2,-1.621942520E-1,1.723377619E-1
3.167415906E1,-4.206582904E-2,7.826805115E-3,-1.554937363E-1,1.612733545E-1
3.167918463E1,-2.534770221E-2,5.192518234E-2,-1.439704895E-1,1.551329508E-1
3.168421021E1,-1.321811974E-2,9.606075287E-2,-9.902477264E-2,1.385939845E-1
3.168923578E1,1.362073421E-2,1.068043709E-1,-7.810974121E-2,1.330181556E-1
3.169426135E1,8.890585601E-2,8.916807175E-2,-9.084892273E-2,1.552698394E-1
3.169928693E1,1.506820470E-1,9.588766098E-2,-1.324615479E-1,2.223636312E-1
3.170431250E1,1.223781556E-1,1.271195412E-1,-1.503973007E-1,2.318515447E-1
3.170933807E1,9.032879770E-2,1.636567116E-1,-6.814384460E-2,1.989632994E-1
3.171436364E1,1.074273288E-1,1.574807167E-1,2.818393707E-2,1.927048038E-1
3.171938922E1,1.259041280E-1,1.324620247E-1,8.122539520E-2,1.999890053E-1
3.172441479E1,1.121178716E-1,9.795618057E-2,7.680225372E-2,1.675243762E-1
3.172944036E1,1.377515793E-1,8.726453781E-2,1.155071259E-1,1.998311619E-1
3.173446594E1,1.928848624E-1,1.144723892E-1,1.208801270E-1,2.547950218E-1
3.173949151E1,2.101529837E-1,1.508855820E-1,5.467987061E-2,2.644250813E-1
3.174451708E1,1.940825582E-1,1.581854820E-1,3.179454803E-2,2.523917181E-1
3.174954265E1,1.637060493E-1,1.650085449E-1,5.699634552E-2,2.393242025E-1
3.175456818E1,1.617588401E-1,1.570067406E-1,2.022647858E-2,2.263319451E-1
3.175959370E1,2.023911178E-1,1.581549644E-1,-5.933094025E-2,2.636196461E-1
3.176461922E1,1.992789954E-1,1.208043098E-1,-1.386756897E-1,2.711765960E-1
3.176964474E1,1.526169926E-1,9.770298004E-2,-1.461153030E-1,2.327820881E-1
3.177467026E1,1.391873658E-1,1.032276154E-1,-1.774091721E-1,2.479981405E-1
3.177969578E1,1.398629546E-1,1.184020042E-1,-1.656656265E-1,2.470339663E-1
3.178472130E1,1.452229619E-1,1.001749039E-1,-1.013717651E-1,2.034722458E-1
3.178974682E1,1.603477895E-1,7.732820511E-2,-3.740310669E-3,1.780591330E-1
3.179477234E1,1.470799744E-1,4.508972168E-2,6.501579285E-2,1.670109433E-1
3.179979786E1,1.052469984E-1,-1.546859741E-3,1.480865479E-1,1.816836512E-1
3.180482338E1,1.157892942E-1,-3.888368607E-2,2.312116623E-1,2.614917484E-1
3.180984890E1,1.543550044E-1,-3.354358673E-2,2.235612869E-1,2.737339742E-1
3.181487443E1,1.537931859E-1,-4.803180695E-3,2.161560059E-1,2.653277849E-1
3.181989995E1,1.383677125E-1,1.861572266E-2,2.281322479E-1,2.674630657E-1
3.182492547E1,1.228646934E-1,2.237033844E-2,2.355623245E-1,2.666191547E-1
3.182995099E1,8.393092453E-2,2.074193954E-2,2.241659164E-1,2.402602469E-1
3.183497651E1,9.386770427E-2,1.874876022E-2,1.603889465E-1,1.867813590E-1
3.184000203E1,1.198103428E-1,2.605104446E-2,4.905223846E-2,1.320579314E-1
3.184502755E1,1.284466833E-1,5.726385117E-2,-9.483337402E-3,1.409525906E-1
3.185005307E1,1.197277755E-1,5.993366241E-2,-1.110200882E-1,1.739317225E-1
3.185507859E1,3.658686578E-2,2.541208267E-2,-9.685096741E-1,9.695335793E-1
3.186010411E1,1.378301680E-1,2.909173965E-1,-1.400926590E0,1.437437093E0
3.186512963E1,1.916057467E-1,2.719678879E-1,-3.372726440E-1,4.737426840E-1
3.187015515E1,-1.819914281E-1,3.944253922E-2,-2.944355011E-1,3.483803354E-1
3.187518068E1,-2.131383121E-1,-2.339649200E-2,-3.743476868E-1,4.314064516E-1
3.188020620E1,-5.452126265E-2,2.539587021E-2,-1.033143997E-1,1.195465746E-1
3.188523172E1,-6.116747856E-3,3.742742538E-2,2.072362900E-1,2.106777318E-1
3.189025724E1,1.521167159E-2,-1.603126526E-3,3.150405884E-1,3.154116949E-1
3.189528276E1,7.203589380E-2,-1.561021805E-2,2.267189026E-1,2.383994750E-1
3.190030828E1,1.643077135E-1,-5.031108856E-3,1.149826050E-1,2.006074182E-1
3.190533380E1,3.592435122E-1,-9.366607666E-2,8.934974670E-2,3.818541766E-1
3.191035932E1,3.105230927E-1,-1.051836014E-1,5.427074432E-2,3.323153545E-1
3.191538484E1,2.678164840E-1,-4.028224945E-2,8.584880829E-2,2.841097439E-1
3.192041036E1,2.360338569E-1,5.747222900E-2,3.642368317E-2,2.456455239E-1
3.192543588E1,1.623012722E-1,1.356520653E-1,-2.215957642E-2,2.126834093E-1
3.193046140E1,5.114236474E-2,1.612224579E-1,-1.388645172E-2,1.697087385E-1
3.193548693E1,-7.440194488E-3,1.772165298E-1,4.649448395E-2,1.833651875E-1
3.194051245E1,-3.297135234E-2,1.837153435E-1,9.681892395E-2,2.102673097E-1
